t_ms,M1_speed_ref,M1_speed_fb,M1_iq_ref,M1_iq,M1_mech_angle,M2_speed_ref,M2_speed_fb,M2_iq_ref,M2_iq,M2_mech_angle
0.0,0.000000,0.000000,0.000000,0.001223,3.742530,0.000000,0.000000,0.000000,-0.001616,2.171733
10.0,0.000000,0.000000,0.000000,0.000000,3.742530,0.000000,0.000000,0.000000,0.000808,2.171733
20.0,0.000000,0.000000,0.000000,0.000612,3.742530,0.000000,0.000000,0.000000,-0.001607,2.171733
30.0,0.000000,0.000000,0.000000,0.000000,3.742530,0.000000,0.000000,0.000000,0.000808,2.171733
40.0,0.000000,0.000000,0.000000,0.000000,3.742530,0.000000,0.000000,0.000000,0.000000,2.171733
50.0,0.000000,0.000000,0.000000,-0.000301,3.742530,0.000000,0.000000,0.000000,0.000808,2.171733
60.0,0.000000,0.000000,0.000000,0.000612,3.742530,0.000000,0.000000,0.000000,0.000000,2.171733
70.0,0.000000,0.000000,0.000000,0.000612,3.742530,0.000000,0.000000,0.000000,0.000004,2.171733
80.0,0.000000,0.000000,0.000000,0.000000,3.742530,0.000000,0.000000,0.000000,0.000000,2.171733
90.0,0.000000,0.000000,0.000000,0.000000,3.742530,0.000000,0.000000,0.000000,0.000808,2.171733
100.0,0.000000,0.000000,0.000000,0.000301,3.742530,0.000000,0.000000,0.000000,0.000000,2.171733
110.0,0.000000,0.000000,0.000000,-0.000612,3.742530,0.000000,0.000000,0.000000,0.000000,2.171733
120.0,0.000000,0.000000,0.000000,0.000612,3.742530,0.000000,0.000000,0.000000,0.000000,2.171733
130.0,0.000000,0.000000,0.000000,0.000301,3.742530,0.000000,0.000000,0.000000,0.001612,2.171733
140.0,0.000000,0.000000,0.000000,0.000000,3.742530,0.000000,0.000000,0.000000,0.000808,2.171733
150.0,0.000000,0.000000,0.000000,0.000000,3.742530,0.000000,0.000000,0.000000,0.000004,2.171733
160.0,0.000000,0.000000,0.000000,0.000000,3.742530,0.000000,0.000000,0.000000,-0.000004,2.171733
170.0,0.000000,0.000000,0.000000,0.000310,3.742530,0.000000,0.000000,0.000000,0.000004,2.171733
180.0,0.000000,0.000000,0.000000,-0.000612,3.742530,0.000000,0.000000,0.000000,-0.000804,2.171733
190.0,0.000000,0.000000,0.000000,-0.000301,3.742530,0.000000,0.000000,0.000000,-0.000804,2.171733
200.0,0.000000,0.000000,0.000000,-0.000612,3.742530,0.000000,0.000000,0.000000,0.000000,2.171733
210.0,0.000000,0.000000,0.000000,0.000000,3.742530,0.000000,0.000000,0.000000,-0.001607,2.171733
220.0,0.000000,0.000000,0.000000,-0.000301,3.742530,0.000000,0.000000,0.000000,0.000000,2.171733
230.0,0.000000,0.000000,0.000000,0.000000,3.742530,0.000000,0.000000,0.000000,0.000000,2.171733
240.0,0.000000,0.000000,0.000000,0.000612,3.742530,0.000000,0.000000,0.000000,0.000000,2.171733
250.0,0.000000,0.000000,0.000000,0.000301,3.742530,0.000000,0.000000,0.000000,0.000004,2.171733
260.0,0.000000,0.000000,0.000000,-0.001835,3.742530,0.000000,0.000000,0.000000,0.000000,2.171733
270.0,0.000000,0.000000,0.000000,0.000000,3.742530,0.000000,0.000000,0.000000,-0.000804,2.171733
280.0,0.000000,0.000000,0.000000,0.000000,3.742530,0.000000,0.000000,0.000000,0.000000,2.171733
290.0,0.000000,0.000000,0.000000,0.000612,3.742530,0.000000,0.000000,0.000000,0.000808,2.171733
300.0,0.000000,0.000000,0.000000,0.000000,3.742530,0.000000,0.000000,0.000000,0.000000,2.171733
310.0,0.000000,0.000000,0.000000,-0.000301,3.742530,0.000000,0.000000,0.000000,-0.000799,2.171733
320.0,0.000000,0.000000,0.000000,0.000000,3.742530,0.000000,0.000000,0.000000,-0.000004,2.171733
330.0,0.000000,0.000000,0.000000,-0.000603,3.742530,0.000000,0.000000,0.000000,0.000000,2.171733
340.0,0.000000,0.000000,0.000000,0.000612,3.742530,0.000000,0.000000,0.000000,0.000804,2.171733
350.0,0.000000,0.000000,0.000000,0.000612,3.742530,0.000000,0.000000,0.000000,-0.001607,2.171733
360.0,0.000000,0.000000,0.000000,0.000612,3.742530,0.000000,0.000000,0.000000,0.000000,2.171733
370.0,0.000000,0.000000,0.000000,0.000301,3.742530,0.000000,0.000000,0.000000,-0.002411,2.171733
380.0,0.000000,0.000000,0.000000,-0.000301,3.742530,0.000000,0.000000,0.000000,0.000000,2.171733
390.0,0.000000,0.000000,0.000000,-0.000301,3.742530,0.000000,0.000000,0.000000,0.000808,2.171733
400.0,0.000000,0.000000,0.000000,0.000000,3.742530,0.000000,0.000000,0.000000,0.000804,2.171733
410.0,0.000000,0.000000,0.000000,-0.000301,3.742530,0.000000,0.000000,0.000000,0.000000,2.171733
420.0,0.000000,0.000000,0.000000,-0.000913,3.742530,0.000000,0.000000,0.000000,0.000804,2.171733
430.0,0.000000,0.000000,0.000000,-0.000612,3.742530,0.000000,0.000000,0.000000,0.000808,2.171733
440.0,0.000000,0.000000,0.000000,0.000000,3.742530,0.000000,0.000000,0.000000,0.000000,2.171733
450.0,0.000000,0.000000,0.000000,0.001223,3.742530,0.000000,0.000000,0.000000,0.000812,2.171733
460.0,0.000000,0.000000,0.000000,0.000000,3.742530,0.000000,0.000000,0.000000,-0.001612,2.171733
470.0,0.000000,0.000000,0.000000,0.000000,3.742530,0.000000,0.000000,0.000000,0.000808,2.171733
480.0,0.000000,0.000000,0.000000,0.000000,3.742530,0.000000,0.000000,0.000000,-0.000808,2.171733
490.0,0.000000,0.000000,0.000000,-0.000301,3.742530,0.000000,0.000000,0.000000,0.000008,2.171733
500.0,0.000000,0.000000,0.000000,-0.000301,3.742530,0.000000,0.000000,0.000000,-0.000808,2.171733
510.0,0.000000,0.000000,0.000000,0.000000,3.742530,0.000000,0.000000,0.000000,-0.000804,2.171733
520.0,0.000000,0.000000,0.000000,0.000310,3.742530,0.000000,0.000000,0.000000,-0.002415,2.171733
530.0,0.000000,0.000000,0.000000,0.000612,3.742530,0.000000,0.000000,0.000000,0.000004,2.171733
540.0,0.000000,0.000000,0.000000,-0.000612,3.742530,0.000000,0.000000,0.000000,0.000804,2.171733
550.0,0.000000,0.000000,0.000000,0.000301,3.742530,0.000000,0.000000,0.000000,-0.000804,2.171733
560.0,0.000000,0.000000,0.000000,0.000000,3.742530,0.000000,0.000000,0.000000,-0.001607,2.171733
570.0,0.000000,0.000000,0.000000,0.000000,3.742530,0.000000,0.000000,0.000000,0.000000,2.171733
580.0,0.000000,0.000000,0.000000,0.000913,3.742530,0.000000,0.000000,0.000000,0.000000,2.171733
590.0,0.000000,0.000000,0.000000,-0.000310,3.742530,0.000000,0.000000,0.000000,0.000808,2.171733
600.0,0.000000,0.000000,0.000000,-0.000612,3.742530,0.000000,0.000000,0.000000,0.000000,2.171733
610.0,0.000000,0.000000,0.000000,-0.000301,3.742530,0.000000,0.000000,0.000000,0.000004,2.171733
620.0,0.000000,0.000000,0.000000,-0.000612,3.742530,0.000000,0.000000,0.000000,0.000000,2.171733
630.0,0.000000,0.000000,0.000000,0.000000,3.742530,0.000000,0.000000,0.000000,0.000808,2.171733
640.0,0.000000,0.000000,0.000000,0.001214,3.742530,0.000000,0.000000,0.000000,0.000000,2.171733
650.0,0.000000,0.000000,0.000000,0.000612,3.742530,0.000000,0.000000,0.000000,0.000000,2.171733
660.0,0.000000,0.000000,0.000000,0.000913,3.742530,0.000000,0.000000,0.000000,-0.000804,2.171733
670.0,0.000000,0.000000,0.000000,0.000603,3.742530,0.000000,0.000000,0.000000,0.000000,2.171733
680.0,0.000000,0.000000,0.000000,0.000301,3.742530,0.000000,0.000000,0.000000,0.000804,2.171733
690.0,0.000000,0.000000,0.000000,-0.000612,3.742530,0.000000,0.000000,0.000000,0.000804,2.171733
700.0,0.000000,0.000000,0.000000,0.000612,3.742530,0.000000,0.000000,0.000000,0.000004,2.171733
710.0,0.000000,0.000000,0.000000,0.000000,3.742530,0.000000,0.000000,0.000000,0.000804,2.171733
720.0,0.000000,0.000000,0.000000,0.000913,3.742530,0.000000,0.000000,0.000000,-0.000799,2.171733
730.0,0.000000,0.000000,0.000000,-0.000612,3.742530,0.000000,0.000000,0.000000,0.000000,2.171733
740.0,0.000000,0.000000,0.000000,0.000612,3.742530,0.000000,0.000000,0.000000,-0.001603,2.171733
750.0,0.000000,0.000000,0.000000,0.000000,3.742530,0.000000,0.000000,0.000000,0.000000,2.171733
760.0,0.000000,0.000000,0.000000,-0.000612,3.742530,0.000000,0.000000,0.000000,0.000004,2.171733
770.0,0.000000,0.000000,0.000000,-0.000913,3.742530,0.000000,0.000000,0.000000,-0.000808,2.171733
780.0,0.000000,0.000000,0.000000,0.000612,3.742530,0.000000,0.000000,0.000000,0.001612,2.171733
790.0,0.000000,0.000000,0.000000,-0.000301,3.742530,0.000000,0.000000,0.000000,-0.000808,2.171733
800.0,0.000000,0.000000,0.000000,0.000000,3.742530,0.000000,0.000000,0.000000,-0.000804,2.171733
810.0,0.000000,0.000000,0.000000,0.000612,3.742530,0.000000,0.000000,0.000000,0.001612,2.171733
820.0,0.000000,0.000000,0.000000,0.000612,3.742530,0.000000,0.000000,0.000000,0.000004,2.171733
830.0,0.000000,0.000000,0.000000,-0.000612,3.742530,0.000000,0.000000,0.000000,0.000000,2.171733
840.0,0.000000,0.000000,0.000000,0.000000,3.742530,0.000000,0.000000,0.000000,0.000804,2.171733
850.0,0.000000,0.000000,0.000000,0.000000,3.742530,0.000000,0.000000,0.000000,0.000808,2.171733
860.0,0.000000,0.000000,0.000000,0.000000,3.742530,0.000000,0.000000,0.000000,0.000004,2.171733
870.0,0.000000,0.000000,0.000000,0.000000,3.742530,0.000000,0.000000,0.000000,0.000000,2.171733
880.0,0.000000,0.000000,0.000000,0.000000,3.742530,0.000000,0.000000,0.000000,0.000004,2.171733
890.0,0.000000,0.000000,0.000000,0.000301,3.742530,0.000000,0.000000,0.000000,-0.001612,2.171733
900.0,0.000000,0.000000,0.000000,0.000301,3.742530,0.000000,0.000000,0.000000,0.000000,2.171733
910.0,0.000000,0.000000,0.000000,-0.000301,3.742530,0.000000,0.000000,0.000000,0.000000,2.171733
920.0,0.000000,0.000000,0.000000,0.000310,3.742530,0.000000,0.000000,0.000000,0.000000,2.171733
930.0,0.000000,0.000000,0.000000,0.000000,3.742530,0.000000,0.000000,0.000000,0.000808,2.171733
940.0,0.000000,0.000000,0.000000,0.000310,3.742530,0.000000,0.000000,0.000000,0.000004,2.171733
950.0,0.000000,0.000000,0.000000,0.000000,3.742530,0.000000,0.000000,0.000000,0.000000,2.171733
960.0,0.000000,0.000000,0.000000,0.000000,3.742530,0.000000,0.000000,0.000000,0.000000,2.171733
970.0,0.000000,0.000000,0.000000,0.000000,3.742530,0.000000,0.000000,0.000000,0.001607,2.171733
980.0,0.000000,0.000000,0.000000,-0.000612,3.742530,0.000000,0.000000,0.000000,0.000812,2.171733
990.0,0.000000,0.000000,0.000000,0.000913,3.742530,0.000000,0.000000,0.000000,0.000000,2.171733
1000.0,0.000000,0.000000,0.000000,0.000000,3.742530,0.000000,0.000000,0.000000,0.000808,2.171733
1010.0,0.000000,0.000000,0.000000,-0.000612,3.742530,0.000000,0.000000,0.000000,0.001616,2.171733
1020.0,0.000000,0.000000,0.000000,0.001214,3.742530,0.000000,0.000000,0.000000,0.000000,2.171733
1030.0,0.000000,0.000000,0.000000,-0.001534,3.742530,0.000000,0.000000,0.000000,0.000804,2.171733
1040.0,0.000000,0.000000,0.000000,-0.000301,3.742530,0.000000,0.000000,0.000000,-0.000804,2.171733
1050.0,0.000000,0.000000,0.000000,-0.000612,3.742530,0.000000,0.000000,0.000000,-0.000808,2.171733
1060.0,0.000000,0.000000,0.000000,0.000310,3.742530,0.000000,0.000000,0.000000,0.000808,2.171733
1070.0,0.000000,0.000000,0.000000,-0.000612,3.742530,0.000000,0.000000,0.000000,0.000804,2.171733
1080.0,0.000000,0.000000,0.000000,0.000000,3.742530,0.000000,0.000000,0.000000,0.000808,2.171733
1090.0,0.000000,0.000000,0.000000,-0.000301,3.742530,0.000000,0.000000,0.000000,-0.000804,2.171733
1100.0,0.000000,0.000000,0.000000,0.000612,3.742530,0.000000,0.000000,0.000000,0.001620,2.171733
1110.0,0.000000,0.000000,0.000000,0.000301,3.742530,0.000000,0.000000,0.000000,-0.000804,2.171733
1120.0,0.000000,0.000000,0.000000,0.000310,3.742530,0.000000,0.000000,0.000000,0.001616,2.171733
1130.0,0.000000,0.000000,0.000000,0.000000,3.742530,0.000000,0.000000,0.000000,0.000804,2.171733
1140.0,0.000000,0.000000,0.000000,-0.000612,3.742530,0.000000,0.000000,0.000000,-0.000804,2.171733
1150.0,0.000000,0.000000,0.000000,0.000000,3.742530,0.000000,0.000000,0.000000,-0.000804,2.171733
1160.0,0.000000,0.000000,0.000000,0.000612,3.742530,0.000000,0.000000,0.000000,0.000004,2.171733
1170.0,0.000000,0.000000,0.000000,0.000000,3.742530,0.000000,0.000000,0.000000,-0.000808,2.171733
1180.0,0.000000,0.000000,0.000000,0.000310,3.742530,0.000000,0.000000,0.000000,0.000808,2.171733
1190.0,0.000000,0.000000,0.000000,-0.000301,3.742530,0.000000,0.000000,0.000000,0.000804,2.171733
1200.0,0.000000,0.000000,0.000000,0.000000,3.742530,0.000000,0.000000,0.000000,-0.000804,2.171733
1210.0,0.000000,0.000000,0.000000,-0.000301,3.742530,0.000000,0.000000,0.000000,0.000000,2.171733
1220.0,0.000000,0.000000,0.000000,0.000913,3.742530,0.000000,0.000000,0.000000,0.000004,2.171733
1230.0,0.000000,0.000000,0.000000,-0.000612,3.742530,0.000000,0.000000,0.000000,0.000804,2.171733
1240.0,0.000000,0.000000,0.000000,0.000301,3.742530,0.000000,0.000000,0.000000,-0.000804,2.171733
1250.0,0.000000,0.000000,0.000000,0.000000,3.742530,0.000000,0.000000,0.000000,-0.000804,2.171733
1260.0,0.000000,0.000000,0.000000,-0.000301,3.742530,0.000000,0.000000,0.000000,0.000004,2.171733
1270.0,0.000000,0.000000,0.000000,0.000301,3.742530,0.000000,0.000000,0.000000,0.000804,2.171733
1280.0,0.000000,0.000000,0.000000,-0.000301,3.742530,0.000000,0.000000,0.000000,-0.000804,2.171733
1290.0,0.000000,0.000000,0.000000,0.000000,3.742530,0.000000,0.000000,0.000000,0.000000,2.171733
1300.0,0.000000,0.000000,0.000000,0.000000,3.742530,0.000000,0.000000,0.000000,0.000004,2.171733
1310.0,0.000000,0.000000,0.000000,-0.001223,3.742530,0.000000,0.000000,0.000000,0.000000,2.171733
1320.0,0.000000,0.000000,0.000000,0.000310,3.742530,0.000000,0.000000,0.000000,-0.000804,2.171733
1330.0,0.000000,0.000000,0.000000,-0.000612,3.742530,0.000000,0.000000,0.000000,0.000804,2.171733
1340.0,0.000000,0.000000,0.000000,0.000301,3.742530,0.000000,0.000000,0.000000,-0.000804,2.171733
1350.0,0.000000,0.000000,0.000000,0.000000,3.742530,0.000000,0.000000,0.000000,0.000808,2.171733
1360.0,0.000000,0.000000,0.000000,0.000000,3.742530,0.000000,0.000000,0.000000,0.000000,2.171733
1370.0,0.000000,0.000000,0.000000,0.000301,3.742530,0.000000,0.000000,0.000000,0.000804,2.171733
1380.0,0.000000,0.000000,0.000000,0.000000,3.742530,0.000000,0.000000,0.000000,0.000000,2.171733
1390.0,0.000000,0.000000,0.000000,-0.000301,3.742530,0.000000,0.000000,0.000000,-0.000808,2.171733
1400.0,0.000000,0.000000,0.000000,0.000603,3.742530,0.000000,0.000000,0.000000,-0.000808,2.171733
1410.0,0.000000,0.000000,0.000000,0.000000,3.742530,0.000000,0.000000,0.000000,-0.001612,2.171733
1420.0,0.000000,0.000000,0.000000,0.000612,3.742530,0.000000,0.000000,0.000000,0.000000,2.171733
1430.0,0.000000,0.000000,0.000000,0.000000,3.742530,0.000000,0.000000,0.000000,0.000000,2.171733
1440.0,0.000000,0.000000,0.000000,-0.000612,3.742530,0.000000,0.000000,0.000000,0.000004,2.171733
1450.0,0.000000,0.000000,0.000000,0.000612,3.742530,0.000000,0.000000,0.000000,0.000000,2.171733
1460.0,0.000000,0.000000,0.000000,-0.000913,3.742530,0.000000,0.000000,0.000000,0.001612,2.171733
1470.0,0.000000,0.000000,0.000000,0.000000,3.742530,0.000000,0.000000,0.000000,-0.000004,2.171733
1480.0,0.000000,0.000000,0.000000,-0.000612,3.742530,0.000000,0.000000,0.000000,0.000000,2.171733
1490.0,0.000000,0.000000,0.000000,-0.000612,3.742530,0.000000,0.000000,0.000000,-0.000808,2.171733
1500.0,0.000000,0.000000,0.000000,0.000000,3.742530,0.000000,0.000000,0.000000,0.000000,2.171733
1510.0,0.000000,0.000000,0.000000,0.000000,3.742530,0.000000,0.000000,0.000000,-0.001607,2.171733
1520.0,0.000000,0.000000,0.000000,0.000301,3.742530,0.000000,0.000000,0.000000,0.000000,2.171733
1530.0,0.000000,0.000000,0.000000,0.000000,3.742530,0.000000,0.000000,0.000000,-0.001603,2.171733
1540.0,0.000000,0.000000,0.000000,0.000000,3.742530,0.000000,0.000000,0.000000,-0.002420,2.171733
1550.0,0.000000,0.000000,0.000000,0.000612,3.742530,0.000000,0.000000,0.000000,0.000000,2.171733
1560.0,0.000000,0.000000,0.000000,0.000310,3.742530,0.000000,0.000000,0.000000,0.000000,2.171733
1570.0,0.000000,0.000000,0.000000,0.000612,3.742530,0.000000,0.000000,0.000000,0.000000,2.171733
1580.0,0.000000,0.000000,0.000000,-0.000612,3.742530,0.000000,0.000000,0.000000,0.000000,2.171733
1590.0,0.000000,0.000000,0.000000,-0.000301,3.742530,0.000000,0.000000,0.000000,-0.001607,2.171733
1600.0,0.000000,0.000000,0.000000,-0.000612,3.742530,0.000000,0.000000,0.000000,0.003215,2.171733
1610.0,0.000000,0.000000,0.000000,-0.000301,3.742530,0.000000,0.000000,0.000000,-0.000799,2.171733
1620.0,0.000000,0.000000,0.000000,0.000000,3.742530,0.000000,0.000000,0.000000,0.000000,2.171733
1630.0,0.000000,0.000000,0.000000,0.000913,3.742530,0.000000,0.000000,0.000000,0.000004,2.171733
1640.0,0.000000,0.000000,0.000000,0.000000,3.742530,0.000000,0.000000,0.000000,0.000804,2.171733
1650.0,0.000000,0.000000,0.000000,-0.000612,3.742530,0.000000,0.000000,0.000000,0.000004,2.171733
1660.0,0.000000,0.000000,0.000000,0.000612,3.742530,0.000000,0.000000,0.000000,0.000808,2.171733
1670.0,0.000000,0.000000,0.000000,0.000301,3.742530,0.000000,0.000000,0.000000,-0.002411,2.171733
1680.0,0.000000,0.000000,0.000000,0.000612,3.742530,0.000000,0.000000,0.000000,0.000808,2.171733
1690.0,0.000000,0.000000,0.000000,0.000000,3.742530,0.000000,0.000000,0.000000,0.000000,2.171733
1700.0,0.000000,0.000000,0.000000,-0.001223,3.742530,0.000000,0.000000,0.000000,0.000808,2.171733
1710.0,0.000000,0.000000,0.000000,0.000000,3.742530,0.000000,0.000000,0.000000,-0.000799,2.171733
1720.0,0.000000,0.000000,0.000000,0.000000,3.742530,0.000000,0.000000,0.000000,0.000000,2.171733
1730.0,0.000000,0.000000,0.000000,0.000913,3.742530,0.000000,0.000000,0.000000,0.000808,2.171733
1740.0,0.000000,0.000000,0.000000,0.000000,3.742530,0.000000,0.000000,0.000000,0.001612,2.171733
1750.0,0.000000,0.000000,0.000000,0.001223,3.742530,0.000000,0.000000,0.000000,0.000812,2.171733
1760.0,0.000000,0.000000,0.000000,0.000000,3.742530,0.000000,0.000000,0.000000,0.000000,2.171733
1770.0,0.000000,0.000000,0.000000,0.000612,3.742530,0.000000,0.000000,0.000000,0.001616,2.171733
1780.0,0.000000,0.000000,0.000000,0.000301,3.742530,0.000000,0.000000,0.000000,-0.000804,2.171733
1790.0,0.000000,0.000000,0.000000,0.000301,3.742530,0.000000,0.000000,0.000000,0.000004,2.171733
1800.0,0.000000,0.000000,0.000000,0.000000,3.742530,0.000000,0.000000,0.000000,0.000804,2.171733
1810.0,0.000000,0.000000,0.000000,0.000000,3.742530,0.000000,0.000000,0.000000,0.000808,2.171733
1820.0,0.000000,0.000000,0.000000,0.001223,3.742530,0.000000,0.000000,0.000000,0.000000,2.171733
1830.0,0.000000,0.000000,0.000000,0.000000,3.742530,0.000000,0.000000,0.000000,0.000000,2.171733
1840.0,0.000000,0.000000,0.000000,0.000301,3.742530,0.000000,0.000000,0.000000,-0.000808,2.171733
1850.0,0.000000,0.000000,0.000000,0.000301,3.742530,0.000000,0.000000,0.000000,-0.001607,2.171733
1860.0,0.000000,0.000000,0.000000,-0.000612,3.742530,0.000000,0.000000,0.000000,0.000000,2.171733
1870.0,0.000000,0.000000,0.000000,-0.000301,3.742530,0.000000,0.000000,0.000000,0.000004,2.171733
1880.0,0.000000,0.000000,0.000000,-0.000301,3.742530,0.000000,0.000000,0.000000,0.000808,2.171733
1890.0,0.000000,0.000000,0.000000,0.000000,3.742530,0.000000,0.000000,0.000000,0.000004,2.171733
1900.0,0.000000,0.000000,0.000000,-0.000301,3.742530,0.000000,0.000000,0.000000,0.000808,2.171733
1910.0,0.000000,0.000000,0.000000,0.000000,3.742530,0.000000,0.000000,0.000000,-0.000808,2.171733
1920.0,0.000000,0.000000,0.000000,0.000000,3.742530,0.000000,0.000000,0.000000,0.000804,2.171733
1930.0,0.000000,0.000000,0.000000,-0.000301,3.742530,0.000000,0.000000,0.000000,0.000808,2.171733
1940.0,0.000000,0.000000,0.000000,0.000000,3.742530,0.000000,0.000000,0.000000,-0.000804,2.171733
1950.0,0.000000,0.000000,0.000000,0.000612,3.742530,0.000000,0.000000,0.000000,0.000008,2.171733
1960.0,0.000000,0.000000,0.000000,-0.000612,3.742530,0.000000,0.000000,0.000000,0.000000,2.171733
1970.0,0.000000,0.000000,0.000000,-0.000612,3.742530,0.000000,0.000000,0.000000,-0.000804,2.171733
1980.0,0.000000,0.000000,0.000000,0.000009,3.742530,0.000000,0.000000,0.000000,-0.000808,2.171733
1990.0,0.000000,0.000000,0.000000,-0.000301,3.742530,0.000000,0.000000,0.000000,0.000004,2.171733
2000.0,0.000000,0.000000,0.000000,-0.000301,3.742530,0.000000,0.000000,0.000000,0.000000,2.171733
2010.0,0.000000,0.000000,0.000000,0.000301,3.742530,0.000000,0.000000,0.000000,0.001620,2.171733
2020.0,0.000000,0.000000,0.000000,-0.001525,3.742530,0.000000,0.000000,0.000000,0.000808,2.171733
2030.0,0.000000,0.000000,0.000000,0.000612,3.742530,0.000000,0.000000,0.000000,-0.001607,2.171733
2040.0,0.000000,0.000000,0.000000,0.000310,3.742530,0.000000,0.000000,0.000000,0.001612,2.171733
2050.0,0.000000,0.000000,0.000000,-0.000301,3.742530,0.000000,0.000000,0.000000,0.000004,2.171733
2060.0,0.000000,0.000000,0.000000,0.000000,3.742530,0.000000,0.000000,0.000000,0.000004,2.171733
2070.0,0.000000,0.000000,0.000000,0.000612,3.742530,0.000000,0.000000,0.000000,0.000000,2.171733
2080.0,0.000000,0.000000,0.000000,0.000000,3.742530,0.000000,0.000000,0.000000,-0.000804,2.171733
2090.0,0.000000,0.000000,0.000000,-0.000301,3.742530,0.000000,0.000000,0.000000,0.000808,2.171733
2100.0,0.000000,0.000000,0.000000,-0.000310,3.742530,0.000000,0.000000,0.000000,0.000804,2.171733
2110.0,0.000000,0.000000,0.000000,0.000000,3.742530,0.000000,0.000000,0.000000,0.000004,2.171733
2120.0,0.000000,0.000000,0.000000,0.000612,3.742530,0.000000,0.000000,0.000000,-0.000808,2.171733
2130.0,0.000000,0.000000,0.000000,0.000000,3.742530,0.000000,0.000000,0.000000,0.000000,2.171733
2140.0,0.000000,0.000000,0.000000,0.000000,3.742530,0.000000,0.000000,0.000000,-0.000808,2.171733
2150.0,0.000000,0.000000,0.000000,-0.000612,3.742530,0.000000,0.000000,0.000000,0.000808,2.171733
2160.0,0.000000,0.000000,0.000000,0.000000,3.742530,0.000000,0.000000,0.000000,0.000000,2.171733
2170.0,0.000000,0.000000,0.000000,0.000000,3.742530,0.000000,0.000000,0.000000,0.001612,2.171733
2180.0,0.000000,0.000000,0.000000,0.000301,3.742530,0.000000,0.000000,0.000000,0.000000,2.171733
2190.0,0.000000,0.000000,0.000000,0.000913,3.742530,0.000000,0.000000,0.000000,0.000004,2.171733
2200.0,0.000000,0.000000,0.000000,-0.000612,3.742530,0.000000,0.000000,0.000000,0.000000,2.171733
2210.0,0.000000,0.000000,0.000000,0.000000,3.742530,0.000000,0.000000,0.000000,0.000808,2.171733
2220.0,0.000000,0.000000,0.000000,-0.000612,3.742530,0.000000,0.000000,0.000000,0.000000,2.171733
2230.0,0.000000,0.000000,0.000000,-0.000913,3.742530,0.000000,0.000000,0.000000,-0.001607,2.171733
2240.0,0.000000,0.000000,0.000000,-0.000612,3.742530,0.000000,0.000000,0.000000,0.000804,2.171733
2250.0,0.000000,0.000000,0.000000,0.000310,3.742530,0.000000,0.000000,0.000000,0.000804,2.171733
2260.0,0.000000,0.000000,0.000000,0.000612,3.742530,0.000000,0.000000,0.000000,0.001616,2.171733
2270.0,0.000000,0.000000,0.000000,0.000000,3.742530,0.000000,0.000000,0.000000,-0.001607,2.171733
2280.0,0.000000,0.000000,0.000000,-0.000310,3.742530,0.000000,0.000000,0.000000,0.000000,2.171733
2290.0,0.000000,0.000000,0.000000,0.000612,3.742530,0.000000,0.000000,0.000000,-0.001607,2.171733
2300.0,0.000000,0.000000,0.000000,0.000301,3.742530,0.000000,0.000000,0.000000,0.000000,2.171733
2310.0,0.000000,0.000000,0.000000,-0.000301,3.742530,0.000000,0.000000,0.000000,-0.000799,2.171733
2320.0,0.000000,0.000000,0.000000,0.000000,3.742530,0.000000,0.000000,0.000000,0.000000,2.171733
2330.0,0.000000,0.000000,0.000000,0.000612,3.742530,0.000000,0.000000,0.000000,-0.000804,2.171733
2340.0,0.000000,0.000000,0.000000,0.000000,3.742530,0.000000,0.000000,0.000000,0.000000,2.171733
2350.0,0.000000,0.000000,0.000000,-0.001223,3.742530,0.000000,0.000000,0.000000,0.000000,2.171733
2360.0,0.000000,0.000000,0.000000,0.000612,3.742530,0.000000,0.000000,0.000000,0.001616,2.171733
2370.0,0.000000,0.000000,0.000000,0.000000,3.742530,0.000000,0.000000,0.000000,0.000804,2.171733
2380.0,0.000000,0.000000,0.000000,0.000000,3.742530,0.000000,0.000000,0.000000,0.000004,2.171733
2390.0,0.000000,0.000000,0.000000,0.000000,3.742530,0.000000,0.000000,0.000000,0.000799,2.171733
2400.0,0.000000,0.000000,0.000000,0.000301,3.742530,0.000000,0.000000,0.000000,0.000004,2.171733
2410.0,0.000000,0.000000,0.000000,0.000000,3.742530,0.000000,0.000000,0.000000,0.000804,2.171733
2420.0,0.000000,0.000000,0.000000,0.000612,3.742530,0.000000,0.000000,0.000000,0.000004,2.171733
2430.0,0.000000,0.000000,0.000000,0.000000,3.742530,0.000000,0.000000,0.000000,0.000804,2.171733
2440.0,0.000000,0.000000,0.000000,-0.000612,3.742530,0.000000,0.000000,0.000000,0.000808,2.171733
2450.0,0.000000,0.000000,0.000000,0.000301,3.742530,0.000000,0.000000,0.000000,-0.000804,2.171733
2460.0,0.000000,0.000000,0.000000,-0.000612,3.742530,0.000000,0.000000,0.000000,0.002415,2.171733
2470.0,0.000000,0.000000,0.000000,0.000000,3.742530,0.000000,0.000000,0.000000,0.000000,2.171733
2480.0,0.000000,0.000000,0.000000,0.000612,3.742530,0.000000,0.000000,0.000000,0.000808,2.171733
2490.0,0.000000,0.000000,0.000000,0.000000,3.742530,0.000000,0.000000,0.000000,0.000000,2.171733
2500.0,0.000000,0.000000,0.000000,0.000913,3.742530,0.000000,0.000000,0.000000,-0.000799,2.171733
2510.0,0.000000,0.000000,0.000000,-0.000612,3.742530,0.000000,0.000000,0.000000,0.000000,2.171733
2520.0,0.000000,0.000000,0.000000,0.000612,3.742530,0.000000,0.000000,0.000000,-0.001612,2.171733
2530.0,0.000000,0.000000,0.000000,0.000612,3.742530,0.000000,0.000000,0.000000,0.000808,2.171733
2540.0,0.000000,0.000000,0.000000,0.000000,3.742530,0.000000,0.000000,0.000000,-0.001607,2.171733
2550.0,0.000000,0.000000,0.000000,0.000000,3.742530,0.000000,0.000000,0.000000,0.000000,2.171733
2560.0,0.000000,0.000000,0.000000,0.000000,3.742530,0.000000,0.000000,0.000000,-0.000799,2.171733
2570.0,0.000000,0.000000,0.000000,0.000301,3.742530,0.000000,0.000000,0.000000,-0.000808,2.171733
2580.0,0.000000,0.000000,0.000000,-0.000301,3.742530,0.000000,0.000000,0.000000,0.000000,2.171733
2590.0,0.000000,0.000000,0.000000,0.000000,3.742530,0.000000,0.000000,0.000000,-0.000804,2.171733
2600.0,0.000000,0.000000,0.000000,0.000301,3.742530,0.000000,0.000000,0.000000,-0.000799,2.171733
2610.0,0.000000,0.000000,0.000000,0.000000,3.742530,0.000000,0.000000,0.000000,-0.000804,2.171733
2620.0,0.000000,0.000000,0.000000,-0.000301,3.742530,0.000000,0.000000,0.000000,0.000004,2.171733
2630.0,0.000000,0.000000,0.000000,0.000000,3.742530,0.000000,0.000000,0.000000,-0.000804,2.171733
2640.0,0.000000,0.000000,0.000000,-0.000612,3.742530,0.000000,0.000000,0.000000,-0.000804,2.171733
2650.0,0.000000,0.000000,0.000000,0.000301,3.742530,0.000000,0.000000,0.000000,0.000000,2.171733
2660.0,0.000000,0.000000,0.000000,0.000000,3.742530,0.000000,0.000000,0.000000,-0.000799,2.171733
2670.0,0.000000,0.000000,0.000000,0.000612,3.742530,0.000000,0.000000,0.000000,0.002411,2.171733
2680.0,0.000000,0.000000,0.000000,-0.000310,3.742530,0.000000,0.000000,0.000000,0.000004,2.171733
2690.0,0.000000,0.000000,0.000000,0.000913,3.742530,0.000000,0.000000,0.000000,-0.001612,2.171733
2700.0,0.000000,0.000000,0.000000,-0.000301,3.742530,0.000000,0.000000,0.000000,0.000004,2.171733
2710.0,0.000000,0.000000,0.000000,0.000000,3.742530,0.000000,0.000000,0.000000,0.002411,2.171733
2720.0,0.000000,0.000000,0.000000,0.000000,3.742530,0.000000,0.000000,0.000000,0.000808,2.171733
2730.0,0.000000,0.000000,0.000000,0.000913,3.742530,0.000000,0.000000,0.000000,0.000804,2.171733
2740.0,0.000000,0.000000,0.000000,0.000612,3.742530,0.000000,0.000000,0.000000,-0.000799,2.171733
2750.0,0.000000,0.000000,0.000000,0.000000,3.742530,0.000000,0.000000,0.000000,0.000004,2.171733
2760.0,0.000000,0.000000,0.000000,0.000301,3.742530,0.000000,0.000000,0.000000,-0.001607,2.171733
2770.0,0.000000,0.000000,0.000000,-0.000301,3.742530,0.000000,0.000000,0.000000,0.000004,2.171733
2780.0,0.000000,0.000000,0.000000,-0.000301,3.742530,0.000000,0.000000,0.000000,0.000804,2.171733
2790.0,0.000000,0.000000,0.000000,0.000612,3.742530,0.000000,0.000000,0.000000,0.000000,2.171733
2800.0,0.000000,0.000000,0.000000,0.000301,3.742530,0.000000,0.000000,0.000000,0.000000,2.171733
2810.0,0.000000,0.000000,0.000000,0.000612,3.742530,0.000000,0.000000,0.000000,0.000000,2.171733
2820.0,0.000000,0.000000,0.000000,0.000000,3.742530,0.000000,0.000000,0.000000,0.000804,2.171733
2830.0,0.000000,0.000000,0.000000,0.000612,3.742530,0.000000,0.000000,0.000000,-0.000799,2.171733
2840.0,0.000000,0.000000,0.000000,0.000000,3.742530,0.000000,0.000000,0.000000,0.000804,2.171733
2850.0,0.000000,0.000000,0.000000,0.000913,3.742530,0.000000,0.000000,0.000000,-0.000804,2.171733
2860.0,0.000000,0.000000,0.000000,0.000000,3.742530,0.000000,0.000000,0.000000,0.000808,2.171733
2870.0,0.000000,0.000000,0.000000,0.000000,3.742530,0.000000,0.000000,0.000000,0.002420,2.171733
2880.0,0.000000,0.000000,0.000000,-0.000612,3.742530,0.000000,0.000000,0.000000,-0.000808,2.171733
2890.0,0.000000,0.000000,0.000000,0.000310,3.742530,0.000000,0.000000,0.000000,0.000808,2.171733
2900.0,0.000000,0.000000,0.000000,0.000000,3.742530,0.000000,0.000000,0.000000,0.000804,2.171733
2910.0,0.000000,0.000000,0.000000,-0.001223,3.742530,0.000000,0.000000,0.000000,0.000004,2.171733
2920.0,0.000000,0.000000,0.000000,0.000301,3.742530,0.000000,0.000000,0.000000,0.000000,2.171733
2930.0,0.000000,0.000000,0.000000,0.000301,3.742530,0.000000,0.000000,0.000000,-0.001607,2.171733
2940.0,0.000000,0.000000,0.000000,-0.000612,3.742530,0.000000,0.000000,0.000000,-0.000804,2.171733
2950.0,0.000000,0.000000,0.000000,0.000310,3.742530,0.000000,0.000000,0.000000,0.000808,2.171733
2960.0,0.000000,0.000000,0.000000,0.000301,3.742530,0.000000,0.000000,0.000000,-0.000804,2.171733
2970.0,0.000000,0.000000,0.000000,0.000000,3.742530,0.000000,0.000000,0.000000,0.000808,2.171733
2980.0,0.000000,0.000000,0.000000,0.000000,3.742530,0.000000,0.000000,0.000000,0.000808,2.171733
2990.0,0.000000,0.000000,0.000000,0.000913,3.742530,0.000000,0.000000,0.000000,-0.001612,2.171733
3000.0,0.000000,0.000000,0.000000,-0.000612,3.742530,0.000000,0.000000,0.000000,0.001603,2.171733
3010.0,0.000000,0.000000,0.000000,0.000000,3.742530,0.000000,0.000000,0.000000,-0.000804,2.171733
3020.0,0.000000,0.000000,0.000000,0.000000,3.742530,0.000000,0.000000,0.000000,0.000000,2.171733
3030.0,0.000000,0.000000,0.000000,0.000612,3.742530,0.000000,0.000000,0.000000,0.000004,2.171733
3040.0,0.000000,0.000000,0.000000,-0.000913,3.742530,0.000000,0.000000,0.000000,0.001616,2.171733
3050.0,0.000000,0.000000,0.000000,-0.001214,3.742530,0.000000,0.000000,0.000000,-0.000808,2.171733
3060.0,0.000000,0.000000,0.000000,0.000612,3.742530,0.000000,0.000000,0.000000,0.000000,2.171733
3070.0,0.000000,0.000000,0.000000,-0.000310,3.742530,0.000000,0.000000,0.000000,0.000804,2.171733
3080.0,0.000000,0.000000,0.000000,0.000612,3.742530,0.000000,0.000000,0.000000,-0.000804,2.171733
3090.0,0.000000,0.000000,0.000000,-0.000301,3.742530,0.000000,0.000000,0.000000,0.000808,2.171733
3100.0,0.000000,0.000000,0.000000,-0.000612,3.742530,0.000000,0.000000,0.000000,-0.001607,2.171733
3110.0,0.000000,0.000000,0.000000,-0.000612,3.742530,0.000000,0.000000,0.000000,0.000004,2.171733
3120.0,0.000000,0.000000,0.000000,0.000000,3.742530,0.000000,0.000000,0.000000,0.000000,2.171733
3130.0,0.000000,0.000000,0.000000,0.000612,3.742530,0.000000,0.000000,0.000000,0.000000,2.171733
3140.0,0.000000,0.000000,0.000000,-0.000612,3.742530,0.000000,0.000000,0.000000,0.000000,2.171733
3150.0,0.000000,0.000000,0.000000,0.000612,3.742530,0.000000,0.000000,0.000000,-0.000804,2.171733
3160.0,0.000000,0.000000,0.000000,0.000612,3.742530,0.000000,0.000000,0.000000,0.001607,2.171733
3170.0,0.000000,0.000000,0.000000,-0.000301,3.742530,0.000000,0.000000,0.000000,0.000000,2.171733
3180.0,0.000000,0.000000,0.000000,0.000000,3.742530,0.000000,0.000000,0.000000,0.001607,2.171733
3190.0,0.000000,0.000000,0.000000,0.000000,3.742530,0.000000,0.000000,0.000000,0.000808,2.171733
3200.0,0.000000,0.000000,0.000000,0.000000,3.742530,0.000000,0.000000,0.000000,0.000804,2.171733
3210.0,0.000000,0.000000,0.000000,0.000301,3.742530,0.000000,0.000000,0.000000,0.000000,2.171733
3220.0,0.000000,0.000000,0.000000,0.000612,3.742530,0.000000,0.000000,0.000000,0.000000,2.171733
3230.0,0.000000,0.000000,0.000000,0.000000,3.742530,0.000000,0.000000,0.000000,0.000000,2.171733
3240.0,0.000000,0.000000,0.000000,0.000000,3.742530,0.000000,0.000000,0.000000,-0.000804,2.171733
3250.0,0.000000,0.000000,0.000000,0.000301,3.742530,0.000000,0.000000,0.000000,0.000004,2.171733
3260.0,0.000000,0.000000,0.000000,-0.000301,3.742530,0.000000,0.000000,0.000000,0.000000,2.171733
3270.0,0.000000,0.000000,0.000000,0.000612,3.742530,0.000000,0.000000,0.000000,0.000808,2.171733
3280.0,0.000000,0.000000,0.000000,-0.000913,3.742530,0.000000,0.000000,0.000000,0.000000,2.171733
3290.0,0.000000,0.000000,0.000000,0.000000,3.742530,0.000000,0.000000,0.000000,0.001607,2.171733
3300.0,0.000000,0.000000,0.000000,0.000000,3.742530,0.000000,0.000000,0.000000,0.000004,2.171733
3310.0,0.000000,0.000000,0.000000,-0.000612,3.742530,0.000000,0.000000,0.000000,-0.000804,2.171733
3320.0,0.000000,0.000000,0.000000,0.000000,3.742530,0.000000,0.000000,0.000000,0.000804,2.171733
3330.0,0.000000,0.000000,0.000000,-0.000612,3.742530,0.000000,0.000000,0.000000,0.000000,2.171733
3340.0,0.000000,0.000000,0.000000,0.000000,3.742530,0.000000,0.000000,0.000000,0.000004,2.171733
3350.0,0.000000,0.000000,0.000000,0.000000,3.742530,0.000000,0.000000,0.000000,-0.000808,2.171733
3360.0,0.000000,0.000000,0.000000,0.000000,3.742530,0.000000,0.000000,0.000000,0.001612,2.171733
3370.0,0.000000,0.000000,0.000000,-0.001223,3.742530,0.000000,0.000000,0.000000,0.000000,2.171733
3380.0,0.000000,0.000000,0.000000,0.000000,3.742530,0.000000,0.000000,0.000000,0.000000,2.171733
3390.0,0.000000,0.000000,0.000000,0.000000,3.742530,0.000000,0.000000,0.000000,0.000804,2.171733
3400.0,0.000000,0.000000,0.000000,0.000000,3.742530,0.000000,0.000000,0.000000,-0.000804,2.171733
3410.0,0.000000,0.000000,0.000000,0.000000,3.742530,0.000000,0.000000,0.000000,0.000000,2.171733
3420.0,0.000000,0.000000,0.000000,-0.000301,3.742530,0.000000,0.000000,0.000000,-0.000804,2.171733
3430.0,0.000000,0.000000,0.000000,0.000612,3.742530,0.000000,0.000000,0.000000,0.001616,2.171733
3440.0,0.000000,0.000000,0.000000,-0.000301,3.742530,0.000000,0.000000,0.000000,0.001612,2.171733
3450.0,0.000000,0.000000,0.000000,0.000000,3.742530,0.000000,0.000000,0.000000,0.000804,2.171733
3460.0,0.000000,0.000000,0.000000,-0.000301,3.742530,0.000000,0.000000,0.000000,0.000000,2.171733
3470.0,0.000000,0.000000,0.000000,0.000000,3.742530,0.000000,0.000000,0.000000,0.000795,2.171733
3480.0,0.000000,0.000000,0.000000,-0.000922,3.742530,0.000000,0.000000,0.000000,0.000000,2.171733
3490.0,0.000000,0.000000,0.000000,0.000310,3.742530,0.000000,0.000000,0.000000,0.000804,2.171733
3500.0,0.000000,0.000000,0.000000,0.000000,3.742530,0.000000,0.000000,0.000000,-0.000808,2.171733
3510.0,0.000000,0.000000,0.000000,0.000000,3.742530,0.000000,0.000000,0.000000,0.000000,2.171733
3520.0,0.000000,0.000000,0.000000,0.000000,3.742530,0.000000,0.000000,0.000000,0.000004,2.171733
3530.0,0.000000,0.000000,0.000000,0.000000,3.742530,0.000000,0.000000,0.000000,-0.000004,2.171733
3540.0,0.000000,0.000000,0.000000,0.000301,3.742530,0.000000,0.000000,0.000000,0.000000,2.171733
3550.0,0.000000,0.000000,0.000000,0.000000,3.742530,0.000000,0.000000,0.000000,0.000808,2.171733
3560.0,0.000000,0.000000,0.000000,0.000310,3.742530,0.000000,0.000000,0.000000,0.000000,2.171733
3570.0,0.000000,0.000000,0.000000,-0.000612,3.742530,0.000000,0.000000,0.000000,0.000808,2.171733
3580.0,0.000000,0.000000,0.000000,-0.000612,3.742530,0.000000,0.000000,0.000000,0.000808,2.171733
3590.0,0.000000,0.000000,0.000000,0.000612,3.742530,0.000000,0.000000,0.000000,0.000000,2.171733
3600.0,0.000000,0.000000,0.000000,0.000000,3.742530,0.000000,0.000000,0.000000,-0.000804,2.171733
3610.0,0.000000,0.000000,0.000000,0.000612,3.742530,0.000000,0.000000,0.000000,0.000000,2.171733
3620.0,0.000000,0.000000,0.000000,0.000000,3.742530,0.000000,0.000000,0.000000,0.000000,2.171733
3630.0,0.000000,0.000000,0.000000,-0.000612,3.742530,0.000000,0.000000,0.000000,0.000804,2.171733
3640.0,0.000000,0.000000,0.000000,0.000000,3.742530,0.000000,0.000000,0.000000,0.000004,2.171733
3650.0,0.000000,0.000000,0.000000,0.000000,3.742530,0.000000,0.000000,0.000000,0.000000,2.171733
3660.0,0.000000,0.000000,0.000000,0.000612,3.742530,0.000000,0.000000,0.000000,0.000804,2.171733
3670.0,0.000000,0.000000,0.000000,0.000301,3.742530,0.000000,0.000000,0.000000,-0.000804,2.171733
3680.0,0.000000,0.000000,0.000000,-0.000301,3.742530,0.000000,0.000000,0.000000,-0.002411,2.171733
3690.0,0.000000,0.000000,0.000000,0.000000,3.742530,0.000000,0.000000,0.000000,0.000804,2.171733
3700.0,0.000000,0.000000,0.000000,0.000000,3.742530,0.000000,0.000000,0.000000,0.000008,2.171733
3710.0,0.000000,0.000000,0.000000,-0.000301,3.742530,0.000000,0.000000,0.000000,0.000808,2.171733
3720.0,0.000000,0.000000,0.000000,0.000000,3.742530,0.000000,0.000000,0.000000,0.000808,2.171733
3730.0,0.000000,0.000000,0.000000,-0.000301,3.742530,0.000000,0.000000,0.000000,0.000000,2.171733
3740.0,0.000000,0.000000,0.000000,0.000301,3.742530,0.000000,0.000000,0.000000,-0.000804,2.171733
3750.0,0.000000,0.000000,0.000000,-0.000913,3.742530,0.000000,0.000000,0.000000,0.000000,2.171733
3760.0,0.000000,0.000000,0.000000,0.000310,3.742530,0.000000,0.000000,0.000000,0.000000,2.171733
3770.0,0.000000,0.000000,0.000000,0.000000,3.742530,0.000000,0.000000,0.000000,0.000000,2.171733
3780.0,0.000000,0.000000,0.000000,-0.001223,3.742530,0.000000,0.000000,0.000000,0.000000,2.171733
3790.0,0.000000,0.000000,0.000000,0.000000,3.742530,0.000000,0.000000,0.000000,0.000808,2.171733
3800.0,0.000000,0.000000,0.000000,0.000310,3.742530,0.000000,0.000000,0.000000,0.000808,2.171733
3810.0,0.000000,0.000000,0.000000,-0.000310,3.742530,0.000000,0.000000,0.000000,0.000004,2.171733
3820.0,0.000000,0.000000,0.000000,0.000000,3.742530,0.000000,0.000000,0.000000,0.001616,2.171733
3830.0,0.000000,0.000000,0.000000,0.000612,3.742530,0.000000,0.000000,0.000000,0.001612,2.171733
3840.0,0.000000,0.000000,0.000000,-0.000922,3.742530,0.000000,0.000000,0.000000,0.000004,2.171733
3850.0,0.000000,0.000000,0.000000,-0.000612,3.742530,0.000000,0.000000,0.000000,0.000000,2.171733
3860.0,0.000000,0.000000,0.000000,-0.000612,3.742530,0.000000,0.000000,0.000000,0.000808,2.171733
3870.0,0.000000,0.000000,0.000000,0.000000,3.742530,0.000000,0.000000,0.000000,-0.000804,2.171733
3880.0,0.000000,0.000000,0.000000,-0.000301,3.742530,0.000000,0.000000,0.000000,0.000808,2.171733
3890.0,0.000000,0.000000,0.000000,0.000301,3.742530,0.000000,0.000000,0.000000,0.001612,2.171733
3900.0,0.000000,0.000000,0.000000,-0.000913,3.742530,0.000000,0.000000,0.000000,0.001612,2.171733
3910.0,0.000000,0.000000,0.000000,-0.000612,3.742530,0.000000,0.000000,0.000000,0.000808,2.171733
3920.0,0.000000,0.000000,0.000000,-0.000301,3.742530,0.000000,0.000000,0.000000,0.003215,2.171733
3930.0,0.000000,0.000000,0.000000,-0.000913,3.742530,0.000000,0.000000,0.000000,-0.000804,2.171733
3940.0,0.000000,0.000000,0.000000,-0.000913,3.742530,0.000000,0.000000,0.000000,-0.001603,2.171733
3950.0,0.000000,0.000000,0.000000,-0.000612,3.742530,0.000000,0.000000,0.000000,0.000808,2.171733
3960.0,0.000000,0.000000,0.000000,-0.000612,3.742530,0.000000,0.000000,0.000000,-0.000808,2.171733
3970.0,0.000000,0.000000,0.000000,0.000000,3.742530,0.000000,0.000000,0.000000,0.001612,2.171733
3980.0,0.000000,0.000000,0.000000,0.000000,3.742530,0.000000,0.000000,0.000000,0.000004,2.171733
3990.0,0.000000,0.000000,0.000000,0.000000,3.742530,0.000000,0.000000,0.000000,0.000808,2.171733
4000.0,0.000000,0.000000,0.000000,0.000000,3.742530,0.000000,0.000000,0.000000,0.000004,2.171733
4010.0,0.000000,0.000000,0.000000,0.000301,3.742530,0.000000,0.000000,0.000000,0.001603,2.171733
4020.0,0.000000,0.000000,0.000000,-0.000612,3.742530,0.000000,0.000000,0.000000,-0.000808,2.171733
4030.0,0.000000,0.000000,0.000000,0.000000,3.742530,0.000000,0.000000,0.000000,0.000000,2.171733
4040.0,0.000000,0.000000,0.000000,0.000913,3.742530,0.000000,0.000000,0.000000,-0.001607,2.171733
4050.0,0.000000,0.000000,0.000000,0.000612,3.742530,0.000000,0.000000,0.000000,-0.000808,2.171733
4060.0,0.000000,0.000000,0.000000,0.000000,3.742530,0.000000,0.000000,0.000000,0.000808,2.171733
4070.0,0.000000,0.000000,0.000000,0.001223,3.742530,0.000000,0.000000,0.000000,-0.000804,2.171733
4080.0,0.000000,0.000000,0.000000,0.000000,3.742530,0.000000,0.000000,0.000000,0.000812,2.171733
4090.0,0.000000,0.000000,0.000000,0.000000,3.742530,0.000000,0.000000,0.000000,0.000804,2.171733
4100.0,0.000000,0.000000,0.000000,-0.000913,3.742530,0.000000,0.000000,0.000000,-0.002415,2.171733
4110.0,0.000000,0.000000,0.000000,0.000612,3.742530,0.000000,0.000000,0.000000,0.000000,2.171733
4120.0,0.000000,0.000000,0.000000,0.000913,3.742530,0.000000,0.000000,0.000000,-0.000799,2.171733
4130.0,0.000000,0.000000,0.000000,0.000000,3.742530,0.000000,0.000000,0.000000,-0.000808,2.171733
4140.0,0.000000,0.000000,0.000000,-0.000301,3.742530,0.000000,0.000000,0.000000,0.001616,2.171733
4150.0,0.000000,0.000000,0.000000,-0.001223,3.742530,0.000000,0.000000,0.000000,0.000000,2.171733
4160.0,0.000000,0.000000,0.000000,-0.000612,3.742530,0.000000,0.000000,0.000000,-0.000799,2.171733
4170.0,0.000000,0.000000,0.000000,0.000301,3.742530,0.000000,0.000000,0.000000,0.000000,2.171733
4180.0,0.000000,0.000000,0.000000,0.000000,3.742530,0.000000,0.000000,0.000000,0.000000,2.171733
4190.0,0.000000,0.000000,0.000000,0.000000,3.742530,0.000000,0.000000,0.000000,0.000000,2.171733
4200.0,0.000000,0.000000,0.000000,0.000000,3.742530,0.000000,0.000000,0.000000,-0.001607,2.171733
4210.0,0.000000,0.000000,0.000000,-0.000301,3.742530,0.000000,0.000000,0.000000,0.000000,2.171733
4220.0,0.000000,0.000000,0.000000,-0.000301,3.742530,0.000000,0.000000,0.000000,-0.001607,2.171733
4230.0,0.000000,0.000000,0.000000,-0.000310,3.742530,0.000000,0.000000,0.000000,-0.000804,2.171733
4240.0,0.000000,0.000000,0.000000,0.000612,3.742530,0.000000,0.000000,0.000000,0.000808,2.171733
4250.0,0.000000,0.000000,0.000000,0.000612,3.742530,0.000000,0.000000,0.000000,0.000000,2.171733
4260.0,0.000000,0.000000,0.000000,0.000000,3.742530,0.000000,0.000000,0.000000,0.001612,2.171733
4270.0,0.000000,0.000000,0.000000,0.000000,3.742530,0.000000,0.000000,0.000000,-0.000804,2.171733
4280.0,0.000000,0.000000,0.000000,0.000000,3.742530,0.000000,0.000000,0.000000,-0.000804,2.171733
4290.0,0.000000,0.000000,0.000000,0.000000,3.742530,0.000000,0.000000,0.000000,-0.000808,2.171733
4300.0,0.000000,0.000000,0.000000,0.000913,3.742530,0.000000,0.000000,0.000000,0.003219,2.171733
4310.0,0.000000,0.000000,0.000000,0.000000,3.742530,0.000000,0.000000,0.000000,0.000804,2.171733
4320.0,0.000000,0.000000,0.000000,-0.000301,3.742530,0.000000,0.000000,0.000000,0.001612,2.171733
4330.0,0.000000,0.000000,0.000000,-0.000913,3.742530,0.000000,0.000000,0.000000,0.001612,2.171733
4340.0,0.000000,0.000000,0.000000,-0.000922,3.742530,0.000000,0.000000,0.000000,-0.000804,2.171733
4350.0,0.000000,0.000000,0.000000,0.000310,3.742530,0.000000,0.000000,0.000000,0.000000,2.171733
4360.0,0.000000,0.000000,0.000000,0.000000,3.742530,0.000000,0.000000,0.000000,0.000000,2.171733
4370.0,0.000000,0.000000,0.000000,0.000612,3.742530,0.000000,0.000000,0.000000,0.000804,2.171733
4380.0,0.000000,0.000000,0.000000,-0.000913,3.742530,0.000000,0.000000,0.000000,-0.000804,2.171733
4390.0,0.000000,0.000000,0.000000,-0.000612,3.742530,0.000000,0.000000,0.000000,-0.000004,2.171733
4400.0,0.000000,0.000000,0.000000,0.000310,3.742530,0.000000,0.000000,0.000000,0.003215,2.171733
4410.0,0.000000,0.000000,0.000000,0.000000,3.742530,0.000000,0.000000,0.000000,0.000804,2.171733
4420.0,0.000000,0.000000,0.000000,0.000612,3.742530,0.000000,0.000000,0.000000,0.000808,2.171733
4430.0,0.000000,0.000000,0.000000,0.000000,3.742530,0.000000,0.000000,0.000000,0.000000,2.171733
4440.0,0.000000,0.000000,0.000000,-0.000301,3.742530,0.000000,0.000000,0.000000,0.000808,2.171733
4450.0,0.000000,0.000000,0.000000,0.000301,3.742530,0.000000,0.000000,0.000000,0.000000,2.171733
4460.0,0.000000,0.000000,0.000000,0.000000,3.742530,0.000000,0.000000,0.000000,-0.000799,2.171733
4470.0,0.000000,0.000000,0.000000,0.000000,3.742530,0.000000,0.000000,0.000000,-0.001612,2.171733
4480.0,0.000000,0.000000,0.000000,0.000000,3.742530,0.000000,0.000000,0.000000,0.000000,2.171733
4490.0,0.000000,0.000000,0.000000,0.000000,3.742530,0.000000,0.000000,0.000000,-0.000804,2.171733
4500.0,0.000000,0.000000,0.000000,0.000000,3.742530,0.000000,0.000000,0.000000,0.000808,2.171733
4510.0,0.000000,0.000000,0.000000,0.000612,3.742530,0.000000,0.000000,0.000000,0.000804,2.171733
4520.0,0.000000,0.000000,0.000000,0.000000,3.742530,0.000000,0.000000,0.000000,-0.000804,2.171733
4530.0,0.000000,0.000000,0.000000,0.000612,3.742530,0.000000,0.000000,0.000000,0.000808,2.171733
4540.0,0.000000,0.000000,0.000000,0.000000,3.742530,0.000000,0.000000,0.000000,-0.000804,2.171733
4550.0,0.000000,0.000000,0.000000,-0.000301,3.742530,0.000000,0.000000,0.000000,0.000804,2.171733
4560.0,0.000000,0.000000,0.000000,0.000612,3.742530,0.000000,0.000000,0.000000,0.000004,2.171733
4570.0,0.000000,0.000000,0.000000,-0.000612,3.742530,0.000000,0.000000,0.000000,0.000804,2.171733
4580.0,0.000000,0.000000,0.000000,0.000000,3.742530,0.000000,0.000000,0.000000,0.000808,2.171733
4590.0,0.000000,0.000000,0.000000,-0.000612,3.742530,0.000000,0.000000,0.000000,0.000000,2.171733
4600.0,0.000000,0.000000,0.000000,0.000000,3.742530,0.000000,0.000000,0.000000,-0.000799,2.171733
4610.0,0.000000,0.000000,0.000000,-0.000612,3.742530,0.000000,0.000000,0.000000,0.000804,2.171733
4620.0,0.000000,0.000000,0.000000,-0.000612,3.742530,0.000000,0.000000,0.000000,0.000004,2.171733
4630.0,0.000000,0.000000,0.000000,0.000000,3.742530,0.000000,0.000000,0.000000,-0.000808,2.171733
4640.0,0.000000,0.000000,0.000000,0.000301,3.742530,0.000000,0.000000,0.000000,-0.000808,2.171733
4650.0,0.000000,0.000000,0.000000,0.000000,3.742530,0.000000,0.000000,0.000000,0.000804,2.171733
4660.0,0.000000,0.000000,0.000000,-0.000310,3.742530,0.000000,0.000000,0.000000,0.000000,2.171733
4670.0,0.000000,0.000000,0.000000,0.000310,3.742530,0.000000,0.000000,0.000000,-0.000808,2.171733
4680.0,0.000000,0.000000,0.000000,0.000000,3.742530,0.000000,0.000000,0.000000,0.000004,2.171733
4690.0,0.000000,0.000000,0.000000,0.000000,3.742530,0.000000,0.000000,0.000000,-0.000808,2.171733
4700.0,0.000000,0.000000,0.000000,0.001223,3.742530,0.000000,0.000000,0.000000,0.000004,2.171733
4710.0,0.000000,0.000000,0.000000,-0.000612,3.742530,0.000000,0.000000,0.000000,0.000000,2.171733
4720.0,0.000000,0.000000,0.000000,0.000301,3.742530,0.000000,0.000000,0.000000,-0.000804,2.171733
4730.0,0.000000,0.000000,0.000000,-0.000612,3.742530,0.000000,0.000000,0.000000,-0.000804,2.171733
4740.0,0.000000,0.000000,0.000000,0.000301,3.742530,0.000000,0.000000,0.000000,-0.001612,2.171733
4750.0,0.000000,0.000000,0.000000,0.000000,3.742530,0.000000,0.000000,0.000000,0.000000,2.171733
4760.0,0.000000,0.000000,0.000000,-0.000612,3.742530,0.000000,0.000000,0.000000,0.000004,2.171733
4770.0,0.000000,0.000000,0.000000,0.000913,3.742530,0.000000,0.000000,0.000000,-0.000808,2.171733
4780.0,0.000000,0.000000,0.000000,-0.000301,3.742530,0.000000,0.000000,0.000000,0.000808,2.171733
4790.0,0.000000,0.000000,0.000000,-0.000612,3.742530,0.000000,0.000000,0.000000,-0.000004,2.171733
4800.0,0.000000,0.000000,0.000000,0.000000,3.742530,0.000000,0.000000,0.000000,0.000808,2.171733
4810.0,0.000000,0.000000,0.000000,-0.000301,3.742530,0.000000,0.000000,0.000000,-0.000808,2.171733
4820.0,0.000000,0.000000,0.000000,0.001223,3.742530,0.000000,0.000000,0.000000,0.001612,2.171733
4830.0,0.000000,0.000000,0.000000,0.000000,3.742530,0.000000,0.000000,0.000000,0.000000,2.171733
4840.0,0.000000,0.000000,0.000000,-0.000603,3.742530,0.000000,0.000000,0.000000,0.000808,2.171733
4850.0,0.000000,0.000000,0.000000,-0.000301,3.742530,0.000000,0.000000,0.000000,0.000000,2.171733
4860.0,0.000000,0.000000,0.000000,0.000000,3.742530,0.000000,0.000000,0.000000,0.000804,2.171733
4870.0,0.000000,0.000000,0.000000,0.000000,3.742530,0.000000,0.000000,0.000000,-0.000808,2.171733
4880.0,0.000000,0.000000,0.000000,0.000310,3.742530,0.000000,0.000000,0.000000,0.000004,2.171733
4890.0,0.000000,0.000000,0.000000,0.000000,3.742530,0.000000,0.000000,0.000000,-0.000808,2.171733
4900.0,0.000000,0.000000,0.000000,0.000612,3.742530,0.000000,0.000000,0.000000,0.000804,2.171733
4910.0,0.000000,0.000000,0.000000,-0.000009,3.742530,0.000000,0.000000,0.000000,0.000808,2.171733
4920.0,0.000000,0.000000,0.000000,0.000000,3.742530,0.000000,0.000000,0.000000,0.000804,2.171733
4930.0,0.000000,0.000000,0.000000,-0.000301,3.742530,0.000000,0.000000,0.000000,0.000808,2.171733
4940.0,0.000000,0.000000,0.000000,0.000000,3.742530,0.000000,0.000000,0.000000,0.000000,2.171733
4950.0,0.000000,0.000000,0.000000,0.000301,3.742530,0.000000,0.000000,0.000000,0.000808,2.171733
4960.0,0.000000,0.000000,0.000000,0.000000,3.742530,0.000000,0.000000,0.000000,0.001612,2.171733
4970.0,0.000000,0.000000,0.000000,0.000301,3.742530,0.000000,0.000000,0.000000,0.002420,2.171733
4980.0,0.000000,0.000000,0.000000,-0.000612,3.742530,0.000000,0.000000,0.000000,0.001607,2.171733
4990.0,0.000000,0.000000,0.000000,0.000000,3.742530,0.000000,0.000000,0.000000,0.002420,2.171733
5000.0,0.000000,0.000000,0.000000,0.000000,3.742530,0.000000,0.000000,0.000000,0.001616,2.171733
5010.0,0.000000,0.000000,0.000000,-0.000612,3.742530,0.000000,0.000000,0.000000,0.000000,2.171733
5020.0,0.000000,0.000000,0.000000,0.000612,3.742530,0.000000,0.000000,0.000000,0.000808,2.171733
5030.0,0.000000,0.000000,0.000000,0.000310,3.742530,0.000000,0.000000,0.000000,0.000808,2.171733
5040.0,0.000000,0.000000,0.000000,0.000310,3.742530,0.000000,0.000000,0.000000,0.000804,2.171733
5050.0,0.000000,0.000000,0.000000,0.000000,3.742530,0.000000,0.000000,0.000000,0.000808,2.171733
5060.0,0.000000,0.000000,0.000000,-0.000612,3.742530,0.000000,0.000000,0.000000,0.000804,2.171733
5070.0,0.000000,0.000000,0.000000,0.000301,3.742530,0.000000,0.000000,0.000000,0.000000,2.171733
5080.0,0.000000,0.000000,0.000000,0.000612,3.742530,0.000000,0.000000,0.000000,0.002415,2.171733
5090.0,0.000000,0.000000,0.000000,0.000000,3.742530,0.000000,0.000000,0.000000,0.000004,2.171733
5100.0,0.000000,0.000000,0.000000,0.000301,3.742530,0.000000,0.000000,0.000000,0.000804,2.171733
5110.0,0.000000,0.000000,0.000000,0.000612,3.742530,0.000000,0.000000,0.000000,0.000004,2.171733
5120.0,0.000000,0.000000,0.000000,0.000000,3.742530,0.000000,0.000000,0.000000,-0.000804,2.171733
5130.0,0.000000,0.000000,0.000000,0.000913,3.742530,0.000000,0.000000,0.000000,0.000004,2.171733
5140.0,0.000000,0.000000,0.000000,0.000000,3.742530,0.000000,0.000000,0.000000,0.000804,2.171733
5150.0,0.000000,0.000000,0.000000,0.000310,3.742530,0.000000,0.000000,0.000000,0.000808,2.171733
5160.0,0.000000,0.000000,0.000000,0.000000,3.742530,0.000000,0.000000,0.000000,-0.000808,2.171733
5170.0,0.000000,0.000000,0.000000,0.001214,3.742530,0.000000,0.000000,0.000000,0.000004,2.171733
5180.0,0.000000,0.000000,0.000000,-0.000301,3.742530,0.000000,0.000000,0.000000,-0.000808,2.171733
5190.0,0.000000,0.000000,0.000000,-0.000612,3.742530,0.000000,0.000000,0.000000,0.000004,2.171733
5200.0,0.000000,0.000000,0.000000,0.000000,3.742530,0.000000,0.000000,0.000000,-0.000808,2.171733
5210.0,0.000000,0.000000,0.000000,0.000913,3.742530,0.000000,0.000000,0.000000,0.000004,2.171733
5220.0,0.000000,0.000000,0.000000,-0.000612,3.742530,0.000000,0.000000,0.000000,0.000000,2.171733
5230.0,0.000000,0.000000,0.000000,0.000000,3.742530,0.000000,0.000000,0.000000,0.000004,2.171733
5240.0,0.000000,0.000000,0.000000,-0.000612,3.742530,0.000000,0.000000,0.000000,0.000000,2.171733
5250.0,0.000000,0.000000,0.000000,0.000000,3.742530,0.000000,0.000000,0.000000,0.000804,2.171733
5260.0,0.000000,0.000000,0.000000,0.000000,3.742530,0.000000,0.000000,0.000000,-0.000004,2.171733
5270.0,0.000000,0.000000,0.000000,-0.000913,3.742530,0.000000,0.000000,0.000000,0.002420,2.171733
5280.0,0.000000,0.000000,0.000000,0.000000,3.742530,0.000000,0.000000,0.000000,0.000808,2.171733
5290.0,0.000000,0.000000,0.000000,0.000301,3.742530,0.000000,0.000000,0.000000,0.000808,2.171733
5300.0,0.000000,0.000000,0.000000,-0.000301,3.742530,0.000000,0.000000,0.000000,0.000000,2.171733
5310.0,0.000000,0.000000,0.000000,0.000612,3.742530,0.000000,0.000000,0.000000,0.000004,2.171733
5320.0,0.000000,0.000000,0.000000,0.000603,3.742530,0.000000,0.000000,0.000000,0.000000,2.171733
5330.0,0.000000,0.000000,0.000000,0.000000,3.742530,0.000000,0.000000,0.000000,0.000004,2.171733
5340.0,0.000000,0.000000,0.000000,-0.000603,3.742530,0.000000,0.000000,0.000000,-0.001607,2.171733
5350.0,0.000000,0.000000,0.000000,0.000612,3.742530,0.000000,0.000000,0.000000,0.000004,2.171733
5360.0,0.000000,0.000000,0.000000,-0.001223,3.742530,0.000000,0.000000,0.000000,0.000000,2.171733
5370.0,0.000000,0.000000,0.000000,-0.000612,3.742530,0.000000,0.000000,0.000000,-0.000799,2.171733
5380.0,0.000000,0.000000,0.000000,0.000301,3.742530,0.000000,0.000000,0.000000,0.000000,2.171733
5390.0,0.000000,0.000000,0.000000,0.000913,3.742530,0.000000,0.000000,0.000000,-0.000804,2.171733
5400.0,0.000000,0.000000,0.000000,0.000000,3.742530,0.000000,0.000000,0.000000,0.000000,2.171733
5410.0,0.000000,0.000000,0.000000,0.000612,3.742530,0.000000,0.000000,0.000000,0.000004,2.171733
5420.0,0.000000,0.000000,0.000000,0.000301,3.742530,0.000000,0.000000,0.000000,0.000000,2.171733
5430.0,0.000000,0.000000,0.000000,0.000310,3.742530,0.000000,0.000000,0.000000,0.000000,2.171733
5440.0,0.000000,0.000000,0.000000,0.000000,3.742530,0.000000,0.000000,0.000000,0.000000,2.171733
5450.0,0.000000,0.000000,0.000000,0.000603,3.742530,0.000000,0.000000,0.000000,0.000808,2.171733
5460.0,0.000000,0.000000,0.000000,-0.000913,3.742530,0.000000,0.000000,0.000000,0.000000,2.171733
5470.0,0.000000,0.000000,0.000000,0.000000,3.742530,0.000000,0.000000,0.000000,-0.000804,2.171733
5480.0,0.000000,0.000000,0.000000,0.000000,3.742530,0.000000,0.000000,0.000000,0.000808,2.171733
5490.0,0.000000,0.000000,0.000000,0.000000,3.742530,0.000000,0.000000,0.000000,-0.000804,2.171733
5500.0,0.000000,0.000000,0.000000,0.000612,3.742530,0.000000,0.000000,0.000000,0.000000,2.171733
5510.0,0.000000,0.000000,0.000000,-0.000301,3.742530,0.000000,0.000000,0.000000,-0.000804,2.171733
5520.0,0.000000,0.000000,0.000000,0.000612,3.742530,0.000000,0.000000,0.000000,0.000000,2.171733
5530.0,0.000000,0.000000,0.000000,0.000913,3.742530,0.000000,0.000000,0.000000,0.000808,2.171733
5540.0,0.000000,0.000000,0.000000,-0.000301,3.742530,0.000000,0.000000,0.000000,-0.000808,2.171733
5550.0,0.000000,0.000000,0.000000,-0.000301,3.742530,0.000000,0.000000,0.000000,0.001607,2.171733
5560.0,0.000000,0.000000,0.000000,-0.000612,3.742530,0.000000,0.000000,0.000000,0.000000,2.171733
5570.0,0.000000,0.000000,0.000000,0.000000,3.742530,0.000000,0.000000,0.000000,0.000808,2.171733
5580.0,0.000000,0.000000,0.000000,0.000612,3.742530,0.000000,0.000000,0.000000,0.000000,2.171733
5590.0,0.000000,0.000000,0.000000,0.000913,3.742530,0.000000,0.000000,0.000000,0.000000,2.171733
5600.0,0.000000,0.000000,0.000000,-0.000310,3.742530,0.000000,0.000000,0.000000,-0.000808,2.171733
5610.0,0.000000,0.000000,0.000000,0.000000,3.742530,0.000000,0.000000,0.000000,0.000004,2.171733
5620.0,0.000000,0.000000,0.000000,0.000000,3.742530,0.000000,0.000000,0.000000,0.000000,2.171733
5630.0,0.000000,0.000000,0.000000,0.000000,3.742530,0.000000,0.000000,0.000000,0.001616,2.171733
5640.0,0.000000,0.000000,0.000000,0.000000,3.742530,0.000000,0.000000,0.000000,-0.002415,2.171733
5650.0,0.000000,0.000000,0.000000,0.000000,3.742530,0.000000,0.000000,0.000000,0.000812,2.171733
5660.0,0.000000,0.000000,0.000000,-0.000612,3.742530,0.000000,0.000000,0.000000,0.000000,2.171733
5670.0,0.000000,0.000000,0.000000,0.000922,3.742530,0.000000,0.000000,0.000000,0.000004,2.171733
5680.0,0.000000,0.000000,0.000000,0.000310,3.742530,0.000000,0.000000,0.000000,-0.000004,2.171733
5690.0,0.000000,0.000000,0.000000,0.000913,3.742530,0.000000,0.000000,0.000000,0.000808,2.171733
5700.0,0.000000,0.000000,0.000000,0.000000,3.742530,0.000000,0.000000,0.000000,-0.000808,2.171733
5710.0,0.000000,0.000000,0.000000,0.000310,3.742530,0.000000,0.000000,0.000000,0.000004,2.171733
5720.0,0.000000,0.000000,0.000000,0.000603,3.742530,0.000000,0.000000,0.000000,0.000804,2.171733
5730.0,0.000000,0.000000,0.000000,-0.000301,3.742530,0.000000,0.000000,0.000000,0.000004,2.171733
5740.0,0.000000,0.000000,0.000000,-0.000612,3.742530,0.000000,0.000000,0.000000,0.000804,2.171733
5750.0,0.000000,0.000000,0.000000,0.000000,3.742530,0.000000,0.000000,0.000000,0.001612,2.171733
5760.0,0.000000,0.000000,0.000000,0.000000,3.742530,0.000000,0.000000,0.000000,0.000808,2.171733
5770.0,0.000000,0.000000,0.000000,0.000913,3.742530,0.000000,0.000000,0.000000,0.000000,2.171733
5780.0,0.000000,0.000000,0.000000,0.000000,3.742530,0.000000,0.000000,0.000000,-0.000804,2.171733
5790.0,0.000000,0.000000,0.000000,0.000000,3.742530,0.000000,0.000000,0.000000,0.000804,2.171733
5800.0,0.000000,0.000000,0.000000,0.000000,3.742530,0.000000,0.000000,0.000000,-0.000804,2.171733
5810.0,0.000000,0.000000,0.000000,0.000913,3.742530,0.000000,0.000000,0.000000,0.000804,2.171733
5820.0,0.000000,0.000000,0.000000,0.000310,3.742530,0.000000,0.000000,0.000000,0.000004,2.171733
5830.0,0.000000,0.000000,0.000000,0.000301,3.742530,0.000000,0.000000,0.000000,0.000804,2.171733
5840.0,0.000000,0.000000,0.000000,0.000603,3.742530,0.000000,0.000000,0.000000,0.000004,2.171733
5850.0,0.000000,0.000000,0.000000,0.000301,3.742530,0.000000,0.000000,0.000000,-0.000804,2.171733
5860.0,0.000000,0.000000,0.000000,0.000000,3.742530,0.000000,0.000000,0.000000,0.000808,2.171733
5870.0,0.000000,0.000000,0.000000,0.000612,3.742530,0.000000,0.000000,0.000000,0.000000,2.171733
5880.0,0.000000,0.000000,0.000000,-0.000612,3.742530,0.000000,0.000000,0.000000,0.000000,2.171733
5890.0,0.000000,0.000000,0.000000,0.000301,3.742530,0.000000,0.000000,0.000000,0.000004,2.171733
5900.0,0.000000,0.000000,0.000000,0.000000,3.742530,0.000000,0.000000,0.000000,-0.000804,2.171733
5910.0,0.000000,0.000000,0.000000,0.000301,3.742530,0.000000,0.000000,0.000000,0.000804,2.171733
5920.0,0.000000,0.000000,0.000000,0.000000,3.742530,0.000000,0.000000,0.000000,-0.000804,2.171733
5930.0,0.000000,0.000000,0.000000,0.000000,3.742530,0.000000,0.000000,0.000000,0.000004,2.171733
5940.0,0.000000,0.000000,0.000000,0.000000,3.742530,0.000000,0.000000,0.000000,-0.001612,2.171733
5950.0,0.000000,0.000000,0.000000,0.000000,3.742530,0.000000,0.000000,0.000000,-0.000804,2.171733
5960.0,0.000000,0.000000,0.000000,0.000612,3.742530,0.000000,0.000000,0.000000,0.000000,2.171733
5970.0,0.000000,0.000000,0.000000,0.000000,3.742530,0.000000,0.000000,0.000000,-0.000808,2.171733
5980.0,0.000000,0.000000,0.000000,0.000000,3.742530,0.000000,0.000000,0.000000,0.000000,2.171733
5990.0,0.000000,0.000000,0.000000,0.000000,3.742530,0.000000,0.000000,0.000000,0.000000,2.171733
6000.0,0.000000,0.000000,0.000000,-0.000612,3.742530,0.000000,0.000000,0.000000,0.000808,2.171733
6010.0,0.000000,0.000000,0.000000,0.000000,3.742530,0.000000,0.000000,0.000000,0.000000,2.171733
6020.0,0.000000,0.000000,0.000000,0.000000,3.742530,0.000000,0.000000,0.000000,0.000000,2.171733
6030.0,0.000000,0.000000,0.000000,0.000301,3.742530,0.000000,0.000000,0.000000,-0.000808,2.171733
6040.0,0.000000,0.000000,0.000000,0.000301,3.742530,0.000000,0.000000,0.000000,0.000004,2.171733
6050.0,0.000000,0.000000,0.000000,0.000612,3.742530,0.000000,0.000000,0.000000,-0.000808,2.171733
6060.0,0.000000,0.000000,0.000000,0.000000,3.742530,0.000000,0.000000,0.000000,0.000004,2.171733
6070.0,0.000000,0.000000,0.000000,0.000000,3.742530,0.000000,0.000000,0.000000,0.000000,2.171733
6080.0,0.000000,0.000000,0.000000,0.000603,3.742530,0.000000,0.000000,0.000000,0.001616,2.171733
6090.0,0.000000,0.000000,0.000000,0.000000,3.742530,0.000000,0.000000,0.000000,-0.001612,2.171733
6100.0,0.000000,0.000000,0.000000,-0.000612,3.742530,0.000000,0.000000,0.000000,0.000004,2.171733
6110.0,0.000000,0.000000,0.000000,-0.000301,3.742530,0.000000,0.000000,0.000000,0.000000,2.171733
6120.0,0.000000,0.000000,0.000000,-0.000612,3.742530,0.000000,0.000000,0.000000,0.000000,2.171733
6130.0,0.000000,0.000000,0.000000,0.000000,3.742530,0.000000,0.000000,0.000000,-0.001616,2.171733
6140.0,0.000000,0.000000,0.000000,0.000301,3.742530,0.000000,0.000000,0.000000,0.000808,2.171733
6150.0,0.000000,0.000000,0.000000,-0.000612,3.742530,0.000000,0.000000,0.000000,0.000000,2.171733
6160.0,0.000000,0.000000,0.000000,0.000000,3.742530,0.000000,0.000000,0.000000,0.000000,2.171733
6170.0,0.000000,0.000000,0.000000,0.000000,3.742530,0.000000,0.000000,0.000000,0.000000,2.171733
6180.0,0.000000,0.000000,0.000000,0.000301,3.742530,0.000000,0.000000,0.000000,0.000808,2.171733
6190.0,0.000000,0.000000,0.000000,0.000000,3.742530,0.000000,0.000000,0.000000,0.000000,2.171733
6200.0,0.000000,0.000000,0.000000,0.000913,3.742530,0.000000,0.000000,0.000000,0.000004,2.171733
6210.0,0.000000,0.000000,0.000000,-0.000913,3.742530,0.000000,0.000000,0.000000,0.001607,2.171733
6220.0,0.000000,0.000000,0.000000,-0.000310,3.742530,0.000000,0.000000,0.000000,0.000812,2.171733
6230.0,0.000000,0.000000,0.000000,-0.001223,3.742530,0.000000,0.000000,0.000000,0.000804,2.171733
6240.0,0.000000,0.000000,0.000000,-0.000913,3.742530,0.000000,0.000000,0.000000,-0.001607,2.171733
6250.0,0.000000,0.000000,0.000000,0.000000,3.742530,0.000000,0.000000,0.000000,0.000000,2.171733
6260.0,0.000000,0.000000,0.000000,0.000000,3.742530,0.000000,0.000000,0.000000,0.000000,2.171733
6270.0,0.000000,0.000000,0.000000,0.000000,3.742530,0.000000,0.000000,0.000000,0.000000,2.171733
6280.0,0.000000,0.000000,0.000000,-0.000612,3.742530,0.000000,0.000000,0.000000,-0.001603,2.171733
6290.0,0.000000,0.000000,0.000000,-0.001223,3.742530,0.000000,0.000000,0.000000,0.000000,2.171733
6300.0,0.000000,0.000000,0.000000,0.000301,3.742530,0.000000,0.000000,0.000000,0.000000,2.171733
6310.0,0.000000,0.000000,0.000000,-0.000301,3.742530,0.000000,0.000000,0.000000,0.000000,2.171733
6320.0,0.000000,0.000000,0.000000,0.000000,3.742530,0.000000,0.000000,0.000000,-0.000799,2.171733
6330.0,0.000000,0.000000,0.000000,0.000000,3.742530,0.000000,0.000000,0.000000,-0.000808,2.171733
6340.0,0.000000,0.000000,0.000000,0.000000,3.742530,0.000000,0.000000,0.000000,0.000808,2.171733
6350.0,0.000000,0.000000,0.000000,0.000612,3.742530,0.000000,0.000000,0.000000,0.000804,2.171733
6360.0,0.000000,0.000000,0.000000,0.000612,3.742530,0.000000,0.000000,0.000000,-0.001612,2.171733
6370.0,0.000000,0.000000,0.000000,0.000612,3.742530,0.000000,0.000000,0.000000,-0.000808,2.171733
6380.0,0.000000,0.000000,0.000000,0.000000,3.742530,0.000000,0.000000,0.000000,0.000004,2.171733
6390.0,0.000000,0.000000,0.000000,-0.000612,3.742530,0.000000,0.000000,0.000000,-0.000808,2.171733
6400.0,0.000000,0.000000,0.000000,-0.000301,3.742530,0.000000,0.000000,0.000000,-0.000804,2.171733
6410.0,0.000000,0.000000,0.000000,-0.000913,3.742530,0.000000,0.000000,0.000000,-0.000804,2.171733
6420.0,0.000000,0.000000,0.000000,0.000000,3.742530,0.000000,0.000000,0.000000,0.000808,2.171733
6430.0,0.000000,0.000000,0.000000,0.000000,3.742530,0.000000,0.000000,0.000000,0.000804,2.171733
6440.0,0.000000,0.000000,0.000000,0.000310,3.742530,0.000000,0.000000,0.000000,-0.000804,2.171733
6450.0,0.000000,0.000000,0.000000,-0.000913,3.742530,0.000000,0.000000,0.000000,0.001607,2.171733
6460.0,0.000000,0.000000,0.000000,0.000301,3.742530,0.000000,0.000000,0.000000,0.000004,2.171733
6470.0,0.000000,0.000000,0.000000,0.000000,3.742530,0.000000,0.000000,0.000000,0.000000,2.171733
6480.0,0.000000,0.000000,0.000000,0.000000,3.742530,0.000000,0.000000,0.000000,0.000000,2.171733
6490.0,0.000000,0.000000,0.000000,-0.000301,3.742530,0.000000,0.000000,0.000000,-0.000808,2.171733
6500.0,0.000000,0.000000,0.000000,0.000612,3.742530,0.000000,0.000000,0.000000,0.000004,2.171733
6510.0,0.000000,0.000000,0.000000,-0.000612,3.742530,0.000000,0.000000,0.000000,-0.000804,2.171733
6520.0,0.000000,0.000000,0.000000,0.000612,3.742530,0.000000,0.000000,0.000000,0.000000,2.171733
6530.0,0.000000,0.000000,0.000000,0.000612,3.742530,0.000000,0.000000,0.000000,-0.000804,2.171733
6540.0,0.000000,0.000000,0.000000,0.000301,3.742530,0.000000,0.000000,0.000000,-0.000804,2.171733
6550.0,0.000000,0.000000,0.000000,0.000000,3.742530,0.000000,0.000000,0.000000,-0.000804,2.171733
6560.0,0.000000,0.000000,0.000000,0.000000,3.742530,0.000000,0.000000,0.000000,0.000000,2.171733
6570.0,0.000000,0.000000,0.000000,0.000000,3.742530,0.000000,0.000000,0.000000,-0.000804,2.171733
6580.0,0.000000,0.000000,0.000000,0.000000,3.742530,0.000000,0.000000,0.000000,-0.000804,2.171733
6590.0,0.000000,0.000000,0.000000,0.000310,3.742530,0.000000,0.000000,0.000000,0.000000,2.171733
6600.0,0.000000,0.000000,0.000000,-0.000612,3.742530,0.000000,0.000000,0.000000,0.000000,2.171733
6610.0,0.000000,0.000000,0.000000,0.000612,3.742530,0.000000,0.000000,0.000000,0.001607,2.171733
6620.0,0.000000,0.000000,0.000000,0.000913,3.742530,0.000000,0.000000,0.000000,0.000000,2.171733
6630.0,0.000000,0.000000,0.000000,0.000612,3.742530,0.000000,0.000000,0.000000,-0.000808,2.171733
6640.0,0.000000,0.000000,0.000000,0.000000,3.742530,0.000000,0.000000,0.000000,-0.000804,2.171733
6650.0,0.000000,0.000000,0.000000,0.000612,3.742530,0.000000,0.000000,0.000000,0.000000,2.171733
6660.0,0.000000,0.000000,0.000000,0.000000,3.742530,0.000000,0.000000,0.000000,0.000004,2.171733
6670.0,0.000000,0.000000,0.000000,0.000913,3.742530,0.000000,0.000000,0.000000,0.000804,2.171733
6680.0,0.000000,0.000000,0.000000,-0.000301,3.742530,0.000000,0.000000,0.000000,0.000000,2.171733
6690.0,0.000000,0.000000,0.000000,-0.000301,3.742530,0.000000,0.000000,0.000000,0.000000,2.171733
6700.0,0.000000,0.000000,0.000000,0.000301,3.742530,0.000000,0.000000,0.000000,-0.000799,2.171733
6710.0,0.000000,0.000000,0.000000,-0.000310,3.742530,0.000000,0.000000,0.000000,-0.000808,2.171733
6720.0,0.000000,0.000000,0.000000,0.000000,3.742530,0.000000,0.000000,0.000000,-0.000804,2.171733
6730.0,0.000000,0.000000,0.000000,-0.000301,3.742530,0.000000,0.000000,0.000000,-0.002415,2.171733
6740.0,0.000000,0.000000,0.000000,0.000000,3.742530,0.000000,0.000000,0.000000,0.000000,2.171733
6750.0,0.000000,0.000000,0.000000,-0.000301,3.742530,0.000000,0.000000,0.000000,0.000000,2.171733
6760.0,0.000000,0.000000,0.000000,-0.000612,3.742530,0.000000,0.000000,0.000000,0.001612,2.171733
6770.0,0.000000,0.000000,0.000000,0.000612,3.742530,0.000000,0.000000,0.000000,0.001616,2.171733
6780.0,0.000000,0.000000,0.000000,0.000000,3.742530,0.000000,0.000000,0.000000,0.000004,2.171733
6790.0,0.000000,0.000000,0.000000,0.000000,3.742530,0.000000,0.000000,0.000000,0.000000,2.171733
6800.0,0.000000,0.000000,0.000000,-0.000301,3.742530,0.000000,0.000000,0.000000,-0.000808,2.171733
6810.0,0.000000,0.000000,0.000000,0.000310,3.742530,0.000000,0.000000,0.000000,-0.000004,2.171733
6820.0,0.000000,0.000000,0.000000,-0.000612,3.742530,0.000000,0.000000,0.000000,0.000000,2.171733
6830.0,0.000000,0.000000,0.000000,0.000000,3.742530,0.000000,0.000000,0.000000,0.000000,2.171733
6840.0,0.000000,0.000000,0.000000,0.000301,3.742530,0.000000,0.000000,0.000000,0.000004,2.171733
6850.0,0.000000,0.000000,0.000000,0.000000,3.742530,0.000000,0.000000,0.000000,-0.000804,2.171733
6860.0,0.000000,0.000000,0.000000,-0.000301,3.742530,0.000000,0.000000,0.000000,-0.000808,2.171733
6870.0,0.000000,0.000000,0.000000,-0.000009,3.742530,0.000000,0.000000,0.000000,-0.000804,2.171733
6880.0,0.000000,0.000000,0.000000,0.000612,3.742530,0.000000,0.000000,0.000000,0.000004,2.171733
6890.0,0.000000,0.000000,0.000000,0.000301,3.742530,0.000000,0.000000,0.000000,-0.001612,2.171733
6900.0,0.000000,0.000000,0.000000,0.000612,3.742530,0.000000,0.000000,0.000000,0.000808,2.171733
6910.0,0.000000,0.000000,0.000000,0.000310,3.742530,0.000000,0.000000,0.000000,0.000000,2.171733
6920.0,0.000000,0.000000,0.000000,0.000000,3.742530,0.000000,0.000000,0.000000,-0.000804,2.171733
6930.0,0.000000,0.000000,0.000000,-0.000612,3.742530,0.000000,0.000000,0.000000,0.000000,2.171733
6940.0,0.000000,0.000000,0.000000,0.000000,3.742530,0.000000,0.000000,0.000000,-0.001612,2.171733
6950.0,0.000000,0.000000,0.000000,-0.000612,3.742530,0.000000,0.000000,0.000000,-0.000804,2.171733
6960.0,0.000000,0.000000,0.000000,-0.000612,3.742530,0.000000,0.000000,0.000000,0.000004,2.171733
6970.0,0.000000,0.000000,0.000000,-0.000612,3.742530,0.000000,0.000000,0.000000,0.001612,2.171733
6980.0,0.000000,0.000000,0.000000,0.000000,3.742530,0.000000,0.000000,0.000000,0.000000,2.171733
6990.0,0.000000,0.000000,0.000000,0.000000,3.742530,0.000000,0.000000,0.000000,-0.000804,2.171733
7000.0,0.000000,0.000000,0.000000,0.001223,3.742530,0.000000,0.000000,0.000000,0.000808,2.171733
7010.0,0.000000,0.000000,0.000000,0.000000,3.742530,0.000000,0.000000,0.000000,-0.000804,2.171733
7020.0,0.000000,0.000000,0.000000,0.000612,3.742530,0.000000,0.000000,0.000000,0.000000,2.171733
7030.0,0.000000,0.000000,0.000000,0.000000,3.742530,0.000000,0.000000,0.000000,0.001607,2.171733
7040.0,0.000000,0.000000,0.000000,-0.000301,3.742530,0.000000,0.000000,0.000000,0.001612,2.171733
7050.0,0.000000,0.000000,0.000000,0.000000,3.742530,0.000000,0.000000,0.000000,0.000808,2.171733
7060.0,0.000000,0.000000,0.000000,0.000000,3.742530,0.000000,0.000000,0.000000,0.000808,2.171733
7070.0,0.000000,0.000000,0.000000,-0.000301,3.742530,0.000000,0.000000,0.000000,0.000804,2.171733
7080.0,0.000000,0.000000,0.000000,0.000612,3.742530,0.000000,0.000000,0.000000,-0.000804,2.171733
7090.0,0.000000,0.000000,0.000000,0.000000,3.742530,0.000000,0.000000,0.000000,0.000000,2.171733
7100.0,0.000000,0.000000,0.000000,0.000000,3.742530,0.000000,0.000000,0.000000,-0.000804,2.171733
7110.0,0.000000,0.000000,0.000000,0.000000,3.742530,0.000000,0.000000,0.000000,0.000000,2.171733
7120.0,0.000000,0.000000,0.000000,-0.000301,3.742530,0.000000,0.000000,0.000000,-0.000799,2.171733
7130.0,0.000000,0.000000,0.000000,0.000000,3.742530,0.000000,0.000000,0.000000,0.000804,2.171733
7140.0,0.000000,0.000000,0.000000,0.000000,3.742530,0.000000,0.000000,0.000000,-0.000804,2.171733
7150.0,0.000000,0.000000,0.000000,0.000000,3.742530,0.000000,0.000000,0.000000,-0.001612,2.171733
7160.0,0.000000,0.000000,0.000000,0.000000,3.742530,0.000000,0.000000,0.000000,0.000004,2.171733
7170.0,0.000000,0.000000,0.000000,-0.000913,3.742530,0.000000,0.000000,0.000000,0.000000,2.171733
7180.0,0.000000,0.000000,0.000000,0.000000,3.742530,0.000000,0.000000,0.000000,0.000000,2.171733
7190.0,0.000000,0.000000,0.000000,-0.000612,3.742530,0.000000,0.000000,0.000000,-0.000808,2.171733
7200.0,0.000000,0.000000,0.000000,0.000000,3.742530,0.000000,0.000000,0.000000,0.000004,2.171733
7210.0,0.000000,0.000000,0.000000,0.000913,3.742530,0.000000,0.000000,0.000000,0.000000,2.171733
7220.0,0.000000,0.000000,0.000000,0.000000,3.742530,0.000000,0.000000,0.000000,0.003228,2.171733
7230.0,0.000000,0.000000,0.000000,0.000301,3.742530,0.000000,0.000000,0.000000,0.002420,2.171733
7240.0,0.000000,0.000000,0.000000,0.000000,3.742530,0.000000,0.000000,0.000000,0.000004,2.171733
7250.0,0.000000,0.000000,0.000000,0.000612,3.742530,0.000000,0.000000,0.000000,-0.000804,2.171733
7260.0,0.000000,0.000000,0.000000,0.000000,3.742530,0.000000,0.000000,0.000000,-0.001607,2.171733
7270.0,0.000000,0.000000,0.000000,0.000612,3.742530,0.000000,0.000000,0.000000,0.001607,2.171733
7280.0,0.000000,0.000000,0.000000,0.000000,3.742530,0.000000,0.000000,0.000000,0.000000,2.171733
7290.0,0.000000,0.000000,0.000000,-0.000310,3.742530,0.000000,0.000000,0.000000,-0.000808,2.171733
7300.0,0.000000,0.000000,0.000000,0.000000,3.742530,0.000000,0.000000,0.000000,0.000004,2.171733
7310.0,0.000000,0.000000,0.000000,0.000000,3.742530,0.000000,0.000000,0.000000,0.000804,2.171733
7320.0,0.000000,0.000000,0.000000,-0.000301,3.742530,0.000000,0.000000,0.000000,-0.000804,2.171733
7330.0,0.000000,0.000000,0.000000,0.000000,3.742530,0.000000,0.000000,0.000000,-0.001612,2.171733
7340.0,0.000000,0.000000,0.000000,0.000913,3.742530,0.000000,0.000000,0.000000,0.000004,2.171733
7350.0,0.000000,0.000000,0.000000,0.000000,3.742530,0.000000,0.000000,0.000000,-0.000808,2.171733
7360.0,0.000000,0.000000,0.000000,0.000000,3.742530,0.000000,0.000000,0.000000,-0.001607,2.171733
7370.0,0.000000,0.000000,0.000000,-0.000612,3.742530,0.000000,0.000000,0.000000,0.000000,2.171733
7380.0,0.000000,0.000000,0.000000,0.000000,3.742530,0.000000,0.000000,0.000000,-0.000808,2.171733
7390.0,0.000000,0.000000,0.000000,0.000000,3.742530,0.000000,0.000000,0.000000,0.000000,2.171733
7400.0,0.000000,0.000000,0.000000,-0.000301,3.742530,0.000000,0.000000,0.000000,0.000804,2.171733
7410.0,0.000000,0.000000,0.000000,-0.000301,3.742530,0.000000,0.000000,0.000000,-0.000808,2.171733
7420.0,0.000000,0.000000,0.000000,0.000612,3.742530,0.000000,0.000000,0.000000,0.000808,2.171733
7430.0,0.000000,0.000000,0.000000,-0.000301,3.742530,0.000000,0.000000,0.000000,-0.000808,2.171733
7440.0,0.000000,0.000000,0.000000,-0.000612,3.742530,0.000000,0.000000,0.000000,0.000004,2.171733
7450.0,0.000000,0.000000,0.000000,-0.000301,3.742530,0.000000,0.000000,0.000000,0.000000,2.171733
7460.0,0.000000,0.000000,0.000000,-0.000310,3.742530,0.000000,0.000000,0.000000,0.000000,2.171733
7470.0,0.000000,0.000000,0.000000,-0.000612,3.742530,0.000000,0.000000,0.000000,0.000004,2.171733
7480.0,0.000000,0.000000,0.000000,0.000000,3.742530,0.000000,0.000000,0.000000,-0.000808,2.171733
7490.0,0.000000,0.000000,0.000000,0.000000,3.742530,0.000000,0.000000,0.000000,0.000004,2.171733
7500.0,0.000000,0.000000,0.000000,0.000310,3.742530,0.000000,0.000000,0.000000,0.000808,2.171733
7510.0,0.000000,0.000000,0.000000,0.000301,3.742530,0.000000,0.000000,0.000000,0.001612,2.171733
7520.0,0.000000,0.000000,0.000000,-0.000301,3.742530,0.000000,0.000000,0.000000,-0.001616,2.171733
7530.0,0.000000,0.000000,0.000000,0.000000,3.742530,0.000000,0.000000,0.000000,-0.001607,2.171733
7540.0,0.000000,0.000000,0.000000,0.000000,3.742530,0.000000,0.000000,0.000000,-0.000004,2.171733
7550.0,0.000000,0.000000,0.000000,-0.000612,3.742530,0.000000,0.000000,0.000000,0.000808,2.171733
7560.0,0.000000,0.000000,0.000000,-0.000612,3.742530,0.000000,0.000000,0.000000,0.000804,2.171733
7570.0,0.000000,0.000000,0.000000,0.000000,3.742530,0.000000,0.000000,0.000000,-0.000799,2.171733
7580.0,0.000000,0.000000,0.000000,0.000000,3.742530,0.000000,0.000000,0.000000,0.001612,2.171733
7590.0,0.000000,0.000000,0.000000,0.000301,3.742530,0.000000,0.000000,0.000000,0.002420,2.171733
7600.0,0.000000,0.000000,0.000000,0.000603,3.742530,0.000000,0.000000,0.000000,-0.001612,2.171733
7610.0,0.000000,0.000000,0.000000,-0.000301,3.742530,0.000000,0.000000,0.000000,-0.000804,2.171733
7620.0,0.000000,0.000000,0.000000,0.000000,3.742530,0.000000,0.000000,0.000000,-0.000804,2.171733
7630.0,0.000000,0.000000,0.000000,0.001525,3.742530,0.000000,0.000000,0.000000,-0.001607,2.171733
7640.0,0.000000,0.000000,0.000000,0.000612,3.742530,0.000000,0.000000,0.000000,0.000000,2.171733
7650.0,0.000000,0.000000,0.000000,0.000000,3.742530,0.000000,0.000000,0.000000,0.000004,2.171733
7660.0,0.000000,0.000000,0.000000,0.001525,3.742530,0.000000,0.000000,0.000000,0.000000,2.171733
7670.0,0.000000,0.000000,0.000000,0.000000,3.742530,0.000000,0.000000,0.000000,0.000004,2.171733
7680.0,0.000000,0.000000,0.000000,0.000612,3.742530,0.000000,0.000000,0.000000,0.000808,2.171733
7690.0,0.000000,0.000000,0.000000,0.001223,3.742530,0.000000,0.000000,0.000000,-0.000799,2.171733
7700.0,0.000000,0.000000,0.000000,0.000310,3.742530,0.000000,0.000000,0.000000,0.000000,2.171733
7710.0,0.000000,0.000000,0.000000,0.000000,3.742530,0.000000,0.000000,0.000000,-0.002415,2.171733
7720.0,0.000000,0.000000,0.000000,0.000000,3.742530,0.000000,0.000000,0.000000,0.000000,2.171733
7730.0,0.000000,0.000000,0.000000,0.000612,3.742530,0.000000,0.000000,0.000000,0.000000,2.171733
7740.0,0.000000,0.000000,0.000000,-0.001223,3.742530,0.000000,0.000000,0.000000,-0.000808,2.171733
7750.0,0.000000,0.000000,0.000000,0.000612,3.742530,0.000000,0.000000,0.000000,-0.001612,2.171733
7760.0,0.000000,0.000000,0.000000,0.000000,3.742530,0.000000,0.000000,0.000000,0.000808,2.171733
7770.0,0.000000,0.000000,0.000000,-0.000612,3.742530,0.000000,0.000000,0.000000,-0.000804,2.171733
7780.0,0.000000,0.000000,0.000000,0.000000,3.742530,0.000000,0.000000,0.000000,0.000808,2.171733
7790.0,0.000000,0.000000,0.000000,0.000000,3.742530,0.000000,0.000000,0.000000,-0.001612,2.171733
7800.0,0.000000,0.000000,0.000000,0.000612,3.742530,0.000000,0.000000,0.000000,-0.001612,2.171733
7810.0,0.000000,0.000000,0.000000,-0.000612,3.742530,0.000000,0.000000,0.000000,0.000808,2.171733
7820.0,0.000000,0.000000,0.000000,-0.000612,3.742530,0.000000,0.000000,0.000000,0.000000,2.171733
7830.0,0.000000,0.000000,0.000000,0.000301,3.742530,0.000000,0.000000,0.000000,-0.001612,2.171733
7840.0,0.000000,0.000000,0.000000,0.000612,3.742530,0.000000,0.000000,0.000000,-0.000804,2.171733
7850.0,0.000000,0.000000,0.000000,0.000000,3.742530,0.000000,0.000000,0.000000,0.000004,2.171733
7860.0,0.000000,0.000000,0.000000,0.000000,3.742530,0.000000,0.000000,0.000000,-0.000808,2.171733
7870.0,0.000000,0.000000,0.000000,-0.000301,3.742530,0.000000,0.000000,0.000000,0.000000,2.171733
7880.0,0.000000,0.000000,0.000000,0.000000,3.742530,0.000000,0.000000,0.000000,0.000804,2.171733
7890.0,0.000000,0.000000,0.000000,0.000000,3.742530,0.000000,0.000000,0.000000,0.001616,2.171733
7900.0,0.000000,0.000000,0.000000,-0.000301,3.742530,0.000000,0.000000,0.000000,0.000000,2.171733
7910.0,0.000000,0.000000,0.000000,-0.000301,3.742530,0.000000,0.000000,0.000000,-0.000804,2.171733
7920.0,0.000000,0.000000,0.000000,0.000000,3.742530,0.000000,0.000000,0.000000,0.000808,2.171733
7930.0,0.000000,0.000000,0.000000,0.000000,3.742530,0.000000,0.000000,0.000000,-0.002415,2.171733
7940.0,0.000000,0.000000,0.000000,0.000612,3.742530,0.000000,0.000000,0.000000,0.000000,2.171733
7950.0,0.000000,0.000000,0.000000,-0.000612,3.742530,0.000000,0.000000,0.000000,0.000808,2.171733
7960.0,0.000000,0.000000,0.000000,0.000612,3.742530,0.000000,0.000000,0.000000,0.000808,2.171733
7970.0,0.000000,0.000000,0.000000,-0.000310,3.742530,0.000000,0.000000,0.000000,0.000812,2.171733
7980.0,0.000000,0.000000,0.000000,-0.000612,3.742530,0.000000,0.000000,0.000000,0.000808,2.171733
7990.0,0.000000,0.000000,0.000000,0.000310,3.742530,0.000000,0.000000,0.000000,0.000004,2.171733
8000.0,0.000000,0.000000,0.000000,0.000301,3.742530,0.000000,0.000000,0.000000,-0.001612,2.171733
8010.0,0.000000,0.000000,0.000000,0.000301,3.742530,0.000000,0.000000,0.000000,0.002415,2.171733
8020.0,0.000000,0.000000,0.000000,0.000913,3.742530,0.000000,0.000000,0.000000,0.000799,2.171733
8030.0,0.000000,0.000000,0.000000,0.000000,3.742530,0.000000,0.000000,0.000000,0.000004,2.171733
8040.0,0.000000,0.000000,0.000000,0.000000,3.742530,0.000000,0.000000,0.000000,-0.000804,2.171733
8050.0,0.000000,0.000000,0.000000,0.000612,3.742530,0.000000,0.000000,0.000000,-0.000804,2.171733
8060.0,0.000000,0.000000,0.000000,0.000612,3.742530,0.000000,0.000000,0.000000,0.001607,2.171733
8070.0,0.000000,0.000000,0.000000,0.000612,3.742530,0.000000,0.000000,0.000000,0.000812,2.171733
8080.0,0.000000,0.000000,0.000000,0.000000,3.742530,0.000000,0.000000,0.000000,-0.001612,2.171733
8090.0,0.000000,0.000000,0.000000,-0.000612,3.742530,0.000000,0.000000,0.000000,0.001603,2.171733
8100.0,0.000000,0.000000,0.000000,-0.000612,3.742530,0.000000,0.000000,0.000000,-0.000808,2.171733
8110.0,0.000000,0.000000,0.000000,0.000612,3.742530,0.000000,0.000000,0.000000,-0.000799,2.171733
8120.0,0.000000,0.000000,0.000000,-0.000612,3.742530,0.000000,0.000000,0.000000,0.000808,2.171733
8130.0,0.000000,0.000000,0.000000,-0.000913,3.742530,0.000000,0.000000,0.000000,0.000000,2.171733
8140.0,0.000000,0.000000,0.000000,0.000000,3.742530,0.000000,0.000000,0.000000,-0.000004,2.171733
8150.0,0.000000,0.000000,0.000000,-0.000612,3.742530,0.000000,0.000000,0.000000,0.002415,2.171733
8160.0,0.000000,0.000000,0.000000,-0.000913,3.742530,0.000000,0.000000,0.000000,0.000000,2.171733
8170.0,0.000000,0.000000,0.000000,0.000612,3.742530,0.000000,0.000000,0.000000,0.000000,2.171733
8180.0,0.000000,0.000000,0.000000,0.000612,3.742530,0.000000,0.000000,0.000000,0.001612,2.171733
8190.0,0.000000,0.000000,0.000000,-0.000301,3.742530,0.000000,0.000000,0.000000,0.000000,2.171733
8200.0,0.000000,0.000000,0.000000,0.000000,3.742530,0.000000,0.000000,0.000000,0.000000,2.171733
8210.0,0.000000,0.000000,0.000000,-0.000612,3.742530,0.000000,0.000000,0.000000,0.000808,2.171733
8220.0,0.000000,0.000000,0.000000,0.000612,3.742530,0.000000,0.000000,0.000000,0.003219,2.171733
8230.0,0.000000,0.000000,0.000000,0.000000,3.742530,0.000000,0.000000,0.000000,0.000004,2.171733
8240.0,0.000000,0.000000,0.000000,0.000000,3.742530,0.000000,0.000000,0.000000,0.000000,2.171733
8250.0,0.000000,0.000000,0.000000,0.000000,3.742530,0.000000,0.000000,0.000000,-0.002415,2.171733
8260.0,0.000000,0.000000,0.000000,0.000301,3.742530,0.000000,0.000000,0.000000,0.000000,2.171733
8270.0,0.000000,0.000000,0.000000,0.000310,3.742530,0.000000,0.000000,0.000000,-0.001607,2.171733
8280.0,0.000000,0.000000,0.000000,0.000000,3.742530,0.000000,0.000000,0.000000,-0.000808,2.171733
8290.0,0.000000,0.000000,0.000000,0.000000,3.742530,0.000000,0.000000,0.000000,-0.000804,2.171733
8300.0,0.000000,0.000000,0.000000,0.000301,3.742530,0.000000,0.000000,0.000000,0.000000,2.171733
8310.0,0.000000,0.000000,0.000000,0.000000,3.742530,0.000000,0.000000,0.000000,0.000000,2.171733
8320.0,0.000000,0.000000,0.000000,0.000913,3.742530,0.000000,0.000000,0.000000,-0.001612,2.171733
8330.0,0.000000,0.000000,0.000000,0.000000,3.742530,0.000000,0.000000,0.000000,0.000808,2.171733
8340.0,0.000000,0.000000,0.000000,-0.000913,3.742530,0.000000,0.000000,0.000000,0.000004,2.171733
8350.0,0.000000,0.000000,0.000000,0.000301,3.742530,0.000000,0.000000,0.000000,0.001616,2.171733
8360.0,0.000000,0.000000,0.000000,0.000000,3.742530,0.000000,0.000000,0.000000,-0.000804,2.171733
8370.0,0.000000,0.000000,0.000000,0.000000,3.742530,0.000000,0.000000,0.000000,0.000000,2.171733
8380.0,0.000000,0.000000,0.000000,0.000000,3.742530,0.000000,0.000000,0.000000,-0.000804,2.171733
8390.0,0.000000,0.000000,0.000000,-0.000913,3.742530,0.000000,0.000000,0.000000,0.000804,2.171733
8400.0,0.000000,0.000000,0.000000,-0.000310,3.742530,0.000000,0.000000,0.000000,-0.000799,2.171733
8410.0,0.000000,0.000000,0.000000,0.000000,3.742530,0.000000,0.000000,0.000000,-0.000004,2.171733
8420.0,0.000000,0.000000,0.000000,0.000301,3.742530,0.000000,0.000000,0.000000,0.000808,2.171733
8430.0,0.000000,0.000000,0.000000,0.000612,3.742530,0.000000,0.000000,0.000000,-0.000808,2.171733
8440.0,0.000000,0.000000,0.000000,0.000000,3.742530,0.000000,0.000000,0.000000,0.000808,2.171733
8450.0,0.000000,0.000000,0.000000,0.000000,3.742530,0.000000,0.000000,0.000000,-0.000808,2.171733
8460.0,0.000000,0.000000,0.000000,0.000000,3.742530,0.000000,0.000000,0.000000,0.000808,2.171733
8470.0,0.000000,0.000000,0.000000,0.000603,3.742530,0.000000,0.000000,0.000000,0.000000,2.171733
8480.0,0.000000,0.000000,0.000000,-0.000913,3.742530,0.000000,0.000000,0.000000,0.002415,2.171733
8490.0,0.000000,0.000000,0.000000,0.001214,3.742530,0.000000,0.000000,0.000000,0.000808,2.171733
8500.0,0.000000,0.000000,0.000000,0.000612,3.742530,0.000000,0.000000,0.000000,0.000000,2.171733
8510.0,0.000000,0.000000,0.000000,0.000000,3.742530,0.000000,0.000000,0.000000,-0.000808,2.171733
8520.0,0.000000,0.000000,0.000000,-0.000612,3.742530,0.000000,0.000000,0.000000,-0.000808,2.171733
8530.0,0.000000,0.000000,0.000000,0.000301,3.742530,0.000000,0.000000,0.000000,-0.000808,2.171733
8540.0,0.000000,0.000000,0.000000,-0.000301,3.742530,0.000000,0.000000,0.000000,0.000808,2.171733
8550.0,0.000000,0.000000,0.000000,0.000301,3.742530,0.000000,0.000000,0.000000,0.000808,2.171733
8560.0,0.000000,0.000000,0.000000,0.000000,3.742530,0.000000,0.000000,0.000000,0.000004,2.171733
8570.0,0.000000,0.000000,0.000000,0.000301,3.742530,0.000000,0.000000,0.000000,0.000000,2.171733
8580.0,0.000000,0.000000,0.000000,0.000913,3.742530,0.000000,0.000000,0.000000,-0.001607,2.171733
8590.0,0.000000,0.000000,0.000000,0.000000,3.742530,0.000000,0.000000,0.000000,0.000804,2.171733
8600.0,0.000000,0.000000,0.000000,0.000612,3.742530,0.000000,0.000000,0.000000,0.001616,2.171733
8610.0,0.000000,0.000000,0.000000,0.000612,3.742530,0.000000,0.000000,0.000000,0.000000,2.171733
8620.0,0.000000,0.000000,0.000000,0.000612,3.742530,0.000000,0.000000,0.000000,0.000000,2.171733
8630.0,0.000000,0.000000,0.000000,0.000000,3.742530,0.000000,0.000000,0.000000,-0.000804,2.171733
8640.0,0.000000,0.000000,0.000000,-0.000301,3.742530,0.000000,0.000000,0.000000,-0.000808,2.171733
8650.0,0.000000,0.000000,0.000000,0.001223,3.742530,0.000000,0.000000,0.000000,0.000000,2.171733
8660.0,0.000000,0.000000,0.000000,0.000000,3.742530,0.000000,0.000000,0.000000,0.000808,2.171733
8670.0,0.000000,0.000000,0.000000,-0.000612,3.742530,0.000000,0.000000,0.000000,0.000808,2.171733
8680.0,0.000000,0.000000,0.000000,-0.000612,3.742530,0.000000,0.000000,0.000000,0.000004,2.171733
8690.0,0.000000,0.000000,0.000000,0.000301,3.742530,0.000000,0.000000,0.000000,-0.001607,2.171733
8700.0,0.000000,0.000000,0.000000,0.000000,3.742530,0.000000,0.000000,0.000000,-0.000799,2.171733
8710.0,0.000000,0.000000,0.000000,-0.000612,3.742530,0.000000,0.000000,0.000000,0.000804,2.171733
8720.0,0.000000,0.000000,0.000000,0.000000,3.742530,0.000000,0.000000,0.000000,-0.000004,2.171733
8730.0,0.000000,0.000000,0.000000,-0.000301,3.742530,0.000000,0.000000,0.000000,0.000804,2.171733
8740.0,0.000000,0.000000,0.000000,0.000612,3.742530,0.000000,0.000000,0.000000,0.000804,2.171733
8750.0,0.000000,0.000000,0.000000,0.000612,3.742530,0.000000,0.000000,0.000000,0.000000,2.171733
8760.0,0.000000,0.000000,0.000000,0.000000,3.742530,0.000000,0.000000,0.000000,0.000000,2.171733
8770.0,0.000000,0.000000,0.000000,0.000000,3.742530,0.000000,0.000000,0.000000,-0.000804,2.171733
8780.0,0.000000,0.000000,0.000000,-0.000310,3.742530,0.000000,0.000000,0.000000,-0.001607,2.171733
8790.0,0.000000,0.000000,0.000000,-0.000310,3.742530,0.000000,0.000000,0.000000,0.000000,2.171733
8800.0,0.000000,0.000000,0.000000,0.000000,3.742530,0.000000,0.000000,0.000000,-0.001607,2.171733
8810.0,0.000000,0.000000,0.000000,0.000000,3.742530,0.000000,0.000000,0.000000,0.000000,2.171733
8820.0,0.000000,0.000000,0.000000,0.000000,3.742530,0.000000,0.000000,0.000000,0.000000,2.171733
8830.0,0.000000,0.000000,0.000000,0.000000,3.742530,0.000000,0.000000,0.000000,-0.000808,2.171733
8840.0,0.000000,0.000000,0.000000,-0.000301,3.742530,0.000000,0.000000,0.000000,0.000004,2.171733
8850.0,0.000000,0.000000,0.000000,0.000612,3.742530,0.000000,0.000000,0.000000,0.000000,2.171733
8860.0,0.000000,0.000000,0.000000,0.000000,3.742530,0.000000,0.000000,0.000000,0.000004,2.171733
8870.0,0.000000,0.000000,0.000000,-0.000612,3.742530,0.000000,0.000000,0.000000,-0.000808,2.171733
8880.0,0.000000,0.000000,0.000000,0.000000,3.742530,0.000000,0.000000,0.000000,-0.000808,2.171733
8890.0,0.000000,0.000000,0.000000,0.000612,3.742530,0.000000,0.000000,0.000000,-0.001612,2.171733
8900.0,0.000000,0.000000,0.000000,0.000301,3.742530,0.000000,0.000000,0.000000,0.000004,2.171733
8910.0,0.000000,0.000000,0.000000,0.000000,3.742530,0.000000,0.000000,0.000000,-0.001612,2.171733
8920.0,0.000000,0.000000,0.000000,0.000000,3.742530,0.000000,0.000000,0.000000,0.000804,2.171733
8930.0,0.000000,0.000000,0.000000,0.000612,3.742530,0.000000,0.000000,0.000000,0.000000,2.171733
8940.0,0.000000,0.000000,0.000000,-0.000310,3.742530,0.000000,0.000000,0.000000,-0.000808,2.171733
8950.0,0.000000,0.000000,0.000000,0.000000,3.742530,0.000000,0.000000,0.000000,-0.000804,2.171733
8960.0,0.000000,0.000000,0.000000,0.000000,3.742530,0.000000,0.000000,0.000000,0.000000,2.171733
8970.0,0.000000,0.000000,0.000000,0.000000,3.742530,0.000000,0.000000,0.000000,-0.000004,2.171733
8980.0,0.000000,0.000000,0.000000,0.000612,3.742530,0.000000,0.000000,0.000000,0.000808,2.171733
8990.0,0.000000,0.000000,0.000000,0.000000,3.742530,0.000000,0.000000,0.000000,0.000000,2.171733
9000.0,0.000000,0.000000,0.000000,-0.000301,3.742530,0.000000,0.000000,0.000000,0.000004,2.171733
9010.0,0.000000,0.000000,0.000000,0.000000,3.742530,0.000000,0.000000,0.000000,0.000000,2.171733
9020.0,0.000000,0.000000,0.000000,0.000612,3.742530,0.000000,0.000000,0.000000,-0.000804,2.171733
9030.0,0.000000,0.000000,0.000000,0.000000,3.742530,0.000000,0.000000,0.000000,0.000000,2.171733
9040.0,0.000000,0.000000,0.000000,0.000310,3.742530,0.000000,0.000000,0.000000,-0.001607,2.171733
9050.0,0.000000,0.000000,0.000000,0.000301,3.742530,0.000000,0.000000,0.000000,0.000808,2.171733
9060.0,0.000000,0.000000,0.000000,0.000612,3.742530,0.000000,0.000000,0.000000,0.000000,2.171733
9070.0,0.000000,0.000000,0.000000,0.000000,3.742530,0.000000,0.000000,0.000000,0.000804,2.171733
9080.0,0.000000,0.000000,0.000000,-0.000301,3.742530,0.000000,0.000000,0.000000,0.000808,2.171733
9090.0,0.000000,0.000000,0.000000,0.000612,3.742530,0.000000,0.000000,0.000000,0.001612,2.171733
9100.0,0.000000,0.000000,0.000000,-0.000301,3.742530,0.000000,0.000000,0.000000,0.000808,2.171733
9110.0,0.000000,0.000000,0.000000,0.000000,3.742530,0.000000,0.000000,0.000000,0.000000,2.171733
9120.0,0.000000,0.000000,0.000000,0.000000,3.742530,0.000000,0.000000,0.000000,0.000000,2.171733
9130.0,0.000000,0.000000,0.000000,-0.000913,3.742530,0.000000,0.000000,0.000000,0.001607,2.171733
9140.0,0.000000,0.000000,0.000000,-0.000301,3.742530,0.000000,0.000000,0.000000,0.000808,2.171733
9150.0,0.000000,0.000000,0.000000,0.000612,3.742530,0.000000,0.000000,0.000000,0.000000,2.171733
9160.0,0.000000,0.000000,0.000000,0.000301,3.742530,0.000000,0.000000,0.000000,0.000000,2.171733
9170.0,0.000000,0.000000,0.000000,0.000301,3.742530,0.000000,0.000000,0.000000,0.000000,2.171733
9180.0,0.000000,0.000000,0.000000,0.000000,3.742530,0.000000,0.000000,0.000000,-0.000804,2.171733
9190.0,0.000000,0.000000,0.000000,0.000000,3.742530,0.000000,0.000000,0.000000,0.000804,2.171733
9200.0,0.000000,0.000000,0.000000,0.000913,3.742530,0.000000,0.000000,0.000000,0.000808,2.171733
9210.0,0.000000,0.000000,0.000000,-0.000301,3.742530,0.000000,0.000000,0.000000,0.000804,2.171733
9220.0,0.000000,0.000000,0.000000,0.000612,3.742530,0.000000,0.000000,0.000000,0.000000,2.171733
9230.0,0.000000,0.000000,0.000000,0.000000,3.742530,0.000000,0.000000,0.000000,0.000804,2.171733
9240.0,0.000000,0.000000,0.000000,0.000009,3.742530,0.000000,0.000000,0.000000,-0.001607,2.171733
9250.0,0.000000,0.000000,0.000000,0.000000,3.742530,0.000000,0.000000,0.000000,0.000000,2.171733
9260.0,0.000000,0.000000,0.000000,0.000603,3.742530,0.000000,0.000000,0.000000,-0.000804,2.171733
9270.0,0.000000,0.000000,0.000000,-0.000913,3.742530,0.000000,0.000000,0.000000,0.001612,2.171733
9280.0,0.000000,0.000000,0.000000,0.000301,3.742530,0.000000,0.000000,0.000000,-0.000804,2.171733
9290.0,0.000000,0.000000,0.000000,-0.000612,3.742530,0.000000,0.000000,0.000000,0.001612,2.171733
9300.0,0.000000,0.000000,0.000000,0.000000,3.742530,0.000000,0.000000,0.000000,0.000000,2.171733
9310.0,0.000000,0.000000,0.000000,0.000000,3.742530,0.000000,0.000000,0.000000,0.000000,2.171733
9320.0,0.000000,0.000000,0.000000,-0.000301,3.742530,0.000000,0.000000,0.000000,0.003219,2.171733
9330.0,0.000000,0.000000,0.000000,0.000301,3.742530,0.000000,0.000000,0.000000,-0.000804,2.171733
9340.0,0.000000,0.000000,0.000000,0.000000,3.742530,0.000000,0.000000,0.000000,0.000004,2.171733
9350.0,0.000000,0.000000,0.000000,0.000000,3.742530,0.000000,0.000000,0.000000,0.000000,2.171733
9360.0,0.000000,0.000000,0.000000,0.000301,3.742530,0.000000,0.000000,0.000000,0.000000,2.171733
9370.0,0.000000,0.000000,0.000000,-0.000612,3.742530,0.000000,0.000000,0.000000,0.000000,2.171733
9380.0,0.000000,0.000000,0.000000,-0.000301,3.742530,0.000000,0.000000,0.000000,0.000000,2.171733
9390.0,0.000000,0.000000,0.000000,0.000301,3.742530,0.000000,0.000000,0.000000,-0.000808,2.171733
9400.0,0.000000,0.000000,0.000000,0.000301,3.742530,0.000000,0.000000,0.000000,0.000004,2.171733
9410.0,0.000000,0.000000,0.000000,-0.000612,3.742530,0.000000,0.000000,0.000000,0.000000,2.171733
9420.0,0.000000,0.000000,0.000000,0.000000,3.742530,0.000000,0.000000,0.000000,-0.000799,2.171733
9430.0,0.000000,0.000000,0.000000,0.000000,3.742530,0.000000,0.000000,0.000000,0.000804,2.171733
9440.0,0.000000,0.000000,0.000000,0.000301,3.742530,0.000000,0.000000,0.000000,0.000004,2.171733
9450.0,0.000000,0.000000,0.000000,0.000000,3.742530,0.000000,0.000000,0.000000,0.000000,2.171733
9460.0,0.000000,0.000000,0.000000,0.000000,3.742530,0.000000,0.000000,0.000000,0.000000,2.171733
9470.0,0.000000,0.000000,0.000000,0.000000,3.742530,0.000000,0.000000,0.000000,0.000000,2.171733
9480.0,0.000000,0.000000,0.000000,-0.000301,3.742530,0.000000,0.000000,0.000000,-0.000804,2.171733
9490.0,0.000000,0.000000,0.000000,-0.002137,3.742530,0.000000,0.000000,0.000000,0.000000,2.171733
9500.0,0.000000,0.000000,0.000000,0.000000,3.742530,0.000000,0.000000,0.000000,0.000000,2.171733
9510.0,0.000000,0.000000,0.000000,-0.000913,3.742530,0.000000,0.000000,0.000000,0.001612,2.171733
9520.0,0.000000,0.000000,0.000000,-0.000612,3.742530,0.000000,0.000000,0.000000,0.000000,2.171733
9530.0,0.000000,0.000000,0.000000,-0.000301,3.742530,0.000000,0.000000,0.000000,0.000004,2.171733
9540.0,0.000000,0.000000,0.000000,0.000000,3.742530,0.000000,0.000000,0.000000,-0.001607,2.171733
9550.0,0.000000,0.000000,0.000000,0.000000,3.742530,0.000000,0.000000,0.000000,0.000000,2.171733
9560.0,0.000000,0.000000,0.000000,-0.000612,3.742530,0.000000,0.000000,0.000000,0.000004,2.171733
9570.0,0.000000,0.000000,0.000000,-0.000301,3.742530,0.000000,0.000000,0.000000,0.000000,2.171733
9580.0,0.000000,0.000000,0.000000,0.000310,3.742530,0.000000,0.000000,0.000000,-0.000004,2.171733
9590.0,0.000000,0.000000,0.000000,-0.000301,3.742530,0.000000,0.000000,0.000000,-0.000799,2.171733
9600.0,0.000000,0.000000,0.000000,0.000000,3.742530,0.000000,0.000000,0.000000,0.001612,2.171733
9610.0,0.000000,0.000000,0.000000,0.000301,3.742530,0.000000,0.000000,0.000000,0.000804,2.171733
9620.0,0.000000,0.000000,0.000000,0.000000,3.742530,0.000000,0.000000,0.000000,0.000000,2.171733
9630.0,0.000000,0.000000,0.000000,0.000000,3.742530,0.000000,0.000000,0.000000,0.000004,2.171733
9640.0,0.000000,0.000000,0.000000,0.000301,3.742530,0.000000,0.000000,0.000000,-0.000804,2.171733
9650.0,0.000000,0.000000,0.000000,0.000310,3.742530,0.000000,0.000000,0.000000,0.000808,2.171733
9660.0,0.000000,0.000000,0.000000,0.000612,3.742530,0.000000,0.000000,0.000000,0.000000,2.171733
9670.0,0.000000,0.000000,0.000000,0.000000,3.742530,0.000000,0.000000,0.000000,-0.000808,2.171733
9680.0,0.000000,0.000000,0.000000,0.000301,3.742530,0.000000,0.000000,0.000000,-0.000808,2.171733
9690.0,0.000000,0.000000,0.000000,-0.000612,3.742530,0.000000,0.000000,0.000000,-0.000804,2.171733
9700.0,0.000000,0.000000,0.000000,-0.000301,3.742530,0.000000,0.000000,0.000000,0.000000,2.171733
9710.0,0.000000,0.000000,0.000000,0.000000,3.742530,0.000000,0.000000,0.000000,0.000808,2.171733
9720.0,0.000000,0.000000,0.000000,-0.000612,3.742530,0.000000,0.000000,0.000000,-0.000799,2.171733
9730.0,0.000000,0.000000,0.000000,0.000000,3.742530,0.000000,0.000000,0.000000,0.000808,2.171733
9740.0,0.000000,0.000000,0.000000,0.000612,3.742530,0.000000,0.000000,0.000000,0.000000,2.171733
9750.0,0.000000,0.000000,0.000000,-0.000612,3.742530,0.000000,0.000000,0.000000,-0.000808,2.171733
9760.0,0.000000,0.000000,0.000000,0.000000,3.742530,0.000000,0.000000,0.000000,0.000804,2.171733
9770.0,0.000000,0.000000,0.000000,0.000000,3.742530,0.000000,0.000000,0.000000,-0.001612,2.171733
9780.0,0.000000,0.000000,0.000000,0.000301,3.742530,0.000000,0.000000,0.000000,0.000804,2.171733
9790.0,0.000000,0.000000,0.000000,0.000000,3.742530,0.000000,0.000000,0.000000,-0.000804,2.171733
9800.0,0.000000,0.000000,0.000000,-0.000301,3.742530,0.000000,0.000000,0.000000,0.000804,2.171733
9810.0,0.000000,0.000000,0.000000,0.000612,3.742530,0.000000,0.000000,0.000000,0.000808,2.171733
9820.0,0.000000,0.000000,0.000000,0.000000,3.742530,0.000000,0.000000,0.000000,0.000000,2.171733
9830.0,0.000000,0.000000,0.000000,0.000612,3.742530,0.000000,0.000000,0.000000,0.000004,2.171733
9840.0,0.000000,0.000000,0.000000,-0.000612,3.742530,0.000000,0.000000,0.000000,-0.000804,2.171733
9850.0,0.000000,0.000000,0.000000,0.000612,3.742530,0.000000,0.000000,0.000000,-0.002415,2.171733
9860.0,0.000000,0.000000,0.000000,0.000000,3.742530,0.000000,0.000000,0.000000,0.000000,2.171733
9870.0,0.000000,0.000000,0.000000,0.000000,3.742530,0.000000,0.000000,0.000000,-0.000804,2.171733
9880.0,0.000000,0.000000,0.000000,-0.000612,3.742530,0.000000,0.000000,0.000000,0.000799,2.171733
9890.0,0.000000,0.000000,0.000000,0.000612,3.742530,0.000000,0.000000,0.000000,-0.000804,2.171733
9900.0,0.000000,0.000000,0.000000,0.000000,3.742530,0.000000,0.000000,0.000000,0.001616,2.171733
9910.0,0.000000,0.000000,0.000000,0.000000,3.742530,0.000000,0.000000,0.000000,0.000000,2.171733
9920.0,0.000000,0.000000,0.000000,0.001214,3.742530,0.000000,0.000000,0.000000,0.000804,2.171733
9930.0,0.000000,0.000000,0.000000,0.000000,3.742530,0.000000,0.000000,0.000000,0.000004,2.171733
9940.0,0.000000,0.000000,0.000000,0.000301,3.742530,0.000000,0.000000,0.000000,0.000808,2.171733
9950.0,0.000000,0.000000,0.000000,-0.000301,3.742530,0.000000,0.000000,0.000000,-0.000804,2.171733
9960.0,0.000000,0.000000,0.000000,0.000612,3.742530,0.000000,0.000000,0.000000,0.000000,2.171733
9970.0,0.000000,0.000000,0.000000,0.000612,3.742530,0.000000,0.000000,0.000000,0.000004,2.171733
9980.0,0.000000,0.000000,0.000000,0.000301,3.742530,0.000000,0.000000,0.000000,0.000804,2.171733
9990.0,0.000000,0.000000,0.000000,0.000000,3.742530,0.000000,0.000000,0.000000,-0.000799,2.171733
10000.0,0.000000,0.000000,0.000000,0.000000,3.742530,0.000000,0.000000,0.000000,0.000000,2.171733
10010.0,0.000000,0.000000,0.000000,0.000612,3.742530,0.000000,0.000000,0.000000,0.000000,2.171733
10020.0,0.000000,0.000000,0.000000,0.000913,3.742530,0.000000,0.000000,0.000000,-0.000804,2.171733
10030.0,0.000000,0.000000,0.000000,-0.000301,3.742530,0.000000,0.000000,0.000000,0.000000,2.171733
10040.0,0.000000,0.000000,0.000000,-0.001525,3.742530,0.000000,0.000000,0.000000,0.001607,2.171733
10050.0,0.000000,0.000000,0.000000,0.000612,3.742530,0.000000,0.000000,0.000000,0.000000,2.171733
10060.0,0.000000,0.000000,0.000000,0.000301,3.742530,0.000000,0.000000,0.000000,0.000004,2.171733
10070.0,0.000000,0.000000,0.000000,0.000913,3.742530,0.000000,0.000000,0.000000,0.000000,2.171733
10080.0,0.000000,0.000000,0.000000,-0.000301,3.742530,0.000000,0.000000,0.000000,-0.001612,2.171733
10090.0,0.000000,0.000000,0.000000,0.000000,3.742530,0.000000,0.000000,0.000000,0.000000,2.171733
10100.0,0.000000,0.000000,0.000000,-0.000301,3.742530,0.000000,0.000000,0.000000,0.000808,2.171733
10110.0,0.000000,0.000000,0.000000,0.000000,3.742530,0.000000,0.000000,0.000000,0.000000,2.171733
10120.0,0.000000,0.000000,0.000000,0.000000,3.742530,0.000000,0.000000,0.000000,-0.001612,2.171733
10130.0,0.000000,0.000000,0.000000,0.000000,3.742530,0.000000,0.000000,0.000000,-0.000808,2.171733
10140.0,0.000000,0.000000,0.000000,0.000000,3.742530,0.000000,0.000000,0.000000,-0.000804,2.171733
10150.0,0.000000,0.000000,0.000000,0.000000,3.742530,0.000000,0.000000,0.000000,-0.002420,2.171733
10160.0,0.000000,0.000000,0.000000,0.000301,3.742530,0.000000,0.000000,0.000000,0.000808,2.171733
10170.0,0.000000,0.000000,0.000000,0.000310,3.742530,0.000000,0.000000,0.000000,0.000000,2.171733
10180.0,0.000000,0.000000,0.000000,0.000310,3.742530,0.000000,0.000000,0.000000,0.000804,2.171733
10190.0,0.000000,0.000000,0.000000,-0.000913,3.742530,0.000000,0.000000,0.000000,-0.000804,2.171733
10200.0,0.000000,0.000000,0.000000,0.000310,3.742530,0.000000,0.000000,0.000000,0.000808,2.171733
10210.0,0.000000,0.000000,0.000000,-0.000301,3.742530,0.000000,0.000000,0.000000,-0.000804,2.171733
10220.0,0.000000,0.000000,0.000000,0.000000,3.742530,0.000000,0.000000,0.000000,0.000808,2.171733
10230.0,0.000000,0.000000,0.000000,0.000612,3.742530,0.000000,0.000000,0.000000,-0.000004,2.171733
10240.0,0.000000,0.000000,0.000000,0.000000,3.742530,0.000000,0.000000,0.000000,0.000000,2.171733
10250.0,0.000000,0.000000,0.000000,-0.000301,3.742530,0.000000,0.000000,0.000000,0.001612,2.171733
10260.0,0.000000,0.000000,0.000000,0.000000,3.742530,0.000000,0.000000,0.000000,0.000808,2.171733
10270.0,0.000000,0.000000,0.000000,-0.000612,3.742530,0.000000,0.000000,0.000000,0.000000,2.171733
10280.0,0.000000,0.000000,0.000000,-0.000612,3.742530,0.000000,0.000000,0.000000,0.000004,2.171733
10290.0,0.000000,0.000000,0.000000,-0.000612,3.742530,0.000000,0.000000,0.000000,0.000808,2.171733
10300.0,0.000000,0.000000,0.000000,0.000000,3.742530,0.000000,0.000000,0.000000,-0.000799,2.171733
10310.0,0.000000,0.000000,0.000000,0.000000,3.742530,0.000000,0.000000,0.000000,0.000000,2.171733
10320.0,0.000000,0.000000,0.000000,0.000000,3.742530,0.000000,0.000000,0.000000,-0.000808,2.171733
10330.0,0.000000,0.000000,0.000000,-0.000621,3.742530,0.000000,0.000000,0.000000,0.000000,2.171733
10340.0,0.000000,0.000000,0.000000,-0.000301,3.742530,0.000000,0.000000,0.000000,0.000000,2.171733
10350.0,0.000000,0.000000,0.000000,-0.000612,3.742530,0.000000,0.000000,0.000000,0.000000,2.171733
10360.0,0.000000,0.000000,0.000000,-0.000913,3.742530,0.000000,0.000000,0.000000,-0.001612,2.171733
10370.0,0.000000,0.000000,0.000000,0.000612,3.742530,0.000000,0.000000,0.000000,0.001612,2.171733
10380.0,0.000000,0.000000,0.000000,0.000000,3.742530,0.000000,0.000000,0.000000,-0.002411,2.171733
10390.0,0.000000,0.000000,0.000000,-0.000913,3.742530,0.000000,0.000000,0.000000,0.000804,2.171733
10400.0,0.000000,0.000000,0.000000,0.000000,3.742530,0.000000,0.000000,0.000000,-0.001612,2.171733
10410.0,0.000000,0.000000,0.000000,0.000000,3.742530,0.000000,0.000000,0.000000,0.000804,2.171733
10420.0,0.000000,0.000000,0.000000,-0.000612,3.742530,0.000000,0.000000,0.000000,0.001607,2.171733
10430.0,0.000000,0.000000,0.000000,-0.000301,3.742530,0.000000,0.000000,0.000000,0.000004,2.171733
10440.0,0.000000,0.000000,0.000000,0.000301,3.742530,0.000000,0.000000,0.000000,0.000000,2.171733
10450.0,0.000000,0.000000,0.000000,0.001516,3.742530,0.000000,0.000000,0.000000,0.000808,2.171733
10460.0,0.000000,0.000000,0.000000,0.000000,3.742530,0.000000,0.000000,0.000000,0.000808,2.171733
10470.0,0.000000,0.000000,0.000000,0.000913,3.742530,0.000000,0.000000,0.000000,-0.000799,2.171733
10480.0,0.000000,0.000000,0.000000,0.000612,3.742530,0.000000,0.000000,0.000000,-0.000804,2.171733
10490.0,0.000000,0.000000,0.000000,-0.000301,3.742530,0.000000,0.000000,0.000000,0.000004,2.171733
10500.0,0.000000,0.000000,0.000000,0.000000,3.742530,0.000000,0.000000,0.000000,0.000804,2.171733
10510.0,0.000000,0.000000,0.000000,0.000612,3.742530,0.000000,0.000000,0.000000,0.000000,2.171733
10520.0,0.000000,0.000000,0.000000,0.000000,3.742530,0.000000,0.000000,0.000000,0.000804,2.171733
10530.0,0.000000,0.000000,0.000000,-0.000301,3.742530,0.000000,0.000000,0.000000,-0.000804,2.171733
10540.0,0.000000,0.000000,0.000000,0.000301,3.742530,0.000000,0.000000,0.000000,0.000000,2.171733
10550.0,0.000000,0.000000,0.000000,-0.000612,3.742530,0.000000,0.000000,0.000000,-0.000804,2.171733
10560.0,0.000000,0.000000,0.000000,0.000000,3.742530,0.000000,0.000000,0.000000,0.000000,2.171733
10570.0,0.000000,0.000000,0.000000,0.000000,3.742530,0.000000,0.000000,0.000000,-0.001607,2.171733
10580.0,0.000000,0.000000,0.000000,-0.000612,3.742530,0.000000,0.000000,0.000000,0.000000,2.171733
10590.0,0.000000,0.000000,0.000000,0.000000,3.742530,0.000000,0.000000,0.000000,0.000808,2.171733
10600.0,0.000000,0.000000,0.000000,-0.000301,3.742530,0.000000,0.000000,0.000000,0.000000,2.171733
10610.0,0.000000,0.000000,0.000000,0.000913,3.742530,0.000000,0.000000,0.000000,0.000004,2.171733
10620.0,0.000000,0.000000,0.000000,0.000612,3.742530,0.000000,0.000000,0.000000,0.000000,2.171733
10630.0,0.000000,0.000000,0.000000,0.000612,3.742530,0.000000,0.000000,0.000000,0.000808,2.171733
10640.0,0.000000,0.000000,0.000000,0.000612,3.742530,0.000000,0.000000,0.000000,0.000000,2.171733
10650.0,0.000000,0.000000,0.000000,0.000000,3.742530,0.000000,0.000000,0.000000,0.000000,2.171733
10660.0,0.000000,0.000000,0.000000,-0.000612,3.742530,0.000000,0.000000,0.000000,-0.000808,2.171733
10670.0,0.000000,0.000000,0.000000,0.000000,3.742530,0.000000,0.000000,0.000000,-0.001607,2.171733
10680.0,0.000000,0.000000,0.000000,-0.000301,3.742530,0.000000,0.000000,0.000000,-0.000808,2.171733
10690.0,0.000000,0.000000,0.000000,0.000301,3.742530,0.000000,0.000000,0.000000,0.003219,2.171733
10700.0,0.000000,0.000000,0.000000,0.000000,3.742530,0.000000,0.000000,0.000000,0.000000,2.171733
10710.0,0.000000,0.000000,0.000000,0.000000,3.742530,0.000000,0.000000,0.000000,0.000804,2.171733
10720.0,0.000000,0.000000,0.000000,-0.000612,3.742530,0.000000,0.000000,0.000000,0.000000,2.171733
10730.0,0.000000,0.000000,0.000000,0.000000,3.742530,0.000000,0.000000,0.000000,0.000004,2.171733
10740.0,0.000000,0.000000,0.000000,0.000612,3.742530,0.000000,0.000000,0.000000,0.000808,2.171733
10750.0,0.000000,0.000000,0.000000,-0.000301,3.742530,0.000000,0.000000,0.000000,-0.001607,2.171733
10760.0,0.000000,0.000000,0.000000,0.000000,3.742530,0.000000,0.000000,0.000000,0.000804,2.171733
10770.0,0.000000,0.000000,0.000000,0.000000,3.742530,0.000000,0.000000,0.000000,0.000000,2.171733
10780.0,0.000000,0.000000,0.000000,0.000612,3.742530,0.000000,0.000000,0.000000,0.000000,2.171733
10790.0,0.000000,0.000000,0.000000,-0.000310,3.742530,0.000000,0.000000,0.000000,0.000004,2.171733
10800.0,0.000000,0.000000,0.000000,-0.000009,3.742530,0.000000,0.000000,0.000000,0.000804,2.171733
10810.0,0.000000,0.000000,0.000000,0.000000,3.742530,0.000000,0.000000,0.000000,0.000004,2.171733
10820.0,0.000000,0.000000,0.000000,0.000000,3.742530,0.000000,0.000000,0.000000,0.000000,2.171733
10830.0,0.000000,0.000000,0.000000,0.000612,3.742530,0.000000,0.000000,0.000000,-0.000804,2.171733
10840.0,0.000000,0.000000,0.000000,-0.000913,3.742530,0.000000,0.000000,0.000000,0.000804,2.171733
10850.0,0.000000,0.000000,0.000000,-0.000301,3.742530,0.000000,0.000000,0.000000,-0.000804,2.171733
10860.0,0.000000,0.000000,0.000000,0.000000,3.742530,0.000000,0.000000,0.000000,-0.000804,2.171733
10870.0,0.000000,0.000000,0.000000,0.000000,3.742530,0.000000,0.000000,0.000000,0.000000,2.171733
10880.0,0.000000,0.000000,0.000000,0.001525,3.742530,0.000000,0.000000,0.000000,0.000808,2.171733
10890.0,0.000000,0.000000,0.000000,-0.000612,3.742530,0.000000,0.000000,0.000000,0.000808,2.171733
10900.0,0.000000,0.000000,0.000000,-0.000913,3.742530,0.000000,0.000000,0.000000,0.001607,2.171733
10910.0,0.000000,0.000000,0.000000,0.000000,3.742530,0.000000,0.000000,0.000000,0.000000,2.171733
10920.0,0.000000,0.000000,0.000000,0.000000,3.742530,0.000000,0.000000,0.000000,-0.000799,2.171733
10930.0,0.000000,0.000000,0.000000,0.000310,3.742530,0.000000,0.000000,0.000000,-0.000808,2.171733
10940.0,0.000000,0.000000,0.000000,0.000000,3.742530,0.000000,0.000000,0.000000,-0.001607,2.171733
10950.0,0.000000,0.000000,0.000000,0.000000,3.742530,0.000000,0.000000,0.000000,0.001612,2.171733
10960.0,0.000000,0.000000,0.000000,-0.001223,3.742530,0.000000,0.000000,0.000000,0.000004,2.171733
10970.0,0.000000,0.000000,0.000000,-0.000913,3.742530,0.000000,0.000000,0.000000,0.000804,2.171733
10980.0,0.000000,0.000000,0.000000,0.000000,3.742530,0.000000,0.000000,0.000000,-0.000804,2.171733
10990.0,0.000000,0.000000,0.000000,0.000000,3.742530,0.000000,0.000000,0.000000,-0.000808,2.171733
11000.0,0.000000,0.000000,0.000000,0.000000,3.742530,0.000000,0.000000,0.000000,-0.000804,2.171733
11010.0,0.000000,0.000000,0.000000,0.000000,3.742530,0.000000,0.000000,0.000000,0.000004,2.171733
11020.0,0.000000,0.000000,0.000000,0.000612,3.742530,0.000000,0.000000,0.000000,0.000004,2.171733
11030.0,0.000000,0.000000,0.000000,0.000000,3.742530,0.000000,0.000000,0.000000,0.000000,2.171733
11040.0,0.000000,0.000000,0.000000,-0.000612,3.742530,0.000000,0.000000,0.000000,0.000000,2.171733
11050.0,0.000000,0.000000,0.000000,-0.000301,3.742530,0.000000,0.000000,0.000000,0.001612,2.171733
11060.0,0.000000,0.000000,0.000000,0.000000,3.742530,0.000000,0.000000,0.000000,0.000808,2.171733
11070.0,0.000000,0.000000,0.000000,-0.000301,3.742530,0.000000,0.000000,0.000000,0.000004,2.171733
11080.0,0.000000,0.000000,0.000000,-0.000301,3.742530,0.000000,0.000000,0.000000,0.000004,2.171733
11090.0,0.000000,0.000000,0.000000,0.000000,3.742530,0.000000,0.000000,0.000000,-0.000004,2.171733
11100.0,0.000000,0.000000,0.000000,0.000310,3.742530,0.000000,0.000000,0.000000,-0.000804,2.171733
11110.0,0.000000,0.000000,0.000000,-0.000612,3.742530,0.000000,0.000000,0.000000,-0.000808,2.171733
11120.0,0.000000,0.000000,0.000000,-0.000009,3.742530,0.000000,0.000000,0.000000,0.000000,2.171733
11130.0,0.000000,0.000000,0.000000,0.000000,3.742530,0.000000,0.000000,0.000000,-0.000804,2.171733
11140.0,0.000000,0.000000,0.000000,0.000000,3.742530,0.000000,0.000000,0.000000,-0.000799,2.171733
11150.0,0.000000,0.000000,0.000000,0.000000,3.742530,0.000000,0.000000,0.000000,-0.000804,2.171733
11160.0,0.000000,0.000000,0.000000,-0.000301,3.742530,0.000000,0.000000,0.000000,0.000804,2.171733
11170.0,0.000000,0.000000,0.000000,0.000310,3.742530,0.000000,0.000000,0.000000,-0.000808,2.171733
11180.0,0.000000,0.000000,0.000000,-0.000310,3.742530,0.000000,0.000000,0.000000,-0.000804,2.171733
11190.0,0.000000,0.000000,0.000000,0.000301,3.742530,0.000000,0.000000,0.000000,-0.000804,2.171733
11200.0,0.000000,0.000000,0.000000,0.000612,3.742530,0.000000,0.000000,0.000000,0.000808,2.171733
11210.0,0.000000,0.000000,0.000000,-0.001223,3.742530,0.000000,0.000000,0.000000,0.000000,2.171733
11220.0,0.000000,0.000000,0.000000,0.000000,3.742530,0.000000,0.000000,0.000000,0.000808,2.171733
11230.0,0.000000,0.000000,0.000000,0.000000,3.742530,0.000000,0.000000,0.000000,0.000000,2.171733
11240.0,0.000000,0.000000,0.000000,0.000612,3.742530,0.000000,0.000000,0.000000,-0.000804,2.171733
11250.0,0.000000,0.000000,0.000000,0.000301,3.742530,0.000000,0.000000,0.000000,0.000000,2.171733
11260.0,0.000000,0.000000,0.000000,0.001525,3.742530,0.000000,0.000000,0.000000,0.000000,2.171733
11270.0,0.000000,0.000000,0.000000,0.000000,3.742530,0.000000,0.000000,0.000000,0.001612,2.171733
11280.0,0.000000,0.000000,0.000000,0.000301,3.742530,0.000000,0.000000,0.000000,0.000004,2.171733
11290.0,0.000000,0.000000,0.000000,-0.000612,3.742530,0.000000,0.000000,0.000000,0.000000,2.171733
11300.0,0.000000,0.000000,0.000000,0.000612,3.742530,0.000000,0.000000,0.000000,-0.001607,2.171733
11310.0,0.000000,0.000000,0.000000,0.000000,3.742530,0.000000,0.000000,0.000000,-0.001607,2.171733
11320.0,0.000000,0.000000,0.000000,0.000000,3.742530,0.000000,0.000000,0.000000,0.000804,2.171733
11330.0,0.000000,0.000000,0.000000,0.000301,3.742530,0.000000,0.000000,0.000000,0.000804,2.171733
11340.0,0.000000,0.000000,0.000000,0.000000,3.742530,0.000000,0.000000,0.000000,-0.001603,2.171733
11350.0,0.000000,0.000000,0.000000,-0.000612,3.742530,0.000000,0.000000,0.000000,0.000804,2.171733
11360.0,0.000000,0.000000,0.000000,0.000000,3.742530,0.000000,0.000000,0.000000,-0.000804,2.171733
11370.0,0.000000,0.000000,0.000000,0.000000,3.742530,0.000000,0.000000,0.000000,0.002420,2.171733
11380.0,0.000000,0.000000,0.000000,0.000000,3.742530,0.000000,0.000000,0.000000,-0.000799,2.171733
11390.0,0.000000,0.000000,0.000000,0.000000,3.742530,0.000000,0.000000,0.000000,0.000000,2.171733
11400.0,0.000000,0.000000,0.000000,0.000000,3.742530,0.000000,0.000000,0.000000,0.000808,2.171733
11410.0,0.000000,0.000000,0.000000,0.000603,3.742530,0.000000,0.000000,0.000000,0.001607,2.171733
11420.0,0.000000,0.000000,0.000000,0.000000,3.742530,0.000000,0.000000,0.000000,0.000808,2.171733
11430.0,0.000000,0.000000,0.000000,0.000000,3.742530,0.000000,0.000000,0.000000,0.000808,2.171733
11440.0,0.000000,0.000000,0.000000,0.000000,3.742530,0.000000,0.000000,0.000000,0.000808,2.171733
11450.0,0.000000,0.000000,0.000000,0.000000,3.742530,0.000000,0.000000,0.000000,0.000804,2.171733
11460.0,0.000000,0.000000,0.000000,0.000000,3.742530,0.000000,0.000000,0.000000,0.000808,2.171733
11470.0,0.000000,0.000000,0.000000,0.000000,3.742530,0.000000,0.000000,0.000000,-0.000808,2.171733
11480.0,0.000000,0.000000,0.000000,0.000913,3.742530,0.000000,0.000000,0.000000,0.000004,2.171733
11490.0,0.000000,0.000000,0.000000,0.000000,3.742530,0.000000,0.000000,0.000000,0.000804,2.171733
11500.0,0.000000,0.000000,0.000000,0.000000,3.742530,0.000000,0.000000,0.000000,0.000004,2.171733
11510.0,0.000000,0.000000,0.000000,0.000000,3.742530,0.000000,0.000000,0.000000,0.000804,2.171733
11520.0,0.000000,0.000000,0.000000,0.000301,3.742530,0.000000,0.000000,0.000000,0.000808,2.171733
11530.0,0.000000,0.000000,0.000000,0.000612,3.742530,0.000000,0.000000,0.000000,0.000808,2.171733
11540.0,0.000000,0.000000,0.000000,-0.000310,3.742530,0.000000,0.000000,0.000000,0.000000,2.171733
11550.0,0.000000,0.000000,0.000000,0.000000,3.742530,0.000000,0.000000,0.000000,-0.002420,2.171733
11560.0,0.000000,0.000000,0.000000,0.000913,3.742530,0.000000,0.000000,0.000000,0.000804,2.171733
11570.0,0.000000,0.000000,0.000000,-0.000612,3.742530,0.000000,0.000000,0.000000,-0.000804,2.171733
11580.0,0.000000,0.000000,0.000000,-0.001223,3.742530,0.000000,0.000000,0.000000,0.000004,2.171733
11590.0,0.000000,0.000000,0.000000,-0.000301,3.742530,0.000000,0.000000,0.000000,0.000804,2.171733
11600.0,0.000000,0.000000,0.000000,-0.000301,3.742530,0.000000,0.000000,0.000000,0.000004,2.171733
11610.0,0.000000,0.000000,0.000000,-0.000913,3.742530,0.000000,0.000000,0.000000,0.000000,2.171733
11620.0,0.000000,0.000000,0.000000,0.000000,3.742530,0.000000,0.000000,0.000000,-0.001612,2.171733
11630.0,0.000000,0.000000,0.000000,0.000612,3.742530,0.000000,0.000000,0.000000,0.000808,2.171733
11640.0,0.000000,0.000000,0.000000,0.000612,3.742530,0.000000,0.000000,0.000000,0.000004,2.171733
11650.0,0.000000,0.000000,0.000000,0.000301,3.742530,0.000000,0.000000,0.000000,0.000000,2.171733
11660.0,0.000000,0.000000,0.000000,-0.002137,3.742530,0.000000,0.000000,0.000000,0.000004,2.171733
11670.0,0.000000,0.000000,0.000000,-0.000612,3.742530,0.000000,0.000000,0.000000,0.000000,2.171733
11680.0,0.000000,0.000000,0.000000,0.000000,3.742530,0.000000,0.000000,0.000000,0.000808,2.171733
11690.0,0.000000,0.000000,0.000000,0.000000,3.742530,0.000000,0.000000,0.000000,0.000000,2.171733
11700.0,0.000000,0.000000,0.000000,0.000913,3.742530,0.000000,0.000000,0.000000,0.001607,2.171733
11710.0,0.000000,0.000000,0.000000,0.000000,3.742530,0.000000,0.000000,0.000000,-0.002415,2.171733
11720.0,0.000000,0.000000,0.000000,-0.000310,3.742530,0.000000,0.000000,0.000000,-0.001612,2.171733
11730.0,0.000000,0.000000,0.000000,0.000301,3.742530,0.000000,0.000000,0.000000,-0.002415,2.171733
11740.0,0.000000,0.000000,0.000000,0.000000,3.742530,0.000000,0.000000,0.000000,-0.001612,2.171733
11750.0,0.000000,0.000000,0.000000,0.000612,3.742530,0.000000,0.000000,0.000000,-0.002411,2.171733
11760.0,0.000000,0.000000,0.000000,0.000603,3.742530,0.000000,0.000000,0.000000,0.000808,2.171733
11770.0,0.000000,0.000000,0.000000,0.001223,3.742530,0.000000,0.000000,0.000000,0.000808,2.171733
11780.0,0.000000,0.000000,0.000000,0.000612,3.742530,0.000000,0.000000,0.000000,-0.000808,2.171733
11790.0,0.000000,0.000000,0.000000,-0.000301,3.742530,0.000000,0.000000,0.000000,0.000004,2.171733
11800.0,0.000000,0.000000,0.000000,0.000000,3.742530,0.000000,0.000000,0.000000,-0.000808,2.171733
11810.0,0.000000,0.000000,0.000000,0.000000,3.742530,0.000000,0.000000,0.000000,0.000804,2.171733
11820.0,0.000000,0.000000,0.000000,-0.000612,3.742530,0.000000,0.000000,0.000000,0.000000,2.171733
11830.0,0.000000,0.000000,0.000000,0.000301,3.742530,0.000000,0.000000,0.000000,0.000808,2.171733
11840.0,0.000000,0.000000,0.000000,0.000000,3.742530,0.000000,0.000000,0.000000,0.000804,2.171733
11850.0,0.000000,0.000000,0.000000,-0.000612,3.742530,0.000000,0.000000,0.000000,-0.001607,2.171733
11860.0,0.000000,0.000000,0.000000,0.000000,3.742530,0.000000,0.000000,0.000000,0.000804,2.171733
11870.0,0.000000,0.000000,0.000000,-0.000310,3.742530,0.000000,0.000000,0.000000,0.000000,2.171733
11880.0,0.000000,0.000000,0.000000,-0.000612,3.742530,0.000000,0.000000,0.000000,-0.000804,2.171733
11890.0,0.000000,0.000000,0.000000,0.000301,3.742530,0.000000,0.000000,0.000000,0.000808,2.171733
11900.0,0.000000,0.000000,0.000000,0.000000,3.742530,0.000000,0.000000,0.000000,0.000000,2.171733
11910.0,0.000000,0.000000,0.000000,0.000301,3.742530,0.000000,0.000000,0.000000,0.000812,2.171733
11920.0,0.000000,0.000000,0.000000,-0.000612,3.742530,0.000000,0.000000,0.000000,0.000808,2.171733
11930.0,0.000000,0.000000,0.000000,0.000000,3.742530,0.000000,0.000000,0.000000,0.001612,2.171733
11940.0,0.000000,0.000000,0.000000,0.001516,3.742530,0.000000,0.000000,0.000000,0.001603,2.171733
11950.0,0.000000,0.000000,0.000000,-0.000612,3.742530,0.000000,0.000000,0.000000,0.000808,2.171733
11960.0,0.000000,0.000000,0.000000,-0.000913,3.742530,0.000000,0.000000,0.000000,0.000004,2.171733
11970.0,0.000000,0.000000,0.000000,0.000000,3.742530,0.000000,0.000000,0.000000,0.000808,2.171733
11980.0,0.000000,0.000000,0.000000,-0.000009,3.742530,0.000000,0.000000,0.000000,0.000004,2.171733
11990.0,0.000000,0.000000,0.000000,-0.000301,3.742530,0.000000,0.000000,0.000000,0.000000,2.171733
12000.0,0.000000,0.000000,0.000000,0.000000,3.742530,0.000000,0.000000,0.000000,0.000000,2.171733
12010.0,0.000000,0.000000,0.000000,-0.000301,3.742530,0.000000,0.000000,0.000000,-0.000804,2.171733
12020.0,0.000000,0.000000,0.000000,0.000000,3.742530,0.000000,0.000000,0.000000,-0.000004,2.171733
12030.0,0.000000,0.000000,0.000000,0.000913,3.742530,0.000000,0.000000,0.000000,0.000000,2.171733
12040.0,0.000000,0.000000,0.000000,0.000612,3.742530,0.000000,0.000000,0.000000,0.001607,2.171733
12050.0,0.000000,0.000000,0.000000,-0.000301,3.742530,0.000000,0.000000,0.000000,-0.001607,2.171733
12060.0,0.000000,0.000000,0.000000,-0.000310,3.742530,0.000000,0.000000,0.000000,0.000000,2.171733
12070.0,0.000000,0.000000,0.000000,0.000000,3.742530,0.000000,0.000000,0.000000,0.000000,2.171733
12080.0,0.000000,0.000000,0.000000,0.000000,3.742530,0.000000,0.000000,0.000000,-0.000804,2.171733
12090.0,0.000000,0.000000,0.000000,0.000301,3.742530,0.000000,0.000000,0.000000,0.001616,2.171733
12100.0,0.000000,0.000000,0.000000,0.000000,3.742530,0.000000,0.000000,0.000000,-0.000804,2.171733
12110.0,0.000000,0.000000,0.000000,0.000000,3.742530,0.000000,0.000000,0.000000,0.000004,2.171733
12120.0,0.000000,0.000000,0.000000,-0.000612,3.742530,0.000000,0.000000,0.000000,0.000808,2.171733
12130.0,0.000000,0.000000,0.000000,0.000612,3.742530,0.000000,0.000000,0.000000,0.000004,2.171733
12140.0,0.000000,0.000000,0.000000,-0.000310,3.742530,0.000000,0.000000,0.000000,0.000808,2.171733
12150.0,0.000000,0.000000,0.000000,0.000000,3.742530,0.000000,0.000000,0.000000,-0.000804,2.171733
12160.0,0.000000,0.000000,0.000000,-0.000310,3.742530,0.000000,0.000000,0.000000,-0.000804,2.171733
12170.0,0.000000,0.000000,0.000000,-0.000913,3.742530,0.000000,0.000000,0.000000,-0.000804,2.171733
12180.0,0.000000,0.000000,0.000000,0.000612,3.742530,0.000000,0.000000,0.000000,0.000000,2.171733
12190.0,0.000000,0.000000,0.000000,-0.000612,3.742530,0.000000,0.000000,0.000000,0.000000,2.171733
12200.0,0.000000,0.000000,0.000000,-0.000310,3.742530,0.000000,0.000000,0.000000,0.000000,2.171733
12210.0,0.000000,0.000000,0.000000,0.000301,3.742530,0.000000,0.000000,0.000000,-0.000804,2.171733
12220.0,0.000000,0.000000,0.000000,-0.000301,3.742530,0.000000,0.000000,0.000000,0.000000,2.171733
12230.0,0.000000,0.000000,0.000000,-0.000913,3.742530,0.000000,0.000000,0.000000,0.000000,2.171733
12240.0,0.000000,0.000000,0.000000,0.000612,3.742530,0.000000,0.000000,0.000000,-0.000804,2.171733
12250.0,0.000000,0.000000,0.000000,0.000301,3.742530,0.000000,0.000000,0.000000,0.000808,2.171733
12260.0,0.000000,0.000000,0.000000,0.000612,3.742530,0.000000,0.000000,0.000000,0.000808,2.171733
12270.0,0.000000,0.000000,0.000000,-0.000301,3.742530,0.000000,0.000000,0.000000,0.000808,2.171733
12280.0,0.000000,0.000000,0.000000,0.000000,3.742530,0.000000,0.000000,0.000000,0.000000,2.171733
12290.0,0.000000,0.000000,0.000000,0.000000,3.742530,0.000000,0.000000,0.000000,-0.000804,2.171733
12300.0,0.000000,0.000000,0.000000,-0.000301,3.742530,0.000000,0.000000,0.000000,-0.000808,2.171733
12310.0,0.000000,0.000000,0.000000,0.000612,3.742530,0.000000,0.000000,0.000000,0.000004,2.171733
12320.0,0.000000,0.000000,0.000000,0.000301,3.742530,0.000000,0.000000,0.000000,-0.000804,2.171733
12330.0,0.000000,0.000000,0.000000,0.000301,3.742530,0.000000,0.000000,0.000000,0.000004,2.171733
12340.0,0.000000,0.000000,0.000000,-0.000612,3.742530,0.000000,0.000000,0.000000,-0.001612,2.171733
12350.0,0.000000,0.000000,0.000000,0.000000,3.742530,0.000000,0.000000,0.000000,0.000808,2.171733
12360.0,0.000000,0.000000,0.000000,0.000913,3.742530,0.000000,0.000000,0.000000,0.000000,2.171733
12370.0,0.000000,0.000000,0.000000,-0.000301,3.742530,0.000000,0.000000,0.000000,0.000000,2.171733
12380.0,0.000000,0.000000,0.000000,-0.000301,3.742530,0.000000,0.000000,0.000000,0.000000,2.171733
12390.0,0.000000,0.000000,0.000000,-0.000612,3.742530,0.000000,0.000000,0.000000,0.000000,2.171733
12400.0,0.000000,0.000000,0.000000,0.000000,3.742530,0.000000,0.000000,0.000000,0.000000,2.171733
12410.0,0.000000,0.000000,0.000000,0.000922,3.742530,0.000000,0.000000,0.000000,0.000808,2.171733
12420.0,0.000000,0.000000,0.000000,-0.000301,3.742530,0.000000,0.000000,0.000000,-0.000808,2.171733
12430.0,0.000000,0.000000,0.000000,-0.000301,3.742530,0.000000,0.000000,0.000000,-0.001607,2.171733
12440.0,0.000000,0.000000,0.000000,0.000612,3.742530,0.000000,0.000000,0.000000,-0.000808,2.171733
12450.0,0.000000,0.000000,0.000000,0.000310,3.742530,0.000000,0.000000,0.000000,0.000808,2.171733
12460.0,0.000000,0.000000,0.000000,0.000612,3.742530,0.000000,0.000000,0.000000,0.000000,2.171733
12470.0,0.000000,0.000000,0.000000,0.000301,3.742530,0.000000,0.000000,0.000000,0.000804,2.171733
12480.0,0.000000,0.000000,0.000000,0.000922,3.742530,0.000000,0.000000,0.000000,0.000804,2.171733
12490.0,0.000000,0.000000,0.000000,-0.000301,3.742530,0.000000,0.000000,0.000000,0.000004,2.171733
12500.0,0.000000,0.000000,0.000000,0.000612,3.742530,0.000000,0.000000,0.000000,0.000804,2.171733
12510.0,0.000000,0.000000,0.000000,0.001223,3.742530,0.000000,0.000000,0.000000,-0.002411,2.171733
12520.0,0.000000,0.000000,0.000000,0.000612,3.742530,0.000000,0.000000,0.000000,0.001612,2.171733
12530.0,0.000000,0.000000,0.000000,-0.000301,3.742530,0.000000,0.000000,0.000000,0.000808,2.171733
12540.0,0.000000,0.000000,0.000000,-0.000301,3.742530,0.000000,0.000000,0.000000,0.000804,2.171733
12550.0,0.000000,0.000000,0.000000,0.000000,3.742530,0.000000,0.000000,0.000000,0.001607,2.171733
12560.0,0.000000,0.000000,0.000000,-0.000301,3.742530,0.000000,0.000000,0.000000,0.000000,2.171733
12570.0,0.000000,0.000000,0.000000,0.000000,3.742530,0.000000,0.000000,0.000000,0.000808,2.171733
12580.0,0.000000,0.000000,0.000000,0.000000,3.742530,0.000000,0.000000,0.000000,0.000808,2.171733
12590.0,0.000000,0.000000,0.000000,0.000913,3.742530,0.000000,0.000000,0.000000,0.000000,2.171733
12600.0,0.000000,0.000000,0.000000,-0.000612,3.742530,0.000000,0.000000,0.000000,0.000004,2.171733
12610.0,0.000000,0.000000,0.000000,0.000000,3.742530,0.000000,0.000000,0.000000,0.000808,2.171733
12620.0,0.000000,0.000000,0.000000,0.000301,3.742530,0.000000,0.000000,0.000000,0.000808,2.171733
12630.0,0.000000,0.000000,0.000000,0.000000,3.742530,0.000000,0.000000,0.000000,0.000804,2.171733
12640.0,0.000000,0.000000,0.000000,0.000000,3.742530,0.000000,0.000000,0.000000,0.002415,2.171733
12650.0,0.000000,0.000000,0.000000,0.000000,3.742530,0.000000,0.000000,0.000000,-0.000808,2.171733
12660.0,0.000000,0.000000,0.000000,0.000310,3.742530,0.000000,0.000000,0.000000,0.000808,2.171733
12670.0,0.000000,0.000000,0.000000,0.000301,3.742530,0.000000,0.000000,0.000000,0.001607,2.171733
12680.0,0.000000,0.000000,0.000000,0.000000,3.742530,0.000000,0.000000,0.000000,-0.001607,2.171733
12690.0,0.000000,0.000000,0.000000,0.000000,3.742530,0.000000,0.000000,0.000000,-0.001612,2.171733
12700.0,0.000000,0.000000,0.000000,0.000913,3.742530,0.000000,0.000000,0.000000,-0.001607,2.171733
12710.0,0.000000,0.000000,0.000000,-0.000612,3.742530,0.000000,0.000000,0.000000,0.000000,2.171733
12720.0,0.000000,0.000000,0.000000,0.000612,3.742530,0.000000,0.000000,0.000000,-0.000804,2.171733
12730.0,0.000000,0.000000,0.000000,-0.000612,3.742530,0.000000,0.000000,0.000000,0.000799,2.171733
12740.0,0.000000,0.000000,0.000000,-0.000913,3.742530,0.000000,0.000000,0.000000,-0.000804,2.171733
12750.0,0.000000,0.000000,0.000000,0.001214,3.742530,0.000000,0.000000,0.000000,0.000000,2.171733
12760.0,0.000000,0.000000,0.000000,-0.000301,3.742530,0.000000,0.000000,0.000000,0.000000,2.171733
12770.0,0.000000,0.000000,0.000000,0.001214,3.742530,0.000000,0.000000,0.000000,-0.000808,2.171733
12780.0,0.000000,0.000000,0.000000,0.000000,3.742530,0.000000,0.000000,0.000000,0.000808,2.171733
12790.0,0.000000,0.000000,0.000000,0.000301,3.742530,0.000000,0.000000,0.000000,0.000000,2.171733
12800.0,0.000000,0.000000,0.000000,0.000000,3.742530,0.000000,0.000000,0.000000,-0.000804,2.171733
12810.0,0.000000,0.000000,0.000000,0.000000,3.742530,0.000000,0.000000,0.000000,0.000804,2.171733
12820.0,0.000000,0.000000,0.000000,-0.000310,3.742530,0.000000,0.000000,0.000000,0.000808,2.171733
12830.0,0.000000,0.000000,0.000000,0.000603,3.742530,0.000000,0.000000,0.000000,-0.000808,2.171733
12840.0,0.000000,0.000000,0.000000,0.000000,3.742530,0.000000,0.000000,0.000000,0.000000,2.171733
12850.0,0.000000,0.000000,0.000000,-0.000301,3.742530,0.000000,0.000000,0.000000,0.000000,2.171733
12860.0,0.000000,0.000000,0.000000,0.001826,3.742530,0.000000,0.000000,0.000000,0.000808,2.171733
12870.0,0.000000,0.000000,0.000000,-0.000612,3.742530,0.000000,0.000000,0.000000,0.002411,2.171733
12880.0,0.000000,0.000000,0.000000,0.000612,3.742530,0.000000,0.000000,0.000000,0.000004,2.171733
12890.0,0.000000,0.000000,0.000000,0.000000,3.742530,0.000000,0.000000,0.000000,0.000808,2.171733
12900.0,0.000000,0.000000,0.000000,-0.000612,3.742530,0.000000,0.000000,0.000000,0.000000,2.171733
12910.0,0.000000,0.000000,0.000000,-0.001223,3.742530,0.000000,0.000000,0.000000,0.001612,2.171733
12920.0,0.000000,0.000000,0.000000,-0.000301,3.742530,0.000000,0.000000,0.000000,0.000808,2.171733
12930.0,0.000000,0.000000,0.000000,-0.000301,3.742530,0.000000,0.000000,0.000000,0.004023,2.171733
12940.0,0.000000,0.000000,0.000000,0.000000,3.742530,0.000000,0.000000,0.000000,0.000004,2.171733
12950.0,0.000000,0.000000,0.000000,0.000000,3.742530,0.000000,0.000000,0.000000,0.000000,2.171733
12960.0,0.000000,0.000000,0.000000,-0.000301,3.742530,0.000000,0.000000,0.000000,-0.001607,2.171733
12970.0,0.000000,0.000000,0.000000,0.000612,3.742530,0.000000,0.000000,0.000000,0.000000,2.171733
12980.0,0.000000,0.000000,0.000000,-0.000301,3.742530,0.000000,0.000000,0.000000,0.001607,2.171733
12990.0,0.000000,0.000000,0.000000,0.000000,3.742530,0.000000,0.000000,0.000000,0.000804,2.171733
13000.0,0.000000,0.000000,0.000000,-0.000301,3.742530,0.000000,0.000000,0.000000,0.000004,2.171733
13010.0,0.000000,0.000000,0.000000,-0.000301,3.742530,0.000000,0.000000,0.000000,0.000000,2.171733
13020.0,0.000000,0.000000,0.000000,0.000000,3.742530,0.000000,0.000000,0.000000,0.000808,2.171733
13030.0,0.000000,0.000000,0.000000,-0.000612,3.742530,0.000000,0.000000,0.000000,0.000000,2.171733
13040.0,0.000000,0.000000,0.000000,0.000612,3.742530,0.000000,0.000000,0.000000,0.000804,2.171733
13050.0,0.000000,0.000000,0.000000,-0.000612,3.742530,0.000000,0.000000,0.000000,0.002411,2.171733
13060.0,0.000000,0.000000,0.000000,0.000612,3.742530,0.000000,0.000000,0.000000,0.000004,2.171733
13070.0,0.000000,0.000000,0.000000,-0.000612,3.742530,0.000000,0.000000,0.000000,-0.000804,2.171733
13080.0,0.000000,0.000000,0.000000,0.000000,3.742530,0.000000,0.000000,0.000000,-0.000804,2.171733
13090.0,0.000000,0.000000,0.000000,-0.000301,3.742530,0.000000,0.000000,0.000000,0.000808,2.171733
13100.0,0.000000,0.000000,0.000000,0.000301,3.742530,0.000000,0.000000,0.000000,0.000000,2.171733
13110.0,0.000000,0.000000,0.000000,0.000301,3.742530,0.000000,0.000000,0.000000,-0.000808,2.171733
13120.0,0.000000,0.000000,0.000000,0.000612,3.742530,0.000000,0.000000,0.000000,0.000004,2.171733
13130.0,0.000000,0.000000,0.000000,-0.000612,3.742530,0.000000,0.000000,0.000000,0.000000,2.171733
13140.0,0.000000,0.000000,0.000000,0.000000,3.742530,0.000000,0.000000,0.000000,-0.000804,2.171733
13150.0,0.000000,0.000000,0.000000,0.000000,3.742530,0.000000,0.000000,0.000000,-0.000808,2.171733
13160.0,0.000000,0.000000,0.000000,0.000000,3.742530,0.000000,0.000000,0.000000,-0.001603,2.171733
13170.0,0.000000,0.000000,0.000000,0.000000,3.742530,0.000000,0.000000,0.000000,0.000808,2.171733
13180.0,0.000000,0.000000,0.000000,-0.000612,3.742530,0.000000,0.000000,0.000000,0.000000,2.171733
13190.0,0.000000,0.000000,0.000000,-0.000301,3.742530,0.000000,0.000000,0.000000,-0.000808,2.171733
13200.0,0.000000,0.000000,0.000000,0.000612,3.742530,0.000000,0.000000,0.000000,0.003232,2.171733
13210.0,0.000000,0.000000,0.000000,0.001525,3.742530,0.000000,0.000000,0.000000,-0.001616,2.171733
13220.0,0.000000,0.000000,0.000000,0.000000,3.742530,0.000000,0.000000,0.000000,-0.000804,2.171733
13230.0,0.000000,0.000000,0.000000,0.000000,3.742530,0.000000,0.000000,0.000000,-0.000808,2.171733
13240.0,0.000000,0.000000,0.000000,0.000000,3.742530,0.000000,0.000000,0.000000,0.000000,2.171733
13250.0,0.000000,0.000000,0.000000,0.000301,3.742530,0.000000,0.000000,0.000000,0.000808,2.171733
13260.0,0.000000,0.000000,0.000000,-0.001223,3.742530,0.000000,0.000000,0.000000,-0.000799,2.171733
13270.0,0.000000,0.000000,0.000000,0.000000,3.742530,0.000000,0.000000,0.000000,-0.000004,2.171733
13280.0,0.000000,0.000000,0.000000,-0.000301,3.742530,0.000000,0.000000,0.000000,0.000808,2.171733
13290.0,0.000000,0.000000,0.000000,0.000000,3.742530,0.000000,0.000000,0.000000,0.000000,2.171733
13300.0,0.000000,0.000000,0.000000,0.000612,3.742530,0.000000,0.000000,0.000000,-0.000804,2.171733
13310.0,0.000000,0.000000,0.000000,-0.000301,3.742530,0.000000,0.000000,0.000000,-0.000804,2.171733
13320.0,0.000000,0.000000,0.000000,-0.000310,3.742530,0.000000,0.000000,0.000000,0.000000,2.171733
13330.0,0.000000,0.000000,0.000000,0.000612,3.742530,0.000000,0.000000,0.000000,0.000804,2.171733
13340.0,0.000000,0.000000,0.000000,0.000612,3.742530,0.000000,0.000000,0.000000,0.000808,2.171733
13350.0,0.000000,0.000000,0.000000,0.000612,3.742530,0.000000,0.000000,0.000000,0.000000,2.171733
13360.0,0.000000,0.000000,0.000000,0.000000,3.742530,0.000000,0.000000,0.000000,-0.000804,2.171733
13370.0,0.000000,0.000000,0.000000,0.000000,3.742530,0.000000,0.000000,0.000000,0.000808,2.171733
13380.0,0.000000,0.000000,0.000000,0.000913,3.742530,0.000000,0.000000,0.000000,0.000808,2.171733
13390.0,0.000000,-0.131318,0.000000,0.000000,3.742913,0.000000,0.000000,0.000000,0.000804,2.171733
13400.0,0.000000,-0.170031,0.000000,0.000610,3.742913,0.000000,0.000000,0.000000,0.001612,2.171733
13410.0,0.000000,-0.070721,0.000000,0.000610,3.742913,0.000000,0.000000,0.000000,0.000808,2.171733
13420.0,0.000000,-0.015478,0.000000,0.000000,3.742913,0.000000,0.000000,0.000000,0.000000,2.171733
13430.0,0.000000,0.006679,0.000000,-0.000304,3.742913,0.000000,0.000000,0.000000,-0.001612,2.171733
13440.0,0.000000,0.006870,0.000000,-0.001523,3.742913,0.000000,0.000000,0.000000,0.000000,2.171733
13450.0,0.000000,0.002854,0.000000,0.000610,3.742913,0.000000,0.000000,0.000000,0.000000,2.171733
13460.0,0.000000,0.000559,0.000000,-0.000914,3.742913,0.000000,0.000000,0.000000,-0.001612,2.171733
13470.0,0.000000,-0.000506,0.000000,-0.000304,3.742913,0.000000,0.000000,0.000000,0.000004,2.171733
13480.0,0.000000,-0.001217,0.000000,-0.000306,3.742913,0.000000,0.000000,0.000000,-0.000804,2.171733
13490.0,0.000000,-0.000588,0.000000,0.000304,3.742913,0.000000,0.000000,0.000000,0.000000,2.171733
13500.0,0.000000,0.000150,0.000000,0.000000,3.742913,0.000000,0.000000,0.000000,0.000804,2.171733
13510.0,0.000000,0.001051,0.000000,0.000000,3.742913,0.000000,0.000000,0.000000,0.000000,2.171733
13520.0,0.000000,0.001051,0.000000,-0.000914,3.742913,0.000000,0.000000,0.000000,0.001616,2.171733
13530.0,0.000000,0.000150,0.000000,0.000000,3.742913,0.000000,0.000000,0.000000,0.000000,2.171733
13540.0,0.000000,-0.000588,0.000000,0.000304,3.742913,0.000000,0.000000,0.000000,-0.000808,2.171733
13550.0,0.000000,-0.001217,0.000000,-0.000607,3.742913,0.000000,0.000000,0.000000,-0.000799,2.171733
13560.0,0.000000,-0.000506,0.000000,-0.000304,3.742913,0.000000,0.000000,0.000000,0.001607,2.171733
13570.0,0.000000,0.000395,0.000000,0.000000,3.742913,0.000000,0.000000,0.000000,-0.001607,2.171733
13580.0,0.000000,0.001133,0.000000,-0.000304,3.742913,0.000000,0.000000,0.000000,0.000808,2.171733
13590.0,0.000000,0.000805,0.000000,-0.000304,3.742913,0.000000,0.000000,0.000000,0.000004,2.171733
13600.0,0.000000,0.000068,0.000000,0.000000,3.742913,0.000000,0.000000,0.000000,0.000000,2.171733
13610.0,0.000000,-0.000834,0.000000,0.000610,3.742913,0.000000,0.000000,0.000000,-0.000804,2.171733
13620.0,0.000000,-0.001162,0.000000,0.000304,3.742913,0.000000,0.000000,0.000000,0.000000,2.171733
13630.0,0.000000,-0.000260,0.000000,-0.001220,3.742913,0.000000,0.000000,0.000000,0.000004,2.171733
13640.0,0.000000,0.000477,0.000000,0.000000,3.742913,0.000000,0.000000,0.000000,0.000000,2.171733
13650.0,0.000000,0.001297,0.000000,0.000000,3.742913,0.000000,0.000000,0.000000,-0.000804,2.171733
13660.0,0.000000,0.000723,0.000000,-0.000304,3.742913,0.000000,0.000000,0.000000,-0.000804,2.171733
13670.0,0.000000,-0.000178,0.000000,0.000000,3.742913,0.000000,0.000000,0.000000,0.001612,2.171733
13680.0,0.000000,-0.000916,0.000000,-0.000610,3.742913,0.000000,0.000000,0.000000,-0.000808,2.171733
13690.0,0.000000,-0.000916,0.000000,-0.000610,3.742913,0.000000,0.000000,0.000000,0.002428,2.171733
13700.0,0.000000,-0.000178,0.000000,0.000610,3.742913,0.000000,0.000000,0.000000,0.000808,2.171733
13710.0,0.000000,0.000723,0.000000,-0.000914,3.742913,0.000000,0.000000,0.000000,0.000808,2.171733
13720.0,0.000000,0.001297,0.000000,-0.000610,3.742913,0.000000,0.000000,0.000000,-0.000812,2.171733
13730.0,0.000000,0.000477,0.000000,-0.000610,3.742913,0.000000,0.000000,0.000000,0.000004,2.171733
13740.0,0.000000,-0.000260,0.000000,0.000000,3.742913,0.000000,0.000000,0.000000,0.001612,2.171733
13750.0,0.000000,-0.001162,0.000000,0.000000,3.742913,0.000000,0.000000,0.000000,-0.000804,2.171733
13760.0,0.000000,-0.000834,0.000000,0.000000,3.742913,0.000000,0.000000,0.000000,0.000804,2.171733
13770.0,0.000000,0.000068,0.000000,0.000000,3.742913,0.000000,0.000000,0.000000,-0.000804,2.171733
13780.0,0.000000,0.000805,0.000000,-0.000914,3.742913,0.000000,0.000000,0.000000,0.000804,2.171733
13790.0,0.000000,0.001133,0.000000,0.000000,3.742913,0.000000,0.000000,0.000000,0.000004,2.171733
13800.0,0.000000,0.000395,0.000000,-0.000610,3.742913,0.000000,0.000000,0.000000,0.000804,2.171733
13810.0,0.000000,-0.000506,0.000000,-0.000304,3.742913,0.000000,0.000000,0.000000,0.000804,2.171733
13820.0,0.000000,-0.001217,0.000000,-0.000914,3.742913,0.000000,0.000000,0.000000,0.000000,2.171733
13830.0,0.000000,-0.000588,0.000000,-0.000304,3.742913,0.000000,0.000000,0.000000,0.000004,2.171733
13840.0,0.000000,0.000150,0.000000,0.000610,3.742913,0.000000,0.000000,0.000000,0.000804,2.171733
13850.0,0.000000,0.001051,0.000000,0.001220,3.742913,0.000000,0.000000,0.000000,-0.001607,2.171733
13860.0,0.000000,0.001051,0.000000,0.000610,3.742913,0.000000,0.000000,0.000000,0.000804,2.171733
13870.0,0.000000,0.000150,0.000000,0.000306,3.742913,0.000000,0.000000,0.000000,0.000808,2.171733
13880.0,0.000000,-0.000588,0.000000,-0.000610,3.742913,0.000000,0.000000,0.000000,0.000000,2.171733
13890.0,0.000000,-0.001217,0.000000,0.000306,3.742913,0.000000,0.000000,0.000000,0.000004,2.171733
13900.0,0.000000,-0.000506,0.000000,0.000000,3.742913,0.000000,0.000000,0.000000,0.000000,2.171733
13910.0,0.000000,0.000395,0.000000,0.000306,3.742913,0.000000,0.000000,0.000000,0.000004,2.171733
13920.0,0.000000,0.001133,0.000000,-0.000304,3.742913,0.000000,0.000000,0.000000,0.000000,2.171733
13930.0,0.000000,0.000805,0.000000,0.000000,3.742913,0.000000,0.000000,0.000000,0.000000,2.171733
13940.0,0.000000,0.000068,0.000000,0.000000,3.742913,0.000000,0.000000,0.000000,0.000000,2.171733
13950.0,0.000000,-0.000834,0.000000,0.000914,3.742913,0.000000,0.000000,0.000000,-0.000808,2.171733
13960.0,0.000000,-0.001162,0.000000,0.000610,3.742913,0.000000,0.000000,0.000000,0.001612,2.171733
13970.0,0.000000,-0.000260,0.000000,0.000000,3.742913,0.000000,0.000000,0.000000,0.000808,2.171733
13980.0,0.000000,0.000477,0.000000,0.000000,3.742913,0.000000,0.000000,0.000000,0.000000,2.171733
13990.0,0.000000,0.001297,0.000000,0.000306,3.742913,0.000000,0.000000,0.000000,0.000000,2.171733
14000.0,0.000000,0.000723,0.000000,0.000306,3.742913,0.000000,0.000000,0.000000,-0.001616,2.171733
14010.0,0.000000,-0.000178,0.000000,-0.000916,3.742913,0.000000,0.000000,0.000000,0.000004,2.171733
14020.0,0.000000,-0.000916,0.000000,-0.000304,3.742913,0.000000,0.000000,0.000000,-0.000804,2.171733
14030.0,0.000000,-0.000916,0.000000,-0.000607,3.742913,0.000000,0.000000,0.000000,0.000000,2.171733
14040.0,0.000000,-0.000178,0.000000,-0.000304,3.742913,0.000000,0.000000,0.000000,-0.000808,2.171733
14050.0,0.000000,0.000723,0.000000,0.000304,3.742913,0.000000,0.000000,0.000000,-0.000799,2.171733
14060.0,0.000000,0.001297,0.000000,0.000304,3.742913,0.000000,0.000000,0.000000,0.000000,2.171733
14070.0,0.000000,0.000477,0.000000,0.000306,3.742913,0.000000,0.000000,0.000000,-0.001612,2.171733
14080.0,0.000000,-0.000260,0.000000,0.000000,3.742913,0.000000,0.000000,0.000000,-0.000808,2.171733
14090.0,0.000000,-0.001162,0.000000,-0.000610,3.742913,0.000000,0.000000,0.000000,-0.002415,2.171733
14100.0,0.000000,-0.000834,0.000000,0.000000,3.742913,0.000000,0.000000,0.000000,0.000804,2.171733
14110.0,0.000000,0.000068,0.000000,0.000000,3.742913,0.000000,0.000000,0.000000,0.000808,2.171733
14120.0,0.000000,0.000805,0.000000,0.000000,3.742913,0.000000,0.000000,0.000000,0.000804,2.171733
14130.0,0.000000,0.001133,0.000000,0.000000,3.742913,0.000000,0.000000,0.000000,-0.000804,2.171733
14140.0,0.000000,0.000395,0.000000,0.000306,3.742913,0.000000,0.000000,0.000000,0.000804,2.171733
14150.0,0.000000,-0.000506,0.000000,-0.000610,3.742913,0.000000,0.000000,0.000000,-0.000804,2.171733
14160.0,0.000000,-0.001217,0.000000,-0.000304,3.742913,0.000000,0.000000,0.000000,-0.000808,2.171733
14170.0,0.000000,-0.000588,0.000000,0.000914,3.742913,0.000000,0.000000,0.000000,-0.001607,2.171733
14180.0,0.000000,0.000150,0.000000,0.000610,3.742913,0.000000,0.000000,0.000000,0.000000,2.171733
14190.0,0.000000,0.001051,0.000000,0.000000,3.742913,0.000000,0.000000,0.000000,0.000004,2.171733
14200.0,0.000000,0.001051,0.000000,-0.001523,3.742913,0.000000,0.000000,0.000000,0.000804,2.171733
14210.0,0.000000,0.000150,0.000000,-0.000304,3.742913,0.000000,0.000000,0.000000,0.000812,2.171733
14220.0,0.000000,-0.000588,0.000000,0.000000,3.742913,0.000000,0.000000,0.000000,0.000804,2.171733
14230.0,0.000000,-0.001217,0.000000,-0.001220,3.742913,0.000000,0.000000,0.000000,-0.002411,2.171733
14240.0,0.000000,-0.000506,0.000000,0.000000,3.742913,0.000000,0.000000,0.000000,0.004019,2.171733
14250.0,0.000000,0.000313,0.000000,0.000000,3.742913,0.000000,0.000000,0.000000,0.000000,2.171733
14260.0,0.000000,0.001215,0.000000,0.000304,3.742913,0.000000,0.000000,0.000000,0.000004,2.171733
14270.0,0.000000,0.000887,0.000000,-0.000306,3.742913,0.000000,0.000000,0.000000,-0.001612,2.171733
14280.0,0.000000,-0.000014,0.000000,0.000914,3.742913,0.000000,0.000000,0.000000,-0.001607,2.171733
14290.0,0.000000,-0.000752,0.000000,0.000000,3.742913,0.000000,0.000000,0.000000,0.000808,2.171733
14300.0,0.000000,-0.001080,0.000000,0.000610,3.742913,0.000000,0.000000,0.000000,-0.000804,2.171733
14310.0,0.000000,-0.000342,0.000000,-0.000304,3.742913,0.000000,0.000000,0.000000,0.000000,2.171733
14320.0,0.000000,0.000559,0.000000,0.000000,3.742913,0.000000,0.000000,0.000000,0.000804,2.171733
14330.0,0.000000,0.001270,0.000000,-0.001220,3.742913,0.000000,0.000000,0.000000,0.000804,2.171733
14340.0,0.000000,0.000641,0.000000,0.000306,3.742913,0.000000,0.000000,0.000000,0.000808,2.171733
14350.0,0.000000,-0.000096,0.000000,0.000000,3.742913,0.000000,0.000000,0.000000,-0.000804,2.171733
14360.0,0.000000,-0.000998,0.000000,-0.000304,3.742913,0.000000,0.000000,0.000000,-0.001612,2.171733
14370.0,0.000000,-0.000998,0.000000,-0.000304,3.742913,0.000000,0.000000,0.000000,-0.000804,2.171733
14380.0,0.000000,-0.000096,0.000000,-0.000610,3.742913,0.000000,0.000000,0.000000,-0.001612,2.171733
14390.0,0.000000,0.000641,0.000000,-0.000610,3.742913,0.000000,0.000000,0.000000,0.000004,2.171733
14400.0,0.000000,0.001270,0.000000,0.000610,3.742913,0.000000,0.000000,0.000000,-0.000804,2.171733
14410.0,0.000000,0.000559,0.000000,0.000610,3.742913,0.000000,0.000000,0.000000,0.000000,2.171733
14420.0,0.000000,-0.000342,0.000000,-0.000304,3.742913,0.000000,0.000000,0.000000,0.000808,2.171733
14430.0,0.000000,-0.001080,0.000000,0.000610,3.742913,0.000000,0.000000,0.000000,0.000000,2.171733
14440.0,0.000000,-0.000752,0.000000,0.000306,3.742913,0.000000,0.000000,0.000000,0.000004,2.171733
14450.0,0.000000,-0.000014,0.000000,0.000000,3.742913,0.000000,0.000000,0.000000,0.001612,2.171733
14460.0,0.000000,0.000887,0.000000,0.000000,3.742913,0.000000,0.000000,0.000000,-0.000804,2.171733
14470.0,0.000000,0.001215,0.000000,0.000607,3.742913,0.000000,0.000000,0.000000,-0.000004,2.171733
14480.0,0.000000,0.000313,0.000000,0.000304,3.742913,0.000000,0.000000,0.000000,0.000004,2.171733
14490.0,0.000000,-0.000424,0.000000,0.000000,3.742913,0.000000,0.000000,0.000000,-0.001612,2.171733
14500.0,0.000000,-0.001244,0.000000,0.000000,3.742913,0.000000,0.000000,0.000000,-0.000804,2.171733
14510.0,0.000000,-0.000670,0.000000,0.000304,3.742913,0.000000,0.000000,0.000000,0.000000,2.171733
14520.0,0.000000,0.000231,0.000000,-0.000304,3.742913,0.000000,0.000000,0.000000,0.000808,2.171733
14530.0,0.000000,0.000969,0.000000,0.000610,3.742913,0.000000,0.000000,0.000000,-0.000808,2.171733
14540.0,0.000000,0.000969,0.000000,0.000000,3.742913,0.000000,0.000000,0.000000,0.001612,2.171733
14550.0,0.000000,0.000231,0.000000,-0.000914,3.742913,0.000000,0.000000,0.000000,0.000808,2.171733
14560.0,0.000000,-0.000670,0.000000,-0.000610,3.742913,0.000000,0.000000,0.000000,0.000000,2.171733
14570.0,0.000000,-0.001244,0.000000,0.000610,3.742913,0.000000,0.000000,0.000000,0.000804,2.171733
14580.0,0.000000,-0.000424,0.000000,0.000000,3.742913,0.000000,0.000000,0.000000,-0.000799,2.171733
14590.0,0.000000,0.000313,0.000000,0.000000,3.742913,0.000000,0.000000,0.000000,0.000804,2.171733
14600.0,0.000000,0.001215,0.000000,-0.000607,3.742913,0.000000,0.000000,0.000000,0.002411,2.171733
14610.0,0.000000,0.000887,0.000000,-0.000610,3.742913,0.000000,0.000000,0.000000,0.000804,2.171733
14620.0,0.000000,-0.000014,0.000000,0.000000,3.742913,0.000000,0.000000,0.000000,-0.001607,2.171733
14630.0,0.000000,-0.000752,0.000000,0.000304,3.742913,0.000000,0.000000,0.000000,0.000804,2.171733
14640.0,0.000000,-0.001080,0.000000,0.000000,3.742913,0.000000,0.000000,0.000000,0.000808,2.171733
14650.0,0.000000,-0.000342,0.000000,0.000610,3.742913,0.000000,0.000000,0.000000,0.000000,2.171733
14660.0,0.000000,0.000559,0.000000,-0.000304,3.742913,0.000000,0.000000,0.000000,0.000808,2.171733
14670.0,0.000000,0.001270,0.000000,0.000610,3.742913,0.000000,0.000000,0.000000,-0.000808,2.171733
14680.0,0.000000,0.000723,0.000000,0.000306,3.742913,0.000000,0.000000,0.000000,0.000804,2.171733
14690.0,0.000000,-0.000178,0.000000,-0.000610,3.742913,0.000000,0.000000,0.000000,0.000004,2.171733
14700.0,0.000000,-0.000916,0.000000,-0.000304,3.742913,0.000000,0.000000,0.000000,0.000804,2.171733
14710.0,0.000000,-0.000916,0.000000,-0.000304,3.742913,0.000000,0.000000,0.000000,0.000000,2.171733
14720.0,0.000000,-0.000178,0.000000,0.000000,3.742913,0.000000,0.000000,0.000000,-0.000004,2.171733
14730.0,0.000000,0.000723,0.000000,0.000306,3.742913,0.000000,0.000000,0.000000,0.000000,2.171733
14740.0,0.000000,0.001297,0.000000,0.000000,3.742913,0.000000,0.000000,0.000000,-0.000808,2.171733
14750.0,0.000000,0.000477,0.000000,0.000000,3.742913,0.000000,0.000000,0.000000,-0.000804,2.171733
14760.0,0.000000,-0.000260,0.000000,-0.000306,3.742913,0.000000,0.000000,0.000000,0.000000,2.171733
14770.0,0.000000,-0.001162,0.000000,0.000306,3.742913,0.000000,0.000000,0.000000,-0.000804,2.171733
14780.0,0.000000,-0.000834,0.000000,0.000000,3.742913,0.000000,0.000000,0.000000,0.000000,2.171733
14790.0,0.000000,0.000068,0.000000,-0.000610,3.742913,0.000000,0.000000,0.000000,0.000004,2.171733
14800.0,0.000000,0.000805,0.000000,-0.000306,3.742913,0.000000,0.000000,0.000000,0.000000,2.171733
14810.0,0.000000,0.001133,0.000000,-0.000304,3.742913,0.000000,0.000000,0.000000,-0.000804,2.171733
14820.0,0.000000,0.000395,0.000000,0.000000,3.742913,0.000000,0.000000,0.000000,-0.000808,2.171733
14830.0,0.000000,-0.000506,0.000000,0.000914,3.742913,0.000000,0.000000,0.000000,-0.000799,2.171733
14840.0,0.000000,-0.001217,0.000000,-0.000304,3.742913,0.000000,0.000000,0.000000,-0.000808,2.171733
14850.0,0.000000,-0.000588,0.000000,0.000610,3.742913,0.000000,0.000000,0.000000,0.002424,2.171733
14860.0,0.000000,0.000150,0.000000,0.000000,3.742913,0.000000,0.000000,0.000000,-0.000808,2.171733
14870.0,0.000000,0.001051,0.000000,0.000610,3.742913,0.000000,0.000000,0.000000,-0.000804,2.171733
14880.0,0.000000,0.001051,0.000000,0.000000,3.742913,0.000000,0.000000,0.000000,0.001612,2.171733
14890.0,0.000000,0.000150,0.000000,0.000000,3.742913,0.000000,0.000000,0.000000,0.000808,2.171733
14900.0,0.000000,-0.000588,0.000000,0.000000,3.742913,0.000000,0.000000,0.000000,-0.001612,2.171733
14910.0,0.000000,-0.001217,0.000000,-0.000304,3.742913,0.000000,0.000000,0.000000,-0.001607,2.171733
14920.0,0.000000,-0.000506,0.000000,0.000000,3.742913,0.000000,0.000000,0.000000,0.000000,2.171733
14930.0,0.000000,0.000395,0.000000,0.000000,3.742913,0.000000,0.000000,0.000000,0.000808,2.171733
14940.0,0.000000,0.001133,0.000000,0.000000,3.742913,0.000000,0.000000,0.000000,0.000000,2.171733
14950.0,0.000000,0.000805,0.000000,0.000610,3.742913,0.000000,0.000000,0.000000,-0.000804,2.171733
14960.0,0.000000,0.000068,0.000000,0.000000,3.742913,0.000000,0.000000,0.000000,0.000000,2.171733
14970.0,0.000000,-0.000834,0.000000,-0.000306,3.742913,0.000000,0.000000,0.000000,-0.000804,2.171733
14980.0,0.000000,-0.001162,0.000000,0.000610,3.742913,0.000000,0.000000,0.000000,-0.000004,2.171733
14990.0,0.000000,-0.000260,0.000000,0.000000,3.742913,0.000000,0.000000,0.000000,0.000812,2.171733
15000.0,0.000000,0.000477,0.000000,0.000000,3.742913,0.000000,0.000000,0.000000,-0.000804,2.171733
15010.0,0.000000,0.001297,0.000000,0.000306,3.742913,0.000000,0.000000,0.000000,0.002424,2.171733
15020.0,0.000000,0.000723,0.000000,0.000000,3.742913,0.000000,0.000000,0.000000,0.000004,2.171733
15030.0,0.000000,-0.000178,0.000000,0.000610,3.742913,0.000000,0.000000,0.000000,-0.000804,2.171733
15040.0,0.000000,-0.000916,0.000000,0.000304,3.742913,0.000000,0.000000,0.000000,0.000000,2.171733
15050.0,0.000000,-0.000916,0.000000,0.000304,3.742913,0.000000,0.000000,0.000000,-0.001607,2.171733
15060.0,0.000000,-0.000178,0.000000,0.000000,3.742913,0.000000,0.000000,0.000000,-0.000804,2.171733
15070.0,0.000000,0.000723,0.000000,0.000914,3.742913,0.000000,0.000000,0.000000,0.000004,2.171733
15080.0,0.000000,0.001297,0.000000,-0.000610,3.742913,0.000000,0.000000,0.000000,0.000000,2.171733
15090.0,0.000000,0.000477,0.000000,0.000304,3.742913,0.000000,0.000000,0.000000,0.000004,2.171733
15100.0,0.000000,-0.000260,0.000000,0.001220,3.742913,0.000000,0.000000,0.000000,0.000000,2.171733
15110.0,0.000000,-0.001162,0.000000,0.000000,3.742913,0.000000,0.000000,0.000000,0.000804,2.171733
15120.0,0.000000,-0.000834,0.000000,-0.000610,3.742913,0.000000,0.000000,0.000000,0.001612,2.171733
15130.0,0.000000,0.000068,0.000000,0.000000,3.742913,0.000000,0.000000,0.000000,0.000004,2.171733
15140.0,0.000000,0.000805,0.000000,0.000610,3.742913,0.000000,0.000000,0.000000,0.000000,2.171733
15150.0,0.000000,0.001133,0.000000,-0.000914,3.742913,0.000000,0.000000,0.000000,-0.000804,2.171733
15160.0,0.000000,0.000395,0.000000,-0.000304,3.742913,0.000000,0.000000,0.000000,0.000004,2.171733
15170.0,0.000000,-0.000506,0.000000,0.000000,3.742913,0.000000,0.000000,0.000000,-0.000799,2.171733
15180.0,0.000000,-0.001217,0.000000,-0.000306,3.742913,0.000000,0.000000,0.000000,0.000804,2.171733
15190.0,0.000000,-0.000588,0.000000,-0.000610,3.742913,0.000000,0.000000,0.000000,0.000808,2.171733
15200.0,0.000000,0.000150,0.000000,0.000000,3.742913,0.000000,0.000000,0.000000,0.000000,2.171733
15210.0,0.000000,0.001051,0.000000,0.000306,3.742913,0.000000,0.000000,0.000000,0.000000,2.171733
15220.0,0.000000,0.001051,0.000000,-0.000304,3.742913,0.000000,0.000000,0.000000,0.001612,2.171733
15230.0,0.000000,0.000150,0.000000,0.000306,3.742913,0.000000,0.000000,0.000000,-0.000799,2.171733
15240.0,0.000000,-0.000588,0.000000,0.000000,3.742913,0.000000,0.000000,0.000000,0.000804,2.171733
15250.0,0.000000,-0.001217,0.000000,0.000000,3.742913,0.000000,0.000000,0.000000,0.000000,2.171733
15260.0,0.000000,-0.000506,0.000000,-0.000610,3.742913,0.000000,0.000000,0.000000,0.001612,2.171733
15270.0,0.000000,0.000395,0.000000,-0.000610,3.742913,0.000000,0.000000,0.000000,0.000000,2.171733
15280.0,0.000000,0.001133,0.000000,0.000000,3.742913,0.000000,0.000000,0.000000,0.000000,2.171733
15290.0,0.000000,0.000805,0.000000,0.000914,3.742913,0.000000,0.000000,0.000000,0.000808,2.171733
15300.0,0.000000,0.000068,0.000000,0.000610,3.742913,0.000000,0.000000,0.000000,-0.000804,2.171733
15310.0,0.000000,-0.000834,0.000000,0.000000,3.742913,0.000000,0.000000,0.000000,0.000004,2.171733
15320.0,0.000000,-0.001162,0.000000,-0.001220,3.742913,0.000000,0.000000,0.000000,0.000000,2.171733
15330.0,0.000000,-0.000260,0.000000,0.000304,3.742913,0.000000,0.000000,0.000000,-0.000804,2.171733
15340.0,0.000000,0.000477,0.000000,0.000000,3.742913,0.000000,0.000000,0.000000,0.002420,2.171733
15350.0,0.000000,0.001297,0.000000,-0.000914,3.742913,0.000000,0.000000,0.000000,0.000808,2.171733
15360.0,0.000000,0.000723,0.000000,0.000000,3.742913,0.000000,0.000000,0.000000,0.000000,2.171733
15370.0,0.000000,-0.000178,0.000000,0.000306,3.742913,0.000000,0.000000,0.000000,0.001612,2.171733
15380.0,0.000000,-0.000916,0.000000,-0.000610,3.742913,0.000000,0.000000,0.000000,0.000000,2.171733
15390.0,0.000000,-0.000916,0.000000,-0.000610,3.742913,0.000000,0.000000,0.000000,0.000004,2.171733
15400.0,0.000000,-0.000178,0.000000,0.000000,3.742913,0.000000,0.000000,0.000000,0.000000,2.171733
15410.0,0.000000,0.000723,0.000000,-0.000304,3.742913,0.000000,0.000000,0.000000,-0.000799,2.171733
15420.0,0.000000,0.001297,0.000000,0.000000,3.742913,0.000000,0.000000,0.000000,0.000000,2.171733
15430.0,0.000000,0.000477,0.000000,0.000000,3.742913,0.000000,0.000000,0.000000,0.000804,2.171733
15440.0,0.000000,-0.000260,0.000000,-0.000610,3.742913,0.000000,0.000000,0.000000,0.000000,2.171733
15450.0,0.000000,-0.001162,0.000000,0.000610,3.742913,0.000000,0.000000,0.000000,-0.000804,2.171733
15460.0,0.000000,-0.000834,0.000000,0.000304,3.742913,0.000000,0.000000,0.000000,0.001612,2.171733
15470.0,0.000000,0.000068,0.000000,0.000304,3.742913,0.000000,0.000000,0.000000,0.000004,2.171733
15480.0,0.000000,0.000805,0.000000,0.000000,3.742913,0.000000,0.000000,0.000000,0.000000,2.171733
15490.0,0.000000,0.001133,0.000000,0.000610,3.742913,0.000000,0.000000,0.000000,0.000000,2.171733
15500.0,0.000000,0.000395,0.000000,0.000610,3.742913,0.000000,0.000000,0.000000,-0.000808,2.171733
15510.0,0.000000,-0.000506,0.000000,-0.000610,3.742913,0.000000,0.000000,0.000000,0.000000,2.171733
15520.0,0.000000,-0.001217,0.000000,-0.000610,3.742913,0.000000,0.000000,0.000000,0.000000,2.171733
15530.0,0.000000,-0.000588,0.000000,0.000000,3.742913,0.000000,0.000000,0.000000,0.000000,2.171733
15540.0,0.000000,0.000150,0.000000,-0.000610,3.742913,0.000000,0.000000,0.000000,0.000000,2.171733
15550.0,0.000000,0.001051,0.000000,0.000000,3.742913,0.000000,0.000000,0.000000,-0.001607,2.171733
15560.0,0.000000,0.001051,0.000000,-0.000304,3.742913,0.000000,0.000000,0.000000,0.000804,2.171733
15570.0,0.000000,0.000150,0.000000,0.000000,3.742913,0.000000,0.000000,0.000000,0.000808,2.171733
15580.0,0.000000,-0.000588,0.000000,0.000000,3.742913,0.000000,0.000000,0.000000,-0.000804,2.171733
15590.0,0.000000,-0.001217,0.000000,0.000610,3.742913,0.000000,0.000000,0.000000,0.000808,2.171733
15600.0,0.000000,-0.000506,0.000000,0.000304,3.742913,0.000000,0.000000,0.000000,0.000000,2.171733
15610.0,0.000000,0.000395,0.000000,-0.000304,3.742913,0.000000,0.000000,0.000000,-0.000804,2.171733
15620.0,0.000000,0.001133,0.000000,0.000306,3.742913,0.000000,0.000000,0.000000,-0.000808,2.171733
15630.0,0.000000,0.000805,0.000000,-0.000607,3.742913,0.000000,0.000000,0.000000,0.000004,2.171733
15640.0,0.000000,0.000068,0.000000,0.000000,3.742913,0.000000,0.000000,0.000000,-0.000808,2.171733
15650.0,0.000000,-0.000834,0.000000,0.000914,3.742913,0.000000,0.000000,0.000000,-0.000804,2.171733
15660.0,0.000000,-0.001162,0.000000,0.000000,3.742913,0.000000,0.000000,0.000000,0.000000,2.171733
15670.0,0.000000,-0.000260,0.000000,-0.000304,3.742913,0.000000,0.000000,0.000000,0.000808,2.171733
15680.0,0.000000,0.000477,0.000000,0.000000,3.742913,0.000000,0.000000,0.000000,-0.000808,2.171733
15690.0,0.000000,0.001297,0.000000,-0.000304,3.742913,0.000000,0.000000,0.000000,0.000000,2.171733
15700.0,0.000000,0.000723,0.000000,-0.000304,3.742913,0.000000,0.000000,0.000000,0.002424,2.171733
15710.0,0.000000,-0.000178,0.000000,-0.000610,3.742913,0.000000,0.000000,0.000000,0.000812,2.171733
15720.0,0.000000,-0.000916,0.000000,0.000610,3.742913,0.000000,0.000000,0.000000,0.000004,2.171733
15730.0,0.000000,-0.000916,0.000000,0.000000,3.742913,0.000000,0.000000,0.000000,-0.001607,2.171733
15740.0,0.000000,-0.000178,0.000000,-0.000304,3.742913,0.000000,0.000000,0.000000,0.000000,2.171733
15750.0,0.000000,0.000723,0.000000,-0.000610,3.742913,0.000000,0.000000,0.000000,-0.000804,2.171733
15760.0,0.000000,0.001297,0.000000,0.000610,3.742913,0.000000,0.000000,0.000000,-0.000808,2.171733
15770.0,0.000000,0.000477,0.000000,0.000000,3.742913,0.000000,0.000000,0.000000,-0.000804,2.171733
15780.0,0.000000,-0.000260,0.000000,0.000610,3.742913,0.000000,0.000000,0.000000,-0.000804,2.171733
15790.0,0.000000,-0.001162,0.000000,-0.000610,3.742913,0.000000,0.000000,0.000000,-0.000804,2.171733
15800.0,0.000000,-0.000834,0.000000,0.000000,3.742913,0.000000,0.000000,0.000000,0.001612,2.171733
15810.0,0.000000,0.000068,0.000000,-0.001830,3.742913,0.000000,0.000000,0.000000,-0.000808,2.171733
15820.0,0.000000,0.000805,0.000000,-0.000304,3.742913,0.000000,0.000000,0.000000,-0.001612,2.171733
15830.0,0.000000,0.001133,0.000000,0.000000,3.742913,0.000000,0.000000,0.000000,0.000004,2.171733
15840.0,0.000000,0.000395,0.000000,-0.001526,3.742913,0.000000,0.000000,0.000000,0.000000,2.171733
15850.0,0.000000,-0.000506,0.000000,0.000000,3.742913,0.000000,0.000000,0.000000,0.000004,2.171733
15860.0,0.000000,-0.001217,0.000000,0.000000,3.742913,0.000000,0.000000,0.000000,-0.000804,2.171733
15870.0,0.000000,-0.000588,0.000000,0.000000,3.742913,0.000000,0.000000,0.000000,0.000808,2.171733
15880.0,0.000000,0.000150,0.000000,0.000304,3.742913,0.000000,0.000000,0.000000,0.000000,2.171733
15890.0,0.000000,0.001051,0.000000,0.000914,3.742913,0.000000,0.000000,0.000000,-0.001612,2.171733
15900.0,0.000000,0.001051,0.000000,0.000000,3.742913,0.000000,0.000000,0.000000,0.000808,2.171733
15910.0,0.000000,0.000150,0.000000,-0.000610,3.742913,0.000000,0.000000,0.000000,0.000000,2.171733
15920.0,0.000000,-0.000588,0.000000,0.000000,3.742913,0.000000,0.000000,0.000000,0.000000,2.171733
15930.0,0.000000,-0.001217,0.000000,-0.000304,3.742913,0.000000,0.000000,0.000000,-0.000799,2.171733
15940.0,0.000000,-0.000506,0.000000,0.000000,3.742913,0.000000,0.000000,0.000000,0.000000,2.171733
15950.0,0.000000,0.000313,0.000000,-0.000610,3.742913,0.000000,0.000000,0.000000,0.002407,2.171733
15960.0,0.000000,0.001215,0.000000,0.000000,3.742913,0.000000,0.000000,0.000000,-0.001612,2.171733
15970.0,0.000000,0.000887,0.000000,0.000914,3.742913,0.000000,0.000000,0.000000,0.000000,2.171733
15980.0,0.000000,-0.000014,0.000000,-0.000304,3.742913,0.000000,0.000000,0.000000,-0.000804,2.171733
15990.0,0.000000,-0.000752,0.000000,0.000610,3.742913,0.000000,0.000000,0.000000,0.000808,2.171733
16000.0,0.000000,-0.001080,0.000000,0.000306,3.742913,0.000000,0.000000,0.000000,0.000000,2.171733
16010.0,0.000000,-0.000342,0.000000,0.000610,3.742913,0.000000,0.000000,0.000000,0.000000,2.171733
16020.0,0.000000,0.000559,0.000000,-0.000607,3.742913,0.000000,0.000000,0.000000,-0.001607,2.171733
16030.0,0.000000,0.001270,0.000000,0.000304,3.742913,0.000000,0.000000,0.000000,-0.000804,2.171733
16040.0,0.000000,0.000641,0.000000,0.000304,3.742913,0.000000,0.000000,0.000000,-0.001607,2.171733
16050.0,0.000000,-0.000096,0.000000,0.000000,3.742913,0.000000,0.000000,0.000000,0.000000,2.171733
16060.0,0.000000,-0.000998,0.000000,0.000306,3.742913,0.000000,0.000000,0.000000,-0.000804,2.171733
16070.0,0.000000,-0.000998,0.000000,0.001523,3.742913,0.000000,0.000000,0.000000,0.000804,2.171733
16080.0,0.000000,-0.000096,0.000000,0.000306,3.742913,0.000000,0.000000,0.000000,-0.001607,2.171733
16090.0,0.000000,0.000641,0.000000,-0.000610,3.742913,0.000000,0.000000,0.000000,-0.000808,2.171733
16100.0,0.000000,0.001270,0.000000,0.000002,3.742913,0.000000,0.000000,0.000000,-0.000804,2.171733
16110.0,0.000000,0.000559,0.000000,0.000000,3.742913,0.000000,0.000000,0.000000,0.000804,2.171733
16120.0,0.000000,-0.000342,0.000000,-0.000306,3.742913,0.000000,0.000000,0.000000,0.000000,2.171733
16130.0,0.000000,-0.001080,0.000000,0.000000,3.742913,0.000000,0.000000,0.000000,0.000804,2.171733
16140.0,0.000000,-0.000752,0.000000,0.000000,3.742913,0.000000,0.000000,0.000000,-0.001603,2.171733
16150.0,0.000000,-0.000014,0.000000,0.000306,3.742913,0.000000,0.000000,0.000000,0.000804,2.171733
16160.0,0.000000,0.000887,0.000000,0.000000,3.742913,0.000000,0.000000,0.000000,0.000000,2.171733
16170.0,0.000000,0.001215,0.000000,-0.000304,3.742913,0.000000,0.000000,0.000000,0.000000,2.171733
16180.0,0.000000,0.000313,0.000000,0.000610,3.742913,0.000000,0.000000,0.000000,-0.000804,2.171733
16190.0,0.000000,-0.000424,0.000000,0.000610,3.742913,0.000000,0.000000,0.000000,0.000804,2.171733
16200.0,0.000000,-0.001244,0.000000,0.000000,3.742913,0.000000,0.000000,0.000000,0.000000,2.171733
16210.0,0.000000,-0.000670,0.000000,0.000000,3.742913,0.000000,0.000000,0.000000,0.000000,2.171733
16220.0,0.000000,0.000231,0.000000,0.000610,3.742913,0.000000,0.000000,0.000000,-0.000804,2.171733
16230.0,0.000000,0.000969,0.000000,-0.000306,3.742913,0.000000,0.000000,0.000000,-0.001612,2.171733
16240.0,0.000000,0.000969,0.000000,-0.000304,3.742913,0.000000,0.000000,0.000000,-0.001607,2.171733
16250.0,0.000000,0.000231,0.000000,0.000610,3.742913,0.000000,0.000000,0.000000,-0.000808,2.171733
16260.0,0.000000,-0.000670,0.000000,0.000610,3.742913,0.000000,0.000000,0.000000,-0.000804,2.171733
16270.0,0.000000,-0.001244,0.000000,0.000000,3.742913,0.000000,0.000000,0.000000,-0.000804,2.171733
16280.0,0.000000,-0.000424,0.000000,0.000914,3.742913,0.000000,0.000000,0.000000,0.000808,2.171733
16290.0,0.000000,0.000313,0.000000,0.000000,3.742913,0.000000,0.000000,0.000000,-0.001612,2.171733
16300.0,0.000000,0.001215,0.000000,0.000000,3.742913,0.000000,0.000000,0.000000,0.000812,2.171733
16310.0,0.000000,0.000887,0.000000,0.000304,3.742913,0.000000,0.000000,0.000000,-0.000804,2.171733
16320.0,0.000000,-0.000014,0.000000,-0.000304,3.742913,0.000000,0.000000,0.000000,0.000808,2.171733
16330.0,0.000000,-0.000752,0.000000,0.000000,3.742913,0.000000,0.000000,0.000000,0.000799,2.171733
16340.0,0.000000,-0.001080,0.000000,0.000306,3.742913,0.000000,0.000000,0.000000,0.000004,2.171733
16350.0,0.000000,-0.000342,0.000000,0.000000,3.742913,0.000000,0.000000,0.000000,0.000804,2.171733
16360.0,0.000000,0.000559,0.000000,0.000610,3.742913,0.000000,0.000000,0.000000,0.001612,2.171733
16370.0,0.000000,0.001270,0.000000,0.000000,3.742913,0.000000,0.000000,0.000000,0.000000,2.171733
16380.0,0.000000,0.000641,0.000000,-0.001526,3.742913,0.000000,0.000000,0.000000,0.000812,2.171733
16390.0,0.000000,-0.000096,0.000000,0.000000,3.742913,0.000000,0.000000,0.000000,0.000004,2.171733
16400.0,0.000000,-0.000998,0.000000,0.000304,3.742913,0.000000,0.000000,0.000000,0.000004,2.171733
16410.0,0.000000,-0.000998,0.000000,0.000914,3.742913,0.000000,0.000000,0.000000,0.001607,2.171733
16420.0,0.000000,-0.000096,0.000000,-0.000304,3.742913,0.000000,0.000000,0.000000,0.000808,2.171733
16430.0,0.000000,0.000641,0.000000,0.000000,3.742913,0.000000,0.000000,0.000000,0.000000,2.171733
16440.0,0.000000,0.001270,0.000000,0.000000,3.742913,0.000000,0.000000,0.000000,-0.000804,2.171733
16450.0,0.000000,0.000559,0.000000,0.000304,3.742913,0.000000,0.000000,0.000000,-0.001607,2.171733
16460.0,0.000000,-0.000342,0.000000,0.000000,3.742913,0.000000,0.000000,0.000000,0.000808,2.171733
16470.0,0.000000,-0.001080,0.000000,0.000304,3.742913,0.000000,0.000000,0.000000,0.000000,2.171733
16480.0,0.000000,-0.000752,0.000000,0.000000,3.742913,0.000000,0.000000,0.000000,-0.002415,2.171733
16490.0,0.000000,-0.000014,0.000000,0.000000,3.742913,0.000000,0.000000,0.000000,0.000000,2.171733
16500.0,0.000000,0.000887,0.000000,0.000914,3.742913,0.000000,0.000000,0.000000,0.000808,2.171733
16510.0,0.000000,0.001215,0.000000,0.000000,3.742913,0.000000,0.000000,0.000000,0.000000,2.171733
16520.0,0.000000,0.000313,0.000000,0.000610,3.742913,0.000000,0.000000,0.000000,-0.000804,2.171733
16530.0,0.000000,-0.000424,0.000000,-0.000304,3.742913,0.000000,0.000000,0.000000,0.000000,2.171733
16540.0,0.000000,-0.001244,0.000000,0.000612,3.742913,0.000000,0.000000,0.000000,-0.000799,2.171733
16550.0,0.000000,-0.000670,0.000000,0.000610,3.742913,0.000000,0.000000,0.000000,0.000804,2.171733
16560.0,0.000000,0.000231,0.000000,0.000000,3.742913,0.000000,0.000000,0.000000,0.000004,2.171733
16570.0,0.000000,0.000969,0.000000,0.000000,3.742913,0.000000,0.000000,0.000000,0.000004,2.171733
16580.0,0.000000,0.000969,0.000000,0.000000,3.742913,0.000000,0.000000,0.000000,-0.000804,2.171733
16590.0,0.000000,0.000231,0.000000,0.000914,3.742913,0.000000,0.000000,0.000000,-0.000808,2.171733
16600.0,0.000000,-0.000670,0.000000,0.000000,3.742913,0.000000,0.000000,0.000000,0.000812,2.171733
16610.0,0.000000,-0.001244,0.000000,0.000000,3.742913,0.000000,0.000000,0.000000,0.000000,2.171733
16620.0,0.000000,-0.000424,0.000000,-0.000914,3.742913,0.000000,0.000000,0.000000,-0.001607,2.171733
16630.0,0.000000,0.000313,0.000000,0.000000,3.742913,0.000000,0.000000,0.000000,0.000808,2.171733
16640.0,0.000000,0.001215,0.000000,0.000607,3.742913,0.000000,0.000000,0.000000,-0.000804,2.171733
16650.0,0.000000,0.000887,0.000000,-0.000916,3.742913,0.000000,0.000000,0.000000,0.001612,2.171733
16660.0,0.000000,-0.000014,0.000000,0.000000,3.742913,0.000000,0.000000,0.000000,-0.000804,2.171733
16670.0,0.000000,-0.000752,0.000000,0.000306,3.742913,0.000000,0.000000,0.000000,0.000799,2.171733
16680.0,0.000000,-0.001080,0.000000,0.000000,3.742913,0.000000,0.000000,0.000000,-0.001607,2.171733
16690.0,0.000000,-0.000342,0.000000,0.000000,3.742913,0.000000,0.000000,0.000000,0.000000,2.171733
16700.0,0.000000,0.000559,0.000000,0.000000,3.742913,0.000000,0.000000,0.000000,0.000000,2.171733
16710.0,0.000000,0.001270,0.000000,-0.001220,3.742913,0.000000,0.000000,0.000000,0.001612,2.171733
16720.0,0.000000,0.000641,0.000000,0.000304,3.742913,0.000000,0.000000,0.000000,0.000808,2.171733
16730.0,0.000000,-0.000096,0.000000,-0.000610,3.742913,0.000000,0.000000,0.000000,-0.000808,2.171733
16740.0,0.000000,-0.000998,0.000000,0.000000,3.742913,0.000000,0.000000,0.000000,0.003228,2.171733
16750.0,0.000000,-0.000998,0.000000,-0.000610,3.742913,0.000000,0.000000,0.000000,0.000808,2.171733
16760.0,0.000000,-0.000096,0.000000,0.000000,3.742913,0.000000,0.000000,0.000000,-0.000804,2.171733
16770.0,0.000000,0.000641,0.000000,-0.000304,3.742913,0.000000,0.000000,0.000000,0.001607,2.171733
16780.0,0.000000,0.001270,0.000000,-0.000610,3.742913,0.000000,0.000000,0.000000,0.000812,2.171733
16790.0,0.000000,0.000559,0.000000,0.000000,3.742913,0.000000,0.000000,0.000000,0.001607,2.171733
16800.0,0.000000,-0.000342,0.000000,0.000000,3.742913,0.000000,0.000000,0.000000,-0.001612,2.171733
16810.0,0.000000,-0.001080,0.000000,-0.000914,3.742913,0.000000,0.000000,0.000000,0.000000,2.171733
16820.0,0.000000,-0.000752,0.000000,-0.000304,3.742913,0.000000,0.000000,0.000000,-0.000808,2.171733
16830.0,0.000000,-0.000014,0.000000,0.000000,3.742913,0.000000,0.000000,0.000000,-0.000804,2.171733
16840.0,0.000000,0.000887,0.000000,-0.000914,3.742913,0.000000,0.000000,0.000000,0.000000,2.171733
16850.0,0.000000,0.001215,0.000000,0.000000,3.742913,0.000000,0.000000,0.000000,0.000000,2.171733
16860.0,0.000000,0.000313,0.000000,0.000914,3.742913,0.000000,0.000000,0.000000,-0.000804,2.171733
16870.0,0.000000,-0.000424,0.000000,0.000000,3.742913,0.000000,0.000000,0.000000,0.000000,2.171733
16880.0,0.000000,-0.001244,0.000000,0.000306,3.742913,0.000000,0.000000,0.000000,0.000000,2.171733
16890.0,0.000000,-0.000670,0.000000,0.000000,3.742913,0.000000,0.000000,0.000000,0.000000,2.171733
16900.0,0.000000,0.000231,0.000000,0.000610,3.742913,0.000000,0.000000,0.000000,0.000812,2.171733
16910.0,0.000000,0.000969,0.000000,0.000607,3.742913,0.000000,0.000000,0.000000,0.000000,2.171733
16920.0,0.000000,0.000969,0.000000,0.000000,3.742913,0.000000,0.000000,0.000000,-0.000804,2.171733
16930.0,0.000000,0.000231,0.000000,0.000304,3.742913,0.000000,0.000000,0.000000,0.000000,2.171733
16940.0,0.000000,-0.000670,0.000000,0.000000,3.742913,0.000000,0.000000,0.000000,0.000004,2.171733
16950.0,0.000000,-0.001244,0.000000,0.000000,3.742913,0.000000,0.000000,0.000000,0.000804,2.171733
16960.0,0.000000,-0.000424,0.000000,0.000306,3.742913,0.000000,0.000000,0.000000,0.000004,2.171733
16970.0,0.000000,0.000313,0.000000,0.000304,3.742913,0.000000,0.000000,0.000000,-0.000804,2.171733
16980.0,0.000000,0.001215,0.000000,0.000000,3.742913,0.000000,0.000000,0.000000,0.000808,2.171733
16990.0,0.000000,0.000887,0.000000,0.000000,3.742913,0.000000,0.000000,0.000000,-0.001612,2.171733
17000.0,0.000000,-0.000014,0.000000,0.000000,3.742913,0.000000,0.000000,0.000000,0.000808,2.171733
17010.0,0.000000,-0.000752,0.000000,0.000000,3.742913,0.000000,0.000000,0.000000,0.000000,2.171733
17020.0,0.000000,-0.001080,0.000000,-0.000304,3.742913,0.000000,0.000000,0.000000,0.000000,2.171733
17030.0,0.000000,-0.000342,0.000000,0.000914,3.742913,0.000000,0.000000,0.000000,0.000000,2.171733
17040.0,0.000000,0.000559,0.000000,0.000610,3.742913,0.000000,0.000000,0.000000,-0.003219,2.171733
17050.0,0.000000,0.001270,0.000000,-0.000610,3.742913,0.000000,0.000000,0.000000,-0.000804,2.171733
17060.0,0.000000,0.000641,0.000000,-0.000304,3.742913,0.000000,0.000000,0.000000,0.000004,2.171733
17070.0,0.000000,-0.000096,0.000000,0.000304,3.742913,0.000000,0.000000,0.000000,0.001612,2.171733
17080.0,0.000000,-0.000998,0.000000,0.000306,3.742913,0.000000,0.000000,0.000000,0.000004,2.171733
17090.0,0.000000,-0.000998,0.000000,0.000304,3.742913,0.000000,0.000000,0.000000,0.001616,2.171733
17100.0,0.000000,-0.000096,0.000000,-0.000610,3.742913,0.000000,0.000000,0.000000,-0.000799,2.171733
17110.0,0.000000,0.000641,0.000000,0.000304,3.742913,0.000000,0.000000,0.000000,-0.001612,2.171733
17120.0,0.000000,0.001270,0.000000,0.000610,3.742913,0.000000,0.000000,0.000000,0.000808,2.171733
17130.0,0.000000,0.000559,0.000000,0.000610,3.742913,0.000000,0.000000,0.000000,0.002415,2.171733
17140.0,0.000000,-0.000342,0.000000,0.000304,3.742913,0.000000,0.000000,0.000000,0.000808,2.171733
17150.0,0.000000,-0.001080,0.000000,-0.000914,3.742913,0.000000,0.000000,0.000000,-0.000808,2.171733
17160.0,0.000000,-0.000752,0.000000,-0.000610,3.742913,0.000000,0.000000,0.000000,0.000808,2.171733
17170.0,0.000000,-0.000014,0.000000,-0.000304,3.742913,0.000000,0.000000,0.000000,0.000808,2.171733
17180.0,0.000000,0.000887,0.000000,0.000304,3.742913,0.000000,0.000000,0.000000,0.000808,2.171733
17190.0,0.000000,0.001215,0.000000,0.000000,3.742913,0.000000,0.000000,0.000000,0.000000,2.171733
17200.0,0.000000,0.000313,0.000000,0.000000,3.742913,0.000000,0.000000,0.000000,0.000000,2.171733
17210.0,0.000000,-0.000424,0.000000,0.000610,3.742913,0.000000,0.000000,0.000000,0.000000,2.171733
17220.0,0.000000,-0.001217,0.000000,0.000000,3.742913,0.000000,0.000000,0.000000,0.000000,2.171733
17230.0,0.000000,-0.000588,0.000000,0.000000,3.742913,0.000000,0.000000,0.000000,0.000808,2.171733
17240.0,0.000000,0.000150,0.000000,-0.000610,3.742913,0.000000,0.000000,0.000000,-0.000004,2.171733
17250.0,0.000000,0.001051,0.000000,0.000000,3.742913,0.000000,0.000000,0.000000,-0.000804,2.171733
17260.0,0.000000,0.001051,0.000000,-0.000304,3.742913,0.000000,0.000000,0.000000,-0.000804,2.171733
17270.0,0.000000,0.000150,0.000000,0.001217,3.742913,0.000000,0.000000,0.000000,0.000808,2.171733
17280.0,0.000000,-0.000588,0.000000,0.000610,3.742913,0.000000,0.000000,0.000000,-0.001612,2.171733
17290.0,0.000000,-0.001217,0.000000,0.000610,3.742913,0.000000,0.000000,0.000000,-0.000799,2.171733
17300.0,0.000000,-0.000506,0.000000,0.000000,3.742913,0.000000,0.000000,0.000000,0.000000,2.171733
17310.0,0.000000,0.000395,0.000000,0.000610,3.742913,0.000000,0.000000,0.000000,0.000004,2.171733
17320.0,0.000000,0.001133,0.000000,0.000000,3.742913,0.000000,0.000000,0.000000,-0.001612,2.171733
17330.0,0.000000,0.000805,0.000000,0.000000,3.742913,0.000000,0.000000,0.000000,0.000000,2.171733
17340.0,0.000000,0.000068,0.000000,0.000000,3.742913,0.000000,0.000000,0.000000,0.000000,2.171733
17350.0,0.000000,-0.000834,0.000000,-0.000304,3.742913,0.000000,0.000000,0.000000,-0.001616,2.171733
17360.0,0.000000,-0.001162,0.000000,0.000610,3.742913,0.000000,0.000000,0.000000,0.000000,2.171733
17370.0,0.000000,-0.000260,0.000000,-0.000610,3.742913,0.000000,0.000000,0.000000,-0.001612,2.171733
17380.0,0.000000,0.000477,0.000000,0.000304,3.742913,0.000000,0.000000,0.000000,-0.000804,2.171733
17390.0,0.000000,0.001297,0.000000,0.000000,3.742913,0.000000,0.000000,0.000000,0.000000,2.171733
17400.0,0.000000,0.000723,0.000000,0.000000,3.742913,0.000000,0.000000,0.000000,-0.000808,2.171733
17410.0,0.000000,-0.000178,0.000000,-0.000304,3.742913,0.000000,0.000000,0.000000,-0.000799,2.171733
17420.0,0.000000,-0.000916,0.000000,0.000610,3.742913,0.000000,0.000000,0.000000,-0.001616,2.171733
17430.0,0.000000,-0.000916,0.000000,-0.000304,3.742913,0.000000,0.000000,0.000000,-0.000804,2.171733
17440.0,0.000000,-0.000178,0.000000,0.000000,3.742913,0.000000,0.000000,0.000000,0.000000,2.171733
17450.0,0.000000,0.000723,0.000000,-0.000304,3.742913,0.000000,0.000000,0.000000,-0.001612,2.171733
17460.0,0.000000,0.001297,0.000000,0.000000,3.742913,0.000000,0.000000,0.000000,0.000000,2.171733
17470.0,0.000000,0.000477,0.000000,0.000610,3.742913,0.000000,0.000000,0.000000,0.000808,2.171733
17480.0,0.000000,-0.000260,0.000000,0.000000,3.742913,0.000000,0.000000,0.000000,0.000808,2.171733
17490.0,0.000000,-0.001162,0.000000,-0.000304,3.742913,0.000000,0.000000,0.000000,0.000004,2.171733
17500.0,0.000000,-0.000834,0.000000,0.000914,3.742913,0.000000,0.000000,0.000000,0.001607,2.171733
17510.0,0.000000,0.000068,0.000000,-0.000612,3.742913,0.000000,0.000000,0.000000,-0.000804,2.171733
17520.0,0.000000,0.000805,0.000000,-0.000610,3.742913,0.000000,0.000000,0.000000,0.001607,2.171733
17530.0,0.000000,0.001133,0.000000,-0.000610,3.742913,0.000000,0.000000,0.000000,-0.000804,2.171733
17540.0,0.000000,0.000395,0.000000,-0.000610,3.742913,0.000000,0.000000,0.000000,0.000000,2.171733
17550.0,0.000000,-0.000506,0.000000,0.000306,3.742913,0.000000,0.000000,0.000000,-0.000804,2.171733
17560.0,0.000000,-0.001217,0.000000,0.000610,3.742913,0.000000,0.000000,0.000000,-0.000804,2.171733
17570.0,0.000000,-0.000588,0.000000,0.000000,3.742913,0.000000,0.000000,0.000000,-0.000804,2.171733
17580.0,0.000000,0.000150,0.000000,-0.000610,3.742913,0.000000,0.000000,0.000000,-0.000804,2.171733
17590.0,0.000000,0.001051,0.000000,0.000914,3.742913,0.000000,0.000000,0.000000,0.000004,2.171733
17600.0,0.000000,0.001051,0.000000,-0.000304,3.742913,0.000000,0.000000,0.000000,-0.000004,2.171733
17610.0,0.000000,0.000150,0.000000,0.000000,3.742913,0.000000,0.000000,0.000000,0.000000,2.171733
17620.0,0.000000,-0.000588,0.000000,-0.000304,3.742913,0.000000,0.000000,0.000000,0.000808,2.171733
17630.0,0.000000,-0.001217,0.000000,-0.000304,3.742913,0.000000,0.000000,0.000000,0.000004,2.171733
17640.0,0.000000,-0.000506,0.000000,-0.000610,3.742913,0.000000,0.000000,0.000000,0.001612,2.171733
17650.0,0.000000,0.000313,0.000000,0.000000,3.742913,0.000000,0.000000,0.000000,0.000808,2.171733
17660.0,0.000000,0.001215,0.000000,0.000000,3.742913,0.000000,0.000000,0.000000,0.000004,2.171733
17670.0,0.000000,0.000887,0.000000,0.000000,3.742913,0.000000,0.000000,0.000000,0.000804,2.171733
17680.0,0.000000,-0.000014,0.000000,0.000304,3.742913,0.000000,0.000000,0.000000,-0.001603,2.171733
17690.0,0.000000,-0.000752,0.000000,0.000000,3.742913,0.000000,0.000000,0.000000,0.002420,2.171733
17700.0,0.000000,-0.001080,0.000000,0.000000,3.742913,0.000000,0.000000,0.000000,-0.001607,2.171733
17710.0,0.000000,-0.000342,0.000000,0.000306,3.742913,0.000000,0.000000,0.000000,0.000000,2.171733
17720.0,0.000000,0.000559,0.000000,-0.000304,3.742913,0.000000,0.000000,0.000000,-0.002415,2.171733
17730.0,0.000000,0.001270,0.000000,0.000610,3.742913,0.000000,0.000000,0.000000,0.001607,2.171733
17740.0,0.000000,0.000641,0.000000,0.000914,3.742913,0.000000,0.000000,0.000000,0.000808,2.171733
17750.0,0.000000,-0.000096,0.000000,-0.000304,3.742913,0.000000,0.000000,0.000000,0.000000,2.171733
17760.0,0.000000,-0.000998,0.000000,0.000610,3.742913,0.000000,0.000000,0.000000,0.000000,2.171733
17770.0,0.000000,-0.000998,0.000000,0.000000,3.742913,0.000000,0.000000,0.000000,0.000000,2.171733
17780.0,0.000000,-0.000096,0.000000,0.000000,3.742913,0.000000,0.000000,0.000000,0.000808,2.171733
17790.0,0.000000,0.000641,0.000000,0.000000,3.742913,0.000000,0.000000,0.000000,-0.000004,2.171733
17800.0,0.000000,0.001270,0.000000,0.000916,3.742913,0.000000,0.000000,0.000000,0.000004,2.171733
17810.0,0.000000,0.000559,0.000000,0.000306,3.742913,0.000000,0.000000,0.000000,0.000000,2.171733
17820.0,0.000000,-0.000342,0.000000,-0.000304,3.742913,0.000000,0.000000,0.000000,0.000004,2.171733
17830.0,0.000000,-0.001080,0.000000,0.000306,3.742913,0.000000,0.000000,0.000000,0.000000,2.171733
17840.0,0.000000,-0.000752,0.000000,-0.000304,3.742913,0.000000,0.000000,0.000000,0.000808,2.171733
17850.0,0.000000,-0.000014,0.000000,-0.000304,3.742913,0.000000,0.000000,0.000000,0.000808,2.171733
17860.0,0.000000,0.000887,0.000000,0.000610,3.742913,0.000000,0.000000,0.000000,-0.000804,2.171733
17870.0,0.000000,0.001215,0.000000,-0.000304,3.742913,0.000000,0.000000,0.000000,0.000000,2.171733
17880.0,0.000000,0.000313,0.000000,0.000304,3.742913,0.000000,0.000000,0.000000,-0.002415,2.171733
17890.0,0.000000,-0.000424,0.000000,0.000304,3.742913,0.000000,0.000000,0.000000,0.001612,2.171733
17900.0,0.000000,-0.001244,0.000000,0.000000,3.742913,0.000000,0.000000,0.000000,0.000004,2.171733
17910.0,0.000000,-0.000670,0.000000,-0.000304,3.742913,0.000000,0.000000,0.000000,-0.001612,2.171733
17920.0,0.000000,0.000231,0.000000,0.000000,3.742913,0.000000,0.000000,0.000000,-0.000804,2.171733
17930.0,0.000000,0.000969,0.000000,-0.000610,3.742913,0.000000,0.000000,0.000000,-0.000004,2.171733
17940.0,0.000000,0.000969,0.000000,-0.000610,3.742913,0.000000,0.000000,0.000000,-0.000799,2.171733
17950.0,0.000000,0.000231,0.000000,0.000000,3.742913,0.000000,0.000000,0.000000,0.000808,2.171733
17960.0,0.000000,-0.000670,0.000000,0.000306,3.742913,0.000000,0.000000,0.000000,0.000808,2.171733
17970.0,0.000000,-0.001244,0.000000,0.000000,3.742913,0.000000,0.000000,0.000000,0.000000,2.171733
17980.0,0.000000,-0.000424,0.000000,0.000304,3.742913,0.000000,0.000000,0.000000,0.000000,2.171733
17990.0,0.000000,0.000313,0.000000,0.000000,3.742913,0.000000,0.000000,0.000000,-0.000804,2.171733
18000.0,0.000000,0.001215,0.000000,0.000000,3.742913,0.000000,0.000000,0.000000,0.000000,2.171733
18010.0,0.000000,0.000887,0.000000,0.000304,3.742913,0.000000,0.000000,0.000000,0.000000,2.171733
18020.0,0.000000,-0.000014,0.000000,0.000610,3.742913,0.000000,0.000000,0.000000,0.000808,2.171733
18030.0,0.000000,-0.000752,0.000000,-0.000610,3.742913,0.000000,0.000000,0.000000,-0.000804,2.171733
18040.0,0.000000,-0.001080,0.000000,-0.000304,3.742913,0.000000,0.000000,0.000000,0.000004,2.171733
18050.0,0.000000,-0.000342,0.000000,-0.000914,3.742913,0.000000,0.000000,0.000000,0.000000,2.171733
18060.0,0.000000,0.000559,0.000000,-0.000610,3.742913,0.000000,0.000000,0.000000,-0.000804,2.171733
18070.0,0.000000,0.001270,0.000000,0.000000,3.742913,0.000000,0.000000,0.000000,0.001607,2.171733
18080.0,0.000000,0.000723,0.000000,-0.000304,3.742913,0.000000,0.000000,0.000000,0.000808,2.171733
18090.0,0.000000,-0.000178,0.000000,-0.000304,3.742913,0.000000,0.000000,0.000000,0.000000,2.171733
18100.0,0.000000,-0.000916,0.000000,-0.000306,3.742913,0.000000,0.000000,0.000000,-0.000004,2.171733
18110.0,0.000000,-0.000916,0.000000,-0.000304,3.742913,0.000000,0.000000,0.000000,0.000004,2.171733
18120.0,0.000000,-0.000178,0.000000,0.000610,3.742913,0.000000,0.000000,0.000000,0.000808,2.171733
18130.0,0.000000,0.000723,0.000000,0.000610,3.742913,0.000000,0.000000,0.000000,0.001616,2.171733
18140.0,0.000000,0.001297,0.000000,0.000000,3.742913,0.000000,0.000000,0.000000,-0.000804,2.171733
18150.0,0.000000,0.000477,0.000000,-0.000607,3.742913,0.000000,0.000000,0.000000,0.000004,2.171733
18160.0,0.000000,-0.000260,0.000000,0.000306,3.742913,0.000000,0.000000,0.000000,0.000808,2.171733
18170.0,0.000000,-0.001162,0.000000,0.000000,3.742913,0.000000,0.000000,0.000000,0.000808,2.171733
18180.0,0.000000,-0.000834,0.000000,-0.001220,3.742913,0.000000,0.000000,0.000000,0.000804,2.171733
18190.0,0.000000,0.000068,0.000000,0.000000,3.742913,0.000000,0.000000,0.000000,-0.000804,2.171733
18200.0,0.000000,0.000805,0.000000,0.000914,3.742913,0.000000,0.000000,0.000000,-0.001612,2.171733
18210.0,0.000000,0.001133,0.000000,0.000610,3.742913,0.000000,0.000000,0.000000,-0.000804,2.171733
18220.0,0.000000,0.000395,0.000000,0.000000,3.742913,0.000000,0.000000,0.000000,-0.000808,2.171733
18230.0,0.000000,-0.000506,0.000000,0.000610,3.742913,0.000000,0.000000,0.000000,-0.000804,2.171733
18240.0,0.000000,-0.001217,0.000000,0.001220,3.742913,0.000000,0.000000,0.000000,0.000808,2.171733
18250.0,0.000000,-0.000588,0.000000,-0.000304,3.742913,0.000000,0.000000,0.000000,-0.000799,2.171733
18260.0,0.000000,0.000150,0.000000,0.000000,3.742913,0.000000,0.000000,0.000000,0.000000,2.171733
18270.0,0.000000,0.001051,0.000000,0.000000,3.742913,0.000000,0.000000,0.000000,0.000000,2.171733
18280.0,0.000000,0.001051,0.000000,0.000000,3.742913,0.000000,0.000000,0.000000,0.000000,2.171733
18290.0,0.000000,0.000150,0.000000,0.000610,3.742913,0.000000,0.000000,0.000000,0.000000,2.171733
18300.0,0.000000,-0.000588,0.000000,-0.000610,3.742913,0.000000,0.000000,0.000000,0.000808,2.171733
18310.0,0.000000,-0.001217,0.000000,0.000306,3.742913,0.000000,0.000000,0.000000,-0.000799,2.171733
18320.0,0.000000,-0.000506,0.000000,0.000304,3.742913,0.000000,0.000000,0.000000,-0.000804,2.171733
18330.0,0.000000,0.000395,0.000000,-0.000914,3.742913,0.000000,0.000000,0.000000,0.000004,2.171733
18340.0,0.000000,0.001133,0.000000,-0.000304,3.742913,0.000000,0.000000,0.000000,0.000808,2.171733
18350.0,0.000000,0.000805,0.000000,0.000000,3.742913,0.000000,0.000000,0.000000,-0.001607,2.171733
18360.0,0.000000,0.000068,0.000000,0.000000,3.742913,0.000000,0.000000,0.000000,-0.000804,2.171733
18370.0,0.000000,-0.000834,0.000000,0.000000,3.742913,0.000000,0.000000,0.000000,-0.000804,2.171733
18380.0,0.000000,-0.001162,0.000000,0.000000,3.742913,0.000000,0.000000,0.000000,-0.000808,2.171733
18390.0,0.000000,-0.000260,0.000000,0.000610,3.742913,0.000000,0.000000,0.000000,-0.001607,2.171733
18400.0,0.000000,0.000477,0.000000,0.000607,3.742913,0.000000,0.000000,0.000000,0.000804,2.171733
18410.0,0.000000,0.001297,0.000000,0.000610,3.742913,0.000000,0.000000,0.000000,-0.000804,2.171733
18420.0,0.000000,0.000723,0.000000,-0.000610,3.742913,0.000000,0.000000,0.000000,0.000000,2.171733
18430.0,0.000000,-0.000178,0.000000,0.000000,3.742913,0.000000,0.000000,0.000000,-0.002420,2.171733
18440.0,0.000000,-0.000916,0.000000,-0.000304,3.742913,0.000000,0.000000,0.000000,0.000000,2.171733
18450.0,0.000000,-0.000916,0.000000,-0.000304,3.742913,0.000000,0.000000,0.000000,-0.000808,2.171733
18460.0,0.000000,-0.000178,0.000000,0.000000,3.742913,0.000000,0.000000,0.000000,0.002415,2.171733
18470.0,0.000000,0.000723,0.000000,0.000000,3.742913,0.000000,0.000000,0.000000,-0.000804,2.171733
18480.0,0.000000,0.001297,0.000000,0.000000,3.742913,0.000000,0.000000,0.000000,-0.000804,2.171733
18490.0,0.000000,0.000477,0.000000,0.000304,3.742913,0.000000,0.000000,0.000000,-0.000804,2.171733
18500.0,0.000000,-0.000260,0.000000,-0.000610,3.742913,0.000000,0.000000,0.000000,0.002420,2.171733
18510.0,0.000000,-0.001162,0.000000,0.000610,3.742913,0.000000,0.000000,0.000000,0.000004,2.171733
18520.0,0.000000,-0.000834,0.000000,0.000610,3.742913,0.000000,0.000000,0.000000,-0.001612,2.171733
18530.0,0.000000,0.000068,0.000000,-0.000610,3.742913,0.000000,0.000000,0.000000,-0.000799,2.171733
18540.0,0.000000,0.000805,0.000000,0.000304,3.742913,0.000000,0.000000,0.000000,0.000000,2.171733
18550.0,0.000000,0.001133,0.000000,0.000914,3.742913,0.000000,0.000000,0.000000,0.002415,2.171733
18560.0,0.000000,0.000395,0.000000,0.000000,3.742913,0.000000,0.000000,0.000000,0.000000,2.171733
18570.0,0.000000,-0.000506,0.000000,-0.000304,3.742913,0.000000,0.000000,0.000000,-0.000804,2.171733
18580.0,0.000000,-0.001217,0.000000,0.000304,3.742913,0.000000,0.000000,0.000000,0.000804,2.171733
18590.0,0.000000,-0.000588,0.000000,-0.000304,3.742913,0.000000,0.000000,0.000000,0.000808,2.171733
18600.0,0.000000,0.000150,0.000000,0.000306,3.742913,0.000000,0.000000,0.000000,0.000808,2.171733
18610.0,0.000000,0.001051,0.000000,0.001217,3.742913,0.000000,0.000000,0.000000,0.000000,2.171733
18620.0,0.000000,0.001051,0.000000,-0.000610,3.742913,0.000000,0.000000,0.000000,0.000804,2.171733
18630.0,0.000000,0.000150,0.000000,-0.000304,3.742913,0.000000,0.000000,0.000000,0.000004,2.171733
18640.0,0.000000,-0.000588,0.000000,0.000610,3.742913,0.000000,0.000000,0.000000,0.000000,2.171733
18650.0,0.000000,-0.001217,0.000000,-0.000304,3.742913,0.000000,0.000000,0.000000,-0.000804,2.171733
18660.0,0.000000,-0.000506,0.000000,0.000000,3.742913,0.000000,0.000000,0.000000,-0.000804,2.171733
18670.0,0.000000,0.000395,0.000000,-0.000304,3.742913,0.000000,0.000000,0.000000,-0.000804,2.171733
18680.0,0.000000,0.001133,0.000000,-0.000304,3.742913,0.000000,0.000000,0.000000,0.000000,2.171733
18690.0,0.000000,0.000805,0.000000,0.000306,3.742913,0.000000,0.000000,0.000000,-0.000804,2.171733
18700.0,0.000000,0.000068,0.000000,0.000000,3.742913,0.000000,0.000000,0.000000,0.000000,2.171733
18710.0,0.000000,-0.000834,0.000000,0.000000,3.742913,0.000000,0.000000,0.000000,-0.001607,2.171733
18720.0,0.000000,-0.001162,0.000000,-0.000304,3.742913,0.000000,0.000000,0.000000,0.000804,2.171733
18730.0,0.000000,-0.000260,0.000000,0.000610,3.742913,0.000000,0.000000,0.000000,0.000808,2.171733
18740.0,0.000000,0.000477,0.000000,0.000000,3.742913,0.000000,0.000000,0.000000,0.000000,2.171733
18750.0,0.000000,0.001297,0.000000,0.000610,3.742913,0.000000,0.000000,0.000000,-0.001603,2.171733
18760.0,0.000000,0.000723,0.000000,-0.000306,3.742913,0.000000,0.000000,0.000000,0.000000,2.171733
18770.0,0.000000,-0.000178,0.000000,0.000000,3.742913,0.000000,0.000000,0.000000,0.000004,2.171733
18780.0,0.000000,-0.000916,0.000000,0.000000,3.742913,0.000000,0.000000,0.000000,0.000804,2.171733
18790.0,0.000000,-0.000916,0.000000,0.000000,3.742913,0.000000,0.000000,0.000000,0.001612,2.171733
18800.0,0.000000,-0.000178,0.000000,-0.000306,3.742913,0.000000,0.000000,0.000000,0.000000,2.171733
18810.0,0.000000,0.000723,0.000000,0.000000,3.742913,0.000000,0.000000,0.000000,0.000808,2.171733
18820.0,0.000000,0.001297,0.000000,-0.000304,3.742913,0.000000,0.000000,0.000000,0.000000,2.171733
18830.0,0.000000,0.000477,0.000000,0.000000,3.742913,0.000000,0.000000,0.000000,-0.000804,2.171733
18840.0,0.000000,-0.000260,0.000000,-0.000304,3.742913,0.000000,0.000000,0.000000,0.000808,2.171733
18850.0,0.000000,-0.001162,0.000000,0.000306,3.742913,0.000000,0.000000,0.000000,-0.000804,2.171733
18860.0,0.000000,-0.000834,0.000000,-0.000304,3.742913,0.000000,0.000000,0.000000,-0.000004,2.171733
18870.0,0.000000,0.000068,0.000000,-0.000610,3.742913,0.000000,0.000000,0.000000,0.000004,2.171733
18880.0,0.000000,0.000805,0.000000,-0.001526,3.742913,0.000000,0.000000,0.000000,-0.001612,2.171733
18890.0,0.000000,0.001133,0.000000,-0.001220,3.742913,0.000000,0.000000,0.000000,0.000004,2.171733
18900.0,0.000000,0.000395,0.000000,0.000610,3.742913,0.000000,0.000000,0.000000,0.000804,2.171733
18910.0,0.000000,-0.000506,0.000000,0.000000,3.742913,0.000000,0.000000,0.000000,0.001612,2.171733
18920.0,0.000000,-0.001217,0.000000,0.000304,3.742913,0.000000,0.000000,0.000000,0.001612,2.171733
18930.0,0.000000,-0.000588,0.000000,0.000610,3.742913,0.000000,0.000000,0.000000,-0.001603,2.171733
18940.0,0.000000,0.000150,0.000000,-0.000610,3.742913,0.000000,0.000000,0.000000,0.000000,2.171733
18950.0,0.000000,0.001051,0.000000,0.000000,3.742913,0.000000,0.000000,0.000000,-0.001612,2.171733
18960.0,0.000000,0.001051,0.000000,0.000000,3.742913,0.000000,0.000000,0.000000,0.000804,2.171733
18970.0,0.000000,0.000150,0.000000,0.000000,3.742913,0.000000,0.000000,0.000000,-0.000804,2.171733
18980.0,0.000000,-0.000588,0.000000,0.000304,3.742913,0.000000,0.000000,0.000000,0.000804,2.171733
18990.0,0.000000,-0.001217,0.000000,0.000610,3.742913,0.000000,0.000000,0.000000,0.000808,2.171733
19000.0,0.000000,-0.000506,0.000000,0.000000,3.742913,0.000000,0.000000,0.000000,-0.000808,2.171733
19010.0,0.000000,0.000395,0.000000,0.000306,3.742913,0.000000,0.000000,0.000000,-0.000804,2.171733
19020.0,0.000000,0.001133,0.000000,-0.000304,3.742913,0.000000,0.000000,0.000000,0.000000,2.171733
19030.0,0.000000,0.000805,0.000000,0.000000,3.742913,0.000000,0.000000,0.000000,0.000808,2.171733
19040.0,0.000000,0.000068,0.000000,0.000610,3.742913,0.000000,0.000000,0.000000,0.000000,2.171733
19050.0,0.000000,-0.000834,0.000000,0.000000,3.742913,0.000000,0.000000,0.000000,0.000808,2.171733
19060.0,0.000000,-0.001162,0.000000,0.000304,3.742913,0.000000,0.000000,0.000000,-0.000808,2.171733
19070.0,0.000000,-0.000260,0.000000,-0.000304,3.742913,0.000000,0.000000,0.000000,0.000812,2.171733
19080.0,0.000000,0.000477,0.000000,0.000306,3.742913,0.000000,0.000000,0.000000,0.000000,2.171733
19090.0,0.000000,0.001297,0.000000,0.000306,3.742913,0.000000,0.000000,0.000000,0.000808,2.171733
19100.0,0.000000,0.000723,0.000000,0.000610,3.742913,0.000000,0.000000,0.000000,0.000000,2.171733
19110.0,0.000000,-0.000178,0.000000,-0.000304,3.742913,0.000000,0.000000,0.000000,0.000808,2.171733
19120.0,0.000000,-0.000916,0.000000,-0.000610,3.742913,0.000000,0.000000,0.000000,0.000000,2.171733
19130.0,0.000000,-0.000916,0.000000,-0.001523,3.742913,0.000000,0.000000,0.000000,-0.000804,2.171733
19140.0,0.000000,-0.000178,0.000000,0.000000,3.742913,0.000000,0.000000,0.000000,0.000000,2.171733
19150.0,0.000000,0.000723,0.000000,-0.000914,3.742913,0.000000,0.000000,0.000000,0.000000,2.171733
19160.0,0.000000,0.001297,0.000000,0.000000,3.742913,0.000000,0.000000,0.000000,0.000804,2.171733
19170.0,0.000000,0.000477,0.000000,-0.000610,3.742913,0.000000,0.000000,0.000000,-0.000804,2.171733
19180.0,0.000000,-0.000260,0.000000,-0.000304,3.742913,0.000000,0.000000,0.000000,-0.001612,2.171733
19190.0,0.000000,-0.001162,0.000000,0.000000,3.742913,0.000000,0.000000,0.000000,0.000804,2.171733
19200.0,0.000000,-0.000834,0.000000,-0.000610,3.742913,0.000000,0.000000,0.000000,-0.000804,2.171733
19210.0,0.000000,0.000068,0.000000,0.000000,3.742913,0.000000,0.000000,0.000000,-0.000804,2.171733
19220.0,0.000000,0.000805,0.000000,-0.001217,3.742913,0.000000,0.000000,0.000000,0.000000,2.171733
19230.0,0.000000,0.001133,0.000000,0.000000,3.742913,0.000000,0.000000,0.000000,0.000004,2.171733
19240.0,0.000000,0.000395,0.000000,-0.000304,3.742913,0.000000,0.000000,0.000000,-0.000808,2.171733
19250.0,0.000000,-0.000506,0.000000,-0.000610,3.742913,0.000000,0.000000,0.000000,0.000000,2.171733
19260.0,0.000000,-0.001217,0.000000,0.000000,3.742913,0.000000,0.000000,0.000000,-0.000808,2.171733
19270.0,0.000000,-0.000588,0.000000,-0.000610,3.742913,0.000000,0.000000,0.000000,0.000816,2.171733
19280.0,0.000000,0.000150,0.000000,0.000000,3.742913,0.000000,0.000000,0.000000,0.000004,2.171733
19290.0,0.000000,0.001051,0.000000,-0.000914,3.742913,0.000000,0.000000,0.000000,0.000816,2.171733
19300.0,0.000000,0.001051,0.000000,-0.000610,3.742913,0.000000,0.000000,0.000000,0.000804,2.171733
19310.0,0.000000,0.000150,0.000000,0.000610,3.742913,0.000000,0.000000,0.000000,-0.000804,2.171733
19320.0,0.000000,-0.000588,0.000000,0.000306,3.742913,0.000000,0.000000,0.000000,0.000000,2.171733
19330.0,0.000000,-0.001217,0.000000,0.000000,3.742913,0.000000,0.000000,0.000000,0.000808,2.171733
19340.0,0.000000,-0.000506,0.000000,-0.001220,3.742913,0.000000,0.000000,0.000000,0.000808,2.171733
19350.0,0.000000,0.000313,0.000000,0.000610,3.742913,0.000000,0.000000,0.000000,-0.000804,2.171733
19360.0,0.000000,0.001215,0.000000,0.000610,3.742913,0.000000,0.000000,0.000000,-0.000804,2.171733
19370.0,0.000000,0.000887,0.000000,-0.000610,3.742913,0.000000,0.000000,0.000000,0.000804,2.171733
19380.0,0.000000,-0.000014,0.000000,0.000000,3.742913,0.000000,0.000000,0.000000,0.000000,2.171733
19390.0,0.000000,-0.000752,0.000000,0.000610,3.742913,0.000000,0.000000,0.000000,0.000004,2.171733
19400.0,0.000000,-0.001080,0.000000,-0.000610,3.742913,0.000000,0.000000,0.000000,0.000808,2.171733
19410.0,0.000000,-0.000342,0.000000,0.000610,3.742913,0.000000,0.000000,0.000000,0.000000,2.171733
19420.0,0.000000,0.000559,0.000000,0.000304,3.742913,0.000000,0.000000,0.000000,0.000004,2.171733
19430.0,0.000000,0.001270,0.000000,-0.000610,3.742913,0.000000,0.000000,0.000000,0.000000,2.171733
19440.0,0.000000,0.000641,0.000000,0.000000,3.742913,0.000000,0.000000,0.000000,-0.001607,2.171733
19450.0,0.000000,-0.000096,0.000000,-0.000610,3.742913,0.000000,0.000000,0.000000,0.000000,2.171733
19460.0,0.000000,-0.000998,0.000000,-0.000304,3.742913,0.000000,0.000000,0.000000,0.000004,2.171733
19470.0,0.000000,-0.000998,0.000000,0.000610,3.742913,0.000000,0.000000,0.000000,-0.001612,2.171733
19480.0,0.000000,-0.000096,0.000000,0.000306,3.742913,0.000000,0.000000,0.000000,0.000000,2.171733
19490.0,0.000000,0.000641,0.000000,0.000607,3.742913,0.000000,0.000000,0.000000,-0.001607,2.171733
19500.0,0.000000,0.001270,0.000000,0.000916,3.742913,0.000000,0.000000,0.000000,0.000004,2.171733
19510.0,0.000000,0.000559,0.000000,0.000306,3.742913,0.000000,0.000000,0.000000,-0.000804,2.171733
19520.0,0.000000,-0.000342,0.000000,0.000304,3.742913,0.000000,0.000000,0.000000,-0.000804,2.171733
19530.0,0.000000,-0.001080,0.000000,0.000304,3.742913,0.000000,0.000000,0.000000,-0.000808,2.171733
19540.0,0.000000,-0.000752,0.000000,0.000000,3.742913,0.000000,0.000000,0.000000,-0.000804,2.171733
19550.0,0.000000,-0.000014,0.000000,0.000000,3.742913,0.000000,0.000000,0.000000,0.000000,2.171733
19560.0,0.000000,0.000887,0.000000,0.000306,3.742913,0.000000,0.000000,0.000000,0.000000,2.171733
19570.0,0.000000,0.001215,0.000000,-0.000610,3.742913,0.000000,0.000000,0.000000,-0.000804,2.171733
19580.0,0.000000,0.000313,0.000000,0.000000,3.742913,0.000000,0.000000,0.000000,-0.001607,2.171733
19590.0,0.000000,-0.000424,0.000000,0.000000,3.742913,0.000000,0.000000,0.000000,-0.000808,2.171733
19600.0,0.000000,-0.001244,0.000000,0.000610,3.742913,0.000000,0.000000,0.000000,0.000812,2.171733
19610.0,0.000000,-0.000670,0.000000,-0.000610,3.742913,0.000000,0.000000,0.000000,0.000812,2.171733
19620.0,0.000000,0.000231,0.000000,0.000000,3.742913,0.000000,0.000000,0.000000,0.001612,2.171733
19630.0,0.000000,0.000969,0.000000,0.000000,3.742913,0.000000,0.000000,0.000000,0.000799,2.171733
19640.0,0.000000,0.000969,0.000000,0.000000,3.742913,0.000000,0.000000,0.000000,-0.001607,2.171733
19650.0,0.000000,0.000231,0.000000,0.000000,3.742913,0.000000,0.000000,0.000000,0.000000,2.171733
19660.0,0.000000,-0.000670,0.000000,0.000914,3.742913,0.000000,0.000000,0.000000,-0.001607,2.171733
19670.0,0.000000,-0.001244,0.000000,0.001220,3.742913,0.000000,0.000000,0.000000,0.000804,2.171733
19680.0,0.000000,-0.000424,0.000000,-0.000304,3.742913,0.000000,0.000000,0.000000,-0.001612,2.171733
19690.0,0.000000,0.000313,0.000000,-0.001220,3.742913,0.000000,0.000000,0.000000,0.000808,2.171733
19700.0,0.000000,0.001215,0.000000,0.000000,3.742913,0.000000,0.000000,0.000000,0.000812,2.171733
19710.0,0.000000,0.000887,0.000000,0.000914,3.742913,0.000000,0.000000,0.000000,0.001612,2.171733
19720.0,0.000000,-0.000014,0.000000,0.000610,3.742913,0.000000,0.000000,0.000000,0.001616,2.171733
19730.0,0.000000,-0.000752,0.000000,0.000000,3.742913,0.000000,0.000000,0.000000,0.000000,2.171733
19740.0,0.000000,-0.001080,0.000000,-0.000610,3.742913,0.000000,0.000000,0.000000,0.001612,2.171733
19750.0,0.000000,-0.000342,0.000000,0.000000,3.742913,0.000000,0.000000,0.000000,-0.000804,2.171733
19760.0,0.000000,0.000559,0.000000,-0.000304,3.742913,0.000000,0.000000,0.000000,0.001616,2.171733
19770.0,0.000000,0.001270,0.000000,0.000610,3.742913,0.000000,0.000000,0.000000,0.001612,2.171733
19780.0,0.000000,0.000723,0.000000,0.000610,3.742913,0.000000,0.000000,0.000000,0.000804,2.171733
19790.0,0.000000,-0.000178,0.000000,-0.000304,3.742913,0.000000,0.000000,0.000000,-0.000804,2.171733
19800.0,0.000000,-0.000916,0.000000,0.000000,3.742913,0.000000,0.000000,0.000000,0.000000,2.171733
19810.0,0.000000,-0.000916,0.000000,-0.000304,3.742913,0.000000,0.000000,0.000000,0.000004,2.171733
19820.0,0.000000,-0.000178,0.000000,-0.000304,3.742913,0.000000,0.000000,0.000000,-0.000808,2.171733
19830.0,0.000000,0.000723,0.000000,0.000304,3.742913,0.000000,0.000000,0.000000,0.000000,2.171733
19840.0,0.000000,0.001297,0.000000,0.000000,3.742913,0.000000,0.000000,0.000000,-0.000808,2.171733
19850.0,0.000000,0.000477,0.000000,-0.000304,3.742913,0.000000,0.000000,0.000000,-0.001607,2.171733
19860.0,0.000000,-0.000260,0.000000,0.000304,3.742913,0.000000,0.000000,0.000000,0.000804,2.171733
19870.0,0.000000,-0.001162,0.000000,0.000306,3.742913,0.000000,0.000000,0.000000,0.000808,2.171733
19880.0,0.000000,-0.000834,0.000000,0.000610,3.742913,0.000000,0.000000,0.000000,0.000808,2.171733
19890.0,0.000000,0.000068,0.000000,-0.000304,3.742913,0.000000,0.000000,0.000000,0.000000,2.171733
19900.0,0.000000,0.000805,0.000000,0.000607,3.742913,0.000000,0.000000,0.000000,0.000000,2.171733
19910.0,0.000000,0.001133,0.000000,-0.000306,3.742913,0.000000,0.000000,0.000000,0.000004,2.171733
19920.0,0.000000,0.000395,0.000000,-0.000610,3.742913,0.000000,0.000000,0.000000,0.000000,2.171733
19930.0,0.000000,-0.000506,0.000000,0.000610,3.742913,0.000000,0.000000,0.000000,0.000004,2.171733
19940.0,0.000000,-0.001217,0.000000,-0.000914,3.742913,0.000000,0.000000,0.000000,-0.000804,2.171733
19950.0,0.000000,-0.000588,0.000000,0.000304,3.742913,0.000000,0.000000,0.000000,-0.000804,2.171733
19960.0,0.000000,0.000150,0.000000,0.000610,3.742913,0.000000,0.000000,0.000000,-0.000804,2.171733
19970.0,0.000000,0.001051,0.000000,-0.000304,3.742913,0.000000,0.000000,0.000000,0.000000,2.171733
19980.0,0.000000,0.001051,0.000000,0.000000,3.742913,0.000000,0.000000,0.000000,0.003215,2.171733
19990.0,0.000000,0.000150,0.000000,-0.000914,3.742913,0.000000,0.000000,0.000000,0.000004,2.171733
20000.0,0.000000,-0.000588,0.000000,0.000000,3.742913,0.000000,0.000000,0.000000,-0.000804,2.171733
20010.0,0.000000,-0.001217,0.000000,0.000000,3.742913,0.000000,0.000000,0.000000,-0.000804,2.171733
20020.0,0.000000,-0.000506,0.000000,0.000304,3.742913,0.000000,0.000000,0.000000,-0.000804,2.171733
20030.0,0.000000,0.000395,0.000000,-0.000610,3.742913,0.000000,0.000000,0.000000,-0.000799,2.171733
20040.0,0.000000,0.001133,0.000000,0.000914,3.742913,0.000000,0.000000,0.000000,0.000000,2.171733
20050.0,0.000000,0.000805,0.000000,0.000306,3.742913,0.000000,0.000000,0.000000,0.000000,2.171733
20060.0,0.000000,0.000068,0.000000,0.001523,3.742913,0.000000,0.000000,0.000000,0.001607,2.171733
20070.0,0.000000,-0.000834,0.000000,-0.000610,3.742913,0.000000,0.000000,0.000000,0.000808,2.171733
20080.0,0.000000,-0.001162,0.000000,0.000000,3.742913,0.000000,0.000000,0.000000,0.000000,2.171733
20090.0,0.000000,-0.000260,0.000000,-0.000610,3.742913,0.000000,0.000000,0.000000,0.000004,2.171733
20100.0,0.000000,0.000477,0.000000,-0.000610,3.742913,0.000000,0.000000,0.000000,0.000000,2.171733
20110.0,0.000000,0.001297,0.000000,-0.000304,3.742913,0.000000,0.000000,0.000000,0.000808,2.171733
20120.0,0.000000,0.000723,0.000000,0.000000,3.742913,0.000000,0.000000,0.000000,-0.000808,2.171733
20130.0,0.000000,-0.000178,0.000000,0.000304,3.742913,0.000000,0.000000,0.000000,0.000000,2.171733
20140.0,0.000000,-0.000916,0.000000,0.000000,3.742913,0.000000,0.000000,0.000000,-0.000804,2.171733
20150.0,0.000000,-0.000916,0.000000,0.000914,3.742913,0.000000,0.000000,0.000000,0.000808,2.171733
20160.0,0.000000,-0.000178,0.000000,0.000610,3.742913,0.000000,0.000000,0.000000,0.000000,2.171733
20170.0,0.000000,0.000723,0.000000,0.000000,3.742913,0.000000,0.000000,0.000000,0.000000,2.171733
20180.0,0.000000,0.001297,0.000000,0.000000,3.742913,0.000000,0.000000,0.000000,0.000000,2.171733
20190.0,0.000000,0.000477,0.000000,0.000000,3.742913,0.000000,0.000000,0.000000,-0.000804,2.171733
20200.0,0.000000,-0.000260,0.000000,0.000610,3.742913,0.000000,0.000000,0.000000,0.000799,2.171733
20210.0,0.000000,-0.001162,0.000000,0.000000,3.742913,0.000000,0.000000,0.000000,0.000000,2.171733
20220.0,0.000000,-0.000834,0.000000,-0.000304,3.742913,0.000000,0.000000,0.000000,-0.000808,2.171733
20230.0,0.000000,0.000068,0.000000,0.000000,3.742913,0.000000,0.000000,0.000000,-0.000804,2.171733
20240.0,0.000000,0.000805,0.000000,-0.000610,3.742913,0.000000,0.000000,0.000000,0.000804,2.171733
20250.0,0.000000,0.001133,0.000000,0.000610,3.742913,0.000000,0.000000,0.000000,-0.002411,2.171733
20260.0,0.000000,0.000395,0.000000,-0.000610,3.742913,0.000000,0.000000,0.000000,-0.000004,2.171733
20270.0,0.000000,-0.000506,0.000000,0.000000,3.742913,0.000000,0.000000,0.000000,-0.000804,2.171733
20280.0,0.000000,-0.001217,0.000000,0.000000,3.742913,0.000000,0.000000,0.000000,0.000000,2.171733
20290.0,0.000000,-0.000588,0.000000,0.000000,3.742913,0.000000,0.000000,0.000000,0.003223,2.171733
20300.0,0.000000,0.000150,0.000000,0.000000,3.742913,0.000000,0.000000,0.000000,0.000799,2.171733
20310.0,0.000000,0.001051,0.000000,0.000000,3.742913,0.000000,0.000000,0.000000,0.000808,2.171733
20320.0,0.000000,0.001051,0.000000,-0.000304,3.742913,0.000000,0.000000,0.000000,0.000808,2.171733
20330.0,0.000000,0.000150,0.000000,0.000914,3.742913,0.000000,0.000000,0.000000,-0.000804,2.171733
20340.0,0.000000,-0.000588,0.000000,0.000000,3.742913,0.000000,0.000000,0.000000,-0.000799,2.171733
20350.0,0.000000,-0.001217,0.000000,0.000306,3.742913,0.000000,0.000000,0.000000,0.000808,2.171733
20360.0,0.000000,-0.000506,0.000000,0.000000,3.742913,0.000000,0.000000,0.000000,0.000808,2.171733
20370.0,0.000000,0.000395,0.000000,-0.000304,3.742913,0.000000,0.000000,0.000000,0.000000,2.171733
20380.0,0.000000,0.001133,0.000000,0.000000,3.742913,0.000000,0.000000,0.000000,0.001607,2.171733
20390.0,0.000000,0.000805,0.000000,0.000000,3.742913,0.000000,0.000000,0.000000,-0.000804,2.171733
20400.0,0.000000,0.000068,0.000000,0.000000,3.742913,0.000000,0.000000,0.000000,-0.000804,2.171733
20410.0,0.000000,-0.000834,0.000000,-0.000914,3.742913,0.000000,0.000000,0.000000,-0.001607,2.171733
20420.0,0.000000,-0.001162,0.000000,0.000610,3.742913,0.000000,0.000000,0.000000,0.000000,2.171733
20430.0,0.000000,-0.000260,0.000000,0.000000,3.742913,0.000000,0.000000,0.000000,0.000004,2.171733
20440.0,0.000000,0.000477,0.000000,0.000610,3.742913,0.000000,0.000000,0.000000,-0.000804,2.171733
20450.0,0.000000,0.001297,0.000000,0.000306,3.742913,0.000000,0.000000,0.000000,0.000808,2.171733
20460.0,0.000000,0.000723,0.000000,-0.000610,3.742913,0.000000,0.000000,0.000000,-0.001612,2.171733
20470.0,0.000000,-0.000178,0.000000,0.000000,3.742913,0.000000,0.000000,0.000000,-0.000799,2.171733
20480.0,0.000000,-0.000916,0.000000,0.000000,3.742913,0.000000,0.000000,0.000000,-0.000808,2.171733
20490.0,0.000000,-0.000916,0.000000,-0.000304,3.742913,0.000000,0.000000,0.000000,0.000808,2.171733
20500.0,0.000000,-0.000178,0.000000,-0.000304,3.742913,0.000000,0.000000,0.000000,0.000000,2.171733
20510.0,0.000000,0.000723,0.000000,0.000000,3.742913,0.000000,0.000000,0.000000,0.001612,2.171733
20520.0,0.000000,0.001297,0.000000,0.000000,3.742913,0.000000,0.000000,0.000000,0.000000,2.171733
20530.0,0.000000,0.000477,0.000000,-0.000304,3.742913,0.000000,0.000000,0.000000,-0.003219,2.171733
20540.0,0.000000,-0.000260,0.000000,0.000610,3.742913,0.000000,0.000000,0.000000,0.000808,2.171733
20550.0,0.000000,-0.001162,0.000000,-0.000610,3.742913,0.000000,0.000000,0.000000,0.000808,2.171733
20560.0,0.000000,-0.000834,0.000000,0.000000,3.742913,0.000000,0.000000,0.000000,0.000808,2.171733
20570.0,0.000000,0.000068,0.000000,0.000304,3.742913,0.000000,0.000000,0.000000,0.000004,2.171733
20580.0,0.000000,0.000805,0.000000,-0.000002,3.742913,0.000000,0.000000,0.000000,0.000000,2.171733
20590.0,0.000000,0.001133,0.000000,0.000000,3.742913,0.000000,0.000000,0.000000,-0.000804,2.171733
20600.0,0.000000,0.000395,0.000000,0.000000,3.742913,0.000000,0.000000,0.000000,0.002415,2.171733
20610.0,0.000000,-0.000506,0.000000,0.000000,3.742913,0.000000,0.000000,0.000000,0.000808,2.171733
20620.0,0.000000,-0.001217,0.000000,-0.000304,3.742913,0.000000,0.000000,0.000000,0.001616,2.171733
20630.0,0.000000,-0.000670,0.000000,0.000610,3.742913,0.000000,0.000000,0.000000,0.000804,2.171733
20640.0,0.000000,0.000231,0.000000,0.000000,3.742913,0.000000,0.000000,0.000000,-0.000804,2.171733
20650.0,0.000000,0.000969,0.000000,-0.000306,3.742913,0.000000,0.000000,0.000000,0.000000,2.171733
20660.0,0.000000,0.000969,0.000000,0.000610,3.742913,0.000000,0.000000,0.000000,0.000004,2.171733
20670.0,0.000000,0.000231,0.000000,-0.000304,3.742913,0.000000,0.000000,0.000000,0.000808,2.171733
20680.0,0.000000,-0.000670,0.000000,0.000610,3.742913,0.000000,0.000000,0.000000,0.000808,2.171733
20690.0,0.000000,-0.001244,0.000000,0.001220,3.742913,0.000000,0.000000,0.000000,0.000000,2.171733
20700.0,0.000000,-0.000424,0.000000,0.000610,3.742913,0.000000,0.000000,0.000000,0.000808,2.171733
20710.0,0.000000,0.000313,0.000000,0.000000,3.742913,0.000000,0.000000,0.000000,0.000808,2.171733
20720.0,0.000000,0.001215,0.000000,-0.000304,3.742913,0.000000,0.000000,0.000000,0.000004,2.171733
20730.0,0.000000,0.000887,0.000000,0.000914,3.742913,0.000000,0.000000,0.000000,-0.000808,2.171733
20740.0,0.000000,-0.000014,0.000000,0.000306,3.742913,0.000000,0.000000,0.000000,-0.000804,2.171733
20750.0,0.000000,-0.000752,0.000000,0.000304,3.742913,0.000000,0.000000,0.000000,0.000000,2.171733
20760.0,0.000000,-0.001080,0.000000,0.000306,3.742913,0.000000,0.000000,0.000000,0.000808,2.171733
20770.0,0.000000,-0.000342,0.000000,0.000914,3.742913,0.000000,0.000000,0.000000,-0.000808,2.171733
20780.0,0.000000,0.000559,0.000000,0.000000,3.742913,0.000000,0.000000,0.000000,0.000808,2.171733
20790.0,0.000000,0.001270,0.000000,0.000000,3.742913,0.000000,0.000000,0.000000,0.000804,2.171733
20800.0,0.000000,0.000641,0.000000,-0.000610,3.742913,0.000000,0.000000,0.000000,-0.000804,2.171733
20810.0,0.000000,-0.000096,0.000000,-0.000610,3.742913,0.000000,0.000000,0.000000,0.000804,2.171733
20820.0,0.000000,-0.000998,0.000000,0.000000,3.742913,0.000000,0.000000,0.000000,0.000000,2.171733
20830.0,0.000000,-0.000998,0.000000,0.000610,3.742913,0.000000,0.000000,0.000000,0.000000,2.171733
20840.0,0.000000,-0.000096,0.000000,0.000306,3.742913,0.000000,0.000000,0.000000,0.000004,2.171733
20850.0,0.000000,0.000641,0.000000,0.000610,3.742913,0.000000,0.000000,0.000000,0.000000,2.171733
20860.0,0.000000,0.001270,0.000000,0.000000,3.742913,0.000000,0.000000,0.000000,0.001616,2.171733
20870.0,0.000000,0.000559,0.000000,0.000914,3.742913,0.000000,0.000000,0.000000,0.001612,2.171733
20880.0,0.000000,-0.000342,0.000000,-0.000610,3.742913,0.000000,0.000000,0.000000,0.001612,2.171733
20890.0,0.000000,-0.001080,0.000000,0.000000,3.742913,0.000000,0.000000,0.000000,0.000000,2.171733
20900.0,0.000000,-0.000752,0.000000,0.000610,3.742913,0.000000,0.000000,0.000000,-0.000808,2.171733
20910.0,0.000000,-0.000014,0.000000,0.000914,3.742913,0.000000,0.000000,0.000000,0.000000,2.171733
20920.0,0.000000,0.000887,0.000000,0.000000,3.742913,0.000000,0.000000,0.000000,-0.001607,2.171733
20930.0,0.000000,0.001215,0.000000,-0.000304,3.742913,0.000000,0.000000,0.000000,0.000808,2.171733
20940.0,0.000000,0.000313,0.000000,0.000000,3.742913,0.000000,0.000000,0.000000,0.000004,2.171733
20950.0,0.000000,-0.000424,0.000000,0.000000,3.742913,0.000000,0.000000,0.000000,0.000000,2.171733
20960.0,0.000000,-0.001244,0.000000,-0.000304,3.742913,0.000000,0.000000,0.000000,0.000004,2.171733
20970.0,0.000000,-0.000670,0.000000,-0.000916,3.742913,0.000000,0.000000,0.000000,0.002420,2.171733
20980.0,0.000000,0.000231,0.000000,0.000000,3.742913,0.000000,0.000000,0.000000,0.000004,2.171733
20990.0,0.000000,0.000969,0.000000,-0.000306,3.742913,0.000000,0.000000,0.000000,-0.000004,2.171733
21000.0,0.000000,0.000969,0.000000,0.000306,3.742913,0.000000,0.000000,0.000000,-0.000804,2.171733
21010.0,0.000000,0.000231,0.000000,0.000000,3.742913,0.000000,0.000000,0.000000,0.000000,2.171733
21020.0,0.000000,-0.000670,0.000000,0.000000,3.742913,0.000000,0.000000,0.000000,-0.001612,2.171733
21030.0,0.000000,-0.001244,0.000000,0.000000,3.742913,0.000000,0.000000,0.000000,0.000000,2.171733
21040.0,0.000000,-0.000506,0.000000,0.000000,3.742913,0.000000,0.000000,0.000000,0.001607,2.171733
21050.0,0.000000,0.000313,0.000000,0.000000,3.742913,0.000000,0.000000,0.000000,0.000808,2.171733
21060.0,0.000000,0.001215,0.000000,0.000000,3.742913,0.000000,0.000000,0.000000,-0.000804,2.171733
21070.0,0.000000,0.000887,0.000000,0.000000,3.742913,0.000000,0.000000,0.000000,0.000000,2.171733
21080.0,0.000000,-0.000014,0.000000,0.000306,3.742913,0.000000,0.000000,0.000000,0.000004,2.171733
21090.0,0.000000,-0.000752,0.000000,-0.000610,3.742913,0.000000,0.000000,0.000000,-0.001612,2.171733
21100.0,0.000000,-0.001080,0.000000,0.000000,3.742913,0.000000,0.000000,0.000000,-0.000804,2.171733
21110.0,0.000000,-0.000342,0.000000,0.000000,3.742913,0.000000,0.000000,0.000000,0.001612,2.171733
21120.0,0.000000,0.000559,0.000000,0.000000,3.742913,0.000000,0.000000,0.000000,0.000004,2.171733
21130.0,0.000000,0.001270,0.000000,0.000304,3.742913,0.000000,0.000000,0.000000,0.000000,2.171733
21140.0,0.000000,0.000641,0.000000,0.000000,3.742913,0.000000,0.000000,0.000000,-0.001603,2.171733
21150.0,0.000000,-0.000096,0.000000,-0.000610,3.742913,0.000000,0.000000,0.000000,0.000000,2.171733
21160.0,0.000000,-0.000998,0.000000,0.000306,3.742913,0.000000,0.000000,0.000000,-0.001607,2.171733
21170.0,0.000000,-0.000998,0.000000,0.000000,3.742913,0.000000,0.000000,0.000000,-0.000804,2.171733
21180.0,0.000000,-0.000096,0.000000,0.000000,3.742913,0.000000,0.000000,0.000000,0.000004,2.171733
21190.0,0.000000,0.000641,0.000000,-0.001830,3.742913,0.000000,0.000000,0.000000,0.000000,2.171733
21200.0,0.000000,0.001270,0.000000,-0.000306,3.742913,0.000000,0.000000,0.000000,0.000804,2.171733
21210.0,0.000000,0.000559,0.000000,0.000610,3.742913,0.000000,0.000000,0.000000,-0.001612,2.171733
21220.0,0.000000,-0.000342,0.000000,-0.000304,3.742913,0.000000,0.000000,0.000000,-0.000804,2.171733
21230.0,0.000000,-0.001080,0.000000,0.000000,3.742913,0.000000,0.000000,0.000000,-0.001612,2.171733
21240.0,0.000000,-0.000752,0.000000,-0.000610,3.742913,0.000000,0.000000,0.000000,0.003232,2.171733
21250.0,0.000000,-0.000014,0.000000,0.000000,3.742913,0.000000,0.000000,0.000000,0.000804,2.171733
21260.0,0.000000,0.000887,0.000000,0.000914,3.742913,0.000000,0.000000,0.000000,0.000000,2.171733
21270.0,0.000000,0.001215,0.000000,0.000610,3.742913,0.000000,0.000000,0.000000,0.000000,2.171733
21280.0,0.000000,0.000313,0.000000,-0.000306,3.742913,0.000000,0.000000,0.000000,0.000004,2.171733
21290.0,0.000000,-0.000424,0.000000,0.000610,3.742913,0.000000,0.000000,0.000000,0.000000,2.171733
21300.0,0.000000,-0.001244,0.000000,0.000000,3.742913,0.000000,0.000000,0.000000,-0.000808,2.171733
21310.0,0.000000,-0.000670,0.000000,0.000000,3.742913,0.000000,0.000000,0.000000,0.000000,2.171733
21320.0,0.000000,0.000231,0.000000,0.000306,3.742913,0.000000,0.000000,0.000000,-0.000804,2.171733
21330.0,0.000000,0.000969,0.000000,0.000000,3.742913,0.000000,0.000000,0.000000,0.000004,2.171733
21340.0,0.000000,0.000969,0.000000,0.000610,3.742913,0.000000,0.000000,0.000000,-0.000799,2.171733
21350.0,0.000000,0.000231,0.000000,0.000000,3.742913,0.000000,0.000000,0.000000,0.002420,2.171733
21360.0,0.000000,-0.000670,0.000000,-0.000304,3.742913,0.000000,0.000000,0.000000,-0.000804,2.171733
21370.0,0.000000,-0.001244,0.000000,0.000610,3.742913,0.000000,0.000000,0.000000,0.000000,2.171733
21380.0,0.000000,-0.000424,0.000000,0.000304,3.742913,0.000000,0.000000,0.000000,-0.001607,2.171733
21390.0,0.000000,0.000313,0.000000,0.000000,3.742913,0.000000,0.000000,0.000000,-0.001612,2.171733
21400.0,0.000000,0.001215,0.000000,0.000000,3.742913,0.000000,0.000000,0.000000,0.000808,2.171733
21410.0,0.000000,0.000887,0.000000,0.000000,3.742913,0.000000,0.000000,0.000000,-0.000804,2.171733
21420.0,0.000000,-0.000014,0.000000,0.000000,3.742913,0.000000,0.000000,0.000000,0.000808,2.171733
21430.0,0.000000,-0.000752,0.000000,0.000610,3.742913,0.000000,0.000000,0.000000,0.000000,2.171733
21440.0,0.000000,-0.001080,0.000000,-0.000914,3.742913,0.000000,0.000000,0.000000,0.000812,2.171733
21450.0,0.000000,-0.000342,0.000000,-0.000304,3.742913,0.000000,0.000000,0.000000,0.000808,2.171733
21460.0,0.000000,0.000559,0.000000,0.000304,3.742913,0.000000,0.000000,0.000000,0.000004,2.171733
21470.0,0.000000,0.001270,0.000000,0.000304,3.742913,0.000000,0.000000,0.000000,0.000000,2.171733
21480.0,0.000000,0.000723,0.000000,-0.000610,3.742913,0.000000,0.000000,0.000000,0.000000,2.171733
21490.0,0.000000,-0.000178,0.000000,0.001523,3.742913,0.000000,0.000000,0.000000,0.000808,2.171733
21500.0,0.000000,-0.000916,0.000000,0.000304,3.742913,0.000000,0.000000,0.000000,-0.000804,2.171733
21510.0,0.000000,-0.000916,0.000000,0.000306,3.742913,0.000000,0.000000,0.000000,-0.001612,2.171733
21520.0,0.000000,-0.000178,0.000000,0.000000,3.742913,0.000000,0.000000,0.000000,0.000808,2.171733
21530.0,0.000000,0.000723,0.000000,0.000306,3.742913,0.000000,0.000000,0.000000,0.000808,2.171733
21540.0,0.000000,0.001297,0.000000,0.000000,3.742913,0.000000,0.000000,0.000000,0.000004,2.171733
21550.0,0.000000,0.000477,0.000000,-0.000304,3.742913,0.000000,0.000000,0.000000,-0.000804,2.171733
21560.0,0.000000,-0.000260,0.000000,-0.000610,3.742913,0.000000,0.000000,0.000000,-0.000804,2.171733
21570.0,0.000000,-0.001162,0.000000,0.000000,3.742913,0.000000,0.000000,0.000000,0.000000,2.171733
21580.0,0.000000,-0.000834,0.000000,0.000000,3.742913,0.000000,0.000000,0.000000,-0.000808,2.171733
21590.0,0.000000,0.000068,0.000000,0.000000,3.742913,0.000000,0.000000,0.000000,-0.001607,2.171733
21600.0,0.000000,0.000805,0.000000,0.000000,3.742913,0.000000,0.000000,0.000000,-0.000804,2.171733
21610.0,0.000000,0.001133,0.000000,0.000304,3.742913,0.000000,0.000000,0.000000,0.000004,2.171733
21620.0,0.000000,0.000395,0.000000,-0.000610,3.742913,0.000000,0.000000,0.000000,-0.000804,2.171733
21630.0,0.000000,-0.000506,0.000000,0.000304,3.742913,0.000000,0.000000,0.000000,0.000008,2.171733
21640.0,0.000000,-0.001217,0.000000,0.000610,3.742913,0.000000,0.000000,0.000000,-0.000004,2.171733
21650.0,0.000000,-0.000588,0.000000,0.000000,3.742913,0.000000,0.000000,0.000000,0.000808,2.171733
21660.0,0.000000,0.000150,0.000000,0.000304,3.742913,0.000000,0.000000,0.000000,0.000808,2.171733
21670.0,0.000000,0.001051,0.000000,0.000000,3.742913,0.000000,0.000000,0.000000,0.000004,2.171733
21680.0,0.000000,0.001051,0.000000,0.000000,3.742913,0.000000,0.000000,0.000000,0.000000,2.171733
21690.0,0.000000,0.000150,0.000000,0.000000,3.742913,0.000000,0.000000,0.000000,0.000000,2.171733
21700.0,0.000000,-0.000588,0.000000,-0.000304,3.742913,0.000000,0.000000,0.000000,0.000000,2.171733
21710.0,0.000000,-0.001217,0.000000,0.000916,3.742913,0.000000,0.000000,0.000000,-0.001607,2.171733
21720.0,0.000000,-0.000506,0.000000,0.000000,3.742913,0.000000,0.000000,0.000000,-0.001616,2.171733
21730.0,0.000000,0.000395,0.000000,0.000000,3.742913,0.000000,0.000000,0.000000,-0.000804,2.171733
21740.0,0.000000,0.001133,0.000000,-0.000914,3.742913,0.000000,0.000000,0.000000,0.000804,2.171733
21750.0,0.000000,0.000805,0.000000,-0.000304,3.742913,0.000000,0.000000,0.000000,-0.001607,2.171733
21760.0,0.000000,0.000068,0.000000,0.000000,3.742913,0.000000,0.000000,0.000000,-0.001612,2.171733
21770.0,0.000000,-0.000834,0.000000,-0.000304,3.742913,0.000000,0.000000,0.000000,-0.000804,2.171733
21780.0,0.000000,-0.001162,0.000000,-0.000304,3.742913,0.000000,0.000000,0.000000,0.000000,2.171733
21790.0,0.000000,-0.000260,0.000000,0.000000,3.742913,0.000000,0.000000,0.000000,0.000004,2.171733
21800.0,0.000000,0.000477,0.000000,0.000000,3.742913,0.000000,0.000000,0.000000,-0.001612,2.171733
21810.0,0.000000,0.001297,0.000000,0.000304,3.742913,0.000000,0.000000,0.000000,0.002424,2.171733
21820.0,0.000000,0.000723,0.000000,-0.000914,3.742913,0.000000,0.000000,0.000000,0.000808,2.171733
21830.0,0.000000,-0.000178,0.000000,0.000000,3.742913,0.000000,0.000000,0.000000,0.000004,2.171733
21840.0,0.000000,-0.000916,0.000000,-0.000304,3.742913,0.000000,0.000000,0.000000,-0.001612,2.171733
21850.0,0.000000,-0.000916,0.000000,0.000000,3.742913,0.000000,0.000000,0.000000,-0.000804,2.171733
21860.0,0.000000,-0.000178,0.000000,0.000000,3.742913,0.000000,0.000000,0.000000,0.000804,2.171733
21870.0,0.000000,0.000723,0.000000,0.000000,3.742913,0.000000,0.000000,0.000000,0.001612,2.171733
21880.0,0.000000,0.001297,0.000000,0.000000,3.742913,0.000000,0.000000,0.000000,-0.001607,2.171733
21890.0,0.000000,0.000559,0.000000,-0.000610,3.742913,0.000000,0.000000,0.000000,0.001620,2.171733
21900.0,0.000000,-0.000342,0.000000,0.000000,3.742913,0.000000,0.000000,0.000000,0.000004,2.171733
21910.0,0.000000,-0.001080,0.000000,-0.001220,3.742913,0.000000,0.000000,0.000000,-0.000808,2.171733
21920.0,0.000000,-0.000752,0.000000,0.000610,3.742913,0.000000,0.000000,0.000000,0.000004,2.171733
21930.0,0.000000,-0.000014,0.000000,0.000000,3.742913,0.000000,0.000000,0.000000,0.000004,2.171733
21940.0,0.000000,0.000887,0.000000,0.000607,3.742913,0.000000,0.000000,0.000000,0.000804,2.171733
21950.0,0.000000,0.001215,0.000000,0.000610,3.742913,0.000000,0.000000,0.000000,0.001612,2.171733
21960.0,0.000000,0.000313,0.000000,0.000000,3.742913,0.000000,0.000000,0.000000,0.000004,2.171733
21970.0,0.000000,-0.000424,0.000000,0.000000,3.742913,0.000000,0.000000,0.000000,0.000808,2.171733
21980.0,0.000000,-0.001244,0.000000,0.000000,3.742913,0.000000,0.000000,0.000000,-0.000804,2.171733
21990.0,0.000000,-0.000670,0.000000,-0.000304,3.742913,0.000000,0.000000,0.000000,0.000000,2.171733
22000.0,0.000000,0.000231,0.000000,0.000000,3.742913,0.000000,0.000000,0.000000,-0.000804,2.171733
22010.0,0.000000,0.000969,0.000000,0.001220,3.742913,0.000000,0.000000,0.000000,0.000000,2.171733
22020.0,0.000000,0.000969,0.000000,0.001220,3.742913,0.000000,0.000000,0.000000,-0.000804,2.171733
22030.0,0.000000,0.000231,0.000000,0.000000,3.742913,0.000000,0.000000,0.000000,-0.000804,2.171733
22040.0,0.000000,-0.000670,0.000000,-0.000304,3.742913,0.000000,0.000000,0.000000,-0.001612,2.171733
22050.0,0.000000,-0.001244,0.000000,-0.000610,3.742913,0.000000,0.000000,0.000000,-0.000004,2.171733
22060.0,0.000000,-0.000424,0.000000,-0.000304,3.742913,0.000000,0.000000,0.000000,0.000000,2.171733
22070.0,0.000000,0.000313,0.000000,0.000000,3.742913,0.000000,0.000000,0.000000,-0.000808,2.171733
22080.0,0.000000,0.001215,0.000000,0.000000,3.742913,0.000000,0.000000,0.000000,0.000808,2.171733
22090.0,0.000000,0.000887,0.000000,-0.000914,3.742913,0.000000,0.000000,0.000000,0.000804,2.171733
22100.0,0.000000,-0.000014,0.000000,0.000914,3.742913,0.000000,0.000000,0.000000,-0.000804,2.171733
22110.0,0.000000,-0.000752,0.000000,0.000000,3.742913,0.000000,0.000000,0.000000,0.000000,2.171733
22120.0,0.000000,-0.001080,0.000000,-0.000610,3.742913,0.000000,0.000000,0.000000,0.000808,2.171733
22130.0,0.000000,-0.000342,0.000000,0.000610,3.742913,0.000000,0.000000,0.000000,-0.000804,2.171733
22140.0,0.000000,0.000559,0.000000,0.000000,3.742913,0.000000,0.000000,0.000000,0.002424,2.171733
22150.0,0.000000,0.001270,0.000000,0.001220,3.742913,0.000000,0.000000,0.000000,0.000000,2.171733
22160.0,0.000000,0.000641,0.000000,0.000610,3.742913,0.000000,0.000000,0.000000,0.000004,2.171733
22170.0,0.000000,-0.000096,0.000000,0.000000,3.742913,0.000000,0.000000,0.000000,0.000804,2.171733
22180.0,0.000000,-0.000998,0.000000,0.000000,3.742913,0.000000,0.000000,0.000000,0.000004,2.171733
22190.0,0.000000,-0.000998,0.000000,0.000000,3.742913,0.000000,0.000000,0.000000,0.001612,2.171733
22200.0,0.000000,-0.000096,0.000000,0.000914,3.742913,0.000000,0.000000,0.000000,0.000808,2.171733
22210.0,0.000000,0.000641,0.000000,-0.000304,3.742913,0.000000,0.000000,0.000000,-0.000004,2.171733
22220.0,0.000000,0.001270,0.000000,0.000610,3.742913,0.000000,0.000000,0.000000,0.000812,2.171733
22230.0,0.000000,0.000559,0.000000,0.000000,3.742913,0.000000,0.000000,0.000000,-0.000804,2.171733
22240.0,0.000000,-0.000342,0.000000,0.000610,3.742913,0.000000,0.000000,0.000000,0.001612,2.171733
22250.0,0.000000,-0.001080,0.000000,-0.000610,3.742913,0.000000,0.000000,0.000000,0.000804,2.171733
22260.0,0.000000,-0.000752,0.000000,0.000000,3.742913,0.000000,0.000000,0.000000,0.000000,2.171733
22270.0,0.000000,-0.000014,0.000000,0.000610,3.742913,0.000000,0.000000,0.000000,-0.000004,2.171733
22280.0,0.000000,0.000887,0.000000,0.000000,3.742913,0.000000,0.000000,0.000000,-0.000804,2.171733
22290.0,0.000000,0.001215,0.000000,-0.000304,3.742913,0.000000,0.000000,0.000000,0.000804,2.171733
22300.0,0.000000,0.000313,0.000000,-0.000304,3.742913,0.000000,0.000000,0.000000,0.000000,2.171733
22310.0,0.000000,-0.000424,0.000000,0.000000,3.742913,0.000000,0.000000,0.000000,-0.001616,2.171733
22320.0,0.000000,-0.001217,0.000000,0.000000,3.742913,0.000000,0.000000,0.000000,0.000000,2.171733
22330.0,0.000000,-0.000588,0.000000,0.000000,3.742913,0.000000,0.000000,0.000000,-0.000808,2.171733
22340.0,0.000000,0.000150,0.000000,0.000610,3.742913,0.000000,0.000000,0.000000,0.000804,2.171733
22350.0,0.000000,0.001051,0.000000,-0.000610,3.742913,0.000000,0.000000,0.000000,0.000000,2.171733
22360.0,0.000000,0.001051,0.000000,-0.000304,3.742913,0.000000,0.000000,0.000000,-0.001616,2.171733
22370.0,0.000000,0.000150,0.000000,0.000000,3.742913,0.000000,0.000000,0.000000,-0.000804,2.171733
22380.0,0.000000,-0.000588,0.000000,-0.000610,3.742913,0.000000,0.000000,0.000000,0.000000,2.171733
22390.0,0.000000,-0.001217,0.000000,-0.000610,3.742913,0.000000,0.000000,0.000000,0.000004,2.171733
22400.0,0.000000,-0.000506,0.000000,-0.000610,3.742913,0.000000,0.000000,0.000000,0.000804,2.171733
22410.0,0.000000,0.000395,0.000000,0.000000,3.742913,0.000000,0.000000,0.000000,-0.001607,2.171733
22420.0,0.000000,0.001133,0.000000,0.000000,3.742913,0.000000,0.000000,0.000000,0.000804,2.171733
22430.0,0.000000,0.000805,0.000000,-0.000304,3.742913,0.000000,0.000000,0.000000,0.000808,2.171733
22440.0,0.000000,0.000068,0.000000,0.000000,3.742913,0.000000,0.000000,0.000000,0.000000,2.171733
22450.0,0.000000,-0.000834,0.000000,0.000000,3.742913,0.000000,0.000000,0.000000,-0.000808,2.171733
22460.0,0.000000,-0.001162,0.000000,0.000610,3.742913,0.000000,0.000000,0.000000,0.001616,2.171733
22470.0,0.000000,-0.000260,0.000000,-0.000610,3.742913,0.000000,0.000000,0.000000,0.000000,2.171733
22480.0,0.000000,0.000477,0.000000,-0.000610,3.742913,0.000000,0.000000,0.000000,0.000000,2.171733
22490.0,0.000000,0.001297,0.000000,0.000000,3.742913,0.000000,0.000000,0.000000,-0.001612,2.171733
22500.0,0.000000,0.000723,0.000000,-0.000306,3.742913,0.000000,0.000000,0.000000,-0.000808,2.171733
22510.0,0.000000,-0.000178,0.000000,0.000306,3.742913,0.000000,0.000000,0.000000,-0.000804,2.171733
22520.0,0.000000,-0.000916,0.000000,-0.000304,3.742913,0.000000,0.000000,0.000000,-0.000808,2.171733
22530.0,0.000000,-0.000916,0.000000,0.000000,3.742913,0.000000,0.000000,0.000000,-0.000804,2.171733
22540.0,0.000000,-0.000178,0.000000,0.000000,3.742913,0.000000,0.000000,0.000000,0.002411,2.171733
22550.0,0.000000,0.000723,0.000000,0.000000,3.742913,0.000000,0.000000,0.000000,-0.000799,2.171733
22560.0,0.000000,0.001297,0.000000,0.000000,3.742913,0.000000,0.000000,0.000000,0.000000,2.171733
22570.0,0.000000,0.000477,0.000000,0.000000,3.742913,0.000000,0.000000,0.000000,-0.001612,2.171733
22580.0,0.000000,-0.000260,0.000000,-0.000306,3.742913,0.000000,0.000000,0.000000,0.000000,2.171733
22590.0,0.000000,-0.001162,0.000000,0.000610,3.742913,0.000000,0.000000,0.000000,-0.000804,2.171733
22600.0,0.000000,-0.000834,0.000000,-0.000304,3.742913,0.000000,0.000000,0.000000,0.000000,2.171733
22610.0,0.000000,0.000068,0.000000,0.000000,3.742913,0.000000,0.000000,0.000000,-0.000804,2.171733
22620.0,0.000000,0.000805,0.000000,0.000304,3.742913,0.000000,0.000000,0.000000,-0.001612,2.171733
22630.0,0.000000,0.001133,0.000000,0.000000,3.742913,0.000000,0.000000,0.000000,0.000004,2.171733
22640.0,0.000000,0.000395,0.000000,0.000000,3.742913,0.000000,0.000000,0.000000,-0.000808,2.171733
22650.0,0.000000,-0.000506,0.000000,-0.000610,3.742913,0.000000,0.000000,0.000000,0.000000,2.171733
22660.0,0.000000,-0.001217,0.000000,0.000000,3.742913,0.000000,0.000000,0.000000,0.000808,2.171733
22670.0,0.000000,-0.000588,0.000000,0.000000,3.742913,0.000000,0.000000,0.000000,0.000000,2.171733
22680.0,0.000000,0.000150,0.000000,0.001220,3.742913,0.000000,0.000000,0.000000,0.001612,2.171733
22690.0,0.000000,0.001051,0.000000,0.000304,3.742913,0.000000,0.000000,0.000000,0.002424,2.171733
22700.0,0.000000,0.001051,0.000000,0.000304,3.742913,0.000000,0.000000,0.000000,0.000808,2.171733
22710.0,0.000000,0.000150,0.000000,-0.000304,3.742913,0.000000,0.000000,0.000000,0.000000,2.171733
22720.0,0.000000,-0.000588,0.000000,0.000610,3.742913,0.000000,0.000000,0.000000,0.000804,2.171733
22730.0,0.000000,-0.001217,0.000000,0.000000,3.742913,0.000000,0.000000,0.000000,-0.000804,2.171733
22740.0,0.000000,-0.000506,0.000000,0.000000,3.742913,0.000000,0.000000,0.000000,0.000000,2.171733
22750.0,0.000000,0.000395,0.000000,0.000304,3.742913,0.000000,0.000000,0.000000,-0.000799,2.171733
22760.0,0.000000,0.001133,0.000000,-0.000002,3.742913,0.000000,0.000000,0.000000,0.001607,2.171733
22770.0,0.000000,0.000805,0.000000,0.000000,3.742913,0.000000,0.000000,0.000000,0.000004,2.171733
22780.0,0.000000,0.000068,0.000000,-0.000610,3.742913,0.000000,0.000000,0.000000,-0.000804,2.171733
22790.0,0.000000,-0.000834,0.000000,0.000306,3.742913,0.000000,0.000000,0.000000,-0.000804,2.171733
22800.0,0.000000,-0.001162,0.000000,0.000304,3.742913,0.000000,0.000000,0.000000,0.000000,2.171733
22810.0,0.000000,-0.000260,0.000000,-0.000304,3.742913,0.000000,0.000000,0.000000,0.000000,2.171733
22820.0,0.000000,0.000477,0.000000,0.000304,3.742913,0.000000,0.000000,0.000000,0.000000,2.171733
22830.0,0.000000,0.001297,0.000000,0.000306,3.742913,0.000000,0.000000,0.000000,-0.000808,2.171733
22840.0,0.000000,0.000723,0.000000,-0.000914,3.742913,0.000000,0.000000,0.000000,-0.000808,2.171733
22850.0,0.000000,-0.000178,0.000000,0.000304,3.742913,0.000000,0.000000,0.000000,0.000000,2.171733
22860.0,0.000000,-0.000916,0.000000,0.000304,3.742913,0.000000,0.000000,0.000000,0.000000,2.171733
22870.0,0.000000,-0.000916,0.000000,0.000607,3.742913,0.000000,0.000000,0.000000,0.000808,2.171733
22880.0,0.000000,-0.000178,0.000000,0.000000,3.742913,0.000000,0.000000,0.000000,-0.000808,2.171733
22890.0,0.000000,0.000723,0.000000,0.000306,3.742913,0.000000,0.000000,0.000000,-0.001607,2.171733
22900.0,0.000000,0.001297,0.000000,-0.000306,3.742913,0.000000,0.000000,0.000000,-0.000808,2.171733
22910.0,0.000000,0.000477,0.000000,0.000000,3.742913,0.000000,0.000000,0.000000,-0.001603,2.171733
22920.0,0.000000,-0.000260,0.000000,0.000000,3.742913,0.000000,0.000000,0.000000,0.000000,2.171733
22930.0,0.000000,-0.001162,0.000000,0.000304,3.742913,0.000000,0.000000,0.000000,-0.000804,2.171733
22940.0,0.000000,-0.000834,0.000000,0.000000,3.742913,0.000000,0.000000,0.000000,-0.000808,2.171733
22950.0,0.000000,0.000068,0.000000,0.000000,3.742913,0.000000,0.000000,0.000000,-0.001612,2.171733
22960.0,0.000000,0.000805,0.000000,0.000610,3.742913,0.000000,0.000000,0.000000,-0.000812,2.171733
22970.0,0.000000,0.001133,0.000000,0.000000,3.742913,0.000000,0.000000,0.000000,0.001616,2.171733
22980.0,0.000000,0.000395,0.000000,0.000000,3.742913,0.000000,0.000000,0.000000,0.003215,2.171733
22990.0,0.000000,-0.000506,0.000000,-0.000304,3.742913,0.000000,0.000000,0.000000,-0.000799,2.171733
23000.0,0.000000,-0.001217,0.000000,0.000914,3.742913,0.000000,0.000000,0.000000,0.000000,2.171733
23010.0,0.000000,-0.000588,0.000000,0.000000,3.742913,0.000000,0.000000,0.000000,-0.001607,2.171733
23020.0,0.000000,0.000150,0.000000,0.000304,3.742913,0.000000,0.000000,0.000000,0.000804,2.171733
23030.0,0.000000,0.001051,0.000000,-0.000304,3.742913,0.000000,0.000000,0.000000,0.000808,2.171733
23040.0,0.000000,0.001051,0.000000,0.000304,3.742913,0.000000,0.000000,0.000000,-0.000804,2.171733
23050.0,0.000000,0.000150,0.000000,-0.000304,3.742913,0.000000,0.000000,0.000000,0.000000,2.171733
23060.0,0.000000,-0.000588,0.000000,0.000304,3.742913,0.000000,0.000000,0.000000,-0.000004,2.171733
23070.0,0.000000,-0.001217,0.000000,0.000000,3.742913,0.000000,0.000000,0.000000,-0.000804,2.171733
23080.0,0.000000,-0.000506,0.000000,-0.000304,3.742913,0.000000,0.000000,0.000000,0.000000,2.171733
23090.0,0.000000,0.000395,0.000000,-0.000304,3.742913,0.000000,0.000000,0.000000,-0.000804,2.171733
23100.0,0.000000,0.001133,0.000000,-0.000610,3.742913,0.000000,0.000000,0.000000,-0.000004,2.171733
23110.0,0.000000,0.000805,0.000000,0.000304,3.742913,0.000000,0.000000,0.000000,-0.000004,2.171733
23120.0,0.000000,0.000068,0.000000,0.000914,3.742913,0.000000,0.000000,0.000000,0.000804,2.171733
23130.0,0.000000,-0.000834,0.000000,0.000610,3.742913,0.000000,0.000000,0.000000,0.000004,2.171733
23140.0,0.000000,-0.001162,0.000000,-0.000610,3.742913,0.000000,0.000000,0.000000,-0.000808,2.171733
23150.0,0.000000,-0.000260,0.000000,0.000000,3.742913,0.000000,0.000000,0.000000,0.000000,2.171733
23160.0,0.000000,0.000477,0.000000,0.000610,3.742913,0.000000,0.000000,0.000000,0.000808,2.171733
23170.0,0.000000,0.001270,0.000000,0.000000,3.742913,0.000000,0.000000,0.000000,0.000804,2.171733
23180.0,0.000000,0.000641,0.000000,-0.000304,3.742913,0.000000,0.000000,0.000000,0.000004,2.171733
23190.0,0.000000,-0.000096,0.000000,0.000000,3.742913,0.000000,0.000000,0.000000,0.000804,2.171733
23200.0,0.000000,-0.000998,0.000000,-0.000304,3.742913,0.000000,0.000000,0.000000,-0.000799,2.171733
23210.0,0.000000,-0.000998,0.000000,0.000610,3.742913,0.000000,0.000000,0.000000,0.000000,2.171733
23220.0,0.000000,-0.000096,0.000000,0.000304,3.742913,0.000000,0.000000,0.000000,-0.001612,2.171733
23230.0,0.000000,0.000641,0.000000,-0.000610,3.742913,0.000000,0.000000,0.000000,0.000000,2.171733
23240.0,0.000000,0.001270,0.000000,0.000306,3.742913,0.000000,0.000000,0.000000,0.000808,2.171733
23250.0,0.000000,0.000559,0.000000,0.000000,3.742913,0.000000,0.000000,0.000000,-0.001607,2.171733
23260.0,0.000000,-0.000342,0.000000,-0.000304,3.742913,0.000000,0.000000,0.000000,-0.000804,2.171733
23270.0,0.000000,-0.001080,0.000000,-0.000304,3.742913,0.000000,0.000000,0.000000,-0.000804,2.171733
23280.0,0.000000,-0.000752,0.000000,0.000000,3.742913,0.000000,0.000000,0.000000,-0.000804,2.171733
23290.0,0.000000,-0.000014,0.000000,0.000304,3.742913,0.000000,0.000000,0.000000,0.000000,2.171733
23300.0,0.000000,0.000887,0.000000,0.000000,3.742913,0.000000,0.000000,0.000000,-0.000804,2.171733
23310.0,0.000000,0.001215,0.000000,-0.000306,3.742913,0.000000,0.000000,0.000000,-0.000004,2.171733
23320.0,0.000000,0.000313,0.000000,0.000610,3.742913,0.000000,0.000000,0.000000,0.000004,2.171733
23330.0,0.000000,-0.000424,0.000000,0.000000,3.742913,0.000000,0.000000,0.000000,0.000000,2.171733
23340.0,0.000000,-0.001244,0.000000,0.000306,3.742913,0.000000,0.000000,0.000000,0.000812,2.171733
23350.0,0.000000,-0.000670,0.000000,-0.000304,3.742913,0.000000,0.000000,0.000000,0.000000,2.171733
23360.0,0.000000,0.000231,0.000000,0.000000,3.742913,0.000000,0.000000,0.000000,0.000808,2.171733
23370.0,0.000000,0.000969,0.000000,0.000000,3.742913,0.000000,0.000000,0.000000,0.002420,2.171733
23380.0,0.000000,0.000969,0.000000,0.000000,3.742913,0.000000,0.000000,0.000000,-0.000799,2.171733
23390.0,0.000000,0.000231,0.000000,-0.000610,3.742913,0.000000,0.000000,0.000000,0.000004,2.171733
23400.0,0.000000,-0.000670,0.000000,-0.000304,3.742913,0.000000,0.000000,0.000000,0.000008,2.171733
23410.0,0.000000,-0.001244,0.000000,0.000000,3.742913,0.000000,0.000000,0.000000,0.000804,2.171733
23420.0,0.000000,-0.000424,0.000000,-0.000304,3.742913,0.000000,0.000000,0.000000,-0.001612,2.171733
23430.0,0.000000,0.000313,0.000000,-0.000914,3.742913,0.000000,0.000000,0.000000,0.001603,2.171733
23440.0,0.000000,0.001215,0.000000,-0.000304,3.742913,0.000000,0.000000,0.000000,-0.000808,2.171733
23450.0,0.000000,0.000887,0.000000,0.000000,3.742913,0.000000,0.000000,0.000000,-0.000808,2.171733
23460.0,0.000000,-0.000014,0.000000,0.000610,3.742913,0.000000,0.000000,0.000000,0.000000,2.171733
23470.0,0.000000,-0.000752,0.000000,0.000610,3.742913,0.000000,0.000000,0.000000,0.000000,2.171733
23480.0,0.000000,-0.001080,0.000000,-0.000304,3.742913,0.000000,0.000000,0.000000,-0.000799,2.171733
23490.0,0.000000,-0.000342,0.000000,-0.001523,3.742913,0.000000,0.000000,0.000000,0.000808,2.171733
23500.0,0.000000,0.000559,0.000000,0.000610,3.742913,0.000000,0.000000,0.000000,0.000808,2.171733
23510.0,0.000000,0.001270,0.000000,-0.000304,3.742913,0.000000,0.000000,0.000000,-0.002415,2.171733
23520.0,0.000000,0.000641,0.000000,0.000000,3.742913,0.000000,0.000000,0.000000,0.000808,2.171733
23530.0,0.000000,-0.000096,0.000000,0.000304,3.742913,0.000000,0.000000,0.000000,0.000804,2.171733
23540.0,0.000000,-0.000998,0.000000,0.000914,3.742913,0.000000,0.000000,0.000000,0.000808,2.171733
23550.0,0.000000,-0.000998,0.000000,0.000304,3.742913,0.000000,0.000000,0.000000,0.001612,2.171733
23560.0,0.000000,-0.000096,0.000000,0.000304,3.742913,0.000000,0.000000,0.000000,0.000000,2.171733
23570.0,0.000000,0.000641,0.000000,0.000610,3.742913,0.000000,0.000000,0.000000,-0.000808,2.171733
23580.0,0.000000,0.001270,0.000000,-0.000914,3.742913,0.000000,0.000000,0.000000,0.001603,2.171733
23590.0,0.000000,0.000559,0.000000,-0.000306,3.742913,0.000000,0.000000,0.000000,0.000000,2.171733
23600.0,0.000000,-0.000260,0.000000,0.000610,3.742913,0.000000,0.000000,0.000000,0.000804,2.171733
23610.0,0.000000,-0.001162,0.000000,-0.000610,3.742913,0.000000,0.000000,0.000000,0.000000,2.171733
23620.0,0.000000,-0.000834,0.000000,-0.000304,3.742913,0.000000,0.000000,0.000000,0.001616,2.171733
23630.0,0.000000,0.000068,0.000000,0.000304,3.742913,0.000000,0.000000,0.000000,-0.000804,2.171733
23640.0,0.000000,0.000805,0.000000,0.000610,3.742913,0.000000,0.000000,0.000000,0.002411,2.171733
23650.0,0.000000,0.001133,0.000000,0.000000,3.742913,0.000000,0.000000,0.000000,0.000000,2.171733
23660.0,0.000000,0.000395,0.000000,0.000000,3.742913,0.000000,0.000000,0.000000,0.000804,2.171733
23670.0,0.000000,-0.000506,0.000000,0.000000,3.742913,0.000000,0.000000,0.000000,0.001607,2.171733
23680.0,0.000000,-0.001217,0.000000,-0.000914,3.742913,0.000000,0.000000,0.000000,0.000000,2.171733
23690.0,0.000000,-0.000588,0.000000,0.000304,3.742913,0.000000,0.000000,0.000000,0.000000,2.171733
23700.0,0.000000,0.000150,0.000000,0.000610,3.742913,0.000000,0.000000,0.000000,0.000808,2.171733
23710.0,0.000000,0.001051,0.000000,0.000306,3.742913,0.000000,0.000000,0.000000,0.001607,2.171733
23720.0,0.000000,0.001051,0.000000,0.000000,3.742913,0.000000,0.000000,0.000000,-0.000804,2.171733
23730.0,0.000000,0.000150,0.000000,0.000000,3.742913,0.000000,0.000000,0.000000,-0.000804,2.171733
23740.0,0.000000,-0.000588,0.000000,0.000000,3.742913,0.000000,0.000000,0.000000,0.000808,2.171733
23750.0,0.000000,-0.001217,0.000000,-0.000304,3.742913,0.000000,0.000000,0.000000,-0.000804,2.171733
23760.0,0.000000,-0.000506,0.000000,0.000000,3.742913,0.000000,0.000000,0.000000,0.000000,2.171733
23770.0,0.000000,0.000395,0.000000,-0.000610,3.742913,0.000000,0.000000,0.000000,-0.000804,2.171733
23780.0,0.000000,0.001133,0.000000,-0.000304,3.742913,0.000000,0.000000,0.000000,-0.000804,2.171733
23790.0,0.000000,0.000805,0.000000,-0.000304,3.742913,0.000000,0.000000,0.000000,-0.001612,2.171733
23800.0,0.000000,0.000068,0.000000,0.000306,3.742913,0.000000,0.000000,0.000000,-0.000804,2.171733
23810.0,0.000000,-0.000834,0.000000,-0.000304,3.742913,0.000000,0.000000,0.000000,0.000808,2.171733
23820.0,0.000000,-0.001162,0.000000,-0.000304,3.742913,0.000000,0.000000,0.000000,0.000000,2.171733
23830.0,0.000000,-0.000260,0.000000,0.000000,3.742913,0.000000,0.000000,0.000000,0.000000,2.171733
23840.0,0.000000,0.000477,0.000000,0.000304,3.742913,0.000000,0.000000,0.000000,-0.000008,2.171733
23850.0,0.000000,0.001297,0.000000,0.000000,3.742913,0.000000,0.000000,0.000000,0.000808,2.171733
23860.0,0.000000,0.000723,0.000000,-0.000610,3.742913,0.000000,0.000000,0.000000,0.000804,2.171733
23870.0,0.000000,-0.000178,0.000000,0.000000,3.742913,0.000000,0.000000,0.000000,0.000000,2.171733
23880.0,0.000000,-0.000916,0.000000,0.000916,3.742913,0.000000,0.000000,0.000000,-0.001616,2.171733
23890.0,0.000000,-0.000916,0.000000,-0.000610,3.742913,0.000000,0.000000,0.000000,-0.000804,2.171733
23900.0,0.000000,-0.000178,0.000000,0.000304,3.742913,0.000000,0.000000,0.000000,-0.001612,2.171733
23910.0,0.000000,0.000723,0.000000,-0.000914,3.742913,0.000000,0.000000,0.000000,-0.000804,2.171733
23920.0,0.000000,0.001297,0.000000,0.000000,3.742913,0.000000,0.000000,0.000000,0.000000,2.171733
23930.0,0.000000,0.000477,0.000000,-0.000306,3.742913,0.000000,0.000000,0.000000,0.001616,2.171733
23940.0,0.000000,-0.000260,0.000000,0.000610,3.742913,0.000000,0.000000,0.000000,0.000004,2.171733
23950.0,0.000000,-0.001162,0.000000,-0.001830,3.742913,0.000000,0.000000,0.000000,0.000000,2.171733
23960.0,0.000000,-0.000834,0.000000,0.000000,3.742913,0.000000,0.000000,0.000000,0.000000,2.171733
23970.0,0.000000,0.000068,0.000000,0.000304,3.742913,0.000000,0.000000,0.000000,-0.000804,2.171733
23980.0,0.000000,0.000805,0.000000,0.000306,3.742913,0.000000,0.000000,0.000000,-0.000804,2.171733
23990.0,0.000000,0.001133,0.000000,0.000000,3.742913,0.000000,0.000000,0.000000,0.000004,2.171733
24000.0,0.000000,0.000395,0.000000,-0.000306,3.742913,0.000000,0.000000,0.000000,0.000000,2.171733
24010.0,0.000000,-0.000506,0.000000,0.000000,3.742913,0.000000,0.000000,0.000000,0.000808,2.171733
24020.0,0.000000,-0.001217,0.000000,0.000000,3.742913,0.000000,0.000000,0.000000,-0.000804,2.171733
24030.0,0.000000,-0.000588,0.000000,0.000610,3.742913,0.000000,0.000000,0.000000,0.000004,2.171733
24040.0,0.000000,0.000150,0.000000,-0.000610,3.742913,0.000000,0.000000,0.000000,0.000000,2.171733
24050.0,0.000000,0.001051,0.000000,0.000610,3.742913,0.000000,0.000000,0.000000,-0.001612,2.171733
24060.0,0.000000,0.001051,0.000000,0.000000,3.742913,0.000000,0.000000,0.000000,-0.000808,2.171733
24070.0,0.000000,0.000150,0.000000,0.000304,3.742913,0.000000,0.000000,0.000000,0.000000,2.171733
24080.0,0.000000,-0.000588,0.000000,-0.000306,3.742913,0.000000,0.000000,0.000000,0.000000,2.171733
24090.0,0.000000,-0.001217,0.000000,-0.000304,3.742913,0.000000,0.000000,0.000000,0.000004,2.171733
24100.0,0.000000,-0.000506,0.000000,0.000000,3.742913,0.000000,0.000000,0.000000,0.000000,2.171733
24110.0,0.000000,0.000395,0.000000,0.000000,3.742913,0.000000,0.000000,0.000000,0.000004,2.171733
24120.0,0.000000,0.001133,0.000000,-0.000610,3.742913,0.000000,0.000000,0.000000,-0.001607,2.171733
24130.0,0.000000,0.000805,0.000000,-0.001523,3.742913,0.000000,0.000000,0.000000,0.000804,2.171733
24140.0,0.000000,0.000068,0.000000,0.000000,3.742913,0.000000,0.000000,0.000000,0.000004,2.171733
24150.0,0.000000,-0.000834,0.000000,0.000916,3.742913,0.000000,0.000000,0.000000,-0.000799,2.171733
24160.0,0.000000,-0.001162,0.000000,0.000916,3.742913,0.000000,0.000000,0.000000,0.000000,2.171733
24170.0,0.000000,-0.000260,0.000000,0.000000,3.742913,0.000000,0.000000,0.000000,0.000000,2.171733
24180.0,0.000000,0.000477,0.000000,-0.000610,3.742913,0.000000,0.000000,0.000000,0.000000,2.171733
24190.0,0.000000,0.001297,0.000000,0.000306,3.742913,0.000000,0.000000,0.000000,-0.000804,2.171733
24200.0,0.000000,0.000723,0.000000,-0.000610,3.742913,0.000000,0.000000,0.000000,0.001612,2.171733
24210.0,0.000000,-0.000178,0.000000,0.000914,3.742913,0.000000,0.000000,0.000000,0.000000,2.171733
24220.0,0.000000,-0.000916,0.000000,-0.000610,3.742913,0.000000,0.000000,0.000000,0.000000,2.171733
24230.0,0.000000,-0.000916,0.000000,0.000610,3.742913,0.000000,0.000000,0.000000,0.000000,2.171733
24240.0,0.000000,-0.000178,0.000000,0.000000,3.742913,0.000000,0.000000,0.000000,0.000000,2.171733
24250.0,0.000000,0.000723,0.000000,0.000000,3.742913,0.000000,0.000000,0.000000,0.000004,2.171733
24260.0,0.000000,0.001297,0.000000,-0.000914,3.742913,0.000000,0.000000,0.000000,0.000808,2.171733
24270.0,0.000000,0.000477,0.000000,0.000304,3.742913,0.000000,0.000000,0.000000,0.000808,2.171733
24280.0,0.000000,-0.000260,0.000000,-0.000304,3.742913,0.000000,0.000000,0.000000,0.000000,2.171733
24290.0,0.000000,-0.001162,0.000000,-0.000610,3.742913,0.000000,0.000000,0.000000,-0.000804,2.171733
24300.0,0.000000,-0.000834,0.000000,0.000000,3.742913,0.000000,0.000000,0.000000,-0.000808,2.171733
24310.0,0.000000,0.000068,0.000000,0.000000,3.742913,0.000000,0.000000,0.000000,-0.002411,2.171733
24320.0,0.000000,0.000805,0.000000,0.000000,3.742913,0.000000,0.000000,0.000000,0.000804,2.171733
24330.0,0.000000,0.001133,0.000000,0.000914,3.742913,0.000000,0.000000,0.000000,-0.000804,2.171733
24340.0,0.000000,0.000395,0.000000,0.000304,3.742913,0.000000,0.000000,0.000000,0.000000,2.171733
24350.0,0.000000,-0.000506,0.000000,0.000304,3.742913,0.000000,0.000000,0.000000,0.000808,2.171733
24360.0,0.000000,-0.001217,0.000000,-0.000304,3.742913,0.000000,0.000000,0.000000,-0.000804,2.171733
24370.0,0.000000,-0.000588,0.000000,0.000610,3.742913,0.000000,0.000000,0.000000,-0.000804,2.171733
24380.0,0.000000,0.000150,0.000000,0.000000,3.742913,0.000000,0.000000,0.000000,0.002420,2.171733
24390.0,0.000000,0.001051,0.000000,0.000000,3.742913,0.000000,0.000000,0.000000,-0.000804,2.171733
24400.0,0.000000,0.001051,0.000000,0.000000,3.742913,0.000000,0.000000,0.000000,-0.000804,2.171733
24410.0,0.000000,0.000150,0.000000,-0.000304,3.742913,0.000000,0.000000,0.000000,0.000000,2.171733
24420.0,0.000000,-0.000588,0.000000,-0.000610,3.742913,0.000000,0.000000,0.000000,0.000804,2.171733
24430.0,0.000000,-0.001217,0.000000,-0.000610,3.742913,0.000000,0.000000,0.000000,0.000808,2.171733
24440.0,0.000000,-0.000506,0.000000,-0.000610,3.742913,0.000000,0.000000,0.000000,0.000804,2.171733
24450.0,0.000000,0.000395,0.000000,-0.000610,3.742913,0.000000,0.000000,0.000000,0.000000,2.171733
24460.0,0.000000,0.001133,0.000000,-0.000304,3.742913,0.000000,0.000000,0.000000,0.000804,2.171733
24470.0,0.000000,0.000805,0.000000,-0.000607,3.742913,0.000000,0.000000,0.000000,-0.000804,2.171733
24480.0,0.000000,0.000068,0.000000,0.000610,3.742913,0.000000,0.000000,0.000000,-0.000808,2.171733
24490.0,0.000000,-0.000834,0.000000,0.000610,3.742913,0.000000,0.000000,0.000000,-0.001607,2.171733
24500.0,0.000000,-0.001162,0.000000,0.000304,3.742913,0.000000,0.000000,0.000000,-0.000804,2.171733
24510.0,0.000000,-0.000260,0.000000,0.000306,3.742913,0.000000,0.000000,0.000000,-0.000804,2.171733
24520.0,0.000000,0.000477,0.000000,0.000304,3.742913,0.000000,0.000000,0.000000,0.000000,2.171733
24530.0,0.000000,0.001297,0.000000,-0.000304,3.742913,0.000000,0.000000,0.000000,0.000812,2.171733
24540.0,0.000000,0.000723,0.000000,0.000000,3.742913,0.000000,0.000000,0.000000,0.000000,2.171733
24550.0,0.000000,-0.000178,0.000000,0.000610,3.742913,0.000000,0.000000,0.000000,-0.002420,2.171733
24560.0,0.000000,-0.000916,0.000000,-0.000304,3.742913,0.000000,0.000000,0.000000,-0.001607,2.171733
24570.0,0.000000,-0.000916,0.000000,0.000000,3.742913,0.000000,0.000000,0.000000,0.000000,2.171733
24580.0,0.000000,-0.000178,0.000000,-0.000610,3.742913,0.000000,0.000000,0.000000,0.000804,2.171733
24590.0,0.000000,0.000723,0.000000,0.001220,3.742913,0.000000,0.000000,0.000000,-0.000804,2.171733
24600.0,0.000000,0.001297,0.000000,0.000610,3.742913,0.000000,0.000000,0.000000,0.000804,2.171733
24610.0,0.000000,0.000477,0.000000,0.000000,3.742913,0.000000,0.000000,0.000000,-0.001607,2.171733
24620.0,0.000000,-0.000260,0.000000,-0.001220,3.742913,0.000000,0.000000,0.000000,0.000804,2.171733
24630.0,0.000000,-0.001162,0.000000,0.000306,3.742913,0.000000,0.000000,0.000000,0.000000,2.171733
24640.0,0.000000,-0.000834,0.000000,-0.000306,3.742913,0.000000,0.000000,0.000000,-0.001612,2.171733
24650.0,0.000000,0.000068,0.000000,0.001220,3.742913,0.000000,0.000000,0.000000,0.000004,2.171733
24660.0,0.000000,0.000805,0.000000,0.000000,3.742913,0.000000,0.000000,0.000000,-0.000808,2.171733
24670.0,0.000000,0.001133,0.000000,0.000607,3.742913,0.000000,0.000000,0.000000,-0.001603,2.171733
24680.0,0.000000,0.000395,0.000000,0.000000,3.742913,0.000000,0.000000,0.000000,-0.000804,2.171733
24690.0,0.000000,-0.000506,0.000000,-0.000304,3.742913,0.000000,0.000000,0.000000,-0.001607,2.171733
24700.0,0.000000,-0.001217,0.000000,-0.000914,3.742913,0.000000,0.000000,0.000000,-0.000004,2.171733
24710.0,0.000000,-0.000588,0.000000,0.000000,3.742913,0.000000,0.000000,0.000000,0.001612,2.171733
24720.0,0.000000,0.000150,0.000000,-0.000610,3.742913,0.000000,0.000000,0.000000,-0.000804,2.171733
24730.0,0.000000,0.001051,0.000000,0.000610,3.742913,0.000000,0.000000,0.000000,0.003219,2.171733
24740.0,0.000000,0.001051,0.000000,0.000000,3.742913,0.000000,0.000000,0.000000,-0.000804,2.171733
24750.0,0.000000,0.000150,0.000000,0.000000,3.742913,0.000000,0.000000,0.000000,0.000004,2.171733
24760.0,0.000000,-0.000588,0.000000,0.000000,3.742913,0.000000,0.000000,0.000000,0.000808,2.171733
24770.0,0.000000,-0.001217,0.000000,0.000610,3.742913,0.000000,0.000000,0.000000,-0.001607,2.171733
24780.0,0.000000,-0.000506,0.000000,0.000306,3.742913,0.000000,0.000000,0.000000,0.000804,2.171733
24790.0,0.000000,0.000395,0.000000,0.000610,3.742913,0.000000,0.000000,0.000000,-0.001607,2.171733
24800.0,0.000000,0.001133,0.000000,-0.000914,3.742913,0.000000,0.000000,0.000000,0.000000,2.171733
24810.0,0.000000,0.000805,0.000000,-0.000610,3.742913,0.000000,0.000000,0.000000,-0.001607,2.171733
24820.0,0.000000,0.000068,0.000000,0.000000,3.742913,0.000000,0.000000,0.000000,0.000000,2.171733
24830.0,0.000000,-0.000834,0.000000,0.000914,3.742913,0.000000,0.000000,0.000000,0.000808,2.171733
24840.0,0.000000,-0.001162,0.000000,0.000000,3.742913,0.000000,0.000000,0.000000,0.000000,2.171733
24850.0,0.000000,-0.000260,0.000000,0.000304,3.742913,0.000000,0.000000,0.000000,0.000000,2.171733
24860.0,0.000000,0.000477,0.000000,0.000610,3.742913,0.000000,0.000000,0.000000,-0.000004,2.171733
24870.0,0.000000,0.001270,0.000000,0.000304,3.742913,0.000000,0.000000,0.000000,-0.000812,2.171733
24880.0,0.000000,0.000723,0.000000,-0.000610,3.742913,0.000000,0.000000,0.000000,0.000804,2.171733
24890.0,0.000000,-0.000178,0.000000,0.000610,3.742913,0.000000,0.000000,0.000000,-0.001607,2.171733
24900.0,0.000000,-0.000916,0.000000,0.000000,3.742913,0.000000,0.000000,0.000000,0.000000,2.171733
24910.0,0.000000,-0.000916,0.000000,0.000000,3.742913,0.000000,0.000000,0.000000,0.000808,2.171733
24920.0,0.000000,-0.000178,0.000000,0.000000,3.742913,0.000000,0.000000,0.000000,0.000808,2.171733
24930.0,0.000000,0.000723,0.000000,0.000306,3.742913,0.000000,0.000000,0.000000,0.000808,2.171733
24940.0,0.000000,0.001297,0.000000,0.001217,3.742913,0.000000,0.000000,0.000000,-0.000808,2.171733
24950.0,0.000000,0.000477,0.000000,0.000610,3.742913,0.000000,0.000000,0.000000,0.001616,2.171733
24960.0,0.000000,-0.000260,0.000000,0.000000,3.742913,0.000000,0.000000,0.000000,0.000000,2.171733
24970.0,0.000000,-0.001162,0.000000,-0.001523,3.742913,0.000000,0.000000,0.000000,0.000008,2.171733
24980.0,0.000000,-0.000834,0.000000,0.000914,3.742913,0.000000,0.000000,0.000000,0.000000,2.171733
24990.0,0.000000,0.000068,0.000000,0.000000,3.742913,0.000000,0.000000,0.000000,0.000000,2.171733
25000.0,0.000000,0.000805,0.000000,0.000000,3.742913,0.000000,0.000000,0.000000,0.000804,2.171733
25010.0,0.000000,0.001133,0.000000,-0.000304,3.742913,0.000000,0.000000,0.000000,0.001612,2.171733
25020.0,0.000000,0.000395,0.000000,0.000000,3.742913,0.000000,0.000000,0.000000,0.000804,2.171733
25030.0,0.000000,-0.000506,0.000000,0.000610,3.742913,0.000000,0.000000,0.000000,-0.000804,2.171733
25040.0,0.000000,-0.001217,0.000000,0.000610,3.742913,0.000000,0.000000,0.000000,0.000804,2.171733
25050.0,0.000000,-0.000588,0.000000,0.000306,3.742913,0.000000,0.000000,0.000000,0.000004,2.171733
25060.0,0.000000,0.000150,0.000000,-0.000610,3.742913,0.000000,0.000000,0.000000,0.000808,2.171733
25070.0,0.000000,0.001051,0.000000,0.000304,3.742913,0.000000,0.000000,0.000000,0.000004,2.171733
25080.0,0.000000,0.001051,0.000000,0.000000,3.742913,0.000000,0.000000,0.000000,0.000804,2.171733
25090.0,0.000000,0.000150,0.000000,-0.000610,3.742913,0.000000,0.000000,0.000000,0.000004,2.171733
25100.0,0.000000,-0.000588,0.000000,0.000000,3.742913,0.000000,0.000000,0.000000,0.000808,2.171733
25110.0,0.000000,-0.001217,0.000000,-0.000306,3.742913,0.000000,0.000000,0.000000,0.000000,2.171733
25120.0,0.000000,-0.000506,0.000000,0.000000,3.742913,0.000000,0.000000,0.000000,0.000804,2.171733
25130.0,0.000000,0.000395,0.000000,0.000304,3.742913,0.000000,0.000000,0.000000,0.000000,2.171733
25140.0,0.000000,0.001133,0.000000,0.000000,3.742913,0.000000,0.000000,0.000000,0.000804,2.171733
25150.0,0.000000,0.000805,0.000000,-0.000304,3.742913,0.000000,0.000000,0.000000,0.000808,2.171733
25160.0,0.000000,0.000068,0.000000,0.000610,3.742913,0.000000,0.000000,0.000000,-0.000804,2.171733
25170.0,0.000000,-0.000834,0.000000,0.000000,3.742913,0.000000,0.000000,0.000000,0.000808,2.171733
25180.0,0.000000,-0.001162,0.000000,0.000610,3.742913,0.000000,0.000000,0.000000,-0.000804,2.171733
25190.0,0.000000,-0.000260,0.000000,0.000000,3.742913,0.000000,0.000000,0.000000,0.002411,2.171733
25200.0,0.000000,0.000477,0.000000,0.000000,3.742913,0.000000,0.000000,0.000000,0.000000,2.171733
25210.0,0.000000,0.001297,0.000000,-0.000610,3.742913,0.000000,0.000000,0.000000,-0.000799,2.171733
25220.0,0.000000,0.000723,0.000000,0.000000,3.742913,0.000000,0.000000,0.000000,-0.000808,2.171733
25230.0,0.000000,-0.000178,0.000000,-0.000304,3.742913,0.000000,0.000000,0.000000,0.000004,2.171733
25240.0,0.000000,-0.000916,0.000000,0.000000,3.742913,0.000000,0.000000,0.000000,-0.000808,2.171733
25250.0,0.000000,-0.000916,0.000000,-0.000610,3.742913,0.000000,0.000000,0.000000,0.000808,2.171733
25260.0,0.000000,-0.000178,0.000000,0.000000,3.742913,0.000000,0.000000,0.000000,0.000808,2.171733
25270.0,0.000000,0.000723,0.000000,0.000000,3.742913,0.000000,0.000000,0.000000,-0.000804,2.171733
25280.0,0.000000,0.001297,0.000000,-0.000914,3.742913,0.000000,0.000000,0.000000,0.000000,2.171733
25290.0,0.000000,0.000559,0.000000,-0.000610,3.742913,0.000000,0.000000,0.000000,0.000000,2.171733
25300.0,0.000000,-0.000260,0.000000,-0.000304,3.742913,0.000000,0.000000,0.000000,0.000808,2.171733
25310.0,0.000000,-0.001162,0.000000,0.000607,3.742913,0.000000,0.000000,0.000000,-0.000804,2.171733
25320.0,0.000000,-0.000834,0.000000,0.000000,3.742913,0.000000,0.000000,0.000000,0.000000,2.171733
25330.0,0.000000,0.000068,0.000000,0.000306,3.742913,0.000000,0.000000,0.000000,0.000004,2.171733
25340.0,0.000000,0.000805,0.000000,0.000000,3.742913,0.000000,0.000000,0.000000,0.000000,2.171733
25350.0,0.000000,0.001133,0.000000,0.000000,3.742913,0.000000,0.000000,0.000000,0.000004,2.171733
25360.0,0.000000,0.000395,0.000000,-0.000610,3.742913,0.000000,0.000000,0.000000,-0.000808,2.171733
25370.0,0.000000,-0.000506,0.000000,-0.000306,3.742913,0.000000,0.000000,0.000000,-0.000804,2.171733
25380.0,0.000000,-0.001217,0.000000,0.000000,3.742913,0.000000,0.000000,0.000000,0.000000,2.171733
25390.0,0.000000,-0.000588,0.000000,-0.000914,3.742913,0.000000,0.000000,0.000000,0.000808,2.171733
25400.0,0.000000,0.000150,0.000000,-0.001220,3.742913,0.000000,0.000000,0.000000,0.000808,2.171733
25410.0,0.000000,0.001051,0.000000,0.000610,3.742913,0.000000,0.000000,0.000000,0.000004,2.171733
25420.0,0.000000,0.001051,0.000000,0.000000,3.742913,0.000000,0.000000,0.000000,0.000000,2.171733
25430.0,0.000000,0.000150,0.000000,-0.000610,3.742913,0.000000,0.000000,0.000000,-0.000804,2.171733
25440.0,0.000000,-0.000588,0.000000,0.000000,3.742913,0.000000,0.000000,0.000000,-0.000804,2.171733
25450.0,0.000000,-0.001217,0.000000,0.000000,3.742913,0.000000,0.000000,0.000000,-0.002420,2.171733
25460.0,0.000000,-0.000506,0.000000,0.000610,3.742913,0.000000,0.000000,0.000000,0.000004,2.171733
25470.0,0.000000,0.000395,0.000000,0.000304,3.742913,0.000000,0.000000,0.000000,0.000000,2.171733
25480.0,0.000000,0.001133,0.000000,-0.000304,3.742913,0.000000,0.000000,0.000000,0.000000,2.171733
25490.0,0.000000,0.000805,0.000000,-0.000612,3.742913,0.000000,0.000000,0.000000,0.000808,2.171733
25500.0,0.000000,0.000068,0.000000,0.000000,3.742913,0.000000,0.000000,0.000000,-0.000808,2.171733
25510.0,0.000000,-0.000834,0.000000,0.000610,3.742913,0.000000,0.000000,0.000000,-0.001607,2.171733
25520.0,0.000000,-0.001162,0.000000,0.000000,3.742913,0.000000,0.000000,0.000000,0.000804,2.171733
25530.0,0.000000,-0.000260,0.000000,0.000000,3.742913,0.000000,0.000000,0.000000,0.000004,2.171733
25540.0,0.000000,0.000477,0.000000,0.000914,3.742913,0.000000,0.000000,0.000000,0.002411,2.171733
25550.0,0.000000,0.001297,0.000000,0.000610,3.742913,0.000000,0.000000,0.000000,-0.000804,2.171733
25560.0,0.000000,0.000723,0.000000,-0.000610,3.742913,0.000000,0.000000,0.000000,-0.000808,2.171733
25570.0,0.000000,-0.000178,0.000000,0.000306,3.742913,0.000000,0.000000,0.000000,0.000004,2.171733
25580.0,0.000000,-0.000916,0.000000,0.000000,3.742913,0.000000,0.000000,0.000000,-0.000808,2.171733
25590.0,0.000000,-0.000916,0.000000,-0.000914,3.742913,0.000000,0.000000,0.000000,-0.000799,2.171733
25600.0,0.000000,-0.000178,0.000000,-0.000914,3.742913,0.000000,0.000000,0.000000,0.000804,2.171733
25610.0,0.000000,0.000723,0.000000,-0.000610,3.742913,0.000000,0.000000,0.000000,0.000808,2.171733
25620.0,0.000000,0.001297,0.000000,0.000000,3.742913,0.000000,0.000000,0.000000,0.004023,2.171733
25630.0,0.000000,0.000477,0.000000,0.000000,3.742913,0.000000,0.000000,0.000000,-0.000804,2.171733
25640.0,0.000000,-0.000260,0.000000,-0.000610,3.742913,0.000000,0.000000,0.000000,-0.000808,2.171733
25650.0,0.000000,-0.001162,0.000000,0.000000,3.742913,0.000000,0.000000,0.000000,0.000000,2.171733
25660.0,0.000000,-0.000834,0.000000,0.000610,3.742913,0.000000,0.000000,0.000000,-0.001612,2.171733
25670.0,0.000000,0.000068,0.000000,0.000000,3.742913,0.000000,0.000000,0.000000,-0.000804,2.171733
25680.0,0.000000,0.000805,0.000000,0.000304,3.742913,0.000000,0.000000,0.000000,-0.000804,2.171733
25690.0,0.000000,0.001133,0.000000,0.000610,3.742913,0.000000,0.000000,0.000000,-0.000804,2.171733
25700.0,0.000000,0.000395,0.000000,0.000304,3.742913,0.000000,0.000000,0.000000,0.001612,2.171733
25710.0,0.000000,-0.000506,0.000000,-0.000304,3.742913,0.000000,0.000000,0.000000,0.000808,2.171733
25720.0,0.000000,-0.001217,0.000000,0.000610,3.742913,0.000000,0.000000,0.000000,0.000000,2.171733
25730.0,0.000000,-0.000670,0.000000,0.000000,3.742913,0.000000,0.000000,0.000000,0.000804,2.171733
25740.0,0.000000,0.000231,0.000000,0.000610,3.742913,0.000000,0.000000,0.000000,-0.000804,2.171733
25750.0,0.000000,0.000969,0.000000,-0.000610,3.742913,0.000000,0.000000,0.000000,0.000000,2.171733
25760.0,0.000000,0.000969,0.000000,0.000610,3.742913,0.000000,0.000000,0.000000,-0.001612,2.171733
25770.0,0.000000,0.000231,0.000000,0.000000,3.742913,0.000000,0.000000,0.000000,0.000000,2.171733
25780.0,0.000000,-0.000670,0.000000,0.000306,3.742913,0.000000,0.000000,0.000000,-0.000804,2.171733
25790.0,0.000000,-0.001244,0.000000,0.000000,3.742913,0.000000,0.000000,0.000000,0.000000,2.171733
25800.0,0.000000,-0.000424,0.000000,0.000000,3.742913,0.000000,0.000000,0.000000,0.000004,2.171733
25810.0,0.000000,0.000313,0.000000,-0.000304,3.742913,0.000000,0.000000,0.000000,0.000804,2.171733
25820.0,0.000000,0.001215,0.000000,-0.000304,3.742913,0.000000,0.000000,0.000000,-0.000804,2.171733
25830.0,0.000000,0.000887,0.000000,-0.000914,3.742913,0.000000,0.000000,0.000000,-0.000004,2.171733
25840.0,0.000000,-0.000014,0.000000,0.000610,3.742913,0.000000,0.000000,0.000000,0.000004,2.171733
25850.0,0.000000,-0.000752,0.000000,0.000000,3.742913,0.000000,0.000000,0.000000,0.000000,2.171733
25860.0,0.000000,-0.001080,0.000000,-0.000610,3.742913,0.000000,0.000000,0.000000,-0.000804,2.171733
25870.0,0.000000,-0.000342,0.000000,0.000610,3.742913,0.000000,0.000000,0.000000,0.000000,2.171733
25880.0,0.000000,0.000559,0.000000,-0.000610,3.742913,0.000000,0.000000,0.000000,-0.001607,2.171733
25890.0,0.000000,0.001270,0.000000,-0.000304,3.742913,0.000000,0.000000,0.000000,0.000799,2.171733
25900.0,0.000000,0.000641,0.000000,0.000000,3.742913,0.000000,0.000000,0.000000,0.000004,2.171733
25910.0,0.000000,-0.000096,0.000000,0.000000,3.742913,0.000000,0.000000,0.000000,0.000000,2.171733
25920.0,0.000000,-0.000998,0.000000,0.000000,3.742913,0.000000,0.000000,0.000000,-0.001612,2.171733
25930.0,0.000000,-0.000998,0.000000,0.000000,3.742913,0.000000,0.000000,0.000000,0.000804,2.171733
25940.0,0.000000,-0.000096,0.000000,0.000000,3.742913,0.000000,0.000000,0.000000,0.000004,2.171733
25950.0,0.000000,0.000641,0.000000,0.000000,3.742913,0.000000,0.000000,0.000000,0.000000,2.171733
25960.0,0.000000,0.001270,0.000000,0.000610,3.742913,0.000000,0.000000,0.000000,0.000004,2.171733
25970.0,0.000000,0.000559,0.000000,0.000610,3.742913,0.000000,0.000000,0.000000,0.000799,2.171733
25980.0,0.000000,-0.000342,0.000000,-0.000306,3.742913,0.000000,0.000000,0.000000,0.000004,2.171733
25990.0,0.000000,-0.001080,0.000000,0.000610,3.742913,0.000000,0.000000,0.000000,0.000000,2.171733
26000.0,0.000000,-0.000752,0.000000,-0.000304,3.742913,0.000000,0.000000,0.000000,0.000004,2.171733
26010.0,0.000000,-0.000014,0.000000,-0.000304,3.742913,0.000000,0.000000,0.000000,0.000000,2.171733
26020.0,0.000000,0.000887,0.000000,0.000000,3.742913,0.000000,0.000000,0.000000,0.000004,2.171733
26030.0,0.000000,0.001215,0.000000,0.000000,3.742913,0.000000,0.000000,0.000000,-0.000808,2.171733
26040.0,0.000000,0.000313,0.000000,0.000000,3.742913,0.000000,0.000000,0.000000,0.000004,2.171733
26050.0,0.000000,-0.000424,0.000000,0.000000,3.742913,0.000000,0.000000,0.000000,0.000000,2.171733
26060.0,0.000000,-0.001244,0.000000,0.000610,3.742913,0.000000,0.000000,0.000000,0.000000,2.171733
26070.0,0.000000,-0.000670,0.000000,0.000000,3.742913,0.000000,0.000000,0.000000,0.000000,2.171733
26080.0,0.000000,0.000231,0.000000,-0.000304,3.742913,0.000000,0.000000,0.000000,0.000808,2.171733
26090.0,0.000000,0.000969,0.000000,0.000610,3.742913,0.000000,0.000000,0.000000,-0.000004,2.171733
26100.0,0.000000,0.000969,0.000000,0.000000,3.742913,0.000000,0.000000,0.000000,0.000004,2.171733
26110.0,0.000000,0.000231,0.000000,0.000000,3.742913,0.000000,0.000000,0.000000,0.000804,2.171733
26120.0,0.000000,-0.000670,0.000000,-0.000304,3.742913,0.000000,0.000000,0.000000,0.000004,2.171733
26130.0,0.000000,-0.001244,0.000000,0.000610,3.742913,0.000000,0.000000,0.000000,0.000808,2.171733
26140.0,0.000000,-0.000506,0.000000,0.000000,3.742913,0.000000,0.000000,0.000000,0.000000,2.171733
26150.0,0.000000,0.000395,0.000000,0.000000,3.742913,0.000000,0.000000,0.000000,0.000808,2.171733
26160.0,0.000000,0.001133,0.000000,0.000000,3.742913,0.000000,0.000000,0.000000,-0.000804,2.171733
26170.0,0.000000,0.000805,0.000000,-0.000304,3.742913,0.000000,0.000000,0.000000,0.000004,2.171733
26180.0,0.000000,0.000068,0.000000,0.000610,3.742913,0.000000,0.000000,0.000000,-0.000004,2.171733
26190.0,0.000000,-0.000834,0.000000,0.000610,3.742913,0.000000,0.000000,0.000000,-0.000808,2.171733
26200.0,0.000000,-0.001162,0.000000,0.000000,3.742913,0.000000,0.000000,0.000000,0.000000,2.171733
26210.0,0.000000,-0.000260,0.000000,0.000000,3.742913,0.000000,0.000000,0.000000,-0.000804,2.171733
26220.0,0.000000,0.000477,0.000000,0.000306,3.742913,0.000000,0.000000,0.000000,-0.000804,2.171733
26230.0,0.000000,0.001297,0.000000,0.000610,3.742913,0.000000,0.000000,0.000000,0.000000,2.171733
26240.0,0.000000,0.000723,0.000000,0.000000,3.742913,0.000000,0.000000,0.000000,-0.000808,2.171733
26250.0,0.000000,-0.000178,0.000000,0.000916,3.742913,0.000000,0.000000,0.000000,0.000004,2.171733
26260.0,0.000000,-0.000916,0.000000,0.000000,3.742913,0.000000,0.000000,0.000000,0.001612,2.171733
26270.0,0.000000,-0.000916,0.000000,0.000306,3.742913,0.000000,0.000000,0.000000,-0.000804,2.171733
26280.0,0.000000,-0.000178,0.000000,0.000000,3.742913,0.000000,0.000000,0.000000,0.000000,2.171733
26290.0,0.000000,0.000723,0.000000,0.000304,3.742913,0.000000,0.000000,0.000000,-0.000799,2.171733
26300.0,0.000000,0.001297,0.000000,0.000610,3.742913,0.000000,0.000000,0.000000,-0.000804,2.171733
26310.0,0.000000,0.000477,0.000000,0.000306,3.742913,0.000000,0.000000,0.000000,0.000000,2.171733
26320.0,0.000000,-0.000260,0.000000,0.000304,3.742913,0.000000,0.000000,0.000000,0.000804,2.171733
26330.0,0.000000,-0.001162,0.000000,0.000000,3.742913,0.000000,0.000000,0.000000,0.000000,2.171733
26340.0,0.000000,-0.000834,0.000000,-0.000914,3.742913,0.000000,0.000000,0.000000,0.001612,2.171733
26350.0,0.000000,0.000068,0.000000,0.000306,3.742913,0.000000,0.000000,0.000000,0.000004,2.171733
26360.0,0.000000,0.000805,0.000000,0.000000,3.742913,0.000000,0.000000,0.000000,0.002415,2.171733
26370.0,0.000000,0.001133,0.000000,0.000610,3.742913,0.000000,0.000000,0.000000,0.000004,2.171733
26380.0,0.000000,0.000395,0.000000,0.000000,3.742913,0.000000,0.000000,0.000000,-0.000804,2.171733
26390.0,0.000000,-0.000506,0.000000,0.000000,3.742913,0.000000,0.000000,0.000000,-0.000804,2.171733
26400.0,0.000000,-0.001217,0.000000,-0.000304,3.742913,0.000000,0.000000,0.000000,-0.000804,2.171733
26410.0,0.000000,-0.000588,0.000000,-0.000304,3.742913,0.000000,0.000000,0.000000,0.000000,2.171733
26420.0,0.000000,0.000150,0.000000,-0.000304,3.742913,0.000000,0.000000,0.000000,0.000808,2.171733
26430.0,0.000000,0.001051,0.000000,-0.000610,3.742913,0.000000,0.000000,0.000000,-0.000804,2.171733
26440.0,0.000000,0.001051,0.000000,-0.000304,3.742913,0.000000,0.000000,0.000000,0.000000,2.171733
26450.0,0.000000,0.000150,0.000000,-0.000304,3.742913,0.000000,0.000000,0.000000,0.000004,2.171733
26460.0,0.000000,-0.000588,0.000000,0.000000,3.742913,0.000000,0.000000,0.000000,0.000000,2.171733
26470.0,0.000000,-0.001217,0.000000,0.000000,3.742913,0.000000,0.000000,0.000000,0.001612,2.171733
26480.0,0.000000,-0.000506,0.000000,-0.001220,3.742913,0.000000,0.000000,0.000000,0.001612,2.171733
26490.0,0.000000,0.000395,0.000000,0.000914,3.742913,0.000000,0.000000,0.000000,-0.000804,2.171733
26500.0,0.000000,0.001133,0.000000,0.000607,3.742913,0.000000,0.000000,0.000000,-0.000808,2.171733
26510.0,0.000000,0.000805,0.000000,0.000000,3.742913,0.000000,0.000000,0.000000,-0.000799,2.171733
26520.0,0.000000,0.000068,0.000000,0.000000,3.742913,0.000000,0.000000,0.000000,-0.000804,2.171733
26530.0,0.000000,-0.000834,0.000000,0.000610,3.742913,0.000000,0.000000,0.000000,0.000808,2.171733
26540.0,0.000000,-0.001162,0.000000,0.000000,3.742913,0.000000,0.000000,0.000000,0.000804,2.171733
26550.0,0.000000,-0.000260,0.000000,0.000610,3.742913,0.000000,0.000000,0.000000,0.000000,2.171733
26560.0,0.000000,0.000477,0.000000,0.000000,3.742913,0.000000,0.000000,0.000000,0.000000,2.171733
26570.0,0.000000,0.001270,0.000000,0.000000,3.742913,0.000000,0.000000,0.000000,-0.000804,2.171733
26580.0,0.000000,0.000641,0.000000,0.000002,3.742913,0.000000,0.000000,0.000000,-0.000804,2.171733
26590.0,0.000000,-0.000096,0.000000,-0.000304,3.742913,0.000000,0.000000,0.000000,0.000000,2.171733
26600.0,0.000000,-0.000998,0.000000,0.000304,3.742913,0.000000,0.000000,0.000000,-0.001607,2.171733
26610.0,0.000000,-0.000998,0.000000,0.000000,3.742913,0.000000,0.000000,0.000000,0.000000,2.171733
26620.0,0.000000,-0.000096,0.000000,-0.000304,3.742913,0.000000,0.000000,0.000000,0.000000,2.171733
26630.0,0.000000,0.000641,0.000000,0.000000,3.742913,0.000000,0.000000,0.000000,-0.000804,2.171733
26640.0,0.000000,0.001270,0.000000,0.000000,3.742913,0.000000,0.000000,0.000000,0.001607,2.171733
26650.0,0.000000,0.000559,0.000000,0.000000,3.742913,0.000000,0.000000,0.000000,-0.000808,2.171733
26660.0,0.000000,-0.000342,0.000000,-0.000304,3.742913,0.000000,0.000000,0.000000,0.000816,2.171733
26670.0,0.000000,-0.001080,0.000000,0.000000,3.742913,0.000000,0.000000,0.000000,-0.001612,2.171733
26680.0,0.000000,-0.000752,0.000000,0.000304,3.742913,0.000000,0.000000,0.000000,0.000808,2.171733
26690.0,0.000000,-0.000014,0.000000,-0.001220,3.742913,0.000000,0.000000,0.000000,0.000808,2.171733
26700.0,0.000000,0.000887,0.000000,0.000000,3.742913,0.000000,0.000000,0.000000,0.001616,2.171733
26710.0,0.000000,0.001215,0.000000,-0.000002,3.742913,0.000000,0.000000,0.000000,0.000000,2.171733
26720.0,0.000000,0.000313,0.000000,0.000306,3.742913,0.000000,0.000000,0.000000,-0.000799,2.171733
26730.0,0.000000,-0.000424,0.000000,0.000000,3.742913,0.000000,0.000000,0.000000,-0.000808,2.171733
26740.0,0.000000,-0.001244,0.000000,0.000000,3.742913,0.000000,0.000000,0.000000,-0.000804,2.171733
26750.0,0.000000,-0.000670,0.000000,0.000610,3.742913,0.000000,0.000000,0.000000,0.000000,2.171733
26760.0,0.000000,0.000231,0.000000,-0.000304,3.742913,0.000000,0.000000,0.000000,-0.000804,2.171733
26770.0,0.000000,0.000969,0.000000,-0.000304,3.742913,0.000000,0.000000,0.000000,0.000808,2.171733
26780.0,0.000000,0.000969,0.000000,0.000610,3.742913,0.000000,0.000000,0.000000,0.000004,2.171733
26790.0,0.000000,0.000231,0.000000,0.000914,3.742913,0.000000,0.000000,0.000000,-0.000808,2.171733
26800.0,0.000000,-0.000670,0.000000,0.000306,3.742913,0.000000,0.000000,0.000000,0.000004,2.171733
26810.0,0.000000,-0.001244,0.000000,0.000000,3.742913,0.000000,0.000000,0.000000,0.000000,2.171733
26820.0,0.000000,-0.000424,0.000000,-0.000610,3.742913,0.000000,0.000000,0.000000,0.000808,2.171733
26830.0,0.000000,0.000313,0.000000,0.000306,3.742913,0.000000,0.000000,0.000000,0.000004,2.171733
26840.0,0.000000,0.001215,0.000000,-0.000610,3.742913,0.000000,0.000000,0.000000,0.000004,2.171733
26850.0,0.000000,0.000887,0.000000,0.000000,3.742913,0.000000,0.000000,0.000000,0.000000,2.171733
26860.0,0.000000,-0.000014,0.000000,0.000000,3.742913,0.000000,0.000000,0.000000,-0.000804,2.171733
26870.0,0.000000,-0.000752,0.000000,0.000000,3.742913,0.000000,0.000000,0.000000,0.001603,2.171733
26880.0,0.000000,-0.001080,0.000000,0.000000,3.742913,0.000000,0.000000,0.000000,-0.001607,2.171733
26890.0,0.000000,-0.000342,0.000000,0.000304,3.742913,0.000000,0.000000,0.000000,0.000000,2.171733
26900.0,0.000000,0.000559,0.000000,0.000914,3.742913,0.000000,0.000000,0.000000,-0.000804,2.171733
26910.0,0.000000,0.001270,0.000000,0.000000,3.742913,0.000000,0.000000,0.000000,-0.001612,2.171733
26920.0,0.000000,0.000641,0.000000,0.000914,3.742913,0.000000,0.000000,0.000000,0.000000,2.171733
26930.0,0.000000,-0.000096,0.000000,0.000000,3.742913,0.000000,0.000000,0.000000,0.000808,2.171733
26940.0,0.000000,-0.000998,0.000000,0.001217,3.742913,0.000000,0.000000,0.000000,0.000000,2.171733
26950.0,0.000000,-0.000998,0.000000,0.000610,3.742913,0.000000,0.000000,0.000000,-0.000004,2.171733
26960.0,0.000000,-0.000096,0.000000,0.000610,3.742913,0.000000,0.000000,0.000000,-0.000804,2.171733
26970.0,0.000000,0.000641,0.000000,0.000610,3.742913,0.000000,0.000000,0.000000,0.000000,2.171733
26980.0,0.000000,0.001270,0.000000,0.000000,3.742913,0.000000,0.000000,0.000000,0.000000,2.171733
26990.0,0.000000,0.000559,0.000000,0.000000,3.742913,0.000000,0.000000,0.000000,0.000804,2.171733
27000.0,0.000000,-0.000342,0.000000,-0.000304,3.742913,0.000000,0.000000,0.000000,0.001620,2.171733
27010.0,0.000000,-0.001080,0.000000,-0.000610,3.742913,0.000000,0.000000,0.000000,0.000000,2.171733
27020.0,0.000000,-0.000752,0.000000,-0.000304,3.742913,0.000000,0.000000,0.000000,0.001616,2.171733
27030.0,0.000000,-0.000014,0.000000,-0.000914,3.742913,0.000000,0.000000,0.000000,0.000000,2.171733
27040.0,0.000000,0.000887,0.000000,0.000610,3.742913,0.000000,0.000000,0.000000,0.000000,2.171733
27050.0,0.000000,0.001215,0.000000,0.000000,3.742913,0.000000,0.000000,0.000000,0.000000,2.171733
27060.0,0.000000,0.000313,0.000000,-0.000304,3.742913,0.000000,0.000000,0.000000,0.000000,2.171733
27070.0,0.000000,-0.000424,0.000000,0.000000,3.742913,0.000000,0.000000,0.000000,0.000000,2.171733
27080.0,0.000000,-0.001244,0.000000,0.000304,3.742913,0.000000,0.000000,0.000000,0.000808,2.171733
27090.0,0.000000,-0.000670,0.000000,-0.000304,3.742913,0.000000,0.000000,0.000000,0.000000,2.171733
27100.0,0.000000,0.000231,0.000000,-0.000607,3.742913,0.000000,0.000000,0.000000,0.000808,2.171733
27110.0,0.000000,0.000969,0.000000,0.000610,3.742913,0.000000,0.000000,0.000000,0.000808,2.171733
27120.0,0.000000,0.000969,0.000000,0.000306,3.742913,0.000000,0.000000,0.000000,0.000000,2.171733
27130.0,0.000000,0.000231,0.000000,0.000000,3.742913,0.000000,0.000000,0.000000,0.000000,2.171733
27140.0,0.000000,-0.000670,0.000000,0.000000,3.742913,0.000000,0.000000,0.000000,0.000812,2.171733
27150.0,0.000000,-0.001244,0.000000,-0.000610,3.742913,0.000000,0.000000,0.000000,0.000000,2.171733
27160.0,0.000000,-0.000424,0.000000,0.000610,3.742913,0.000000,0.000000,0.000000,0.000004,2.171733
27170.0,0.000000,0.000313,0.000000,-0.001220,3.742913,0.000000,0.000000,0.000000,0.000804,2.171733
27180.0,0.000000,0.001215,0.000000,-0.001523,3.742913,0.000000,0.000000,0.000000,-0.000804,2.171733
27190.0,0.000000,0.000887,0.000000,-0.000304,3.742913,0.000000,0.000000,0.000000,0.000804,2.171733
27200.0,0.000000,-0.000014,0.000000,0.000610,3.742913,0.000000,0.000000,0.000000,-0.002407,2.171733
27210.0,0.000000,-0.000752,0.000000,-0.000916,3.742913,0.000000,0.000000,0.000000,0.000000,2.171733
27220.0,0.000000,-0.001080,0.000000,0.000306,3.742913,0.000000,0.000000,0.000000,0.000808,2.171733
27230.0,0.000000,-0.000342,0.000000,0.000914,3.742913,0.000000,0.000000,0.000000,0.000000,2.171733
27240.0,0.000000,0.000559,0.000000,0.000000,3.742913,0.000000,0.000000,0.000000,-0.001612,2.171733
27250.0,0.000000,0.001270,0.000000,0.000304,3.742913,0.000000,0.000000,0.000000,-0.000804,2.171733
27260.0,0.000000,0.000641,0.000000,-0.000304,3.742913,0.000000,0.000000,0.000000,-0.000004,2.171733
27270.0,0.000000,-0.000096,0.000000,0.000000,3.742913,0.000000,0.000000,0.000000,0.000000,2.171733
27280.0,0.000000,-0.000998,0.000000,0.000000,3.742913,0.000000,0.000000,0.000000,0.000000,2.171733
27290.0,0.000000,-0.000998,0.000000,-0.000304,3.742913,0.000000,0.000000,0.000000,0.000000,2.171733
27300.0,0.000000,-0.000096,0.000000,0.000000,3.742913,0.000000,0.000000,0.000000,0.000808,2.171733
27310.0,0.000000,0.000641,0.000000,0.000914,3.742913,0.000000,0.000000,0.000000,0.000000,2.171733
27320.0,0.000000,0.001270,0.000000,-0.000610,3.742913,0.000000,0.000000,0.000000,-0.000804,2.171733
27330.0,0.000000,0.000559,0.000000,-0.000914,3.742913,0.000000,0.000000,0.000000,0.000804,2.171733
27340.0,0.000000,-0.000342,0.000000,0.000306,3.742913,0.000000,0.000000,0.000000,-0.000804,2.171733
27350.0,0.000000,-0.001080,0.000000,0.000304,3.742913,0.000000,0.000000,0.000000,0.000804,2.171733
27360.0,0.000000,-0.000752,0.000000,0.000000,3.742913,0.000000,0.000000,0.000000,-0.000799,2.171733
27370.0,0.000000,-0.000014,0.000000,0.000000,3.742913,0.000000,0.000000,0.000000,0.000804,2.171733
27380.0,0.000000,0.000887,0.000000,-0.000304,3.742913,0.000000,0.000000,0.000000,0.000808,2.171733
27390.0,0.000000,0.001215,0.000000,0.000304,3.742913,0.000000,0.000000,0.000000,0.000000,2.171733
27400.0,0.000000,0.000313,0.000000,0.000000,3.742913,0.000000,0.000000,0.000000,0.000004,2.171733
27410.0,0.000000,-0.000424,0.000000,0.000000,3.742913,0.000000,0.000000,0.000000,0.001607,2.171733
27420.0,0.000000,-0.001217,0.000000,0.000610,3.742913,0.000000,0.000000,0.000000,0.000000,2.171733
27430.0,0.000000,-0.000670,0.000000,0.000000,3.742913,0.000000,0.000000,0.000000,0.001612,2.171733
27440.0,0.000000,0.000231,0.000000,0.000304,3.742913,0.000000,0.000000,0.000000,-0.001607,2.171733
27450.0,0.000000,0.000969,0.000000,0.000914,3.742913,0.000000,0.000000,0.000000,0.000804,2.171733
27460.0,0.000000,0.000969,0.000000,0.000000,3.742913,0.000000,0.000000,0.000000,0.001612,2.171733
27470.0,0.000000,0.000231,0.000000,0.000304,3.742913,0.000000,0.000000,0.000000,-0.000804,2.171733
27480.0,0.000000,-0.000670,0.000000,-0.001217,3.742913,0.000000,0.000000,0.000000,0.000808,2.171733
27490.0,0.000000,-0.001244,0.000000,-0.000304,3.742913,0.000000,0.000000,0.000000,0.000808,2.171733
27500.0,0.000000,-0.000424,0.000000,0.000304,3.742913,0.000000,0.000000,0.000000,0.000808,2.171733
27510.0,0.000000,0.000313,0.000000,0.000000,3.742913,0.000000,0.000000,0.000000,0.000000,2.171733
27520.0,0.000000,0.001215,0.000000,0.000610,3.742913,0.000000,0.000000,0.000000,0.000004,2.171733
27530.0,0.000000,0.000887,0.000000,0.000000,3.742913,0.000000,0.000000,0.000000,0.000804,2.171733
27540.0,0.000000,-0.000014,0.000000,0.000610,3.742913,0.000000,0.000000,0.000000,0.000000,2.171733
27550.0,0.000000,-0.000752,0.000000,0.000304,3.742913,0.000000,0.000000,0.000000,0.000000,2.171733
27560.0,0.000000,-0.001080,0.000000,0.000610,3.742913,0.000000,0.000000,0.000000,-0.000799,2.171733
27570.0,0.000000,-0.000342,0.000000,0.000610,3.742913,0.000000,0.000000,0.000000,0.002411,2.171733
27580.0,0.000000,0.000559,0.000000,0.000000,3.742913,0.000000,0.000000,0.000000,0.000000,2.171733
27590.0,0.000000,0.001270,0.000000,0.000916,3.742913,0.000000,0.000000,0.000000,-0.000004,2.171733
27600.0,0.000000,0.000641,0.000000,-0.000304,3.742913,0.000000,0.000000,0.000000,-0.000804,2.171733
27610.0,0.000000,-0.000096,0.000000,0.000610,3.742913,0.000000,0.000000,0.000000,-0.000808,2.171733
27620.0,0.000000,-0.000998,0.000000,0.000610,3.742913,0.000000,0.000000,0.000000,0.001607,2.171733
27630.0,0.000000,-0.000998,0.000000,-0.000304,3.742913,0.000000,0.000000,0.000000,0.000808,2.171733
27640.0,0.000000,-0.000096,0.000000,0.000000,3.742913,0.000000,0.000000,0.000000,0.000004,2.171733
27650.0,0.000000,0.000641,0.000000,0.000000,3.742913,0.000000,0.000000,0.000000,-0.000004,2.171733
27660.0,0.000000,0.001270,0.000000,0.000610,3.742913,0.000000,0.000000,0.000000,-0.000804,2.171733
27670.0,0.000000,0.000559,0.000000,0.000610,3.742913,0.000000,0.000000,0.000000,0.000808,2.171733
27680.0,0.000000,-0.000342,0.000000,0.000000,3.742913,0.000000,0.000000,0.000000,0.000804,2.171733
27690.0,0.000000,-0.001080,0.000000,0.000000,3.742913,0.000000,0.000000,0.000000,0.000000,2.171733
27700.0,0.000000,-0.000752,0.000000,0.000000,3.742913,0.000000,0.000000,0.000000,0.000804,2.171733
27710.0,0.000000,-0.000014,0.000000,-0.000304,3.742913,0.000000,0.000000,0.000000,0.000804,2.171733
27720.0,0.000000,0.000887,0.000000,-0.001523,3.742913,0.000000,0.000000,0.000000,0.000812,2.171733
27730.0,0.000000,0.001215,0.000000,0.000000,3.742913,0.000000,0.000000,0.000000,0.000804,2.171733
27740.0,0.000000,0.000313,0.000000,0.000304,3.742913,0.000000,0.000000,0.000000,0.000004,2.171733
27750.0,0.000000,-0.000424,0.000000,-0.001220,3.742913,0.000000,0.000000,0.000000,-0.000808,2.171733
27760.0,0.000000,-0.001244,0.000000,0.000610,3.742913,0.000000,0.000000,0.000000,-0.001607,2.171733
27770.0,0.000000,-0.000670,0.000000,0.000000,3.742913,0.000000,0.000000,0.000000,0.000808,2.171733
27780.0,0.000000,0.000231,0.000000,0.000304,3.742913,0.000000,0.000000,0.000000,0.002415,2.171733
27790.0,0.000000,0.000969,0.000000,0.000000,3.742913,0.000000,0.000000,0.000000,0.001612,2.171733
27800.0,0.000000,0.000969,0.000000,0.000306,3.742913,0.000000,0.000000,0.000000,0.000004,2.171733
27810.0,0.000000,0.000231,0.000000,0.000000,3.742913,0.000000,0.000000,0.000000,0.000000,2.171733
27820.0,0.000000,-0.000670,0.000000,0.000610,3.742913,0.000000,0.000000,0.000000,0.000000,2.171733
27830.0,0.000000,-0.001244,0.000000,-0.000304,3.742913,0.000000,0.000000,0.000000,-0.000804,2.171733
27840.0,0.000000,-0.000506,0.000000,0.000914,3.742913,0.000000,0.000000,0.000000,0.000804,2.171733
27850.0,0.000000,0.000313,0.000000,-0.000610,3.742913,0.000000,0.000000,0.000000,0.000000,2.171733
27860.0,0.000000,0.001215,0.000000,-0.000914,3.742913,0.000000,0.000000,0.000000,0.002424,2.171733
27870.0,0.000000,0.000887,0.000000,-0.000610,3.742913,0.000000,0.000000,0.000000,-0.000004,2.171733
27880.0,0.000000,-0.000014,0.000000,0.000916,3.742913,0.000000,0.000000,0.000000,0.002420,2.171733
27890.0,0.000000,-0.000752,0.000000,-0.000914,3.742913,0.000000,0.000000,0.000000,0.000808,2.171733
27900.0,0.000000,-0.001080,0.000000,0.000304,3.742913,0.000000,0.000000,0.000000,-0.000804,2.171733
27910.0,0.000000,-0.000342,0.000000,-0.000304,3.742913,0.000000,0.000000,0.000000,0.000000,2.171733
27920.0,0.000000,0.000559,0.000000,-0.000304,3.742913,0.000000,0.000000,0.000000,-0.000804,2.171733
27930.0,0.000000,0.001270,0.000000,0.000000,3.742913,0.000000,0.000000,0.000000,0.000000,2.171733
27940.0,0.000000,0.000641,0.000000,0.000610,3.742913,0.000000,0.000000,0.000000,-0.000799,2.171733
27950.0,0.000000,-0.000096,0.000000,-0.000610,3.742913,0.000000,0.000000,0.000000,0.000004,2.171733
27960.0,0.000000,-0.000998,0.000000,-0.000610,3.742913,0.000000,0.000000,0.000000,0.000004,2.171733
27970.0,0.000000,-0.000998,0.000000,-0.000304,3.742913,0.000000,0.000000,0.000000,0.000000,2.171733
27980.0,0.000000,-0.000096,0.000000,0.000610,3.742913,0.000000,0.000000,0.000000,-0.001603,2.171733
27990.0,0.000000,0.000641,0.000000,0.000607,3.742913,0.000000,0.000000,0.000000,0.000799,2.171733
28000.0,0.000000,0.001270,0.000000,0.000000,3.742913,0.000000,0.000000,0.000000,0.000808,2.171733
28010.0,0.000000,0.000559,0.000000,0.000306,3.742913,0.000000,0.000000,0.000000,0.000000,2.171733
28020.0,0.000000,-0.000342,0.000000,0.000610,3.742913,0.000000,0.000000,0.000000,-0.000804,2.171733
28030.0,0.000000,-0.001080,0.000000,0.000306,3.742913,0.000000,0.000000,0.000000,0.000000,2.171733
28040.0,0.000000,-0.000752,0.000000,-0.000304,3.742913,0.000000,0.000000,0.000000,0.000808,2.171733
28050.0,0.000000,-0.000014,0.000000,0.000000,3.742913,0.000000,0.000000,0.000000,-0.000804,2.171733
28060.0,0.000000,0.000887,0.000000,0.000000,3.742913,0.000000,0.000000,0.000000,0.000808,2.171733
28070.0,0.000000,0.001215,0.000000,0.000000,3.742913,0.000000,0.000000,0.000000,0.000004,2.171733
28080.0,0.000000,0.000313,0.000000,-0.000610,3.742913,0.000000,0.000000,0.000000,0.000812,2.171733
28090.0,0.000000,-0.000424,0.000000,-0.001220,3.742913,0.000000,0.000000,0.000000,0.000804,2.171733
28100.0,0.000000,-0.001244,0.000000,-0.000610,3.742913,0.000000,0.000000,0.000000,-0.000804,2.171733
28110.0,0.000000,-0.000670,0.000000,0.000000,3.742913,0.000000,0.000000,0.000000,-0.000804,2.171733
28120.0,0.000000,0.000231,0.000000,-0.000304,3.742913,0.000000,0.000000,0.000000,0.000804,2.171733
28130.0,0.000000,0.000969,0.000000,0.000607,3.742913,0.000000,0.000000,0.000000,0.000000,2.171733
28140.0,0.000000,0.000969,0.000000,0.000000,3.742913,0.000000,0.000000,0.000000,-0.000804,2.171733
28150.0,0.000000,0.000231,0.000000,0.000000,3.742913,0.000000,0.000000,0.000000,0.001612,2.171733
28160.0,0.000000,-0.000670,0.000000,-0.000304,3.742913,0.000000,0.000000,0.000000,-0.001607,2.171733
28170.0,0.000000,-0.001244,0.000000,-0.000610,3.742913,0.000000,0.000000,0.000000,0.000804,2.171733
28180.0,0.000000,-0.000424,0.000000,-0.000610,3.742913,0.000000,0.000000,0.000000,0.000000,2.171733
28190.0,0.000000,0.000313,0.000000,0.000610,3.742913,0.000000,0.000000,0.000000,0.000000,2.171733
28200.0,0.000000,0.001215,0.000000,0.000000,3.742913,0.000000,0.000000,0.000000,0.001612,2.171733
28210.0,0.000000,0.000887,0.000000,-0.000914,3.742913,0.000000,0.000000,0.000000,0.000808,2.171733
28220.0,0.000000,-0.000014,0.000000,0.000000,3.742913,0.000000,0.000000,0.000000,0.000000,2.171733
28230.0,0.000000,-0.000752,0.000000,-0.001220,3.742913,0.000000,0.000000,0.000000,0.001607,2.171733
28240.0,0.000000,-0.001080,0.000000,-0.000304,3.742913,0.000000,0.000000,0.000000,-0.000804,2.171733
28250.0,0.000000,-0.000342,0.000000,-0.000610,3.742913,0.000000,0.000000,0.000000,0.001612,2.171733
28260.0,0.000000,0.000559,0.000000,0.000000,3.742913,0.000000,0.000000,0.000000,-0.000804,2.171733
28270.0,0.000000,0.001270,0.000000,-0.000304,3.742913,0.000000,0.000000,0.000000,-0.000808,2.171733
28280.0,0.000000,0.000641,0.000000,-0.000304,3.742913,0.000000,0.000000,0.000000,-0.000804,2.171733
28290.0,0.000000,-0.000096,0.000000,0.000914,3.742913,0.000000,0.000000,0.000000,-0.000804,2.171733
28300.0,0.000000,-0.000998,0.000000,-0.000610,3.742913,0.000000,0.000000,0.000000,0.000004,2.171733
28310.0,0.000000,-0.000998,0.000000,-0.000610,3.742913,0.000000,0.000000,0.000000,0.003228,2.171733
28320.0,0.000000,-0.000096,0.000000,0.000000,3.742913,0.000000,0.000000,0.000000,0.000004,2.171733
28330.0,0.000000,0.000641,0.000000,-0.000304,3.742913,0.000000,0.000000,0.000000,0.000000,2.171733
28340.0,0.000000,0.001270,0.000000,0.000000,3.742913,0.000000,0.000000,0.000000,-0.000804,2.171733
28350.0,0.000000,0.000559,0.000000,-0.000304,3.742913,0.000000,0.000000,0.000000,0.002411,2.171733
28360.0,0.000000,-0.000342,0.000000,0.000610,3.742913,0.000000,0.000000,0.000000,-0.000799,2.171733
28370.0,0.000000,-0.001080,0.000000,-0.000304,3.742913,0.000000,0.000000,0.000000,0.000000,2.171733
28380.0,0.000000,-0.000752,0.000000,-0.000304,3.742913,0.000000,0.000000,0.000000,0.000004,2.171733
28390.0,0.000000,-0.000014,0.000000,0.000000,3.742913,0.000000,0.000000,0.000000,0.000004,2.171733
28400.0,0.000000,0.000887,0.000000,0.000610,3.742913,0.000000,0.000000,0.000000,0.000000,2.171733
28410.0,0.000000,0.001215,0.000000,-0.001220,3.742913,0.000000,0.000000,0.000000,0.000000,2.171733
28420.0,0.000000,0.000313,0.000000,-0.000304,3.742913,0.000000,0.000000,0.000000,-0.000804,2.171733
28430.0,0.000000,-0.000424,0.000000,-0.000610,3.742913,0.000000,0.000000,0.000000,-0.000808,2.171733
28440.0,0.000000,-0.001244,0.000000,0.000607,3.742913,0.000000,0.000000,0.000000,0.000004,2.171733
28450.0,0.000000,-0.000670,0.000000,-0.000304,3.742913,0.000000,0.000000,0.000000,0.000804,2.171733
28460.0,0.000000,0.000231,0.000000,-0.001523,3.742913,0.000000,0.000000,0.000000,-0.000804,2.171733
28470.0,0.000000,0.000969,0.000000,0.000000,3.742913,0.000000,0.000000,0.000000,0.000808,2.171733
28480.0,0.000000,0.000969,0.000000,-0.000610,3.742913,0.000000,0.000000,0.000000,0.000000,2.171733
28490.0,0.000000,0.000231,0.000000,0.000000,3.742913,0.000000,0.000000,0.000000,0.000000,2.171733
28500.0,0.000000,-0.000670,0.000000,0.000000,3.742913,0.000000,0.000000,0.000000,0.000004,2.171733
28510.0,0.000000,-0.001244,0.000000,0.000000,3.742913,0.000000,0.000000,0.000000,0.000804,2.171733
28520.0,0.000000,-0.000424,0.000000,0.000304,3.742913,0.000000,0.000000,0.000000,0.000808,2.171733
28530.0,0.000000,0.000313,0.000000,0.000000,3.742913,0.000000,0.000000,0.000000,-0.000808,2.171733
28540.0,0.000000,0.001215,0.000000,-0.000304,3.742913,0.000000,0.000000,0.000000,-0.001612,2.171733
28550.0,0.000000,0.000887,0.000000,0.000000,3.742913,0.000000,0.000000,0.000000,-0.001612,2.171733
28560.0,0.000000,-0.000014,0.000000,0.000000,3.742913,0.000000,0.000000,0.000000,0.000000,2.171733
28570.0,0.000000,-0.000752,0.000000,0.000000,3.742913,0.000000,0.000000,0.000000,0.000000,2.171733
28580.0,0.000000,-0.001080,0.000000,0.000000,3.742913,0.000000,0.000000,0.000000,0.000004,2.171733
28590.0,0.000000,-0.000342,0.000000,-0.000610,3.742913,0.000000,0.000000,0.000000,0.000804,2.171733
28600.0,0.000000,0.000559,0.000000,0.001220,3.742913,0.000000,0.000000,0.000000,-0.000804,2.171733
28610.0,0.000000,0.001270,0.000000,0.000000,3.742913,0.000000,0.000000,0.000000,-0.000804,2.171733
28620.0,0.000000,0.000641,0.000000,0.000000,3.742913,0.000000,0.000000,0.000000,-0.000804,2.171733
28630.0,0.000000,-0.000096,0.000000,-0.000304,3.742913,0.000000,0.000000,0.000000,-0.000808,2.171733
28640.0,0.000000,-0.000998,0.000000,0.000914,3.742913,0.000000,0.000000,0.000000,0.000808,2.171733
28650.0,0.000000,-0.000998,0.000000,-0.000304,3.742913,0.000000,0.000000,0.000000,-0.000808,2.171733
28660.0,0.000000,-0.000096,0.000000,0.000000,3.742913,0.000000,0.000000,0.000000,0.000000,2.171733
28670.0,0.000000,0.000641,0.000000,0.000911,3.742913,0.000000,0.000000,0.000000,0.000804,2.171733
28680.0,0.000000,0.001270,0.000000,0.000914,3.742913,0.000000,0.000000,0.000000,0.000004,2.171733
28690.0,0.000000,0.000559,0.000000,-0.000610,3.742913,0.000000,0.000000,0.000000,0.000000,2.171733
28700.0,0.000000,-0.000260,0.000000,0.000610,3.742913,0.000000,0.000000,0.000000,-0.000808,2.171733
28710.0,0.000000,-0.001162,0.000000,0.000000,3.742913,0.000000,0.000000,0.000000,0.000000,2.171733
28720.0,0.000000,-0.000834,0.000000,0.000610,3.742913,0.000000,0.000000,0.000000,0.000000,2.171733
28730.0,0.000000,0.000068,0.000000,0.000000,3.742913,0.000000,0.000000,0.000000,-0.000804,2.171733
28740.0,0.000000,0.000805,0.000000,0.000000,3.742913,0.000000,0.000000,0.000000,0.000808,2.171733
28750.0,0.000000,0.001133,0.000000,0.000610,3.742913,0.000000,0.000000,0.000000,-0.001603,2.171733
28760.0,0.000000,0.000395,0.000000,0.000000,3.742913,0.000000,0.000000,0.000000,-0.000804,2.171733
28770.0,0.000000,-0.000506,0.000000,0.000000,3.742913,0.000000,0.000000,0.000000,-0.001607,2.171733
28780.0,0.000000,-0.001217,0.000000,0.000000,3.742913,0.000000,0.000000,0.000000,0.002411,2.171733
28790.0,0.000000,-0.000588,0.000000,0.000610,3.742913,0.000000,0.000000,0.000000,0.002424,2.171733
28800.0,0.000000,0.000150,0.000000,0.000000,3.742913,0.000000,0.000000,0.000000,0.000804,2.171733
28810.0,0.000000,0.001051,0.000000,0.000000,3.742913,0.000000,0.000000,0.000000,0.000004,2.171733
28820.0,0.000000,0.001051,0.000000,0.000000,3.742913,0.000000,0.000000,0.000000,0.000000,2.171733
28830.0,0.000000,0.000150,0.000000,0.000610,3.742913,0.000000,0.000000,0.000000,0.000004,2.171733
28840.0,0.000000,-0.000588,0.000000,-0.000306,3.742913,0.000000,0.000000,0.000000,0.000000,2.171733
28850.0,0.000000,-0.001217,0.000000,0.000306,3.742913,0.000000,0.000000,0.000000,-0.001607,2.171733
28860.0,0.000000,-0.000506,0.000000,0.000916,3.742913,0.000000,0.000000,0.000000,0.000804,2.171733
28870.0,0.000000,0.000395,0.000000,0.000000,3.742913,0.000000,0.000000,0.000000,0.000004,2.171733
28880.0,0.000000,0.001133,0.000000,0.000000,3.742913,0.000000,0.000000,0.000000,0.000000,2.171733
28890.0,0.000000,0.000805,0.000000,-0.000304,3.742913,0.000000,0.000000,0.000000,-0.000804,2.171733
28900.0,0.000000,0.000068,0.000000,0.000000,3.742913,0.000000,0.000000,0.000000,-0.001612,2.171733
28910.0,0.000000,-0.000834,0.000000,0.000000,3.742913,0.000000,0.000000,0.000000,-0.000804,2.171733
28920.0,0.000000,-0.001162,0.000000,-0.000610,3.742913,0.000000,0.000000,0.000000,-0.001616,2.171733
28930.0,0.000000,-0.000260,0.000000,-0.000304,3.742913,0.000000,0.000000,0.000000,0.000000,2.171733
28940.0,0.000000,0.000477,0.000000,0.000304,3.742913,0.000000,0.000000,0.000000,0.003219,2.171733
28950.0,0.000000,0.001297,0.000000,0.000000,3.742913,0.000000,0.000000,0.000000,0.000004,2.171733
28960.0,0.000000,0.000723,0.000000,0.000000,3.742913,0.000000,0.000000,0.000000,-0.000804,2.171733
28970.0,0.000000,-0.000178,0.000000,0.000914,3.742913,0.000000,0.000000,0.000000,-0.001612,2.171733
28980.0,0.000000,-0.000916,0.000000,-0.000306,3.742913,0.000000,0.000000,0.000000,-0.000804,2.171733
28990.0,0.000000,-0.000916,0.000000,0.000000,3.742913,0.000000,0.000000,0.000000,0.000004,2.171733
29000.0,0.000000,-0.000178,0.000000,0.000610,3.742913,0.000000,0.000000,0.000000,0.000804,2.171733
29010.0,0.000000,0.000723,0.000000,-0.000304,3.742913,0.000000,0.000000,0.000000,-0.000804,2.171733
29020.0,0.000000,0.001297,0.000000,0.000000,3.742913,0.000000,0.000000,0.000000,-0.000804,2.171733
29030.0,0.000000,0.000477,0.000000,0.000914,3.742913,0.000000,0.000000,0.000000,-0.000804,2.171733
29040.0,0.000000,-0.000260,0.000000,-0.000914,3.742913,0.000000,0.000000,0.000000,0.001620,2.171733
29050.0,0.000000,-0.001162,0.000000,0.000000,3.742913,0.000000,0.000000,0.000000,-0.000804,2.171733
29060.0,0.000000,-0.000834,0.000000,-0.000304,3.742913,0.000000,0.000000,0.000000,0.001612,2.171733
29070.0,0.000000,0.000068,0.000000,0.000304,3.742913,0.000000,0.000000,0.000000,-0.000804,2.171733
29080.0,0.000000,0.000805,0.000000,0.000610,3.742913,0.000000,0.000000,0.000000,-0.000808,2.171733
29090.0,0.000000,0.001133,0.000000,-0.000610,3.742913,0.000000,0.000000,0.000000,0.000808,2.171733
29100.0,0.000000,0.000395,0.000000,-0.000610,3.742913,0.000000,0.000000,0.000000,-0.000808,2.171733
29110.0,0.000000,-0.000506,0.000000,0.000000,3.742913,0.000000,0.000000,0.000000,0.000004,2.171733
29120.0,0.000000,-0.001217,0.000000,0.000000,3.742913,0.000000,0.000000,0.000000,0.000804,2.171733
29130.0,0.000000,-0.000670,0.000000,0.000914,3.742913,0.000000,0.000000,0.000000,0.000808,2.171733
29140.0,0.000000,0.000231,0.000000,0.000304,3.742913,0.000000,0.000000,0.000000,0.000808,2.171733
29150.0,0.000000,0.000969,0.000000,-0.000304,3.742913,0.000000,0.000000,0.000000,0.000808,2.171733
29160.0,0.000000,0.000969,0.000000,0.000000,3.742913,0.000000,0.000000,0.000000,0.000000,2.171733
29170.0,0.000000,0.000231,0.000000,-0.000610,3.742913,0.000000,0.000000,0.000000,-0.000804,2.171733
29180.0,0.000000,-0.000670,0.000000,0.000000,3.742913,0.000000,0.000000,0.000000,0.000000,2.171733
29190.0,0.000000,-0.001244,0.000000,0.000914,3.742913,0.000000,0.000000,0.000000,0.000000,2.171733
29200.0,0.000000,-0.000424,0.000000,-0.000304,3.742913,0.000000,0.000000,0.000000,0.000808,2.171733
29210.0,0.000000,0.000313,0.000000,-0.000610,3.742913,0.000000,0.000000,0.000000,-0.000804,2.171733
29220.0,0.000000,0.001215,0.000000,0.000914,3.742913,0.000000,0.000000,0.000000,0.001612,2.171733
29230.0,0.000000,0.000887,0.000000,0.000000,3.742913,0.000000,0.000000,0.000000,0.000000,2.171733
29240.0,0.000000,-0.000014,0.000000,0.000000,3.742913,0.000000,0.000000,0.000000,0.000004,2.171733
29250.0,0.000000,-0.000752,0.000000,-0.000610,3.742913,0.000000,0.000000,0.000000,0.000000,2.171733
29260.0,0.000000,-0.001080,0.000000,0.001220,3.742913,0.000000,0.000000,0.000000,-0.000799,2.171733
29270.0,0.000000,-0.000342,0.000000,-0.000610,3.742913,0.000000,0.000000,0.000000,-0.000808,2.171733
29280.0,0.000000,0.000559,0.000000,-0.000607,3.742913,0.000000,0.000000,0.000000,0.000000,2.171733
29290.0,0.000000,0.001270,0.000000,0.001523,3.742913,0.000000,0.000000,0.000000,0.000000,2.171733
29300.0,0.000000,0.000641,0.000000,0.000306,3.742913,0.000000,0.000000,0.000000,-0.000804,2.171733
29310.0,0.000000,-0.000096,0.000000,0.000000,3.742913,0.000000,0.000000,0.000000,0.000000,2.171733
29320.0,0.000000,-0.000998,0.000000,-0.000304,3.742913,0.000000,0.000000,0.000000,-0.000804,2.171733
29330.0,0.000000,-0.000998,0.000000,0.000610,3.742913,0.000000,0.000000,0.000000,0.000808,2.171733
29340.0,0.000000,-0.000096,0.000000,0.000304,3.742913,0.000000,0.000000,0.000000,0.000004,2.171733
29350.0,0.000000,0.000641,0.000000,0.000610,3.742913,0.000000,0.000000,0.000000,-0.000804,2.171733
29360.0,0.000000,0.001270,0.000000,-0.000306,3.742913,0.000000,0.000000,0.000000,0.000004,2.171733
29370.0,0.000000,0.000559,0.000000,0.000000,3.742913,0.000000,0.000000,0.000000,0.000000,2.171733
29380.0,0.000000,-0.000342,0.000000,0.000610,3.742913,0.000000,0.000000,0.000000,-0.000799,2.171733
29390.0,0.000000,-0.001080,0.000000,0.000610,3.742913,0.000000,0.000000,0.000000,0.000000,2.171733
29400.0,0.000000,-0.000752,0.000000,-0.000304,3.742913,0.000000,0.000000,0.000000,-0.002415,2.171733
29410.0,0.000000,-0.000014,0.000000,0.000610,3.742913,0.000000,0.000000,0.000000,0.000799,2.171733
29420.0,0.000000,0.000887,0.000000,-0.000610,3.742913,0.000000,0.000000,0.000000,0.000000,2.171733
29430.0,0.000000,0.001215,0.000000,0.000000,3.742913,0.000000,0.000000,0.000000,-0.001612,2.171733
29440.0,0.000000,0.000313,0.000000,0.000000,3.742913,0.000000,0.000000,0.000000,0.000004,2.171733
29450.0,0.000000,-0.000424,0.000000,0.000000,3.742913,0.000000,0.000000,0.000000,-0.000808,2.171733
29460.0,0.000000,-0.001244,0.000000,-0.000610,3.742913,0.000000,0.000000,0.000000,-0.001607,2.171733
29470.0,0.000000,-0.000670,0.000000,-0.000610,3.742913,0.000000,0.000000,0.000000,0.000000,2.171733
29480.0,0.000000,0.000231,0.000000,0.000000,3.742913,0.000000,0.000000,0.000000,0.000808,2.171733
29490.0,0.000000,0.000969,0.000000,-0.001220,3.742913,0.000000,0.000000,0.000000,0.000000,2.171733
29500.0,0.000000,0.000969,0.000000,-0.000914,3.742913,0.000000,0.000000,0.000000,0.000004,2.171733
29510.0,0.000000,0.000231,0.000000,-0.002133,3.742913,0.000000,0.000000,0.000000,-0.000804,2.171733
29520.0,0.000000,-0.000670,0.000000,0.000000,3.742913,0.000000,0.000000,0.000000,0.000000,2.171733
29530.0,0.000000,-0.001244,0.000000,0.000000,3.742913,0.000000,0.000000,0.000000,0.000000,2.171733
29540.0,0.000000,-0.000424,0.000000,0.000000,3.742913,0.000000,0.000000,0.000000,-0.000804,2.171733
29550.0,0.000000,0.000313,0.000000,0.000306,3.742913,0.000000,0.000000,0.000000,0.000004,2.171733
29560.0,0.000000,0.001215,0.000000,0.000610,3.742913,0.000000,0.000000,0.000000,0.000004,2.171733
29570.0,0.000000,0.000887,0.000000,0.000000,3.742913,0.000000,0.000000,0.000000,0.000000,2.171733
29580.0,0.000000,-0.000014,0.000000,0.000306,3.742913,0.000000,0.000000,0.000000,-0.000804,2.171733
29590.0,0.000000,-0.000752,0.000000,0.000304,3.742913,0.000000,0.000000,0.000000,-0.000804,2.171733
29600.0,0.000000,-0.001080,0.000000,0.000306,3.742913,0.000000,0.000000,0.000000,-0.000808,2.171733
29610.0,0.000000,-0.000342,0.000000,0.000000,3.742913,0.000000,0.000000,0.000000,0.000000,2.171733
29620.0,0.000000,0.000559,0.000000,-0.000610,3.742913,0.000000,0.000000,0.000000,-0.000804,2.171733
29630.0,0.000000,0.001270,0.000000,-0.000610,3.742913,0.000000,0.000000,0.000000,0.000000,2.171733
29640.0,0.000000,0.000641,0.000000,-0.000304,3.742913,0.000000,0.000000,0.000000,0.000808,2.171733
29650.0,0.000000,-0.000096,0.000000,-0.000304,3.742913,0.000000,0.000000,0.000000,0.001607,2.171733
29660.0,0.000000,-0.000998,0.000000,0.000610,3.742913,0.000000,0.000000,0.000000,-0.000804,2.171733
29670.0,0.000000,-0.000998,0.000000,0.000000,3.742913,0.000000,0.000000,0.000000,-0.000804,2.171733
29680.0,0.000000,-0.000096,0.000000,0.000914,3.742913,0.000000,0.000000,0.000000,-0.000804,2.171733
29690.0,0.000000,0.000641,0.000000,0.000306,3.742913,0.000000,0.000000,0.000000,-0.001612,2.171733
29700.0,0.000000,0.001270,0.000000,-0.000607,3.742913,0.000000,0.000000,0.000000,-0.000804,2.171733
29710.0,0.000000,0.000559,0.000000,0.000000,3.742913,0.000000,0.000000,0.000000,-0.000804,2.171733
29720.0,0.000000,-0.000342,0.000000,0.000000,3.742913,0.000000,0.000000,0.000000,0.001616,2.171733
29730.0,0.000000,-0.001080,0.000000,-0.000914,3.742913,0.000000,0.000000,0.000000,0.000804,2.171733
29740.0,0.000000,-0.000752,0.000000,0.000306,3.742913,0.000000,0.000000,0.000000,-0.000799,2.171733
29750.0,0.000000,-0.000014,0.000000,-0.000610,3.742913,0.000000,0.000000,0.000000,0.000808,2.171733
29760.0,0.000000,0.000887,0.000000,0.000610,3.742913,0.000000,0.000000,0.000000,-0.002415,2.171733
29770.0,0.000000,0.001215,0.000000,0.000000,3.742913,0.000000,0.000000,0.000000,0.002415,2.171733
29780.0,0.000000,0.000313,0.000000,0.000304,3.742913,0.000000,0.000000,0.000000,0.000000,2.171733
29790.0,0.000000,-0.000424,0.000000,0.000000,3.742913,0.000000,0.000000,0.000000,0.000000,2.171733
29800.0,0.000000,-0.001244,0.000000,0.000610,3.742913,0.000000,0.000000,0.000000,-0.000804,2.171733
29810.0,0.000000,-0.000670,0.000000,-0.000914,3.742913,0.000000,0.000000,0.000000,0.000804,2.171733
29820.0,0.000000,0.000231,0.000000,0.000304,3.742913,0.000000,0.000000,0.000000,-0.001607,2.171733
29830.0,0.000000,0.000969,0.000000,0.000000,3.742913,0.000000,0.000000,0.000000,0.000804,2.171733
29840.0,0.000000,0.000969,0.000000,-0.000610,3.742913,0.000000,0.000000,0.000000,0.000000,2.171733
29850.0,0.000000,0.000231,0.000000,-0.000914,3.742913,0.000000,0.000000,0.000000,0.000000,2.171733
29860.0,0.000000,-0.000670,0.000000,0.000914,3.742913,0.000000,0.000000,0.000000,-0.001607,2.171733
29870.0,0.000000,-0.001244,0.000000,0.000000,3.742913,0.000000,0.000000,0.000000,0.000804,2.171733
29880.0,0.000000,-0.000424,0.000000,0.000000,3.742913,0.000000,0.000000,0.000000,-0.000804,2.171733
29890.0,0.000000,0.000313,0.000000,-0.000304,3.742913,0.000000,0.000000,0.000000,0.000000,2.171733
29900.0,0.000000,0.001215,0.000000,0.000000,3.742913,0.000000,0.000000,0.000000,-0.001607,2.171733
29910.0,0.000000,0.000887,0.000000,0.000000,3.742913,0.000000,0.000000,0.000000,-0.000808,2.171733
29920.0,0.000000,-0.000014,0.000000,-0.000304,3.742913,0.000000,0.000000,0.000000,0.000000,2.171733
29930.0,0.000000,-0.000752,0.000000,0.000000,3.742913,0.000000,0.000000,0.000000,0.000000,2.171733
29940.0,0.000000,-0.001080,0.000000,0.000000,3.742913,0.000000,0.000000,0.000000,-0.000804,2.171733
29950.0,0.000000,-0.000342,0.000000,0.000000,3.742913,0.000000,0.000000,0.000000,-0.000808,2.171733
29960.0,0.000000,0.000559,0.000000,0.000000,3.742913,0.000000,0.000000,0.000000,0.000808,2.171733
29970.0,0.000000,0.001270,0.000000,0.000610,3.742913,0.000000,0.000000,0.000000,0.002420,2.171733
29980.0,0.000000,0.000641,0.000000,-0.000304,3.742913,0.000000,0.000000,0.000000,0.000004,2.171733
29990.0,0.000000,-0.000096,0.000000,-0.000610,3.742913,0.000000,0.000000,0.000000,0.002415,2.171733
30000.0,0.000000,-0.000998,0.000000,0.000000,3.742913,0.000000,0.000000,0.000000,0.000000,2.171733
30010.0,0.000000,-0.000998,0.000000,0.000304,3.742913,0.000000,0.000000,0.000000,0.001612,2.171733
30020.0,0.000000,-0.000096,0.000000,0.000306,3.742913,0.000000,0.000000,0.000000,-0.000804,2.171733
30030.0,0.000000,0.000641,0.000000,0.000610,3.742913,0.000000,0.000000,0.000000,0.004027,2.171733
30040.0,0.000000,0.001270,0.000000,-0.000304,3.742913,0.000000,0.000000,0.000000,0.000004,2.171733
30050.0,0.000000,0.000559,0.000000,0.000000,3.742913,0.000000,0.000000,0.000000,0.000808,2.171733
30060.0,0.000000,-0.000342,0.000000,-0.000304,3.742913,0.000000,0.000000,0.000000,-0.002415,2.171733
30070.0,0.000000,-0.001080,0.000000,-0.000304,3.742913,0.000000,0.000000,0.000000,0.000000,2.171733
30080.0,0.000000,-0.000752,0.000000,0.000002,3.742913,0.000000,0.000000,0.000000,-0.000804,2.171733
30090.0,0.000000,-0.000014,0.000000,0.000610,3.742913,0.000000,0.000000,0.000000,-0.000808,2.171733
30100.0,0.000000,0.000887,0.000000,0.000000,3.742913,0.000000,0.000000,0.000000,0.000000,2.171733
30110.0,0.000000,0.001215,0.000000,-0.000610,3.742913,0.000000,0.000000,0.000000,0.000000,2.171733
30120.0,0.000000,0.000313,0.000000,0.000000,3.742913,0.000000,0.000000,0.000000,-0.000808,2.171733
30130.0,0.000000,-0.000424,0.000000,0.000304,3.742913,0.000000,0.000000,0.000000,0.000000,2.171733
30140.0,0.000000,-0.001244,0.000000,0.000000,3.742913,0.000000,0.000000,0.000000,-0.001612,2.171733
30150.0,0.000000,-0.000670,0.000000,-0.000610,3.742913,0.000000,0.000000,0.000000,0.000000,2.171733
30160.0,0.000000,0.000231,0.000000,0.000610,3.742913,0.000000,0.000000,0.000000,0.000004,2.171733
30170.0,0.000000,0.000969,0.000000,0.000610,3.742913,0.000000,0.000000,0.000000,-0.000804,2.171733
30180.0,0.000000,0.000969,0.000000,-0.000610,3.742913,0.000000,0.000000,0.000000,0.000000,2.171733
30190.0,0.000000,0.000231,0.000000,0.000000,3.742913,0.000000,0.000000,0.000000,0.000000,2.171733
30200.0,0.000000,-0.000670,0.000000,-0.001220,3.742913,0.000000,0.000000,0.000000,-0.000804,2.171733
30210.0,0.000000,-0.001244,0.000000,0.000610,3.742913,0.000000,0.000000,0.000000,-0.000804,2.171733
30220.0,0.000000,-0.000424,0.000000,-0.000607,3.742913,0.000000,0.000000,0.000000,0.000004,2.171733
30230.0,0.000000,0.000313,0.000000,0.000304,3.742913,0.000000,0.000000,0.000000,0.000000,2.171733
30240.0,0.000000,0.001215,0.000000,-0.000914,3.742913,0.000000,0.000000,0.000000,0.000808,2.171733
30250.0,0.000000,0.000887,0.000000,0.000000,3.742913,0.000000,0.000000,0.000000,0.000000,2.171733
30260.0,0.000000,-0.000014,0.000000,0.000610,3.742913,0.000000,0.000000,0.000000,0.004023,2.171733
30270.0,0.000000,-0.000752,0.000000,0.000000,3.742913,0.000000,0.000000,0.000000,-0.000804,2.171733
30280.0,0.000000,-0.001080,0.000000,-0.000610,3.742913,0.000000,0.000000,0.000000,0.000808,2.171733
30290.0,0.000000,-0.000342,0.000000,0.000000,3.742913,0.000000,0.000000,0.000000,0.000000,2.171733
30300.0,0.000000,0.000559,0.000000,0.000000,3.742913,0.000000,0.000000,0.000000,-0.000799,2.171733
30310.0,0.000000,0.001270,0.000000,-0.000610,3.742913,0.000000,0.000000,0.000000,-0.000804,2.171733
30320.0,0.000000,0.000641,0.000000,0.000610,3.742913,0.000000,0.000000,0.000000,0.000000,2.171733
30330.0,0.000000,-0.000096,0.000000,0.000610,3.742913,0.000000,0.000000,0.000000,0.000804,2.171733
30340.0,0.000000,-0.000998,0.000000,0.000000,3.742913,0.000000,0.000000,0.000000,0.000004,2.171733
30350.0,0.000000,-0.000998,0.000000,0.000000,3.742913,0.000000,0.000000,0.000000,-0.000804,2.171733
30360.0,0.000000,-0.000096,0.000000,0.000000,3.742913,0.000000,0.000000,0.000000,-0.001607,2.171733
30370.0,0.000000,0.000641,0.000000,0.000304,3.742913,0.000000,0.000000,0.000000,0.000000,2.171733
30380.0,0.000000,0.001270,0.000000,0.000000,3.742913,0.000000,0.000000,0.000000,0.000808,2.171733
30390.0,0.000000,0.000559,0.000000,0.000000,3.742913,0.000000,0.000000,0.000000,-0.000804,2.171733
30400.0,0.000000,-0.000260,0.000000,0.000000,3.742913,0.000000,0.000000,0.000000,0.004827,2.171733
30410.0,0.000000,-0.001162,0.000000,0.000610,3.742913,0.000000,0.000000,0.000000,0.000000,2.171733
30420.0,0.000000,-0.000834,0.000000,0.000610,3.742913,0.000000,0.000000,0.000000,0.000000,2.171733
30430.0,0.000000,0.000068,0.000000,-0.000304,3.742913,0.000000,0.000000,0.000000,0.000000,2.171733
30440.0,0.000000,0.000805,0.000000,0.001220,3.742913,0.000000,0.000000,0.000000,0.000000,2.171733
30450.0,0.000000,0.001133,0.000000,0.001217,3.742913,0.000000,0.000000,0.000000,0.003215,2.171733
30460.0,0.000000,0.000395,0.000000,0.000000,3.742913,0.000000,0.000000,0.000000,0.000804,2.171733
30470.0,0.000000,-0.000506,0.000000,-0.000304,3.742913,0.000000,0.000000,0.000000,0.000808,2.171733
30480.0,0.000000,-0.001217,0.000000,0.000000,3.742913,0.000000,0.000000,0.000000,0.000808,2.171733
30490.0,0.000000,-0.000588,0.000000,0.000000,3.742913,0.000000,0.000000,0.000000,0.000000,2.171733
30500.0,0.000000,0.000150,0.000000,0.000610,3.742913,0.000000,0.000000,0.000000,0.000000,2.171733
30510.0,0.000000,0.001051,0.000000,-0.000914,3.742913,0.000000,0.000000,0.000000,0.000812,2.171733
30520.0,0.000000,0.001051,0.000000,0.000000,3.742913,0.000000,0.000000,0.000000,0.000000,2.171733
30530.0,0.000000,0.000150,0.000000,0.000306,3.742913,0.000000,0.000000,0.000000,-0.001607,2.171733
30540.0,0.000000,-0.000588,0.000000,-0.000306,3.742913,0.000000,0.000000,0.000000,0.000000,2.171733
30550.0,0.000000,-0.001217,0.000000,-0.000610,3.742913,0.000000,0.000000,0.000000,0.000808,2.171733
30560.0,0.000000,-0.000506,0.000000,-0.000304,3.742913,0.000000,0.000000,0.000000,0.000000,2.171733
30570.0,0.000000,0.000395,0.000000,0.000000,3.742913,0.000000,0.000000,0.000000,0.000000,2.171733
30580.0,0.000000,0.001133,0.000000,0.000304,3.742913,0.000000,0.000000,0.000000,0.000004,2.171733
30590.0,0.000000,0.000805,0.000000,-0.000304,3.742913,0.000000,0.000000,0.000000,-0.001612,2.171733
30600.0,0.000000,0.000068,0.000000,0.000000,3.742913,0.000000,0.000000,0.000000,0.000000,2.171733
30610.0,0.000000,-0.000834,0.000000,0.000000,3.742913,0.000000,0.000000,0.000000,0.000004,2.171733
30620.0,0.000000,-0.001162,0.000000,-0.000610,3.742913,0.000000,0.000000,0.000000,0.001607,2.171733
30630.0,0.000000,-0.000260,0.000000,-0.000306,3.742913,0.000000,0.000000,0.000000,0.001612,2.171733
30640.0,0.000000,0.000477,0.000000,0.000304,3.742913,0.000000,0.000000,0.000000,-0.000804,2.171733
30650.0,0.000000,0.001297,0.000000,0.000000,3.742913,0.000000,0.000000,0.000000,0.000808,2.171733
30660.0,0.000000,0.000723,0.000000,-0.000610,3.742913,0.000000,0.000000,0.000000,0.000000,2.171733
30670.0,0.000000,-0.000178,0.000000,0.000914,3.742913,0.000000,0.000000,0.000000,0.001612,2.171733
30680.0,0.000000,-0.000916,0.000000,0.000610,3.742913,0.000000,0.000000,0.000000,0.000000,2.171733
30690.0,0.000000,-0.000916,0.000000,0.000610,3.742913,0.000000,0.000000,0.000000,0.001612,2.171733
30700.0,0.000000,-0.000178,0.000000,-0.000304,3.742913,0.000000,0.000000,0.000000,0.000804,2.171733
30710.0,0.000000,0.000723,0.000000,0.000000,3.742913,0.000000,0.000000,0.000000,0.000004,2.171733
30720.0,0.000000,0.001297,0.000000,-0.000306,3.742913,0.000000,0.000000,0.000000,-0.000804,2.171733
30730.0,0.000000,0.000477,0.000000,0.000000,3.742913,0.000000,0.000000,0.000000,0.003232,2.171733
30740.0,0.000000,-0.000260,0.000000,0.000306,3.742913,0.000000,0.000000,0.000000,0.000812,2.171733
30750.0,0.000000,-0.001162,0.000000,0.000610,3.742913,0.000000,0.000000,0.000000,0.000004,2.171733
30760.0,0.000000,-0.000834,0.000000,0.000000,3.742913,0.000000,0.000000,0.000000,-0.000808,2.171733
30770.0,0.000000,0.000068,0.000000,-0.000304,3.742913,0.000000,0.000000,0.000000,0.000004,2.171733
30780.0,0.000000,0.000805,0.000000,0.000000,3.742913,0.000000,0.000000,0.000000,0.000000,2.171733
30790.0,0.000000,0.001133,0.000000,0.000000,3.742913,0.000000,0.000000,0.000000,-0.000808,2.171733
30800.0,0.000000,0.000395,0.000000,0.000000,3.742913,0.000000,0.000000,0.000000,0.000000,2.171733
30810.0,0.000000,-0.000506,0.000000,0.000000,3.742913,0.000000,0.000000,0.000000,0.000808,2.171733
30820.0,0.000000,-0.001217,0.000000,0.000000,3.742913,0.000000,0.000000,0.000000,-0.000808,2.171733
30830.0,0.000000,-0.000588,0.000000,-0.000610,3.742913,0.000000,0.000000,0.000000,0.000812,2.171733
30840.0,0.000000,0.000150,0.000000,0.000000,3.742913,0.000000,0.000000,0.000000,0.000804,2.171733
30850.0,0.000000,0.001051,0.000000,0.000306,3.742913,0.000000,0.000000,0.000000,0.000000,2.171733
30860.0,0.000000,0.001051,0.000000,0.000304,3.742913,0.000000,0.000000,0.000000,0.001607,2.171733
30870.0,0.000000,0.000150,0.000000,0.000000,3.742913,0.000000,0.000000,0.000000,0.000000,2.171733
30880.0,0.000000,-0.000588,0.000000,0.000610,3.742913,0.000000,0.000000,0.000000,0.001612,2.171733
30890.0,0.000000,-0.001217,0.000000,-0.001523,3.742913,0.000000,0.000000,0.000000,0.002428,2.171733
30900.0,0.000000,-0.000506,0.000000,0.000304,3.742913,0.000000,0.000000,0.000000,-0.000808,2.171733
30910.0,0.000000,0.000395,0.000000,0.000610,3.742913,0.000000,0.000000,0.000000,0.000004,2.171733
30920.0,0.000000,0.001133,0.000000,0.000000,3.742913,0.000000,0.000000,0.000000,0.000000,2.171733
30930.0,0.000000,0.000805,0.000000,0.000000,3.742913,0.000000,0.000000,0.000000,0.002411,2.171733
30940.0,0.000000,0.000068,0.000000,0.000306,3.742913,0.000000,0.000000,0.000000,-0.000804,2.171733
30950.0,0.000000,-0.000834,0.000000,0.000000,3.742913,0.000000,0.000000,0.000000,0.000000,2.171733
30960.0,0.000000,-0.001162,0.000000,0.000000,3.742913,0.000000,0.000000,0.000000,0.000000,2.171733
30970.0,0.000000,-0.000260,0.000000,-0.000610,3.742913,0.000000,0.000000,0.000000,0.000000,2.171733
30980.0,0.000000,0.000477,0.000000,0.000000,3.742913,0.000000,0.000000,0.000000,0.000000,2.171733
30990.0,0.000000,0.001297,0.000000,0.000306,3.742913,0.000000,0.000000,0.000000,-0.001616,2.171733
31000.0,0.000000,0.000723,0.000000,0.000610,3.742913,0.000000,0.000000,0.000000,0.000000,2.171733
31010.0,0.000000,-0.000178,0.000000,0.001220,3.742913,0.000000,0.000000,0.000000,0.000000,2.171733
31020.0,0.000000,-0.000916,0.000000,0.000610,3.742913,0.000000,0.000000,0.000000,-0.000808,2.171733
31030.0,0.000000,-0.000916,0.000000,0.000000,3.742913,0.000000,0.000000,0.000000,0.000000,2.171733
31040.0,0.000000,-0.000178,0.000000,0.000000,3.742913,0.000000,0.000000,0.000000,0.000000,2.171733
31050.0,0.000000,0.000723,0.000000,0.000610,3.742913,0.000000,0.000000,0.000000,-0.000804,2.171733
31060.0,0.000000,0.001297,0.000000,-0.000914,3.742913,0.000000,0.000000,0.000000,0.000000,2.171733
31070.0,0.000000,0.000477,0.000000,-0.000304,3.742913,0.000000,0.000000,0.000000,0.000000,2.171733
31080.0,0.000000,-0.000260,0.000000,0.000000,3.742913,0.000000,0.000000,0.000000,0.000000,2.171733
31090.0,0.000000,-0.001162,0.000000,0.000000,3.742913,0.000000,0.000000,0.000000,0.000000,2.171733
31100.0,0.000000,-0.000834,0.000000,0.000610,3.742913,0.000000,0.000000,0.000000,0.000000,2.171733
31110.0,0.000000,0.000068,0.000000,-0.000304,3.742913,0.000000,0.000000,0.000000,0.000004,2.171733
31120.0,0.000000,0.000805,0.000000,-0.000607,3.742913,0.000000,0.000000,0.000000,0.000000,2.171733
31130.0,0.000000,0.001133,0.000000,0.000000,3.742913,0.000000,0.000000,0.000000,-0.000804,2.171733
31140.0,0.000000,0.000395,0.000000,0.000000,3.742913,0.000000,0.000000,0.000000,-0.000004,2.171733
31150.0,0.000000,-0.000506,0.000000,0.000000,3.742913,0.000000,0.000000,0.000000,0.000004,2.171733
31160.0,0.000000,-0.001217,0.000000,-0.000304,3.742913,0.000000,0.000000,0.000000,0.001616,2.171733
31170.0,0.000000,-0.000588,0.000000,0.000610,3.742913,0.000000,0.000000,0.000000,0.000000,2.171733
31180.0,0.000000,0.000150,0.000000,0.000000,3.742913,0.000000,0.000000,0.000000,0.003228,2.171733
31190.0,0.000000,0.001051,0.000000,-0.000306,3.742913,0.000000,0.000000,0.000000,0.000000,2.171733
31200.0,0.000000,0.001051,0.000000,0.000610,3.742913,0.000000,0.000000,0.000000,0.000000,2.171733
31210.0,0.000000,0.000150,0.000000,0.000000,3.742913,0.000000,0.000000,0.000000,0.000808,2.171733
31220.0,0.000000,-0.000588,0.000000,0.000610,3.742913,0.000000,0.000000,0.000000,0.000000,2.171733
31230.0,0.000000,-0.001217,0.000000,-0.000304,3.742913,0.000000,0.000000,0.000000,0.000808,2.171733
31240.0,0.000000,-0.000506,0.000000,-0.000610,3.742913,0.000000,0.000000,0.000000,0.000000,2.171733
31250.0,0.000000,0.000313,0.000000,0.000914,3.742913,0.000000,0.000000,0.000000,0.000000,2.171733
31260.0,0.000000,0.001215,0.000000,0.000000,3.742913,0.000000,0.000000,0.000000,0.000808,2.171733
31270.0,0.000000,0.000887,0.000000,0.000916,3.742913,0.000000,0.000000,0.000000,0.001616,2.171733
31280.0,0.000000,-0.000014,0.000000,0.000304,3.742913,0.000000,0.000000,0.000000,0.000812,2.171733
31290.0,0.000000,-0.000752,0.000000,-0.000610,3.742913,0.000000,0.000000,0.000000,0.000799,2.171733
31300.0,0.000000,-0.001080,0.000000,-0.000304,3.742913,0.000000,0.000000,0.000000,-0.001607,2.171733
31310.0,0.000000,-0.000342,0.000000,0.000610,3.742913,0.000000,0.000000,0.000000,0.000804,2.171733
31320.0,0.000000,0.000559,0.000000,0.000306,3.742913,0.000000,0.000000,0.000000,-0.001607,2.171733
31330.0,0.000000,0.001270,0.000000,-0.000002,3.742913,0.000000,0.000000,0.000000,0.000000,2.171733
31340.0,0.000000,0.000641,0.000000,0.000610,3.742913,0.000000,0.000000,0.000000,0.000004,2.171733
31350.0,0.000000,-0.000096,0.000000,0.000000,3.742913,0.000000,0.000000,0.000000,-0.000804,2.171733
31360.0,0.000000,-0.000998,0.000000,0.000000,3.742913,0.000000,0.000000,0.000000,0.004839,2.171733
31370.0,0.000000,-0.000998,0.000000,0.000000,3.742913,0.000000,0.000000,0.000000,0.002415,2.171733
31380.0,0.000000,-0.000096,0.000000,-0.000306,3.742913,0.000000,0.000000,0.000000,0.000808,2.171733
31390.0,0.000000,0.000641,0.000000,0.000610,3.742913,0.000000,0.000000,0.000000,0.000000,2.171733
31400.0,0.000000,0.001270,0.000000,-0.000304,3.742913,0.000000,0.000000,0.000000,0.000808,2.171733
31410.0,0.000000,0.000559,0.000000,-0.000304,3.742913,0.000000,0.000000,0.000000,-0.000808,2.171733
31420.0,0.000000,-0.000342,0.000000,-0.000610,3.742913,0.000000,0.000000,0.000000,0.000808,2.171733
31430.0,0.000000,-0.001080,0.000000,0.000000,3.742913,0.000000,0.000000,0.000000,0.000000,2.171733
31440.0,0.000000,-0.000752,0.000000,0.000914,3.742913,0.000000,0.000000,0.000000,0.000000,2.171733
31450.0,0.000000,-0.000014,0.000000,0.000610,3.742913,0.000000,0.000000,0.000000,0.000804,2.171733
31460.0,0.000000,0.000887,0.000000,-0.000304,3.742913,0.000000,0.000000,0.000000,-0.000808,2.171733
31470.0,0.000000,0.001215,0.000000,-0.000304,3.742913,0.000000,0.000000,0.000000,-0.001607,2.171733
31480.0,0.000000,0.000313,0.000000,-0.000304,3.742913,0.000000,0.000000,0.000000,0.000004,2.171733
31490.0,0.000000,-0.000424,0.000000,-0.000914,3.742913,0.000000,0.000000,0.000000,0.000000,2.171733
31500.0,0.000000,-0.001244,0.000000,-0.000914,3.742913,0.000000,0.000000,0.000000,-0.000808,2.171733
31510.0,0.000000,-0.000670,0.000000,0.001220,3.742913,0.000000,0.000000,0.000000,0.000808,2.171733
31520.0,0.000000,0.000231,0.000000,0.000914,3.742913,0.000000,0.000000,0.000000,0.000808,2.171733
31530.0,0.000000,0.000969,0.000000,-0.000306,3.742913,0.000000,0.000000,0.000000,-0.000804,2.171733
31540.0,0.000000,0.000969,0.000000,0.000000,3.742913,0.000000,0.000000,0.000000,0.000004,2.171733
31550.0,0.000000,0.000231,0.000000,-0.000304,3.742913,0.000000,0.000000,0.000000,0.000804,2.171733
31560.0,0.000000,-0.000670,0.000000,0.000000,3.742913,0.000000,0.000000,0.000000,0.000004,2.171733
31570.0,0.000000,-0.001244,0.000000,-0.000610,3.742913,0.000000,0.000000,0.000000,-0.000804,2.171733
31580.0,0.000000,-0.000424,0.000000,0.000000,3.742913,0.000000,0.000000,0.000000,-0.000804,2.171733
31590.0,0.000000,0.000313,0.000000,0.000000,3.742913,0.000000,0.000000,0.000000,-0.000804,2.171733
31600.0,0.000000,0.001215,0.000000,0.000000,3.742913,0.000000,0.000000,0.000000,0.001612,2.171733
31610.0,0.000000,0.000887,0.000000,0.000000,3.742913,0.000000,0.000000,0.000000,-0.000804,2.171733
31620.0,0.000000,-0.000014,0.000000,0.000000,3.742913,0.000000,0.000000,0.000000,0.000808,2.171733
31630.0,0.000000,-0.000752,0.000000,0.000000,3.742913,0.000000,0.000000,0.000000,0.000804,2.171733
31640.0,0.000000,-0.001080,0.000000,0.000607,3.742913,0.000000,0.000000,0.000000,0.000004,2.171733
31650.0,0.000000,-0.000342,0.000000,0.000000,3.742913,0.000000,0.000000,0.000000,0.000804,2.171733
31660.0,0.000000,0.000559,0.000000,-0.000610,3.742913,0.000000,0.000000,0.000000,0.000004,2.171733
31670.0,0.000000,0.001270,0.000000,0.001521,3.742913,0.000000,0.000000,0.000000,-0.000804,2.171733
31680.0,0.000000,0.000723,0.000000,0.000000,3.742913,0.000000,0.000000,0.000000,0.000808,2.171733
31690.0,0.000000,-0.000178,0.000000,0.000000,3.742913,0.000000,0.000000,0.000000,-0.000804,2.171733
31700.0,0.000000,-0.000916,0.000000,0.000000,3.742913,0.000000,0.000000,0.000000,0.003232,2.171733
31710.0,0.000000,-0.000916,0.000000,-0.000610,3.742913,0.000000,0.000000,0.000000,-0.000804,2.171733
31720.0,0.000000,-0.000178,0.000000,0.000000,3.742913,0.000000,0.000000,0.000000,0.000804,2.171733
31730.0,0.000000,0.000723,0.000000,-0.000304,3.742913,0.000000,0.000000,0.000000,-0.000804,2.171733
31740.0,0.000000,0.001297,0.000000,-0.000304,3.742913,0.000000,0.000000,0.000000,0.000000,2.171733
31750.0,0.000000,0.000477,0.000000,0.000000,3.742913,0.000000,0.000000,0.000000,0.000004,2.171733
31760.0,0.000000,-0.000260,0.000000,-0.000607,3.742913,0.000000,0.000000,0.000000,0.000804,2.171733
31770.0,0.000000,-0.001162,0.000000,-0.000304,3.742913,0.000000,0.000000,0.000000,0.000004,2.171733
31780.0,0.000000,-0.000834,0.000000,0.000000,3.742913,0.000000,0.000000,0.000000,0.000804,2.171733
31790.0,0.000000,0.000068,0.000000,-0.000914,3.742913,0.000000,0.000000,0.000000,0.000812,2.171733
31800.0,0.000000,0.000805,0.000000,-0.000306,3.742913,0.000000,0.000000,0.000000,-0.000004,2.171733
31810.0,0.000000,0.001133,0.000000,0.000306,3.742913,0.000000,0.000000,0.000000,0.000000,2.171733
31820.0,0.000000,0.000395,0.000000,0.000000,3.742913,0.000000,0.000000,0.000000,-0.001612,2.171733
31830.0,0.000000,-0.000506,0.000000,-0.000914,3.742913,0.000000,0.000000,0.000000,0.000004,2.171733
31840.0,0.000000,-0.001217,0.000000,0.000000,3.742913,0.000000,0.000000,0.000000,0.002415,2.171733
31850.0,0.000000,-0.000588,0.000000,-0.000304,3.742913,0.000000,0.000000,0.000000,0.000812,2.171733
31860.0,0.000000,0.000150,0.000000,0.000000,3.742913,0.000000,0.000000,0.000000,0.000000,2.171733
31870.0,0.000000,0.001051,0.000000,-0.000610,3.742913,0.000000,0.000000,0.000000,0.000808,2.171733
31880.0,0.000000,0.001051,0.000000,0.000000,3.742913,0.000000,0.000000,0.000000,0.000000,2.171733
31890.0,0.000000,0.000150,0.000000,-0.000304,3.742913,0.000000,0.000000,0.000000,-0.000804,2.171733
31900.0,0.000000,-0.000588,0.000000,0.000000,3.742913,0.000000,0.000000,0.000000,0.002424,2.171733
31910.0,0.000000,-0.001217,0.000000,-0.000304,3.742913,0.000000,0.000000,0.000000,0.000004,2.171733
31920.0,0.000000,-0.000506,0.000000,0.000306,3.742913,0.000000,0.000000,0.000000,0.000000,2.171733
31930.0,0.000000,0.000395,0.000000,0.000000,3.742913,0.000000,0.000000,0.000000,0.000812,2.171733
31940.0,0.000000,0.001133,0.000000,0.000610,3.742913,0.000000,0.000000,0.000000,0.000000,2.171733
31950.0,0.000000,0.000805,0.000000,0.000610,3.742913,0.000000,0.000000,0.000000,0.000004,2.171733
31960.0,0.000000,0.000068,0.000000,0.000304,3.742913,0.000000,0.000000,0.000000,0.000000,2.171733
31970.0,0.000000,-0.000834,0.000000,0.000304,3.742913,0.000000,0.000000,0.000000,0.000808,2.171733
31980.0,0.000000,-0.001162,0.000000,0.000914,3.742913,0.000000,0.000000,0.000000,0.000000,2.171733
31990.0,0.000000,-0.000260,0.000000,0.000610,3.742913,0.000000,0.000000,0.000000,0.000808,2.171733
32000.0,0.000000,0.000477,0.000000,-0.000306,3.742913,0.000000,0.000000,0.000000,-0.000799,2.171733
32010.0,0.000000,0.001297,0.000000,0.000000,3.742913,0.000000,0.000000,0.000000,-0.001612,2.171733
32020.0,0.000000,0.000723,0.000000,0.000000,3.742913,0.000000,0.000000,0.000000,0.000000,2.171733
32030.0,0.000000,-0.000178,0.000000,0.000610,3.742913,0.000000,0.000000,0.000000,0.000808,2.171733
32040.0,0.000000,-0.000916,0.000000,0.000000,3.742913,0.000000,0.000000,0.000000,0.000804,2.171733
32050.0,0.000000,-0.000916,0.000000,0.000000,3.742913,0.000000,0.000000,0.000000,-0.000804,2.171733
32060.0,0.000000,-0.000178,0.000000,0.000000,3.742913,0.000000,0.000000,0.000000,0.001612,2.171733
32070.0,0.000000,0.000723,0.000000,0.000610,3.742913,0.000000,0.000000,0.000000,-0.000804,2.171733
32080.0,0.000000,0.001297,0.000000,-0.000610,3.742913,0.000000,0.000000,0.000000,0.000000,2.171733
32090.0,0.000000,0.000477,0.000000,-0.000304,3.742913,0.000000,0.000000,0.000000,0.000000,2.171733
32100.0,0.000000,-0.000260,0.000000,0.000000,3.742913,0.000000,0.000000,0.000000,-0.000808,2.171733
32110.0,0.000000,-0.001162,0.000000,-0.000304,3.742913,0.000000,0.000000,0.000000,0.000004,2.171733
32120.0,0.000000,-0.000834,0.000000,0.000914,3.742913,0.000000,0.000000,0.000000,-0.000808,2.171733
32130.0,0.000000,0.000068,0.000000,0.000607,3.742913,0.000000,0.000000,0.000000,-0.000804,2.171733
32140.0,0.000000,0.000805,0.000000,-0.000610,3.742913,0.000000,0.000000,0.000000,-0.000808,2.171733
32150.0,0.000000,0.001133,0.000000,0.001220,3.742913,0.000000,0.000000,0.000000,-0.001607,2.171733
32160.0,0.000000,0.000395,0.000000,0.000000,3.742913,0.000000,0.000000,0.000000,0.000808,2.171733
32170.0,0.000000,-0.000506,0.000000,0.000000,3.742913,0.000000,0.000000,0.000000,0.000808,2.171733
32180.0,0.000000,-0.001217,0.000000,0.000610,3.742913,0.000000,0.000000,0.000000,0.000000,2.171733
32190.0,0.000000,-0.000588,0.000000,-0.000304,3.742913,0.000000,0.000000,0.000000,0.000004,2.171733
32200.0,0.000000,0.000150,0.000000,0.000000,3.742913,0.000000,0.000000,0.000000,0.000000,2.171733
32210.0,0.000000,0.001051,0.000000,0.000306,3.742913,0.000000,0.000000,0.000000,0.001616,2.171733
32220.0,0.000000,0.001051,0.000000,-0.000610,3.742913,0.000000,0.000000,0.000000,-0.000808,2.171733
32230.0,0.000000,0.000150,0.000000,0.000000,3.742913,0.000000,0.000000,0.000000,-0.000804,2.171733
32240.0,0.000000,-0.000588,0.000000,-0.000610,3.742913,0.000000,0.000000,0.000000,0.000004,2.171733
32250.0,0.000000,-0.001217,0.000000,-0.000304,3.742913,0.000000,0.000000,0.000000,0.000004,2.171733
32260.0,0.000000,-0.000506,0.000000,-0.000914,3.742913,0.000000,0.000000,0.000000,0.000804,2.171733
32270.0,0.000000,0.000395,0.000000,-0.001220,3.742913,0.000000,0.000000,0.000000,-0.000808,2.171733
32280.0,0.000000,0.001133,0.000000,0.000306,3.742913,0.000000,0.000000,0.000000,0.001612,2.171733
32290.0,0.000000,0.000805,0.000000,0.000000,3.742913,0.000000,0.000000,0.000000,-0.000804,2.171733
32300.0,0.000000,0.000068,0.000000,0.000607,3.742913,0.000000,0.000000,0.000000,0.000808,2.171733
32310.0,0.000000,-0.000834,0.000000,-0.000304,3.742913,0.000000,0.000000,0.000000,0.000808,2.171733
32320.0,0.000000,-0.001162,0.000000,0.000610,3.742913,0.000000,0.000000,0.000000,0.000804,2.171733
32330.0,0.000000,-0.000260,0.000000,0.000000,3.742913,0.000000,0.000000,0.000000,-0.000808,2.171733
32340.0,0.000000,0.000477,0.000000,-0.000304,3.742913,0.000000,0.000000,0.000000,0.000000,2.171733
32350.0,0.000000,0.001297,0.000000,0.000000,3.742913,0.000000,0.000000,0.000000,-0.000799,2.171733
32360.0,0.000000,0.000723,0.000000,0.000304,3.742913,0.000000,0.000000,0.000000,-0.000804,2.171733
32370.0,0.000000,-0.000178,0.000000,0.000000,3.742913,0.000000,0.000000,0.000000,-0.000804,2.171733
32380.0,0.000000,-0.000916,0.000000,0.000000,3.742913,0.000000,0.000000,0.000000,0.000000,2.171733
32390.0,0.000000,-0.000916,0.000000,0.000914,3.742913,0.000000,0.000000,0.000000,-0.000804,2.171733
32400.0,0.000000,-0.000178,0.000000,-0.000610,3.742913,0.000000,0.000000,0.000000,0.000000,2.171733
32410.0,0.000000,0.000723,0.000000,0.000914,3.742913,0.000000,0.000000,0.000000,0.000000,2.171733
32420.0,0.000000,0.001297,0.000000,0.000610,3.742913,0.000000,0.000000,0.000000,-0.001612,2.171733
32430.0,0.000000,0.000477,0.000000,-0.000304,3.742913,0.000000,0.000000,0.000000,0.000004,2.171733
32440.0,0.000000,-0.000260,0.000000,0.000304,3.742913,0.000000,0.000000,0.000000,0.000804,2.171733
32450.0,0.000000,-0.001162,0.000000,-0.000304,3.742913,0.000000,0.000000,0.000000,0.001612,2.171733
32460.0,0.000000,-0.000834,0.000000,-0.000916,3.742913,0.000000,0.000000,0.000000,0.000000,2.171733
32470.0,0.000000,0.000068,0.000000,-0.001220,3.742913,0.000000,0.000000,0.000000,0.000808,2.171733
32480.0,0.000000,0.000805,0.000000,-0.000304,3.742913,0.000000,0.000000,0.000000,0.000000,2.171733
32490.0,0.000000,0.001133,0.000000,0.000000,3.742913,0.000000,0.000000,0.000000,0.000004,2.171733
32500.0,0.000000,0.000395,0.000000,0.000000,3.742913,0.000000,0.000000,0.000000,0.000804,2.171733
32510.0,0.000000,-0.000506,0.000000,-0.000304,3.742913,0.000000,0.000000,0.000000,-0.000799,2.171733
32520.0,0.000000,-0.001217,0.000000,-0.000304,3.742913,0.000000,0.000000,0.000000,0.000000,2.171733
32530.0,0.000000,-0.000670,0.000000,0.000000,3.742913,0.000000,0.000000,0.000000,0.000000,2.171733
32540.0,0.000000,0.000231,0.000000,0.000610,3.742913,0.000000,0.000000,0.000000,0.000808,2.171733
32550.0,0.000000,0.000969,0.000000,0.000306,3.742913,0.000000,0.000000,0.000000,0.000804,2.171733
32560.0,0.000000,0.000969,0.000000,0.000610,3.742913,0.000000,0.000000,0.000000,0.000004,2.171733
32570.0,0.000000,0.000231,0.000000,0.000304,3.742913,0.000000,0.000000,0.000000,-0.000808,2.171733
32580.0,0.000000,-0.000670,0.000000,0.000306,3.742913,0.000000,0.000000,0.000000,0.000808,2.171733
32590.0,0.000000,-0.001244,0.000000,0.000000,3.742913,0.000000,0.000000,0.000000,0.000000,2.171733
32600.0,0.000000,-0.000424,0.000000,0.000000,3.742913,0.000000,0.000000,0.000000,-0.001607,2.171733
32610.0,0.000000,0.000313,0.000000,0.000000,3.742913,0.000000,0.000000,0.000000,0.000000,2.171733
32620.0,0.000000,0.001215,0.000000,0.000000,3.742913,0.000000,0.000000,0.000000,-0.002411,2.171733
32630.0,0.000000,0.000887,0.000000,0.001521,3.742913,0.000000,0.000000,0.000000,0.000000,2.171733
32640.0,0.000000,-0.000014,0.000000,-0.000304,3.742913,0.000000,0.000000,0.000000,-0.000804,2.171733
32650.0,0.000000,-0.000752,0.000000,0.000304,3.742913,0.000000,0.000000,0.000000,-0.000804,2.171733
32660.0,0.000000,-0.001080,0.000000,0.000610,3.742913,0.000000,0.000000,0.000000,-0.000804,2.171733
32670.0,0.000000,-0.000342,0.000000,0.000000,3.742913,0.000000,0.000000,0.000000,0.000000,2.171733
32680.0,0.000000,0.000559,0.000000,-0.000304,3.742913,0.000000,0.000000,0.000000,0.000004,2.171733
32690.0,0.000000,0.001270,0.000000,-0.001220,3.742913,0.000000,0.000000,0.000000,0.000000,2.171733
32700.0,0.000000,0.000641,0.000000,0.000000,3.742913,0.000000,0.000000,0.000000,-0.000804,2.171733
32710.0,0.000000,-0.000096,0.000000,-0.000304,3.742913,0.000000,0.000000,0.000000,-0.000808,2.171733
32720.0,0.000000,-0.000998,0.000000,0.000610,3.742913,0.000000,0.000000,0.000000,0.000004,2.171733
32730.0,0.000000,-0.000998,0.000000,0.000000,3.742913,0.000000,0.000000,0.000000,-0.001607,2.171733
32740.0,0.000000,-0.000096,0.000000,0.000306,3.742913,0.000000,0.000000,0.000000,0.000808,2.171733
32750.0,0.000000,0.000641,0.000000,0.001220,3.742913,0.000000,0.000000,0.000000,0.000000,2.171733
32760.0,0.000000,0.001270,0.000000,0.000000,3.742913,0.000000,0.000000,0.000000,0.000004,2.171733
32770.0,0.000000,0.000559,0.000000,0.000607,3.742913,0.000000,0.000000,0.000000,-0.000808,2.171733
32780.0,0.000000,-0.000342,0.000000,-0.000612,3.742913,0.000000,0.000000,0.000000,0.001616,2.171733
32790.0,0.000000,-0.001080,0.000000,-0.000610,3.742913,0.000000,0.000000,0.000000,0.000000,2.171733
32800.0,0.000000,-0.000752,0.000000,-0.000304,3.742913,0.000000,0.000000,0.000000,-0.001607,2.171733
32810.0,0.000000,-0.000014,0.000000,-0.000304,3.742913,0.000000,0.000000,0.000000,-0.000808,2.171733
32820.0,0.000000,0.000887,0.000000,0.000304,3.742913,0.000000,0.000000,0.000000,0.000000,2.171733
32830.0,0.000000,0.001215,0.000000,0.000610,3.742913,0.000000,0.000000,0.000000,0.000000,2.171733
32840.0,0.000000,0.000313,0.000000,0.000304,3.742913,0.000000,0.000000,0.000000,-0.000804,2.171733
32850.0,0.000000,-0.000424,0.000000,0.000000,3.742913,0.000000,0.000000,0.000000,0.000000,2.171733
32860.0,0.000000,-0.001244,0.000000,0.000000,3.742913,0.000000,0.000000,0.000000,-0.001607,2.171733
32870.0,0.000000,-0.000670,0.000000,0.000000,3.742913,0.000000,0.000000,0.000000,-0.000804,2.171733
32880.0,0.000000,0.000231,0.000000,0.000610,3.742913,0.000000,0.000000,0.000000,0.000000,2.171733
32890.0,0.000000,0.000969,0.000000,0.000610,3.742913,0.000000,0.000000,0.000000,0.000000,2.171733
32900.0,0.000000,0.000969,0.000000,-0.000610,3.742913,0.000000,0.000000,0.000000,-0.001607,2.171733
32910.0,0.000000,0.000231,0.000000,0.000306,3.742913,0.000000,0.000000,0.000000,-0.000808,2.171733
32920.0,0.000000,-0.000670,0.000000,0.000000,3.742913,0.000000,0.000000,0.000000,0.000808,2.171733
32930.0,0.000000,-0.001244,0.000000,-0.000914,3.742913,0.000000,0.000000,0.000000,0.001612,2.171733
32940.0,0.000000,-0.000506,0.000000,-0.000610,3.742913,0.000000,0.000000,0.000000,0.000000,2.171733
32950.0,0.000000,0.000313,0.000000,0.000000,3.742913,0.000000,0.000000,0.000000,-0.000004,2.171733
32960.0,0.000000,0.001215,0.000000,0.000000,3.742913,0.000000,0.000000,0.000000,0.000808,2.171733
32970.0,0.000000,0.000887,0.000000,0.000000,3.742913,0.000000,0.000000,0.000000,-0.000004,2.171733
32980.0,0.000000,-0.000014,0.000000,0.000000,3.742913,0.000000,0.000000,0.000000,-0.001612,2.171733
32990.0,0.000000,-0.000752,0.000000,-0.000610,3.742913,0.000000,0.000000,0.000000,0.000000,2.171733
33000.0,0.000000,-0.001080,0.000000,0.000000,3.742913,0.000000,0.000000,0.000000,-0.000799,2.171733
33010.0,0.000000,-0.000342,0.000000,0.000000,3.742913,0.000000,0.000000,0.000000,-0.001612,2.171733
33020.0,0.000000,0.000559,0.000000,0.000000,3.742913,0.000000,0.000000,0.000000,0.000004,2.171733
33030.0,0.000000,0.001270,0.000000,0.000304,3.742913,0.000000,0.000000,0.000000,0.000000,2.171733
33040.0,0.000000,0.000641,0.000000,0.000610,3.742913,0.000000,0.000000,0.000000,0.001620,2.171733
33050.0,0.000000,-0.000096,0.000000,-0.000306,3.742913,0.000000,0.000000,0.000000,0.000804,2.171733
33060.0,0.000000,-0.000998,0.000000,-0.000304,3.742913,0.000000,0.000000,0.000000,0.000008,2.171733
33070.0,0.000000,-0.000998,0.000000,0.000000,3.742913,0.000000,0.000000,0.000000,0.000000,2.171733
33080.0,0.000000,-0.000096,0.000000,0.000000,3.742913,0.000000,0.000000,0.000000,-0.000804,2.171733
33090.0,0.000000,0.000641,0.000000,0.000304,3.742913,0.000000,0.000000,0.000000,-0.000808,2.171733
33100.0,0.000000,0.001270,0.000000,0.000914,3.742913,0.000000,0.000000,0.000000,-0.000804,2.171733
33110.0,0.000000,0.000559,0.000000,-0.000304,3.742913,0.000000,0.000000,0.000000,-0.000804,2.171733
33120.0,0.000000,-0.000342,0.000000,0.000610,3.742913,0.000000,0.000000,0.000000,0.000004,2.171733
33130.0,0.000000,-0.001080,0.000000,0.000610,3.742913,0.000000,0.000000,0.000000,0.000000,2.171733
33140.0,0.000000,-0.000752,0.000000,0.000000,3.742913,0.000000,0.000000,0.000000,-0.002415,2.171733
33150.0,0.000000,-0.000014,0.000000,-0.000304,3.742913,0.000000,0.000000,0.000000,0.000000,2.171733
33160.0,0.000000,0.000887,0.000000,0.000000,3.742913,0.000000,0.000000,0.000000,-0.000804,2.171733
33170.0,0.000000,0.001215,0.000000,0.000914,3.742913,0.000000,0.000000,0.000000,0.000000,2.171733
33180.0,0.000000,0.000313,0.000000,0.000000,3.742913,0.000000,0.000000,0.000000,-0.000808,2.171733
33190.0,0.000000,-0.000424,0.000000,0.000000,3.742913,0.000000,0.000000,0.000000,0.002411,2.171733
33200.0,0.000000,-0.001244,0.000000,0.000000,3.742913,0.000000,0.000000,0.000000,-0.000799,2.171733
33210.0,0.000000,-0.000670,0.000000,0.000304,3.742913,0.000000,0.000000,0.000000,-0.000808,2.171733
33220.0,0.000000,0.000231,0.000000,0.000304,3.742913,0.000000,0.000000,0.000000,-0.000808,2.171733
33230.0,0.000000,0.000969,0.000000,0.000000,3.742913,0.000000,0.000000,0.000000,-0.001612,2.171733
33240.0,0.000000,0.000969,0.000000,0.000000,3.742913,0.000000,0.000000,0.000000,0.001616,2.171733
33250.0,0.000000,0.000231,0.000000,-0.000914,3.742913,0.000000,0.000000,0.000000,-0.000808,2.171733
33260.0,0.000000,-0.000670,0.000000,0.000000,3.742913,0.000000,0.000000,0.000000,-0.000804,2.171733
33270.0,0.000000,-0.001244,0.000000,0.000000,3.742913,0.000000,0.000000,0.000000,0.000804,2.171733
33280.0,0.000000,-0.000424,0.000000,0.001220,3.742913,0.000000,0.000000,0.000000,0.000004,2.171733
33290.0,0.000000,0.000313,0.000000,0.000000,3.742913,0.000000,0.000000,0.000000,-0.001607,2.171733
33300.0,0.000000,0.001215,0.000000,0.000000,3.742913,0.000000,0.000000,0.000000,0.000000,2.171733
33310.0,0.000000,0.000887,0.000000,0.000610,3.742913,0.000000,0.000000,0.000000,-0.000808,2.171733
33320.0,0.000000,-0.000014,0.000000,0.000000,3.742913,0.000000,0.000000,0.000000,0.000808,2.171733
33330.0,0.000000,-0.000752,0.000000,0.000000,3.742913,0.000000,0.000000,0.000000,0.000804,2.171733
33340.0,0.000000,-0.001080,0.000000,-0.000304,3.742913,0.000000,0.000000,0.000000,-0.001607,2.171733
33350.0,0.000000,-0.000342,0.000000,0.001220,3.742913,0.000000,0.000000,0.000000,0.000000,2.171733
33360.0,0.000000,0.000559,0.000000,0.000610,3.742913,0.000000,0.000000,0.000000,-0.001607,2.171733
33370.0,0.000000,0.001270,0.000000,0.000610,3.742913,0.000000,0.000000,0.000000,-0.000804,2.171733
33380.0,0.000000,0.000641,0.000000,0.000610,3.742913,0.000000,0.000000,0.000000,0.000004,2.171733
33390.0,0.000000,-0.000096,0.000000,0.000304,3.742913,0.000000,0.000000,0.000000,0.000804,2.171733
33400.0,0.000000,-0.000998,0.000000,-0.000304,3.742913,0.000000,0.000000,0.000000,0.000004,2.171733
33410.0,0.000000,-0.000998,0.000000,0.000304,3.742913,0.000000,0.000000,0.000000,0.000000,2.171733
33420.0,0.000000,-0.000096,0.000000,0.000306,3.742913,0.000000,0.000000,0.000000,0.000000,2.171733
33430.0,0.000000,0.000641,0.000000,-0.000610,3.742913,0.000000,0.000000,0.000000,0.000808,2.171733
33440.0,0.000000,0.001270,0.000000,0.000000,3.742913,0.000000,0.000000,0.000000,-0.002411,2.171733
33450.0,0.000000,0.000559,0.000000,0.000610,3.742913,0.000000,0.000000,0.000000,0.000804,2.171733
33460.0,0.000000,-0.000342,0.000000,0.000304,3.742913,0.000000,0.000000,0.000000,-0.000804,2.171733
33470.0,0.000000,-0.001080,0.000000,0.000610,3.742913,0.000000,0.000000,0.000000,0.000000,2.171733
33480.0,0.000000,-0.000752,0.000000,0.000610,3.742913,0.000000,0.000000,0.000000,0.002420,2.171733
33490.0,0.000000,-0.000014,0.000000,0.000000,3.742913,0.000000,0.000000,0.000000,-0.000804,2.171733
33500.0,0.000000,0.000887,0.000000,-0.000607,3.742913,0.000000,0.000000,0.000000,0.000000,2.171733
33510.0,0.000000,0.001215,0.000000,-0.000306,3.742913,0.000000,0.000000,0.000000,0.000000,2.171733
33520.0,0.000000,0.000313,0.000000,0.000000,3.742913,0.000000,0.000000,0.000000,0.000000,2.171733
33530.0,0.000000,-0.000424,0.000000,-0.000304,3.742913,0.000000,0.000000,0.000000,0.000000,2.171733
33540.0,0.000000,-0.001244,0.000000,0.000000,3.742913,0.000000,0.000000,0.000000,0.000812,2.171733
33550.0,0.000000,-0.000670,0.000000,0.000610,3.742913,0.000000,0.000000,0.000000,0.000808,2.171733
33560.0,0.000000,0.000231,0.000000,0.000000,3.742913,0.000000,0.000000,0.000000,-0.000804,2.171733
33570.0,0.000000,0.000969,0.000000,-0.000304,3.742913,0.000000,0.000000,0.000000,-0.000004,2.171733
33580.0,0.000000,0.000969,0.000000,0.000610,3.742913,0.000000,0.000000,0.000000,0.000004,2.171733
33590.0,0.000000,0.000231,0.000000,0.000000,3.742913,0.000000,0.000000,0.000000,0.000008,2.171733
33600.0,0.000000,-0.000670,0.000000,0.000000,3.742913,0.000000,0.000000,0.000000,0.001612,2.171733
33610.0,0.000000,-0.001244,0.000000,-0.000610,3.742913,0.000000,0.000000,0.000000,0.000000,2.171733
33620.0,0.000000,-0.000424,0.000000,-0.000304,3.742913,0.000000,0.000000,0.000000,-0.001607,2.171733
33630.0,0.000000,0.000313,0.000000,0.000610,3.742913,0.000000,0.000000,0.000000,0.000808,2.171733
33640.0,0.000000,0.001215,0.000000,-0.000304,3.742913,0.000000,0.000000,0.000000,-0.001612,2.171733
33650.0,0.000000,0.000887,0.000000,-0.001523,3.742913,0.000000,0.000000,0.000000,-0.000808,2.171733
33660.0,0.000000,-0.000014,0.000000,0.000304,3.742913,0.000000,0.000000,0.000000,0.001612,2.171733
33670.0,0.000000,-0.000752,0.000000,0.000304,3.742913,0.000000,0.000000,0.000000,-0.001612,2.171733
33680.0,0.000000,-0.001080,0.000000,0.000000,3.742913,0.000000,0.000000,0.000000,-0.000804,2.171733
33690.0,0.000000,-0.000342,0.000000,0.000610,3.742913,0.000000,0.000000,0.000000,0.002411,2.171733
33700.0,0.000000,0.000559,0.000000,-0.000610,3.742913,0.000000,0.000000,0.000000,0.000808,2.171733
33710.0,0.000000,0.001270,0.000000,0.000000,3.742913,0.000000,0.000000,0.000000,-0.001612,2.171733
33720.0,0.000000,0.000641,0.000000,0.000916,3.742913,0.000000,0.000000,0.000000,0.000004,2.171733
33730.0,0.000000,-0.000096,0.000000,0.000610,3.742913,0.000000,0.000000,0.000000,0.000808,2.171733
33740.0,0.000000,-0.000998,0.000000,-0.001217,3.742913,0.000000,0.000000,0.000000,0.000808,2.171733
33750.0,0.000000,-0.000998,0.000000,0.000000,3.742913,0.000000,0.000000,0.000000,-0.001612,2.171733
33760.0,0.000000,-0.000096,0.000000,0.000000,3.742913,0.000000,0.000000,0.000000,0.000808,2.171733
33770.0,0.000000,0.000641,0.000000,-0.000304,3.742913,0.000000,0.000000,0.000000,0.000804,2.171733
33780.0,0.000000,0.001270,0.000000,-0.000304,3.742913,0.000000,0.000000,0.000000,-0.002420,2.171733
33790.0,0.000000,0.000559,0.000000,0.000607,3.742913,0.000000,0.000000,0.000000,-0.000004,2.171733
33800.0,0.000000,-0.000342,0.000000,-0.000304,3.742913,0.000000,0.000000,0.000000,0.000812,2.171733
33810.0,0.000000,-0.001080,0.000000,0.000000,3.742913,0.000000,0.000000,0.000000,0.000004,2.171733
33820.0,0.000000,-0.000752,0.000000,0.000000,3.742913,0.000000,0.000000,0.000000,0.000808,2.171733
33830.0,0.000000,-0.000014,0.000000,0.000000,3.742913,0.000000,0.000000,0.000000,0.001607,2.171733
33840.0,0.000000,0.000887,0.000000,0.000304,3.742913,0.000000,0.000000,0.000000,-0.001612,2.171733
33850.0,0.000000,0.001215,0.000000,0.000304,3.742913,0.000000,0.000000,0.000000,0.001612,2.171733
33860.0,0.000000,0.000313,0.000000,0.000000,3.742913,0.000000,0.000000,0.000000,0.000808,2.171733
33870.0,0.000000,-0.000424,0.000000,0.000000,3.742913,0.000000,0.000000,0.000000,0.000808,2.171733
33880.0,0.000000,-0.001244,0.000000,-0.000304,3.742913,0.000000,0.000000,0.000000,-0.000799,2.171733
33890.0,0.000000,-0.000670,0.000000,0.000000,3.742913,0.000000,0.000000,0.000000,-0.000004,2.171733
33900.0,0.000000,0.000231,0.000000,0.000914,3.742913,0.000000,0.000000,0.000000,-0.000804,2.171733
33910.0,0.000000,0.000969,0.000000,0.000000,3.742913,0.000000,0.000000,0.000000,-0.000804,2.171733
33920.0,0.000000,0.000969,0.000000,0.000304,3.742913,0.000000,0.000000,0.000000,0.000004,2.171733
33930.0,0.000000,0.000231,0.000000,0.000306,3.742913,0.000000,0.000000,0.000000,0.000000,2.171733
33940.0,0.000000,-0.000670,0.000000,0.000304,3.742913,0.000000,0.000000,0.000000,0.003228,2.171733
33950.0,0.000000,-0.001244,0.000000,-0.000914,3.742913,0.000000,0.000000,0.000000,0.000000,2.171733
33960.0,0.000000,-0.000424,0.000000,0.000610,3.742913,0.000000,0.000000,0.000000,-0.000804,2.171733
33970.0,0.000000,0.000313,0.000000,0.000914,3.742913,0.000000,0.000000,0.000000,0.000004,2.171733
33980.0,0.000000,0.001215,0.000000,0.000000,3.742913,0.000000,0.000000,0.000000,0.000004,2.171733
33990.0,0.000000,0.000887,0.000000,-0.000304,3.742913,0.000000,0.000000,0.000000,0.000804,2.171733
34000.0,0.000000,-0.000014,0.000000,0.000000,3.742913,0.000000,0.000000,0.000000,0.000004,2.171733
34010.0,0.000000,-0.000752,0.000000,0.000000,3.742913,0.000000,0.000000,0.000000,-0.000808,2.171733
34020.0,0.000000,-0.001080,0.000000,0.000610,3.742913,0.000000,0.000000,0.000000,0.000808,2.171733
34030.0,0.000000,-0.000342,0.000000,0.000000,3.742913,0.000000,0.000000,0.000000,0.000000,2.171733
34040.0,0.000000,0.000559,0.000000,0.001220,3.742913,0.000000,0.000000,0.000000,0.000808,2.171733
34050.0,0.000000,0.001270,0.000000,0.000000,3.742913,0.000000,0.000000,0.000000,0.000804,2.171733
34060.0,0.000000,0.000641,0.000000,0.000610,3.742913,0.000000,0.000000,0.000000,-0.000804,2.171733
34070.0,0.000000,-0.000096,0.000000,-0.000914,3.742913,0.000000,0.000000,0.000000,0.001607,2.171733
34080.0,0.000000,-0.000998,0.000000,-0.000304,3.742913,0.000000,0.000000,0.000000,0.000812,2.171733
34090.0,0.000000,-0.000998,0.000000,-0.000914,3.742913,0.000000,0.000000,0.000000,0.000000,2.171733
34100.0,0.000000,-0.000096,0.000000,0.000000,3.742913,0.000000,0.000000,0.000000,0.001616,2.171733
34110.0,0.000000,0.000641,0.000000,0.000610,3.742913,0.000000,0.000000,0.000000,-0.000808,2.171733
34120.0,0.000000,0.001270,0.000000,0.000610,3.742913,0.000000,0.000000,0.000000,0.000000,2.171733
34130.0,0.000000,0.000559,0.000000,0.000610,3.742913,0.000000,0.000000,0.000000,-0.000808,2.171733
34140.0,0.000000,-0.000342,0.000000,0.000607,3.742913,0.000000,0.000000,0.000000,-0.000804,2.171733
34150.0,0.000000,-0.001080,0.000000,0.000607,3.742913,0.000000,0.000000,0.000000,0.000000,2.171733
34160.0,0.000000,-0.000752,0.000000,0.000304,3.742913,0.000000,0.000000,0.000000,-0.000804,2.171733
34170.0,0.000000,-0.000014,0.000000,0.000000,3.742913,0.000000,0.000000,0.000000,-0.000808,2.171733
34180.0,0.000000,0.000887,0.000000,-0.000304,3.742913,0.000000,0.000000,0.000000,0.001612,2.171733
34190.0,0.000000,0.001215,0.000000,-0.000914,3.742913,0.000000,0.000000,0.000000,-0.000004,2.171733
34200.0,0.000000,0.000313,0.000000,0.000610,3.742913,0.000000,0.000000,0.000000,0.000808,2.171733
34210.0,0.000000,-0.000424,0.000000,-0.000610,3.742913,0.000000,0.000000,0.000000,0.000000,2.171733
34220.0,0.000000,-0.001217,0.000000,0.000000,3.742913,0.000000,0.000000,0.000000,0.000000,2.171733
34230.0,0.000000,-0.000588,0.000000,-0.000304,3.742913,0.000000,0.000000,0.000000,0.000808,2.171733
34240.0,0.000000,0.000150,0.000000,0.000914,3.742913,0.000000,0.000000,0.000000,0.000804,2.171733
34250.0,0.000000,0.001051,0.000000,0.000000,3.742913,0.000000,0.000000,0.000000,-0.000799,2.171733
34260.0,0.000000,0.001051,0.000000,0.000607,3.742913,0.000000,0.000000,0.000000,0.000000,2.171733
34270.0,0.000000,0.000150,0.000000,0.000000,3.742913,0.000000,0.000000,0.000000,0.000004,2.171733
34280.0,0.000000,-0.000588,0.000000,-0.000610,3.742913,0.000000,0.000000,0.000000,0.000804,2.171733
34290.0,0.000000,-0.001217,0.000000,-0.000304,3.742913,0.000000,0.000000,0.000000,-0.000804,2.171733
34300.0,0.000000,-0.000506,0.000000,0.000000,3.742913,0.000000,0.000000,0.000000,0.000000,2.171733
34310.0,0.000000,0.000395,0.000000,0.000610,3.742913,0.000000,0.000000,0.000000,0.000004,2.171733
34320.0,0.000000,0.001133,0.000000,0.000000,3.742913,0.000000,0.000000,0.000000,0.000804,2.171733
34330.0,0.000000,0.000805,0.000000,0.000000,3.742913,0.000000,0.000000,0.000000,0.000000,2.171733
34340.0,0.000000,0.000068,0.000000,0.000304,3.742913,0.000000,0.000000,0.000000,-0.000808,2.171733
34350.0,0.000000,-0.000834,0.000000,-0.000304,3.742913,0.000000,0.000000,0.000000,0.000000,2.171733
34360.0,0.000000,-0.001162,0.000000,-0.000304,3.742913,0.000000,0.000000,0.000000,0.003223,2.171733
34370.0,0.000000,-0.000260,0.000000,0.000304,3.742913,0.000000,0.000000,0.000000,0.000000,2.171733
34380.0,0.000000,0.000477,0.000000,-0.000610,3.742913,0.000000,0.000000,0.000000,0.000000,2.171733
34390.0,0.000000,0.001297,0.000000,-0.000914,3.742913,0.000000,0.000000,0.000000,0.000004,2.171733
34400.0,0.000000,0.000723,0.000000,0.000304,3.742913,0.000000,0.000000,0.000000,0.000000,2.171733
34410.0,0.000000,-0.000178,0.000000,0.000000,3.742913,0.000000,0.000000,0.000000,0.000000,2.171733
34420.0,0.000000,-0.000916,0.000000,-0.000914,3.742913,0.000000,0.000000,0.000000,0.000000,2.171733
34430.0,0.000000,-0.000916,0.000000,0.000304,3.742913,0.000000,0.000000,0.000000,0.000004,2.171733
34440.0,0.000000,-0.000178,0.000000,0.000610,3.742913,0.000000,0.000000,0.000000,0.000000,2.171733
34450.0,0.000000,0.000723,0.000000,0.000306,3.742913,0.000000,0.000000,0.000000,0.000808,2.171733
34460.0,0.000000,0.001297,0.000000,-0.000610,3.742913,0.000000,0.000000,0.000000,-0.000804,2.171733
34470.0,0.000000,0.000477,0.000000,0.000610,3.742913,0.000000,0.000000,0.000000,0.000808,2.171733
34480.0,0.000000,-0.000260,0.000000,-0.000610,3.742913,0.000000,0.000000,0.000000,0.001607,2.171733
34490.0,0.000000,-0.001162,0.000000,-0.000304,3.742913,0.000000,0.000000,0.000000,0.000808,2.171733
34500.0,0.000000,-0.000834,0.000000,0.000000,3.742913,0.000000,0.000000,0.000000,-0.000808,2.171733
34510.0,0.000000,0.000068,0.000000,-0.001220,3.742913,0.000000,0.000000,0.000000,0.000812,2.171733
34520.0,0.000000,0.000805,0.000000,0.000000,3.742913,0.000000,0.000000,0.000000,-0.000808,2.171733
34530.0,0.000000,0.001133,0.000000,-0.000610,3.742913,0.000000,0.000000,0.000000,-0.000804,2.171733
34540.0,0.000000,0.000395,0.000000,0.000000,3.742913,0.000000,0.000000,0.000000,-0.001612,2.171733
34550.0,0.000000,-0.000506,0.000000,0.000000,3.742913,0.000000,0.000000,0.000000,0.000000,2.171733
34560.0,0.000000,-0.001217,0.000000,0.000610,3.742913,0.000000,0.000000,0.000000,-0.000804,2.171733
34570.0,0.000000,-0.000588,0.000000,0.000000,3.742913,0.000000,0.000000,0.000000,0.000004,2.171733
34580.0,0.000000,0.000150,0.000000,0.000000,3.742913,0.000000,0.000000,0.000000,0.000000,2.171733
34590.0,0.000000,0.001051,0.000000,-0.000304,3.742913,0.000000,0.000000,0.000000,0.000808,2.171733
34600.0,0.000000,0.001051,0.000000,0.000000,3.742913,0.000000,0.000000,0.000000,-0.001612,2.171733
34610.0,0.000000,0.000150,0.000000,-0.000610,3.742913,0.000000,0.000000,0.000000,0.000004,2.171733
34620.0,0.000000,-0.000588,0.000000,-0.000914,3.742913,0.000000,0.000000,0.000000,-0.000808,2.171733
34630.0,0.000000,-0.001217,0.000000,-0.000304,3.742913,0.000000,0.000000,0.000000,0.000000,2.171733
34640.0,0.000000,-0.000506,0.000000,-0.001220,3.742913,0.000000,0.000000,0.000000,0.000804,2.171733
34650.0,0.000000,0.000313,0.000000,0.000000,3.742913,0.000000,0.000000,0.000000,0.000808,2.171733
34660.0,0.000000,0.001215,0.000000,0.000610,3.742913,0.000000,0.000000,0.000000,-0.001612,2.171733
34670.0,0.000000,0.000887,0.000000,0.000000,3.742913,0.000000,0.000000,0.000000,0.000000,2.171733
34680.0,0.000000,-0.000014,0.000000,-0.000304,3.742913,0.000000,0.000000,0.000000,0.000000,2.171733
34690.0,0.000000,-0.000752,0.000000,-0.000002,3.742913,0.000000,0.000000,0.000000,0.001607,2.171733
34700.0,0.000000,-0.001080,0.000000,0.000306,3.742913,0.000000,0.000000,0.000000,0.001616,2.171733
34710.0,0.000000,-0.000342,0.000000,0.000000,3.742913,0.000000,0.000000,0.000000,0.000000,2.171733
34720.0,0.000000,0.000559,0.000000,0.000610,3.742913,0.000000,0.000000,0.000000,0.000000,2.171733
34730.0,0.000000,0.001270,0.000000,-0.000610,3.742913,0.000000,0.000000,0.000000,0.000000,2.171733
34740.0,0.000000,0.000641,0.000000,-0.000914,3.742913,0.000000,0.000000,0.000000,0.000808,2.171733
34750.0,0.000000,-0.000096,0.000000,-0.000610,3.742913,0.000000,0.000000,0.000000,0.000804,2.171733
34760.0,0.000000,-0.000998,0.000000,0.000610,3.742913,0.000000,0.000000,0.000000,0.000004,2.171733
34770.0,0.000000,-0.000998,0.000000,0.000304,3.742913,0.000000,0.000000,0.000000,0.000000,2.171733
34780.0,0.000000,-0.000096,0.000000,0.000000,3.742913,0.000000,0.000000,0.000000,-0.000804,2.171733
34790.0,0.000000,0.000641,0.000000,0.000000,3.742913,0.000000,0.000000,0.000000,0.000808,2.171733
34800.0,0.000000,0.001270,0.000000,0.000304,3.742913,0.000000,0.000000,0.000000,0.000004,2.171733
34810.0,0.000000,0.000559,0.000000,-0.000610,3.742913,0.000000,0.000000,0.000000,-0.000808,2.171733
34820.0,0.000000,-0.000342,0.000000,0.000610,3.742913,0.000000,0.000000,0.000000,-0.000799,2.171733
34830.0,0.000000,-0.001080,0.000000,0.000610,3.742913,0.000000,0.000000,0.000000,0.000804,2.171733
34840.0,0.000000,-0.000752,0.000000,0.000000,3.742913,0.000000,0.000000,0.000000,0.000808,2.171733
34850.0,0.000000,-0.000014,0.000000,0.000304,3.742913,0.000000,0.000000,0.000000,0.000000,2.171733
34860.0,0.000000,0.000887,0.000000,0.000000,3.742913,0.000000,0.000000,0.000000,-0.002415,2.171733
34870.0,0.000000,0.001215,0.000000,0.000610,3.742913,0.000000,0.000000,0.000000,0.000000,2.171733
34880.0,0.000000,0.000313,0.000000,0.000306,3.742913,0.000000,0.000000,0.000000,0.000004,2.171733
34890.0,0.000000,-0.000424,0.000000,0.000914,3.742913,0.000000,0.000000,0.000000,-0.000808,2.171733
34900.0,0.000000,-0.001244,0.000000,0.000610,3.742913,0.000000,0.000000,0.000000,-0.000804,2.171733
34910.0,0.000000,-0.000670,0.000000,0.000000,3.742913,0.000000,0.000000,0.000000,0.000000,2.171733
34920.0,0.000000,0.000231,0.000000,0.000610,3.742913,0.000000,0.000000,0.000000,-0.000804,2.171733
34930.0,0.000000,0.000969,0.000000,-0.000304,3.742913,0.000000,0.000000,0.000000,0.000808,2.171733
34940.0,0.000000,0.000969,0.000000,0.001220,3.742913,0.000000,0.000000,0.000000,-0.000804,2.171733
34950.0,0.000000,0.000231,0.000000,-0.000610,3.742913,0.000000,0.000000,0.000000,0.000812,2.171733
34960.0,0.000000,-0.000670,0.000000,0.000000,3.742913,0.000000,0.000000,0.000000,0.000004,2.171733
34970.0,0.000000,-0.001244,0.000000,-0.000914,3.742913,0.000000,0.000000,0.000000,0.000000,2.171733
34980.0,0.000000,-0.000424,0.000000,-0.000304,3.742913,0.000000,0.000000,0.000000,0.000808,2.171733
34990.0,0.000000,0.000313,0.000000,-0.001220,3.742913,0.000000,0.000000,0.000000,-0.000808,2.171733
35000.0,0.000000,0.001215,0.000000,0.000000,3.742913,0.000000,0.000000,0.000000,0.001616,2.171733
35010.0,0.000000,0.000887,0.000000,0.000000,3.742913,0.000000,0.000000,0.000000,0.000808,2.171733
35020.0,0.000000,-0.000014,0.000000,-0.000914,3.742913,0.000000,0.000000,0.000000,0.000808,2.171733
35030.0,0.000000,-0.000752,0.000000,0.000304,3.742913,0.000000,0.000000,0.000000,0.000000,2.171733
35040.0,0.000000,-0.001080,0.000000,-0.000304,3.742913,0.000000,0.000000,0.000000,0.000808,2.171733
35050.0,0.000000,-0.000342,0.000000,0.000000,3.742913,0.000000,0.000000,0.000000,0.001612,2.171733
35060.0,0.000000,0.000559,0.000000,0.000000,3.742913,0.000000,0.000000,0.000000,0.000000,2.171733
35070.0,0.000000,0.001270,0.000000,0.000610,3.742913,0.000000,0.000000,0.000000,0.000000,2.171733
35080.0,0.000000,0.000723,0.000000,0.000000,3.742913,0.000000,0.000000,0.000000,-0.001607,2.171733
35090.0,0.000000,-0.000178,0.000000,0.000000,3.742913,0.000000,0.000000,0.000000,0.000808,2.171733
35100.0,0.000000,-0.000916,0.000000,0.000000,3.742913,0.000000,0.000000,0.000000,-0.000804,2.171733
35110.0,0.000000,-0.000916,0.000000,0.000000,3.742913,0.000000,0.000000,0.000000,0.001612,2.171733
35120.0,0.000000,-0.000178,0.000000,0.000607,3.742913,0.000000,0.000000,0.000000,0.000000,2.171733
35130.0,0.000000,0.000723,0.000000,0.000000,3.742913,0.000000,0.000000,0.000000,-0.001607,2.171733
35140.0,0.000000,0.001297,0.000000,-0.000304,3.742913,0.000000,0.000000,0.000000,0.000804,2.171733
35150.0,0.000000,0.000477,0.000000,0.000304,3.742913,0.000000,0.000000,0.000000,-0.000804,2.171733
35160.0,0.000000,-0.000260,0.000000,-0.000610,3.742913,0.000000,0.000000,0.000000,-0.000808,2.171733
35170.0,0.000000,-0.001162,0.000000,-0.000304,3.742913,0.000000,0.000000,0.000000,0.000808,2.171733
35180.0,0.000000,-0.000834,0.000000,0.000000,3.742913,0.000000,0.000000,0.000000,0.000000,2.171733
35190.0,0.000000,0.000068,0.000000,0.000000,3.742913,0.000000,0.000000,0.000000,0.000004,2.171733
35200.0,0.000000,0.000805,0.000000,0.000000,3.742913,0.000000,0.000000,0.000000,-0.000804,2.171733
35210.0,0.000000,0.001133,0.000000,0.000000,3.742913,0.000000,0.000000,0.000000,-0.000804,2.171733
35220.0,0.000000,0.000395,0.000000,0.000000,3.742913,0.000000,0.000000,0.000000,0.000804,2.171733
35230.0,0.000000,-0.000506,0.000000,-0.000304,3.742913,0.000000,0.000000,0.000000,0.000004,2.171733
35240.0,0.000000,-0.001217,0.000000,0.000304,3.742913,0.000000,0.000000,0.000000,0.000000,2.171733
35250.0,0.000000,-0.000588,0.000000,-0.000304,3.742913,0.000000,0.000000,0.000000,0.000808,2.171733
35260.0,0.000000,0.000150,0.000000,0.000304,3.742913,0.000000,0.000000,0.000000,-0.000004,2.171733
35270.0,0.000000,0.001051,0.000000,-0.000610,3.742913,0.000000,0.000000,0.000000,-0.000799,2.171733
35280.0,0.000000,0.001051,0.000000,0.000610,3.742913,0.000000,0.000000,0.000000,-0.000808,2.171733
35290.0,0.000000,0.000150,0.000000,0.000000,3.742913,0.000000,0.000000,0.000000,0.000000,2.171733
35300.0,0.000000,-0.000588,0.000000,0.000000,3.742913,0.000000,0.000000,0.000000,-0.000808,2.171733
35310.0,0.000000,-0.001217,0.000000,0.000306,3.742913,0.000000,0.000000,0.000000,-0.000804,2.171733
35320.0,0.000000,-0.000506,0.000000,0.000610,3.742913,0.000000,0.000000,0.000000,0.000000,2.171733
35330.0,0.000000,0.000395,0.000000,0.000000,3.742913,0.000000,0.000000,0.000000,0.000004,2.171733
35340.0,0.000000,0.001133,0.000000,0.000610,3.742913,0.000000,0.000000,0.000000,0.000804,2.171733
35350.0,0.000000,0.000805,0.000000,-0.000304,3.742913,0.000000,0.000000,0.000000,0.000004,2.171733
35360.0,0.000000,0.000068,0.000000,0.000610,3.742913,0.000000,0.000000,0.000000,-0.000808,2.171733
35370.0,0.000000,-0.000834,0.000000,0.000000,3.742913,0.000000,0.000000,0.000000,0.000004,2.171733
35380.0,0.000000,-0.001162,0.000000,0.000306,3.742913,0.000000,0.000000,0.000000,0.000000,2.171733
35390.0,0.000000,-0.000260,0.000000,0.000000,3.742913,0.000000,0.000000,0.000000,-0.000804,2.171733
35400.0,0.000000,0.000477,0.000000,0.000000,3.742913,0.000000,0.000000,0.000000,0.000000,2.171733
35410.0,0.000000,0.001297,0.000000,0.000610,3.742913,0.000000,0.000000,0.000000,0.000808,2.171733
35420.0,0.000000,0.000723,0.000000,0.000000,3.742913,0.000000,0.000000,0.000000,0.002424,2.171733
35430.0,0.000000,-0.000178,0.000000,-0.000610,3.742913,0.000000,0.000000,0.000000,-0.000804,2.171733
35440.0,0.000000,-0.000916,0.000000,0.000000,3.742913,0.000000,0.000000,0.000000,0.000000,2.171733
35450.0,0.000000,-0.000916,0.000000,0.000000,3.742913,0.000000,0.000000,0.000000,0.001612,2.171733
35460.0,0.000000,-0.000178,0.000000,-0.000306,3.742913,0.000000,0.000000,0.000000,-0.000004,2.171733
35470.0,0.000000,0.000723,0.000000,0.000000,3.742913,0.000000,0.000000,0.000000,-0.000808,2.171733
35480.0,0.000000,0.001297,0.000000,-0.000610,3.742913,0.000000,0.000000,0.000000,-0.000808,2.171733
35490.0,0.000000,0.000559,0.000000,0.000000,3.742913,0.000000,0.000000,0.000000,0.000000,2.171733
35500.0,0.000000,-0.000342,0.000000,0.000610,3.742913,0.000000,0.000000,0.000000,0.000004,2.171733
35510.0,0.000000,-0.001080,0.000000,0.000610,3.742913,0.000000,0.000000,0.000000,0.000000,2.171733
35520.0,0.000000,-0.000752,0.000000,0.000306,3.742913,0.000000,0.000000,0.000000,-0.000804,2.171733
35530.0,0.000000,-0.000014,0.000000,0.000000,3.742913,0.000000,0.000000,0.000000,0.000000,2.171733
35540.0,0.000000,0.000887,0.000000,0.000000,3.742913,0.000000,0.000000,0.000000,0.000004,2.171733
35550.0,0.000000,0.001215,0.000000,0.000000,3.742913,0.000000,0.000000,0.000000,0.000000,2.171733
35560.0,0.000000,0.000313,0.000000,-0.000304,3.742913,0.000000,0.000000,0.000000,-0.000799,2.171733
35570.0,0.000000,-0.000424,0.000000,0.000610,3.742913,0.000000,0.000000,0.000000,-0.000808,2.171733
35580.0,0.000000,-0.001244,0.000000,0.000304,3.742913,0.000000,0.000000,0.000000,-0.003215,2.171733
35590.0,0.000000,-0.000670,0.000000,0.000304,3.742913,0.000000,0.000000,0.000000,0.000000,2.171733
35600.0,0.000000,0.000231,0.000000,0.000000,3.742913,0.000000,0.000000,0.000000,-0.000804,2.171733
35610.0,0.000000,0.000969,0.000000,-0.000306,3.742913,0.000000,0.000000,0.000000,0.000000,2.171733
35620.0,0.000000,0.000969,0.000000,-0.000304,3.742913,0.000000,0.000000,0.000000,-0.001607,2.171733
35630.0,0.000000,0.000231,0.000000,-0.000304,3.742913,0.000000,0.000000,0.000000,0.000000,2.171733
35640.0,0.000000,-0.000670,0.000000,0.000000,3.742913,0.000000,0.000000,0.000000,-0.000804,2.171733
35650.0,0.000000,-0.001244,0.000000,0.000000,3.742913,0.000000,0.000000,0.000000,0.000000,2.171733
35660.0,0.000000,-0.000424,0.000000,0.000306,3.742913,0.000000,0.000000,0.000000,0.000004,2.171733
35670.0,0.000000,0.000313,0.000000,0.000000,3.742913,0.000000,0.000000,0.000000,0.000000,2.171733
35680.0,0.000000,0.001215,0.000000,0.000000,3.742913,0.000000,0.000000,0.000000,-0.002420,2.171733
35690.0,0.000000,0.000887,0.000000,0.000000,3.742913,0.000000,0.000000,0.000000,-0.000808,2.171733
35700.0,0.000000,-0.000014,0.000000,0.000610,3.742913,0.000000,0.000000,0.000000,-0.000804,2.171733
35710.0,0.000000,-0.000752,0.000000,0.001523,3.742913,0.000000,0.000000,0.000000,-0.000808,2.171733
35720.0,0.000000,-0.001080,0.000000,0.000306,3.742913,0.000000,0.000000,0.000000,-0.001607,2.171733
35730.0,0.000000,-0.000342,0.000000,-0.000304,3.742913,0.000000,0.000000,0.000000,0.000804,2.171733
35740.0,0.000000,0.000559,0.000000,0.000610,3.742913,0.000000,0.000000,0.000000,-0.000804,2.171733
35750.0,0.000000,0.001270,0.000000,-0.000304,3.742913,0.000000,0.000000,0.000000,0.000804,2.171733
35760.0,0.000000,0.000641,0.000000,0.000000,3.742913,0.000000,0.000000,0.000000,0.000000,2.171733
35770.0,0.000000,-0.000096,0.000000,0.000610,3.742913,0.000000,0.000000,0.000000,-0.002415,2.171733
35780.0,0.000000,-0.000998,0.000000,0.000000,3.742913,0.000000,0.000000,0.000000,-0.000804,2.171733
35790.0,0.000000,-0.000998,0.000000,-0.000304,3.742913,0.000000,0.000000,0.000000,-0.002415,2.171733
35800.0,0.000000,-0.000096,0.000000,0.000304,3.742913,0.000000,0.000000,0.000000,-0.000804,2.171733
35810.0,0.000000,0.000641,0.000000,-0.000610,3.742913,0.000000,0.000000,0.000000,-0.000808,2.171733
35820.0,0.000000,0.001270,0.000000,0.000000,3.742913,0.000000,0.000000,0.000000,0.001612,2.171733
35830.0,0.000000,0.000559,0.000000,0.001217,3.742913,0.000000,0.000000,0.000000,-0.000808,2.171733
35840.0,0.000000,-0.000342,0.000000,0.000000,3.742913,0.000000,0.000000,0.000000,0.000004,2.171733
35850.0,0.000000,-0.001080,0.000000,0.000304,3.742913,0.000000,0.000000,0.000000,0.003219,2.171733
35860.0,0.000000,-0.000752,0.000000,-0.000914,3.742913,0.000000,0.000000,0.000000,0.000000,2.171733
35870.0,0.000000,-0.000014,0.000000,0.001220,3.742913,0.000000,0.000000,0.000000,0.000804,2.171733
35880.0,0.000000,0.000887,0.000000,0.000306,3.742913,0.000000,0.000000,0.000000,-0.001607,2.171733
35890.0,0.000000,0.001215,0.000000,-0.000610,3.742913,0.000000,0.000000,0.000000,0.000000,2.171733
35900.0,0.000000,0.000313,0.000000,-0.000304,3.742913,0.000000,0.000000,0.000000,0.000004,2.171733
35910.0,0.000000,-0.000424,0.000000,0.000304,3.742913,0.000000,0.000000,0.000000,0.000000,2.171733
35920.0,0.000000,-0.001217,0.000000,-0.000304,3.742913,0.000000,0.000000,0.000000,-0.000004,2.171733
35930.0,0.000000,-0.000588,0.000000,-0.001830,3.742913,0.000000,0.000000,0.000000,-0.000804,2.171733
35940.0,0.000000,0.000150,0.000000,-0.000304,3.742913,0.000000,0.000000,0.000000,-0.000808,2.171733
35950.0,0.000000,0.001051,0.000000,0.000000,3.742913,0.000000,0.000000,0.000000,0.000812,2.171733
35960.0,0.000000,0.001051,0.000000,0.000610,3.742913,0.000000,0.000000,0.000000,0.000000,2.171733
35970.0,0.000000,0.000150,0.000000,-0.000610,3.742913,0.000000,0.000000,0.000000,0.000808,2.171733
35980.0,0.000000,-0.000588,0.000000,0.000000,3.742913,0.000000,0.000000,0.000000,-0.000808,2.171733
35990.0,0.000000,-0.001217,0.000000,-0.000304,3.742913,0.000000,0.000000,0.000000,-0.000804,2.171733
36000.0,0.000000,-0.000506,0.000000,-0.000304,3.742913,0.000000,0.000000,0.000000,-0.000804,2.171733
36010.0,0.000000,0.000395,0.000000,0.000610,3.742913,0.000000,0.000000,0.000000,-0.000804,2.171733
36020.0,0.000000,0.001133,0.000000,0.000304,3.742913,0.000000,0.000000,0.000000,0.001607,2.171733
36030.0,0.000000,0.000805,0.000000,0.000000,3.742913,0.000000,0.000000,0.000000,0.000000,2.171733
36040.0,0.000000,0.000068,0.000000,-0.000610,3.742913,0.000000,0.000000,0.000000,-0.000804,2.171733
36050.0,0.000000,-0.000834,0.000000,0.001217,3.742913,0.000000,0.000000,0.000000,-0.001607,2.171733
36060.0,0.000000,-0.001162,0.000000,0.000610,3.742913,0.000000,0.000000,0.000000,0.000000,2.171733
36070.0,0.000000,-0.000260,0.000000,0.000610,3.742913,0.000000,0.000000,0.000000,-0.000804,2.171733
36080.0,0.000000,0.000477,0.000000,0.000304,3.742913,0.000000,0.000000,0.000000,-0.000808,2.171733
36090.0,0.000000,0.001297,0.000000,0.000000,3.742913,0.000000,0.000000,0.000000,0.000808,2.171733
36100.0,0.000000,0.000723,0.000000,0.000000,3.742913,0.000000,0.000000,0.000000,-0.000004,2.171733
36110.0,0.000000,-0.000178,0.000000,0.000610,3.742913,0.000000,0.000000,0.000000,0.000004,2.171733
36120.0,0.000000,-0.000916,0.000000,0.000610,3.742913,0.000000,0.000000,0.000000,0.000000,2.171733
36130.0,0.000000,-0.000916,0.000000,-0.001523,3.742913,0.000000,0.000000,0.000000,0.000808,2.171733
36140.0,0.000000,-0.000178,0.000000,0.000000,3.742913,0.000000,0.000000,0.000000,-0.001612,2.171733
36150.0,0.000000,0.000723,0.000000,0.000610,3.742913,0.000000,0.000000,0.000000,0.002424,2.171733
36160.0,0.000000,0.001297,0.000000,0.000610,3.742913,0.000000,0.000000,0.000000,0.000000,2.171733
36170.0,0.000000,0.000477,0.000000,-0.000304,3.742913,0.000000,0.000000,0.000000,0.001616,2.171733
36180.0,0.000000,-0.000260,0.000000,0.000914,3.742913,0.000000,0.000000,0.000000,0.000804,2.171733
36190.0,0.000000,-0.001162,0.000000,0.000000,3.742913,0.000000,0.000000,0.000000,0.000004,2.171733
36200.0,0.000000,-0.000834,0.000000,0.000000,3.742913,0.000000,0.000000,0.000000,-0.000808,2.171733
36210.0,0.000000,0.000068,0.000000,0.000000,3.742913,0.000000,0.000000,0.000000,0.002428,2.171733
36220.0,0.000000,0.000805,0.000000,0.000000,3.742913,0.000000,0.000000,0.000000,0.000000,2.171733
36230.0,0.000000,0.001133,0.000000,-0.000304,3.742913,0.000000,0.000000,0.000000,-0.000804,2.171733
36240.0,0.000000,0.000395,0.000000,-0.000304,3.742913,0.000000,0.000000,0.000000,0.001616,2.171733
36250.0,0.000000,-0.000506,0.000000,-0.000304,3.742913,0.000000,0.000000,0.000000,0.000000,2.171733
36260.0,0.000000,-0.001217,0.000000,-0.000610,3.742913,0.000000,0.000000,0.000000,0.000000,2.171733
36270.0,0.000000,-0.000588,0.000000,-0.000306,3.742913,0.000000,0.000000,0.000000,-0.001607,2.171733
36280.0,0.000000,0.000150,0.000000,-0.000610,3.742913,0.000000,0.000000,0.000000,0.000804,2.171733
36290.0,0.000000,0.001051,0.000000,-0.000610,3.742913,0.000000,0.000000,0.000000,0.000000,2.171733
36300.0,0.000000,0.001051,0.000000,0.000000,3.742913,0.000000,0.000000,0.000000,0.000000,2.171733
36310.0,0.000000,0.000150,0.000000,0.000610,3.742913,0.000000,0.000000,0.000000,0.000004,2.171733
36320.0,0.000000,-0.000588,0.000000,0.000304,3.742913,0.000000,0.000000,0.000000,0.000808,2.171733
36330.0,0.000000,-0.001217,0.000000,0.000610,3.742913,0.000000,0.000000,0.000000,0.001612,2.171733
36340.0,0.000000,-0.000506,0.000000,-0.001523,3.742913,0.000000,0.000000,0.000000,0.001607,2.171733
36350.0,0.000000,0.000313,0.000000,-0.000304,3.742913,0.000000,0.000000,0.000000,0.002420,2.171733
36360.0,0.000000,0.001215,0.000000,0.000610,3.742913,0.000000,0.000000,0.000000,0.000000,2.171733
36370.0,0.000000,0.000887,0.000000,-0.000306,3.742913,0.000000,0.000000,0.000000,-0.000804,2.171733
36380.0,0.000000,-0.000014,0.000000,-0.000610,3.742913,0.000000,0.000000,0.000000,0.002411,2.171733
36390.0,0.000000,-0.000752,0.000000,0.000000,3.742913,0.000000,0.000000,0.000000,0.000000,2.171733
36400.0,0.000000,-0.001080,0.000000,-0.000304,3.742913,0.000000,0.000000,0.000000,-0.001607,2.171733
36410.0,0.000000,-0.000342,0.000000,-0.000304,3.742913,0.000000,0.000000,0.000000,0.000000,2.171733
36420.0,0.000000,0.000559,0.000000,0.000000,3.742913,0.000000,0.000000,0.000000,0.000004,2.171733
36430.0,0.000000,0.001270,0.000000,0.000000,3.742913,0.000000,0.000000,0.000000,0.000000,2.171733
36440.0,0.000000,0.000641,0.000000,0.000306,3.742913,0.000000,0.000000,0.000000,0.000004,2.171733
36450.0,0.000000,-0.000096,0.000000,0.000000,3.742913,0.000000,0.000000,0.000000,0.000000,2.171733
36460.0,0.000000,-0.000998,0.000000,0.000610,3.742913,0.000000,0.000000,0.000000,0.000808,2.171733
36470.0,0.000000,-0.000998,0.000000,-0.000914,3.742913,0.000000,0.000000,0.000000,0.000000,2.171733
36480.0,0.000000,-0.000096,0.000000,0.000304,3.742913,0.000000,0.000000,0.000000,0.000004,2.171733
36490.0,0.000000,0.000641,0.000000,-0.000304,3.742913,0.000000,0.000000,0.000000,-0.000808,2.171733
36500.0,0.000000,0.001270,0.000000,0.000610,3.742913,0.000000,0.000000,0.000000,-0.002411,2.171733
36510.0,0.000000,0.000559,0.000000,0.000000,3.742913,0.000000,0.000000,0.000000,0.000000,2.171733
36520.0,0.000000,-0.000342,0.000000,-0.000610,3.742913,0.000000,0.000000,0.000000,0.000808,2.171733
36530.0,0.000000,-0.001080,0.000000,0.000304,3.742913,0.000000,0.000000,0.000000,0.000000,2.171733
36540.0,0.000000,-0.000752,0.000000,0.000000,3.742913,0.000000,0.000000,0.000000,0.000808,2.171733
36550.0,0.000000,-0.000014,0.000000,0.000000,3.742913,0.000000,0.000000,0.000000,-0.000004,2.171733
36560.0,0.000000,0.000887,0.000000,0.000000,3.742913,0.000000,0.000000,0.000000,-0.000804,2.171733
36570.0,0.000000,0.001215,0.000000,0.000000,3.742913,0.000000,0.000000,0.000000,-0.000804,2.171733
36580.0,0.000000,0.000313,0.000000,0.001220,3.742913,0.000000,0.000000,0.000000,-0.000804,2.171733
36590.0,0.000000,-0.000424,0.000000,0.000610,3.742913,0.000000,0.000000,0.000000,0.000808,2.171733
36600.0,0.000000,-0.001244,0.000000,0.000306,3.742913,0.000000,0.000000,0.000000,0.000004,2.171733
36610.0,0.000000,-0.000670,0.000000,-0.000306,3.742913,0.000000,0.000000,0.000000,0.000808,2.171733
36620.0,0.000000,0.000231,0.000000,0.000304,3.742913,0.000000,0.000000,0.000000,0.000804,2.171733
36630.0,0.000000,0.000969,0.000000,0.000000,3.742913,0.000000,0.000000,0.000000,0.000000,2.171733
36640.0,0.000000,0.000969,0.000000,-0.000610,3.742913,0.000000,0.000000,0.000000,-0.001607,2.171733
36650.0,0.000000,0.000231,0.000000,0.000000,3.742913,0.000000,0.000000,0.000000,-0.001612,2.171733
36660.0,0.000000,-0.000670,0.000000,0.000000,3.742913,0.000000,0.000000,0.000000,-0.000004,2.171733
36670.0,0.000000,-0.001244,0.000000,0.000000,3.742913,0.000000,0.000000,0.000000,0.000000,2.171733
36680.0,0.000000,-0.000424,0.000000,0.000000,3.742913,0.000000,0.000000,0.000000,0.000004,2.171733
36690.0,0.000000,0.000313,0.000000,-0.000304,3.742913,0.000000,0.000000,0.000000,-0.000804,2.171733
36700.0,0.000000,0.001215,0.000000,0.000000,3.742913,0.000000,0.000000,0.000000,-0.000804,2.171733
36710.0,0.000000,0.000887,0.000000,0.000000,3.742913,0.000000,0.000000,0.000000,0.000804,2.171733
36720.0,0.000000,-0.000014,0.000000,0.000000,3.742913,0.000000,0.000000,0.000000,-0.000804,2.171733
36730.0,0.000000,-0.000752,0.000000,-0.000914,3.742913,0.000000,0.000000,0.000000,0.000000,2.171733
36740.0,0.000000,-0.001080,0.000000,-0.000304,3.742913,0.000000,0.000000,0.000000,0.000808,2.171733
36750.0,0.000000,-0.000342,0.000000,0.000000,3.742913,0.000000,0.000000,0.000000,0.001616,2.171733
36760.0,0.000000,0.000477,0.000000,0.000000,3.742913,0.000000,0.000000,0.000000,-0.001612,2.171733
36770.0,0.000000,0.001270,0.000000,-0.000304,3.742913,0.000000,0.000000,0.000000,0.000000,2.171733
36780.0,0.000000,0.000641,0.000000,0.000000,3.742913,0.000000,0.000000,0.000000,0.001616,2.171733
36790.0,0.000000,-0.000096,0.000000,-0.000610,3.742913,0.000000,0.000000,0.000000,0.000804,2.171733
36800.0,0.000000,-0.000998,0.000000,0.000000,3.742913,0.000000,0.000000,0.000000,0.000808,2.171733
36810.0,0.000000,-0.000998,0.000000,-0.000610,3.742913,0.000000,0.000000,0.000000,0.000804,2.171733
36820.0,0.000000,-0.000096,0.000000,0.000610,3.742913,0.000000,0.000000,0.000000,-0.000808,2.171733
36830.0,0.000000,0.000641,0.000000,0.000304,3.742913,0.000000,0.000000,0.000000,0.001612,2.171733
36840.0,0.000000,0.001270,0.000000,0.000610,3.742913,0.000000,0.000000,0.000000,0.001616,2.171733
36850.0,0.000000,0.000559,0.000000,0.000306,3.742913,0.000000,0.000000,0.000000,0.001612,2.171733
36860.0,0.000000,-0.000342,0.000000,-0.000610,3.742913,0.000000,0.000000,0.000000,-0.000808,2.171733
36870.0,0.000000,-0.001080,0.000000,0.000000,3.742913,0.000000,0.000000,0.000000,0.000000,2.171733
36880.0,0.000000,-0.000752,0.000000,0.000000,3.742913,0.000000,0.000000,0.000000,0.000004,2.171733
36890.0,0.000000,-0.000014,0.000000,0.000610,3.742913,0.000000,0.000000,0.000000,-0.001612,2.171733
36900.0,0.000000,0.000887,0.000000,0.000914,3.742913,0.000000,0.000000,0.000000,0.000004,2.171733
36910.0,0.000000,0.001215,0.000000,-0.000304,3.742913,0.000000,0.000000,0.000000,0.000000,2.171733
36920.0,0.000000,0.000313,0.000000,-0.000610,3.742913,0.000000,0.000000,0.000000,0.000008,2.171733
36930.0,0.000000,-0.000424,0.000000,-0.000610,3.742913,0.000000,0.000000,0.000000,-0.000004,2.171733
36940.0,0.000000,-0.001244,0.000000,0.000610,3.742913,0.000000,0.000000,0.000000,-0.002415,2.171733
36950.0,0.000000,-0.000670,0.000000,0.000000,3.742913,0.000000,0.000000,0.000000,0.000000,2.171733
36960.0,0.000000,0.000231,0.000000,-0.000304,3.742913,0.000000,0.000000,0.000000,-0.000804,2.171733
36970.0,0.000000,0.000969,0.000000,0.000000,3.742913,0.000000,0.000000,0.000000,0.000804,2.171733
36980.0,0.000000,0.000969,0.000000,0.000610,3.742913,0.000000,0.000000,0.000000,0.000000,2.171733
36990.0,0.000000,0.000231,0.000000,-0.000914,3.742913,0.000000,0.000000,0.000000,0.000000,2.171733
37000.0,0.000000,-0.000670,0.000000,0.000306,3.742913,0.000000,0.000000,0.000000,-0.000804,2.171733
37010.0,0.000000,-0.001244,0.000000,0.000610,3.742913,0.000000,0.000000,0.000000,-0.001612,2.171733
37020.0,0.000000,-0.000424,0.000000,0.000306,3.742913,0.000000,0.000000,0.000000,-0.000808,2.171733
37030.0,0.000000,0.000313,0.000000,-0.000304,3.742913,0.000000,0.000000,0.000000,-0.000808,2.171733
37040.0,0.000000,0.001215,0.000000,0.000000,3.742913,0.000000,0.000000,0.000000,-0.000804,2.171733
37050.0,0.000000,0.000887,0.000000,0.000000,3.742913,0.000000,0.000000,0.000000,-0.000804,2.171733
37060.0,0.000000,-0.000014,0.000000,-0.000304,3.742913,0.000000,0.000000,0.000000,0.000000,2.171733
37070.0,0.000000,-0.000752,0.000000,0.000304,3.742913,0.000000,0.000000,0.000000,-0.001612,2.171733
37080.0,0.000000,-0.001080,0.000000,0.000000,3.742913,0.000000,0.000000,0.000000,0.000808,2.171733
37090.0,0.000000,-0.000342,0.000000,-0.000610,3.742913,0.000000,0.000000,0.000000,0.000000,2.171733
37100.0,0.000000,0.000559,0.000000,0.000304,3.742913,0.000000,0.000000,0.000000,-0.000804,2.171733
37110.0,0.000000,0.001270,0.000000,0.000000,3.742913,0.000000,0.000000,0.000000,0.000808,2.171733
37120.0,0.000000,0.000641,0.000000,0.000610,3.742913,0.000000,0.000000,0.000000,-0.000804,2.171733
37130.0,0.000000,-0.000096,0.000000,0.000607,3.742913,0.000000,0.000000,0.000000,0.000000,2.171733
37140.0,0.000000,-0.000998,0.000000,0.000304,3.742913,0.000000,0.000000,0.000000,0.000004,2.171733
37150.0,0.000000,-0.000998,0.000000,0.000000,3.742913,0.000000,0.000000,0.000000,0.000000,2.171733
37160.0,0.000000,-0.000096,0.000000,0.000000,3.742913,0.000000,0.000000,0.000000,0.001612,2.171733
37170.0,0.000000,0.000641,0.000000,0.000610,3.742913,0.000000,0.000000,0.000000,0.000000,2.171733
37180.0,0.000000,0.001270,0.000000,0.000610,3.742913,0.000000,0.000000,0.000000,0.000804,2.171733
37190.0,0.000000,0.000559,0.000000,0.000000,3.742913,0.000000,0.000000,0.000000,0.000000,2.171733
37200.0,0.000000,-0.000342,0.000000,0.000610,3.742913,0.000000,0.000000,0.000000,-0.000808,2.171733
37210.0,0.000000,-0.001080,0.000000,0.000000,3.742913,0.000000,0.000000,0.000000,0.000804,2.171733
37220.0,0.000000,-0.000752,0.000000,-0.000610,3.742913,0.000000,0.000000,0.000000,0.000000,2.171733
37230.0,0.000000,-0.000014,0.000000,0.000000,3.742913,0.000000,0.000000,0.000000,0.000000,2.171733
37240.0,0.000000,0.000887,0.000000,0.000000,3.742913,0.000000,0.000000,0.000000,0.000808,2.171733
37250.0,0.000000,0.001215,0.000000,-0.001220,3.742913,0.000000,0.000000,0.000000,-0.000804,2.171733
37260.0,0.000000,0.000313,0.000000,0.000914,3.742913,0.000000,0.000000,0.000000,0.000000,2.171733
37270.0,0.000000,-0.000424,0.000000,-0.000304,3.742913,0.000000,0.000000,0.000000,0.001612,2.171733
37280.0,0.000000,-0.001244,0.000000,0.000306,3.742913,0.000000,0.000000,0.000000,0.000004,2.171733
37290.0,0.000000,-0.000670,0.000000,-0.000610,3.742913,0.000000,0.000000,0.000000,0.000804,2.171733
37300.0,0.000000,0.000231,0.000000,0.000914,3.742913,0.000000,0.000000,0.000000,-0.000799,2.171733
37310.0,0.000000,0.000969,0.000000,0.000304,3.742913,0.000000,0.000000,0.000000,0.000804,2.171733
37320.0,0.000000,0.000969,0.000000,0.000000,3.742913,0.000000,0.000000,0.000000,0.003219,2.171733
37330.0,0.000000,0.000231,0.000000,0.000000,3.742913,0.000000,0.000000,0.000000,0.000000,2.171733
37340.0,0.000000,-0.000670,0.000000,0.000000,3.742913,0.000000,0.000000,0.000000,-0.000804,2.171733
37350.0,0.000000,-0.001244,0.000000,0.000000,3.742913,0.000000,0.000000,0.000000,0.000000,2.171733
37360.0,0.000000,-0.000424,0.000000,0.001220,3.742913,0.000000,0.000000,0.000000,-0.000804,2.171733
37370.0,0.000000,0.000313,0.000000,0.000000,3.742913,0.000000,0.000000,0.000000,0.001616,2.171733
37380.0,0.000000,0.001215,0.000000,0.000000,3.742913,0.000000,0.000000,0.000000,0.000000,2.171733
37390.0,0.000000,0.000887,0.000000,0.000000,3.742913,0.000000,0.000000,0.000000,0.000000,2.171733
37400.0,0.000000,-0.000014,0.000000,0.000306,3.742913,0.000000,0.000000,0.000000,0.000000,2.171733
37410.0,0.000000,-0.000752,0.000000,0.000000,3.742913,0.000000,0.000000,0.000000,-0.000808,2.171733
37420.0,0.000000,-0.001080,0.000000,0.000610,3.742913,0.000000,0.000000,0.000000,-0.000804,2.171733
37430.0,0.000000,-0.000342,0.000000,0.000000,3.742913,0.000000,0.000000,0.000000,-0.000808,2.171733
37440.0,0.000000,0.000559,0.000000,0.000000,3.742913,0.000000,0.000000,0.000000,0.000804,2.171733
37450.0,0.000000,0.001270,0.000000,-0.000610,3.742913,0.000000,0.000000,0.000000,-0.000804,2.171733
37460.0,0.000000,0.000641,0.000000,0.000000,3.742913,0.000000,0.000000,0.000000,-0.001607,2.171733
37470.0,0.000000,-0.000096,0.000000,-0.000610,3.742913,0.000000,0.000000,0.000000,0.000000,2.171733
37480.0,0.000000,-0.000998,0.000000,-0.000304,3.742913,0.000000,0.000000,0.000000,-0.000808,2.171733
37490.0,0.000000,-0.000998,0.000000,-0.000610,3.742913,0.000000,0.000000,0.000000,0.000000,2.171733
37500.0,0.000000,-0.000096,0.000000,-0.000610,3.742913,0.000000,0.000000,0.000000,0.001616,2.171733
37510.0,0.000000,0.000641,0.000000,0.000610,3.742913,0.000000,0.000000,0.000000,0.000804,2.171733
37520.0,0.000000,0.001270,0.000000,0.000914,3.742913,0.000000,0.000000,0.000000,0.000808,2.171733
37530.0,0.000000,0.000559,0.000000,0.000610,3.742913,0.000000,0.000000,0.000000,0.000000,2.171733
37540.0,0.000000,-0.000342,0.000000,0.000610,3.742913,0.000000,0.000000,0.000000,-0.000804,2.171733
37550.0,0.000000,-0.001080,0.000000,-0.000610,3.742913,0.000000,0.000000,0.000000,-0.000808,2.171733
37560.0,0.000000,-0.000752,0.000000,0.000610,3.742913,0.000000,0.000000,0.000000,0.000808,2.171733
37570.0,0.000000,-0.000014,0.000000,0.000304,3.742913,0.000000,0.000000,0.000000,0.000808,2.171733
37580.0,0.000000,0.000887,0.000000,-0.000610,3.742913,0.000000,0.000000,0.000000,0.000000,2.171733
37590.0,0.000000,0.001215,0.000000,0.000000,3.742913,0.000000,0.000000,0.000000,-0.001612,2.171733
37600.0,0.000000,0.000313,0.000000,-0.000914,3.742913,0.000000,0.000000,0.000000,0.000808,2.171733
37610.0,0.000000,-0.000424,0.000000,0.000000,3.742913,0.000000,0.000000,0.000000,0.001607,2.171733
37620.0,0.000000,-0.001217,0.000000,0.000610,3.742913,0.000000,0.000000,0.000000,0.001612,2.171733
37630.0,0.000000,-0.000670,0.000000,-0.001523,3.742913,0.000000,0.000000,0.000000,0.000000,2.171733
37640.0,0.000000,0.000231,0.000000,0.000000,3.742913,0.000000,0.000000,0.000000,0.000812,2.171733
37650.0,0.000000,0.000969,0.000000,0.000306,3.742913,0.000000,0.000000,0.000000,0.000808,2.171733
37660.0,0.000000,0.000969,0.000000,0.000306,3.742913,0.000000,0.000000,0.000000,0.000004,2.171733
37670.0,0.000000,0.000231,0.000000,0.000610,3.742913,0.000000,0.000000,0.000000,0.000808,2.171733
37680.0,0.000000,-0.000670,0.000000,0.000610,3.742913,0.000000,0.000000,0.000000,-0.000804,2.171733
37690.0,0.000000,-0.001244,0.000000,-0.000610,3.742913,0.000000,0.000000,0.000000,0.000000,2.171733
37700.0,0.000000,-0.000424,0.000000,-0.000304,3.742913,0.000000,0.000000,0.000000,-0.000804,2.171733
37710.0,0.000000,0.000313,0.000000,-0.000914,3.742913,0.000000,0.000000,0.000000,-0.000804,2.171733
37720.0,0.000000,0.001215,0.000000,-0.000914,3.742913,0.000000,0.000000,0.000000,-0.000804,2.171733
37730.0,0.000000,0.000887,0.000000,0.000000,3.742913,0.000000,0.000000,0.000000,0.000000,2.171733
37740.0,0.000000,-0.000014,0.000000,-0.000914,3.742913,0.000000,0.000000,0.000000,-0.000804,2.171733
37750.0,0.000000,-0.000752,0.000000,0.000000,3.742913,0.000000,0.000000,0.000000,0.000804,2.171733
37760.0,0.000000,-0.001080,0.000000,0.000000,3.742913,0.000000,0.000000,0.000000,0.000004,2.171733
37770.0,0.000000,-0.000342,0.000000,0.000304,3.742913,0.000000,0.000000,0.000000,0.000000,2.171733
37780.0,0.000000,0.000559,0.000000,0.000002,3.742913,0.000000,0.000000,0.000000,-0.000804,2.171733
37790.0,0.000000,0.001270,0.000000,0.000000,3.742913,0.000000,0.000000,0.000000,-0.000808,2.171733
37800.0,0.000000,0.000641,0.000000,0.000610,3.742913,0.000000,0.000000,0.000000,0.000004,2.171733
37810.0,0.000000,-0.000096,0.000000,0.000000,3.742913,0.000000,0.000000,0.000000,-0.001612,2.171733
37820.0,0.000000,-0.000998,0.000000,-0.000304,3.742913,0.000000,0.000000,0.000000,-0.000808,2.171733
37830.0,0.000000,-0.000998,0.000000,0.000304,3.742913,0.000000,0.000000,0.000000,0.000004,2.171733
37840.0,0.000000,-0.000096,0.000000,0.000610,3.742913,0.000000,0.000000,0.000000,0.000004,2.171733
37850.0,0.000000,0.000641,0.000000,-0.000304,3.742913,0.000000,0.000000,0.000000,-0.000004,2.171733
37860.0,0.000000,0.001270,0.000000,0.000610,3.742913,0.000000,0.000000,0.000000,-0.000804,2.171733
37870.0,0.000000,0.000559,0.000000,0.000000,3.742913,0.000000,0.000000,0.000000,-0.001612,2.171733
37880.0,0.000000,-0.000342,0.000000,-0.000304,3.742913,0.000000,0.000000,0.000000,-0.000804,2.171733
37890.0,0.000000,-0.001080,0.000000,0.000610,3.742913,0.000000,0.000000,0.000000,-0.001612,2.171733
37900.0,0.000000,-0.000752,0.000000,0.000000,3.742913,0.000000,0.000000,0.000000,0.000004,2.171733
37910.0,0.000000,-0.000014,0.000000,0.000000,3.742913,0.000000,0.000000,0.000000,-0.000808,2.171733
37920.0,0.000000,0.000887,0.000000,0.000000,3.742913,0.000000,0.000000,0.000000,0.000808,2.171733
37930.0,0.000000,0.001215,0.000000,-0.000914,3.742913,0.000000,0.000000,0.000000,-0.000808,2.171733
37940.0,0.000000,0.000313,0.000000,0.000610,3.742913,0.000000,0.000000,0.000000,0.000004,2.171733
37950.0,0.000000,-0.000424,0.000000,0.000000,3.742913,0.000000,0.000000,0.000000,0.000000,2.171733
37960.0,0.000000,-0.001244,0.000000,-0.000304,3.742913,0.000000,0.000000,0.000000,-0.000799,2.171733
37970.0,0.000000,-0.000670,0.000000,-0.000610,3.742913,0.000000,0.000000,0.000000,0.000804,2.171733
37980.0,0.000000,0.000231,0.000000,0.000000,3.742913,0.000000,0.000000,0.000000,-0.001607,2.171733
37990.0,0.000000,0.000969,0.000000,0.000304,3.742913,0.000000,0.000000,0.000000,-0.000804,2.171733
38000.0,0.000000,0.000969,0.000000,-0.000304,3.742913,0.000000,0.000000,0.000000,0.000808,2.171733
38010.0,0.000000,0.000231,0.000000,-0.000304,3.742913,0.000000,0.000000,0.000000,0.000808,2.171733
38020.0,0.000000,-0.000670,0.000000,0.000000,3.742913,0.000000,0.000000,0.000000,0.000808,2.171733
38030.0,0.000000,-0.001244,0.000000,-0.000610,3.742913,0.000000,0.000000,0.000000,0.000000,2.171733
38040.0,0.000000,-0.000506,0.000000,0.000000,3.742913,0.000000,0.000000,0.000000,0.000808,2.171733
38050.0,0.000000,0.000313,0.000000,0.000610,3.742913,0.000000,0.000000,0.000000,0.000000,2.171733
38060.0,0.000000,0.001215,0.000000,-0.000304,3.742913,0.000000,0.000000,0.000000,0.000004,2.171733
38070.0,0.000000,0.000887,0.000000,0.000610,3.742913,0.000000,0.000000,0.000000,-0.000004,2.171733
38080.0,0.000000,-0.000014,0.000000,0.000914,3.742913,0.000000,0.000000,0.000000,0.000004,2.171733
38090.0,0.000000,-0.000752,0.000000,0.000610,3.742913,0.000000,0.000000,0.000000,0.000804,2.171733
38100.0,0.000000,-0.001080,0.000000,0.000610,3.742913,0.000000,0.000000,0.000000,-0.000804,2.171733
38110.0,0.000000,-0.000342,0.000000,0.000000,3.742913,0.000000,0.000000,0.000000,0.000000,2.171733
38120.0,0.000000,0.000559,0.000000,0.000607,3.742913,0.000000,0.000000,0.000000,0.000000,2.171733
38130.0,0.000000,0.001270,0.000000,0.000610,3.742913,0.000000,0.000000,0.000000,0.000000,2.171733
38140.0,0.000000,0.000641,0.000000,0.000000,3.742913,0.000000,0.000000,0.000000,-0.000804,2.171733
38150.0,0.000000,-0.000096,0.000000,0.000000,3.742913,0.000000,0.000000,0.000000,0.000804,2.171733
38160.0,0.000000,-0.000998,0.000000,0.000000,3.742913,0.000000,0.000000,0.000000,-0.000804,2.171733
38170.0,0.000000,-0.000998,0.000000,0.000000,3.742913,0.000000,0.000000,0.000000,-0.000804,2.171733
38180.0,0.000000,-0.000096,0.000000,0.000914,3.742913,0.000000,0.000000,0.000000,-0.001612,2.171733
38190.0,0.000000,0.000641,0.000000,0.000000,3.742913,0.000000,0.000000,0.000000,0.000004,2.171733
38200.0,0.000000,0.001270,0.000000,0.000306,3.742913,0.000000,0.000000,0.000000,-0.000804,2.171733
38210.0,0.000000,0.000559,0.000000,-0.000610,3.742913,0.000000,0.000000,0.000000,0.000004,2.171733
38220.0,0.000000,-0.000342,0.000000,0.000306,3.742913,0.000000,0.000000,0.000000,0.000808,2.171733
38230.0,0.000000,-0.001080,0.000000,0.000000,3.742913,0.000000,0.000000,0.000000,-0.000004,2.171733
38240.0,0.000000,-0.000752,0.000000,-0.000610,3.742913,0.000000,0.000000,0.000000,0.000004,2.171733
38250.0,0.000000,-0.000014,0.000000,0.000610,3.742913,0.000000,0.000000,0.000000,0.000000,2.171733
38260.0,0.000000,0.000887,0.000000,0.000000,3.742913,0.000000,0.000000,0.000000,0.000000,2.171733
38270.0,0.000000,0.001215,0.000000,0.000304,3.742913,0.000000,0.000000,0.000000,0.000804,2.171733
38280.0,0.000000,0.000313,0.000000,-0.000304,3.742913,0.000000,0.000000,0.000000,0.002415,2.171733
38290.0,0.000000,-0.000424,0.000000,0.000610,3.742913,0.000000,0.000000,0.000000,0.000000,2.171733
38300.0,0.000000,-0.001244,0.000000,0.000000,3.742913,0.000000,0.000000,0.000000,0.000808,2.171733
38310.0,0.000000,-0.000670,0.000000,0.000610,3.742913,0.000000,0.000000,0.000000,-0.000808,2.171733
38320.0,0.000000,0.000231,0.000000,-0.000914,3.742913,0.000000,0.000000,0.000000,0.001616,2.171733
38330.0,0.000000,0.000969,0.000000,0.000000,3.742913,0.000000,0.000000,0.000000,0.000000,2.171733
38340.0,0.000000,0.000969,0.000000,0.000304,3.742913,0.000000,0.000000,0.000000,0.000808,2.171733
38350.0,0.000000,0.000231,0.000000,0.000000,3.742913,0.000000,0.000000,0.000000,0.000808,2.171733
38360.0,0.000000,-0.000670,0.000000,-0.000914,3.742913,0.000000,0.000000,0.000000,0.000808,2.171733
38370.0,0.000000,-0.001244,0.000000,0.000000,3.742913,0.000000,0.000000,0.000000,0.000000,2.171733
38380.0,0.000000,-0.000424,0.000000,-0.000610,3.742913,0.000000,0.000000,0.000000,0.002428,2.171733
38390.0,0.000000,0.000313,0.000000,0.000000,3.742913,0.000000,0.000000,0.000000,0.000004,2.171733
38400.0,0.000000,0.001215,0.000000,0.000304,3.742913,0.000000,0.000000,0.000000,0.000000,2.171733
38410.0,0.000000,0.000887,0.000000,0.000000,3.742913,0.000000,0.000000,0.000000,-0.000004,2.171733
38420.0,0.000000,-0.000014,0.000000,0.000000,3.742913,0.000000,0.000000,0.000000,0.000004,2.171733
38430.0,0.000000,-0.000752,0.000000,0.000304,3.742913,0.000000,0.000000,0.000000,0.000804,2.171733
38440.0,0.000000,-0.001080,0.000000,0.000000,3.742913,0.000000,0.000000,0.000000,-0.000804,2.171733
38450.0,0.000000,-0.000342,0.000000,0.000000,3.742913,0.000000,0.000000,0.000000,0.000804,2.171733
38460.0,0.000000,0.000559,0.000000,0.000304,3.742913,0.000000,0.000000,0.000000,-0.000804,2.171733
38470.0,0.000000,0.001270,0.000000,-0.000610,3.742913,0.000000,0.000000,0.000000,0.000000,2.171733
38480.0,0.000000,0.000641,0.000000,0.000610,3.742913,0.000000,0.000000,0.000000,-0.000804,2.171733
38490.0,0.000000,-0.000096,0.000000,0.000000,3.742913,0.000000,0.000000,0.000000,0.000000,2.171733
38500.0,0.000000,-0.000998,0.000000,-0.000304,3.742913,0.000000,0.000000,0.000000,-0.000804,2.171733
38510.0,0.000000,-0.000998,0.000000,0.000000,3.742913,0.000000,0.000000,0.000000,0.000000,2.171733
38520.0,0.000000,-0.000096,0.000000,-0.000610,3.742913,0.000000,0.000000,0.000000,-0.000804,2.171733
38530.0,0.000000,0.000641,0.000000,0.000000,3.742913,0.000000,0.000000,0.000000,0.000000,2.171733
38540.0,0.000000,0.001270,0.000000,0.000000,3.742913,0.000000,0.000000,0.000000,0.000000,2.171733
38550.0,0.000000,0.000559,0.000000,0.000000,3.742913,0.000000,0.000000,0.000000,0.001612,2.171733
38560.0,0.000000,-0.000342,0.000000,0.000000,3.742913,0.000000,0.000000,0.000000,-0.001607,2.171733
38570.0,0.000000,-0.001080,0.000000,0.000610,3.742913,0.000000,0.000000,0.000000,0.001616,2.171733
38580.0,0.000000,-0.000752,0.000000,0.001220,3.742913,0.000000,0.000000,0.000000,0.000004,2.171733
38590.0,0.000000,-0.000014,0.000000,-0.001220,3.742913,0.000000,0.000000,0.000000,-0.000808,2.171733
38600.0,0.000000,0.000887,0.000000,-0.000607,3.742913,0.000000,0.000000,0.000000,0.000808,2.171733
38610.0,0.000000,0.001215,0.000000,0.000610,3.742913,0.000000,0.000000,0.000000,0.000808,2.171733
38620.0,0.000000,0.000313,0.000000,-0.000607,3.742913,0.000000,0.000000,0.000000,-0.001607,2.171733
38630.0,0.000000,-0.000424,0.000000,0.000000,3.742913,0.000000,0.000000,0.000000,0.000804,2.171733
38640.0,0.000000,-0.001244,0.000000,0.000914,3.742913,0.000000,0.000000,0.000000,0.000004,2.171733
38650.0,0.000000,-0.000670,0.000000,0.000610,3.742913,0.000000,0.000000,0.000000,-0.000804,2.171733
38660.0,0.000000,0.000231,0.000000,-0.001523,3.742913,0.000000,0.000000,0.000000,0.000000,2.171733
38670.0,0.000000,0.000969,0.000000,-0.000304,3.742913,0.000000,0.000000,0.000000,-0.001612,2.171733
38680.0,0.000000,0.000969,0.000000,0.000306,3.742913,0.000000,0.000000,0.000000,0.000808,2.171733
38690.0,0.000000,0.000231,0.000000,0.000000,3.742913,0.000000,0.000000,0.000000,-0.000808,2.171733
38700.0,0.000000,-0.000670,0.000000,0.000610,3.742913,0.000000,0.000000,0.000000,-0.000804,2.171733
38710.0,0.000000,-0.001244,0.000000,0.000607,3.742913,0.000000,0.000000,0.000000,0.000000,2.171733
38720.0,0.000000,-0.000424,0.000000,-0.000304,3.742913,0.000000,0.000000,0.000000,-0.000804,2.171733
38730.0,0.000000,0.000313,0.000000,-0.000304,3.742913,0.000000,0.000000,0.000000,0.000000,2.171733
38740.0,0.000000,0.001215,0.000000,0.000610,3.742913,0.000000,0.000000,0.000000,0.000808,2.171733
38750.0,0.000000,0.000887,0.000000,0.000000,3.742913,0.000000,0.000000,0.000000,-0.000804,2.171733
38760.0,0.000000,-0.000014,0.000000,0.000000,3.742913,0.000000,0.000000,0.000000,0.002424,2.171733
38770.0,0.000000,-0.000752,0.000000,0.000306,3.742913,0.000000,0.000000,0.000000,0.000000,2.171733
38780.0,0.000000,-0.001080,0.000000,-0.000610,3.742913,0.000000,0.000000,0.000000,0.000000,2.171733
38790.0,0.000000,-0.000342,0.000000,0.000000,3.742913,0.000000,0.000000,0.000000,0.000000,2.171733
38800.0,0.000000,0.000559,0.000000,0.000610,3.742913,0.000000,0.000000,0.000000,0.000812,2.171733
38810.0,0.000000,0.001270,0.000000,-0.000610,3.742913,0.000000,0.000000,0.000000,0.001612,2.171733
38820.0,0.000000,0.000641,0.000000,0.000610,3.742913,0.000000,0.000000,0.000000,0.000808,2.171733
38830.0,0.000000,-0.000096,0.000000,0.000306,3.742913,0.000000,0.000000,0.000000,0.000808,2.171733
38840.0,0.000000,-0.000998,0.000000,0.000610,3.742913,0.000000,0.000000,0.000000,0.000808,2.171733
38850.0,0.000000,-0.000998,0.000000,0.000000,3.742913,0.000000,0.000000,0.000000,-0.000808,2.171733
38860.0,0.000000,-0.000096,0.000000,-0.000306,3.742913,0.000000,0.000000,0.000000,0.000808,2.171733
38870.0,0.000000,0.000641,0.000000,0.000304,3.742913,0.000000,0.000000,0.000000,0.000000,2.171733
38880.0,0.000000,0.001270,0.000000,0.000000,3.742913,0.000000,0.000000,0.000000,0.000004,2.171733
38890.0,0.000000,0.000559,0.000000,0.000000,3.742913,0.000000,0.000000,0.000000,0.000808,2.171733
38900.0,0.000000,-0.000342,0.000000,0.000000,3.742913,0.000000,0.000000,0.000000,0.000812,2.171733
38910.0,0.000000,-0.001080,0.000000,0.000000,3.742913,0.000000,0.000000,0.000000,0.000804,2.171733
38920.0,0.000000,-0.000752,0.000000,0.000610,3.742913,0.000000,0.000000,0.000000,0.000000,2.171733
38930.0,0.000000,-0.000014,0.000000,-0.000304,3.742913,0.000000,0.000000,0.000000,-0.001612,2.171733
38940.0,0.000000,0.000887,0.000000,-0.000304,3.742913,0.000000,0.000000,0.000000,0.000000,2.171733
38950.0,0.000000,0.001215,0.000000,0.000610,3.742913,0.000000,0.000000,0.000000,-0.000808,2.171733
38960.0,0.000000,0.000313,0.000000,-0.000304,3.742913,0.000000,0.000000,0.000000,-0.000804,2.171733
38970.0,0.000000,-0.000424,0.000000,0.000000,3.742913,0.000000,0.000000,0.000000,0.000808,2.171733
38980.0,0.000000,-0.001244,0.000000,0.000306,3.742913,0.000000,0.000000,0.000000,0.000004,2.171733
38990.0,0.000000,-0.000670,0.000000,0.000000,3.742913,0.000000,0.000000,0.000000,0.000000,2.171733
39000.0,0.000000,0.000231,0.000000,0.000610,3.742913,0.000000,0.000000,0.000000,-0.000804,2.171733
39010.0,0.000000,0.000969,0.000000,0.000304,3.742913,0.000000,0.000000,0.000000,0.000000,2.171733
39020.0,0.000000,0.000969,0.000000,0.000610,3.742913,0.000000,0.000000,0.000000,-0.000804,2.171733
39030.0,0.000000,0.000231,0.000000,0.000610,3.742913,0.000000,0.000000,0.000000,0.000804,2.171733
39040.0,0.000000,-0.000670,0.000000,0.000304,3.742913,0.000000,0.000000,0.000000,-0.001607,2.171733
39050.0,0.000000,-0.001244,0.000000,-0.000610,3.742913,0.000000,0.000000,0.000000,-0.000004,2.171733
39060.0,0.000000,-0.000424,0.000000,0.000610,3.742913,0.000000,0.000000,0.000000,-0.000804,2.171733
39070.0,0.000000,0.000313,0.000000,0.000610,3.742913,0.000000,0.000000,0.000000,0.000000,2.171733
39080.0,0.000000,0.001215,0.000000,0.000306,3.742913,0.000000,0.000000,0.000000,-0.000804,2.171733
39090.0,0.000000,0.000887,0.000000,-0.000914,3.742913,0.000000,0.000000,0.000000,-0.000808,2.171733
39100.0,0.000000,-0.000014,0.000000,0.000000,3.742913,0.000000,0.000000,0.000000,-0.000804,2.171733
39110.0,0.000000,-0.000752,0.000000,0.000000,3.742913,0.000000,0.000000,0.000000,0.000000,2.171733
39120.0,0.000000,-0.001080,0.000000,0.000610,3.742913,0.000000,0.000000,0.000000,0.000004,2.171733
39130.0,0.000000,-0.000342,0.000000,-0.000304,3.742913,0.000000,0.000000,0.000000,0.002411,2.171733
39140.0,0.000000,0.000559,0.000000,0.000306,3.742913,0.000000,0.000000,0.000000,-0.000799,2.171733
39150.0,0.000000,0.001270,0.000000,0.000914,3.742913,0.000000,0.000000,0.000000,0.000000,2.171733
39160.0,0.000000,0.000641,0.000000,0.000306,3.742913,0.000000,0.000000,0.000000,-0.001607,2.171733
39170.0,0.000000,-0.000096,0.000000,0.000000,3.742913,0.000000,0.000000,0.000000,0.000000,2.171733
39180.0,0.000000,-0.000998,0.000000,-0.000304,3.742913,0.000000,0.000000,0.000000,0.000004,2.171733
39190.0,0.000000,-0.000998,0.000000,0.000304,3.742913,0.000000,0.000000,0.000000,0.000804,2.171733
39200.0,0.000000,-0.000096,0.000000,-0.000304,3.742913,0.000000,0.000000,0.000000,-0.002411,2.171733
39210.0,0.000000,0.000641,0.000000,-0.000306,3.742913,0.000000,0.000000,0.000000,0.000000,2.171733
39220.0,0.000000,0.001270,0.000000,0.000914,3.742913,0.000000,0.000000,0.000000,0.000808,2.171733
39230.0,0.000000,0.000559,0.000000,-0.000610,3.742913,0.000000,0.000000,0.000000,0.000000,2.171733
39240.0,0.000000,-0.000342,0.000000,-0.000610,3.742913,0.000000,0.000000,0.000000,-0.000808,2.171733
39250.0,0.000000,-0.001080,0.000000,0.000610,3.742913,0.000000,0.000000,0.000000,-0.000004,2.171733
39260.0,0.000000,-0.000752,0.000000,-0.000304,3.742913,0.000000,0.000000,0.000000,-0.000804,2.171733
39270.0,0.000000,-0.000014,0.000000,-0.000610,3.742913,0.000000,0.000000,0.000000,0.000000,2.171733
39280.0,0.000000,0.000887,0.000000,-0.000610,3.742913,0.000000,0.000000,0.000000,0.000808,2.171733
39290.0,0.000000,0.001215,0.000000,0.000000,3.742913,0.000000,0.000000,0.000000,-0.001616,2.171733
39300.0,0.000000,0.000313,0.000000,0.000000,3.742913,0.000000,0.000000,0.000000,0.000808,2.171733
39310.0,0.000000,-0.000424,0.000000,-0.000304,3.742913,0.000000,0.000000,0.000000,-0.000804,2.171733
39320.0,0.000000,-0.001217,0.000000,0.000000,3.742913,0.000000,0.000000,0.000000,0.000000,2.171733
39330.0,0.000000,-0.000588,0.000000,0.000000,3.742913,0.000000,0.000000,0.000000,0.000804,2.171733
39340.0,0.000000,0.000150,0.000000,0.000000,3.742913,0.000000,0.000000,0.000000,0.000808,2.171733
39350.0,0.000000,0.001051,0.000000,-0.000610,3.742913,0.000000,0.000000,0.000000,-0.001607,2.171733
39360.0,0.000000,0.001051,0.000000,0.000000,3.742913,0.000000,0.000000,0.000000,0.000000,2.171733
39370.0,0.000000,0.000150,0.000000,-0.000304,3.742913,0.000000,0.000000,0.000000,0.000000,2.171733
39380.0,0.000000,-0.000588,0.000000,0.001220,3.742913,0.000000,0.000000,0.000000,0.000000,2.171733
39390.0,0.000000,-0.001217,0.000000,0.000610,3.742913,0.000000,0.000000,0.000000,0.000000,2.171733
39400.0,0.000000,-0.000506,0.000000,0.000000,3.742913,0.000000,0.000000,0.000000,-0.000808,2.171733
39410.0,0.000000,0.000395,0.000000,0.000610,3.742913,0.000000,0.000000,0.000000,0.000804,2.171733
39420.0,0.000000,0.001133,0.000000,0.000914,3.742913,0.000000,0.000000,0.000000,0.000804,2.171733
39430.0,0.000000,0.000805,0.000000,0.000610,3.742913,0.000000,0.000000,0.000000,-0.000804,2.171733
39440.0,0.000000,0.000068,0.000000,0.000000,3.742913,0.000000,0.000000,0.000000,0.001612,2.171733
39450.0,0.000000,-0.000834,0.000000,0.000306,3.742913,0.000000,0.000000,0.000000,-0.000804,2.171733
39460.0,0.000000,-0.001162,0.000000,0.000000,3.742913,0.000000,0.000000,0.000000,0.000808,2.171733
39470.0,0.000000,-0.000260,0.000000,0.000914,3.742913,0.000000,0.000000,0.000000,0.000000,2.171733
39480.0,0.000000,0.000477,0.000000,0.000000,3.742913,0.000000,0.000000,0.000000,0.000808,2.171733
39490.0,0.000000,0.001297,0.000000,0.000000,3.742913,0.000000,0.000000,0.000000,-0.000804,2.171733
39500.0,0.000000,0.000723,0.000000,0.000000,3.742913,0.000000,0.000000,0.000000,0.000000,2.171733
39510.0,0.000000,-0.000178,0.000000,0.000000,3.742913,0.000000,0.000000,0.000000,0.000000,2.171733
39520.0,0.000000,-0.000916,0.000000,0.000000,3.742913,0.000000,0.000000,0.000000,0.000808,2.171733
39530.0,0.000000,-0.000916,0.000000,0.000610,3.742913,0.000000,0.000000,0.000000,-0.000804,2.171733
39540.0,0.000000,-0.000178,0.000000,0.000000,3.742913,0.000000,0.000000,0.000000,0.000000,2.171733
39550.0,0.000000,0.000723,0.000000,0.000306,3.742913,0.000000,0.000000,0.000000,0.000808,2.171733
39560.0,0.000000,0.001297,0.000000,0.000000,3.742913,0.000000,0.000000,0.000000,0.000000,2.171733
39570.0,0.000000,0.000477,0.000000,-0.000304,3.742913,0.000000,0.000000,0.000000,-0.000804,2.171733
39580.0,0.000000,-0.000260,0.000000,-0.000304,3.742913,0.000000,0.000000,0.000000,0.000000,2.171733
39590.0,0.000000,-0.001162,0.000000,0.000000,3.742913,0.000000,0.000000,0.000000,-0.000799,2.171733
39600.0,0.000000,-0.000834,0.000000,0.000000,3.742913,0.000000,0.000000,0.000000,-0.000808,2.171733
39610.0,0.000000,0.000068,0.000000,0.000610,3.742913,0.000000,0.000000,0.000000,-0.001607,2.171733
39620.0,0.000000,0.000805,0.000000,0.000000,3.742913,0.000000,0.000000,0.000000,-0.001616,2.171733
39630.0,0.000000,0.001133,0.000000,-0.000610,3.742913,0.000000,0.000000,0.000000,-0.000804,2.171733
39640.0,0.000000,0.000395,0.000000,-0.000610,3.742913,0.000000,0.000000,0.000000,0.000000,2.171733
39650.0,0.000000,-0.000506,0.000000,-0.000304,3.742913,0.000000,0.000000,0.000000,-0.000804,2.171733
39660.0,0.000000,-0.001217,0.000000,-0.000306,3.742913,0.000000,0.000000,0.000000,0.000804,2.171733
39670.0,0.000000,-0.000588,0.000000,0.000000,3.742913,0.000000,0.000000,0.000000,0.002415,2.171733
39680.0,0.000000,0.000150,0.000000,0.000306,3.742913,0.000000,0.000000,0.000000,0.000804,2.171733
39690.0,0.000000,0.001051,0.000000,0.000000,3.742913,0.000000,0.000000,0.000000,0.001616,2.171733
39700.0,0.000000,0.001051,0.000000,-0.000304,3.742913,0.000000,0.000000,0.000000,-0.000804,2.171733
39710.0,0.000000,0.000150,0.000000,0.000607,3.742913,0.000000,0.000000,0.000000,-0.000804,2.171733
39720.0,0.000000,-0.000588,0.000000,0.000304,3.742913,0.000000,0.000000,0.000000,0.000804,2.171733
39730.0,0.000000,-0.001217,0.000000,-0.000304,3.742913,0.000000,0.000000,0.000000,0.000004,2.171733
39740.0,0.000000,-0.000506,0.000000,-0.000610,3.742913,0.000000,0.000000,0.000000,0.002415,2.171733
39750.0,0.000000,0.000395,0.000000,0.000304,3.742913,0.000000,0.000000,0.000000,-0.000804,2.171733
39760.0,0.000000,0.001133,0.000000,-0.000610,3.742913,0.000000,0.000000,0.000000,0.000808,2.171733
39770.0,0.000000,0.000805,0.000000,0.000000,3.742913,0.000000,0.000000,0.000000,-0.000799,2.171733
39780.0,0.000000,0.000068,0.000000,0.000000,3.742913,0.000000,0.000000,0.000000,0.000004,2.171733
39790.0,0.000000,-0.000834,0.000000,0.000000,3.742913,0.000000,0.000000,0.000000,0.000000,2.171733
39800.0,0.000000,-0.001162,0.000000,0.000914,3.742913,0.000000,0.000000,0.000000,-0.000808,2.171733
39810.0,0.000000,-0.000260,0.000000,0.000610,3.742913,0.000000,0.000000,0.000000,0.000004,2.171733
39820.0,0.000000,0.000477,0.000000,0.000000,3.742913,0.000000,0.000000,0.000000,0.000000,2.171733
39830.0,0.000000,0.001297,0.000000,0.000000,3.742913,0.000000,0.000000,0.000000,0.000808,2.171733
39840.0,0.000000,0.000723,0.000000,0.000000,3.742913,0.000000,0.000000,0.000000,0.000000,2.171733
39850.0,0.000000,-0.000178,0.000000,0.000000,3.742913,0.000000,0.000000,0.000000,0.000004,2.171733
39860.0,0.000000,-0.000916,0.000000,0.000000,3.742913,0.000000,0.000000,0.000000,-0.000804,2.171733
39870.0,0.000000,-0.000916,0.000000,0.000306,3.742913,0.000000,0.000000,0.000000,0.000000,2.171733
39880.0,0.000000,-0.000178,0.000000,-0.000306,3.742913,0.000000,0.000000,0.000000,0.000000,2.171733
39890.0,0.000000,0.000723,0.000000,0.000610,3.742913,0.000000,0.000000,0.000000,-0.000799,2.171733
39900.0,0.000000,0.001297,0.000000,0.000610,3.742913,0.000000,0.000000,0.000000,0.000804,2.171733
39910.0,0.000000,0.000477,0.000000,-0.000304,3.742913,0.000000,0.000000,0.000000,0.000004,2.171733
39920.0,0.000000,-0.000260,0.000000,-0.000304,3.742913,0.000000,0.000000,0.000000,-0.001612,2.171733
39930.0,0.000000,-0.001162,0.000000,0.000306,3.742913,0.000000,0.000000,0.000000,0.000004,2.171733
39940.0,0.000000,-0.000834,0.000000,0.000610,3.742913,0.000000,0.000000,0.000000,0.000808,2.171733
39950.0,0.000000,0.000068,0.000000,0.000306,3.742913,0.000000,0.000000,0.000000,0.000000,2.171733
39960.0,0.000000,0.000805,0.000000,0.000000,3.742913,0.000000,0.000000,0.000000,0.000000,2.171733
39970.0,0.000000,0.001133,0.000000,0.000304,3.742913,0.000000,0.000000,0.000000,0.000004,2.171733
39980.0,0.000000,0.000395,0.000000,0.000000,3.742913,0.000000,0.000000,0.000000,0.000804,2.171733
39990.0,0.000000,-0.000506,0.000000,-0.000304,3.742913,0.000000,0.000000,0.000000,0.000808,2.171733
40000.0,0.000000,-0.001217,0.000000,-0.001220,3.742913,0.000000,0.000000,0.000000,-0.000808,2.171733
40010.0,0.000000,-0.000588,0.000000,0.000304,3.742913,0.000000,0.000000,0.000000,0.000000,2.171733
40020.0,0.000000,0.000150,0.000000,0.000000,3.742913,0.000000,0.000000,0.000000,-0.001612,2.171733
40030.0,0.000000,0.001051,0.000000,0.000607,3.742913,0.000000,0.000000,0.000000,-0.001603,2.171733
40040.0,0.000000,0.001051,0.000000,0.000000,3.742913,0.000000,0.000000,0.000000,0.000804,2.171733
40050.0,0.000000,0.000150,0.000000,-0.000306,3.742913,0.000000,0.000000,0.000000,0.000000,2.171733
40060.0,0.000000,-0.000588,0.000000,0.000000,3.742913,0.000000,0.000000,0.000000,-0.001612,2.171733
40070.0,0.000000,-0.001217,0.000000,0.000914,3.742913,0.000000,0.000000,0.000000,-0.000804,2.171733
40080.0,0.000000,-0.000506,0.000000,0.000610,3.742913,0.000000,0.000000,0.000000,-0.000004,2.171733
40090.0,0.000000,0.000395,0.000000,0.000304,3.742913,0.000000,0.000000,0.000000,-0.001607,2.171733
40100.0,0.000000,0.001133,0.000000,-0.000304,3.742913,0.000000,0.000000,0.000000,0.000000,2.171733
40110.0,0.000000,0.000805,0.000000,0.000000,3.742913,0.000000,0.000000,0.000000,0.000808,2.171733
40120.0,0.000000,0.000068,0.000000,0.000000,3.742913,0.000000,0.000000,0.000000,0.000000,2.171733
40130.0,0.000000,-0.000834,0.000000,0.000000,3.742913,0.000000,0.000000,0.000000,0.000004,2.171733
40140.0,0.000000,-0.001162,0.000000,0.000000,3.742913,0.000000,0.000000,0.000000,0.000804,2.171733
40150.0,0.000000,-0.000260,0.000000,0.000000,3.742913,0.000000,0.000000,0.000000,-0.000804,2.171733
40160.0,0.000000,0.000477,0.000000,-0.000304,3.742913,0.000000,0.000000,0.000000,0.000000,2.171733
40170.0,0.000000,0.001270,0.000000,-0.000610,3.742913,0.000000,0.000000,0.000000,0.000000,2.171733
40180.0,0.000000,0.000641,0.000000,0.000000,3.742913,0.000000,0.000000,0.000000,0.000808,2.171733
40190.0,0.000000,-0.000096,0.000000,0.000000,3.742913,0.000000,0.000000,0.000000,0.000000,2.171733
40200.0,0.000000,-0.000998,0.000000,-0.000914,3.742913,0.000000,0.000000,0.000000,0.000808,2.171733
40210.0,0.000000,-0.000998,0.000000,0.000000,3.742913,0.000000,0.000000,0.000000,0.000000,2.171733
40220.0,0.000000,-0.000096,0.000000,0.000000,3.742913,0.000000,0.000000,0.000000,0.000808,2.171733
40230.0,0.000000,0.000641,0.000000,0.000000,3.742913,0.000000,0.000000,0.000000,0.000000,2.171733
40240.0,0.000000,0.001270,0.000000,0.000304,3.742913,0.000000,0.000000,0.000000,-0.000799,2.171733
40250.0,0.000000,0.000559,0.000000,0.000000,3.742913,0.000000,0.000000,0.000000,-0.000804,2.171733
40260.0,0.000000,-0.000342,0.000000,0.000610,3.742913,0.000000,0.000000,0.000000,-0.001607,2.171733
40270.0,0.000000,-0.001080,0.000000,0.000610,3.742913,0.000000,0.000000,0.000000,0.000808,2.171733
40280.0,0.000000,-0.000752,0.000000,0.000304,3.742913,0.000000,0.000000,0.000000,0.000004,2.171733
40290.0,0.000000,-0.000014,0.000000,0.000610,3.742913,0.000000,0.000000,0.000000,0.000000,2.171733
40300.0,0.000000,0.000887,0.000000,0.000000,3.742913,0.000000,0.000000,0.000000,-0.000004,2.171733
40310.0,0.000000,0.001215,0.000000,0.000610,3.742913,0.000000,0.000000,0.000000,0.000808,2.171733
40320.0,0.000000,0.000313,0.000000,0.000000,3.742913,0.000000,0.000000,0.000000,0.000808,2.171733
40330.0,0.000000,-0.000424,0.000000,0.000304,3.742913,0.000000,0.000000,0.000000,0.000000,2.171733
40340.0,0.000000,-0.001244,0.000000,0.000306,3.742913,0.000000,0.000000,0.000000,0.000808,2.171733
40350.0,0.000000,-0.000670,0.000000,-0.000304,3.742913,0.000000,0.000000,0.000000,0.000000,2.171733
40360.0,0.000000,0.000231,0.000000,0.000304,3.742913,0.000000,0.000000,0.000000,0.000000,2.171733
40370.0,0.000000,0.000969,0.000000,0.000304,3.742913,0.000000,0.000000,0.000000,0.000000,2.171733
40380.0,0.000000,0.000969,0.000000,0.000610,3.742913,0.000000,0.000000,0.000000,-0.001607,2.171733
40390.0,0.000000,0.000231,0.000000,0.000304,3.742913,0.000000,0.000000,0.000000,0.000000,2.171733
40400.0,0.000000,-0.000670,0.000000,0.000000,3.742913,0.000000,0.000000,0.000000,0.000808,2.171733
40410.0,0.000000,-0.001244,0.000000,0.000000,3.742913,0.000000,0.000000,0.000000,0.000000,2.171733
40420.0,0.000000,-0.000424,0.000000,0.000000,3.742913,0.000000,0.000000,0.000000,0.000808,2.171733
40430.0,0.000000,0.000313,0.000000,0.000000,3.742913,0.000000,0.000000,0.000000,-0.001607,2.171733
40440.0,0.000000,0.001215,0.000000,0.000000,3.742913,0.000000,0.000000,0.000000,-0.000804,2.171733
40450.0,0.000000,0.000887,0.000000,0.000000,3.742913,0.000000,0.000000,0.000000,0.000804,2.171733
40460.0,0.000000,-0.000014,0.000000,-0.000306,3.742913,0.000000,0.000000,0.000000,0.000004,2.171733
40470.0,0.000000,-0.000752,0.000000,-0.000914,3.742913,0.000000,0.000000,0.000000,0.000000,2.171733
40480.0,0.000000,-0.001080,0.000000,0.001220,3.742913,0.000000,0.000000,0.000000,0.000000,2.171733
40490.0,0.000000,-0.000342,0.000000,0.000000,3.742913,0.000000,0.000000,0.000000,0.000804,2.171733
40500.0,0.000000,0.000559,0.000000,-0.000610,3.742913,0.000000,0.000000,0.000000,0.000808,2.171733
40510.0,0.000000,0.001270,0.000000,0.000306,3.742913,0.000000,0.000000,0.000000,0.000808,2.171733
40520.0,0.000000,0.000641,0.000000,0.000610,3.742913,0.000000,0.000000,0.000000,-0.000804,2.171733
40530.0,0.000000,-0.000096,0.000000,-0.000304,3.742913,0.000000,0.000000,0.000000,0.000000,2.171733
40540.0,0.000000,-0.000998,0.000000,-0.000304,3.742913,0.000000,0.000000,0.000000,-0.000804,2.171733
40550.0,0.000000,-0.000998,0.000000,-0.001220,3.742913,0.000000,0.000000,0.000000,0.000000,2.171733
40560.0,0.000000,-0.000096,0.000000,0.000306,3.742913,0.000000,0.000000,0.000000,0.000004,2.171733
40570.0,0.000000,0.000641,0.000000,0.000000,3.742913,0.000000,0.000000,0.000000,0.001612,2.171733
40580.0,0.000000,0.001270,0.000000,0.000000,3.742913,0.000000,0.000000,0.000000,0.000804,2.171733
40590.0,0.000000,0.000559,0.000000,0.000304,3.742913,0.000000,0.000000,0.000000,0.000000,2.171733
40600.0,0.000000,-0.000260,0.000000,0.000000,3.742913,0.000000,0.000000,0.000000,0.000804,2.171733
40610.0,0.000000,-0.001162,0.000000,-0.000304,3.742913,0.000000,0.000000,0.000000,0.000004,2.171733
40620.0,0.000000,-0.000834,0.000000,0.000000,3.742913,0.000000,0.000000,0.000000,-0.000808,2.171733
40630.0,0.000000,0.000068,0.000000,-0.000607,3.742913,0.000000,0.000000,0.000000,0.000000,2.171733
40640.0,0.000000,0.000805,0.000000,0.000000,3.742913,0.000000,0.000000,0.000000,0.000808,2.171733
40650.0,0.000000,0.001133,0.000000,-0.001523,3.742913,0.000000,0.000000,0.000000,-0.000799,2.171733
40660.0,0.000000,0.000395,0.000000,0.000000,3.742913,0.000000,0.000000,0.000000,0.000000,2.171733
40670.0,0.000000,-0.000506,0.000000,0.000306,3.742913,0.000000,0.000000,0.000000,-0.001607,2.171733
40680.0,0.000000,-0.001217,0.000000,-0.000610,3.742913,0.000000,0.000000,0.000000,-0.000004,2.171733
40690.0,0.000000,-0.000588,0.000000,0.000304,3.742913,0.000000,0.000000,0.000000,-0.000804,2.171733
40700.0,0.000000,0.000150,0.000000,0.000000,3.742913,0.000000,0.000000,0.000000,-0.000804,2.171733
40710.0,0.000000,0.001051,0.000000,0.000610,3.742913,0.000000,0.000000,0.000000,0.000004,2.171733
40720.0,0.000000,0.001051,0.000000,-0.000304,3.742913,0.000000,0.000000,0.000000,0.000808,2.171733
40730.0,0.000000,0.000150,0.000000,-0.000304,3.742913,0.000000,0.000000,0.000000,0.000000,2.171733
40740.0,0.000000,-0.000588,0.000000,0.000000,3.742913,0.000000,0.000000,0.000000,0.000004,2.171733
40750.0,0.000000,-0.001217,0.000000,-0.000304,3.742913,0.000000,0.000000,0.000000,0.000004,2.171733
40760.0,0.000000,-0.000506,0.000000,0.000000,3.742913,0.000000,0.000000,0.000000,0.000000,2.171733
40770.0,0.000000,0.000395,0.000000,0.000610,3.742913,0.000000,0.000000,0.000000,0.001607,2.171733
40780.0,0.000000,0.001133,0.000000,0.000304,3.742913,0.000000,0.000000,0.000000,0.001607,2.171733
40790.0,0.000000,0.000805,0.000000,0.000914,3.742913,0.000000,0.000000,0.000000,0.000004,2.171733
40800.0,0.000000,0.000068,0.000000,0.000610,3.742913,0.000000,0.000000,0.000000,0.000000,2.171733
40810.0,0.000000,-0.000834,0.000000,-0.000304,3.742913,0.000000,0.000000,0.000000,-0.000799,2.171733
40820.0,0.000000,-0.001162,0.000000,-0.000610,3.742913,0.000000,0.000000,0.000000,-0.000804,2.171733
40830.0,0.000000,-0.000260,0.000000,0.001220,3.742913,0.000000,0.000000,0.000000,-0.000804,2.171733
40840.0,0.000000,0.000477,0.000000,0.000000,3.742913,0.000000,0.000000,0.000000,-0.001612,2.171733
40850.0,0.000000,0.001297,0.000000,0.000306,3.742913,0.000000,0.000000,0.000000,0.000804,2.171733
40860.0,0.000000,0.000723,0.000000,0.000000,3.742913,0.000000,0.000000,0.000000,0.000804,2.171733
40870.0,0.000000,-0.000178,0.000000,0.000000,3.742913,0.000000,0.000000,0.000000,0.000000,2.171733
40880.0,0.000000,-0.000916,0.000000,0.000306,3.742913,0.000000,0.000000,0.000000,0.000000,2.171733
40890.0,0.000000,-0.000916,0.000000,0.000304,3.742913,0.000000,0.000000,0.000000,0.000808,2.171733
40900.0,0.000000,-0.000178,0.000000,0.000306,3.742913,0.000000,0.000000,0.000000,0.000808,2.171733
40910.0,0.000000,0.000723,0.000000,-0.001523,3.742913,0.000000,0.000000,0.000000,0.000000,2.171733
40920.0,0.000000,0.001297,0.000000,-0.000304,3.742913,0.000000,0.000000,0.000000,-0.000808,2.171733
40930.0,0.000000,0.000477,0.000000,0.000610,3.742913,0.000000,0.000000,0.000000,0.000812,2.171733
40940.0,0.000000,-0.000260,0.000000,0.000306,3.742913,0.000000,0.000000,0.000000,0.000804,2.171733
40950.0,0.000000,-0.001162,0.000000,-0.000610,3.742913,0.000000,0.000000,0.000000,-0.000804,2.171733
40960.0,0.000000,-0.000834,0.000000,0.000304,3.742913,0.000000,0.000000,0.000000,0.002420,2.171733
40970.0,0.000000,0.000068,0.000000,0.000304,3.742913,0.000000,0.000000,0.000000,0.000808,2.171733
40980.0,0.000000,0.000805,0.000000,0.000000,3.742913,0.000000,0.000000,0.000000,0.000804,2.171733
40990.0,0.000000,0.001133,0.000000,0.000000,3.742913,0.000000,0.000000,0.000000,-0.000799,2.171733
41000.0,0.000000,0.000395,0.000000,0.000000,3.742913,0.000000,0.000000,0.000000,0.001607,2.171733
41010.0,0.000000,-0.000506,0.000000,0.000000,3.742913,0.000000,0.000000,0.000000,0.000808,2.171733
41020.0,0.000000,-0.001217,0.000000,-0.000304,3.742913,0.000000,0.000000,0.000000,-0.000808,2.171733
41030.0,0.000000,-0.000670,0.000000,0.000000,3.742913,0.000000,0.000000,0.000000,0.000808,2.171733
41040.0,0.000000,0.000231,0.000000,0.001523,3.742913,0.000000,0.000000,0.000000,0.000808,2.171733
41050.0,0.000000,0.000969,0.000000,0.000000,3.742913,0.000000,0.000000,0.000000,0.000000,2.171733
41060.0,0.000000,0.000969,0.000000,-0.001220,3.742913,0.000000,0.000000,0.000000,0.000004,2.171733
41070.0,0.000000,0.000231,0.000000,0.000000,3.742913,0.000000,0.000000,0.000000,0.001616,2.171733
41080.0,0.000000,-0.000670,0.000000,0.000610,3.742913,0.000000,0.000000,0.000000,-0.000804,2.171733
41090.0,0.000000,-0.001244,0.000000,0.000000,3.742913,0.000000,0.000000,0.000000,0.002424,2.171733
41100.0,0.000000,-0.000424,0.000000,0.000000,3.742913,0.000000,0.000000,0.000000,0.000812,2.171733
41110.0,0.000000,0.000313,0.000000,0.000610,3.742913,0.000000,0.000000,0.000000,0.000000,2.171733
41120.0,0.000000,0.001215,0.000000,0.000000,3.742913,0.000000,0.000000,0.000000,0.001607,2.171733
41130.0,0.000000,0.000887,0.000000,-0.000306,3.742913,0.000000,0.000000,0.000000,-0.000804,2.171733
41140.0,0.000000,-0.000014,0.000000,0.000306,3.742913,0.000000,0.000000,0.000000,0.000000,2.171733
41150.0,0.000000,-0.000752,0.000000,0.000610,3.742913,0.000000,0.000000,0.000000,0.000804,2.171733
41160.0,0.000000,-0.001080,0.000000,-0.000304,3.742913,0.000000,0.000000,0.000000,0.000000,2.171733
41170.0,0.000000,-0.000342,0.000000,0.000306,3.742913,0.000000,0.000000,0.000000,0.000804,2.171733
41180.0,0.000000,0.000559,0.000000,-0.000304,3.742913,0.000000,0.000000,0.000000,0.000808,2.171733
41190.0,0.000000,0.001270,0.000000,0.000306,3.742913,0.000000,0.000000,0.000000,0.000808,2.171733
41200.0,0.000000,0.000641,0.000000,0.000610,3.742913,0.000000,0.000000,0.000000,0.001612,2.171733
41210.0,0.000000,-0.000096,0.000000,0.000000,3.742913,0.000000,0.000000,0.000000,0.000000,2.171733
41220.0,0.000000,-0.000998,0.000000,-0.000914,3.742913,0.000000,0.000000,0.000000,0.000808,2.171733
41230.0,0.000000,-0.000998,0.000000,0.000000,3.742913,0.000000,0.000000,0.000000,0.000000,2.171733
41240.0,0.000000,-0.000096,0.000000,-0.000304,3.742913,0.000000,0.000000,0.000000,0.000000,2.171733
41250.0,0.000000,0.000641,0.000000,0.000000,3.742913,0.000000,0.000000,0.000000,0.000004,2.171733
41260.0,0.000000,0.001270,0.000000,0.000610,3.742913,0.000000,0.000000,0.000000,-0.000804,2.171733
41270.0,0.000000,0.000559,0.000000,0.000000,3.742913,0.000000,0.000000,0.000000,0.001612,2.171733
41280.0,0.000000,-0.000342,0.000000,0.000000,3.742913,0.000000,0.000000,0.000000,0.000000,2.171733
41290.0,0.000000,-0.001080,0.000000,0.000000,3.742913,0.000000,0.000000,0.000000,0.000000,2.171733
41300.0,0.000000,-0.000752,0.000000,-0.000914,3.742913,0.000000,0.000000,0.000000,-0.000799,2.171733
41310.0,0.000000,-0.000014,0.000000,-0.000304,3.742913,0.000000,0.000000,0.000000,-0.002420,2.171733
41320.0,0.000000,0.000887,0.000000,0.000306,3.742913,0.000000,0.000000,0.000000,-0.000804,2.171733
41330.0,0.000000,0.001215,0.000000,0.000000,3.742913,0.000000,0.000000,0.000000,0.002424,2.171733
41340.0,0.000000,0.000313,0.000000,0.000306,3.742913,0.000000,0.000000,0.000000,-0.000804,2.171733
41350.0,0.000000,-0.000424,0.000000,-0.000304,3.742913,0.000000,0.000000,0.000000,0.000804,2.171733
41360.0,0.000000,-0.001244,0.000000,0.000000,3.742913,0.000000,0.000000,0.000000,0.000000,2.171733
41370.0,0.000000,-0.000670,0.000000,-0.000610,3.742913,0.000000,0.000000,0.000000,-0.000804,2.171733
41380.0,0.000000,0.000231,0.000000,0.000000,3.742913,0.000000,0.000000,0.000000,-0.000804,2.171733
41390.0,0.000000,0.000969,0.000000,0.000000,3.742913,0.000000,0.000000,0.000000,0.000000,2.171733
41400.0,0.000000,0.000969,0.000000,0.000000,3.742913,0.000000,0.000000,0.000000,-0.000804,2.171733
41410.0,0.000000,0.000231,0.000000,0.000306,3.742913,0.000000,0.000000,0.000000,0.000808,2.171733
41420.0,0.000000,-0.000670,0.000000,0.000610,3.742913,0.000000,0.000000,0.000000,-0.000804,2.171733
41430.0,0.000000,-0.001244,0.000000,0.000000,3.742913,0.000000,0.000000,0.000000,0.000808,2.171733
41440.0,0.000000,-0.000424,0.000000,0.000304,3.742913,0.000000,0.000000,0.000000,0.000004,2.171733
41450.0,0.000000,0.000313,0.000000,0.000304,3.742913,0.000000,0.000000,0.000000,0.000808,2.171733
41460.0,0.000000,0.001215,0.000000,0.000610,3.742913,0.000000,0.000000,0.000000,-0.001612,2.171733
41470.0,0.000000,0.000887,0.000000,-0.000306,3.742913,0.000000,0.000000,0.000000,-0.001607,2.171733
41480.0,0.000000,-0.000014,0.000000,-0.000304,3.742913,0.000000,0.000000,0.000000,0.000000,2.171733
41490.0,0.000000,-0.000752,0.000000,0.000000,3.742913,0.000000,0.000000,0.000000,0.000804,2.171733
41500.0,0.000000,-0.001080,0.000000,-0.000304,3.742913,0.000000,0.000000,0.000000,-0.000804,2.171733
41510.0,0.000000,-0.000342,0.000000,0.000000,3.742913,0.000000,0.000000,0.000000,0.000808,2.171733
41520.0,0.000000,0.000559,0.000000,-0.000304,3.742913,0.000000,0.000000,0.000000,0.000004,2.171733
41530.0,0.000000,0.001270,0.000000,0.000610,3.742913,0.000000,0.000000,0.000000,0.000804,2.171733
41540.0,0.000000,0.000641,0.000000,0.000610,3.742913,0.000000,0.000000,0.000000,-0.000804,2.171733
41550.0,0.000000,-0.000096,0.000000,0.000610,3.742913,0.000000,0.000000,0.000000,0.000000,2.171733
41560.0,0.000000,-0.000998,0.000000,0.000000,3.742913,0.000000,0.000000,0.000000,-0.000799,2.171733
41570.0,0.000000,-0.000998,0.000000,0.000000,3.742913,0.000000,0.000000,0.000000,0.000000,2.171733
41580.0,0.000000,-0.000096,0.000000,0.000000,3.742913,0.000000,0.000000,0.000000,0.000004,2.171733
41590.0,0.000000,0.000641,0.000000,0.000610,3.742913,0.000000,0.000000,0.000000,-0.001612,2.171733
41600.0,0.000000,0.001270,0.000000,0.000000,3.742913,0.000000,0.000000,0.000000,-0.000804,2.171733
41610.0,0.000000,0.000559,0.000000,0.000000,3.742913,0.000000,0.000000,0.000000,0.000000,2.171733
41620.0,0.000000,-0.000342,0.000000,0.000306,3.742913,0.000000,0.000000,0.000000,0.000000,2.171733
41630.0,0.000000,-0.001080,0.000000,0.000607,3.742913,0.000000,0.000000,0.000000,0.001616,2.171733
41640.0,0.000000,-0.000752,0.000000,0.000000,3.742913,0.000000,0.000000,0.000000,-0.002415,2.171733
41650.0,0.000000,-0.000014,0.000000,0.000610,3.742913,0.000000,0.000000,0.000000,0.000000,2.171733
41660.0,0.000000,0.000887,0.000000,-0.000610,3.742913,0.000000,0.000000,0.000000,0.000000,2.171733
41670.0,0.000000,0.001215,0.000000,-0.000304,3.742913,0.000000,0.000000,0.000000,-0.000808,2.171733
41680.0,0.000000,0.000313,0.000000,0.001220,3.742913,0.000000,0.000000,0.000000,0.000004,2.171733
41690.0,0.000000,-0.000424,0.000000,0.000610,3.742913,0.000000,0.000000,0.000000,0.000000,2.171733
41700.0,0.000000,-0.001244,0.000000,-0.000304,3.742913,0.000000,0.000000,0.000000,0.000000,2.171733
41710.0,0.000000,-0.000670,0.000000,0.000306,3.742913,0.000000,0.000000,0.000000,-0.000808,2.171733
41720.0,0.000000,0.000231,0.000000,0.000000,3.742913,0.000000,0.000000,0.000000,0.000004,2.171733
41730.0,0.000000,0.000969,0.000000,0.001220,3.742913,0.000000,0.000000,0.000000,-0.000004,2.171733
41740.0,0.000000,0.000969,0.000000,0.000000,3.742913,0.000000,0.000000,0.000000,-0.000799,2.171733
41750.0,0.000000,0.000231,0.000000,0.000610,3.742913,0.000000,0.000000,0.000000,-0.000808,2.171733
41760.0,0.000000,-0.000670,0.000000,0.000610,3.742913,0.000000,0.000000,0.000000,0.000808,2.171733
41770.0,0.000000,-0.001244,0.000000,0.000000,3.742913,0.000000,0.000000,0.000000,-0.000804,2.171733
41780.0,0.000000,-0.000424,0.000000,0.000000,3.742913,0.000000,0.000000,0.000000,-0.001607,2.171733
41790.0,0.000000,0.000313,0.000000,-0.000610,3.742913,0.000000,0.000000,0.000000,0.001612,2.171733
41800.0,0.000000,0.001215,0.000000,-0.000304,3.742913,0.000000,0.000000,0.000000,-0.001607,2.171733
41810.0,0.000000,0.000887,0.000000,0.000000,3.742913,0.000000,0.000000,0.000000,0.000000,2.171733
41820.0,0.000000,-0.000014,0.000000,0.000000,3.742913,0.000000,0.000000,0.000000,0.000808,2.171733
41830.0,0.000000,-0.000752,0.000000,-0.000304,3.742913,0.000000,0.000000,0.000000,-0.000808,2.171733
41840.0,0.000000,-0.001080,0.000000,0.000000,3.742913,0.000000,0.000000,0.000000,-0.000804,2.171733
41850.0,0.000000,-0.000342,0.000000,-0.000304,3.742913,0.000000,0.000000,0.000000,0.002415,2.171733
41860.0,0.000000,0.000559,0.000000,0.000610,3.742913,0.000000,0.000000,0.000000,0.000808,2.171733
41870.0,0.000000,0.001270,0.000000,0.000000,3.742913,0.000000,0.000000,0.000000,-0.000804,2.171733
41880.0,0.000000,0.000641,0.000000,-0.000306,3.742913,0.000000,0.000000,0.000000,0.001616,2.171733
41890.0,0.000000,-0.000096,0.000000,0.000306,3.742913,0.000000,0.000000,0.000000,0.000000,2.171733
41900.0,0.000000,-0.000998,0.000000,0.000610,3.742913,0.000000,0.000000,0.000000,0.000808,2.171733
41910.0,0.000000,-0.000998,0.000000,0.000000,3.742913,0.000000,0.000000,0.000000,-0.001607,2.171733
41920.0,0.000000,-0.000096,0.000000,0.000304,3.742913,0.000000,0.000000,0.000000,0.000000,2.171733
41930.0,0.000000,0.000641,0.000000,0.000000,3.742913,0.000000,0.000000,0.000000,0.000000,2.171733
41940.0,0.000000,0.001270,0.000000,0.000306,3.742913,0.000000,0.000000,0.000000,0.001620,2.171733
41950.0,0.000000,0.000559,0.000000,0.000306,3.742913,0.000000,0.000000,0.000000,0.002415,2.171733
41960.0,0.000000,-0.000342,0.000000,0.000306,3.742913,0.000000,0.000000,0.000000,0.001607,2.171733
41970.0,0.000000,-0.001080,0.000000,0.000000,3.742913,0.000000,0.000000,0.000000,0.000000,2.171733
41980.0,0.000000,-0.000752,0.000000,0.000000,3.742913,0.000000,0.000000,0.000000,0.000004,2.171733
41990.0,0.000000,-0.000014,0.000000,0.000306,3.742913,0.000000,0.000000,0.000000,0.000000,2.171733
42000.0,0.000000,0.000887,0.000000,-0.000914,3.742913,0.000000,0.000000,0.000000,-0.000799,2.171733
42010.0,0.000000,0.001215,0.000000,0.000000,3.742913,0.000000,0.000000,0.000000,0.000000,2.171733
42020.0,0.000000,0.000313,0.000000,0.000306,3.742913,0.000000,0.000000,0.000000,-0.000804,2.171733
42030.0,0.000000,-0.000424,0.000000,0.000000,3.742913,0.000000,0.000000,0.000000,0.000000,2.171733
42040.0,0.000000,-0.001244,0.000000,0.000607,3.742913,0.000000,0.000000,0.000000,0.000004,2.171733
42050.0,0.000000,-0.000670,0.000000,-0.000304,3.742913,0.000000,0.000000,0.000000,0.003223,2.171733
42060.0,0.000000,0.000231,0.000000,-0.000304,3.742913,0.000000,0.000000,0.000000,0.000000,2.171733
42070.0,0.000000,0.000969,0.000000,-0.000610,3.742913,0.000000,0.000000,0.000000,0.000000,2.171733
42080.0,0.000000,0.000969,0.000000,-0.000304,3.742913,0.000000,0.000000,0.000000,-0.000804,2.171733
42090.0,0.000000,0.000231,0.000000,0.000914,3.742913,0.000000,0.000000,0.000000,-0.000804,2.171733
42100.0,0.000000,-0.000670,0.000000,0.000000,3.742913,0.000000,0.000000,0.000000,0.000808,2.171733
42110.0,0.000000,-0.001244,0.000000,0.000000,3.742913,0.000000,0.000000,0.000000,0.000000,2.171733
42120.0,0.000000,-0.000424,0.000000,-0.000304,3.742913,0.000000,0.000000,0.000000,0.000808,2.171733
42130.0,0.000000,0.000313,0.000000,0.000607,3.742913,0.000000,0.000000,0.000000,0.000000,2.171733
42140.0,0.000000,0.001215,0.000000,0.000610,3.742913,0.000000,0.000000,0.000000,0.000004,2.171733
42150.0,0.000000,0.000887,0.000000,0.000607,3.742913,0.000000,0.000000,0.000000,-0.000804,2.171733
42160.0,0.000000,-0.000014,0.000000,0.000000,3.742913,0.000000,0.000000,0.000000,-0.000808,2.171733
42170.0,0.000000,-0.000752,0.000000,0.000000,3.742913,0.000000,0.000000,0.000000,0.000000,2.171733
42180.0,0.000000,-0.001080,0.000000,-0.000610,3.742913,0.000000,0.000000,0.000000,0.000000,2.171733
42190.0,0.000000,-0.000342,0.000000,-0.000610,3.742913,0.000000,0.000000,0.000000,0.000799,2.171733
42200.0,0.000000,0.000559,0.000000,0.000304,3.742913,0.000000,0.000000,0.000000,0.000808,2.171733
42210.0,0.000000,0.001270,0.000000,0.000000,3.742913,0.000000,0.000000,0.000000,0.000808,2.171733
42220.0,0.000000,0.000641,0.000000,0.000000,3.742913,0.000000,0.000000,0.000000,-0.000808,2.171733
42230.0,0.000000,-0.000096,0.000000,0.000610,3.742913,0.000000,0.000000,0.000000,0.000000,2.171733
42240.0,0.000000,-0.000998,0.000000,0.001217,3.742913,0.000000,0.000000,0.000000,0.000000,2.171733
42250.0,0.000000,-0.000998,0.000000,0.000306,3.742913,0.000000,0.000000,0.000000,0.000000,2.171733
42260.0,0.000000,-0.000096,0.000000,0.000610,3.742913,0.000000,0.000000,0.000000,0.000808,2.171733
42270.0,0.000000,0.000641,0.000000,0.000914,3.742913,0.000000,0.000000,0.000000,-0.000004,2.171733
42280.0,0.000000,0.001270,0.000000,-0.000914,3.742913,0.000000,0.000000,0.000000,0.000808,2.171733
42290.0,0.000000,0.000559,0.000000,0.000000,3.742913,0.000000,0.000000,0.000000,0.000000,2.171733
42300.0,0.000000,-0.000260,0.000000,0.000000,3.742913,0.000000,0.000000,0.000000,0.000808,2.171733
42310.0,0.000000,-0.001162,0.000000,-0.000610,3.742913,0.000000,0.000000,0.000000,0.000808,2.171733
42320.0,0.000000,-0.000834,0.000000,-0.000304,3.742913,0.000000,0.000000,0.000000,0.000804,2.171733
42330.0,0.000000,0.000068,0.000000,0.000000,3.742913,0.000000,0.000000,0.000000,0.000004,2.171733
42340.0,0.000000,0.000805,0.000000,-0.000306,3.742913,0.000000,0.000000,0.000000,0.000000,2.171733
42350.0,0.000000,0.001133,0.000000,0.000000,3.742913,0.000000,0.000000,0.000000,-0.000804,2.171733
42360.0,0.000000,0.000395,0.000000,0.000610,3.742913,0.000000,0.000000,0.000000,0.001607,2.171733
42370.0,0.000000,-0.000506,0.000000,0.000916,3.742913,0.000000,0.000000,0.000000,-0.000808,2.171733
42380.0,0.000000,-0.001217,0.000000,0.000610,3.742913,0.000000,0.000000,0.000000,-0.000808,2.171733
42390.0,0.000000,-0.000588,0.000000,0.000610,3.742913,0.000000,0.000000,0.000000,-0.001607,2.171733
42400.0,0.000000,0.000150,0.000000,0.000000,3.742913,0.000000,0.000000,0.000000,0.000000,2.171733
42410.0,0.000000,0.001051,0.000000,-0.000610,3.742913,0.000000,0.000000,0.000000,0.000808,2.171733
42420.0,0.000000,0.001051,0.000000,0.000000,3.742913,0.000000,0.000000,0.000000,0.000000,2.171733
42430.0,0.000000,0.000150,0.000000,-0.000914,3.742913,0.000000,0.000000,0.000000,0.000004,2.171733
42440.0,0.000000,-0.000588,0.000000,0.000000,3.742913,0.000000,0.000000,0.000000,0.000804,2.171733
42450.0,0.000000,-0.001217,0.000000,-0.000304,3.742913,0.000000,0.000000,0.000000,-0.001607,2.171733
42460.0,0.000000,-0.000506,0.000000,0.000610,3.742913,0.000000,0.000000,0.000000,0.000000,2.171733
42470.0,0.000000,0.000395,0.000000,-0.000304,3.742913,0.000000,0.000000,0.000000,0.000804,2.171733
42480.0,0.000000,0.001133,0.000000,0.000000,3.742913,0.000000,0.000000,0.000000,0.000000,2.171733
42490.0,0.000000,0.000805,0.000000,0.000610,3.742913,0.000000,0.000000,0.000000,0.000000,2.171733
42500.0,0.000000,0.000068,0.000000,0.000000,3.742913,0.000000,0.000000,0.000000,0.000808,2.171733
42510.0,0.000000,-0.000834,0.000000,0.000000,3.742913,0.000000,0.000000,0.000000,0.000004,2.171733
42520.0,0.000000,-0.001162,0.000000,-0.000304,3.742913,0.000000,0.000000,0.000000,-0.000004,2.171733
42530.0,0.000000,-0.000260,0.000000,0.000000,3.742913,0.000000,0.000000,0.000000,0.000808,2.171733
42540.0,0.000000,0.000477,0.000000,-0.000306,3.742913,0.000000,0.000000,0.000000,-0.000004,2.171733
42550.0,0.000000,0.001297,0.000000,0.000000,3.742913,0.000000,0.000000,0.000000,-0.000804,2.171733
42560.0,0.000000,0.000723,0.000000,0.000000,3.742913,0.000000,0.000000,0.000000,0.000000,2.171733
42570.0,0.000000,-0.000178,0.000000,0.000000,3.742913,0.000000,0.000000,0.000000,-0.000804,2.171733
42580.0,0.000000,-0.000916,0.000000,0.000306,3.742913,0.000000,0.000000,0.000000,0.000808,2.171733
42590.0,0.000000,-0.000916,0.000000,0.000914,3.742913,0.000000,0.000000,0.000000,0.000808,2.171733
42600.0,0.000000,-0.000178,0.000000,0.000000,3.742913,0.000000,0.000000,0.000000,-0.001612,2.171733
42610.0,0.000000,0.000723,0.000000,0.000000,3.742913,0.000000,0.000000,0.000000,0.000004,2.171733
42620.0,0.000000,0.001297,0.000000,0.000610,3.742913,0.000000,0.000000,0.000000,0.000000,2.171733
42630.0,0.000000,0.000477,0.000000,0.000610,3.742913,0.000000,0.000000,0.000000,0.000808,2.171733
42640.0,0.000000,-0.000260,0.000000,0.000000,3.742913,0.000000,0.000000,0.000000,-0.000804,2.171733
42650.0,0.000000,-0.001162,0.000000,-0.000304,3.742913,0.000000,0.000000,0.000000,0.000004,2.171733
42660.0,0.000000,-0.000834,0.000000,0.000000,3.742913,0.000000,0.000000,0.000000,0.000000,2.171733
42670.0,0.000000,0.000068,0.000000,0.000002,3.742913,0.000000,0.000000,0.000000,0.000004,2.171733
42680.0,0.000000,0.000805,0.000000,0.000304,3.742913,0.000000,0.000000,0.000000,0.000000,2.171733
42690.0,0.000000,0.001133,0.000000,0.000000,3.742913,0.000000,0.000000,0.000000,0.000808,2.171733
42700.0,0.000000,0.000395,0.000000,0.000304,3.742913,0.000000,0.000000,0.000000,0.000000,2.171733
42710.0,0.000000,-0.000506,0.000000,0.000304,3.742913,0.000000,0.000000,0.000000,-0.000804,2.171733
42720.0,0.000000,-0.001217,0.000000,0.000000,3.742913,0.000000,0.000000,0.000000,0.000808,2.171733
42730.0,0.000000,-0.000588,0.000000,0.001220,3.742913,0.000000,0.000000,0.000000,0.000004,2.171733
42740.0,0.000000,0.000150,0.000000,-0.000304,3.742913,0.000000,0.000000,0.000000,0.000000,2.171733
42750.0,0.000000,0.001051,0.000000,0.000000,3.742913,0.000000,0.000000,0.000000,0.000004,2.171733
42760.0,0.000000,0.001051,0.000000,-0.000610,3.742913,0.000000,0.000000,0.000000,0.001607,2.171733
42770.0,0.000000,0.000150,0.000000,0.000000,3.742913,0.000000,0.000000,0.000000,0.000004,2.171733
42780.0,0.000000,-0.000588,0.000000,0.000607,3.742913,0.000000,0.000000,0.000000,0.000000,2.171733
42790.0,0.000000,-0.001217,0.000000,-0.000304,3.742913,0.000000,0.000000,0.000000,-0.000808,2.171733
42800.0,0.000000,-0.000506,0.000000,0.000304,3.742913,0.000000,0.000000,0.000000,-0.001612,2.171733
42810.0,0.000000,0.000395,0.000000,0.000000,3.742913,0.000000,0.000000,0.000000,0.000004,2.171733
42820.0,0.000000,0.001133,0.000000,0.000610,3.742913,0.000000,0.000000,0.000000,0.000000,2.171733
42830.0,0.000000,0.000805,0.000000,0.000610,3.742913,0.000000,0.000000,0.000000,-0.000808,2.171733
42840.0,0.000000,0.000068,0.000000,0.000000,3.742913,0.000000,0.000000,0.000000,-0.001612,2.171733
42850.0,0.000000,-0.000834,0.000000,0.000000,3.742913,0.000000,0.000000,0.000000,-0.000804,2.171733
42860.0,0.000000,-0.001162,0.000000,0.000610,3.742913,0.000000,0.000000,0.000000,0.001612,2.171733
42870.0,0.000000,-0.000260,0.000000,0.000304,3.742913,0.000000,0.000000,0.000000,0.001607,2.171733
42880.0,0.000000,0.000477,0.000000,-0.000304,3.742913,0.000000,0.000000,0.000000,0.001607,2.171733
42890.0,0.000000,0.001297,0.000000,-0.001523,3.742913,0.000000,0.000000,0.000000,-0.000804,2.171733
42900.0,0.000000,0.000723,0.000000,-0.000304,3.742913,0.000000,0.000000,0.000000,0.000000,2.171733
42910.0,0.000000,-0.000178,0.000000,-0.001220,3.742913,0.000000,0.000000,0.000000,0.000004,2.171733
42920.0,0.000000,-0.000916,0.000000,0.000304,3.742913,0.000000,0.000000,0.000000,0.000804,2.171733
42930.0,0.000000,-0.000916,0.000000,0.000914,3.742913,0.000000,0.000000,0.000000,-0.000808,2.171733
42940.0,0.000000,-0.000178,0.000000,0.000000,3.742913,0.000000,0.000000,0.000000,-0.000804,2.171733
42950.0,0.000000,0.000723,0.000000,0.000000,3.742913,0.000000,0.000000,0.000000,0.000000,2.171733
42960.0,0.000000,0.001297,0.000000,0.000000,3.742913,0.000000,0.000000,0.000000,-0.001607,2.171733
42970.0,0.000000,0.000477,0.000000,-0.000304,3.742913,0.000000,0.000000,0.000000,0.000812,2.171733
42980.0,0.000000,-0.000260,0.000000,-0.000914,3.742913,0.000000,0.000000,0.000000,0.000000,2.171733
42990.0,0.000000,-0.001162,0.000000,-0.000610,3.742913,0.000000,0.000000,0.000000,0.000004,2.171733
43000.0,0.000000,-0.000834,0.000000,0.000304,3.742913,0.000000,0.000000,0.000000,-0.000804,2.171733
43010.0,0.000000,0.000068,0.000000,0.000000,3.742913,0.000000,0.000000,0.000000,0.000004,2.171733
43020.0,0.000000,0.000805,0.000000,0.000304,3.742913,0.000000,0.000000,0.000000,-0.000004,2.171733
43030.0,0.000000,0.001133,0.000000,0.000000,3.742913,0.000000,0.000000,0.000000,0.000808,2.171733
43040.0,0.000000,0.000395,0.000000,0.000000,3.742913,0.000000,0.000000,0.000000,-0.000808,2.171733
43050.0,0.000000,-0.000506,0.000000,-0.000610,3.742913,0.000000,0.000000,0.000000,-0.001612,2.171733
43060.0,0.000000,-0.001217,0.000000,0.000000,3.742913,0.000000,0.000000,0.000000,0.000000,2.171733
43070.0,0.000000,-0.000588,0.000000,-0.000304,3.742913,0.000000,0.000000,0.000000,0.000004,2.171733
43080.0,0.000000,0.000150,0.000000,-0.000610,3.742913,0.000000,0.000000,0.000000,0.000808,2.171733
43090.0,0.000000,0.001051,0.000000,-0.001220,3.742913,0.000000,0.000000,0.000000,0.000013,2.171733
43100.0,0.000000,0.001051,0.000000,0.000000,3.742913,0.000000,0.000000,0.000000,0.000808,2.171733
43110.0,0.000000,0.000150,0.000000,0.000306,3.742913,0.000000,0.000000,0.000000,0.000004,2.171733
43120.0,0.000000,-0.000588,0.000000,-0.000610,3.742913,0.000000,0.000000,0.000000,0.000799,2.171733
43130.0,0.000000,-0.001217,0.000000,-0.000304,3.742913,0.000000,0.000000,0.000000,0.000004,2.171733
43140.0,0.000000,-0.000506,0.000000,-0.001220,3.742913,0.000000,0.000000,0.000000,0.000000,2.171733
43150.0,0.000000,0.000313,0.000000,0.000000,3.742913,0.000000,0.000000,0.000000,0.000000,2.171733
43160.0,0.000000,0.001215,0.000000,0.000000,3.742913,0.000000,0.000000,0.000000,-0.000804,2.171733
43170.0,0.000000,0.000887,0.000000,0.000000,3.742913,0.000000,0.000000,0.000000,-0.001612,2.171733
43180.0,0.000000,-0.000014,0.000000,0.000000,3.742913,0.000000,0.000000,0.000000,0.000808,2.171733
43190.0,0.000000,-0.000752,0.000000,-0.000610,3.742913,0.000000,0.000000,0.000000,0.000804,2.171733
43200.0,0.000000,-0.001080,0.000000,0.000304,3.742913,0.000000,0.000000,0.000000,0.000000,2.171733
43210.0,0.000000,-0.000342,0.000000,0.000610,3.742913,0.000000,0.000000,0.000000,-0.001612,2.171733
43220.0,0.000000,0.000559,0.000000,0.000000,3.742913,0.000000,0.000000,0.000000,-0.000804,2.171733
43230.0,0.000000,0.001270,0.000000,-0.000304,3.742913,0.000000,0.000000,0.000000,0.000808,2.171733
43240.0,0.000000,0.000641,0.000000,0.000610,3.742913,0.000000,0.000000,0.000000,-0.000804,2.171733
43250.0,0.000000,-0.000096,0.000000,0.000000,3.742913,0.000000,0.000000,0.000000,-0.000808,2.171733
43260.0,0.000000,-0.000998,0.000000,0.000610,3.742913,0.000000,0.000000,0.000000,0.000004,2.171733
43270.0,0.000000,-0.000998,0.000000,0.000000,3.742913,0.000000,0.000000,0.000000,-0.000804,2.171733
43280.0,0.000000,-0.000096,0.000000,0.000610,3.742913,0.000000,0.000000,0.000000,0.000004,2.171733
43290.0,0.000000,0.000641,0.000000,-0.000610,3.742913,0.000000,0.000000,0.000000,0.000000,2.171733
43300.0,0.000000,0.001270,0.000000,0.000000,3.742913,0.000000,0.000000,0.000000,-0.001612,2.171733
43310.0,0.000000,0.000559,0.000000,0.000914,3.742913,0.000000,0.000000,0.000000,0.000000,2.171733
43320.0,0.000000,-0.000342,0.000000,0.000000,3.742913,0.000000,0.000000,0.000000,0.000004,2.171733
43330.0,0.000000,-0.001080,0.000000,0.000610,3.742913,0.000000,0.000000,0.000000,0.000004,2.171733
43340.0,0.000000,-0.000752,0.000000,0.000610,3.742913,0.000000,0.000000,0.000000,0.000812,2.171733
43350.0,0.000000,-0.000014,0.000000,0.001220,3.742913,0.000000,0.000000,0.000000,0.000000,2.171733
43360.0,0.000000,0.000887,0.000000,0.000000,3.742913,0.000000,0.000000,0.000000,0.000000,2.171733
43370.0,0.000000,0.001215,0.000000,-0.000304,3.742913,0.000000,0.000000,0.000000,0.000000,2.171733
43380.0,0.000000,0.000313,0.000000,0.000000,3.742913,0.000000,0.000000,0.000000,-0.000804,2.171733
43390.0,0.000000,-0.000424,0.000000,-0.000914,3.742913,0.000000,0.000000,0.000000,-0.000799,2.171733
43400.0,0.000000,-0.001244,0.000000,0.000610,3.742913,0.000000,0.000000,0.000000,0.000808,2.171733
43410.0,0.000000,-0.000670,0.000000,0.000000,3.742913,0.000000,0.000000,0.000000,-0.000804,2.171733
43420.0,0.000000,0.000231,0.000000,-0.000304,3.742913,0.000000,0.000000,0.000000,0.000004,2.171733
43430.0,0.000000,0.000969,0.000000,0.000000,3.742913,0.000000,0.000000,0.000000,-0.000004,2.171733
43440.0,0.000000,0.000969,0.000000,0.000304,3.742913,0.000000,0.000000,0.000000,-0.000804,2.171733
43450.0,0.000000,0.000231,0.000000,0.000000,3.742913,0.000000,0.000000,0.000000,0.000804,2.171733
43460.0,0.000000,-0.000670,0.000000,-0.000304,3.742913,0.000000,0.000000,0.000000,0.002415,2.171733
43470.0,0.000000,-0.001244,0.000000,-0.000914,3.742913,0.000000,0.000000,0.000000,0.000804,2.171733
43480.0,0.000000,-0.000424,0.000000,0.000000,3.742913,0.000000,0.000000,0.000000,0.000004,2.171733
43490.0,0.000000,0.000313,0.000000,0.000306,3.742913,0.000000,0.000000,0.000000,-0.000804,2.171733
43500.0,0.000000,0.001215,0.000000,-0.000304,3.742913,0.000000,0.000000,0.000000,-0.000804,2.171733
43510.0,0.000000,0.000887,0.000000,-0.000610,3.742913,0.000000,0.000000,0.000000,0.000808,2.171733
43520.0,0.000000,-0.000014,0.000000,-0.001220,3.742913,0.000000,0.000000,0.000000,0.000000,2.171733
43530.0,0.000000,-0.000752,0.000000,0.000000,3.742913,0.000000,0.000000,0.000000,0.000804,2.171733
43540.0,0.000000,-0.001080,0.000000,-0.000610,3.742913,0.000000,0.000000,0.000000,0.000000,2.171733
43550.0,0.000000,-0.000342,0.000000,0.000304,3.742913,0.000000,0.000000,0.000000,-0.000004,2.171733
43560.0,0.000000,0.000559,0.000000,0.000306,3.742913,0.000000,0.000000,0.000000,-0.000804,2.171733
43570.0,0.000000,0.001270,0.000000,0.001220,3.742913,0.000000,0.000000,0.000000,0.001607,2.171733
43580.0,0.000000,0.000641,0.000000,-0.000610,3.742913,0.000000,0.000000,0.000000,-0.000804,2.171733
43590.0,0.000000,-0.000096,0.000000,0.000000,3.742913,0.000000,0.000000,0.000000,-0.000004,2.171733
43600.0,0.000000,-0.000998,0.000000,0.000000,3.742913,0.000000,0.000000,0.000000,-0.000804,2.171733
43610.0,0.000000,-0.000998,0.000000,0.001217,3.742913,0.000000,0.000000,0.000000,0.000000,2.171733
43620.0,0.000000,-0.000096,0.000000,0.000000,3.742913,0.000000,0.000000,0.000000,-0.000804,2.171733
43630.0,0.000000,0.000641,0.000000,-0.000610,3.742913,0.000000,0.000000,0.000000,0.000000,2.171733
43640.0,0.000000,0.001270,0.000000,-0.000304,3.742913,0.000000,0.000000,0.000000,-0.000799,2.171733
43650.0,0.000000,0.000559,0.000000,0.000000,3.742913,0.000000,0.000000,0.000000,0.000799,2.171733
43660.0,0.000000,-0.000342,0.000000,0.000306,3.742913,0.000000,0.000000,0.000000,0.000808,2.171733
43670.0,0.000000,-0.001080,0.000000,0.000000,3.742913,0.000000,0.000000,0.000000,0.000000,2.171733
43680.0,0.000000,-0.000752,0.000000,0.000304,3.742913,0.000000,0.000000,0.000000,-0.001612,2.171733
43690.0,0.000000,-0.000014,0.000000,-0.000306,3.742913,0.000000,0.000000,0.000000,0.000004,2.171733
43700.0,0.000000,0.000887,0.000000,-0.000304,3.742913,0.000000,0.000000,0.000000,0.000808,2.171733
43710.0,0.000000,0.001215,0.000000,-0.000610,3.742913,0.000000,0.000000,0.000000,-0.001612,2.171733
43720.0,0.000000,0.000313,0.000000,0.000916,3.742913,0.000000,0.000000,0.000000,0.000000,2.171733
43730.0,0.000000,-0.000424,0.000000,0.000306,3.742913,0.000000,0.000000,0.000000,0.000000,2.171733
43740.0,0.000000,-0.001244,0.000000,0.000610,3.742913,0.000000,0.000000,0.000000,-0.001607,2.171733
43750.0,0.000000,-0.000670,0.000000,0.000610,3.742913,0.000000,0.000000,0.000000,-0.000808,2.171733
43760.0,0.000000,0.000231,0.000000,0.000304,3.742913,0.000000,0.000000,0.000000,-0.000808,2.171733
43770.0,0.000000,0.000969,0.000000,-0.000304,3.742913,0.000000,0.000000,0.000000,0.000000,2.171733
43780.0,0.000000,0.000969,0.000000,-0.000304,3.742913,0.000000,0.000000,0.000000,0.000808,2.171733
43790.0,0.000000,0.000231,0.000000,0.000000,3.742913,0.000000,0.000000,0.000000,0.000000,2.171733
43800.0,0.000000,-0.000670,0.000000,0.000610,3.742913,0.000000,0.000000,0.000000,0.001603,2.171733
43810.0,0.000000,-0.001244,0.000000,0.000000,3.742913,0.000000,0.000000,0.000000,0.000804,2.171733
43820.0,0.000000,-0.000424,0.000000,-0.000304,3.742913,0.000000,0.000000,0.000000,0.000004,2.171733
43830.0,0.000000,0.000313,0.000000,0.000610,3.742913,0.000000,0.000000,0.000000,-0.000804,2.171733
43840.0,0.000000,0.001215,0.000000,0.000610,3.742913,0.000000,0.000000,0.000000,0.000000,2.171733
43850.0,0.000000,0.000887,0.000000,-0.000610,3.742913,0.000000,0.000000,0.000000,0.003215,2.171733
43860.0,0.000000,-0.000014,0.000000,0.000610,3.742913,0.000000,0.000000,0.000000,0.004835,2.171733
43870.0,0.000000,-0.000752,0.000000,0.000610,3.742913,0.000000,0.000000,0.000000,0.000000,2.171733
43880.0,0.000000,-0.001080,0.000000,0.000914,3.742913,0.000000,0.000000,0.000000,0.000808,2.171733
43890.0,0.000000,-0.000342,0.000000,0.000610,3.742913,0.000000,0.000000,0.000000,0.000000,2.171733
43900.0,0.000000,0.000559,0.000000,-0.000914,3.742913,0.000000,0.000000,0.000000,0.000004,2.171733
43910.0,0.000000,0.001270,0.000000,0.000304,3.742913,0.000000,0.000000,0.000000,0.000804,2.171733
43920.0,0.000000,0.000641,0.000000,0.000610,3.742913,0.000000,0.000000,0.000000,-0.000804,2.171733
43930.0,0.000000,-0.000096,0.000000,0.000610,3.742913,0.000000,0.000000,0.000000,0.003223,2.171733
43940.0,0.000000,-0.000998,0.000000,0.000304,3.742913,0.000000,0.000000,0.000000,0.001612,2.171733
43950.0,0.000000,-0.000998,0.000000,0.000914,3.742913,0.000000,0.000000,0.000000,0.000000,2.171733
43960.0,0.000000,-0.000096,0.000000,0.000000,3.742913,0.000000,0.000000,0.000000,-0.000804,2.171733
43970.0,0.000000,0.000641,0.000000,0.000000,3.742913,0.000000,0.000000,0.000000,0.000000,2.171733
43980.0,0.000000,0.001270,0.000000,0.000304,3.742913,0.000000,0.000000,0.000000,0.001612,2.171733
43990.0,0.000000,0.000559,0.000000,0.000914,3.742913,0.000000,0.000000,0.000000,0.000000,2.171733
44000.0,0.000000,-0.000342,0.000000,0.000000,3.742913,0.000000,0.000000,0.000000,0.000808,2.171733
44010.0,0.000000,-0.001080,0.000000,-0.000610,3.742913,0.000000,0.000000,0.000000,0.000000,2.171733
44020.0,0.000000,-0.000752,0.000000,0.000610,3.742913,0.000000,0.000000,0.000000,-0.001607,2.171733
44030.0,0.000000,-0.000014,0.000000,0.000304,3.742913,0.000000,0.000000,0.000000,0.000808,2.171733
44040.0,0.000000,0.000887,0.000000,0.000610,3.742913,0.000000,0.000000,0.000000,-0.001603,2.171733
44050.0,0.000000,0.001215,0.000000,-0.000304,3.742913,0.000000,0.000000,0.000000,0.000000,2.171733
44060.0,0.000000,0.000313,0.000000,0.000306,3.742913,0.000000,0.000000,0.000000,0.000004,2.171733
44070.0,0.000000,-0.000424,0.000000,0.000000,3.742913,0.000000,0.000000,0.000000,0.000000,2.171733
44080.0,0.000000,-0.001244,0.000000,0.000610,3.742913,0.000000,0.000000,0.000000,-0.000808,2.171733
44090.0,0.000000,-0.000670,0.000000,0.000304,3.742913,0.000000,0.000000,0.000000,0.001616,2.171733
44100.0,0.000000,0.000231,0.000000,0.000914,3.742913,0.000000,0.000000,0.000000,0.000808,2.171733
44110.0,0.000000,0.000969,0.000000,0.000000,3.742913,0.000000,0.000000,0.000000,0.000000,2.171733
44120.0,0.000000,0.000969,0.000000,-0.000914,3.742913,0.000000,0.000000,0.000000,0.000808,2.171733
44130.0,0.000000,0.000231,0.000000,0.000000,3.742913,0.000000,0.000000,0.000000,0.000000,2.171733
44140.0,0.000000,-0.000670,0.000000,0.000306,3.742913,0.000000,0.000000,0.000000,0.000008,2.171733
44150.0,0.000000,-0.001244,0.000000,0.000000,3.742913,0.000000,0.000000,0.000000,0.000000,2.171733
44160.0,0.000000,-0.000424,0.000000,0.000610,3.742913,0.000000,0.000000,0.000000,0.000000,2.171733
44170.0,0.000000,0.000313,0.000000,-0.000304,3.742913,0.000000,0.000000,0.000000,-0.000804,2.171733
44180.0,0.000000,0.001215,0.000000,0.000000,3.742913,0.000000,0.000000,0.000000,-0.000804,2.171733
44190.0,0.000000,0.000887,0.000000,0.000000,3.742913,0.000000,0.000000,0.000000,0.000000,2.171733
44200.0,0.000000,-0.000014,0.000000,-0.000304,3.742913,0.000000,0.000000,0.000000,0.000000,2.171733
44210.0,0.000000,-0.000752,0.000000,0.000000,3.742913,0.000000,0.000000,0.000000,-0.000808,2.171733
44220.0,0.000000,-0.001080,0.000000,-0.000304,3.742913,0.000000,0.000000,0.000000,-0.001607,2.171733
44230.0,0.000000,-0.000342,0.000000,0.000000,3.742913,0.000000,0.000000,0.000000,0.000808,2.171733
44240.0,0.000000,0.000559,0.000000,0.000610,3.742913,0.000000,0.000000,0.000000,0.000004,2.171733
44250.0,0.000000,0.001270,0.000000,0.000610,3.742913,0.000000,0.000000,0.000000,0.001607,2.171733
44260.0,0.000000,0.000641,0.000000,0.000610,3.742913,0.000000,0.000000,0.000000,-0.000799,2.171733
44270.0,0.000000,-0.000096,0.000000,-0.000610,3.742913,0.000000,0.000000,0.000000,0.000000,2.171733
44280.0,0.000000,-0.000998,0.000000,-0.000304,3.742913,0.000000,0.000000,0.000000,0.000004,2.171733
44290.0,0.000000,-0.000998,0.000000,0.000304,3.742913,0.000000,0.000000,0.000000,-0.000804,2.171733
44300.0,0.000000,-0.000096,0.000000,-0.000610,3.742913,0.000000,0.000000,0.000000,-0.001607,2.171733
44310.0,0.000000,0.000641,0.000000,-0.000610,3.742913,0.000000,0.000000,0.000000,-0.001612,2.171733
44320.0,0.000000,0.001270,0.000000,0.000914,3.742913,0.000000,0.000000,0.000000,-0.000799,2.171733
44330.0,0.000000,0.000559,0.000000,0.001220,3.742913,0.000000,0.000000,0.000000,0.000000,2.171733
44340.0,0.000000,-0.000342,0.000000,0.000000,3.742913,0.000000,0.000000,0.000000,-0.000804,2.171733
44350.0,0.000000,-0.001080,0.000000,0.000000,3.742913,0.000000,0.000000,0.000000,0.000804,2.171733
44360.0,0.000000,-0.000752,0.000000,0.000304,3.742913,0.000000,0.000000,0.000000,0.000004,2.171733
44370.0,0.000000,-0.000014,0.000000,0.000000,3.742913,0.000000,0.000000,0.000000,-0.000804,2.171733
44380.0,0.000000,0.000887,0.000000,0.000304,3.742913,0.000000,0.000000,0.000000,0.001612,2.171733
44390.0,0.000000,0.001215,0.000000,0.000000,3.742913,0.000000,0.000000,0.000000,0.000804,2.171733
44400.0,0.000000,0.000313,0.000000,-0.000610,3.742913,0.000000,0.000000,0.000000,0.000808,2.171733
44410.0,0.000000,-0.000424,0.000000,0.000000,3.742913,0.000000,0.000000,0.000000,0.000000,2.171733
44420.0,0.000000,-0.001217,0.000000,0.000000,3.742913,0.000000,0.000000,0.000000,0.000804,2.171733
44430.0,0.000000,-0.000670,0.000000,0.001217,3.742913,0.000000,0.000000,0.000000,0.000000,2.171733
44440.0,0.000000,0.000231,0.000000,0.000000,3.742913,0.000000,0.000000,0.000000,0.001616,2.171733
44450.0,0.000000,0.000969,0.000000,0.000610,3.742913,0.000000,0.000000,0.000000,0.002415,2.171733
44460.0,0.000000,0.000969,0.000000,0.000306,3.742913,0.000000,0.000000,0.000000,0.000000,2.171733
44470.0,0.000000,0.000231,0.000000,0.000000,3.742913,0.000000,0.000000,0.000000,-0.000004,2.171733
44480.0,0.000000,-0.000670,0.000000,0.000000,3.742913,0.000000,0.000000,0.000000,0.000004,2.171733
44490.0,0.000000,-0.001244,0.000000,0.000000,3.742913,0.000000,0.000000,0.000000,0.004014,2.171733
44500.0,0.000000,-0.000424,0.000000,0.000000,3.742913,0.000000,0.000000,0.000000,-0.000804,2.171733
44510.0,0.000000,0.000313,0.000000,0.000000,3.742913,0.000000,0.000000,0.000000,0.001612,2.171733
44520.0,0.000000,0.001215,0.000000,0.000306,3.742913,0.000000,0.000000,0.000000,-0.000804,2.171733
44530.0,0.000000,0.000887,0.000000,0.000607,3.742913,0.000000,0.000000,0.000000,0.000808,2.171733
44540.0,0.000000,-0.000014,0.000000,-0.000304,3.742913,0.000000,0.000000,0.000000,-0.000804,2.171733
44550.0,0.000000,-0.000752,0.000000,0.000000,3.742913,0.000000,0.000000,0.000000,-0.000804,2.171733
44560.0,0.000000,-0.001080,0.000000,0.000610,3.742913,0.000000,0.000000,0.000000,0.000808,2.171733
44570.0,0.000000,-0.000342,0.000000,0.000304,3.742913,0.000000,0.000000,0.000000,0.000000,2.171733
44580.0,0.000000,0.000559,0.000000,-0.000914,3.742913,0.000000,0.000000,0.000000,-0.000804,2.171733
44590.0,0.000000,0.001270,0.000000,-0.000914,3.742913,0.000000,0.000000,0.000000,0.000804,2.171733
44600.0,0.000000,0.000641,0.000000,-0.000304,3.742913,0.000000,0.000000,0.000000,-0.000804,2.171733
44610.0,0.000000,-0.000096,0.000000,0.000000,3.742913,0.000000,0.000000,0.000000,0.000000,2.171733
44620.0,0.000000,-0.000998,0.000000,0.000610,3.742913,0.000000,0.000000,0.000000,-0.000804,2.171733
44630.0,0.000000,-0.000998,0.000000,-0.000610,3.742913,0.000000,0.000000,0.000000,-0.000804,2.171733
44640.0,0.000000,-0.000096,0.000000,-0.000914,3.742913,0.000000,0.000000,0.000000,-0.000804,2.171733
44650.0,0.000000,0.000641,0.000000,-0.000002,3.742913,0.000000,0.000000,0.000000,0.000000,2.171733
44660.0,0.000000,0.001270,0.000000,0.000000,3.742913,0.000000,0.000000,0.000000,0.001612,2.171733
44670.0,0.000000,0.000559,0.000000,0.000306,3.742913,0.000000,0.000000,0.000000,-0.000004,2.171733
44680.0,0.000000,-0.000342,0.000000,0.000304,3.742913,0.000000,0.000000,0.000000,0.000004,2.171733
44690.0,0.000000,-0.001080,0.000000,-0.000610,3.742913,0.000000,0.000000,0.000000,0.000000,2.171733
44700.0,0.000000,-0.000752,0.000000,0.000306,3.742913,0.000000,0.000000,0.000000,-0.001607,2.171733
44710.0,0.000000,-0.000014,0.000000,0.000000,3.742913,0.000000,0.000000,0.000000,0.000804,2.171733
44720.0,0.000000,0.000887,0.000000,0.001217,3.742913,0.000000,0.000000,0.000000,-0.000799,2.171733
44730.0,0.000000,0.001215,0.000000,0.000000,3.742913,0.000000,0.000000,0.000000,-0.000808,2.171733
44740.0,0.000000,0.000313,0.000000,0.000914,3.742913,0.000000,0.000000,0.000000,-0.000808,2.171733
44750.0,0.000000,-0.000424,0.000000,0.000000,3.742913,0.000000,0.000000,0.000000,0.000000,2.171733
44760.0,0.000000,-0.001244,0.000000,0.000304,3.742913,0.000000,0.000000,0.000000,-0.001612,2.171733
44770.0,0.000000,-0.000670,0.000000,-0.000304,3.742913,0.000000,0.000000,0.000000,0.000804,2.171733
44780.0,0.000000,0.000231,0.000000,0.000610,3.742913,0.000000,0.000000,0.000000,0.000808,2.171733
44790.0,0.000000,0.000969,0.000000,0.001220,3.742913,0.000000,0.000000,0.000000,0.000000,2.171733
44800.0,0.000000,0.000969,0.000000,0.000306,3.742913,0.000000,0.000000,0.000000,0.000808,2.171733
44810.0,0.000000,0.000231,0.000000,-0.000610,3.742913,0.000000,0.000000,0.000000,0.000000,2.171733
44820.0,0.000000,-0.000670,0.000000,0.000304,3.742913,0.000000,0.000000,0.000000,-0.001612,2.171733
44830.0,0.000000,-0.001244,0.000000,-0.000610,3.742913,0.000000,0.000000,0.000000,0.000804,2.171733
44840.0,0.000000,-0.000506,0.000000,0.000610,3.742913,0.000000,0.000000,0.000000,0.000000,2.171733
44850.0,0.000000,0.000395,0.000000,0.000000,3.742913,0.000000,0.000000,0.000000,0.000808,2.171733
44860.0,0.000000,0.001133,0.000000,-0.000304,3.742913,0.000000,0.000000,0.000000,-0.001612,2.171733
44870.0,0.000000,0.000805,0.000000,-0.000914,3.742913,0.000000,0.000000,0.000000,0.000004,2.171733
44880.0,0.000000,0.000068,0.000000,0.000000,3.742913,0.000000,0.000000,0.000000,0.000000,2.171733
44890.0,0.000000,-0.000834,0.000000,0.000306,3.742913,0.000000,0.000000,0.000000,0.000000,2.171733
44900.0,0.000000,-0.001162,0.000000,0.000306,3.742913,0.000000,0.000000,0.000000,-0.001612,2.171733
44910.0,0.000000,-0.000260,0.000000,0.000000,3.742913,0.000000,0.000000,0.000000,0.000808,2.171733
44920.0,0.000000,0.000477,0.000000,-0.000914,3.742913,0.000000,0.000000,0.000000,0.000000,2.171733
44930.0,0.000000,0.001297,0.000000,0.000610,3.742913,0.000000,0.000000,0.000000,0.000004,2.171733
44940.0,0.000000,0.000723,0.000000,0.000610,3.742913,0.000000,0.000000,0.000000,-0.000804,2.171733
44950.0,0.000000,-0.000178,0.000000,0.000610,3.742913,0.000000,0.000000,0.000000,-0.001612,2.171733
44960.0,0.000000,-0.000916,0.000000,-0.000610,3.742913,0.000000,0.000000,0.000000,0.000000,2.171733
44970.0,0.000000,-0.000916,0.000000,0.000306,3.742913,0.000000,0.000000,0.000000,-0.002415,2.171733
44980.0,0.000000,-0.000178,0.000000,0.000304,3.742913,0.000000,0.000000,0.000000,0.000808,2.171733
44990.0,0.000000,0.000723,0.000000,0.000304,3.742913,0.000000,0.000000,0.000000,-0.001612,2.171733
45000.0,0.000000,0.001297,0.000000,0.000000,3.742913,0.000000,0.000000,0.000000,0.000000,2.171733
45010.0,0.000000,0.000477,0.000000,-0.000610,3.742913,0.000000,0.000000,0.000000,-0.000799,2.171733
45020.0,0.000000,-0.000260,0.000000,0.000000,3.742913,0.000000,0.000000,0.000000,0.000808,2.171733
45030.0,0.000000,-0.001162,0.000000,0.000304,3.742913,0.000000,0.000000,0.000000,0.001607,2.171733
45040.0,0.000000,-0.000834,0.000000,0.000607,3.742913,0.000000,0.000000,0.000000,0.000004,2.171733
45050.0,0.000000,0.000068,0.000000,0.000000,3.742913,0.000000,0.000000,0.000000,-0.001607,2.171733
45060.0,0.000000,0.000805,0.000000,-0.000610,3.742913,0.000000,0.000000,0.000000,0.000000,2.171733
45070.0,0.000000,0.001133,0.000000,0.000002,3.742913,0.000000,0.000000,0.000000,-0.001607,2.171733
45080.0,0.000000,0.000395,0.000000,-0.000304,3.742913,0.000000,0.000000,0.000000,0.000000,2.171733
45090.0,0.000000,-0.000506,0.000000,-0.001220,3.742913,0.000000,0.000000,0.000000,0.002424,2.171733
45100.0,0.000000,-0.001217,0.000000,0.000914,3.742913,0.000000,0.000000,0.000000,0.001612,2.171733
45110.0,0.000000,-0.000588,0.000000,0.000000,3.742913,0.000000,0.000000,0.000000,0.001620,2.171733
45120.0,0.000000,0.000150,0.000000,0.000306,3.742913,0.000000,0.000000,0.000000,0.000804,2.171733
45130.0,0.000000,0.001051,0.000000,-0.000610,3.742913,0.000000,0.000000,0.000000,-0.000804,2.171733
45140.0,0.000000,0.001051,0.000000,0.000610,3.742913,0.000000,0.000000,0.000000,0.000808,2.171733
45150.0,0.000000,0.000150,0.000000,0.000000,3.742913,0.000000,0.000000,0.000000,-0.000804,2.171733
45160.0,0.000000,-0.000588,0.000000,0.000914,3.742913,0.000000,0.000000,0.000000,0.000804,2.171733
45170.0,0.000000,-0.001217,0.000000,-0.001827,3.742913,0.000000,0.000000,0.000000,0.000808,2.171733
45180.0,0.000000,-0.000506,0.000000,-0.000304,3.742913,0.000000,0.000000,0.000000,0.000804,2.171733
45190.0,0.000000,0.000395,0.000000,0.000304,3.742913,0.000000,0.000000,0.000000,0.001612,2.171733
45200.0,0.000000,0.001133,0.000000,0.000304,3.742913,0.000000,0.000000,0.000000,0.000808,2.171733
45210.0,0.000000,0.000805,0.000000,0.000000,3.742913,0.000000,0.000000,0.000000,0.001612,2.171733
45220.0,0.000000,0.000068,0.000000,-0.000610,3.742913,0.000000,0.000000,0.000000,0.000000,2.171733
45230.0,0.000000,-0.000834,0.000000,0.000000,3.742913,0.000000,0.000000,0.000000,0.000000,2.171733
45240.0,0.000000,-0.001162,0.000000,0.000610,3.742913,0.000000,0.000000,0.000000,0.001612,2.171733
45250.0,0.000000,-0.000260,0.000000,0.000000,3.742913,0.000000,0.000000,0.000000,0.000808,2.171733
45260.0,0.000000,0.000477,0.000000,-0.000610,3.742913,0.000000,0.000000,0.000000,-0.000808,2.171733
45270.0,0.000000,0.001270,0.000000,0.000000,3.742913,0.000000,0.000000,0.000000,0.000000,2.171733
45280.0,0.000000,0.000723,0.000000,-0.000610,3.742913,0.000000,0.000000,0.000000,0.000804,2.171733
45290.0,0.000000,-0.000178,0.000000,0.000000,3.742913,0.000000,0.000000,0.000000,0.000004,2.171733
45300.0,0.000000,-0.000916,0.000000,0.000000,3.742913,0.000000,0.000000,0.000000,0.001607,2.171733
45310.0,0.000000,-0.000916,0.000000,-0.000304,3.742913,0.000000,0.000000,0.000000,-0.000799,2.171733
45320.0,0.000000,-0.000178,0.000000,-0.000304,3.742913,0.000000,0.000000,0.000000,0.000804,2.171733
45330.0,0.000000,0.000723,0.000000,-0.000304,3.742913,0.000000,0.000000,0.000000,0.000000,2.171733
45340.0,0.000000,0.001297,0.000000,0.000306,3.742913,0.000000,0.000000,0.000000,0.000000,2.171733
45350.0,0.000000,0.000477,0.000000,0.000916,3.742913,0.000000,0.000000,0.000000,-0.002415,2.171733
45360.0,0.000000,-0.000260,0.000000,0.000000,3.742913,0.000000,0.000000,0.000000,0.000000,2.171733
45370.0,0.000000,-0.001162,0.000000,0.000000,3.742913,0.000000,0.000000,0.000000,0.000808,2.171733
45380.0,0.000000,-0.000834,0.000000,-0.000304,3.742913,0.000000,0.000000,0.000000,0.000000,2.171733
45390.0,0.000000,0.000068,0.000000,-0.000304,3.742913,0.000000,0.000000,0.000000,0.000808,2.171733
45400.0,0.000000,0.000805,0.000000,0.000000,3.742913,0.000000,0.000000,0.000000,-0.000808,2.171733
45410.0,0.000000,0.001133,0.000000,0.000306,3.742913,0.000000,0.000000,0.000000,-0.000804,2.171733
45420.0,0.000000,0.000395,0.000000,0.000000,3.742913,0.000000,0.000000,0.000000,0.000808,2.171733
45430.0,0.000000,-0.000506,0.000000,0.000000,3.742913,0.000000,0.000000,0.000000,-0.001607,2.171733
45440.0,0.000000,-0.001217,0.000000,0.000304,3.742913,0.000000,0.000000,0.000000,-0.000808,2.171733
45450.0,0.000000,-0.000588,0.000000,0.000610,3.742913,0.000000,0.000000,0.000000,-0.001612,2.171733
45460.0,0.000000,0.000150,0.000000,0.000000,3.742913,0.000000,0.000000,0.000000,0.002424,2.171733
45470.0,0.000000,0.001051,0.000000,-0.000304,3.742913,0.000000,0.000000,0.000000,0.000000,2.171733
45480.0,0.000000,0.001051,0.000000,0.000000,3.742913,0.000000,0.000000,0.000000,0.000808,2.171733
45490.0,0.000000,0.000150,0.000000,-0.000304,3.742913,0.000000,0.000000,0.000000,0.002424,2.171733
45500.0,0.000000,-0.000588,0.000000,0.000610,3.742913,0.000000,0.000000,0.000000,-0.001612,2.171733
45510.0,0.000000,-0.001217,0.000000,0.000000,3.742913,0.000000,0.000000,0.000000,0.000808,2.171733
45520.0,0.000000,-0.000506,0.000000,-0.000304,3.742913,0.000000,0.000000,0.000000,0.000804,2.171733
45530.0,0.000000,0.000395,0.000000,0.000000,3.742913,0.000000,0.000000,0.000000,0.000004,2.171733
45540.0,0.000000,0.001133,0.000000,0.000000,3.742913,0.000000,0.000000,0.000000,0.000804,2.171733
45550.0,0.000000,0.000805,0.000000,-0.000304,3.742913,0.000000,0.000000,0.000000,-0.002415,2.171733
45560.0,0.000000,0.000068,0.000000,-0.001220,3.742913,0.000000,0.000000,0.000000,-0.001612,2.171733
45570.0,0.000000,-0.000834,0.000000,0.000000,3.742913,0.000000,0.000000,0.000000,0.000808,2.171733
45580.0,0.000000,-0.001162,0.000000,0.000000,3.742913,0.000000,0.000000,0.000000,0.001607,2.171733
45590.0,0.000000,-0.000260,0.000000,-0.000914,3.742913,0.000000,0.000000,0.000000,-0.000808,2.171733
45600.0,0.000000,0.000477,0.000000,0.000000,3.742913,0.000000,0.000000,0.000000,0.000000,2.171733
45610.0,0.000000,0.001297,0.000000,0.000304,3.742913,0.000000,0.000000,0.000000,0.000008,2.171733
45620.0,0.000000,0.000723,0.000000,-0.000306,3.742913,0.000000,0.000000,0.000000,0.000000,2.171733
45630.0,0.000000,-0.000178,0.000000,0.000000,3.742913,0.000000,0.000000,0.000000,0.000000,2.171733
45640.0,0.000000,-0.000916,0.000000,0.000610,3.742913,0.000000,0.000000,0.000000,0.001616,2.171733
45650.0,0.000000,-0.000916,0.000000,0.000610,3.742913,0.000000,0.000000,0.000000,0.000808,2.171733
45660.0,0.000000,-0.000178,0.000000,0.000000,3.742913,0.000000,0.000000,0.000000,0.000000,2.171733
45670.0,0.000000,0.000723,0.000000,0.001523,3.742913,0.000000,0.000000,0.000000,-0.000804,2.171733
45680.0,0.000000,0.001297,0.000000,0.000000,3.742913,0.000000,0.000000,0.000000,0.000808,2.171733
45690.0,0.000000,0.000477,0.000000,0.000000,3.742913,0.000000,0.000000,0.000000,0.000804,2.171733
45700.0,0.000000,-0.000260,0.000000,0.000000,3.742913,0.000000,0.000000,0.000000,0.000000,2.171733
45710.0,0.000000,-0.001162,0.000000,0.000000,3.742913,0.000000,0.000000,0.000000,-0.001612,2.171733
45720.0,0.000000,-0.000834,0.000000,-0.000610,3.742913,0.000000,0.000000,0.000000,0.000808,2.171733
45730.0,0.000000,0.000068,0.000000,-0.001523,3.742913,0.000000,0.000000,0.000000,0.000004,2.171733
45740.0,0.000000,0.000805,0.000000,0.000304,3.742913,0.000000,0.000000,0.000000,-0.000804,2.171733
45750.0,0.000000,0.001133,0.000000,-0.000306,3.742913,0.000000,0.000000,0.000000,0.000004,2.171733
45760.0,0.000000,0.000395,0.000000,0.000000,3.742913,0.000000,0.000000,0.000000,0.000808,2.171733
45770.0,0.000000,-0.000506,0.000000,0.000000,3.742913,0.000000,0.000000,0.000000,-0.000804,2.171733
45780.0,0.000000,-0.001217,0.000000,0.000610,3.742913,0.000000,0.000000,0.000000,0.000000,2.171733
45790.0,0.000000,-0.000588,0.000000,0.000000,3.742913,0.000000,0.000000,0.000000,0.001620,2.171733
45800.0,0.000000,0.000150,0.000000,-0.000304,3.742913,0.000000,0.000000,0.000000,-0.001612,2.171733
45810.0,0.000000,0.001051,0.000000,0.000000,3.742913,0.000000,0.000000,0.000000,-0.000804,2.171733
45820.0,0.000000,0.001051,0.000000,-0.000914,3.742913,0.000000,0.000000,0.000000,0.001612,2.171733
45830.0,0.000000,0.000150,0.000000,0.000304,3.742913,0.000000,0.000000,0.000000,0.000808,2.171733
45840.0,0.000000,-0.000588,0.000000,0.000000,3.742913,0.000000,0.000000,0.000000,0.002415,2.171733
45850.0,0.000000,-0.001217,0.000000,0.000610,3.742913,0.000000,0.000000,0.000000,-0.000804,2.171733
45860.0,0.000000,-0.000506,0.000000,0.000000,3.742913,0.000000,0.000000,0.000000,0.000000,2.171733
45870.0,0.000000,0.000395,0.000000,-0.000304,3.742913,0.000000,0.000000,0.000000,-0.000804,2.171733
45880.0,0.000000,0.001133,0.000000,-0.001220,3.742913,0.000000,0.000000,0.000000,0.000804,2.171733
45890.0,0.000000,0.000805,0.000000,-0.000304,3.742913,0.000000,0.000000,0.000000,-0.000804,2.171733
45900.0,0.000000,0.000068,0.000000,0.000000,3.742913,0.000000,0.000000,0.000000,0.000000,2.171733
45910.0,0.000000,-0.000834,0.000000,0.000000,3.742913,0.000000,0.000000,0.000000,-0.000804,2.171733
45920.0,0.000000,-0.001162,0.000000,0.000610,3.742913,0.000000,0.000000,0.000000,-0.000808,2.171733
45930.0,0.000000,-0.000260,0.000000,0.000000,3.742913,0.000000,0.000000,0.000000,-0.000799,2.171733
45940.0,0.000000,0.000477,0.000000,-0.001220,3.742913,0.000000,0.000000,0.000000,-0.000808,2.171733
45950.0,0.000000,0.001297,0.000000,-0.000610,3.742913,0.000000,0.000000,0.000000,0.000804,2.171733
45960.0,0.000000,0.000723,0.000000,-0.000306,3.742913,0.000000,0.000000,0.000000,0.000000,2.171733
45970.0,0.000000,-0.000178,0.000000,0.000914,3.742913,0.000000,0.000000,0.000000,-0.000804,2.171733
45980.0,0.000000,-0.000916,0.000000,-0.000914,3.742913,0.000000,0.000000,0.000000,-0.000804,2.171733
45990.0,0.000000,-0.000916,0.000000,-0.000304,3.742913,0.000000,0.000000,0.000000,-0.001607,2.171733
46000.0,0.000000,-0.000178,0.000000,-0.000610,3.742913,0.000000,0.000000,0.000000,0.000000,2.171733
46010.0,0.000000,0.000723,0.000000,-0.000304,3.742913,0.000000,0.000000,0.000000,-0.000804,2.171733
46020.0,0.000000,0.001297,0.000000,-0.000610,3.742913,0.000000,0.000000,0.000000,0.000000,2.171733
46030.0,0.000000,0.000477,0.000000,0.000306,3.742913,0.000000,0.000000,0.000000,0.001612,2.171733
46040.0,0.000000,-0.000260,0.000000,-0.000607,3.742913,0.000000,0.000000,0.000000,0.000000,2.171733
46050.0,0.000000,-0.001162,0.000000,-0.000914,3.742913,0.000000,0.000000,0.000000,0.000000,2.171733
46060.0,0.000000,-0.000834,0.000000,0.000914,3.742913,0.000000,0.000000,0.000000,-0.000804,2.171733
46070.0,0.000000,0.000068,0.000000,0.000914,3.742913,0.000000,0.000000,0.000000,0.000004,2.171733
46080.0,0.000000,0.000805,0.000000,0.000306,3.742913,0.000000,0.000000,0.000000,0.000808,2.171733
46090.0,0.000000,0.001133,0.000000,0.000000,3.742913,0.000000,0.000000,0.000000,0.000004,2.171733
46100.0,0.000000,0.000395,0.000000,0.000000,3.742913,0.000000,0.000000,0.000000,0.000000,2.171733
46110.0,0.000000,-0.000424,0.000000,-0.000610,3.742913,0.000000,0.000000,0.000000,0.000000,2.171733
46120.0,0.000000,-0.001217,0.000000,-0.000610,3.742913,0.000000,0.000000,0.000000,-0.000808,2.171733
46130.0,0.000000,-0.000670,0.000000,-0.000610,3.742913,0.000000,0.000000,0.000000,0.000808,2.171733
46140.0,0.000000,0.000231,0.000000,0.000610,3.742913,0.000000,0.000000,0.000000,0.000004,2.171733
46150.0,0.000000,0.000969,0.000000,0.000610,3.742913,0.000000,0.000000,0.000000,0.000804,2.171733
46160.0,0.000000,0.000969,0.000000,0.000002,3.742913,0.000000,0.000000,0.000000,0.000812,2.171733
46170.0,0.000000,0.000231,0.000000,-0.000304,3.742913,0.000000,0.000000,0.000000,0.000804,2.171733
46180.0,0.000000,-0.000670,0.000000,-0.000304,3.742913,0.000000,0.000000,0.000000,0.000808,2.171733
46190.0,0.000000,-0.001244,0.000000,0.000000,3.742913,0.000000,0.000000,0.000000,-0.000804,2.171733
46200.0,0.000000,-0.000424,0.000000,0.000000,3.742913,0.000000,0.000000,0.000000,0.000000,2.171733
46210.0,0.000000,0.000313,0.000000,0.000304,3.742913,0.000000,0.000000,0.000000,0.000804,2.171733
46220.0,0.000000,0.001215,0.000000,0.000000,3.742913,0.000000,0.000000,0.000000,-0.000799,2.171733
46230.0,0.000000,0.000887,0.000000,0.001220,3.742913,0.000000,0.000000,0.000000,0.000000,2.171733
46240.0,0.000000,-0.000014,0.000000,-0.001217,3.742913,0.000000,0.000000,0.000000,0.000004,2.171733
46250.0,0.000000,-0.000752,0.000000,0.000000,3.742913,0.000000,0.000000,0.000000,-0.000808,2.171733
46260.0,0.000000,-0.001080,0.000000,0.000306,3.742913,0.000000,0.000000,0.000000,-0.000799,2.171733
46270.0,0.000000,-0.000342,0.000000,0.000000,3.742913,0.000000,0.000000,0.000000,0.000000,2.171733
46280.0,0.000000,0.000559,0.000000,-0.000607,3.742913,0.000000,0.000000,0.000000,0.000804,2.171733
46290.0,0.000000,0.001270,0.000000,-0.000002,3.742913,0.000000,0.000000,0.000000,0.000000,2.171733
46300.0,0.000000,0.000641,0.000000,0.000914,3.742913,0.000000,0.000000,0.000000,0.000000,2.171733
46310.0,0.000000,-0.000096,0.000000,0.000304,3.742913,0.000000,0.000000,0.000000,0.000000,2.171733
46320.0,0.000000,-0.000998,0.000000,-0.000610,3.742913,0.000000,0.000000,0.000000,-0.000804,2.171733
46330.0,0.000000,-0.000998,0.000000,-0.000610,3.742913,0.000000,0.000000,0.000000,-0.000804,2.171733
46340.0,0.000000,-0.000096,0.000000,0.000000,3.742913,0.000000,0.000000,0.000000,-0.000804,2.171733
46350.0,0.000000,0.000641,0.000000,0.000306,3.742913,0.000000,0.000000,0.000000,-0.000804,2.171733
46360.0,0.000000,0.001270,0.000000,-0.000304,3.742913,0.000000,0.000000,0.000000,0.000004,2.171733
46370.0,0.000000,0.000559,0.000000,0.000000,3.742913,0.000000,0.000000,0.000000,-0.000004,2.171733
46380.0,0.000000,-0.000342,0.000000,-0.000304,3.742913,0.000000,0.000000,0.000000,0.000000,2.171733
46390.0,0.000000,-0.001080,0.000000,0.000000,3.742913,0.000000,0.000000,0.000000,0.000804,2.171733
46400.0,0.000000,-0.000752,0.000000,0.000610,3.742913,0.000000,0.000000,0.000000,-0.001612,2.171733
46410.0,0.000000,-0.000014,0.000000,0.000000,3.742913,0.000000,0.000000,0.000000,0.000804,2.171733
46420.0,0.000000,0.000887,0.000000,0.000000,3.742913,0.000000,0.000000,0.000000,-0.000804,2.171733
46430.0,0.000000,0.001215,0.000000,0.000000,3.742913,0.000000,0.000000,0.000000,0.000804,2.171733
46440.0,0.000000,0.000313,0.000000,-0.000304,3.742913,0.000000,0.000000,0.000000,0.000004,2.171733
46450.0,0.000000,-0.000424,0.000000,0.000304,3.742913,0.000000,0.000000,0.000000,-0.000804,2.171733
46460.0,0.000000,-0.001244,0.000000,0.000000,3.742913,0.000000,0.000000,0.000000,0.000004,2.171733
46470.0,0.000000,-0.000670,0.000000,0.000304,3.742913,0.000000,0.000000,0.000000,-0.000804,2.171733
46480.0,0.000000,0.000231,0.000000,0.001220,3.742913,0.000000,0.000000,0.000000,0.000004,2.171733
46490.0,0.000000,0.000969,0.000000,0.000304,3.742913,0.000000,0.000000,0.000000,-0.000804,2.171733
46500.0,0.000000,0.000969,0.000000,0.000304,3.742913,0.000000,0.000000,0.000000,-0.000799,2.171733
46510.0,0.000000,0.000231,0.000000,0.000610,3.742913,0.000000,0.000000,0.000000,-0.000808,2.171733
46520.0,0.000000,-0.000670,0.000000,0.000916,3.742913,0.000000,0.000000,0.000000,0.000808,2.171733
46530.0,0.000000,-0.001244,0.000000,0.000000,3.742913,0.000000,0.000000,0.000000,-0.000808,2.171733
46540.0,0.000000,-0.000506,0.000000,0.000000,3.742913,0.000000,0.000000,0.000000,0.001616,2.171733
46550.0,0.000000,0.000395,0.000000,-0.000304,3.742913,0.000000,0.000000,0.000000,-0.000804,2.171733
46560.0,0.000000,0.001133,0.000000,0.000610,3.742913,0.000000,0.000000,0.000000,0.000000,2.171733
46570.0,0.000000,0.000805,0.000000,-0.001220,3.742913,0.000000,0.000000,0.000000,0.000004,2.171733
46580.0,0.000000,0.000068,0.000000,-0.000304,3.742913,0.000000,0.000000,0.000000,0.000004,2.171733
46590.0,0.000000,-0.000834,0.000000,0.000000,3.742913,0.000000,0.000000,0.000000,-0.000804,2.171733
46600.0,0.000000,-0.001162,0.000000,0.000000,3.742913,0.000000,0.000000,0.000000,0.000000,2.171733
46610.0,0.000000,-0.000260,0.000000,-0.000304,3.742913,0.000000,0.000000,0.000000,0.000004,2.171733
46620.0,0.000000,0.000477,0.000000,-0.000610,3.742913,0.000000,0.000000,0.000000,0.001603,2.171733
46630.0,0.000000,0.001297,0.000000,-0.000914,3.742913,0.000000,0.000000,0.000000,0.000808,2.171733
46640.0,0.000000,0.000723,0.000000,-0.000610,3.742913,0.000000,0.000000,0.000000,0.000000,2.171733
46650.0,0.000000,-0.000178,0.000000,-0.000304,3.742913,0.000000,0.000000,0.000000,-0.000808,2.171733
46660.0,0.000000,-0.000916,0.000000,-0.001830,3.742913,0.000000,0.000000,0.000000,0.000000,2.171733
46670.0,0.000000,-0.000916,0.000000,0.000000,3.742913,0.000000,0.000000,0.000000,-0.001607,2.171733
46680.0,0.000000,-0.000178,0.000000,-0.000304,3.742913,0.000000,0.000000,0.000000,0.000000,2.171733
46690.0,0.000000,0.000723,0.000000,0.001220,3.742913,0.000000,0.000000,0.000000,-0.000799,2.171733
46700.0,0.000000,0.001297,0.000000,0.001220,3.742913,0.000000,0.000000,0.000000,0.000799,2.171733
46710.0,0.000000,0.000477,0.000000,0.000914,3.742913,0.000000,0.000000,0.000000,-0.001607,2.171733
46720.0,0.000000,-0.000260,0.000000,-0.000610,3.742913,0.000000,0.000000,0.000000,-0.000004,2.171733
46730.0,0.000000,-0.001162,0.000000,0.000000,3.742913,0.000000,0.000000,0.000000,0.000816,2.171733
46740.0,0.000000,-0.000834,0.000000,0.000000,3.742913,0.000000,0.000000,0.000000,-0.000804,2.171733
46750.0,0.000000,0.000068,0.000000,0.001217,3.742913,0.000000,0.000000,0.000000,0.000004,2.171733
46760.0,0.000000,0.000805,0.000000,0.000000,3.742913,0.000000,0.000000,0.000000,0.000804,2.171733
46770.0,0.000000,0.001133,0.000000,0.000916,3.742913,0.000000,0.000000,0.000000,0.000000,2.171733
46780.0,0.000000,0.000395,0.000000,0.000000,3.742913,0.000000,0.000000,0.000000,0.001607,2.171733
46790.0,0.000000,-0.000506,0.000000,0.001220,3.742913,0.000000,0.000000,0.000000,-0.000808,2.171733
46800.0,0.000000,-0.001217,0.000000,0.000610,3.742913,0.000000,0.000000,0.000000,-0.000804,2.171733
46810.0,0.000000,-0.000588,0.000000,0.000304,3.742913,0.000000,0.000000,0.000000,0.000808,2.171733
46820.0,0.000000,0.000150,0.000000,-0.001220,3.742913,0.000000,0.000000,0.000000,0.000804,2.171733
46830.0,0.000000,0.001051,0.000000,0.000000,3.742913,0.000000,0.000000,0.000000,-0.000804,2.171733
46840.0,0.000000,0.001051,0.000000,0.000610,3.742913,0.000000,0.000000,0.000000,-0.000808,2.171733
46850.0,0.000000,0.000150,0.000000,0.001220,3.742913,0.000000,0.000000,0.000000,0.001616,2.171733
46860.0,0.000000,-0.000588,0.000000,0.000304,3.742913,0.000000,0.000000,0.000000,-0.001612,2.171733
46870.0,0.000000,-0.001217,0.000000,0.000610,3.742913,0.000000,0.000000,0.000000,0.000000,2.171733
46880.0,0.000000,-0.000506,0.000000,-0.000610,3.742913,0.000000,0.000000,0.000000,0.000000,2.171733
46890.0,0.000000,0.000395,0.000000,0.000000,3.742913,0.000000,0.000000,0.000000,-0.000804,2.171733
46900.0,0.000000,0.001133,0.000000,-0.000610,3.742913,0.000000,0.000000,0.000000,-0.000804,2.171733
46910.0,0.000000,0.000805,0.000000,0.000914,3.742913,0.000000,0.000000,0.000000,0.000808,2.171733
46920.0,0.000000,0.000068,0.000000,0.000610,3.742913,0.000000,0.000000,0.000000,0.000808,2.171733
46930.0,0.000000,-0.000834,0.000000,0.000000,3.742913,0.000000,0.000000,0.000000,0.001612,2.171733
46940.0,0.000000,-0.001162,0.000000,0.000610,3.742913,0.000000,0.000000,0.000000,0.000000,2.171733
46950.0,0.000000,-0.000260,0.000000,0.000000,3.742913,0.000000,0.000000,0.000000,0.000808,2.171733
46960.0,0.000000,0.000477,0.000000,-0.000914,3.742913,0.000000,0.000000,0.000000,0.000000,2.171733
46970.0,0.000000,0.001297,0.000000,0.000000,3.742913,0.000000,0.000000,0.000000,0.000808,2.171733
46980.0,0.000000,0.000723,0.000000,-0.000610,3.742913,0.000000,0.000000,0.000000,0.000000,2.171733
46990.0,0.000000,-0.000178,0.000000,0.000000,3.742913,0.000000,0.000000,0.000000,-0.000804,2.171733
47000.0,0.000000,-0.000916,0.000000,0.000304,3.742913,0.000000,0.000000,0.000000,0.000000,2.171733
47010.0,0.000000,-0.000916,0.000000,-0.000304,3.742913,0.000000,0.000000,0.000000,-0.001607,2.171733
47020.0,0.000000,-0.000178,0.000000,0.000610,3.742913,0.000000,0.000000,0.000000,0.000812,2.171733
47030.0,0.000000,0.000723,0.000000,0.000610,3.742913,0.000000,0.000000,0.000000,0.000808,2.171733
47040.0,0.000000,0.001297,0.000000,0.000000,3.742913,0.000000,0.000000,0.000000,0.000000,2.171733
47050.0,0.000000,0.000477,0.000000,0.000610,3.742913,0.000000,0.000000,0.000000,-0.000804,2.171733
47060.0,0.000000,-0.000260,0.000000,0.000000,3.742913,0.000000,0.000000,0.000000,0.000000,2.171733
47070.0,0.000000,-0.001162,0.000000,-0.000304,3.742913,0.000000,0.000000,0.000000,-0.000804,2.171733
47080.0,0.000000,-0.000834,0.000000,0.000000,3.742913,0.000000,0.000000,0.000000,-0.000804,2.171733
47090.0,0.000000,0.000068,0.000000,0.000000,3.742913,0.000000,0.000000,0.000000,-0.000804,2.171733
47100.0,0.000000,0.000805,0.000000,0.000000,3.742913,0.000000,0.000000,0.000000,0.000000,2.171733
47110.0,0.000000,0.001133,0.000000,0.000914,3.742913,0.000000,0.000000,0.000000,0.000000,2.171733
47120.0,0.000000,0.000395,0.000000,-0.001220,3.742913,0.000000,0.000000,0.000000,0.000000,2.171733
47130.0,0.000000,-0.000506,0.000000,-0.000304,3.742913,0.000000,0.000000,0.000000,0.000000,2.171733
47140.0,0.000000,-0.001217,0.000000,0.000000,3.742913,0.000000,0.000000,0.000000,-0.000808,2.171733
47150.0,0.000000,-0.000588,0.000000,0.000610,3.742913,0.000000,0.000000,0.000000,-0.000804,2.171733
47160.0,0.000000,0.000150,0.000000,-0.000610,3.742913,0.000000,0.000000,0.000000,-0.000004,2.171733
47170.0,0.000000,0.001051,0.000000,0.000610,3.742913,0.000000,0.000000,0.000000,0.000808,2.171733
47180.0,0.000000,0.001051,0.000000,-0.000610,3.742913,0.000000,0.000000,0.000000,-0.000808,2.171733
47190.0,0.000000,0.000150,0.000000,0.000304,3.742913,0.000000,0.000000,0.000000,-0.000804,2.171733
47200.0,0.000000,-0.000588,0.000000,0.000000,3.742913,0.000000,0.000000,0.000000,0.000000,2.171733
47210.0,0.000000,-0.001217,0.000000,0.000610,3.742913,0.000000,0.000000,0.000000,0.002420,2.171733
47220.0,0.000000,-0.000506,0.000000,-0.001220,3.742913,0.000000,0.000000,0.000000,0.001612,2.171733
47230.0,0.000000,0.000395,0.000000,-0.000914,3.742913,0.000000,0.000000,0.000000,-0.001607,2.171733
47240.0,0.000000,0.001133,0.000000,0.000000,3.742913,0.000000,0.000000,0.000000,0.000000,2.171733
47250.0,0.000000,0.000805,0.000000,0.000000,3.742913,0.000000,0.000000,0.000000,-0.001607,2.171733
47260.0,0.000000,0.000068,0.000000,-0.000610,3.742913,0.000000,0.000000,0.000000,0.000000,2.171733
47270.0,0.000000,-0.000834,0.000000,-0.000607,3.742913,0.000000,0.000000,0.000000,0.000000,2.171733
47280.0,0.000000,-0.001162,0.000000,0.000000,3.742913,0.000000,0.000000,0.000000,0.000000,2.171733
47290.0,0.000000,-0.000260,0.000000,-0.000610,3.742913,0.000000,0.000000,0.000000,0.000004,2.171733
47300.0,0.000000,0.000477,0.000000,0.000304,3.742913,0.000000,0.000000,0.000000,0.000000,2.171733
47310.0,0.000000,0.001297,0.000000,-0.000306,3.742913,0.000000,0.000000,0.000000,-0.001612,2.171733
47320.0,0.000000,0.000723,0.000000,-0.000304,3.742913,0.000000,0.000000,0.000000,0.000000,2.171733
47330.0,0.000000,-0.000178,0.000000,0.000306,3.742913,0.000000,0.000000,0.000000,0.000812,2.171733
47340.0,0.000000,-0.000916,0.000000,0.000000,3.742913,0.000000,0.000000,0.000000,-0.000808,2.171733
47350.0,0.000000,-0.000916,0.000000,-0.000304,3.742913,0.000000,0.000000,0.000000,-0.001612,2.171733
47360.0,0.000000,-0.000178,0.000000,0.000304,3.742913,0.000000,0.000000,0.000000,0.002424,2.171733
47370.0,0.000000,0.000723,0.000000,-0.000610,3.742913,0.000000,0.000000,0.000000,0.000000,2.171733
47380.0,0.000000,0.001297,0.000000,0.000304,3.742913,0.000000,0.000000,0.000000,0.000804,2.171733
47390.0,0.000000,0.000559,0.000000,0.000000,3.742913,0.000000,0.000000,0.000000,-0.000004,2.171733
47400.0,0.000000,-0.000342,0.000000,0.000610,3.742913,0.000000,0.000000,0.000000,0.000004,2.171733
47410.0,0.000000,-0.001080,0.000000,0.000000,3.742913,0.000000,0.000000,0.000000,0.000804,2.171733
47420.0,0.000000,-0.000752,0.000000,0.000610,3.742913,0.000000,0.000000,0.000000,-0.000804,2.171733
47430.0,0.000000,-0.000014,0.000000,-0.000304,3.742913,0.000000,0.000000,0.000000,-0.000808,2.171733
47440.0,0.000000,0.000887,0.000000,0.000000,3.742913,0.000000,0.000000,0.000000,0.000808,2.171733
47450.0,0.000000,0.001215,0.000000,0.000610,3.742913,0.000000,0.000000,0.000000,0.000000,2.171733
47460.0,0.000000,0.000313,0.000000,-0.000304,3.742913,0.000000,0.000000,0.000000,0.000000,2.171733
47470.0,0.000000,-0.000424,0.000000,-0.000610,3.742913,0.000000,0.000000,0.000000,0.000804,2.171733
47480.0,0.000000,-0.001244,0.000000,-0.000610,3.742913,0.000000,0.000000,0.000000,0.000000,2.171733
47490.0,0.000000,-0.000670,0.000000,-0.000304,3.742913,0.000000,0.000000,0.000000,0.000804,2.171733
47500.0,0.000000,0.000231,0.000000,-0.000304,3.742913,0.000000,0.000000,0.000000,-0.001603,2.171733
47510.0,0.000000,0.000969,0.000000,0.000000,3.742913,0.000000,0.000000,0.000000,0.000000,2.171733
47520.0,0.000000,0.000969,0.000000,0.000304,3.742913,0.000000,0.000000,0.000000,-0.001603,2.171733
47530.0,0.000000,0.000231,0.000000,0.000304,3.742913,0.000000,0.000000,0.000000,0.000804,2.171733
47540.0,0.000000,-0.000670,0.000000,-0.000306,3.742913,0.000000,0.000000,0.000000,-0.001612,2.171733
47550.0,0.000000,-0.001244,0.000000,-0.000610,3.742913,0.000000,0.000000,0.000000,0.000808,2.171733
47560.0,0.000000,-0.000424,0.000000,-0.000304,3.742913,0.000000,0.000000,0.000000,0.000000,2.171733
47570.0,0.000000,0.000313,0.000000,0.000000,3.742913,0.000000,0.000000,0.000000,0.000000,2.171733
47580.0,0.000000,0.001215,0.000000,0.000000,3.742913,0.000000,0.000000,0.000000,0.002428,2.171733
47590.0,0.000000,0.000887,0.000000,0.000610,3.742913,0.000000,0.000000,0.000000,-0.000808,2.171733
47600.0,0.000000,-0.000014,0.000000,-0.000304,3.742913,0.000000,0.000000,0.000000,0.000808,2.171733
47610.0,0.000000,-0.000752,0.000000,0.000000,3.742913,0.000000,0.000000,0.000000,-0.000804,2.171733
47620.0,0.000000,-0.001080,0.000000,0.000000,3.742913,0.000000,0.000000,0.000000,0.001612,2.171733
47630.0,0.000000,-0.000342,0.000000,0.000000,3.742913,0.000000,0.000000,0.000000,-0.000808,2.171733
47640.0,0.000000,0.000559,0.000000,-0.000304,3.742913,0.000000,0.000000,0.000000,-0.000804,2.171733
47650.0,0.000000,0.001270,0.000000,-0.000610,3.742913,0.000000,0.000000,0.000000,-0.000808,2.171733
47660.0,0.000000,0.000641,0.000000,0.000610,3.742913,0.000000,0.000000,0.000000,-0.000804,2.171733
47670.0,0.000000,-0.000096,0.000000,0.000610,3.742913,0.000000,0.000000,0.000000,-0.001612,2.171733
