t_ms,M1_speed_ref,M1_speed_fb,M1_iq_ref,M1_iq,M1_mech_angle,M2_speed_ref,M2_speed_fb,M2_iq_ref,M2_iq,M2_mech_angle
0.0,0.000000,0.000402,0.000000,-0.001141,3.301894,0.000000,-0.000663,0.000000,0.000804,2.172500
10.0,0.000000,-0.000335,0.000000,0.000000,3.301894,0.000000,-0.001237,0.000000,0.000806,2.172500
20.0,0.000000,-0.001209,0.000000,0.000351,3.301894,0.000000,-0.000418,0.000000,0.000000,2.172500
30.0,0.000000,-0.000745,0.000000,-0.000220,3.301894,0.000000,0.000320,0.000000,0.000001,2.172500
40.0,0.000000,0.000157,0.000000,0.000000,3.301894,0.000000,0.001194,0.000000,0.000805,2.172500
50.0,0.000000,0.000894,0.000000,-0.000571,3.301894,0.000000,0.000730,0.000000,0.000000,2.172500
60.0,0.000000,0.000894,0.000000,-0.000571,3.301894,0.000000,-0.000172,0.000000,-0.000807,2.172500
70.0,0.000000,0.000157,0.000000,0.000000,3.301894,0.000000,-0.000909,0.000000,0.000000,2.172500
80.0,0.000000,-0.000745,0.000000,0.000000,3.301894,0.000000,-0.000909,0.000000,0.001612,2.172500
90.0,0.000000,-0.001209,0.000000,0.000571,3.301894,0.000000,-0.000172,0.000000,-0.000806,2.172500
100.0,0.000000,-0.000335,0.000000,-0.000922,3.301894,0.000000,0.000730,0.000000,-0.000806,2.172500
110.0,0.000000,0.000402,0.000000,-0.000351,3.301894,0.000000,0.001194,0.000000,0.000000,2.172500
120.0,0.000000,0.001222,0.000000,0.000000,3.301894,0.000000,0.000320,0.000000,0.000806,2.172500
130.0,0.000000,0.000648,0.000000,0.000000,3.301894,0.000000,-0.000418,0.000000,0.000806,2.172500
140.0,0.000000,-0.000253,0.000000,0.000000,3.301894,0.000000,-0.001237,0.000000,0.000805,2.172500
150.0,0.000000,-0.000991,0.000000,-0.000571,3.301894,0.000000,-0.000663,0.000000,0.000000,2.172500
160.0,0.000000,-0.000827,0.000000,0.001712,3.301894,0.000000,0.000238,0.000000,-0.000807,2.172500
170.0,0.000000,-0.000089,0.000000,-0.000922,3.301894,0.000000,0.000976,0.000000,-0.000805,2.172500
180.0,0.000000,0.000812,0.000000,0.001712,3.301894,0.000000,0.000812,0.000000,0.003224,2.172500
190.0,0.000000,0.001140,0.000000,0.000000,3.301894,0.000000,0.000074,0.000000,0.000000,2.172500
200.0,0.000000,0.000239,0.000000,0.000000,3.301894,0.000000,-0.000827,0.000000,0.000000,2.172500
210.0,0.000000,-0.000499,0.000000,0.000000,3.301894,0.000000,-0.001155,0.000000,0.000000,2.172500
220.0,0.000000,-0.001237,0.000000,0.000351,3.301894,0.000000,-0.000254,0.000000,0.000000,2.172500
230.0,0.000000,-0.000581,0.000000,0.000571,3.301894,0.000000,0.000484,0.000000,-0.001612,2.172500
240.0,0.000000,0.000321,0.000000,0.000000,3.301894,0.000000,0.001222,0.000000,0.000000,2.172500
250.0,0.000000,0.001058,0.000000,0.000000,3.301894,0.000000,0.000566,0.000000,0.000806,2.172500
260.0,0.000000,0.000730,0.000000,0.000000,3.301894,0.000000,-0.000336,0.000000,-0.000806,2.172500
270.0,0.000000,-0.000007,0.000000,0.000000,3.301894,0.000000,-0.001073,0.000000,0.000001,2.172500
280.0,0.000000,-0.000909,0.000000,-0.000571,3.301894,0.000000,-0.000745,0.000000,0.000000,2.172500
290.0,0.000000,-0.001073,0.000000,-0.000571,3.301894,0.000000,-0.000008,0.000000,-0.000805,2.172500
300.0,0.000000,-0.000171,0.000000,0.000000,3.301894,0.000000,0.000894,0.000000,0.001612,2.172500
310.0,0.000000,0.000566,0.000000,0.000571,3.301894,0.000000,0.001058,0.000000,-0.000806,2.172500
320.0,0.000000,0.001195,0.000000,-0.000220,3.301894,0.000000,0.000156,0.000000,-0.000806,2.172500
330.0,0.000000,0.000484,0.000000,0.000000,3.301894,0.000000,-0.000581,0.000000,0.000805,2.172500
340.0,0.000000,-0.000417,0.000000,0.000351,3.301894,0.000000,-0.001210,0.000000,0.000805,2.172500
350.0,0.000000,-0.001155,0.000000,0.000000,3.301894,0.000000,-0.000499,0.000000,0.000000,2.172500
360.0,0.000000,-0.000663,0.000000,-0.000571,3.301894,0.000000,0.000402,0.000000,0.001612,2.172500
370.0,0.000000,0.000075,0.000000,0.000000,3.301894,0.000000,0.001140,0.000000,0.000000,2.172500
380.0,0.000000,0.000976,0.000000,-0.000571,3.301894,0.000000,0.000648,0.000000,0.000805,2.172500
390.0,0.000000,0.000976,0.000000,-0.000351,3.301894,0.000000,-0.000090,0.000000,0.000000,2.172500
400.0,0.000000,0.000075,0.000000,0.000351,3.301894,0.000000,-0.000991,0.000000,0.000805,2.172500
410.0,0.000000,-0.000663,0.000000,-0.000220,3.301894,0.000000,-0.000991,0.000000,0.000805,2.172500
420.0,0.000000,-0.001155,0.000000,0.000571,3.301894,0.000000,-0.000090,0.000000,-0.001612,2.172500
430.0,0.000000,-0.000417,0.000000,0.000351,3.301894,0.000000,0.000648,0.000000,0.000000,2.172500
440.0,0.000000,0.000484,0.000000,0.000000,3.301894,0.000000,0.001140,0.000000,-0.000001,2.172500
450.0,0.000000,0.001195,0.000000,-0.000351,3.301894,0.000000,0.000402,0.000000,0.000000,2.172500
460.0,0.000000,0.000566,0.000000,0.000571,3.301894,0.000000,-0.000499,0.000000,0.000000,2.172500
470.0,0.000000,-0.000171,0.000000,-0.000571,3.301894,0.000000,-0.001210,0.000000,0.000001,2.172500
480.0,0.000000,-0.001073,0.000000,0.000351,3.301894,0.000000,-0.000581,0.000000,0.000806,2.172500
490.0,0.000000,-0.000909,0.000000,-0.000351,3.301894,0.000000,0.000156,0.000000,0.001612,2.172500
500.0,0.000000,-0.000007,0.000000,0.000351,3.301894,0.000000,0.001058,0.000000,-0.000001,2.172500
510.0,0.000000,0.000730,0.000000,0.000571,3.301894,0.000000,0.000894,0.000000,0.000806,2.172500
520.0,0.000000,0.001058,0.000000,-0.000220,3.301894,0.000000,-0.000008,0.000000,-0.000806,2.172500
530.0,0.000000,0.000321,0.000000,-0.000220,3.301894,0.000000,-0.000745,0.000000,0.000805,2.172500
540.0,0.000000,-0.000581,0.000000,-0.000922,3.301894,0.000000,-0.001073,0.000000,0.001611,2.172500
550.0,0.000000,-0.001237,0.000000,0.000000,3.301894,0.000000,-0.000336,0.000000,0.000805,2.172500
560.0,0.000000,-0.000499,0.000000,0.000000,3.301894,0.000000,0.000566,0.000000,-0.002417,2.172500
570.0,0.000000,0.000239,0.000000,0.000000,3.301894,0.000000,0.001222,0.000000,0.000806,2.172500
580.0,0.000000,0.001140,0.000000,-0.001493,3.301894,0.000000,0.000484,0.000000,0.003223,2.172500
590.0,0.000000,0.000812,0.000000,0.000571,3.301894,0.000000,-0.000254,0.000000,0.000806,2.172500
600.0,0.000000,-0.000089,0.000000,0.000000,3.301894,0.000000,-0.001155,0.000000,0.001612,2.172500
610.0,0.000000,-0.000827,0.000000,0.000351,3.301894,0.000000,-0.000827,0.000000,-0.000806,2.172500
620.0,0.000000,-0.000991,0.000000,0.000000,3.301894,0.000000,0.000074,0.000000,-0.001612,2.172500
630.0,0.000000,-0.000253,0.000000,-0.000351,3.301894,0.000000,0.000812,0.000000,-0.000806,2.172500
640.0,0.000000,0.000648,0.000000,0.000220,3.301894,0.000000,0.000976,0.000000,0.000000,2.172500
650.0,0.000000,0.001222,0.000000,0.000000,3.301894,0.000000,0.000238,0.000000,0.000000,2.172500
660.0,0.000000,0.000402,0.000000,-0.000702,3.301894,0.000000,-0.000663,0.000000,0.000000,2.172500
670.0,0.000000,-0.000335,0.000000,0.000000,3.301894,0.000000,-0.001237,0.000000,-0.000806,2.172500
680.0,0.000000,-0.001209,0.000000,0.000000,3.301894,0.000000,-0.000418,0.000000,-0.000806,2.172500
690.0,0.000000,-0.000745,0.000000,0.000000,3.301894,0.000000,0.000320,0.000000,0.000000,2.172500
700.0,0.000000,0.000157,0.000000,-0.000351,3.301894,0.000000,0.001194,0.000000,0.000805,2.172500
710.0,0.000000,0.000894,0.000000,0.001712,3.301894,0.000000,0.000730,0.000000,0.000000,2.172500
720.0,0.000000,0.000894,0.000000,-0.000220,3.301894,0.000000,-0.000172,0.000000,-0.000001,2.172500
730.0,0.000000,0.000157,0.000000,0.000000,3.301894,0.000000,-0.000909,0.000000,-0.001612,2.172500
740.0,0.000000,-0.000745,0.000000,0.000571,3.301894,0.000000,-0.000909,0.000000,0.000000,2.172500
750.0,0.000000,-0.001209,0.000000,-0.000571,3.301894,0.000000,-0.000172,0.000000,0.000000,2.172500
760.0,0.000000,-0.000335,0.000000,0.000571,3.301894,0.000000,0.000730,0.000000,0.000000,2.172500
770.0,0.000000,0.000402,0.000000,0.000571,3.301894,0.000000,0.001194,0.000000,0.000000,2.172500
780.0,0.000000,0.001222,0.000000,0.000351,3.301894,0.000000,0.000320,0.000000,-0.000806,2.172500
790.0,0.000000,0.000648,0.000000,0.000000,3.301894,0.000000,-0.000418,0.000000,-0.000805,2.172500
800.0,0.000000,-0.000253,0.000000,-0.000351,3.301894,0.000000,-0.001237,0.000000,0.000805,2.172500
810.0,0.000000,-0.000991,0.000000,-0.000351,3.301894,0.000000,-0.000663,0.000000,0.000000,2.172500
820.0,0.000000,-0.000827,0.000000,0.001493,3.301894,0.000000,0.000238,0.000000,0.000806,2.172500
830.0,0.000000,-0.000089,0.000000,0.000000,3.301894,0.000000,0.000976,0.000000,-0.001612,2.172500
840.0,0.000000,0.000812,0.000000,0.000220,3.301894,0.000000,0.000812,0.000000,0.000805,2.172500
850.0,0.000000,0.001140,0.000000,0.000000,3.301894,0.000000,0.000074,0.000000,-0.000805,2.172500
860.0,0.000000,0.000239,0.000000,-0.000220,3.301894,0.000000,-0.000827,0.000000,-0.000806,2.172500
870.0,0.000000,-0.000499,0.000000,0.000000,3.301894,0.000000,-0.001155,0.000000,-0.000805,2.172500
880.0,0.000000,-0.001237,0.000000,0.000000,3.301894,0.000000,-0.000254,0.000000,-0.000001,2.172500
890.0,0.000000,-0.000581,0.000000,0.000000,3.301894,0.000000,0.000484,0.000000,0.000806,2.172500
900.0,0.000000,0.000321,0.000000,0.000000,3.301894,0.000000,0.001222,0.000000,0.001610,2.172500
910.0,0.000000,0.001058,0.000000,0.000000,3.301894,0.000000,0.000566,0.000000,0.003223,2.172500
920.0,0.000000,0.000730,0.000000,0.000000,3.301894,0.000000,-0.000336,0.000000,0.003223,2.172500
930.0,0.000000,-0.000007,0.000000,0.000220,3.301894,0.000000,-0.001073,0.000000,-0.000805,2.172500
940.0,0.000000,-0.000909,0.000000,-0.000351,3.301894,0.000000,-0.000745,0.000000,0.000805,2.172500
950.0,0.000000,-0.001073,0.000000,0.000571,3.301894,0.000000,-0.000008,0.000000,-0.001612,2.172500
960.0,0.000000,-0.000171,0.000000,0.000571,3.301894,0.000000,0.000894,0.000000,0.001612,2.172500
970.0,0.000000,0.000566,0.000000,-0.000571,3.301894,0.000000,0.001058,0.000000,0.002416,2.172500
980.0,0.000000,0.001195,0.000000,0.000000,3.301894,0.000000,0.000156,0.000000,0.000000,2.172500
990.0,0.000000,0.000484,0.000000,-0.001053,3.301894,0.000000,-0.000581,0.000000,0.000806,2.172500
1000.0,0.000000,-0.000417,0.000000,0.000000,3.301894,0.000000,-0.001210,0.000000,0.000805,2.172500
1010.0,0.000000,-0.001155,0.000000,0.000000,3.301894,0.000000,-0.000499,0.000000,0.000000,2.172500
1020.0,0.000000,-0.000663,0.000000,-0.000351,3.301894,0.000000,0.000402,0.000000,-0.000806,2.172500
1030.0,0.000000,0.000075,0.000000,-0.000351,3.301894,0.000000,0.001140,0.000000,0.000000,2.172500
1040.0,0.000000,0.000976,0.000000,0.000000,3.301894,0.000000,0.000648,0.000000,-0.000001,2.172500
1050.0,0.000000,0.000976,0.000000,0.000922,3.301894,0.000000,-0.000090,0.000000,0.000000,2.172500
1060.0,0.000000,0.000075,0.000000,0.000571,3.301894,0.000000,-0.000991,0.000000,-0.000806,2.172500
1070.0,0.000000,-0.000663,0.000000,0.000922,3.301894,0.000000,-0.000991,0.000000,0.000806,2.172500
1080.0,0.000000,-0.001155,0.000000,0.000000,3.301894,0.000000,-0.000090,0.000000,0.000000,2.172500
1090.0,0.000000,-0.000417,0.000000,0.000571,3.301894,0.000000,0.000648,0.000000,-0.000805,2.172500
1100.0,0.000000,0.000484,0.000000,-0.000351,3.301894,0.000000,0.001140,0.000000,-0.002418,2.172500
1110.0,0.000000,0.001195,0.000000,0.000000,3.301894,0.000000,0.000402,0.000000,-0.000805,2.172500
1120.0,0.000000,0.000566,0.000000,0.000000,3.301894,0.000000,-0.000499,0.000000,-0.000807,2.172500
1130.0,0.000000,-0.000171,0.000000,-0.000571,3.301894,0.000000,-0.001210,0.000000,0.000805,2.172500
1140.0,0.000000,-0.001073,0.000000,0.000351,3.301894,0.000000,-0.000581,0.000000,0.000805,2.172500
1150.0,0.000000,-0.000909,0.000000,0.000351,3.301894,0.000000,0.000156,0.000000,0.000000,2.172500
1160.0,0.000000,-0.000007,0.000000,0.000351,3.301894,0.000000,0.001058,0.000000,-0.000805,2.172500
1170.0,0.000000,0.000730,0.000000,0.000571,3.301894,0.000000,0.000894,0.000000,0.000806,2.172500
1180.0,0.000000,0.001058,0.000000,0.000351,3.301894,0.000000,-0.000008,0.000000,-0.000001,2.172500
1190.0,0.000000,0.000321,0.000000,-0.000571,3.301894,0.000000,-0.000745,0.000000,-0.000805,2.172500
1200.0,0.000000,-0.000581,0.000000,-0.000351,3.301894,0.000000,-0.001073,0.000000,-0.002418,2.172500
1210.0,0.000000,-0.001237,0.000000,-0.000571,3.301894,0.000000,-0.000336,0.000000,0.000000,2.172500
1220.0,0.000000,-0.000499,0.000000,0.001141,3.301894,0.000000,0.000566,0.000000,0.000000,2.172500
1230.0,0.000000,0.000239,0.000000,-0.000351,3.301894,0.000000,0.001222,0.000000,0.000000,2.172500
1240.0,0.000000,0.001140,0.000000,0.000571,3.301894,0.000000,0.000484,0.000000,0.000000,2.172500
1250.0,0.000000,0.000812,0.000000,0.000000,3.301894,0.000000,-0.000254,0.000000,0.000000,2.172500
1260.0,0.000000,-0.000089,0.000000,-0.000922,3.301894,0.000000,-0.001155,0.000000,-0.000806,2.172500
1270.0,0.000000,-0.000827,0.000000,0.000000,3.301894,0.000000,-0.000827,0.000000,0.000000,2.172500
1280.0,0.000000,-0.000991,0.000000,-0.000571,3.301894,0.000000,0.000074,0.000000,-0.000002,2.172500
1290.0,0.000000,-0.000253,0.000000,0.000000,3.301894,0.000000,0.000812,0.000000,0.000000,2.172500
1300.0,0.000000,0.000648,0.000000,0.000351,3.301894,0.000000,0.000976,0.000000,0.000000,2.172500
1310.0,0.000000,0.001222,0.000000,0.000000,3.301894,0.000000,0.000238,0.000000,0.001612,2.172500
1320.0,0.000000,0.000402,0.000000,0.000000,3.301894,0.000000,-0.000663,0.000000,-0.002418,2.172500
1330.0,0.000000,-0.000335,0.000000,0.000000,3.301894,0.000000,-0.001237,0.000000,0.000001,2.172500
1340.0,0.000000,-0.001209,0.000000,0.000000,3.301894,0.000000,-0.000418,0.000000,0.000000,2.172500
1350.0,0.000000,-0.000745,0.000000,-0.000351,3.301894,0.000000,0.000320,0.000000,0.000805,2.172500
1360.0,0.000000,0.000157,0.000000,0.000000,3.301894,0.000000,0.001194,0.000000,-0.001612,2.172500
1370.0,0.000000,0.000894,0.000000,0.000000,3.301894,0.000000,0.000730,0.000000,-0.000806,2.172500
1380.0,0.000000,0.000894,0.000000,-0.000220,3.301894,0.000000,-0.000172,0.000000,0.000805,2.172500
1390.0,0.000000,0.000157,0.000000,0.001712,3.301894,0.000000,-0.000909,0.000000,-0.000805,2.172500
1400.0,0.000000,-0.000745,0.000000,0.000000,3.301894,0.000000,-0.000909,0.000000,-0.000001,2.172500
1410.0,0.000000,-0.001209,0.000000,0.000220,3.301894,0.000000,-0.000172,0.000000,-0.000806,2.172500
1420.0,0.000000,-0.000335,0.000000,0.000000,3.301894,0.000000,0.000730,0.000000,-0.000001,2.172500
1430.0,0.000000,0.000402,0.000000,0.000571,3.301894,0.000000,0.001194,0.000000,-0.000806,2.172500
1440.0,0.000000,0.001222,0.000000,0.000922,3.301894,0.000000,0.000320,0.000000,-0.000001,2.172500
1450.0,0.000000,0.000648,0.000000,-0.000351,3.301894,0.000000,-0.000418,0.000000,0.000806,2.172500
1460.0,0.000000,-0.000253,0.000000,0.000220,3.301894,0.000000,-0.001237,0.000000,0.000806,2.172500
1470.0,0.000000,-0.000991,0.000000,-0.000351,3.301894,0.000000,-0.000663,0.000000,-0.000806,2.172500
1480.0,0.000000,-0.000827,0.000000,-0.000351,3.301894,0.000000,0.000238,0.000000,0.000000,2.172500
1490.0,0.000000,-0.000089,0.000000,0.000000,3.301894,0.000000,0.000976,0.000000,0.000806,2.172500
1500.0,0.000000,0.000812,0.000000,-0.000351,3.301894,0.000000,0.000812,0.000000,0.000805,2.172500
1510.0,0.000000,0.001140,0.000000,0.000000,3.301894,0.000000,0.000074,0.000000,0.000000,2.172500
1520.0,0.000000,0.000239,0.000000,0.000220,3.301894,0.000000,-0.000827,0.000000,-0.000806,2.172500
1530.0,0.000000,-0.000499,0.000000,0.000000,3.301894,0.000000,-0.001155,0.000000,0.001612,2.172500
1540.0,0.000000,-0.001237,0.000000,0.000571,3.301894,0.000000,-0.000254,0.000000,0.000805,2.172500
1550.0,0.000000,-0.000581,0.000000,0.000000,3.301894,0.000000,0.000484,0.000000,-0.000806,2.172500
1560.0,0.000000,0.000321,0.000000,0.000000,3.301894,0.000000,0.001222,0.000000,0.000000,2.172500
1570.0,0.000000,0.001058,0.000000,0.000571,3.301894,0.000000,0.000566,0.000000,-0.000805,2.172500
1580.0,0.000000,0.000730,0.000000,-0.000922,3.301894,0.000000,-0.000336,0.000000,0.001611,2.172500
1590.0,0.000000,-0.000007,0.000000,-0.000571,3.301894,0.000000,-0.001073,0.000000,0.000000,2.172500
1600.0,0.000000,-0.000909,0.000000,0.000000,3.301894,0.000000,-0.000745,0.000000,-0.000806,2.172500
1610.0,0.000000,-0.001073,0.000000,0.000000,3.301894,0.000000,-0.000008,0.000000,0.002417,2.172500
1620.0,0.000000,-0.000171,0.000000,0.000000,3.301894,0.000000,0.000894,0.000000,0.000805,2.172500
1630.0,0.000000,0.000566,0.000000,-0.000220,3.301894,0.000000,0.001058,0.000000,0.000806,2.172500
1640.0,0.000000,0.001195,0.000000,-0.000571,3.301894,0.000000,0.000156,0.000000,-0.001612,2.172500
1650.0,0.000000,0.000484,0.000000,-0.000351,3.301894,0.000000,-0.000581,0.000000,0.000805,2.172500
1660.0,0.000000,-0.000417,0.000000,0.000571,3.301894,0.000000,-0.001210,0.000000,-0.000001,2.172500
1670.0,0.000000,-0.001155,0.000000,0.000000,3.301894,0.000000,-0.000499,0.000000,0.000805,2.172500
1680.0,0.000000,-0.000663,0.000000,0.000000,3.301894,0.000000,0.000402,0.000000,-0.000806,2.172500
1690.0,0.000000,0.000075,0.000000,-0.000571,3.301894,0.000000,0.001140,0.000000,0.000805,2.172500
1700.0,0.000000,0.000976,0.000000,0.000000,3.301894,0.000000,0.000648,0.000000,0.004030,2.172500
1710.0,0.000000,0.000976,0.000000,0.000571,3.301894,0.000000,-0.000090,0.000000,0.000000,2.172500
1720.0,0.000000,0.000075,0.000000,-0.000571,3.301894,0.000000,-0.000991,0.000000,0.000805,2.172500
1730.0,0.000000,-0.000663,0.000000,-0.000220,3.301894,0.000000,-0.000991,0.000000,-0.001612,2.172500
1740.0,0.000000,-0.001155,0.000000,0.000571,3.301894,0.000000,-0.000090,0.000000,-0.002418,2.172500
1750.0,0.000000,-0.000417,0.000000,0.000790,3.301894,0.000000,0.000648,0.000000,0.000000,2.172500
1760.0,0.000000,0.000484,0.000000,0.000000,3.301894,0.000000,0.001140,0.000000,0.000000,2.172500
1770.0,0.000000,0.001195,0.000000,0.000000,3.301894,0.000000,0.000402,0.000000,0.000806,2.172500
1780.0,0.000000,0.000566,0.000000,0.000220,3.301894,0.000000,-0.000499,0.000000,0.000001,2.172500
1790.0,0.000000,-0.000171,0.000000,0.000000,3.301894,0.000000,-0.001210,0.000000,0.000805,2.172500
1800.0,0.000000,-0.001073,0.000000,0.000351,3.301894,0.000000,-0.000581,0.000000,0.000001,2.172500
1810.0,0.000000,-0.000909,0.000000,-0.000351,3.301894,0.000000,0.000156,0.000000,-0.000805,2.172500
1820.0,0.000000,-0.000007,0.000000,0.000351,3.301894,0.000000,0.001058,0.000000,-0.000807,2.172500
1830.0,0.000000,0.000730,0.000000,-0.000220,3.301894,0.000000,0.000894,0.000000,0.002419,2.172500
1840.0,0.000000,0.001058,0.000000,0.000000,3.301894,0.000000,-0.000008,0.000000,-0.000805,2.172500
1850.0,0.000000,0.000321,0.000000,0.000351,3.301894,0.000000,-0.000745,0.000000,0.000806,2.172500
1860.0,0.000000,-0.000581,0.000000,0.000000,3.301894,0.000000,-0.001073,0.000000,-0.001612,2.172500
1870.0,0.000000,-0.001237,0.000000,0.000922,3.301894,0.000000,-0.000336,0.000000,0.000000,2.172500
1880.0,0.000000,-0.000499,0.000000,0.000000,3.301894,0.000000,0.000566,0.000000,-0.000805,2.172500
1890.0,0.000000,0.000239,0.000000,0.000000,3.301894,0.000000,0.001222,0.000000,0.000806,2.172500
1900.0,0.000000,0.001140,0.000000,-0.000571,3.301894,0.000000,0.000484,0.000000,0.000806,2.172500
1910.0,0.000000,0.000812,0.000000,0.000922,3.301894,0.000000,-0.000254,0.000000,0.000000,2.172500
1920.0,0.000000,-0.000089,0.000000,0.000571,3.301894,0.000000,-0.001155,0.000000,-0.001612,2.172500
1930.0,0.000000,-0.000827,0.000000,-0.000351,3.301894,0.000000,-0.000827,0.000000,0.000000,2.172500
1940.0,0.000000,-0.000991,0.000000,0.000571,3.301894,0.000000,0.000074,0.000000,-0.000001,2.172500
1950.0,0.000000,-0.000253,0.000000,0.000000,3.301894,0.000000,0.000812,0.000000,-0.000805,2.172500
1960.0,0.000000,0.000648,0.000000,0.000000,3.301894,0.000000,0.000976,0.000000,0.000000,2.172500
1970.0,0.000000,0.001222,0.000000,0.000571,3.301894,0.000000,0.000238,0.000000,-0.000806,2.172500
1980.0,0.000000,0.000402,0.000000,0.000000,3.301894,0.000000,-0.000663,0.000000,0.000000,2.172500
1990.0,0.000000,-0.000335,0.000000,-0.000351,3.301894,0.000000,-0.001237,0.000000,-0.000805,2.172500
2000.0,0.000000,-0.001209,0.000000,0.000220,3.301894,0.000000,-0.000418,0.000000,-0.000807,2.172500
2010.0,0.000000,-0.000745,0.000000,0.000000,3.301894,0.000000,0.000320,0.000000,0.000806,2.172500
2020.0,0.000000,0.000157,0.000000,0.000000,3.301894,0.000000,0.001194,0.000000,-0.000001,2.172500
2030.0,0.000000,0.000894,0.000000,0.000000,3.301894,0.000000,0.000730,0.000000,0.000000,2.172500
2040.0,0.000000,0.000894,0.000000,-0.000922,3.301894,0.000000,-0.000172,0.000000,-0.000001,2.172500
2050.0,0.000000,0.000157,0.000000,0.000000,3.301894,0.000000,-0.000909,0.000000,0.000000,2.172500
2060.0,0.000000,-0.000745,0.000000,0.000000,3.301894,0.000000,-0.000909,0.000000,-0.000806,2.172500
2070.0,0.000000,-0.001209,0.000000,-0.000351,3.301894,0.000000,-0.000172,0.000000,-0.000806,2.172500
2080.0,0.000000,-0.000335,0.000000,0.000000,3.301894,0.000000,0.000730,0.000000,0.000000,2.172500
2090.0,0.000000,0.000402,0.000000,-0.000351,3.301894,0.000000,0.001194,0.000000,0.001612,2.172500
2100.0,0.000000,0.001222,0.000000,0.000571,3.301894,0.000000,0.000320,0.000000,-0.000001,2.172500
2110.0,0.000000,0.000648,0.000000,0.000571,3.301894,0.000000,-0.000418,0.000000,0.000805,2.172500
2120.0,0.000000,-0.000253,0.000000,-0.000571,3.301894,0.000000,-0.001237,0.000000,-0.000001,2.172500
2130.0,0.000000,-0.000991,0.000000,0.001141,3.301894,0.000000,-0.000663,0.000000,0.000000,2.172500
2140.0,0.000000,-0.000827,0.000000,0.000571,3.301894,0.000000,0.000238,0.000000,-0.000001,2.172500
2150.0,0.000000,-0.000089,0.000000,0.000000,3.301894,0.000000,0.000976,0.000000,0.001612,2.172500
2160.0,0.000000,0.000812,0.000000,0.000220,3.301894,0.000000,0.000812,0.000000,-0.000001,2.172500
2170.0,0.000000,0.001140,0.000000,0.000000,3.301894,0.000000,0.000074,0.000000,0.000805,2.172500
2180.0,0.000000,0.000239,0.000000,-0.000351,3.301894,0.000000,-0.000827,0.000000,0.000805,2.172500
2190.0,0.000000,-0.000499,0.000000,0.000571,3.301894,0.000000,-0.001155,0.000000,0.000000,2.172500
2200.0,0.000000,-0.001237,0.000000,0.000571,3.301894,0.000000,-0.000254,0.000000,-0.000001,2.172500
2210.0,0.000000,-0.000581,0.000000,-0.000571,3.301894,0.000000,0.000484,0.000000,0.000806,2.172500
2220.0,0.000000,0.000321,0.000000,0.000000,3.301894,0.000000,0.001222,0.000000,-0.000806,2.172500
2230.0,0.000000,0.001058,0.000000,0.000000,3.301894,0.000000,0.000566,0.000000,0.000806,2.172500
2240.0,0.000000,0.000730,0.000000,-0.000922,3.301894,0.000000,-0.000336,0.000000,-0.000806,2.172500
2250.0,0.000000,-0.000007,0.000000,0.000000,3.301894,0.000000,-0.001073,0.000000,0.000000,2.172500
2260.0,0.000000,-0.000909,0.000000,0.000000,3.301894,0.000000,-0.000745,0.000000,-0.000806,2.172500
2270.0,0.000000,-0.001073,0.000000,-0.000922,3.301894,0.000000,-0.000008,0.000000,-0.000806,2.172500
2280.0,0.000000,-0.000171,0.000000,0.000000,3.301894,0.000000,0.000894,0.000000,0.000805,2.172500
2290.0,0.000000,0.000566,0.000000,0.000220,3.301894,0.000000,0.001058,0.000000,0.000000,2.172500
2300.0,0.000000,0.001195,0.000000,0.000790,3.301894,0.000000,0.000156,0.000000,-0.001612,2.172500
2310.0,0.000000,0.000484,0.000000,0.000000,3.301894,0.000000,-0.000581,0.000000,-0.000805,2.172500
2320.0,0.000000,-0.000417,0.000000,0.000220,3.301894,0.000000,-0.001210,0.000000,-0.001612,2.172500
2330.0,0.000000,-0.001155,0.000000,0.000000,3.301894,0.000000,-0.000499,0.000000,0.000805,2.172500
2340.0,0.000000,-0.000663,0.000000,0.000000,3.301894,0.000000,0.000402,0.000000,0.000806,2.172500
2350.0,0.000000,0.000075,0.000000,0.000351,3.301894,0.000000,0.001140,0.000000,-0.001612,2.172500
2360.0,0.000000,0.000976,0.000000,0.000000,3.301894,0.000000,0.000648,0.000000,-0.000001,2.172500
2370.0,0.000000,0.000976,0.000000,0.000000,3.301894,0.000000,-0.000090,0.000000,0.000000,2.172500
2380.0,0.000000,0.000075,0.000000,0.000571,3.301894,0.000000,-0.000991,0.000000,0.000000,2.172500
2390.0,0.000000,-0.000663,0.000000,0.000000,3.301894,0.000000,-0.000991,0.000000,0.000805,2.172500
2400.0,0.000000,-0.001155,0.000000,0.000571,3.301894,0.000000,-0.000090,0.000000,-0.002419,2.172500
2410.0,0.000000,-0.000417,0.000000,0.000351,3.301894,0.000000,0.000648,0.000000,0.001611,2.172500
2420.0,0.000000,0.000484,0.000000,0.000351,3.301894,0.000000,0.001140,0.000000,-0.000806,2.172500
2430.0,0.000000,0.001195,0.000000,0.000000,3.301894,0.000000,0.000402,0.000000,0.001612,2.172500
2440.0,0.000000,0.000566,0.000000,-0.000220,3.301894,0.000000,-0.000499,0.000000,0.000000,2.172500
2450.0,0.000000,-0.000171,0.000000,0.001141,3.301894,0.000000,-0.001210,0.000000,0.000000,2.172500
2460.0,0.000000,-0.001073,0.000000,0.000351,3.301894,0.000000,-0.000581,0.000000,0.000805,2.172500
2470.0,0.000000,-0.000909,0.000000,0.000000,3.301894,0.000000,0.000156,0.000000,-0.000805,2.172500
2480.0,0.000000,-0.000007,0.000000,0.000000,3.301894,0.000000,0.001058,0.000000,0.000000,2.172500
2490.0,0.000000,0.000730,0.000000,0.000351,3.301894,0.000000,0.000894,0.000000,0.000000,2.172500
2500.0,0.000000,0.001058,0.000000,0.000000,3.301894,0.000000,-0.000008,0.000000,-0.000806,2.172500
2510.0,0.000000,0.000321,0.000000,-0.000351,3.301894,0.000000,-0.000745,0.000000,0.001612,2.172500
2520.0,0.000000,-0.000581,0.000000,0.000000,3.301894,0.000000,-0.001073,0.000000,0.001612,2.172500
2530.0,0.000000,-0.001237,0.000000,-0.000571,3.301894,0.000000,-0.000336,0.000000,0.000000,2.172500
2540.0,0.000000,-0.000499,0.000000,0.000000,3.301894,0.000000,0.000566,0.000000,-0.000806,2.172500
2550.0,0.000000,0.000239,0.000000,0.000000,3.301894,0.000000,0.001222,0.000000,0.000806,2.172500
2560.0,0.000000,0.001140,0.000000,-0.000351,3.301894,0.000000,0.000484,0.000000,-0.001612,2.172500
2570.0,0.000000,0.000812,0.000000,0.000000,3.301894,0.000000,-0.000254,0.000000,0.000000,2.172500
2580.0,0.000000,-0.000089,0.000000,-0.000351,3.301894,0.000000,-0.001155,0.000000,-0.000001,2.172500
2590.0,0.000000,-0.000827,0.000000,0.000571,3.301894,0.000000,-0.000827,0.000000,0.000000,2.172500
2600.0,0.000000,-0.000991,0.000000,0.000000,3.301894,0.000000,0.000074,0.000000,-0.000001,2.172500
2610.0,0.000000,-0.000253,0.000000,0.000571,3.301894,0.000000,0.000812,0.000000,0.000806,2.172500
2620.0,0.000000,0.000648,0.000000,0.000000,3.301894,0.000000,0.000976,0.000000,-0.000806,2.172500
2630.0,0.000000,0.001222,0.000000,0.000220,3.301894,0.000000,0.000238,0.000000,0.000000,2.172500
2640.0,0.000000,0.000402,0.000000,0.000000,3.301894,0.000000,-0.000663,0.000000,0.000805,2.172500
2650.0,0.000000,-0.000335,0.000000,-0.000571,3.301894,0.000000,-0.001237,0.000000,0.000000,2.172500
2660.0,0.000000,-0.001209,0.000000,-0.000351,3.301894,0.000000,-0.000418,0.000000,0.000805,2.172500
2670.0,0.000000,-0.000745,0.000000,0.000571,3.301894,0.000000,0.000320,0.000000,0.000000,2.172500
2680.0,0.000000,0.000157,0.000000,-0.000922,3.301894,0.000000,0.001194,0.000000,0.000000,2.172500
2690.0,0.000000,0.000894,0.000000,0.000351,3.301894,0.000000,0.000730,0.000000,0.000000,2.172500
2700.0,0.000000,0.000894,0.000000,-0.000571,3.301894,0.000000,-0.000172,0.000000,-0.000001,2.172500
2710.0,0.000000,0.000157,0.000000,0.000000,3.301894,0.000000,-0.000909,0.000000,0.000805,2.172500
2720.0,0.000000,-0.000745,0.000000,-0.000351,3.301894,0.000000,-0.000909,0.000000,0.000000,2.172500
2730.0,0.000000,-0.001209,0.000000,-0.000220,3.301894,0.000000,-0.000172,0.000000,0.000000,2.172500
2740.0,0.000000,-0.000335,0.000000,0.000000,3.301894,0.000000,0.000730,0.000000,-0.000001,2.172500
2750.0,0.000000,0.000402,0.000000,0.000000,3.301894,0.000000,0.001194,0.000000,-0.000805,2.172500
2760.0,0.000000,0.001222,0.000000,-0.000571,3.301894,0.000000,0.000320,0.000000,0.000805,2.172500
2770.0,0.000000,0.000648,0.000000,0.000000,3.301894,0.000000,-0.000418,0.000000,0.000000,2.172500
2780.0,0.000000,-0.000253,0.000000,-0.000220,3.301894,0.000000,-0.001237,0.000000,-0.001612,2.172500
2790.0,0.000000,-0.000991,0.000000,-0.000571,3.301894,0.000000,-0.000663,0.000000,-0.000805,2.172500
2800.0,0.000000,-0.000827,0.000000,0.000571,3.301894,0.000000,0.000238,0.000000,-0.000001,2.172500
2810.0,0.000000,-0.000089,0.000000,0.000000,3.301894,0.000000,0.000976,0.000000,-0.000805,2.172500
2820.0,0.000000,0.000812,0.000000,0.000000,3.301894,0.000000,0.000812,0.000000,0.000000,2.172500
2830.0,0.000000,0.001140,0.000000,0.000000,3.301894,0.000000,0.000074,0.000000,0.000000,2.172500
2840.0,0.000000,0.000239,0.000000,-0.000351,3.301894,0.000000,-0.000827,0.000000,0.000805,2.172500
2850.0,0.000000,-0.000499,0.000000,0.000000,3.301894,0.000000,-0.001155,0.000000,-0.000805,2.172500
2860.0,0.000000,-0.001237,0.000000,-0.000571,3.301894,0.000000,-0.000254,0.000000,-0.000806,2.172500
2870.0,0.000000,-0.000581,0.000000,0.000000,3.301894,0.000000,0.000484,0.000000,0.000000,2.172500
2880.0,0.000000,0.000321,0.000000,0.000000,3.301894,0.000000,0.001222,0.000000,0.000000,2.172500
2890.0,0.000000,0.001058,0.000000,0.000000,3.301894,0.000000,0.000566,0.000000,-0.001612,2.172500
2900.0,0.000000,0.000730,0.000000,-0.000351,3.301894,0.000000,-0.000336,0.000000,-0.000806,2.172500
2910.0,0.000000,-0.000007,0.000000,0.000000,3.301894,0.000000,-0.001073,0.000000,-0.000806,2.172500
2920.0,0.000000,-0.000909,0.000000,0.000000,3.301894,0.000000,-0.000745,0.000000,-0.000807,2.172500
2930.0,0.000000,-0.001073,0.000000,0.000000,3.301894,0.000000,-0.000008,0.000000,0.001612,2.172500
2940.0,0.000000,-0.000171,0.000000,0.000000,3.301894,0.000000,0.000894,0.000000,0.000805,2.172500
2950.0,0.000000,0.000566,0.000000,-0.000571,3.301894,0.000000,0.001058,0.000000,0.001611,2.172500
2960.0,0.000000,0.001195,0.000000,0.000351,3.301894,0.000000,0.000156,0.000000,0.001609,2.172500
2970.0,0.000000,0.000484,0.000000,0.000922,3.301894,0.000000,-0.000581,0.000000,-0.001612,2.172500
2980.0,0.000000,-0.000417,0.000000,0.000571,3.301894,0.000000,-0.001210,0.000000,-0.000001,2.172500
2990.0,0.000000,-0.001155,0.000000,0.000000,3.301894,0.000000,-0.000499,0.000000,0.000000,2.172500
3000.0,0.000000,-0.000663,0.000000,0.000000,3.301894,0.000000,0.000402,0.000000,0.000805,2.172500
3010.0,0.000000,0.000075,0.000000,0.000000,3.301894,0.000000,0.001140,0.000000,0.000001,2.172500
3020.0,0.000000,0.000976,0.000000,0.000000,3.301894,0.000000,0.000648,0.000000,-0.000806,2.172500
3030.0,0.000000,0.000976,0.000000,0.000000,3.301894,0.000000,-0.000090,0.000000,0.000805,2.172500
3040.0,0.000000,0.000075,0.000000,-0.000571,3.301894,0.000000,-0.000991,0.000000,-0.001612,2.172500
3050.0,0.000000,-0.000663,0.000000,0.000220,3.301894,0.000000,-0.000991,0.000000,0.000806,2.172500
3060.0,0.000000,-0.001155,0.000000,0.000000,3.301894,0.000000,-0.000090,0.000000,0.000806,2.172500
3070.0,0.000000,-0.000417,0.000000,0.000351,3.301894,0.000000,0.000648,0.000000,-0.000806,2.172500
3080.0,0.000000,0.000484,0.000000,0.000000,3.301894,0.000000,0.001140,0.000000,-0.000001,2.172500
3090.0,0.000000,0.001195,0.000000,0.000000,3.301894,0.000000,0.000402,0.000000,0.001612,2.172500
3100.0,0.000000,0.000566,0.000000,0.000000,3.301894,0.000000,-0.000499,0.000000,-0.000806,2.172500
3110.0,0.000000,-0.000171,0.000000,0.000000,3.301894,0.000000,-0.001210,0.000000,0.000000,2.172500
3120.0,0.000000,-0.001073,0.000000,0.000000,3.301894,0.000000,-0.000581,0.000000,-0.000806,2.172500
3130.0,0.000000,-0.000909,0.000000,-0.000351,3.301894,0.000000,0.000156,0.000000,0.000000,2.172500
3140.0,0.000000,-0.000007,0.000000,0.000000,3.301894,0.000000,0.001058,0.000000,0.000805,2.172500
3150.0,0.000000,0.000730,0.000000,0.000571,3.301894,0.000000,0.000894,0.000000,0.000000,2.172500
3160.0,0.000000,0.001058,0.000000,0.000000,3.301894,0.000000,-0.000008,0.000000,0.003223,2.172500
3170.0,0.000000,0.000321,0.000000,-0.000220,3.301894,0.000000,-0.000745,0.000000,-0.000001,2.172500
3180.0,0.000000,-0.000581,0.000000,0.000000,3.301894,0.000000,-0.001073,0.000000,0.000805,2.172500
3190.0,0.000000,-0.001237,0.000000,0.000000,3.301894,0.000000,-0.000336,0.000000,0.001612,2.172500
3200.0,0.000000,-0.000499,0.000000,-0.000922,3.301894,0.000000,0.000566,0.000000,-0.000001,2.172500
3210.0,0.000000,0.000239,0.000000,0.000351,3.301894,0.000000,0.001222,0.000000,0.000000,2.172500
3220.0,0.000000,0.001140,0.000000,0.000571,3.301894,0.000000,0.000484,0.000000,-0.001612,2.172500
3230.0,0.000000,0.000812,0.000000,0.000000,3.301894,0.000000,-0.000254,0.000000,0.001611,2.172500
3240.0,0.000000,-0.000089,0.000000,0.000000,3.301894,0.000000,-0.001155,0.000000,0.000806,2.172500
3250.0,0.000000,-0.000827,0.000000,-0.000922,3.301894,0.000000,-0.000827,0.000000,0.000000,2.172500
3260.0,0.000000,-0.000991,0.000000,-0.000571,3.301894,0.000000,0.000074,0.000000,0.001611,2.172500
3270.0,0.000000,-0.000253,0.000000,0.000000,3.301894,0.000000,0.000812,0.000000,0.001612,2.172500
3280.0,0.000000,0.000648,0.000000,-0.000922,3.301894,0.000000,0.000976,0.000000,-0.000001,2.172500
3290.0,0.000000,0.001222,0.000000,0.000000,3.301894,0.000000,0.000238,0.000000,0.000000,2.172500
3300.0,0.000000,0.000402,0.000000,-0.000571,3.301894,0.000000,-0.000663,0.000000,-0.000806,2.172500
3310.0,0.000000,-0.000335,0.000000,0.000000,3.301894,0.000000,-0.001237,0.000000,0.000001,2.172500
3320.0,0.000000,-0.001209,0.000000,0.000220,3.301894,0.000000,-0.000418,0.000000,-0.000001,2.172500
3330.0,0.000000,-0.000745,0.000000,0.000000,3.301894,0.000000,0.000320,0.000000,0.000805,2.172500
3340.0,0.000000,0.000157,0.000000,0.000000,3.301894,0.000000,0.001194,0.000000,-0.000806,2.172500
3350.0,0.000000,0.000894,0.000000,0.000000,3.301894,0.000000,0.000730,0.000000,-0.000805,2.172500
3360.0,0.000000,0.000894,0.000000,-0.000571,3.301894,0.000000,-0.000172,0.000000,0.000000,2.172500
3370.0,0.000000,0.000157,0.000000,-0.000571,3.301894,0.000000,-0.000909,0.000000,-0.000806,2.172500
3380.0,0.000000,-0.000745,0.000000,-0.000922,3.301894,0.000000,-0.000909,0.000000,0.001611,2.172500
3390.0,0.000000,-0.001209,0.000000,0.000000,3.301894,0.000000,-0.000172,0.000000,-0.002418,2.172500
3400.0,0.000000,-0.000335,0.000000,0.000000,3.301894,0.000000,0.000730,0.000000,-0.000806,2.172500
3410.0,0.000000,0.000402,0.000000,0.000000,3.301894,0.000000,0.001194,0.000000,0.000000,2.172500
3420.0,0.000000,0.001222,0.000000,0.001141,3.301894,0.000000,0.000320,0.000000,0.000000,2.172500
3430.0,0.000000,0.000648,0.000000,0.000351,3.301894,0.000000,-0.000418,0.000000,0.000805,2.172500
3440.0,0.000000,-0.000253,0.000000,-0.000571,3.301894,0.000000,-0.001237,0.000000,-0.000806,2.172500
3450.0,0.000000,-0.000991,0.000000,0.000571,3.301894,0.000000,-0.000663,0.000000,-0.000805,2.172500
3460.0,0.000000,-0.000827,0.000000,0.000000,3.301894,0.000000,0.000238,0.000000,0.000806,2.172500
3470.0,0.000000,-0.000089,0.000000,-0.000351,3.301894,0.000000,0.000976,0.000000,0.000806,2.172500
3480.0,0.000000,0.000812,0.000000,0.000000,3.301894,0.000000,0.000812,0.000000,-0.000001,2.172500
3490.0,0.000000,0.001140,0.000000,0.000000,3.301894,0.000000,0.000074,0.000000,0.000000,2.172500
3500.0,0.000000,0.000239,0.000000,-0.000571,3.301894,0.000000,-0.000827,0.000000,0.000805,2.172500
3510.0,0.000000,-0.000499,0.000000,-0.000571,3.301894,0.000000,-0.001155,0.000000,-0.001612,2.172500
3520.0,0.000000,-0.001237,0.000000,0.000351,3.301894,0.000000,-0.000254,0.000000,-0.000001,2.172500
3530.0,0.000000,-0.000581,0.000000,-0.000571,3.301894,0.000000,0.000484,0.000000,-0.000805,2.172500
3540.0,0.000000,0.000321,0.000000,0.000000,3.301894,0.000000,0.001222,0.000000,-0.000001,2.172500
3550.0,0.000000,0.001058,0.000000,0.001493,3.301894,0.000000,0.000566,0.000000,0.000805,2.172500
3560.0,0.000000,0.000730,0.000000,-0.000571,3.301894,0.000000,-0.000336,0.000000,-0.000806,2.172500
3570.0,0.000000,-0.000007,0.000000,0.000000,3.301894,0.000000,-0.001073,0.000000,-0.000806,2.172500
3580.0,0.000000,-0.000909,0.000000,-0.000922,3.301894,0.000000,-0.000745,0.000000,0.000805,2.172500
3590.0,0.000000,-0.001073,0.000000,0.000000,3.301894,0.000000,-0.000008,0.000000,0.000805,2.172500
3600.0,0.000000,-0.000171,0.000000,0.000351,3.301894,0.000000,0.000894,0.000000,-0.000806,2.172500
3610.0,0.000000,0.000566,0.000000,-0.000571,3.301894,0.000000,0.001058,0.000000,0.000000,2.172500
3620.0,0.000000,0.001195,0.000000,-0.000351,3.301894,0.000000,0.000156,0.000000,0.000000,2.172500
3630.0,0.000000,0.000484,0.000000,0.000000,3.301894,0.000000,-0.000581,0.000000,0.001612,2.172500
3640.0,0.000000,-0.000417,0.000000,0.000000,3.301894,0.000000,-0.001210,0.000000,-0.001612,2.172500
3650.0,0.000000,-0.001155,0.000000,0.000220,3.301894,0.000000,-0.000499,0.000000,0.000807,2.172500
3660.0,0.000000,-0.000663,0.000000,0.000351,3.301894,0.000000,0.000402,0.000000,0.000806,2.172500
3670.0,0.000000,0.000075,0.000000,-0.000571,3.301894,0.000000,0.001140,0.000000,0.003225,2.172500
3680.0,0.000000,0.000976,0.000000,0.000000,3.301894,0.000000,0.000648,0.000000,0.000000,2.172500
3690.0,0.000000,0.000976,0.000000,-0.000351,3.301894,0.000000,-0.000090,0.000000,0.000000,2.172500
3700.0,0.000000,0.000075,0.000000,0.000000,3.301894,0.000000,-0.000991,0.000000,0.000805,2.172500
3710.0,0.000000,-0.000663,0.000000,-0.001141,3.301894,0.000000,-0.000991,0.000000,0.000000,2.172500
3720.0,0.000000,-0.001155,0.000000,0.000351,3.301894,0.000000,-0.000090,0.000000,0.000805,2.172500
3730.0,0.000000,-0.000417,0.000000,0.000922,3.301894,0.000000,0.000648,0.000000,0.000806,2.172500
3740.0,0.000000,0.000484,0.000000,0.000000,3.301894,0.000000,0.001140,0.000000,-0.000806,2.172500
3750.0,0.000000,0.001195,0.000000,0.000000,3.301894,0.000000,0.000402,0.000000,0.001611,2.172500
3760.0,0.000000,0.000566,0.000000,-0.000351,3.301894,0.000000,-0.000499,0.000000,0.000805,2.172500
3770.0,0.000000,-0.000171,0.000000,-0.000571,3.301894,0.000000,-0.001210,0.000000,0.000000,2.172500
3780.0,0.000000,-0.001073,0.000000,0.000351,3.301894,0.000000,-0.000581,0.000000,-0.000001,2.172500
3790.0,0.000000,-0.000909,0.000000,0.000351,3.301894,0.000000,0.000156,0.000000,0.000000,2.172500
3800.0,0.000000,-0.000007,0.000000,-0.000571,3.301894,0.000000,0.001058,0.000000,-0.000001,2.172500
3810.0,0.000000,0.000730,0.000000,0.000922,3.301894,0.000000,0.000894,0.000000,0.001612,2.172500
3820.0,0.000000,0.001058,0.000000,0.000922,3.301894,0.000000,-0.000008,0.000000,-0.000001,2.172500
3830.0,0.000000,0.000321,0.000000,-0.000220,3.301894,0.000000,-0.000745,0.000000,0.000000,2.172500
3840.0,0.000000,-0.000581,0.000000,0.000000,3.301894,0.000000,-0.001073,0.000000,-0.000001,2.172500
3850.0,0.000000,-0.001237,0.000000,0.001493,3.301894,0.000000,-0.000336,0.000000,0.000000,2.172500
3860.0,0.000000,-0.000499,0.000000,-0.000571,3.301894,0.000000,0.000566,0.000000,-0.000001,2.172500
3870.0,0.000000,0.000239,0.000000,0.000000,3.301894,0.000000,0.001222,0.000000,-0.001612,2.172500
3880.0,0.000000,0.001140,0.000000,0.000351,3.301894,0.000000,0.000484,0.000000,-0.000001,2.172500
3890.0,0.000000,0.000812,0.000000,0.000000,3.301894,0.000000,-0.000254,0.000000,-0.000806,2.172500
3900.0,0.000000,-0.000089,0.000000,0.000000,3.301894,0.000000,-0.001155,0.000000,-0.001612,2.172500
3910.0,0.000000,-0.000827,0.000000,0.000000,3.301894,0.000000,-0.000827,0.000000,0.000805,2.172500
3920.0,0.000000,-0.000991,0.000000,0.000000,3.301894,0.000000,0.000074,0.000000,0.000805,2.172500
3930.0,0.000000,-0.000253,0.000000,0.000220,3.301894,0.000000,0.000812,0.000000,0.000806,2.172500
3940.0,0.000000,0.000648,0.000000,0.000000,3.301894,0.000000,0.000976,0.000000,0.002418,2.172500
3950.0,0.000000,0.001222,0.000000,0.000000,3.301894,0.000000,0.000238,0.000000,-0.001612,2.172500
3960.0,0.000000,0.000402,0.000000,0.000000,3.301894,0.000000,-0.000663,0.000000,0.000000,2.172500
3970.0,0.000000,-0.000335,0.000000,-0.000702,3.301894,0.000000,-0.001237,0.000000,-0.000805,2.172500
3980.0,0.000000,-0.001209,0.000000,0.000922,3.301894,0.000000,-0.000418,0.000000,-0.000805,2.172500
3990.0,0.000000,-0.000745,0.000000,0.000351,3.301894,0.000000,0.000320,0.000000,-0.000805,2.172500
4000.0,0.000000,0.000157,0.000000,0.000571,3.301894,0.000000,0.001194,0.000000,-0.001612,2.172500
4010.0,0.000000,0.000894,0.000000,-0.000351,3.301894,0.000000,0.000730,0.000000,0.000805,2.172500
4020.0,0.000000,0.000894,0.000000,0.000000,3.301894,0.000000,-0.000172,0.000000,-0.000001,2.172500
4030.0,0.000000,0.000157,0.000000,0.000000,3.301894,0.000000,-0.000909,0.000000,-0.001612,2.172500
4040.0,0.000000,-0.000745,0.000000,0.000571,3.301894,0.000000,-0.000909,0.000000,-0.000806,2.172500
4050.0,0.000000,-0.001209,0.000000,0.000571,3.301894,0.000000,-0.000172,0.000000,0.000000,2.172500
4060.0,0.000000,-0.000335,0.000000,0.000000,3.301894,0.000000,0.000730,0.000000,-0.000806,2.172500
4070.0,0.000000,0.000402,0.000000,-0.000351,3.301894,0.000000,0.001194,0.000000,0.000001,2.172500
4080.0,0.000000,0.001222,0.000000,0.000000,3.301894,0.000000,0.000320,0.000000,0.000805,2.172500
4090.0,0.000000,0.000648,0.000000,0.000571,3.301894,0.000000,-0.000418,0.000000,0.000805,2.172500
4100.0,0.000000,-0.000253,0.000000,0.000000,3.301894,0.000000,-0.001237,0.000000,-0.000001,2.172500
4110.0,0.000000,-0.000991,0.000000,-0.000220,3.301894,0.000000,-0.000663,0.000000,0.000000,2.172500
4120.0,0.000000,-0.000827,0.000000,0.000000,3.301894,0.000000,0.000238,0.000000,-0.001612,2.172500
4130.0,0.000000,-0.000089,0.000000,0.000000,3.301894,0.000000,0.000976,0.000000,0.000806,2.172500
4140.0,0.000000,0.000812,0.000000,0.000000,3.301894,0.000000,0.000812,0.000000,0.000806,2.172500
4150.0,0.000000,0.001140,0.000000,0.000000,3.301894,0.000000,0.000074,0.000000,-0.000806,2.172500
4160.0,0.000000,0.000239,0.000000,0.000000,3.301894,0.000000,-0.000827,0.000000,-0.001612,2.172500
4170.0,0.000000,-0.000499,0.000000,0.000000,3.301894,0.000000,-0.001155,0.000000,0.001612,2.172500
4180.0,0.000000,-0.001237,0.000000,-0.000351,3.301894,0.000000,-0.000254,0.000000,-0.001612,2.172500
4190.0,0.000000,-0.000581,0.000000,0.000351,3.301894,0.000000,0.000484,0.000000,0.000806,2.172500
4200.0,0.000000,0.000321,0.000000,0.000000,3.301894,0.000000,0.001222,0.000000,0.000805,2.172500
4210.0,0.000000,0.001058,0.000000,0.000000,3.301894,0.000000,0.000566,0.000000,0.000000,2.172500
4220.0,0.000000,0.000730,0.000000,0.000571,3.301894,0.000000,-0.000336,0.000000,-0.001612,2.172500
4230.0,0.000000,-0.000007,0.000000,0.000000,3.301894,0.000000,-0.001073,0.000000,0.000806,2.172500
4240.0,0.000000,-0.000909,0.000000,0.000351,3.301894,0.000000,-0.000745,0.000000,-0.002419,2.172500
4250.0,0.000000,-0.001073,0.000000,-0.000220,3.301894,0.000000,-0.000008,0.000000,0.000000,2.172500
4260.0,0.000000,-0.000171,0.000000,-0.000571,3.301894,0.000000,0.000894,0.000000,0.000806,2.172500
4270.0,0.000000,0.000566,0.000000,-0.000571,3.301894,0.000000,0.001058,0.000000,0.000806,2.172500
4280.0,0.000000,0.001195,0.000000,0.000000,3.301894,0.000000,0.000156,0.000000,0.000000,2.172500
4290.0,0.000000,0.000484,0.000000,-0.000351,3.301894,0.000000,-0.000581,0.000000,-0.000001,2.172500
4300.0,0.000000,-0.000417,0.000000,0.000571,3.301894,0.000000,-0.001210,0.000000,0.000805,2.172500
4310.0,0.000000,-0.001155,0.000000,-0.000351,3.301894,0.000000,-0.000499,0.000000,0.000000,2.172500
4320.0,0.000000,-0.000663,0.000000,0.000351,3.301894,0.000000,0.000402,0.000000,-0.000806,2.172500
4330.0,0.000000,0.000075,0.000000,0.000000,3.301894,0.000000,0.001140,0.000000,0.002417,2.172500
4340.0,0.000000,0.000976,0.000000,-0.000702,3.301894,0.000000,0.000648,0.000000,0.000805,2.172500
4350.0,0.000000,0.000976,0.000000,0.000000,3.301894,0.000000,-0.000090,0.000000,0.000000,2.172500
4360.0,0.000000,0.000075,0.000000,-0.001141,3.301894,0.000000,-0.000991,0.000000,-0.000001,2.172500
4370.0,0.000000,-0.000663,0.000000,0.000000,3.301894,0.000000,-0.000991,0.000000,0.000001,2.172500
4380.0,0.000000,-0.001155,0.000000,-0.000702,3.301894,0.000000,-0.000090,0.000000,-0.000001,2.172500
4390.0,0.000000,-0.000417,0.000000,-0.000922,3.301894,0.000000,0.000648,0.000000,-0.001612,2.172500
4400.0,0.000000,0.000484,0.000000,0.000000,3.301894,0.000000,0.001140,0.000000,-0.000806,2.172500
4410.0,0.000000,0.001195,0.000000,0.000000,3.301894,0.000000,0.000402,0.000000,-0.000806,2.172500
4420.0,0.000000,0.000566,0.000000,0.000000,3.301894,0.000000,-0.000499,0.000000,0.000805,2.172500
4430.0,0.000000,-0.000171,0.000000,0.000000,3.301894,0.000000,-0.001210,0.000000,0.000805,2.172500
4440.0,0.000000,-0.001073,0.000000,-0.000220,3.301894,0.000000,-0.000581,0.000000,0.000805,2.172500
4450.0,0.000000,-0.000909,0.000000,0.000571,3.301894,0.000000,0.000156,0.000000,-0.000806,2.172500
4460.0,0.000000,-0.000007,0.000000,-0.001712,3.301894,0.000000,0.001058,0.000000,-0.000001,2.172500
4470.0,0.000000,0.000730,0.000000,0.000000,3.301894,0.000000,0.000894,0.000000,0.000806,2.172500
4480.0,0.000000,0.001058,0.000000,0.000351,3.301894,0.000000,-0.000008,0.000000,-0.000805,2.172500
4490.0,0.000000,0.000321,0.000000,0.000000,3.301894,0.000000,-0.000745,0.000000,0.000000,2.172500
4500.0,0.000000,-0.000581,0.000000,0.000000,3.301894,0.000000,-0.001073,0.000000,0.000805,2.172500
4510.0,0.000000,-0.001237,0.000000,-0.000922,3.301894,0.000000,-0.000336,0.000000,0.000806,2.172500
4520.0,0.000000,-0.000499,0.000000,0.000000,3.301894,0.000000,0.000566,0.000000,0.000805,2.172500
4530.0,0.000000,0.000239,0.000000,-0.000351,3.301894,0.000000,0.001222,0.000000,-0.000806,2.172500
4540.0,0.000000,0.001140,0.000000,0.000351,3.301894,0.000000,0.000484,0.000000,-0.000001,2.172500
4550.0,0.000000,0.000812,0.000000,0.000000,3.301894,0.000000,-0.000254,0.000000,-0.001612,2.172500
4560.0,0.000000,-0.000089,0.000000,0.000000,3.301894,0.000000,-0.001155,0.000000,0.000805,2.172500
4570.0,0.000000,-0.000827,0.000000,0.000000,3.301894,0.000000,-0.000827,0.000000,0.000806,2.172500
4580.0,0.000000,-0.000991,0.000000,0.000000,3.301894,0.000000,0.000074,0.000000,0.000000,2.172500
4590.0,0.000000,-0.000253,0.000000,0.000000,3.301894,0.000000,0.000812,0.000000,-0.000806,2.172500
4600.0,0.000000,0.000648,0.000000,-0.000922,3.301894,0.000000,0.000976,0.000000,-0.000806,2.172500
4610.0,0.000000,0.001222,0.000000,-0.000571,3.301894,0.000000,0.000238,0.000000,0.000000,2.172500
4620.0,0.000000,0.000402,0.000000,0.000000,3.301894,0.000000,-0.000663,0.000000,0.001612,2.172500
4630.0,0.000000,-0.000335,0.000000,0.000000,3.301894,0.000000,-0.001237,0.000000,-0.000806,2.172500
4640.0,0.000000,-0.001209,0.000000,-0.001712,3.301894,0.000000,-0.000418,0.000000,0.000805,2.172500
4650.0,0.000000,-0.000745,0.000000,0.000000,3.301894,0.000000,0.000320,0.000000,-0.000806,2.172500
4660.0,0.000000,0.000157,0.000000,0.000571,3.301894,0.000000,0.001194,0.000000,-0.000001,2.172500
4670.0,0.000000,0.000894,0.000000,0.000571,3.301894,0.000000,0.000730,0.000000,0.000000,2.172500
4680.0,0.000000,0.000894,0.000000,0.000000,3.301894,0.000000,-0.000172,0.000000,0.000805,2.172500
4690.0,0.000000,0.000157,0.000000,0.000571,3.301894,0.000000,-0.000909,0.000000,-0.000805,2.172500
4700.0,0.000000,-0.000745,0.000000,0.000000,3.301894,0.000000,-0.000909,0.000000,-0.000805,2.172500
4710.0,0.000000,-0.001209,0.000000,0.000000,3.301894,0.000000,-0.000172,0.000000,0.000806,2.172500
4720.0,0.000000,-0.000335,0.000000,0.000000,3.301894,0.000000,0.000730,0.000000,-0.000806,2.172500
4730.0,0.000000,0.000402,0.000000,0.000000,3.301894,0.000000,0.001194,0.000000,-0.000805,2.172500
4740.0,0.000000,0.001222,0.000000,-0.000571,3.301894,0.000000,0.000320,0.000000,0.000805,2.172500
4750.0,0.000000,0.000648,0.000000,-0.000571,3.301894,0.000000,-0.000418,0.000000,0.000000,2.172500
4760.0,0.000000,-0.000253,0.000000,0.000000,3.301894,0.000000,-0.001237,0.000000,-0.000806,2.172500
4770.0,0.000000,-0.000991,0.000000,-0.000351,3.301894,0.000000,-0.000663,0.000000,0.000000,2.172500
4780.0,0.000000,-0.000827,0.000000,0.000571,3.301894,0.000000,0.000238,0.000000,0.000805,2.172500
4790.0,0.000000,-0.000089,0.000000,0.000000,3.301894,0.000000,0.000976,0.000000,0.000000,2.172500
4800.0,0.000000,0.000812,0.000000,-0.000571,3.301894,0.000000,0.000812,0.000000,-0.001612,2.172500
4810.0,0.000000,0.001140,0.000000,-0.000571,3.301894,0.000000,0.000074,0.000000,0.000001,2.172500
4820.0,0.000000,0.000239,0.000000,-0.000351,3.301894,0.000000,-0.000827,0.000000,-0.001612,2.172500
4830.0,0.000000,-0.000499,0.000000,-0.000351,3.301894,0.000000,-0.001155,0.000000,-0.000806,2.172500
4840.0,0.000000,-0.001237,0.000000,0.000000,3.301894,0.000000,-0.000254,0.000000,-0.000001,2.172500
4850.0,0.000000,-0.000581,0.000000,0.000571,3.301894,0.000000,0.000484,0.000000,0.000806,2.172500
4860.0,0.000000,0.000321,0.000000,0.000571,3.301894,0.000000,0.001222,0.000000,0.002419,2.172500
4870.0,0.000000,0.001058,0.000000,0.000000,3.301894,0.000000,0.000566,0.000000,-0.000806,2.172500
4880.0,0.000000,0.000730,0.000000,0.000571,3.301894,0.000000,-0.000336,0.000000,0.000805,2.172500
4890.0,0.000000,-0.000007,0.000000,0.000000,3.301894,0.000000,-0.001073,0.000000,0.000000,2.172500
4900.0,0.000000,-0.000909,0.000000,0.000000,3.301894,0.000000,-0.000745,0.000000,-0.000806,2.172500
4910.0,0.000000,-0.001073,0.000000,0.000571,3.301894,0.000000,-0.000008,0.000000,0.000806,2.172500
4920.0,0.000000,-0.000171,0.000000,0.000000,3.301894,0.000000,0.000894,0.000000,-0.000001,2.172500
4930.0,0.000000,0.000566,0.000000,0.000571,3.301894,0.000000,0.001058,0.000000,0.000000,2.172500
4940.0,0.000000,0.001195,0.000000,0.000000,3.301894,0.000000,0.000156,0.000000,0.000805,2.172500
4950.0,0.000000,0.000484,0.000000,-0.000571,3.301894,0.000000,-0.000581,0.000000,0.000807,2.172500
4960.0,0.000000,-0.000417,0.000000,-0.000790,3.301894,0.000000,-0.001210,0.000000,-0.000001,2.172500
4970.0,0.000000,-0.001155,0.000000,0.000351,3.301894,0.000000,-0.000499,0.000000,-0.000806,2.172500
4980.0,0.000000,-0.000663,0.000000,-0.000571,3.301894,0.000000,0.000402,0.000000,-0.000806,2.172500
4990.0,0.000000,0.000075,0.000000,0.000000,3.301894,0.000000,0.001140,0.000000,-0.000805,2.172500
5000.0,0.000000,0.000976,0.000000,0.000351,3.301894,0.000000,0.000648,0.000000,0.000805,2.172500
5010.0,0.000000,0.000976,0.000000,0.000922,3.301894,0.000000,-0.000090,0.000000,-0.000806,2.172500
5020.0,0.000000,0.000075,0.000000,0.001141,3.301894,0.000000,-0.000991,0.000000,0.000805,2.172500
5030.0,0.000000,-0.000663,0.000000,0.000000,3.301894,0.000000,-0.000991,0.000000,0.000806,2.172500
5040.0,0.000000,-0.001155,0.000000,0.000571,3.301894,0.000000,-0.000090,0.000000,0.000805,2.172500
5050.0,0.000000,-0.000417,0.000000,0.000000,3.301894,0.000000,0.000648,0.000000,0.000000,2.172500
5060.0,0.000000,0.000484,0.000000,0.000000,3.301894,0.000000,0.001140,0.000000,-0.000806,2.172500
5070.0,0.000000,0.001195,0.000000,-0.000351,3.301894,0.000000,0.000402,0.000000,0.000000,2.172500
5080.0,0.000000,0.000566,0.000000,0.000000,3.301894,0.000000,-0.000499,0.000000,0.000805,2.172500
5090.0,0.000000,-0.000171,0.000000,0.000000,3.301894,0.000000,-0.001210,0.000000,0.000000,2.172500
5100.0,0.000000,-0.001073,0.000000,0.000000,3.301894,0.000000,-0.000581,0.000000,0.000805,2.172500
5110.0,0.000000,-0.000909,0.000000,-0.000220,3.301894,0.000000,0.000156,0.000000,0.000001,2.172500
5120.0,0.000000,-0.000007,0.000000,-0.000571,3.301894,0.000000,0.001058,0.000000,0.001611,2.172500
5130.0,0.000000,0.000730,0.000000,0.001493,3.301894,0.000000,0.000894,0.000000,0.000805,2.172500
5140.0,0.000000,0.001058,0.000000,0.000571,3.301894,0.000000,-0.000008,0.000000,-0.000805,2.172500
5150.0,0.000000,0.000321,0.000000,-0.000351,3.301894,0.000000,-0.000745,0.000000,0.000806,2.172500
5160.0,0.000000,-0.000581,0.000000,0.000000,3.301894,0.000000,-0.001073,0.000000,-0.000806,2.172500
5170.0,0.000000,-0.001237,0.000000,0.000351,3.301894,0.000000,-0.000336,0.000000,0.000806,2.172500
5180.0,0.000000,-0.000499,0.000000,-0.000220,3.301894,0.000000,0.000566,0.000000,-0.001612,2.172500
5190.0,0.000000,0.000239,0.000000,0.000571,3.301894,0.000000,0.001222,0.000000,-0.000806,2.172500
5200.0,0.000000,0.001140,0.000000,0.000571,3.301894,0.000000,0.000484,0.000000,-0.002417,2.172500
5210.0,0.000000,0.000812,0.000000,-0.000220,3.301894,0.000000,-0.000254,0.000000,0.000000,2.172500
5220.0,0.000000,-0.000089,0.000000,-0.000922,3.301894,0.000000,-0.001155,0.000000,0.000805,2.172500
5230.0,0.000000,-0.000827,0.000000,0.000000,3.301894,0.000000,-0.000827,0.000000,0.000000,2.172500
5240.0,0.000000,-0.000991,0.000000,0.000000,3.301894,0.000000,0.000074,0.000000,-0.000806,2.172500
5250.0,0.000000,-0.000253,0.000000,0.000000,3.301894,0.000000,0.000812,0.000000,0.000806,2.172500
5260.0,0.000000,0.000648,0.000000,-0.001141,3.301894,0.000000,0.000976,0.000000,0.000000,2.172500
5270.0,0.000000,0.001222,0.000000,0.000351,3.301894,0.000000,0.000238,0.000000,0.001611,2.172500
5280.0,0.000000,0.000402,0.000000,-0.000571,3.301894,0.000000,-0.000663,0.000000,0.000000,2.172500
5290.0,0.000000,-0.000335,0.000000,-0.000790,3.301894,0.000000,-0.001237,0.000000,0.000000,2.172500
5300.0,0.000000,-0.001209,0.000000,0.000571,3.301894,0.000000,-0.000418,0.000000,0.000805,2.172500
5310.0,0.000000,-0.000745,0.000000,-0.000351,3.301894,0.000000,0.000320,0.000000,-0.001612,2.172500
5320.0,0.000000,0.000157,0.000000,-0.001273,3.301894,0.000000,0.001194,0.000000,0.000000,2.172500
5330.0,0.000000,0.000894,0.000000,0.000571,3.301894,0.000000,0.000730,0.000000,0.000806,2.172500
5340.0,0.000000,0.000894,0.000000,0.000922,3.301894,0.000000,-0.000172,0.000000,0.000805,2.172500
5350.0,0.000000,0.000157,0.000000,0.000000,3.301894,0.000000,-0.000909,0.000000,0.000806,2.172500
5360.0,0.000000,-0.000745,0.000000,0.000000,3.301894,0.000000,-0.000909,0.000000,0.000805,2.172500
5370.0,0.000000,-0.001209,0.000000,-0.001493,3.301894,0.000000,-0.000172,0.000000,-0.000806,2.172500
5380.0,0.000000,-0.000335,0.000000,-0.000220,3.301894,0.000000,0.000730,0.000000,0.001612,2.172500
5390.0,0.000000,0.000402,0.000000,0.000000,3.301894,0.000000,0.001194,0.000000,0.000000,2.172500
5400.0,0.000000,0.001222,0.000000,0.001141,3.301894,0.000000,0.000320,0.000000,0.000805,2.172500
5410.0,0.000000,0.000648,0.000000,0.000000,3.301894,0.000000,-0.000418,0.000000,0.000001,2.172500
5420.0,0.000000,-0.000253,0.000000,0.000571,3.301894,0.000000,-0.001237,0.000000,0.000000,2.172500
5430.0,0.000000,-0.000991,0.000000,-0.000571,3.301894,0.000000,-0.000663,0.000000,0.000000,2.172500
5440.0,0.000000,-0.000827,0.000000,0.000351,3.301894,0.000000,0.000238,0.000000,-0.000806,2.172500
5450.0,0.000000,-0.000089,0.000000,0.000351,3.301894,0.000000,0.000976,0.000000,0.000001,2.172500
5460.0,0.000000,0.000812,0.000000,0.000000,3.301894,0.000000,0.000812,0.000000,-0.001612,2.172500
5470.0,0.000000,0.001140,0.000000,0.000571,3.301894,0.000000,0.000074,0.000000,0.002417,2.172500
5480.0,0.000000,0.000239,0.000000,0.000351,3.301894,0.000000,-0.000827,0.000000,-0.001612,2.172500
5490.0,0.000000,-0.000499,0.000000,-0.000571,3.301894,0.000000,-0.001155,0.000000,0.000000,2.172500
5500.0,0.000000,-0.001237,0.000000,0.000351,3.301894,0.000000,-0.000254,0.000000,0.000805,2.172500
5510.0,0.000000,-0.000581,0.000000,0.000000,3.301894,0.000000,0.000484,0.000000,-0.000805,2.172500
5520.0,0.000000,0.000321,0.000000,-0.000571,3.301894,0.000000,0.001222,0.000000,-0.000001,2.172500
5530.0,0.000000,0.001058,0.000000,0.000000,3.301894,0.000000,0.000566,0.000000,0.000000,2.172500
5540.0,0.000000,0.000730,0.000000,0.000220,3.301894,0.000000,-0.000336,0.000000,0.000806,2.172500
5550.0,0.000000,-0.000007,0.000000,0.000351,3.301894,0.000000,-0.001073,0.000000,0.000806,2.172500
5560.0,0.000000,-0.000909,0.000000,-0.000571,3.301894,0.000000,-0.000745,0.000000,0.003223,2.172500
5570.0,0.000000,-0.001073,0.000000,0.000000,3.301894,0.000000,-0.000008,0.000000,0.000000,2.172500
5580.0,0.000000,-0.000171,0.000000,0.000000,3.301894,0.000000,0.000894,0.000000,0.000000,2.172500
5590.0,0.000000,0.000566,0.000000,-0.000351,3.301894,0.000000,0.001058,0.000000,0.000000,2.172500
5600.0,0.000000,0.001195,0.000000,0.000351,3.301894,0.000000,0.000156,0.000000,0.000000,2.172500
5610.0,0.000000,0.000484,0.000000,-0.000571,3.301894,0.000000,-0.000581,0.000000,0.000000,2.172500
5620.0,0.000000,-0.000417,0.000000,0.000000,3.301894,0.000000,-0.001210,0.000000,0.001612,2.172500
5630.0,0.000000,-0.001155,0.000000,-0.000571,3.301894,0.000000,-0.000499,0.000000,0.000000,2.172500
5640.0,0.000000,-0.000663,0.000000,0.000000,3.301894,0.000000,0.000402,0.000000,-0.000806,2.172500
5650.0,0.000000,0.000075,0.000000,0.000571,3.301894,0.000000,0.001140,0.000000,0.000000,2.172500
5660.0,0.000000,0.000976,0.000000,-0.000351,3.301894,0.000000,0.000648,0.000000,0.000000,2.172500
5670.0,0.000000,0.000976,0.000000,0.000351,3.301894,0.000000,-0.000090,0.000000,-0.000805,2.172500
5680.0,0.000000,0.000075,0.000000,0.000000,3.301894,0.000000,-0.000991,0.000000,0.000000,2.172500
5690.0,0.000000,-0.000663,0.000000,0.000000,3.301894,0.000000,-0.000991,0.000000,-0.000805,2.172500
5700.0,0.000000,-0.001155,0.000000,-0.000922,3.301894,0.000000,-0.000090,0.000000,0.001612,2.172500
5710.0,0.000000,-0.000417,0.000000,0.000000,3.301894,0.000000,0.000648,0.000000,0.000000,2.172500
5720.0,0.000000,0.000484,0.000000,0.000922,3.301894,0.000000,0.001140,0.000000,0.000804,2.172500
5730.0,0.000000,0.001195,0.000000,-0.000351,3.301894,0.000000,0.000402,0.000000,-0.001612,2.172500
5740.0,0.000000,0.000566,0.000000,-0.000571,3.301894,0.000000,-0.000499,0.000000,0.001612,2.172500
5750.0,0.000000,-0.000171,0.000000,0.000000,3.301894,0.000000,-0.001210,0.000000,0.001612,2.172500
5760.0,0.000000,-0.001073,0.000000,-0.000790,3.301894,0.000000,-0.000581,0.000000,0.001612,2.172500
5770.0,0.000000,-0.000909,0.000000,0.000000,3.301894,0.000000,0.000156,0.000000,0.000000,2.172500
5780.0,0.000000,-0.000007,0.000000,-0.000702,3.301894,0.000000,0.001058,0.000000,0.000805,2.172500
5790.0,0.000000,0.000730,0.000000,-0.000351,3.301894,0.000000,0.000894,0.000000,0.000805,2.172500
5800.0,0.000000,0.001058,0.000000,0.000000,3.301894,0.000000,-0.000008,0.000000,-0.000806,2.172500
5810.0,0.000000,0.000321,0.000000,0.000571,3.301894,0.000000,-0.000745,0.000000,-0.000805,2.172500
5820.0,0.000000,-0.000581,0.000000,-0.000351,3.301894,0.000000,-0.001073,0.000000,-0.000807,2.172500
5830.0,0.000000,-0.001237,0.000000,-0.000922,3.301894,0.000000,-0.000336,0.000000,0.000805,2.172500
5840.0,0.000000,-0.000499,0.000000,0.000000,3.301894,0.000000,0.000566,0.000000,0.000000,2.172500
5850.0,0.000000,0.000239,0.000000,0.000000,3.301894,0.000000,0.001222,0.000000,-0.000805,2.172500
5860.0,0.000000,0.001140,0.000000,-0.000702,3.301894,0.000000,0.000484,0.000000,-0.001612,2.172500
5870.0,0.000000,0.000812,0.000000,-0.000571,3.301894,0.000000,-0.000254,0.000000,0.000000,2.172500
5880.0,0.000000,-0.000089,0.000000,0.000351,3.301894,0.000000,-0.001155,0.000000,0.003224,2.172500
5890.0,0.000000,-0.000827,0.000000,-0.000220,3.301894,0.000000,-0.000827,0.000000,-0.001612,2.172500
5900.0,0.000000,-0.000991,0.000000,0.000000,3.301894,0.000000,0.000074,0.000000,-0.000001,2.172500
5910.0,0.000000,-0.000253,0.000000,0.000571,3.301894,0.000000,0.000812,0.000000,0.000806,2.172500
5920.0,0.000000,0.000648,0.000000,-0.000571,3.301894,0.000000,0.000976,0.000000,-0.001612,2.172500
5930.0,0.000000,0.001222,0.000000,0.000571,3.301894,0.000000,0.000238,0.000000,0.000001,2.172500
5940.0,0.000000,0.000402,0.000000,0.000571,3.301894,0.000000,-0.000663,0.000000,0.000000,2.172500
5950.0,0.000000,-0.000335,0.000000,0.000000,3.301894,0.000000,-0.001237,0.000000,-0.000805,2.172500
5960.0,0.000000,-0.001209,0.000000,0.000000,3.301894,0.000000,-0.000418,0.000000,0.000805,2.172500
5970.0,0.000000,-0.000745,0.000000,0.000000,3.301894,0.000000,0.000320,0.000000,0.000000,2.172500
5980.0,0.000000,0.000157,0.000000,0.000000,3.301894,0.000000,0.001194,0.000000,0.000806,2.172500
5990.0,0.000000,0.000894,0.000000,0.000351,3.301894,0.000000,0.000730,0.000000,0.000000,2.172500
6000.0,0.000000,0.000894,0.000000,-0.000571,3.301894,0.000000,-0.000172,0.000000,-0.000001,2.172500
6010.0,0.000000,0.000157,0.000000,0.000571,3.301894,0.000000,-0.000909,0.000000,0.000000,2.172500
6020.0,0.000000,-0.000745,0.000000,0.000000,3.301894,0.000000,-0.000909,0.000000,-0.001612,2.172500
6030.0,0.000000,-0.001209,0.000000,0.000351,3.301894,0.000000,-0.000172,0.000000,-0.001612,2.172500
6040.0,0.000000,-0.000335,0.000000,0.000000,3.301894,0.000000,0.000730,0.000000,-0.000001,2.172500
6050.0,0.000000,0.000402,0.000000,0.000571,3.301894,0.000000,0.001194,0.000000,-0.000805,2.172500
6060.0,0.000000,0.001222,0.000000,0.000571,3.301894,0.000000,0.000320,0.000000,0.000000,2.172500
6070.0,0.000000,0.000648,0.000000,0.000000,3.301894,0.000000,-0.000418,0.000000,0.000000,2.172500
6080.0,0.000000,-0.000253,0.000000,-0.000571,3.301894,0.000000,-0.001237,0.000000,-0.001612,2.172500
6090.0,0.000000,-0.000991,0.000000,0.000000,3.301894,0.000000,-0.000663,0.000000,0.000000,2.172500
6100.0,0.000000,-0.000827,0.000000,-0.000351,3.301894,0.000000,0.000238,0.000000,-0.000805,2.172500
6110.0,0.000000,-0.000089,0.000000,0.000000,3.301894,0.000000,0.000976,0.000000,-0.000805,2.172500
6120.0,0.000000,0.000812,0.000000,0.000922,3.301894,0.000000,0.000812,0.000000,0.000000,2.172500
6130.0,0.000000,0.001140,0.000000,0.000000,3.301894,0.000000,0.000074,0.000000,0.000000,2.172500
6140.0,0.000000,0.000239,0.000000,-0.000351,3.301894,0.000000,-0.000827,0.000000,-0.000806,2.172500
6150.0,0.000000,-0.000499,0.000000,0.000922,3.301894,0.000000,-0.001155,0.000000,0.000001,2.172500
6160.0,0.000000,-0.001237,0.000000,-0.000571,3.301894,0.000000,-0.000254,0.000000,-0.000002,2.172500
6170.0,0.000000,-0.000581,0.000000,0.000351,3.301894,0.000000,0.000484,0.000000,0.000001,2.172500
6180.0,0.000000,0.000321,0.000000,0.000351,3.301894,0.000000,0.001222,0.000000,0.000805,2.172500
6190.0,0.000000,0.001058,0.000000,0.000000,3.301894,0.000000,0.000566,0.000000,0.000000,2.172500
6200.0,0.000000,0.000730,0.000000,0.000000,3.301894,0.000000,-0.000336,0.000000,0.000000,2.172500
6210.0,0.000000,-0.000007,0.000000,-0.000351,3.301894,0.000000,-0.001073,0.000000,0.001610,2.172500
6220.0,0.000000,-0.000909,0.000000,-0.000351,3.301894,0.000000,-0.000745,0.000000,0.000000,2.172500
6230.0,0.000000,-0.001073,0.000000,0.000000,3.301894,0.000000,-0.000008,0.000000,0.001612,2.172500
6240.0,0.000000,-0.000171,0.000000,0.000000,3.301894,0.000000,0.000894,0.000000,0.000805,2.172500
6250.0,0.000000,0.000566,0.000000,0.000351,3.301894,0.000000,0.001058,0.000000,0.000000,2.172500
6260.0,0.000000,0.001195,0.000000,0.000000,3.301894,0.000000,0.000156,0.000000,0.000000,2.172500
6270.0,0.000000,0.000484,0.000000,0.000922,3.301894,0.000000,-0.000581,0.000000,-0.000805,2.172500
6280.0,0.000000,-0.000417,0.000000,0.000571,3.301894,0.000000,-0.001210,0.000000,0.003222,2.172500
6290.0,0.000000,-0.001155,0.000000,0.000571,3.301894,0.000000,-0.000499,0.000000,-0.000805,2.172500
6300.0,0.000000,-0.000663,0.000000,0.000000,3.301894,0.000000,0.000402,0.000000,-0.000001,2.172500
6310.0,0.000000,0.000075,0.000000,0.000571,3.301894,0.000000,0.001140,0.000000,-0.000806,2.172500
6320.0,0.000000,0.000976,0.000000,0.000000,3.301894,0.000000,0.000648,0.000000,0.003224,2.172500
6330.0,0.000000,0.000976,0.000000,0.000000,3.301894,0.000000,-0.000090,0.000000,0.000806,2.172500
6340.0,0.000000,0.000075,0.000000,-0.000220,3.301894,0.000000,-0.000991,0.000000,0.000805,2.172500
6350.0,0.000000,-0.000663,0.000000,0.000000,3.301894,0.000000,-0.000991,0.000000,0.001612,2.172500
6360.0,0.000000,-0.001155,0.000000,-0.001493,3.301894,0.000000,-0.000090,0.000000,0.000805,2.172500
6370.0,0.000000,-0.000417,0.000000,0.000000,3.301894,0.000000,0.000648,0.000000,0.000805,2.172500
6380.0,0.000000,0.000484,0.000000,0.000922,3.301894,0.000000,0.001140,0.000000,-0.000806,2.172500
6390.0,0.000000,0.001195,0.000000,0.000351,3.301894,0.000000,0.000402,0.000000,0.000806,2.172500
6400.0,0.000000,0.000566,0.000000,0.000000,3.301894,0.000000,-0.000499,0.000000,0.000805,2.172500
6410.0,0.000000,-0.000171,0.000000,0.001141,3.301894,0.000000,-0.001210,0.000000,0.001611,2.172500
6420.0,0.000000,-0.001073,0.000000,-0.000220,3.301894,0.000000,-0.000581,0.000000,0.000805,2.172500
6430.0,0.000000,-0.000909,0.000000,0.000000,3.301894,0.000000,0.000156,0.000000,0.000000,2.172500
6440.0,0.000000,-0.000007,0.000000,-0.000351,3.301894,0.000000,0.001058,0.000000,-0.000001,2.172500
6450.0,0.000000,0.000730,0.000000,0.000000,3.301894,0.000000,0.000894,0.000000,0.000806,2.172500
6460.0,0.000000,0.001058,0.000000,-0.000571,3.301894,0.000000,-0.000008,0.000000,-0.001612,2.172500
6470.0,0.000000,0.000321,0.000000,0.000922,3.301894,0.000000,-0.000745,0.000000,-0.001612,2.172500
6480.0,0.000000,-0.000581,0.000000,-0.000351,3.301894,0.000000,-0.001073,0.000000,0.000805,2.172500
6490.0,0.000000,-0.001237,0.000000,-0.000351,3.301894,0.000000,-0.000336,0.000000,-0.000806,2.172500
6500.0,0.000000,-0.000499,0.000000,-0.000351,3.301894,0.000000,0.000566,0.000000,0.000805,2.172500
6510.0,0.000000,0.000239,0.000000,0.000571,3.301894,0.000000,0.001222,0.000000,-0.000806,2.172500
6520.0,0.000000,0.001140,0.000000,-0.000351,3.301894,0.000000,0.000484,0.000000,0.000000,2.172500
6530.0,0.000000,0.000812,0.000000,-0.000571,3.301894,0.000000,-0.000254,0.000000,-0.000805,2.172500
6540.0,0.000000,-0.000089,0.000000,0.000571,3.301894,0.000000,-0.001155,0.000000,0.000805,2.172500
6550.0,0.000000,-0.000827,0.000000,0.000351,3.301894,0.000000,-0.000827,0.000000,0.000806,2.172500
6560.0,0.000000,-0.000991,0.000000,0.000000,3.301894,0.000000,0.000074,0.000000,-0.000806,2.172500
6570.0,0.000000,-0.000253,0.000000,0.000000,3.301894,0.000000,0.000812,0.000000,0.000000,2.172500
6580.0,0.000000,0.000648,0.000000,0.000000,3.301894,0.000000,0.000976,0.000000,0.000806,2.172500
6590.0,0.000000,0.001222,0.000000,0.000571,3.301894,0.000000,0.000238,0.000000,0.000000,2.172500
6600.0,0.000000,0.000402,0.000000,0.000000,3.301894,0.000000,-0.000663,0.000000,0.000000,2.172500
6610.0,0.000000,-0.000335,0.000000,0.000571,3.301894,0.000000,-0.001237,0.000000,0.000805,2.172500
6620.0,0.000000,-0.001209,0.000000,0.000571,3.301894,0.000000,-0.000418,0.000000,0.002418,2.172500
6630.0,0.000000,-0.000745,0.000000,-0.000571,3.301894,0.000000,0.000320,0.000000,0.000806,2.172500
6640.0,0.000000,0.000157,0.000000,0.000000,3.301894,0.000000,0.001194,0.000000,0.000000,2.172500
6650.0,0.000000,0.000894,0.000000,0.000351,3.301894,0.000000,0.000730,0.000000,0.001612,2.172500
6660.0,0.000000,0.000894,0.000000,0.000000,3.301894,0.000000,-0.000172,0.000000,0.000000,2.172500
6670.0,0.000000,0.000157,0.000000,-0.000351,3.301894,0.000000,-0.000909,0.000000,-0.000806,2.172500
6680.0,0.000000,-0.000745,0.000000,-0.000351,3.301894,0.000000,-0.000909,0.000000,0.000000,2.172500
6690.0,0.000000,-0.001209,0.000000,-0.000351,3.301894,0.000000,-0.000172,0.000000,-0.000805,2.172500
6700.0,0.000000,-0.000335,0.000000,-0.000571,3.301894,0.000000,0.000730,0.000000,-0.000001,2.172500
6710.0,0.000000,0.000402,0.000000,0.000000,3.301894,0.000000,0.001194,0.000000,0.000000,2.172500
6720.0,0.000000,0.001222,0.000000,0.000922,3.301894,0.000000,0.000320,0.000000,-0.000001,2.172500
6730.0,0.000000,0.000648,0.000000,0.000000,3.301894,0.000000,-0.000418,0.000000,0.000001,2.172500
6740.0,0.000000,-0.000253,0.000000,-0.000351,3.301894,0.000000,-0.001237,0.000000,0.000000,2.172500
6750.0,0.000000,-0.000991,0.000000,0.000000,3.301894,0.000000,-0.000663,0.000000,0.000806,2.172500
6760.0,0.000000,-0.000827,0.000000,0.000000,3.301894,0.000000,0.000238,0.000000,-0.000001,2.172500
6770.0,0.000000,-0.000089,0.000000,0.000571,3.301894,0.000000,0.000976,0.000000,0.000806,2.172500
6780.0,0.000000,0.000812,0.000000,0.000571,3.301894,0.000000,0.000812,0.000000,-0.000001,2.172500
6790.0,0.000000,0.001140,0.000000,-0.000571,3.301894,0.000000,0.000074,0.000000,-0.001611,2.172500
6800.0,0.000000,0.000239,0.000000,0.000000,3.301894,0.000000,-0.000827,0.000000,-0.000001,2.172500
6810.0,0.000000,-0.000499,0.000000,-0.000571,3.301894,0.000000,-0.001155,0.000000,0.000000,2.172500
6820.0,0.000000,-0.001237,0.000000,0.000000,3.301894,0.000000,-0.000254,0.000000,-0.000806,2.172500
6830.0,0.000000,-0.000581,0.000000,-0.000351,3.301894,0.000000,0.000484,0.000000,0.001612,2.172500
6840.0,0.000000,0.000321,0.000000,-0.000922,3.301894,0.000000,0.001222,0.000000,-0.000001,2.172500
6850.0,0.000000,0.001058,0.000000,-0.000571,3.301894,0.000000,0.000566,0.000000,0.000001,2.172500
6860.0,0.000000,0.000730,0.000000,0.000922,3.301894,0.000000,-0.000336,0.000000,-0.000001,2.172500
6870.0,0.000000,-0.000007,0.000000,0.000351,3.301894,0.000000,-0.001073,0.000000,-0.000001,2.172500
6880.0,0.000000,-0.000909,0.000000,0.000351,3.301894,0.000000,-0.000745,0.000000,-0.002418,2.172500
6890.0,0.000000,-0.001073,0.000000,0.000000,3.301894,0.000000,-0.000008,0.000000,0.000000,2.172500
6900.0,0.000000,-0.000171,0.000000,0.000571,3.301894,0.000000,0.000894,0.000000,-0.000806,2.172500
6910.0,0.000000,0.000566,0.000000,0.000000,3.301894,0.000000,0.001058,0.000000,-0.000805,2.172500
6920.0,0.000000,0.001195,0.000000,0.000351,3.301894,0.000000,0.000156,0.000000,-0.001612,2.172500
6930.0,0.000000,0.000484,0.000000,-0.000922,3.301894,0.000000,-0.000581,0.000000,0.000805,2.172500
6940.0,0.000000,-0.000417,0.000000,-0.000571,3.301894,0.000000,-0.001210,0.000000,-0.000806,2.172500
6950.0,0.000000,-0.001155,0.000000,-0.000571,3.301894,0.000000,-0.000499,0.000000,0.001612,2.172500
6960.0,0.000000,-0.000663,0.000000,-0.000571,3.301894,0.000000,0.000402,0.000000,0.000001,2.172500
6970.0,0.000000,0.000075,0.000000,0.000220,3.301894,0.000000,0.001140,0.000000,0.000000,2.172500
6980.0,0.000000,0.000976,0.000000,0.000000,3.301894,0.000000,0.000648,0.000000,-0.001612,2.172500
6990.0,0.000000,0.000976,0.000000,0.000922,3.301894,0.000000,-0.000090,0.000000,0.000806,2.172500
7000.0,0.000000,0.000075,0.000000,0.000571,3.301894,0.000000,-0.000991,0.000000,0.000805,2.172500
7010.0,0.000000,-0.000663,0.000000,0.000000,3.301894,0.000000,-0.000991,0.000000,0.000000,2.172500
7020.0,0.000000,-0.001155,0.000000,-0.000571,3.301894,0.000000,-0.000090,0.000000,0.000805,2.172500
7030.0,0.000000,-0.000417,0.000000,0.000220,3.301894,0.000000,0.000648,0.000000,0.000806,2.172500
7040.0,0.000000,0.000484,0.000000,0.000000,3.301894,0.000000,0.001140,0.000000,-0.000001,2.172500
7050.0,0.000000,0.001195,0.000000,-0.000571,3.301894,0.000000,0.000402,0.000000,0.000000,2.172500
7060.0,0.000000,0.000566,0.000000,-0.000790,3.301894,0.000000,-0.000499,0.000000,-0.000806,2.172500
7070.0,0.000000,-0.000171,0.000000,0.000000,3.301894,0.000000,-0.001210,0.000000,-0.000001,2.172500
7080.0,0.000000,-0.001073,0.000000,0.000571,3.301894,0.000000,-0.000581,0.000000,0.000000,2.172500
7090.0,0.000000,-0.000909,0.000000,0.000000,3.301894,0.000000,0.000156,0.000000,-0.000806,2.172500
7100.0,0.000000,-0.000007,0.000000,-0.000351,3.301894,0.000000,0.001058,0.000000,0.001611,2.172500
7110.0,0.000000,0.000730,0.000000,0.000571,3.301894,0.000000,0.000894,0.000000,0.000000,2.172500
7120.0,0.000000,0.001058,0.000000,0.000571,3.301894,0.000000,-0.000008,0.000000,0.000000,2.172500
7130.0,0.000000,0.000321,0.000000,-0.000351,3.301894,0.000000,-0.000745,0.000000,-0.000806,2.172500
7140.0,0.000000,-0.000581,0.000000,-0.000571,3.301894,0.000000,-0.001073,0.000000,-0.000001,2.172500
7150.0,0.000000,-0.001237,0.000000,0.000000,3.301894,0.000000,-0.000336,0.000000,0.000000,2.172500
7160.0,0.000000,-0.000499,0.000000,0.000000,3.301894,0.000000,0.000566,0.000000,0.000000,2.172500
7170.0,0.000000,0.000239,0.000000,-0.000571,3.301894,0.000000,0.001222,0.000000,-0.000806,2.172500
7180.0,0.000000,0.001140,0.000000,0.000000,3.301894,0.000000,0.000484,0.000000,0.000805,2.172500
7190.0,0.000000,0.000812,0.000000,0.000000,3.301894,0.000000,-0.000254,0.000000,-0.000805,2.172500
7200.0,0.000000,-0.000089,0.000000,-0.000351,3.301894,0.000000,-0.001155,0.000000,0.000805,2.172500
7210.0,0.000000,-0.000827,0.000000,0.000922,3.301894,0.000000,-0.000827,0.000000,0.000000,2.172500
7220.0,0.000000,-0.000991,0.000000,0.000000,3.301894,0.000000,0.000074,0.000000,-0.001612,2.172500
7230.0,0.000000,-0.000253,0.000000,0.000351,3.301894,0.000000,0.000812,0.000000,0.000000,2.172500
7240.0,0.000000,0.000648,0.000000,0.001141,3.301894,0.000000,0.000976,0.000000,0.001610,2.172500
7250.0,0.000000,0.001222,0.000000,0.000000,3.301894,0.000000,0.000238,0.000000,0.000806,2.172500
7260.0,0.000000,0.000402,0.000000,-0.000571,3.301894,0.000000,-0.000663,0.000000,-0.000806,2.172500
7270.0,0.000000,-0.000335,0.000000,0.000000,3.301894,0.000000,-0.001237,0.000000,0.000000,2.172500
7280.0,0.000000,-0.001209,0.000000,0.000000,3.301894,0.000000,-0.000418,0.000000,0.000001,2.172500
7290.0,0.000000,-0.000745,0.000000,0.000351,3.301894,0.000000,0.000320,0.000000,0.000806,2.172500
7300.0,0.000000,0.000157,0.000000,-0.000351,3.301894,0.000000,0.001194,0.000000,-0.000001,2.172500
7310.0,0.000000,0.000894,0.000000,-0.000571,3.301894,0.000000,0.000730,0.000000,0.000805,2.172500
7320.0,0.000000,0.000894,0.000000,0.000000,3.301894,0.000000,-0.000172,0.000000,-0.000001,2.172500
7330.0,0.000000,0.000157,0.000000,0.000000,3.301894,0.000000,-0.000909,0.000000,0.000805,2.172500
7340.0,0.000000,-0.000745,0.000000,0.000571,3.301894,0.000000,-0.000909,0.000000,-0.000806,2.172500
7350.0,0.000000,-0.001209,0.000000,-0.000571,3.301894,0.000000,-0.000172,0.000000,-0.000806,2.172500
7360.0,0.000000,-0.000335,0.000000,0.000000,3.301894,0.000000,0.000730,0.000000,-0.000807,2.172500
7370.0,0.000000,0.000402,0.000000,-0.000220,3.301894,0.000000,0.001194,0.000000,0.001612,2.172500
7380.0,0.000000,0.001222,0.000000,0.000571,3.301894,0.000000,0.000320,0.000000,-0.000806,2.172500
7390.0,0.000000,0.000648,0.000000,-0.000571,3.301894,0.000000,-0.000418,0.000000,-0.000806,2.172500
7400.0,0.000000,-0.000253,0.000000,0.000571,3.301894,0.000000,-0.001237,0.000000,0.000000,2.172500
7410.0,0.000000,-0.000991,0.000000,0.000351,3.301894,0.000000,-0.000663,0.000000,-0.000805,2.172500
7420.0,0.000000,-0.000827,0.000000,-0.001141,3.301894,0.000000,0.000238,0.000000,-0.000806,2.172500
7430.0,0.000000,-0.000089,0.000000,0.000000,3.301894,0.000000,0.000976,0.000000,-0.000806,2.172500
7440.0,0.000000,0.000812,0.000000,-0.000351,3.301894,0.000000,0.000812,0.000000,0.002417,2.172500
7450.0,0.000000,0.001140,0.000000,-0.000351,3.301894,0.000000,0.000074,0.000000,0.000000,2.172500
7460.0,0.000000,0.000239,0.000000,-0.000922,3.301894,0.000000,-0.000827,0.000000,0.001612,2.172500
7470.0,0.000000,-0.000499,0.000000,0.000000,3.301894,0.000000,-0.001155,0.000000,0.001612,2.172500
7480.0,0.000000,-0.001237,0.000000,0.000351,3.301894,0.000000,-0.000254,0.000000,-0.000806,2.172500
7490.0,0.000000,-0.000581,0.000000,-0.000351,3.301894,0.000000,0.000484,0.000000,0.000805,2.172500
7500.0,0.000000,0.000321,0.000000,0.000351,3.301894,0.000000,0.001222,0.000000,-0.000001,2.172500
7510.0,0.000000,0.001058,0.000000,0.000571,3.301894,0.000000,0.000566,0.000000,0.000000,2.172500
7520.0,0.000000,0.000730,0.000000,-0.001273,3.301894,0.000000,-0.000336,0.000000,-0.000806,2.172500
7530.0,0.000000,-0.000007,0.000000,-0.000351,3.301894,0.000000,-0.001073,0.000000,0.001612,2.172500
7540.0,0.000000,-0.000909,0.000000,0.000000,3.301894,0.000000,-0.000745,0.000000,0.000000,2.172500
7550.0,0.000000,-0.001073,0.000000,0.000000,3.301894,0.000000,-0.000008,0.000000,-0.000001,2.172500
7560.0,0.000000,-0.000171,0.000000,0.000000,3.301894,0.000000,0.000894,0.000000,0.000805,2.172500
7570.0,0.000000,0.000566,0.000000,0.000922,3.301894,0.000000,0.001058,0.000000,-0.000806,2.172500
7580.0,0.000000,0.001195,0.000000,-0.000351,3.301894,0.000000,0.000156,0.000000,0.000806,2.172500
7590.0,0.000000,0.000484,0.000000,-0.000351,3.301894,0.000000,-0.000581,0.000000,0.000806,2.172500
7600.0,0.000000,-0.000417,0.000000,0.000000,3.301894,0.000000,-0.001210,0.000000,0.000805,2.172500
7610.0,0.000000,-0.001155,0.000000,-0.000220,3.301894,0.000000,-0.000499,0.000000,0.000000,2.172500
7620.0,0.000000,-0.000663,0.000000,0.000000,3.301894,0.000000,0.000402,0.000000,0.000000,2.172500
7630.0,0.000000,0.000075,0.000000,-0.001273,3.301894,0.000000,0.001140,0.000000,0.000806,2.172500
7640.0,0.000000,0.000976,0.000000,-0.000351,3.301894,0.000000,0.000648,0.000000,-0.000001,2.172500
7650.0,0.000000,0.000976,0.000000,0.000000,3.301894,0.000000,-0.000090,0.000000,-0.000805,2.172500
7660.0,0.000000,0.000075,0.000000,-0.000220,3.301894,0.000000,-0.000991,0.000000,-0.000001,2.172500
7670.0,0.000000,-0.000663,0.000000,0.000000,3.301894,0.000000,-0.000991,0.000000,0.000806,2.172500
7680.0,0.000000,-0.001155,0.000000,0.000000,3.301894,0.000000,-0.000090,0.000000,0.000805,2.172500
7690.0,0.000000,-0.000417,0.000000,0.000000,3.301894,0.000000,0.000648,0.000000,0.000000,2.172500
7700.0,0.000000,0.000484,0.000000,0.000571,3.301894,0.000000,0.001140,0.000000,-0.000806,2.172500
7710.0,0.000000,0.001195,0.000000,-0.000351,3.301894,0.000000,0.000402,0.000000,0.000000,2.172500
7720.0,0.000000,0.000566,0.000000,-0.000351,3.301894,0.000000,-0.000499,0.000000,-0.000806,2.172500
7730.0,0.000000,-0.000171,0.000000,-0.000351,3.301894,0.000000,-0.001210,0.000000,-0.000806,2.172500
7740.0,0.000000,-0.001073,0.000000,0.000220,3.301894,0.000000,-0.000581,0.000000,-0.001612,2.172500
7750.0,0.000000,-0.000909,0.000000,0.000000,3.301894,0.000000,0.000156,0.000000,0.000000,2.172500
7760.0,0.000000,-0.000007,0.000000,0.000000,3.301894,0.000000,0.001058,0.000000,-0.000001,2.172500
7770.0,0.000000,0.000730,0.000000,0.000571,3.301894,0.000000,0.000894,0.000000,-0.000806,2.172500
7780.0,0.000000,0.001058,0.000000,-0.000571,3.301894,0.000000,-0.000008,0.000000,-0.000001,2.172500
7790.0,0.000000,0.000321,0.000000,0.000571,3.301894,0.000000,-0.000745,0.000000,-0.000001,2.172500
7800.0,0.000000,-0.000581,0.000000,-0.000922,3.301894,0.000000,-0.001073,0.000000,0.000805,2.172500
7810.0,0.000000,-0.001237,0.000000,0.000351,3.301894,0.000000,-0.000336,0.000000,0.000000,2.172500
7820.0,0.000000,-0.000499,0.000000,0.000351,3.301894,0.000000,0.000566,0.000000,0.001612,2.172500
7830.0,0.000000,0.000239,0.000000,0.000000,3.301894,0.000000,0.001222,0.000000,0.001612,2.172500
7840.0,0.000000,0.001140,0.000000,0.000351,3.301894,0.000000,0.000484,0.000000,-0.000001,2.172500
7850.0,0.000000,0.000812,0.000000,-0.000351,3.301894,0.000000,-0.000254,0.000000,0.000806,2.172500
7860.0,0.000000,-0.000089,0.000000,0.000351,3.301894,0.000000,-0.001155,0.000000,-0.000806,2.172500
7870.0,0.000000,-0.000827,0.000000,0.000000,3.301894,0.000000,-0.000827,0.000000,0.000806,2.172500
7880.0,0.000000,-0.000991,0.000000,0.000000,3.301894,0.000000,0.000074,0.000000,-0.000806,2.172500
7890.0,0.000000,-0.000253,0.000000,0.000571,3.301894,0.000000,0.000812,0.000000,0.000000,2.172500
7900.0,0.000000,0.000648,0.000000,0.000000,3.301894,0.000000,0.000976,0.000000,-0.002418,2.172500
7910.0,0.000000,0.001222,0.000000,-0.000571,3.301894,0.000000,0.000238,0.000000,0.000000,2.172500
7920.0,0.000000,0.000402,0.000000,0.000000,3.301894,0.000000,-0.000663,0.000000,-0.000001,2.172500
7930.0,0.000000,-0.000335,0.000000,-0.000571,3.301894,0.000000,-0.001237,0.000000,0.000805,2.172500
7940.0,0.000000,-0.001209,0.000000,0.000000,3.301894,0.000000,-0.000418,0.000000,0.000000,2.172500
7950.0,0.000000,-0.000745,0.000000,0.000571,3.301894,0.000000,0.000320,0.000000,0.000000,2.172500
7960.0,0.000000,0.000157,0.000000,0.000351,3.301894,0.000000,0.001194,0.000000,-0.000001,2.172500
7970.0,0.000000,0.000894,0.000000,-0.000351,3.301894,0.000000,0.000730,0.000000,0.000000,2.172500
7980.0,0.000000,0.000894,0.000000,0.000000,3.301894,0.000000,-0.000172,0.000000,0.000805,2.172500
7990.0,0.000000,0.000157,0.000000,0.000351,3.301894,0.000000,-0.000909,0.000000,0.000806,2.172500
8000.0,0.000000,-0.000745,0.000000,0.000571,3.301894,0.000000,-0.000909,0.000000,0.000000,2.172500
8010.0,0.000000,-0.001209,0.000000,0.000000,3.301894,0.000000,-0.000172,0.000000,0.000000,2.172500
8020.0,0.000000,-0.000335,0.000000,-0.000571,3.301894,0.000000,0.000730,0.000000,0.000806,2.172500
8030.0,0.000000,0.000402,0.000000,0.000000,3.301894,0.000000,0.001194,0.000000,0.001612,2.172500
8040.0,0.000000,0.001222,0.000000,-0.000571,3.301894,0.000000,0.000320,0.000000,-0.000807,2.172500
8050.0,0.000000,0.000648,0.000000,-0.000220,3.301894,0.000000,-0.000418,0.000000,-0.001612,2.172500
8060.0,0.000000,-0.000253,0.000000,0.000351,3.301894,0.000000,-0.001237,0.000000,-0.000001,2.172500
8070.0,0.000000,-0.000991,0.000000,0.000571,3.301894,0.000000,-0.000663,0.000000,-0.000806,2.172500
8080.0,0.000000,-0.000827,0.000000,0.000351,3.301894,0.000000,0.000238,0.000000,0.001612,2.172500
8090.0,0.000000,-0.000089,0.000000,-0.000571,3.301894,0.000000,0.000976,0.000000,-0.000805,2.172500
8100.0,0.000000,0.000812,0.000000,-0.000220,3.301894,0.000000,0.000812,0.000000,0.000805,2.172500
8110.0,0.000000,0.001140,0.000000,0.000351,3.301894,0.000000,0.000074,0.000000,0.000806,2.172500
8120.0,0.000000,0.000239,0.000000,0.000571,3.301894,0.000000,-0.000827,0.000000,0.000000,2.172500
8130.0,0.000000,-0.000499,0.000000,-0.000922,3.301894,0.000000,-0.001155,0.000000,0.000000,2.172500
8140.0,0.000000,-0.001237,0.000000,-0.000702,3.301894,0.000000,-0.000254,0.000000,-0.000807,2.172500
8150.0,0.000000,-0.000581,0.000000,0.000000,3.301894,0.000000,0.000484,0.000000,0.000000,2.172500
8160.0,0.000000,0.000321,0.000000,0.000000,3.301894,0.000000,0.001222,0.000000,-0.000001,2.172500
8170.0,0.000000,0.001058,0.000000,-0.000351,3.301894,0.000000,0.000566,0.000000,0.000805,2.172500
8180.0,0.000000,0.000730,0.000000,0.000000,3.301894,0.000000,-0.000336,0.000000,-0.000001,2.172500
8190.0,0.000000,-0.000007,0.000000,0.000000,3.301894,0.000000,-0.001073,0.000000,0.000000,2.172500
8200.0,0.000000,-0.000909,0.000000,0.000571,3.301894,0.000000,-0.000745,0.000000,-0.000806,2.172500
8210.0,0.000000,-0.001073,0.000000,-0.000220,3.301894,0.000000,-0.000008,0.000000,-0.000805,2.172500
8220.0,0.000000,-0.000171,0.000000,0.000571,3.301894,0.000000,0.000894,0.000000,0.000805,2.172500
8230.0,0.000000,0.000566,0.000000,0.000351,3.301894,0.000000,0.001058,0.000000,0.000000,2.172500
8240.0,0.000000,0.001195,0.000000,-0.000220,3.301894,0.000000,0.000156,0.000000,-0.000806,2.172500
8250.0,0.000000,0.000484,0.000000,0.000571,3.301894,0.000000,-0.000581,0.000000,0.000000,2.172500
8260.0,0.000000,-0.000417,0.000000,-0.000571,3.301894,0.000000,-0.001210,0.000000,0.002418,2.172500
8270.0,0.000000,-0.001155,0.000000,0.000000,3.301894,0.000000,-0.000499,0.000000,0.000000,2.172500
8280.0,0.000000,-0.000663,0.000000,0.000000,3.301894,0.000000,0.000402,0.000000,0.000000,2.172500
8290.0,0.000000,0.000075,0.000000,0.000000,3.301894,0.000000,0.001140,0.000000,0.000000,2.172500
8300.0,0.000000,0.000976,0.000000,-0.000571,3.301894,0.000000,0.000648,0.000000,0.000805,2.172500
8310.0,0.000000,0.000976,0.000000,-0.000571,3.301894,0.000000,-0.000090,0.000000,0.000000,2.172500
8320.0,0.000000,0.000075,0.000000,0.000000,3.301894,0.000000,-0.000991,0.000000,0.000000,2.172500
8330.0,0.000000,-0.000663,0.000000,-0.000351,3.301894,0.000000,-0.000991,0.000000,0.000805,2.172500
8340.0,0.000000,-0.001155,0.000000,0.000351,3.301894,0.000000,-0.000090,0.000000,-0.000001,2.172500
8350.0,0.000000,-0.000417,0.000000,0.000351,3.301894,0.000000,0.000648,0.000000,-0.000806,2.172500
8360.0,0.000000,0.000484,0.000000,0.000000,3.301894,0.000000,0.001140,0.000000,-0.000001,2.172500
8370.0,0.000000,0.001195,0.000000,0.000000,3.301894,0.000000,0.000402,0.000000,-0.000806,2.172500
8380.0,0.000000,0.000566,0.000000,-0.000571,3.301894,0.000000,-0.000499,0.000000,0.000001,2.172500
8390.0,0.000000,-0.000171,0.000000,-0.000220,3.301894,0.000000,-0.001210,0.000000,0.001612,2.172500
8400.0,0.000000,-0.001073,0.000000,0.000351,3.301894,0.000000,-0.000581,0.000000,-0.000806,2.172500
8410.0,0.000000,-0.000909,0.000000,-0.000220,3.301894,0.000000,0.000156,0.000000,0.000000,2.172500
8420.0,0.000000,-0.000007,0.000000,0.000000,3.301894,0.000000,0.001058,0.000000,0.000000,2.172500
8430.0,0.000000,0.000730,0.000000,0.000000,3.301894,0.000000,0.000894,0.000000,0.000000,2.172500
8440.0,0.000000,0.001058,0.000000,0.000351,3.301894,0.000000,-0.000008,0.000000,0.000805,2.172500
8450.0,0.000000,0.000321,0.000000,-0.000220,3.301894,0.000000,-0.000745,0.000000,0.001612,2.172500
8460.0,0.000000,-0.000581,0.000000,0.000000,3.301894,0.000000,-0.001073,0.000000,-0.000806,2.172500
8470.0,0.000000,-0.001237,0.000000,0.000000,3.301894,0.000000,-0.000336,0.000000,-0.000806,2.172500
8480.0,0.000000,-0.000499,0.000000,0.000000,3.301894,0.000000,0.000566,0.000000,-0.000806,2.172500
8490.0,0.000000,0.000239,0.000000,0.000000,3.301894,0.000000,0.001222,0.000000,0.000805,2.172500
8500.0,0.000000,0.001140,0.000000,0.000000,3.301894,0.000000,0.000484,0.000000,0.000000,2.172500
8510.0,0.000000,0.000812,0.000000,0.000000,3.301894,0.000000,-0.000254,0.000000,0.000806,2.172500
8520.0,0.000000,-0.000089,0.000000,0.000351,3.301894,0.000000,-0.001155,0.000000,0.000000,2.172500
8530.0,0.000000,-0.000827,0.000000,0.000000,3.301894,0.000000,-0.000827,0.000000,0.002419,2.172500
8540.0,0.000000,-0.000991,0.000000,0.000000,3.301894,0.000000,0.000074,0.000000,-0.000001,2.172500
8550.0,0.000000,-0.000253,0.000000,0.000000,3.301894,0.000000,0.000812,0.000000,0.000000,2.172500
8560.0,0.000000,0.000648,0.000000,0.000000,3.301894,0.000000,0.000976,0.000000,-0.000806,2.172500
8570.0,0.000000,0.001222,0.000000,0.000000,3.301894,0.000000,0.000238,0.000000,0.000000,2.172500
8580.0,0.000000,0.000402,0.000000,0.000000,3.301894,0.000000,-0.000663,0.000000,-0.001612,2.172500
8590.0,0.000000,-0.000335,0.000000,0.000000,3.301894,0.000000,-0.001237,0.000000,0.000000,2.172500
8600.0,0.000000,-0.001209,0.000000,-0.000351,3.301894,0.000000,-0.000418,0.000000,0.000805,2.172500
8610.0,0.000000,-0.000745,0.000000,0.000000,3.301894,0.000000,0.000320,0.000000,0.000001,2.172500
8620.0,0.000000,0.000157,0.000000,-0.000571,3.301894,0.000000,0.001194,0.000000,0.000000,2.172500
8630.0,0.000000,0.000894,0.000000,-0.000922,3.301894,0.000000,0.000730,0.000000,0.000000,2.172500
8640.0,0.000000,0.000894,0.000000,-0.000220,3.301894,0.000000,-0.000172,0.000000,0.000000,2.172500
8650.0,0.000000,0.000157,0.000000,0.000351,3.301894,0.000000,-0.000909,0.000000,0.000806,2.172500
8660.0,0.000000,-0.000745,0.000000,0.001273,3.301894,0.000000,-0.000909,0.000000,0.000805,2.172500
8670.0,0.000000,-0.001209,0.000000,0.000000,3.301894,0.000000,-0.000172,0.000000,-0.000806,2.172500
8680.0,0.000000,-0.000335,0.000000,0.000351,3.301894,0.000000,0.000730,0.000000,-0.000806,2.172500
8690.0,0.000000,0.000402,0.000000,-0.000571,3.301894,0.000000,0.001194,0.000000,-0.000806,2.172500
8700.0,0.000000,0.001222,0.000000,0.000000,3.301894,0.000000,0.000320,0.000000,-0.000806,2.172500
8710.0,0.000000,0.000648,0.000000,-0.001141,3.301894,0.000000,-0.000418,0.000000,0.000000,2.172500
8720.0,0.000000,-0.000253,0.000000,0.000000,3.301894,0.000000,-0.001237,0.000000,-0.000806,2.172500
8730.0,0.000000,-0.000991,0.000000,-0.000351,3.301894,0.000000,-0.000663,0.000000,0.000807,2.172500
8740.0,0.000000,-0.000827,0.000000,-0.000571,3.301894,0.000000,0.000238,0.000000,0.000000,2.172500
8750.0,0.000000,-0.000089,0.000000,0.000220,3.301894,0.000000,0.000976,0.000000,0.000001,2.172500
8760.0,0.000000,0.000812,0.000000,-0.001141,3.301894,0.000000,0.000812,0.000000,-0.000805,2.172500
8770.0,0.000000,0.001140,0.000000,-0.000571,3.301894,0.000000,0.000074,0.000000,0.000000,2.172500
8780.0,0.000000,0.000239,0.000000,0.000000,3.301894,0.000000,-0.000827,0.000000,0.000805,2.172500
8790.0,0.000000,-0.000499,0.000000,-0.000351,3.301894,0.000000,-0.001155,0.000000,0.000806,2.172500
8800.0,0.000000,-0.001237,0.000000,-0.000351,3.301894,0.000000,-0.000254,0.000000,0.000000,2.172500
8810.0,0.000000,-0.000581,0.000000,0.000000,3.301894,0.000000,0.000484,0.000000,0.000000,2.172500
8820.0,0.000000,0.000321,0.000000,-0.000571,3.301894,0.000000,0.001222,0.000000,0.001612,2.172500
8830.0,0.000000,0.001058,0.000000,0.000351,3.301894,0.000000,0.000566,0.000000,0.000806,2.172500
8840.0,0.000000,0.000730,0.000000,0.000351,3.301894,0.000000,-0.000336,0.000000,0.000806,2.172500
8850.0,0.000000,-0.000007,0.000000,0.001141,3.301894,0.000000,-0.001073,0.000000,-0.001612,2.172500
8860.0,0.000000,-0.000909,0.000000,0.000000,3.301894,0.000000,-0.000745,0.000000,0.001611,2.172500
8870.0,0.000000,-0.001073,0.000000,-0.000220,3.301894,0.000000,-0.000008,0.000000,0.000000,2.172500
8880.0,0.000000,-0.000171,0.000000,0.000000,3.301894,0.000000,0.000894,0.000000,0.000805,2.172500
8890.0,0.000000,0.000566,0.000000,-0.001141,3.301894,0.000000,0.001058,0.000000,0.000000,2.172500
8900.0,0.000000,0.001195,0.000000,-0.000571,3.301894,0.000000,0.000156,0.000000,0.000805,2.172500
8910.0,0.000000,0.000484,0.000000,0.000351,3.301894,0.000000,-0.000581,0.000000,0.000000,2.172500
8920.0,0.000000,-0.000417,0.000000,0.000351,3.301894,0.000000,-0.001210,0.000000,-0.000806,2.172500
8930.0,0.000000,-0.001155,0.000000,0.000571,3.301894,0.000000,-0.000499,0.000000,0.000000,2.172500
8940.0,0.000000,-0.000663,0.000000,0.000000,3.301894,0.000000,0.000402,0.000000,-0.000806,2.172500
8950.0,0.000000,0.000075,0.000000,0.000922,3.301894,0.000000,0.001140,0.000000,0.000000,2.172500
8960.0,0.000000,0.000976,0.000000,-0.000351,3.301894,0.000000,0.000648,0.000000,0.000805,2.172500
8970.0,0.000000,0.000976,0.000000,-0.000351,3.301894,0.000000,-0.000090,0.000000,0.000000,2.172500
8980.0,0.000000,0.000075,0.000000,0.000000,3.301894,0.000000,-0.000991,0.000000,0.000000,2.172500
8990.0,0.000000,-0.000663,0.000000,0.001141,3.301894,0.000000,-0.000991,0.000000,-0.000001,2.172500
9000.0,0.000000,-0.001155,0.000000,-0.000220,3.301894,0.000000,-0.000090,0.000000,-0.000001,2.172500
9010.0,0.000000,-0.000417,0.000000,-0.000571,3.301894,0.000000,0.000648,0.000000,0.000000,2.172500
9020.0,0.000000,0.000484,0.000000,0.000000,3.301894,0.000000,0.001140,0.000000,-0.000806,2.172500
9030.0,0.000000,0.001195,0.000000,0.000000,3.301894,0.000000,0.000402,0.000000,0.001611,2.172500
9040.0,0.000000,0.000566,0.000000,0.000000,3.301894,0.000000,-0.000499,0.000000,0.000805,2.172500
9050.0,0.000000,-0.000171,0.000000,0.000000,3.301894,0.000000,-0.001210,0.000000,0.000000,2.172500
9060.0,0.000000,-0.001073,0.000000,0.000000,3.301894,0.000000,-0.000581,0.000000,0.000805,2.172500
9070.0,0.000000,-0.000909,0.000000,0.000000,3.301894,0.000000,0.000156,0.000000,-0.002417,2.172500
9080.0,0.000000,-0.000007,0.000000,0.000351,3.301894,0.000000,0.001058,0.000000,0.000805,2.172500
9090.0,0.000000,0.000730,0.000000,0.000000,3.301894,0.000000,0.000894,0.000000,-0.000805,2.172500
9100.0,0.000000,0.001058,0.000000,0.000571,3.301894,0.000000,-0.000008,0.000000,-0.000806,2.172500
9110.0,0.000000,0.000321,0.000000,0.000571,3.301894,0.000000,-0.000745,0.000000,-0.001612,2.172500
9120.0,0.000000,-0.000581,0.000000,-0.000571,3.301894,0.000000,-0.001073,0.000000,-0.001612,2.172500
9130.0,0.000000,-0.001237,0.000000,-0.000571,3.301894,0.000000,-0.000336,0.000000,0.001611,2.172500
9140.0,0.000000,-0.000499,0.000000,0.000000,3.301894,0.000000,0.000566,0.000000,-0.000001,2.172500
9150.0,0.000000,0.000239,0.000000,0.000571,3.301894,0.000000,0.001222,0.000000,-0.000805,2.172500
9160.0,0.000000,0.001140,0.000000,0.000351,3.301894,0.000000,0.000484,0.000000,-0.000806,2.172500
9170.0,0.000000,0.000812,0.000000,-0.000351,3.301894,0.000000,-0.000254,0.000000,-0.001612,2.172500
9180.0,0.000000,-0.000089,0.000000,-0.000571,3.301894,0.000000,-0.001155,0.000000,0.000000,2.172500
9190.0,0.000000,-0.000827,0.000000,0.001141,3.301894,0.000000,-0.000827,0.000000,0.000806,2.172500
9200.0,0.000000,-0.000991,0.000000,0.000571,3.301894,0.000000,0.000074,0.000000,-0.000807,2.172500
9210.0,0.000000,-0.000253,0.000000,0.000000,3.301894,0.000000,0.000812,0.000000,0.000000,2.172500
9220.0,0.000000,0.000648,0.000000,0.000000,3.301894,0.000000,0.000976,0.000000,-0.000806,2.172500
9230.0,0.000000,0.001222,0.000000,-0.000922,3.301894,0.000000,0.000238,0.000000,0.001612,2.172500
9240.0,0.000000,0.000402,0.000000,-0.000351,3.301894,0.000000,-0.000663,0.000000,-0.000001,2.172500
9250.0,0.000000,-0.000335,0.000000,0.000000,3.301894,0.000000,-0.001237,0.000000,-0.001612,2.172500
9260.0,0.000000,-0.001209,0.000000,-0.000922,3.301894,0.000000,-0.000418,0.000000,0.000000,2.172500
9270.0,0.000000,-0.000745,0.000000,-0.001273,3.301894,0.000000,0.000320,0.000000,0.000000,2.172500
9280.0,0.000000,0.000157,0.000000,-0.000571,3.301894,0.000000,0.001194,0.000000,-0.000806,2.172500
9290.0,0.000000,0.000894,0.000000,0.000000,3.301894,0.000000,0.000730,0.000000,0.000806,2.172500
9300.0,0.000000,0.000894,0.000000,0.000000,3.301894,0.000000,-0.000172,0.000000,0.000000,2.172500
9310.0,0.000000,0.000157,0.000000,-0.000571,3.301894,0.000000,-0.000909,0.000000,0.000806,2.172500
9320.0,0.000000,-0.000745,0.000000,0.000000,3.301894,0.000000,-0.000909,0.000000,0.000805,2.172500
9330.0,0.000000,-0.001209,0.000000,0.000571,3.301894,0.000000,-0.000172,0.000000,0.000000,2.172500
9340.0,0.000000,-0.000335,0.000000,-0.000351,3.301894,0.000000,0.000730,0.000000,0.000000,2.172500
9350.0,0.000000,0.000402,0.000000,0.000351,3.301894,0.000000,0.001194,0.000000,0.000806,2.172500
9360.0,0.000000,0.001222,0.000000,0.000000,3.301894,0.000000,0.000320,0.000000,-0.000806,2.172500
9370.0,0.000000,0.000648,0.000000,0.000000,3.301894,0.000000,-0.000418,0.000000,-0.001612,2.172500
9380.0,0.000000,-0.000253,0.000000,0.000000,3.301894,0.000000,-0.001237,0.000000,-0.000807,2.172500
9390.0,0.000000,-0.000991,0.000000,0.000351,3.301894,0.000000,-0.000663,0.000000,0.000000,2.172500
9400.0,0.000000,-0.000827,0.000000,0.000000,3.301894,0.000000,0.000238,0.000000,0.000806,2.172500
9410.0,0.000000,-0.000089,0.000000,0.000351,3.301894,0.000000,0.000976,0.000000,-0.000805,2.172500
9420.0,0.000000,0.000812,0.000000,0.000000,3.301894,0.000000,0.000812,0.000000,-0.001612,2.172500
9430.0,0.000000,0.001140,0.000000,0.000000,3.301894,0.000000,0.000074,0.000000,-0.000805,2.172500
9440.0,0.000000,0.000239,0.000000,0.000351,3.301894,0.000000,-0.000827,0.000000,-0.000001,2.172500
9450.0,0.000000,-0.000499,0.000000,-0.000351,3.301894,0.000000,-0.001155,0.000000,0.000806,2.172500
9460.0,0.000000,-0.001237,0.000000,-0.000571,3.301894,0.000000,-0.000254,0.000000,0.002419,2.172500
9470.0,0.000000,-0.000581,0.000000,0.000351,3.301894,0.000000,0.000484,0.000000,0.000000,2.172500
9480.0,0.000000,0.000321,0.000000,-0.000922,3.301894,0.000000,0.001222,0.000000,-0.000807,2.172500
9490.0,0.000000,0.001058,0.000000,-0.000351,3.301894,0.000000,0.000566,0.000000,0.000000,2.172500
9500.0,0.000000,0.000730,0.000000,0.000000,3.301894,0.000000,-0.000336,0.000000,0.000000,2.172500
9510.0,0.000000,-0.000007,0.000000,0.000351,3.301894,0.000000,-0.001073,0.000000,-0.000806,2.172500
9520.0,0.000000,-0.000909,0.000000,-0.000571,3.301894,0.000000,-0.000745,0.000000,-0.001612,2.172500
9530.0,0.000000,-0.001073,0.000000,-0.000571,3.301894,0.000000,-0.000008,0.000000,0.000000,2.172500
9540.0,0.000000,-0.000171,0.000000,0.000571,3.301894,0.000000,0.000894,0.000000,-0.000001,2.172500
9550.0,0.000000,0.000566,0.000000,-0.000922,3.301894,0.000000,0.001058,0.000000,-0.000001,2.172500
9560.0,0.000000,0.001195,0.000000,-0.000351,3.301894,0.000000,0.000156,0.000000,-0.000806,2.172500
9570.0,0.000000,0.000484,0.000000,0.000000,3.301894,0.000000,-0.000581,0.000000,0.000805,2.172500
9580.0,0.000000,-0.000417,0.000000,0.000000,3.301894,0.000000,-0.001210,0.000000,0.000806,2.172500
9590.0,0.000000,-0.001155,0.000000,0.000571,3.301894,0.000000,-0.000499,0.000000,0.001611,2.172500
9600.0,0.000000,-0.000663,0.000000,-0.000351,3.301894,0.000000,0.000402,0.000000,0.000000,2.172500
9610.0,0.000000,0.000075,0.000000,-0.000351,3.301894,0.000000,0.001140,0.000000,0.000000,2.172500
9620.0,0.000000,0.000976,0.000000,-0.000922,3.301894,0.000000,0.000648,0.000000,-0.000001,2.172500
9630.0,0.000000,0.000976,0.000000,0.000000,3.301894,0.000000,-0.000090,0.000000,0.000000,2.172500
9640.0,0.000000,0.000075,0.000000,-0.000922,3.301894,0.000000,-0.000991,0.000000,0.000000,2.172500
9650.0,0.000000,-0.000663,0.000000,0.000000,3.301894,0.000000,-0.000991,0.000000,0.000805,2.172500
9660.0,0.000000,-0.001155,0.000000,0.000000,3.301894,0.000000,-0.000090,0.000000,0.000000,2.172500
9670.0,0.000000,-0.000417,0.000000,0.000000,3.301894,0.000000,0.000648,0.000000,-0.001612,2.172500
9680.0,0.000000,0.000484,0.000000,0.000351,3.301894,0.000000,0.001140,0.000000,-0.001612,2.172500
9690.0,0.000000,0.001195,0.000000,0.000922,3.301894,0.000000,0.000402,0.000000,-0.001612,2.172500
9700.0,0.000000,0.000566,0.000000,-0.000571,3.301894,0.000000,-0.000499,0.000000,0.000805,2.172500
9710.0,0.000000,-0.000171,0.000000,0.000000,3.301894,0.000000,-0.001210,0.000000,0.000000,2.172500
9720.0,0.000000,-0.001073,0.000000,-0.000571,3.301894,0.000000,-0.000581,0.000000,0.000805,2.172500
9730.0,0.000000,-0.000909,0.000000,-0.000351,3.301894,0.000000,0.000156,0.000000,0.000000,2.172500
9740.0,0.000000,-0.000007,0.000000,0.000351,3.301894,0.000000,0.001058,0.000000,0.000000,2.172500
9750.0,0.000000,0.000730,0.000000,-0.000571,3.301894,0.000000,0.000894,0.000000,0.000806,2.172500
9760.0,0.000000,0.001058,0.000000,0.000571,3.301894,0.000000,-0.000008,0.000000,0.000000,2.172500
9770.0,0.000000,0.000321,0.000000,0.000351,3.301894,0.000000,-0.000745,0.000000,0.000805,2.172500
9780.0,0.000000,-0.000581,0.000000,-0.000571,3.301894,0.000000,-0.001073,0.000000,0.002416,2.172500
9790.0,0.000000,-0.001237,0.000000,0.000571,3.301894,0.000000,-0.000336,0.000000,-0.000805,2.172500
9800.0,0.000000,-0.000499,0.000000,0.000000,3.301894,0.000000,0.000566,0.000000,-0.000001,2.172500
9810.0,0.000000,0.000239,0.000000,0.000000,3.301894,0.000000,0.001222,0.000000,-0.000805,2.172500
9820.0,0.000000,0.001140,0.000000,-0.000220,3.301894,0.000000,0.000484,0.000000,-0.000001,2.172500
9830.0,0.000000,0.000812,0.000000,-0.000571,3.301894,0.000000,-0.000254,0.000000,0.000805,2.172500
9840.0,0.000000,-0.000089,0.000000,0.000000,3.301894,0.000000,-0.001155,0.000000,-0.000001,2.172500
9850.0,0.000000,-0.000827,0.000000,-0.000351,3.301894,0.000000,-0.000827,0.000000,0.000806,2.172500
9860.0,0.000000,-0.000991,0.000000,0.000571,3.301894,0.000000,0.000074,0.000000,0.000806,2.172500
9870.0,0.000000,-0.000253,0.000000,0.000351,3.301894,0.000000,0.000812,0.000000,0.000000,2.172500
9880.0,0.000000,0.000648,0.000000,-0.000351,3.301894,0.000000,0.000976,0.000000,-0.000001,2.172500
9890.0,0.000000,0.001222,0.000000,0.000000,3.301894,0.000000,0.000238,0.000000,-0.002418,2.172500
9900.0,0.000000,0.000402,0.000000,0.000000,3.301894,0.000000,-0.000663,0.000000,0.000000,2.172500
9910.0,0.000000,-0.000335,0.000000,-0.000220,3.301894,0.000000,-0.001237,0.000000,-0.000805,2.172500
9920.0,0.000000,-0.001209,0.000000,0.000571,3.301894,0.000000,-0.000418,0.000000,-0.000807,2.172500
9930.0,0.000000,-0.000745,0.000000,-0.000922,3.301894,0.000000,0.000320,0.000000,0.000805,2.172500
9940.0,0.000000,0.000157,0.000000,0.000000,3.301894,0.000000,0.001194,0.000000,-0.000807,2.172500
9950.0,0.000000,0.000894,0.000000,-0.000922,3.301894,0.000000,0.000730,0.000000,-0.000806,2.172500
9960.0,0.000000,0.000894,0.000000,0.000571,3.301894,0.000000,-0.000172,0.000000,0.002418,2.172500
9970.0,0.000000,0.000157,0.000000,-0.000571,3.301894,0.000000,-0.000909,0.000000,0.000000,2.172500
9980.0,0.000000,-0.000745,0.000000,0.000000,3.301894,0.000000,-0.000909,0.000000,-0.000805,2.172500
9990.0,0.000000,-0.001209,0.000000,0.000000,3.301894,0.000000,-0.000172,0.000000,0.000806,2.172500
10000.0,0.000000,-0.000335,0.000000,-0.000571,3.301894,0.000000,0.000730,0.000000,0.000000,2.172500
10010.0,0.000000,0.000402,0.000000,0.000000,3.301894,0.000000,0.001194,0.000000,0.000000,2.172500
10020.0,0.000000,0.001222,0.000000,-0.000922,3.301894,0.000000,0.000320,0.000000,-0.000806,2.172500
10030.0,0.000000,0.000648,0.000000,0.000000,3.301894,0.000000,-0.000418,0.000000,0.000000,2.172500
10040.0,0.000000,-0.000253,0.000000,-0.000571,3.301894,0.000000,-0.001237,0.000000,0.000000,2.172500
10050.0,0.000000,-0.000991,0.000000,0.000571,3.301894,0.000000,-0.000663,0.000000,0.000806,2.172500
10060.0,0.000000,-0.000827,0.000000,0.000000,3.301894,0.000000,0.000238,0.000000,-0.001612,2.172500
10070.0,0.000000,-0.000089,0.000000,0.000000,3.301894,0.000000,0.000976,0.000000,0.000805,2.172500
10080.0,0.000000,0.000812,0.000000,0.000000,3.301894,0.000000,0.000812,0.000000,-0.000806,2.172500
10090.0,0.000000,0.001140,0.000000,0.000000,3.301894,0.000000,0.000074,0.000000,0.000000,2.172500
10100.0,0.000000,0.000239,0.000000,0.000000,3.301894,0.000000,-0.000827,0.000000,0.000805,2.172500
10110.0,0.000000,-0.000499,0.000000,0.000000,3.301894,0.000000,-0.001155,0.000000,0.000000,2.172500
10120.0,0.000000,-0.001237,0.000000,0.000000,3.301894,0.000000,-0.000254,0.000000,-0.001612,2.172500
10130.0,0.000000,-0.000581,0.000000,0.000000,3.301894,0.000000,0.000484,0.000000,0.000805,2.172500
10140.0,0.000000,0.000321,0.000000,-0.000571,3.301894,0.000000,0.001222,0.000000,-0.001612,2.172500
10150.0,0.000000,0.001058,0.000000,-0.000571,3.301894,0.000000,0.000566,0.000000,0.000806,2.172500
10160.0,0.000000,0.000730,0.000000,-0.000351,3.301894,0.000000,-0.000336,0.000000,-0.000806,2.172500
10170.0,0.000000,-0.000007,0.000000,0.000351,3.301894,0.000000,-0.001073,0.000000,-0.000805,2.172500
10180.0,0.000000,-0.000909,0.000000,0.000571,3.301894,0.000000,-0.000745,0.000000,-0.000807,2.172500
10190.0,0.000000,-0.001073,0.000000,-0.000351,3.301894,0.000000,-0.000008,0.000000,0.000000,2.172500
10200.0,0.000000,-0.000171,0.000000,-0.000351,3.301894,0.000000,0.000894,0.000000,0.000000,2.172500
10210.0,0.000000,0.000566,0.000000,0.000571,3.301894,0.000000,0.001058,0.000000,0.000000,2.172500
10220.0,0.000000,0.001195,0.000000,0.000000,3.301894,0.000000,0.000156,0.000000,-0.000806,2.172500
10230.0,0.000000,0.000484,0.000000,-0.000571,3.301894,0.000000,-0.000581,0.000000,-0.001612,2.172500
10240.0,0.000000,-0.000417,0.000000,0.000000,3.301894,0.000000,-0.001210,0.000000,-0.000806,2.172500
10250.0,0.000000,-0.001155,0.000000,-0.000351,3.301894,0.000000,-0.000499,0.000000,-0.000805,2.172500
10260.0,0.000000,-0.000663,0.000000,0.000922,3.301894,0.000000,0.000402,0.000000,0.001611,2.172500
10270.0,0.000000,0.000075,0.000000,0.000000,3.301894,0.000000,0.001140,0.000000,0.000000,2.172500
10280.0,0.000000,0.000976,0.000000,0.000000,3.301894,0.000000,0.000648,0.000000,0.000805,2.172500
10290.0,0.000000,0.000976,0.000000,0.000571,3.301894,0.000000,-0.000090,0.000000,0.000000,2.172500
10300.0,0.000000,0.000075,0.000000,0.000571,3.301894,0.000000,-0.000991,0.000000,0.000805,2.172500
10310.0,0.000000,-0.000663,0.000000,0.000000,3.301894,0.000000,-0.000991,0.000000,0.000000,2.172500
10320.0,0.000000,-0.001155,0.000000,-0.000571,3.301894,0.000000,-0.000090,0.000000,0.000805,2.172500
10330.0,0.000000,-0.000417,0.000000,-0.000571,3.301894,0.000000,0.000648,0.000000,0.000000,2.172500
10340.0,0.000000,0.000484,0.000000,-0.000351,3.301894,0.000000,0.001140,0.000000,0.000000,2.172500
10350.0,0.000000,0.001195,0.000000,0.000000,3.301894,0.000000,0.000402,0.000000,0.001611,2.172500
10360.0,0.000000,0.000566,0.000000,0.000000,3.301894,0.000000,-0.000499,0.000000,-0.000806,2.172500
10370.0,0.000000,-0.000171,0.000000,-0.000922,3.301894,0.000000,-0.001210,0.000000,0.000000,2.172500
10380.0,0.000000,-0.001073,0.000000,0.000000,3.301894,0.000000,-0.000581,0.000000,-0.001612,2.172500
10390.0,0.000000,-0.000909,0.000000,-0.000351,3.301894,0.000000,0.000156,0.000000,-0.001612,2.172500
10400.0,0.000000,-0.000007,0.000000,0.000000,3.301894,0.000000,0.001058,0.000000,-0.000805,2.172500
10410.0,0.000000,0.000730,0.000000,0.000220,3.301894,0.000000,0.000894,0.000000,0.000000,2.172500
10420.0,0.000000,0.001058,0.000000,-0.000571,3.301894,0.000000,-0.000008,0.000000,0.000000,2.172500
10430.0,0.000000,0.000321,0.000000,0.000000,3.301894,0.000000,-0.000745,0.000000,0.000805,2.172500
10440.0,0.000000,-0.000581,0.000000,-0.000351,3.301894,0.000000,-0.001073,0.000000,-0.000806,2.172500
10450.0,0.000000,-0.001237,0.000000,0.001361,3.301894,0.000000,-0.000336,0.000000,0.000000,2.172500
10460.0,0.000000,-0.000499,0.000000,0.000132,3.301894,0.000000,0.000566,0.000000,0.000000,2.172500
10470.0,0.000000,0.000239,0.000000,0.000000,3.301894,0.000000,0.001222,0.000000,0.000000,2.172500
10480.0,0.000000,0.001140,0.000000,0.000351,3.301894,0.000000,0.000484,0.000000,0.000000,2.172500
10490.0,0.000000,0.000812,0.000000,-0.000571,3.301894,0.000000,-0.000254,0.000000,-0.000805,2.172500
10500.0,0.000000,-0.000089,0.000000,0.000922,3.301894,0.000000,-0.001155,0.000000,0.000000,2.172500
10510.0,0.000000,-0.000827,0.000000,0.000000,3.301894,0.000000,-0.000827,0.000000,-0.000001,2.172500
10520.0,0.000000,-0.000991,0.000000,-0.000571,3.301894,0.000000,0.000074,0.000000,0.000805,2.172500
10530.0,0.000000,-0.000253,0.000000,0.000000,3.301894,0.000000,0.000812,0.000000,0.000000,2.172500
10540.0,0.000000,0.000648,0.000000,0.000000,3.301894,0.000000,0.000976,0.000000,0.000000,2.172500
10550.0,0.000000,0.001222,0.000000,0.000571,3.301894,0.000000,0.000238,0.000000,0.000000,2.172500
10560.0,0.000000,0.000402,0.000000,0.000351,3.301894,0.000000,-0.000663,0.000000,0.000805,2.172500
10570.0,0.000000,-0.000335,0.000000,0.000000,3.301894,0.000000,-0.001237,0.000000,0.000806,2.172500
10580.0,0.000000,-0.001209,0.000000,0.000000,3.301894,0.000000,-0.000418,0.000000,-0.000807,2.172500
10590.0,0.000000,-0.000745,0.000000,0.000000,3.301894,0.000000,0.000320,0.000000,0.000000,2.172500
10600.0,0.000000,0.000157,0.000000,0.000571,3.301894,0.000000,0.001194,0.000000,0.000806,2.172500
10610.0,0.000000,0.000894,0.000000,0.000351,3.301894,0.000000,0.000730,0.000000,0.000806,2.172500
10620.0,0.000000,0.000894,0.000000,-0.000351,3.301894,0.000000,-0.000172,0.000000,-0.000001,2.172500
10630.0,0.000000,0.000157,0.000000,0.000000,3.301894,0.000000,-0.000909,0.000000,0.000000,2.172500
10640.0,0.000000,-0.000745,0.000000,0.000220,3.301894,0.000000,-0.000909,0.000000,-0.000807,2.172500
10650.0,0.000000,-0.001209,0.000000,0.000000,3.301894,0.000000,-0.000172,0.000000,-0.000806,2.172500
10660.0,0.000000,-0.000335,0.000000,0.000351,3.301894,0.000000,0.000730,0.000000,-0.000807,2.172500
10670.0,0.000000,0.000402,0.000000,0.000000,3.301894,0.000000,0.001194,0.000000,-0.000806,2.172500
10680.0,0.000000,0.001222,0.000000,-0.000351,3.301894,0.000000,0.000320,0.000000,-0.001612,2.172500
10690.0,0.000000,0.000648,0.000000,-0.000571,3.301894,0.000000,-0.000418,0.000000,-0.000805,2.172500
10700.0,0.000000,-0.000253,0.000000,-0.000571,3.301894,0.000000,-0.001237,0.000000,0.000000,2.172500
10710.0,0.000000,-0.000991,0.000000,0.000000,3.301894,0.000000,-0.000663,0.000000,0.001612,2.172500
10720.0,0.000000,-0.000827,0.000000,-0.000571,3.301894,0.000000,0.000238,0.000000,-0.000001,2.172500
10730.0,0.000000,-0.000089,0.000000,0.000000,3.301894,0.000000,0.000976,0.000000,0.000000,2.172500
10740.0,0.000000,0.000812,0.000000,-0.000571,3.301894,0.000000,0.000812,0.000000,0.000000,2.172500
10750.0,0.000000,0.001140,0.000000,-0.000571,3.301894,0.000000,0.000074,0.000000,0.000000,2.172500
10760.0,0.000000,0.000239,0.000000,0.000351,3.301894,0.000000,-0.000827,0.000000,-0.000001,2.172500
10770.0,0.000000,-0.000499,0.000000,0.000000,3.301894,0.000000,-0.001155,0.000000,0.000806,2.172500
10780.0,0.000000,-0.001237,0.000000,0.000000,3.301894,0.000000,-0.000254,0.000000,-0.000001,2.172500
10790.0,0.000000,-0.000581,0.000000,-0.000571,3.301894,0.000000,0.000484,0.000000,0.000805,2.172500
10800.0,0.000000,0.000321,0.000000,-0.000571,3.301894,0.000000,0.001222,0.000000,0.000805,2.172500
10810.0,0.000000,0.001058,0.000000,-0.000351,3.301894,0.000000,0.000566,0.000000,0.001612,2.172500
10820.0,0.000000,0.000730,0.000000,0.000000,3.301894,0.000000,-0.000336,0.000000,-0.000001,2.172500
10830.0,0.000000,-0.000007,0.000000,0.000000,3.301894,0.000000,-0.001073,0.000000,0.000806,2.172500
10840.0,0.000000,-0.000909,0.000000,-0.000351,3.301894,0.000000,-0.000745,0.000000,-0.000807,2.172500
10850.0,0.000000,-0.001073,0.000000,0.000000,3.301894,0.000000,-0.000008,0.000000,-0.001612,2.172500
10860.0,0.000000,-0.000171,0.000000,-0.000351,3.301894,0.000000,0.000894,0.000000,0.000805,2.172500
10870.0,0.000000,0.000566,0.000000,0.000000,3.301894,0.000000,0.001058,0.000000,0.000806,2.172500
10880.0,0.000000,0.001195,0.000000,0.000000,3.301894,0.000000,0.000156,0.000000,0.000806,2.172500
10890.0,0.000000,0.000484,0.000000,0.000000,3.301894,0.000000,-0.000581,0.000000,0.000000,2.172500
10900.0,0.000000,-0.000417,0.000000,0.000702,3.301894,0.000000,-0.001210,0.000000,-0.000001,2.172500
10910.0,0.000000,-0.001155,0.000000,0.001361,3.301894,0.000000,-0.000499,0.000000,0.000000,2.172500
10920.0,0.000000,-0.000663,0.000000,-0.000571,3.301894,0.000000,0.000402,0.000000,0.000000,2.172500
10930.0,0.000000,0.000075,0.000000,0.000000,3.301894,0.000000,0.001140,0.000000,0.000000,2.172500
10940.0,0.000000,0.000976,0.000000,0.000000,3.301894,0.000000,0.000648,0.000000,-0.001612,2.172500
10950.0,0.000000,0.000976,0.000000,0.000000,3.301894,0.000000,-0.000090,0.000000,0.000805,2.172500
10960.0,0.000000,0.000075,0.000000,-0.000571,3.301894,0.000000,-0.000991,0.000000,0.000000,2.172500
10970.0,0.000000,-0.000663,0.000000,0.000000,3.301894,0.000000,-0.000991,0.000000,0.000000,2.172500
10980.0,0.000000,-0.001155,0.000000,0.000000,3.301894,0.000000,-0.000090,0.000000,-0.000806,2.172500
10990.0,0.000000,-0.000417,0.000000,0.000790,3.301894,0.000000,0.000648,0.000000,0.000806,2.172500
11000.0,0.000000,0.000484,0.000000,-0.001141,3.301894,0.000000,0.001140,0.000000,0.000805,2.172500
11010.0,0.000000,0.001195,0.000000,0.000351,3.301894,0.000000,0.000402,0.000000,0.000806,2.172500
11020.0,0.000000,0.000566,0.000000,-0.000351,3.301894,0.000000,-0.000499,0.000000,0.000806,2.172500
11030.0,0.000000,-0.000171,0.000000,0.000000,3.301894,0.000000,-0.001210,0.000000,-0.000806,2.172500
11040.0,0.000000,-0.001073,0.000000,0.000000,3.301894,0.000000,-0.000581,0.000000,0.000000,2.172500
11050.0,0.000000,-0.000909,0.000000,-0.000571,3.301894,0.000000,0.000156,0.000000,0.002419,2.172500
11060.0,0.000000,-0.000007,0.000000,0.000220,3.301894,0.000000,0.001058,0.000000,-0.000001,2.172500
11070.0,0.000000,0.000730,0.000000,0.000000,3.301894,0.000000,0.000894,0.000000,0.001612,2.172500
11080.0,0.000000,0.001058,0.000000,0.000351,3.301894,0.000000,-0.000008,0.000000,-0.000806,2.172500
11090.0,0.000000,0.000321,0.000000,0.000571,3.301894,0.000000,-0.000745,0.000000,0.000806,2.172500
11100.0,0.000000,-0.000581,0.000000,-0.000220,3.301894,0.000000,-0.001073,0.000000,-0.000807,2.172500
11110.0,0.000000,-0.001237,0.000000,0.001361,3.301894,0.000000,-0.000336,0.000000,-0.000805,2.172500
11120.0,0.000000,-0.000499,0.000000,0.000000,3.301894,0.000000,0.000566,0.000000,0.001612,2.172500
11130.0,0.000000,0.000239,0.000000,0.000000,3.301894,0.000000,0.001222,0.000000,0.000805,2.172500
11140.0,0.000000,0.001140,0.000000,-0.000220,3.301894,0.000000,0.000484,0.000000,-0.000001,2.172500
11150.0,0.000000,0.000812,0.000000,0.000571,3.301894,0.000000,-0.000254,0.000000,-0.000806,2.172500
11160.0,0.000000,-0.000089,0.000000,-0.000571,3.301894,0.000000,-0.001155,0.000000,0.000805,2.172500
11170.0,0.000000,-0.000827,0.000000,-0.000351,3.301894,0.000000,-0.000827,0.000000,0.000000,2.172500
11180.0,0.000000,-0.000991,0.000000,0.000220,3.301894,0.000000,0.000074,0.000000,-0.000805,2.172500
11190.0,0.000000,-0.000253,0.000000,-0.000351,3.301894,0.000000,0.000812,0.000000,0.000805,2.172500
11200.0,0.000000,0.000648,0.000000,0.000000,3.301894,0.000000,0.000976,0.000000,0.002416,2.172500
11210.0,0.000000,0.001222,0.000000,0.000571,3.301894,0.000000,0.000238,0.000000,-0.002418,2.172500
11220.0,0.000000,0.000402,0.000000,-0.000571,3.301894,0.000000,-0.000663,0.000000,-0.000001,2.172500
11230.0,0.000000,-0.000335,0.000000,-0.000351,3.301894,0.000000,-0.001237,0.000000,-0.000806,2.172500
11240.0,0.000000,-0.001209,0.000000,0.000000,3.301894,0.000000,-0.000418,0.000000,-0.000807,2.172500
11250.0,0.000000,-0.000745,0.000000,0.000000,3.301894,0.000000,0.000320,0.000000,-0.000805,2.172500
11260.0,0.000000,0.000157,0.000000,0.000000,3.301894,0.000000,0.001194,0.000000,-0.000002,2.172500
11270.0,0.000000,0.000894,0.000000,0.000000,3.301894,0.000000,0.000730,0.000000,0.000806,2.172500
11280.0,0.000000,0.000894,0.000000,0.000000,3.301894,0.000000,-0.000172,0.000000,-0.000806,2.172500
11290.0,0.000000,0.000157,0.000000,-0.000571,3.301894,0.000000,-0.000909,0.000000,-0.000805,2.172500
11300.0,0.000000,-0.000745,0.000000,0.000922,3.301894,0.000000,-0.000909,0.000000,-0.000001,2.172500
11310.0,0.000000,-0.001209,0.000000,0.000571,3.301894,0.000000,-0.000172,0.000000,-0.000805,2.172500
11320.0,0.000000,-0.000335,0.000000,0.000571,3.301894,0.000000,0.000730,0.000000,0.001612,2.172500
11330.0,0.000000,0.000402,0.000000,0.000000,3.301894,0.000000,0.001194,0.000000,0.000000,2.172500
11340.0,0.000000,0.001222,0.000000,0.000220,3.301894,0.000000,0.000320,0.000000,0.000000,2.172500
11350.0,0.000000,0.000648,0.000000,0.000000,3.301894,0.000000,-0.000418,0.000000,0.001612,2.172500
11360.0,0.000000,-0.000253,0.000000,0.000000,3.301894,0.000000,-0.001237,0.000000,-0.001612,2.172500
11370.0,0.000000,-0.000991,0.000000,0.001141,3.301894,0.000000,-0.000663,0.000000,0.000000,2.172500
11380.0,0.000000,-0.000827,0.000000,0.000571,3.301894,0.000000,0.000238,0.000000,-0.000805,2.172500
11390.0,0.000000,-0.000089,0.000000,-0.000571,3.301894,0.000000,0.000976,0.000000,0.000805,2.172500
11400.0,0.000000,0.000812,0.000000,-0.000571,3.301894,0.000000,0.000812,0.000000,0.002418,2.172500
11410.0,0.000000,0.001140,0.000000,-0.000351,3.301894,0.000000,0.000074,0.000000,0.000000,2.172500
11420.0,0.000000,0.000239,0.000000,0.000000,3.301894,0.000000,-0.000827,0.000000,-0.000806,2.172500
11430.0,0.000000,-0.000499,0.000000,0.000000,3.301894,0.000000,-0.001155,0.000000,0.000000,2.172500
11440.0,0.000000,-0.001237,0.000000,0.000000,3.301894,0.000000,-0.000254,0.000000,0.000805,2.172500
11450.0,0.000000,-0.000581,0.000000,-0.000220,3.301894,0.000000,0.000484,0.000000,0.000806,2.172500
11460.0,0.000000,0.000321,0.000000,-0.000351,3.301894,0.000000,0.001222,0.000000,-0.000806,2.172500
11470.0,0.000000,0.001058,0.000000,-0.000351,3.301894,0.000000,0.000566,0.000000,0.000000,2.172500
11480.0,0.000000,0.000730,0.000000,0.000000,3.301894,0.000000,-0.000336,0.000000,0.001612,2.172500
11490.0,0.000000,-0.000007,0.000000,-0.000132,3.301894,0.000000,-0.001073,0.000000,-0.000805,2.172500
11500.0,0.000000,-0.000909,0.000000,-0.000571,3.301894,0.000000,-0.000745,0.000000,0.002416,2.172500
11510.0,0.000000,-0.001073,0.000000,0.000000,3.301894,0.000000,-0.000008,0.000000,0.000000,2.172500
11520.0,0.000000,-0.000171,0.000000,0.000000,3.301894,0.000000,0.000894,0.000000,0.000805,2.172500
11530.0,0.000000,0.000566,0.000000,0.001141,3.301894,0.000000,0.001058,0.000000,0.000000,2.172500
11540.0,0.000000,0.001195,0.000000,-0.000571,3.301894,0.000000,0.000156,0.000000,0.000805,2.172500
11550.0,0.000000,0.000484,0.000000,0.000000,3.301894,0.000000,-0.000581,0.000000,-0.000806,2.172500
11560.0,0.000000,-0.000417,0.000000,0.000000,3.301894,0.000000,-0.001210,0.000000,0.000000,2.172500
11570.0,0.000000,-0.001155,0.000000,0.000000,3.301894,0.000000,-0.000499,0.000000,0.002418,2.172500
11580.0,0.000000,-0.000663,0.000000,-0.000351,3.301894,0.000000,0.000402,0.000000,0.001612,2.172500
11590.0,0.000000,0.000075,0.000000,0.000000,3.301894,0.000000,0.001140,0.000000,0.000000,2.172500
11600.0,0.000000,0.000976,0.000000,-0.000702,3.301894,0.000000,0.000648,0.000000,0.000000,2.172500
11610.0,0.000000,0.000976,0.000000,0.000000,3.301894,0.000000,-0.000090,0.000000,-0.000805,2.172500
11620.0,0.000000,0.000075,0.000000,-0.000922,3.301894,0.000000,-0.000991,0.000000,-0.000001,2.172500
11630.0,0.000000,-0.000663,0.000000,0.000000,3.301894,0.000000,-0.000991,0.000000,0.001612,2.172500
11640.0,0.000000,-0.001155,0.000000,0.000571,3.301894,0.000000,-0.000090,0.000000,-0.000806,2.172500
11650.0,0.000000,-0.000417,0.000000,0.000000,3.301894,0.000000,0.000648,0.000000,0.001612,2.172500
11660.0,0.000000,0.000484,0.000000,-0.000351,3.301894,0.000000,0.001140,0.000000,-0.000806,2.172500
11670.0,0.000000,0.001195,0.000000,0.000000,3.301894,0.000000,0.000402,0.000000,0.000000,2.172500
11680.0,0.000000,0.000566,0.000000,0.000000,3.301894,0.000000,-0.000499,0.000000,-0.000001,2.172500
11690.0,0.000000,-0.000171,0.000000,0.000000,3.301894,0.000000,-0.001210,0.000000,0.000000,2.172500
11700.0,0.000000,-0.001073,0.000000,0.000000,3.301894,0.000000,-0.000581,0.000000,-0.000805,2.172500
11710.0,0.000000,-0.000909,0.000000,0.000000,3.301894,0.000000,0.000156,0.000000,0.000000,2.172500
11720.0,0.000000,-0.000007,0.000000,-0.000922,3.301894,0.000000,0.001058,0.000000,-0.000806,2.172500
11730.0,0.000000,0.000730,0.000000,0.000000,3.301894,0.000000,0.000894,0.000000,0.000000,2.172500
11740.0,0.000000,0.001058,0.000000,0.000000,3.301894,0.000000,-0.000008,0.000000,0.000805,2.172500
11750.0,0.000000,0.000321,0.000000,-0.000220,3.301894,0.000000,-0.000745,0.000000,-0.000805,2.172500
11760.0,0.000000,-0.000581,0.000000,0.000571,3.301894,0.000000,-0.001073,0.000000,0.000805,2.172500
11770.0,0.000000,-0.001237,0.000000,-0.000571,3.301894,0.000000,-0.000336,0.000000,0.000001,2.172500
11780.0,0.000000,-0.000499,0.000000,0.000571,3.301894,0.000000,0.000566,0.000000,-0.000806,2.172500
11790.0,0.000000,0.000239,0.000000,0.000000,3.301894,0.000000,0.001222,0.000000,0.001612,2.172500
11800.0,0.000000,0.001140,0.000000,-0.000571,3.301894,0.000000,0.000484,0.000000,0.000000,2.172500
11810.0,0.000000,0.000812,0.000000,0.000571,3.301894,0.000000,-0.000254,0.000000,-0.000805,2.172500
11820.0,0.000000,-0.000089,0.000000,0.000000,3.301894,0.000000,-0.001155,0.000000,-0.002419,2.172500
11830.0,0.000000,-0.000827,0.000000,0.000000,3.301894,0.000000,-0.000827,0.000000,0.002418,2.172500
11840.0,0.000000,-0.000991,0.000000,0.000000,3.301894,0.000000,0.000074,0.000000,0.000000,2.172500
11850.0,0.000000,-0.000253,0.000000,-0.000922,3.301894,0.000000,0.000812,0.000000,0.000805,2.172500
11860.0,0.000000,0.000648,0.000000,0.000000,3.301894,0.000000,0.000976,0.000000,0.001612,2.172500
11870.0,0.000000,0.001222,0.000000,-0.000571,3.301894,0.000000,0.000238,0.000000,0.000806,2.172500
11880.0,0.000000,0.000402,0.000000,0.000571,3.301894,0.000000,-0.000663,0.000000,-0.000806,2.172500
11890.0,0.000000,-0.000335,0.000000,-0.000132,3.301894,0.000000,-0.001237,0.000000,0.000000,2.172500
11900.0,0.000000,-0.001209,0.000000,0.000000,3.301894,0.000000,-0.000418,0.000000,-0.000806,2.172500
11910.0,0.000000,-0.000745,0.000000,-0.000922,3.301894,0.000000,0.000320,0.000000,-0.000806,2.172500
11920.0,0.000000,0.000157,0.000000,0.000000,3.301894,0.000000,0.001194,0.000000,-0.000805,2.172500
11930.0,0.000000,0.000894,0.000000,0.000571,3.301894,0.000000,0.000730,0.000000,-0.001612,2.172500
11940.0,0.000000,0.000894,0.000000,0.000000,3.301894,0.000000,-0.000172,0.000000,0.000806,2.172500
11950.0,0.000000,0.000157,0.000000,0.000000,3.301894,0.000000,-0.000909,0.000000,0.000806,2.172500
11960.0,0.000000,-0.000745,0.000000,0.000000,3.301894,0.000000,-0.000909,0.000000,0.000804,2.172500
11970.0,0.000000,-0.001209,0.000000,0.000220,3.301894,0.000000,-0.000172,0.000000,-0.000805,2.172500
11980.0,0.000000,-0.000335,0.000000,0.000351,3.301894,0.000000,0.000730,0.000000,-0.000806,2.172500
11990.0,0.000000,0.000402,0.000000,0.000922,3.301894,0.000000,0.001194,0.000000,0.000806,2.172500
12000.0,0.000000,0.001222,0.000000,0.000000,3.301894,0.000000,0.000320,0.000000,0.000000,2.172500
12010.0,0.000000,0.000648,0.000000,0.000000,3.301894,0.000000,-0.000418,0.000000,-0.000805,2.172500
12020.0,0.000000,-0.000253,0.000000,0.000000,3.301894,0.000000,-0.001237,0.000000,0.002418,2.172500
12030.0,0.000000,-0.000991,0.000000,0.000000,3.301894,0.000000,-0.000663,0.000000,0.000000,2.172500
12040.0,0.000000,-0.000827,0.000000,-0.000571,3.301894,0.000000,0.000238,0.000000,0.000000,2.172500
12050.0,0.000000,-0.000089,0.000000,-0.000351,3.301894,0.000000,0.000976,0.000000,0.000806,2.172500
12060.0,0.000000,0.000812,0.000000,-0.000220,3.301894,0.000000,0.000812,0.000000,0.000805,2.172500
12070.0,0.000000,0.001140,0.000000,-0.000351,3.301894,0.000000,0.000074,0.000000,0.000806,2.172500
12080.0,0.000000,0.000239,0.000000,0.000571,3.301894,0.000000,-0.000827,0.000000,0.001612,2.172500
12090.0,0.000000,-0.000499,0.000000,0.000571,3.301894,0.000000,-0.001155,0.000000,0.000000,2.172500
12100.0,0.000000,-0.001237,0.000000,0.000000,3.301894,0.000000,-0.000254,0.000000,0.000000,2.172500
12110.0,0.000000,-0.000581,0.000000,0.000571,3.301894,0.000000,0.000484,0.000000,0.000000,2.172500
12120.0,0.000000,0.000321,0.000000,-0.000571,3.301894,0.000000,0.001222,0.000000,-0.000806,2.172500
12130.0,0.000000,0.001058,0.000000,-0.000351,3.301894,0.000000,0.000566,0.000000,0.000806,2.172500
12140.0,0.000000,0.000730,0.000000,0.000000,3.301894,0.000000,-0.000336,0.000000,-0.000001,2.172500
12150.0,0.000000,-0.000007,0.000000,0.000351,3.301894,0.000000,-0.001073,0.000000,0.002419,2.172500
12160.0,0.000000,-0.000909,0.000000,0.000000,3.301894,0.000000,-0.000745,0.000000,0.000805,2.172500
12170.0,0.000000,-0.001073,0.000000,0.000000,3.301894,0.000000,-0.000008,0.000000,0.000806,2.172500
12180.0,0.000000,-0.000171,0.000000,0.000702,3.301894,0.000000,0.000894,0.000000,0.000805,2.172500
12190.0,0.000000,0.000566,0.000000,0.000000,3.301894,0.000000,0.001058,0.000000,-0.000806,2.172500
12200.0,0.000000,0.001195,0.000000,0.000571,3.301894,0.000000,0.000156,0.000000,-0.000806,2.172500
12210.0,0.000000,0.000484,0.000000,0.000000,3.301894,0.000000,-0.000581,0.000000,-0.000805,2.172500
12220.0,0.000000,-0.000417,0.000000,0.000571,3.301894,0.000000,-0.001210,0.000000,0.000000,2.172500
12230.0,0.000000,-0.001155,0.000000,0.000571,3.301894,0.000000,-0.000499,0.000000,0.000000,2.172500
12240.0,0.000000,-0.000663,0.000000,-0.000220,3.301894,0.000000,0.000402,0.000000,-0.000805,2.172500
12250.0,0.000000,0.000075,0.000000,0.000351,3.301894,0.000000,0.001140,0.000000,0.000806,2.172500
12260.0,0.000000,0.000976,0.000000,0.000000,3.301894,0.000000,0.000648,0.000000,0.000805,2.172500
12270.0,0.000000,0.000976,0.000000,0.000000,3.301894,0.000000,-0.000090,0.000000,0.000000,2.172500
12280.0,0.000000,0.000075,0.000000,0.000922,3.301894,0.000000,-0.000991,0.000000,-0.000807,2.172500
12290.0,0.000000,-0.000663,0.000000,0.000000,3.301894,0.000000,-0.000991,0.000000,0.000000,2.172500
12300.0,0.000000,-0.001155,0.000000,-0.000571,3.301894,0.000000,-0.000090,0.000000,-0.000806,2.172500
12310.0,0.000000,-0.000417,0.000000,0.000220,3.301894,0.000000,0.000648,0.000000,0.000000,2.172500
12320.0,0.000000,0.000484,0.000000,-0.000922,3.301894,0.000000,0.001140,0.000000,0.002417,2.172500
12330.0,0.000000,0.001195,0.000000,0.000000,3.301894,0.000000,0.000402,0.000000,-0.000806,2.172500
12340.0,0.000000,0.000566,0.000000,-0.000571,3.301894,0.000000,-0.000499,0.000000,-0.001612,2.172500
12350.0,0.000000,-0.000171,0.000000,-0.000571,3.301894,0.000000,-0.001210,0.000000,0.000806,2.172500
12360.0,0.000000,-0.001073,0.000000,0.000000,3.301894,0.000000,-0.000581,0.000000,0.000805,2.172500
12370.0,0.000000,-0.000909,0.000000,-0.000351,3.301894,0.000000,0.000156,0.000000,0.000000,2.172500
12380.0,0.000000,-0.000007,0.000000,0.000000,3.301894,0.000000,0.001058,0.000000,0.000000,2.172500
12390.0,0.000000,0.000730,0.000000,-0.000351,3.301894,0.000000,0.000894,0.000000,0.000000,2.172500
12400.0,0.000000,0.001058,0.000000,-0.000571,3.301894,0.000000,-0.000008,0.000000,0.000000,2.172500
12410.0,0.000000,0.000321,0.000000,-0.000571,3.301894,0.000000,-0.000745,0.000000,0.000000,2.172500
12420.0,0.000000,-0.000581,0.000000,-0.000571,3.301894,0.000000,-0.001073,0.000000,0.001612,2.172500
12430.0,0.000000,-0.001237,0.000000,0.000000,3.301894,0.000000,-0.000336,0.000000,0.000000,2.172500
12440.0,0.000000,-0.000499,0.000000,-0.000571,3.301894,0.000000,0.000566,0.000000,0.000000,2.172500
12450.0,0.000000,0.000239,0.000000,0.000000,3.301894,0.000000,0.001222,0.000000,-0.001612,2.172500
12460.0,0.000000,0.001140,0.000000,-0.000351,3.301894,0.000000,0.000484,0.000000,-0.000806,2.172500
12470.0,0.000000,0.000812,0.000000,0.000571,3.301894,0.000000,-0.000254,0.000000,-0.000805,2.172500
12480.0,0.000000,-0.000089,0.000000,0.000571,3.301894,0.000000,-0.001155,0.000000,-0.000001,2.172500
12490.0,0.000000,-0.000827,0.000000,0.000000,3.301894,0.000000,-0.000827,0.000000,-0.000805,2.172500
12500.0,0.000000,-0.000991,0.000000,-0.000571,3.301894,0.000000,0.000074,0.000000,0.001611,2.172500
12510.0,0.000000,-0.000253,0.000000,0.000000,3.301894,0.000000,0.000812,0.000000,0.000000,2.172500
12520.0,0.000000,0.000648,0.000000,0.000000,3.301894,0.000000,0.000976,0.000000,0.000000,2.172500
12530.0,0.000000,0.001222,0.000000,0.000571,3.301894,0.000000,0.000238,0.000000,-0.000001,2.172500
12540.0,0.000000,0.000402,0.000000,0.000571,3.301894,0.000000,-0.000663,0.000000,0.000001,2.172500
12550.0,0.000000,-0.000335,0.000000,0.000000,3.301894,0.000000,-0.001237,0.000000,-0.000806,2.172500
12560.0,0.000000,-0.001209,0.000000,0.000000,3.301894,0.000000,-0.000418,0.000000,-0.001612,2.172500
12570.0,0.000000,-0.000745,0.000000,0.000351,3.301894,0.000000,0.000320,0.000000,-0.000805,2.172500
12580.0,0.000000,0.000157,0.000000,-0.000571,3.301894,0.000000,0.001194,0.000000,-0.000001,2.172500
12590.0,0.000000,0.000894,0.000000,-0.001141,3.301894,0.000000,0.000730,0.000000,0.000000,2.172500
12600.0,0.000000,0.000894,0.000000,-0.000351,3.301894,0.000000,-0.000172,0.000000,-0.000001,2.172500
12610.0,0.000000,0.000157,0.000000,0.001493,3.301894,0.000000,-0.000909,0.000000,0.000805,2.172500
12620.0,0.000000,-0.000745,0.000000,0.000000,3.301894,0.000000,-0.000909,0.000000,0.001611,2.172500
12630.0,0.000000,-0.001209,0.000000,0.000000,3.301894,0.000000,-0.000172,0.000000,0.000806,2.172500
12640.0,0.000000,-0.000335,0.000000,-0.000571,3.301894,0.000000,0.000730,0.000000,-0.000806,2.172500
12650.0,0.000000,0.000402,0.000000,0.000000,3.301894,0.000000,0.001194,0.000000,0.000000,2.172500
12660.0,0.000000,0.001222,0.000000,0.000351,3.301894,0.000000,0.000320,0.000000,0.000000,2.172500
12670.0,0.000000,0.000648,0.000000,0.000351,3.301894,0.000000,-0.000418,0.000000,-0.000001,2.172500
12680.0,0.000000,-0.000253,0.000000,0.000000,3.301894,0.000000,-0.001237,0.000000,0.000805,2.172500
12690.0,0.000000,-0.000991,0.000000,0.000000,3.301894,0.000000,-0.000663,0.000000,-0.001612,2.172500
12700.0,0.000000,-0.000827,0.000000,0.000351,3.301894,0.000000,0.000238,0.000000,0.000000,2.172500
12710.0,0.000000,-0.000089,0.000000,-0.000922,3.301894,0.000000,0.000976,0.000000,0.000000,2.172500
12720.0,0.000000,0.000812,0.000000,-0.000220,3.301894,0.000000,0.000812,0.000000,0.003222,2.172500
12730.0,0.000000,0.001140,0.000000,0.000000,3.301894,0.000000,0.000074,0.000000,0.000000,2.172500
12740.0,0.000000,0.000239,0.000000,0.000702,3.301894,0.000000,-0.000827,0.000000,0.003224,2.172500
12750.0,0.000000,-0.000499,0.000000,0.000351,3.301894,0.000000,-0.001155,0.000000,0.000806,2.172500
12760.0,0.000000,-0.001237,0.000000,0.000000,3.301894,0.000000,-0.000254,0.000000,0.001612,2.172500
12770.0,0.000000,-0.000581,0.000000,0.000000,3.301894,0.000000,0.000484,0.000000,0.000000,2.172500
12780.0,0.000000,0.000321,0.000000,-0.000351,3.301894,0.000000,0.001222,0.000000,0.001611,2.172500
12790.0,0.000000,0.001058,0.000000,0.000922,3.301894,0.000000,0.000566,0.000000,-0.000806,2.172500
12800.0,0.000000,0.000730,0.000000,0.000571,3.301894,0.000000,-0.000336,0.000000,-0.000001,2.172500
12810.0,0.000000,-0.000007,0.000000,0.000000,3.301894,0.000000,-0.001073,0.000000,0.000000,2.172500
12820.0,0.000000,-0.000909,0.000000,0.000571,3.301894,0.000000,-0.000745,0.000000,0.001612,2.172500
12830.0,0.000000,-0.001073,0.000000,0.000000,3.301894,0.000000,-0.000008,0.000000,0.000805,2.172500
12840.0,0.000000,-0.000171,0.000000,-0.001141,3.301894,0.000000,0.000894,0.000000,0.000805,2.172500
12850.0,0.000000,0.000566,0.000000,0.000351,3.301894,0.000000,0.001058,0.000000,0.002419,2.172500
12860.0,0.000000,0.001195,0.000000,0.000000,3.301894,0.000000,0.000156,0.000000,-0.001612,2.172500
12870.0,0.000000,0.000484,0.000000,-0.000571,3.301894,0.000000,-0.000581,0.000000,-0.000806,2.172500
12880.0,0.000000,-0.000417,0.000000,0.000220,3.301894,0.000000,-0.001210,0.000000,0.000000,2.172500
12890.0,0.000000,-0.001155,0.000000,0.000351,3.301894,0.000000,-0.000499,0.000000,-0.000806,2.172500
12900.0,0.000000,-0.000663,0.000000,0.000000,3.301894,0.000000,0.000402,0.000000,0.000805,2.172500
12910.0,0.000000,0.000075,0.000000,-0.000571,3.301894,0.000000,0.001140,0.000000,0.000000,2.172500
12920.0,0.000000,0.000976,0.000000,-0.000571,3.301894,0.000000,0.000648,0.000000,0.001612,2.172500
12930.0,0.000000,0.000976,0.000000,0.000000,3.301894,0.000000,-0.000090,0.000000,0.000000,2.172500
12940.0,0.000000,0.000075,0.000000,-0.000702,3.301894,0.000000,-0.000991,0.000000,0.000000,2.172500
12950.0,0.000000,-0.000663,0.000000,0.000000,3.301894,0.000000,-0.000991,0.000000,0.000805,2.172500
12960.0,0.000000,-0.001155,0.000000,-0.000351,3.301894,0.000000,-0.000090,0.000000,-0.000806,2.172500
12970.0,0.000000,-0.000417,0.000000,0.000000,3.301894,0.000000,0.000648,0.000000,0.000806,2.172500
12980.0,0.000000,0.000484,0.000000,0.000000,3.301894,0.000000,0.001140,0.000000,0.000805,2.172500
12990.0,0.000000,0.001195,0.000000,-0.000351,3.301894,0.000000,0.000402,0.000000,0.001613,2.172500
13000.0,0.000000,0.000566,0.000000,-0.000571,3.301894,0.000000,-0.000499,0.000000,-0.000806,2.172500
13010.0,0.000000,-0.000171,0.000000,-0.000702,3.301894,0.000000,-0.001210,0.000000,-0.000805,2.172500
13020.0,0.000000,-0.001073,0.000000,0.000000,3.301894,0.000000,-0.000581,0.000000,-0.000806,2.172500
13030.0,0.000000,-0.000909,0.000000,-0.001141,3.301894,0.000000,0.000156,0.000000,0.000805,2.172500
13040.0,0.000000,-0.000007,0.000000,0.000922,3.301894,0.000000,0.001058,0.000000,-0.000001,2.172500
13050.0,0.000000,0.000730,0.000000,0.000351,3.301894,0.000000,0.000894,0.000000,0.000000,2.172500
13060.0,0.000000,0.001058,0.000000,0.000000,3.301894,0.000000,-0.000008,0.000000,-0.001612,2.172500
13070.0,0.000000,0.000321,0.000000,-0.000571,3.301894,0.000000,-0.000745,0.000000,0.000000,2.172500
13080.0,0.000000,-0.000581,0.000000,-0.000571,3.301894,0.000000,-0.001073,0.000000,0.000805,2.172500
13090.0,0.000000,-0.001237,0.000000,0.000000,3.301894,0.000000,-0.000336,0.000000,0.000000,2.172500
13100.0,0.000000,-0.000499,0.000000,0.000000,3.301894,0.000000,0.000566,0.000000,0.001610,2.172500
13110.0,0.000000,0.000239,0.000000,0.000351,3.301894,0.000000,0.001222,0.000000,-0.001612,2.172500
13120.0,0.000000,0.001140,0.000000,-0.000351,3.301894,0.000000,0.000484,0.000000,0.000000,2.172500
13130.0,0.000000,0.000812,0.000000,0.000571,3.301894,0.000000,-0.000254,0.000000,0.000806,2.172500
13140.0,0.000000,-0.000089,0.000000,0.000351,3.301894,0.000000,-0.001155,0.000000,-0.000001,2.172500
13150.0,0.000000,-0.000827,0.000000,0.000000,3.301894,0.000000,-0.000827,0.000000,0.000805,2.172500
13160.0,0.000000,-0.000991,0.000000,-0.000220,3.301894,0.000000,0.000074,0.000000,0.000805,2.172500
13170.0,0.000000,-0.000253,0.000000,0.000000,3.301894,0.000000,0.000812,0.000000,0.000805,2.172500
13180.0,0.000000,0.000648,0.000000,0.000351,3.301894,0.000000,0.000976,0.000000,0.000000,2.172500
13190.0,0.000000,0.001222,0.000000,-0.000351,3.301894,0.000000,0.000238,0.000000,-0.000806,2.172500
13200.0,0.000000,0.000402,0.000000,-0.000571,3.301894,0.000000,-0.000663,0.000000,-0.000001,2.172500
13210.0,0.000000,-0.000335,0.000000,0.000000,3.301894,0.000000,-0.001237,0.000000,0.000806,2.172500
13220.0,0.000000,-0.001209,0.000000,0.000351,3.301894,0.000000,-0.000418,0.000000,-0.001612,2.172500
13230.0,0.000000,-0.000745,0.000000,0.000571,3.301894,0.000000,0.000320,0.000000,0.000000,2.172500
13240.0,0.000000,0.000157,0.000000,0.000000,3.301894,0.000000,0.001194,0.000000,0.000806,2.172500
13250.0,0.000000,0.000894,0.000000,0.000000,3.301894,0.000000,0.000730,0.000000,0.000000,2.172500
13260.0,0.000000,0.000894,0.000000,-0.000351,3.301894,0.000000,-0.000172,0.000000,0.000805,2.172500
13270.0,0.000000,0.000157,0.000000,0.000000,3.301894,0.000000,-0.000909,0.000000,-0.001612,2.172500
13280.0,0.000000,-0.000745,0.000000,0.000000,3.301894,0.000000,-0.000909,0.000000,-0.000001,2.172500
13290.0,0.000000,-0.001209,0.000000,0.000000,3.301894,0.000000,-0.000172,0.000000,-0.000806,2.172500
13300.0,0.000000,-0.000335,0.000000,0.000000,3.301894,0.000000,0.000730,0.000000,-0.001612,2.172500
13310.0,0.000000,0.000402,0.000000,0.000000,3.301894,0.000000,0.001194,0.000000,0.000806,2.172500
13320.0,0.000000,0.001222,0.000000,-0.000571,3.301894,0.000000,0.000320,0.000000,-0.000002,2.172500
13330.0,0.000000,0.000648,0.000000,0.000351,3.301894,0.000000,-0.000418,0.000000,0.000806,2.172500
13340.0,0.000000,-0.000253,0.000000,0.000000,3.301894,0.000000,-0.001237,0.000000,0.000000,2.172500
13350.0,0.000000,-0.000991,0.000000,0.000220,3.301894,0.000000,-0.000663,0.000000,0.001611,2.172500
13360.0,0.000000,-0.000827,0.000000,0.000000,3.301894,0.000000,0.000238,0.000000,-0.000806,2.172500
13370.0,0.000000,-0.000089,0.000000,0.000000,3.301894,0.000000,0.000976,0.000000,0.000000,2.172500
13380.0,0.000000,0.000812,0.000000,0.000000,3.301894,0.000000,0.000812,0.000000,-0.000805,2.172500
13390.0,0.000000,0.001140,0.000000,-0.000571,3.301894,0.000000,0.000074,0.000000,0.000000,2.172500
13400.0,0.000000,0.000239,0.000000,-0.000922,3.301894,0.000000,-0.000827,0.000000,-0.000001,2.172500
13410.0,0.000000,-0.000499,0.000000,0.000571,3.301894,0.000000,-0.001155,0.000000,-0.000805,2.172500
13420.0,0.000000,-0.001237,0.000000,0.000571,3.301894,0.000000,-0.000254,0.000000,-0.000001,2.172500
13430.0,0.000000,-0.000581,0.000000,0.000000,3.301894,0.000000,0.000484,0.000000,0.000806,2.172500
13440.0,0.000000,0.000321,0.000000,-0.000571,3.301894,0.000000,0.001222,0.000000,0.000000,2.172500
13450.0,0.000000,0.001058,0.000000,0.000000,3.301894,0.000000,0.000566,0.000000,0.000806,2.172500
13460.0,0.000000,0.000730,0.000000,0.000000,3.301894,0.000000,-0.000336,0.000000,0.000805,2.172500
13470.0,0.000000,-0.000007,0.000000,0.000922,3.301894,0.000000,-0.001073,0.000000,0.000806,2.172500
13480.0,0.000000,-0.000909,0.000000,0.000571,3.301894,0.000000,-0.000745,0.000000,-0.000806,2.172500
13490.0,0.000000,-0.001073,0.000000,0.000000,3.301894,0.000000,-0.000008,0.000000,0.003225,2.172500
13500.0,0.000000,-0.000171,0.000000,-0.000220,3.301894,0.000000,0.000894,0.000000,-0.000807,2.172500
13510.0,0.000000,0.000566,0.000000,0.000571,3.301894,0.000000,0.001058,0.000000,0.000000,2.172500
13520.0,0.000000,0.001195,0.000000,-0.000571,3.301894,0.000000,0.000156,0.000000,-0.001612,2.172500
13530.0,0.000000,0.000484,0.000000,-0.000351,3.301894,0.000000,-0.000581,0.000000,0.003223,2.172500
13540.0,0.000000,-0.000417,0.000000,0.000000,3.301894,0.000000,-0.001210,0.000000,0.000805,2.172500
13550.0,0.000000,-0.001155,0.000000,0.000000,3.301894,0.000000,-0.000499,0.000000,0.000805,2.172500
13560.0,0.000000,-0.000663,0.000000,0.000000,3.301894,0.000000,0.000402,0.000000,-0.000001,2.172500
13570.0,0.000000,0.000075,0.000000,-0.001273,3.301894,0.000000,0.001140,0.000000,0.000805,2.172500
13580.0,0.000000,0.000976,0.000000,0.000000,3.301894,0.000000,0.000648,0.000000,0.000000,2.172500
13590.0,0.000000,0.000976,0.000000,0.000000,3.301894,0.000000,-0.000090,0.000000,0.000000,2.172500
13600.0,0.000000,0.000075,0.000000,0.001712,3.301894,0.000000,-0.000991,0.000000,0.000000,2.172500
13610.0,0.000000,-0.000663,0.000000,-0.000351,3.301894,0.000000,-0.000991,0.000000,0.001612,2.172500
13620.0,0.000000,-0.001155,0.000000,0.000922,3.301894,0.000000,-0.000090,0.000000,0.000000,2.172500
13630.0,0.000000,-0.000417,0.000000,-0.000571,3.301894,0.000000,0.000648,0.000000,0.000000,2.172500
13640.0,0.000000,0.000484,0.000000,0.000571,3.301894,0.000000,0.001140,0.000000,0.001612,2.172500
13650.0,0.000000,0.001195,0.000000,0.000000,3.301894,0.000000,0.000402,0.000000,0.000000,2.172500
13660.0,0.000000,0.000566,0.000000,0.000571,3.301894,0.000000,-0.000499,0.000000,0.000000,2.172500
13670.0,0.000000,-0.000171,0.000000,0.000000,3.301894,0.000000,-0.001210,0.000000,0.000000,2.172500
13680.0,0.000000,-0.001073,0.000000,0.000000,3.301894,0.000000,-0.000581,0.000000,0.000000,2.172500
13690.0,0.000000,-0.000909,0.000000,-0.000351,3.301894,0.000000,0.000156,0.000000,0.000000,2.172500
13700.0,0.000000,-0.000007,0.000000,0.000000,3.301894,0.000000,0.001058,0.000000,-0.000806,2.172500
13710.0,0.000000,0.000730,0.000000,0.000000,3.301894,0.000000,0.000894,0.000000,-0.000806,2.172500
13720.0,0.000000,0.001058,0.000000,-0.000351,3.301894,0.000000,-0.000008,0.000000,0.000806,2.172500
13730.0,0.000000,0.000321,0.000000,0.000000,3.301894,0.000000,-0.000745,0.000000,0.000000,2.172500
13740.0,0.000000,-0.000581,0.000000,0.000220,3.301894,0.000000,-0.001073,0.000000,-0.001612,2.172500
13750.0,0.000000,-0.001237,0.000000,0.000000,3.301894,0.000000,-0.000336,0.000000,0.000000,2.172500
13760.0,0.000000,-0.000499,0.000000,-0.000351,3.301894,0.000000,0.000566,0.000000,0.000000,2.172500
13770.0,0.000000,0.000239,0.000000,0.000000,3.301894,0.000000,0.001222,0.000000,0.000000,2.172500
13780.0,0.000000,0.001140,0.000000,0.000000,3.301894,0.000000,0.000484,0.000000,0.000000,2.172500
13790.0,0.000000,0.000812,0.000000,-0.000922,3.301894,0.000000,-0.000254,0.000000,0.000000,2.172500
13800.0,0.000000,-0.000089,0.000000,-0.000571,3.301894,0.000000,-0.001155,0.000000,0.000000,2.172500
13810.0,0.000000,-0.000827,0.000000,0.000000,3.301894,0.000000,-0.000827,0.000000,-0.000806,2.172500
13820.0,0.000000,-0.000991,0.000000,0.000000,3.301894,0.000000,0.000074,0.000000,0.003223,2.172500
13830.0,0.000000,-0.000253,0.000000,0.000571,3.301894,0.000000,0.000812,0.000000,0.000805,2.172500
13840.0,0.000000,0.000648,0.000000,0.000000,3.301894,0.000000,0.000976,0.000000,-0.000001,2.172500
13850.0,0.000000,0.001222,0.000000,0.001141,3.301894,0.000000,0.000238,0.000000,-0.000001,2.172500
13860.0,0.000000,0.000402,0.000000,-0.000922,3.301894,0.000000,-0.000663,0.000000,0.001611,2.172500
13870.0,0.000000,-0.000335,0.000000,0.000000,3.301894,0.000000,-0.001237,0.000000,0.000000,2.172500
13880.0,0.000000,-0.001209,0.000000,-0.000571,3.301894,0.000000,-0.000418,0.000000,0.000805,2.172500
13890.0,0.000000,-0.000745,0.000000,0.000000,3.301894,0.000000,0.000320,0.000000,0.000805,2.172500
13900.0,0.000000,0.000157,0.000000,-0.000220,3.301894,0.000000,0.001194,0.000000,-0.001612,2.172500
13910.0,0.000000,0.000894,0.000000,0.000000,3.301894,0.000000,0.000730,0.000000,-0.001612,2.172500
13920.0,0.000000,0.000894,0.000000,0.001141,3.301894,0.000000,-0.000172,0.000000,0.000000,2.172500
13930.0,0.000000,0.000157,0.000000,-0.001844,3.301894,0.000000,-0.000909,0.000000,0.000806,2.172500
13940.0,0.000000,-0.000745,0.000000,0.000000,3.301894,0.000000,-0.000909,0.000000,0.000805,2.172500
13950.0,0.000000,-0.001209,0.000000,-0.000351,3.301894,0.000000,-0.000172,0.000000,0.000805,2.172500
13960.0,0.000000,-0.000335,0.000000,0.000000,3.301894,0.000000,0.000730,0.000000,-0.000806,2.172500
13970.0,0.000000,0.000402,0.000000,-0.000571,3.301894,0.000000,0.001194,0.000000,0.000806,2.172500
13980.0,0.000000,0.001222,0.000000,-0.000351,3.301894,0.000000,0.000320,0.000000,0.000806,2.172500
13990.0,0.000000,0.000648,0.000000,0.000000,3.301894,0.000000,-0.000418,0.000000,0.000000,2.172500
14000.0,0.000000,-0.000253,0.000000,0.000000,3.301894,0.000000,-0.001237,0.000000,-0.000806,2.172500
14010.0,0.000000,-0.000991,0.000000,0.000000,3.301894,0.000000,-0.000663,0.000000,0.000806,2.172500
14020.0,0.000000,-0.000827,0.000000,-0.000571,3.301894,0.000000,0.000238,0.000000,-0.000001,2.172500
14030.0,0.000000,-0.000089,0.000000,-0.000571,3.301894,0.000000,0.000976,0.000000,0.000806,2.172500
14040.0,0.000000,0.000812,0.000000,-0.000351,3.301894,0.000000,0.000812,0.000000,0.000000,2.172500
14050.0,0.000000,0.001140,0.000000,0.000351,3.301894,0.000000,0.000074,0.000000,-0.000805,2.172500
14060.0,0.000000,0.000239,0.000000,0.000571,3.301894,0.000000,-0.000827,0.000000,-0.000806,2.172500
14070.0,0.000000,-0.000499,0.000000,-0.000571,3.301894,0.000000,-0.001155,0.000000,0.000806,2.172500
14080.0,0.000000,-0.001237,0.000000,0.000571,3.301894,0.000000,-0.000254,0.000000,0.000805,2.172500
14090.0,0.000000,-0.000581,0.000000,-0.000571,3.301894,0.000000,0.000484,0.000000,0.001611,2.172500
14100.0,0.000000,0.000321,0.000000,0.000000,3.301894,0.000000,0.001222,0.000000,0.000805,2.172500
14110.0,0.000000,0.001058,0.000000,0.000351,3.301894,0.000000,0.000566,0.000000,0.003225,2.172500
14120.0,0.000000,0.000730,0.000000,0.000000,3.301894,0.000000,-0.000336,0.000000,-0.000806,2.172500
14130.0,0.000000,-0.000007,0.000000,0.000000,3.301894,0.000000,-0.001073,0.000000,0.000000,2.172500
14140.0,0.000000,-0.000909,0.000000,0.000000,3.301894,0.000000,-0.000745,0.000000,0.000000,2.172500
14150.0,0.000000,-0.001073,0.000000,0.000000,3.301894,0.000000,-0.000008,0.000000,0.000000,2.172500
14160.0,0.000000,-0.000171,0.000000,0.000922,3.301894,0.000000,0.000894,0.000000,-0.000001,2.172500
14170.0,0.000000,0.000566,0.000000,0.000000,3.301894,0.000000,0.001058,0.000000,0.000806,2.172500
14180.0,0.000000,0.001195,0.000000,0.000000,3.301894,0.000000,0.000156,0.000000,-0.000001,2.172500
14190.0,0.000000,0.000484,0.000000,0.000000,3.301894,0.000000,-0.000581,0.000000,-0.000806,2.172500
14200.0,0.000000,-0.000417,0.000000,0.000571,3.301894,0.000000,-0.001210,0.000000,0.001612,2.172500
14210.0,0.000000,-0.001155,0.000000,-0.000220,3.301894,0.000000,-0.000499,0.000000,0.000000,2.172500
14220.0,0.000000,-0.000663,0.000000,0.000351,3.301894,0.000000,0.000402,0.000000,-0.000805,2.172500
14230.0,0.000000,0.000075,0.000000,0.000000,3.301894,0.000000,0.001140,0.000000,0.000806,2.172500
14240.0,0.000000,0.000976,0.000000,-0.000571,3.301894,0.000000,0.000648,0.000000,0.000806,2.172500
14250.0,0.000000,0.000976,0.000000,0.001141,3.301894,0.000000,-0.000090,0.000000,0.000000,2.172500
14260.0,0.000000,0.000075,0.000000,0.000000,3.301894,0.000000,-0.000991,0.000000,0.000000,2.172500
14270.0,0.000000,-0.000663,0.000000,0.000571,3.301894,0.000000,-0.000991,0.000000,-0.000806,2.172500
14280.0,0.000000,-0.001155,0.000000,-0.000571,3.301894,0.000000,-0.000090,0.000000,0.000000,2.172500
14290.0,0.000000,-0.000417,0.000000,0.000000,3.301894,0.000000,0.000648,0.000000,0.000001,2.172500
14300.0,0.000000,0.000484,0.000000,0.000351,3.301894,0.000000,0.001140,0.000000,-0.000805,2.172500
14310.0,0.000000,0.001195,0.000000,0.000000,3.301894,0.000000,0.000402,0.000000,-0.000001,2.172500
14320.0,0.000000,0.000566,0.000000,0.000351,3.301894,0.000000,-0.000499,0.000000,0.000805,2.172500
14330.0,0.000000,-0.000171,0.000000,0.000571,3.301894,0.000000,-0.001210,0.000000,-0.000805,2.172500
14340.0,0.000000,-0.001073,0.000000,0.000351,3.301894,0.000000,-0.000581,0.000000,0.000805,2.172500
14350.0,0.000000,-0.000909,0.000000,-0.000351,3.301894,0.000000,0.000156,0.000000,0.000806,2.172500
14360.0,0.000000,-0.000007,0.000000,0.000351,3.301894,0.000000,0.001058,0.000000,0.000000,2.172500
14370.0,0.000000,0.000730,0.000000,0.000351,3.301894,0.000000,0.000894,0.000000,0.000000,2.172500
14380.0,0.000000,0.001058,0.000000,-0.000220,3.301894,0.000000,-0.000008,0.000000,-0.000001,2.172500
14390.0,0.000000,0.000321,0.000000,0.000922,3.301894,0.000000,-0.000745,0.000000,-0.000806,2.172500
14400.0,0.000000,-0.000581,0.000000,0.000000,3.301894,0.000000,-0.001073,0.000000,0.000805,2.172500
14410.0,0.000000,-0.001237,0.000000,0.000351,3.301894,0.000000,-0.000336,0.000000,-0.000805,2.172500
14420.0,0.000000,-0.000499,0.000000,0.000000,3.301894,0.000000,0.000566,0.000000,0.000000,2.172500
14430.0,0.000000,0.000239,0.000000,0.000000,3.301894,0.000000,0.001222,0.000000,0.000805,2.172500
14440.0,0.000000,0.001140,0.000000,0.000000,3.301894,0.000000,0.000484,0.000000,0.000000,2.172500
14450.0,0.000000,0.000812,0.000000,-0.000922,3.301894,0.000000,-0.000254,0.000000,0.001612,2.172500
14460.0,0.000000,-0.000089,0.000000,0.000571,3.301894,0.000000,-0.001155,0.000000,-0.000807,2.172500
14470.0,0.000000,-0.000827,0.000000,-0.000351,3.301894,0.000000,-0.000827,0.000000,0.000000,2.172500
14480.0,0.000000,-0.000991,0.000000,0.000000,3.301894,0.000000,0.000074,0.000000,-0.000806,2.172500
14490.0,0.000000,-0.000253,0.000000,-0.000571,3.301894,0.000000,0.000812,0.000000,0.000806,2.172500
14500.0,0.000000,0.000648,0.000000,0.000000,3.301894,0.000000,0.000976,0.000000,-0.000001,2.172500
14510.0,0.000000,0.001222,0.000000,0.000571,3.301894,0.000000,0.000238,0.000000,0.000000,2.172500
14520.0,0.000000,0.000402,0.000000,0.000000,3.301894,0.000000,-0.000663,0.000000,-0.000001,2.172500
14530.0,0.000000,-0.000335,0.000000,0.000000,3.301894,0.000000,-0.001237,0.000000,0.000000,2.172500
14540.0,0.000000,-0.001209,0.000000,0.000000,3.301894,0.000000,-0.000418,0.000000,0.000805,2.172500
14550.0,0.000000,-0.000745,0.000000,-0.000922,3.301894,0.000000,0.000320,0.000000,0.000806,2.172500
14560.0,0.000000,0.000157,0.000000,0.000000,3.301894,0.000000,0.001194,0.000000,0.001612,2.172500
14570.0,0.000000,0.000894,0.000000,0.000000,3.301894,0.000000,0.000730,0.000000,-0.001612,2.172500
14580.0,0.000000,0.000894,0.000000,0.000000,3.301894,0.000000,-0.000172,0.000000,-0.000806,2.172500
14590.0,0.000000,0.000157,0.000000,0.000000,3.301894,0.000000,-0.000909,0.000000,-0.001612,2.172500
14600.0,0.000000,-0.000745,0.000000,0.000000,3.301894,0.000000,-0.000909,0.000000,0.000805,2.172500
14610.0,0.000000,-0.001209,0.000000,-0.000922,3.301894,0.000000,-0.000172,0.000000,0.000805,2.172500
14620.0,0.000000,-0.000335,0.000000,-0.001493,3.301894,0.000000,0.000730,0.000000,0.000000,2.172500
14630.0,0.000000,0.000402,0.000000,0.000000,3.301894,0.000000,0.001194,0.000000,0.000806,2.172500
14640.0,0.000000,0.001222,0.000000,0.000571,3.301894,0.000000,0.000320,0.000000,-0.000806,2.172500
14650.0,0.000000,0.000648,0.000000,0.000000,3.301894,0.000000,-0.000418,0.000000,0.000806,2.172500
14660.0,0.000000,-0.000253,0.000000,-0.000351,3.301894,0.000000,-0.001237,0.000000,0.000806,2.172500
14670.0,0.000000,-0.000991,0.000000,0.000000,3.301894,0.000000,-0.000663,0.000000,0.000000,2.172500
14680.0,0.000000,-0.000827,0.000000,0.000000,3.301894,0.000000,0.000238,0.000000,-0.000805,2.172500
14690.0,0.000000,-0.000089,0.000000,0.000922,3.301894,0.000000,0.000976,0.000000,0.000806,2.172500
14700.0,0.000000,0.000812,0.000000,0.000000,3.301894,0.000000,0.000812,0.000000,-0.000001,2.172500
14710.0,0.000000,0.001140,0.000000,0.000351,3.301894,0.000000,0.000074,0.000000,-0.000806,2.172500
14720.0,0.000000,0.000239,0.000000,-0.000571,3.301894,0.000000,-0.000827,0.000000,0.000805,2.172500
14730.0,0.000000,-0.000499,0.000000,0.000351,3.301894,0.000000,-0.001155,0.000000,0.000805,2.172500
14740.0,0.000000,-0.001237,0.000000,-0.000571,3.301894,0.000000,-0.000254,0.000000,0.000000,2.172500
14750.0,0.000000,-0.000581,0.000000,0.001141,3.301894,0.000000,0.000484,0.000000,-0.000805,2.172500
14760.0,0.000000,0.000321,0.000000,0.000000,3.301894,0.000000,0.001222,0.000000,-0.001612,2.172500
14770.0,0.000000,0.001058,0.000000,0.000000,3.301894,0.000000,0.000566,0.000000,0.001612,2.172500
14780.0,0.000000,0.000730,0.000000,0.000351,3.301894,0.000000,-0.000336,0.000000,-0.001612,2.172500
14790.0,0.000000,-0.000007,0.000000,-0.001624,3.301894,0.000000,-0.001073,0.000000,0.000000,2.172500
14800.0,0.000000,-0.000909,0.000000,0.000000,3.301894,0.000000,-0.000745,0.000000,-0.000807,2.172500
14810.0,0.000000,-0.001073,0.000000,0.000571,3.301894,0.000000,-0.000008,0.000000,-0.001611,2.172500
14820.0,0.000000,-0.000171,0.000000,0.000000,3.301894,0.000000,0.000894,0.000000,-0.001612,2.172500
14830.0,0.000000,0.000566,0.000000,-0.000220,3.301894,0.000000,0.001058,0.000000,0.000000,2.172500
14840.0,0.000000,0.001195,0.000000,-0.000132,3.301894,0.000000,0.000156,0.000000,-0.000001,2.172500
14850.0,0.000000,0.000484,0.000000,0.000000,3.301894,0.000000,-0.000581,0.000000,-0.000001,2.172500
14860.0,0.000000,-0.000417,0.000000,0.000351,3.301894,0.000000,-0.001210,0.000000,-0.000001,2.172500
14870.0,0.000000,-0.001155,0.000000,0.000922,3.301894,0.000000,-0.000499,0.000000,0.000000,2.172500
14880.0,0.000000,-0.000663,0.000000,0.000571,3.301894,0.000000,0.000402,0.000000,-0.001612,2.172500
14890.0,0.000000,0.000075,0.000000,0.000000,3.301894,0.000000,0.001140,0.000000,0.000000,2.172500
14900.0,0.000000,0.000976,0.000000,0.000000,3.301894,0.000000,0.000648,0.000000,0.000806,2.172500
14910.0,0.000000,0.000976,0.000000,-0.000571,3.301894,0.000000,-0.000090,0.000000,-0.000805,2.172500
14920.0,0.000000,0.000075,0.000000,-0.000571,3.301894,0.000000,-0.000991,0.000000,-0.001612,2.172500
14930.0,0.000000,-0.000663,0.000000,0.000000,3.301894,0.000000,-0.000991,0.000000,-0.001612,2.172500
14940.0,0.000000,-0.001155,0.000000,0.000000,3.301894,0.000000,-0.000090,0.000000,-0.000807,2.172500
14950.0,0.000000,-0.000417,0.000000,0.000000,3.301894,0.000000,0.000648,0.000000,0.000805,2.172500
14960.0,0.000000,0.000484,0.000000,0.000000,3.301894,0.000000,0.001140,0.000000,-0.000806,2.172500
14970.0,0.000000,0.001195,0.000000,0.000220,3.301894,0.000000,0.000402,0.000000,0.000805,2.172500
14980.0,0.000000,0.000566,0.000000,0.000000,3.301894,0.000000,-0.000499,0.000000,0.000806,2.172500
14990.0,0.000000,-0.000171,0.000000,-0.000351,3.301894,0.000000,-0.001210,0.000000,-0.000805,2.172500
15000.0,0.000000,-0.001073,0.000000,-0.000571,3.301894,0.000000,-0.000581,0.000000,0.000000,2.172500
15010.0,0.000000,-0.000909,0.000000,0.000220,3.301894,0.000000,0.000156,0.000000,0.000000,2.172500
15020.0,0.000000,-0.000007,0.000000,-0.000571,3.301894,0.000000,0.001058,0.000000,-0.000806,2.172500
15030.0,0.000000,0.000730,0.000000,0.000571,3.301894,0.000000,0.000894,0.000000,0.000000,2.172500
15040.0,0.000000,0.001058,0.000000,0.001361,3.301894,0.000000,-0.000008,0.000000,-0.000806,2.172500
15050.0,0.000000,0.000321,0.000000,-0.000571,3.301894,0.000000,-0.000745,0.000000,-0.000806,2.172500
15060.0,0.000000,-0.000581,0.000000,-0.000220,3.301894,0.000000,-0.001073,0.000000,-0.000806,2.172500
15070.0,0.000000,-0.001237,0.000000,0.000000,3.301894,0.000000,-0.000336,0.000000,0.002417,2.172500
15080.0,0.000000,-0.000499,0.000000,0.000000,3.301894,0.000000,0.000566,0.000000,0.000000,2.172500
15090.0,0.000000,0.000239,0.000000,0.000351,3.301894,0.000000,0.001222,0.000000,-0.001611,2.172500
15100.0,0.000000,0.001140,0.000000,-0.000220,3.301894,0.000000,0.000484,0.000000,-0.000805,2.172500
15110.0,0.000000,0.000812,0.000000,0.000000,3.301894,0.000000,-0.000254,0.000000,0.000000,2.172500
15120.0,0.000000,-0.000089,0.000000,0.000000,3.301894,0.000000,-0.001155,0.000000,-0.000807,2.172500
15130.0,0.000000,-0.000827,0.000000,0.000000,3.301894,0.000000,-0.000827,0.000000,0.000000,2.172500
15140.0,0.000000,-0.000991,0.000000,0.000000,3.301894,0.000000,0.000074,0.000000,0.001611,2.172500
15150.0,0.000000,-0.000253,0.000000,-0.000571,3.301894,0.000000,0.000812,0.000000,0.000805,2.172500
15160.0,0.000000,0.000648,0.000000,0.000000,3.301894,0.000000,0.000976,0.000000,-0.000001,2.172500
15170.0,0.000000,0.001222,0.000000,0.000000,3.301894,0.000000,0.000238,0.000000,0.000000,2.172500
15180.0,0.000000,0.000402,0.000000,-0.000220,3.301894,0.000000,-0.000663,0.000000,0.000001,2.172500
15190.0,0.000000,-0.000335,0.000000,0.000571,3.301894,0.000000,-0.001237,0.000000,-0.000805,2.172500
15200.0,0.000000,-0.001209,0.000000,0.000351,3.301894,0.000000,-0.000418,0.000000,0.000000,2.172500
15210.0,0.000000,-0.000745,0.000000,0.000000,3.301894,0.000000,0.000320,0.000000,0.000806,2.172500
15220.0,0.000000,0.000157,0.000000,0.000000,3.301894,0.000000,0.001194,0.000000,-0.000806,2.172500
15230.0,0.000000,0.000894,0.000000,0.000000,3.301894,0.000000,0.000730,0.000000,-0.000805,2.172500
15240.0,0.000000,0.000894,0.000000,-0.000571,3.301894,0.000000,-0.000172,0.000000,0.000805,2.172500
15250.0,0.000000,0.000157,0.000000,-0.000571,3.301894,0.000000,-0.000909,0.000000,0.000000,2.172500
15260.0,0.000000,-0.000745,0.000000,0.000000,3.301894,0.000000,-0.000909,0.000000,-0.001612,2.172500
15270.0,0.000000,-0.001209,0.000000,-0.000571,3.301894,0.000000,-0.000172,0.000000,0.000000,2.172500
15280.0,0.000000,-0.000335,0.000000,0.000351,3.301894,0.000000,0.000730,0.000000,-0.000806,2.172500
15290.0,0.000000,0.000402,0.000000,0.000922,3.301894,0.000000,0.001194,0.000000,0.000806,2.172500
15300.0,0.000000,0.001222,0.000000,-0.001141,3.301894,0.000000,0.000320,0.000000,-0.000806,2.172500
15310.0,0.000000,0.000648,0.000000,0.000000,3.301894,0.000000,-0.000418,0.000000,0.000000,2.172500
15320.0,0.000000,-0.000253,0.000000,0.000000,3.301894,0.000000,-0.001237,0.000000,-0.000001,2.172500
15330.0,0.000000,-0.000991,0.000000,0.000000,3.301894,0.000000,-0.000663,0.000000,-0.001612,2.172500
15340.0,0.000000,-0.000827,0.000000,0.000000,3.301894,0.000000,0.000238,0.000000,-0.000806,2.172500
15350.0,0.000000,-0.000089,0.000000,0.000000,3.301894,0.000000,0.000976,0.000000,0.000807,2.172500
15360.0,0.000000,0.000812,0.000000,0.000000,3.301894,0.000000,0.000812,0.000000,-0.000805,2.172500
15370.0,0.000000,0.001140,0.000000,0.000000,3.301894,0.000000,0.000074,0.000000,0.000806,2.172500
15380.0,0.000000,0.000239,0.000000,0.000000,3.301894,0.000000,-0.000827,0.000000,-0.000806,2.172500
15390.0,0.000000,-0.000499,0.000000,0.000000,3.301894,0.000000,-0.001155,0.000000,0.001612,2.172500
15400.0,0.000000,-0.001237,0.000000,-0.000922,3.301894,0.000000,-0.000254,0.000000,0.000805,2.172500
15410.0,0.000000,-0.000581,0.000000,0.000220,3.301894,0.000000,0.000484,0.000000,0.000805,2.172500
15420.0,0.000000,0.000321,0.000000,0.000000,3.301894,0.000000,0.001222,0.000000,0.001611,2.172500
15430.0,0.000000,0.001058,0.000000,0.000000,3.301894,0.000000,0.000566,0.000000,-0.000805,2.172500
15440.0,0.000000,0.000730,0.000000,0.000000,3.301894,0.000000,-0.000336,0.000000,0.000805,2.172500
15450.0,0.000000,-0.000007,0.000000,0.000922,3.301894,0.000000,-0.001073,0.000000,0.000000,2.172500
15460.0,0.000000,-0.000909,0.000000,0.000000,3.301894,0.000000,-0.000745,0.000000,0.000000,2.172500
15470.0,0.000000,-0.001073,0.000000,0.000000,3.301894,0.000000,-0.000008,0.000000,0.000000,2.172500
15480.0,0.000000,-0.000171,0.000000,-0.000922,3.301894,0.000000,0.000894,0.000000,0.003225,2.172500
15490.0,0.000000,0.000566,0.000000,-0.000351,3.301894,0.000000,0.001058,0.000000,0.001612,2.172500
15500.0,0.000000,0.001195,0.000000,0.000000,3.301894,0.000000,0.000156,0.000000,0.001612,2.172500
15510.0,0.000000,0.000484,0.000000,0.000000,3.301894,0.000000,-0.000581,0.000000,-0.001612,2.172500
15520.0,0.000000,-0.000417,0.000000,0.000571,3.301894,0.000000,-0.001210,0.000000,0.000001,2.172500
15530.0,0.000000,-0.001155,0.000000,0.000351,3.301894,0.000000,-0.000499,0.000000,-0.000806,2.172500
15540.0,0.000000,-0.000663,0.000000,0.000571,3.301894,0.000000,0.000402,0.000000,0.000000,2.172500
15550.0,0.000000,0.000075,0.000000,0.000351,3.301894,0.000000,0.001140,0.000000,0.000001,2.172500
15560.0,0.000000,0.000976,0.000000,0.000000,3.301894,0.000000,0.000648,0.000000,0.000000,2.172500
15570.0,0.000000,0.000976,0.000000,-0.000351,3.301894,0.000000,-0.000090,0.000000,0.000806,2.172500
15580.0,0.000000,0.000075,0.000000,0.000351,3.301894,0.000000,-0.000991,0.000000,0.000000,2.172500
15590.0,0.000000,-0.000663,0.000000,-0.000571,3.301894,0.000000,-0.000991,0.000000,0.004027,2.172500
15600.0,0.000000,-0.001155,0.000000,0.000000,3.301894,0.000000,-0.000090,0.000000,0.000805,2.172500
15610.0,0.000000,-0.000417,0.000000,0.000351,3.301894,0.000000,0.000648,0.000000,0.001612,2.172500
15620.0,0.000000,0.000484,0.000000,0.000000,3.301894,0.000000,0.001140,0.000000,0.000000,2.172500
15630.0,0.000000,0.001195,0.000000,0.001273,3.301894,0.000000,0.000402,0.000000,0.000806,2.172500
15640.0,0.000000,0.000566,0.000000,0.000351,3.301894,0.000000,-0.000499,0.000000,0.000000,2.172500
15650.0,0.000000,-0.000171,0.000000,0.000000,3.301894,0.000000,-0.001210,0.000000,0.000806,2.172500
15660.0,0.000000,-0.001073,0.000000,-0.000571,3.301894,0.000000,-0.000581,0.000000,-0.000806,2.172500
15670.0,0.000000,-0.000909,0.000000,0.000571,3.301894,0.000000,0.000156,0.000000,0.000000,2.172500
15680.0,0.000000,-0.000007,0.000000,0.000351,3.301894,0.000000,0.001058,0.000000,0.000805,2.172500
15690.0,0.000000,0.000730,0.000000,0.000000,3.301894,0.000000,0.000894,0.000000,-0.001611,2.172500
15700.0,0.000000,0.001058,0.000000,0.000000,3.301894,0.000000,-0.000008,0.000000,0.000805,2.172500
15710.0,0.000000,0.000321,0.000000,0.000000,3.301894,0.000000,-0.000745,0.000000,0.001612,2.172500
15720.0,0.000000,-0.000581,0.000000,0.000000,3.301894,0.000000,-0.001073,0.000000,0.000805,2.172500
15730.0,0.000000,-0.001237,0.000000,-0.000220,3.301894,0.000000,-0.000336,0.000000,0.000000,2.172500
15740.0,0.000000,-0.000499,0.000000,0.000351,3.301894,0.000000,0.000566,0.000000,-0.001612,2.172500
15750.0,0.000000,0.000239,0.000000,0.000000,3.301894,0.000000,0.001222,0.000000,0.000000,2.172500
15760.0,0.000000,0.001140,0.000000,0.000000,3.301894,0.000000,0.000484,0.000000,-0.000806,2.172500
15770.0,0.000000,0.000812,0.000000,-0.000702,3.301894,0.000000,-0.000254,0.000000,0.000000,2.172500
15780.0,0.000000,-0.000089,0.000000,0.000000,3.301894,0.000000,-0.001155,0.000000,-0.000001,2.172500
15790.0,0.000000,-0.000827,0.000000,0.000922,3.301894,0.000000,-0.000827,0.000000,0.000805,2.172500
15800.0,0.000000,-0.000991,0.000000,0.000000,3.301894,0.000000,0.000074,0.000000,-0.000807,2.172500
15810.0,0.000000,-0.000253,0.000000,0.000000,3.301894,0.000000,0.000812,0.000000,0.000806,2.172500
15820.0,0.000000,0.000648,0.000000,0.000571,3.301894,0.000000,0.000976,0.000000,0.000805,2.172500
15830.0,0.000000,0.001222,0.000000,-0.000132,3.301894,0.000000,0.000238,0.000000,-0.000806,2.172500
15840.0,0.000000,0.000402,0.000000,-0.000571,3.301894,0.000000,-0.000663,0.000000,0.000806,2.172500
15850.0,0.000000,-0.000335,0.000000,-0.000571,3.301894,0.000000,-0.001237,0.000000,0.000806,2.172500
15860.0,0.000000,-0.001209,0.000000,-0.000571,3.301894,0.000000,-0.000418,0.000000,-0.000806,2.172500
15870.0,0.000000,-0.000745,0.000000,0.000000,3.301894,0.000000,0.000320,0.000000,-0.000806,2.172500
15880.0,0.000000,0.000157,0.000000,-0.000571,3.301894,0.000000,0.001194,0.000000,0.000806,2.172500
15890.0,0.000000,0.000894,0.000000,0.000000,3.301894,0.000000,0.000730,0.000000,0.000000,2.172500
15900.0,0.000000,0.000894,0.000000,0.000922,3.301894,0.000000,-0.000172,0.000000,0.000806,2.172500
15910.0,0.000000,0.000157,0.000000,-0.000571,3.301894,0.000000,-0.000909,0.000000,-0.000805,2.172500
15920.0,0.000000,-0.000745,0.000000,0.000000,3.301894,0.000000,-0.000909,0.000000,-0.001612,2.172500
15930.0,0.000000,-0.001209,0.000000,0.000571,3.301894,0.000000,-0.000172,0.000000,0.000000,2.172500
15940.0,0.000000,-0.000335,0.000000,0.000000,3.301894,0.000000,0.000730,0.000000,0.000806,2.172500
15950.0,0.000000,0.000402,0.000000,0.000000,3.301894,0.000000,0.001194,0.000000,0.000000,2.172500
15960.0,0.000000,0.001222,0.000000,0.000000,3.301894,0.000000,0.000320,0.000000,-0.000806,2.172500
15970.0,0.000000,0.000648,0.000000,-0.000351,3.301894,0.000000,-0.000418,0.000000,-0.000806,2.172500
15980.0,0.000000,-0.000253,0.000000,-0.000571,3.301894,0.000000,-0.001237,0.000000,0.000000,2.172500
15990.0,0.000000,-0.000991,0.000000,0.000571,3.301894,0.000000,-0.000663,0.000000,0.000000,2.172500
16000.0,0.000000,-0.000827,0.000000,0.000351,3.301894,0.000000,0.000238,0.000000,0.000805,2.172500
16010.0,0.000000,-0.000089,0.000000,0.000571,3.301894,0.000000,0.000976,0.000000,0.000000,2.172500
16020.0,0.000000,0.000812,0.000000,-0.000571,3.301894,0.000000,0.000812,0.000000,0.000000,2.172500
16030.0,0.000000,0.001140,0.000000,0.000000,3.301894,0.000000,0.000074,0.000000,0.000000,2.172500
16040.0,0.000000,0.000239,0.000000,0.000351,3.301894,0.000000,-0.000827,0.000000,0.000000,2.172500
16050.0,0.000000,-0.000499,0.000000,0.000000,3.301894,0.000000,-0.001155,0.000000,0.000806,2.172500
16060.0,0.000000,-0.001237,0.000000,0.000571,3.301894,0.000000,-0.000254,0.000000,-0.000807,2.172500
16070.0,0.000000,-0.000581,0.000000,-0.000351,3.301894,0.000000,0.000484,0.000000,0.000000,2.172500
16080.0,0.000000,0.000321,0.000000,0.000351,3.301894,0.000000,0.001222,0.000000,0.000000,2.172500
16090.0,0.000000,0.001058,0.000000,-0.000351,3.301894,0.000000,0.000566,0.000000,0.000806,2.172500
16100.0,0.000000,0.000730,0.000000,-0.000571,3.301894,0.000000,-0.000336,0.000000,-0.000001,2.172500
16110.0,0.000000,-0.000007,0.000000,0.000000,3.301894,0.000000,-0.001073,0.000000,-0.000805,2.172500
16120.0,0.000000,-0.000909,0.000000,0.000000,3.301894,0.000000,-0.000745,0.000000,0.000000,2.172500
16130.0,0.000000,-0.001073,0.000000,0.000351,3.301894,0.000000,-0.000008,0.000000,-0.000806,2.172500
16140.0,0.000000,-0.000171,0.000000,-0.000922,3.301894,0.000000,0.000894,0.000000,0.001612,2.172500
16150.0,0.000000,0.000566,0.000000,0.000351,3.301894,0.000000,0.001058,0.000000,0.000000,2.172500
16160.0,0.000000,0.001195,0.000000,0.000351,3.301894,0.000000,0.000156,0.000000,-0.000001,2.172500
16170.0,0.000000,0.000484,0.000000,0.000922,3.301894,0.000000,-0.000581,0.000000,-0.000805,2.172500
16180.0,0.000000,-0.000417,0.000000,0.000571,3.301894,0.000000,-0.001210,0.000000,-0.000806,2.172500
16190.0,0.000000,-0.001155,0.000000,-0.000351,3.301894,0.000000,-0.000499,0.000000,0.000000,2.172500
16200.0,0.000000,-0.000663,0.000000,-0.000220,3.301894,0.000000,0.000402,0.000000,-0.000001,2.172500
16210.0,0.000000,0.000075,0.000000,0.000000,3.301894,0.000000,0.001140,0.000000,0.000805,2.172500
16220.0,0.000000,0.000976,0.000000,0.000000,3.301894,0.000000,0.000648,0.000000,-0.000806,2.172500
16230.0,0.000000,0.000976,0.000000,0.000000,3.301894,0.000000,-0.000090,0.000000,0.000000,2.172500
16240.0,0.000000,0.000075,0.000000,-0.000351,3.301894,0.000000,-0.000991,0.000000,-0.000001,2.172500
16250.0,0.000000,-0.000663,0.000000,-0.000220,3.301894,0.000000,-0.000991,0.000000,0.000000,2.172500
16260.0,0.000000,-0.001155,0.000000,0.000000,3.301894,0.000000,-0.000090,0.000000,0.000805,2.172500
16270.0,0.000000,-0.000417,0.000000,-0.000351,3.301894,0.000000,0.000648,0.000000,-0.000806,2.172500
16280.0,0.000000,0.000484,0.000000,0.000922,3.301894,0.000000,0.001140,0.000000,0.000000,2.172500
16290.0,0.000000,0.001195,0.000000,0.000000,3.301894,0.000000,0.000402,0.000000,0.000805,2.172500
16300.0,0.000000,0.000566,0.000000,-0.000571,3.301894,0.000000,-0.000499,0.000000,0.000806,2.172500
16310.0,0.000000,-0.000171,0.000000,-0.000571,3.301894,0.000000,-0.001210,0.000000,0.000000,2.172500
16320.0,0.000000,-0.001073,0.000000,-0.000220,3.301894,0.000000,-0.000581,0.000000,0.000806,2.172500
16330.0,0.000000,-0.000909,0.000000,-0.000351,3.301894,0.000000,0.000156,0.000000,0.000806,2.172500
16340.0,0.000000,-0.000007,0.000000,0.000000,3.301894,0.000000,0.001058,0.000000,0.001612,2.172500
16350.0,0.000000,0.000730,0.000000,-0.000571,3.301894,0.000000,0.000894,0.000000,0.000000,2.172500
16360.0,0.000000,0.001058,0.000000,0.000000,3.301894,0.000000,-0.000008,0.000000,-0.000806,2.172500
16370.0,0.000000,0.000321,0.000000,0.001141,3.301894,0.000000,-0.000745,0.000000,0.000806,2.172500
16380.0,0.000000,-0.000581,0.000000,-0.000351,3.301894,0.000000,-0.001073,0.000000,-0.000805,2.172500
16390.0,0.000000,-0.001237,0.000000,0.000000,3.301894,0.000000,-0.000336,0.000000,-0.001612,2.172500
16400.0,0.000000,-0.000499,0.000000,-0.000571,3.301894,0.000000,0.000566,0.000000,0.000805,2.172500
16410.0,0.000000,0.000239,0.000000,0.000000,3.301894,0.000000,0.001222,0.000000,0.000001,2.172500
16420.0,0.000000,0.001140,0.000000,0.000351,3.301894,0.000000,0.000484,0.000000,0.001612,2.172500
16430.0,0.000000,0.000812,0.000000,-0.000220,3.301894,0.000000,-0.000254,0.000000,0.000000,2.172500
16440.0,0.000000,-0.000089,0.000000,0.000000,3.301894,0.000000,-0.001155,0.000000,0.000000,2.172500
16450.0,0.000000,-0.000827,0.000000,0.000000,3.301894,0.000000,-0.000827,0.000000,-0.000805,2.172500
16460.0,0.000000,-0.000991,0.000000,0.000000,3.301894,0.000000,0.000074,0.000000,0.000805,2.172500
16470.0,0.000000,-0.000253,0.000000,0.000922,3.301894,0.000000,0.000812,0.000000,0.001612,2.172500
16480.0,0.000000,0.000648,0.000000,-0.000571,3.301894,0.000000,0.000976,0.000000,0.001612,2.172500
16490.0,0.000000,0.001222,0.000000,0.000000,3.301894,0.000000,0.000238,0.000000,0.000806,2.172500
16500.0,0.000000,0.000402,0.000000,0.000000,3.301894,0.000000,-0.000663,0.000000,-0.000001,2.172500
16510.0,0.000000,-0.000335,0.000000,0.000351,3.301894,0.000000,-0.001237,0.000000,0.000806,2.172500
16520.0,0.000000,-0.001209,0.000000,-0.000351,3.301894,0.000000,-0.000418,0.000000,0.000805,2.172500
16530.0,0.000000,-0.000745,0.000000,-0.000571,3.301894,0.000000,0.000320,0.000000,0.000000,2.172500
16540.0,0.000000,0.000157,0.000000,0.000000,3.301894,0.000000,0.001194,0.000000,0.000805,2.172500
16550.0,0.000000,0.000894,0.000000,-0.000132,3.301894,0.000000,0.000730,0.000000,0.000805,2.172500
16560.0,0.000000,0.000894,0.000000,-0.000351,3.301894,0.000000,-0.000172,0.000000,-0.000001,2.172500
16570.0,0.000000,0.000157,0.000000,0.000351,3.301894,0.000000,-0.000909,0.000000,0.000000,2.172500
16580.0,0.000000,-0.000745,0.000000,0.000000,3.301894,0.000000,-0.000909,0.000000,0.000000,2.172500
16590.0,0.000000,-0.001209,0.000000,0.000351,3.301894,0.000000,-0.000172,0.000000,-0.000805,2.172500
16600.0,0.000000,-0.000335,0.000000,0.000000,3.301894,0.000000,0.000730,0.000000,-0.000806,2.172500
16610.0,0.000000,0.000402,0.000000,-0.000351,3.301894,0.000000,0.001194,0.000000,0.000805,2.172500
16620.0,0.000000,0.001222,0.000000,0.000351,3.301894,0.000000,0.000320,0.000000,-0.000806,2.172500
16630.0,0.000000,0.000648,0.000000,0.000000,3.301894,0.000000,-0.000418,0.000000,0.000000,2.172500
16640.0,0.000000,-0.000253,0.000000,0.000571,3.301894,0.000000,-0.001237,0.000000,0.000805,2.172500
16650.0,0.000000,-0.000991,0.000000,0.000000,3.301894,0.000000,-0.000663,0.000000,0.000000,2.172500
16660.0,0.000000,-0.000827,0.000000,-0.000571,3.301894,0.000000,0.000238,0.000000,-0.000806,2.172500
16670.0,0.000000,-0.000089,0.000000,-0.000571,3.301894,0.000000,0.000976,0.000000,-0.000806,2.172500
16680.0,0.000000,0.000812,0.000000,-0.000571,3.301894,0.000000,0.000812,0.000000,-0.000001,2.172500
16690.0,0.000000,0.001140,0.000000,-0.000571,3.301894,0.000000,0.000074,0.000000,0.000000,2.172500
16700.0,0.000000,0.000239,0.000000,-0.000571,3.301894,0.000000,-0.000827,0.000000,0.000805,2.172500
16710.0,0.000000,-0.000499,0.000000,-0.000351,3.301894,0.000000,-0.001155,0.000000,-0.000001,2.172500
16720.0,0.000000,-0.001237,0.000000,0.000000,3.301894,0.000000,-0.000254,0.000000,0.000000,2.172500
16730.0,0.000000,-0.000581,0.000000,0.000000,3.301894,0.000000,0.000484,0.000000,0.001612,2.172500
16740.0,0.000000,0.000321,0.000000,0.000000,3.301894,0.000000,0.001222,0.000000,-0.000806,2.172500
16750.0,0.000000,0.001058,0.000000,-0.000351,3.301894,0.000000,0.000566,0.000000,-0.001612,2.172500
16760.0,0.000000,0.000730,0.000000,0.000351,3.301894,0.000000,-0.000336,0.000000,0.000805,2.172500
16770.0,0.000000,-0.000007,0.000000,0.000351,3.301894,0.000000,-0.001073,0.000000,0.001610,2.172500
16780.0,0.000000,-0.000909,0.000000,-0.000922,3.301894,0.000000,-0.000745,0.000000,0.000000,2.172500
16790.0,0.000000,-0.001073,0.000000,0.000571,3.301894,0.000000,-0.000008,0.000000,-0.000001,2.172500
16800.0,0.000000,-0.000171,0.000000,0.000351,3.301894,0.000000,0.000894,0.000000,0.000805,2.172500
16810.0,0.000000,0.000566,0.000000,0.000571,3.301894,0.000000,0.001058,0.000000,-0.000805,2.172500
16820.0,0.000000,0.001195,0.000000,-0.000351,3.301894,0.000000,0.000156,0.000000,-0.000806,2.172500
16830.0,0.000000,0.000484,0.000000,-0.000571,3.301894,0.000000,-0.000581,0.000000,0.000806,2.172500
16840.0,0.000000,-0.000417,0.000000,0.000571,3.301894,0.000000,-0.001210,0.000000,0.000000,2.172500
16850.0,0.000000,-0.001155,0.000000,-0.000351,3.301894,0.000000,-0.000499,0.000000,0.000806,2.172500
16860.0,0.000000,-0.000663,0.000000,0.000000,3.301894,0.000000,0.000402,0.000000,-0.000001,2.172500
16870.0,0.000000,0.000075,0.000000,0.000000,3.301894,0.000000,0.001140,0.000000,0.000805,2.172500
16880.0,0.000000,0.000976,0.000000,0.000000,3.301894,0.000000,0.000648,0.000000,-0.001612,2.172500
16890.0,0.000000,0.000976,0.000000,0.000922,3.301894,0.000000,-0.000090,0.000000,-0.001612,2.172500
16900.0,0.000000,0.000075,0.000000,0.000000,3.301894,0.000000,-0.000991,0.000000,-0.000806,2.172500
16910.0,0.000000,-0.000663,0.000000,-0.000571,3.301894,0.000000,-0.000991,0.000000,0.000000,2.172500
16920.0,0.000000,-0.001155,0.000000,0.000000,3.301894,0.000000,-0.000090,0.000000,0.000000,2.172500
16930.0,0.000000,-0.000417,0.000000,-0.000571,3.301894,0.000000,0.000648,0.000000,0.000000,2.172500
16940.0,0.000000,0.000484,0.000000,0.000000,3.301894,0.000000,0.001140,0.000000,0.000000,2.172500
16950.0,0.000000,0.001195,0.000000,0.000571,3.301894,0.000000,0.000402,0.000000,0.000806,2.172500
16960.0,0.000000,0.000566,0.000000,0.000000,3.301894,0.000000,-0.000499,0.000000,-0.000001,2.172500
16970.0,0.000000,-0.000171,0.000000,-0.000351,3.301894,0.000000,-0.001210,0.000000,0.000000,2.172500
16980.0,0.000000,-0.001073,0.000000,0.000000,3.301894,0.000000,-0.000581,0.000000,-0.000806,2.172500
16990.0,0.000000,-0.000909,0.000000,0.000000,3.301894,0.000000,0.000156,0.000000,0.001612,2.172500
17000.0,0.000000,-0.000007,0.000000,0.000351,3.301894,0.000000,0.001058,0.000000,0.000000,2.172500
17010.0,0.000000,0.000730,0.000000,0.000000,3.301894,0.000000,0.000894,0.000000,0.000000,2.172500
17020.0,0.000000,0.001058,0.000000,-0.000351,3.301894,0.000000,-0.000008,0.000000,-0.001612,2.172500
17030.0,0.000000,0.000321,0.000000,-0.000351,3.301894,0.000000,-0.000745,0.000000,0.000000,2.172500
17040.0,0.000000,-0.000581,0.000000,0.000000,3.301894,0.000000,-0.001073,0.000000,-0.000806,2.172500
17050.0,0.000000,-0.001237,0.000000,0.001712,3.301894,0.000000,-0.000336,0.000000,0.000000,2.172500
17060.0,0.000000,-0.000499,0.000000,-0.000571,3.301894,0.000000,0.000566,0.000000,0.001612,2.172500
17070.0,0.000000,0.000239,0.000000,0.000000,3.301894,0.000000,0.001222,0.000000,-0.000806,2.172500
17080.0,0.000000,0.001140,0.000000,0.000571,3.301894,0.000000,0.000484,0.000000,-0.000807,2.172500
17090.0,0.000000,0.000812,0.000000,0.000000,3.301894,0.000000,-0.000254,0.000000,-0.000806,2.172500
17100.0,0.000000,-0.000089,0.000000,-0.000571,3.301894,0.000000,-0.001155,0.000000,-0.000001,2.172500
17110.0,0.000000,-0.000827,0.000000,0.000000,3.301894,0.000000,-0.000827,0.000000,-0.001612,2.172500
17120.0,0.000000,-0.000991,0.000000,0.000000,3.301894,0.000000,0.000074,0.000000,0.004836,2.172500
17130.0,0.000000,-0.000253,0.000000,0.000000,3.301894,0.000000,0.000812,0.000000,-0.001611,2.172500
17140.0,0.000000,0.000648,0.000000,0.000000,3.301894,0.000000,0.000976,0.000000,-0.000001,2.172500
17150.0,0.000000,0.001222,0.000000,0.000000,3.301894,0.000000,0.000238,0.000000,-0.000805,2.172500
17160.0,0.000000,0.000402,0.000000,0.000571,3.301894,0.000000,-0.000663,0.000000,0.000805,2.172500
17170.0,0.000000,-0.000335,0.000000,-0.000351,3.301894,0.000000,-0.001237,0.000000,0.000000,2.172500
17180.0,0.000000,-0.001209,0.000000,0.000000,3.301894,0.000000,-0.000418,0.000000,-0.000001,2.172500
17190.0,0.000000,-0.000745,0.000000,0.000000,3.301894,0.000000,0.000320,0.000000,-0.000806,2.172500
17200.0,0.000000,0.000157,0.000000,0.000000,3.301894,0.000000,0.001194,0.000000,0.000000,2.172500
17210.0,0.000000,0.000894,0.000000,-0.000351,3.301894,0.000000,0.000730,0.000000,-0.000806,2.172500
17220.0,0.000000,0.000894,0.000000,-0.000922,3.301894,0.000000,-0.000172,0.000000,0.003224,2.172500
17230.0,0.000000,0.000157,0.000000,0.000000,3.301894,0.000000,-0.000909,0.000000,0.000000,2.172500
17240.0,0.000000,-0.000745,0.000000,-0.000571,3.301894,0.000000,-0.000909,0.000000,0.002417,2.172500
17250.0,0.000000,-0.001209,0.000000,0.000000,3.301894,0.000000,-0.000172,0.000000,0.002417,2.172500
17260.0,0.000000,-0.000335,0.000000,0.000000,3.301894,0.000000,0.000730,0.000000,-0.000806,2.172500
17270.0,0.000000,0.000402,0.000000,-0.000571,3.301894,0.000000,0.001194,0.000000,-0.000805,2.172500
17280.0,0.000000,0.001222,0.000000,0.000351,3.301894,0.000000,0.000320,0.000000,-0.001612,2.172500
17290.0,0.000000,0.000648,0.000000,0.000351,3.301894,0.000000,-0.000418,0.000000,0.000001,2.172500
17300.0,0.000000,-0.000253,0.000000,0.000000,3.301894,0.000000,-0.001237,0.000000,0.000805,2.172500
17310.0,0.000000,-0.000991,0.000000,-0.000351,3.301894,0.000000,-0.000663,0.000000,0.000002,2.172500
17320.0,0.000000,-0.000827,0.000000,0.000000,3.301894,0.000000,0.000238,0.000000,-0.000806,2.172500
17330.0,0.000000,-0.000089,0.000000,-0.000351,3.301894,0.000000,0.000976,0.000000,0.000806,2.172500
17340.0,0.000000,0.000812,0.000000,0.000000,3.301894,0.000000,0.000812,0.000000,-0.000806,2.172500
17350.0,0.000000,0.001140,0.000000,-0.000351,3.301894,0.000000,0.000074,0.000000,0.000000,2.172500
17360.0,0.000000,0.000239,0.000000,0.000000,3.301894,0.000000,-0.000827,0.000000,-0.002419,2.172500
17370.0,0.000000,-0.000499,0.000000,0.000000,3.301894,0.000000,-0.001155,0.000000,0.000807,2.172500
17380.0,0.000000,-0.001237,0.000000,0.000000,3.301894,0.000000,-0.000254,0.000000,-0.000806,2.172500
17390.0,0.000000,-0.000581,0.000000,-0.000351,3.301894,0.000000,0.000484,0.000000,-0.000805,2.172500
17400.0,0.000000,0.000321,0.000000,-0.000922,3.301894,0.000000,0.001222,0.000000,-0.000001,2.172500
17410.0,0.000000,0.001058,0.000000,-0.000351,3.301894,0.000000,0.000566,0.000000,-0.000805,2.172500
17420.0,0.000000,0.000730,0.000000,-0.000351,3.301894,0.000000,-0.000336,0.000000,0.003223,2.172500
17430.0,0.000000,-0.000007,0.000000,-0.000571,3.301894,0.000000,-0.001073,0.000000,0.000000,2.172500
17440.0,0.000000,-0.000909,0.000000,0.000000,3.301894,0.000000,-0.000745,0.000000,0.000000,2.172500
17450.0,0.000000,-0.001073,0.000000,0.000000,3.301894,0.000000,-0.000008,0.000000,-0.000806,2.172500
17460.0,0.000000,-0.000171,0.000000,0.000000,3.301894,0.000000,0.000894,0.000000,0.000000,2.172500
17470.0,0.000000,0.000566,0.000000,0.000351,3.301894,0.000000,0.001058,0.000000,-0.000805,2.172500
17480.0,0.000000,0.001195,0.000000,0.000571,3.301894,0.000000,0.000156,0.000000,0.001611,2.172500
17490.0,0.000000,0.000484,0.000000,-0.000571,3.301894,0.000000,-0.000581,0.000000,0.000806,2.172500
17500.0,0.000000,-0.000417,0.000000,0.000000,3.301894,0.000000,-0.001210,0.000000,0.000000,2.172500
17510.0,0.000000,-0.001155,0.000000,0.000571,3.301894,0.000000,-0.000499,0.000000,0.001612,2.172500
17520.0,0.000000,-0.000663,0.000000,-0.000571,3.301894,0.000000,0.000402,0.000000,-0.000806,2.172500
17530.0,0.000000,0.000075,0.000000,0.000000,3.301894,0.000000,0.001140,0.000000,0.000000,2.172500
17540.0,0.000000,0.000976,0.000000,0.000000,3.301894,0.000000,0.000648,0.000000,0.000000,2.172500
17550.0,0.000000,0.000976,0.000000,0.000000,3.301894,0.000000,-0.000090,0.000000,0.000000,2.172500
17560.0,0.000000,0.000075,0.000000,0.000351,3.301894,0.000000,-0.000991,0.000000,0.000805,2.172500
17570.0,0.000000,-0.000663,0.000000,0.000000,3.301894,0.000000,-0.000991,0.000000,0.000000,2.172500
17580.0,0.000000,-0.001155,0.000000,-0.000571,3.301894,0.000000,-0.000090,0.000000,-0.000001,2.172500
17590.0,0.000000,-0.000417,0.000000,-0.000351,3.301894,0.000000,0.000648,0.000000,-0.000805,2.172500
17600.0,0.000000,0.000484,0.000000,0.000000,3.301894,0.000000,0.001140,0.000000,0.003223,2.172500
17610.0,0.000000,0.001195,0.000000,-0.000922,3.301894,0.000000,0.000402,0.000000,0.000000,2.172500
17620.0,0.000000,0.000566,0.000000,-0.000351,3.301894,0.000000,-0.000499,0.000000,-0.000001,2.172500
17630.0,0.000000,-0.000171,0.000000,-0.000351,3.301894,0.000000,-0.001210,0.000000,0.000805,2.172500
17640.0,0.000000,-0.001073,0.000000,0.000000,3.301894,0.000000,-0.000581,0.000000,-0.000001,2.172500
17650.0,0.000000,-0.000909,0.000000,0.000000,3.301894,0.000000,0.000156,0.000000,0.000000,2.172500
17660.0,0.000000,-0.000007,0.000000,0.000922,3.301894,0.000000,0.001058,0.000000,-0.001612,2.172500
17670.0,0.000000,0.000730,0.000000,-0.000571,3.301894,0.000000,0.000894,0.000000,0.000806,2.172500
17680.0,0.000000,0.001058,0.000000,0.000571,3.301894,0.000000,-0.000008,0.000000,-0.001612,2.172500
17690.0,0.000000,0.000321,0.000000,0.002063,3.301894,0.000000,-0.000745,0.000000,0.000000,2.172500
17700.0,0.000000,-0.000581,0.000000,0.000000,3.301894,0.000000,-0.001073,0.000000,0.000806,2.172500
17710.0,0.000000,-0.001237,0.000000,0.000000,3.301894,0.000000,-0.000336,0.000000,0.001612,2.172500
17720.0,0.000000,-0.000499,0.000000,-0.000571,3.301894,0.000000,0.000566,0.000000,0.000000,2.172500
17730.0,0.000000,0.000239,0.000000,0.000000,3.301894,0.000000,0.001222,0.000000,0.000000,2.172500
17740.0,0.000000,0.001140,0.000000,0.000351,3.301894,0.000000,0.000484,0.000000,-0.000807,2.172500
17750.0,0.000000,0.000812,0.000000,0.000571,3.301894,0.000000,-0.000254,0.000000,0.000000,2.172500
17760.0,0.000000,-0.000089,0.000000,-0.000571,3.301894,0.000000,-0.001155,0.000000,0.000000,2.172500
17770.0,0.000000,-0.000827,0.000000,0.000000,3.301894,0.000000,-0.000827,0.000000,0.000000,2.172500
17780.0,0.000000,-0.000991,0.000000,-0.000702,3.301894,0.000000,0.000074,0.000000,0.000805,2.172500
17790.0,0.000000,-0.000253,0.000000,0.000000,3.301894,0.000000,0.000812,0.000000,0.000805,2.172500
17800.0,0.000000,0.000648,0.000000,0.000000,3.301894,0.000000,0.000976,0.000000,-0.001612,2.172500
17810.0,0.000000,0.001222,0.000000,0.000000,3.301894,0.000000,0.000238,0.000000,-0.000806,2.172500
17820.0,0.000000,0.000402,0.000000,0.000000,3.301894,0.000000,-0.000663,0.000000,-0.001612,2.172500
17830.0,0.000000,-0.000335,0.000000,0.000000,3.301894,0.000000,-0.001237,0.000000,0.000000,2.172500
17840.0,0.000000,-0.001209,0.000000,-0.000351,3.301894,0.000000,-0.000418,0.000000,-0.000001,2.172500
17850.0,0.000000,-0.000745,0.000000,0.000571,3.301894,0.000000,0.000320,0.000000,0.000805,2.172500
17860.0,0.000000,0.000157,0.000000,-0.000220,3.301894,0.000000,0.001194,0.000000,0.000805,2.172500
17870.0,0.000000,0.000894,0.000000,0.000000,3.301894,0.000000,0.000730,0.000000,0.000806,2.172500
17880.0,0.000000,0.000894,0.000000,0.000000,3.301894,0.000000,-0.000172,0.000000,-0.000001,2.172500
17890.0,0.000000,0.000157,0.000000,0.000220,3.301894,0.000000,-0.000909,0.000000,0.000000,2.172500
17900.0,0.000000,-0.000745,0.000000,0.000000,3.301894,0.000000,-0.000909,0.000000,-0.001612,2.172500
17910.0,0.000000,-0.001209,0.000000,0.000351,3.301894,0.000000,-0.000172,0.000000,0.000806,2.172500
17920.0,0.000000,-0.000335,0.000000,0.000571,3.301894,0.000000,0.000730,0.000000,0.001612,2.172500
17930.0,0.000000,0.000402,0.000000,0.000351,3.301894,0.000000,0.001194,0.000000,0.002417,2.172500
17940.0,0.000000,0.001222,0.000000,0.000000,3.301894,0.000000,0.000320,0.000000,0.000805,2.172500
17950.0,0.000000,0.000648,0.000000,0.000351,3.301894,0.000000,-0.000418,0.000000,-0.000806,2.172500
17960.0,0.000000,-0.000253,0.000000,0.000000,3.301894,0.000000,-0.001237,0.000000,-0.000001,2.172500
17970.0,0.000000,-0.000991,0.000000,0.000000,3.301894,0.000000,-0.000663,0.000000,0.000805,2.172500
17980.0,0.000000,-0.000827,0.000000,0.000000,3.301894,0.000000,0.000238,0.000000,0.002418,2.172500
17990.0,0.000000,-0.000089,0.000000,-0.000351,3.301894,0.000000,0.000976,0.000000,0.000805,2.172500
18000.0,0.000000,0.000812,0.000000,-0.000571,3.301894,0.000000,0.000812,0.000000,-0.000001,2.172500
18010.0,0.000000,0.001140,0.000000,0.000000,3.301894,0.000000,0.000074,0.000000,0.000000,2.172500
18020.0,0.000000,0.000239,0.000000,0.000702,3.301894,0.000000,-0.000827,0.000000,-0.001612,2.172500
18030.0,0.000000,-0.000499,0.000000,0.000571,3.301894,0.000000,-0.001155,0.000000,0.000806,2.172500
18040.0,0.000000,-0.001237,0.000000,-0.001273,3.301894,0.000000,-0.000254,0.000000,-0.000806,2.172500
18050.0,0.000000,-0.000581,0.000000,0.000000,3.301894,0.000000,0.000484,0.000000,-0.000805,2.172500
18060.0,0.000000,0.000321,0.000000,0.001712,3.301894,0.000000,0.001222,0.000000,-0.001612,2.172500
