3573,0,0,0.001,0
3585,0,0,0.001,0
3597,0,0,0,0
3609,0,0,0.001,0
3620,-0.001,0,0,0
3632,0.001,0,0.001,0
3644,0,0,0,0
3655,0,0,0.001,0
3667,0,0,0,0
3679,0.001,0,0.001,0
3691,0,0,-0.001,0
3703,-0.001,0,0.001,0
3715,0,0,0,0
3727,0,0,0,0
3739,0,0,0.002,0
3750,0.001,0,0.001,0
3762,0.001,0,0.001,0
3774,0,0,-0.001,0
3786,0,0,0,0
3798,0.001,0,0,0
3810,-0.001,0,0.001,0
3822,0.001,0,0,0
3834,-0.001,0,0,0
3846,0,0,0,0
3858,0,0,0.001,0
3870,-0.001,0,0,0
3882,0,0,0.001,0
3894,-0.001,0,0,0
3906,0,0,0,0
3917,-0.001,0,0,0
3929,0,0,0.002,0
3941,0,0,0,0
3953,0,0,0,0
3965,0,0,0.002,0
3977,-0.001,0,0,0
3989,0,0,0,0
4001,0,0,-0.003,0
4013,-0.001,0,0,0
4025,0,0,-0.001,0
4037,0,0,0,0
4048,-0.001,0,0,0
4060,-0.001,0,0.001,0
4072,0,0,0.002,0
4083,0,0,0,0
4095,0,0,0,0
4107,0,0,0.001,0
4119,0.001,0,-0.001,0
4131,0.001,0,0.001,0
4143,0,0,0.001,0
4155,0.001,0,0.001,0
4167,0,0,-0.001,0
4179,0,0,0,0
4190,0,0,0.001,0
4202,0,0,0.002,0
4214,0,0,0,0
4226,0.001,0,0,0
4238,0,0,-0.001,0
4250,0,0,-0.001,0
4262,0.001,0,0.002,0
4274,0,0,-0.001,0
4286,-0.001,0,0,0
4298,0,0,0,0
4310,-0.001,0,0,0
4322,0,0,-0.001,0
4334,0,0,0.001,0
4346,0,0,0,0
4357,-0.001,0,0,0
4369,0.001,0,0.001,0
4381,0.001,0,-0.001,0
4393,0,0,0,0
4405,0,0,0,0
4416,0.001,0,0,0
4428,-0.001,0,-0.001,0
4440,0.001,0,-0.001,0
4452,0,0,0,0
4464,-0.001,0,0.001,0
4476,0,0,0.001,0
4487,0,0,-0.001,0
4499,0,0,0.001,0
4510,0.001,0,0.001,0
4522,0.001,0,0.001,0
4534,0,0,0,0
4546,0,0,0.001,0
4558,0,0,0.001,0
4569,0.001,0,-0.001,0
4581,-0.001,0,0,0
4593,0,0,0.001,0
4605,0.001,0,0.001,0
4617,0.001,0,0,0
4629,0,0,0.001,0
4641,-0.001,0,0,0
4653,0.001,0,0.002,0
4665,0,0,0.001,0
4677,-0.001,0,0,0
4689,-0.001,0,-0.001,0
4701,0.001,0,-0.001,0
4713,0,0,0.001,0
4725,0,0,0,0
4737,0,0,-0.002,0
4749,-0.001,0,0,0
4761,-0.001,0,-0.001,0
4773,0,0,-0.002,0
4785,0,0,-0.001,0
4797,-0.001,0,0,0
4809,0,0,-0.001,0
4821,0.001,0,0.002,0
4833,0,0,0,0
4844,-0.001,0,0.001,0
4856,-0.001,0,-0.001,0
4868,-0.001,0,0,0
4880,0,0,0.002,0
4891,-0.001,0,0,0
4903,0,0,0,0
4914,0,0,0.001,0
4926,0,0,-0.003,0
4938,0,0,0,0
4950,0,0,0.001,0
4962,0,0,0,0
4973,0,0,0,0
4985,0,0,0.001,0
4997,0,0,0,0
5009,0,0,0,0
5021,0,0,0.001,0
5033,0,0,0.001,0
5044,0,0,0,0
5055,0.001,0,0,0
5067,0,0,0.002,0
5079,0,0,0,0
5090,-0.001,0,0,0
5102,0,0,0,0
5114,0,0,0.001,0
5126,0,0,0,0
5138,-0.001,0,0,0
5150,-0.001,0,0,0
5162,0,0,0,0
5173,0,0,0.002,0
5185,0.001,0,0,0
5197,0.001,0,0.002,0
5209,0,0,0.001,0
5221,0,0,0,0
5232,0.001,0,0,0
5244,0,0,0.002,0
5256,0,0,0,0
5267,0,0,0,0
5279,0,0,-0.002,0
5291,0,0,0.002,0
5302,0,0,0,0
5313,0,0,-0.002,0
5325,0,0,0,0
5336,0,0,0,0
5347,0,0,0,0
5358,0,0,0,0
5370,0,0,0.001,0
5382,0,0,0.002,0
5394,0,0,0,0
5406,0,0,0,0
5418,0,0,0,0
5430,0.002,0,0.001,0
5442,0,0,-0.002,0
5454,0.001,0,0,0
5466,-0.001,0,0.002,0
5478,0.001,0,0.001,0
5490,-0.001,0,0.001,0
5502,0.001,0,0.002,0
5514,0.001,0,0,0
5526,0,0,-0.001,0
5538,0,0,-0.001,0
5550,-0.001,0,-0.001,0
5562,0,0,0.001,0
5574,0,0,0,0
5586,0,0,0,0
5597,0.001,0,-0.001,0
5609,0,0,0,0
5621,0,0,0.001,0
5633,0,0,-0.001,0
5645,-0.001,0,0,0
5657,0.001,0,0,0
5669,0.001,0,0.001,0
5681,-0.001,0,0,0
5693,0,0,-0.001,0
5704,0,0,-0.002,0
5716,0,0,0,0
5728,0,0,0.001,0
5740,0,0,0,0
5752,0,0,-0.001,0
5764,0,0,0,0
5776,0,0,0.001,0
5788,0,0,0.001,0
5799,0,0,0,0
5811,0.001,0,0,0
5823,0,0,0.001,0
5835,-0.001,0,0.001,0
5847,0,0,0.001,0
5858,0,0,0,0
5869,0,0,-0.002,0
5881,0,0,0,0
5892,-0.001,0,0,0
5904,-0.001,0,0.001,0
5916,0.001,0,0.001,0
5928,0,0,0,0
5939,0,0,-0.001,0
5951,0,0,-0.001,0
5963,0.001,0,-0.001,0
5975,-0.001,0,-0.001,0
5987,0,0,-0.003,0
5999,0,0,0.001,0
6011,0,0,0,0
6022,-0.001,0,0,0
6034,0,0,0.001,0
6046,0,0,0,0
6058,-0.001,0,0,0
6070,-0.001,0,-0.002,0
6082,-0.001,0,0.002,0
6094,0,0,0,0
6105,0.001,0,0.001,0
6117,0,0,0,0
6129,0,0,0.001,0
6141,0,0,0,0
6152,0,0,0,0
6163,-0.001,0,0,0
6175,-0.001,0,-0.003,0
6187,0,0,0,0
6199,0,0,0.001,0
6211,-0.001,0,0,0
6223,-0.001,0,-0.001,0
6235,0.001,0,0,0
6247,0,0,0.001,0
6259,0,0,0.001,0
6270,0,0,0.001,0
6282,0,0,-0.002,0
6294,0,0,-0.001,0
6306,0,0,0,0
6318,0,0,0,0
6330,0,0,0,0
6341,0.001,0,0,0
6353,-0.001,0,0,0
6365,-0.001,0,0,0
6377,0,0,0.001,0
6389,0,0,0,0
6401,0,0,-0.001,0
6413,0,0,0,0
6425,-0.001,0,0.001,0
6437,-0.001,0,0,0
6449,0,0,0.002,0
6461,0,0,0,0
6472,0,0,0.001,0
6484,0.001,0,-0.001,0
6496,0,0,0,0
6508,0,0,0.001,0
6520,0,0,0,0
6532,0,0,0,0
6544,0,0,0.002,0
6556,0.001,0,0.001,0
6568,-0.001,0,-0.001,0
6580,-0.001,0,0,0
6592,0,0,0,0
6603,0,0,0,0
6615,0,0,-0.001,0
6627,-0.001,0,0,0
6639,0,0,0,0
6651,0,0,-0.001,0
6663,0,0,-0.002,0
6675,0,0,0.001,0
6687,0,0,0.002,0
6699,0,0,0,0
6710,0,0,-0.001,0
6722,-0.001,0,-0.001,0
6734,-0.001,0,0.001,0
6746,0,0,-0.001,0
6758,0,0,0,0
6770,0,0,0.002,0
6782,-0.001,0,0,0
6794,0,0,0,0
6805,-0.001,0,0,0
6817,-0.001,0,-0.001,0
6829,0,0,-0.001,0
6841,0,0,0,0
6853,0,0,0.001,0
6865,0,0,0.001,0
6876,0,0,0.002,0
6888,0,0,0.001,0
6900,0.001,0,0,0
6912,0.001,0,0,0
6924,0,0,0.001,0
6936,0,0,0,0
6948,0.001,0,0.001,0
6960,-0.001,0,0,0
6972,0.001,0,0,0
6984,0,0,0,0
6996,0,0,0.001,0
7007,0,0,0,0
7018,-0.001,0,-0.002,0
7030,0,0,0,0
7042,-0.001,0,-0.001,0
7054,0,0,0,0
7066,0,0,0,0
7077,0,0,-0.001,0
7089,0,0,0,0
7101,0,0,0,0
7112,0,0,-0.001,0
7124,0,0,0.001,0
7136,0,0,0.001,0
7147,-0.001,0,-0.001,0
7159,0.001,0,0.001,0
7171,0,0,0.001,0
7183,0,0,0.001,0
7195,-0.001,0,0,0
7207,0,0,0.001,0
7218,0.001,0,0,0
7230,0,0,0,0
7242,-0.001,0,0,0
7254,0,0,0.001,0
7266,0.001,0,0.002,0
7278,0,0,0.001,0
7290,-0.001,0,0.001,0
7302,0,0,0,0
7313,0,0,0.001,0
7325,0,0,0,0
7337,-0.001,0,0,0
7349,-0.001,0,-0.001,0
7361,-0.001,0,0,0
7373,0,0,0.001,0
7385,0,0,0,0
7397,-0.001,0,-0.001,0
7409,-0.001,0,-0.001,0
7421,0,0,0.001,0
7432,0,0,0.001,0
7444,0,0,0.001,0
7456,-0.001,0,0.001,0
7468,0.001,0,0,0
7480,0,0,0,0
7491,0,0,0.001,0
7502,0,0,0.002,0
7514,0,0,0,0
7525,0,0,0.001,0
7537,0,0,0.001,0
7549,0,0,0.001,0
7561,0,0,0.001,0
7573,0,0,0,0
7584,0,0,0,0
7596,0,0,0,0
7608,0,0,0.001,0
7620,0,0,0.001,0
7632,0.001,0,0,0
7644,0,0,0,0
7656,-0.001,0,0,0
7668,-0.001,0,0,0
7680,0.001,0,0.001,0
7692,0,0,-0.001,0
7704,-0.001,0,0,0
7716,0.001,0,0,0
7728,-0.001,0,0.001,0
7740,0,0,0,0
7752,0.001,0,0.001,0
7764,0.002,0,0.001,0
7776,0,0,0.001,0
7788,-0.001,0,0,0
7800,0.001,0,0.001,0
7812,-0.001,0,0.001,0
7824,-0.001,0,0,0
7836,0,0,-0.001,0
7848,0,0,0,0
7859,0.001,0,0,0
7871,0,0,0,0
7883,0,0,0,0
7894,0,0,-0.003,0
7906,0,0,0.001,0
7918,-0.001,0,0,0
7930,0,0,0,0
7942,0,0,0.001,0
7954,0,0,0,0
7966,-0.001,0,0,0
7978,0,0,0.001,0
7990,-0.001,0,-0.001,0
8002,0.001,0,0.001,0
8014,0,0,0,0
8025,-0.001,0,-0.001,0
8037,0,0,-0.001,0
8049,0,0,0.002,0
8061,0,0,0,0
8073,-0.001,0,0,0
8085,0,0,-0.001,0
8097,0,0,-0.002,0
8109,0,0,0.001,0
8121,0.001,0,0,0
8133,0,0,0,0
8145,0,0,-0.002,0
8157,-0.001,0,0,0
8169,0,0,0,0
8180,0,0,0.001,0
8192,0,0,0,0
8204,0,0,-0.001,0
8216,0,0,0.001,0
8227,0.001,0,0.002,0
8239,0,0,-0.002,0
8251,0,0,0.001,0
8262,0.001,0,0,0
8274,0,0,-0.002,0
8286,-0.001,0,0.001,0
8298,0,0,0.001,0
8309,0,0,0,0
8321,0,0,-0.001,0
8333,0.001,0,0,0
8345,0.001,0,0.001,0
8357,0,0,0,0
8369,-0.001,0,0,0
8381,0,0,0,0
8392,0,0,0,0
8404,0.001,0,0.002,0
8416,0.001,0,0,0
8428,-0.001,0,0,0
8440,0,0,0.001,0
8452,0,0,-0.001,0
8464,0.001,0,0,0
8476,0,0,0,0
8488,0,0,-0.002,0
8500,0.001,0,0.002,0
8512,0,0,0,0
8523,0,0,-0.002,0
8535,-0.001,0,0,0
8547,0,0,0,0
8559,-0.001,0,0.001,0
8571,0,0,-0.002,0
8583,0,0,-0.001,0
8595,0,0,0.001,0
8607,0.001,0,0.001,0
8619,0,0,-0.001,0
8631,0,0,0,0
8642,0,0,-0.001,0
8654,-0.001,0,0,0
8666,0,0,0,0
8678,0,0,-0.001,0
8690,0,0,0,0
8702,0,0,0.002,0
8714,0,0,-0.001,0
8725,0.002,0,-0.003,0
8737,0,0,-0.001,0
8749,0,0,-0.001,0
8761,0,0,0,0
8772,0,0,0.001,0
8783,0,0,0,0
8794,0,0,-0.001,0
8806,-0.001,0,0.001,0
8818,0,0,0,0
8830,0,0,0.001,0
8842,0,0,0,0
8854,0,0,0.001,0
8866,0.001,0,0,0
8878,0,0,0,0
8889,0,0,-0.001,0
8901,-0.001,0,-0.001,0
8913,-0.001,0,0.002,0
8925,-0.001,0,-0.001,0
8937,0.001,0,0,0
8949,0,0,0,0
8961,0.001,0,0,0
8973,0,0,0.001,0
8984,0,0,0.001,0
8996,0,0,0.001,0
9008,0,0,0,0
9020,0,0,0,0
9032,-0.001,0,0,0
9044,-0.001,0,0.002,0
9056,0,0,0.001,0
9067,0,0,0,0
9078,0.001,0,-0.001,0
9090,0,0,-0.001,0
9102,0,0,0,0
9114,0.001,0,0,0
9126,0,0,-0.002,0
9138,0,0,-0.001,0
9150,0,0,0,0
9161,0.001,0,0,0
9173,0,0,0,0
9185,0,0,0,0
9196,0,0,-0.001,0
9208,0,0,-0.001,0
9220,0,0,-0.001,0
9232,0,0,0,0
9244,0,0,-0.001,0
9256,-0.001,0,-0.002,0
9268,0.001,0,0.001,0
9280,-0.001,0,0,0
9292,0,0,0,0
9303,-0.002,0,0,0
9315,0,0,-0.001,0
9327,0,0,0,0
9338,0,0,-0.001,0
9350,0,0,-0.001,0
9362,0,0,0,0
9374,0.299,2.5,0,0
9386,0.299,29.8,0.001,0
9398,0.3,76.1,0,0
9410,0.299,127.5,0,0
9422,0.299,181.4,0.002,0
9434,0.299,233.5,0.002,0
9446,0.3,282.6,0,-0.1
9458,0.298,327,0,-0.3
9470,0.3,375.5,0,-0.2
9482,0.298,434,0.002,-0.1
9494,0.299,489.7,0,0
9506,0.299,543.8,0,0
9518,0.303,588.4,0,0
9530,0.298,634.1,0,0
9542,0.298,690.8,-0.001,0
9554,0.3,746.2,0,0
9566,0.301,787.6,-0.001,0
9578,0.297,848.6,0,0
9590,0.298,907.6,-0.002,0
9602,0.299,949.7,-0.001,0
9614,0.3,1005.7,-0.002,0
9626,0.301,1050.4,0,0
9638,0.301,1109.6,0,-0.5
9650,0.297,1165.1,0,-0.5
9662,0.298,1214.2,0.001,0.2
9674,0.301,1264,0.002,0.8
9686,0.297,1321.3,0,0.4
9698,0.299,1375.7,0,-0.3
9710,0.295,1432.3,-0.001,-0.3
9722,0.297,1484.2,-0.001,-0.1
9734,0.301,1544.5,-0.001,-0.1
9746,0.3,1592,0.001,-0.1
9758,0.294,1638.4,0,0
9770,0.303,1702.3,0,-0.2
9782,0.29,1753.3,-0.001,-0.1
9794,0.318,1800.8,-0.002,0.1
9806,0.297,1858.7,-0.001,0.1
9818,0.296,1910.4,0,0
9830,0.276,1960.9,0,0
9842,0.248,2006.4,-0.001,-0.2
9854,0.217,2043.9,0,-0.1
9866,0.214,2087.6,-0.002,0
9878,0.171,2120.1,0,-0.2
9890,0.194,2157.5,0,-0.1
9902,0.147,2186.5,0.001,0.8
9914,0.151,2211.3,0,0.9
9926,0.158,2235.7,0,0.1
9938,0.131,2253.3,0.001,-0.5
9950,0.105,2276.3,0,-0.9
9962,0.106,2289.5,0.001,-0.4
9974,0.114,2310.3,-0.001,0
9986,0.077,2321.1,0,0.5
9998,0.062,2339.3,0.001,0.4
10010,0.066,2348.5,-0.001,0.1
10022,0.073,2363.4,-0.002,-0.3
10034,0.086,2371.6,0.001,-0.3
10046,0.086,2382.6,0,-0.1
10057,0.059,2389.1,-0.001,0
10069,0.076,2395.5,-0.001,0.2
10081,0.084,2402.6,0,0.1
10093,0.082,2406.8,0,0
10105,0.04,2413.6,-0.001,-0.2
10117,0.08,2415.8,-0.001,-0.1
10129,0.077,2422.2,-0.001,0
10141,0.043,2423,0.001,0.2
10153,0.068,2429.2,0.001,0
10165,0.037,2428.9,0,0.1
10177,0.058,2434.9,0.002,-0.1
10189,0.047,2433.7,0.001,-0.1
10201,0.067,2439.7,-0.001,0
10213,0.04,2437.7,-0.001,0.1
10225,0.054,2443.4,-0.002,0
10237,0.028,2440.6,0,0.1
10248,0.034,2445.8,0,0
10260,0.051,2442.6,0.002,-0.1
10272,0.01,2448.4,0,-0.2
10284,0.038,2444.9,0.002,-0.1
10296,0.011,2450.6,-0.001,0.1
10308,0.02,2448.1,-0.001,0.2
10320,0.036,2452.4,0,0
10332,0.009,2450.1,0,-0.1
10344,0.043,2454.1,0,-0.1
10356,0.012,2450.7,0.002,0
10368,0.008,2454.3,0,0.1
10380,0.027,2452.8,-0.001,0.1
10392,-0.006,2457.2,0,0.1
10404,0.015,2454.2,0.001,0
10416,0.027,2457.3,0,0.1
10428,-0.004,2456.6,0.001,-0.1
10440,0.039,2458.5,0,-0.2
10452,0.022,2457.4,0,-0.2
10464,0.014,2458.1,0,0.1
10476,0.036,2456.8,-0.001,0.1
10488,0.035,2458.7,0,0
10500,0.003,2458.5,-0.001,0
10512,0.054,2460.1,-0.001,0
10524,0.021,2458.9,0.001,0
10536,0.026,2460.1,0,0
10548,0.054,2460.5,-0.002,0
10560,0.046,2470.6,0,0
10572,0.031,2469.9,-0.001,0
10584,0.072,2463.8,-0.001,0.2
10596,0.042,2462.1,0.001,-0.1
10608,0.039,2461.1,-0.001,-0.1
10620,0.059,2462.2,0,0
10632,0.052,2460.9,-0.001,0
10644,0.019,2462,0,0
10655,0.041,2458.7,0,0
10667,0.062,2461,-0.002,0
10679,0.046,2458.2,0.001,0
10691,0.021,2460.6,-0.001,0
10703,0.063,2457.7,0.002,0
10715,0.027,2460.5,0,0
10726,0.035,2456.6,0.001,0
10738,0.031,2460.3,-0.001,0
10750,0.06,2456.4,-0.001,0
10762,0.01,2460.5,0,0
10774,0.024,2456.5,-0.001,0
10786,0.041,2460.7,0,0
10798,0.027,2456.6,0.001,0
10810,0.021,2461,-0.001,0
10822,0.063,2456.8,0.001,0
10834,0.027,2461.1,-0.001,0
10846,0.031,2456.8,0.001,0
10858,0.051,2461.2,0.002,0
10870,0.015,2457,0.002,0
10882,0.011,2461.3,0,0
10894,0.036,2457.2,0,0
10906,0.011,2461.3,-0.001,0
10918,0.005,2457.4,0.001,0
10930,0.04,2461.4,0,0
10942,0.013,2457.7,0.001,0
10954,0.015,2461.7,0.002,0
10966,0.043,2458.5,0,0.1
10978,0.007,2462.2,0,0.2
10990,0.005,2459.1,0,0.1
11002,0.031,2462.4,0.001,-0.2
11014,-0.005,2459.8,0.001,-0.2
11026,-0.001,2462.9,-0.001,0
11038,0.022,2460.8,0,0
11050,0.02,2463.4,0,0
11062,-0.006,2461.5,-0.003,0
11074,0.036,2463.6,0,0
11086,0.022,2461.3,-0.002,0
11098,0.012,2462.7,0.002,0
11110,0.029,2461.6,0.001,-0.1
11122,0.044,2462.7,0.001,0.1
11134,-0.001,2462,0.001,0.1
11146,0.043,2462,-0.001,0
11158,0.036,2461.9,0,0
11170,0.021,2462.2,0.001,0.1
11182,0.037,2462.3,0,-0.1
11194,0.06,2461.8,0,-0.1
11206,0.027,2460.9,0,-0.2
11218,0.051,2460.3,0,-0.1
11230,0.057,2461.1,0.001,0.1
11242,0.037,2460.1,0,0.2
11254,0.043,2461.7,0,0.1
11266,0.067,2459.3,0,0
11277,0.053,2460.8,0.001,0
11289,0.043,2457.8,0.001,0
11301,0.046,2460,-0.001,-0.2
11313,0.069,2457.9,0.002,0.1
11325,0.022,2460.8,0.001,0.1
11337,0.048,2457.2,0.001,0.2
11349,0.049,2459.9,-0.001,-0.1
11361,0.024,2457.2,-0.001,-0.1
11373,0.027,2460.6,0.001,-0.2
11385,0.059,2456.8,0.001,0.1
11397,0.029,2459.5,0,0.1
11409,0.047,2464.8,0.001,0
11421,0.059,2470.8,-0.002,0
11433,0.037,2460.2,0.002,0
11445,0.035,2460.7,0.002,0
11457,0.06,2456.1,-0.001,0
11469,0.015,2460.3,-0.001,0
11481,0.022,2456.5,0,0
11492,0.031,2460.8,-0.001,0
11504,0.052,2456.9,0.001,0.1
11516,0.013,2461.2,-0.002,0
11528,0.009,2457.1,0,-0.1
11540,0.04,2461.3,0.001,-0.2
11552,-0.001,2457.4,0,-0.1
11564,0.01,2461.7,0,0
11576,0.039,2458.1,0.001,0.3
11588,0.013,2462.2,0.001,0.3
11600,0.017,2458.7,0.001,0.1
11612,0.042,2462.5,0,-0.2
11624,0.005,2459.2,-0.001,-0.2
11636,0.005,2462.7,0,-0.1
11648,0.032,2459.7,0,-0.1
11660,-0.003,2462.9,-0.001,0.1
11672,-0.001,2460.5,0,0.2
11684,0.035,2463,0,0.1
11696,0,2460.8,0,-0.1
11708,0.011,2463.3,0.001,-0.1
11720,0.04,2461.6,0,0
11732,0.025,2463.7,0,0
11744,0.004,2462.5,-0.001,0
11756,0.053,2464.1,0,0
11768,0.012,2463.2,0,0
11780,0.017,2464,0,0.2
11792,0.045,2463.4,0,-0.1
11804,0.038,2463.9,0,-0.1
11816,0.011,2463.7,0,0
11828,0.055,2463.6,-0.001,0
11840,0.042,2463.8,0.001,0
11852,0.031,2463.2,0,0.2
11863,0.022,2462.7,-0.001,-0.1
11875,0.064,2461,0.001,0.1
11887,0.038,2462.3,0,-0.1
11899,0.039,2460.1,0.001,-0.1
11911,0.042,2462,-0.001,0
11923,0.07,2459.5,0.002,0.2
11935,0.03,2461.4,0.002,-0.1
11947,0.06,2457.4,-0.002,-0.1
11959,0.056,2460.1,0,-0.2
11971,0.022,2457.5,0.001,-0.1
11983,0.004,2459.1,0,0
11995,-0.002,2450.8,0.001,0.2
12007,0,2447.5,-0.001,0.1
12020,-0.01,2437.5,-0.001,0.2
12032,0.003,2433.7,0.001,0.1
12044,-0.013,2423.6,0.001,0
12056,0.003,2421.1,0,-0.4
12068,0.003,2410.3,0.001,-0.2
12080,0.009,2408.2,-0.001,0
12092,-0.005,2397.5,0.001,0.4
12104,0,2395.5,0.001,0.3
12116,0.007,2385.7,0,0.1
12128,0.001,2384.6,0,-0.2
12140,-0.001,2374.4,0.001,-0.2
12152,0.014,2371.9,0,-0.2
12164,0.017,2363.9,-0.003,0
12176,0.003,2362.3,0,0.1
12188,0.004,2354.9,0,0.2
12200,-0.004,2350.8,0.001,0.1
12212,0,2343.3,0,-0.3
12224,-0.008,2337.8,0,0
12236,-0.003,2332.7,0,0.1
12248,-0.001,2324.7,0.001,0
12260,-0.002,2320.6,0.001,0
12272,-0.007,2322.8,0,0.2
12284,0.001,2315.2,0,0
12296,-0.003,2301.2,0,0
12308,0.002,2299.7,0,0
12320,0.002,2290.8,-0.001,-0.1
12332,0.006,2291,0,0
12344,0.005,2284.1,-0.001,0
12356,0.002,2281.7,0,0
12368,0.001,2275.4,0.001,0
12380,-0.009,2268.5,0,0
12392,-0.003,2263.4,0,0
12404,-0.006,2254.3,-0.001,0
12416,0,2251.9,0,0
12428,-0.002,2242.1,0,0
12440,0.001,2242.2,-0.001,0
12453,0,2232.3,0,0
12465,0.006,2233.3,0.001,0
12477,0.012,2227.1,0.002,0
12489,-0.004,2224.3,0.001,0
12501,0,2218.2,-0.003,0
12513,-0.002,2210.1,-0.002,0
12526,-0.003,2206.5,0.001,0
12538,0,2197.4,-0.002,0
12550,-0.007,2196.1,0,0
12562,-0.004,2187,0,0.2
12574,0.009,2188.5,0.001,0
12586,0.009,2182.7,0.001,-0.1
12598,0.001,2179.8,0.001,-0.1
12610,-0.003,2173.6,0,0
12622,-0.006,2164.8,-0.001,0.2
12634,0,2162.4,-0.001,-0.1
12646,-0.003,2152.4,0.001,-0.1
12658,0.002,2153.7,0,0
12670,0.001,2147.9,0,0
12682,-0.006,2146.3,0,0
12694,-0.006,2140,0.001,0
12706,-0.006,2131.3,0.001,0
12718,0.002,2129,0.001,-0.2
12730,0.001,2119.2,0,0
12742,0.007,2121,-0.001,0.1
12754,0.008,2116,-0.001,0
12766,0.001,2113,-0.002,0
12778,0.002,2106.7,0.001,-0.2
12791,-0.003,2097.5,0,0.1
12803,-0.003,2095.2,-0.003,0.1
12815,0,2085.8,0,0
12827,-0.003,2088.5,0,0
12839,0,2083.7,0,0
12851,-0.007,2078.2,0.001,0
12863,-0.003,2072.7,-0.001,0
12875,-0.005,2062.7,-0.001,0
12887,0,2062.7,0,0
12899,0.005,2056.9,0,0
12911,-0.003,2056.5,-0.001,0
12924,-0.004,2050.4,0,-0.2
12936,-0.002,2040.9,0,0.1
12948,-0.001,2039.3,-0.001,0.1
12960,-0.001,2030.4,0.001,0
12972,0.002,2033.2,0.001,0
12984,0.005,2028,0,0
12996,-0.001,2018.8,0,0.2
13008,0.002,2016.5,0,-0.1
13020,-0.001,2007.3,0.002,-0.1
13032,-0.001,2010.5,0,-0.1
13045,-0.001,2004.9,0,0
13057,-0.004,1998.4,0,0.1
13069,-0.001,1994.4,0,0.1
13081,-0.002,1984.8,0,0
13093,0.005,1988,0.001,0
13106,0.009,1982.5,-0.001,0.1
13118,-0.007,1988.2,0.001,0.2
13130,0,1977.9,0,-0.1
13142,-0.002,1964,0,0.1
13154,0.009,1965.7,0,-0.1
13166,-0.002,1961.6,0,-0.1
13179,-0.006,1955.9,0,0
13191,-0.001,1950.5,-0.001,0
13203,0.001,1940.5,0,0.2
13215,0,1943.9,0.001,0
13227,0.002,1939.2,-0.002,-0.1
13240,-0.001,1931.7,0.001,0.1
13252,-0.001,1927.5,-0.001,-0.3
13264,-0.005,1917.9,0,0
13276,0.003,1922.4,0,0.1
13288,-0.006,1916.2,0.001,0
13301,-0.003,1907.2,-0.002,0.2
13313,0,1905.1,-0.002,-0.1
13325,0.006,1898.2,0,0
13337,0.001,1900.1,-0.001,0.1
13349,-0.001,1892.9,0,-0.1
13362,-0.003,1883.2,-0.001,0.1
13374,0,1884.1,-0.001,0.1
13386,-0.001,1880.7,0,0
13398,0.001,1874.8,0,0
13410,0,1870.8,0,-0.2
13423,-0.003,1860.7,0,-0.1
13435,0.004,1865.8,0,0
13447,-0.002,1859.2,0.001,0
13459,-0.004,1849.3,0,0.2
13471,0.001,1849.5,0.001,-0.1
13484,0.01,1844.5,-0.001,-0.1
13496,-0.003,1841.5,0.001,0
13508,0.001,1835.8,0,0
13520,0,1826.1,0.001,0.2
13532,0.002,1831.2,0,0.1
13544,-0.003,1823.7,-0.001,-0.1
13556,-0.003,1813.5,0,-0.1
13568,0.007,1816.2,0,0
13580,0.003,1812.2,0,0
13592,-0.003,1803.1,-0.002,0
13605,0.001,1800.9,0,0
13617,0.003,1795.4,-0.001,0.2
13629,-0.002,1795.2,-0.001,0.1
13641,0.003,1787.9,0,-0.1
13653,-0.001,1778,0,-0.1
13665,-0.001,1784,0.001,0
13677,0,1775.9,0.001,0
13689,-0.002,1766.1,0,0.2
13701,-0.002,1770.5,-0.001,0.1
13713,-0.003,1765,0.001,-0.2
13725,0.001,1755.1,0.001,-0.1
13738,0,1755.6,0,0
13750,-0.002,1753.1,0,0.1
13762,-0.004,1745.1,0,0.2
13774,0.003,1741.9,-0.003,-0.1
13786,0.004,1738.4,0,-0.1
13798,0,1734.1,-0.001,0.2
13811,-0.001,1729,0.001,0.1
13823,0.007,1721.1,0,0
13835,-0.002,1724.7,-0.001,-0.1
13847,0.003,1716.8,0.001,-0.2
13859,-0.001,1707.7,0,0.1
13871,0,1713.1,0,0.1
13883,-0.001,1704.6,0,-0.1
13895,-0.007,1693.7,0,-0.1
13907,-0.002,1700,0,0
13919,-0.001,1692.1,-0.001,0
13931,-0.002,1682,0.001,0.2
13943,0.002,1688.7,-0.001,0.1
13956,-0.004,1680.2,0.001,-0.1
13968,-0.003,1678.1,0.001,0.1
13980,0.005,1680.6,-0.001,0
13992,-0.002,1670,-0.002,-0.1
14004,-0.003,1658.4,0,0.1
14016,0.003,1664.4,0,-0.1
14028,-0.003,1657.2,0,-0.1
14041,-0.005,1647,0,0
14053,0.003,1651.9,0,0
14065,0.001,1645.2,0.001,0
14077,-0.001,1634.7,0,0.2
14089,0.003,1640.7,0,0
14101,-0.002,1633.2,0,-0.1
14113,0.002,1622.7,-0.001,-0.1
14125,0.002,1629.4,0,0
14137,0,1620.6,0.002,0
14149,-0.006,1610.3,0.001,0.2
14161,0.001,1617.4,0,0.1
14173,-0.001,1608.6,0.001,-0.2
14185,0.006,1599.4,0,-0.1
14197,-0.002,1604.3,0,0
14209,0,1595.9,0,0
14221,0.002,1589.3,0.001,0.2
14234,-0.005,1591.1,0.001,0.1
14246,-0.002,1583.6,0.001,-0.2
14258,0.004,1578.6,-0.001,-0.1
14270,-0.002,1576.4,0,0
14282,0.001,1571.6,-0.001,-0.2
14294,0,1569.8,0.001,0.1
14306,-0.001,1561.8,0,0.3
14318,0.003,1561.4,-0.001,-0.1
14330,0.002,1558.7,0.001,-0.2
14342,-0.002,1547.8,0.002,0.2
14354,0.005,1552.5,-0.001,0
14366,0.001,1545.3,0.001,-0.1
14378,-0.001,1534.7,0.001,0.1
14390,0.001,1542.3,0.001,0
14402,-0.001,1533.2,-0.001,-0.1
14414,0,1525.9,-0.001,0.1
14426,-0.002,1527.4,0,0.1
14438,0,1521.5,-0.001,-0.2
14450,0.001,1519.8,-0.001,-0.1
14462,-0.001,1511.8,-0.001,0.2
14474,0.005,1512.2,0.001,-0.1
14486,-0.001,1508,-0.001,-0.1
14498,-0.003,1496.6,0.001,0.1
14510,0.001,1503.9,0.001,0
14522,0,1494.4,0,-0.1
14534,0.004,1486,0,0.1
14546,-0.002,1487.8,-0.001,0.1
14558,0.002,1481.5,-0.001,-0.1
14570,-0.003,1480.2,-0.002,0
14582,0,1471.1,-0.002,0.1
14594,0,1473.3,0.001,-0.2
14606,-0.003,1467.7,-0.001,-0.2
14618,-0.003,1456.7,0.001,0.3
14630,0.003,1464.1,-0.001,0.1
14643,0.001,1454.1,0,-0.2
14655,0,1448.6,0.001,0.1
14667,-0.003,1445.9,0,0.1
14679,-0.002,1443.1,0,-0.3
14691,-0.002,1441.3,0.001,0
14703,0,1430,0,0.3
14715,0,1436.7,0.001,0
14727,0,1427.1,0,-0.2
14739,-0.001,1420.9,0,0.1
14751,-0.001,1419.8,0.001,0.1
14763,0,1416.7,0.001,-0.3
14775,-0.002,1414.1,-0.002,0
14788,0,1402.6,0,0.5
14800,0.002,1409.4,0,0
14812,0.001,1404.6,0,-0.3
14824,0.001,1400.4,-0.001,0.1
14836,0,1395,0,0.1
14848,0.002,1390.8,0,-0.1
14860,-0.003,1387.3,0.001,0
14873,0.001,1376,0,0.3
14885,0,1384,0,-0.1
14897,-0.001,1373.8,-0.004,-0.5
14909,0,1370.9,0.002,0.1
14921,0.001,1363.7,0,0.2
14933,-0.001,1366.1,0,-0.1
14945,0,1358.7,0,-0.1
14957,0.003,1349.6,-0.002,0.3
14969,-0.002,1352.4,0.001,0
14981,0.001,1346.9,0,-0.6
14993,-0.001,1345.2,0.001,-0.1
15005,-0.003,1333.3,0,0.4
15017,-0.001,1341.4,0,0.1
15029,-0.001,1331.5,0,-0.3
15041,0.003,1330.8,0.001,0.2
15053,0,1320.5,0,0.3
15065,0.001,1326.7,0,-0.2
15077,0.002,1316.5,0,-0.3
15089,0.003,1312.9,0.001,0.6
15101,0.002,1307.1,0,0.5
15113,0.003,1309.5,0,-0.6
15125,0.002,1301.7,-0.001,-0.4
15137,0.001,1295,0,0.3
15149,-0.002,1294.2,0.002,0.3
15162,0.001,1291.7,0.001,-0.3
15174,0,1287.8,0,0
15186,0.003,1277.2,0,0.5
15198,-0.002,1281.8,0,0
15210,-0.001,1276,0,-0.6
15222,0.002,1273.8,0.001,-0.1
15234,-0.003,1262.2,0,0.5
15246,-0.001,1268,-0.001,0
15258,0.002,1260.7,-0.002,-0.5
15270,-0.003,1259.2,0,0.1
15282,0,1247.3,0.001,0.6
15294,-0.002,1253.6,0,0.1
15306,0.001,1246,0.001,-0.7
15318,-0.001,1244.4,0.001,-0.1
15330,-0.003,1232.3,0.001,0.4
15342,0,1237.8,0,0
15354,0,1230.4,0,-0.5
15367,-0.003,1228.2,0.001,0.2
15379,-0.001,1216.1,-0.001,0.6
15391,-0.001,1222,0,0
15403,0.001,1214.6,0.001,-0.7
15415,-0.002,1212.3,0.001,0
15427,0.001,1201.8,0,0.6
15440,-0.003,1205.9,-0.002,-0.1
15452,0,1200.1,0.002,-0.8
15464,-0.003,1196.4,0,0
15476,0,1187.5,0.001,0.9
15488,-0.004,1189,0,0.2
15500,-0.002,1188.7,-0.001,-0.8
15513,-0.001,1181.2,0,-0.3
15525,0.002,1174.9,0.001,0.5
15537,0.002,1172.3,0,0.3
15549,0.003,1175.9,0,-0.6
15561,-0.003,1166.4,0,-0.3
15573,-0.002,1165.5,0,0.8
15585,0.001,1155.1,0,0.5
15597,0.003,1162.3,0,-0.7
15609,-0.002,1150.5,0,-0.7
15621,0,1151.1,0,0.5
15633,-0.002,1138.8,0,0.7
15645,-0.001,1144.6,0.001,-0.2
15658,0.001,1139.1,-0.001,-0.8
15670,-0.001,1139.3,0.001,0.1
15682,-0.001,1129,-0.001,0.8
15694,0.001,1126.3,-0.001,0.3
15706,0,1129.4,0,-0.9
15718,0.001,1119.3,0,-0.6
15730,0.001,1119.7,0,0.8
15742,0,1107.5,-0.001,0.7
15754,-0.001,1115.2,0,-0.6
15766,0.002,1105.7,0,-0.9
15778,-0.002,1103.4,0,0.3
15790,0,1095.5,-0.002,0.9
15803,0,1095,-0.001,0.1
15815,0.004,1097,0,-1
15827,-0.001,1087,0,-0.4
15839,0.004,1087.6,0.001,1.1
15851,-0.001,1074.7,0.001,0.8
15863,0.001,1081.3,0,-0.9
15875,0.002,1073.2,0.001,-1.2
15887,-0.001,1069.3,0.001,0.3
15899,0.003,1065.4,0.002,1.3
15911,0.001,1059.4,0.002,0.4
15924,-0.001,1065.6,0.002,-1.2
15936,0,1053.1,-0.001,-0.8
15948,-0.001,1053.2,0.001,0.9
15960,0.002,1041.7,-0.001,1.1
15972,-0.001,1044,0.001,-0.4
15984,0,1046,0.002,-1.3
15997,-0.001,1035.4,-0.001,-0.2
16009,0.001,1036.2,0,1.3
16021,-0.003,1022.5,-0.001,0.8
16033,0.002,1028.4,0,-0.9
16045,-0.002,1024.5,0.001,-1.4
16057,0.001,1018,0,0
16069,0.001,1018.5,0,1.4
16081,-0.001,1005.6,0.001,0.7
16093,0,1011.9,0.002,-1.2
16105,-0.001,1006.4,0,-1.3
16117,0.001,1000.5,-0.001,0.5
16129,0,1000.9,0,1.7
16141,-0.001,988.1,0.001,0.7
16153,0,994.6,0,-1.3
16165,-0.002,989.6,-0.002,-1.5
16177,0,982.9,0,0.3
16189,0.003,983.3,0.001,1.6
16201,-0.001,969.6,0.002,0.8
16213,-0.001,975.3,0,-1.2
16225,0.002,973.1,0.001,-1.4
16237,-0.003,964.6,-0.002,0.1
16249,0,966.2,0,1.6
16261,0,952,-0.001,0.9
16274,-0.004,956.3,-0.001,-1.1
16286,0,956.9,0,-1.6
16298,-0.002,946.4,0,-0.1
16310,0,947.9,0,1.8
16322,0.001,936.6,0.001,1.3
16334,0.001,936.9,0,-0.8
16346,0.003,942.1,-0.001,-2
16358,-0.001,928.6,0,-0.8
16370,-0.002,928.3,0,1.7
16382,0,925.5,-0.001,1.7
16394,0.001,916.1,0,0.1
16406,0.003,922.1,-0.003,-1.9
16418,0,915.4,-0.001,-1.5
16430,-0.001,909.4,0.001,0.8
16442,-0.001,911,0,2.1
16454,0.001,896.9,-0.001,0.9
16466,-0.001,899.4,0,-1.3
16478,0.002,903.7,0,-2.1
16490,0,890.2,0.001,-0.5
16502,-0.001,890,0,1.9
16514,-0.002,892.4,0,1.9
16526,0.001,879.8,-0.002,-0.1
16538,-0.001,883.2,0,-2.2
16550,0.002,879.9,0.001,-1.6
16562,0.001,870,0,0.7
16574,-0.001,871.2,0,2.4
16586,0.001,862.6,-0.002,1.3
16598,0.002,858.1,0,-1.1
16610,-0.001,863.7,0.001,-2.4
16622,0.001,856,-0.001,-1.3
16634,-0.002,849.6,-0.001,1.5
16646,-0.001,851.1,0.001,2.4
16658,-0.001,839.8,0.001,0.9
16670,-0.001,838.5,0.001,-1.7
16682,-0.001,844.1,0.001,-2.6
16694,-0.002,834.5,0.001,-1
16706,-0.002,829.5,-0.002,2
16718,-0.003,830.8,0.001,2.6
16730,-0.001,819.3,0,0.8
16742,0.001,817.6,0,-2
16754,0.002,823.1,0,-2.6
16766,0.002,815.2,0,-0.9
16778,0.001,808.7,0.001,2.1
16790,-0.001,809.6,0,2.7
16802,0.002,801.2,0,0.9
16814,0.002,795.2,0.001,-1.9
16826,0.001,800.5,0.001,-2.8
16838,-0.001,797.9,0.002,-1.2
16850,0.001,787.3,-0.001,1.8
16862,-0.002,787.7,0,3
16874,0.001,785.4,0.001,1.3
16886,-0.001,771.9,-0.002,-1.5
16898,0.001,776.9,0.001,-3.1
16910,0,780.1,-0.002,-1.9
16922,0,767,0.001,1.2
16934,-0.002,766,0,3.3
16946,0,767.4,0,2.1
16958,0.002,754.7,0.001,-0.4
16970,-0.001,752.2,0,-3
16982,0.002,757,-0.001,-2.9
16994,0,753.7,0,-0.5
17006,-0.002,742.9,0,2.8
17018,0,743.9,-0.002,3.3
17030,0.001,743.1,0,1.2
17042,0,728,0.002,-2
17054,0.001,731.1,0,-3.5
17066,-0.001,735.2,0.001,-2.1
17079,0.001,726.4,-0.003,1.3
17091,0.001,720.7,0,3.7
17103,0.001,721.5,0,2.7
17115,0.002,717.7,-0.002,0
17127,0.001,703.7,0,-3.1
17139,0.001,708.8,0,-3.6
17151,-0.001,712.7,0.001,-1.5
17163,0.001,703.7,0.001,1.9
17175,-0.001,697.4,0.001,3.7
17187,-0.001,697.9,0,2.5
17199,0.002,695.8,0,-0.3
17211,0,680.5,0.002,-3.2
17223,0.001,683.7,0.001,-3.6
17235,0,688.1,0,-1.5
17247,0.002,683.6,-0.001,2
17259,-0.001,672.6,0.001,4
17271,0,673.2,0,2.7
17283,0,673,0,0
17295,0,659.9,0,-3.1
17307,0,656,0,-3.9
17319,-0.001,661.1,0.001,-2
17331,0,663.9,-0.001,1.2
17343,-0.001,651.7,0.001,3.9
17355,0.002,648.1,0.001,3.6
17367,-0.001,650.9,0.001,1.2
17379,0.002,646.7,0.001,-2.3
17391,0.001,630,0,-4.1
17403,0,632.3,-0.002,-2.9
17415,0,637,0.002,0
17427,0.001,637,0.001,3.3
17439,-0.001,623.6,0,4.1
17451,0,621.5,0,2.1
17463,0.001,620.6,-0.001,-1.1
17475,0.004,617.6,0,-3.7
17487,0,602.5,0,-3.8
17499,0.002,605.3,0.001,-1.5
17511,-0.001,610.3,0,1.8
17523,0,611.3,0,4
17535,-0.002,598.2,0,3.1
17547,0,593.2,0,0.8
17559,0.002,592.1,0,-2.4
17571,0.001,590.9,-0.002,-3.7
17583,0.001,579,0.001,-2.5
17595,-0.001,574.7,0,0.1
17607,0,582.1,0,2.9
17619,0,584.9,-0.001,3.3
17631,0,577.8,0.001,1.4
17643,0.001,564.5,0.001,-1.2
17655,0,563.9,-0.002,-2.8
17667,0,562.9,-0.003,-2.1
17679,0.001,561.6,0.001,-0.2
17691,0.001,549.3,0,2
17703,-0.001,548.8,0,1.9
17715,0.001,553.4,0,0.5
17727,0,553.6,0,-1.2
17739,0,546.3,0.002,-1.1
17751,0.001,534.2,0,-0.3
17763,0.001,535,0.003,0.4
17775,0.002,534.4,-0.001,0.3
17787,0.001,533.3,0.001,0
17799,0,522,0,-0.2
17811,0,515.8,0,0
17823,-0.001,522.3,0,0.5
17835,0.001,523.1,0,0.3
17847,0,520.8,0,-0.2
17859,0.002,508.1,0,-0.5
17871,-0.001,501.5,0,-0.2
17883,-0.001,503.6,0.001,0.1
17895,0.002,501.9,-0.001,0.2
17907,0.002,499.2,0.001,0.1
17919,0,487.1,0.001,0
17931,0,483.7,0,0
17943,0,489.7,0,0
17955,-0.001,490.3,-0.001,0
17967,0,488.7,0.001,0
17979,0,477.3,0,0
17991,-0.001,468.7,0,0
18003,-0.001,470.2,0.002,0
18015,0.001,469.1,0.001,0
18027,0.001,467.9,0.001,0
18039,0,460.2,0,0
18051,0.001,449.7,0.001,0
18063,-0.001,452.8,0.001,0
18075,0.001,456.8,0.001,0
18087,0,456.1,0,0
18099,0,452.9,0,0
18111,0.001,441.1,-0.001,0
18123,-0.001,433.7,0.001,0
18135,0.001,435.7,-0.001,0
18147,0.001,434.4,-0.001,0
18159,-0.001,432.9,0,0
18171,0,427.5,-0.003,0
18184,0.001,415.7,0.002,0
18196,0.001,415,0,0
18208,0,421.3,-0.001,0
18220,0,421.3,0.001,0
18232,0.001,418.5,0.001,0
18244,0.001,411.9,-0.001,0
18256,0.001,400.7,0,0
18268,0.001,396.4,0,0
18280,0,398.7,-0.001,0
18292,0.001,396.4,-0.001,0
18304,0,394.1,0,0
18316,0.001,390.9,0.001,0
18328,-0.001,381.1,0,0
18340,-0.002,375.7,0.002,0
18352,-0.001,379.9,0.001,0
18364,0,381.8,0,0
18376,0.001,379.5,-0.001,0
18388,0.003,377.6,0,0
18400,0,370.8,-0.001,0
18412,0.001,360.8,0.001,0
18424,-0.001,356.3,0.001,0
18436,0.002,357.7,-0.001,0
18449,-0.001,356.1,0.001,0
18461,-0.001,353.2,0,0
18473,0,351.4,-0.001,0
18485,0,344.6,0,0
18497,0,335.4,0.001,0
18509,0,333,0,0
18521,-0.001,337,0,0
18533,0,337.6,0,0
18545,-0.001,334.7,0,0
18557,0.001,332.6,-0.001,0
18569,0,328.7,-0.001,0
18582,-0.002,319,0.001,0
18594,-0.001,311.9,0.002,0
18606,0.001,310.4,0,0
18618,-0.001,311.6,0,0
18630,0,309.2,-0.001,0
18642,0,305.3,-0.001,0
18654,0,303.7,-0.001,0
18666,-0.001,300,0,0
18678,0,292.1,0,0
18690,0,285,0.001,0
18702,0,284.3,-0.001,0
18714,0,287.1,-0.001,0
18726,0,287.2,0,0
18738,0.001,284.3,0.001,0
18750,0.001,281.3,0,0
18762,0.001,279.3,0,0
18774,0.001,274.6,0.001,0
18786,0,266.4,0,0
18798,0.001,259.7,0.001,0
18810,0,256.7,0,0
18822,0,257.1,0.001,0
18834,0.001,256.9,0.001,0
18846,-0.002,253.1,0.001,0
18858,0,248.8,0.001,0
18870,0.001,246.9,0.001,0
18882,-0.001,243.8,0.001,0
18894,0.001,239.1,0.001,0
18906,0,232.7,0,0
18918,-0.001,227.1,0,0
18930,0.001,225.3,0,0
18942,-0.001,226.1,0.002,0
18955,0.001,226.5,-0.001,0
18967,0,223.8,0.001,0
18979,-0.001,220.3,0.001,0
18991,0,216.1,-0.001,0
19003,0,214.1,-0.001,0
19016,0.001,210.9,0.001,0
19028,-0.001,206.5,0.001,0
19040,-0.001,199.7,0.001,0
19052,0,194.5,0.001,0
19064,0.001,190.8,0.001,0
19077,0,187.8,-0.001,0
19089,0,185.6,0,0
19101,0,184.6,-0.001,0
19113,0,182,0,0
19125,0,177.9,0,0
19137,0,174.7,0,0
19149,0,171.5,0,0
19161,-0.001,170.3,0.001,0
19173,0,166.2,0.002,0
19185,0.001,162.8,0,0
19197,0.001,158.9,0,0
19209,0,154.3,0.001,0
19221,0,150.4,0,0
19233,-0.001,145.9,0,0
19245,0,143.2,0.001,0
19257,0.001,142.7,0,0
19269,0,141.8,0,0
19281,0.001,139.9,0,0
19293,0.001,138.1,-0.001,0
19305,0,135.3,0.001,0
19317,0,132,0,0
19329,0,130.5,0,0
19341,-0.001,127.5,-0.001,0
19353,0,122.8,0.001,0
19365,0.001,120.6,-0.002,0
19377,0,119.2,0.001,0
19389,0.001,114.3,0,0
19401,0.001,110.4,0,0
19413,0,108.6,-0.002,0
19425,-0.001,103.7,-0.001,0
19437,0,97,0.001,0
19449,0,93.1,0.001,0
19461,-0.002,91.3,0.002,0
19473,0.001,88,0.001,0
19485,0.001,83,0.001,0
19497,0.001,79.1,0,0
19509,-0.001,76.8,-0.002,0
19522,0,74.6,0.001,0
19534,-0.001,71.4,0.001,0
19546,-0.001,66.6,-0.001,0
19558,0,62.1,0,0
19570,0.001,59.2,0,0
19582,-0.001,57.4,0,0
19594,0,55.8,0.001,0
19606,0,54.8,0.001,0
19618,0,53.5,0,0
19630,0.001,50.8,-0.001,0
19642,0,46.6,0,0
19654,0,40.7,-0.001,0
19666,-0.001,34.4,0,0
19678,0,29.3,0,0
19690,0.001,24.8,0,0
19702,0.001,21,0,0
19714,0,18.1,-0.001,0
19726,0,15.5,-0.001,0
19738,0.001,12.8,0,0
19750,0,10.3,0,0
19762,0,8.9,0,0
19774,0.001,8.2,0,0
19786,0,7.8,0,0
19798,0.001,7.8,0.001,0
19810,0,8.9,0,0
19822,-0.001,10.4,0.002,0
19834,0,11.5,0,0
19846,0.001,12.1,0,0
19858,0.001,11.8,0.001,0
19870,0,10,0,0
19882,0,7.6,0.001,0
19894,0.001,4.7,0.002,0
19906,0,1.6,0,0
19918,0,-1.1,0,0
19930,0,-3.3,0,0
19942,0,-3.9,0.001,0
19954,-0.001,-3.2,0.001,0
19966,-0.001,-1.6,0,0
19978,0,-0.2,0.001,0
19990,0,1.1,0.001,0
20002,0,1.8,0,0
20014,0,1.4,0.002,0
20026,0,0.7,0,0
20038,0,0,0.002,0
20050,0,-0.6,-0.001,0
20062,0,-0.4,0.002,0
20074,0,0.1,0,0
20086,0,0.6,0.001,0
20098,0,0.3,-0.001,0
20110,0,0.3,0,0
20122,0,0.3,0,0
20134,0.001,0.3,0.001,0
20146,0,0.3,0.001,0
20158,0,0.3,0,0
20170,0,0.3,-0.001,0
20182,0,0.3,-0.001,0
20194,0,0.3,0.001,0
20206,0.001,0.3,0.001,0
20218,-0.299,-2.1,0,0
20230,-0.3,-29.7,0,-0.1
20242,-0.298,-75.6,-0.001,-0.2
20254,-0.299,-127.1,0.002,-0.1
20266,-0.299,-180.6,0,0.3
20278,-0.299,-230.7,0,0.3
20290,-0.3,-276.8,0,0.1
20302,-0.299,-323.6,0,0
20314,-0.3,-377.5,-0.001,0
20327,-0.3,-440.7,0.001,-0.3
20340,-0.3,-496.6,0.001,-0.2
20352,-0.299,-544.5,0,-0.1
20364,-0.301,-580,0,0.1
20376,-0.298,-631.9,0.001,0.2
20388,-0.3,-686,0.001,0.1
20400,-0.3,-733.7,0,0
20412,-0.3,-779.2,0,0
20424,-0.302,-838.5,0,0
20436,-0.298,-885.9,0,-0.7
20449,-0.299,-930.4,-0.002,-0.6
20461,-0.297,-984.3,0,0.7
20473,-0.297,-1025.7,0,2.3
20485,-0.3,-1083.7,0,1.5
20497,-0.298,-1125.6,-0.001,-0.5
20510,-0.3,-1177.6,0.001,-2.8
20523,-0.302,-1226.6,0.001,-1.9
20535,-0.299,-1284.5,0,0
20547,-0.3,-1324.1,0,1.3
20559,-0.298,-1374.9,0.001,1.1
20571,-0.298,-1419.4,-0.002,0.5
20583,-0.297,-1475.4,0,0.1
20595,-0.304,-1515.6,0,-0.6
20607,-0.302,-1559.6,-0.001,-0.6
20619,-0.298,-1618.7,0,0
20631,-0.304,-1657.5,0,0.2
20643,-0.299,-1701.1,0.001,0.1
20655,-0.294,-1758.1,0,0.3
20667,-0.298,-1798,0,0.2
20679,-0.298,-1842.3,-0.002,0.1
20692,-0.319,-1892.3,-0.001,0
20705,-0.301,-1938.8,0.001,0
20717,-0.299,-1991,0,0
20729,-0.299,-2029.3,0,-0.4
20741,-0.295,-2071.6,0.001,-0.2
20753,-0.243,-2110.5,0,0.1
20765,-0.24,-2155.2,0.001,0.1
20777,-0.165,-2187.9,0,0.4
20789,-0.181,-2210.5,-0.001,0
20801,-0.184,-2242.7,-0.001,-0.1
20813,-0.174,-2263.2,-0.002,-0.2
20825,-0.166,-2288.4,0.001,-0.1
20837,-0.163,-2305.1,0,0
20849,-0.137,-2323.8,0,0
20861,-0.141,-2338.5,0.002,0
20873,-0.151,-2352.4,0.001,0
20885,-0.12,-2365.5,0,0
20897,-0.137,-2375.2,0,0
20909,-0.115,-2386.9,0,0
20921,-0.096,-2393.8,-0.001,0
20933,-0.057,-2404.4,-0.002,0
20945,-0.079,-2408.8,0,0
20957,-0.076,-2418.7,0,0
20969,-0.051,-2421.1,0,0
20981,-0.048,-2430,0,0
20993,-0.032,-2431.1,0,0
21005,-0.035,-2439.6,0,0
21017,-0.023,-2439.8,0,0
21029,-0.041,-2447.7,0,0
21041,-0.016,-2446.6,0,0
21053,-0.04,-2453.8,0,0.2
21065,-0.02,-2451.9,-0.001,0.1
21077,-0.008,-2458.6,0,0
21089,-0.041,-2456,0,-0.2
21101,-0.008,-2461.8,-0.003,-0.1
21113,-0.015,-2459.1,0.001,0
21125,-0.049,-2464.6,0.001,0
21137,-0.03,-2461.7,-0.001,0
21149,-0.028,-2466.5,0.001,0
21161,-0.062,-2463.3,0.001,0
21173,-0.051,-2467.9,0.001,0
21185,-0.024,-2464.8,0,0
21197,-0.057,-2469.1,0,0
21209,-0.05,-2466.1,-0.002,0
21221,-0.038,-2469.7,0,0
21233,-0.033,-2466.7,-0.002,0
21245,-0.069,-2470.3,-0.001,0
21257,-0.055,-2467.8,0,0
21269,-0.06,-2470.7,0,0
21281,-0.039,-2467.9,0,0
21293,-0.088,-2469,-0.001,0
21305,-0.059,-2467,-0.001,0
21317,-0.061,-2468.6,0,0
21329,-0.052,-2466.7,0.001,0
21341,-0.093,-2468.8,-0.002,0
21353,-0.049,-2466.8,0,0
21365,-0.054,-2467.9,-0.001,0
21377,-0.052,-2466.9,0.001,0
21389,-0.088,-2467.7,0,0
21402,-0.036,-2467.7,-0.002,0
21414,-0.084,-2469.7,0.001,0
21426,-0.063,-2467.7,0,0
21438,-0.062,-2469.5,0.001,0
21450,-0.037,-2467.6,0,0
21462,-0.082,-2469,0.001,0
21474,-0.058,-2466.7,0,0
21486,-0.057,-2467.8,0.001,0
21498,-0.044,-2467.9,0.002,0
21510,-0.082,-2468,0,0
21522,-0.06,-2467.8,-0.001,0
21534,-0.057,-2467.1,0,0
21546,-0.043,-2466.6,0.001,0
21558,-0.083,-2467.5,0,0.1
21570,-0.055,-2467.1,0,0.2
21582,-0.053,-2467,0.001,-0.1
21594,-0.043,-2466,0.002,-0.1
21606,-0.082,-2470.3,0,0
21618,-0.042,-2478.9,0.001,0
21630,-0.049,-2472.2,0,0
21642,-0.041,-2469.1,-0.002,0
21654,-0.082,-2467.3,0,0
21666,-0.047,-2468.4,0,0
21678,-0.046,-2467,-0.001,0
21690,-0.036,-2468.5,-0.001,0
21702,-0.081,-2466.8,0.001,0
21714,-0.048,-2468.3,0.001,0
21726,-0.048,-2466.4,0.001,0
21738,-0.048,-2468.3,0.001,0
21750,-0.077,-2466.1,0.002,0
21762,-0.042,-2468,0.001,0
21774,-0.034,-2465.7,0,0
21786,-0.046,-2468,0.001,0
21798,-0.063,-2465.3,0.001,0
21810,-0.026,-2468.1,0,0
21822,-0.028,-2465.3,0.002,0
21834,-0.041,-2468.1,0.001,0
21846,-0.058,-2465.1,-0.001,0
21858,-0.019,-2468.2,0,0
21870,-0.033,-2465.3,0.001,0
21882,-0.044,-2468.9,0.001,0
21894,-0.051,-2465.7,-0.001,0
21906,-0.01,-2469.4,0.001,0.2
21919,-0.06,-2465.6,0,-0.1
21931,-0.035,-2468.7,0,-0.1
21943,-0.029,-2465.7,0.001,0
21955,-0.026,-2469.4,0,0
21967,-0.06,-2466.3,0,0
21979,-0.027,-2469.9,0,0.2
21991,-0.025,-2466.6,0.001,0.1
22003,-0.017,-2470.2,0.001,0
22015,-0.046,-2466.6,0,0
22027,-0.006,-2470.3,-0.001,0
22039,-0.003,-2466.7,0,0
22051,-0.006,-2470.8,0,0
22063,-0.033,-2466.7,0,0
22075,-0.001,-2470.8,-0.001,0
22087,0,-2466.6,0.001,0
22099,0.002,-2471,0,0
22111,-0.034,-2467,-0.001,0
22124,0.011,-2469.9,0.002,0
22136,-0.018,-2465.4,0,0
22148,-0.018,-2469.5,0,0
22160,-0.014,-2464.9,-0.001,-0.2
22172,0.013,-2469.7,0,-0.1
22184,-0.018,-2466.1,0,0
22196,-0.024,-2469.9,-0.001,0
22208,-0.011,-2466.2,0,0
22220,0.004,-2470.4,0.002,0
22232,-0.024,-2466.6,0,0
22245,0.006,-2468.7,0,0
22257,0,-2465,0,0
22269,-0.017,-2469.3,0,0
22281,-0.03,-2466.1,0,0
22293,-0.001,-2470.8,-0.002,0
22306,-0.031,-2464.9,0,0
22318,-0.011,-2468.8,0.001,0
22330,-0.002,-2465.4,-0.001,0
22342,0.004,-2469.8,0.001,0
22354,-0.031,-2465.3,0,0
22366,-0.015,-2470.2,-0.001,0
22378,0,-2465.2,0,0
22390,-0.01,-2469.9,0,0
22402,-0.031,-2466.7,0.001,0
22414,-0.01,-2471.6,0.001,0.1
22426,0.008,-2467.4,-0.003,0.2
22438,-0.003,-2471.3,0.002,0
22450,-0.028,-2467.3,0.001,0
22462,-0.009,-2484.5,0,0
22474,0.005,-2476.7,0,0
22486,-0.016,-2475.2,0.001,0
22498,-0.041,-2468.9,0.001,0
22510,-0.029,-2473.1,0,0
22522,-0.02,-2469.4,-0.001,0
22534,-0.033,-2473.5,-0.001,0
22546,-0.058,-2469.5,0.001,0
22558,-0.048,-2473.4,-0.001,0
22570,-0.02,-2469.6,0,0
22582,-0.046,-2473.4,0,0
22594,-0.053,-2469.9,0.001,0
22606,-0.049,-2473.3,-0.001,0
22618,-0.019,-2470,0.001,0
22630,-0.055,-2473.1,0,0
22642,-0.059,-2470,0.002,0
22655,-0.03,-2473.7,-0.001,-0.2
22667,-0.045,-2470.1,0.002,-0.1
22679,-0.064,-2473.8,0.001,0
22691,-0.026,-2470.5,0,0
22703,-0.035,-2473.6,-0.001,0
22715,-0.05,-2470.1,0.001,0
22727,-0.074,-2473.1,0.001,0
22739,-0.036,-2470.1,0.002,0
22751,-0.055,-2472.7,0.001,0
22763,-0.056,-2469.8,0.001,0
22775,-0.09,-2472,-0.001,0
22787,-0.041,-2469.4,0.002,0
22799,-0.062,-2471.4,-0.001,0
22811,-0.065,-2469.3,-0.002,0
22823,-0.085,-2470.9,0,0
22835,-0.034,-2469.1,0,0
22848,-0.088,-2472,0.001,0
22860,-0.055,-2469.5,0,0
22872,-0.062,-2471.7,-0.001,0.1
22884,-0.047,-2469.7,-0.001,0.2
22896,-0.09,-2471.5,0.001,-0.1
22908,-0.049,-2469.7,-0.001,-0.1
22920,-0.053,-2471.2,0.001,0
22932,-0.044,-2469.6,0,0
22944,-0.082,-2470.7,-0.001,0
22957,-0.037,-2469.8,-0.002,0
22969,-0.066,-2471.6,-0.001,0
22981,-0.069,-2468.7,0,0
22993,-0.083,-2469.4,0,0
23005,-0.032,-2468.1,0,0
23017,-0.063,-2469.6,0,0
23029,-0.065,-2468.2,0,0
23041,-0.077,-2469.1,0.001,0
23053,-0.035,-2468.2,-0.003,0
23065,-0.061,-2468.7,-0.001,0
23077,-0.072,-2468,-0.001,0
23089,-0.075,-2468.3,-0.001,0
23102,-0.049,-2467.9,-0.001,0
23114,-0.089,-2468.8,0.002,0
23126,-0.047,-2468,0.001,0
23138,-0.052,-2468.3,-0.001,0
23150,-0.054,-2467.9,0,0
23162,-0.087,-2468.6,0.002,0
23174,-0.048,-2466.9,0,0
23186,-0.057,-2466.9,-0.001,0
23198,-0.061,-2467.4,0,0
23210,-0.086,-2467.6,0.002,0
23222,-0.042,-2467.7,0,0
23234,-0.053,-2466.7,0.001,0
23246,-0.059,-2466.8,-0.001,0.2
23258,-0.077,-2465.8,0,0.1
23270,-0.03,-2467.1,0.001,0
23282,-0.054,-2466.2,0.001,-0.2
23294,-0.056,-2466.7,0,-0.1
23306,-0.075,-2471.5,0,0
23318,-0.028,-2478.6,0.001,0.2
23330,-0.055,-2470.8,0.002,-0.1
23342,-0.059,-2468.6,-0.001,-0.1
23354,-0.07,-2466.4,0.002,0
23366,-0.036,-2468.4,-0.001,0
23378,-0.05,-2466.7,0,0
23390,-0.058,-2468.8,-0.001,0.2
23403,-0.059,-2467.6,0.001,-0.1
23415,-0.035,-2468.8,0,-0.1
23427,-0.077,-2467,0,0
23439,-0.055,-2468.5,0,0
23451,-0.05,-2466.6,0.001,0
23463,-0.038,-2468.6,0.001,0
23475,-0.078,-2466.3,0,0
23487,-0.048,-2468.4,0.001,0
23499,-0.037,-2466.1,-0.002,0
23511,-0.035,-2468.6,0.001,0.2
23523,-0.065,-2465.9,0.001,0.1
23535,-0.035,-2468.5,0,0
23547,-0.028,-2465.9,-0.001,0
23559,-0.029,-2468.7,0.001,0
23571,-0.062,-2466.1,0,0
23583,-0.03,-2469,0,0
23595,-0.029,-2465.8,-0.001,0
23608,-0.055,-2468.6,-0.002,0
23620,-0.043,-2466.1,-0.002,0
23632,-0.014,-2469,0.001,0
23644,-0.051,-2466.2,-0.001,0
23656,-0.045,-2469.1,-0.001,0
23668,-0.039,-2466,0.001,0
23680,-0.017,-2469.2,0.001,0
23692,-0.051,-2465.8,0.001,0
23704,-0.043,-2469.2,0.001,0
23716,-0.031,-2465.8,-0.002,0
23728,-0.009,-2469.3,-0.002,0
23740,-0.044,-2465.8,0,0
23752,-0.021,-2469.6,0,0
23764,-0.006,-2466.1,0.001,0
23776,0.002,-2470.2,0.002,0
23788,-0.022,-2466.5,-0.001,0
23800,-0.015,-2470.7,0,0
23812,-0.006,-2466.8,-0.001,0
23825,-0.022,-2469.3,0.001,0
23837,-0.039,-2465.7,0.001,0
23849,0.003,-2469.1,0,0
23861,-0.006,-2465.4,0,0
23873,-0.018,-2469.6,-0.002,0
23886,-0.029,-2464.8,0.002,0
23898,-0.012,-2468.6,0.001,0
23910,-0.048,-2464.4,0,0
23922,-0.017,-2468,0,0
23934,-0.006,-2464.3,-0.002,0
23946,-0.001,-2469.1,-0.001,0
23959,-0.048,-2464.5,0,0
23971,-0.007,-2467.8,0.001,0
23983,-0.033,-2464.6,0.001,0
23995,-0.028,-2468,0.001,0
24007,-0.022,-2464.1,0,-0.2
24019,0.01,-2468.8,-0.001,-0.1
24031,-0.019,-2464.1,0,0
24043,-0.019,-2468.5,0.001,0.2
24055,-0.01,-2465.7,0,0.1
24067,0.015,-2469.7,0,0
24079,-0.019,-2466.2,0.001,0
24091,-0.023,-2469.6,0,0
24103,-0.009,-2466.3,-0.001,0
24115,0.007,-2471.3,-0.002,0
24127,-0.024,-2466.7,0,0
24139,-0.024,-2471.5,0.001,0
24151,-0.003,-2467.8,0,0
24163,0.011,-2484.8,0,0
24175,-0.02,-2475.9,0,0
24187,-0.023,-2474.5,-0.001,0
24199,-0.006,-2468.5,0.001,0
24211,0.003,-2472.9,0,0
24223,-0.025,-2469,-0.001,0
24236,0.002,-2472.5,-0.003,0
24248,0.003,-2468.5,0,0
24260,-0.016,-2472.9,0,0
24272,-0.027,-2468.8,0.001,0
24284,-0.002,-2473.3,-0.001,0
24296,-0.002,-2469.3,0,-0.1
24308,-0.03,-2473.7,0.001,0
24320,-0.04,-2469.7,0,0.1
24332,-0.02,-2474.1,0.001,0
24344,-0.026,-2470.2,0,0
24356,-0.05,-2474,-0.002,0
24368,-0.053,-2470,0,-0.1
24380,-0.033,-2473.7,-0.001,0
24392,-0.025,-2470.1,0,-0.1
24404,-0.058,-2473.5,0,0
24417,-0.02,-2469.8,0.001,0.1
24429,-0.028,-2473.6,0,0
24441,-0.057,-2469.7,0.001,0
24453,-0.049,-2473.4,0,0
24465,-0.023,-2469.9,0.001,0
24477,-0.039,-2473.6,0,0
24489,-0.055,-2470.1,-0.003,-0.1
24501,-0.053,-2473.5,0.001,0
24513,-0.019,-2470.2,-0.001,0.1
24525,-0.047,-2473.2,0,0.2
24537,-0.059,-2470.1,-0.001,0
24549,-0.069,-2472.9,0.001,-0.1
24561,-0.029,-2470.1,-0.001,-0.2
24573,-0.065,-2472.7,0.001,-0.1
24585,-0.07,-2470.1,0,0
24597,-0.078,-2472.2,-0.001,0.2
24610,-0.047,-2470.2,0,0.1
24622,-0.076,-2473.2,-0.001,0
24634,-0.041,-2470.2,0.001,-0.1
24646,-0.052,-2472.9,-0.002,-0.2
24658,-0.042,-2470,0,-0.1
24670,-0.088,-2472.4,0.001,0
24682,-0.059,-2469.6,0.002,0.2
24695,-0.05,-2472.5,0,0.1
24707,-0.061,-2469.2,0.002,0
24719,-0.069,-2472.1,-0.001,0
24731,-0.029,-2469.2,0.001,0
24743,-0.068,-2470.9,-0.001,-0.2
24755,-0.069,-2468.5,0.001,-0.1
24768,-0.034,-2472,0,0.2
24780,-0.046,-2468.7,0,0.1
24792,-0.078,-2471.5,0,0
24804,-0.038,-2469,-0.002,0
24816,-0.053,-2471.9,-0.001,0
24828,-0.053,-2469.2,-0.001,0
24840,-0.094,-2471.8,0,0
24852,-0.046,-2468.3,0,0
24865,-0.067,-2471.7,0.002,0
24877,-0.054,-2468.5,-0.001,0
24889,-0.06,-2471,-0.001,0
24901,-0.031,-2467.9,0.001,0
24913,-0.085,-2470.3,-0.001,0
24926,-0.024,-2468.3,-0.001,0
24938,-0.044,-2471.5,-0.001,0
24950,-0.055,-2468.8,-0.001,0
24962,0.007,-2470.8,0,0
24974,0.01,-2463.4,-0.001,0
24987,0.014,-2461,-0.002,0
24999,0.012,-2450.7,0,0
25011,0.006,-2457.9,0,0
25023,0.002,-2448.8,-0.001,-0.1
25035,0.001,-2438.7,0.002,-0.2
25047,-0.008,-2426.5,0,-0.1
25060,-0.009,-2422.7,0.001,0.1
25072,0.003,-2413.5,0.001,0.2
25084,0.006,-2409.6,-0.001,0.1
25096,0.006,-2401.1,-0.002,0
25108,0.001,-2396,0.001,0
25120,-0.005,-2388.8,0.001,0
25132,0.005,-2382.5,-0.001,0
25144,0.002,-2376.7,-0.001,0
25156,0.001,-2369.1,0,0
25168,-0.001,-2364.7,-0.001,0
25180,0.006,-2356.2,-0.001,0
25193,0,-2352.6,0.001,0
25206,-0.001,-2344.1,0,-0.2
25218,0,-2341,0.002,-0.1
25230,-0.009,-2332.5,0.001,0
25242,0,-2331.8,0.001,0.2
25254,-0.009,-2323.4,-0.001,0.1
25267,0,-2319.9,0.001,0
25279,0.004,-2313.3,0,0
25291,-0.001,-2313.5,0.001,0
25303,0.003,-2303.9,0.001,-0.1
25315,0,-2301.4,0,-0.2
25327,0.002,-2292.5,-0.002,-0.1
25339,0.001,-2287.7,0,0
25351,0.001,-2281.5,0.001,0
25364,0.001,-2275.4,0,0
25376,-0.002,-2270.5,-0.001,0
25388,0.002,-2262.7,-0.001,0
25400,-0.008,-2261.1,0,0
25412,-0.005,-2253.4,0.001,0
25425,0,-2252.9,0.002,0.2
25437,0.003,-2244.8,0.001,0.1
25449,-0.001,-2245,0,0
25461,0.001,-2235.3,0,0
25473,0.003,-2231.4,0.001,-0.2
25485,-0.003,-2223.9,0,-0.1
25497,-0.005,-2217.4,-0.001,0
25510,-0.004,-2213.1,-0.001,0.2
25523,0,-2205.3,-0.001,0.1
25535,-0.005,-2202.9,0,0
25547,-0.004,-2195.7,0,0
25559,0.005,-2197.8,0.001,0
25571,0,-2189.2,-0.001,-0.1
25584,0.009,-2187.8,0.001,-0.2
25596,0.002,-2177.4,0.001,-0.1
25608,-0.002,-2172.1,0.001,0
25620,0.001,-2167.4,0.002,0.1
25632,-0.001,-2159.6,0.001,0
25644,-0.002,-2160.1,0,0.2
25656,-0.001,-2153.6,0,-0.1
25669,0.006,-2153.5,0.001,-0.1
25681,0.005,-2143.6,0.001,0
25693,0.004,-2140.2,-0.003,0.1
25705,0.001,-2133.6,0,0.2
25717,0.006,-2127.2,0.001,-0.1
25729,-0.002,-2125.8,0.001,-0.1
25741,-0.003,-2119.6,-0.001,0
25753,0.002,-2121.3,0.001,0.1
25765,0,-2111.6,0,0
25777,-0.003,-2106.7,0,-0.1
25790,0.002,-2100.9,0,0.1
25802,0.004,-2093.2,-0.001,-0.1
25814,0,-2093.4,0,-0.1
25826,0,-2087.3,0,0
25838,0.005,-2088.5,0,0
25850,0.002,-2079.7,-0.002,0
25863,-0.003,-2084.8,0,0.1
25875,-0.003,-2076.5,-0.001,0.2
25887,-0.004,-2064.3,0,-0.1
25899,-0.002,-2065.3,0,0.1
25911,-0.004,-2058.2,0,-0.1
25923,0.003,-2055.8,0,0
25935,0.003,-2047.9,-0.001,0.1
25947,0.006,-2040.7,-0.001,-0.1
25959,-0.002,-2040.6,0,0.1
25972,0.002,-2033.6,0,-0.1
25984,0.003,-2035.3,0.002,0.1
25996,0.005,-2025.2,-0.001,0
26008,-0.003,-2019.1,0.001,-0.1
26020,-0.002,-2015.4,0,0.1
26032,-0.004,-2009.9,-0.001,-0.3
26045,0.001,-2012.3,0.001,0.2
26057,-0.005,-2003,0.001,0
26069,0.003,-1997.6,0.001,-0.1
26081,0.001,-1992.3,0,0.2
26093,-0.002,-1986,0,-0.1
26106,0.003,-1989.1,0,0.1
26118,0.002,-1980.6,0,-0.2
26130,-0.003,-1975.6,-0.001,-0.1
26142,-0.001,-1969.8,0,0.1
26154,0.001,-1963.5,0,0
26166,0.001,-1968.1,0,0.2
26178,0.002,-1958.5,0,0
26190,0.002,-1952.6,-0.001,-0.1
26202,-0.002,-1948.3,-0.001,0
26214,0.001,-1943.5,0,-0.2
26226,0.006,-1946,-0.002,0.2
26239,0.005,-1935.9,-0.001,0
26251,0.001,-1929.6,0.001,-0.1
26263,0.002,-1927,0,0
26275,0.002,-1922.7,-0.001,0
26287,-0.005,-1922.4,0.001,0.2
26299,0.002,-1913.3,0,0.1
26311,-0.003,-1905.7,0.001,-0.1
26323,0,-1909.4,0.001,0.1
26335,0,-1901.7,0,-0.2
26347,0,-1896.5,0,-0.1
26359,-0.003,-1890.8,0,0.3
26371,-0.001,-1885.7,0.001,-0.1
26384,0.001,-1888.1,0.001,0.1
26396,-0.001,-1877.1,0,-0.1
26408,0.002,-1870.3,0.001,-0.1
26420,-0.002,-1871,0.001,0
26432,0.002,-1866.1,-0.001,0
26444,0,-1862.3,-0.001,0.1
26457,-0.002,-1855.3,0.002,0.1
26470,-0.005,-1847.5,-0.001,-0.1
26482,0.006,-1853,0,0.1
26494,0.001,-1842.9,0,0
26506,0,-1837.1,0.001,-0.1
26518,-0.002,-1835.8,0,0.2
26530,-0.004,-1831.8,-0.001,-0.2
26542,0.001,-1828.4,0.001,0
26555,-0.003,-1821.1,0,0.1
26567,0,-1814.2,0,-0.3
26579,0.006,-1819.2,0,0.2
26591,-0.003,-1808.6,0,0.1
26603,-0.001,-1801.3,0.001,-0.1
26615,0,-1805.1,0,0.2
26627,-0.003,-1797.1,0,-0.1
26639,-0.003,-1791.1,0.001,-0.1
26652,-0.004,-1787.1,0.001,0.1
26664,0.001,-1783,0,-0.3
26676,0.004,-1781.3,-0.002,0
26688,0.002,-1773.8,0.001,0.3
26700,-0.003,-1768.6,0.001,-0.1
26712,0.001,-1781.7,-0.002,0.1
26725,-0.003,-1768,0.001,0.1
26737,-0.001,-1756.4,0.001,-0.1
26749,0.004,-1761,0,0.1
26761,0.002,-1751,-0.002,-0.1
26773,0.002,-1744.5,-0.001,-0.1
26785,0,-1747.1,0,0.2
26797,-0.003,-1740.1,-0.001,-0.1
26810,-0.001,-1734.8,-0.001,-0.1
26822,0.002,-1730.7,0,0.1
26834,-0.002,-1727.7,0.002,-0.1
26846,-0.003,-1723.9,0.002,-0.1
26858,-0.004,-1717.5,0,0
26870,-0.001,-1714.9,0.001,0
26882,0.002,-1712.8,0,0.2
26894,-0.002,-1704.9,0,0.1
26906,0.001,-1701.9,0,-0.1
26918,0.003,-1701.6,0,-0.1
26930,0.001,-1692.5,0.001,0
26942,-0.001,-1688.9,-0.001,0
26954,0.001,-1689.8,0,0.1
26966,0,-1680.3,-0.001,0.2
26978,0.001,-1676.4,0.001,-0.1
26990,0.001,-1678.2,0,0
27002,0.001,-1668.3,0,0.1
27014,0.001,-1664.3,0.002,-0.1
27026,0,-1666,0,0.1
27038,0.001,-1656.2,0.001,0.1
27050,-0.001,-1652.6,-0.001,-0.3
27063,-0.005,-1654.7,0.001,0.1
27076,-0.002,-1643.8,0.001,0.2
27088,0,-1638,0,-0.1
27100,-0.001,-1642.8,-0.001,0.1
27112,-0.003,-1631.8,0.002,0.1
27124,-0.002,-1627.2,0.002,-0.2
27136,0.001,-1630.1,0.001,0.1
27148,0.001,-1619.7,-0.001,0.1
27161,0,-1615,0.001,-0.2
27173,0.001,-1617.8,0,0.1
27185,0.001,-1607.5,0.001,0.1
27197,0.003,-1604.8,0.001,-0.2
27209,0.002,-1604.5,-0.002,0
27221,-0.002,-1595.9,-0.001,0.3
27233,-0.001,-1594,0,-0.2
27245,0.001,-1590.3,0,-0.2
27257,-0.002,-1584.8,0,-0.1
27269,0.003,-1582.6,0,-0.2
27281,-0.001,-1576.5,0,0
27293,-0.004,-1576.1,0.001,0.3
27305,0.002,-1569.4,0.001,0
27317,0.001,-1562.1,0.002,-0.1
27329,0,-1567.9,0,0.1
27341,-0.003,-1556.1,0,-0.1
27353,0,-1549.1,0,-0.1
27365,0.003,-1556.2,0,0.1
27377,0,-1543.9,0,0.1
27389,0.002,-1539.4,-0.001,-0.3
27401,0.002,-1541.2,0,0.1
27413,-0.003,-1531.4,0,0.2
27425,-0.002,-1530.8,0,-0.3
27438,-0.002,-1527.6,-0.002,0.1
27451,-0.004,-1519.4,0,0.3
27464,0.003,-1518.9,0,-0.3
27476,0,-1513.5,0.001,-0.1
27488,-0.003,-1512,0.001,0.1
27500,0.002,-1505,0.001,0.1
27512,-0.002,-1497.4,0.001,0
27524,0.005,-1505.1,0,0.2
27536,0,-1492.7,0.001,0
27548,0.001,-1488.2,0.001,-0.3
27560,0.002,-1495,-0.002,0.2
27572,-0.001,-1488,0.001,0.3
27584,0,-1483.2,0.001,-0.1
27596,-0.001,-1475.2,0,-0.1
27609,-0.003,-1473.9,-0.001,0.2
27622,0.001,-1467.9,-0.003,-0.2
27634,0.002,-1460.2,0.001,-0.2
27646,0.003,-1467.3,-0.001,0.3
27658,-0.002,-1454.5,0.002,0.1
27670,0,-1450.3,0.001,-0.3
27682,-0.001,-1451.4,0.001,0.1
27694,0.001,-1443.1,0,0.2
27706,0.003,-1441.6,-0.001,-0.2
27719,0.001,-1435.1,0,-0.1
27732,0,-1436.8,0,0.3
27744,-0.002,-1427.6,-0.001,0
27756,0.002,-1420.5,0.001,-0.3
27768,0,-1426.4,0,0.4
27780,0,-1414.5,0.001,0.3
27792,0,-1414.2,-0.002,-0.4
27805,-0.002,-1409.6,0,-0.1
27817,-0.001,-1409.1,0,0.3
27829,-0.001,-1400.3,0,0
27841,0,-1393.6,0,-0.3
27853,0,-1399,0.002,0.2
27865,0,-1387.6,0,0.2
27877,0,-1387.5,0,-0.3
27889,0.002,-1380.4,0,-0.1
27901,0.001,-1385.9,-0.001,0.3
27914,0.001,-1373.3,-0.001,0
27926,0.002,-1368.6,0.001,-0.3
27938,-0.003,-1370.4,-0.001,0.3
27950,0,-1362.9,0,0.4
27962,0.002,-1359.8,-0.001,-0.4
27975,-0.001,-1351.8,0,-0.3
27987,0.002,-1359.6,0.001,0.3
27999,0,-1345.9,0.002,0.1
28011,-0.002,-1345.7,0.002,-0.3
28023,-0.002,-1340.3,0.001,0.1
28035,0.003,-1343.1,-0.001,0.5
28047,0.002,-1331.8,0,-0.1
28059,-0.001,-1327.9,0.001,-0.5
28071,-0.001,-1328,0,0.1
28083,-0.005,-1323.3,0.001,0.4
28095,-0.003,-1317.2,-0.001,-0.3
28107,-0.001,-1310.1,0.001,-0.4
28119,0.001,-1315,-0.001,0.3
28131,0,-1305,0,0.4
28143,0,-1303.3,-0.003,-0.4
28156,-0.002,-1295,-0.001,-0.2
28168,-0.001,-1302.3,0,0.5
28180,0,-1288.2,0.001,0.2
28192,0.004,-1288.6,0.001,-0.5
28204,0.002,-1280.7,0.001,-0.1
28216,0.001,-1287.9,0.002,0.3
28228,0,-1273.8,-0.001,0.1
28240,0.001,-1274.2,0.002,-0.3
28252,0,-1267.2,0,0.1
28264,0.004,-1273.1,0,0.5
28276,0.001,-1259.3,0,-0.2
28288,0.001,-1259.3,-0.001,-0.5
28301,-0.002,-1253.3,0,0.2
28313,0,-1256.8,0.002,0.5
28325,-0.002,-1244,0.001,-0.2
28337,-0.002,-1243.3,0,-0.5
28349,-0.002,-1238.4,-0.002,0.1
28362,0,-1241.5,0,0.5
28374,0.001,-1229.2,0.001,-0.2
28386,-0.002,-1228.5,0,-0.4
28398,-0.003,-1224.4,0,0.2
28410,0.001,-1231.8,0,0.5
28422,0,-1221,-0.001,-0.2
28434,-0.002,-1217.6,-0.001,-0.6
28447,-0.002,-1210.1,0.001,0.2
28460,0.002,-1213.1,-0.001,0.6
28472,-0.002,-1200.7,0.001,-0.2
28484,-0.002,-1200.7,-0.001,-0.6
28496,0.002,-1194.4,-0.001,0.2
28508,0.002,-1200.3,0,0.8
28520,-0.002,-1185.4,0.001,0
28532,0,-1186.6,-0.001,-0.8
28544,-0.002,-1177.7,0,-0.2
28556,-0.002,-1184.9,0,0.6
28568,0.002,-1171.3,0,0.3
28580,0.002,-1171,0.001,-0.5
28593,-0.001,-1162.5,0,-0.2
28605,0.002,-1168.4,-0.001,0.7
28617,0,-1159.4,0,0.3
28629,-0.003,-1155.3,-0.002,-0.8
28642,0,-1149.3,0,-0.4
28655,-0.002,-1151.4,0,0.8
28667,0,-1147.6,0,0.6
28679,0.001,-1139.2,-0.003,-0.6
28691,-0.002,-1137.9,0.001,-0.7
28704,-0.001,-1134.1,-0.001,0.6
28717,0.001,-1135,-0.001,0.6
28729,-0.002,-1122.8,0.002,-0.3
28741,0.002,-1124,-0.001,-0.8
28754,0.001,-1115.1,0.002,0.1
28766,-0.002,-1121.9,0.001,0.8
28778,-0.002,-1107.8,0,0.1
28790,0,-1107,0,-0.8
28802,0.001,-1100.7,0.001,-0.3
28814,0.001,-1102.2,0,0.8
28826,0,-1102.4,0,0.5
28838,0.001,-1090,0.001,-0.6
28850,0.001,-1091.3,0,-0.7
28862,-0.001,-1081.7,0,0.3
28875,0,-1088.9,-0.001,0.9
28887,0,-1075.8,0,0.1
28899,-0.001,-1073.9,0,-1
28911,0.003,-1069.9,0,-0.6
28923,-0.001,-1068.3,0,0.7
28935,0.003,-1072.2,0.001,0.6
28947,-0.003,-1056.2,0,-0.4
28959,0.001,-1057.7,0.001,-0.8
28971,0,-1048.9,0,0
28983,0.002,-1052.8,0.001,1
28995,0.001,-1051.2,-0.001,0.5
29007,0.001,-1039.8,-0.001,-0.9
29019,-0.001,-1041.5,0,-0.7
29031,0.003,-1030.8,0,0.4
29043,0.001,-1037,-0.001,1
29055,-0.001,-1030.5,0.001,0.2
29067,0.001,-1023.3,0.001,-1.2
29079,-0.001,-1024.2,0.001,-0.7
29092,0.001,-1015.3,0.002,0.9
29104,-0.001,-1021.7,0.001,1.2
29116,-0.002,-1009.8,0,-0.1
29128,0.002,-1006.6,0,-1.3
29140,-0.004,-1005.7,0,-0.7
29152,0.001,-998.3,0.002,0.9
29164,0.001,-1004.8,0,1
29177,-0.001,-990.9,-0.001,-0.2
29189,0.001,-989.3,0,-1.2
29201,0.001,-987.4,0.001,-0.5
29213,-0.001,-981,0,1.1
29225,0,-987.1,0,1.1
29237,-0.001,-974.3,0.001,-0.3
29249,0.003,-971.2,0.001,-1.5
29261,0,-975.4,0,-0.7
29273,0,-966.2,0.002,1.2
29285,0.001,-969.5,0,1.3
29297,0,-960,-0.001,0
29309,-0.002,-953.1,-0.001,-1.5
29321,0.001,-954.6,-0.001,-1.1
29333,-0.001,-943.5,0,0.8
29345,0.001,-948.5,-0.001,1.3
29358,0,-945.7,-0.002,0.2
29370,0,-933.9,0.001,-1.3
29382,0,-935.8,0,-1
29394,-0.001,-926.5,0,0.6
29406,-0.001,-928.3,-0.001,1.6
29419,0,-931.1,0,0.5
29431,0.001,-914.6,-0.001,-1.3
29443,-0.001,-916,-0.001,-1.5
29455,-0.003,-912.8,-0.001,0.1
29467,0.002,-906.5,-0.001,1.8
29479,0.001,-912.2,0,1.1
29491,-0.002,-902.8,0.001,-0.6
29503,0,-896.2,0,-1.8
29515,-0.002,-898.1,0.001,-0.9
29527,0.001,-887.5,0,1.2
29539,-0.002,-890.4,0,1.8
29551,0.001,-893.5,0,0.5
29563,0.002,-877.1,0.001,-1.6
29575,0,-877.7,0,-1.7
29587,0,-876.8,0,-0.1
29599,0,-866.2,-0.002,1.9
29611,0.001,-871.9,0,1.5
29623,0,-870.9,-0.001,-0.4
29636,-0.002,-856.3,0.001,-2.2
29648,-0.002,-858.3,0,-1.3
29660,0,-853.5,0.002,1.2
29672,0.001,-847.9,0.001,2.4
29684,0.002,-853.4,-0.001,1.2
29696,0.001,-847.1,0,-1.2
29708,0,-836.6,0.001,-2.3
29720,-0.001,-838.6,-0.001,-1.2
29732,0.001,-832.5,0.001,1.3
29744,0.001,-828,0,2.4
29756,0.001,-833,0.001,1.2
29768,0.001,-826.5,-0.001,-1.5
29780,0,-815.7,0.001,-2.4
29792,-0.001,-817.6,0,-1.1
29804,-0.001,-812.3,0.001,1.5
29816,-0.001,-805.7,-0.001,2.4
29828,-0.001,-811.2,-0.001,1
29841,0.001,-806.6,0.001,-1.4
29853,-0.001,-793.7,0,-2.3
29865,-0.001,-796,0.001,-1.2
29877,-0.003,-793.3,-0.001,1.3
29889,0,-783.1,-0.003,2.4
29901,0,-789,-0.001,1.1
29914,0.001,-788.9,0,-1.2
29926,0,-772.4,0.001,-2.5
29938,0,-774.2,0.001,-1.4
29950,0.002,-774.6,-0.001,1
29962,-0.002,-762.6,0,2.6
29974,0,-765.6,-0.001,1.7
29986,0,-768.9,-0.001,-0.4
29998,0,-757.6,0,-2.5
30010,0,-749.8,0.001,-2
30022,-0.002,-751.7,-0.001,-0.1
30034,-0.002,-747.6,-0.001,2.2
30046,-0.001,-738.5,0,2.4
30058,0.002,-744.4,0.001,0.7
30070,-0.001,-745.8,0,-1.9
30082,0,-729.8,0,-2.7
30094,-0.001,-728,0,-1.3
30106,0.001,-729,0.002,1.3
30118,0.001,-725.5,0,3
30130,-0.002,-717.8,0,2
30142,-0.001,-722.1,-0.001,-0.1
30154,0.002,-721.9,-0.002,-2.5
30166,0.002,-705.4,-0.001,-2.6
30178,0.001,-705.3,-0.001,-1.1
30190,0,-705.8,0,1.5
30202,0,-698.7,0,3.1
30214,-0.001,-691.7,0.001,1.9
30226,0.001,-697.5,-0.001,-0.4
30238,-0.002,-698.6,0.001,-2.7
30250,0,-683.4,0,-2.8
30262,-0.002,-679.8,0.001,-1.1
30274,-0.001,-680.9,0,1.6
30286,0,-677.3,0.001,3.2
30298,-0.001,-666.2,0,2.1
30310,0.001,-671.5,0.001,0
30322,0.001,-673.9,0,-2.5
30334,0.001,-666.4,-0.001,-3
30346,0.001,-653.3,-0.001,-1.5
30358,0.001,-656.1,-0.001,1
30370,0,-655.3,0.001,3.2
30382,0.001,-646.1,-0.001,2.7
30394,-0.002,-641.8,-0.001,0.8
30406,0,-647.8,-0.001,-2
30418,-0.002,-648.7,0,-3.2
30430,0,-635.4,-0.001,-1.9
30442,-0.003,-627.8,0,0
30454,0.002,-630,0,2.6
30466,-0.002,-628,-0.001,3.2
30478,0,-617.6,-0.001,1.6
30490,-0.001,-615.3,0.001,-0.8
30502,0,-621,0.001,-3.1
30514,0,-621.4,0.001,-3
30526,0.001,-608.9,-0.001,-1.4
30539,-0.001,-599.9,0,1.3
30551,0,-602.2,0.001,3.5
30563,0,-600.9,0.001,3
30575,0.001,-592.4,0,1
30587,-0.002,-587.4,-0.002,-1.8
30600,0,-594.1,0.001,-3.3
30612,0,-594.4,0,-2.5
30624,0,-585.5,0,-0.7
30636,0,-571.4,0.001,1.8
30648,-0.001,-573.6,-0.002,3.4
30661,-0.001,-573,0.001,2.3
30673,0,-569.4,0,0.2
30685,0,-559.5,-0.002,-2.2
30697,0.001,-563.2,0.001,-3
30709,0,-566.3,0.001,-1.8
30721,-0.002,-564.9,0,-0.2
30733,0.001,-551.5,0,1.8
30746,0,-541.6,0.001,2.7
30758,-0.001,-545.2,0,1.6
30770,-0.001,-544.1,0.001,-0.1
30782,0,-540.3,0,-1.9
30794,0,-530.8,0,-2.3
30806,0,-533.6,0.002,-1.1
30818,0.001,-536.7,0,-0.1
30830,-0.001,-535.1,0.001,1.2
30842,-0.001,-525,0.001,1.7
30854,0.003,-511.6,0,1
30866,-0.001,-514.3,0,0.1
30878,0,-514.7,0,-1
30890,0,-513.5,0,-1.2
30902,-0.001,-505.4,0.001,-0.5
30914,-0.001,-499.3,-0.002,-0.1
30927,0.001,-504.8,0.002,0.4
30939,0,-504.2,0.001,0.3
30951,-0.002,-501.2,-0.001,0.1
30963,0,-491.1,0,0
30975,0,-480.5,0.001,0
30987,0,-483.4,-0.001,0
30999,0,-482.6,-0.001,0
31011,0,-480.6,0,0
31023,-0.001,-473.2,-0.001,0
31035,0.001,-465.9,-0.001,0
31047,0,-469.8,0.001,0
31059,-0.001,-471.4,0,0
31072,0,-468.3,-0.001,0
31084,0.001,-461.5,0,0
31096,-0.001,-448.1,0,0
31108,0.002,-446.4,0.001,0
31120,0.001,-450.2,0.001,0
31132,-0.001,-447.7,0.002,0
31145,0,-444.8,0,0
31157,0.001,-436.2,-0.002,0
31169,0.001,-430.2,0.001,0
31181,-0.001,-434.2,0,0
31193,0,-435.3,0,0
31205,0,-432.1,-0.001,0
31217,-0.001,-427.9,0.001,0
31229,0,-415.6,0,0
31241,0,-408.2,-0.001,0
31253,-0.001,-411.7,0,0
31265,0.001,-412,0,0
31277,-0.001,-408.6,-0.001,0
31289,-0.001,-405.6,-0.001,0
31301,-0.001,-397.4,-0.003,0
31313,-0.002,-391.9,0,0
31325,0,-395.3,-0.001,0
31337,0.001,-396.9,0.001,0
31349,-0.001,-393.5,0,0
31362,0,-390,0.001,0
31374,0.001,-381.3,0,0
31386,-0.001,-370.6,0.001,0
31398,0,-369.4,0,0
31410,-0.001,-372.7,0,0
31423,0.001,-370.1,0.001,0
31435,0,-366.7,-0.002,0
31447,0,-363.4,0,0
31459,-0.002,-355.5,-0.001,0
31471,0,-349.9,-0.001,0
31483,0,-351.3,0.001,0
31495,0.001,-353.8,0.001,0
31507,0,-350.9,0.001,0
31519,0,-347.2,-0.001,0
31531,-0.002,-343.6,-0.001,0
31543,0,-334.8,-0.001,0
31555,0,-325.2,0,0
31567,0.001,-323.4,0,0
31579,-0.001,-325.9,0,0
31591,-0.001,-324.6,0.001,0
31603,0,-319.7,0,0
31615,0,-316.8,0.001,0
31627,0,-313.1,0.001,0
31639,-0.001,-306,0,0
31651,0,-300.5,0,0
31663,0,-300.3,0,0
31675,0,-302.9,0.001,0
31687,0.001,-302.1,0.002,0
31699,0,-297.8,-0.001,0
31711,0,-294.3,0.001,0
31723,-0.001,-291,-0.001,0
31735,0.001,-283.8,0.002,0
31747,0.001,-274.8,-0.002,0
31760,-0.001,-270,0,0
31772,0,-271.1,0.001,0
31784,-0.001,-271.7,0.001,0
31796,0,-269.2,0.001,0
31808,0.001,-265,0.001,0
31820,-0.001,-262.5,0,0
31832,0.001,-259.8,0.001,0
31844,0,-254.4,0.001,0
31856,-0.001,-248.2,0,0
31868,0.001,-244.3,-0.001,0
31881,0.001,-242.9,0.001,0
31893,0,-244.5,0,0
31905,0,-244.3,0,0
31917,-0.001,-240.7,-0.001,0
31929,-0.001,-236.6,0.002,0
31941,0,-233.3,0.001,0
31953,0,-230.7,0,0
31965,-0.001,-226.1,0,0
31977,-0.001,-219.5,-0.001,0
31989,0,-212.2,0.003,0
32001,0,-208,0,0
32013,-0.001,-206.9,0.001,0
32026,0,-207.3,-0.001,0
32038,0,-205.5,-0.001,0
32050,0.001,-203.2,-0.001,0
32062,0,-198.3,-0.001,0
32074,0.001,-194.7,0.001,0
32086,0,-192,-0.001,0
32098,0.001,-190.6,0,0
32110,0,-186.7,0.001,0
32122,0,-181.8,0.001,0
32134,0,-177.3,-0.001,0
32146,0,-173.4,-0.001,0
32158,0,-171,0,0
32170,-0.001,-168.6,-0.002,0
32182,-0.001,-168.6,-0.001,0
32194,-0.001,-168,0,0
32206,0.001,-165.7,-0.001,0
32218,-0.001,-162.7,0,0
32230,0.001,-158,0.002,0
32242,-0.002,-155.4,0,0
32254,0.001,-152.5,0,0
32266,0,-148.8,0.001,0
32278,0.001,-145.9,0.001,0
32290,0,-142.3,-0.001,0
32302,0,-137.9,0.001,0
32314,-0.001,-133.5,0.001,0
32327,0,-128,-0.001,0
32339,0,-122.5,0.001,0
32351,0,-119,0,0
32363,0,-117.7,0,0
32375,-0.001,-115.1,0.001,0
32388,0,-111.9,0,0
32400,-0.001,-111.2,0,0
32412,0,-108,-0.001,0
32424,0.001,-102.9,0.001,0
32436,-0.001,-100.4,0.001,0
32448,0,-100.4,-0.001,0
32460,-0.001,-96.6,-0.001,0
32472,0.001,-90.6,-0.001,0
32484,0.001,-86.5,0.001,0
32496,0,-85.1,0.001,0
32508,0,-83.1,-0.001,0
32520,0,-78.3,0,0
32532,-0.001,-74.4,0.001,0
32544,0.001,-72.3,0,0
32556,0,-71.4,0.001,0
32568,0,-70,-0.001,0
32580,-0.001,-67,0,0
32592,-0.002,-62.2,0,0
32604,0,-57.5,0,0
32616,0,-53.1,-0.001,0
32628,0.001,-49.1,0,0
32640,0,-46,0.001,0
32652,0,-43.8,0,0
32664,0.001,-43.1,-0.003,0
32676,0,-41.8,0.002,0
32688,0,-38.9,0,0
32700,0,-35.5,0.001,0
32712,0,-32.2,0,0
32724,0,-28.8,0,0
32736,0,-25,-0.003,0
32748,0,-20.4,0.001,0
32760,0,-15.6,0,0
32772,0,-10.9,0,0
32784,0.001,-6.6,0.001,0
32796,0,-2.2,0,0
32808,-0.001,1.3,0,0
32820,0,4.8,0.001,0
32832,0,6.7,0.001,0
32844,0,7.4,0.002,0
32856,0,7.4,0.001,0
32868,0,7,0.001,0
32880,0.001,6.5,-0.001,0
32892,0,5.9,0,0
32904,0,5,0,0
32916,0,4,-0.003,0
32928,0.001,2.9,0.001,0
32940,0,1.4,0,0
32952,0,0.2,0.001,0
32964,0,-0.3,-0.001,0
32976,0,-1,0,0
32988,0,-1,0.001,0
33000,-0.001,-0.4,0,0
33012,0,0,0,0
33024,0,0.4,-0.001,0
33036,0.001,0.5,0,0
33048,0.001,0.2,0,0
33060,0,0,0,0
33072,0,-0.3,-0.002,0
33084,-0.001,-0.2,-0.001,0
33096,-0.001,0.1,0.002,0
33108,0,0.3,0.001,0
33120,-0.001,0.1,-0.001,0
33132,0,-0.1,-0.002,0
33144,0,-0.3,0.001,0
33156,0.001,0,-0.002,0
33168,0.001,0.2,0,0
33180,0,0.2,0.3,8.1
33192,0.001,0.1,0.298,43
33204,0.001,0.4,0.299,89.9
33216,0.001,0.2,0.3,141.6
33228,0,-0.5,0.298,196
33240,0,-1.6,0.298,247.5
33252,0,-1.4,0.3,300.6
33264,-0.001,-0.6,0.297,359.6
33276,0.002,0.9,0.298,413.3
33288,0,1.9,0.3,458.9
33300,0.001,1.8,0.298,509.9
33312,0,1,0.3,563
33324,0,0.3,0.3,624.4
33336,0,-0.4,0.302,672.7
33348,0,-1.5,0.301,722.9
33360,0.001,-1.7,0.295,784.8
33372,0,-1,0.3,844.3
33384,0.002,-0.1,0.299,889
33396,0.001,1.4,0.3,945.5
33408,0,2.1,0.3,995.4
33420,0,1.4,0.297,1053.2
33432,0.001,0.4,0.303,1118
33444,-0.001,-0.9,0.298,1163.3
33456,0.001,-1,0.303,1219.2
33468,0,-0.6,0.296,1271.2
33480,0,-0.3,0.301,1338.4
33492,0,0,0.302,1386.3
33504,0,0.7,0.299,1436.8
33516,-0.001,0.8,0.303,1502.6
33528,-0.001,0.4,0.302,1551.8
33540,0,-0.1,0.31,1602.2
33552,-0.001,-0.4,0.301,1662.4
33565,0,-0.7,0.286,1716.7
33577,0,-0.4,0.272,1764.2
33589,0,-0.1,0.295,1826
33601,0,0.2,0.269,1871.7
33613,0,0.4,0.267,1910.6
33625,-0.001,0.2,0.204,1960.5
33637,0,0,0.169,1992.8
33649,0,-0.3,0.206,2036
33661,0,-0.2,0.164,2072
33673,0,0.2,0.198,2089.4
33685,0,0.2,0.151,2115.7
33697,0,0,0.136,2131.8
33709,0,-0.3,0.14,2160.6
33721,0.001,-0.4,0.068,2174.1
33733,0,-0.1,0.13,2195.4
33745,0,-0.2,0.079,2207.8
33757,0,-0.2,0.112,2217.9
33769,0,0,0.122,2231
33781,0,0.4,0.113,2235.7
33793,0,0.1,0.069,2252
33805,0,-0.1,0.07,2254.7
33817,-0.001,-0.3,0.069,2270.2
33829,-0.001,-0.1,0.078,2271.5
33841,-0.001,0.2,0.061,2283.6
33853,0,0.3,0.041,2286
33865,-0.001,0,0.052,2292.8
33877,-0.001,-0.3,0.086,2296
33889,0,-0.1,0.07,2297
33901,0,0.2,0.058,2302
33913,0,0.2,0.08,2299.8
33925,-0.001,-0.1,0.024,2307.9
33937,0.002,-0.3,0.037,2303.9
33949,0.001,0,0.051,2313.9
33961,0,0.2,0.023,2309.9
33973,0,0.2,0.056,2319.1
33985,0,0,0.019,2315.5
33997,0,-0.3,0.049,2322.5
34009,0,-0.1,0.018,2320.6
34021,0,0.1,0.054,2324.1
34033,0,0.3,0.028,2323.9
34045,0,0.1,0.079,2322.8
34057,0.001,-0.2,0.049,2324.4
34069,0,-0.3,0.071,2320.3
34081,-0.001,0,0.026,2325.1
34093,0,0.2,0.043,2319.9
34105,0,0.2,0.031,2327.2
34117,0,0,0.025,2321.5
34129,0,-0.3,0.049,2329.5
34141,0.002,-0.1,0.009,2324
34153,0,0.1,0.06,2331.1
34165,0,0.3,-0.007,2327
34177,-0.001,0.1,0.056,2331.6
34189,0,-0.2,0.015,2329.4
34201,0.001,-0.3,0.055,2330.6
34213,0,0,0.056,2330.1
34225,0,0.2,0.043,2327.5
34237,-0.001,0.2,0.08,2329.4
34249,0,0,0.023,2324.5
34261,-0.001,-0.3,0.058,2329.4
34273,0,-0.1,0.028,2323.4
34285,-0.001,0.1,0.04,2331
34297,-0.001,0.3,0.029,2325.1
34309,0,0.1,0.013,2332.7
34321,0,-0.2,0.041,2326.9
34333,0,-0.3,0.023,2333.4
34345,-0.001,0,0.038,2329.5
34357,0,0.2,0.02,2333.6
34369,0.001,0.2,0.042,2331.6
34381,0,0,0.067,2331.9
34393,0,-0.3,0.044,2331.7
34405,0,-0.1,0.082,2328.3
34417,0,0.1,0.038,2330.6
34429,0.001,0.3,0.06,2325.2
34441,0,0.1,0.028,2330.8
34453,-0.001,-0.2,0.04,2324.2
34465,0,-0.3,0.043,2331.2
34477,0,0,0.019,2325.1
34489,-0.001,0.2,0.041,2332.5
34501,-0.001,0.2,0.005,2335.3
34513,0,0,0.051,2343.4
34525,0.001,-0.3,0.01,2333.5
34537,0.002,-0.1,0.032,2334.2
34549,0,0.1,0.038,2331.9
34561,0.001,0.3,0.043,2332
34573,0,0.1,0.067,2332
34585,0.001,-0.2,0.053,2328.4
34597,0,-0.3,0.068,2330.9
34609,0,0,0.047,2325.6
34621,0,0.2,0.021,2331.3
34633,-0.001,0.2,0.042,2325.2
34645,0,0,0.014,2332.5
34657,0,-0.3,0.064,2326.4
34669,0,-0.1,0.005,2333.8
34681,0,0.1,0.033,2328.6
34693,-0.001,0.3,0.036,2334.7
34705,0,0.1,0.015,2331
34717,-0.001,-0.2,0.06,2334.2
34729,-0.001,-0.3,0.009,2332.5
34741,0.001,0,0.078,2332
34753,0,0.2,0.036,2332
34765,-0.001,0.2,0.058,2328
34777,0,0,0.058,2331
34789,0,-0.3,0.029,2325.1
34801,-0.001,-0.1,0.055,2331.3
34813,0,0.1,0,2325.5
34825,0,0.3,0.051,2333
34837,0,0.1,0.032,2326.8
34849,-0.001,-0.2,0.012,2334.1
34861,0,-0.3,0.051,2328.8
34873,0,0,0.006,2334.7
34885,-0.001,0.2,0.054,2331.4
34897,0,0.2,0.032,2334.2
34909,0.001,0,0.038,2332.7
34921,0,-0.3,0.091,2331.7
34933,0,-0.1,0.021,2331.8
34945,-0.001,0.1,0.081,2327.6
34957,0,0.3,0.017,2331
34969,0,0.1,0.063,2325.5
34981,0,-0.2,0.034,2331.7
34993,0.001,-0.3,0.017,2325.7
35005,0,0,0.042,2333.2
35017,0,0.2,0.004,2327.1
35029,-0.001,0.2,0.057,2334.5
35041,0,0,0.011,2329.3
35053,0,-0.3,0.035,2334.9
35065,0.001,-0.1,0.028,2331.7
35077,0,0.1,0.021,2334.1
35089,0,0.3,0.062,2332.9
35101,0,0.1,0.057,2331.4
35113,0.001,-0.2,0.058,2332
35125,-0.001,-0.3,0.06,2327.6
35137,-0.001,0,0.027,2331.3
35149,0.001,0.2,0.068,2325.8
35161,0,0.2,0.018,2332.4
35173,-0.001,0,0.044,2326.3
35185,-0.001,-0.3,0.015,2333.6
35197,0.001,-0.1,0.04,2327.7
35209,-0.001,0.1,0.031,2334.6
35221,0,0.3,0.021,2329.8
35233,0,0.1,0.048,2335
35245,0.001,-0.2,0.01,2332.1
35257,0,-0.3,0.046,2334.2
35269,0,0,0.041,2333
35281,0,0.2,0.059,2331.2
35293,0.002,0.2,0.065,2331.8
35305,-0.001,0,0.047,2326.8
35317,0,-0.3,0.043,2329.8
35329,0.001,-0.1,0.044,2323.9
35341,0,0.1,0.035,2331.3
35353,-0.001,0.3,0.039,2335.4
35365,0.002,0.1,0.016,2342.7
35377,0,-0.2,0.05,2330.6
35389,0,-0.3,0.012,2334.9
35401,0.001,0,0.039,2329.6
35413,0,0.2,0.029,2334.9
35425,0,0.2,0.03,2332.3
35437,0.001,0,0.054,2334.1
35449,0,-0.3,0.021,2333
35461,-0.001,-0.1,0.084,2331
35473,0.001,0.1,0.043,2332
35485,0,0.3,0.063,2327.3
35497,0,0.1,0.038,2331.3
35509,0.001,-0.2,0.028,2325.8
35521,0,-0.3,0.048,2332.5
35533,0,0,0.011,2326.4
35545,-0.001,0.2,0.051,2334.1
35557,0.001,0.2,0.018,2328.1
35569,0.001,0,0.021,2335
35581,0,-0.3,0.028,2330.3
35593,0,-0.1,0.014,2335.3
35605,0.001,0.1,0.058,2332.6
35617,0.001,0.3,0.032,2334.3
35629,0,0.1,0.038,2333.1
35641,0.001,-0.2,0.079,2330.6
35653,-0.001,-0.3,0.034,2332.2
35665,0.001,0,0.087,2327.5
35677,0,0.2,0.006,2331.9
35689,0,0.2,0.049,2326
35701,0,0,0.023,2332.8
35713,0.001,-0.3,0.021,2326.6
35725,0,-0.1,0.054,2334.2
35737,0,0.1,0.005,2328.3
35749,0.001,0.3,0.048,2334.9
35761,0.001,0.1,0.005,2330.4
35773,0,-0.2,0.028,2335.2
35785,0,-0.3,0.05,2332.7
35797,0,0,0.023,2334
35809,0,0.2,0.065,2332.9
35821,0,0.2,0.049,2330.5
35833,0,0,0.061,2332
35845,0,-0.3,0.062,2327.1
35857,-0.001,-0.1,0.012,2331.7
35869,0,0.1,0.064,2325.9
35881,0,0.3,0.001,2333
35893,-0.002,0.1,0.049,2326.7
35905,0,-0.2,0.014,2334.2
35917,-0.001,-0.3,0.03,2328.3
35929,0.001,0,0.054,2335
35941,0,0.2,-0.01,2330.6
35953,0,0.2,0.057,2335.2
35965,-0.001,0,0.011,2332.9
35977,0.001,-0.3,0.055,2333.9
35989,0,-0.1,0.056,2333.1
36001,0,0.1,0.037,2330.4
36013,-0.001,0.3,0.073,2331.9
36025,0,0.1,0.029,2326.9
36037,0,-0.2,0.046,2331.7
36049,-0.001,-0.3,0.041,2325.9
36061,-0.001,0,0.022,2333.1
36073,-0.001,0.2,0.049,2327.1
36085,-0.001,0.2,-0.004,2334.7
36097,0.001,0,0.055,2328.9
36109,0,-0.3,0.037,2335.4
36121,0.001,-0.1,0.006,2331.2
36133,0,0.1,0.045,2335.3
36145,0,0.3,0.007,2333.2
36157,0.001,0.1,0.074,2333
36169,0,-0.2,0.047,2331.4
36181,0,-0.3,0.052,2327.8
36193,0,0,0.07,2330
36205,0,0.2,0.027,2336.8
36217,0,0.2,0.059,2338.9
36229,0.002,0,0.027,2327.9
36241,-0.001,-0.3,0.04,2333.4
36253,0,-0.1,0.029,2327.1
36265,0,0.1,0.005,2334.8
36277,0,0.3,0.049,2328.9
36289,0.001,0.1,0.02,2335.5
36301,0,-0.2,0.029,2331.3
36313,0,-0.3,0.026,2335.5
36325,-0.001,0,0.02,2333.2
36337,0.001,0.2,0.081,2333.9
36349,-0.001,0.2,0.034,2333.4
36361,-0.001,0,0.075,2330.4
36373,-0.001,-0.3,0.047,2332.2
36385,0,-0.1,0.042,2327
36397,-0.001,0.1,0.046,2332
36409,0,0.3,0.025,2326.2
36421,0.001,0.1,0.049,2333.5
36433,0,-0.2,0.013,2327.4
36445,0,-0.3,0.031,2334.9
36457,-0.001,0,0.021,2329.1
36469,0,0.2,0.028,2335.4
36481,0,0.2,0.028,2331.2
36493,0,0,0.017,2335.1
36505,0,-0.3,0.044,2333.3
36517,0,-0.1,0.06,2333.7
36529,0,0.1,0.038,2333.4
36541,0,0.3,0.078,2330.1
36553,0.001,0.1,0.034,2332.2
36565,0,-0.2,0.057,2327
36577,0,-0.3,0.021,2332.2
36589,0,0,0.039,2326.3
36601,0.001,0.2,0.042,2333.7
36613,0,0.2,0.02,2327.7
36625,0,0,0.039,2335.1
36637,0,-0.3,0.006,2329.6
36649,0,-0.1,0.047,2335.7
36661,0,0.1,0.016,2331.9
36673,0,0.3,0.022,2335.6
36685,0,0.1,0.043,2333.6
36697,0,-0.2,0.045,2333.5
36709,-0.001,-0.3,0.057,2333.3
36722,0,0,0.058,2332.1
36734,0.001,0.3,0.065,2332.9
36746,0,0.2,0.047,2328.4
36758,0,-0.1,0.042,2332.1
36770,0,-0.3,0.048,2326.5
36782,-0.001,-0.1,0.018,2333
36794,-0.001,0.1,0.039,2327
36806,-0.001,0.3,0.013,2334.5
36818,0.001,0.1,0.05,2328.5
36830,0.001,-0.2,0.015,2335.4
36842,-0.001,-0.3,0.035,2330.6
36854,0,0,0.035,2335.9
36866,0.001,0.3,0.022,2332.9
36878,0,0.2,0.056,2334.9
36890,0,-0.1,0.021,2333.8
36902,0,-0.3,0.075,2332.1
36914,0,-0.1,0.051,2332.9
36926,0,0.1,0.049,2328.3
36938,-0.001,0.3,0.045,2332.1
36950,0,0.1,0.027,2326.5
36962,0.001,-0.2,0.039,2333.2
36974,-0.001,-0.3,0.034,2327.2
36986,0,0,0.019,2334.6
36998,0,0.3,0.047,2328.7
37010,0,0.2,0.009,2335.3
37022,-0.001,-0.1,0.039,2330
37034,0,-0.3,0.027,2334.1
37046,0,-0.1,0.029,2331
37058,0,0.1,0.054,2344.5
37070,0,0.3,0.019,2338.5
37082,0,0.1,0.083,2332.7
37094,0.001,-0.2,0.046,2332.5
37106,-0.001,-0.3,0.059,2327.9
37118,0,0,0.038,2331.9
37130,0,0.3,0.027,2326.4
37142,0,0.2,0.013,2332.5
37154,0.002,-0.1,0.002,2322.6
37166,0,-0.3,0.016,2323.8
37178,0,-0.1,-0.004,2310.4
37190,0,0.1,0.008,2310.1
37202,0,0.3,0.001,2298.6
37214,0,0.1,0.004,2296.1
37226,0,-0.2,-0.015,2286.6
37238,0,-0.3,0.001,2278.8
37250,0,0,-0.007,2271.9
37262,0,0.3,-0.008,2259.9
37274,-0.001,0.2,-0.001,2258.1
37286,0,-0.1,-0.011,2245.5
37298,0,-0.3,0.018,2247.1
37310,0,-0.1,0.002,2234.8
37322,0,0.1,-0.003,2235.6
37335,0,0.3,-0.004,2223.6
37347,0,0,-0.003,2221.4
37359,0,-0.2,-0.002,2213.1
37371,0,-0.2,-0.009,2203.5
37383,0.001,0,0.004,2199.3
37396,-0.001,0.3,-0.002,2187.3
37408,0,0.1,0.005,2188.4
37420,-0.001,-0.1,0,2176.5
37432,0.001,-0.3,0.004,2178.8
37444,0,-0.1,0.009,2169.2
37456,0,0.2,-0.004,2166.3
37468,0,0.3,-0.001,2158.6
37480,0,0,-0.004,2147.3
37492,0,-0.2,0.009,2147.4
37504,0,-0.2,0.006,2136.4
37516,0,0,0.004,2139.5
37529,-0.001,0.3,0.003,2128.3
37541,-0.002,0.1,-0.001,2128.1
37553,0,-0.1,0.003,2120.1
37565,0.001,-0.3,-0.004,2109.5
37577,0,-0.1,0.005,2108.9
37589,0,0.2,0.01,2098.2
37601,0.001,0.3,0.003,2101.8
37613,0,0,0.01,2093.5
37625,0,-0.3,-0.002,2089.6
37637,0,-0.2,0.003,2082.8
37649,0,0.1,-0.002,2072.1
37661,0,0.3,0.012,2075.8
37674,0.001,0.1,0.001,2064.4
37686,0.001,-0.1,0.007,2067.9
37698,0.001,-0.3,0,2060.2
37710,0.001,0,-0.013,2051.1
37722,0,0.2,0.002,2049.7
37734,0,0.2,0.01,2040.1
37746,0,0,0.009,2044.6
37758,-0.001,-0.3,0.008,2037.1
37770,-0.001,-0.2,-0.003,2031.1
37782,-0.001,0.1,-0.006,2026.6
37794,0.001,0.3,0.004,2017
37806,0,0.1,0.002,2021.9
37818,0,-0.1,0.008,2014.1
37830,0,-0.3,0.002,2010.1
37842,0,0,-0.003,2004.8
37854,-0.001,0.2,-0.01,1994.6
37866,0,0.2,0,1999.9
37878,0,0,0.007,1992.6
37890,0.001,-0.3,-0.006,1988.8
37902,0,-0.2,-0.005,1992.6
37914,0,0.1,0.006,1982.8
37926,0,0.3,0.008,1983
37938,0.001,0.1,0.008,1973.6
37951,-0.001,-0.2,0.003,1969.1
37963,0,-0.3,-0.005,1963.8
37975,0,0,0.002,1954.9
37987,0,0.2,0.005,1961.2
37999,0,0.2,0,1954.6
38011,0,0,-0.001,1947.7
38024,-0.001,-0.3,-0.002,1945.4
38036,0,-0.1,0.006,1936.7
38048,0.001,0.1,0.003,1942.8
38060,0.001,0.3,-0.001,1936
38072,0,0.1,-0.002,1927.4
38084,-0.001,-0.2,0.002,1928.7
38097,0,-0.2,-0.003,1919.1
38109,-0.001,0,0.001,1925.1
38121,0,0.3,-0.005,1917.7
38133,0,0.2,-0.003,1907.3
38145,0.001,-0.1,0.006,1912.5
38157,0,-0.3,-0.004,1904.7
38170,0,-0.1,-0.005,1906.4
38182,0.001,0.2,0.005,1898.8
38194,0.001,0.3,-0.002,1889.6
38206,0,0,0.008,1896.7
38218,0,-0.2,-0.004,1890.4
38230,-0.001,-0.2,-0.006,1883.3
38242,0,0,-0.005,1884
38254,0,0.3,0,1876
38266,0,0.1,-0.004,1881
38278,0,-0.1,-0.003,1873.3
38290,0.001,-0.3,-0.001,1864
38302,0,-0.1,0.003,1870.9
38314,0,0.2,-0.002,1864.7
38326,0.001,0.3,-0.002,1857.2
38338,0,0,-0.002,1858.9
38350,0,-0.2,0.005,1851.1
38362,0.001,-0.2,0,1855.1
38375,0,0.1,-0.003,1847.8
38387,0.001,0.3,0,1838.5
38399,0,0.1,0.008,1845.8
38411,0.001,-0.1,0,1839.8
38423,0,-0.3,-0.008,1831.1
38435,0.001,-0.1,0,1834.4
38448,-0.001,0.2,0.005,1825.8
38460,0,0.2,0.001,1830
38472,0,0,0,1822.4
38484,0,-0.3,0.001,1814.6
38496,0,-0.2,-0.004,1822.1
38508,-0.002,0.1,-0.003,1815.1
38520,0,0.3,0.001,1804.8
38532,-0.001,0.1,-0.002,1811.6
38545,0.001,-0.2,0.002,1804.2
38557,-0.001,-0.3,-0.009,1801.3
38569,0,0,0.003,1799.3
38581,0.001,0.2,0.007,1791.6
38593,0.001,0.2,0,1796.6
38605,0,0,0.002,1788.9
38617,0.001,-0.3,0.007,1781.2
38629,0,-0.1,0.005,1789.2
38641,0.001,0.1,-0.004,1781.3
38653,0,0.3,-0.002,1771.4
38665,0.001,0.1,0.005,1779.2
38677,-0.001,-0.2,0.003,1773.4
38689,-0.001,-0.3,-0.007,1763.6
38701,-0.001,0,-0.001,1768.9
38713,-0.001,0.2,0.01,1762.9
38725,0,0.2,-0.003,1757.9
38737,0.001,0,0,1758.6
38749,0.001,-0.3,0.002,1755.9
38761,0,-0.1,0.002,1762.2
38773,0,0.1,0.002,1752.1
38785,0.001,0.3,-0.001,1742.5
38798,0,0.1,-0.003,1748.4
38810,0,-0.2,0.002,1739.7
38822,-0.001,-0.3,-0.001,1731.7
38834,0,0,0.006,1740
38846,0,0.1,-0.005,1732.2
38858,0,-0.2,-0.001,1722.9
38871,0,-0.3,0.007,1730.4
38883,0,0,0.001,1724.5
38895,0.001,0.3,-0.002,1714.4
38907,0,0.3,-0.002,1721.4
38919,0,0,-0.006,1715.8
38931,0,-0.2,-0.001,1707.1
38943,0,-0.2,0,1712.3
38955,0,0,0.001,1706.7
38967,0,0.3,-0.005,1699.9
38979,-0.001,0.2,0.008,1703
38992,0.001,-0.1,0,1695.3
39004,0,-0.3,-0.007,1694.1
39016,0,-0.1,-0.003,1692.7
39028,-0.002,0.1,-0.001,1686.3
39040,0,0.3,-0.002,1686.2
39052,0,0.1,0.001,1683.4
39064,0.001,-0.2,0,1677.2
39076,0,-0.3,-0.005,1678.6
39088,0,0,0,1674.9
39100,0,0.2,-0.002,1668.5
39112,0,0.2,-0.006,1670.3
39124,0,0,0.001,1666.4
39136,0,-0.3,-0.002,1659.9
39148,0,-0.2,-0.006,1661.3
39160,0,0.1,0.002,1657.8
39172,0,0.3,0,1651.9
39184,-0.001,0.2,-0.003,1652.6
39196,0,-0.1,0,1649.8
39208,0.001,-0.3,-0.003,1643.9
39220,-0.001,-0.1,-0.006,1642.8
39232,0,0.1,0.004,1641.7
39244,0,0.3,0.006,1636.2
39257,0,0.1,-0.005,1634.8
39269,0,-0.2,0.001,1632.8
39281,-0.001,-0.3,0.006,1626.8
39293,0,0,-0.003,1624.2
39305,0.001,0.2,-0.001,1624.8
39318,0,-0.1,0.006,1617.8
39330,0.001,0,-0.006,1615
39342,-0.001,0.3,0.005,1616
39354,-0.001,0.2,0.006,1611
39366,0,0,-0.005,1604
39378,0.001,-0.3,-0.003,1608.7
39390,0.001,-0.3,-0.003,1603.3
39402,-0.001,0,-0.003,1593.5
39414,0,0.3,0.003,1601.1
39426,0.001,0.1,0,1595.1
39439,0.001,-0.1,0.003,1584.6
39451,0,-0.3,0.004,1592.8
39463,0,-0.3,-0.005,1585.8
39475,0,-0.1,-0.004,1575.7
39487,0,0.3,0.006,1585.4
39499,0.001,0.2,0.004,1576.1
39511,0,-0.1,-0.002,1568.1
39523,0,-0.3,-0.004,1577
39535,0,-0.2,0,1567.1
39547,0.001,0.1,0.004,1560.5
39559,-0.001,0.3,0.002,1564.8
39571,0,0.1,0.002,1559.3
39583,0.002,-0.1,0.005,1554.3
39595,0,-0.3,-0.001,1550.6
39607,0,-0.1,-0.001,1561.5
39619,0,0.2,-0.006,1553
39631,0,0.3,-0.002,1540.4
39643,0.002,0,0.005,1547.5
39655,0,-0.2,0.001,1540.4
39667,0,-0.2,0,1530.7
39679,0.001,0,0.005,1540.3
39691,0.001,0.3,-0.001,1530.2
39703,0,0.2,-0.002,1523.5
39715,-0.001,-0.1,0.002,1529.9
39727,0,-0.3,0.002,1523.6
39739,0.001,-0.2,0.005,1518.7
39751,0,0.1,-0.005,1514.3
39764,0,0.3,-0.001,1517.2
39776,0,0.1,0.001,1512.5
39788,0,-0.2,0.002,1502.4
39800,0,-0.3,0.001,1511
39812,0,-0.3,0.001,1502.7
39825,-0.001,0,-0.005,1493.8
39837,0,0.3,-0.002,1503.8
39849,0,0.2,-0.001,1493.1
39861,0,-0.1,0.002,1487.4
39873,0,-0.3,-0.005,1490.1
39886,-0.001,-0.1,0.005,1486.7
39899,-0.001,-0.3,0.002,1481.1
39911,0,0.1,-0.002,1476
39923,0.001,0.3,-0.004,1481.2
39935,0.001,0.1,0.001,1475.4
39947,0,-0.1,-0.001,1465.1
39959,0,-0.3,0,1475.1
39971,-0.001,-0.3,0.001,1464.1
39983,0,-0.2,0.004,1458.6
39995,0.001,0.2,-0.004,1460.7
40007,0,0.2,0.001,1459.6
40019,0,0,0.003,1455.4
40032,0.002,-0.3,0,1445.4
40044,0,-0.2,0,1454.2
40056,0,-0.2,0.002,1445.1
40068,0.002,-0.2,-0.005,1437.5
40080,0,0.2,0.002,1445.3
40092,0,0.3,-0.001,1437.9
40104,0.001,0.1,0.002,1433.8
40116,-0.001,-0.2,-0.003,1425.8
40128,0.001,-0.3,0.002,1433.9
40140,0,-0.3,-0.002,1425.5
40152,0.001,0,-0.004,1417.7
40164,0,0.3,0.003,1425.3
40176,-0.001,0.1,0.003,1418.6
40188,-0.002,-0.1,0.004,1415
40200,0,-0.3,0.002,1406
40212,-0.001,-0.1,-0.001,1414.8
40224,-0.001,0.2,-0.002,1404.9
40236,-0.001,0.3,-0.003,1398.1
40248,0,0.1,0,1403.5
40260,0,-0.2,0.006,1400.1
40272,0.001,-0.3,0.002,1396
40284,0,0.1,-0.003,1385.6
40296,-0.001,0.3,0.004,1396.3
40308,0,-0.3,-0.002,1384.7
40320,-0.001,-0.2,0,1380.3
40333,0,0.4,-0.004,1380.6
40345,0,0,-0.007,1381.2
40357,0,-0.3,-0.001,1375.9
40369,0,0.1,-0.001,1366.1
40381,0,0.3,0.001,1376
40393,0,0.1,0,1365.9
40405,0,-0.1,0.004,1362.3
40417,0,-0.2,-0.001,1354
40429,0,-0.1,-0.004,1363.1
40441,0,-0.5,0.001,1352.2
40453,0.001,-0.1,0.001,1352.8
40465,0,0.3,-0.006,1354.2
40477,0.001,0.1,0,1351.6
40489,0,-0.2,-0.002,1344.2
40501,0,-0.3,-0.002,1334.5
40513,-0.001,0,0.003,1343.6
40525,0,0,0.001,1335.4
40537,-0.001,-0.2,0.001,1332.4
40549,0,0,-0.001,1322.6
40561,0.001,0.3,-0.002,1333.6
40574,0,0.1,-0.003,1321.3
40586,0.001,-0.2,-0.001,1317.9
40598,0,-0.1,-0.007,1313.8
40610,-0.001,0.1,-0.001,1319.9
40622,0,-0.3,-0.003,1309.9
40634,0,0,0.002,1303.8
40646,0,0.4,-0.005,1306
40658,0,0,-0.003,1306.9
40670,0,-0.4,0.002,1299.7
40682,0,0,0.001,1291.4
40694,0,0.3,0,1298
40706,0,0,0,1294.2
40719,0,-0.3,0,1289.4
40731,0,0.1,0.002,1279.2
40743,0,0.3,0.003,1289.1
40755,0,-0.1,0.001,1280
40767,0,-0.3,0,1277.4
40779,0,0.1,0,1267.6
40791,0,0.3,0.002,1278.7
40803,-0.002,-0.1,-0.002,1268
40815,0,-0.3,0.001,1265.7
40827,0,0.1,-0.004,1256.3
40839,0.001,0.3,-0.005,1267.4
40852,-0.001,-0.1,0.002,1255
40864,0,-0.3,0.003,1253.2
40876,0,0.1,0,1244.5
40888,0,0.3,-0.003,1255.6
40900,0,-0.1,-0.001,1243.5
40913,0,-0.3,0.007,1240.5
40925,-0.001,0.1,0.001,1232.8
40937,0,0.3,-0.001,1243.4
40949,0,-0.3,0.003,1231.3
40961,0,-0.2,0.002,1229.7
40974,0,0.3,0,1221.1
40986,0,0.1,0.001,1231.7
40998,0,-0.3,0.003,1219.7
41010,0,-0.2,0.003,1218.3
41022,0,0.4,-0.004,1209.5
41034,0,0.1,-0.004,1220.5
41046,-0.002,-0.4,0.001,1209
41058,0.001,-0.2,0.004,1207.7
41070,-0.001,0.4,0,1197.9
41082,0,0.2,0.003,1208.9
41094,-0.001,-0.4,0.005,1199.5
41106,-0.002,-0.2,0,1196.5
41118,0,0.4,0.002,1186.7
41130,0.001,0.4,0,1194.7
41142,0.001,-0.3,-0.002,1189.8
41154,0,-0.5,0.004,1183
41166,0,0.1,0.005,1175.7
41178,0,0.4,-0.002,1177.9
41190,0,0,0.001,1180.4
41202,0,-0.3,-0.005,1169.8
41214,-0.002,0.1,0.001,1166.8
41226,0,0.5,-0.001,1161.8
41238,-0.002,0,0.004,1171.1
41251,0,-0.6,0,1157.2
41263,0,-0.2,0.002,1156
41275,0,0.5,-0.002,1148
41287,-0.001,0.3,-0.001,1159.7
41299,0.001,-0.5,0.005,1151.5
41311,0,-0.4,-0.001,1152
41323,-0.001,0.4,-0.002,1139.4
41335,-0.001,0.2,-0.001,1143.4
41347,-0.001,-0.4,-0.001,1141.5
41360,0,-0.4,0,1132.2
41372,-0.001,0.3,-0.002,1127.3
41384,0.001,0.6,0.001,1124.8
41396,0,0.1,0.003,1133.4
41408,0,-0.6,-0.001,1120.8
41420,-0.001,-0.2,0.001,1120.9
41433,0,0.5,-0.001,1111
41445,-0.001,0.4,0,1121.9
41457,-0.001,-0.5,-0.001,1113
41469,-0.001,-0.4,0.003,1107.7
41481,0.001,0.3,0.001,1100.7
41493,0,0.5,-0.003,1100.6
41505,0.001,-0.2,0.001,1106.5
41517,0,-0.8,0.002,1093.9
41529,-0.001,-0.3,-0.002,1094.5
41541,0.001,0.7,0.001,1085.1
41553,0,0.5,-0.003,1094.7
41565,0,-0.5,-0.002,1087.8
41577,0,-0.6,-0.001,1080.2
41589,0,0.3,-0.003,1076.1
41601,0.001,0.7,0.002,1072
41613,0.001,0,0,1082.5
41625,0,-0.8,0.001,1070.2
41637,0,-0.4,0,1069.1
41649,0,0.6,-0.001,1059.7
41661,0,0.6,-0.003,1062.5
41673,0.001,-0.4,-0.002,1065.2
41686,0,-0.7,-0.001,1052.7
41698,0,-0.1,0.001,1053.5
41710,0,0.7,-0.002,1045
41722,0,0.4,-0.002,1054.7
41734,-0.001,-0.7,-0.002,1047.3
41746,-0.001,-0.8,0,1038.7
41758,0.001,0.4,-0.003,1036.6
41770,-0.001,0.9,-0.003,1030.7
41783,0,0,0.002,1041.6
41795,0,-0.9,-0.002,1029.9
41807,-0.001,-0.5,0.002,1026.1
41819,0,0.7,-0.003,1019.5
41831,0.001,0.7,0,1017
41844,0,-0.3,-0.002,1025.8
41856,0.001,-1,0.001,1013.4
41868,-0.001,-0.3,-0.002,1013.3
41880,0,0.9,0.002,1004.2
41892,0,0.7,-0.003,1004.3
41904,-0.001,-0.5,0.003,1010.5
41916,0,-0.9,0.002,997.9
41928,0,-0.2,-0.003,998.1
41940,0,1,0.003,989.1
41952,-0.001,0.6,-0.003,988.8
41965,0,-0.7,0.003,995
41977,-0.002,-1.1,0.002,982.8
41989,0,0,-0.003,983.4
42001,-0.001,1.3,0.003,974
42013,0,1,-0.001,973.8
42025,0,-0.4,-0.001,981.4
42037,0,-1.1,0.002,968.9
42049,0,-0.3,-0.002,967.4
42061,0,1.1,-0.003,960.3
42073,0,0.7,0.001,957.2
42085,-0.001,-0.6,0.002,967.7
42097,0.001,-1.3,-0.003,955.8
42109,0.001,-0.6,-0.001,949.6
42121,0,1.2,-0.001,947.1
42133,0,1.3,-0.002,941.3
42145,0,0.1,-0.001,951.4
42157,-0.001,-1.5,0.002,948.1
42169,0.001,-1,-0.003,935.7
42181,0,0.5,0,936.4
42193,0,1.2,0,926.6
42205,-0.001,0.4,-0.003,931
42218,-0.001,-1.1,0.002,931
42230,0,-1,-0.001,919.3
42242,0,0.3,-0.002,921.4
42254,0,1.5,0.002,912.3
42266,0,1,0.003,910.1
42278,0,-0.9,-0.001,919.9
42290,-0.001,-1.5,-0.002,908.3
42302,-0.001,-0.6,0.002,901.8
42314,0,1.3,0,901.9
42326,-0.001,1.3,0.001,893.5
42338,0,0.2,0,899.6
42350,0,-1.4,0,898.3
42362,0,-1.1,0.004,886.4
42374,0,0.2,0,888
42386,0.001,1.5,-0.001,880.4
42398,0,1,-0.003,876.4
42410,0,-0.9,0.002,886.7
42422,0,-1.8,0.002,876.8
42434,0,-0.9,-0.001,867.4
42446,0.001,1.2,0.004,871.6
42458,0,1.8,-0.001,861.4
42470,0,0.7,-0.003,860.5
42482,0,-1.5,-0.004,869.3
42494,-0.001,-1.8,-0.001,857.3
42506,0,-0.5,-0.001,850.3
42518,0.001,1.6,0.001,853.3
42530,-0.001,1.6,0.001,843.4
42542,0,0.3,0,844.6
42554,0,-1.7,-0.002,850.9
42566,0,-1.5,-0.003,838.6
42578,0,0.1,-0.002,832.8
42590,0,1.9,-0.001,834.9
42602,0.001,1.5,-0.001,825.2
42614,0,-0.1,-0.002,826.5
42626,0,-2,-0.001,832.8
42638,0.001,-1.5,-0.001,820.4
42650,0,0.2,0,814
42662,0,2.1,0.001,817.4
42674,0,1.6,-0.002,806.9
42686,0,-0.1,-0.001,806.3
42698,-0.001,-2.1,0.002,815.1
42710,-0.002,-1.6,0.003,803.4
42722,0,0.1,0,795.5
42734,0.001,2.2,0,800.2
42746,0,2.1,0.001,789.5
42758,0,0.4,-0.001,786.2
42770,0,-2,-0.001,795.9
42782,-0.001,-2,-0.001,787.5
42794,0,-0.5,0.002,777.9
42806,-0.001,1.7,0,780
42818,-0.001,2.1,0.001,774.7
42830,0.001,0.9,0.001,767.6
42842,0,-1.4,-0.001,771.6
42854,0,-2.3,-0.003,774.3
42866,0.001,-1.2,-0.001,762.7
42878,0,1.2,-0.003,757
42890,0,2.5,0.001,761.5
42902,0,1.5,0,750.2
42914,0,-0.4,0,747.2
42926,0,-2.3,0,756.1
42938,0.001,-1.7,0.002,749
42950,-0.001,0.1,0.002,739.5
42962,0.001,2.3,0,738.6
42974,0,2.3,-0.001,738
42986,-0.001,0.7,0,727.3
42998,0,-1.6,0.001,727.1
43010,0,-2.4,0.001,739.4
43022,0,-1.2,0.001,727.5
43034,0,1.2,0,718.3
43046,0,2.8,0.003,719.2
43058,-0.001,1.8,-0.001,715.8
43070,0,-0.1,0.002,706
43082,0,-2.3,0.002,705.5
43094,0,-2.4,0.002,715.1
43106,0,-0.8,0,705.1
43118,0,1.8,-0.001,697.1
43130,-0.001,2.9,-0.001,697.3
43142,0,1.6,0.001,695.9
43154,0,-0.6,0.002,684.7
43166,-0.001,-2.5,0.002,682.9
43179,0,-2.1,-0.001,692.9
43191,-0.001,-0.2,0.002,685
43203,0,2.1,0.001,676.4
43215,0,2.6,-0.002,673.5
43227,0,1.2,0,675.5
43239,0,-1.1,-0.002,662.9
43251,0,-2.7,0,659.6
43263,0,-1.8,-0.002,666.1
43275,0.001,0,0.001,668.3
43287,0,2.1,0.001,656.6
43299,0,2.7,0.002,650
43311,0.001,1.2,0,652.1
43323,0.001,-1.1,0.001,646.5
43335,0.001,-2.6,0,636.6
43347,0,-1.7,-0.002,636.6
43359,-0.002,-0.1,0,646.4
43372,-0.001,2.1,0.001,640.7
43384,0.001,2.1,0,630.3
43396,0,0.7,0,624.1
43408,0,-1.4,-0.001,627.3
43420,0,-2,-0.001,619
43432,0,-1,0.001,613.1
43444,0,0.7,-0.001,614.7
43456,0,1.6,0.003,623.7
43468,0,0.8,0,616.3
43480,0,-0.3,-0.002,604.8
43492,0,-0.8,-0.001,598.8
43504,0.001,-0.6,0,603.1
43516,0,-0.2,-0.001,598.7
43528,0,0.2,-0.001,589.1
43540,0,0.2,-0.002,587.8
43552,0,-0.1,-0.001,593.8
43564,0,-0.3,-0.002,594.9
43576,-0.001,0.2,0,582.3
43588,0,0.3,0.002,575.5
43600,0,-0.3,0.002,573.4
43612,0.001,-0.7,-0.002,576.4
43624,0,-0.4,0,565.6
43636,0,0.1,0,561.5
43648,0,0.3,0.001,561.8
43660,-0.001,0.1,-0.002,569.1
43673,0.001,-0.1,-0.003,563
43685,0,-0.3,0.002,552.1
43697,0,0,0,547
43709,-0.001,0.2,-0.002,547
43721,-0.001,0.1,0.001,548.2
43733,0.001,-0.3,-0.001,536.9
43746,-0.002,-0.2,-0.002,533.3
43758,0,0.2,0,534
43770,0,0.2,-0.002,540.9
43782,0,0,0.001,536.3
43794,0,-0.3,0.001,524.2
43806,0.001,-0.2,0,518.9
43818,0,0.1,-0.001,516.3
43830,0,0.3,0,519.5
43842,0,0.2,-0.001,511.5
43854,0,-0.1,0,505.4
43866,0,-0.3,0.002,504.7
43878,0.001,-0.1,0.001,505.6
43890,0,0.1,-0.001,510.9
43902,0,0.3,-0.002,502.1
43914,0.001,0.1,0,492.2
43926,0,-0.2,0.001,487.9
43938,0.001,-0.3,-0.001,485.6
43950,0,0,0.002,488.7
43962,0,0.2,0,481.2
43974,0,0.2,-0.001,471.9
43986,0,0,0.002,471.3
43998,0,-0.3,0,471.5
44010,0.001,-0.2,0,477.3
44022,0.001,0.1,0.001,473.8
44034,0,0.3,-0.001,462.2
44046,0,0.2,-0.001,457.2
44058,0,-0.1,-0.001,453.1
44070,0,-0.3,0.001,453.4
44082,0,-0.1,0.001,454.6
44094,0,0.1,0,444.7
44106,-0.001,0.3,-0.001,437.3
44118,-0.002,0.1,0.001,437.2
44131,0,-0.2,0.003,437
44143,0,-0.3,-0.001,441.5
44155,0.001,0,0.001,438.9
44167,0,0.2,0.001,427.2
44179,0,0.2,0,420.9
44191,0.001,0,0.002,417.5
44203,0,-0.3,-0.001,415.4
44215,0,-0.2,0.001,417.5
44227,-0.001,0.1,-0.001,413.6
44239,0,0.3,0.001,402.9
44251,0,0.1,-0.001,398.7
44263,0,-0.1,0.001,399
44275,0,-0.3,-0.001,398.2
44287,0,-0.1,0.001,402.1
44299,0,0.2,-0.001,400.9
44311,0,0.3,-0.001,390.7
44323,-0.002,0.1,0.001,382.9
44335,0,-0.2,-0.001,380.6
44347,0,-0.3,0.001,376.8
44359,0,0,-0.002,375.9
44372,0,0.3,-0.002,377.5
44384,0,0.2,0,370.3
44396,-0.001,0,0,360.6
44408,0.001,-0.3,0.001,357.8
44420,0,-0.2,0,358.1
44432,0,0.1,-0.002,356.8
44444,0,0.3,0.002,358.3
44456,0.001,0.1,0,359.4
44468,0,-0.1,0.002,352.1
44480,0,-0.3,0,342.4
44492,-0.002,-0.1,0,338.2
44504,0,0.2,-0.002,336.2
44516,0,0.3,0,332.4
44528,-0.001,0,0,330.9
44540,0.001,-0.2,0,331.9
44552,0,-0.2,-0.001,328.2
44564,0,0,0.001,318.6
44576,-0.001,0.3,0.001,311.9
44588,-0.001,0.2,-0.001,310.8
44600,-0.001,0,0.002,310.2
44612,0.001,-0.3,0,308
44624,-0.002,-0.2,0,307.8
44636,-0.001,0.1,-0.001,309.5
44648,0,0.3,0,305.8
44660,0,0.1,0.001,297.1
44672,0,-0.1,0.001,289.5
44684,-0.001,-0.3,0.002,286.8
44697,0.001,0,0,285
44709,0,0.2,0.001,282.6
44721,0.001,0.3,0,279.5
44733,0,0,0.001,278.4
44745,0.001,-0.2,0,277
44757,0,-0.2,-0.001,271.5
44769,0,0,0,263
44781,0.001,0.3,0,257.3
44793,0,0.2,0,255.7
44805,-0.001,-0.1,0,255
44817,0.001,-0.3,0,252.9
44829,-0.001,-0.1,0,249.7
44841,0,0.1,0,248.3
44853,0,0.3,-0.001,249.5
44865,0.001,0.1,0.001,246.4
44877,0,-0.2,0,240.3
44889,-0.001,-0.3,-0.002,233.4
44901,0,0,-0.001,227.8
44913,-0.001,0.2,0,225.2
44925,0.001,0.3,-0.001,223.3
44938,-0.001,0,-0.002,219.8
44950,0,-0.3,0.002,215.2
44962,-0.001,-0.2,0.001,212.5
44974,0,0.1,0,210.3
44986,0,0.3,-0.001,209.1
44998,0,0.2,0.001,206.8
45010,0,-0.1,-0.002,203
45022,-0.001,-0.3,0,195
45034,0,-0.1,-0.001,189.2
45046,0,0.1,0,184.7
45058,0,0.3,-0.001,183.1
45070,-0.002,0.1,0.002,180.6
45082,0,-0.2,0.001,178.7
45094,0,-0.3,0,177.2
45106,0,0,0,173.7
45118,0,0.2,0,170.2
45130,0,0.2,-0.001,167.9
45142,0,0,0,166.8
45154,0,-0.3,0.001,166.5
45166,0,-0.2,-0.001,161.5
45178,0,0.1,0,157.1
45190,-0.002,0.3,0.001,153
45202,0.001,0.2,0.001,147.7
45214,0.001,-0.1,0,145.1
45226,0,-0.3,0,139
45238,0,-0.1,0,134.4
45250,0,0.1,0,134.3
45262,-0.001,0.3,0.001,132.2
45274,0,0.1,0,128.3
45286,0,-0.2,0,125.2
45298,0,-0.3,0,120.7
45310,0,0,0,116
45322,0,0.2,0.001,113.2
45334,0,0.2,0.001,111.7
45346,0.001,0,0,108.9
45358,0,-0.3,0,104.3
45370,0,-0.2,0,100.2
45382,0.001,0.1,-0.001,98.8
45394,0,0.3,0,96.4
45406,-0.001,0.2,-0.001,91.2
45418,-0.001,-0.1,-0.001,85.2
45430,0,-0.3,0.001,84.1
45442,-0.001,-0.1,0.002,82.1
45454,0,0.1,0,75.6
45466,0,-0.2,-0.001,66.5
45478,0,-0.3,0,58.4
45490,-0.001,0.3,0,54.6
45502,0,0.2,0,56.9
45514,0,-0.4,0.001,58.8
45526,0.001,-0.7,0,54.9
45538,0,-0.3,0.001,50
45550,0,0.6,-0.001,44.9
45562,0,0.8,0,38.5
45574,0,0.3,0,32.3
45586,-0.001,-0.4,0.001,28.8
45598,0.001,-0.2,0,28.8
45610,0.001,0.1,0,30.2
45622,0.001,0.3,0.002,31.8
45634,0,0.1,0,32
45646,-0.001,-0.1,0.001,29.6
45658,0.001,-0.3,0.001,22.7
45670,0,0,0,10.5
45682,0.001,0.2,0,-3.3
45694,0,0.2,0,-15.4
45706,0,0,-0.001,-21.3
45718,0,-0.3,0.001,-20.8
45730,0,-0.2,-0.001,-17.1
45742,0,0.1,0,-11.7
45754,0,0.3,0,-5.1
45766,0.001,0.1,-0.001,0.9
45778,0.001,-0.1,0.001,5.9
45790,0,-0.3,0,7.8
45802,-0.001,0,0,7.5
45814,0,0.2,0,6.5
45826,-0.001,0.2,0.001,4.9
45838,0,0,-0.001,2.9
45850,0,-0.3,0.002,0.9
45862,0,-0.2,0,-0.5
45874,0,0.1,0.002,-1.4
45886,0,0.3,-0.003,-1.7
45898,0,0.1,0,-1.2
45910,0,-0.1,-0.001,-0.5
45922,0,-0.3,0,0.1
45934,0,0,0.001,0.6
45946,0,0.2,0,0.2
45958,0,0.2,-0.001,-0.3
45970,-0.001,0,0,-0.6
45982,0.001,-0.3,-0.001,-0.2
45994,0,-0.2,0,0.3
46006,-0.001,0.1,0.001,0.6
46018,0,0.3,-0.001,0.1
46030,0,0.1,-0.001,-0.5
46042,-0.002,-0.1,0,-0.5
46054,-0.002,-0.3,0,0
46066,0.001,0,0,0.5
46078,-0.001,0.2,0.001,0.4
46090,0,0.2,-0.001,-0.1
46102,0,0,0,-0.6
46114,0,-0.3,-0.001,-0.3
46126,0.001,-0.2,-0.001,0.2
46138,0,0.1,-0.001,0.6
46150,0,0.3,0,0.2
46162,0,0.1,-0.002,-0.3
46174,-0.001,-0.1,0.001,-0.6
46186,0.001,-0.3,0,-0.2
46198,0,0,-0.001,0.3
46210,0,0.2,0,0.6
46222,0.001,0.2,-0.001,0.1
46234,0,0,-0.284,-0.5
46246,0,-0.3,-0.301,-13.4
46258,0,-0.3,-0.3,-52.7
46270,0,-0.2,-0.302,-102
46283,0.001,0.4,-0.299,-158.3
46295,0.001,1.2,-0.299,-210.1
46307,0.001,0.9,-0.298,-265.6
46319,0,0.1,-0.299,-323.1
46331,0,-1.2,-0.299,-374.7
46344,0,-1.5,-0.3,-426.8
46356,0,-0.9,-0.301,-478.5
46368,0,-0.1,-0.301,-529.9
46380,0,0.8,-0.298,-594
46392,0,0.9,-0.299,-646.2
46404,0,0.7,-0.299,-692.4
46416,0.001,0.5,-0.299,-734.9
46428,0,0.2,-0.301,-792.6
46440,0.001,-0.2,-0.299,-840.5
46452,0.002,-0.8,-0.304,-893.9
46464,0,-1.1,-0.296,-956.8
46476,0.001,-0.6,-0.299,-996.7
46489,0,-0.1,-0.3,-1053.5
46501,0,1.1,-0.299,-1101.3
46513,0.001,1.5,-0.296,-1163.1
46525,0,0.7,-0.298,-1213.1
46538,0,0,-0.294,-1262.1
46550,0,-0.2,-0.302,-1308.2
46562,0.001,-0.8,-0.3,-1372.7
46574,0,-1.3,-0.296,-1414.3
46586,0.001,-0.9,-0.304,-1463.9
46598,0,-0.2,-0.304,-1516.6
46610,0,0.3,-0.299,-1569.3
46623,0,0.5,-0.3,-1617.5
46635,0,0.9,-0.302,-1667.6
46647,0,0.5,-0.296,-1715.9
46659,0,0.2,-0.281,-1759.7
46671,0,-0.1,-0.303,-1812.6
46683,-0.001,-0.4,-0.279,-1853.5
46695,0.001,-0.5,-0.255,-1894.1
46707,0,-0.2,-0.271,-1949.3
46719,0,-0.4,-0.248,-1984.8
46731,0,-0.1,-0.233,-2023.9
46743,-0.001,0.1,-0.2,-2056.1
46755,0,0.5,-0.154,-2081.5
46767,0,0.8,-0.164,-2117.9
46779,-0.002,0.5,-0.145,-2137.1
46791,0,0.2,-0.138,-2165.8
46803,0,-0.6,-0.154,-2181.2
46815,-0.001,-0.5,-0.131,-2199.1
46827,0,-0.2,-0.138,-2213.9
46839,0,0.2,-0.149,-2223.2
46851,0,0.6,-0.084,-2240.7
46863,0,0.3,-0.081,-2247.2
46875,0,0,-0.067,-2265.5
46887,0.001,-0.5,-0.076,-2268.6
46899,-0.001,-0.2,-0.092,-2283.1
46911,0,0.1,-0.065,-2284.8
46923,0,0.4,-0.073,-2294.7
46935,0.001,0.3,-0.081,-2297
46947,0,0,-0.092,-2301.4
46959,0,-0.2,-0.069,-2305.7
46971,0,-0.2,-0.112,-2305.9
46983,0,0,-0.042,-2312.6
46995,0,-0.2,-0.063,-2310.5
47007,-0.001,-0.2,-0.016,-2320.1
47019,0,0,-0.053,-2317.1
47031,0,0.3,-0.012,-2326.9
47043,0,0.1,-0.057,-2322.6
47055,0,-0.2,-0.02,-2330.9
47067,0,-0.3,-0.073,-2326.7
47079,0,0,-0.046,-2332.4
47091,0,0.2,-0.047,-2329.9
47103,0,0.2,-0.08,-2332.2
47115,0,0,-0.04,-2331.4
47127,-0.001,-0.3,-0.117,-2330.5
47139,0,-0.1,-0.039,-2332.2
47151,0,0.1,-0.079,-2328.6
47163,0,0.3,-0.049,-2333.6
47175,-0.001,0.1,-0.012,-2328.9
47187,0,-0.2,-0.043,-2336.6
47199,0,-0.3,-0.022,-2331.7
47211,-0.001,0,-0.012,-2339.5
47224,0,0.3,-0.008,-2331.6
47236,0.001,0.2,-0.048,-2338.8
47248,0.001,-0.1,-0.036,-2338.6
47260,0,-0.3,-0.024,-2350.5
47272,-0.001,-0.1,-0.057,-2339.8
47285,0,0.1,-0.035,-2341.2
47297,0,0.3,-0.052,-2336.7
47309,0,0,-0.065,-2339.3
47321,0,-0.2,-0.049,-2337.3
47333,0,-0.2,-0.096,-2336.6
47345,0,0,-0.04,-2336.9
47357,0,0.3,-0.09,-2333.4
47369,-0.001,0.2,-0.052,-2336.8
47381,0,-0.1,-0.028,-2331.9
47393,0,-0.3,-0.038,-2338.5
47405,0.001,-0.1,-0.022,-2333.3
47417,0,0.1,-0.017,-2341.1
47429,0,0.3,-0.045,-2335.1
47441,0,0,-0.018,-2342.5
47453,0,-0.2,-0.031,-2336.6
47465,0,-0.2,-0.067,-2342.1
47477,0,0,-0.012,-2337.6
47489,0,0.3,-0.077,-2340.7
47501,0,0.2,-0.045,-2338.2
47513,0,-0.1,-0.052,-2338
47525,0,-0.3,-0.091,-2337.8
47537,-0.001,-0.1,-0.082,-2334.1
47549,0,0.1,-0.034,-2337.1
47561,-0.001,0.3,-0.065,-2332.7
47573,0.001,0,-0.002,-2338.5
47585,0,-0.2,-0.032,-2333.2
47597,0,-0.2,-0.03,-2340.9
47609,0.001,0,-0.001,-2334.9
47621,-0.001,0.3,-0.049,-2342.6
47633,0,0.2,-0.035,-2336.5
47645,-0.001,-0.1,-0.023,-2342.5
47658,-0.001,-0.3,-0.032,-2337.3
47670,0.001,-0.1,-0.03,-2342.4
47682,0,0.2,-0.052,-2338.3
47694,0.001,0.3,-0.067,-2340.7
47706,0,0,-0.038,-2338.4
47718,0.001,-0.2,-0.097,-2337.7
47730,0.001,-0.2,-0.048,-2338
47742,-0.001,0,-0.076,-2334.4
47754,0,0.3,-0.058,-2337.5
47766,0.001,0.1,-0.024,-2332.6
47778,0,-0.1,-0.037,-2339
47790,0.001,-0.3,-0.038,-2333.4
47802,0,-0.1,-0.006,-2341.4
47814,-0.001,0.2,-0.044,-2335.4
47826,0,0.3,-0.031,-2342.8
47838,0,0,-0.013,-2337
47850,0,-0.2,-0.075,-2342.6
47862,0,-0.2,-0.02,-2337.7
47874,0,0,-0.053,-2341
47886,-0.001,0.3,-0.057,-2338.4
47898,0.001,0.1,-0.052,-2338.4
47910,-0.001,-0.1,-0.078,-2338
47923,0,-0.3,-0.065,-2337.1
47935,0,-0.1,-0.064,-2337.8
47947,0,0.2,-0.074,-2333.9
47959,0,0.3,-0.03,-2337.8
47971,0.002,0,-0.058,-2332.9
47983,0,-0.3,-0.007,-2339.6
47995,-0.001,-0.2,-0.028,-2334.1
48007,0,0.1,-0.038,-2341.9
48019,-0.001,0.3,-0.019,-2335.8
48031,-0.001,0.1,-0.031,-2343.1
48044,-0.001,-0.1,-0.01,-2336.3
48056,0,-0.3,-0.033,-2342.1
48068,0,0,-0.058,-2336.6
48080,0,0.2,-0.032,-2340.8
48092,0.001,0.2,-0.047,-2336.8
48104,-0.002,0,-0.084,-2350.5
48116,0.001,-0.3,-0.032,-2345.6
48128,0,-0.2,-0.106,-2338.8
48140,0.001,0.1,-0.051,-2337.7
48152,0.001,0.3,-0.053,-2333.3
48164,0,0.1,-0.053,-2337.7
48176,0,-0.1,-0.019,-2332.9
48188,0,-0.3,-0.018,-2340.2
48200,0,0,-0.044,-2334.6
48212,-0.001,0.2,0.002,-2342.3
48224,0.001,0.2,-0.041,-2335.9
48236,0,0,-0.048,-2342.8
48248,0.001,-0.3,-0.019,-2337.3
48260,0,-0.2,-0.059,-2342.5
48272,0.001,0.1,-0.035,-2338.4
48284,0,0.3,-0.058,-2340.5
48296,0,0.1,-0.066,-2338.7
48308,0,-0.1,-0.083,-2337.7
48320,0,-0.3,-0.038,-2338
48332,0,0,-0.098,-2334.2
48344,-0.001,0.2,-0.035,-2337.9
48356,0,0.2,-0.04,-2332.8
48368,0.001,0,-0.033,-2339.3
48380,0.001,-0.3,-0.014,-2333.6
48392,0,-0.2,-0.029,-2341.6
48404,0.001,0.1,-0.034,-2335.8
48416,-0.001,0.3,-0.015,-2343.3
48428,0,0.1,-0.041,-2337.3
48440,-0.001,-0.1,-0.063,-2342.8
48452,0,-0.3,-0.012,-2338.2
48464,-0.001,0,-0.076,-2341.2
48477,0,0.2,-0.016,-2339
48489,0,0.2,-0.09,-2340.6
48501,0,0,-0.042,-2338.9
48513,-0.001,-0.3,-0.072,-2337
48525,-0.002,-0.1,-0.071,-2337.7
48537,0,0.1,-0.06,-2333.6
48549,-0.001,0.3,-0.041,-2338.1
48562,0,0.1,-0.046,-2333
48574,0,-0.2,-0.048,-2338.5
48586,0,-0.3,-0.034,-2333.1
48598,0.001,0,0.003,-2340.8
48610,0,0.3,-0.046,-2335.1
48622,0,0.2,-0.032,-2342.9
48634,0,-0.1,-0.022,-2336.7
48646,-0.001,-0.3,-0.056,-2343.2
48658,0,-0.1,-0.032,-2337.8
48670,0,0.1,-0.038,-2342
48682,0,0.3,-0.058,-2338.8
48695,0,0,-0.06,-2341.6
48707,0,-0.2,-0.055,-2339.1
48719,0,-0.2,-0.051,-2339.1
48731,0,0,-0.078,-2338.7
48743,0,0.3,-0.091,-2335.2
48755,0,0.2,-0.027,-2338.1
48767,0,-0.1,-0.065,-2333.5
48779,-0.001,-0.3,-0.018,-2339.4
48791,0.001,-0.1,-0.019,-2333.8
48803,-0.001,0.1,-0.035,-2341.5
48816,0,0.3,-0.028,-2334.1
48828,0.001,0,-0.037,-2342.3
48840,0,-0.2,-0.017,-2336
48852,-0.001,-0.2,-0.047,-2343.2
48864,0,0,-0.047,-2337.3
48876,0.001,0.3,-0.038,-2342.7
48888,-0.002,0.1,-0.024,-2338.3
48900,0,-0.1,-0.085,-2341.1
48912,0,-0.3,-0.025,-2338.7
48924,0.001,-0.1,-0.077,-2337.4
48936,-0.001,0.2,-0.083,-2337.4
48949,0.001,0.3,-0.106,-2342.4
48961,0,0,-0.057,-2347.3
48973,0,-0.3,-0.051,-2337.2
48985,0,-0.2,-0.055,-2338.4
48997,-0.001,0.1,-0.024,-2332.7
49009,0,0.3,-0.012,-2340
49021,0.001,0.1,-0.046,-2334.3
49033,0,-0.1,-0.001,-2342.3
49045,0.001,-0.3,-0.038,-2336.1
49057,0,-0.1,-0.052,-2343.4
49069,0,0.2,-0.019,-2337.6
49081,0.001,0.3,-0.053,-2342.7
49093,0,0,-0.037,-2338.6
49105,0,-0.3,-0.054,-2340.8
49117,-0.001,-0.2,-0.067,-2338.9
49129,0,0.1,-0.087,-2338
49141,0,0.3,-0.038,-2338.6
49154,0.001,0.1,-0.093,-2336.5
49166,0,-0.1,-0.04,-2338.1
49178,0,-0.3,-0.087,-2333.5
49190,-0.001,0,-0.019,-2338.4
49202,0.001,0.2,-0.033,-2333.2
49214,0.001,0.2,-0.033,-2340.9
49226,0,0,-0.009,-2335
49238,0,-0.3,-0.029,-2342.6
49250,-0.001,-0.2,-0.032,-2336.5
49262,0,0.1,-0.012,-2343.1
49274,0,0.3,-0.063,-2337.6
49286,0,0.1,-0.061,-2342.5
49298,-0.001,-0.1,-0.012,-2338.9
49310,-0.002,-0.3,-0.086,-2340.5
49322,0,0,-0.049,-2338.8
49334,0,0.2,-0.067,-2337.2
49346,-0.001,0.2,-0.068,-2338.4
49359,0,0,-0.063,-2336
49371,0.002,-0.3,-0.068,-2337.8
49383,0,-0.1,-0.05,-2333.1
49395,0,0.1,-0.039,-2338.8
49407,-0.001,0.3,-0.039,-2333.4
49420,0.001,0.1,-0.035,-2339.6
49432,-0.001,-0.2,-0.04,-2334.1
49444,0.001,-0.3,-0.001,-2341.9
49456,0,0,-0.042,-2335.7
49468,0,0.3,-0.032,-2343.3
49480,0,0.2,-0.009,-2337.3
49492,0,-0.1,-0.075,-2343
49504,0.001,-0.3,-0.023,-2338.5
49516,0.001,-0.1,-0.048,-2341.5
49528,-0.001,0.1,-0.063,-2339.1
49540,0,0.3,-0.055,-2339
49552,0,0.1,-0.068,-2338.6
49564,0,-0.2,-0.095,-2335.3
49576,0,-0.3,-0.025,-2338.3
49588,0.001,0,-0.062,-2333.4
49600,0,0.3,-0.031,-2339.3
49612,-0.001,0.2,-0.012,-2333.8
49625,0,-0.1,-0.013,-2339.9
49637,-0.001,-0.3,-0.021,-2334.3
49649,0,-0.1,-0.041,-2342.4
49661,0,0.1,-0.022,-2336.3
49673,0,0.3,-0.032,-2343.3
49685,0,0,-0.048,-2337.5
49697,0,-0.2,-0.035,-2342.6
49709,-0.001,-0.2,-0.02,-2338.5
49721,0,0,-0.085,-2341.2
49733,0.001,0.3,-0.031,-2339
49746,0.001,0.1,-0.09,-2339.7
49758,0,-0.1,-0.035,-2338.1
49770,-0.002,-0.3,-0.09,-2335.6
49782,-0.001,-0.1,-0.067,-2337
49794,0,0.2,-0.051,-2332.8
49806,0,0.3,-0.05,-2349.4
49818,0,0,-0.036,-2338.4
49830,0,-0.2,-0.001,-2340.8
49842,0,-0.2,-0.046,-2334.1
49854,0,0,-0.01,-2342.2
49866,0,0.3,-0.023,-2336.2
49878,-0.001,0.1,-0.059,-2343.6
49890,0,-0.1,-0.022,-2338.1
49902,-0.001,-0.3,-0.039,-2343.1
49914,0,-0.1,-0.048,-2338.9
49926,0,0.2,-0.061,-2341.2
49938,0,0.3,-0.049,-2339.3
49950,0,0,-0.097,-2338.1
49962,0,-0.2,-0.04,-2338.4
49974,-0.001,-0.2,-0.086,-2334.8
49986,0,0,-0.053,-2338.3
49998,0.002,0.3,-0.024,-2333.2
50010,0,0.1,-0.038,-2339.7
50022,0,-0.1,-0.028,-2334.2
50034,0,-0.3,-0.006,-2342.2
50046,0,-0.1,-0.043,-2336
50058,0,0.2,-0.024,-2343.3
50070,0.001,0.3,-0.018,-2337.2
50082,0,0,-0.074,-2342.5
50094,-0.001,-0.2,-0.015,-2337.9
50107,0,-0.2,-0.068,-2342.3
50119,0.001,0.1,-0.011,-2338.7
50131,0,0.3,-0.075,-2340.5
50143,-0.001,0.1,-0.063,-2338.8
50155,0,-0.1,-0.064,-2337.5
50167,0,-0.3,-0.062,-2338.2
50179,0,-0.2,-0.082,-2334.1
50191,0,0.1,-0.025,-2338
50203,0,0.4,-0.057,-2333
50215,-0.001,0.3,-0.011,-2340
50227,0.001,0,-0.024,-2334.2
50239,0.001,-0.2,-0.04,-2342.2
50252,0,-0.2,-0.033,-2334.9
50264,0,0,-0.045,-2342.9
50276,0.002,0.3,-0.01,-2336.8
50288,0,0.2,-0.037,-2343.4
50300,0,-0.1,-0.055,-2338.1
50312,0,-0.3,-0.03,-2342.3
50324,0.001,-0.1,-0.052,-2338.8
50336,0,0.1,-0.073,-2340.2
50348,0,0.3,-0.032,-2339
50360,0,0.1,-0.107,-2337
50372,0,-0.2,-0.049,-2338.2
50384,-0.001,-0.3,-0.053,-2333.9
50396,0,0,-0.057,-2338.6
50408,0,0.2,-0.015,-2333.4
50420,0,0.3,-0.02,-2340.5
50432,0,0,-0.044,-2334.8
50444,0.001,-0.2,-0.001,-2342.9
50456,0,-0.4,-0.042,-2336.6
50468,0,-0.1,-0.048,-2343.5
50480,0,0.1,-0.02,-2337.8
50492,0,0.4,-0.055,-2342.7
50504,-0.001,0.1,-0.034,-2338.9
50516,0,-0.1,-0.053,-2341.1
50528,0,-0.3,-0.065,-2339.2
50540,0,-0.1,-0.082,-2337.8
50552,0,0.2,-0.038,-2338.5
50564,-0.001,0.3,-0.09,-2334.8
50576,0,0,-0.053,-2338.3
50588,0.001,-0.2,-0.026,-2333.3
50600,0.001,-0.2,-0.039,-2339.1
50612,0.002,0,-0.024,-2333.4
50624,-0.001,0.3,-0.01,-2341.3
50637,0,0.1,-0.015,-2334
50649,0,-0.1,-0.018,-2349.6
50661,-0.001,-0.3,-0.04,-2345.9
50673,0,-0.1,-0.014,-2346.6
50685,0.001,0.2,-0.054,-2338.2
50697,0,0.3,-0.061,-2342.5
50709,-0.001,0,-0.012,-2338.8
50721,-0.001,-0.3,-0.083,-2340.8
50733,0,-0.2,-0.056,-2339.1
50745,0,0.1,-0.065,-2337.7
50757,0,0.3,-0.069,-2338.5
50770,0,0.1,-0.062,-2336.2
50782,0,-0.1,-0.071,-2338.2
50794,0,-0.3,-0.055,-2333.5
50806,0,0,-0.034,-2338.8
50818,0.001,0.2,-0.048,-2333.5
50830,-0.001,0.2,0.003,-2341.1
50842,0,0,-0.041,-2335.1
50854,0.001,-0.3,-0.039,-2342.9
50866,0.002,-0.2,-0.011,-2336.9
50878,-0.001,0.1,-0.045,-2343.5
50890,0,0.3,-0.047,-2338.2
50902,0.001,0.1,-0.029,-2342.5
50914,0,-0.1,-0.054,-2339.2
50926,0,-0.3,-0.068,-2340.7
50938,0,0,-0.037,-2338.8
50950,0,0.2,-0.115,-2337
50962,0.001,0.2,-0.044,-2338.5
50974,-0.001,0,-0.058,-2334.3
50987,0,-0.3,-0.035,-2338.4
50999,0,-0.1,-0.052,-2333.5
51011,0.001,0.1,-0.043,-2339.2
51023,0.001,0.3,-0.011,-2333.8
51035,-0.002,0.1,-0.023,-2341.6
51048,0,-0.2,-0.015,-2334.6
51060,0.001,-0.3,-0.033,-2342.6
51072,0,0,-0.033,-2336.4
51084,0,0.3,-0.019,-2343.5
51096,0,0.2,-0.042,-2337.6
51108,0.001,-0.1,-0.053,-2343.1
51120,0,-0.3,-0.015,-2338.7
51132,0.001,-0.1,-0.083,-2341.6
51144,0.001,0.1,-0.035,-2339.3
51156,0,0.3,-0.056,-2338.9
51168,0,0.1,-0.089,-2338.8
51180,0,-0.2,-0.071,-2335.3
51192,0,-0.3,-0.04,-2338.2
51204,0,0,-0.055,-2333.3
51216,0,0.3,0.016,-2338.2
51228,0,0.2,-0.021,-2327.6
51240,0,-0.1,0.023,-2328.7
51253,0,-0.3,0.009,-2313.3
51265,0.002,-0.1,-0.007,-2314.4
51277,0,0.1,0,-2301.3
51289,0,0.3,0.014,-2300.9
51301,0,0,0.003,-2288.6
51313,-0.001,-0.2,0.005,-2285.1
51325,0,-0.3,0,-2275.5
51337,0.001,-0.1,-0.006,-2267.1
51349,0,0.1,0.001,-2261
51361,0,0.4,-0.004,-2249.4
51374,0.001,0.2,-0.013,-2247.8
51386,0,0,-0.005,-2236.4
51398,0,-0.3,0.004,-2238.8
51410,-0.001,-0.2,0.006,-2226.3
51422,0,0.1,0.003,-2226.9
51434,0,0.3,0.007,-2215.6
51446,0,0.1,-0.001,-2211.2
51458,-0.002,-0.1,-0.002,-2202.9
51470,0.001,-0.3,-0.005,-2191.1
51482,0,-0.1,0.003,-2190.3
51494,0,0.2,-0.003,-2179.5
51506,0.001,0.3,-0.012,-2194.3
51519,0.001,0,-0.003,-2175.4
51531,0,-0.2,-0.002,-2172.5
51543,0,-0.2,-0.006,-2161.4
51555,0.001,0,0.004,-2155
51567,0.001,0.3,-0.002,-2149.2
51579,0,0.2,0,-2138.9
51591,0,-0.1,0,-2142.5
51604,0,-0.3,0.007,-2130.2
51616,0.001,-0.1,0.008,-2133
51628,-0.001,0.1,0.002,-2122.5
51640,0,0.3,0,-2118.1
51652,0.001,0.1,0.005,-2111.4
51665,-0.001,-0.2,-0.009,-2101.2
51677,0.001,-0.3,-0.002,-2103.7
51689,0.001,0,-0.01,-2093.6
51701,-0.001,0.2,0.002,-2096.3
51713,0,0.2,-0.008,-2086.6
51725,0,0,-0.005,-2080.3
51737,-0.001,-0.3,-0.013,-2075.7
51750,0.001,-0.2,-0.001,-2065.6
51763,0,0.1,0.006,-2069.2
51775,0,0.3,-0.004,-2059.3
51787,0,0.1,-0.001,-2060.9
51799,0.001,-0.2,0.006,-2051.9
51811,0,-0.3,0.003,-2043.3
51823,0.001,0,0.001,-2043.7
51835,0,0.2,-0.001,-2035
51847,0.001,0.3,-0.002,-2039.3
51859,0,0,-0.007,-2029.6
51871,0,-0.2,0.002,-2022.9
51883,0,-0.2,-0.008,-2020.3
51896,0.001,0.1,-0.005,-2011.1
51908,-0.001,0.3,-0.007,-2017
51920,-0.002,0.2,-0.001,-2007.1
51932,0,-0.1,0.003,-2003.9
51944,0,-0.3,0.003,-1998
51957,0.001,-0.1,0.002,-1988.8
51969,-0.001,0.2,-0.002,-1995.5
51981,0,0.3,-0.004,-1985.6
51993,0.001,0.1,0.004,-1984.5
52005,0,-0.2,0.001,-1977.3
52017,0,-0.3,-0.001,-1969.1
52030,0,0,0.007,-1975
52042,0,0.3,-0.003,-1965.4
52054,0,0.2,0.003,-1964.8
52066,0,0,-0.001,-1957.7
52078,0,-0.3,-0.002,-1949.9
52090,0.001,-0.2,-0.005,-1957
52103,0,0.1,-0.003,-1946.6
52115,0,0.3,0,-1945
52127,0,0.1,-0.008,-1939.1
52139,-0.001,-0.2,-0.001,-1932.1
52152,0,-0.3,-0.006,-1938.5
52165,0,0,-0.003,-1928.3
52177,0,0.2,0.003,-1926.8
52189,0,0.2,-0.005,-1921.3
52201,-0.001,0,-0.004,-1914.8
52214,0.001,-0.3,0.004,-1921
52227,0.001,-0.1,0.001,-1911
52239,-0.002,0.1,-0.004,-1907.6
52251,0.001,0.3,-0.002,-1904.4
52263,0.001,0.1,0.003,-1898.1
52275,0,-0.2,-0.001,-1903.3
52287,0,-0.3,0.002,-1894.6
52299,-0.001,0,0.005,-1885.4
52312,-0.001,0.2,-0.003,-1890.1
52324,0,0.2,0.005,-1881.7
52336,0,0,0.001,-1883.5
52348,0,-0.3,0.001,-1879.4
52360,-0.002,-0.2,-0.007,-1877.7
52373,-0.001,0.1,-0.004,-1879.9
52385,-0.001,0.3,0.005,-1868.5
52397,0.001,0.1,-0.002,-1862
52409,0.001,-0.1,-0.004,-1863.5
52421,0,-0.3,0.007,-1856.8
52433,0,-0.1,-0.008,-1859.9
52446,0,0.2,0,-1851.9
52458,0,0.3,0.004,-1843.7
52470,0,0,-0.004,-1852.3
52482,-0.001,-0.2,-0.001,-1843.5
52495,0,-0.2,0.003,-1838.8
52508,0,0.1,-0.001,-1836.2
52520,0,0.3,-0.009,-1830.7
52532,0,0.2,0.005,-1835.9
52544,0,-0.1,-0.002,-1827
52556,0,-0.3,0.001,-1819.1
52568,-0.001,-0.1,0.004,-1827.8
52581,0,0.2,0.002,-1818.4
52593,0.001,0.3,-0.001,-1813
52605,0.001,0.1,-0.004,-1814.7
52617,0.001,-0.2,0.005,-1808.2
52629,0,-0.3,0.002,-1810.2
52641,0,0,-0.007,-1802.6
52653,-0.001,0.2,-0.002,-1797.3
52665,-0.001,0.2,0.001,-1803.9
52677,0,0,-0.001,-1794.8
52689,-0.001,-0.3,0.003,-1786.6
52701,-0.001,-0.2,0.005,-1795.9
52713,-0.001,0.1,0,-1787.2
52725,0.001,0.3,-0.007,-1778.9
52737,0,0.1,0.001,-1785.8
52749,-0.001,-0.1,0.001,-1777.7
52761,0,-0.3,0.001,-1774.4
52773,0,-0.1,-0.005,-1773.9
52785,0,0.2,0,-1768
52797,0.001,0.3,0.008,-1770
52809,0,0.1,0.006,-1763
52821,0.002,-0.2,-0.005,-1758
52833,0.001,-0.3,0,-1763.6
52845,0.001,0,0.002,-1754.4
52857,0.001,0.2,-0.002,-1748.2
52869,0,0.2,0.001,-1756.2
52881,0,0,-0.007,-1747
52893,0,-0.3,0.005,-1738.7
52905,-0.001,-0.2,0,-1748.3
52917,0,0.1,0.006,-1739.4
52929,-0.001,0.3,-0.004,-1730.7
52942,-0.001,0.1,0.001,-1738.6
52954,-0.001,-0.1,0.004,-1730.6
52966,0,-0.3,-0.001,-1725.4
52978,0.002,-0.1,0.001,-1728.5
52990,-0.001,0.2,-0.005,-1721.5
53002,0,0.3,0.001,-1719.6
53014,0,0,-0.006,-1718.3
53027,-0.001,-0.2,0.004,-1711.8
53039,0.001,-0.2,0.002,-1714.6
53051,0,0,-0.005,-1707.3
53063,0.002,0.3,0.003,-1702.9
53075,0,0.2,0,-1707.4
53087,0,-0.1,-0.007,-1698.5
53100,0.001,-0.3,0.001,-1692.9
53112,0,0,0.004,-1700
53124,0,0.2,0.002,-1689.9
53136,0.001,0.2,-0.002,-1683.7
53148,0,0.2,0.002,-1691.1
53160,0,0,0.002,-1681.1
53172,0,-0.3,-0.001,-1674.6
53184,0,-0.2,0.001,-1682.5
53196,0.001,0.1,0,-1672.2
53208,0,0.3,0,-1673.7
53220,0,0.1,-0.001,-1678.7
53232,0.001,-0.1,0.001,-1666
53244,0,-0.3,-0.004,-1658.4
53256,0,-0.1,0.001,-1667.1
53268,0.001,0.1,0.003,-1657
53280,0,-0.1,-0.001,-1650.5
53293,0,-0.3,0.003,-1658.7
53305,0.001,0,0,-1648.7
53317,0,0.2,-0.002,-1641.3
53329,0,0.3,-0.002,-1650.4
53341,0,0,0.002,-1640.2
53353,0,-0.2,-0.001,-1633.7
53365,0,-0.1,0.001,-1642.1
53377,0,0.1,0.004,-1631.5
53389,0.001,0.3,0.002,-1626
53401,-0.001,0.1,0,-1633.3
53414,0,-0.2,0.003,-1623
53426,0.001,-0.2,0.002,-1617.5
53438,0,0,0,-1624.8
53450,0,0.3,0.003,-1614.2
53462,-0.001,0.2,-0.005,-1610
53475,0.001,-0.1,0.001,-1616.1
53487,-0.001,-0.3,-0.005,-1605.4
53499,0,-0.1,0.002,-1601.4
53511,0,0.2,-0.001,-1606.7
53523,0,0.3,0.004,-1598.2
53535,-0.002,0,0.001,-1594.2
53548,-0.002,-0.3,0.006,-1597.5
53560,-0.001,-0.2,-0.004,-1590.3
53572,0,0.1,0.003,-1585.9
53584,0,0.3,-0.002,-1585.8
53596,0,0.1,-0.002,-1584.6
53608,0,-0.1,0,-1578.7
53620,0,-0.3,-0.001,-1573.5
53632,0,-0.1,0.005,-1579.5
53644,0,0.2,0,-1571.4
53656,0.001,0.3,-0.002,-1562.5
53669,-0.001,0,-0.004,-1571.9
53681,0.001,-0.3,0.003,-1562.8
53693,0,-0.2,0.005,-1553.9
53705,0,0.1,0.002,-1564
53717,0,0.3,0.004,-1553.1
53729,0,0.1,0.001,-1547.2
53742,0,-0.2,0.006,-1555.1
53754,0,-0.3,0.001,-1544
53766,0,0,0.002,-1540.2
53778,-0.001,0.2,0.007,-1544.5
53790,0,0.2,0,-1537.7
53802,0,0,-0.001,-1533.3
53815,0.001,-0.3,0,-1532
53827,0,-0.1,0,-1532.5
53839,-0.002,0.1,0.002,-1525.7
53851,0,0.3,0.003,-1517.9
53863,0.001,0.1,0.005,-1527.6
53876,0,-0.2,0,-1517.7
53888,0.001,-0.2,-0.005,-1508.9
53900,-0.001,0,0,-1518.8
53912,-0.001,0.3,0.001,-1507.2
53924,0,0.1,-0.001,-1503.3
53936,0,0,0.006,-1507.9
53948,-0.001,0.3,-0.002,-1501.1
53961,0,0.1,-0.006,-1495.9
53973,0,-0.1,0,-1493.6
53985,0,-0.3,0.004,-1497.1
53997,0,-0.3,-0.001,-1488.7
54009,0.001,0,0,-1479.2
54021,0,0.3,0.002,-1490
54033,0,0.1,0.004,-1478.3
54045,0,-0.2,-0.005,-1474.1
54057,0.001,-0.3,0.006,-1486.5
54069,-0.001,0,-0.005,-1475.9
54081,0,-0.2,-0.001,-1468.7
54093,0.001,-0.3,-0.002,-1462.2
54106,0.001,0.2,-0.002,-1469.7
54118,0.001,0.3,-0.001,-1461
54130,-0.001,0.1,0,-1452.8
54142,0.001,-0.2,0.005,-1462.7
54154,0,-0.3,0,-1450.4
54166,0,0,0.002,-1447.6
54178,-0.001,0.2,-0.002,-1447.6
54191,0,0.2,0,-1446.8
54203,0,0,-0.005,-1440.7
54215,0,-0.3,0,-1432.1
54227,-0.001,-0.2,0.001,-1442.6
54239,0,0.1,0.004,-1430.2
54251,0,0.3,-0.001,-1426.4
54263,-0.001,0.1,0.005,-1429.9
54275,-0.002,-0.1,0.003,-1426.4
54287,0,-0.4,-0.005,-1420.5
54299,0,-0.1,-0.002,-1412
54311,0,0.2,-0.002,-1422.7
54323,0,0.1,0.002,-1410.2
54335,0,-0.2,0.005,-1406.7
54347,0.001,-0.2,0,-1408.4
54359,0,0.1,0.002,-1408.1
54371,-0.001,0,-0.002,-1400.9
54383,0.001,-0.3,-0.003,-1392.2
54395,0.001,-0.1,0.006,-1402.4
54407,-0.001,0.2,-0.003,-1390.1
54419,0.001,0.3,-0.005,-1387.7
54431,-0.001,0.1,0.002,-1384.6
54444,0,-0.2,-0.005,-1389.6
54456,0,-0.2,0.003,-1380.8
54468,0,0,-0.002,-1373.5
54480,0.001,0.3,-0.002,-1382.2
54492,0.002,0.2,0.002,-1372.2
54504,0,-0.2,0.002,-1369.1
54516,0,-0.2,-0.002,-1362.1
54528,0,0.1,-0.001,-1372.3
54540,0,0.2,0.001,-1359.5
54552,0,0,0.004,-1356.4
54564,0.001,-0.1,0.002,-1357.1
54576,-0.001,0.2,-0.003,-1358.8
54589,-0.001,0.1,0.005,-1350.2
54601,0,-0.1,-0.003,-1342.1
54613,0.001,0.1,-0.007,-1351.7
54625,0.001,0.3,0.003,-1340.9
54637,0,0,0.003,-1338.1
54649,0.001,-0.1,0.001,-1330.6
54662,0.001,0.3,-0.002,-1340.7
54674,-0.001,0,0,-1327.8
54686,0,-0.3,0.002,-1324.9
54698,0,-0.2,0.002,-1324.8
54710,-0.001,0.1,-0.001,-1328.3
54723,0,-0.1,0.002,-1318.7
54735,0,-0.3,0.002,-1311.7
54747,-0.001,0.1,0.006,-1319.2
54759,-0.001,0.3,0.002,-1312.5
54771,0,-0.1,0.003,-1307.6
54783,0.001,-0.3,0.003,-1299.2
54796,0.001,0.1,0.005,-1309.6
54808,0,0.2,-0.001,-1297
54820,-0.001,0,0,-1295.2
54832,0,-0.1,-0.001,-1288.1
54844,0,0.3,-0.002,-1298.5
54856,0,0,0.003,-1284.9
54868,0,-0.3,-0.001,-1283
54880,0,0.1,-0.007,-1278
54892,0,0.3,-0.002,-1286.5
54904,0.001,-0.1,0.001,-1279.3
54916,0.001,-0.3,0.003,-1274.4
54928,0,0.1,-0.003,-1269.4
54940,0,0.3,0.003,-1275.7
54952,0,-0.3,0,-1263
54964,0,-0.2,0,-1260.3
54976,0.001,0.2,0.001,-1258.4
54988,0,0.2,-0.001,-1264.4
55001,0,-0.2,0.001,-1252.4
55013,0,-0.3,-0.002,-1248.5
55025,-0.001,0.1,0,-1249.1
55037,0.001,0.3,-0.002,-1252.3
55049,0,-0.1,0.003,-1241
55062,0.001,-0.3,0.005,-1236.5
55074,0,0.1,-0.001,-1239
55086,-0.001,0.3,-0.004,-1240.3
55098,0.001,-0.1,0.001,-1229.6
55110,0.001,-0.3,-0.001,-1225.5
55122,0,0.1,0.001,-1226.1
55134,0,0.3,0.003,-1229.8
55147,0,0,0.002,-1218.1
55159,0.001,-0.2,0.002,-1214.2
55171,0,0.1,0,-1214.2
55183,0.001,0.3,0,-1218.3
55195,-0.001,-0.3,0,-1205.3
55207,0,-0.2,0.003,-1203
55219,-0.001,0.3,-0.002,-1199.4
55232,0,0.1,0.005,-1207
55244,0,-0.3,-0.001,-1193.3
55256,0,-0.2,-0.002,-1191.7
55268,0,0.4,0.002,-1186
55280,0,0.3,0.001,-1196.2
55292,0,-0.4,0.001,-1182
55304,0,-0.4,0.003,-1181.3
55316,0,0.2,-0.001,-1173.4
55328,0,0.4,-0.004,-1184.6
55340,0,0,-0.002,-1174
55352,0,-0.4,0.002,-1170.7
55365,0,0,0,-1162.6
55377,0,0.4,-0.003,-1171.7
55389,0,-0.1,-0.002,-1166.3
55401,0.001,-0.5,-0.001,-1158.5
55413,0.001,0,0,-1153.4
55425,0,0.6,-0.001,-1154.2
55437,0,0.3,0.003,-1158.5
55450,0,-0.6,0,-1144.8
55462,0,-0.3,-0.001,-1142.8
55474,0,0.4,-0.001,-1137.1
55486,0.001,0.3,0.001,-1147.5
55498,0.001,-0.3,0.002,-1134
55510,0,-0.4,-0.002,-1133.4
55522,0.001,0.2,-0.001,-1125.6
55534,0,0.6,0.001,-1134.3
55546,0,0.1,-0.003,-1129.7
55558,0,-0.6,0,-1120.4
55570,0,-0.3,0,-1116.7
55582,0.001,0.4,-0.002,-1113.7
55594,0,0.3,-0.001,-1121.9
55606,0,-0.4,-0.003,-1107.3
55619,-0.001,-0.3,0.001,-1106.8
55631,0,0.4,0,-1099.1
55643,0,0.5,0.003,-1109.6
55655,-0.002,-0.2,0,-1102.4
55667,0,-0.7,-0.002,-1094.7
55679,-0.001,-0.2,0.002,-1090.7
55691,0.001,0.8,-0.002,-1087.8
55703,0,0.5,0,-1095.7
55715,0,-0.5,-0.001,-1081.1
55727,0,-0.5,0.001,-1081.2
55739,0.001,0.2,-0.002,-1073.7
55751,0,0.6,-0.003,-1085.8
55763,0,0,-0.002,-1083.2
55775,0,-0.8,0.001,-1067.9
55787,0,-0.5,-0.005,-1065.8
55800,0.002,0.6,0.005,-1058.5
55813,0.001,0.5,0.001,-1069.6
55825,0.001,-0.3,-0.001,-1057.2
55837,0,-0.8,-0.002,-1055.4
55849,0,-0.1,0.003,-1049.4
55861,0,0.7,-0.001,-1050
55873,0,0.4,0.002,-1054.9
55885,0,-0.6,-0.004,-1040
55897,0.001,-0.6,0,-1040.9
55909,0,0.4,0.001,-1033.5
55921,0.001,0.8,0.001,-1039.5
55933,0,0.2,0.001,-1039.5
55945,0.001,-0.9,0.001,-1025.1
55957,0.001,-0.6,0.001,-1025.9
55969,0.001,0.5,-0.002,-1018.2
55981,0.001,0.8,0.002,-1027.4
55993,0.002,0.1,-0.002,-1024.2
56005,0,-0.9,-0.002,-1010.9
56017,0,-0.6,0.001,-1011
56030,0,0.7,-0.003,-1002.8
56042,0.001,0.7,0.001,-1013.8
56054,0,-0.1,-0.003,-1007.4
56066,0,-0.9,0,-996.6
56078,0.001,-0.5,0,-995.5
56090,0,0.8,-0.002,-988
56102,0,0.7,0.001,-999.3
56114,-0.001,-0.3,0.001,-993.5
56126,0.001,-1,-0.002,-981.8
56138,0,-0.3,0,-981.5
56150,0.001,1,-0.002,-973.9
56162,0,0.7,0.003,-984
56174,0,-0.4,0.002,-980
56186,0,-1.1,0,-966.2
56198,0,-0.5,0.002,-967.5
56210,0,1,-0.002,-960.1
56222,0,1.1,0,-967
56234,0.001,-0.1,0,-966.9
56247,0,-1.2,-0.001,-951.2
56259,0,-0.6,-0.001,-953.3
56271,0,0.9,0.001,-946.3
56283,-0.001,1.1,0,-949.3
56295,0,-0.2,0,-953
56307,0,-1.4,0.001,-938.6
56320,0,-0.8,0,-938.7
56332,0,1,-0.002,-932.6
56344,0,1.4,0,-929.5
56356,0,0.5,0.001,-938.6
56368,0,-1.2,0.002,-927.5
56380,0,-1.3,0,-921.4
56392,0,-0.1,-0.004,-919
56404,0,1.4,0,-911.7
56416,0,1.1,0.002,-922.1
56428,0,-0.5,0,-918.5
56440,-0.001,-1.3,0.001,-903.7
56452,0.001,-0.8,-0.001,-906.4
56464,0.001,1,0.002,-899.7
56476,0,1.3,-0.004,-898.3
56488,0,0.4,0.002,-906.5
56500,0,-1.3,0.002,-895.4
56512,0,-1.2,0.003,-889
56524,0,0,-0.001,-887.4
56536,0,1.5,-0.001,-880
56548,0,0.9,0,-888.2
56560,0,-0.6,0,-887.3
56572,-0.002,-1.5,0,-872.3
56584,0,-0.8,-0.003,-873.3
56596,0.002,0.9,0,-869
56608,0,1.4,0,-866.1
56620,-0.001,0.6,-0.001,-875.4
56632,0,-1.1,0,-868.1
56644,0,-1.4,0,-852.8
56656,0.001,-0.4,0.002,-856
56668,0,1.4,0.004,-849.7
56680,-0.001,1.3,0.001,-845.6
56692,0,0.2,-0.002,-856.5
56704,0.001,-1.5,-0.003,-848.5
56716,-0.001,-1.3,-0.003,-835.2
56728,0.001,0,-0.002,-838.3
56740,-0.001,1.7,-0.002,-831.7
56753,0,1.3,0.001,-829.2
56765,0,-0.3,0.001,-838.6
56777,0,-1.9,-0.001,-829.4
56789,-0.002,-1.4,-0.001,-817.3
56801,0,0.1,-0.001,-820.3
56813,0,2,-0.001,-813.7
56826,0.001,1.4,0,-810.9
56838,0,-0.4,-0.002,-820.5
56850,-0.001,-2,-0.004,-811.8
56862,0,-1.5,-0.002,-799
56874,0.001,0.2,0.002,-802.8
56886,0,2.1,0,-796.2
56898,0,1.6,0,-790.9
56910,-0.001,-0.1,0.003,-802.5
56922,0.001,-2.1,0,-796.6
56934,0,-1.8,-0.003,-781.7
56947,0,-0.2,-0.004,-784.1
56959,0,1.9,-0.001,-778.6
56971,0,2,-0.003,-771.9
56983,0,0.6,0,-780.9
56995,0,-1.7,0.002,-780.3
57008,0,-2.1,0,-766.1
57020,0,-0.7,0.001,-762.6
57032,0,1.5,0.001,-761.7
57044,0,2.5,-0.002,-755
57056,0.001,1.4,0.002,-754.1
57068,0,-1.1,0,-763.5
57081,0,-2.4,0,-754.1
57093,0,-1.3,-0.001,-740.4
57105,0,0.7,-0.001,-744.4
57117,0,2.3,-0.001,-738.6
57129,0,1.7,-0.002,-732.2
57142,-0.001,-0.2,0,-740.7
57154,0,-2.3,0.002,-740.5
57166,0,-2.2,0.001,-729
57178,0,-0.6,0,-719.9
57190,-0.002,1.8,0.001,-723.3
57202,0,2.7,0.002,-716.9
57214,0.001,1.2,0,-711.3
57226,0,-1.2,-0.001,-721.6
57238,0.001,-2.8,0.004,-719.9
57250,-0.002,-1.8,0.001,-707.9
57262,-0.001,0.1,-0.001,-698.9
57274,0,2.5,0,-702.6
57286,0,2.8,0,-696.4
57299,-0.001,0.9,0.001,-690.7
57311,-0.001,-1.8,-0.002,-700.3
57323,0,-2.9,0,-699.1
57335,-0.001,-1.7,-0.003,-687.6
57347,-0.001,0.5,0.001,-676.7
57359,0,2.7,-0.001,-681.4
57371,0.001,2.5,-0.002,-676
57383,0,0.6,0,-670.7
57395,-0.001,-1.9,-0.003,-674.6
57408,0.001,-2.9,-0.001,-680
57420,0,-1.5,0.001,-669.5
57432,-0.001,0.7,0,-655.5
57444,0.001,2.7,-0.001,-657.6
57456,0,2.5,0.002,-659.6
57468,0.001,0.7,0,-653
57480,0,-1.8,0.002,-648.2
57492,0,-2.7,-0.001,-658
57504,-0.002,-1.6,0.001,-652.8
57516,-0.001,0.4,-0.001,-640.8
57528,0,2.4,-0.001,-630.1
57540,0,2.5,0,-636.1
57552,0.001,0.8,0,-632.2
57564,-0.001,-1.5,-0.001,-627.6
57576,0,-2.6,0,-625.2
57588,0,-1.5,0.002,-634.1
57600,0,0.1,0.002,-626.5
57612,-0.001,1.9,-0.002,-614.7
57624,0.001,1.9,-0.002,-605.6
57636,0.001,0.5,-0.001,-612.8
57648,-0.001,-1.3,0.002,-609.3
57660,0,-1.6,0,-603.8
57672,0.001,-0.6,0,-598.6
57684,0,0.5,0.001,-606.8
57696,0.001,0.9,-0.002,-603.2
57708,-0.001,0.6,0,-593.9
57720,0.001,0.2,0.001,-582.7
57732,0.001,-0.2,0.001,-585.5
57744,0,-0.3,-0.001,-585.4
57756,0,-0.1,-0.001,-579
57769,-0.001,0.1,-0.002,-573.5
57781,0,-0.4,-0.001,-577.2
57793,0,-0.1,-0.003,-581.6
57805,0,0.6,0.001,-571.8
57817,0,0.7,0.001,-561.2
57830,0,0.4,-0.001,-554.8
57842,-0.001,-0.3,-0.002,-561.3
57854,0,-0.3,0.002,-556.2
57866,0,0,0.001,-550.3
57878,-0.001,0.2,-0.003,-545
57891,0.001,0.2,-0.001,-551.6
57903,0,0,0.002,-552.7
57915,0,-0.3,0,-542.6
57927,0,-0.1,0.001,-532.3
57939,0,0.1,-0.001,-526
57951,0,0.3,0,-532.4
57963,-0.001,-0.1,0.001,-528.8
57975,0,-0.3,0.001,-522.3
57987,0,-0.1,0,-516.8
57999,0,0.1,0,-517.8
58011,0,0.3,0.001,-524.6
58023,0,0.1,-0.002,-517.1
58035,0,-0.2,0,-508.2
58047,0,-0.3,0,-498.3
58059,0.001,0,-0.002,-497.5
58071,0,0.2,0,-502.7
58083,0,0.3,0.001,-496.7
58095,0,0,0,-491.2
58107,0,-0.2,-0.001,-486
58119,0,-0.2,-0.001,-487.2
58131,0,0,0,-493.6
58143,0,0.3,-0.002,-486.5
58156,-0.002,0.2,0,-477
58168,-0.001,-0.1,0,-468
58180,0,-0.3,0,-464.8
58192,0,-0.1,0.001,-470.7
58204,-0.001,0.1,-0.001,-467.3
58217,-0.001,0.3,0.001,-460
58229,0,0.1,-0.002,-455.8
58241,0.001,-0.2,0,-452.5
58253,0,-0.3,0,-458.1
58265,0,0,-0.002,-458.4
58277,0,0.2,0,-448.8
58289,0,0.2,0,-441.4
58301,0,0,0.002,-434.8
58313,-0.001,-0.3,-0.002,-432.2
58325,0,-0.2,0.001,-436.5
58337,0.001,0.1,0.001,-432.8
58349,-0.001,0.3,0,-425.5
58361,0.001,0.1,0.001,-422
58373,0.001,-0.1,-0.002,-417.3
58385,0,-0.3,0,-418.2
58397,0,-0.1,-0.002,-423.3
58409,-0.001,0.2,0.001,-418.1
58422,0,0.3,0.001,-408.5
58434,0,0,0,-402.1
58446,0,-0.2,0.004,-394.6
58458,0,-0.2,-0.001,-393.5
58470,0,0,0.001,-398.2
58482,0.001,0.3,0,-395
58494,0,0.2,0,-387.5
58506,0,0,0.001,-384
58518,0,-0.3,-0.001,-379.6
58530,0,-0.2,0,-376.9
58542,0,0.1,0,-380.6
58554,0,0.3,-0.001,-382.3
58566,0.001,0.1,-0.002,-374.1
58578,0.001,-0.1,0.001,-366.4
58590,0,-0.3,-0.001,-360.8
58602,0.001,-0.1,0,-353.8
58614,0.001,0.2,-0.001,-350.5
58626,0,0.3,0,-354.2
58638,0,0,-0.002,-354.5
58650,-0.001,-0.2,0,-348.2
58662,0.001,-0.2,-0.001,-342.1
58674,-0.001,0,-0.001,-339.4
58686,0,0.3,-0.001,-335
58698,0.001,0.2,0,-332.3
58710,0,0,-0.001,-334.1
58722,0.001,-0.3,0,-336.6
58734,0,-0.2,0.002,-331
58746,0,0.1,-0.001,-322.5
58758,0.001,0.3,0,-317.6
58770,-0.001,0.1,0,-312.8
58783,0.001,-0.2,0.002,-305.9
58795,0,-0.3,-0.001,-302.9
58807,0,0,-0.001,-305.7
58819,0,0.2,0.001,-306.5
58831,-0.001,0.3,0,-301.5
58844,0,0,-0.001,-294.6
58856,0.001,-0.3,0,-291.1
58868,0.002,-0.2,0,-288.9
58880,0,0.1,0.001,-284
58892,0,0.3,-0.001,-280.9
58904,0,0.2,-0.001,-281.3
58916,0,-0.1,0,-282.8
58928,0,-0.3,-0.001,-280.8
58941,0,-0.1,0,-272.7
58953,0.001,0.2,-0.004,-266.2
58965,0,0.3,0.001,-262.4
58977,0,0.1,0,-258.1
58989,0,-0.2,0.002,-252.6
59001,0,-0.3,0,-248.1
59013,0,0,0,-245.9
59025,0,0.2,0,-247.4
59037,0,0.2,0.001,-247.4
59049,-0.001,0,-0.001,-243.1
59062,0,-0.3,0.001,-237.4
59074,0.001,-0.2,0,-232.1
59086,-0.001,0.1,0,-229.2
59098,-0.001,0.3,-0.001,-226.8
59110,0,0.1,0,-223.3
59122,-0.001,-0.1,0,-218
59135,0,-0.3,-0.002,-215.4
59147,0,0,0,-215.3
59159,0,0.2,0,-215.1
59171,0,0.3,-0.001,-213.9
59183,0,0,-0.001,-209.2
59196,0,-0.3,0.002,-201.9
59208,0,-0.2,0,-196.1
59220,0,0.1,-0.001,-192.7
59232,0,0.3,0,-190
59244,0.001,0.2,0,-185.1
59256,0,-0.1,0,-181.1
59268,0.001,-0.3,0.001,-175.5
59280,-0.001,-0.1,0,-172
59292,0,0.1,-0.001,-168
59304,-0.001,0.3,0.001,-167
59316,0.001,0.1,0,-167.3
59328,0,-0.2,0,-165.6
59340,-0.002,-0.3,0,-162.7
59352,0,0,0,-157.3
59364,0.001,0.2,-0.001,-153.8
59376,0,0.2,-0.001,-151.2
59388,0,0,0.001,-146.2
59401,0,-0.3,0.004,-141.5
59413,0,-0.2,0,-139.5
59425,0,0.1,-0.001,-136.5
59437,0.001,0.3,0.002,-133.6
59449,0.001,0.1,-0.001,-130.6
59461,0,-0.1,0,-123.9
59473,0,-0.3,0.001,-119.5
59485,0,-0.1,0,-119
59497,-0.001,0.2,0,-116.5
59509,0,0.5,0,-111.4
59521,0,0.2,0,-109.6
59533,0,0,-0.002,-107.8
59545,0,-0.3,0.002,-102.3
59557,-0.002,-0.1,0.001,-98.3
59569,0,0.1,0,-98.4
59581,0,0.3,0,-97.5
59593,-0.001,0.1,-0.001,-91.9
59606,0,-0.2,0,-84.3
59618,-0.001,-0.3,0,-80.6
59630,0,0,0,-76.5
59642,0.001,0.3,-0.001,-73.3
59654,0.001,0.2,-0.001,-70.5
59666,0.001,-0.1,0,-66.1
59678,0,-0.3,0,-62.6
59690,0.002,-0.1,0,-60.8
59702,0,0.1,0,-58.2
59714,-0.001,0.3,0,-54.2
59726,0,0.1,0,-52.8
59738,0,-0.2,-0.001,-49.4
59750,0,-0.3,-0.001,-42.2
59762,0,0,-0.001,-33.4
59774,0.001,0.3,0.001,-25.2
59786,0,0.2,0,-17.5
59798,0,-0.1,-0.001,-10.2
59810,0,-0.3,0,-4.2
59822,0,-0.1,-0.001,-0.1
59834,0.001,0.1,0,3.6
59846,0.001,0.3,0,6.4
59858,0.001,0.1,-0.001,8.9
59870,0,-0.2,-0.001,11.1
59882,0,-0.3,0.001,12.7
59894,0,0,-0.001,13.7
59906,-0.001,0.3,-0.001,14.7
59918,-0.001,0.2,0.001,16.2
59930,0,-0.1,0.001,18.3
59942,0.002,-0.3,0,20
59954,0,-0.1,0.001,20.7
59966,0,0.1,0.001,21.3
59978,0.002,0.3,-0.001,20.7
59990,0,0.1,0,16.2
60002,0,-0.2,-0.001,8.9
60014,-0.002,-0.3,-0.001,1.6
60026,0,0,-0.001,-5.2
60038,0,0.3,0,-9.6
60050,0,0.2,-0.001,-11.4
60062,0,-0.1,0.001,-10.2
60074,-0.001,-0.3,0,-6.2
60086,0,-0.1,-0.001,-1.4
60098,0,0.1,0,3.3
60110,0,0.3,-0.002,5.4
60122,0,0.1,-0.001,4.9
60134,0,-0.2,0,2.6
60146,0,-0.3,0,0.4
60158,-0.001,0,0,-2
60170,0,0.3,0,-2.5
60182,0,0.2,0,-1.4
60194,0,-0.1,-0.001,-0.2
60206,0,-0.3,0,0.9
