4592,-0.001,0,-0.001,0
4604,0,0,0,0
4615,-0.001,0,-0.001,0
4627,0,0,-0.001,0
4638,-0.001,0,-0.002,0
4650,0,0,0,0
4662,0.001,0,0,0
4673,0.001,0,0,0
4684,0,0,0.001,0
4695,0,0,0.003,0
4706,0,0,-0.001,0
4717,-0.001,0,-0.001,0
4728,0,0,0,0
4739,0,0,0.001,0
4750,0,0,0,0
4761,0.001,0,-0.001,0
4773,0.002,0,0.001,0
4785,0.001,0,-0.001,0
4796,0,0,0.001,0
4807,0,0,0,0
4818,-0.001,0,-0.001,0
4829,0,0,0.002,0
4840,0,0,-0.002,0
4852,0.001,0,-0.001,0
4864,0,0,-0.001,0
4876,0,0,0,0
4887,0,0,0.001,0
4899,0.001,0,0,0
4910,0,0,-0.002,0
4922,0,0,0.001,0
4933,0,0,-0.001,0
4945,0.001,0,0.001,0
4957,0.001,0,0.001,0
4968,0,0,0,0
4979,0.001,0,-0.001,0
4990,-0.002,0,-0.002,0
5002,0,0,0,0
5013,0.001,0,0.002,0
5024,0,0,-0.001,0
5036,0.001,0,0,0
5048,0.001,0,-0.001,0
5059,0.001,0,0.001,0
5070,0,0,-0.001,0
5081,0.001,0,-0.002,0
5093,0,0,0,0
5104,-0.001,0,0,0
5115,-0.001,0,-0.002,0
5127,0,0,0.001,0
5139,0,0,0.001,0
5150,0,0,-0.001,0
5161,0.001,0,0.001,0
5172,-0.001,0,0.002,0
5184,0,0,0,0
5195,-0.001,0,0,0
5206,0,0,0,0
5217,0.001,0,0,0
5228,0,0,0,0
5239,0,0,0,0
5250,0,0,-0.002,0
5262,0,0,0.003,0
5274,0,0,0.001,0
5285,0.001,0,0.001,0
5296,0,0,0.001,0
5307,0,0,0,0
5318,-0.001,0,-0.001,0
5330,0,0,-0.001,0
5341,0,0,0,0
5352,0,0,0,0
5363,0,0,0,0
5374,0,0,-0.001,0
5386,0.001,0,0,0
5398,0,0,0.002,0
5409,0.001,0,0,0
5420,0,0,0.002,0
5431,0,0,0,0
5442,-0.001,0,0.002,0
5453,0.001,0,0.003,0
5464,0.001,0,0,0
5475,0.001,0,-0.002,0
5487,0,0,0,0
5499,-0.001,0,0,0
5510,0,0,0.003,0
5522,0,0,-0.001,0
5533,-0.001,0,0.001,0
5544,0,0,0.002,0
5555,0,0,0,0
5566,-0.001,0,0,0
5577,-0.001,0,-0.001,0
5589,0,0,0.001,0
5601,0,0,0,0
5612,0,0,0,0
5623,0,0,-0.001,0
5634,-0.001,0,-0.001,0
5646,0.001,0,0,0
5657,0,0,0,0
5668,0,0,-0.001,0
5680,0.001,0,0,0
5692,0,0,0.002,0
5703,0,0,0.001,0
5714,0,0,0,0
5725,0,0,-0.002,0
5736,0,0,0.001,0
5747,0,0,0,0
5758,-0.001,0,0,0
5769,0,0,-0.001,0
5780,0,0,-0.002,0
5792,0.001,0,-0.001,0
5804,-0.001,0,0,0
5815,-0.001,0,0,0
5826,0,0,-0.001,0
5837,0,0,-0.001,0
5848,-0.001,0,-0.001,0
5860,0,0,-0.001,0
5871,0,0,0.001,0
5883,0,0,0,0
5895,-0.002,0,0,0
5906,0,0,0,0
5917,0.002,0,0,0
5928,-0.001,0,0.001,0
5939,0,0,-0.001,0
5951,0.001,0,0,0
5962,0,0,0.002,0
5974,0,0,0,0
5986,0,0,0,0
5997,-0.001,0,-0.002,0
6009,0.001,0,-0.001,0
6020,0,0,-0.001,0
6031,0,0,0,0
6042,0,0,-0.001,0
6053,0,0,0.001,0
6064,0,0,0,0
6075,0.001,0,0,0
6086,0.001,0,0,0
6097,0,0,0,0
6108,0,0,0,0
6119,0,0,0.002,0
6131,0,0,0,0
6143,0,0,-0.002,0
6155,0,0,0,0
6166,0,0,-0.001,0
6177,0,0,0.001,0
6188,0,0,-0.001,0
6199,0,0,-0.001,0
6210,0,0,0.001,0
6221,-0.001,0,0,0
6233,0,0,-0.002,0
6245,0,0,-0.001,0
6256,0,0,-0.001,0
6268,0,0,-0.002,0
6280,0.001,0,0,0
6291,0.001,0,0,0
6302,0.001,0,0,0
6313,-0.001,0,0,0
6325,0.001,0,-0.001,0
6337,0,0,-0.001,0
6348,0,0,-0.002,0
6360,0.001,0,0,0
6371,-0.001,0,-0.001,0
6382,0.001,0,0.001,0
6393,0,0,0,0
6404,0,0,-0.001,0
6416,0,0,0,0
6428,0,0,0.001,0
6439,0.001,0,0,0
6450,0,0,0.001,0
6461,0.001,0,0,0
6472,-0.001,0,-0.002,0
6484,0,0,0.002,0
6495,0,0,0,0
6506,0.001,0,-0.001,0
6518,-0.001,0,-0.001,0
6530,-0.001,0,-0.001,0
6541,0,0,0,0
6552,0,0,0.001,0
6563,0,0,0.001,0
6574,-0.001,0,0,0
6585,0,0,-0.001,0
6596,0,0,-0.001,0
6607,0,0,0.001,0
6618,0,0,0.002,0
6630,0,0,0,0
6642,0,0,-0.002,0
6653,0.001,0,-0.001,0
6664,0.001,0,0.001,0
6675,0,0,0.001,0
6686,-0.001,0,-0.001,0
6698,0,0,-0.001,0
6709,-0.001,0,0.001,0
6721,0,0,0,0
6733,0,0,0,0
6744,0,0,-0.002,0
6755,0.001,0,0.001,0
6766,0,0,-0.001,0
6777,0,0,-0.001,0
6788,0,0,0,0
6799,0,0,-0.001,0
6810,0,0,0.001,0
6822,0,0,-0.001,0
6834,0,0,-0.001,0
6845,-0.003,0,0,0
6856,0,0,-0.001,0
6867,0,0,0,0
6878,0.001,0,0,0
6889,-0.001,0,-0.002,0
6901,0,0,0.001,0
6913,0,0,-0.001,0
6925,0,0,-0.001,0
6936,0,0,-0.001,0
6947,0,0,-0.001,0
6958,0.491,0,0.001,0
6970,0.497,21.7,0.002,0.3
6982,0.497,88.9,0.001,0.8
6994,0.498,173.9,0,0.9
7006,0.5,261.1,0.002,0.5
7018,0.501,347.8,0,-0.2
7030,0.498,437.7,-0.002,-2
7042,0.499,524.1,0,-3
7054,0.5,612.5,-0.002,-1.9
7067,0.499,696.7,-0.001,0.2
7079,0.497,794.4,0,2.9
7091,0.499,893,0.001,4.2
7103,0.499,972.5,-0.001,4.5
7115,0.497,1065.8,0,4.2
7127,0.498,1148.2,-0.001,2.9
7139,0.497,1247.3,0.001,1
7151,0.514,1333.5,-0.002,-0.2
7163,0.484,1430.1,0.001,-0.5
7175,0.423,1513.5,0,-0.2
7187,0.427,1600.4,0,-0.2
7199,0.36,1677.9,0.003,0.8
7211,0.324,1744.3,0.001,1.6
7223,0.337,1813.3,-0.001,0.9
7235,0.318,1872.5,0,0.8
7247,0.257,1929.4,0.001,0.4
7259,0.233,1976.4,-0.001,-0.5
7271,0.198,2016.3,0,-0.5
7282,0.182,2059.8,-0.001,-0.2
7294,0.189,2095.8,0,0
7306,0.173,2133.5,0,0.2
7318,0.153,2163.5,0,0.5
7330,0.188,2189,-0.001,1
7342,0.168,2217.2,0.001,0.6
7354,0.137,2236.5,0.001,0.7
7366,0.147,2261.7,-0.001,0.2
7378,0.114,2275.8,-0.002,-0.3
7390,0.08,2298.7,0,-0.4
7402,0.094,2312.2,0,0.2
7414,0.062,2330.8,0,0.6
7426,0.071,2342.3,-0.001,0.3
7438,0.1,2355.8,0,0.1
7450,0.101,2365.6,0,-0.3
7462,0.109,2374.7,0.001,-0.2
7474,0.096,2383.3,-0.001,-0.2
7486,0.091,2389.1,0,0.1
7498,0.058,2397.2,0,0.1
7510,0.064,2401.1,0.001,0.4
7522,0.063,2409,0,0.2
7534,0.087,2411.1,0,0
7546,0.036,2418.6,0,-0.2
7558,0.062,2419.2,0,-0.1
7570,0.073,2426.5,0.001,0
7582,0.045,2425.9,0,0
7594,0.063,2432.9,-0.002,0
7606,0.026,2431.4,0,0.2
7618,0.052,2438.1,0,0
7630,0.031,2436,-0.001,0
7642,0.058,2442.3,0,0
7654,0.038,2439.8,0,0
7666,0.053,2446,0,0
7678,0.028,2443.3,0.001,-0.1
7690,0.02,2448.9,-0.001,0
7702,0.034,2445.4,0,0
7714,0.004,2449.6,0,0
7726,0.036,2447.5,0.002,0
7738,0.021,2453.2,-0.001,0
7750,0.021,2449.9,-0.002,0.1
7762,0.038,2454.2,-0.001,0.1
7774,0,2451.7,-0.002,-0.1
7786,0.025,2455.9,0.002,0
7798,0.012,2453.6,-0.001,-0.1
7810,-0.007,2457.1,0.004,0
7822,0.026,2454.3,0,0
7834,0.014,2457.9,0.001,0.2
7846,0.005,2456.3,0,0.1
7858,0.05,2459,0,0
7870,0.009,2456.8,0.001,-0.2
7882,0.021,2458.5,0,-0.1
7894,0.038,2457.4,0.002,0
7906,0.025,2458.9,0,0
7918,0.016,2459.1,0,0
7930,0.054,2460.2,0,0.2
7942,0.012,2459.3,0.001,0.1
7954,0.03,2459.5,0,-0.1
7966,0.055,2459.5,-0.001,-0.2
7978,0.039,2460.1,0,-0.1
7990,0.034,2460.1,0,0
8002,0.069,2459.5,0.001,0.2
8014,0.037,2470.7,0,0.1
8026,0.043,2470.4,0,0
8038,0.061,2465.1,-0.002,0
8050,0.047,2460.9,0.001,0
8062,0.029,2461.6,-0.001,-0.2
8074,0.068,2460.3,0.001,-0.1
8086,0.034,2461.9,0.001,0
8098,0.034,2459.9,0.002,0.2
8110,0.054,2461.6,0.001,0.1
8122,0.062,2459.4,0.001,0
8134,0.028,2461.4,-0.002,-0.2
8146,0.073,2458.9,0.002,-0.1
8158,0.041,2461.5,0,0
8170,0.03,2458.7,-0.001,0.2
8182,0.051,2461.6,0,0.2
8194,0.044,2458.5,0.003,0
8206,0.012,2461.6,0.002,0
8218,0.046,2458.3,-0.001,0
8230,0.046,2461.5,-0.001,0
8242,0.033,2458,-0.001,0
8254,0.056,2461.5,-0.001,0
8266,0.057,2457.6,0,0
8278,0.02,2461.3,0,-0.2
8290,0.056,2457.2,0.001,-0.1
8302,0.034,2461.1,-0.002,0
8314,0.017,2456.8,0,0.1
8326,0.03,2461,0,0.2
8338,0.051,2456.7,0,0.1
8350,0.011,2461,0,0
8362,0.05,2456.8,0.002,0
8374,0.05,2461,-0.001,-0.1
8386,0.022,2456.9,0.001,0
8398,0.042,2461.4,0,0.1
8410,0.045,2457.2,-0.001,0
8422,0.007,2461.7,-0.002,0
8434,0.021,2457.5,-0.001,0
8446,0.039,2461.9,0,-0.1
8458,-0.004,2457.8,-0.002,-0.2
8470,0.025,2462.1,0,-0.1
8482,0.042,2458.1,0.001,0.2
8494,0.018,2462.3,0.006,0.2
8506,0.013,2458.7,-0.001,0
8518,0.044,2462.5,-0.001,0
8530,0.008,2459.1,0,0
8542,0.001,2462.4,0.001,-0.1
8554,0.03,2458.8,0.001,-0.2
8566,0.004,2461.5,0,0
8578,-0.006,2459.2,0,0
8589,0.02,2463.1,0,0.2
8601,0.038,2461.2,0,0.1
8613,0.028,2462.7,0,0
8625,0.009,2461,0,-0.2
8637,0.053,2461.5,-0.001,-0.1
8649,0.02,2462.4,0,0
8661,0.021,2462.6,0.001,0.2
8673,0.045,2461.6,-0.001,0.1
8685,0.052,2461.8,-0.001,0
8697,0.024,2461.6,0,0
8709,0.06,2461.4,0.001,0
8721,0.053,2462.1,0,0
8733,0.034,2460.5,0.001,0
8745,0.051,2460.8,0,0
8757,0.065,2459.4,0,0
8769,0.021,2461.6,0,-0.2
8781,0.05,2459.1,-0.001,0.1
8793,0.05,2460.6,0.002,0.1
8805,0.038,2458.7,0.001,0
8817,0.035,2460.4,0,-0.2
8829,0.072,2458.1,0,0.1
8841,0.029,2459.6,0,0.1
8853,0.054,2456.6,-0.001,0
8865,0.059,2470.3,-0.001,0
8877,0.039,2467.9,0,0
8889,0.027,2464.3,0,-0.2
8901,0.063,2458.5,-0.001,-0.1
8913,0.024,2461.2,0,0
8925,0.019,2458.1,0,0.2
8937,0.056,2461.4,-0.002,0.1
8949,0.045,2457.8,0,0
8961,0.027,2461.3,0,-0.2
8973,0.071,2457.5,0.001,-0.1
8985,0.038,2461.1,-0.001,0
8997,0.032,2457.3,0.001,0.2
9009,0.055,2461.2,0,0.1
9020,0.063,2457,-0.001,0
9032,0.031,2461.4,-0.002,-0.2
9044,0.026,2457.1,0,-0.2
9056,0.054,2461.6,-0.001,0
9068,0.025,2457.4,0.001,0.1
9080,0.006,2461.8,0,0.2
9092,0.034,2457.7,0.001,0.1
9104,0.019,2462.2,0,0
9116,0,2458.3,0.001,0
9128,0.036,2462.6,-0.002,-0.1
9140,0.024,2458.8,0,-0.2
9152,0.01,2462.8,0,0
9164,0.04,2459,0,0.2
9176,0.024,2462.7,-0.002,0.2
9188,-0.003,2459.4,0,0
9200,0.023,2463,-0.001,0
9212,0.015,2460.1,0.001,0
9224,-0.01,2463.4,0,-0.1
9236,0.022,2461,0,-0.1
9248,0.026,2463.9,-0.001,0.1
9260,-0.006,2461.7,0,0.1
9272,0.033,2464.1,-0.001,0
9284,0.032,2462.3,-0.001,0
9296,0.013,2464.4,-0.001,0
9308,0.022,2463,0,-0.2
9320,0.053,2464.7,-0.002,-0.1
9332,0.001,2463.8,-0.001,0
9344,0.021,2464.9,-0.002,0.2
9356,0.041,2464.2,0.001,0.1
9368,0.036,2464.6,-0.002,0
9380,0.008,2464,-0.001,-0.2
9392,0.053,2463.3,-0.001,0.1
9404,0.04,2463,0.001,0.1
9416,0.031,2462.4,0,0
9428,0.054,2461.8,0,0
9440,0.061,2461.3,0,0
9452,0.026,2460.9,0,0
9463,0.036,2457.9,0,0
9475,0.05,2460,-0.001,0
9487,0.066,2457.3,-0.001,0
9499,0.027,2459.2,-0.001,-0.2
9511,0.066,2457.7,0.002,0.1
9523,0.048,2460.1,0,0.1
9535,0.033,2457.1,0.001,0
9547,0.046,2459.1,0,0
9559,0.054,2456.4,0,0
9571,0.017,2459.9,0.001,0
9583,0.044,2455.9,-0.002,0
9595,0.05,2458.9,0,0
9607,0.032,2455.2,-0.002,0
9619,0.046,2459.4,0,0
9631,0.064,2456,-0.001,0.2
9643,0.024,2459.5,0,-0.1
9655,0.047,2455.5,0.002,-0.1
9667,0.045,2458.5,-0.001,-0.2
9679,0.024,2454.7,-0.001,-0.1
9691,0.02,2459.1,0,0
9703,0.053,2454.2,0.001,0.2
9715,0.014,2468.1,0.002,0.1
9727,0.034,2464.6,0,0.2
9739,0.053,2463.7,-0.001,0
9751,0.033,2457,-0.001,-0.1
9763,0.028,2461.1,0,-0.2
9775,0.057,2457.1,-0.001,-0.1
9787,0.025,2461.8,-0.001,0
9799,0.004,2457.7,0.002,0.2
9811,0.04,2462.1,0,0.2
9823,0.012,2458,0,0
9835,0.004,2462.5,0,0
9847,0.033,2458.6,-0.001,0
9859,0.028,2462.9,0,-0.2
9871,0.005,2459.2,0,-0.1
9882,-0.004,2464.1,-0.001,0.1
9894,0.032,2461.4,0,0.2
9906,0.018,2464.2,0.002,0.1
9918,-0.001,2462,0.001,-0.1
9930,0.043,2464.4,0.001,-0.1
9942,0.022,2462.2,0,0
9954,0.014,2464.1,0.001,-0.1
9966,0.033,2462.6,0.002,-0.2
9978,0.041,2464.1,0,-0.1
9990,0,2463,-0.001,0.1
10002,0.04,2464,0,0.4
10014,0.032,2463.3,-0.002,0
10026,0.017,2463.9,-0.004,0
10038,0.035,2463.6,0,-0.3
10050,0.06,2463.7,-0.001,-0.1
10062,0.023,2463.7,0,0
10074,0.051,2463.3,0,0.2
10086,0.065,2463.7,0.001,0.1
10098,0.038,2462.8,-0.002,0.2
10110,0.043,2463.4,0,-0.1
10122,0.068,2462.2,0,-0.1
10134,0.023,2462.9,-0.002,0
10146,0.039,2461.2,0,0
10158,0.054,2462.3,0,0
10169,0.073,2458.9,0,0
10181,0.023,2461.5,0.001,0
10193,0.036,2458.5,0.002,0
10205,0.056,2461.3,0,0
10217,0.038,2458.1,-0.001,0.2
10229,0.019,2461.3,0.001,0
10241,0.058,2457.5,-0.001,-0.1
10253,0.039,2460.3,0,0
10265,0.037,2456.5,-0.001,0
10277,0.061,2460.1,-0.001,0
10289,0.048,2456.5,-0.001,0
10301,0.023,2460.4,0.001,0
10313,0.06,2456.4,0,0
10325,0.027,2459.1,0.001,0
10337,0.019,2454.4,0,0
10348,0.024,2459.8,-0.002,-0.2
10360,0.054,2455.8,0.002,0
10372,0.025,2459.8,-0.001,0.1
10384,0.001,2455.7,-0.002,0.1
10396,0.035,2459,-0.002,0
10408,0.012,2455,0.002,-0.1
10420,0.004,2459.4,-0.001,0
10432,0.033,2455.7,-0.001,0
10444,0.022,2459.9,0,-0.2
10456,0.007,2455.9,0,0
10468,0.038,2460.1,0,0.1
10480,0.015,2456.5,0.001,0.2
10492,-0.002,2460.2,0.001,0.1
10504,0.025,2458.4,-0.001,-0.1
10516,0.009,2461.3,-0.001,-0.1
10528,-0.012,2459.6,0,-0.2
10540,0.023,2462.4,-0.003,0.1
10552,0.011,2460.5,0,0.2
10564,0.001,2472.5,0,0.1
10576,0.029,2470.3,-0.001,-0.1
10588,0.042,2466.5,-0.001,-0.1
10600,-0.002,2462.3,0,0
10612,0.034,2463.8,0,0
10624,0.037,2462.7,0.001,0
10636,0.021,2464.1,-0.001,0
10648,0.017,2463.3,0,0
10660,0.053,2464.3,-0.001,0.2
10672,0.011,2463.7,0.001,0.1
10684,0.027,2464,-0.001,-0.1
10696,0.053,2463.7,0.001,-0.2
10708,0.041,2463.8,0,-0.1
10720,0.03,2463.9,-0.001,0
10732,0.065,2463.6,0.001,0
10744,0.041,2464,-0.001,0
10756,0.034,2463,-0.001,0.2
10768,0.062,2463.6,-0.001,-0.1
10780,0.053,2462,-0.001,-0.1
10792,0.018,2463,0,-0.2
10804,0.062,2461.3,-0.001,0.1
10816,0.039,2462.5,-0.001,0.1
10828,0.035,2460.5,0.001,0.4
10840,0.046,2462,-0.001,0
10852,0.066,2459.7,-0.001,-0.1
10864,0.026,2461.7,0.002,-0.2
10876,0.068,2459.1,-0.001,-0.1
10888,0.046,2461.6,0,0
10900,0.029,2458.8,0,0.2
10912,0.044,2461.4,0.001,0.1
10924,0.048,2458.4,0,0
10936,0.014,2461.4,0,-0.2
10948,0.042,2458.2,0,-0.1
10960,0.052,2461.6,0,0
10971,0.043,2457.6,0,0.2
10983,0.001,2461.6,-0.001,0
10995,0.046,2457.6,0,0
11007,0.031,2461.8,-0.002,0
11019,0.02,2457.4,0,-0.1
11030,0.003,2461.9,0,0
11042,0.018,2457.7,0.002,0
11054,0.033,2461.8,0.001,0
11066,-0.004,2457.7,0.001,0.1
11078,0.018,2462,0,0
11090,0.033,2458,0,0
11102,0.009,2461.5,-0.001,0
11114,0.02,2457.6,-0.001,-0.1
11126,0.037,2461.4,0,-0.1
11138,-0.001,2458.3,-0.002,0
11150,0.01,2461.4,0,0
11162,0.024,2458.9,-0.001,0
11174,-0.007,2461.9,0.001,0.2
11186,0.003,2459.7,0,0.1
11198,0.032,2462.6,0.001,-0.1
11210,-0.004,2460.1,0,-0.2
11222,0.012,2463.1,-0.001,-0.1
11234,0.04,2461.5,-0.002,0
11246,0.025,2463.5,-0.001,0
11258,0.009,2460.8,0,0.1
11270,0,2463.2,-0.001,0.2
11282,-0.016,2458.4,0,0.1
11294,-0.015,2453.4,0,-0.1
11306,-0.01,2446.4,0.001,-0.2
11318,-0.005,2440,0.001,-0.1
11330,-0.001,2433.9,-0.001,0.1
11342,-0.002,2426.7,-0.001,0.4
11354,0.002,2421,-0.001,0
11366,-0.014,2413.2,0,-0.1
11378,-0.009,2407.8,0,-0.4
11390,-0.002,2398.3,0,0.2
11402,0.007,2395.2,0.001,0.2
11414,-0.002,2396.1,0.001,0.3
11426,0.001,2394.5,0,-0.1
11438,0.001,2377.6,0,-0.1
11450,0,2372.2,-0.001,-0.2
11462,-0.007,2361.6,0,0
11474,0.002,2360.6,0.003,0.1
11486,-0.012,2350.7,-0.001,0.1
11498,0.004,2350.2,0.003,0
11510,0.012,2341.3,-0.002,-0.2
11523,0.012,2339,-0.001,-0.1
11535,0.003,2330.9,-0.001,0.1
11547,0.009,2329.6,0.002,0.2
11559,-0.001,2322.8,0,0.1
11571,0.001,2318.2,0,0.1
11583,0.003,2311.7,-0.002,-0.1
11595,-0.007,2304,0,-0.1
11607,0.001,2299.8,0.004,-0.2
11619,-0.011,2291.1,0.001,0.1
11631,0.001,2288.7,0,0.1
11643,-0.009,2278.8,0.002,0
11656,-0.004,2277.8,-0.002,0
11668,0,2268.2,-0.001,0
11680,0.008,2268.9,0.003,0
11692,0.008,2261.7,0,0
11704,0.002,2260.9,0,0
11716,-0.001,2254.8,0.002,0
11728,0,2249.1,-0.001,0
11740,-0.005,2243.9,0,0
11752,-0.004,2235.3,-0.001,0
11764,0.001,2232.9,-0.001,0
11776,-0.002,2223.1,0,0
11788,0.002,2223.4,0.001,0
11800,0.01,2215.7,-0.001,0
11813,0.002,2214.9,-0.001,0
11825,0.005,2209,0.001,-0.2
11837,0,2205.2,0.001,0.1
11849,-0.003,2199.1,-0.001,-0.1
11861,-0.006,2190.5,-0.001,0.1
11873,-0.002,2188,-0.001,-0.1
11885,-0.001,2178.2,-0.002,-0.1
11897,0,2178.8,0.001,0
11909,0.005,2172.1,0,0.2
11921,0.005,2172.1,-0.001,0.3
11933,0.004,2165.4,-0.001,-0.1
11945,0.003,2157.2,0.002,-0.1
11957,0,2153.4,0,-0.2
11969,-0.003,2144.3,0,0
11981,0.002,2144.5,-0.001,0.1
11993,0.008,2137.5,-0.001,0.2
12005,0.006,2138.5,-0.001,0.2
12017,0.002,2132.1,0.003,-0.1
12029,0.001,2124.6,0,-0.1
12041,0.002,2121.5,-0.002,-0.2
12054,-0.004,2111.9,-0.001,0.1
12066,0.001,2111.2,-0.001,0.1
12078,0.011,2104.4,0,0.1
12090,0.005,2106.4,0,0.2
12102,0.002,2100.4,-0.001,-0.1
12115,-0.005,2092.9,0,-0.1
12127,-0.001,2088.5,-0.001,-0.2
12139,-0.004,2078.8,-0.001,0.1
12151,0.001,2080,0,0.1
12163,0.003,2073.9,0,0.1
12175,0,2072.9,0,0.2
12187,0,2065.8,-0.002,-0.1
12199,-0.002,2056.5,-0.001,-0.1
12211,-0.002,2055.9,0.001,0
12223,0.008,2047.9,-0.001,0
12235,0.007,2050.7,0,0
12247,0.002,2045.2,0,0
12259,-0.005,2035.9,0,0.2
12271,-0.003,2044.4,0.001,-0.1
12283,-0.003,2031.2,0,-0.1
12295,0,2030.1,0,0
12307,0.004,2023.5,-0.001,0
12319,-0.003,2015.8,0.001,0
12331,0.002,2013.2,0.002,0
12343,-0.001,2003.8,0.001,0.2
12355,0.001,2007.2,0,0
12367,0.003,2002.1,0,-0.1
12379,-0.001,1994.3,-0.001,-0.1
12391,0.002,1991,0.001,0
12403,-0.003,1981.5,0.002,0.2
12415,0,1985.3,0.002,0
12427,0.005,1979.6,-0.002,-0.1
12439,-0.004,1971.1,0,0.1
12451,-0.003,1968.6,0,-0.1
12463,0.003,1960.1,0.001,0.1
12475,0.008,1963.9,-0.002,0
12487,-0.005,1957.1,-0.001,-0.1
12499,-0.005,1947.7,0,0.1
12511,0.003,1946.8,0,-0.1
12523,0.003,1940.5,0.001,-0.1
12535,-0.001,1941.3,0,0.1
12547,0.001,1934,0.003,-0.1
12559,-0.002,1924.2,0,0.1
12571,0.007,1926.1,0.002,-0.1
12584,0.009,1920.8,0,0
12596,-0.007,1918.1,0,0.1
12608,-0.003,1912.3,0,-0.1
12620,0.001,1902.1,-0.001,0.1
12632,-0.001,1906.4,0,0
12644,0.001,1901.5,0,-0.1
12656,-0.003,1892.2,-0.001,-0.1
12668,-0.002,1890.3,0,0
12680,0.005,1884.4,-0.001,0
12692,0.002,1885,-0.002,0.1
12704,0,1877.8,0,-0.1
12716,-0.004,1867.8,0,-0.1
12728,0,1871.7,-0.001,-0.1
12740,0.001,1867,0,-0.1
12752,-0.006,1857.7,0,0.1
12764,0.002,1855.9,-0.001,0.1
12776,0,1850.8,0.003,0.1
12788,-0.001,1849.1,0,0.2
12800,0,1842.8,0,-0.1
12812,-0.001,1833,0.001,0.1
12824,0.004,1838.3,0,0
12836,-0.003,1831.2,0.001,-0.1
12848,0,1821.1,-0.001,-0.1
12860,0.004,1822,0,0
12872,-0.002,1819.2,0,0.1
12884,-0.001,1811.8,0.001,0.2
12896,0,1808.6,-0.001,-0.1
12908,0.004,1802.8,-0.002,0
12920,-0.002,1802.6,0,0.1
12932,0.003,1795.5,0,-0.1
12944,-0.005,1786.1,0.002,-0.1
12956,0.001,1791.2,0.001,0
12968,-0.003,1783.9,0.002,0
12980,-0.002,1774.1,-0.001,0
12992,0.001,1777.6,0,0
13004,0.002,1772.7,0.001,0
13016,-0.002,1762.7,0.001,0.2
13028,-0.001,1762.8,0.001,-0.1
13040,-0.002,1759.6,0,-0.1
13052,-0.002,1751.3,0,0
13064,0.002,1749.6,0,0
13076,0.003,1745.8,0,0.1
13088,0.001,1741.6,0,0.2
13100,-0.007,1736.4,0,0.1
13112,0.003,1730.9,0,0
13124,-0.004,1740.9,0.002,0
13136,0.002,1730.2,-0.001,-0.2
13148,0.004,1717.9,0,-0.1
13160,0.002,1720.9,0,0
13172,0.001,1713,0,0
13184,-0.001,1703.9,-0.001,0.2
13196,0.001,1710,0,0.1
13208,0.001,1701.5,0.001,0
13220,-0.005,1691.4,0.002,0
13233,0.005,1697.7,-0.001,-0.1
13245,-0.001,1690,0,-0.2
13257,0,1679.5,-0.001,0.1
13269,0.003,1685.6,0.003,0.1
13281,-0.003,1677.9,-0.002,0
13294,-0.005,1667.7,-0.001,0
13306,-0.001,1672.3,-0.001,-0.1
13318,-0.005,1666,0.001,-0.2
13330,-0.005,1655.2,0.001,0.1
13342,0.001,1660,-0.001,0
13354,0,1653.4,0.001,-0.2
13366,0.001,1642.7,-0.002,0.1
13378,0.007,1648.1,-0.001,0
13390,-0.001,1640.7,0,-0.1
13402,-0.002,1630,0,-0.1
13414,0.005,1636.5,0.001,0
13426,-0.002,1628.3,0,0
13438,-0.003,1617.8,0.001,0.2
13450,0,1624.8,0,0.1
13462,-0.003,1615.8,-0.001,-0.2
13475,-0.002,1605.2,0,0.1
13487,-0.003,1612.5,0,0.1
13499,0.003,1603.6,0.001,-0.2
13511,-0.001,1594,0,0.1
13523,0.001,1599.9,0.001,0.1
13535,0.002,1591.7,0.001,-0.3
13547,0.001,1584.5,-0.002,0.2
13559,-0.003,1586.1,0,0.2
13571,0,1580.2,0.002,-0.1
13583,0.004,1576.7,0,0
13595,-0.002,1571.9,0.001,0.1
13607,-0.003,1569,0,0.1
13619,0.003,1567.5,0.001,0
13631,0,1557.9,0.001,0
13643,0.003,1559.1,0,-0.2
13655,-0.001,1554.7,-0.002,-0.1
13667,0.001,1543.5,0.002,0.4
13679,0.005,1550.6,0,0.1
13691,-0.001,1542,-0.001,-0.1
13703,-0.001,1532.1,0.001,-0.1
13715,-0.002,1538.9,0,-0.1
13727,-0.004,1530.7,-0.001,-0.2
13739,0,1525.2,0,0.1
13751,0.001,1523.1,0.001,0.1
13763,0,1518.9,-0.001,-0.1
13775,0,1517.3,0,0.1
13787,0.001,1507.1,0.001,0.3
13799,0,1510.5,0,-0.1
13811,-0.003,1504.4,0.001,-0.1
13824,0,1493,0,0.1
13836,-0.002,1500.4,0,0
13848,0.002,1490.9,0,-0.1
13860,0.001,1483.4,0.001,0.1
13872,0.001,1485.1,0,0.1
13884,-0.002,1479.3,0.001,-0.3
13896,0.003,1477.8,0,0
13908,0.001,1467.8,0.001,0.3
13920,-0.003,1470.8,-0.001,-0.1
13932,0.001,1464,0,-0.3
13944,-0.004,1453.6,0,0.3
13956,-0.002,1460.9,0,0.1
13968,-0.003,1458.3,0,-0.3
13980,0.004,1454.9,-0.002,0.1
13992,-0.002,1445.3,0.003,0.3
14004,0.002,1443.8,0.001,-0.3
14016,-0.001,1439.3,0,-0.2
14028,-0.001,1428.3,0,0.3
14040,0.005,1436.2,0,0.1
14052,-0.001,1426.6,-0.001,-0.3
14064,0.004,1423.3,-0.002,0.2
14076,0.001,1417.7,0,0.2
14088,0,1417.7,0.001,-0.2
14100,-0.001,1412.7,-0.001,-0.3
14112,-0.007,1401.5,0,0.3
14124,0,1408.8,0.002,0.1
14136,0,1399.4,-0.002,-0.1
14148,-0.001,1397.9,-0.001,0
14160,0.001,1389.1,0,0.3
14172,0.004,1392.6,0,-0.3
14184,-0.001,1384.4,0.001,-0.4
14197,0.002,1374.4,0.001,0.3
14209,-0.003,1379.7,-0.001,0.2
14221,-0.001,1372.4,-0.001,-0.1
14233,0.003,1371.5,0,0
14245,0,1360.1,-0.001,0.3
14258,0.001,1366.7,-0.001,-0.2
14270,0.002,1356.9,0.001,-0.3
14282,0.003,1351.4,-0.002,0.2
14294,-0.005,1348.7,-0.001,0.3
14306,0.002,1347.7,-0.001,-0.3
14318,0,1342.7,0.002,-0.2
14330,0.001,1332.3,0,0.3
14342,-0.004,1338,0.001,0.1
14354,-0.003,1330.6,0,-0.3
14366,0,1329.5,0.001,0
14378,0.001,1317.6,0.002,0.3
14390,0.003,1325.7,0.001,-0.1
14403,-0.001,1315.3,-0.002,-0.3
14415,0.002,1313.3,-0.001,0.2
14427,0,1305,0,0.3
14439,0.004,1310,0.001,-0.3
14451,0.002,1300.7,0,-0.3
14463,0.003,1296.1,0,0.4
14475,-0.003,1292,0.001,0.4
14487,0,1293.7,-0.001,-0.4
14499,0,1285.9,0,-0.3
14511,0.002,1278.9,0.001,0.4
14523,-0.002,1277.8,0,0.3
14535,-0.003,1276.6,-0.001,-0.4
14548,0,1270.7,0,-0.2
14560,0,1260.4,-0.001,0.6
14572,0.002,1263.6,-0.001,0.2
14584,0.001,1259.1,-0.001,-0.4
14596,-0.001,1255.6,-0.001,-0.2
14608,0.001,1245.6,0,0.5
14620,0.001,1249.6,-0.001,0
14632,-0.001,1244.7,-0.001,-0.6
14644,0,1240.9,0,0
14656,0.001,1231.1,-0.001,0.8
14668,0,1234.1,0,0.2
14680,0.002,1230.7,-0.001,-0.6
14692,-0.002,1225.6,0,-0.2
14704,0,1217.1,-0.001,0.6
14716,-0.001,1218.8,-0.001,0.2
14728,-0.001,1217.7,-0.001,-0.6
14740,0,1210.6,0,-0.3
14752,0.001,1204.8,0,0.7
14764,-0.002,1202.3,0,0.3
14776,0.003,1205.2,0,-0.5
14788,0,1195.6,-0.001,-0.4
14800,0,1193.4,-0.001,0.7
14812,-0.001,1188.4,-0.002,0.6
14824,-0.002,1198.3,-0.001,-0.5
14836,-0.003,1184.6,-0.001,-0.4
14848,0.003,1182.4,0,0.5
14860,0,1170,0,0.6
14872,0,1178,0,-0.3
14884,0,1167.1,0,-0.6
14896,-0.003,1166.7,0.001,0.2
14908,0,1154.6,0,0.6
14920,0.001,1160,0.002,0
14932,-0.001,1155.2,0,-0.5
14944,-0.001,1150,-0.001,-0.1
14956,0.005,1144.4,0,0.9
14968,-0.002,1141.2,-0.001,0.3
14980,0.001,1145.9,0.002,-0.8
14992,-0.001,1135.1,0,-0.5
15004,0.004,1135.3,0,0.7
15016,-0.001,1122.8,0,0.6
15028,0,1130.5,-0.001,-0.3
15040,-0.001,1120.7,-0.001,-0.6
15052,0,1118.5,0,0.2
15064,0.002,1109.4,0,0.8
15076,-0.002,1109.5,-0.001,0.1
15088,0.004,1112.1,0,-0.8
15100,-0.002,1102.1,0.002,-0.4
15112,0.004,1102.4,0.001,0.8
15124,-0.003,1089.9,0,0.7
15136,-0.003,1097.4,0.002,-0.4
15149,-0.001,1087.6,0,-0.7
15161,-0.003,1085.4,-0.002,0.3
15173,-0.001,1077.4,0,1
15185,-0.001,1076.2,0,0.2
15197,0,1080.5,0.001,-0.9
15210,-0.004,1068.7,-0.002,-0.4
15222,0,1069.4,0,1.1
15234,-0.003,1056.4,0.001,1
15246,0.001,1062.5,-0.001,-0.5
15258,-0.001,1057.6,0,-1.1
15270,0.003,1051.6,0,-0.1
15282,-0.001,1050.6,0.001,1.1
15294,-0.001,1040.4,0.001,0.6
15306,-0.001,1048.1,0.001,-0.8
15318,0.003,1037.6,0,-0.8
15330,-0.002,1034.7,-0.002,0.4
15343,0.002,1028.1,0,1.1
15355,0,1024.6,0.002,0.3
15367,0.001,1031,0,-0.9
15379,0,1018.2,0,-0.7
15391,-0.002,1017.8,0,0.7
15403,-0.001,1009.2,0.001,1
15415,0.001,1008.3,-0.001,0.1
15427,0,1013.3,0,-1
15439,0.001,1000.4,0,-0.6
15451,-0.002,1000.5,0.001,0.8
15463,0,991.4,0,1
15475,0.002,990.5,0.001,0
15487,0,995.7,-0.001,-1
15499,-0.001,983.1,0.002,-0.5
15511,0.001,982.6,0.001,1
15523,0.002,975.1,0.001,1.2
15535,0.001,972.1,-0.001,0.3
15547,-0.001,978.3,0,-1
15559,-0.002,965.7,0,-0.9
15571,0,964,0,0.7
15583,0.003,960,0,1.2
15595,0.001,952.7,0,0.3
15607,-0.001,958.9,0,-1.1
15619,0,949.2,0.001,-0.8
15631,0,945.5,0,0.5
15643,0,946.2,0,1.6
15655,-0.003,932.8,-0.002,0.8
15667,-0.001,942.2,0.001,-0.7
15679,0.002,940.1,-0.003,-1.1
15691,0.001,928.1,0,-0.1
15703,-0.001,928.4,0,1.4
15715,-0.001,916.5,0,1.2
15727,0.001,918.1,0,-0.4
15739,0.002,923.5,0.002,-1.4
15751,0,909.9,0,-0.7
15763,0.002,908.5,-0.001,1.2
15775,-0.001,906.5,0,1.7
15787,-0.002,895.5,-0.001,0.7
15799,0,901.4,0,-1
15811,0.001,898.1,-0.001,-1
15823,-0.001,889.1,0,0.1
15835,0,890.2,0,1.5
15847,0,879.7,-0.001,1.1
15859,0,878.5,0,-0.3
15871,-0.001,884.3,0,-1.5
15883,-0.001,873,0,-0.7
15895,0,869.8,0.002,1.3
15907,0.001,871.6,0,2.1
15919,0.002,857.2,0.001,0.9
15931,-0.002,860.5,0,-0.9
15943,0.002,865,-0.001,-1.4
15955,0.001,851.2,0,-0.3
15967,0.002,850.3,-0.001,1.8
15979,0.003,850.6,-0.001,1.9
15991,0.001,836.1,0,0.7
16003,-0.001,840.8,0,-1.1
16015,-0.001,843.9,0,-1.3
16027,0,830.2,0.001,0
16039,0.001,829.4,0,2
16051,0.003,829.4,-0.001,2.1
16063,0.002,815.2,-0.001,0.8
16075,0,820.1,0,-1.1
16087,0.002,823.9,-0.001,-1.3
16099,0,810.3,0,0
16111,0,809.2,0,1.9
16123,0.002,810.5,-0.001,2.1
16135,0.001,795.9,0.001,0.9
16147,0.001,798.3,0,-0.8
16159,0,803.2,0.001,-1.3
16171,0,791.9,-0.001,-0.2
16183,-0.001,788.2,0,1.9
16195,0,789.5,-0.001,2.5
16207,0.001,778.9,0,1.4
16219,0,774.3,0,0.2
16231,0.001,779.3,0,-0.8
16243,0.001,776.5,0,-0.5
16255,0,765.6,0,1.3
16267,-0.001,766.4,0.001,2.5
16279,0.001,765.7,0.001,2.3
16291,0.003,750.7,0,1.1
16303,0.001,755.1,0,0.2
16315,-0.002,758.9,0.001,0
16327,-0.002,746.7,0.001,1.4
16339,-0.001,743.3,0,3.3
16351,-0.001,744.9,0,4.5
16363,-0.001,737.8,-0.001,4.4
16375,-0.002,728.3,0,3.7
16387,0.001,733.5,-0.001,3.6
16399,0,735.7,-0.001,5.3
16411,0,722.1,0,8.6
16423,-0.001,721.2,0.002,12.4
16435,0,722.2,0,15.2
16447,0.003,712.3,-0.001,17
16460,-0.003,705.4,0.001,17.6
16472,-0.001,709.8,0,17.8
16484,0.002,711.1,0,17.6
16496,0.001,697.4,0,14.5
16508,-0.001,697.1,0,7.5
16520,0.001,701.7,0,-1.1
16532,0,691.4,0,-10.1
16544,-0.002,681.5,0,-14.7
16556,0,686.3,0.001,-13.4
16568,0,689.2,0.001,-7.3
16580,-0.002,677.1,0.001,-0.2
16592,0,673,0,6.3
16604,0,673,0,8.8
16616,0.002,669.8,0,7.1
16628,0.001,655,0,3.1
16640,-0.001,659.3,0,-0.4
16652,0.002,664.1,0,-2.1
16664,-0.001,660.4,0,-1.4
16676,0.002,648.2,0.001,-0.3
16688,0.001,648.3,-0.002,0.3
16700,0,647.6,0,-0.4
16712,-0.001,638.1,0,-1.6
16724,-0.002,628.2,0,-1.4
16736,0.001,634.8,0,0.1
16748,-0.001,638.9,0,2.5
16760,0,631.9,0,3.1
16772,-0.001,621.5,-0.001,1.6
16784,0,621.8,0.001,-1.5
16796,0,621.1,0,-4
16808,0.001,611.3,0,-4.1
16820,0.001,601.8,0,-1.9
16832,0.001,608.7,0.001,1.7
16844,0.001,612.6,0,4.7
16856,0,607.6,0,4.8
16868,-0.001,595,0,2.4
16880,-0.002,594.6,0,-2
16892,0,593.2,0.001,-5
16904,0.002,588.8,0,-4.6
16916,0.001,575.7,0,-1.8
16928,0,579.8,-0.001,2.1
16940,0.001,584.7,-0.001,4.7
16952,0.001,585.2,0,4
16964,0.001,572.2,0,1.1
16976,-0.002,564.7,0,-2.6
16988,0.002,564.9,-0.001,-4
17000,0,564.7,0,-2.2
17012,-0.002,558.2,0,0.5
17024,0,547.9,-0.001,2.7
17036,0.001,553.3,-0.001,2.3
17048,0,555.4,0,0.7
17060,0.001,554.4,0,-1.2
17072,0.001,541.6,0,-1.3
17085,-0.001,535.4,0,-0.4
17097,0.002,536.6,0,0.2
17109,-0.002,535.9,0.001,0.2
17121,0,529.6,0,0.1
17133,0.001,517.7,0,0
17145,0.001,521.6,0,0
17157,0,524.9,0,0.2
17169,0.001,524.9,0,0.1
17181,-0.001,516.1,0,0
17193,0,504.3,0.001,0
17205,0.001,505.1,0.001,0
17217,0.001,504.5,0,0
17229,-0.001,503.9,0.001,0
17241,0,495,0,0
17253,0.001,485.9,0,0
17266,0,491.3,0,0
17278,0,493.2,0,0
17290,-0.001,492.6,-0.001,0
17302,-0.001,483.7,0,0
17314,-0.002,472.4,0.001,0
17326,-0.001,472.6,0,0
17338,-0.001,472.3,-0.001,0
17350,-0.001,471,0.001,0
17362,0,466.6,0,0
17374,0,456.7,0.001,0
17386,0,456.3,0,0
17398,0,460.4,0,0
17410,-0.002,459.7,0,0
17422,0,457.9,0,0
17434,0.002,447.2,0.001,0
17446,0.001,437.8,-0.001,0
17458,-0.001,439,0,0
17470,0.002,438.2,0,0
17482,0,436.5,0,0
17494,0.001,433,0.001,0
17506,0,421.6,0,0
17518,0.001,417.9,-0.001,0
17530,0.001,423.6,0,0
17542,0,423.5,0,0
17554,0.001,421.5,0,0
17566,-0.001,416.9,0,0
17578,0,405.7,0,0
17590,0,399.4,0,0
17602,0,401.4,0,0
17614,0.001,399.6,0,0
17626,0,396.9,0,0
17638,0,394.2,0,0
17650,0.001,384.9,0.001,0
17662,0.001,377.8,0.001,0
17674,-0.002,381.3,0,0
17686,0,384.1,0.001,0
17698,-0.001,382,0,0
17710,0,380.1,0,0
17722,0,373.9,0,0
17734,0.002,363.6,0,0
17746,0,358.3,-0.001,0
17758,0,359.7,0,0
17770,0,358.3,0,0
17782,0,354.9,0.001,0
17794,0.001,353.2,0,0
17806,0,347.2,0,0
17818,-0.001,337.7,0,0
17830,0.002,333.4,0,0
17842,-0.001,336.9,0,0
17854,0.001,338.5,0,0
17866,0,335.7,0,0
17878,-0.001,333.2,0,0
17890,0,330,0,0
17902,0,321.3,0,0
17914,0.001,312.9,0,0
17926,0,310,0,0
17938,0.002,311,0,0
17950,-0.001,309.3,0,0
17962,0.001,305.3,0.001,0
17974,-0.001,303.5,0.001,0
17986,0,300.6,0,0
17998,-0.001,293.2,0,0
18010,-0.001,285.3,0,0
18022,0,282.9,0.001,0
18034,-0.001,285.4,0.001,0
18046,0.001,286.6,0,0
18058,-0.002,284.3,0,0
18070,0,280.8,0,0
18082,0.001,278.6,0.001,0
18094,0.001,274.7,0,0
18106,0,266.7,0,0
18118,0.001,259.4,0,0
18130,0.001,255.1,0,0
18142,-0.001,254.3,-0.001,0
18154,0,254.6,0,0
18166,-0.001,251.5,0,0
18179,0,246.7,-0.003,0
18191,0.001,244.1,-0.001,0
18203,0,241.8,0,0
18215,0,239,0,0
18227,0.001,233,0,0
18239,0,226.2,0,0
18251,0.001,222.6,0,0
18263,-0.003,223.3,0,0
18275,0,224.6,-0.001,0
18287,0,223.3,0,0
18299,-0.001,219.7,0,0
18311,0,216.1,0,0
18323,-0.001,213.5,0.001,0
18335,0.001,211.3,0.001,0
18347,0,208.3,0,0
18359,0.001,202.3,0,0
18371,0.001,195.9,0,0
18383,-0.001,190.6,0,0
18395,-0.001,187,0,0
18407,-0.001,184.7,0,0
18419,0,183.5,0,0
18431,0.001,182.7,0,0
18443,0.001,179.3,0,0
18455,-0.001,175.1,-0.001,0
18467,0.002,171.2,0,0
18479,0.001,168.7,0,0
18491,0,167,0,0
18503,-0.001,162.7,0,0
18515,0,159.7,0,0
18527,0,155.5,0.001,0
18539,0.001,151.1,0,0
18551,0,147,0,0
18563,0,142.5,0,0
18575,0.001,140.2,0,0
18587,0,139.9,0,0
18599,-0.002,138.5,0.001,0
18611,0.001,136.7,0,0
18623,-0.001,135.2,0,0
18635,-0.001,132.3,0,0
18647,0,129.2,0,0
18659,0,127.6,0,0
18671,0.001,124.6,0.001,0
18683,0.001,119.8,0,0
18695,0,117.3,0,0
18707,0,116,0.001,0
18719,0,111.2,-0.001,0
18731,0,107.2,0,0
18743,0,105.6,0,0
18755,0.001,101.5,-0.001,0
18767,0.002,94.3,0.001,0
18779,0,88.7,0,0
18791,0,86.5,0,0
18803,0.001,84.8,0,0
18815,0,80.7,0,0
18827,0,75.8,0,0
18839,0.001,73,0,0
18851,-0.497,66,0,0
18863,-0.499,17.3,0,-0.7
18875,-0.498,-65.4,0.001,-1.1
18887,-0.499,-153.2,0,1.7
18899,-0.498,-241.5,0,2.4
18912,-0.499,-341.4,-0.001,0.1
18924,-0.5,-432.8,0,-2.2
18936,-0.5,-517.4,0.001,-1.3
18948,-0.5,-596.3,0,-0.2
18960,-0.496,-668.9,0,0.1
18972,-0.5,-759.7,0,0.6
18984,-0.499,-846.8,0.001,1.2
18997,-0.498,-933.5,0,0.4
19009,-0.5,-1028.4,0,-1.1
19021,-0.499,-1099.8,0,-0.9
19033,-0.496,-1183.2,0,0.4
19045,-0.499,-1262.2,0,0.8
19057,-0.503,-1357.8,0,0.1
19069,-0.5,-1438,0,-0.9
19081,-0.482,-1515.7,0.001,0.1
19093,-0.472,-1594.6,0,1.4
19105,-0.462,-1668.2,-0.001,0
19117,-0.4,-1742.1,0,-2.1
19129,-0.395,-1814.6,0,-0.6
19141,-0.326,-1870.3,0,0.8
19153,-0.34,-1923.7,-0.001,0.6
19165,-0.267,-1981.9,0,0.4
19177,-0.293,-2027,0.001,-0.2
19189,-0.279,-2073.7,0.001,-0.3
19201,-0.235,-2109,-0.001,-0.1
19213,-0.225,-2144.3,0,0
19225,-0.225,-2178.1,0.001,0.2
19237,-0.178,-2205.2,0,0.1
19249,-0.126,-2237.9,0,0
19261,-0.115,-2259.4,0,0
19273,-0.159,-2287.6,0,0
19285,-0.129,-2303.4,0.001,0
19297,-0.173,-2325.1,0.001,0
19309,-0.121,-2337.3,0,0
19322,-0.162,-2356,0,0
19334,-0.134,-2365.5,0,0
19346,-0.14,-2378.7,0.001,0
19358,-0.113,-2387,0,0
19370,-0.107,-2396.6,0,0
19382,-0.073,-2404.4,0.001,0
19394,-0.109,-2411.1,0,0
19406,-0.08,-2418,0,0
19418,-0.075,-2422.7,0,0
19430,-0.09,-2429.2,0,0
19443,-0.092,-2433.5,0,0
19455,-0.056,-2438.6,0,0
19467,-0.082,-2440.4,0,-0.2
19479,-0.062,-2445,0,0.1
19491,-0.064,-2445.6,0,0.1
19503,-0.07,-2450,0,0
19515,-0.047,-2449.7,0,0
19527,-0.056,-2453.9,0,0
19539,-0.072,-2452.9,-0.001,0
19551,-0.027,-2457,-0.001,0
19563,-0.05,-2455.5,0,0
19575,-0.051,-2460.1,0,0
19587,-0.036,-2457.5,0,0
19599,-0.032,-2460.9,0.001,0
19611,-0.065,-2458,0,0
19623,-0.019,-2462.6,0.001,0
19635,-0.03,-2459.6,0,0
19647,-0.031,-2464.4,0,0
19659,-0.028,-2460.4,0,0
19671,0.009,-2465.6,0.001,0
19683,-0.025,-2461.3,0.001,0
19695,-0.017,-2466,0,0
19707,-0.004,-2462.3,-0.002,0
19719,0.006,-2467.3,0,0
19731,-0.031,-2463.3,0,0
19743,-0.017,-2468.2,0,0
19756,-0.016,-2463.2,0,0
19768,-0.022,-2468,-0.001,0
19780,-0.014,-2464.1,0,0
19792,0.013,-2469,0,0
19804,-0.02,-2464.3,-0.002,0
19817,0.001,-2467.8,0,0
19829,-0.002,-2463.6,0,0
19841,-0.018,-2468.3,0,0
19853,-0.026,-2464.2,0,0
19865,0.009,-2468.7,0,0
19877,-0.001,-2465,-0.001,0
19889,-0.017,-2469.8,0,0
19901,-0.026,-2465.3,0,0
19913,0.004,-2480.5,0,0
19924,0.003,-2478.2,-0.001,0
19936,-0.004,-2476.5,0.001,0
19948,-0.034,-2469.1,0,0
19960,-0.038,-2473.2,0.001,0
19972,-0.019,-2469.1,0,0
19984,-0.024,-2473.7,0,0
19996,-0.051,-2469.4,0,0
20008,-0.056,-2473.6,0,0
20020,-0.025,-2469.4,-0.001,0
20032,-0.038,-2473.3,0.001,0
20044,-0.052,-2469.4,0,0
20056,-0.059,-2473.5,0,0
20068,-0.02,-2469.6,0,0
20080,-0.042,-2473.2,0,0
20092,-0.058,-2469.7,0.001,0
20104,-0.069,-2472.8,0,0
20116,-0.03,-2469.4,0,0
20128,-0.061,-2472.8,0,0
20140,-0.068,-2469.9,0.001,0
20153,-0.033,-2473.8,0,0
20165,-0.041,-2470.1,0,0
20177,-0.077,-2473.6,0,0
20189,-0.043,-2470.1,0,0
20201,-0.05,-2473,0,0
20213,-0.053,-2469.8,0.001,0
20225,-0.09,-2472.6,0,0
20237,-0.05,-2469.7,0,0
20249,-0.059,-2471.8,-0.001,0
20261,-0.058,-2469.2,0,0
20273,-0.09,-2471.2,0.001,0
20285,-0.041,-2469.1,0,0
20297,-0.051,-2471,0.001,0
20309,-0.054,-2469.2,0,0
20321,-0.082,-2470.3,0,0
20333,-0.038,-2468.9,0,0
20345,-0.05,-2470,0,0
20357,-0.06,-2468.6,0,0
20369,-0.084,-2469.3,0,0
20381,-0.04,-2468.6,0,0
20393,-0.055,-2469.4,0,0
20405,-0.054,-2469.1,0,0
20417,-0.089,-2469.2,0,0
20429,-0.045,-2469,-0.002,0
20441,-0.052,-2468.5,0,0
20453,-0.054,-2467.8,0,0
20465,-0.079,-2467,0,0
20477,-0.036,-2467.3,0,0
20490,-0.083,-2467.8,-0.001,0
20502,-0.063,-2467.8,0.001,0
20514,-0.063,-2466.8,0,0
20526,-0.037,-2466.6,0,0
20538,-0.077,-2466.7,0,0
20551,-0.037,-2467.9,0,0
20563,-0.062,-2468.2,0,0
20575,-0.062,-2468.2,0,0
20587,-0.079,-2468.1,0,0
20599,-0.033,-2467.3,0,0
20612,-0.082,-2468,0,0
20624,-0.057,-2467.5,0,0
20636,-0.057,-2467.4,0,0
20648,-0.045,-2466.9,0.001,0
20660,-0.088,-2467.5,0.001,-0.2
20673,-0.033,-2467.8,0.001,0.1
20685,-0.062,-2468.1,0,0.1
20697,-0.071,-2467.5,0,0
20709,-0.069,-2468.1,0,0
20721,-0.034,-2466.9,0,0
20733,-0.074,-2467.2,0.001,0
20745,-0.064,-2465.9,0.001,0
20757,-0.064,-2468.7,0,0
20769,-0.034,-2480.1,0,0
20781,-0.074,-2474.1,0,0
20793,-0.055,-2469.3,0,0
20805,-0.056,-2467.4,0,0
20817,-0.024,-2468.2,-0.001,0
20829,-0.069,-2467.5,0.001,0
20841,-0.056,-2468.7,0,0
20853,-0.054,-2467.4,0,0
20865,-0.032,-2468.7,0,0
20877,-0.071,-2466.9,0.001,0
20889,-0.061,-2468.4,0,0
20901,-0.052,-2466.3,0.001,0
20913,-0.037,-2468.3,-0.002,0
20925,-0.074,-2465.9,0,0
20937,-0.055,-2468.1,0,0
20949,-0.039,-2466,0,0
20961,-0.031,-2468.4,0.001,0
20973,-0.063,-2465.6,-0.001,0
20985,-0.04,-2468.5,0,0
20997,-0.029,-2465.8,0,0
21009,-0.023,-2468.8,0,0
21021,-0.061,-2465.7,0,0
21033,-0.033,-2469.1,0,0
21045,-0.028,-2465.9,0,0
21057,-0.03,-2469.5,0,0
21069,-0.059,-2466,0,0
21081,-0.026,-2469.8,0,0
21094,-0.043,-2466.1,0.001,0
21106,-0.049,-2469,0,0
21118,-0.043,-2465.7,0,0
21130,-0.015,-2469.1,0,0
21142,-0.05,-2465.5,0,0
21154,-0.043,-2469.1,-0.001,0
21167,-0.027,-2465.6,-0.001,0
21179,-0.04,-2468.8,0,0
21191,-0.059,-2465.8,0,0
21203,-0.021,-2469.3,0,0
21215,-0.031,-2465.8,0,0
21227,-0.041,-2469.3,-0.001,0
21240,-0.044,-2465.8,0.001,0
21252,-0.016,-2469,-0.002,0
21264,-0.044,-2466.1,0,0
21276,-0.049,-2468.6,0,0
21288,-0.041,-2465.5,0.001,0
21300,-0.014,-2468.4,0,0
21312,-0.049,-2464.4,-0.001,0
21324,-0.041,-2468.3,-0.001,0
21336,-0.035,-2464.2,0,0
21348,-0.006,-2468.3,0,0
21361,-0.058,-2464.4,-0.001,0
21373,-0.02,-2467.7,0.001,0
21385,-0.031,-2463.7,0,0
21396,0.005,-2469.3,-0.001,0
21408,-0.029,-2464.4,0,0
21420,-0.01,-2468.9,0,0
21432,0.001,-2464,0,0
21444,0.004,-2469.6,-0.001,0
21456,-0.032,-2465.9,0,0
21468,-0.017,-2470.8,0.001,0
21481,-0.015,-2465.2,0,0
21493,-0.022,-2470.1,0,0
21505,-0.017,-2465.8,0.001,0
21517,0.013,-2470.2,0,0
21529,-0.014,-2466,0,0
21541,-0.025,-2470.8,0,0
21554,-0.002,-2464.9,0,0
21566,-0.007,-2469.3,0,0
21578,-0.034,-2465.8,0,0
21590,0.001,-2470.5,0,0
21602,0.001,-2466.1,0,0
21614,-0.007,-2479.8,0.001,0
21626,-0.035,-2476.1,0.001,0
21638,-0.004,-2474.6,0,0
21650,0.001,-2467.3,0,0
21662,-0.019,-2471.6,0.001,0
21675,-0.012,-2466.4,0,0
21687,0.013,-2471.1,-0.001,0
21699,-0.026,-2467,0,0
21711,-0.025,-2472,0,0
21723,-0.014,-2467.7,0,0
21735,0,-2473,0,0
21747,-0.027,-2468.6,0,0
21759,-0.026,-2473.1,0,0
21771,-0.005,-2468.8,-0.001,0
21783,0.008,-2473.6,0,0
21795,-0.022,-2469,0,0
21807,-0.026,-2473.6,0,0
21819,-0.006,-2469.1,0,0
21831,0.001,-2473.8,0,0
21843,-0.028,-2469.4,0,0
21855,-0.042,-2474,0,0
21867,-0.02,-2469.5,0,0
21879,-0.021,-2474.1,0.001,0
21891,-0.048,-2469.9,0,0
21903,-0.059,-2474.3,0,0
21915,-0.025,-2470.2,0.001,0
21927,-0.033,-2474.3,0,0
21939,-0.047,-2470.3,0,0
21951,-0.062,-2474,0,0
21963,-0.019,-2470.3,0.001,0
21975,-0.039,-2473.8,0.001,0
21987,-0.051,-2470.5,0,0
21999,-0.076,-2473.7,0,0
22011,-0.03,-2470.3,-0.001,0
22023,-0.058,-2473,0,0
22035,-0.061,-2470,0,0
22047,-0.089,-2472.3,0,0
22059,-0.038,-2469.7,0,0
22071,-0.061,-2471.9,0,0
22083,-0.065,-2469.8,0,0
22095,-0.092,-2471.6,-0.001,0
22108,-0.028,-2469.9,-0.001,0
22120,-0.08,-2472.6,0.001,0
22132,-0.064,-2469.4,0,0
22144,-0.072,-2471.3,0.001,0
22156,-0.038,-2468.7,0.001,0
22168,-0.086,-2470.7,0.001,0
22180,-0.064,-2468.7,0.001,0
22192,-0.063,-2470.3,0,0
22204,-0.032,-2467.8,0,0
22216,-0.079,-2469.7,0,0
22228,-0.062,-2468.4,0,0
22241,-0.064,-2470.4,0.001,0
22253,-0.065,-2468.7,0,0
22265,-0.085,-2470,0,0
22277,-0.033,-2467.8,0,0
22289,-0.058,-2470,0.001,0
22301,-0.061,-2468.6,0,0
22313,-0.081,-2469.8,0,0
22325,-0.035,-2468.2,0.001,0
22337,-0.057,-2468.4,0,0
22349,-0.067,-2467.8,0,0
22361,-0.08,-2468.5,0,0
22373,-0.037,-2467.7,0,0
22385,-0.063,-2467.7,0,0
22397,-0.066,-2467.7,0,0
22409,-0.079,-2467.6,0.001,0
22421,-0.034,-2467.8,0,0
22433,-0.061,-2467.4,0,0
22445,-0.062,-2467.9,0,0
22457,-0.069,-2468.5,0,0
22469,-0.023,-2479.9,0,0
22481,-0.06,-2473.4,0.001,0
22493,-0.059,-2470,0,0
22506,-0.05,-2468.7,0,0
22518,-0.042,-2468.8,0.001,0
22530,-0.08,-2468.4,0,0
22542,-0.041,-2468.8,0,0
22554,-0.047,-2467.9,0,0
22566,-0.038,-2468.8,0,0
22578,-0.081,-2467.6,0,0
22590,-0.041,-2468.8,-0.001,0
22602,-0.045,-2467.1,0,0
22614,-0.045,-2468.6,0,0
22626,-0.079,-2466.9,-0.001,0
22638,-0.044,-2468.8,0,0
22650,-0.046,-2466.9,0,0
22662,-0.052,-2469,-0.001,0
22674,-0.075,-2466.7,0,0
22686,-0.039,-2468.9,0,0
22698,-0.033,-2466.3,0.001,0
22710,-0.046,-2469,0,0
22722,-0.063,-2466.3,0,0
22734,-0.028,-2469.1,0.001,0
22746,-0.026,-2466.4,0,0
22758,-0.037,-2469.3,-0.001,0
22770,-0.058,-2466.1,0,0
22782,-0.024,-2469.4,0,0
22794,-0.03,-2466,0,0
22806,-0.038,-2469.5,0,0
22818,-0.056,-2465.9,0.001,0
22830,-0.013,-2469.6,0,0
22842,-0.026,-2465.9,0,0
22854,-0.027,-2469.9,0.001,0
22866,-0.039,-2466,0,0
22878,0.007,-2470.4,0,0
22890,-0.01,-2466.5,0.001,0
22902,-0.018,-2471,0,0
22914,-0.024,-2467,0,0
22926,0.01,-2471.5,-0.001,0
22938,0.002,-2467.4,-0.001,0
22950,-0.013,-2472.1,0.001,0
22962,-0.033,-2467.8,0,0
22974,-0.004,-2472.7,-0.001,0
22986,0.001,-2468.1,0.001,0
22998,-0.024,-2472.1,0,0
23010,-0.026,-2467.2,0,0
23022,0.001,-2471.6,0,0
23034,0.007,-2467.5,0.001,0
23046,-0.016,-2472.5,0,0
23058,-0.027,-2468.4,0,0
23070,-0.004,-2472.2,0.001,0
23082,0.002,-2467.9,0,0
23093,-0.029,-2473.3,0,0
23105,-0.044,-2467.7,0.001,0
23117,-0.066,-2472.4,0,0
23129,-0.026,-2469.3,0,0
23141,-0.035,-2472.3,0,0
23153,-0.047,-2468.9,0.001,0
23165,-0.077,-2472.5,0.001,0
23177,-0.039,-2468.5,0.001,0
23189,-0.053,-2471.2,0,0
23201,-0.056,-2468.2,0,0
23213,-0.09,-2471.5,0,0
23225,-0.045,-2468.9,0,0
23237,-0.058,-2470.4,0,0
23249,-0.063,-2468.2,0,0
23261,-0.087,-2469.7,0.001,0
23273,-0.042,-2467.4,-0.001,0
23285,-0.053,-2469.4,0,0
23297,-0.059,-2467.5,0,0
23309,-0.083,-2474,0,0
23321,-0.038,-2479.9,0,0
23333,-0.052,-2474.1,0,0
23345,-0.064,-2469.1,0,0
23357,-0.081,-2469.1,0,0
23369,-0.041,-2468.5,-0.001,0
23381,-0.054,-2469.1,0,0
23393,-0.061,-2468.8,0,0
23406,-0.055,-2470.3,0,0
23418,-0.039,-2469.2,0,0
23430,-0.077,-2470,0.001,0
23442,-0.059,-2469.2,0,0
23454,-0.057,-2469.8,0,0
23466,-0.039,-2469.2,0,0
23478,-0.082,-2469.5,0,0
23490,-0.056,-2469.1,0,0
23503,-0.053,-2470.3,-0.001,0
23515,-0.069,-2469.2,0,0
23527,-0.073,-2470,0,0
23539,-0.037,-2469.1,0,0
23551,-0.063,-2469.3,0,0
23563,-0.069,-2468.8,0.001,0
23575,-0.073,-2468.7,0,0
23587,-0.029,-2468.8,0.001,0
23599,-0.061,-2468.6,0.001,0
23611,-0.061,-2468.8,0,0
23623,-0.064,-2468.3,0.001,0
23635,-0.02,-2469,0,0
23647,-0.062,-2468.1,0.001,0
23659,-0.059,-2469,0,0
23671,-0.061,-2467.7,0,0
23683,-0.024,-2469,0.001,0
23696,-0.078,-2468.5,0,0
23708,-0.035,-2468.9,0,0
23720,-0.047,-2468,0.001,0
23732,-0.048,-2468.7,0,0
23744,-0.078,-2467.6,0,0
23756,-0.034,-2468.7,0.001,0
23768,-0.045,-2467.3,0.001,0
23780,-0.055,-2468.5,0,0
23792,-0.078,-2466.9,0,0
23804,-0.048,-2468.6,0,0
23816,-0.049,-2466.6,0,0
23828,-0.046,-2468.4,0.001,0
23840,-0.081,-2464.8,0,0
23852,-0.041,-2467.3,0,0
23864,-0.037,-2465.1,0.001,0
23876,-0.045,-2467.8,0,0
23888,-0.067,-2465.1,-0.001,0
23900,-0.031,-2467.7,0,0
23912,-0.03,-2464.2,0.001,0
23924,-0.036,-2467.7,0,0
23936,-0.062,-2465,0,0
23948,-0.026,-2468.4,-0.002,0
23960,-0.027,-2465,0,0
23972,-0.041,-2468.4,0,0
23984,-0.055,-2465,0,0
23996,-0.015,-2468.5,0.001,0
24008,-0.024,-2464.9,0,0
24020,-0.025,-2469.1,0.002,0
24033,-0.035,-2463.8,0,0
24045,-0.018,-2467.4,0,0
24057,-0.024,-2463.4,0.001,0
24069,-0.007,-2463.4,0,0
24081,-0.007,-2453.4,0,0
24093,-0.009,-2451.8,0,0
24105,0.008,-2440.6,-0.001,0
24117,-0.001,-2439.2,0,0
24129,0.004,-2429.9,0,0
24141,0.007,-2428.6,0,0
24154,0.003,-2416.8,0,0
24166,-0.009,-2426.1,0,0
24178,-0.007,-2413.4,0,0
24190,0.014,-2407.9,-0.001,0
24202,0.019,-2395.8,0,0
24214,0.008,-2395.1,0,0
24226,-0.001,-2384.9,0,0
24238,0.014,-2383.3,0,0
24250,0.004,-2373.3,-0.001,0
24262,-0.009,-2370.1,0,0
24274,0.005,-2361.3,-0.001,0
24286,0.001,-2356.6,0,0
24298,-0.003,-2349.5,0.001,0
24310,-0.002,-2343.2,0.001,0
24322,-0.004,-2338,0.001,0
24335,-0.003,-2330.8,-0.001,0
24347,0.001,-2326.5,0,0
24359,-0.003,-2318.3,-0.001,0
24371,-0.008,-2316.4,-0.001,0
24383,-0.004,-2307.9,0,0
24395,-0.01,-2308.8,0.001,0
24407,0.006,-2299.7,0,0
24419,0.003,-2300.2,0,0
24432,-0.003,-2289.8,0,0
24444,0.008,-2288.7,0.001,0
24456,-0.007,-2279.1,0,0
24468,0.003,-2274.9,0,0
24480,-0.002,-2268,0,0
24492,-0.002,-2261.5,0,0
24505,0,-2257.1,0,0
24517,0.004,-2249.4,0,0
24529,-0.011,-2248.1,0,0
24541,-0.005,-2240.3,0,0
24553,0.001,-2242.5,0.001,0
24565,-0.001,-2233.6,0.001,0
24578,0.001,-2233.2,0,0
24590,0.002,-2223.2,0,0
24602,0.003,-2219.3,0,0
24614,0.004,-2212.2,0,0
24626,-0.003,-2205.5,-0.001,0
24638,-0.004,-2202.4,0,0
24650,-0.006,-2194.8,0.001,0
24662,-0.001,-2197.2,0,0
24674,-0.002,-2188.8,-0.001,0
24686,0.004,-2187.6,0.001,0
24698,0.004,-2177.9,0,0
24710,0.002,-2172.8,0.001,0
24722,-0.003,-2167.6,0,0
24734,-0.002,-2160,-0.001,0
24746,0.001,-2161,-0.001,0
24758,0.004,-2154,0.001,0
24770,0.005,-2155.1,0,0
24782,0,-2145.4,0,0
24794,-0.002,-2140.7,0,0
24806,0,-2135.1,0.001,0
24818,-0.001,-2126.7,0,0
24830,0,-2128.6,-0.001,0
24842,0.004,-2122.2,0,0
24854,0.008,-2122.3,0,0
24866,0.006,-2112.7,0,0
24878,-0.003,-2107.2,0,0
24890,-0.001,-2102.8,0,0
24902,-0.002,-2096,-0.001,0
24914,0.001,-2099.1,0.001,0
24926,0.003,-2091.1,0.001,0
24938,0,-2088.7,-0.001,0
24950,0.003,-2080.2,0,0
24962,0.003,-2072.8,0,0
24974,0.001,-2072.8,0,0
24986,-0.001,-2066.4,0,0
24999,0.001,-2068.4,-0.001,0
25011,-0.006,-2058.2,0,0
25023,-0.002,-2064.5,0.001,0
25035,0.004,-2054.4,0,0
25047,-0.001,-2043,0,0
25059,0.003,-2045.9,-0.001,0
25071,0.004,-2037.3,0,0
25083,0.005,-2033.9,0,0
25095,-0.001,-2027.1,-0.001,0
25107,-0.002,-2019.6,0,0
25119,-0.004,-2022.9,0,0
25132,-0.001,-2014.7,0,0
25144,-0.006,-2013.8,0,0
25156,0.001,-2004.9,0,0
25168,0.004,-1997.8,0.001,0
25180,0,-1998.5,0,0
25192,-0.003,-1992.8,0.001,-0.1
25205,0,-1992.7,0.001,0
25217,-0.004,-1982.9,-0.001,0.1
25229,0.003,-1976,0,0
25241,-0.002,-1975.3,0,0
25253,0.003,-1970.2,0.001,0
25266,0.003,-1970.5,0,0
25278,-0.004,-1960.5,0,0
25290,0.003,-1953.6,0,-0.2
25302,0.001,-1953.6,0,0.1
25314,-0.003,-1948.3,0,0.1
25326,0.001,-1946.8,0,0.1
25338,0.005,-1938.5,0.001,0.1
25350,-0.003,-1930.8,0,-0.3
25362,-0.002,-1935.1,0,0
25374,0.001,-1927.2,0,0
25386,-0.004,-1922.4,0.001,-0.1
25398,0,-1916.8,0,0.1
25410,-0.002,-1911,0,0.1
25423,0.002,-1914.9,-0.001,0
25435,0.003,-1904.5,0,-0.1
25447,-0.001,-1898.4,0,-0.2
25459,0.002,-1896.2,0,0.1
25471,0.001,-1892,0.001,0.1
25483,0.002,-1891.1,-0.001,0
25495,0,-1882.7,0,0
25507,-0.002,-1875.3,0,-0.2
25519,0.003,-1880.9,0,0.1
25531,0.002,-1871,0.001,0.1
25543,-0.004,-1864.6,0,0
25555,0.002,-1861.6,0,0
25567,0,-1857.5,0,-0.2
25579,0.001,-1856,0,0
25591,-0.001,-1847.8,-0.001,0.1
25604,-0.004,-1840.2,-0.001,-0.1
25616,0.004,-1845.5,-0.001,0.1
25628,0.001,-1835.1,0,0.1
25640,-0.001,-1828.8,0.001,0
25652,0.002,-1828,-0.001,0
25664,-0.003,-1823.8,0,-0.2
25676,-0.001,-1820.4,0,0
25688,0.002,-1813.5,0,0.1
25700,0,-1808.7,0,0.1
25713,0.002,-1812,0,0
25725,-0.003,-1800.9,0,0
25737,0.001,-1793.3,0.001,-0.2
25749,0.005,-1798.8,-0.001,0.1
25761,0.002,-1790,0,0.1
25773,-0.001,-1783.3,0,0
25785,0.001,-1782.6,0,0
25798,0,-1777.6,0,0
25810,0.002,-1774.9,-0.001,0
25822,0.002,-1767.5,0,0
25834,0.001,-1763.7,0,0
25846,-0.006,-1765.9,0,0
25859,0.001,-1755.8,0.001,0
25871,0.001,-1756.5,0,0
25883,-0.001,-1760.2,0,0.2
25895,-0.004,-1745.5,0,0.1
25907,0.001,-1737.1,0,-0.1
25920,0.001,-1740.5,0,-0.1
25932,-0.004,-1733.1,0.001,-0.1
25944,0,-1727.1,-0.001,-0.1
25956,-0.002,-1726.2,0,0.1
25968,0.003,-1721.3,0,0.1
25980,0.003,-1715.9,0,0
25993,-0.002,-1711,0.001,0
26005,-0.003,-1708.3,0,0
26017,-0.004,-1705.4,0,0
26029,-0.002,-1698.4,0,0
26041,0.002,-1695.8,0,-0.2
26053,0.002,-1694.3,-0.001,0
26065,-0.002,-1686.2,0,0.1
26077,0.001,-1683.3,-0.001,0.1
26089,0.001,-1682.6,0,0
26101,-0.001,-1674.2,0,0
26113,0.002,-1671.1,-0.001,-0.2
26126,0.002,-1671.8,0,0
26138,0.002,-1662,0,0.1
26150,0,-1657.9,0,-0.1
26162,0,-1659.7,0,0
26174,0,-1650,0.001,0.1
26186,0.002,-1646.2,0,-0.1
26198,0.004,-1647.2,0,0
26210,0,-1638,0.001,0.1
26222,-0.001,-1635.1,0,-0.1
26234,0.002,-1634.4,0,0
26246,0,-1626.1,0,0.1
26258,-0.004,-1624.1,0,0
26270,-0.001,-1621.6,0,0
26282,-0.002,-1614.9,0,0
26294,0.002,-1612.8,0.001,0
26306,0.001,-1608.3,0,0
26318,0.002,-1604.3,-0.001,0
26330,0,-1600.7,0,0
26343,0.003,-1595.5,0,0
26355,-0.003,-1593,-0.001,0.2
26367,-0.002,-1588.1,0,-0.2
26379,0.001,-1581.5,0.001,-0.2
26391,-0.001,-1583.6,0.001,0.1
26403,0,-1574.4,-0.001,0.1
26415,-0.001,-1567.2,-0.001,0
26428,0.004,-1573.4,0.001,0.2
26440,-0.001,-1561.8,0,0
26452,0.001,-1554.3,-0.002,-0.3
26464,0.003,-1561.9,0,0
26476,0,-1549.7,0,0.1
26489,-0.001,-1543.8,0.001,-0.2
26501,-0.005,-1548.9,0,0.2
26513,-0.001,-1538.1,-0.002,0.3
26525,0.003,-1535.8,0,-0.3
26537,-0.001,-1533.8,0,-0.1
26549,-0.001,-1527.7,0,0.1
26561,0.001,-1525.5,0,-0.1
26573,-0.002,-1518.8,0,-0.1
26585,0.001,-1521.8,0,0.3
26597,-0.002,-1512.2,0,0
26609,-0.002,-1505.2,0,-0.3
26621,0.005,-1513.1,0,0
26633,-0.001,-1500.6,0,0.1
26646,-0.001,-1495.1,0.001,-0.2
26658,0.004,-1497.2,0,0.3
26670,-0.003,-1487.3,0,0.3
26682,0.002,-1486.9,0,-0.1
26695,0.001,-1482.2,0,-0.1
26708,0,-1478,-0.001,0
26720,-0.001,-1481.7,0,-0.2
26732,-0.001,-1470.8,0.001,-0.1
26744,-0.002,-1474.6,0.001,0.3
26756,0.004,-1461.5,0,0.1
26768,-0.002,-1456.2,0,-0.3
26780,0.002,-1459.2,-0.001,-0.1
26792,-0.003,-1449.5,-0.001,0.1
26804,0.002,-1448.7,-0.001,-0.1
26816,0.001,-1442.1,0.001,0
26828,0.002,-1446.1,-0.001,0.3
26841,-0.003,-1435.1,-0.001,-0.1
26853,0,-1428,0.001,-0.3
26865,-0.002,-1434.5,0,0.2
26877,0,-1422.6,0.001,0.3
26889,0.002,-1422.1,-0.001,-0.2
26902,0.002,-1417.6,0,-0.1
26914,0.001,-1416.5,0.001,0.3
26926,-0.002,-1408.6,0,0
26938,-0.001,-1401.4,0,-0.3
26950,-0.002,-1408.1,0,0.1
26962,0,-1395.9,0,0.1
26975,-0.004,-1394.9,0.001,-0.1
26987,-0.002,-1390.2,-0.001,0.1
26999,0.001,-1391.5,0,0.3
27011,-0.002,-1381.8,0,-0.2
27023,0.001,-1375.8,0,-0.5
27035,0.003,-1380,0,0.1
27048,-0.001,-1369.1,0,0.4
27060,0,-1368.7,-0.001,-0.2
27072,0.006,-1361.3,0,-0.3
27084,0,-1367.7,0,0.1
27096,0,-1354.4,0,0
27109,0.002,-1350.7,0,-0.3
27121,0,-1350.6,0,0.4
27133,-0.004,-1346,0,0.6
27145,-0.001,-1340.2,0,-0.2
27158,0.001,-1332.3,0.001,-0.4
27171,0,-1340,0,0.1
27183,-0.002,-1326.2,0,0.1
27195,-0.001,-1326.2,0,-0.1
27207,0.003,-1319.4,-0.001,0
27219,-0.001,-1325,0,0.3
27231,-0.001,-1311.5,0,0.1
27244,0.001,-1308.3,-0.001,-0.3
27256,-0.001,-1307,0,0.1
27268,-0.002,-1305.6,0.001,0.3
27280,-0.001,-1296.8,-0.001,-0.1
27292,0,-1291.5,0,-0.3
27304,0,-1293.6,0,0.2
27316,-0.001,-1287.5,0.001,0.3
27328,-0.004,-1282.1,0,-0.2
27340,-0.002,-1275.5,0,-0.3
27352,0.003,-1280.1,0,0.3
27364,0,-1271.3,0,0.3
27376,-0.002,-1267.3,-0.001,-0.4
27388,0.001,-1260,0.001,-0.4
27400,0.001,-1265.8,0,0.4
27412,0.002,-1256.2,0,0.4
27424,0.001,-1253.9,-0.001,-0.4
27436,0.001,-1246,0,-0.4
27448,0.001,-1251.6,0.001,0.5
27460,0.002,-1241.7,0,0.5
27472,0,-1239.3,0,-0.5
27484,0,-1231.5,0,-0.4
27496,0.002,-1236.8,0,0.4
27508,-0.001,-1227.8,0,0.4
27520,0,-1224.1,0,-0.3
27532,0.002,-1217.8,0.001,-0.4
27544,-0.001,-1221.8,0,0.5
27556,-0.004,-1215.6,0.001,0.5
27568,-0.002,-1216,0,-0.5
27580,0.002,-1208.8,0,-0.5
27593,-0.002,-1207.6,0.001,0.4
27605,0,-1202.1,0.001,0.6
27617,0.001,-1194.8,0,-0.4
27629,0.003,-1191.3,0,-0.5
27641,-0.001,-1190.3,0,0.2
27653,0.001,-1191.1,0,0.6
27665,-0.002,-1179.1,0,-0.1
27677,-0.004,-1178.8,0,-0.6
27689,0.001,-1172.8,-0.001,0.1
27701,0.002,-1178.9,0,0.7
27713,0.001,-1163.6,0.001,0.1
27725,0.001,-1164.6,0,-0.7
27737,-0.004,-1155.5,-0.001,-0.3
27749,0.001,-1162.6,0,0.6
27761,0.001,-1150.8,0,0.4
27773,-0.003,-1148.4,0,-0.6
27785,-0.001,-1142.5,0,-0.5
27797,0.001,-1144.3,0,0.5
27809,0,-1143.2,0,0.5
27821,-0.001,-1132.4,0,-0.4
27834,-0.003,-1131.3,0.001,-0.7
27847,-0.001,-1126.8,0,0.5
27859,0.001,-1131.5,0.001,0.7
27871,0,-1116.2,0,-0.1
27883,-0.002,-1117.5,-0.003,-0.8
27896,-0.004,-1108.1,0.001,-0.1
27909,0,-1115.6,0,0.8
27921,0.003,-1102.5,0.001,0.4
27933,-0.002,-1100.6,0,-0.8
27945,0,-1095.8,0,-0.6
27957,-0.002,-1095.9,0,0.7
27970,0,-1096.6,0,0.7
27982,0.001,-1083.9,0,-0.5
27994,0,-1085,0.001,-0.9
28006,-0.003,-1075.4,0,0
28018,0.002,-1082.1,-0.002,1
28030,-0.001,-1071.5,0.001,0.4
28042,0,-1067.4,0,-0.8
28054,-0.001,-1065.1,0.001,-0.7
28066,0,-1060.8,0,0.6
28078,-0.001,-1066.5,0,0.8
28091,-0.001,-1049.8,0,-0.3
28103,0.002,-1050.6,0,-1.1
28115,-0.002,-1043,0,-0.3
28127,-0.001,-1045.9,0.001,1.2
28139,0.001,-1046.1,0,0.9
28151,0.001,-1032.7,-0.001,-0.7
28164,0.002,-1034.2,0,-1.2
28176,-0.001,-1023.7,0,0
28188,-0.002,-1030,0,1.2
28200,0,-1024.4,0,0.6
28212,-0.002,-1015.7,0,-0.9
28224,0.003,-1016.8,0,-1
28237,-0.002,-1007.5,0.001,0.6
28250,-0.001,-1014.5,-0.001,1.2
28262,-0.001,-1002,0,0.1
28274,0,-998.7,-0.001,-1.3
28286,-0.002,-998,0,-0.8
28298,0.002,-990.7,-0.001,1
28310,0,-997,0,1.1
28322,-0.002,-985.2,0.001,0.1
28334,0.001,-980.8,0,-1.4
28346,0.002,-980.7,0.001,-1
28358,-0.001,-972,0,1.1
28370,0.001,-978.1,0,1.6
28382,0,-969.6,0,0.2
28395,-0.002,-963.2,0,-1.7
28407,-0.001,-963.8,0,-1.1
28419,-0.003,-958.7,0.001,0.9
28431,-0.003,-962.6,0,1.7
28443,0,-955.4,0,0.5
28455,0,-945,0,-1.5
28467,-0.002,-946.8,0,-1.3
28479,-0.001,-936.5,-0.001,0.4
28491,0.001,-940.4,0,1.8
28503,0.002,-942.1,0.001,0.9
28516,-0.002,-926.1,0,-1.5
28528,-0.002,-927.9,0,-1.6
28540,0.002,-921.8,0.001,0.1
28552,0.001,-920,0.001,2
28564,-0.002,-925.1,0,1.4
28577,-0.001,-909.5,0,-1
28589,0.001,-908.7,0,-2.1
28601,0,-908.4,0,-0.9
28613,-0.003,-898.4,0,1.7
28625,0,-904.4,0,1.9
28637,-0.001,-901.3,0.001,0.2
28650,0,-889.1,0.001,-2.1
28662,0.002,-890.9,0,-1.5
28674,0.001,-882.8,0,0.7
28686,0,-882.7,0,2.3
28698,-0.002,-887.4,0,1.3
28711,0.001,-871.9,0,-1.5
28723,0,-870.8,0,-2.2
28735,0.001,-871.4,0,-0.6
28747,0.001,-860,0.001,1.9
28759,0,-865.1,0.001,2
28771,0,-866.5,0,0.2
28784,-0.001,-849.7,0,-2.3
28796,-0.001,-851.5,-0.001,-2
28808,-0.002,-849.3,0,0.3
28820,0,-840.2,0,2.6
28832,0,-846,0,1.9
28844,0.001,-844.2,-0.001,-0.6
28857,-0.002,-829.7,0,-2.7
28869,-0.002,-831.7,0.001,-1.7
28881,-0.002,-827.8,0,1.1
28893,0,-820.4,0,2.9
28905,0,-826,0,1.6
28917,0,-823.4,0.001,-1.2
28929,-0.002,-809,-0.001,-3
28941,-0.002,-810.7,0,-1.9
28953,-0.001,-808.3,0,1.2
28965,0,-798,0,3.2
28977,0,-804,0,2
28990,0.001,-803.8,0,-1.2
29002,0,-787.6,0.001,-3.2
29014,0.001,-789.1,-0.001,-2.2
29026,0.002,-788.7,0,1
29038,-0.002,-777,0,3.4
29050,-0.001,-781.8,0.001,2.3
29062,-0.002,-784.9,0,-0.7
29075,-0.002,-769.1,0,-3.4
29087,0.001,-766.8,0.001,-2.5
29099,0,-767.6,0.001,0.2
29111,0.002,-759.1,0,3.2
29123,0.002,-756.4,0,3
29135,-0.001,-761.5,0,0.4
29147,-0.001,-757.5,0,-2.9
29159,0.001,-742.9,0,-3.4
29171,0.001,-745.3,0,-1.3
29183,0.001,-744.7,0,2.2
29196,0,-731.9,0,3.8
29208,-0.002,-736.5,0.001,1.9
29220,-0.001,-739.6,0,-1.6
29232,0,-728.6,0,-3.8
29244,-0.001,-720.2,-0.001,-2.9
29257,-0.002,-722.1,0.001,0.5
29270,-0.002,-720.6,0.001,3.9
29282,-0.001,-710,0,3.4
29294,-0.001,-714.7,0,0.5
29306,-0.002,-716.3,0,-3.1
29318,-0.001,-701.8,-0.001,-3.9
29331,0.003,-698,0.001,-1.7
29344,-0.001,-698.5,-0.001,2.2
29356,0,-692.4,0.001,4.3
29368,-0.001,-684.5,0,2.7
29380,-0.001,-690.9,0,-0.7
29392,-0.003,-692.9,0,-3.8
29404,0.001,-679.3,0,-3.9
29416,0,-673.2,-0.001,-1.5
29428,-0.001,-674.5,0,2.3
29440,0.001,-672,-0.001,4.5
29452,-0.002,-660.5,0,3.2
29464,0.002,-664.7,0,-0.2
29476,0,-668.1,0,-3.9
29488,0.001,-663.6,-0.001,-4.3
29500,0.001,-648.1,0,-2.2
29512,0,-649.8,0,1.6
29524,0,-649.2,-0.001,4.6
29536,-0.001,-642.6,0,4
29548,-0.001,-635,0,1
29560,-0.001,-641.8,0,-3.1
29572,0.002,-643.5,-0.001,-4.7
29584,-0.002,-634.4,0,-3.1
29596,-0.001,-621.5,0,0
29608,-0.001,-623.8,0,3.8
29620,0.001,-622.6,0.001,4.9
29632,-0.001,-615.6,-0.002,2.6
29644,-0.001,-609,0,-1.4
29656,-0.002,-615.7,0,-4.4
29668,0.002,-616.9,0,-4.2
29680,-0.001,-609.3,0.001,-1.6
29692,0,-594.3,0.001,1.9
29704,0,-596.3,0,4.6
29716,-0.002,-595.6,0,3.9
29728,-0.001,-592.2,0,1
29740,0,-582.4,0,-2.9
29752,0,-586.9,0,-4.3
29764,0,-589.6,0.001,-3
29776,-0.001,-587.4,0,-0.4
29788,0,-571.5,0,2.9
29800,0,-565.3,0,4.4
29812,-0.001,-568.2,0.001,2.7
29824,0.001,-567.6,0,-0.4
29836,0.001,-561,0,-3.2
29848,-0.001,-554.1,0,-3.4
29860,0,-559.9,-0.001,-1.6
29872,0,-560.4,0.001,0.6
29884,-0.001,-556.5,0,2.6
29896,0,-540.9,0,2.8
29908,-0.001,-536.6,0,1.2
29920,0.001,-539.9,0,-0.8
29932,-0.001,-538.7,0,-2.3
29944,0,-533.2,0,-1.7
29956,0.002,-524.4,0.001,-0.5
29969,-0.001,-529.1,0.001,0.9
29981,0,-530.2,0,1.2
29993,-0.001,-527.9,0,0.6
30005,0,-515.5,0,0.1
30017,0,-505,0,0
30029,0.002,-508.8,0.001,0
30041,-0.001,-508,0,-0.2
30053,-0.001,-506.3,0,-0.1
30065,0.001,-497.6,0,0
30077,-0.001,-493,0,0
30089,0.001,-498.5,0,0
30101,0,-497.9,-0.001,0
30113,-0.002,-496.5,-0.001,0
30125,0,-485.3,0.001,0
30137,0.001,-474,0.001,0
30149,0,-477.1,0,0
30162,0.001,-476.8,0,0
30174,0.001,-474.8,-0.001,0
30186,-0.001,-467.4,0,0
30198,0,-459.9,0,0
30210,0,-463.7,0.001,0
30222,-0.001,-465.7,0,0
30234,0.001,-463.3,0,0
30246,0,-457.9,0,0
30258,0,-444.4,0,0
30270,0,-439.8,-0.001,0
30283,0,-444,0,0
30295,0.001,-441.9,0,0
30307,0,-439.6,0.001,0
30319,-0.002,-432.6,0.001,0
30331,0,-425,0,0
30343,-0.001,-427.3,0,0
30355,0.001,-430.3,-0.001,0
30367,-0.001,-427.4,-0.001,0
30379,-0.001,-424.1,-0.001,0
30391,0,-414,0,0
30403,0,-403.2,0,0
30415,0.002,-404.3,0,0
30427,0,-406.7,0,0
30439,0,-403.3,0,0
30451,-0.001,-400.8,0,0
30463,-0.001,-394.5,0,0
30475,0,-386.7,0,0
30487,0.001,-386.8,0,0
30499,0.001,-390.8,0,0
30511,-0.002,-388.6,0.001,0
30523,-0.001,-385.2,0.001,0
30535,0.001,-380.6,-0.001,0
30547,0,-369.7,0,0
30559,0,-361.8,0.001,0
30571,0.001,-363.7,0,0
30583,0,-365.4,-0.001,0
30595,0.001,-361.7,0,0
30607,-0.001,-358.8,0,0
30619,0,-354.7,0,0
30631,-0.001,-347,0,0
30643,0,-342.5,0.002,0
30655,0,-345.1,0.001,0
30667,0,-347.2,0,0
30679,-0.001,-343.7,0,0
30691,-0.001,-340.1,0,0
30703,-0.002,-336.4,0,0
30715,0.001,-327.5,0,0
30727,0,-318.3,0,0
30739,0,-316.5,0,0
30751,0,-318.8,0,0
30763,0.002,-317.8,0,0
30775,0,-313.2,0,0
30787,0.001,-310.1,0,0
30799,-0.001,-306.8,0,0
30811,0,-299.9,0,0
30823,0,-294.2,0,0
30835,0.001,-292.8,0,0
30847,0.001,-295.3,-0.002,0
30859,-0.001,-295.3,0,0
30871,-0.001,-291.1,0,0
30883,0.001,-287.3,0,0
30895,-0.001,-284.4,0.001,0
30907,-0.002,-278.6,-0.001,0
30919,-0.001,-270,-0.001,0
30931,0.001,-263.4,0,0
30943,-0.001,-262.2,0,0
30955,0.001,-263.6,0,0
30967,0,-264.3,0,0
30979,0,-259.5,0,0
30991,0.001,-254.4,0,0
31003,0.001,-251.9,0,0
31015,0,-248.9,0,0
31027,0.001,-243.3,-0.001,0
31040,-0.001,-236.9,0,0
31052,0.001,-233.6,0,0
31064,-0.001,-232.7,0,0
31076,-0.001,-233.9,0.001,0
31088,0.001,-233,0,0
31100,0,-229.2,-0.001,0
31112,-0.001,-225.3,0.001,0
31124,-0.001,-221.9,0,0
31136,0.001,-219.1,0,0
31148,0,-214.9,0,0
31160,0,-208.8,0,0
31172,0,-201.5,0,0
31184,0,-196.1,0,0
31196,-0.001,-193.9,0,0
31208,-0.001,-193.2,0,0
31220,0.001,-192.1,0.001,0
31232,0.001,-189.7,0.001,0
31244,0,-186.7,0.001,0
31256,0,-181.8,0.001,0
31268,0,-178.3,0,0
31280,-0.001,-175.3,-0.001,0
31292,-0.001,-174,0,0
31304,0.001,-170.9,-0.001,0
31317,0,-165.5,0,0
31329,0,-161.4,0,0
31341,0.002,-157.5,0,0
31353,0,-155,0,0
31365,0,-152.8,0,0
31377,0.002,-150.3,0.001,0
31389,0,-150.7,0,0
31401,0,-149.6,0,0
31413,0,-146.7,0,0
31425,0,-144.5,0,0
31437,0.001,-139.8,0,0
31449,0.001,-136.6,0,0
31461,-0.001,-134.9,0.001,0
31473,0.001,-131,0.001,0
31485,0,-127.2,0,0
31497,-0.001,-124.5,0,0
31510,-0.001,-120.4,0,0
31522,0,-116.1,-0.001,0
31534,-0.002,-111.9,0,0
31546,-0.001,-108.1,0,0
31558,-0.001,-103.2,0,0
31570,0,-97.9,-0.001,0
31582,-0.001,-93.9,-0.001,0
31594,-0.001,-92.9,0,0
31606,-0.001,-91.2,-0.001,0
31618,0,-87.3,0,0
31630,-0.001,-83.1,-0.001,0
31643,0,-81.6,0.001,0
31655,-0.001,-80.9,0,0
31667,0,-76.4,0,0
31679,0,-69.9,0,0
31691,0,-65.2,0,0
31703,0,-64.1,0,0
31715,-0.001,-65.6,0,0
31727,0.001,-65.2,0,0
31739,0,-59.9,0,0
31751,0,-52.7,0,0
31763,0,-47,0,0
31775,0.001,-43,0,-0.1
31787,-0.001,-40.7,0,-0.2
31799,0,-39.9,0,-0.1
31811,0.001,-39.2,0,0
31823,0,-38,0,0.2
31835,0.001,-35.2,0,0.1
31847,0,-29.9,0,0
31859,0,-23.1,0,0
31871,0,-16.6,0,0
31883,0,-11.1,0,0
31895,0,-6.5,0,0
31907,0,-2.3,0,0
31919,-0.001,1.3,0,0
31931,0.001,4.5,0.001,0
31943,0,6.1,0,0
31955,0,6.8,0,0
31967,0,7.3,0,0
31979,0,8.3,-0.002,0
31991,0.001,9.7,0,0
32003,0,11.7,0.001,0
32015,0.001,13.6,0.001,0
32027,0,14.9,0,0
32039,0.001,15,0,0
32051,-0.001,13.7,0,0
32063,0,11.3,0,0
32075,-0.001,7.8,0,0
32087,0,3.7,0,0
32099,0,0.1,0,0
32111,0,-3.6,0.001,0
32123,0,-5.3,0,0
32135,-0.001,-5.1,0,0
32147,-0.001,-3.7,0,0
32159,0,-1.8,-0.002,0
32171,0,-0.3,0,0
32183,0,0.7,0,0
32195,0,1.6,0,0
32207,0.001,1.7,0.498,6.3
32219,0.001,2.1,0.5,59.4
32231,0.002,1.7,0.497,146.4
32243,0,0.6,0.5,239.7
32255,0.001,-1.3,0.498,327.9
32267,-0.001,-3.9,0.498,413.6
32279,0,-5.2,0.501,502.4
32291,0,-4.1,0.498,593.9
32304,0,-1.8,0.501,697.3
32316,0,1.3,0.495,782.2
32328,0,4.1,0.502,881.2
32340,0,4.8,0.498,983.2
32352,0,3.4,0.498,1065.7
32364,0,1.2,0.501,1159.6
32376,0.001,-0.9,0.519,1244.9
32388,0,-3,0.457,1349.1
32400,0,-3.8,0.5,1429.2
32412,0.001,-2.7,0.453,1510
32424,0,-1,0.429,1599.5
32436,0,0.2,0.347,1666.8
32448,0,2.4,0.348,1728.2
32460,0,3.1,0.283,1798.5
32472,0,2.1,0.296,1848.2
32484,0,0.8,0.254,1889.9
32496,0,-0.7,0.193,1942.6
32508,0,-1.9,0.152,1977.5
32520,-0.001,-1.8,0.166,2018.3
32532,0.001,-1.1,0.202,2047.7
32544,-0.001,-0.1,0.14,2070.6
32556,0.001,0.6,0.151,2103.7
32568,0,1,0.149,2121.8
32580,0.001,0.8,0.126,2151
32592,-0.001,0.2,0.09,2166.8
32604,0,0,0.156,2186
32616,0,-0.2,0.079,2200
32628,0,-0.2,0.131,2208.7
32640,0,0,0.104,2225.3
32652,-0.001,0,0.055,2230.7
32664,0,0.1,0.052,2248.6
32676,0,0,0.039,2251.5
32688,0,0,0.06,2266.7
32700,0,-0.1,0.04,2269.9
32712,-0.001,0,0.09,2280.2
32724,0,0,0.074,2284.3
32736,0.001,0.1,0.076,2287.8
32748,0,0,0.064,2292.6
32760,0.001,0,0.101,2291.1
32772,0.001,-0.1,0.039,2297.9
32784,0,0,0.049,2296
32796,0.001,0.1,0.063,2306.1
32808,0,0.1,0.027,2312.4
32820,0,0,0.047,2321.2
32832,0,-0.1,0.027,2312.8
32844,0,0,0.035,2318.8
32856,0,0,0.039,2316.7
32868,-0.001,0.1,0.039,2321.6
32880,0,0,0.051,2321.3
32892,0.001,0,0.081,2321.4
32904,-0.001,-0.1,0.051,2322.7
32916,0,0,0.071,2319.4
32928,-0.001,0,0.032,2323.6
32940,0,0.1,0.058,2318.8
32952,0,0,0.034,2326.1
32964,0,0,0.041,2320.6
32976,0,-0.1,0.026,2328.7
32988,0,0,0.043,2323.2
33000,0,0.1,0.01,2330.6
33012,0,0.1,0.045,2326.3
33024,0,0,0.015,2331.8
33036,0,-0.1,0.056,2329.2
33048,-0.001,0,0.035,2331.3
33060,0,0,0.037,2330.5
33072,-0.001,0.1,0.08,2328.7
33084,-0.002,0,0.038,2329.7
33096,0,0,0.084,2324.9
33108,-0.001,-0.1,0.005,2329.6
33120,0,0,0.061,2324.2
33132,-0.001,0,0.013,2331.3
33144,0,0.1,0.028,2325.2
33156,0,0,0.041,2332.8
33168,-0.001,0,0.009,2327
33180,-0.001,-0.1,0.057,2333.9
33192,0,0,-0.006,2329.6
33204,0,0.1,0.048,2334.3
33216,0.001,0.1,0.028,2331.8
33228,0,0,0.036,2333.1
33240,0.001,-0.1,0.067,2332.1
33252,0,0,0.037,2329.5
33264,-0.001,0,0.078,2331.1
33276,0,0.1,0.035,2326.2
33288,0,0,0.041,2330.8
33300,0,0,0.047,2325.3
33312,0,-0.1,0.009,2332.3
33324,0,0,0.052,2326.3
33336,0,0,-0.002,2333.6
33348,0,0.1,0.057,2327.9
33360,0,0,0.03,2334.5
33372,0,0,0.024,2330.4
33384,0,-0.1,0.039,2334.6
33396,0,0,0.013,2332.3
33408,0,0.1,0.082,2333.1
33420,0,0.1,0.036,2332.4
33432,0,0,0.065,2329.4
33444,0.001,-0.1,0.055,2331.2
33456,0,0,0.031,2326.1
33468,0.001,0,0.05,2331.1
33480,0.001,0.1,0.021,2325.4
33492,0,0,0.053,2332.6
33504,0,0,0.013,2326.6
33516,0,-0.1,0.027,2333.9
33528,0,0,0.027,2328.4
33540,-0.001,0,0.029,2334.7
33552,0,0.1,0.039,2330.8
33564,0,0,0.017,2334.6
33576,0,0,0.042,2332.7
33588,0,-0.1,0.07,2332.9
33600,-0.001,0,0.038,2332.7
33612,0,0.1,0.081,2328.4
33624,0.001,0.1,0.036,2330
33636,0,0,0.06,2325
33648,0,-0.1,0.026,2330
33660,0,0,0.038,2336
33672,0.001,0,0.046,2338.7
33684,-0.001,0.1,0.019,2328
33696,0,0,0.044,2334.1
33708,0,0,0.004,2328.6
33720,-0.001,-0.1,0.048,2335.1
33732,0.001,0,0.012,2331.2
33744,0,0,0.027,2335
33756,0,0.1,0.042,2332.9
33768,0,0,0.046,2333
33780,0,0,0.065,2332.6
33792,0,-0.1,0.058,2329.2
33804,0,-0.2,0.053,2331.5
33816,0,-0.2,0.056,2326.4
33828,-0.001,-0.1,0.013,2332
33840,0.001,0,0.055,2326.1
33852,0,0,0.011,2333.4
33864,0,0.1,0.06,2327.2
33876,0,0,0.013,2334.5
33888,0.001,-0.1,0.019,2329.1
33900,0,-0.1,0.051,2335.2
33912,0.001,0,0.005,2331.5
33924,0.001,0.1,0.061,2335.1
33936,0.001,0.1,0.014,2332.8
33948,0,0,0.059,2332.6
33960,0.002,-0.1,0.058,2332.7
33972,0,0,0.044,2329
33984,0,0,0.075,2331.6
33996,0,0.1,0.03,2326.2
34008,0,0,0.035,2332
34020,0,0,0.03,2326.2
34032,-0.001,-0.1,0.021,2333.6
34044,0.001,0,0.059,2327.3
34056,-0.001,0,0.003,2334.6
34068,0,0.1,0.044,2329.5
34080,0.001,0,0.025,2335.6
34092,0,-0.1,0.022,2331.9
34104,0,-0.1,0.059,2335.1
34116,0,0,0.008,2333.3
34128,0,0.1,0.086,2332.8
34140,0,0.1,0.03,2332.9
34152,-0.001,0,0.055,2329.1
34164,0,-0.1,0.051,2332
34176,0,0,0.026,2326.5
34188,0,0,0.054,2332.5
34200,0.001,0.1,0.003,2326.5
34212,0,0,0.049,2333.8
34224,0,0,0.027,2327.7
34236,0.002,-0.1,0.014,2335
34248,0,0,0.05,2329.8
34260,0.002,0,0.007,2335.6
34272,0,0.1,0.054,2332.1
34284,0.001,0,0.028,2335
34296,0,-0.1,0.034,2333.5
34308,0,-0.1,0.089,2332.7
34320,0.001,0,0.017,2332.9
34332,-0.001,0.1,0.081,2328.8
34344,0,0.1,0.02,2332
34356,-0.001,0,0.057,2326.5
34368,0,-0.1,0.038,2332.7
34380,0,0,0.004,2326.9
34392,-0.001,0,0.052,2334.4
34404,0,0.1,0.014,2328.3
34416,0,0,0.027,2335.6
34428,-0.001,0,0.034,2330.3
34440,0,-0.1,0.006,2336
34452,0,0,0.051,2332.3
34464,0,0,0.021,2334.1
34476,0,0.1,0.047,2332.7
34488,0.001,0,0.084,2331.5
34500,0,-0.1,0.024,2332.2
34512,0,-0.1,0.089,2339.3
34524,0.001,0,0.017,2337.2
34536,-0.001,0.1,0.066,2327.8
34548,-0.001,0.1,0.031,2333
34560,-0.001,0,0.016,2326.9
34572,0.001,-0.1,0.045,2334.6
34584,0,0,0.005,2328.6
34596,0,0,0.047,2335.8
34608,0,0.1,0.017,2330.6
34620,-0.001,0,0.022,2336.2
34632,-0.001,0,0.037,2332.9
34644,0.001,-0.1,0.015,2335.7
34656,0.001,0,0.058,2334.3
34668,0,0,0.066,2333.1
34680,0,0.1,0.041,2333.4
34692,0,0,0.079,2329.2
34704,0.001,-0.1,0.013,2332.5
34716,0,-0.1,0.079,2327.1
34728,0,0,0.017,2333.3
34740,0,0.1,0.036,2327.1
34752,0.001,0.1,0.029,2334.5
34764,0,0,0.012,2328.5
34776,0,-0.1,0.05,2335.5
34788,-0.001,0,0.006,2330
34800,-0.001,0,0.038,2335.7
34812,0,0.1,0.019,2332.7
34824,0,0,0.027,2335.4
34836,0,0,0.061,2334
34848,0,-0.1,0.057,2332.6
34860,0,0,0.05,2333.2
34872,0,0,0.063,2329
34884,0,0.1,0.017,2332.4
34896,0,0,0.074,2326.8
34908,0,-0.1,0.015,2333.1
34920,0,-0.1,0.044,2327.1
34932,-0.001,0,0.019,2334.7
34944,0,0.1,0.019,2328.9
34956,0,0.1,0.048,2335.9
34968,-0.001,0,0.007,2330.9
34980,0,-0.1,0.049,2336.2
34992,0,0,0.013,2333.1
35004,0,0,0.034,2335.6
35016,0,0.1,0.05,2334.3
35028,0,0,0.052,2332.8
35040,-0.001,0,0.065,2333.3
35052,-0.001,-0.1,0.047,2329
35064,0,0,0.036,2332.6
35076,-0.001,0,0.057,2326.8
35088,-0.001,0.1,0.022,2333.3
35100,0,0,0.047,2327.3
35112,0,-0.1,0.013,2334.7
35124,0,-0.1,0.04,2328.8
35136,0,0,0.029,2335.7
35148,0,0.1,0.017,2330.9
35160,0,0.1,0.048,2336.1
35172,0,0,0.009,2333.2
35184,0,-0.1,0.051,2335.4
35196,0,0,0.03,2334.1
35208,0,0,0.061,2332.3
35220,0,0.1,0.067,2333
35232,0.001,0,0.042,2328.6
35244,0.002,0,0.052,2332.5
35256,0.001,-0.1,0.037,2326.9
35268,0,0,0.026,2333.3
35280,0,0,0.043,2327.3
35292,0,0.1,0.013,2334.9
35304,-0.001,0,0.04,2327.9
35316,0,-0.1,0.025,2334.6
35328,-0.001,-0.1,0.024,2329.2
35340,0,0,0.044,2333.4
35352,0,0.1,0.012,2331.2
35364,0,0.1,0.057,2345.5
35376,0,0,0.028,2338.7
35388,0,-0.1,0.067,2333.2
35400,-0.001,0,0.064,2332.7
35412,0.001,0,0.048,2328.4
35424,0,0.1,0.05,2332.4
35436,0.001,0,0.033,2326.9
35448,0.001,0,0.041,2333.4
35460,0,-0.1,0.027,2327.5
35472,0,0,0.021,2335
35484,0,0,0.043,2329.2
35496,0,0.1,0.011,2335.9
35508,0.001,0,0.039,2331
35520,0,-0.1,0.026,2336.2
35532,0,-0.1,0.024,2333.3
35544,0,0,0.052,2335.3
35556,-0.001,0.1,0.019,2334
35568,0,0.1,0.085,2332.2
35580,0,0,0.047,2333
35592,0,-0.1,0.057,2328.6
35604,0,0,0.038,2332.4
35616,-0.001,0,0.028,2326.8
35628,0,0.1,0.051,2333.5
35640,0,0,0.016,2327.1
35652,-0.001,0,0.04,2334.9
35664,0,-0.1,0.035,2329.1
35676,0,0,0.008,2336
35688,0,0,0.045,2331.3
35700,0,0.1,0.02,2336.2
35712,-0.002,0,0.044,2333.5
35724,0,-0.1,0.053,2335.2
35736,0.001,-0.1,0.016,2334
35748,0,0,0.086,2332.3
35760,0.001,0.1,0.035,2333.2
35772,-0.001,0.1,0.063,2328.7
35784,0,0,0.031,2332.6
35796,0,-0.1,0.027,2326.9
35808,0,0,0.049,2333.5
35820,0,0,0.011,2327.6
35832,0,0.1,0.049,2335.1
35844,0,0,0.024,2329.2
35856,0,0,0.015,2336
35868,0,-0.1,0.036,2331.4
35880,0,0,0.013,2336.6
35892,-0.001,0,0.061,2333.7
35904,0,0.1,0.038,2335.2
35916,0.001,0,0.026,2334
35928,-0.001,-0.1,0.084,2332
35940,0,-0.1,0.031,2333
35952,0.001,0,0.078,2328.4
35964,0,0.1,0.015,2332.5
35976,0,0.1,0.039,2326.8
35988,-0.001,0,0.036,2333.6
36000,0,-0.1,0.01,2327.7
36012,0,0,0.057,2335.1
36024,0,0,0.007,2329.2
36036,0.001,0.1,0.035,2336.1
36048,0,0,0.018,2331.7
36060,-0.001,0,0.015,2336.3
36072,-0.001,-0.1,0.06,2333.7
36084,0,0,0.023,2335.2
36096,0,0,0.045,2334.3
36108,-0.001,0.1,0.085,2332.1
36120,0,0,0.035,2333.3
36132,0,-0.1,0.083,2328.6
36144,0,-0.1,0.016,2332.8
36156,0,0,0.04,2326.9
36168,-0.001,0.1,0.038,2333.3
36180,0,0.1,0.012,2327
36192,-0.001,0,0.056,2333.9
36204,0,-0.1,0.008,2332.1
36216,0,0,0.03,2345.4
36228,0.001,0,0.02,2335.3
36240,-0.001,0.1,0.016,2336.8
36252,0,0,0.061,2333.4
36264,0,0,0.027,2335.1
36276,0,-0.1,0.043,2334.2
36288,0,0,0.076,2332
36300,-0.001,0,0.036,2333.2
36312,0,0.1,0.084,2328.5
36324,0,0,0.006,2332.9
36336,0,-0.1,0.059,2327
36348,0,-0.1,0.019,2333.8
36360,0,0,0.023,2327.8
36372,-0.001,0.1,0.045,2335.2
36384,0,0.1,0.003,2329.3
36396,-0.001,0,0.046,2336.1
36408,0.001,-0.1,0.005,2331.6
36420,0,0,0.027,2336.3
36432,0,0,0.053,2333.7
36444,0,0.1,0.023,2335.1
36456,0.001,0,0.059,2334.3
36468,0,0,0.06,2332.1
36480,0,-0.1,0.047,2333.3
36492,0,0,0.075,2328.1
36504,0,0,0.007,2332.5
36516,0,0.1,0.063,2327
36528,0,0,0.01,2333.9
36540,0,-0.1,0.024,2327.9
36552,0,-0.1,0.049,2335.2
36564,-0.001,0,0.006,2329.3
36576,0,0.1,0.057,2336
36588,0,0.1,-0.003,2331.6
36600,0,0,0.032,2336.4
36612,0,-0.1,0.045,2333.7
36624,0,0,0.021,2335.2
36636,0,0,0.064,2334.1
36648,-0.002,0.1,0.05,2331.7
36660,0,0,0.055,2332.9
36672,0.001,0,0.067,2328.1
36684,0.001,-0.1,0.006,2332.6
36696,0,0,0.066,2327
36708,0,0,0.005,2333.8
36720,-0.001,0.1,0.045,2327.9
36732,0.001,0,0.025,2335.2
36744,0,-0.1,0.017,2329.3
36756,0,-0.1,0.057,2335.8
36768,0,0,-0.007,2331.4
36780,0,0.1,0.046,2336
36792,0,0.1,0.028,2333.7
36804,0,0,0.033,2334.9
36816,0,-0.1,0.068,2334
36828,-0.001,0,0.039,2331.4
36840,0,0,0.07,2332.7
36852,0,0.1,0.047,2327.8
36864,-0.001,0,0.027,2332.3
36876,0,0,0.059,2326.8
36888,0,-0.1,0.003,2333.8
36900,0,0,0.058,2327.6
36912,0,0,0.004,2335
36924,0.001,0.1,0.039,2329.3
36936,0,0,0.046,2336
36948,0,-0.1,-0.003,2331.6
36960,0,-0.1,0.047,2336.2
36972,0.001,0,0.023,2333.7
36984,0,0.1,0.039,2334.7
36996,0,0.1,0.064,2334.1
37008,0,0,0.041,2330.9
37020,0,-0.1,0.068,2331.2
37032,0,0,0.046,2325.7
37044,0,0,0.028,2330.6
37056,-0.001,0.1,0.06,2333.7
37068,0,0,0.004,2343.1
37080,0,0,0.052,2331.2
37092,0,-0.1,0.004,2335.5
37104,0,0,0.037,2329.3
37116,-0.001,0,0.044,2336.2
37128,0,0.1,-0.006,2331.8
37140,0,0,0.055,2336.3
37152,0,-0.1,0.008,2334.1
37164,0.001,-0.1,0.057,2335.2
37176,0,0,0.057,2334.4
37188,0,0.1,0.041,2331.7
37200,0,0.1,0.076,2333.1
37212,0.001,0,0.032,2328.1
37224,0,-0.1,0.046,2332.8
37236,0,0,0.044,2327.2
37248,0.001,0,0.015,2334.1
37260,0.001,0.1,0.046,2328
37272,-0.001,0,-0.002,2335.3
37284,0,0,0.048,2329.6
37296,0,-0.1,0.034,2336.1
37308,0.001,0,0.008,2331.6
37320,0,0,0.045,2336.1
37332,0,0.1,0.007,2333.5
37344,-0.001,0,0.074,2334.2
37356,0.001,-0.1,0.047,2333.8
37368,0,-0.1,0.05,2331.3
37380,0,0,0.074,2332.7
37392,0,0.1,0.003,2327.9
37404,0,0.1,0.011,2330.1
37417,-0.001,0,0.01,2317.8
37429,0,-0.1,0.002,2317.1
37441,0.001,0,-0.002,2303.8
37453,-0.001,0,0.013,2304.6
37465,0,0.1,-0.006,2291.6
37477,-0.001,0,0.006,2291.9
37489,0,0,0.002,2280.8
37502,0,-0.1,0.003,2278
37514,-0.001,0,0,2268.3
37526,0,0.1,-0.006,2262.1
37538,0.001,0.1,-0.009,2254.4
37550,0,0,0.002,2243.2
37563,0.001,-0.1,-0.002,2240
37575,0,0,0.002,2227.9
37587,-0.001,0,0,2229.1
37599,0,0.1,-0.003,2216.9
37611,0,0,0.004,2218.6
37623,0,0,-0.003,2208.5
37635,0,-0.1,0.001,2206.5
37647,-0.001,0,0.001,2198.2
37659,0,0,-0.005,2187.8
37671,0,0.1,-0.006,2184.8
37683,0,0,0,2173.5
37695,0,0,0.005,2176
37707,0,-0.1,0.006,2165
37719,0,0,0.009,2166
37731,0.001,0.1,-0.001,2157.6
37743,0,0.1,-0.004,2149.6
37755,0,0,0.001,2144.7
37767,0,-0.1,0.006,2133.7
37779,0,0,0.013,2137.1
37791,0,0,0.006,2126.5
37803,0.001,0.1,-0.002,2127.9
37815,-0.001,0,0.002,2119.8
37827,0.001,0,-0.001,2110.9
37840,0,-0.1,-0.002,2107.6
37852,0,0,0.005,2096
37864,0,0,0.001,2098.8
37876,0,0.1,0.009,2089
37888,-0.001,0,-0.004,2091.1
37900,-0.001,-0.1,0.004,2083.5
37912,0,-0.1,-0.009,2083.6
37924,0,0,0.006,2078.7
37936,0,0.1,0.001,2064.8
37948,0,0.1,-0.002,2067.9
37960,0,0,0.003,2060.5
37972,0.001,-0.1,-0.002,2054.3
37984,0,0,-0.007,2049.8
37996,0,0,-0.004,2039.9
38008,-0.001,0.1,-0.004,2044.6
38021,-0.001,0,0.005,2034.4
38033,0,0,-0.006,2035
38045,-0.001,-0.1,0.001,2027.6
38057,0,0,0.002,2017.1
38069,0.001,0.1,0.01,2021.2
38081,0.001,0.1,0.004,2011.9
38093,0,0,-0.004,2014
38105,0,-0.1,-0.011,2006.4
38117,0.001,-0.1,0,1995.7
38129,0,0,0.005,1999.8
38141,0,0.1,0.005,1990.7
38153,0,0,-0.006,1993.1
38165,0,0,-0.002,1985.3
38177,0.002,-0.1,0.002,1975.1
38189,-0.001,0,0.001,1979.9
38201,0.001,0,0.002,1971.6
38213,0,0.1,0,1972.3
38225,-0.001,0,0.007,1965.2
38237,0.001,0,-0.003,1955.8
38249,-0.001,-0.1,0.003,1961.6
38261,0,0,0.004,1954.5
38273,-0.001,0.1,-0.006,1951.4
38285,0,0.1,-0.004,1946.3
38297,0.001,0,-0.002,1937.9
38309,-0.001,-0.1,0,1944.1
38322,0,0,0.005,1936.5
38334,-0.001,0,-0.009,1930.9
38346,0,0.1,0.002,1929
38358,-0.001,0,0.003,1920.5
38370,0.001,0,0.009,1926.6
38382,0,-0.1,0.003,1919.7
38394,0,0,-0.007,1909.5
38406,0,0,0.005,1914.1
38418,-0.001,0.1,0.007,1906.3
38430,0.001,0,-0.001,1907.7
38442,0.001,0,-0.001,1901.2
38454,0,-0.1,0.004,1892.9
38466,0,0,0.004,1899.5
38478,-0.001,0.1,0.003,1893.4
38490,0,0.1,-0.005,1884.4
38502,0,0,0.002,1886.8
38514,0,-0.1,0.007,1879.2
38526,0,0,-0.003,1883
38538,-0.001,0,0,1875.4
38550,-0.001,0.1,-0.008,1866.6
38562,0,0,0.005,1873.6
38574,-0.001,0,0.003,1867.7
38586,0,-0.1,-0.007,1859
38598,0,0,0.007,1862
38610,0,0,-0.001,1854.6
38622,0,0.1,-0.003,1857.3
38634,0.002,0,0,1850.2
38646,0.001,0,0.002,1841.9
38658,-0.001,-0.1,-0.001,1849.4
38670,0,0,0,1842.8
38682,-0.001,0.1,0,1832.6
38695,0,0.1,0,1837.4
38707,0,0,-0.006,1830.2
38719,0,-0.1,0.002,1830
38731,0,0,-0.004,1824.3
38743,0,0,0.003,1816.8
38755,0.001,0.1,0.007,1830.8
38767,0.001,0,-0.001,1824.9
38779,0,0,-0.002,1810.5
38791,-0.001,-0.1,0.007,1815.7
38803,0,0,0.001,1809.5
38815,0,0,0,1800.8
38827,-0.001,0.1,0.007,1805.1
38840,0,0,-0.003,1797.1
38852,0,-0.1,0.003,1799.5
38864,0.001,-0.1,-0.001,1793.3
38876,0.001,0,0.001,1786
38888,-0.001,0.1,0.001,1793.5
38901,0,0,-0.003,1785.8
38913,0.001,0,0.001,1775.9
38925,0,-0.1,0.006,1783.6
38937,0,0,0.004,1778
38949,0,0,-0.002,1768.8
38961,0,0.1,-0.002,1774
38973,0,0,0.004,1768.3
38985,0,0,0,1764.2
38997,0.001,-0.1,0,1763.8
39009,0,0,0.002,1757
39021,0,0.1,0.003,1759.9
39033,0,0.1,-0.002,1754
39045,-0.001,0,0.004,1747.2
39057,-0.001,-0.1,-0.007,1754.1
39069,0,-0.1,-0.002,1745.3
39081,0,0,0.006,1737.8
39093,0,0.1,0,1745.8
39105,0,0,0.004,1737.6
39117,0,0,-0.003,1728.8
39129,0.001,-0.1,0.003,1737.3
39141,0.001,0,-0.003,1730.4
39153,0,0.1,0.003,1720.3
39165,0,0.2,0.007,1728.2
39177,0,-0.1,0.001,1722.4
39189,0,-0.1,-0.004,1712.3
39201,0,0,0,1719.2
39213,0,0.1,-0.005,1713.8
39225,0,0,-0.005,1704.8
39237,0,0,0.003,1710.3
39249,0,-0.1,0.003,1705
39261,-0.001,0,-0.008,1697.7
39273,0,0,0.005,1701.4
39285,0,0.1,0.011,1696
39297,0,0,-0.002,1690.6
39309,0.001,-0.1,-0.001,1692.8
39321,0,-0.1,0.003,1687.1
39333,0,0,-0.007,1682.8
39345,0,0.1,-0.001,1683.8
39357,0,0,0.006,1678.2
39369,0,0,0,1675.1
39381,-0.001,-0.1,0.004,1675.2
39393,0.001,0,0.006,1669.5
39405,0,0,0,1667
39417,0,0.1,0.003,1666.9
39429,0,0,0.006,1661.3
39441,0.001,-0.1,-0.004,1658
39453,-0.001,-0.1,0,1658.6
39465,0,0,0.003,1653.1
39477,-0.001,0.1,-0.007,1648.9
39489,-0.001,0,0.003,1650.3
39501,0,0,0.011,1645.3
39513,0,-0.1,0.001,1639.9
39525,0,0,0.004,1642.9
39537,0,0,0.001,1637.8
39549,0.001,0.1,-0.004,1629.3
39561,-0.001,0,0.003,1634.6
39574,0,-0.1,0.005,1628.6
39586,0.001,0,-0.007,1621.8
39598,0.001,0,0.003,1625.8
39610,0,0.1,-0.002,1628.6
39622,0,0,-0.001,1616.1
39634,0.001,0,-0.001,1619.5
39647,0,-0.1,-0.006,1613
39659,0.001,0,0.001,1603.9
39671,0.001,0.1,-0.003,1610.7
39683,0.001,0.1,0.003,1605.1
39695,-0.001,0.1,0.002,1594.8
39708,0,0.2,0.004,1602.6
39720,-0.001,-0.1,0,1596.5
39732,0,-0.1,-0.003,1586.2
39744,-0.001,0,-0.001,1595.2
39756,0,0,0.002,1586.7
39768,0,0.2,-0.004,1578
39780,0,0.2,0.001,1587.5
39792,0,-0.1,0,1577.3
39804,0,-0.1,-0.004,1570.3
39816,0,0,-0.002,1577.9
39828,0,0,0,1569.5
39840,0,0.1,-0.001,1564.1
39852,0,0,-0.003,1565.7
39864,0.001,0,0.003,1563.1
39876,0,-0.1,0.009,1558.4
39888,0,0.2,-0.003,1551.9
39900,0.001,0,-0.004,1556.7
39912,0,-0.1,0.001,1551.6
39924,0.001,-0.1,0.003,1541.2
39936,0,0,0.002,1550.4
39948,0.001,0.1,0.003,1542.1
39960,0,0.1,0.006,1533.6
39972,-0.001,0,0.001,1543
39984,0,-0.1,-0.002,1532.8
39996,0,0,0.006,1526.9
40008,0,0,-0.005,1530.9
40020,0,0.1,0.003,1526.7
40033,0,0,0.006,1520.9
40045,0,0.2,-0.001,1517.6
40057,0,0.1,-0.004,1520.9
40069,0.001,-0.1,-0.003,1516
40081,0.001,-0.1,0.002,1505.4
40094,0,0,0,1513.9
40106,0,0,0,1505.9
40118,0,0.2,0.006,1497.2
40130,-0.001,0.2,-0.005,1507
40142,0,-0.1,-0.001,1496.5
40154,0,-0.1,-0.002,1491.3
40166,0,0,0,1492.2
40178,-0.001,0,0.002,1491.6
40190,0.001,0.1,0,1487.3
40202,0.001,0,0.002,1477.3
40214,0,0,0.002,1486.4
40227,0,-0.1,-0.002,1478.2
40239,0,0,0.004,1469.5
40251,-0.001,0.1,-0.003,1478.9
40263,-0.001,-0.1,0.001,1468.7
40275,0,-0.1,-0.002,1464.2
40287,0,0.1,0.001,1462.3
40299,0.001,0.1,-0.007,1464.9
40311,0,0,0.001,1459.9
40323,0.001,-0.1,-0.002,1449.8
40335,0.001,-0.1,0.006,1459.8
40347,0.001,0,-0.005,1448.7
40359,0,0.1,0.002,1443.4
40371,-0.001,0.1,-0.005,1446.2
40384,0,0,-0.002,1443.7
40396,0,-0.1,0,1439.9
40408,-0.001,0,0.003,1429.9
40420,0,0,-0.002,1439
40432,-0.001,0.1,0.001,1429.1
40444,0,0,0.001,1422.2
40456,0,0.2,-0.002,1434.2
40468,0,-0.1,-0.002,1428.5
40480,-0.001,-0.1,-0.003,1421.8
40492,0,0,0,1411
40504,0,0,0,1420.3
40516,0,0.1,-0.001,1410.1
40528,-0.001,0,0.003,1404.1
40540,0,0.2,-0.004,1408.6
40552,0.001,-0.1,-0.001,1406
40564,0,-0.3,-0.003,1402.1
40576,0,0.1,-0.001,1392.1
40588,-0.001,0.1,0.003,1402.4
40600,-0.001,0,-0.003,1390.9
40612,0.001,0,0,1386.8
40624,0,0.1,-0.003,1385.4
40636,0,-0.1,-0.004,1388.4
40649,-0.001,-0.3,0,1382.3
40661,0.001,0.2,-0.002,1372.4
40673,0,0.3,0.001,1382.8
40685,0,-0.1,-0.001,1372.5
40697,0.001,-0.1,0.01,1369.2
40709,0,0.2,-0.003,1362.2
40721,0.002,0,0.001,1370.4
40733,0,-0.3,-0.003,1360.2
40746,0,0.1,0.002,1353.4
40758,-0.001,0.3,0,1359.3
40770,-0.001,-0.1,-0.003,1355.6
40782,0,-0.1,0.006,1351.8
40794,0.001,0.1,0.001,1341.6
40806,0,0.1,-0.006,1352.3
40818,0,-0.3,0.001,1341.4
40830,0.001,-0.2,0.009,1338.6
40842,-0.001,0.1,-0.001,1330.9
40854,0,0,0.001,1339.9
40866,0.002,-0.2,-0.005,1328.8
40878,0,0.1,-0.002,1324.4
40890,0.002,0.3,-0.004,1323.8
40903,0,-0.2,0.001,1325.8
40915,0.002,-0.3,-0.001,1319.6
40927,0.001,0.2,0.005,1311.1
40939,0,0.3,0.002,1319.1
40951,0.001,-0.3,0.005,1313
40964,-0.001,-0.2,0.003,1309.2
40976,0,0.3,-0.003,1299.2
40988,-0.001,0.3,-0.003,1310
41000,0,-0.3,-0.001,1298.8
41012,0,-0.1,0.002,1296.9
41024,-0.001,0.3,0.001,1288.5
41036,0,0.2,0.006,1298.6
41048,0,-0.3,0.002,1286.5
41060,0,-0.2,0.003,1283.9
41072,0,0.1,-0.005,1277.7
41084,0,0,0.002,1286.2
41096,0,-0.2,-0.002,1274.8
41108,0,0.1,-0.002,1271.3
41120,-0.001,0.3,-0.007,1267.4
41132,0,-0.1,0.002,1274.4
41144,0.001,-0.3,-0.004,1263.5
41157,0,0.2,0.003,1258.6
41169,0,0.3,-0.004,1258.9
41181,0,-0.2,0.003,1261.9
41193,0.001,-0.5,0,1252.7
41205,0,0.2,0,1247
41217,0,0.4,-0.001,1247.5
41229,0,-0.1,0.002,1250.7
41241,0.001,-0.3,-0.001,1241.4
41254,0,0.2,0.004,1235.2
41266,-0.001,0.3,0,1237.4
41278,0.001,-0.2,0.003,1237.8
41290,-0.001,-0.3,0.004,1229.2
41302,0.001,0.2,0.002,1225.2
41314,-0.001,0.3,-0.004,1230.6
41327,0.001,-0.2,0.003,1229.2
41339,0,-0.3,0.004,1219.1
41351,0.002,0.2,0.002,1212.9
41363,0.001,0.3,-0.003,1213.1
41375,-0.001,-0.2,0,1216.8
41387,0.001,-0.3,-0.002,1206.3
41399,0.001,0.3,-0.002,1202.8
41412,0,0.4,-0.003,1200.4
41424,0,-0.3,-0.001,1206.1
41436,0,-0.6,-0.001,1194.8
41448,0,0.2,0.003,1192.5
41460,0,0.6,0.003,1186.8
41472,0,0,0.001,1196.6
41484,0,-0.6,0.003,1184.3
41496,0,-0.1,0.001,1183.8
41508,0,0.5,-0.005,1174.7
41520,0,0.2,-0.001,1185.9
41532,0,-0.5,0.002,1175.6
41544,0,-0.3,0.001,1173.4
41556,0,0.6,0.003,1163.9
41568,0.001,0.4,-0.001,1171.4
41580,0,-0.5,-0.003,1167.1
41592,0.002,-0.5,0.002,1159.5
41604,0.001,0.3,0.003,1153.8
41616,0,0.4,-0.001,1153.2
41628,0,-0.2,-0.001,1158.9
41640,0,-0.5,0,1146.9
41652,0,0.2,0.001,1146.2
41665,0.001,0.6,0.001,1138.2
41677,0,-0.1,-0.003,1149.4
41689,0.001,-0.7,0.003,1137.5
41701,0,-0.1,0.002,1136.5
41713,0,0.7,0.003,1126.7
41725,0,0.3,-0.004,1133.9
41737,0,-0.6,-0.001,1129.7
41749,0.001,-0.5,-0.002,1121.3
41761,-0.001,0.5,0.002,1117.2
41773,0,0.5,-0.002,1113.7
41785,-0.002,-0.3,-0.001,1122.7
41797,0,-0.8,0.003,1110.5
41809,0,0,-0.001,1110.9
41821,0,0.8,0,1101.1
41833,0.001,0.4,-0.002,1109
41845,-0.001,-0.6,0.001,1104.1
41857,0,-0.5,-0.001,1095.3
41869,0.001,0.5,-0.002,1091.6
41881,0,0.6,0.002,1086.8
41893,0,-0.2,-0.001,1097.3
41905,-0.001,-0.8,0.002,1085.2
41917,0,0,0,1084.7
41929,0,0.9,0.002,1075.3
41941,0,0.5,0,1079.2
41953,-0.001,-0.9,0,1080
41966,0,-0.7,0,1068.4
41978,-0.001,0.6,0.004,1068
41990,0.001,0.9,-0.002,1060.3
42002,0,-0.2,0.004,1071
42014,0,-1,-0.004,1061.5
42026,0,-0.3,0.001,1055.9
42038,0.002,1,-0.003,1050.6
42050,0,0.7,-0.001,1047.2
42062,0,-0.4,0.001,1056.9
42074,0,-0.9,0,1044.8
42086,0,-0.1,-0.004,1044
42098,0,1,0.002,1034.5
42110,-0.001,0.5,0.001,1035.2
42122,0,-0.8,0.001,1040.1
42134,0,-0.8,0.002,1028.1
42146,-0.001,0.4,0.003,1029.8
42158,0,1.1,-0.002,1025.2
42170,0,0.4,0.001,1028.1
42182,0,-1,-0.002,1026.2
42194,0,-0.8,0.002,1013.5
42206,0,0.5,0.001,1015.7
42218,0,0.9,0.003,1005.9
42230,0,0.2,-0.005,1011.4
42242,0,-1,0.001,1009.9
42254,0,-0.6,0,998.9
42266,-0.001,0.8,0.003,1001.3
42278,0,1,0.002,991.7
42290,0,-0.2,-0.002,997.1
42302,-0.001,-1.5,0,995.9
42314,0,-0.9,0.002,984.8
42326,0,1.1,-0.001,987.5
42338,0,1.3,-0.002,977.5
42350,-0.001,0.2,-0.002,981.2
42362,-0.001,-1.3,0.002,982.2
42374,0.001,-0.9,0.001,970
42386,0,0.7,0,972.4
42398,0,1.2,-0.002,962.8
42410,0,0.4,-0.004,963.7
42422,0.001,-1.2,-0.003,969.5
42434,0,-1,-0.001,957.1
42446,0,0.4,-0.002,956.8
42458,0.001,1.3,-0.004,949.2
42470,0,0.6,0,946
42482,0,-1,-0.001,955.9
42494,0,-1.3,-0.005,944.5
42506,-0.001,0.1,0,939.5
42518,-0.001,1.5,0.003,937.9
42530,0,1,0.003,930.6
42542,0,-0.8,-0.001,939.8
42554,0,-1.5,0.001,932.8
42566,0,-0.4,0,922.4
42578,0,1.5,-0.001,926
42590,0,1.4,0.003,915.8
42603,0,-0.3,-0.002,918.8
42615,0,-1.8,0.005,921.5
42627,0,-1,-0.001,910
42639,0,0.9,0.003,910.2
42651,-0.001,1.7,-0.002,903
42663,0,0.7,-0.003,898.1
42675,0,-1.4,0.002,908.6
42687,0,-1.7,0.001,899.3
42699,0,-0.2,0.001,890.8
42711,0,1.7,-0.002,894.3
42723,0,1.4,0.002,883.7
42735,0,-0.4,-0.002,884.7
42748,0,-1.9,-0.002,889.8
42760,-0.001,-1,0.001,877.3
42772,0,1.1,0.003,875.3
42784,0,1.8,0.002,872.1
42796,0,0.7,-0.003,864.9
42808,0,-1.5,0,872.8
42820,0,-1.8,0.002,868.6
42832,-0.001,-0.3,0.001,857.9
42844,0.001,1.9,-0.002,860.3
42856,0,1.7,-0.002,852.3
42868,0,0,-0.001,847.2
42880,0,-2,0.003,856.9
42892,-0.001,-1.8,-0.002,849.3
42904,0,0.2,0.001,839.7
42916,0,2.2,-0.001,843.6
42928,-0.001,1.5,-0.001,833.8
42940,-0.001,-0.4,-0.002,829.6
42952,0,-2.3,0,839.2
42964,0,-1.5,0,831.1
42976,0.002,0.5,0.002,821.8
42988,0,2.3,-0.001,825.2
43000,0.001,1.6,-0.001,815.9
43012,0,-0.6,-0.003,815.2
43024,0,-2.5,-0.002,821.7
43036,0,-1.7,0.001,813.6
43048,0,0.5,0.002,804
43060,0.001,2.4,0.002,806.3
43072,0,1.6,0,800
43084,-0.001,-0.3,0.002,792.9
43096,0,-2.3,0,799.4
43108,0,-1.6,-0.001,799.3
43121,0,0.5,0.003,787.8
43133,0.001,2.4,0.001,786
43145,0,1.6,0.003,784.4
43157,0,-0.4,-0.004,774.9
43169,0,-2.5,0,776.2
43181,-0.001,-2,0,783.8
43193,0,0,0.001,772.8
43205,0.001,2.4,0,765.7
43217,-0.001,2.2,0,769.6
43229,-0.001,0.4,-0.003,758
43242,0,-2.2,0.002,754.1
43254,0,-2.2,-0.001,764
43266,-0.001,-0.6,0.002,757.8
43278,-0.001,1.9,0.002,748.1
43290,0,2.5,-0.001,746.9
43302,0.001,1,0,745.7
43314,0,-1.6,0.002,735.2
43326,0,-2.6,0.001,734.8
43338,-0.001,-1.2,0.001,745.4
43350,0.001,1,-0.003,735
43362,0,2.5,0,726.6
43374,0,1.5,-0.003,727.9
43386,0,-0.6,0.002,721.7
43398,-0.001,-2.3,0.002,713.6
43410,-0.001,-1.7,0.002,716
43422,0,0,0.002,725.3
43434,0,1.9,0.001,714
43446,0,1.5,0,705.4
43458,0,0.3,0,706.6
43470,0,-1.4,0.001,701.2
43482,0.001,-1.4,0,693.2
43494,-0.001,-0.3,0.001,695.1
43506,0.001,1.2,0.001,705.4
43518,0,1.1,-0.001,694.3
43530,0,0.3,-0.001,684.4
43542,0,-0.5,0.001,683.2
43554,0,-0.3,0.002,682.9
43566,-0.001,0,0.001,672.7
43579,0,0,0,672.2
43591,0.001,0.1,-0.001,681.9
43603,-0.001,0,0.002,675
43615,0,-0.1,-0.003,664.6
43627,0,-0.1,-0.002,659.7
43639,0,0,0,663.5
43651,-0.001,-0.2,0.001,652.4
43663,0,-0.1,0.002,649.2
43675,-0.001,0,0,653.3
43687,0,0.2,0.002,658.9
43699,0,0.1,0.002,646.2
43711,0,0,0,638.3
43723,0.002,0,0,637.2
43735,0,-0.1,0,638.1
43747,0,0,-0.001,627.1
43759,0.001,0,-0.002,625.7
43771,0.001,0.1,-0.001,631
43783,0,0,0.001,633.8
43795,0,0,0,620.9
43807,0,-0.1,0,613.6
43819,0,0,-0.001,612.9
43831,0.001,0.1,0.003,614.1
43843,0.001,0.1,-0.001,602.6
43855,0.001,0,0.001,603
43867,0.001,-0.1,0.002,606.9
43879,0.001,-0.1,0,610.8
43891,0,0,0.002,598.1
43903,0,0.1,0,589.9
43915,0,0,-0.001,586.3
43927,0,0,0,590.6
43939,-0.001,-0.1,0.001,581.3
43951,0,0,0.001,575.1
43963,-0.001,0,-0.001,575.2
43975,0,0.1,0,583
43987,0,0,-0.001,579.4
43999,0,0,0.001,567.2
44011,0.001,-0.1,-0.001,561.4
44023,0,0,-0.002,561.1
44035,0,0.1,-0.001,563.2
44047,0,0.1,0,552.1
44059,0,0,0.001,548.9
44071,0,-0.1,0.001,549.6
44083,0.001,-0.1,-0.001,556.6
44095,0,0,0.001,551.6
44107,0,0.1,0,539.6
44119,0,0,0.002,534.2
44131,0,0,-0.003,533.2
44143,-0.001,-0.1,0.002,536.6
44155,0,0,0,526.6
44167,0,0,0.003,520.3
44179,-0.001,0.1,0,521
44191,-0.001,0,0,525.1
44203,-0.001,0,0.001,527
44215,0,-0.1,0.003,515.1
44227,0,0,-0.001,507.9
44239,0,0.1,0,503.4
44251,0,0.1,-0.001,505.3
44263,0,0,0,504.9
44275,0,-0.1,0,493.5
44287,0.001,-0.1,0,489.8
44299,0,0,-0.001,489.4
44311,0,0.1,-0.001,494.3
44323,0,0,0.001,495.9
44335,-0.001,0,0.001,484.3
44347,0,-0.1,0,477.2
44359,0.002,0,0,472.9
44371,-0.001,0,0.001,472.8
44383,0,0.1,0.001,474.9
44395,0,0,0,465.1
44407,-0.001,0,-0.002,457.6
44419,0,-0.1,0.001,457.4
44431,0,0,0,457.7
44443,0,0.1,0,462.8
44455,0,0.1,0.002,458.3
44467,0,0,0.002,446.6
44479,0,-0.1,-0.002,441.7
44491,-0.001,-0.1,0.001,438.3
44503,0,0,-0.001,437.5
44515,0.001,0.1,0.002,439.4
44527,0,0,0.002,431.8
44539,0,0,-0.002,423.1
44551,0,-0.1,0.001,422.3
44563,0,0,-0.002,421.9
44575,0,0,0,424.2
44587,0,0.1,-0.001,426.4
44599,0,0,0,417.2
44611,0,0,0,407.5
44623,-0.001,-0.1,0,404
44635,0,0,0,400.7
44647,0,0.1,0,400.1
44659,0.001,0.1,-0.001,401.8
44671,0,0,0,395.3
44683,0,-0.1,0,385.3
44695,0,-0.1,0,383.5
44707,0,0,0,385
44719,0.001,0.1,-0.001,384
44731,0,0,-0.001,386.9
44743,0,0,0,384.1
44755,0.001,-0.1,-0.001,373.9
44767,0,0,0,367
44779,0,0,-0.001,364.6
44791,0,0.1,0,360.8
44803,0,0,0,359.1
44815,0,0,0.002,361
44827,0.001,-0.1,-0.001,356.4
44839,0,0,0.001,346.6
44851,0,0.1,0.001,341.1
44863,0.002,0.1,-0.001,341.3
44875,0,0,0,340.9
44887,0.001,-0.1,0.001,339.6
44899,0,-0.1,0,341.5
44911,0,0,-0.001,339.8
44923,0.002,0.1,-0.001,330.7
44935,0.001,0,0,322.1
44947,0,0,0,319.4
44959,0,-0.1,-0.001,317.1
44971,0,0,0.001,313.6
44983,0,0,0,312
44995,0,0.1,0.001,311.8
45007,0,0,-0.001,308.4
45019,0,0,0,299.8
45031,-0.001,-0.1,0,292.7
45043,-0.001,0,0.001,291.1
45055,-0.001,0.1,0.001,290.1
45067,-0.001,0.1,0,288.9
45079,0,0,0.002,287.6
45091,-0.001,-0.1,0.001,288.6
45103,0,-0.1,-0.002,287.5
45115,0,0,0.001,281.3
45127,0.001,0.1,0.001,273.2
45139,0,0,0,266.7
45151,0,0,0.001,265.1
45163,0,-0.1,0,263.7
45175,0,0,0.002,259.4
45187,0.001,0,-0.001,255.9
45199,-0.001,0.1,0,253.4
45211,0,0,0,252.4
45223,0,0,0.001,250.4
45235,0,-0.1,0,243.5
45247,0,0,-0.001,236.8
45259,-0.001,0.1,0.001,232
45271,0,0.1,-0.001,230.5
45283,0.001,0,0,229
45295,0,-0.1,-0.001,227.2
45307,0,-0.1,0,224
45319,0,0,0,221.6
45331,0,0.1,0,221.7
45343,0,0,0,221.4
45355,0.001,0,0.002,217.3
45367,0,-0.1,0,210.6
45379,-0.001,0,0.001,204.6
45391,0,0,-0.001,198.8
45403,0,0.1,0,195.8
45415,0.001,0,0,194.3
45427,0,0,0,192.6
45439,0,-0.1,-0.001,188.4
45451,0,0,0,183.8
45463,0,0.1,-0.001,181.3
45475,0,0.1,0,178.1
45487,0.001,0,-0.001,175.4
45499,0,-0.1,0.002,173.3
45511,0,-0.1,0.001,169.8
45523,0,0,0.001,165.7
45535,0,0.1,0.001,157.7
45547,0,0,-0.001,153.4
45559,0.001,0,0,150.8
45571,0,-0.1,0.001,146.8
45583,0.001,0,0,145
45595,0,0,-0.001,141.7
45607,0,0.1,0.001,139.2
45619,-0.001,0,0,137.9
45631,0.001,0,0,135
45643,0.001,-0.1,-0.001,130.6
45655,0,0,0,127.3
45667,0,0.1,0.001,124.1
45679,0,0.1,0,121.3
45691,0,0,0,120.1
45703,0,-0.1,0,119.9
45715,0,-0.1,0,116.8
45727,0.001,0,0,109.4
45739,0.001,0.1,-0.001,106.3
45751,0.002,0,0,104.8
45763,0,0,0,100.3
45775,0,-0.1,0,93.8
45787,0,0,0,92.4
45799,0.001,0,0.001,90.8
45811,0,0.1,0.001,85.3
45823,-0.001,0,0,77.9
45835,0,0,0,72.3
45847,0,0.1,-0.001,73.2
45859,0,0,0,74.7
45871,0,-0.3,0,70.8
45883,-0.001,-0.4,0.001,65.9
45895,0,0.3,0,62.3
45907,0,0.4,0.001,58.7
45919,0,0.1,-0.001,57
45931,0,-0.2,0,55.6
45943,0,-0.1,-0.002,51.6
45955,0,0,0,44
45967,0,0,-0.002,35.3
45979,0,0.1,-0.001,32.1
45991,0,0,0,33.2
46003,0,0,0,30.1
46015,0,-0.1,0.001,23.3
46027,-0.001,0,0.002,18.3
46039,-0.002,0,0,15.4
46051,0,0.1,-0.001,14.4
46063,0,0,0,14.6
46075,0,-0.1,0.002,16
46087,-0.001,-0.1,0,15.8
46099,0,0,-0.001,13.8
46111,0,0.1,0,11
46123,0.001,0,0.001,8.7
46135,0,0,0,7.6
46147,0,-0.1,0,6.5
46159,0,0,-0.001,5.5
46171,0,0,0.001,6.2
46183,-0.001,0.1,0,6
46195,0,0,0,5.8
46207,0,0,0.001,6.3
46219,0.001,-0.1,0,5.7
46231,0,0,0,5.8
46243,-0.001,0,-0.001,5.1
46255,-0.001,0.1,0.001,3.4
46267,0,0,0.002,1.4
46279,-0.001,-0.1,0,0
46291,0.001,-0.1,-0.001,-1.4
46303,0,0,0,-1
46315,0,0.1,-0.001,-0.3
46327,-0.001,0,0.001,0.4
46339,0,0,0,1.3
46351,0,-0.1,-0.001,0.5
46363,0,0,0,-0.5
46375,0,0,0.001,-1.3
46387,0,0.1,0,-0.3
46399,0,0,0,0.7
46411,0,0,0,1.1
46423,0,-0.1,0.001,0.1
46435,0,0,0,-0.9
46447,0,0,0.001,-0.9
46459,0,0.1,0,0.1
46471,0,0,0,1.1
46482,0.001,-0.1,-0.001,0.9
46494,0.001,-0.1,-0.499,-1.9
46506,0,-0.4,-0.497,-40.6
46518,0,-0.7,-0.499,-118.1
46530,0,0.8,-0.497,-208.2
46542,-0.001,2.1,-0.498,-300
46554,0,1,-0.498,-388.9
46566,-0.001,-1.3,-0.497,-482.1
46578,0,-1.9,-0.501,-582.6
46590,0.001,-0.7,-0.501,-665.3
46602,0,0.2,-0.498,-741.3
46614,0,0.2,-0.496,-832.5
46626,0,0.4,-0.498,-920.7
46639,0,0.6,-0.494,-1015.2
46651,0,0.1,-0.498,-1115.6
46663,0.001,-0.1,-0.499,-1188.7
46675,0,-0.1,-0.512,-1273.5
46687,0.001,0.2,-0.527,-1356.3
46699,0,-0.4,-0.477,-1451.6
46711,-0.001,-1,-0.423,-1526.1
46723,0,0.3,-0.401,-1597
46735,0,1.2,-0.391,-1681.7
46747,0,0.5,-0.339,-1741.6
46759,0,0,-0.375,-1797.3
46771,0,-0.6,-0.292,-1860
46783,0,-0.7,-0.285,-1904.8
46795,0,-0.1,-0.28,-1954.7
46807,0,0.2,-0.23,-1991
46819,0,0.4,-0.206,-2022.1
46832,0,0.2,-0.16,-2064.8
46844,0,-0.3,-0.152,-2090.3
46856,0,-0.2,-0.16,-2125.1
46868,-0.001,0,-0.129,-2143.2
46880,0.001,0.4,-0.164,-2166.9
46892,-0.001,0.3,-0.18,-2184.2
46905,0,0.1,-0.155,-2200.4
46917,0,-0.1,-0.136,-2218
46929,0,-0.4,-0.081,-2226.5
46941,0,-0.2,-0.056,-2246.4
46953,0,0,-0.052,-2251.5
46965,0,0.2,-0.069,-2269.2
46977,0,0.1,-0.073,-2272
46989,0.001,0.2,-0.106,-2284.8
47001,0,0,-0.077,-2287.7
47013,0.001,-0.1,-0.078,-2294.5
47026,0,0,-0.053,-2299.7
47038,0,0,-0.109,-2302.9
47050,-0.001,0.1,-0.077,-2307
47062,0,0,-0.075,-2306.2
47074,0,0,-0.07,-2313.8
47086,0,-0.1,-0.021,-2311.3
47098,-0.001,0,-0.058,-2321.3
47110,0,0,-0.022,-2317.9
47122,0,0.1,-0.055,-2328.3
47134,-0.001,0,-0.018,-2323.7
47146,0,-0.1,-0.042,-2331.7
47158,0,-0.1,-0.056,-2327.7
47170,0,0,-0.038,-2333
47182,0,0.1,-0.063,-2331
47194,0.001,0.1,-0.056,-2332.5
47206,0,0,-0.07,-2331.5
47218,0.001,-0.1,-0.103,-2328.8
47230,-0.001,0,-0.042,-2330.4
47242,0,0,-0.089,-2326.8
47254,0,0.1,-0.016,-2341.9
47266,0,0,-0.041,-2339.1
47278,0,0,-0.023,-2340.9
47290,0.001,-0.1,-0.018,-2332.5
47302,0,0,-0.047,-2339.7
47314,0,0,-0.016,-2333.9
47326,0,0.1,-0.029,-2341
47338,0,0,-0.062,-2336
47350,0,-0.1,-0.035,-2340.7
47362,-0.001,-0.1,-0.048,-2337.3
47374,0,0,-0.08,-2339.1
47386,0,0.1,-0.035,-2337.6
47398,0.001,0.1,-0.108,-2335.7
47410,0,0,-0.055,-2337
47422,-0.001,-0.1,-0.054,-2332.5
47434,0,0,-0.053,-2337
47446,0,0,-0.012,-2332.1
47458,0,0.1,-0.023,-2339.6
47470,0,0,-0.038,-2333.8
47482,-0.001,0,0.002,-2341.9
47494,0,-0.1,-0.05,-2335.4
47506,0,0,-0.039,-2342.4
47518,0.001,0,-0.025,-2337.1
47530,0,0.1,-0.067,-2342.1
47542,0,0,-0.023,-2337.8
47554,0,-0.1,-0.057,-2339.9
47566,-0.001,-0.1,-0.07,-2338.4
47578,0,0,-0.077,-2337.3
47590,0.001,0.1,-0.04,-2338
47602,0,0.1,-0.095,-2334.2
47614,-0.001,0,-0.033,-2337.9
47626,0,-0.1,-0.046,-2332.7
47638,0.001,0,-0.03,-2339.6
47651,0,0,-0.043,-2333
47663,0,0.1,-0.024,-2340.5
47675,0,0,-0.014,-2334.8
47687,0.001,0,-0.041,-2342.8
47699,0,-0.1,-0.02,-2336.5
47711,0,0,-0.016,-2343
47723,0,0,-0.07,-2337.5
47735,0,0.1,-0.045,-2342.1
47747,-0.001,0,-0.028,-2338.7
47759,-0.001,-0.1,-0.088,-2340.4
47771,0,-0.1,-0.034,-2338.9
47783,0,0,-0.084,-2336.9
47795,0,0.1,-0.071,-2337.9
47807,0,0,-0.051,-2333.7
47819,0,0,-0.053,-2338.2
47831,0,-0.1,-0.034,-2333
47843,0,0,-0.003,-2339.9
47855,0,0,-0.052,-2334.2
47867,0,0.1,-0.012,-2342.2
47879,0.001,0,-0.025,-2336.1
47891,0,0,-0.06,-2343.4
47903,0,-0.1,-0.024,-2337.7
47915,0,0,-0.036,-2342.6
47928,0,0,-0.023,-2337.9
47940,0.001,0.1,-0.051,-2341.9
47952,0,0,-0.052,-2338.6
47964,0.001,-0.1,-0.05,-2339.3
47976,-0.001,-0.1,-0.069,-2338.4
47989,0,0,-0.053,-2338.4
48001,0,0.1,-0.092,-2338.4
48013,0,0,-0.092,-2335
48025,0,0,-0.025,-2338
48037,0,-0.1,-0.07,-2333
48049,0,0,-0.017,-2338.9
48061,0.001,0,-0.019,-2331.5
48073,0.001,0.1,-0.033,-2338.8
48085,0,0,-0.01,-2332.6
48097,-0.001,0,-0.037,-2340.5
48110,0,-0.1,-0.013,-2346.5
48122,0,0,-0.043,-2348.1
48134,-0.001,0.1,-0.041,-2338.2
48146,0.002,0.1,-0.03,-2342.6
48158,-0.001,0,-0.041,-2338.5
48171,0,-0.1,-0.03,-2342.4
48183,-0.001,0,-0.055,-2339.2
48195,0,0,-0.072,-2340.6
48207,-0.001,0.1,-0.037,-2339.6
48219,0.001,0,-0.114,-2337.3
48231,0,0,-0.046,-2338.5
48244,0,-0.1,-0.099,-2335.7
48256,-0.001,0,-0.032,-2338.3
48268,0,0,-0.058,-2333.5
48280,-0.001,0.1,-0.039,-2339.3
48292,0,0,-0.009,-2333.8
48305,0,-0.1,-0.023,-2340
48317,0,-0.1,-0.013,-2334.4
48329,-0.001,0,-0.035,-2342.3
48341,0,0.1,-0.026,-2336.3
48353,0,0,-0.021,-2343.6
48365,0,0,-0.045,-2337.7
48377,0,-0.1,-0.047,-2343
48389,-0.001,0,-0.02,-2338.5
48401,0,0,-0.085,-2341.3
48413,-0.002,0.1,-0.031,-2339.4
48426,0.001,0,-0.087,-2340.6
48438,-0.001,-0.1,-0.035,-2339.1
48450,0,-0.1,-0.08,-2337.2
48462,-0.001,0,-0.07,-2338.2
48474,0,0.1,-0.052,-2333.9
48486,0,0.1,-0.047,-2338.5
48498,0,0,-0.042,-2333.2
48510,0,-0.1,-0.001,-2340.4
48522,0.001,0,-0.045,-2334.7
48534,0,0,-0.018,-2342.7
48546,-0.001,0.1,-0.02,-2336.3
48559,0,0,-0.032,-2343.2
48571,0,0,-0.024,-2337.3
48583,0,-0.1,-0.057,-2343.7
48595,0,0,-0.026,-2338.3
48607,0,0,-0.041,-2342.4
48619,-0.001,0.1,-0.056,-2339.3
48632,0,0,-0.059,-2342
48644,0,-0.1,-0.056,-2339.7
48656,0,-0.1,-0.05,-2339.3
48668,-0.001,0,-0.077,-2339.2
48680,0,0.1,-0.092,-2335.8
48692,0,0,-0.024,-2338.5
48704,0.001,0,-0.066,-2333.6
48717,0,-0.1,-0.027,-2338.6
48729,0,0,-0.056,-2333.5
48741,0,0,-0.007,-2340.4
48753,0,0.1,-0.028,-2334.8
48765,0,0,-0.038,-2342.9
48777,0,0,-0.016,-2336.7
48789,0.001,-0.1,-0.039,-2343.7
48801,0,0,-0.045,-2338.2
48813,-0.001,0.1,-0.037,-2343.5
48825,0,0.1,-0.035,-2339.2
48837,0,0,-0.083,-2341.7
48849,0,-0.1,-0.026,-2339.4
48861,0.001,-0.1,-0.062,-2338.7
48873,0,0,-0.089,-2339
48885,0,0.1,-0.069,-2335.3
48897,0,0,-0.048,-2338.5
48909,0.001,0,-0.055,-2333.1
48921,0,-0.1,0.002,-2339
48933,-0.001,0,-0.047,-2333.5
48945,0,0,-0.017,-2340.5
48957,0,0.1,-0.005,-2345.4
48969,-0.001,0,-0.057,-2350.2
48981,0,0,-0.021,-2339.2
48993,0,-0.1,-0.027,-2343.4
49005,0,0,-0.054,-2338.5
49017,0,0.1,-0.052,-2342
49029,0.001,0.1,-0.039,-2339.3
49041,0,0,-0.094,-2339.8
49053,0,-0.1,-0.048,-2339.1
49065,0,-0.1,-0.069,-2336.3
49077,0,0,-0.067,-2338.3
49089,0,0.1,-0.05,-2333.7
49101,0,0,-0.039,-2339.4
49113,0,0,-0.036,-2333.7
49125,-0.001,-0.1,0.004,-2341.3
49137,-0.001,0,-0.046,-2335.4
49149,0,0,-0.038,-2343.3
49161,0,0.1,-0.014,-2337.4
49173,0,0,-0.052,-2343.9
49185,0.001,0,-0.036,-2338.3
49197,0,-0.1,-0.033,-2342.4
49209,-0.001,0,-0.058,-2339.2
49221,-0.001,0.1,-0.062,-2340.6
49233,0,0.1,-0.036,-2339.4
49245,0,0,-0.115,-2336.8
49257,0,-0.1,-0.042,-2338.4
49269,0,-0.1,-0.062,-2334.2
49281,0,0,-0.057,-2338.8
49293,0,0.1,-0.012,-2333.6
49305,0.001,0,-0.022,-2341.1
49317,0,0,-0.048,-2335.4
49329,-0.001,-0.1,0.001,-2343.3
49341,0,0,-0.044,-2337
49353,0,0,-0.047,-2343.7
49365,0,0.1,-0.023,-2338.2
49377,0,0,-0.054,-2343.2
49389,-0.001,0,-0.033,-2339.3
49401,-0.001,-0.1,-0.052,-2341.3
49413,0,0,-0.065,-2339.4
49425,-0.001,0.1,-0.083,-2338.1
49437,0.001,0.1,-0.035,-2338.7
49449,0,0,-0.092,-2334.9
49462,-0.001,-0.1,-0.039,-2338.9
49474,-0.001,0,-0.085,-2334.2
49486,0,0,-0.018,-2339.1
49498,0,0.1,-0.026,-2333.6
49510,-0.001,0,-0.038,-2341.2
49523,0.001,0,-0.044,-2334.4
49535,0,-0.1,-0.025,-2342.4
49547,0.001,0,-0.003,-2336.5
49559,-0.001,0,-0.056,-2344
49571,-0.001,0.1,-0.026,-2337.6
49584,0,0,-0.056,-2343.9
49596,0,-0.1,-0.029,-2338.4
49608,-0.001,-0.1,-0.032,-2343.3
49620,0.001,0,-0.05,-2339.4
49632,0,0.1,-0.069,-2341.8
49644,0,0,-0.036,-2339.7
49656,0,0,-0.093,-2338.6
49668,-0.001,-0.1,-0.049,-2339.3
49680,0.001,0,-0.072,-2335.3
49692,0,0,-0.061,-2338.9
49704,0,0.1,-0.032,-2333.9
49716,0,0,-0.011,-2340.4
49728,-0.001,0,-0.055,-2334.5
49740,0.001,-0.1,0.001,-2342.1
49752,0,0,-0.022,-2336.2
49764,0,0,-0.055,-2343.1
49776,0,0.1,-0.01,-2336.6
49788,0,0,-0.048,-2342.6
49800,0,-0.1,-0.045,-2337.1
49812,-0.001,-0.1,-0.04,-2352
49824,0,0,-0.056,-2344.4
49836,0,0.1,-0.084,-2340.7
49848,0,0,-0.043,-2339.2
49861,0,0,-0.086,-2338.4
49873,-0.001,-0.1,-0.038,-2339.1
49885,0,0,-0.095,-2335.2
49897,0,0,-0.042,-2338.9
49909,0,0.1,-0.031,-2333.9
49921,0,0,-0.038,-2340.3
49933,-0.001,0,-0.021,-2334.5
49945,0,-0.1,-0.013,-2342.3
49957,0,0,-0.044,-2336.4
49969,-0.001,0.1,-0.019,-2344
49982,0,0.1,-0.038,-2337.1
49994,-0.001,0,-0.012,-2344
50006,0,-0.1,-0.056,-2338.3
50018,0.001,0,-0.061,-2342.9
50030,-0.001,0,-0.01,-2339.4
50042,0,0.1,-0.083,-2341.2
50054,0,0,-0.054,-2339.8
50066,0,0,-0.066,-2338.2
50078,0,-0.1,-0.066,-2338.9
50090,0,0,-0.077,-2334.2
50102,0,0,-0.028,-2338.5
50114,-0.001,0.1,-0.057,-2333.4
50126,-0.001,0,-0.006,-2340.4
50138,0,-0.1,-0.022,-2334.7
50150,0,-0.1,-0.04,-2342.9
50162,0,0,-0.021,-2336.7
50174,0,0.1,-0.03,-2343.9
50186,0,0.1,-0.048,-2337.9
50198,-0.001,0,-0.037,-2343.1
50210,0,-0.1,-0.03,-2339.3
50222,0,0,-0.082,-2341.6
50234,0,0,-0.027,-2339.4
50246,-0.001,0.1,-0.07,-2338.9
50258,-0.001,0,-0.081,-2339.2
50270,0,0,-0.063,-2335.5
50282,0,-0.1,-0.055,-2338.4
50294,0,0,-0.049,-2333.1
50306,0,0,-0.005,-2339.8
50318,-0.001,0.1,-0.053,-2334.4
50330,0,0,-0.012,-2342.1
50342,0.001,-0.1,-0.01,-2336
50354,0,-0.1,-0.061,-2343.4
50366,-0.001,0,-0.014,-2337.5
50378,0.001,0.1,-0.035,-2343.2
50390,-0.001,0.1,-0.051,-2338.9
50403,0,0,-0.043,-2343.5
50415,0,-0.1,-0.044,-2339.5
50427,-0.001,0,-0.056,-2341.7
50439,0,0,-0.053,-2339.8
50451,-0.001,0.1,-0.091,-2338.5
50464,-0.001,0,-0.068,-2339.6
50476,-0.001,0,-0.102,-2337.1
50488,-0.001,-0.1,-0.031,-2339
50500,0,0,-0.081,-2334.3
50512,0,0,-0.029,-2339.2
50524,0,0.1,-0.008,-2333.5
50536,0,0,-0.045,-2341.1
50548,0.001,-0.1,-0.017,-2335.6
50560,0,-0.1,0.002,-2343.5
50572,0,0,-0.049,-2337.4
50584,0,0.1,-0.032,-2344.4
50596,0,0,-0.027,-2337.9
50608,0.001,0,-0.065,-2342.6
50621,0,-0.1,-0.026,-2338.2
50633,-0.001,0,-0.072,-2341.5
50645,0.001,0,-0.032,-2337.9
50657,0,0.1,-0.064,-2350
50669,0,0,-0.077,-2345.9
50681,0,0,-0.075,-2338.8
50694,0,-0.1,-0.085,-2339.3
50706,0,0,-0.067,-2335.6
50718,0,0.1,-0.05,-2339
50730,0.001,0.1,-0.05,-2334
50742,0,0,-0.002,-2340.6
50755,-0.001,-0.1,-0.028,-2334.1
50767,0.001,0,-0.002,-2341.2
50779,0,0,-0.047,-2335.4
50791,0,0.1,-0.01,-2343.5
50803,0,0,-0.024,-2337
50816,0,0,-0.026,-2343.9
50828,0.001,-0.1,-0.028,-2337.8
50840,0.001,0,-0.056,-2344.2
50852,0,0,-0.024,-2338.9
50864,0,0.1,-0.046,-2343
50876,0,0,-0.058,-2339.8
50888,0.001,-0.1,-0.052,-2340.7
50900,-0.001,-0.1,-0.057,-2339.9
50912,0,0,-0.112,-2337.6
50924,0,0.1,-0.035,-2339.1
50936,0,0,-0.074,-2334.2
50948,0,0,-0.039,-2339.2
50960,0.001,-0.1,-0.011,-2333.8
50972,0.001,0,-0.04,-2341.4
50984,0.001,0,-0.035,-2335.5
50996,-0.001,0.1,0.001,-2343.5
51008,0,0,-0.046,-2337.5
51020,0,0,-0.037,-2344.6
51032,0,-0.1,-0.023,-2339
51044,0,0,-0.062,-2343.7
51056,-0.001,0,-0.028,-2340.1
51068,0,0.1,-0.055,-2341.8
51080,0,0,-0.069,-2340
51092,0.001,-0.1,-0.077,-2338.8
51104,0,-0.1,-0.037,-2339.8
51116,0.001,0,-0.094,-2335.4
51128,-0.001,0.1,-0.038,-2339.3
51140,0,0,-0.034,-2334
51152,0,0,-0.037,-2340.6
51164,-0.002,-0.1,-0.017,-2335.2
51177,0.001,0,-0.037,-2341.9
51189,0,0,-0.01,-2336.1
51201,0,0.1,-0.026,-2344.1
51213,0,0,-0.037,-2337.8
51225,-0.001,0,-0.012,-2344.2
51238,0,-0.1,-0.029,-2337.9
51250,-0.001,0,-0.024,-2344.1
51262,0.001,0.1,-0.052,-2339.3
51274,0,0.1,-0.061,-2342.6
51286,0,0,-0.032,-2339.9
51298,-0.001,-0.1,-0.089,-2340.3
51310,0,0,-0.057,-2339.8
51322,0,0,-0.059,-2337
51334,-0.001,0.1,-0.07,-2339
51346,0.001,0,-0.057,-2334.1
51358,0,0,-0.028,-2339.7
51370,0,-0.1,-0.05,-2334.4
51382,0,0,-0.001,-2342.1
51394,0.001,0,-0.033,-2336.2
51406,0,0.1,-0.043,-2344
51418,-0.001,0,-0.016,-2337.7
51430,0,-0.1,-0.018,-2344.1
51442,0,-0.1,-0.066,-2338.8
51454,0,0,-0.039,-2342.1
51466,0,0.1,-0.028,-2337.4
51478,0.001,0.1,-0.088,-2339
51490,0,0,-0.036,-2338.6
51502,-0.001,-0.1,-0.085,-2341.5
51514,0,0,-0.068,-2348.2
51526,0,0,-0.054,-2338.5
51538,0,0.1,-0.045,-2339.8
51550,0,0,-0.041,-2333.8
51562,0,0,0.004,-2340.9
51574,0,-0.1,-0.043,-2335.2
51586,-0.001,0,-0.022,-2343.2
51598,0,0,-0.017,-2337.3
51610,0,0.1,-0.055,-2344.6
51622,0.001,0,-0.033,-2338.8
51634,0.001,-0.1,-0.026,-2343.7
51646,-0.001,-0.1,-0.05,-2339.6
51658,0,0,-0.07,-2342.1
51670,0.001,0.1,-0.03,-2340.2
51682,0,0.1,-0.097,-2339.1
51694,0.001,0,-0.057,-2339.5
51706,0,-0.1,-0.068,-2336
51718,0,0,-0.062,-2339.1
51730,0,0,-0.028,-2334.2
51742,0,0.1,-0.019,-2340.6
51754,0.001,0,-0.055,-2335
51766,-0.001,0,0.003,-2343
51778,0.001,-0.1,-0.026,-2337.1
51790,0,0,-0.049,-2344
51802,0,0,-0.002,-2338
51814,0,0.1,-0.054,-2343.9
51826,0,0,-0.045,-2339.4
51838,0.001,-0.1,-0.043,-2342.9
51850,0,-0.1,-0.052,-2340.3
51862,-0.001,0,-0.086,-2340.2
51874,0,0.1,-0.043,-2339.7
51886,0,0.1,-0.078,-2336.7
51898,0,0,-0.057,-2339.1
51910,0,-0.1,-0.046,-2334.3
51922,-0.001,0,-0.049,-2339.8
51934,0,0,-0.025,-2334.5
51946,0.001,0.1,0.001,-2342.2
51958,0,0,-0.046,-2336.3
51970,-0.001,0,-0.032,-2344.1
51982,0,-0.1,-0.02,-2337.9
51994,0,0,-0.054,-2344.1
52006,-0.001,0,-0.032,-2339.1
52018,0,0.1,-0.035,-2343.2
52030,0,0,-0.059,-2340.1
52042,0,-0.1,-0.059,-2341.1
52054,0.001,-0.1,-0.047,-2340.1
52066,0,0,-0.112,-2337.6
52078,-0.001,0.1,-0.038,-2339.1
52090,0,0.1,-0.065,-2334.6
52102,0,0,-0.047,-2339.4
52115,0.001,-0.1,-0.061,-2334
52127,-0.001,0,-0.032,-2340
52139,0.001,0,-0.011,-2334.4
52151,0,0.1,-0.031,-2342.4
52163,0.001,0,-0.022,-2336.4
52175,0,0,-0.023,-2344.1
52187,0.001,-0.1,-0.051,-2338
52199,0,0,-0.038,-2344.1
52211,0,0,-0.025,-2339
52223,0,0.1,-0.069,-2342.8
52235,-0.001,0,-0.03,-2339.9
52247,0,-0.1,0.007,-2340
52259,-0.001,-0.1,-0.018,-2334.7
52271,0.001,0,-0.004,-2325
52283,0,0.1,-0.015,-2319.7
52296,0,0,-0.011,-2308.3
52308,-0.001,0,-0.023,-2305.1
52320,0,-0.1,0.012,-2291.5
52332,0,0,-0.002,-2292.8
52344,0,0,-0.001,-2279.2
52356,0,0.1,-0.015,-2291.9
52369,0,0,0.007,-2276.2
52381,0,0,0.012,-2271
52393,0.001,-0.1,0.004,-2257.1
52405,0,0,-0.001,-2253.5
52417,-0.001,0.1,-0.001,-2244.9
52429,0,0.1,0.001,-2235.8
52441,-0.001,0,0.004,-2231.5
52454,0,-0.1,-0.011,-2219.7
52466,0.001,0,0.001,-2220.4
52478,0,0,-0.006,-2209.2
52490,0,0.1,0.004,-2212.1
52502,0,0,-0.006,-2200.1
52515,0,0,-0.001,-2199.1
52527,0,-0.1,-0.001,-2188.9
52539,0.001,0,0.009,-2182.7
52551,0,0,0,-2176.5
52563,0.001,0.1,-0.006,-2165.6
52575,0,0,-0.003,-2168.1
52587,-0.001,-0.1,0,-2157.2
52599,0,-0.1,0.009,-2159.5
52611,0,0,0.006,-2148.8
52624,0.001,0.1,-0.009,-2145.7
52636,0.001,0,-0.004,-2137.1
52648,0.001,0,0.003,-2126.6
52660,-0.001,-0.1,0.004,-2127.6
52672,-0.001,0,0.001,-2118.1
52684,0,0,0.001,-2121.7
52696,0,0.1,-0.001,-2110.9
52709,0,0,-0.01,-2108.7
52721,0,0,-0.003,-2100.3
52733,-0.001,-0.1,-0.005,-2090.3
52745,-0.001,0,-0.005,-2092.8
52757,0,0.1,-0.004,-2083.2
52769,0,0.1,-0.003,-2086.4
52782,-0.002,0,0.006,-2075.8
52794,0,-0.1,0.001,-2071.9
52806,0,0,0.005,-2065.6
52818,-0.001,0,0.002,-2056.2
52830,0.001,0.1,0.003,-2062
52843,0,0,0.004,-2050.4
52855,0.001,0,0.006,-2052.3
52867,0,-0.1,-0.001,-2043.5
52879,-0.001,0,-0.003,-2034.1
52891,-0.001,0,-0.002,-2036
52903,-0.001,0.1,-0.011,-2027.3
52915,-0.001,0,-0.001,-2031
52927,0,-0.1,-0.003,-2022
52939,0,-0.1,-0.003,-2014
52951,0,0,-0.003,-2013.9
52963,0,0.1,0.005,-2005.8
52976,0.001,0,-0.002,-2010.2
52988,0,0,0.007,-2000.7
53000,0,-0.1,-0.003,-1995.3
53012,0,0,-0.005,-1992.1
53024,0,0,-0.001,-1984.4
53036,0,0.1,0.004,-1990.3
53048,0,0,-0.002,-1980.9
53060,0.001,0,0.003,-1974.5
53072,0.001,-0.1,0,-1973.4
53084,0.002,0,0.002,-1965.8
53096,0,0,0,-1970.8
53108,0.001,0.1,0.001,-1961.9
53120,-0.001,0,0,-1953.4
53132,0.001,-0.1,-0.002,-1956.2
53144,0,-0.1,-0.003,-1947.9
53156,0,0,0.005,-1951.1
53168,-0.001,0.1,-0.007,-1942.7
53180,0,0,-0.008,-1932.6
53192,0.001,0,0.001,-1939.9
53204,0.001,-0.1,-0.003,-1938
53217,0.001,0,-0.01,-1940.5
53229,-0.001,0,-0.002,-1927.3
53241,0.001,0.1,0.006,-1916.6
53253,-0.001,0,0.005,-1924.5
53265,-0.001,0,0.005,-1915.6
53277,0,-0.1,-0.006,-1912
53289,0,0,0.002,-1909.2
53301,0,0.1,0.006,-1902.8
53313,-0.001,0.1,0,-1908.2
53325,0,0,0.005,-1899.7
53337,0,-0.1,0.001,-1890.5
53349,0,-0.1,0,-1897.6
53361,0,0,0,-1889
53374,0.001,0.1,0.004,-1889.7
53386,0,0,0,-1882.3
53398,0,0,-0.003,-1875.2
53410,-0.001,-0.1,0.004,-1882.9
53422,-0.001,0,0.005,-1874
53434,0.001,0,-0.001,-1866.2
53446,0,0.1,-0.003,-1870.3
53458,0.001,0,0.006,-1862.6
53470,0,-0.1,-0.005,-1864.2
53483,-0.001,-0.1,-0.003,-1856.9
53495,0,0,-0.001,-1849.2
53507,-0.001,0.1,-0.001,-1857.8
53519,0,0,0.002,-1849.1
53531,0,0,0.001,-1841.3
53543,0,-0.1,0.002,-1846
53555,0,0,-0.002,-1838.5
53567,0,0,0.005,-1839.4
53579,-0.001,0.1,-0.004,-1833.1
53591,-0.001,0,-0.001,-1827.6
53603,0.001,0,0.001,-1833.9
53615,0,-0.1,-0.007,-1825.1
53627,0,0,0,-1816.5
53640,-0.001,0,0.004,-1824.5
53652,0,0.1,-0.001,-1816.2
53664,-0.001,0,0.001,-1812.7
53676,-0.001,-0.1,0.003,-1811.7
53688,0,-0.1,0.002,-1805.9
53700,0,0,-0.002,-1809.1
53712,0,0.1,0,-1801
53724,0,0,-0.004,-1795.3
53736,0,0,0.001,-1802.6
53748,0,-0.1,-0.001,-1793.8
53760,0,0,0.001,-1785
53772,-0.001,0,-0.004,-1794.3
53784,0.001,0.1,-0.007,-1785.7
53796,0,0,-0.003,-1778.6
53808,0,0,0,-1784
53821,-0.001,-0.1,0.003,-1775.7
53833,0,0,0.001,-1776.8
53845,0,0.1,-0.006,-1771.1
53857,-0.001,0.1,-0.001,-1766.2
53869,0.001,0,0.002,-1771.3
53881,0,-0.1,0.003,-1762.3
53893,0,-0.1,-0.002,-1756.2
53905,0,0,0,-1764
53917,0,0.1,-0.007,-1755.1
53930,0,0,0.004,-1746.2
53942,0,0,0,-1755.6
53954,0,-0.1,-0.004,-1747.3
53966,0,0,0,-1739.6
53978,0,0,0.002,-1746.2
53990,0,0.1,0.001,-1738.3
54002,0,0,0.002,-1733.4
54014,-0.001,-0.1,0.001,-1735.2
54026,0,-0.1,-0.004,-1728.6
54038,0.001,0,0,-1728
54051,0,0.1,-0.003,-1727
54063,0,0,-0.001,-1726.3
54075,0,0,0,-1726.5
54087,0,-0.1,-0.007,-1715.6
54099,0,0,0,-1710.5
54112,0,0,0.001,-1717.1
54124,0,0.1,0.003,-1707.5
54136,0,0,-0.003,-1700.8
54148,0,0,0,-1709.2
54160,-0.001,-0.1,0,-1699.9
54172,-0.001,0,-0.002,-1692.1
54184,0,0,-0.004,-1701.2
54196,0,0.1,-0.007,-1691.9
54208,-0.001,0,0,-1683.6
54220,0,-0.1,0.005,-1693.1
54232,0.001,-0.1,0.006,-1683.9
54244,0.001,0,0.004,-1675.1
54256,0,0.1,0.005,-1684.8
54268,0,0,0.007,-1675.6
54280,0,0,0.001,-1666.8
54292,-0.001,-0.1,0.002,-1676.6
54304,0,0,0.002,-1667.4
54316,0,0,0.002,-1658.6
54329,0,0.1,-0.003,-1668.1
54341,0,0,0.005,-1658.8
54353,0.001,0,0.006,-1649.9
54365,0,-0.1,0.003,-1659.9
54377,0,0,0.006,-1650.9
54389,-0.001,0.1,0.002,-1641.6
54401,0,0.1,-0.001,-1651.7
54413,0,0,0,-1642.4
54425,0,-0.1,0.003,-1633.7
54437,-0.001,-0.1,0.008,-1643.7
54450,0,0,0.003,-1634.3
54462,0,0.1,-0.001,-1625.2
54474,0.001,0,0.007,-1635.2
54486,0,0,-0.001,-1625.8
54498,0,-0.1,-0.006,-1617.5
54510,-0.001,0,0.002,-1627.1
54522,-0.001,0,-0.001,-1617.2
54534,0.001,0.1,-0.001,-1610.3
54546,0,0,0.001,-1618.9
54559,0,-0.1,-0.001,-1608.6
54571,0,-0.1,-0.002,-1602
54583,0.001,0,0.004,-1610.4
54595,-0.001,0.1,0.002,-1600
54607,0,0,0.002,-1595.5
54619,-0.001,0,-0.004,-1601.7
54631,0.001,-0.1,-0.002,-1592.2
54643,-0.001,0,0.003,-1588.6
54655,-0.001,0,0.001,-1591.5
54667,0,0.1,0.002,-1586
54679,0.001,0,-0.002,-1581.3
54691,0,0,-0.001,-1579.8
54703,0,-0.1,0.002,-1581.2
54715,0,0,0.003,-1574.3
54728,0,0,0.002,-1568.9
54740,0,0.1,0.004,-1574.3
54752,0,0,-0.003,-1566.5
54764,-0.001,-0.1,-0.003,-1557.9
54777,0.001,-0.1,-0.004,-1567.2
54790,0.001,0,0.001,-1558
54802,0,0.1,0.007,-1548.9
54814,0,0,0.006,-1559.3
54826,-0.001,0,-0.003,-1549.1
54839,0.001,-0.1,-0.002,-1540.8
54851,0,0,0,-1550.4
54863,0,0,0.003,-1539.1
54875,0,0.1,0,-1534.3
54887,0.001,0,-0.001,-1540.3
54899,0,-0.1,-0.002,-1531.4
54912,0,-0.2,0,-1534.9
54924,-0.001,0.1,-0.003,-1532.3
54936,0.001,0.1,0,-1527.6
54948,0,0,0.005,-1521.3
54960,-0.001,0,-0.007,-1514.7
54973,0,-0.1,-0.004,-1522.5
54985,0,0,0.002,-1514.2
54997,-0.001,0,0.003,-1505.2
55009,0.002,0.1,0,-1515.7
55021,0.001,0,0.003,-1504.4
55033,-0.001,0,-0.003,-1499.6
55046,0.001,-0.1,-0.007,-1506.3
55059,0,0,0.003,-1495.6
55071,0.001,0.1,0.001,-1492.2
55083,0.001,0,-0.004,-1493.4
55095,0,0,0.003,-1492.3
55107,0,-0.1,0.004,-1486.1
55120,0,0,-0.008,-1478.6
55132,0,0.2,0.008,-1487.6
55144,0,-0.1,-0.004,-1477.9
55156,-0.001,-0.1,0,-1470.5
55168,0.001,0,0.001,-1479.4
55180,0,0,-0.004,-1468.3
55192,0,0.1,0.007,-1464.9
55204,0,0.2,-0.002,-1463.9
55216,0,0.1,0.001,-1466.6
55228,0.001,-0.1,-0.003,-1459.3
55240,0.002,-0.1,0.004,-1450.4
55252,0,0,-0.001,-1461.1
55264,0,0.1,0,-1449.1
55277,-0.001,0,-0.006,-1444.7
55289,0,0,0.001,-1449.4
55301,-0.001,-0.1,0.001,-1443.8
55313,0,0,0.002,-1439.1
55325,0,0,0.001,-1431.3
55338,0.001,0.3,0.003,-1440.9
55350,0.001,-0.1,-0.001,-1430.4
55362,0.001,-0.1,0.002,-1423.8
55374,0.001,0,0.001,-1431.4
55386,0.001,0,0.003,-1422.7
55398,0.001,-0.1,0,-1419.1
55410,0,0.2,-0.007,-1413
55422,0,0.2,0,-1422.2
55434,0,-0.1,-0.002,-1411.4
55446,0,-0.1,0.003,-1405.8
55458,0,0.2,0.006,-1412
55470,0,0,0,-1405.5
55482,-0.002,-0.3,0.003,-1401
55494,0,0,0.001,-1392.7
55506,0,0.3,0.003,-1403.5
55518,0,-0.1,0.001,-1391.3
55530,0,-0.1,-0.002,-1387.6
55542,0.001,0,-0.001,-1389.5
55554,0,0,0.001,-1389.2
55566,0,0.1,0.002,-1382
55578,0,0,0.001,-1373.3
55590,0,0,0.001,-1383.5
55602,0.001,-0.2,0.002,-1372.1
55614,0,-0.2,-0.005,-1369.5
55626,-0.001,0.2,-0.004,-1364.1
55638,0,0.3,-0.001,-1372.9
55650,0,0,0.004,-1361.3
55662,0.002,-0.1,0.004,-1356.8
55675,0,0.1,0.001,-1361.9
55687,-0.001,0,0.001,-1356.7
55699,0,-0.3,-0.002,-1351.1
55711,0.001,0.1,-0.001,-1342.1
55723,0,0.3,0.004,-1352.3
55735,0.001,-0.1,-0.003,-1340.3
55748,-0.001,-0.3,-0.004,-1337.6
55760,0,0.2,-0.004,-1340.7
55772,0,0.2,0.003,-1344.7
55784,0,-0.3,0.001,-1331
55797,0,-0.2,0.002,-1324.1
55809,0,0.3,0.003,-1331
55821,-0.001,0.1,0,-1327
55833,0,-0.3,-0.001,-1321
55845,0,0,-0.003,-1312.4
55857,0.001,0.3,-0.008,-1322.4
55869,-0.001,-0.1,-0.002,-1312
55881,-0.001,-0.3,0,-1309
55893,0.001,0.1,-0.001,-1300.7
55905,0,0.3,0.002,-1312
55917,0.002,-0.2,-0.003,-1299.1
55929,0,-0.3,-0.004,-1297.2
55941,0,0.3,0.001,-1291.2
55953,0,0.2,0.002,-1301.2
55965,0,-0.3,-0.003,-1287.9
55978,0,-0.2,0.001,-1285
55990,-0.001,0.3,-0.002,-1283.8
56002,0,0.2,0.003,-1289.2
56014,0,-0.3,0.003,-1277.9
56026,-0.001,-0.2,-0.002,-1273.9
56038,0,0.3,0.001,-1275.1
56050,0,0.2,-0.002,-1277.5
56062,0,-0.3,-0.002,-1267.5
56074,0,-0.1,0.005,-1262.4
56086,0,0.3,0.001,-1265.5
56098,0,0.1,-0.004,-1266.1
56110,0,-0.3,0,-1256.5
56123,-0.001,-0.1,0,-1250.3
56135,0,0.3,0.005,-1256.4
56147,0,0.1,0.001,-1253.6
56159,0,-0.3,0,-1245.8
56171,-0.001,0.1,0.002,-1239.2
56183,0,0.3,0.001,-1244.9
56195,-0.001,0,0.001,-1243
56208,0,-0.5,0,-1234.8
56220,0.001,0,0,-1227.9
56232,0,0.4,0.005,-1234.5
56244,0,0.1,0.004,-1231.8
56256,0,-0.5,-0.006,-1223.8
56269,0,0,0,-1217
56281,-0.001,0.4,0.003,-1223.4
56293,-0.001,0,0.002,-1220.7
56305,0.001,-0.5,-0.004,-1212.4
56317,0,-0.1,0.001,-1206.8
56329,0.002,0.5,0,-1209.8
56341,0.001,0.1,-0.004,-1211.6
56353,0,-0.5,0.001,-1200.3
56365,0.001,-0.1,0.002,-1196.6
56377,-0.001,0.6,0,-1195
56389,0.001,0.3,0.004,-1201.5
56401,0,-0.7,-0.004,-1187.7
56413,0.001,-0.4,-0.001,-1186.1
56425,-0.001,0.4,-0.002,-1180.1
56437,0,0.3,0,-1191
56449,-0.001,-0.3,-0.004,-1177.4
56461,0,-0.5,0.001,-1176.5
56473,0,0.3,-0.004,-1168.3
56485,0,0.4,-0.001,-1179.6
56497,0,-0.3,0.002,-1170.1
56509,-0.001,-0.4,0.002,-1165.8
56522,0,0.3,-0.002,-1157.8
56534,0.001,0.6,0.005,-1165.5
56546,0.001,-0.1,-0.003,-1161.8
56558,0,-0.7,-0.001,-1152.6
56570,0,-0.1,0.004,-1148.1
56582,0.002,0.6,-0.004,-1146.9
56595,0.002,0.1,0.003,-1153.4
56607,-0.001,-0.8,-0.003,-1145.5
56619,0,-0.4,-0.004,-1141.7
56631,0,0.8,0.001,-1132.3
56643,0,0.6,0,-1142.9
56655,0.001,-0.5,0.003,-1130.8
56667,0.001,-0.5,-0.001,-1128.9
56679,0,0.3,0.001,-1121.3
56691,-0.001,0.6,-0.002,-1127.9
56703,0,-0.1,-0.004,-1126.6
56715,0,-0.8,0.003,-1115
56727,0.001,-0.2,-0.003,-1112.3
56740,-0.001,0.8,-0.004,-1107.8
56752,0,0.4,0,-1117
56764,-0.001,-0.6,0.002,-1103.1
56776,0,-0.5,-0.001,-1102.6
56788,0,0.4,0,-1094.7
56800,0.001,0.6,0.002,-1103.2
56812,0,-0.2,-0.001,-1100.4
56824,0,-0.8,0.004,-1088.9
56837,-0.001,0,0.001,-1085.9
56849,0.001,0.8,0.003,-1081.5
56861,0,0.3,0.002,-1091.7
56873,0,-0.8,-0.002,-1078.3
56885,0,-0.6,-0.001,-1077.1
56897,-0.001,0.7,0.001,-1069.7
56909,0,0.8,-0.001,-1074.7
56921,-0.001,-0.2,0.002,-1076.4
56934,0.002,-0.9,0.001,-1062.2
56946,0,-0.2,0,-1061.3
56958,0,1,0.003,-1054
56970,0,0.6,-0.003,-1065.9
56982,-0.001,-0.8,0,-1057.7
56994,-0.001,-1,-0.002,-1050.4
57007,0,0.3,0.003,-1045.6
57019,0,1.1,-0.005,-1042.5
57031,0,0.3,0,-1051.4
57043,0,-1,-0.002,-1037.8
57055,0,-0.6,0.001,-1036.8
57067,0,0.6,-0.002,-1030.2
57080,-0.001,0.8,0.001,-1033.4
57092,0.001,-0.2,-0.001,-1036.2
57104,0,-1.2,0.001,-1021.3
57116,0,-0.4,-0.002,-1022.1
57128,-0.001,1.1,0,-1014.4
57141,0,0.7,-0.002,-1022.8
57153,0,-0.6,0.001,-1020.7
57165,0,-1.1,-0.002,-1006.8
57177,-0.001,-0.2,0.001,-1006.8
57189,0,1.2,-0.004,-999.2
57201,0.001,0.7,0.002,-1009.3
57214,0,-0.8,-0.002,-1005.1
57226,-0.001,-1,0,-992.8
57238,0,0.1,0,-991.8
57250,-0.001,1.2,0,-984.3
57262,-0.001,0.7,0.003,-995.3
57275,0,-1.2,0.002,-989.8
57287,0,-1.1,0.001,-978.1
57299,0,0.4,0,-977.2
57311,0,1.5,0.001,-969.9
57323,-0.001,0.7,0.004,-980.8
57336,0,-1.2,-0.004,-976
57348,0,-1.2,-0.002,-963.3
57360,0.002,0.2,0.001,-963.3
57372,0,1.5,0,-956
57384,0,0.8,0,-964.8
57396,0,-0.8,0.003,-963.1
57408,0,-1.4,0.002,-947.9
57420,0,-0.2,0.003,-949.4
57432,0,1.3,0,-942.5
57444,0.001,0.8,0.002,-944.8
57456,0.001,-0.5,0.001,-954.7
57468,0,-1.3,0.001,-939.5
57480,0,-0.4,-0.003,-936.3
57492,-0.001,1.3,0.001,-930.1
57504,0,1.2,0.001,-925.4
57516,0,-0.3,0.001,-937.1
57528,0.001,-1.6,-0.002,-928
57540,0,-0.9,0.001,-917.7
57552,-0.001,1,0.001,-916.9
57564,0,1.5,-0.001,-909.8
57576,0,0.4,0,-918.4
57588,0,-1.4,0,-918.1
57601,0.001,-1.4,-0.002,-901.7
57613,0,0.4,0.003,-903.5
57625,-0.001,1.7,-0.001,-897.3
57637,0.001,0.9,0.001,-894.9
57649,0,-0.9,-0.004,-904.9
57661,0.001,-1.8,0.002,-894.6
57673,0,-0.7,0.001,-885.2
57685,0.001,1.3,0.003,-884.4
57697,0,1.7,-0.002,-877.5
57709,0.001,0.4,-0.001,-884.2
57721,0,-1.7,0.001,-886
57733,0,-1.7,-0.001,-871.4
57745,-0.001,-0.1,0,-870
57757,0,2,0,-865.6
57769,0,1.5,-0.001,-859.2
57781,-0.001,-0.2,-0.002,-870.7
57793,-0.001,-2,0.001,-867
57805,0,-1.4,0.003,-851.4
57817,0,0.5,0.002,-853.4
57829,0,2.1,0.002,-847.6
57841,0,1.2,0.001,-842.4
57853,-0.002,-0.6,0,-854.5
57865,0,-1.9,-0.001,-848.4
57877,0,-1.2,-0.001,-833
57889,0,0.8,-0.002,-835.8
57901,0,1.9,-0.001,-830.3
57914,0,1,0.003,-826.1
57926,0,-1.1,0.002,-837.6
57938,0,-1.8,0.001,-829.8
57950,0,-0.7,-0.001,-814.9
57962,0,1.4,0,-818
57974,0,1.7,-0.001,-812.7
57986,0,0.4,0,-807.9
57998,0,-1.7,0.004,-819.8
58010,0,-1.9,0.002,-813.5
58022,0.001,-0.4,-0.001,-797.5
58034,0,1.8,-0.004,-799.5
58046,0,1.9,-0.001,-795.1
58058,0,0.4,-0.003,-789.4
58070,-0.001,-1.7,-0.001,-799.2
58082,-0.001,-2,0.001,-797.2
58094,0,-0.6,0.001,-782.8
58106,-0.001,1.6,0.004,-779.1
58118,-0.001,1.7,0,-778.8
58131,-0.001,0.3,0,-772.9
58143,0,-1.6,0,-776.3
58155,-0.001,-1.6,-0.004,-781.5
58167,-0.001,-0.3,-0.001,-769.8
58179,0,1.7,-0.003,-757.5
58191,0,1.7,0.002,-762.4
58203,0,0.3,0.002,-757.7
58215,0,-1.6,0.001,-752.7
58227,-0.001,-1.5,0.001,-762.9
58239,0,-0.3,0,-757.5
58251,-0.001,1.3,0.001,-742.8
58263,0,1.1,0.001,-740.3
58275,-0.001,0.2,0.001,-741.5
58288,0,-0.8,-0.001,-735.4
58300,0,-0.6,-0.001,-734.4
58312,0,-0.1,0.002,-745.1
58324,0,0.2,0.004,-734.4
58336,0,0.1,0,-719.4
58348,-0.001,0.1,-0.002,-722.6
58360,0,0,0.001,-719.5
58372,0.001,-0.1,0,-713.3
58384,0,0,0,-713.8
58396,-0.001,0,0,-721.3
58408,-0.002,0.1,0,-711.7
58420,0,0.2,0,-697.5
58432,0,0.1,0.002,-700.7
58444,0,0,0.003,-698.6
58456,0,-0.2,-0.001,-693.2
58468,0,-0.2,-0.003,-691.3
58480,0,-0.1,0.002,-700
58492,0,0.2,0.001,-691.7
58504,0,0.1,0.001,-678.1
58516,0,0,0,-677.1
58528,0,0,0.003,-678.7
58540,0.001,-0.1,0.001,-672.8
58552,0,0,-0.001,-667
58564,0,0,0.001,-676.2
58576,0.001,0.1,-0.001,-673
58588,0,0,0.001,-661.7
58600,0,0,-0.002,-651.5
58612,-0.001,-0.1,-0.002,-657.8
58625,0.001,0,-0.002,-652.6
58637,0.001,0.1,0,-646.9
58649,0,0.1,0.001,-647.5
58661,0,0,0.002,-654.7
58673,-0.001,-0.1,-0.003,-645.8
58686,-0.001,0,0,-632
58698,0,0,0,-630.8
58710,0,0.1,0.002,-633.9
58722,-0.001,0,-0.003,-627.6
58734,0,0,-0.001,-621.9
58746,0,-0.1,-0.001,-626.1
58758,0,0,0,-630.1
58771,0.001,0.1,0,-619.5
58783,-0.001,0.1,0.001,-607
58795,0.001,0,0.001,-606.9
58807,0,-0.1,0.002,-609.7
58819,0,-0.1,-0.001,-603.1
58831,-0.001,0,0,-597.1
58843,0,0.1,0,-599.2
58855,0,0,0.001,-605.4
58867,0,0,0,-596.6
58879,0,-0.1,0.001,-585.5
58892,0,0,-0.002,-579.3
58904,0,0,-0.002,-585.3
58916,0,0.1,0.002,-579.7
58928,0.001,0,0.003,-574.4
58940,0,0,0,-570.2
58952,0,-0.1,0.001,-578.5
58964,0,0,-0.002,-575.5
58976,0,0.1,0.002,-565.9
58988,0.001,0.1,0.001,-554.6
59000,0,0,-0.001,-554.5
59012,0,-0.1,-0.001,-558.3
59024,0,0,0,-551.4
59036,-0.001,0,0,-546.3
59048,0,0.1,0.002,-542.7
59060,0,0,0.001,-550.8
59072,0.001,0,0.001,-547.9
59084,0,-0.1,-0.001,-538.4
59096,0,0,0.002,-527.8
59108,-0.001,0,-0.002,-524.7
59120,0,0.1,-0.001,-530.2
59132,0,0,0,-524.8
59144,0,0,0,-519.3
59156,-0.001,-0.1,-0.001,-516.6
59168,0,0,0,-519.5
59180,0,0.1,0,-523.2
59192,0,0.1,0,-513.9
59204,0.001,0,-0.001,-505.3
59216,0,-0.1,0,-495.9
59228,0,0,-0.001,-497.8
59240,0,0,0,-501
59252,0,0.1,0.003,-493.9
59264,0,0,0.001,-489.3
59276,0,0,-0.002,-484.2
59288,0.001,-0.1,0.001,-487.2
59300,0,0,0,-492
59312,0,0,-0.001,-483.5
59325,0,0.1,0,-474.7
59337,0,0,0.002,-465.5
59349,0,0,-0.001,-464.3
59361,-0.001,-0.1,0,-469.4
59373,0.001,0,0.001,-464.4
59385,0,0.1,0,-458.4
59397,-0.001,0.1,-0.002,-454.3
59409,0,0,0,-451.5
59421,0,-0.1,-0.002,-457.4
59433,0.001,0,0.003,-457.1
59445,0,0,-0.001,-447.5
59457,0,0.1,-0.001,-440.4
59469,-0.001,0,0.001,-432
59481,0,0,-0.001,-430.3
59493,0,-0.1,0,-435.6
59505,-0.001,0,0,-432.1
59517,0,0,-0.001,-424.9
59529,0,0.1,0.001,-421.5
59541,0,0,-0.003,-416.9
59553,0,0,-0.002,-418.2
59565,0,-0.1,-0.001,-423.3
59577,0.001,0,0,-417.7
59589,-0.001,0.1,-0.001,-408.9
59601,0,0.1,-0.001,-402.6
59613,-0.001,0,0.001,-395
59626,0,-0.1,0,-393.9
59638,0,0,0,-398.6
59650,0,0,-0.001,-395
59662,0,0.1,-0.001,-387.7
59674,0,0,0.002,-384.2
59686,0.002,0,0.001,-379.8
59698,0,-0.1,-0.001,-377.4
59710,0,0,-0.001,-381.3
59722,0.001,0,0,-382.7
59734,-0.001,0.1,-0.001,-374.6
59747,0,0,0.001,-366.6
59759,0,-0.1,0.001,-361
59771,0.001,-0.1,-0.001,-354.3
59783,0.001,0,-0.001,-352.1
59795,0.001,0.1,0.001,-356.1
59807,0,0,0,-355.3
59820,0,0,0.001,-348
59832,0,-0.1,0,-342.9
59844,0,0,0,-340.5
59856,0,0,0,-335.8
59868,0,0.1,-0.001,-334.2
59880,0,0,0,-337.3
59892,0,0,-0.002,-338
59904,-0.001,-0.1,0.001,-330.8
59916,0,0,-0.001,-323.2
59928,0,0.1,0.001,-318.6
59940,0,0.1,-0.001,-313
59952,0,0,0.001,-307
59964,0,-0.1,0,-305.5
59976,0,0,0,-308.3
59988,0,0,0,-307.7
60000,0,0.1,0,-302.5
60012,0,0,0.001,-297
60024,0,0,-0.001,-293.1
60036,0,-0.1,0.001,-290.2
60048,-0.001,0,0,-285
60061,0,0,0.001,-282.4
60073,0.001,0.1,0,-283.8
60085,0.001,0,0,-285
60097,0,0,0.001,-281
60109,0.001,-0.1,0,-273.4
60121,0,0,-0.001,-267.6
60133,0.001,0.1,-0.001,-264.1
60145,0,0.1,0,-259.5
60157,-0.001,0,0.001,-253.6
60169,0,-0.1,-0.001,-249.6
60181,0,0,0.001,-249
60193,0,0,0.001,-250.6
60205,0,0.1,0.001,-249.4
60217,0.001,0,-0.001,-244.4
60229,0,0,0.001,-239.1
60241,-0.001,-0.1,-0.002,-234.2
60253,0,0,-0.001,-231.8
60265,0,0,0,-229.5
60277,0.001,0.1,0.001,-224.5
60289,0,0,0.001,-220.7
60301,0,0,0,-218.7
60313,0,-0.1,0.001,-218.8
60325,0.001,0,0.001,-217.9
60337,0,0.1,0.001,-216.7
60349,0,0.1,0.001,-210.9
60361,-0.001,0,0,-204.3
60373,0,-0.1,-0.001,-199.1
60385,0,0,0,-196.3
60397,0,0,0.001,-192.5
60409,0,0.1,0,-187.9
60421,-0.001,0,0,-183.5
60433,0,0,-0.002,-178.7
60445,0,-0.1,0.001,-175.5
60457,0,0,0,-172.2
60469,0,0,-0.001,-173.1
60481,0,0.1,0,-171.6
60493,0,0,0.001,-169.7
60505,0,0,0,-165.4
60517,0.001,-0.1,0,-161.3
60529,-0.001,0,0,-158
60541,0,0.1,0,-153.5
60552,0,0.1,0,-149.4
60564,-0.001,0,0,-147
60576,0,-0.1,-0.001,-144.5
60589,-0.001,0,-0.001,-141
60601,0.001,0,-0.001,-138.5
60613,0,0.1,-0.003,-132
60625,0.001,0,-0.002,-127.9
60637,0,0,-0.001,-127.8
60649,0,-0.1,0,-124
60661,0,0,-0.002,-120.3
60673,0,0,0,-119.3
60685,0,0.1,0,-115.9
60697,0,0,0.002,-111.1
60709,0,0,0,-110.1
60721,0,-0.1,-0.001,-109.5
60733,0,0,-0.001,-105
60745,0,0.1,0.001,-98.2
60757,0,0.1,0.001,-93.9
60769,0,0,0,-89.4
60781,0,-0.1,-0.002,-86.4
60793,0,0,-0.001,-82.2
60805,0,0,0,-78.4
60817,0,0.1,0,-76.5
60829,0,0,-0.001,-73.8
60841,0,0,0.002,-72.8
60853,0,-0.1,0,-69.3
60865,0,0,0,-61.5
60877,0,0,0,-52.9
60889,-0.001,0.1,0,-48.3
60901,0.001,0,0,-46
60913,0,0,0,-42.7
60925,0,-0.1,0.002,-43.5
60937,0,0,0,-45.8
60949,0,0.1,0,-44.8
60961,-0.001,0.1,0,-39.1
60973,0,0,0,-29.4
60985,0,-0.1,0,-19.7
60997,0,0,-0.001,-11.3
61009,-0.001,0,0.001,-4.2
61021,0,0.1,0,1
61033,0,0,-0.001,5.3
61045,-0.001,0,0,8.3
61057,-0.001,-0.1,-0.001,10.6
61069,0,0,0,12.9
61081,0,0,0,16
61093,0,0.1,0.001,20.4
61105,0.001,0,0.001,23.3
61117,0.001,0,-0.001,22.7
61129,0,-0.1,0,19.9
61141,0,0,0,15.2
61153,0,0.1,0,8.5
61165,0,0.1,0.002,2
61177,0,0,0,-4.1
61189,0,-0.1,-0.001,-8.1
61201,0,0,0,-9.3
61213,-0.001,0,-0.002,-8.3
61225,-0.001,0.1,-0.001,-5.9
61237,0,0,0,-2.8
61249,0,0,0,-0.4
61261,0,-0.1,0.001,1.8
61273,0,0,-0.001,2.5
61285,0,0,0.001,1.7
61297,0.001,0.1,0,0.6
61309,0,0,-0.003,-0.2
61321,0,0,0,-0.6
61333,0.001,-0.1,0,-0.2
61345,0,0,-0.002,0
61357,-0.001,0.1,-0.001,0
61369,0,0.1,0,0.1
61381,0,0,0,0
61393,0,-0.1,0,0
61405,0,0,0.001,-0.1
61417,0,0,0,0
61429,-0.001,0.1,0.001,0.1
61441,0.001,0,0,0.1
61453,0,0,0.001,0
61465,0.001,-0.1,-0.001,-0.1
61477,0.001,0,-0.001,0
61489,0,0,-0.001,0
61501,0.001,0.1,0.002,0.1
61513,0,0,0.001,0
61525,0,0,0,0
61537,0,-0.1,0.002,-0.1
61549,0,0,0,0
61561,0,0.1,0.002,0
61573,0,0.1,0.001,0.1
61585,0.001,0,0,0
61597,0.001,-0.1,0.002,0
61609,0,0,-0.001,-0.1
61621,0.001,0,-0.001,0
61633,-0.001,0.1,-0.001,0.1
61645,0,0,0,0.1
61657,0,0,0.001,0
61669,0,-0.1,0.001,-0.1
61681,-0.001,0,0,0
61693,0,0,0.002,0
61705,0,0.1,0.001,0.1
61717,0.001,0,0,0
61729,0,0,0,0
61741,0,-0.1,-0.001,-0.1
61753,0.001,0,-0.002,0
61765,-0.001,0.1,-0.001,0
61777,-0.001,0.1,0,0.1
61789,0,0,0,0
61801,0,-0.1,-0.001,0
61813,0,0,-0.001,-0.1
61825,0,0,-0.001,0
61837,0,0.1,0.001,0.1
61849,0,0,0,0.1
61861,-0.001,0,-0.001,0
61873,-0.001,-0.1,0,-0.1
61885,0,0,0,0
61897,0,0,-0.002,0
61909,0,0.1,0.001,0.1
61921,0,0,0.001,0
61933,0,0,0.001,0
61945,0,-0.1,0,-0.1
61957,0.001,0,0,0
61969,-0.001,0.1,0,0
61981,-0.001,0.1,0.001,0.1
61993,0,0,0,0
62005,0,-0.1,0,0
62017,0,0,-0.002,-0.1
62029,0,0,0.002,0
62041,0.001,0.1,-0.001,0.1
62053,0,0,-0.001,0.1
62065,0.001,0,-0.001,0
62077,0.001,-0.1,0,-0.1
62089,-0.001,0,0.001,0
62101,0.001,0,0.001,0
62113,0.001,0.1,0.001,0.1
62125,0,0,0.001,0
62137,0,0,-0.001,0
62149,0.001,-0.1,-0.002,-0.1
62161,-0.001,0,0,0
62173,0,0.1,-0.001,0
62185,0,0.1,0,0.1
62197,0,0,0.001,0
62209,0,-0.1,-0.002,0
62221,-0.001,0,0,-0.1
62233,0,0,0,0
62245,0,0.1,0,0.1
62257,0,0,0.001,0.1
62269,0,0,0.001,0
62281,0,-0.1,0,-0.1
62293,0,0,0,0
62305,0,0,0,0
62317,0.001,0.1,0,0.1
62329,0,0,0,0
62341,-0.001,0,0,0
62353,0,-0.1,-0.001,-0.1
62365,0,0,-0.001,0
62377,0,0.1,0,0
62389,-0.001,0.1,0,0.1
62401,0.001,0,0.002,0
62413,0.001,-0.1,0.001,0
62425,0,0,-0.001,-0.1
62437,0.001,0,0,0
62449,0,0.1,-0.001,0.1
62461,-0.001,0,0.001,0.1
62473,0.001,0,0,0
62485,-0.001,-0.1,0,-0.1
62497,0,0,-0.001,0
62509,0,0,0,0
62521,0.001,0.1,0,0.1
62533,0,0,0,0
62544,0,0,0.001,0
62556,0,-0.1,0,-0.1
62568,0,0,-0.001,0
62580,0,0.1,0,0
62591,0,0.1,0.002,0.1
62603,0,0,-0.001,0
62615,0,-0.1,0,0
62627,0,-0.1,0,-0.1
62639,-0.001,0,0,0
62651,0.001,0.1,0.001,0.1
62663,-0.001,0,0,0.1
62675,-0.001,0,0,0
62687,0,-0.1,0.001,-0.1
62699,0,0,0.001,-0.1
62711,0,0,0.001,0
62723,0,0.1,-0.001,0.1
62735,-0.001,0,-0.001,0
62747,0,0,-0.001,0
62759,0,-0.1,0.001,-0.1
62771,-0.001,0,0.002,0
62783,-0.001,0.1,-0.001,0
62795,0,0.1,0.001,0.1
62807,0,0,0.001,0
62819,0.001,-0.1,0,0
62831,0,-0.1,0,-0.1
62843,0,0,0,0
62855,0.001,0.1,0.001,0.1
62867,0,0,0,0.1
62879,-0.001,0,0,0
62891,-0.001,-0.1,-0.001,-0.1
62903,0,0,0,-0.1
62915,0,0,0,0
62927,0,0.1,0,0.1
62939,0.001,0,0.002,0
62951,0,0,0.001,0
62963,-0.001,-0.1,0,-0.1
62975,0.001,0,-0.001,0
62987,-0.001,0.1,0,0
62999,-0.001,0.1,-0.002,0.1
63011,0,0,0,0
63022,0,-0.1,0.001,0
63034,0,-0.1,0.001,-0.1
