序号,时间戳,方向,数据内容,错误信息
1,16:40:39.702,RX,D8 13 19 40 A9 98 FB 3D 00 00 00 00 00 87 12 BD 1A C0 37 BE CF 2D 10 BF EA 7E 82 BE 00 00 C0 BA 00 00 56 3D 00 C0 92 3F 00 00 80 7F,
2,16:40:39.706,RX,BA 90 19 40 20 67 E0 BC 00 00 00 00 D2 39 92 3B 91 46 98 BD CF 2D 10 BF EA 7E 82 BE 00 00 80 BB 00 00 42 3D 00 B0 93 3F 00 00 80 7F,
3,16:40:39.710,RX,CD 4B 1A 40 E0 FB A6 BC 00 00 00 00 6E F2 99 3C 83 DE FC 3A CF 2D 10 BF EA 7E 82 BE 00 00 B0 BB 00 00 44 3D 00 50 92 3F 00 00 80 7F,
4,16:40:39.715,RX,AA EA 1A 40 36 E5 0C BE 00 00 00 00 1B A9 81 3C F5 4F 00 3D CF 2D 10 BF EA 7E 82 BE 00 00 C0 BA 00 00 40 3D 00 10 92 3F 00 00 80 7F,
5,16:40:39.721,RX,0E 67 1B 40 5E 44 FD 3D 00 00 00 00 73 9F 2C BE A2 E6 E4 3C CF 2D 10 BF EA 7E 82 BE 00 00 20 BB 00 00 4E 3D 00 C0 92 3F 00 00 80 7F,
6,16:40:39.725,RX,76 84 1B 40 B2 5F AA BE 00 00 00 00 E4 49 F2 BE 1B FA 51 3C CF 2D 10 BF EA 7E 82 BE 00 00 B0 BB 00 00 48 3D 00 50 94 3F 00 00 80 7F,
7,16:40:39.730,RX,87 EA 1B 40 E0 7B E2 BC 00 00 00 00 9A E9 A4 BE BA 21 4B 39 CF 2D 10 BF EA 7E 82 BE 00 00 40 BB 00 00 4C 3D 00 90 91 3F 00 00 80 7F,
8,16:40:39.735,RX,B2 FF 1B 40 28 04 4F 3E 00 00 00 00 95 96 76 BD 1E 55 AB BB CF 2D 10 BF EA 7E 82 BE 00 00 C0 BA 00 00 4E 3D 00 E0 93 3F 00 00 80 7F,
9,16:40:39.740,RX,E5 D1 1B 40 73 A7 80 3E 00 00 00 00 F0 6B C8 3D EC D6 A9 BB CF 2D 10 BF EA 7E 82 BE 00 00 80 3A 00 00 1E 3D 00 40 91 3F 00 00 80 7F,
10,16:40:39.746,RX,BA EE 1B 40 A1 CD BF 3E 00 00 00 00 B6 F7 FF 3D 8F F0 2C BB CF 2D 10 BF EA 7E 82 BE 00 00 A0 BB 00 00 62 3D 00 90 92 3F 00 00 80 7F,
11,16:40:39.750,RX,73 90 1B 40 28 82 78 3D 00 00 00 00 27 51 A3 3D 0E 64 3D B8 CF 2D 10 BF EA 7E 82 BE 00 00 C0 BA 00 00 32 3D 00 90 91 3F 00 00 80 7F,
12,16:40:39.755,RX,2E 40 1B 40 F4 41 9B 3D 00 00 00 00 D6 9A C7 3C 90 42 35 3E CF 2D 10 BF EA 7E 82 BE 00 00 B0 BB 00 00 2C 3D 00 50 92 3F 00 00 80 7F,
13,16:40:39.760,RX,59 49 1B 40 EE 13 5A 3E 00 00 00 00 F3 FC 25 BC 6B DC F2 3E CF 2D 10 BF EA 7E 82 BE 00 00 80 BB 00 00 50 3D 00 90 91 3F 00 00 80 7F,
14,16:40:39.765,RX,F0 E9 1A 40 80 81 30 3E 00 00 00 00 CF DF A9 BC EA DF A3 3E CF 2D 10 BF EA 7E 82 BE 00 00 F0 BB 00 00 3C 3D 00 A0 91 3F 00 00 80 7F,
15,16:40:39.771,RX,54 DC 1A 40 65 F7 B0 3E 00 00 00 00 31 AE 7F BC C4 04 F5 3E CF 2D 10 BF EA 7E 82 BE 00 00 C0 3A 00 00 5A 3D 00 70 91 3F 00 00 80 7F,
16,16:40:39.775,RX,24 A3 1A 40 B9 34 96 3E 00 00 00 00 E6 71 CB BB 17 33 17 3F CF 2D 10 BF EA 7E 82 BE 00 00 00 BC 00 00 40 3D 00 C0 92 3F 00 00 80 7F,
17,16:40:39.780,RX,AE 89 1A 40 68 D8 59 BD 00 00 00 00 C4 3E 76 3A 7C 53 00 3F CF 2D 10 BF EA 7E 82 BE 00 00 80 BB 00 00 3E 3D 00 20 93 3F 00 00 80 7F,
18,16:40:39.785,RX,7B 89 1A 40 B7 FD A6 3E 00 00 00 00 E1 1D 60 3B A8 28 09 3E CF 2D 10 BF EA 7E 82 BE 00 00 00 BA 00 00 5A 3D 00 40 92 3F 00 00 80 7F,
19,16:40:39.790,RX,A8 FD 1A 40 97 E2 BA 3E 00 00 00 00 BA C1 58 3B 0C 51 92 3E CF 2D 10 BF EA 7E 82 BE 00 00 F0 BB 00 00 42 3D 00 10 92 3F 00 00 80 7F,
20,16:40:39.797,RX,2E 2D 1B 40 16 AF 4C 3E 00 00 00 00 A0 4D 14 3B B9 F1 57 3E CF 2D 10 BF EA 7E 82 BE 00 00 40 BC 00 00 5A 3D 00 D0 93 3F 00 00 80 7F,
21,16:40:39.800,RX,12 72 1B 40 EA 18 06 BE 00 00 00 00 C3 BF A5 3A A2 06 BF 3E CF 2D 10 BF EA 7E 82 BE 00 00 10 BC 00 00 46 3D 00 F0 92 3F 00 00 80 7F,
22,16:40:39.805,RX,DB 99 1B 40 72 99 81 3E 00 00 00 00 D3 B6 24 B9 E3 39 AF 3E CF 2D 10 BF EA 7E 82 BE 00 00 C0 BB 00 00 54 3D 00 40 91 3F 00 00 80 7F,
23,16:40:39.810,RX,DE DD 1B 40 00 BB 94 BA 00 00 00 00 FA 4C 02 BB 3F 71 BE 3D CF 2D 10 BF EA 7E 82 BE 00 00 B0 BB 00 00 46 3D 00 F0 91 3F 00 00 80 7F,
24,16:40:39.815,RX,54 8D 1C 40 D0 17 E6 3D 00 00 00 00 A7 14 05 BB 3A 8E BF BD CF 2D 10 BF EA 7E 82 BE 00 00 F0 BB 00 00 54 3D 00 00 8F 3F 00 00 80 7F,
25,16:40:39.822,RX,27 67 1C 40 8B E6 15 3E 00 00 00 00 72 E8 A8 BA B3 7E 11 BE CF 2D 10 BF EA 7E 82 BE 00 00 C0 BA 00 00 3A 3D 00 80 91 3F 00 00 80 7F,
26,16:40:39.825,RX,4B 80 1C 40 CD CB 17 3E 00 00 00 00 40 C5 D6 B7 CE C2 CD BD CF 2D 10 BF EA 7E 82 BE 00 00 B0 BB 00 00 40 3D 00 90 92 3F 00 00 80 7F,
27,16:40:39.832,RX,F4 6C 1C 40 ED C8 B6 BE 00 00 00 00 4A 29 E5 3A 04 25 1A BD CF 2D 10 BF EA 7E 82 BE 00 00 00 3A 00 00 50 3D 00 20 92 3F 00 00 80 7F,
28,16:40:39.835,RX,06 6F 1C 40 3C D2 50 BE 00 00 00 00 88 4F 0D 3B 0B 7C B5 3B CF 2D 10 BF EA 7E 82 BE 00 00 C0 3A 00 00 30 3D 00 D0 91 3F 00 00 80 7F,
29,16:40:39.840,RX,1B 96 1C 40 B8 A2 81 BD 00 00 00 00 E5 7E C1 3A F7 F2 A7 3C CF 2D 10 BF EA 7E 82 BE 00 00 00 00 00 00 4A 3D 00 B0 91 3F 00 00 80 7F,
30,16:40:39.845,RX,85 5C 1C 40 32 25 FA 3D 00 00 00 00 04 86 8C 39 6F A3 88 3C CF 2D 10 BF EA 7E 82 BE 00 00 10 BC 00 00 30 3D 00 F0 90 3F 00 00 80 7F,
31,16:40:39.850,RX,76 6A 1C 40 F4 7A 2D 3E 00 00 00 00 B9 46 BE BA 5C D7 E5 3B CF 2D 10 BF EA 7E 82 BE 00 00 A0 BB 00 00 4C 3D 00 30 93 3F 00 00 80 7F,
32,16:40:39.855,RX,98 18 1C 40 36 44 91 3D 00 00 00 00 65 0D 15 BB DF 6B 2A BA CF 2D 10 BF EA 7E 82 BE 00 00 10 3C 00 00 48 3D 00 A0 91 3F 00 00 80 7F,
33,16:40:39.860,RX,48 46 1C 40 00 05 AD 3C 00 00 00 00 2E 1C CB BA 5B 8E 7C BB CF 2D 10 BF EA 7E 82 BE 00 00 38 BC 00 00 3A 3D 00 50 91 3F 00 00 80 7F,
34,16:40:39.865,RX,1F 66 1C 40 20 42 0C 3C 00 00 00 00 BA A4 C6 B9 56 86 8E BE CF 2D 10 BF EA 7E 82 BE 00 00 20 3B 00 00 4E 3D 00 50 92 3F 00 00 80 7F,
35,16:40:39.872,RX,87 FC 1B 40 E2 32 72 BE 00 00 00 00 31 05 AA 3A CF A5 F0 BE CF 2D 10 BF EA 7E 82 BE 00 00 B0 BB 00 00 2A 3D 00 A0 93 3F 00 00 80 7F,
36,16:40:39.875,RX,EB 3D 1C 40 70 96 D2 BC 00 00 00 00 45 EF D5 BE 38 86 2F BF CF 2D 10 BF EA 7E 82 BE 00 00 B0 BB 00 00 5E 3D 00 30 93 3F 00 00 80 7F,
37,16:40:39.880,RX,55 24 1C 40 4A B1 FE 3D 00 00 00 00 22 5D D2 BE 43 A5 1A BF CF 2D 10 BF EA 7E 82 BE 00 00 C0 BA 00 00 3A 3D 00 F0 92 3F 00 00 80 7F,
38,16:40:39.886,RX,F6 85 1C 40 42 83 A0 3D 00 00 00 00 70 EF 1E BE C6 44 04 BF CF 2D 10 BF EA 7E 82 BE 00 00 A0 BB 00 00 5A 3D 00 50 91 3F 00 00 80 7F,
39,16:40:39.890,RX,7A 65 1C 40 0C 41 B0 BD 00 00 00 00 CC FF 5A 3D 66 88 17 BE CF 2D 10 BF EA 7E 82 BE 00 00 00 3A 00 00 2E 3D 00 10 91 3F 00 00 80 7F,
40,16:40:39.897,RX,A1 A2 1B 40 0F 25 AD 3E 00 00 00 00 B5 C9 02 3E E3 C2 09 3E CF 2D 10 BF EA 7E 82 BE 00 00 90 3B 00 00 2E 3D 00 30 92 3F 00 00 80 7F,
41,16:40:39.900,RX,AC 2B 1B 40 80 92 B0 3C 00 00 00 00 30 6B D0 3D 24 AA 59 3E CF 2D 10 BF EA 7E 82 BE 00 00 20 3B 00 00 2C 3D 00 B0 92 3F 00 00 80 7F,
42,16:40:39.905,RX,79 47 1A 40 15 93 12 3F 00 00 00 00 88 2C 32 3D 06 E7 1C 3E CF 2D 10 BF EA 7E 82 BE 00 00 90 BB 00 00 0C 3D 00 80 91 3F 00 00 80 7F,
43,16:40:39.910,RX,30 A0 19 40 82 5A 34 3E 00 00 00 00 BA 0A C1 BA 2D 19 72 3D CF 2D 10 BF EA 7E 82 BE 00 00 00 BA 00 00 34 3D 00 B0 92 3F 00 00 80 7F,
44,16:40:39.915,RX,55 8F 19 40 02 37 8B 3E 00 00 00 00 31 FF 9E BC 02 A6 D9 BB CF 2D 10 BF EA 7E 82 BE 00 00 B0 BB 00 00 2E 3D 00 50 92 3F 00 00 80 7F,
45,16:40:39.922,RX,BD 79 19 40 E5 FB ED 3D 00 00 00 00 D3 57 8E BC 88 47 F6 BC CF 2D 10 BF EA 7E 82 BE 00 00 20 BB 00 00 60 3D 00 A0 91 3F 00 00 80 7F,
46,16:40:39.925,RX,20 42 19 40 78 24 C1 3E 00 00 00 00 E3 06 0F BC 91 C8 CB BC CF 2D 10 BF EA 7E 82 BE 00 00 C0 3A 00 00 38 3D 00 30 93 3F 00 00 80 7F,
47,16:40:39.931,RX,24 BE 18 40 77 95 4A 3E 00 00 00 00 D0 9E 82 BA FF 18 2E BC CF 2D 10 BF EA 7E 82 BE 00 00 00 BB 00 00 24 3D 00 50 90 3F 00 00 80 7F,
48,16:40:39.935,RX,8F EC 18 40 24 0C 82 3E 00 00 00 00 C1 0B 4F 3B AE C3 A9 39 CF 2D 10 BF EA 7E 82 BE 00 00 E0 BB 00 00 3A 3D 00 E0 90 3F 00 00 80 7F,
49,16:40:39.940,RX,66 F5 18 40 F0 21 89 BD 00 00 00 00 BF DC 6C 3B 43 72 8A BE CF 2D 10 BF EA 7E 82 BE 00 00 20 3C 00 00 34 3D 00 60 91 3F 00 00 80 7F,
50,16:40:39.947,RX,5F 01 19 40 24 CC 03 3D 00 00 00 00 9B F9 2D 3B EA CB ED BE CF 2D 10 BF EA 7E 82 BE 00 00 C0 BB 00 00 44 3D 00 20 94 3F 00 00 80 7F,
51,16:40:39.950,RX,22 C4 19 40 15 12 7B 3E 00 00 00 00 2A 6A 32 BE BF F9 86 BE CF 2D 10 BF EA 7E 82 BE 00 00 60 BB 00 00 70 3D 00 B0 92 3F 00 00 80 7F,
52,16:40:39.955,RX,C5 4F 1A 40 4C F5 E2 3D 00 00 00 00 62 A1 F1 BE 71 EE 7A BC CF 2D 10 BF EA 7E 82 BE 00 00 00 3A 00 00 64 3D 00 60 92 3F 00 00 80 7F,
53,16:40:39.960,RX,C5 B8 1A 40 1E 7C 28 3E 00 00 00 00 8F 4F A3 BE 5E F0 E4 3D CF 2D 10 BF EA 7E 82 BE 00 00 A0 BB 00 00 32 3D 00 50 93 3F 00 00 80 7F,
54,16:40:39.965,RX,A7 4D 1B 40 C4 C1 74 BD 00 00 00 00 7A F9 73 BD B4 BF F0 3D CF 2D 10 BF EA 7E 82 BE 00 00 40 BB 00 00 6A 3D 00 40 92 3F 00 00 80 7F,
55,16:40:39.972,RX,2A F7 1B 40 38 BF 59 3D 00 00 00 00 F0 43 86 BE 77 2C B5 BE CF 2D 10 BF EA 7E 82 BE 00 00 80 BB 00 00 44 3D 00 40 92 3F 00 00 80 7F,
56,16:40:39.975,RX,75 FD 1C 40 02 8C 50 3E 00 00 00 00 3D F1 A5 BE 51 93 CC BE CF 2D 10 BF EA 7E 82 BE 00 00 18 3C 00 00 68 3D 00 B0 91 3F 00 00 80 7F,
57,16:40:39.981,RX,1A DC 1D 40 71 7C 04 3E 00 00 00 00 BF 75 07 BE 5C F5 2E BE CF 2D 10 BF EA 7E 82 BE 00 00 00 3B 00 00 60 3D 00 60 92 3F 00 00 80 7F,
58,16:40:39.985,RX,DF 67 1E 40 BB 89 7C 3E 00 00 00 00 B9 F5 36 3D A6 F9 0B 3D CF 2D 10 BF EA 7E 82 BE 00 00 A0 BB 00 00 70 3D 00 30 92 3F 00 00 80 7F,
59,16:40:39.990,RX,7D B0 1E 40 6A 9F 06 3F 00 00 00 00 D6 BB E4 3D 4A D9 EA 3D CF 2D 10 BF EA 7E 82 BE 00 00 C0 3A 00 00 4A 3D 00 80 93 3F 00 00 80 7F,
60,16:40:39.997,RX,97 F4 1E 40 EB 04 A6 3E 00 00 00 00 BA AA BC 3D B4 62 C8 3D CF 2D 10 BF EA 7E 82 BE 00 00 00 3A 00 00 4C 3D 00 E0 91 3F 00 00 80 7F,
61,16:40:40.001,RX,FE 25 1F 40 68 2E 58 3D 00 00 00 00 C4 4B 2C 3D 09 CC 3A 3D CF 2D 10 BF EA 7E 82 BE 00 00 A0 BB 00 00 40 3D 00 90 91 3F 00 00 80 7F,
62,16:40:40.005,RX,59 09 1F 40 F3 31 1F 3E 00 00 00 00 E2 35 9D 3A 03 CB 30 3B CF 2D 10 BF EA 7E 82 BE 00 00 D0 BB 00 00 3C 3D 00 B0 91 3F 00 00 80 7F,
63,16:40:40.010,RX,CD F7 1E 40 1B 4E 33 3E 00 00 00 00 71 9B 8A BC 25 C2 83 BC CF 2D 10 BF EA 7E 82 BE 00 00 00 BA 00 00 3E 3D 00 C0 90 3F 00 00 80 7F,
64,16:40:40.015,RX,54 68 1E 40 46 21 91 3E 00 00 00 00 97 AA 8B BC C0 EB 84 BC CF 2D 10 BF EA 7E 82 BE 00 00 00 BC 00 00 4C 3D 00 C0 90 3F 00 00 80 7F,
65,16:40:40.022,RX,E6 4C 1E 40 B8 F6 9A 3E 00 00 00 00 FE EF D1 3E 73 F1 0B BC CF 2D 10 BF EA 7E 82 BE 00 00 E0 BB 00 00 34 3D 00 D0 91 3F 00 00 80 7F,
66,16:40:40.025,RX,89 CE 1D 40 20 BB C1 3C 00 00 00 00 3D DA D2 3E 80 C8 9E BA CF 2D 10 BF EA 7E 82 BE 00 00 60 BB 00 00 50 3D 00 B0 91 3F 00 00 80 7F,
67,16:40:40.030,RX,E6 BE 1D 40 9A 35 B9 3D 00 00 00 00 A5 19 24 3E 3A 82 1D 3B CF 2D 10 BF EA 7E 82 BE 00 00 60 3B 00 00 4A 3D 00 60 93 3F 00 00 80 7F,
68,16:40:40.035,RX,BF A3 1D 40 C0 49 4E 3D 00 00 00 00 E7 FB 4A BD B3 1E 36 3B CF 2D 10 BF EA 7E 82 BE 00 00 10 BC 00 00 48 3D 00 90 93 3F 00 00 80 7F,
69,16:40:40.040,RX,71 BB 1D 40 D2 47 B9 3D 00 00 00 00 C3 CC FF BD 86 27 CB 3A CF 2D 10 BF EA 7E 82 BE 00 00 B0 BB 00 00 5A 3D 00 20 92 3F 00 00 80 7F,
70,16:40:40.047,RX,B8 60 1E 40 D0 D3 6F 3D 00 00 00 00 16 E6 CD BD FB F3 09 39 CF 2D 10 BF EA 7E 82 BE 00 00 E0 BB 00 00 58 3D 00 60 92 3F 00 00 80 7F,
71,16:40:40.050,RX,78 79 1F 40 4B E4 8B 3E 00 00 00 00 F3 6F 34 BD 58 8B 20 BA CF 2D 10 BF EA 7E 82 BE 00 00 80 BA 00 00 72 3D 00 C0 92 3F 00 00 80 7F,
72,16:40:40.055,RX,5F FC 1F 40 A4 61 D7 BD 00 00 00 00 9E 28 0C BA 36 14 16 BA CF 2D 10 BF EA 7E 82 BE 00 00 80 BA 00 00 72 3D 00 D0 90 3F 00 00 80 7F,
73,16:40:40.060,RX,40 67 20 40 53 D2 35 3E 00 00 00 00 8E 10 98 3C 89 FE D8 B9 CF 2D 10 BF EA 7E 82 BE 00 00 90 BB 00 00 5C 3D 00 B0 93 3F 00 00 80 7F,
74,16:40:40.065,RX,46 BC 20 40 E4 1A 9E 3D 00 00 00 00 13 76 93 3C F3 8C 20 B9 CF 2D 10 BF EA 7E 82 BE 00 00 20 BB 00 00 4C 3D 00 80 90 3F 00 00 80 7F,
75,16:40:40.072,RX,29 E8 20 40 B4 C3 B5 3D 00 00 00 00 A6 D3 0E 3C CB 58 74 39 CF 2D 10 BF EA 7E 82 BE 00 00 90 BC 00 00 42 3D 00 E0 91 3F 00 00 80 7F,
76,16:40:40.075,RX,41 28 21 40 42 E6 6B 3E 00 00 00 00 AD 01 0C 3A AF 48 0F 3A CF 2D 10 BF EA 7E 82 BE 00 00 00 BB 00 00 5C 3D 00 70 92 3F 00 00 80 7F,
77,16:40:40.081,RX,CD 59 21 40 40 5E 31 3D 00 00 00 00 37 DE 52 BB B3 9E E1 39 CF 2D 10 BF EA 7E 82 BE 00 00 80 3A 00 00 40 3D 00 40 94 3F 00 00 80 7F,
78,16:40:40.085,RX,B9 1C 21 40 44 2A A9 3D 00 00 00 00 C8 25 60 BB FA 9B 36 39 CF 2D 10 BF EA 7E 82 BE 00 00 90 3B 00 00 22 3D 00 90 90 3F 00 00 80 7F,
79,16:40:40.090,RX,BB B3 20 40 D4 9C 5E 3E 00 00 00 00 67 B5 8B 3E F2 BE 5C B9 CF 2D 10 BF EA 7E 82 BE 00 00 E0 BB 00 00 48 3D 00 A0 91 3F 00 00 80 7F,
80,16:40:40.095,RX,7C E4 1F 40 FD F6 04 3E 00 00 00 00 9A 4E EF 3E 93 F3 26 BA CF 2D 10 BF EA 7E 82 BE 00 00 00 BB 00 00 44 3D 00 30 92 3F 00 00 80 7F,
81,16:40:40.100,RX,BA D2 1F 40 80 9B 80 BD 00 00 00 00 9D EB 87 3E A1 C6 07 BA CF 2D 10 BF EA 7E 82 BE 00 00 58 BC 00 00 48 3D 00 C0 90 3F 00 00 80 7F,
82,16:40:40.107,RX,92 0B 1F 40 EE 4B 4F 3E 00 00 00 00 26 23 8C 3C C5 9E 92 B9 CF 2D 10 BF EA 7E 82 BE 00 00 C0 BA 00 00 56 3D 00 F0 92 3F 00 00 80 7F,
83,16:40:40.110,RX,F7 84 1E 40 3A 2C 3B BE 00 00 00 00 69 4B E3 BD 88 3E AD 38 CF 2D 10 BF EA 7E 82 BE 00 00 B0 BB 00 00 34 3D 00 A0 91 3F 00 00 80 7F,
84,16:40:40.115,RX,6B F7 1D 40 49 E4 91 3E 00 00 00 00 DB AA F1 BD 12 D7 0F 3A CF 2D 10 BF EA 7E 82 BE 00 00 20 BB 00 00 1C 3D 00 E0 91 3F 00 00 80 7F,
85,16:40:40.122,RX,35 31 1D 40 44 D3 59 BE 00 00 00 00 A6 08 89 BD 38 58 07 3A CF 2D 10 BF EA 7E 82 BE 00 00 18 BC 00 00 4A 3D 00 10 92 3F 00 00 80 7F,
86,16:40:40.125,RX,46 A7 1C 40 64 71 A4 3D 00 00 00 00 FE 86 7A BC A7 29 9F 39 CF 2D 10 BF EA 7E 82 BE 00 00 60 BB 00 00 36 3D 00 F0 90 3F 00 00 80 7F,
87,16:40:40.131,RX,83 42 1C 40 EF 40 26 3E 00 00 00 00 FB 8D 5D 3C 7A D1 00 B8 CF 2D 10 BF EA 7E 82 BE 00 00 40 BB 00 00 26 3D 00 70 91 3F 00 00 80 7F,
88,16:40:40.135,RX,58 4B 1C 40 1B 41 01 3F 00 00 00 00 EF 70 A1 3C 00 FD 00 BA CF 2D 10 BF EA 7E 82 BE 00 00 00 3A 00 00 38 3D 00 10 92 3F 00 00 80 7F,
89,16:40:40.140,RX,B9 BD 1C 40 68 EB 08 3D 00 00 00 00 0E B5 4B 3C 3E 22 16 BA CF 2D 10 BF EA 7E 82 BE 00 00 20 BB 00 00 54 3D 00 70 91 3F 00 00 80 7F,
90,16:40:40.147,RX,5A DF 1C 40 94 C6 57 3E 00 00 00 00 35 F7 57 3B 91 97 C6 B9 CF 2D 10 BF EA 7E 82 BE 00 00 A0 BB 00 00 56 3D 00 40 91 3F 00 00 80 7F,
91,16:40:40.150,RX,5F EC 1C 40 06 C4 2D BE 00 00 00 00 74 D6 FC BA 99 72 8C B8 CF 2D 10 BF EA 7E 82 BE 00 00 A0 3B 00 00 5C 3D 00 90 92 3F 00 00 80 7F,
92,16:40:40.156,RX,9F 7A 1D 40 5C DE 41 3D 00 00 00 00 08 36 51 BB 1A C7 C2 39 CF 2D 10 BF EA 7E 82 BE 00 00 00 BB 00 00 76 3D 00 60 92 3F 00 00 80 7F,
93,16:40:40.160,RX,A7 C0 1D 40 B3 DD A3 3E 00 00 00 00 CE 60 22 BB D7 85 19 3A CF 2D 10 BF EA 7E 82 BE 00 00 80 BB 00 00 4A 3D 00 A0 93 3F 00 00 80 7F,
94,16:40:40.165,RX,09 16 1E 40 B6 F7 D6 3D 00 00 00 00 83 F6 D3 BA 28 7D D8 39 CF 2D 10 BF EA 7E 82 BE 00 00 00 00 00 00 60 3D 00 B0 91 3F 00 00 80 7F,
95,16:40:40.172,RX,D9 F8 1D 40 A6 E6 4C 3E 00 00 00 00 BA 9E FA B9 27 F9 06 39 CF 2D 10 BF EA 7E 82 BE 00 00 00 BC 00 00 50 3D 00 60 92 3F 00 00 80 7F,
96,16:40:40.175,RX,2C 54 1E 40 D2 1A BF 3E 00 00 00 00 A9 FF 96 3A 55 B0 93 B9 CF 2D 10 BF EA 7E 82 BE 00 00 A0 3B 00 00 64 3D 00 70 91 3F 00 00 80 7F,
97,16:40:40.180,RX,D1 55 1E 40 2C 09 E1 3E 00 00 00 00 71 20 23 3B 73 65 22 BA CF 2D 10 BF EA 7E 82 BE 00 00 C0 BB 00 00 3E 3D 00 70 91 3F 00 00 80 7F,
98,16:40:40.185,RX,77 A3 1E 40 56 00 05 3F 00 00 00 00 10 E1 EF 3A 9B 67 F0 B9 CF 2D 10 BF EA 7E 82 BE 00 00 B0 BB 00 00 3A 3D 00 F0 90 3F 00 00 80 7F,
99,16:40:40.190,RX,21 0B 1E 40 BE EE DA 3E 00 00 00 00 82 A2 48 3A 87 C4 4D B9 CF 2D 10 BF EA 7E 82 BE 00 00 C0 BA 00 00 22 3D 00 40 92 3F 00 00 80 7F,
100,16:40:40.197,RX,A8 0D 1E 40 2E E7 11 3F 00 00 00 00 93 ED 51 BA F4 A9 48 39 CF 2D 10 BF EA 7E 82 BE 00 00 E0 BB 00 00 54 3D 00 40 91 3F 00 00 80 7F,
101,16:40:40.200,RX,F3 B7 1D 40 AC 6F 8A 3E 00 00 00 00 69 E8 25 BB 98 8D 22 3A CF 2D 10 BF EA 7E 82 BE 00 00 A0 BB 00 00 3A 3D 00 E0 90 3F 00 00 80 7F,
102,16:40:40.205,RX,62 5F 1D 40 F1 27 FF 3E 00 00 00 00 25 4F 08 BB FE 00 04 3A CF 2D 10 BF EA 7E 82 BE 00 00 90 BB 00 00 5A 3D 00 B0 92 3F 00 00 80 7F,
103,16:40:40.210,RX,7C 04 1D 40 9C BE 75 BD 00 00 00 00 5E C0 96 BA 15 74 8C 39 CF 2D 10 BF EA 7E 82 BE 00 00 40 3B 00 00 46 3D 00 80 93 3F 00 00 80 7F,
104,16:40:40.215,RX,39 5C 1D 40 D5 7D 33 3E 00 00 00 00 D2 6C 90 39 6A 5C C0 B8 CF 2D 10 BF EA 7E 82 BE 00 00 60 BB 00 00 58 3D 00 80 91 3F 00 00 80 7F,
105,16:40:40.222,RX,59 9B 1D 40 C5 5D 37 3E 00 00 00 00 F0 B5 0A 3B C6 90 11 BA CF 2D 10 BF EA 7E 82 BE 00 00 48 BC 00 00 4A 3D 00 90 91 3F 00 00 80 7F,
106,16:40:40.225,RX,7D 03 1E 40 87 C1 99 3E 00 00 00 00 4A A4 00 3B 0A 7D 08 BA CF 2D 10 BF EA 7E 82 BE 00 00 D0 BB 00 00 4C 3D 00 80 92 3F 00 00 80 7F,
107,16:40:40.230,RX,64 53 1F 40 7B 27 CE 3E 00 00 00 00 74 5B 8E 3A 9A 14 A0 B9 CF 2D 10 BF EA 7E 82 BE 00 00 A0 BB 00 00 5A 3D 00 A0 91 3F 00 00 80 7F,
108,16:40:40.235,RX,8C 6D 20 40 F6 AD C5 3E 00 00 00 00 06 70 91 B9 57 92 04 38 CF 2D 10 BF EA 7E 82 BE 00 00 B0 BB 00 00 86 3D 00 C0 91 3F 00 00 80 7F,
109,16:40:40.240,RX,B3 A2 21 40 08 22 21 BD 00 00 00 00 9E B7 06 BB C3 EA 01 3A CF 2D 10 BF EA 7E 82 BE 00 00 B0 BB 00 00 52 3D 00 00 92 3F 00 00 80 7F,
110,16:40:40.247,RX,9E 8B 22 40 38 50 5B 3E 00 00 00 00 94 0E 06 BB E1 9E 17 3A CF 2D 10 BF EA 7E 82 BE 00 00 A0 BB 00 00 66 3D 00 C0 91 3F 00 00 80 7F,
111,16:40:40.250,RX,2A 53 23 40 D1 AA 3B 3E 00 00 00 00 10 FC A3 BA 74 EC CA 39 CF 2D 10 BF EA 7E 82 BE 00 00 00 BA 00 00 84 3D 00 C0 93 3F 00 00 80 7F,
112,16:40:40.256,RX,D5 46 24 40 8B 8C C8 3E 00 00 00 00 06 17 87 38 5E 51 A3 38 CF 2D 10 BF EA 7E 82 BE 00 00 B0 BB 00 00 81 3D 00 20 92 3F 00 00 80 7F,
113,16:40:40.260,RX,45 E5 24 40 25 83 29 3E 00 00 00 00 EF D5 F7 3A 04 AC BB B9 CF 2D 10 BF EA 7E 82 BE 00 00 C0 3B 00 00 7A 3D 00 D0 90 3F 00 00 80 7F,
114,16:40:40.265,RX,67 C2 25 40 6F 7A CA 3E 00 00 00 00 15 BD 0F 3B A8 66 15 BA CF 2D 10 BF EA 7E 82 BE 00 00 B0 BB 00 00 80 3D 00 F0 92 3F 00 00 80 7F,
115,16:40:40.272,RX,9C 85 26 40 60 CA A8 3D 00 00 00 00 AC 57 B7 3A 40 E8 CE B9 CF 2D 10 BF EA 7E 82 BE 00 00 00 BB 00 00 60 3D 00 F0 90 3F 00 00 80 7F,
116,16:40:40.275,RX,5E 12 27 40 4F D7 04 3F 00 00 00 00 AB 74 0B 39 20 15 E2 B8 CF 2D 10 BF EA 7E 82 BE 00 00 00 BA 00 00 6A 3D 00 30 93 3F 00 00 80 7F,
117,16:40:40.280,RX,84 EE 27 40 84 B7 80 3D 00 00 00 00 E8 E7 D6 BA FD 0A A0 39 CF 2D 10 BF EA 7E 82 BE 00 00 40 BB 00 00 66 3D 00 00 92 3F 00 00 80 7F,
118,16:40:40.285,RX,DD 96 28 40 B0 FA BE BC 00 00 00 00 AA F1 24 BB F7 28 29 3A CF 2D 10 BF EA 7E 82 BE 00 00 C0 3A 00 00 5A 3D 00 50 93 3F 00 00 80 7F,
119,16:40:40.290,RX,40 15 29 40 0C C0 A0 3E 00 00 00 00 CB C4 CD BA 4D 33 DF 39 CF 2D 10 BF EA 7E 82 BE 00 00 00 BC 00 00 80 3D 00 E0 91 3F 00 00 80 7F,
120,16:40:40.297,RX,5F BE 29 40 38 80 00 3F 00 00 00 00 62 0A AD B9 EB EA 0B 39 CF 2D 10 BF EA 7E 82 BE 00 00 40 BB 00 00 5A 3D 00 90 90 3F 00 00 80 7F,
121,16:40:40.300,RX,5B 2B 2A 40 F8 8A 32 3E 00 00 00 00 A9 BF B7 3A 56 44 92 B9 CF 2D 10 BF EA 7E 82 BE 00 00 28 BC 00 00 64 3D 00 70 92 3F 00 00 80 7F,
122,16:40:40.306,RX,CF 54 2A 40 6C D6 BB 3E 00 00 00 00 11 7C 12 3B B9 F8 21 BA CF 2D 10 BF EA 7E 82 BE 00 00 80 3A 00 00 5A 3D 00 00 91 3F 00 00 80 7F,
123,16:40:40.310,RX,94 80 2A 40 A4 65 D4 3E 00 00 00 00 6D 13 C7 3A F5 3C F0 B9 CF 2D 10 BF EA 7E 82 BE 00 00 90 BB 00 00 74 3D 00 50 90 3F 00 00 80 7F,
124,16:40:40.315,RX,B0 BF 2A 40 0C B7 39 3E 00 00 00 00 37 82 BA 39 F3 F2 4E B9 CF 2D 10 BF EA 7E 82 BE 00 00 A0 BB 00 00 60 3D 00 C0 91 3F 00 00 80 7F,
125,16:40:40.322,RX,97 A9 2A 40 60 53 89 3E 00 00 00 00 6B F6 32 3E AD F4 45 39 CF 2D 10 BF EA 7E 82 BE 00 00 A0 BB 00 00 46 3D 00 40 93 3F 00 00 80 7F,
126,16:40:40.325,RX,1E 64 2A 40 7E CE 06 3F 00 00 00 00 3D AE 25 3F 43 E1 B7 3E CF 2D 10 BF EA 7E 82 BE 00 00 80 BB 00 00 58 3D 00 C0 92 3F 00 00 80 7F,
127,16:40:40.331,RX,0F 75 29 40 F9 0C 26 3F 00 00 00 00 CA E4 9A 3F C3 55 5E 3F CF 2D 10 BF EA 7E 82 BE 00 00 90 BB 00 00 26 3D 00 10 91 3F 00 00 80 7F,
128,16:40:40.335,RX,82 A5 28 40 69 E1 1E 3F 00 00 00 00 F3 20 88 3F 86 4A 66 3F CF 2D 10 BF EA 7E 82 BE 00 00 60 3B 00 00 3E 3D 00 00 91 3F 00 00 80 7F,
129,16:40:40.340,RX,31 FD 28 40 BE BB AF 3E 00 00 00 00 60 C8 28 3F 0F C2 2D 3F CF 2D 10 BF EA 7E 82 BE 00 00 18 BC 00 00 50 3D 00 D0 90 3F 00 00 80 7F,
130,16:40:40.347,RX,7E 18 29 40 6C 78 88 3E 00 00 00 00 64 D3 E5 3E CF 9F 1F 3F CF 2D 10 BF EA 7E 82 BE 00 00 00 3B 00 00 5C 3D 00 90 94 3F 00 00 80 7F,
131,16:40:40.351,RX,61 5B 28 40 98 72 B5 3E 00 00 00 00 8B 1B 6C 3D AE 2D 1B 3F CF 2D 10 BF EA 7E 82 BE 00 00 60 3B 00 00 38 3D 00 E0 91 3F 00 00 80 7F,
132,16:40:40.355,RX,FD CF 27 40 E6 5E 83 3E 00 00 00 00 51 AA 55 BE 4C 1E 54 3E CF 2D 10 BF EA 7E 82 BE 00 00 40 BB 00 00 62 3D 00 50 93 3F 00 00 80 7F,
133,16:40:40.360,RX,F0 0E 27 40 43 B9 BC 3E 00 00 00 00 96 3B 81 BE F7 93 10 BE CF 2D 10 BF EA 7E 82 BE 00 00 40 3B 00 00 18 3D 00 60 92 3F 00 00 80 7F,
134,16:40:40.365,RX,F5 AC 26 40 AD 7E 5A 3E 00 00 00 00 1E B0 27 BE FE 96 82 BE CF 2D 10 BF EA 7E 82 BE 00 00 80 BA 00 00 64 3D 00 D0 92 3F 00 00 80 7F,
135,16:40:40.372,RX,40 55 26 40 6E 8F 8B 3E 00 00 00 00 23 18 5E BD 82 9C 47 BE CF 2D 10 BF EA 7E 82 BE 00 00 80 3A 00 00 56 3D 00 60 91 3F 00 00 80 7F,
136,16:40:40.375,RX,21 14 26 40 30 9F D7 3D 00 00 00 00 E7 5F 82 3C 83 9F A8 BD CF 2D 10 BF EA 7E 82 BE 00 00 60 BB 00 00 6C 3D 00 50 91 3F 00 00 80 7F,
137,16:40:40.381,RX,D6 5B 26 40 5E 93 95 3E 00 00 00 00 47 06 15 3D 5F 3B DB 3A CF 2D 10 BF EA 7E 82 BE 00 00 00 3B 00 00 5A 3D 00 70 91 3F 00 00 80 7F,
138,16:40:40.385,RX,74 CF 26 40 EC 22 25 3E 00 00 00 00 59 48 DE 3C DB F0 0D 3D CF 2D 10 BF EA 7E 82 BE 00 00 80 3A 00 00 56 3D 00 00 90 3F 00 00 80 7F,
139,16:40:40.390,RX,30 1A 27 40 B1 FC 8A 3E 00 00 00 00 3B 1F 2C 3C 50 14 FF 3C CF 2D 10 BF EA 7E 82 BE 00 00 90 3B 00 00 50 3D 00 50 90 3F 00 00 80 7F,
140,16:40:40.397,RX,BA 95 27 40 15 96 3F 3E 00 00 00 00 71 F9 C9 BA 2D 9E 6D 3C CF 2D 10 BF EA 7E 82 BE 00 00 60 3B 00 00 68 3D 00 60 91 3F 00 00 80 7F,
141,16:40:40.400,RX,64 34 28 40 27 05 BF 3E 00 00 00 00 3D 86 D3 BB B6 FF 29 3A CF 2D 10 BF EA 7E 82 BE 00 00 00 00 00 00 5C 3D 00 D0 90 3F 00 00 80 7F,
142,16:40:40.406,RX,80 E9 28 40 E8 5D 19 3F 00 00 00 00 4E 89 B4 BB E7 A3 B9 BB CF 2D 10 BF EA 7E 82 BE 00 00 90 BB 00 00 76 3D 00 F0 92 3F 00 00 80 7F,
143,16:40:40.410,RX,CC DA 29 40 86 97 CA 3E 00 00 00 00 29 56 B0 BA 8B 84 BB BB CF 2D 10 BF EA 7E 82 BE 00 00 00 3A 00 00 78 3D 00 90 93 3F 00 00 80 7F,
144,16:40:40.415,RX,79 9B 2A 40 B1 EB 0B 3F 00 00 00 00 0B 59 D7 3A 89 F1 47 BB CF 2D 10 BF EA 7E 82 BE 00 00 00 00 00 00 81 3D 00 C0 92 3F 00 00 80 7F,
145,16:40:40.422,RX,C6 DE 2B 40 02 C3 42 3E 00 00 00 00 43 3D 13 3B C2 8F EB B9 CF 2D 10 BF EA 7E 82 BE 00 00 80 BA 00 00 82 3D 00 90 90 3F 00 00 80 7F,
146,16:40:40.425,RX,EF 6A 2C 40 54 9C AE 3D 00 00 00 00 1F 24 8C BE D3 8A 7B 3A CF 2D 10 BF EA 7E 82 BE 00 00 60 BB 00 00 68 3D 00 70 90 3F 00 00 80 7F,
147,16:40:40.430,RX,CA 9E 2C 40 02 CB 6D 3E 00 00 00 00 4C 7A EF BE 0C D2 A5 3A CF 2D 10 BF EA 7E 82 BE 00 00 90 BB 00 00 64 3D 00 70 92 3F 00 00 80 7F,
148,16:40:40.435,RX,8B 70 2C 40 AE 28 D5 3E 00 00 00 00 07 12 88 BE E1 2F 9D 3A CF 2D 10 BF EA 7E 82 BE 00 00 00 BB 00 00 3C 3D 00 D0 8F 3F 00 00 80 7F,
149,16:40:40.440,RX,43 0A 2D 40 91 C7 1F 3F 00 00 00 00 48 9E 8E BC 49 48 62 3A CF 2D 10 BF EA 7E 82 BE 00 00 B0 BB 00 00 72 3D 00 00 91 3F 00 00 80 7F,
150,16:40:40.446,RX,90 80 2D 40 C9 CA 0D 3F 00 00 00 00 9C F7 E2 3D 09 09 C7 39 CF 2D 10 BF EA 7E 82 BE 00 00 B0 BB 00 00 66 3D 00 90 91 3F 00 00 80 7F,
151,16:40:40.450,RX,5A BE 2D 40 D4 DE DD 3E 00 00 00 00 51 A5 F1 3D 19 39 34 3E CF 2D 10 BF EA 7E 82 BE 00 00 20 BB 00 00 5A 3D 00 F0 92 3F 00 00 80 7F,
152,16:40:40.455,RX,08 BD 2D 40 5F E8 35 3F 00 00 00 00 73 33 89 3D BF 3A 26 3F CF 2D 10 BF EA 7E 82 BE 00 00 C0 BA 00 00 4C 3D 00 B0 92 3F 00 00 80 7F,
153,16:40:40.460,RX,56 A6 2D 40 34 1E 65 3F 00 00 00 00 72 4B 7D 3C 07 E8 4A 3F CF 2D 10 BF EA 7E 82 BE 00 00 C0 BB 00 00 48 3D 00 30 92 3F 00 00 80 7F,
154,16:40:40.465,RX,23 E4 2D 40 17 14 19 3F 00 00 00 00 75 5A 59 BC A6 3D 5F 3F CF 2D 10 BF EA 7E 82 BE 00 00 B0 BB 00 00 5A 3D 00 60 91 3F 00 00 80 7F,
155,16:40:40.472,RX,84 03 2E 40 70 4B C0 3E 00 00 00 00 57 BC AD 3E A6 9B 54 3F CF 2D 10 BF EA 7E 82 BE 00 00 88 BC 00 00 66 3D 00 C0 90 3F 00 00 80 7F,
156,16:40:40.475,RX,CF 06 2E 40 C9 0E E2 3E 00 00 00 00 AD 30 DF 3E 48 92 9B 3E CF 2D 10 BF EA 7E 82 BE 00 00 20 BB 00 00 5E 3D 00 F0 91 3F 00 00 80 7F,
157,16:40:40.481,RX,ED 27 2E 40 B0 DB ED 3E 00 00 00 00 DA 97 55 3E 23 91 19 BE CF 2D 10 BF EA 7E 82 BE 00 00 60 BB 00 00 4E 3D 00 B0 91 3F 00 00 80 7F,
158,16:40:40.485,RX,99 65 2E 40 04 B7 A8 3E 00 00 00 00 5C 20 9C BC 01 B8 9C BE CF 2D 10 BF EA 7E 82 BE 00 00 80 BA 00 00 72 3D 00 A0 90 3F 00 00 80 7F,
159,16:40:40.490,RX,9A 43 2F 40 0E 66 2E 3E 00 00 00 00 6C 08 F4 BD 25 9D 75 BE CF 2D 10 BF EA 7E 82 BE 00 00 C0 3B 00 00 86 3D 00 00 91 3F 00 00 80 7F,
160,16:40:40.497,RX,24 9D 2F 40 4A 27 53 3E 00 00 00 00 9B 6B DE BD 45 0E D4 BD CF 2D 10 BF EA 7E 82 BE 00 00 D0 BB 00 00 64 3D 00 00 93 3F 00 00 80 7F,
161,16:40:40.500,RX,FB 17 30 40 62 C2 8C 3E 00 00 00 00 BF 5C 5A BD A5 23 75 39 CF 2D 10 BF EA 7E 82 BE 00 00 80 BA 00 00 7A 3D 00 30 90 3F 00 00 80 7F,
162,16:40:40.505,RX,B8 DD 30 40 9A 8F D6 3E 00 00 00 00 7C B6 B9 BB 46 76 2B 3D CF 2D 10 BF EA 7E 82 BE 00 00 30 BC 00 00 52 3D 00 30 90 3F 00 00 80 7F,
163,16:40:40.510,RX,FF 25 31 40 CA 10 65 3E 00 00 00 00 6E D2 8F 3C 61 95 1D 3D CF 2D 10 BF EA 7E 82 BE 00 00 08 BC 00 00 74 3D 00 50 90 3F 00 00 80 7F,
164,16:40:40.515,RX,E7 81 31 40 47 21 16 3F 00 00 00 00 DA 70 9E 3C DB C7 93 3C CF 2D 10 BF EA 7E 82 BE 00 00 00 3B 00 00 70 3D 00 F0 90 3F 00 00 80 7F,
165,16:40:40.521,RX,17 18 32 40 FC 12 01 3F 00 00 00 00 D1 5E 2B 3C DA E9 E8 39 CF 2D 10 BF EA 7E 82 BE 00 00 00 BA 00 00 81 3D 00 B0 91 3F 00 00 80 7F,
166,16:40:40.525,RX,CA C3 32 40 70 6C C1 3E 00 00 00 00 83 7E D1 3A A9 72 EC BB CF 2D 10 BF EA 7E 82 BE 00 00 18 BC 00 00 86 3D 00 50 92 3F 00 00 80 7F,
167,16:40:40.531,RX,04 7E 33 40 76 77 16 3E 00 00 00 00 10 A7 30 BB 73 07 E7 BB CF 2D 10 BF EA 7E 82 BE 00 00 A0 BB 00 00 7A 3D 00 40 92 3F 00 00 80 7F,
168,16:40:40.536,RX,B2 36 34 40 5D 4B 98 3E 00 00 00 00 24 82 4F BB F5 E5 6C BB CF 2D 10 BF EA 7E 82 BE 00 00 00 00 00 00 87 3D 00 60 92 3F 00 00 80 7F,
169,16:40:40.540,RX,27 78 35 40 AA 26 3D 3E 00 00 00 00 3E 1F 17 BB EC 93 B3 B9 CF 2D 10 BF EA 7E 82 BE 00 00 00 3B 00 00 86 3D 00 C0 92 3F 00 00 80 7F,
170,16:40:40.547,RX,31 5D 36 40 EA E2 C8 3E 00 00 00 00 32 EC D7 BE 52 61 A9 3A CF 2D 10 BF EA 7E 82 BE 00 00 90 BB 00 00 7A 3D 00 C0 92 3F 00 00 80 7F,
171,16:40:40.550,RX,25 D8 36 40 00 1F 3E BB 00 00 00 00 85 DF D3 BE 8A AE D5 3A CF 2D 10 BF EA 7E 82 BE 00 00 80 3A 00 00 80 3D 00 40 92 3F 00 00 80 7F,
172,16:40:40.555,RX,52 C8 37 40 EB 28 A4 3E 00 00 00 00 06 9D 03 BF 6B D1 8B 3A CF 2D 10 BF EA 7E 82 BE 00 00 60 BB 00 00 8E 3D 00 B0 90 3F 00 00 80 7F,
173,16:40:40.560,RX,99 1A 38 40 FC EE 0F 3F 00 00 00 00 9C 75 C9 BE FA E9 0F 39 CF 2D 10 BF EA 7E 82 BE 00 00 40 BB 00 00 6C 3D 00 00 93 3F 00 00 80 7F,
174,16:40:40.565,RX,AD 6E 38 40 C5 12 A9 3E 00 00 00 00 93 24 AC BD 29 3C 00 BA CF 2D 10 BF EA 7E 82 BE 00 00 08 BC 00 00 66 3D 00 60 93 3F 00 00 80 7F,
175,16:40:40.572,RX,6D 26 39 40 A5 9F 08 3F 00 00 00 00 09 A3 F9 3D 84 1F 0F BA CF 2D 10 BF EA 7E 82 BE 00 00 A0 BB 00 00 8D 3D 00 00 91 3F 00 00 80 7F,
176,16:40:40.575,RX,2A 6E 39 40 58 6B 03 3F 00 00 00 00 9F 97 29 3E 53 57 DA B9 CF 2D 10 BF EA 7E 82 BE 00 00 C0 BA 00 00 66 3D 00 D0 93 3F 00 00 80 7F,
177,16:40:40.580,RX,64 4B 39 40 2F 31 AE 3E 00 00 00 00 C0 41 E2 3D D5 C4 2C B9 CF 2D 10 BF EA 7E 82 BE 00 00 20 BB 00 00 58 3D 00 10 93 3F 00 00 80 7F,
178,16:40:40.585,RX,35 3B 39 40 17 BE D6 3E 00 00 00 00 09 CF 17 3D 73 55 60 39 CF 2D 10 BF EA 7E 82 BE 00 00 A0 BB 00 00 66 3D 00 F0 90 3F 00 00 80 7F,
179,16:40:40.590,RX,0B E2 38 40 2B 6C 4A 3F 00 00 00 00 EF 5E B2 3E D9 51 26 3A CF 2D 10 BF EA 7E 82 BE 00 00 20 3B 00 00 74 3D 00 F0 93 3F 00 00 80 7F,
180,16:40:40.597,RX,DD 97 38 40 12 53 83 3E 00 00 00 00 74 EC D7 3E 68 8E 05 3A CF 2D 10 BF EA 7E 82 BE 00 00 C0 BB 00 00 56 3D 00 80 93 3F 00 00 80 7F,
181,16:40:40.600,RX,2A C5 38 40 C1 87 A3 3E 00 00 00 00 47 23 43 3E 7D F1 B7 3E CF 2D 10 BF EA 7E 82 BE 00 00 B0 BB 00 00 7E 3D 00 B0 93 3F 00 00 80 7F,
182,16:40:40.606,TX,42,
183,16:40:40.607,RX,27 A2 38 40 A0 14 D3 3C 00 00 00 00 4A CA F3 BC BD 81 E5 3E CF 2D 10 BF EA 7E 82 BE 00 00 00 BA 00 00 5C 3D 00 90 92 3F 00 00 80 7F,
184,16:40:40.610,RX,CC 9F 38 40 60 D7 A6 BC 00 00 00 00 0A 7B F7 BD 27 19 58 3E CF 2D 10 BF EA 7E 82 BE 00 00 B0 BB 00 00 68 3D 00 70 92 3F 00 00 80 7F,
185,16:40:40.615,RX,42 41 4C 41 4E 43 45 20 4F 4E 0D 0A A9 8C 38 40 9C F1 C2 BE DC A9 34 C2 E4 6C 49 40 85 D8 BA 3F 16 E7 BD BA D1 A8 6D 3A 00 00 80 3A 00 00 5E 3D 00 40 93 3F 00 00 80 7F,
186,16:40:40.623,RX,77 0B 15 40 FD 9A 60 C1 48 34 B0 C1 E8 68 9F C1 DB 08 F0 C1 90 7C 8A BF 1C 03 84 BE 00 00 11 BE 00 80 02 BE 00 F0 2D 40 00 00 80 7F,
187,16:40:40.625,RX,9A 22 12 40 E5 31 C2 C0 6F 96 86 C1 87 5F DA C1 0B 5F AD C1 4A 2D 84 BB 2C F6 20 3D 00 80 10 3F 00 60 09 BF 00 80 E3 3F 00 00 80 7F,
188,16:40:40.630,RX,CE C2 88 3F A8 37 BF C0 B8 3F 09 C1 1A 95 C7 C0 EE 5C C3 C0 4F 4A 7D BE E2 6F A4 BB 00 80 76 BE 00 40 FB 3E 00 00 46 BE 00 00 80 7F,
189,16:40:40.635,RX,B7 FE 05 C0 C4 0A E0 C0 AE ED 00 41 53 74 16 BF 90 9E 7A 3F 5E B3 80 BE 6B 15 3C BD 00 00 07 BE 00 80 1B BE 00 40 AB BE 00 00 80 7F,
190,16:40:40.641,RX,16 CF 0D C0 CA 18 F3 C0 9B 70 0F 41 2E 8B B2 40 92 36 EC 40 54 3C 30 BE 84 88 9E BC 00 00 CC 3D 00 00 AE BD 00 C0 28 3F 00 00 80 7F,
191,16:40:40.645,RX,E1 CC F2 BF C2 DA A4 C0 3C 28 EC 40 33 03 65 40 B1 6A B6 40 FD D6 59 BD D8 8A 35 3D 00 00 00 BD 00 00 D4 3D 00 90 B8 3F 00 00 80 7F,
192,16:40:40.651,RX,D5 DA C9 BF CF 20 73 C0 60 F2 AA 40 75 91 70 40 B7 07 A0 40 31 49 F4 BC 82 AE 4C 3D 00 00 48 3C 00 80 3E 3E 00 E0 72 3F 00 00 80 7F,
193,16:40:40.656,RX,32 19 A2 BF 81 88 3C C0 CB F1 54 40 C9 09 57 40 02 58 8F 40 92 8B 94 BD 09 C5 B8 3B 00 00 A8 BC 00 00 35 3E 00 20 89 3F 00 00 80 7F,
194,16:40:40.661,RX,11 07 86 BF D2 D4 1F C0 5B 16 EF 3F 58 84 0D 40 9C 76 5D 40 B5 F1 8D BD CA 23 1B BD 00 00 48 3D 00 00 CB 3D 00 60 9E 3F 00 00 80 7F,
195,16:40:40.665,RX,18 B7 5E BF 2C 00 2E C0 E0 AD 50 3F 17 01 22 40 80 2D 12 40 8F F1 09 BE 76 6D 91 BD 00 00 A0 3C 00 00 9A 3D 00 E0 86 3F 00 00 80 7F,
196,16:40:40.673,RX,BE 52 3F BF DD 3C 40 C0 A0 1B 97 3E 64 AC FA 3F 2D CA A5 3F 6D F5 2B BE AF 3F 98 BD 00 00 C0 3B 00 00 38 3D 00 30 93 3F 00 00 80 7F,
197,16:40:40.675,RX,0E 62 31 BF FF C1 5B C0 B0 99 1F 3E 56 89 A6 3F 73 22 1D 3F D4 F3 31 BE 40 D5 8F BD 00 00 90 3B 00 00 98 3C 00 D0 97 3F 00 00 80 7F,
198,16:40:40.681,RX,CA 43 2A BF F9 AD 86 C0 B8 58 88 3E 29 F7 82 3F A5 57 84 3E 5A 80 3A BE E1 B5 6A BD 00 00 20 3C 00 00 A0 BB 00 40 92 3F 00 00 80 7F,
199,16:40:40.685,RX,E1 18 1C BF CB 13 85 C0 24 18 07 3E B0 2B 0F 3F 3E F2 A1 3D 0D 28 33 BE FB A3 50 BD 00 00 10 BC 00 00 B4 3C 00 E0 98 3F 00 00 80 7F,
200,16:40:40.690,RX,42 11 12 BF 2D 06 87 C0 70 44 BE 3D B1 27 0A 3E 36 67 DE BE 44 30 24 BE 3C 9E DA BC 00 00 60 BC 00 00 D0 3C 00 C0 94 3F 00 00 80 7F,
201,16:40:40.697,RX,86 75 05 BF 47 11 7D C0 50 66 EF BD 5C 1E 93 3B FE 13 28 BF 46 0E 25 BE 13 CF 1F BB 00 00 40 BB 00 00 D4 3C 00 50 88 3F 00 00 80 7F,
202,16:40:40.700,RX,9F 64 E5 BE 4B 93 87 C0 08 E1 FD BE C5 3E 12 BF BF 1E 07 BF 1E E0 24 BE 33 90 60 BC 00 00 50 BC 00 00 B8 3C 00 70 91 3F 00 00 80 7F,
203,16:40:40.706,RX,61 0F C1 BE 14 0B 54 C0 10 83 8A BF 24 7B A3 BF 6C AA 28 BF 64 1D 10 BE 9D 9D CC BC 00 00 90 BC 00 00 66 3D 00 20 93 3F 00 00 80 7F,
204,16:40:40.710,RX,50 F9 9C BE 5D FB 48 C0 72 7C CB BF F3 BD 9F BF 25 AD 88 BF 61 EB 1E BE 8F 11 1B BD 00 00 D0 3B 00 00 26 3D 00 B0 91 3F 00 00 80 7F,
205,16:40:40.715,RX,1C FC 79 BE 75 F8 34 C0 39 D6 03 C0 AF C1 E1 BF A9 6B B7 BF AA 35 22 BE 33 2A 50 BD 00 00 60 3B 00 00 2C 3D 00 80 92 3F 00 00 80 7F,
206,16:40:40.722,RX,34 D1 3E BE 06 88 33 C0 F6 D1 1C C0 B8 AD 02 C0 5B 28 EE BF 78 16 2C BE A8 C5 80 BD 00 00 90 3B 00 00 80 3C 00 00 8F 3F 00 00 80 7F,
207,16:40:40.725,RX,5F E7 02 BE DC E8 36 C0 01 D6 31 C0 6A 60 12 C0 BB 99 08 C0 37 51 34 BE DC D7 9C BD 00 00 38 BC 00 00 12 3D 00 90 94 3F 00 00 80 7F,
208,16:40:40.730,RX,B8 5F B2 BD A9 7B 46 C0 BF AF 39 C0 47 62 2B C0 AC 28 16 C0 9C 0C 35 BE 87 02 B4 BD 00 00 48 BC 00 00 94 3C 00 40 9C 3F 00 00 80 7F,
209,16:40:40.735,RX,74 8B 5E BD 4D BF 5A C0 03 9D 45 C0 91 CD 2F C0 7E 36 3E C0 79 E1 3E BE 3E B3 B5 BD 00 00 90 BB 00 00 D0 3C 00 50 91 3F 00 00 80 7F,
210,16:40:40.740,RX,B5 55 A5 BC 3A 51 32 C0 4A F3 53 C0 D5 28 43 C0 24 F6 48 C0 BA FC 3D BE 14 01 B4 BD 00 00 18 3C 00 00 04 3D 00 E0 8B 3F 00 00 80 7F,
211,16:40:40.746,RX,C3 CC 99 3C B0 59 48 C0 76 D3 5A C0 D6 5A 50 C0 7F 7F 49 C0 13 6C 3B BE C2 25 BC BD 00 00 70 BC 00 00 26 3D 00 80 95 3F 00 00 80 7F,
212,16:40:40.750,RX,9C B6 34 3D D7 89 3A C0 82 92 64 C0 0D 07 67 C0 33 1A 60 C0 3C CC 2F BE 79 52 A8 BD 00 00 98 BC 00 00 28 3D 00 D0 96 3F 00 00 80 7F,
213,16:40:40.755,RX,D9 D5 BB 3D 6A CB 42 C0 81 43 77 C0 96 66 6D C0 A3 E6 66 C0 F4 5D 36 BE 12 71 BF BD 00 00 C0 3B 00 00 64 3D 00 60 93 3F 00 00 80 7F,
214,16:40:40.760,RX,B8 DC 06 3E EC 58 33 C0 72 75 84 C0 30 8D 85 C0 46 8A 74 C0 B2 99 30 BE 59 FB CF BD 00 00 18 BC 00 00 20 3D 00 C0 94 3F 00 00 80 7F,
215,16:40:40.765,RX,1E 08 34 3E D1 C5 40 C0 84 17 8A C0 27 B7 88 C0 50 05 80 C0 0B 3F 29 BE CF F9 D9 BD 00 00 CC BC 00 00 1C 3D 00 A0 95 3F 00 00 80 7F,
216,16:40:40.772,RX,B6 18 5B 3E E5 B7 3D C0 38 FF 91 C0 5B C4 90 C0 84 3A 86 C0 66 01 2B BE 7A 5B F9 BD 00 00 C0 3A 00 00 E4 3C 00 C0 94 3F 00 00 80 7F,
217,16:40:40.775,RX,A6 73 8B 3E A8 40 2B C0 9C 92 9D C0 F9 65 99 C0 2F 61 8E C0 AA 39 26 BE 03 9D 01 BE 00 00 70 BC 00 00 6E 3D 00 E0 94 3F 00 00 80 7F,
218,16:40:40.781,RX,03 01 A0 3E 84 18 D5 BF 6D 8F A6 C0 CC 16 A0 C0 C1 30 99 C0 10 A8 25 BE 36 40 09 BE 00 00 00 BA 00 00 98 3C 00 10 92 3F 00 00 80 7F,
219,16:40:40.785,RX,42 9E B6 3E 3F DA 16 C0 D2 8A AB C0 8F 79 AB C0 4B 71 9E C0 A3 8A 14 BE 63 1D 14 BE 00 00 40 BC 00 00 A8 3C 00 D0 99 3F 00 00 80 7F,
220,16:40:40.790,RX,29 C0 CA 3E 10 86 32 C0 E7 44 B2 C0 BB C9 AE C0 D3 BF A5 C0 D7 E8 1A BE BC 22 1E BE 00 00 90 BB 00 00 14 3D 00 10 8E 3F 00 00 80 7F,
221,16:40:40.796,RX,0E BA EA 3E 81 39 1E C0 94 76 BC C0 95 4C BC C0 D9 FC A9 C0 25 35 04 BE A2 DA 2A BE 00 00 00 00 00 00 A1 3D 00 40 9C 3F 00 00 80 7F,
222,16:40:40.800,RX,90 3C 03 3F D4 47 2C C0 BD 9C C2 C0 13 2D BB C0 74 9F B7 C0 33 EA 02 BE A8 BA 23 BE 00 00 E0 BB 00 00 9A 3D 00 00 93 3F 00 00 80 7F,
223,16:40:40.805,RX,DF B8 19 3F 70 E5 5F C0 29 EF CD C0 DF 98 C9 C0 E1 5A C7 C0 AE E6 08 BE F8 55 35 BE 00 00 A4 BC 00 00 42 3D 00 30 A0 3F 00 00 80 7F,
224,16:40:40.810,RX,0C BC 2D 3F E9 9F 34 C0 4E 33 DB C0 B0 6F D3 C0 17 69 D0 C0 1D 4D FB BD 90 AA 38 BE 00 00 F0 3B 00 00 42 3D 00 D0 83 3F 00 00 80 7F,
225,16:40:40.815,RX,E0 B7 3C 3F EC 08 30 C0 47 3D E1 C0 EF FE D3 C0 6C 4B D8 C0 E7 7C F4 BD 5C D3 34 BE 00 00 00 BA 00 00 AD 3D 00 80 99 3F 00 00 80 7F,
226,16:40:40.822,RX,80 16 44 3F A0 63 70 C0 D2 F0 E0 C0 58 12 DC C0 BF 7F E0 C0 5D 8E DA BD 1A D7 30 BE 00 00 80 3C 00 00 1E 3D 00 A0 98 3F 00 00 80 7F,
227,16:40:40.825,RX,BB E4 54 3F 0F BE 41 C0 DC 1A EF C0 75 B8 D6 C0 BE 2F E3 C0 14 C0 0B BE 97 F7 40 BE 00 00 AC 3C 00 00 66 3D 00 50 8D 3F 00 00 80 7F,
228,16:40:40.830,RX,8C 32 55 3F 68 ED 47 C0 96 62 EC C0 E3 D0 D9 C0 01 8E EE C0 F7 7F 00 BE 19 AE 28 BE 00 00 80 BB 00 00 93 3D 00 30 90 3F 00 00 80 7F,
229,16:40:40.835,RX,40 D0 59 3F A4 9F 63 C0 27 29 ED C0 20 F0 E0 C0 9C 9C EC C0 54 01 F9 BD E3 19 2D BE 00 00 68 BC 00 00 1A 3D 00 F0 99 3F 00 00 80 7F,
230,16:40:40.840,RX,4C BE 58 3F F4 62 69 C0 62 08 ED C0 6D AA E0 C0 72 09 F4 C0 EC CB 03 BE C0 C9 23 BE 00 00 78 3C 00 00 48 BC 00 F0 8B 3F 00 00 80 7F,
231,16:40:40.847,RX,E4 50 5B 3F E2 CC 47 C0 38 83 F0 C0 28 E4 DB C0 09 67 EA C0 CD 6A 0D BE 94 4A 2A BE 00 00 00 BB 00 00 14 3D 00 B0 8F 3F 00 00 80 7F,
232,16:40:40.850,RX,F6 36 54 3F 46 75 3F C0 71 4B EB C0 E9 70 DC C0 4E F1 E8 C0 13 4B 09 BE BD A3 21 BE 00 00 78 BC 00 00 26 3D 00 40 9A 3F 00 00 80 7F,
233,16:40:40.856,RX,67 48 3E 3F 15 E7 4C C0 77 9C DE C0 2B B5 D9 C0 0B 7D E9 C0 AF 22 F9 BD B5 D3 09 BE 00 00 B0 3B 00 00 D0 BC 00 D0 85 3F 00 00 80 7F,
234,16:40:40.860,RX,A4 51 40 3F 50 75 6F C0 31 58 E0 C0 C2 D3 D4 C0 65 BF DE C0 D8 80 1A BE CA F7 1C BE 00 00 9C 3C 00 00 1E BD 00 D0 8B 3F 00 00 80 7F,
235,16:40:40.865,RX,49 70 30 3F BC 56 3A C0 26 73 D7 C0 C2 62 CB C0 12 CB D7 C0 DD 62 FF BD 21 6E 01 BE 00 00 48 BC 00 00 44 3D 00 B0 8B 3F 00 00 80 7F,
236,16:40:40.872,RX,5D 8E 21 3F 42 0F 3F C0 37 61 CE C0 EC AB CA C0 80 07 D2 C0 D0 CB F6 BD 4A D7 F9 BD 00 00 B4 BC 00 00 C0 3A 00 30 9E 3F 00 00 80 7F,
237,16:40:40.875,RX,1C AE 18 3F 20 6F 40 C0 A4 43 CD C0 FB 7B CC C0 35 6A CE C0 35 8B FE BD 22 DB F5 BD 00 00 00 3A 00 00 0E BD 00 50 87 3F 00 00 80 7F,
238,16:40:40.882,RX,41 E4 1D 3F F9 08 13 C0 8E B8 D4 C0 29 50 C4 C0 9D 97 C7 C0 9A 14 06 BE 57 22 01 BE 00 00 A8 3C 00 00 1C 3D 00 80 8B 3F 00 00 80 7F,
239,16:40:40.885,RX,F7 31 0F 3F 11 F7 14 C0 DA FB CB C0 5C F1 C4 C0 66 D9 C4 C0 A1 3C EB BD 23 A1 D3 BD 00 00 F0 BC 00 00 42 3D 00 E0 92 3F 00 00 80 7F,
240,16:40:40.890,RX,BA E7 0A 3F CA 55 3D C0 E4 05 C8 C0 CD 74 C9 C0 FF EE C0 C0 D4 B4 D9 BD 73 DD E8 BD 00 00 E0 BB 00 00 98 BC 00 40 97 3F 00 00 80 7F,
241,16:40:40.898,RX,E1 C3 07 3F 98 7D 25 C0 7A 54 CA C0 61 00 C8 C0 8B 10 BF C0 F3 FC DB BD FA 6D EA BD 00 00 B0 BB 00 00 C0 3B 00 10 8E 3F 00 00 80 7F,
242,16:40:40.900,RX,A7 81 03 3F 78 B1 08 C0 06 88 CA C0 6D 2E BD C0 CD 1E BA C0 64 35 D4 BD E9 39 F4 BD 00 00 10 3C 00 00 14 3D 00 20 99 3F 00 00 80 7F,
243,16:40:40.907,RX,5F 51 DA 3E BC AF 14 C0 1C B5 BA C0 30 A5 BF C0 67 25 B9 C0 15 CC A7 BD 36 2A C4 BD 00 00 32 BD 00 00 18 BC 00 50 90 3F 00 00 80 7F,
244,16:40:40.910,RX,D1 72 DA 3E 88 23 17 C0 06 68 BC C0 E7 CB BF C0 46 0D B7 C0 01 DD A7 BD 93 71 D0 BD 00 00 C0 BA 00 00 BC BC 00 70 90 3F 00 00 80 7F,
245,16:40:40.915,RX,9E 76 ED 3E B1 15 0D C0 64 6E C3 C0 F5 A5 B7 C0 42 72 B4 C0 B5 70 A5 BD 72 F4 DA BD 00 00 B0 3B 00 00 66 3D 00 E0 8D 3F 00 00 80 7F,
246,16:40:40.922,RX,1C 7C E1 3E FC 5A 17 C0 B6 27 BD C0 EF 27 BA C0 CC 2F B6 C0 5D BC 7B BD 39 C6 B6 BD 00 00 A8 BC 00 00 5C 3D 00 C0 97 3F 00 00 80 7F,
247,16:40:40.925,RX,1C DA E3 3E A2 82 25 C0 54 4F BC C0 06 85 BD C0 B4 95 B9 C0 8E 1E 4C BD E1 23 A4 BD 00 00 B0 BC 00 00 18 3C 00 00 91 3F 00 00 80 7F,
248,16:40:40.932,RX,FE C3 F7 3E 43 D2 28 C0 40 A7 C1 C0 A1 BA B9 C0 54 53 BB C0 A2 71 61 BD A0 B2 A0 BD 00 00 38 3C 00 00 20 3C 00 00 8C 3F 00 00 80 7F,
249,16:40:40.935,RX,76 AF 00 3F 8A 32 22 C0 40 04 C5 C0 7D F9 BE C0 66 66 BB C0 A7 14 39 BD 10 2D 9B BD 00 00 B0 BB 00 00 28 3C 00 80 8F 3F 00 00 80 7F,
250,16:40:40.941,RX,D8 48 0C 3F A6 A1 1B C0 85 F7 CA C0 20 17 C0 C0 06 A1 BE C0 80 74 52 BD E7 3C B0 BD 00 00 10 BC 00 00 78 BC 00 D0 97 3F 00 00 80 7F,
251,16:40:40.947,RX,72 0F 10 3F 58 C0 2B C0 36 96 CC C0 7C 09 BE C0 03 19 C0 C0 CA 2E 30 BD B2 8B 8D BD 00 00 90 3B 00 00 6A 3D 00 60 86 3F 00 00 80 7F,
252,16:40:40.950,RX,C2 6D 1E 3F 52 1D 12 C0 6E 3A D5 C0 56 99 C2 C0 D6 52 C7 C0 53 C5 2F BD 24 14 90 BD 00 00 A0 BB 00 00 7A 3D 00 10 99 3F 00 00 80 7F,
253,16:40:40.956,RX,AA 55 22 3F 9C 12 25 C0 E8 58 D6 C0 40 6F C5 C0 BF B7 C4 C0 8B 0C 40 BD 56 96 9E BD 00 00 80 3C 00 00 98 3C 00 B0 8C 3F 00 00 80 7F,
254,16:40:40.960,RX,E0 B3 26 3F 3D CF 38 C0 D7 AC D7 C0 98 E9 C7 C0 88 00 C9 C0 30 9C 3C BD 7B 9B A4 BD 00 00 58 BC 00 00 58 3C 00 F0 95 3F 00 00 80 7F,
255,16:40:40.965,RX,BA 20 29 3F 77 0A 29 C0 5F 84 D8 C0 BD B6 C4 C0 B8 4A CB C0 C1 6B 49 BD 77 AF 9B BD 00 00 90 3B 00 00 A4 3C 00 90 90 3F 00 00 80 7F,
256,16:40:40.972,RX,30 BC 29 3F 0A 65 2C C0 C8 39 D7 C0 75 45 C8 C0 2C B5 CC C0 AC CF 42 BD 15 8E 93 BD 00 00 20 BB 00 00 8C 3C 00 E0 97 3F 00 00 80 7F,
257,16:40:40.975,RX,24 9A 23 3F A2 0F 34 C0 2B B9 D3 C0 3A 6B C1 C0 06 22 C8 C0 21 42 53 BD 8F D6 8F BD 00 00 00 3A 00 00 38 BC 00 50 8C 3F 00 00 80 7F,
258,16:40:40.981,RX,AB 48 1D 3F 5D FB 35 C0 A1 EF D0 C0 80 5C BB C0 0D A0 BF C0 87 AE 8A BD A7 03 B4 BD 00 00 EC BC 00 00 C0 BA 00 50 8F 3F 00 00 80 7F,
259,16:40:40.985,RX,87 4C 15 3F 09 18 1D C0 4B 42 CC C0 D7 30 BD C0 A8 7E BF C0 56 BD 77 BD F2 58 A3 BD 00 00 10 3C 00 00 E0 BB 00 B0 96 3F 00 00 80 7F,
260,16:40:40.990,RX,3E 3B 0B 3F 0A 7D 43 C0 1A 25 C6 C0 B7 6C B9 C0 45 C3 B6 C0 B8 8B 8C BD 1A 8B B5 BD 00 00 50 BC 00 00 C0 BB 00 F0 8E 3F 00 00 80 7F,
261,16:40:40.997,RX,54 75 02 3F C1 3D 46 C0 46 13 C0 C0 5D D6 B2 C0 72 14 B5 C0 11 AC 8C BD FB F3 B3 BD 00 00 C0 BC 00 00 50 3C 00 C0 97 3F 00 00 80 7F,
262,16:40:41.000,RX,CA AF F1 3E AC 3D 37 C0 2F 06 BB C0 B1 71 AF C0 25 4C B0 C0 E3 45 8B BD 90 FF B8 BD 00 00 00 00 00 00 30 3C 00 10 97 3F 00 00 80 7F,
263,16:40:41.006,RX,0E D4 DD 3E 3A 5F 26 C0 4E 29 B5 C0 AF 59 AC C0 A8 85 A7 C0 7C 04 92 BD 33 61 C1 BD 00 00 C0 BC 00 00 58 3C 00 20 93 3F 00 00 80 7F,
264,16:40:41.010,RX,48 EF CB 3E F5 11 1B C0 42 69 B0 C0 F2 7E AA C0 B9 DA A4 C0 0E 5F 83 BD E8 E7 BF BD 00 00 40 BC 00 00 C0 BB 00 10 91 3F 00 00 80 7F,
265,16:40:41.015,RX,A8 24 B0 3E 72 24 0C C0 F1 82 A9 C0 9B 95 9F C0 CD B6 9C C0 50 81 94 BD D4 16 CF BD 00 00 80 BA 00 00 0E BD 00 10 8E 3F 00 00 80 7F,
266,16:40:41.020,RX,3B 76 8A 3E F4 E2 28 C0 92 11 9D C0 DE CA 98 C0 14 EB 96 C0 94 A8 93 BD CA 90 D7 BD 00 00 80 3A 00 00 78 BD 00 A0 8C 3F 00 00 80 7F,
267,16:40:41.025,RX,40 21 55 3E D2 AE 2E C0 2C 24 93 C0 EB 5E 90 C0 5D FA 8E C0 F6 C6 87 BD D5 EC D4 BD 00 00 8C 3C 00 00 2C BD 00 70 8E 3F 00 00 80 7F,
268,16:40:41.030,RX,82 CD 1A 3E 52 02 0D C0 AB 95 8C C0 F1 7A 8A C0 47 62 8A C0 49 DB 83 BD 33 21 CD BD 00 00 40 BB 00 00 2E BD 00 D0 8D 3F 00 00 80 7F,
269,16:40:41.035,RX,CC 93 00 3E 6E 7A 28 C0 D0 C6 86 C0 51 B7 7E C0 83 D6 86 C0 8C 4D 8A BD 85 86 BC BD 00 00 B0 BB 00 00 80 BC 00 A0 90 3F 00 00 80 7F,
270,16:40:41.040,RX,D7 F1 FA 3D BC 46 20 C0 44 2A 86 C0 86 69 7F C0 1A D3 7F C0 68 90 86 BD 91 72 BD BD 00 00 80 3B 00 00 80 3C 00 D0 96 3F 00 00 80 7F,
271,16:40:41.045,RX,C5 B4 F6 3D 76 4C 31 C0 1B 9F 83 C0 5E D6 84 C0 52 59 82 C0 C3 00 6E BD E8 C0 B8 BD 00 00 C8 BC 00 00 A4 3C 00 50 97 3F 00 00 80 7F,
272,16:40:41.050,RX,4A 61 06 3E 72 EF 22 C0 11 46 85 C0 CC EF 83 C0 99 32 83 C0 5E C5 47 BD B6 E7 9F BD 00 00 70 3C 00 00 B8 3C 00 F0 8D 3F 00 00 80 7F,
273,16:40:41.055,RX,5B 82 BB 3D DE 0E 2B C0 66 4B 7D C0 DC AB 7C C0 F9 64 6B C0 9C 1F 4E BD D8 F0 BE BD 00 00 30 BC 00 00 F8 BC 00 90 8A 3F 00 00 80 7F,
274,16:40:41.060,RX,7E 10 78 3D 9A 46 27 C0 4A B7 76 C0 2C 81 6A C0 7E A4 6A C0 6E A8 56 BD 38 EE B8 BD 00 00 00 3A 00 00 24 BD 00 20 8A 3F 00 00 80 7F,
275,16:40:41.065,RX,34 CE 9E 3C 1A 81 34 C0 84 73 6A C0 48 52 60 C0 D8 B2 62 C0 DF 61 64 BD 7B 3F C0 BD 00 00 F4 BC 00 00 7E BD 00 C0 8D 3F 00 00 80 7F,
276,16:40:41.072,RX,C6 9D 9C BB FA 0B 1C C0 84 6B 61 C0 8B 48 5A C0 54 BB 5C C0 8A 1C 4A BD 0D 1C AC BD 00 00 F0 BB 00 00 02 BD 00 20 95 3F 00 00 80 7F,
277,16:40:41.075,RX,60 3A B4 BC 00 EF 42 C0 48 8D 58 C0 C8 0B 53 C0 D4 EF 52 C0 2A 27 36 BD 89 EC A9 BD 00 00 78 3C 00 00 00 3A 00 60 94 3F 00 00 80 7F,
278,16:40:41.080,RX,11 66 44 BD E4 56 36 C0 06 9B 50 C0 F9 3C 4B C0 EF D5 44 C0 10 B4 33 BD 95 84 B9 BD 00 00 00 00 00 00 48 BC 00 90 96 3F 00 00 80 7F,
279,16:40:41.085,RX,A7 C8 DC BD BF CB 27 C0 48 56 3C C0 A4 22 3E C0 A9 88 39 C0 E8 3E 09 BD D3 02 AB BD 00 00 A0 BB 00 00 08 BD 00 B0 90 3F 00 00 80 7F,
280,16:40:41.090,RX,61 5C 20 BE F4 2F 31 C0 FA 98 2B C0 41 33 2C C0 33 B8 27 C0 11 34 09 BD 30 DD A7 BD 00 00 80 BB 00 00 14 BD 00 F0 8A 3F 00 00 80 7F,
281,16:40:41.097,RX,79 ED 4A BE BA 36 1C C0 7C 3F 22 C0 BE DE 21 C0 FC 67 23 C0 3D 20 B7 BC 32 B6 95 BD 00 00 60 3B 00 00 20 BD 00 A0 8D 3F 00 00 80 7F,
282,16:40:41.100,RX,90 59 69 BE EC 24 1E C0 58 CB 19 C0 15 A3 0E C0 B6 90 0B C0 C3 32 E3 BC FB 4F A5 BD 00 00 E0 3B 00 00 18 BC 00 80 91 3F 00 00 80 7F,
283,16:40:41.105,RX,E8 99 84 BE 46 AD 36 C0 1B 6A 0F C0 01 3B 0D C0 4A 1C 0B C0 6A CE BB BC 87 52 9B BD 00 00 28 3C 00 00 30 BC 00 B0 95 3F 00 00 80 7F,
284,16:40:41.110,RX,17 D1 8F BE 70 8E 34 C0 22 FE 09 C0 DB 29 08 C0 AC F4 FA BF 14 73 9D BC B0 11 A9 BD 00 00 28 BC 00 00 90 3B 00 70 99 3F 00 00 80 7F,
285,16:40:41.115,RX,99 A5 9A BE 76 50 1E C0 EB 34 04 C0 6E 5B E6 BF 68 1A F4 BF BA 9A AC BC 49 35 A7 BD 00 00 B0 BB 00 00 80 3B 00 50 8B 3F 00 00 80 7F,
286,16:40:41.122,RX,95 B4 A3 BE 23 E0 2B C0 83 90 F8 BF 29 81 D3 BF D8 49 EB BF 16 29 F4 BC 76 30 AC BD 00 00 D0 BB 00 00 B0 BC 00 F0 94 3F 00 00 80 7F,
287,16:40:41.125,RX,54 43 A6 BE 09 45 25 C0 49 CB F3 BF D7 04 F0 BF 8F FC E4 BF D2 EB A3 BC 47 1F A4 BD 00 00 80 3A 00 00 10 3C 00 F0 94 3F 00 00 80 7F,
288,16:40:41.132,RX,78 01 AC BE FD F1 3E C0 B0 89 E9 BF 92 CF DF BF 62 D5 E3 BF 06 7B 90 BC 77 91 A8 BD 00 00 28 3C 00 00 D0 BC 00 B0 90 3F 00 00 80 7F,
289,16:40:41.135,RX,75 6E B6 BE FC 63 2E C0 D0 3C D9 BF B1 32 BB BF 8C 87 BD BF 6A 77 D2 BC 5B 88 AD BD 00 00 48 3C 00 00 88 BC 00 A0 8A 3F 00 00 80 7F,
290,16:40:41.140,RX,1A 31 BB BE 6A F3 2F C0 BA 08 D4 BF DA 19 C4 BF 81 8E C3 BF 82 D2 BA BC 68 EF AE BD 00 00 68 BC 00 00 50 BC 00 90 97 3F 00 00 80 7F,
291,16:40:41.147,RX,93 3D C9 BE 74 97 44 C0 C6 AA B9 BF D7 A8 B2 BF 46 C7 B3 BF B2 C7 AF BC 76 48 A9 BD 00 00 10 BC 00 00 02 BD 00 40 8F 3F 00 00 80 7F,
292,16:40:41.150,RX,B4 0F D8 BE D8 92 4F C0 DF 25 A1 BF 05 C6 8D BF A2 39 A0 BF 77 86 BB BC 38 3B A6 BD 00 00 B0 3B 00 00 AC BC 00 80 8F 3F 00 00 80 7F,
293,16:40:41.155,RX,60 B6 E7 BE 75 A4 33 C0 B4 4C 90 BF 1A 68 87 BF B5 86 8A BF 2C 84 A0 BC 88 67 9F BD 00 00 60 BC 00 00 9C BC 00 30 94 3F 00 00 80 7F,
294,16:40:41.160,RX,2A 0B F6 BE D8 D9 44 C0 A9 05 6E BF 58 85 7D BF 4D E6 67 BF 4A A5 6C BC 8D F7 A6 BD 00 00 28 BC 00 00 02 BD 00 E0 94 3F 00 00 80 7F,
295,16:40:41.165,RX,00 18 09 BF EA 26 3D C0 5E B2 31 BF 44 86 2F BF 5B 8E 43 BF 69 C9 94 BC 84 CD 94 BD 00 00 60 3B 00 00 16 BD 00 A0 87 3F 00 00 80 7F,
296,16:40:41.170,RX,10 F4 13 BF 1C 59 47 C0 98 72 ED BE DD E4 01 BF 9C 47 EF BE 36 12 46 BC 6B 96 98 BD 00 00 D0 BB 00 00 20 BB 00 C0 95 3F 00 00 80 7F,
297,16:40:41.175,RX,C7 A7 1C BF 9C 9A 42 C0 96 6D 85 BE AD A2 1E BE 4D 35 A1 BE E9 34 91 BC AB FB 8D BD 00 00 00 BC 00 00 08 BC 00 50 8E 3F 00 00 80 7F,
298,16:40:41.182,RX,3A A9 21 BF 34 18 3D C0 20 D6 24 BE C4 45 6F BE 10 E9 3E BE 03 B5 37 BC 63 B9 99 BD 00 00 20 BC 00 00 08 BC 00 C0 9F 3F 00 00 80 7F,
299,16:40:41.185,RX,D0 24 2C BF 65 C9 55 C0 20 D5 85 3D 2D C1 45 3D 18 0E E1 BC 00 91 64 BC 28 17 8C BD 00 00 20 BC 00 00 CC BC 00 60 88 3F 00 00 80 7F,
300,16:40:41.190,RX,5D 0C 36 BF 70 55 44 C0 74 52 53 3E D1 89 54 3E DE A4 68 3E 9B D9 7B BC 61 7A 9A BD 00 00 90 BC 00 00 88 BC 00 60 9A 3F 00 00 80 7F,
301,16:40:41.197,RX,15 88 43 BF AC FA 4B C0 86 E3 F8 3E F0 72 C8 3E 9D 73 81 3E A9 CE 2E BC DC 8F 71 BD 00 00 B0 BB 00 00 3E BD 00 C0 85 3F 00 00 80 7F,
302,16:40:41.200,RX,B1 0F 4E BF 18 49 4E C0 19 7B 29 3F 0B CB 11 3F 75 51 19 3F AB 60 18 BC 7D 46 85 BD 00 00 80 BB 00 00 E0 BC 00 B0 95 3F 00 00 80 7F,
303,16:40:41.206,RX,27 0F 60 BF AE 61 22 C0 AD BD 6C 3F 75 E5 42 3F 71 0C 41 3F 00 00 00 00 74 25 60 BD 00 00 F0 BB 00 00 3E BD 00 50 8B 3F 00 00 80 7F,
304,16:40:41.210,RX,90 D2 6C BF CC 9E 25 C0 C6 F4 8B 3F 55 5C 8B 3F 50 A5 90 3F D1 22 B3 3A B1 8E 71 BD 00 00 20 BC 00 00 90 BC 00 B0 98 3F 00 00 80 7F,
305,16:40:41.215,RX,56 07 7C BF 3A 44 25 C0 F3 C8 B1 3F 72 34 CE 3F FD BF B7 3F 4E E3 7B BC 78 FB 69 BD 00 00 94 BC 00 00 58 BC 00 50 8D 3F 00 00 80 7F,
306,16:40:41.222,RX,B2 01 82 BF B8 24 40 C0 6F E2 CE 3F 17 9A CE 3F 58 B3 C9 3F A5 EE 45 BC F1 EC 79 BD 00 00 D0 BB 00 00 CC BC 00 D0 9D 3F 00 00 80 7F,
307,16:40:41.225,RX,A1 BE 89 BF 0B 27 44 C0 5F FD FC 3F 03 C3 D5 3F 91 97 D8 3F 4B 93 73 BB D7 B8 4B BD 00 00 E0 3B 00 00 98 BD 00 30 86 3F 00 00 80 7F,
308,16:40:41.230,RX,50 95 91 BF 6B FF 27 C0 40 5A 11 40 A9 EE FE 3F BB B6 F6 3F 59 F8 A8 3B 4D 9F 23 BD 00 00 00 BB 00 00 9C BD 00 F0 8D 3F 00 00 80 7F,
309,16:40:41.235,RX,2E 8D 99 BF 1E 60 3B C0 B2 12 23 40 4F 60 0C 40 35 6C 0E 40 54 07 D5 3B 5D 9F 23 BD 00 00 80 BA 00 00 76 BD 00 30 8C 3F 00 00 80 7F,
310,16:40:41.240,RX,4C 34 9F BF 80 C3 0B C0 F8 3D 2C 40 DB DD 2E 40 B7 DC 2B 40 46 9D 20 3C A2 41 21 BD 00 00 00 BC 00 00 D0 BC 00 80 8A 3F 00 00 80 7F,
311,16:40:41.245,RX,DD 69 A8 BF EE 6F 14 C0 F6 F2 3C 40 6F 66 39 40 2E AF 36 40 63 37 1C 3B EE 70 1D BD 00 00 F0 BB 00 00 66 BD 00 10 95 3F 00 00 80 7F,
312,16:40:41.250,RX,D5 F6 AB BF 0C 07 F7 BF 9D CB 3F 40 E7 F4 3B 40 5D 9E 44 40 2C 9E 20 3C 75 C2 29 BD 00 00 B0 BB 00 00 28 BC 00 C0 97 3F 00 00 80 7F,
313,16:40:41.256,RX,D9 97 B7 BF D0 96 EC BF 26 50 5A 40 D2 CB 4F 40 F4 2E 48 40 D5 61 54 3C A4 10 CA BC 00 00 60 BB 00 00 93 BD 00 50 8C 3F 00 00 80 7F,
314,16:40:41.260,RX,54 E1 BE BF 85 D5 ED BF 32 A6 6A 40 AE 9C 66 40 5E B2 64 40 87 59 75 3C AB 8F D6 BC 00 00 40 BB 00 00 1E BD 00 70 90 3F 00 00 80 7F,
315,16:40:41.265,RX,39 A4 C4 BF EC F2 C9 BF 1C 27 75 40 55 AE 60 40 F4 11 62 40 42 21 6C 3C DD 29 BB BC 00 00 D0 BC 00 00 B5 BD 00 C0 92 3F 00 00 80 7F,
316,16:40:41.272,RX,00 39 C7 BF D8 FE ED BF 76 1A 79 40 97 C9 6D 40 18 1A 73 40 5C 7B 6F 3C 95 3F 04 BD 00 00 00 3C 00 00 62 BD 00 E0 91 3F 00 00 80 7F,
317,16:40:41.275,RX,87 0C D1 BF DA AA DD BF 53 A5 85 40 3B 3B 7D 40 B3 D5 7D 40 94 BD DB 3C CB F4 81 BC 00 00 00 BB 00 00 22 BD 00 D0 86 3F 00 00 80 7F,
318,16:40:41.281,RX,07 47 D8 BF 97 53 B2 BF 42 BC 8D 40 B2 18 88 40 50 84 85 40 0D C3 A9 3C DF D4 90 BC 00 00 A4 BC 00 00 B7 BD 00 10 95 3F 00 00 80 7F,
319,16:40:41.285,RX,57 A1 DB BF A8 3A 9D BF DE 02 8F 40 87 5D 8C 40 E0 2A 8D 40 4B 12 CA 3C AB 83 9D BC 00 00 B0 3B 00 00 B8 BC 00 B0 8E 3F 00 00 80 7F,
320,16:40:41.290,RX,4B 4C E4 BF D2 44 99 BF 4C 98 97 40 D7 1F 90 40 3E 0D 91 40 67 BA 0B 3D 56 C5 A8 BB 00 00 88 BC 00 00 DC BC 00 E0 90 3F 00 00 80 7F,
321,16:40:41.296,RX,DB 62 E7 BF AF DE 88 BF B6 0F 9A 40 B6 EC 93 40 BE B7 93 40 2A 4C D4 3C FF 6A 3E BC 00 00 00 00 00 00 7E BD 00 70 99 3F 00 00 80 7F,
322,16:40:41.300,RX,41 3E EC BF 2C 5D 16 BF 2B 39 9D 40 AE 2D 96 40 4A 84 92 40 AB C0 FE 3C EF 75 E9 BA 00 00 90 BB 00 00 74 BD 00 80 88 3F 00 00 80 7F,
323,16:40:41.306,RX,F5 F3 EF BF D0 80 30 BF 9E AD 9F 40 32 14 9F 40 36 E4 99 40 2E 7F AF 3C 91 74 CE BA 00 00 28 3C 00 00 FC BC 00 80 8F 3F 00 00 80 7F,
324,16:40:41.310,RX,7A 28 F3 BF 70 62 43 BF 13 25 A3 40 06 80 9E 40 05 A0 9B 40 B3 C0 90 3C 06 0F 67 3A 00 00 50 BC 00 00 20 BD 00 80 95 3F 00 00 80 7F,
325,16:40:41.315,RX,37 F9 F2 BF AC 9A 10 BF 03 2C A1 40 5C 78 99 40 EC 38 97 40 DA BE C5 3C 2E 62 B9 3A 00 00 20 BB 00 00 3A BD 00 A0 8F 3F 00 00 80 7F,
326,16:40:41.322,RX,A8 5B F5 BF 38 54 FD BE DF 35 A1 40 E4 E8 9B 40 83 BA 9E 40 A1 94 FC 3C 93 CB B8 3B 00 00 F0 BB 00 00 80 3A 00 80 8D 3F 00 00 80 7F,
327,16:40:41.325,RX,21 A2 F5 BF 60 51 22 BE 8C 8A 9F 40 5F D2 9D 40 84 69 9D 40 20 25 BB 3C 2E CD 3E BA 00 00 18 BC 00 00 02 BD 00 70 9A 3F 00 00 80 7F,
328,16:40:41.330,RX,B6 40 FC BF B0 BB 15 BF F5 9B A7 40 2A 70 9A 40 DD A1 94 40 B8 03 F2 3C 02 E1 84 3C 00 00 00 3A 00 00 CB BD 00 40 85 3F 00 00 80 7F,
329,16:40:41.335,RX,6A 99 F6 BF 58 C7 86 BE 35 CE 9D 40 7B 3D 9D 40 6D C7 9D 40 5A 52 94 3C 39 96 E8 38 00 00 78 3C 00 00 94 BC 00 30 94 3F 00 00 80 7F,
330,16:40:41.340,RX,8C CC FB BF 60 9F 50 BE 4D AB A1 40 19 46 99 40 1A 4A 94 40 7C 5A 08 3D 2B 7C D4 3C 00 00 48 BC 00 00 98 BC 00 60 86 3F 00 00 80 7F,
331,16:40:41.347,RX,C4 68 F0 BF B8 07 8B BE 2B 35 93 40 9B BE 95 40 EF 69 97 40 E1 BE 02 3C 90 12 5D BA 00 00 80 3B 00 00 84 BC 00 C0 A6 3F 00 00 80 7F,
332,16:40:41.350,RX,1A 4F EF BF 00 FD 69 3C 25 F3 8E 40 E2 FD 8A 40 92 F4 88 40 2F 5B C7 3C 8A 3B 84 3C 00 00 E0 3B 00 00 B0 BB 00 C0 9D 3F 00 00 80 7F,
333,16:40:41.355,RX,9E 3F F0 BF F8 C6 D8 3E 57 D1 8E 40 AB 90 8D 40 24 AE 8F 40 67 28 9F 3C 59 C7 53 3C 00 00 90 3B 00 00 E8 BC 00 B0 8B 3F 00 00 80 7F,
334,16:40:41.360,RX,05 8A EA BF F0 54 07 3F EF DE 85 40 FC 21 81 40 1A C1 81 40 08 C2 D3 3C 60 3D 84 3C 00 00 40 BC 00 00 88 BC 00 F0 92 3F 00 00 80 7F,
335,16:40:41.365,RX,E6 EA E5 BF 00 9F 40 3C E1 2B 80 40 96 F6 76 40 85 47 75 40 89 8C 9E 3C D3 98 9E 3C 00 00 20 BB 00 00 F0 BC 00 C0 88 3F 00 00 80 7F,
336,16:40:41.372,RX,72 69 E1 BF 98 BC 86 3E 75 C6 70 40 0E A4 65 40 A2 60 6C 40 2E C6 AB 3C 7B E2 6D 3C 00 00 D0 BB 00 00 EC BC 00 D0 93 3F 00 00 80 7F,
337,16:40:41.375,RX,E4 1A DB BF 60 71 EA 3E C8 D2 5F 40 CB 89 50 40 8C 5F 5B 40 57 89 E0 3C EF A6 6D 3C 00 00 80 3B 00 00 58 BC 00 70 92 3F 00 00 80 7F,
338,16:40:41.380,RX,41 78 D5 BF 10 24 D1 3E 8E 65 51 40 D1 65 50 40 53 FF 56 40 D6 FF B8 3C E7 F6 45 3C 00 00 C0 3B 00 00 18 3C 00 D0 91 3F 00 00 80 7F,
339,16:40:41.385,RX,86 01 CF BF B0 87 89 3E 43 67 40 40 4F 08 3A 40 70 37 39 40 92 E8 8A 3C 22 8F 60 3C 00 00 60 3B 00 00 30 3C 00 20 96 3F 00 00 80 7F,
340,16:40:41.390,RX,A6 14 C6 BF 9C 17 32 3F C1 A5 25 40 A3 42 21 40 62 AA 24 40 20 7B BF 3C 61 02 61 3C 00 00 40 3B 00 00 18 3C 00 10 90 3F 00 00 80 7F,
341,16:40:41.397,RX,86 4F BD BF 28 84 2F 3F F0 2A 0D 40 2A AE 15 40 7B F8 18 40 BB 3D 53 3C E9 16 53 3B 00 00 60 3B 00 00 AC 3C 00 60 90 3F 00 00 80 7F,
342,16:40:41.400,RX,73 7E B3 BF B8 A4 3B 3F B8 87 E8 3F 08 4C E3 3F C3 07 EC 3F 4C A4 8A 3C 85 5A B9 3B 00 00 B0 BB 00 00 C4 3C 00 00 9C 3F 00 00 80 7F,
343,16:40:41.406,RX,68 27 AA BF 18 0F 31 3F 10 BB BB 3F 03 6B B4 3F 86 42 CC 3F AA 3B 91 3C CC DF 1F 3B 00 00 B0 BB 00 00 60 3C 00 F0 94 3F 00 00 80 7F,
344,16:40:41.410,RX,5F 88 9F BF 1C 9D 33 3F 90 81 85 3F 11 F2 8C 3F 5C A9 8F 3F 4E 81 60 3C D6 DC D2 3A 00 00 60 BC 00 00 58 3C 00 B0 92 3F 00 00 80 7F,
345,16:40:41.415,RX,2D C6 94 BF F0 E8 01 3F D4 6D 22 3F EE 72 2D 3F 77 50 30 3F 25 FF 38 3C 2C 84 5A 3A 00 00 80 BB 00 00 88 3C 00 C0 90 3F 00 00 80 7F,
346,16:40:41.422,RX,3C CA 88 BF 14 76 27 3F 40 64 19 3E 36 96 96 3E 93 D7 82 3E E2 52 11 3C 7E 19 20 3B 00 00 F0 BB 00 00 D8 3C 00 10 95 3F 00 00 80 7F,
347,16:40:41.425,RX,76 21 7A BF F6 FE 2E 3F 43 16 A1 BE 49 A1 87 BE 8F 85 BC BC E2 52 11 3C 6E 1A 46 BC 00 00 30 BC 00 00 C0 3C 00 80 97 3F 00 00 80 7F,
348,16:40:41.431,RX,0E B4 64 BF A0 29 9D 3E 68 3B 28 BF 95 17 0D BF 2D C6 13 BF 9E 03 9E 3B 2C 6A 11 BC 00 00 00 3C 00 00 10 3C 00 80 88 3F 00 00 80 7F,
349,16:40:41.435,RX,85 70 4C BF 18 DB BE 3E 0E BF 8E BF 25 65 52 BF 81 32 55 BF 1A 98 D1 BA 14 24 6E BC 00 00 10 BC 00 00 76 3D 00 50 95 3F 00 00 80 7F,
350,16:40:41.440,RX,01 69 34 BF 38 E7 24 3F 5C CC C6 BF 3A E5 99 BF 41 BA 99 BF 2D 08 39 BC E3 9F C6 BC 00 00 18 BC 00 00 20 3D 00 40 94 3F 00 00 80 7F,
351,16:40:41.447,RX,DC A2 1B BF F0 52 16 BE 8A F2 F2 BF 83 92 CC BF 58 3B E0 BF 6E A1 AB BC BF 1A EF BC 00 00 F0 BB 00 00 2A 3D 00 30 95 3F 00 00 80 7F,
352,16:40:41.450,RX,67 FA 04 BF 00 5E EE BD 34 62 11 C0 D4 A5 1C C0 1F 72 22 C0 52 40 D3 BA E2 01 2B BC 00 00 58 3C 00 00 00 3C 00 50 94 3F 00 00 80 7F,
353,16:40:41.455,RX,99 7C E0 BE 18 BB 54 3E E7 89 2D C0 3E 2C 27 C0 37 E1 2A C0 46 42 52 3A 35 22 2B BC 00 00 E0 3B 00 00 C4 3C 00 30 8C 3F 00 00 80 7F,
354,16:40:41.460,RX,8F 05 B3 BE A0 2B 88 3E 88 95 4F C0 38 57 33 C0 A3 20 40 C0 7D 07 C6 BC 5C BB BF BC 00 00 E0 BB 00 00 D0 3C 00 60 91 3F 00 00 80 7F,
355,16:40:41.465,RX,7D E1 74 BE 5E 0A C1 3E BA DF 74 C0 0B FD 5C C0 90 E4 5F C0 91 99 ED BC 81 D6 0D BD 00 00 28 BC 00 00 4C 3D 00 70 9E 3F 00 00 80 7F,
356,16:40:41.472,RX,52 D6 15 BE 1B 4C 10 3F C6 E8 88 C0 C0 99 75 C0 06 B2 7A C0 D0 71 07 BD C8 66 07 BD 00 00 00 BA 00 00 5A 3D 00 D0 8F 3F 00 00 80 7F,
357,16:40:41.475,RX,05 6F 5F BD 08 84 22 BE 9A AC 95 C0 4F 63 8F C0 FA 7D 8E C0 4A A9 0A BD C1 3B 11 BD 00 00 40 BC 00 00 4E 3D 00 A0 9A 3F 00 00 80 7F,
358,16:40:41.480,RX,63 7C 24 3D AC 5E C2 BE D6 33 A2 C0 43 C1 97 C0 86 0D 97 C0 E5 D5 1E BD 0F 46 32 BD 00 00 58 BC 00 00 5A 3D 00 00 91 3F 00 00 80 7F,
359,16:40:41.485,RX,5F 45 07 3E D9 58 18 BF D9 9C AD C0 B1 61 A6 C0 A7 63 A5 C0 A5 32 43 BD A3 90 4C BD 00 00 00 BB 00 00 04 3D 00 A0 95 3F 00 00 80 7F,
360,16:40:41.493,RX,38 03 5B 3E 84 30 94 BE 4F 15 B9 C0 48 81 B6 C0 94 A0 B4 C0 17 ED 0E BD CB 3B 1B BD 00 00 C0 3A 00 00 32 3D 00 F0 92 3F 00 00 80 7F,
361,16:40:41.498,RX,EC 32 9A 3E E6 AA CA BE FC D7 C5 C0 17 61 BB C0 D6 78 BC C0 08 4E 3D BD 8B 5D 46 BD 00 00 68 BC 00 00 76 3D 00 50 94 3F 00 00 80 7F,
362,16:40:41.500,RX,F4 3A C2 3E 34 64 0F BF 65 38 D1 C0 EB F7 CE C0 86 23 C7 C0 F5 8A 1C BD 3F 87 4D BD 00 00 68 BC 00 00 4A 3D 00 40 98 3F 00 00 80 7F,
363,16:40:41.506,RX,CA A7 E0 3E 52 F3 B7 BE DA 89 D8 C0 4F A5 D3 C0 67 F5 CE C0 DE 95 16 BD 90 55 4E BD 00 00 E0 BB 00 00 90 3C 00 C0 8B 3F 00 00 80 7F,
364,16:40:41.511,RX,3E E6 00 3F C4 D4 77 BF 57 CC E1 C0 EB B9 D9 C0 DD C5 D2 C0 8B E9 31 BD F1 69 88 BD 00 00 D0 BB 00 00 2A 3D 00 90 90 3F 00 00 80 7F,
365,16:40:41.515,RX,A0 BD 12 3F 15 0C 12 BF A5 84 ED C0 EB 80 E7 C0 4B 9B E2 C0 95 36 17 BD 39 2B 87 BD 00 00 90 3B 00 00 20 3D 00 70 95 3F 00 00 80 7F,
366,16:40:41.520,RX,55 92 22 3F 26 86 39 BF 43 0F F6 C0 BC 6B ED C0 46 BB E5 C0 81 E6 0D BD 1B E9 96 BD 00 00 B0 BB 00 00 66 3D 00 50 95 3F 00 00 80 7F,
367,16:40:41.525,RX,17 E6 2E 3F 1C 25 06 BF F8 26 FE C0 B7 0F F5 C0 97 F9 F0 C0 CF C6 0F BD 43 65 94 BD 00 00 40 BC 00 00 0E 3D 00 D0 8E 3F 00 00 80 7F,
368,16:40:41.530,RX,FF B0 3B 3F C1 DD 5A BF C5 BA 02 C1 10 8C 00 C1 DD 1E F6 C0 3D E0 EF BC 40 85 A2 BD 00 00 10 BC 00 00 44 3D 00 F0 99 3F 00 00 80 7F,
369,16:40:41.535,RX,14 3D 4A 3F D7 04 5F BF 26 19 07 C1 AA CC FF C0 B4 E2 FD C0 F7 70 23 BD C1 47 C5 BD 00 00 40 BB 00 00 18 3D 00 50 97 3F 00 00 80 7F,
370,16:40:41.540,RX,6F B0 55 3F 0C 59 67 BF 35 78 0A C1 18 04 03 C1 B5 52 01 C1 E3 72 0F BD 92 DE BF BD 00 00 10 BC 00 00 A7 3D 00 C0 92 3F 00 00 80 7F,
371,16:40:41.547,RX,C8 9F 5E 3F 43 49 63 BF C7 9E 0C C1 63 8E 09 C1 62 F0 08 C1 4C D2 FC BC 62 76 B7 BD 00 00 D4 BC 00 00 5E 3D 00 60 A2 3F 00 00 80 7F,
372,16:40:41.550,RX,2A 25 69 3F 3F 6D 94 BF E9 4F 0E C1 C5 F8 0B C1 3B D2 06 C1 FD CC BB BC 01 1B CF BD 00 00 00 3B 00 00 72 3D 00 70 95 3F 00 00 80 7F,
373,16:40:41.556,RX,A6 E2 6F 3F 5E A2 C3 BF 47 23 10 C1 80 41 09 C1 A7 E1 09 C1 C1 23 0D BD 97 A7 E3 BD 00 00 60 3B 00 00 48 3D 00 00 8E 3F 00 00 80 7F,
374,16:40:41.560,RX,2C 25 75 3F 10 DC 13 BF E3 94 12 C1 F7 ED 0E C1 22 70 0D C1 57 EA BE BC AB 37 D8 BD 00 00 F0 BB 00 00 06 3D 00 B0 98 3F 00 00 80 7F,
375,16:40:41.565,RX,11 29 81 3F C2 69 AC BF 03 33 16 C1 68 86 0F C1 96 CD 0D C1 3B 96 01 BD FC 28 FC BD 00 00 20 BB 00 00 6E 3D 00 40 95 3F 00 00 80 7F,
376,16:40:41.572,RX,65 1A 82 3F 82 95 78 BF C8 F9 16 C1 04 DE 12 C1 21 D5 12 C1 58 D2 98 BC 38 86 E5 BD 00 00 50 BC 00 00 00 3D 00 90 99 3F 00 00 80 7F,
377,16:40:41.575,RX,71 5D 83 3F 8F 4E 81 BF 2E F4 16 C1 A3 96 11 C1 0A 49 12 C1 1A DC 7B BC 0F FE E2 BD 00 00 88 BC 00 00 14 3D 00 E0 8C 3F 00 00 80 7F,
378,16:40:41.581,RX,62 DC 84 3F 24 07 88 BF F4 CD 17 C1 DF 97 11 C1 1D 57 13 C1 C7 11 4E BC 36 9C E6 BD 00 00 E0 BB 00 00 1E 3D 00 C0 97 3F 00 00 80 7F,
379,16:40:41.585,RX,7E 5C 85 3F 15 F0 C0 BF 4A DC 17 C1 F2 5C 11 C1 53 40 14 C1 EF 22 66 BC A1 B0 E5 BD 00 00 40 3C 00 00 E8 3C 00 40 8F 3F 00 00 80 7F,
380,16:40:41.590,RX,AA 7C 85 3F 58 09 81 BF 0E 2C 17 C1 22 48 10 C1 2B E9 13 C1 FB CF 86 BC A9 36 E4 BD 00 00 F0 BB 00 00 A0 3B 00 50 92 3F 00 00 80 7F,
381,16:40:41.597,RX,3A 46 86 3F 69 0F C2 BF 5F 94 16 C1 4C 8C 10 C1 31 47 13 C1 2A 87 A9 BB E5 25 DA BD 00 00 E0 3B 00 00 E0 3C 00 30 92 3F 00 00 80 7F,
382,16:40:41.600,RX,25 B0 84 3F 9A 1C 9A BF 94 6F 16 C1 A8 D0 0F C1 8C 0E 13 C1 8C DF DB BB AB 02 D4 BD 00 00 20 BC 00 00 D4 3C 00 00 91 3F 00 00 80 7F,
383,16:40:41.606,RX,67 EC 82 3F 47 B7 66 BF FB CB 15 C1 34 C5 0D C1 1C D1 10 C1 CB 14 21 BB E5 B6 C7 BD 00 00 B0 BB 00 00 28 3C 00 D0 8F 3F 00 00 80 7F,
384,16:40:41.610,RX,A5 DF 82 3F 47 22 7A BF BB BE 15 C1 4B 21 0E C1 8C D3 0F C1 50 4E 21 BB CD 1B CF BD 00 00 F0 BB 00 00 30 3D 00 C0 9C 3F 00 00 80 7F,
385,16:40:41.615,RX,9A 90 7F 3F 7D 58 A6 BF 5A CB 13 C1 F8 27 11 C1 98 0E 12 C1 69 FB 2C 3C 18 34 B8 BD 00 00 18 BC 00 00 E0 3B 00 D0 93 3F 00 00 80 7F,
386,16:40:41.622,RX,E9 6B 7E 3F 60 DC A7 BF 0D C8 12 C1 2C 57 0F C1 4B 22 0E C1 36 24 21 3C 53 B8 C0 BD 00 00 20 3B 00 00 B0 BB 00 70 8A 3F 00 00 80 7F,
387,16:40:41.625,RX,5F 3F 79 3F A0 12 B1 BF 8C 14 11 C1 DB BD 0C C1 0D 61 0F C1 9A DD 8B 3C 8E 04 AD BD 00 00 80 BA 00 00 B0 BB 00 F0 8F 3F 00 00 80 7F,
388,16:40:41.631,RX,8E 10 74 3F 3E 85 B3 BF 92 B2 0F C1 5B EC 07 C1 C1 52 09 C1 61 5A 38 3C 07 F4 B6 BD 00 00 80 3C 00 00 9C 3C 00 50 8E 3F 00 00 80 7F,
389,16:40:41.635,RX,3B EA 6A 3F 30 7E BA BF 49 26 0C C1 7D A3 07 C1 2E BC 0A C1 76 00 B9 3C 24 06 93 BD 00 00 78 BC 00 00 80 3B 00 50 93 3F 00 00 80 7F,
390,16:40:41.640,RX,DA 59 66 3F 96 38 C1 BF 25 59 0A C1 B5 DF 05 C1 F1 11 07 C1 37 D7 B8 3C 74 4D 9C BD 00 00 00 3B 00 00 80 BB 00 30 95 3F 00 00 80 7F,
391,16:40:41.647,RX,86 61 5E 3F CC 93 C0 BF BA 0D 08 C1 74 5D 03 C1 99 3D 07 C1 19 88 14 3D 0B B5 64 BD 00 00 00 BC 00 00 A8 3C 00 20 8B 3F 00 00 80 7F,
392,16:40:41.650,RX,F0 66 56 3F AE AD EF BF 8C BF 04 C1 07 23 00 C1 E0 D1 02 C1 96 F4 F4 3C 3C 86 74 BD 00 00 40 BC 00 00 28 BC 00 30 92 3F 00 00 80 7F,
393,16:40:41.656,RX,5C EA 4F 3F 58 82 AF BF 55 79 03 C1 FB FC FC C0 30 A2 00 C1 E0 BF EE 3C BD E1 59 BD 00 00 00 BB 00 00 14 BD 00 D0 87 3F 00 00 80 7F,
394,16:40:41.660,RX,5F 7A 49 3F 68 CC 89 BF E4 8B 02 C1 D4 67 F8 C0 91 DC FB C0 2D F4 07 3D 69 15 46 BD 00 00 00 3C 00 00 F8 BC 00 D0 89 3F 00 00 80 7F,
395,16:40:41.665,RX,BA 08 44 3F 84 FE 73 BF EF DE 01 C1 82 C2 F0 C0 9C 64 F5 C0 BC 95 E9 3C 17 8D 53 BD 00 00 B0 3B 00 00 78 BC 00 E0 8D 3F 00 00 80 7F,
396,16:40:41.670,RX,B0 4C 38 3F FC A6 93 BF B2 FF FC C0 C3 FF F3 C0 0E 78 F3 C0 68 54 21 3D 3F 28 29 BD 00 00 9C BC 00 00 A0 BC 00 D0 92 3F 00 00 80 7F,
397,16:40:41.675,RX,9E 35 35 3F 21 73 A4 BF 40 05 FB C0 2D C5 F1 C0 10 F9 ED C0 76 66 14 3D BD 6F 4A BD 00 00 28 BC 00 00 30 BD 00 60 8D 3F 00 00 80 7F,
398,16:40:41.681,RX,3D 44 32 3F 1C 7E A6 BF F7 7E F9 C0 79 73 EA C0 B7 35 E7 C0 AF 93 11 3D 73 93 6C BD 00 00 40 3B 00 00 40 BC 00 20 8D 3F 00 00 80 7F,
399,16:40:41.685,RX,0B 87 27 3F 40 B1 88 BF 65 DA F2 C0 2B 26 E6 C0 8B 16 E2 C0 F3 0C 43 3D 30 EF 4B BD 00 00 50 BC 00 00 E4 3C 00 80 8E 3F 00 00 80 7F,
400,16:40:41.690,RX,FE CE 21 3F A0 B5 3D BF 56 92 F1 C0 D4 B5 E3 C0 82 AB DB C0 9D 06 30 3D 92 8C 66 BD 00 00 A8 BC 00 00 E4 3C 00 A0 98 3F 00 00 80 7F,
401,16:40:41.695,RX,31 50 1C 3F F1 1D 55 BF D8 04 EE C0 E1 E5 E7 C0 C5 8A DC C0 0E D5 6B 3D 11 88 6B BD 00 00 70 BC 00 00 00 3B 00 C0 A1 3F 00 00 80 7F,
402,16:40:41.700,RX,FB 97 15 3F 6B F2 56 BF 5C D8 EA C0 B6 4D DD C0 04 CF D7 C0 30 5D 4B 3D 6B B9 8A BD 00 00 80 BA 00 00 E0 BC 00 20 8E 3F 00 00 80 7F,
403,16:40:41.705,RX,7D 41 11 3F 00 A7 4F BF A7 99 E8 C0 EE 37 DE C0 AC EC D7 C0 48 47 63 3D 17 4F 94 BD 00 00 98 BC 00 00 00 BA 00 C0 97 3F 00 00 80 7F,
404,16:40:41.710,RX,ED E8 05 3F 24 E6 49 BF 0D C5 E0 C0 71 C0 D5 C0 8D AE CE C0 CC 67 7B 3D 5A CD 94 BD 00 00 60 3B 00 00 30 3C 00 A0 8C 3F 00 00 80 7F,
405,16:40:41.715,RX,81 7F F5 3E 3E A2 99 BF 96 B1 D8 C0 A0 A1 CF C0 7B 9A CE C0 DB F3 63 3D 40 97 A3 BD 00 00 00 BA 00 00 5A BD 00 E0 93 3F 00 00 80 7F,
406,16:40:41.722,RX,F2 C2 F2 3E D3 36 6B BF EF AD D8 C0 03 25 C4 C0 EE 99 C8 C0 A0 D1 2F 3D 49 BB AE BD 00 00 E8 3C 00 00 B0 BB 00 90 8B 3F 00 00 80 7F,
407,16:40:41.725,RX,4E 78 DE 3E 00 63 2D BF 82 89 D3 C0 A9 9A C8 C0 1B 75 C4 C0 31 C1 6E 3D F3 EA AA BD 00 00 BC BC 00 00 08 3C 00 60 9E 3F 00 00 80 7F,
408,16:40:41.730,RX,84 1A CD 3E 3C F1 54 BF C9 52 CD C0 71 83 C5 C0 9F 35 C8 C0 65 D3 77 3D BE 10 AE BD 00 00 08 BC 00 00 28 BD 00 F0 92 3F 00 00 80 7F,
409,16:40:41.735,RX,75 ED B9 3E E4 B1 B3 BF A2 FB C6 C0 5E 03 BB C0 48 31 BD C0 E8 7E 40 3D B7 E9 BB BD 00 00 BC 3C 00 00 CC BC 00 B0 85 3F 00 00 80 7F,
410,16:40:41.740,RX,63 24 B7 3E 87 14 86 BF 95 FB C7 C0 80 C1 B1 C0 BC B3 B3 C0 C2 3F 31 3D D8 8C D2 BD 00 00 8C BC 00 00 34 3D 00 40 9B 3F 00 00 80 7F,
411,16:40:41.747,RX,34 D0 92 3E 06 09 5F BF 1E D2 BB C0 99 69 AF C0 54 28 B7 C0 20 EB 4D 3D 25 78 B3 BD 00 00 18 BC 00 00 80 3A 00 40 8F 3F 00 00 80 7F,
412,16:40:41.750,RX,57 E2 8E 3E C5 F3 98 BF 06 30 B8 C0 88 7D AC C0 C2 EE B4 C0 2E 05 24 3D AD 7B BE BD 00 00 90 3B 00 00 B4 BC 00 60 94 3F 00 00 80 7F,
413,16:40:41.755,RX,B3 E8 78 3E 8E 95 94 BF 6A E8 B1 C0 F0 47 AA C0 51 8E AA C0 92 A1 46 3D 1A 32 BE BD 00 00 38 3C 00 00 90 3B 00 40 94 3F 00 00 80 7F,
414,16:40:41.760,RX,FB 97 58 3E 7B A2 A8 BF 0B A4 AA C0 0F 29 A3 C0 6E 2E A5 C0 69 69 37 3D 9A AC C3 BD 00 00 30 BC 00 00 40 BC 00 10 8C 3F 00 00 80 7F,
415,16:40:41.765,RX,46 1C 42 3E 45 CF 97 BF 25 30 A6 C0 E7 2A 9F C0 06 46 A3 C0 09 63 43 3D 06 8B AD BD 00 00 C0 3A 00 00 10 3C 00 A0 94 3F 00 00 80 7F,
416,16:40:41.772,RX,31 BA 19 3E DD BF 95 BF 6C 12 9F C0 C7 B0 96 C0 CF D2 9B C0 1C DB 41 3D B0 2A B3 BD 00 00 60 BC 00 00 68 BC 00 10 95 3F 00 00 80 7F,
417,16:40:41.775,RX,0D 0A 03 3E 47 55 9E BF B0 57 9B C0 6F EC 91 C0 36 DD 93 C0 E7 D5 38 3D 1A C2 BA BD 00 00 50 3C 00 00 90 BB 00 F0 8D 3F 00 00 80 7F,
418,16:40:41.780,RX,1C F9 DE 3D CC 96 9E BF 08 99 98 C0 68 FF 8F C0 9F 6B 94 C0 42 9E 23 3D A7 3D B2 BD 00 00 F0 BB 00 00 28 BC 00 90 8D 3F 00 00 80 7F,
419,16:40:41.785,RX,30 F2 BE 3D 97 76 E2 BF 80 90 93 C0 F9 96 8B C0 9E B9 8B C0 5D 34 13 3D 1C 4C C5 BD 00 00 C0 3B 00 00 48 BC 00 50 92 3F 00 00 80 7F,
420,16:40:41.790,RX,03 30 9F 3D 0D B8 BE BF 8F 4A 90 C0 E8 52 8E C0 4D CA 8D C0 8F 5D 4B 3D 3D 5F B2 BD 00 00 A0 BB 00 00 00 BC 00 40 95 3F 00 00 80 7F,
421,16:40:41.797,RX,5E E2 39 3D 43 EA CC BF 5A B3 8B C0 46 F3 85 C0 37 B3 82 C0 00 EB 2A 3D 72 DE BF BD 00 00 A0 3B 00 00 08 BC 00 A0 85 3F 00 00 80 7F,
422,16:40:41.800,RX,30 BC 8D 3C 55 49 B0 BF 54 EE 86 C0 8E C9 80 C0 F9 3A 84 C0 A3 2A 27 3D 1C 1E BD BD 00 00 A0 BC 00 00 9C BC 00 80 8D 3F 00 00 80 7F,
423,16:40:41.806,RX,FE 09 08 BB 38 31 E2 BF 9D C8 82 C0 E4 EA 78 C0 FD 35 7C C0 18 92 1E 3D 30 7C BB BD 00 00 38 3C 00 00 0E BD 00 E0 8D 3F 00 00 80 7F,
424,16:40:41.810,RX,FF 39 3D BC EC 55 BC BF C2 E6 80 C0 98 25 70 C0 2B 8D 6E C0 83 DD 1A 3D 51 48 C5 BD 00 00 9C BC 00 00 38 3C 00 E0 97 3F 00 00 80 7F,
425,16:40:41.815,RX,1A 0A 01 BD 0B 5D E3 BF 9C 40 76 C0 C1 90 6D C0 06 4E 66 C0 DC 41 2B 3D 8D 3E D0 BD 00 00 00 00 00 00 80 BB 00 50 96 3F 00 00 80 7F,
426,16:40:41.822,RX,66 0F 43 BD 9A 94 E5 BF A5 62 6F C0 A6 C1 63 C0 D0 AD 68 C0 8B 26 16 3D 30 3A BF BD 00 00 D0 3B 00 00 00 BA 00 10 8C 3F 00 00 80 7F,
427,16:40:41.825,RX,5F 1B 72 BD CF 74 F8 BF 36 99 68 C0 AA 9A 63 C0 E0 DF 54 C0 F4 02 38 3D 78 0F CE BD 00 00 60 BB 00 00 38 3C 00 50 96 3F 00 00 80 7F,
428,16:40:41.830,RX,16 5D 8A BD 4D 98 E5 BF E1 73 63 C0 25 3F 59 C0 BF 18 53 C0 23 AE 30 3D 98 DB D9 BD 00 00 70 BC 00 00 70 3C 00 30 95 3F 00 00 80 7F,
429,16:40:41.835,RX,A3 D8 B2 BD 40 0F 09 C0 90 80 58 C0 41 2C 4A C0 A2 9E 4B C0 3F 8B 28 3D B7 4A D7 BD 00 00 D0 BB 00 00 38 BC 00 70 8D 3F 00 00 80 7F,
430,16:40:41.840,RX,E5 CB DD BD 6A DE 0A C0 59 6E 4E C0 9E E0 48 C0 DF 4F 43 C0 9A 90 28 3D 82 DE D2 BD 00 00 E8 BC 00 00 10 BC 00 D0 92 3F 00 00 80 7F,
431,16:40:41.847,RX,FC 8E FC BD AA B0 1D C0 E4 7A 45 C0 C9 0D 41 C0 24 2B 3D C0 78 98 3F 3D 3B 35 D7 BD 00 00 70 BC 00 00 C4 BC 00 E0 95 3F 00 00 80 7F,
432,16:40:41.850,RX,DB 9A 20 BE C3 0C 1F C0 89 DC 37 C0 54 81 2A C0 62 17 2E C0 3E 51 2E 3D 8B 93 DB BD 00 00 20 BB 00 00 10 BD 00 B0 8C 3F 00 00 80 7F,
433,16:40:41.855,RX,37 46 40 BE 40 4C 2E C0 38 D8 29 C0 91 C5 26 C0 D1 1D 25 C0 DE 12 46 3D BF B4 DE BD 00 00 00 BA 00 00 94 BC 00 30 97 3F 00 00 80 7F,
434,16:40:41.860,RX,24 80 70 BE 65 CA 2F C0 96 6B 18 C0 CF 67 19 C0 B8 CE 1F C0 BC 6B 45 3D C1 30 C0 BD 00 00 D0 BB 00 00 9C BC 00 30 8B 3F 00 00 80 7F,
435,16:40:41.865,RX,3A 1E 8B BE 7F BF 1E C0 2D 53 0A C0 1F F0 04 C0 15 2B FF BF 1A 21 5D 3D 37 14 D1 BD 00 00 00 3A 00 00 40 BB 00 60 94 3F 00 00 80 7F,
436,16:40:41.872,RX,1A D0 A9 BE 2E 26 27 C0 90 D8 E8 BF 0C 34 E0 BF 49 8F F5 BF 0B FB 58 3D 36 E6 B6 BD 00 00 80 BB 00 00 12 BD 00 20 8A 3F 00 00 80 7F,
437,16:40:41.875,RX,37 27 C3 BE 5D 49 3E C0 E1 91 C6 BF C4 CA C3 BF 6D 6F CF BF DF E6 51 3D E2 A9 B7 BD 00 00 84 BC 00 00 A0 BC 00 D0 99 3F 00 00 80 7F,
438,16:40:41.880,RX,39 00 E5 BE 16 C7 43 C0 57 2B 97 BF 6C 9C A0 BF 83 04 A6 BF C0 80 5F 3D D0 7F B4 BD 00 00 00 00 00 00 22 BD 00 00 8F 3F 00 00 80 7F,
439,16:40:41.885,RX,0F 36 03 BF 6A 31 33 C0 BD 59 57 BF 64 5B 56 BF 8D 2E 6F BF 22 AA 79 3D 31 14 A8 BD 00 00 F0 3B 00 00 E4 BC 00 00 8E 3F 00 00 80 7F,
440,16:40:41.890,RX,E6 8B 14 BF 91 16 56 C0 A0 8E EB BE 2D 13 0A BF 02 36 F3 BE AE 15 6C 3D 79 00 B9 BD 00 00 40 BB 00 00 04 BD 00 30 8D 3F 00 00 80 7F,
441,16:40:41.895,RX,E4 50 27 BF CB 4C 2F C0 18 94 18 BE 50 B1 81 BE A4 E4 A2 BE 0C 59 80 3D 65 AE 9C BD 00 00 84 BC 00 00 50 BD 00 40 8C 3F 00 00 80 7F,
442,16:40:41.900,RX,6B 51 3C BF 1E BB 20 C0 9C AE 6C 3E 6C 44 48 3E C6 07 7A 3E 57 DD 81 3D 0B 42 AB BD 00 00 30 3C 00 00 91 BD 00 50 92 3F 00 00 80 7F,
443,16:40:41.905,RX,D3 7A 4F BF 85 9E 38 C0 49 0C 1B 3F E8 65 F8 3E AD 95 FB 3E DA A7 86 3D 3E 0C A3 BD 00 00 80 BC 00 00 46 BD 00 20 92 3F 00 00 80 7F,
444,16:40:41.910,RX,61 15 65 BF 66 9B 35 C0 75 E8 73 3F 71 61 45 3F 05 65 45 3F 26 B8 90 3D 8E CD 94 BD 00 00 20 BB 00 00 6A BD 00 50 90 3F 00 00 80 7F,
445,16:40:41.916,RX,A4 5C 78 BF 70 E8 1C C0 55 0A 9A 3F 04 16 96 3F 6C 4E 8B 3F 88 06 99 3D 5A C0 8A BD 00 00 B0 3B 00 00 2A BD 00 20 91 3F 00 00 80 7F,
446,16:40:41.920,RX,5F 24 85 BF 1A B5 16 C0 CF 65 C9 3F 6F 0C DE 3F 3A F0 D6 3F 61 E6 86 3D 2B 0E A3 BD 00 00 E0 BB 00 00 46 BD 00 20 95 3F 00 00 80 7F,
447,16:40:41.925,RX,76 E8 8B BF E6 2F 45 C0 5F 25 F2 3F EE 4C E8 3F 22 80 EB 3F 1E 5D 80 3D 3B 34 A1 BD 00 00 88 BC 00 00 54 BD 00 50 97 3F 00 00 80 7F,
448,16:40:41.931,RX,E9 6B 96 BF 44 8B 25 C0 A6 72 17 40 86 05 06 40 8C 29 01 40 49 D9 A1 3D 63 A6 73 BD 00 00 28 BC 00 00 4E BD 00 40 91 3F 00 00 80 7F,
449,16:40:41.935,RX,F5 99 A1 BF 0A 3C 21 C0 99 54 34 40 01 BE 1E 40 50 78 20 40 60 7A AF 3D DB BB 50 BD 00 00 80 3B 00 00 60 BD 00 B0 91 3F 00 00 80 7F,
450,16:40:41.940,RX,D7 75 AA BF 6C EB 2E C0 3A 2E 49 40 86 1B 3C 40 30 4E 37 40 FB 2D A7 3D B9 88 55 BD 00 00 40 3B 00 00 54 BD 00 90 90 3F 00 00 80 7F,
451,16:40:41.945,RX,36 B6 B4 BF 88 E3 1D C0 33 92 5E 40 78 87 50 40 5B E6 58 40 3E 9E B6 3D F3 65 64 BD 00 00 48 BC 00 00 46 BD 00 70 96 3F 00 00 80 7F,
452,16:40:41.950,RX,8F B6 C0 BF 74 51 1A C0 22 8B 78 40 C0 05 68 40 54 1D 61 40 2A EA B1 3D E0 2D 27 BD 00 00 F0 BB 00 00 9B BD 00 20 88 3F 00 00 80 7F,
453,16:40:41.956,RX,61 9B C9 BF 82 77 1C C0 FE 28 86 40 E7 FB 80 40 40 45 84 40 EB 4F B7 3D D8 55 55 BD 00 00 08 BC 00 00 6C BD 00 60 92 3F 00 00 80 7F,
454,16:40:41.960,RX,34 12 D7 BF 1E BC 0E C0 C5 63 95 40 09 C9 90 40 F3 1F 85 40 04 45 B6 3D 8E 14 E8 BC 00 00 60 3B 00 00 A6 BD 00 30 87 3F 00 00 80 7F,
455,16:40:41.965,RX,06 33 E0 BF CE D5 E7 BF DC FE 9C 40 5D 35 96 40 C9 45 9B 40 D2 38 C6 3D 50 F6 16 BD 00 00 D0 BB 00 00 4A BD 00 10 9F 3F 00 00 80 7F,
456,16:40:41.972,RX,B2 CE E5 BF CB 30 01 C0 0A 5F A2 40 41 86 9B 40 65 7D 9C 40 8F 6A BE 3D EF B4 19 BD 00 00 C0 BC 00 00 24 BD 00 20 94 3F 00 00 80 7F,
457,16:40:41.975,RX,0B 56 F4 BF B7 77 EE BF EC DE B4 40 B1 B3 AB 40 D6 D4 A7 40 3B F3 CE 3D B6 83 9D BC 00 00 E0 3B 00 00 87 BD 00 60 8C 3F 00 00 80 7F,
458,16:40:41.980,RX,BA E9 FC BF 92 58 D9 BF 9F 4E BE 40 1B 28 BB 40 CD FE BA 40 70 7A AF 3D 55 16 0C BD 00 00 70 BC 00 00 1E BD 00 00 98 3F 00 00 80 7F,
459,16:40:41.985,RX,F1 84 02 C0 0E 11 E0 BF DA FD C6 40 93 F0 B9 40 4F 42 B9 40 08 35 CA 3D 12 91 C6 BC 00 00 90 3B 00 00 A5 BD 00 B0 95 3F 00 00 80 7F,
460,16:40:41.990,RX,F7 1E 07 C0 E9 26 9E BF EB CD CF 40 29 66 C5 40 56 7B C4 40 7E FE C1 3D D5 D1 AF BC 00 00 C0 3B 00 00 A2 BD 00 C0 8D 3F 00 00 80 7F,
461,16:40:41.995,RX,B0 EC 0A C0 99 BC C1 BF D7 29 D7 40 EC 24 CF 40 15 42 CE 40 75 11 AE 3D 47 B2 D1 BC 00 00 10 BC 00 00 AF BD 00 B0 8C 3F 00 00 80 7F,
462,16:40:42.000,RX,5C 74 0D C0 63 10 8A BF A2 40 DA 40 BC E7 D9 40 77 57 D9 40 4F 48 A9 3D 4B F7 E0 BC 00 00 00 3A 00 00 F8 BC 00 C0 91 3F 00 00 80 7F,
463,16:40:42.005,RX,07 7F 11 C0 4E 38 90 BF 78 32 E3 40 59 6A D9 40 CB 0F D4 40 A2 DD A8 3D D1 D4 90 BC 00 00 D0 BB 00 00 A1 BD 00 E0 95 3F 00 00 80 7F,
464,16:40:42.010,RX,E5 2E 14 C0 08 E1 3F BF E7 3F E8 40 8E EC E0 40 69 87 DD 40 A0 9C A3 3D 6B 81 85 BC 00 00 94 3C 00 00 9F BD 00 30 8D 3F 00 00 80 7F,
465,16:40:42.015,RX,AB B8 15 C0 72 25 8E BF BA AC EC 40 17 6C E2 40 AF D2 E5 40 2F 49 A2 3D 7A 79 C2 BC 00 00 90 BB 00 00 92 BD 00 A0 93 3F 00 00 80 7F,
466,16:40:42.020,RX,CB 9D 18 C0 CF 11 97 BF 26 AC F3 40 1A 96 E6 40 96 2C E0 40 90 1E A2 3D AB 06 3F BC 00 00 90 3C 00 00 CB BD 00 60 85 3F 00 00 80 7F,
467,16:40:42.025,RX,BB 87 1A C0 3C CC 90 BF 08 17 F6 40 37 F4 EC 40 CD F2 EF 40 24 83 97 3D D6 04 99 BC 00 00 80 BA 00 00 56 BD 00 C0 89 3F 00 00 80 7F,
468,16:40:42.030,RX,A5 E9 1A C0 88 AE 38 BF C3 80 F5 40 10 AB EF 40 45 A5 EE 40 B5 95 96 3D 26 F3 95 BC 00 00 58 BC 00 00 16 BD 00 40 98 3F 00 00 80 7F,
469,16:40:42.035,RX,8B FC 1D C0 10 69 09 BF 0D D8 FC 40 9B AD F0 40 0C 91 EC 40 11 4F 9E 3D 12 4F 71 BB 00 00 A0 3B 00 00 83 BD 00 A0 8F 3F 00 00 80 7F,
470,16:40:42.040,RX,7C 15 1E C0 39 BD 88 BF 4E 43 FC 40 03 A3 F3 40 53 10 F4 40 2B A4 8A 3D 76 90 42 BC 00 00 38 3C 00 00 87 BD 00 F0 8E 3F 00 00 80 7F,
471,16:40:42.045,RX,6E 3F 1E C0 D4 91 2F BF FF BF FA 40 23 6B EA 40 2F C7 F2 40 68 1F 9A 3D E4 2D A7 BC 00 00 B4 BC 00 00 B9 BD 00 D0 97 3F 00 00 80 7F,
472,16:40:42.050,RX,99 76 21 C0 24 13 3A BF CC 9A 01 41 11 54 ED 40 02 FB EE 40 35 4A BA 3D 89 8E F9 3B 00 00 98 3C 00 00 99 BD 00 D0 81 3F 00 00 80 7F,
473,16:40:42.057,RX,5B 38 23 C0 F0 AE 40 BF 9F 5C 03 41 21 3F F7 40 27 EC F9 40 87 00 A6 3D AB D5 A0 BB 00 00 98 BC 00 00 97 BD 00 E0 94 3F 00 00 80 7F,
474,16:40:42.060,RX,56 2D 23 C0 50 46 B0 BE A1 42 02 41 4D 66 F5 40 5F 14 F6 40 0B D0 A2 3D F0 BE 2F BA 00 00 10 3C 00 00 9B BD 00 20 8D 3F 00 00 80 7F,
475,16:40:42.066,RX,98 1D 23 C0 70 61 C5 BE 02 D9 01 41 FC F8 F5 40 38 D9 F5 40 71 93 A1 3D DF C7 33 BA 00 00 20 3B 00 00 94 BD 00 90 8C 3F 00 00 80 7F,
476,16:40:42.072,RX,43 49 22 C0 E4 59 1C BF 42 03 FF 40 C7 1A FD 40 BC BE FA 40 3C 92 87 3D 5D 58 A1 BB 00 00 40 3C 00 00 10 BC 00 F0 8A 3F 00 00 80 7F,
477,16:40:42.075,RX,EA 71 23 C0 80 7B 6B BE 5E 00 00 41 92 F4 F7 40 8A E3 EC 40 95 7A 92 3D FF 2C A7 3C 00 00 08 BC 00 00 B0 BC 00 E0 93 3F 00 00 80 7F,
478,16:40:42.081,RX,6C A0 22 C0 40 C2 CF 3D 05 C9 FC 40 58 A2 F6 40 E0 3A F2 40 73 7B 88 3D 54 96 7B 3C 00 00 B0 3C 00 00 2E BD 00 E0 8D 3F 00 00 80 7F,
479,16:40:42.085,RX,8A 53 22 C0 60 59 87 BE AC 1B FD 40 C8 65 F6 40 74 8C F1 40 23 3A 79 3D C9 79 C6 3C 00 00 20 BC 00 00 FC BC 00 20 88 3F 00 00 80 7F,
480,16:40:42.090,RX,17 96 21 C0 20 CE 10 BE 9C 95 F9 40 7F 1F EC 40 DC D8 ED 40 25 3B 91 3D CC 9A E1 3C 00 00 D0 BC 00 00 C4 BC 00 40 98 3F 00 00 80 7F,
481,16:40:42.095,RX,EF 30 21 C0 50 C1 FB 3E 54 38 F5 40 AA 26 EC 40 3E DA E6 40 7E 97 6F 3D 11 F8 E0 3C 00 00 C0 BB 00 00 91 BD 00 90 86 3F 00 00 80 7F,
482,16:40:42.100,RX,98 37 1F C0 98 09 E9 3E C7 8C ED 40 D8 5F EF 40 13 BC EC 40 9A B3 3D 3D 67 0E A5 3C 00 00 30 3C 00 00 90 3B 00 A0 8E 3F 00 00 80 7F,
483,16:40:42.106,RX,DE 7C 1C C0 F0 26 A8 3E 67 F6 E6 40 A8 EB E1 40 A0 C2 DE 40 9E E1 32 3D 9A 9D AB 3C 00 00 80 BC 00 00 F0 BC 00 40 97 3F 00 00 80 7F,
484,16:40:42.110,RX,86 68 19 C0 60 26 BD 3E 2F D1 DE 40 F6 C2 D4 40 95 AB D5 40 90 65 25 3D 8E AB CC 3C 00 00 00 00 00 00 22 BD 00 50 8F 3F 00 00 80 7F,
485,16:40:42.115,RX,54 C2 16 C0 18 41 A6 3E 12 BF D7 40 DF F5 CF 40 78 39 D2 40 9A 30 32 3D F0 AA CC 3C 00 00 E0 BB 00 00 D4 BC 00 B0 91 3F 00 00 80 7F,
486,16:40:42.120,RX,03 EF 13 C0 10 60 D3 3E 56 D0 CF 40 7C D7 C8 40 02 00 CA 40 8E EE 0D 3D 0B 96 C6 3C 00 00 90 BC 00 00 84 BC 00 10 96 3F 00 00 80 7F,
487,16:40:42.125,RX,F0 D3 0F C0 28 59 A8 3E 93 BA C3 40 75 8F BE 40 00 7A C5 40 C6 BC 00 3D 5E 7F 8A 3C 00 00 10 BC 00 00 B0 3B 00 A0 95 3F 00 00 80 7F,
488,16:40:42.130,RX,95 F1 0D C0 A4 F1 21 3F B1 41 BE 40 B1 09 B0 40 38 24 B9 40 3E F6 35 3D B5 36 98 3C 00 00 F0 BB 00 00 C0 BC 00 30 8F 3F 00 00 80 7F,
489,16:40:42.135,RX,4D E4 0A C0 00 2F 6C 3F A7 55 B5 40 BB AC AC 40 E9 66 B1 40 6A BF 17 3D E3 3B B3 3C 00 00 40 3C 00 00 8C BC 00 10 8B 3F 00 00 80 7F,
490,16:40:42.140,RX,4D 89 07 C0 30 06 35 3F 2D 05 AC 40 B4 66 A4 40 7F FE AF 40 AC 88 28 3D 98 39 89 3B 00 00 58 BC 00 00 90 3C 00 00 98 3F 00 00 80 7F,
491,16:40:42.147,RX,8E 65 04 C0 F8 0C 14 3F 96 7C A3 40 A3 56 9A 40 8F A6 9C 40 57 72 DB 3C 1E F1 F1 3B 00 00 60 3B 00 00 16 BD 00 00 91 3F 00 00 80 7F,
492,16:40:42.150,RX,A0 93 FC BF 78 A3 62 3F 1C 78 91 40 DB D0 93 40 EE 2F 9A 40 38 16 A7 3C 64 03 F2 BB 00 00 80 3A 00 00 16 3D 00 C0 9B 3F 00 00 80 7F,
493,16:40:42.155,RX,9F 3C F4 BF 80 A3 58 3F 50 C8 86 40 6A 24 80 40 53 99 87 40 2F 22 B9 3C 76 23 58 BC 00 00 80 BB 00 00 18 BD 00 90 94 3F 00 00 80 7F,
494,16:40:42.160,RX,70 5C EB BF 7A 8E 38 3F 90 53 76 40 80 EB 6F 40 62 47 71 40 CC 0F 66 3C 2B C8 D4 BB 00 00 B0 BB 00 00 E0 3B 00 70 91 3F 00 00 80 7F,
495,16:40:42.165,RX,06 60 E6 BF 03 BD A2 3F 11 96 68 40 F3 D7 58 40 62 FE 6D 40 19 29 9A 3C 13 B4 66 BC 00 00 A8 BC 00 00 90 BC 00 00 95 3F 00 00 80 7F,
496,16:40:42.170,RX,51 2E E0 BF D8 AA 0B 3F 1D 27 5C 40 A3 35 48 40 25 1B 4F 40 8F 88 A8 3C 82 C0 C5 BC 00 00 68 3C 00 00 50 BD 00 A0 83 3F 00 00 80 7F,
497,16:40:42.175,RX,BC 0B D8 BF FE A4 8E 3F A1 22 45 40 DF 66 3D 40 51 97 41 40 D1 A5 4C 3C 90 E2 A4 BC 00 00 40 3B 00 00 F0 BB 00 F0 8B 3F 00 00 80 7F,
498,16:40:42.180,RX,94 75 CF BF 44 1D A7 3F 03 CD 2C 40 21 F0 23 40 02 91 2A 40 4C 7A 87 3C 3E 4D AC BC 00 00 00 BC 00 00 A0 3C 00 20 98 3F 00 00 80 7F,
499,16:40:42.185,RX,BF 47 C7 BF 78 4E 8B 3F 9C AB 18 40 12 03 10 40 34 F1 13 40 2D 9A 49 3C 33 1C F2 BC 00 00 60 3B 00 00 20 BC 00 A0 8D 3F 00 00 80 7F,
500,16:40:42.190,RX,D5 21 BE BF A4 3E 8A 3F 7A D8 01 40 FD 70 FA 3F 8D 1D FD 3F 32 3E 21 3C 85 B3 EA BC 00 00 C0 3B 00 00 F0 3B 00 A0 8A 3F 00 00 80 7F,
501,16:40:42.196,RX,59 0D B4 BF F2 99 81 3F 9C E6 CE 3F F8 7F BA 3F AC CC C1 3F 08 1A 16 3C C7 FB EC BC 00 00 78 BC 00 00 00 3A 00 80 94 3F 00 00 80 7F,
502,16:40:42.200,RX,70 F2 A9 BF C3 8D 87 3F F4 40 98 3F 47 1C 8F 3F A5 4D 8B 3F 96 30 80 3C 5F 94 F9 BC 00 00 40 BB 00 00 DC 3C 00 A0 97 3F 00 00 80 7F,
503,16:40:42.205,RX,11 A5 A1 BF 22 F9 B9 3F 3D F2 58 3F 3E EC 59 3F CB C2 6A 3F 91 C5 2F 3C 19 86 0A BD 00 00 30 BC 00 00 04 3D 00 00 8F 3F 00 00 80 7F,
504,16:40:42.211,RX,0B 6C 96 BF FB 1A A9 3F 6E 45 D8 3E 9B 3A EC 3E 37 4F DD 3E 2A BA DB 3B CF B6 1F BD 00 00 A0 BB 00 00 40 3C 00 F0 91 3F 00 00 80 7F,
505,16:40:42.215,RX,EF AA 8B BF 71 C1 8E 3F 40 48 01 3C 92 A3 97 BD 84 A0 25 3D 50 58 D4 3B 79 E9 2A BD 00 00 00 BB 00 00 F0 3B 00 B0 95 3F 00 00 80 7F,
506,16:40:42.222,RX,48 63 80 BF 7A D1 A9 3F 26 DD EC BE 07 66 D2 BE 90 CB EF BE 6F 6A BE 3B F3 71 23 BD 00 00 00 3B 00 00 CC 3C 00 30 90 3F 00 00 80 7F,
507,16:40:42.225,RX,65 43 6C BF 17 C8 92 3F FA D5 53 BF 2E 3E 2F BF B4 A8 36 BF 76 F6 CC BA 45 E8 3E BD 00 00 48 BC 00 00 F0 3C 00 F0 94 3F 00 00 80 7F,
508,16:40:42.231,RX,21 90 55 BF EE 28 84 3F E4 6C 9C BF 20 FB 8B BF 3E 82 86 BF 64 22 16 BC 1D D6 61 BD 00 00 58 BC 00 00 58 3C 00 10 8E 3F 00 00 80 7F,
509,16:40:42.235,RX,2D 93 3E BF D1 A0 67 3F F8 E3 D1 BF 67 66 EC BF B9 CD AC BF 4B D9 F8 3B DD 3F 84 BD 00 00 E0 BB 00 00 B4 3C 00 C0 9B 3F 00 00 80 7F,
510,16:40:42.240,RX,F2 D9 2B BF 5C 32 9C 3F 0D 0E FF BF 49 D8 0A C0 56 5D 01 C0 B8 D1 AF 3C 79 DA 75 BD 00 00 00 3B 00 00 C0 3C 00 80 92 3F 00 00 80 7F,
511,16:40:42.246,RX,0A 3E 1B BF FC 8F A6 3F D0 ED 18 C0 FD 0C 0F C0 4B 3B 16 C0 03 7F 07 3C A2 1A 5E BD 00 00 C0 BA 00 00 A4 3C 00 80 87 3F 00 00 80 7F,
512,16:40:42.250,RX,EB 5B 06 BF 2C 71 93 3F 21 B4 37 C0 CA 1D 29 C0 58 30 2A C0 F6 51 21 3B CF 85 8A BD 00 00 90 BC 00 00 0C 3D 00 50 97 3F 00 00 80 7F,
513,16:40:42.256,RX,AD 76 DE BE C0 11 A1 3F 8B 0B 58 C0 D6 93 4C C0 E9 5A 48 C0 41 36 BE 3B F8 23 92 BD 00 00 20 BB 00 00 24 3D 00 20 95 3F 00 00 80 7F,
514,16:40:42.260,RX,7B CA B9 BE CE 92 A4 3F 37 CE 70 C0 CA 93 5A C0 C4 A0 61 C0 A2 3F D5 BB F8 08 9E BD 00 00 00 3A 00 00 1E 3D 00 A0 8A 3F 00 00 80 7F,
515,16:40:42.265,RX,B2 C4 89 BE 87 F9 B3 3F 22 84 85 C0 F4 38 7E C0 6C 51 7A C0 F8 20 D0 3A 19 63 A4 BD 00 00 B0 BB 00 00 32 3D 00 40 9D 3F 00 00 80 7F,
516,16:40:42.270,RX,61 C2 3C BE 3C 7F 36 3F 15 A0 90 C0 46 85 8A C0 4F 24 8A C0 53 30 07 BC A0 77 B3 BD 00 00 80 BC 00 00 04 3D 00 40 90 3F 00 00 80 7F,
517,16:40:42.275,RX,4B 22 A4 BD 92 38 55 3F 06 A5 A0 C0 28 53 A1 C0 36 DB 9C C0 31 FF 12 3C EE FD A7 BD 00 00 A0 BB 00 00 9A 3D 00 B0 99 3F 00 00 80 7F,
518,16:40:42.281,RX,E3 47 CB BB 0F 6C A8 3F 4A 0C AD C0 FD B5 A7 C0 D5 9A A9 C0 7F 23 2D 3C 62 BD A5 BD 00 00 A0 BB 00 00 20 3D 00 80 90 3F 00 00 80 7F,
519,16:40:42.285,RX,FE 2A B7 3D 64 C2 67 3F D3 5A BB C0 C0 24 AF C0 6A 9C AE C0 DB AE A0 BB 3C 5A C0 BD 00 00 88 BC 00 00 78 3D 00 30 96 3F 00 00 80 7F,
520,16:40:42.292,RX,6A 99 36 3E E6 62 54 3F 06 5E C8 C0 34 48 C4 C0 0E D5 C3 C0 9C 22 1F 3C 54 77 B0 BD 00 00 C0 3A 00 00 78 3D 00 D0 9F 3F 00 00 80 7F,
521,16:40:42.297,RX,EC 66 64 3E AC 85 68 3F FF 9F CD C0 7F B0 C7 C0 66 E1 CB C0 D2 F8 52 3C 4E 5D 98 BD 00 00 F0 3B 00 00 0A 3D 00 A0 88 3F 00 00 80 7F,
522,16:40:42.301,RX,B9 3D 98 3E 40 19 DE 3E C6 10 D6 C0 BF 2F CF C0 E6 6B D1 C0 71 30 84 3C 34 60 A8 BD 00 00 A0 3B 00 00 36 3D 00 A0 97 3F 00 00 80 7F,
523,16:40:42.306,RX,01 D4 B6 3E F6 B9 06 3F 37 AE DF C0 2F 6D DC C0 5C 80 DF C0 D7 D6 D9 3C 4D 9F 81 BD 00 00 B0 BB 00 00 83 3D 00 E0 94 3F 00 00 80 7F,
524,16:40:42.310,RX,9D AC D0 3E 59 00 8C 3F C3 A2 E9 C0 3B 0C DF C0 E9 E9 E4 C0 8D 0D B2 3C 3C 04 7F BD 00 00 F0 3B 00 00 BC 3C 00 20 89 3F 00 00 80 7F,
525,16:40:42.315,RX,C0 C9 F3 3E FD 3A 9B 3F F2 9D F5 C0 5C 36 E7 C0 95 06 ED C0 B7 6B A5 3C 26 23 71 BD 00 00 A8 BC 00 00 48 3D 00 C0 95 3F 00 00 80 7F,
526,16:40:42.322,RX,46 39 07 3F EC 2C 54 3F 00 EB FC C0 6C A1 EE C0 8C E4 F5 C0 A2 AE AB 3C 88 7B 60 BD 00 00 60 3B 00 00 5C 3D 00 B0 8F 3F 00 00 80 7F,
527,16:40:42.325,RX,F7 BC 14 3F C1 21 69 3F 37 10 03 C1 86 16 F5 C0 3A 0A 01 C1 F9 85 7D 3C 27 48 32 BD 00 00 20 BC 00 00 2C 3D 00 B0 8E 3F 00 00 80 7F,
528,16:40:42.330,RX,1E 42 29 3F 70 DF 6F 3F 51 9F 0A C1 DB 7D 03 C1 EE 29 03 C1 D1 59 6B 3C A3 F2 63 BD 00 00 F0 BB 00 00 6C 3D 00 00 96 3F 00 00 80 7F,
529,16:40:42.335,RX,DB A7 3A 3F 03 72 96 3F 70 AB 10 C1 04 57 08 C1 5C 9C 0A C1 F3 0A 2D 3C 30 89 57 BD 00 00 58 BC 00 00 26 3D 00 30 92 3F 00 00 80 7F,
530,16:40:42.340,RX,C4 E0 4C 3F 3E D5 50 3F 4C 11 16 C1 89 4B 0B C1 1C 3B 0D C1 6D 24 67 BA 5D 37 72 BD 00 00 00 BB 00 00 5C 3D 00 80 8F 3F 00 00 80 7F,
531,16:40:42.347,RX,E6 47 61 3F B2 F6 91 3F 1A 19 1C C1 88 49 14 C1 7A E2 11 C1 7B A0 D4 3B E9 DB 81 BD 00 00 B0 BC 00 00 60 3D 00 80 98 3F 00 00 80 7F,
532,16:40:42.350,RX,29 43 73 3F E2 B5 94 3F 0F 8E 21 C1 EE 50 1B C1 55 93 18 C1 88 E4 24 3C C6 53 71 BD 00 00 A4 BC 00 00 26 3D 00 B0 90 3F 00 00 80 7F,
533,16:40:42.355,RX,44 DD 85 3F 28 B0 9E 3E 39 4D 28 C1 2B 68 20 C1 05 FD 1B C1 3B AA 8B 3B 80 55 A5 BD 00 00 D0 BB 00 00 72 3D 00 00 9E 3F 00 00 80 7F,
534,16:40:42.360,RX,C7 AD 90 3F 08 AD 35 3F 52 3D 2F C1 41 D5 26 C1 79 BD 21 C1 B4 80 BD 3B D5 06 AD BD 00 00 00 3B 00 00 99 3D 00 A0 95 3F 00 00 80 7F,
535,16:40:42.365,RX,49 60 9C 3F 83 95 88 3F C6 EE 35 C1 20 51 28 C1 B5 7D 27 C1 CF 6B 80 BB E6 0C C3 BD 00 00 D8 3C 00 00 9B 3D 00 20 97 3F 00 00 80 7F,
536,16:40:42.370,RX,5E C3 A9 3F 3A 76 1E 3F 5E 32 3D C1 2C E2 35 C1 10 34 2D C1 2F 9D 97 3B 04 40 E1 BD 00 00 1C BD 00 00 D0 3D 00 E0 98 3F 00 00 80 7F,
537,16:40:42.375,RX,17 BA B6 3F 80 2A 77 3D 9A 0E 44 C1 8C 83 39 C1 EE 66 33 C1 9E 6A F3 3A 07 44 F8 BD 00 00 89 BD 00 00 D3 3D 00 10 8C 3F 00 00 80 7F,
538,16:40:42.380,RX,A1 65 C4 3F C8 61 9C BE 97 8E 4A C1 B7 62 42 C1 49 EA 39 C1 EE D4 EF 3A 08 20 11 BE 00 00 F4 BC 00 00 BC 3D 00 70 A2 3F 00 00 80 7F,
539,16:40:42.385,RX,1B 80 CE 3F B0 31 C2 BE D8 AC 4E C1 6F 23 4A C1 E5 46 41 C1 43 27 8D 3C 86 2D 15 BE 00 00 80 3C 00 00 8D 3D 00 E0 9C 3F 00 00 80 7F,
540,16:40:42.390,RX,11 D0 D9 3F E0 D1 49 BF C7 CC 52 C1 05 46 4B C1 D0 E3 43 C1 A4 9E 20 3C 30 A9 2A BE 00 00 36 3D 00 00 97 3D 00 C0 93 3F 00 00 80 7F,
541,16:40:42.397,RX,A7 7B E3 3F CC 16 55 BF 9C 1D 57 C1 D2 B6 4F C1 90 70 4B C1 72 94 E1 3C 9F 3E 2A BE 00 00 94 BC 00 00 B5 3D 00 40 9A 3F 00 00 80 7F,
542,16:40:42.400,RX,AC 49 EE 3F 28 A4 B2 BF B2 F7 5A C1 D7 54 54 C1 1C FA 4C C1 49 82 F4 3C F6 77 36 BE 00 00 24 BD 00 00 00 3E 00 40 9D 3F 00 00 80 7F,
543,16:40:42.406,RX,55 47 F7 3F AE 32 F1 BF D6 9B 5D C1 39 E5 56 C1 26 30 55 C1 24 C3 FE 3C 65 FD 39 BE 00 00 F0 BC 00 00 56 3D 00 D0 97 3F 00 00 80 7F,
544,16:40:42.410,RX,EB 8C 02 40 04 BB FE BF E2 08 63 C1 17 13 5A C1 C1 C7 56 C1 32 21 16 3D DC 38 43 BE 00 00 80 3A 00 00 D5 3D 00 10 97 3F 00 00 80 7F,
545,16:40:42.415,RX,45 9D 07 40 14 63 27 C0 F5 53 67 C1 FC 9D 61 C1 87 F3 5A C1 79 2A 50 3D 2F AB 4C BE 00 00 14 BD 00 00 EC 3D 00 50 A0 3F 00 00 80 7F,
546,16:40:42.422,RX,2A BA 0C 40 94 CE 32 C0 77 F3 6A C1 AB A9 64 C1 F1 05 60 C1 C8 89 65 3D 9C A9 5A BE 00 00 1E BD 00 00 7A 3D 00 00 9E 3F 00 00 80 7F,
547,16:40:42.425,RX,F9 D6 12 40 8E 3D 26 C0 D1 4F 70 C1 08 A8 63 C1 D6 62 5F C1 D6 B3 6A 3D 7B 34 70 BE 00 00 00 BA 00 00 ED 3D 00 10 8D 3F 00 00 80 7F,
548,16:40:42.431,RX,17 70 15 40 C0 1C 26 C0 9C A1 70 C1 25 0F 69 C1 82 87 64 C1 59 CF 9C 3D 7D 73 6C BE 00 00 3E BD 00 00 E4 3D 00 A0 A6 3F 00 00 80 7F,
549,16:40:42.435,RX,6B 30 18 40 19 CE 8F C0 81 78 6E C1 1F 74 65 C1 C9 CA 68 C1 A4 5C 8C 3D A6 7E 77 BE 00 00 90 3B 00 00 A4 3C 00 00 91 3F 00 00 80 7F,
550,16:40:42.440,RX,31 76 1A 40 A2 D6 8E C0 C8 86 6F C1 AF 42 67 C1 86 74 65 C1 7D 25 9A 3D A3 62 7F BE 00 00 2A 3D 00 00 50 3D 00 00 89 3F 00 00 80 7F,
551,16:40:42.446,RX,49 61 1C 40 5C 95 89 C0 A0 00 6F C1 2A BA 63 C1 67 36 64 C1 2C E2 A6 3D 6C F4 81 BE 00 00 20 BC 00 00 9A 3D 00 F0 97 3F 00 00 80 7F,
552,16:40:42.450,RX,75 FC 1B 40 50 1B AF C0 06 8E 6A C1 D3 2A 65 C1 DC D3 66 C1 E4 8D D9 3D F9 4B 7C BE 00 00 60 BB 00 00 5E 3D 00 B0 A0 3F 00 00 80 7F,
553,16:40:42.456,RX,3E BB 1A 40 6C 8F B8 C0 04 81 65 C1 C0 DF 5A C1 01 AD 61 C1 05 65 C4 3D BE C4 76 BE 00 00 58 3C 00 00 4A 3D 00 70 83 3F 00 00 80 7F,
554,16:40:42.460,RX,C0 6E 1A 40 47 65 A8 C0 00 B5 63 C1 93 09 55 C1 92 8E 5C C1 44 2F BB 3D 78 25 7F BE 00 00 10 BC 00 00 AD 3D 00 D0 99 3F 00 00 80 7F,
555,16:40:42.465,RX,6E 80 15 40 92 59 B9 C0 0E 71 5A C1 05 79 51 C1 BC E2 5B C1 6E 23 DE 3D D3 9C 5F BE 00 00 88 BC 00 00 30 3D 00 F0 8C 3F 00 00 80 7F,
556,16:40:42.472,RX,E9 6B 17 40 9A 10 E4 C0 BF DD 58 C1 39 8A 47 C1 34 3F 51 C1 30 CD 94 3D A8 AF 82 BE 00 00 40 3C 00 00 D4 3C 00 70 99 3F 00 00 80 7F,
557,16:40:42.475,RX,6F F2 12 40 BC 8E BF C0 72 F6 51 C1 5F A9 43 C1 36 C6 4C C1 05 04 AC 3D 16 08 67 BE 00 00 00 3A 00 00 B0 3D 00 E0 79 3F 00 00 80 7F,
558,16:40:42.481,RX,C2 A9 0D 40 EA 7E D1 C0 B6 9A 48 C1 BD 26 3E C1 0D B2 46 C1 0A C7 BB 3D 85 EE 5E BE 00 00 E4 BC 00 00 28 3D 00 E0 A0 3F 00 00 80 7F,
559,16:40:42.485,RX,4D E5 06 40 52 81 E8 C0 1F 36 3C C1 C1 F8 33 C1 6D 3B 3C C1 8F 56 C3 3D 82 70 58 BE 00 00 60 3B 00 00 9C BC 00 40 87 3F 00 00 80 7F,
560,16:40:42.490,RX,06 F0 01 40 92 56 FA C0 D6 F3 33 C1 B9 5E 2B C1 66 29 30 C1 3E 77 B0 3D A6 70 62 BE 00 00 E0 BB 00 00 80 BC 00 50 96 3F 00 00 80 7F,
561,16:40:42.495,RX,4F 2F F0 3F 5C 63 FB C0 94 F9 24 C1 60 02 1B C1 E6 11 26 C1 26 7C BB 3D 85 DF 40 BE 00 00 C0 3B 00 00 90 3C 00 40 83 3F 00 00 80 7F,
562,16:40:42.500,RX,63 4A D7 3F 70 65 06 C1 51 F3 11 C1 B2 4D 0C C1 B2 FB 16 C1 AA DB C1 3D 24 70 30 BE 00 00 48 BC 00 00 00 BD 00 90 92 3F 00 00 80 7F,
563,16:40:42.505,RX,E6 37 BF 3F 5C 0D 10 C1 17 26 01 C1 86 C1 FD C0 43 E5 07 C1 55 85 C6 3D A5 83 22 BE 00 00 B0 3B 00 00 A0 BD 00 90 86 3F 00 00 80 7F,
564,16:40:42.511,RX,AD 3A A4 3F A4 4E 10 C1 6E 3D DF C0 D0 8E CE C0 6A A6 E5 C0 9A 10 AE 3D 58 3B 15 BE 00 00 F8 3C 00 00 F0 BC 00 A0 7A 3F 00 00 80 7F,
565,16:40:42.515,RX,72 0D 77 3F 86 AE 06 C1 BA BA AA C0 A8 20 A8 C0 91 C7 BA C0 C4 74 D8 3D BD EB DF BD 00 00 B0 BB 00 00 87 BD 00 C0 8D 3F 00 00 80 7F,
566,16:40:42.520,RX,44 86 26 3F 1C CF 0E C1 B0 13 6D C0 3A 8A 78 C0 3F 29 93 C0 BD 5F C6 3D 16 7E C1 BD 00 00 B0 3C 00 00 4F BE 00 60 83 3F 00 00 80 7F,
567,16:40:42.525,RX,C0 4E C3 3E 06 A7 0D C1 75 66 19 C0 11 07 06 C0 7C 53 33 C0 A0 D9 9D 3D 7D F7 AB BD 00 00 97 3D 00 00 D5 BD 00 00 6D 3F 00 00 80 7F,
568,16:40:42.531,RX,17 D1 F0 3D 1C 64 07 C1 37 FE 94 BF F3 BF 3C BF EF 23 9D BF 09 8A 94 3D 41 B4 9E BD 00 00 18 3C 00 00 20 BD 00 C0 8D 3F 00 00 80 7F,
569,16:40:42.535,RX,B0 C5 89 BE 80 51 F8 C0 5C 70 23 3F 8D 03 CA 3E EE 42 BD 3D 9F 32 C5 3D 1D 95 13 BD 00 00 06 BD 00 00 E1 BD 00 30 80 3F 00 00 80 7F,
570,16:40:42.540,RX,37 35 08 BF 1B AE 00 C1 74 D5 ED 3F FF 8F F1 3F 2F BD C5 3F 29 B7 95 3D 94 EA 3D BD 00 00 A4 3C 00 80 36 BE 00 70 8C 3F 00 00 80 7F,
571,16:40:42.547,RX,A0 9E 4D BF C8 9A FD C0 54 D1 48 40 C5 56 5D 40 FE F3 2F 40 FD EF 20 3D 53 A9 07 BD 00 00 50 3D 00 00 27 BE 00 80 79 3F 00 00 80 7F,
572,16:40:42.550,RX,A2 47 90 BF 74 C0 00 C1 49 17 99 40 32 4F 90 40 D0 9F 83 40 94 6B 69 3D 50 62 36 3B 00 00 94 3C 00 80 22 BE 00 E0 85 3F 00 00 80 7F,
573,16:40:42.555,RX,D4 20 B0 BF BB EE 09 C1 92 C6 C4 40 6D 6F B9 40 54 6C BE 40 74 48 63 3D DA FC D4 BB 00 00 DC BC 00 00 19 BE 00 90 8D 3F 00 00 80 7F,
574,16:40:42.561,RX,8F C1 D2 BF 99 A6 06 C1 ED 9C F0 40 02 C2 D9 40 54 90 DF 40 0F 05 91 3D 0A 14 82 3C 00 00 84 BC 00 80 1F BE 00 B0 88 3F 00 00 80 7F,
575,16:40:42.565,RX,D4 E0 F3 BF 09 52 05 C1 F1 83 0C 41 98 65 FC 40 68 70 09 41 70 1D B6 3D B6 9C 64 3C 00 00 B0 BB 00 80 1F BE 00 90 96 3F 00 00 80 7F,
576,16:40:42.571,RX,8C 13 0C C0 B5 47 00 C1 DE 9D 21 41 F2 D1 0F 41 62 CD 1A 41 5D 79 CE 3D AC 9C D1 3C 00 00 00 BC 00 80 44 BE 00 60 84 3F 00 00 80 7F,
577,16:40:42.575,RX,96 15 1F C0 F0 02 F1 C0 8B CB 37 41 02 C9 2A 41 5C 0A 33 41 4D 79 D9 3D 35 B6 F0 3C 00 00 18 BC 00 80 4A BE 00 60 85 3F 00 00 80 7F,
578,16:40:42.580,RX,08 8F 31 C0 7A 5E ED C0 C6 29 4D 41 F5 E3 3E 41 57 73 49 41 94 EC DF 3D AC 30 DB 3C 00 00 80 3B 00 80 5D BE 00 00 8B 3F 00 00 80 7F,
579,16:40:42.585,RX,BB DC 41 C0 AB B3 EB C0 43 15 60 41 65 0F 51 41 FF 76 5A 41 A2 D7 F9 3D F8 5D F2 3C 00 00 60 BC 00 00 34 BE 00 70 96 3F 00 00 80 7F,
580,16:40:42.590,RX,1E 64 53 C0 A4 9B DA C0 01 05 73 41 D5 F0 65 41 42 A2 6F 41 3E BA F4 3D 91 A7 AE 3C 00 00 60 BB 00 80 4B BE 00 30 89 3F 00 00 80 7F,
581,16:40:42.595,RX,16 B3 64 C0 D4 98 DE C0 D4 EA 83 41 21 0A 7B 41 58 BA 81 41 35 60 F2 3D 0E 2F AA 3C 00 00 00 3A 00 00 44 BE 00 10 8A 3F 00 00 80 7F,
582,16:40:42.600,RX,AC 72 75 C0 50 21 DC C0 AD F8 8D 41 9B F4 86 41 52 BF 89 41 2B 51 03 3E 79 D2 AF 3C 00 00 30 3C 00 80 54 BE 00 30 8B 3F 00 00 80 7F,
583,16:40:42.605,RX,95 72 83 C0 72 DC D2 C0 4D 0C 98 41 F9 EC 91 41 F1 FB 93 41 DA 83 F9 3D A8 5F B5 3C 00 00 38 3C 00 80 53 BE 00 E0 88 3F 00 00 80 7F,
584,16:40:42.610,RX,21 10 8B C0 86 A0 D0 C0 E3 3C A1 41 57 18 9A 41 1B 9A 9C 41 0F 19 FC 3D 82 7B 8A 3C 00 00 8C BC 00 80 45 BE 00 80 97 3F 00 00 80 7F,
585,16:40:42.615,RX,4C 92 92 C0 54 B4 D0 C0 3C 6F AA 41 5E 5F A3 41 0A 3B A4 41 FC C0 00 3E 8E D6 B8 3C 00 00 60 3C 00 80 46 BE 00 00 89 3F 00 00 80 7F,
586,16:40:42.620,RX,44 4F 9A C0 D9 44 D4 C0 B1 1C B4 41 7D E2 AB 41 A7 92 AB 41 22 BA FC 3D E6 9F C6 3C 00 00 00 3B 00 00 65 BE 00 40 8C 3F 00 00 80 7F,
587,16:40:42.625,RX,9D 2C A1 C0 A0 1D D8 C0 C3 6E BC 41 8A 3B B2 41 A6 04 B3 41 D6 92 06 3E AE 8F EF 3C 00 00 90 3C 00 00 61 BE 00 E0 84 3F 00 00 80 7F,
588,16:40:42.630,RX,B2 DF A7 C0 A6 68 C1 C0 44 F6 C3 41 F9 41 BC 41 D0 76 BA 41 2C C8 05 3E 68 F9 37 3D 00 00 20 BB 00 80 4C BE 00 80 8A 3F 00 00 80 7F,
589,16:40:42.635,RX,B3 D3 AE C0 B8 C6 C2 C0 A9 24 CC 41 A6 E8 C4 41 23 03 C4 41 D8 3D FD 3D E7 CA 06 3D 00 00 10 3C 00 80 43 BE 00 20 96 3F 00 00 80 7F,
590,16:40:42.640,RX,54 50 B5 C0 9D AD C5 C0 D3 57 D4 41 1B 7E CD 41 CB 65 CA 41 04 40 E1 3D C3 8F 3C 3D 00 00 BC BC 00 00 32 BE 00 A0 8D 3F 00 00 80 7F,
591,16:40:42.645,RX,3D 5F BA C0 65 1A D2 C0 21 AE DA 41 FE 1B D2 41 AD 4A D2 41 5D 8E E3 3D 46 58 07 3D 00 00 F0 BC 00 00 44 BE 00 F0 92 3F 00 00 80 7F,
592,16:40:42.650,RX,20 22 C0 C0 91 37 C0 C0 C5 DA E1 41 47 BE D7 41 CE 60 D5 41 F8 33 F0 3D BE 95 72 3D 00 00 4C BD 00 80 65 BE 00 00 89 3F 00 00 80 7F,
593,16:40:42.655,RX,97 CB C5 C0 D4 E6 CE C0 32 5E E9 41 22 5E DD 41 40 DD DD 41 67 D0 04 3E F1 5C 73 3D 00 00 B0 BB 00 00 6B BE 00 E0 93 3F 00 00 80 7F,
594,16:40:42.660,RX,D4 9F CB C0 16 C6 CB C0 31 70 F0 41 69 D2 E2 41 AF 3B E4 41 B1 1D 10 3E F0 78 92 3D 00 00 28 3C 00 00 42 BE 00 D0 91 3F 00 00 80 7F,
595,16:40:42.665,RX,72 DD D0 C0 48 48 B7 C0 11 13 F6 41 2B 59 E9 41 B8 2A EC 41 2D 25 1E 3E FC AE 85 3D 00 00 34 3D 00 80 4A BE 00 30 92 3F 00 00 80 7F,
596,16:40:42.670,RX,66 47 D8 C0 50 8A A4 C0 9A E8 FE 41 9C 6E F1 41 65 15 F1 41 75 DD 25 3E 4F 14 BE 3D 00 00 40 3C 00 00 5C BE 00 20 8A 3F 00 00 80 7F,
597,16:40:42.676,RX,16 41 DF C0 94 9E AE C0 A4 50 03 42 69 61 FB 41 83 FC F8 41 64 FE 20 3E 2E 9B B2 3D 00 00 DC 3C 00 80 7A BE 00 10 8C 3F 00 00 80 7F,
598,16:40:42.681,RX,58 FF E7 C0 62 CA AD C0 BA 02 08 42 70 08 03 42 77 91 01 42 F3 C2 08 3E C9 68 B8 3D 00 00 E0 BB 00 80 7B BE 00 C0 7E 3F 00 00 80 7F,
599,16:40:42.685,RX,00 E8 EC C0 18 12 90 C0 5B 4C 0A 42 35 D3 07 42 12 A7 04 42 B1 CA BF 3D 6A 41 98 3D 00 00 C0 3A 00 00 72 BE 00 50 8A 3F 00 00 80 7F,
600,16:40:42.690,RX,DF 1E F2 C0 78 CC 78 C0 50 B0 0C 42 3F 86 08 42 B5 CA 07 42 6B 4F BE 3D 85 F0 A3 3D 00 00 00 BC 00 00 59 BE 00 90 8D 3F 00 00 80 7F,
601,16:40:42.695,RX,E4 EC F4 C0 01 51 7F C0 E8 B4 0D 42 A8 18 0A 42 C7 0A 0A 42 21 59 86 3D 5C 1C 48 3D 00 00 F0 BB 00 00 41 BE 00 40 97 3F 00 00 80 7F,
602,16:40:42.701,RX,55 84 F8 C0 F2 0B 82 C0 AD 9D 0F 42 E7 4C 0A 42 D8 62 0B 42 A2 46 85 3D 9D 7F 46 3D 00 00 CC BC 00 00 4C BE 00 A0 96 3F 00 00 80 7F,
603,16:40:42.706,RX,6E DF FA C0 86 15 86 C0 D0 5D 11 42 99 36 0B 42 A4 B4 0C 42 CB 66 84 3D 0E A6 06 3D 00 00 A8 BC 00 00 36 BE 00 D0 93 3F 00 00 80 7F,
604,16:40:42.710,RX,A8 B8 FE C0 41 72 9A C0 00 B1 14 42 5D 47 0C 42 14 46 0D 42 A0 A9 A0 3D AF B1 75 3D 00 00 F0 BC 00 00 4A BE 00 80 90 3F 00 00 80 7F,
605,16:40:42.715,RX,EF 02 01 C1 6C 25 93 C0 3E 37 17 42 B6 31 0D 42 3D 05 0F 42 20 DC E8 3D 00 E1 A1 3D 00 00 00 3B 00 80 35 BE 00 30 8B 3F 00 00 80 7F,
606,16:40:42.720,RX,D7 DB 03 C1 3E D7 86 C0 57 D2 1A 42 4E 8C 10 42 0D E5 11 42 57 BF 0C 3E 21 28 CA 3D 00 00 84 3C 00 00 59 BE 00 40 89 3F 00 00 80 7F,
607,16:40:42.725,RX,22 17 07 C1 5E 27 80 C0 D6 FB 1D 42 66 F3 14 42 D6 D0 15 42 F7 64 14 3E 91 DA D6 3D 00 00 9C BC 00 00 45 BE 00 D0 88 3F 00 00 80 7F,
608,16:40:42.730,RX,89 8C 09 C1 F0 92 1D C0 73 4D 1F 42 FC FA 18 42 AA F5 19 42 BA 93 F4 3D 10 EB 9D 3D 00 00 C4 BC 00 80 36 BE 00 90 90 3F 00 00 80 7F,
609,16:40:42.735,RX,E2 7F 0A C1 C0 BD DD BF 67 38 1F 42 25 F6 19 42 34 03 1B 42 7C 1C C9 3D 34 D4 55 3D 00 00 04 BD 00 00 12 BE 00 90 9F 3F 00 00 80 7F,
610,16:40:42.740,RX,95 F6 0A C1 1C 2D DE BF 7C B7 1E 42 91 06 19 42 F4 A4 1A 42 F2 77 B3 3D 89 01 D4 3C 00 00 D4 BC 00 00 30 BE 00 E0 93 3F 00 00 80 7F,
611,16:40:42.746,RX,88 D7 0B C1 E8 8D B6 BF CA EF 1E 42 CA D2 18 42 A0 8A 1A 42 01 FB B2 3D A3 23 80 3C 00 00 00 BC 00 80 35 BE 00 30 8F 3F 00 00 80 7F,
612,16:40:42.750,RX,61 0A 0C C1 D0 3F B4 BF 86 1D 1F 42 5C 90 18 42 74 36 1A 42 95 1B A1 3D A7 00 04 BC 00 00 80 3B 00 00 4C BE 00 C0 99 3F 00 00 80 7F,
613,16:40:42.755,RX,22 0E 0C C1 3E C5 19 C0 6C A5 1F 42 F9 B9 17 42 84 F4 18 42 21 C1 A6 3D 2D AE 7D BC 00 00 80 BB 00 80 58 BE 00 40 92 3F 00 00 80 7F,
614,16:40:42.760,RX,6E F4 0B C1 56 BC 19 C0 37 BF 1F 42 6A A2 16 42 DD 7D 19 42 CF 92 E1 3D E1 31 98 BC 00 00 60 BC 00 80 29 BE 00 20 97 3F 00 00 80 7F,
615,16:40:42.765,RX,02 44 0C C1 78 70 F1 BF 80 3E 20 42 AB A8 16 42 E7 9A 18 42 58 D1 02 3E A2 3B D4 BB 00 00 18 BD 00 80 26 BE 00 A0 96 3F 00 00 80 7F,
616,16:40:42.770,RX,8D B5 0C C1 9E B5 10 C0 BB 95 20 42 29 83 17 42 32 AC 18 42 01 CD 0D 3E CF DC 36 BC 00 00 F0 BB 00 00 08 BE 00 20 98 3F 00 00 80 7F,
617,16:40:42.775,RX,04 E1 0D C1 90 AF D7 BF A6 A5 21 42 F1 9E 19 42 F5 2E 19 42 93 27 0C 3E B2 43 1F BB 00 00 E0 3B 00 80 23 BE 00 D0 85 3F 00 00 80 7F,
618,16:40:42.781,RX,57 36 0E C1 04 E4 AE BF A1 B8 21 42 AB F1 18 42 67 49 19 42 D3 B0 16 3E F1 4A 84 BB 00 00 00 00 00 00 27 BE 00 70 9C 3F 00 00 80 7F,
619,16:40:42.785,RX,98 AC 0E C1 CC E4 AB BF 3B E0 21 42 99 2F 18 42 02 6A 17 42 EE 37 23 3E 81 F8 D4 3B 00 00 B4 3C 00 80 80 BE 00 50 88 3F 00 00 80 7F,
620,16:40:42.790,RX,7C 47 0F C1 E0 AE 14 BF C4 81 21 42 93 4E 1B 42 76 70 19 42 65 E9 15 3E 42 CB 03 3C 00 00 54 3D 00 00 07 BE 00 80 6E 3F 00 00 80 7F,
621,16:40:42.795,RX,C2 EF 0F C1 60 98 56 BF EE 13 22 42 5D 17 1D 42 3D 92 19 42 51 07 FD 3D 6C E2 12 3C 00 00 A0 3B 00 00 26 BE 00 80 89 3F 00 00 80 7F,
622,16:40:42.800,RX,C6 23 10 C1 E0 8D C6 BE 71 A2 21 42 B5 39 1B 42 84 3E 18 42 21 D6 0C 3E DA AE 1A 3D 00 00 18 3C 00 00 CE BD 00 00 8C 3F 00 00 80 7F,
623,16:40:42.805,RX,1C 7E 10 C1 C0 66 45 3E 20 6C 21 42 93 FD 1C 42 F2 75 18 42 B5 DD D2 3D 6A 61 1C 3D 00 00 00 3D 00 00 27 BE 00 40 72 3F 00 00 80 7F,
624,16:40:42.810,RX,DF C1 10 C1 10 7A 89 3F 34 A5 20 42 28 DA 1C 42 43 AB 18 42 0C 32 C7 3D 60 2E 67 3D 00 00 88 3C 00 00 BB BD 00 C0 88 3F 00 00 80 7F,
625,16:40:42.815,RX,2A 02 10 C1 30 F3 AB 3F 7D 9E 1E 42 F8 05 1B 42 A2 6B 17 42 99 44 7C 3D 83 2F 3B 3D 00 00 C4 BC 00 00 DC BD 00 40 95 3F 00 00 80 7F,
626,16:40:42.820,RX,0C 52 0E C1 20 7F F6 3F D3 5E 1B 42 0C D8 17 42 7C D1 14 42 C8 F0 01 3D 66 52 21 3D 00 00 40 3C 00 80 1C BE 00 F0 87 3F 00 00 80 7F,
627,16:40:42.825,RX,A2 9F 0B C1 E0 BF 03 40 2B 4C 17 42 30 55 13 42 94 C0 12 42 D0 8C D2 3B FC 12 D5 3B 00 00 50 BC 00 00 1A BE 00 70 94 3F 00 00 80 7F,
628,16:40:42.830,RX,CA AB 08 C1 20 09 FE 3F 1D 6F 13 42 68 B5 0E 42 EF F9 0D 42 3A D2 D2 BB 4E BA 20 BB 00 00 28 BC 00 00 17 BE 00 F0 8D 3F 00 00 80 7F,
629,16:40:42.835,RX,64 6B 05 C1 60 78 E2 3F 1B 7B 0F 42 D0 4B 0A 42 90 21 0C 42 B1 03 72 BC E9 45 AA BC 00 00 C0 BA 00 00 D0 BC 00 70 92 3F 00 00 80 7F,
630,16:40:42.840,RX,DE 8E 02 C1 A0 96 0C 3F 72 06 0D 42 C9 C8 03 42 A8 49 06 42 BA 36 E3 3C BD 49 09 BB 00 00 22 BD 00 00 3E BD 00 C0 A5 3F 00 00 80 7F,
631,16:40:42.845,RX,FA F5 00 C1 80 36 45 3F B1 70 0B 42 D1 61 01 42 22 53 04 42 2A BE 67 3D 48 7C 81 3C 00 00 00 BA 00 00 8D BD 00 B0 8D 3F 00 00 80 7F,
632,16:40:42.850,RX,80 C7 FE C0 08 A0 CD 3F 6D 41 09 42 C8 3E FE 41 4D 17 02 42 DF 11 A0 3D BD B3 BA 3C 00 00 D0 BB 00 00 C2 BD 00 10 8D 3F 00 00 80 7F,
633,16:40:42.856,RX,31 AD F9 C0 28 E1 F4 3F A9 85 05 42 CD E4 FC 41 E0 36 FF 41 79 10 57 3D 6D DF 0B 3C 00 00 90 3B 00 00 D5 BD 00 70 89 3F 00 00 80 7F,
634,16:40:42.860,RX,3E 20 F4 C0 8A 56 29 40 DE D9 00 42 72 B4 F4 41 DA 4C FA 41 FE BA 74 3D F5 4E 7D BC 00 00 08 BC 00 00 22 BD 00 70 9B 3F 00 00 80 7F,
635,16:40:42.865,RX,EA FD ED C0 50 49 3B 40 31 D7 F7 41 A1 D8 ED 41 19 00 F1 41 DB 3F 17 3D 57 AE 11 BD 00 00 C0 BC 00 00 95 BD 00 00 96 3F 00 00 80 7F,
636,16:40:42.870,RX,9D 7B E6 C0 10 F4 4B 40 EF C6 EC 41 5C F6 E3 41 B4 6F E8 41 7F F7 E0 3C 89 FB 8D BD 00 00 BC BC 00 00 B4 BC 00 D0 A8 3F 00 00 80 7F,
637,16:40:42.875,RX,E7 02 E0 C0 46 E5 53 40 F2 D0 E3 41 6F A0 DA 41 56 3E DD 41 3C 3F F4 3C B4 B2 90 BD 00 00 08 3C 00 00 06 BD 00 40 8A 3F 00 00 80 7F,
638,16:40:42.881,RX,F0 6D D9 C0 C2 B7 6D 40 DF 12 DB 41 FD 4E D3 41 41 29 D5 41 BE 5F CE 3C EC 4F AF BD 00 00 B0 BB 00 00 00 BA 00 A0 9A 3F 00 00 80 7F,
639,16:40:42.885,RX,17 E3 D2 C0 C8 39 53 40 3C 50 D3 41 30 AF C8 41 49 D5 CA 41 1C B4 E6 3C 08 64 B2 BD 00 00 94 BC 00 00 80 3A 00 20 A1 3F 00 00 80 7F,
640,16:40:42.890,RX,3A 72 CC C0 78 17 5D 40 01 61 CB 41 9D 1B C0 41 6B BF C0 41 0F 86 0A 3D 63 EB AD BD 00 00 E0 BB 00 00 66 BD 00 90 93 3F 00 00 80 7F,
641,16:40:42.895,RX,93 CA C5 C0 D0 29 4C 40 5E 00 C3 41 96 12 B9 41 AE DC B8 41 FD BD 00 3D 58 9F BD BD 00 00 78 3C 00 00 16 BD 00 20 8F 3F 00 00 80 7F,
642,16:40:42.900,RX,31 FD BE C0 FA 9B 4F 40 23 1C BA 41 E3 D4 B0 41 FF 9A B1 41 B6 E1 FB 3C 2A 8F D2 BD 00 00 30 3C 00 00 18 BC 00 C0 90 3F 00 00 80 7F,
643,16:40:42.905,RX,EE 44 B9 C0 A4 71 6A 40 A1 86 B2 41 0B DA A7 41 56 3E A8 41 2B 7E 42 3D 71 EB B4 BD 00 00 18 BC 00 00 10 BC 00 90 8E 3F 00 00 80 7F,
644,16:40:42.910,RX,F0 3A B3 C0 28 94 6F 40 AC 52 AA 41 11 8C A0 41 DB E6 9E 41 67 62 43 3D A4 C6 AB BD 00 00 C0 3C 00 00 1A BD 00 E0 8E 3F 00 00 80 7F,
645,16:40:42.915,RX,48 95 AC C0 22 79 81 40 58 08 A1 41 E2 CC 9A 41 C7 E3 96 41 21 30 1D 3D 22 01 AE BD 00 00 C0 3C 00 00 00 3A 00 00 8A 3F 00 00 80 7F,
646,16:40:42.920,RX,AB 20 A5 C0 2C 3E 79 40 8C 35 97 41 BB 58 90 41 11 53 90 41 C2 B9 05 3D A0 D4 C4 BD 00 00 68 BC 00 00 3A 3D 00 C0 98 3F 00 00 80 7F,
647,16:40:42.925,RX,39 03 9F C0 59 AD 88 40 A7 8C 8E 41 CD 4B 88 41 79 F3 84 41 03 45 36 3D 05 B0 84 BD 00 00 A0 BB 00 00 91 3D 00 E0 8A 3F 00 00 80 7F,
648,16:40:42.930,RX,3D D6 98 C0 76 CA 9C 40 5D 7D 85 41 81 43 7F 41 33 27 7B 41 E3 01 26 3D 15 57 91 BD 00 00 90 BC 00 00 00 3D 00 D0 95 3F 00 00 80 7F,
649,16:40:42.935,RX,7A F1 90 C0 1E C7 9B 40 BD AD 75 41 4E 95 6B 41 B5 F2 66 41 DE 8D E8 3C A5 2E 9B BD 00 00 28 3C 00 00 00 BB 00 50 94 3F 00 00 80 7F,
650,16:40:42.941,RX,8E 9A 89 C0 89 1F B1 40 4C 92 60 41 8A 22 5B 41 E0 AB 52 41 3E 97 7B 3C 9D 8C 96 BD 00 00 48 3C 00 00 00 BA 00 90 8B 3F 00 00 80 7F,
651,16:40:42.945,RX,55 D0 81 C0 AB 2D B7 40 64 5D 4B 41 14 57 47 41 9E 55 43 41 FB 3C 53 3C F7 0C 97 BD 00 00 F0 3B 00 00 8A 3D 00 E0 8E 3F 00 00 80 7F,
652,16:40:42.950,RX,57 B3 73 C0 C3 84 B9 40 D2 DB 35 41 13 7C 2F 41 5C 8B 2E 41 46 09 1F 3C 4B EB AB BD 00 00 A0 BC 00 00 E0 3C 00 20 9A 3F 00 00 80 7F,
653,16:40:42.955,RX,38 B2 63 C0 E5 56 BC 40 70 F8 1F 41 B7 CE 1C 41 FF BF 16 41 18 C0 12 BC E3 62 A6 BD 00 00 60 3C 00 00 70 3C 00 20 8A 3F 00 00 80 7F,
654,16:40:42.960,RX,20 6A 53 C0 08 92 C8 40 66 7B 09 41 9A EC 05 41 DC B1 05 41 58 E4 04 BC C1 75 B3 BD 00 00 60 BB 00 00 88 3D 00 B0 9D 3F 00 00 80 7F,
655,16:40:42.965,RX,76 3F 43 C0 C5 EC CA 40 F4 B2 E7 40 55 07 DF 40 18 BE DD 40 26 96 49 BC 26 C2 AA BD 00 00 80 BA 00 00 2C 3D 00 70 8E 3F 00 00 80 7F,
656,16:40:42.972,RX,34 4C 33 C0 15 8C CF 40 43 5E BD 40 DD D4 B4 40 2F BB B8 40 36 F7 92 BC F4 F5 CA BD 00 00 60 3B 00 00 1C 3D 00 50 8B 3F 00 00 80 7F,
657,16:40:42.975,RX,74 E1 22 C0 DD 21 E2 40 14 6F 91 40 49 F7 8B 40 A9 E1 8B 40 BA 21 58 BC 5E 9C BA BD 00 00 50 BC 00 00 A1 3D 00 D0 98 3F 00 00 80 7F,
658,16:40:42.980,RX,10 D5 12 C0 B2 63 D7 40 08 CF 50 40 7B 71 44 40 46 F8 46 40 82 EC A2 BC 5C 2F BB BD 00 00 30 BC 00 00 BC 3D 00 50 91 3F 00 00 80 7F,
659,16:40:42.985,RX,1B E9 02 C0 9E 0C D5 40 7A 38 F8 3F C0 89 D4 3F 57 12 EE 3F 63 44 75 BC 63 5F CB BD 00 00 60 BB 00 00 A2 3D 00 70 93 3F 00 00 80 7F,
660,16:40:42.990,RX,23 E3 E4 BF AE 98 E5 40 62 EF 06 3F 51 27 B9 3E BB 49 2E 3F 12 A9 9B BC E8 72 DD BD 00 00 C0 3B 00 00 AC 3D 00 F0 90 3F 00 00 80 7F,
661,16:40:42.995,RX,4F 7C C4 BF DC 91 FA 40 FA A9 57 BF 75 16 4C BF 6E 86 40 BF 5D EE 81 BC CC 95 D6 BD 00 00 28 3C 00 00 B4 3D 00 70 8D 3F 00 00 80 7F,
662,16:40:43.000,RX,1A 17 A4 BF 3D AF E8 40 72 4C 09 C0 A9 28 E8 BF FC 6D E3 BF FC 03 18 BD D0 A5 F7 BD 00 00 80 BA 00 00 B8 3D 00 90 90 3F 00 00 80 7F,
663,16:40:43.006,RX,BC 5C 82 BF F5 45 EC 40 07 41 5E C0 F7 43 4F C0 A9 DE 4E C0 8B FF 41 BD A1 AE 07 BE 00 00 90 BC 00 00 B8 3D 00 A0 99 3F 00 00 80 7F,
664,16:40:43.010,RX,46 7B 42 BF 96 40 FF 40 E5 1F 9B C0 F5 CB A3 C0 43 C4 A2 C0 FA A9 4C BC 94 81 CB BD 00 00 A4 3C 00 00 81 3D 00 E0 92 3F 00 00 80 7F,
665,16:40:43.015,RX,5D EA 04 BF 33 99 0A 41 8D 8C C8 C0 9E D7 BE C0 C2 C2 BB C0 51 D4 C3 BC 3E BF E2 BD 00 00 18 BC 00 00 D6 3D 00 C0 8C 3F 00 00 80 7F,
666,16:40:43.020,RX,17 02 89 BE 80 62 06 41 F3 DD F6 C0 4A BD E6 C0 58 2B E8 C0 6B 97 26 BD 0B DE 00 BE 00 00 8C BC 00 00 D7 3D 00 F0 92 3F 00 00 80 7F,
667,16:40:43.026,RX,60 AF 91 BC 92 56 12 41 EA 7E 12 C1 E2 76 07 C1 B7 D1 07 C1 1E D5 47 BD 0D 6B 08 BE 00 00 38 BC 00 00 07 3E 00 A0 98 3F 00 00 80 7F,
668,16:40:43.030,RX,C9 61 71 3E B8 6F 15 41 A1 BC 28 C1 91 CA 1D C1 FC 1F 1F C1 73 87 4D BD 0C 38 09 BE 00 00 18 BC 00 80 17 3E 00 A0 9A 3F 00 00 80 7F,
669,16:40:43.035,RX,61 84 F6 3E 5C 80 12 41 41 E6 3C C1 5E E5 32 C1 E3 1C 34 C1 EF 7F 74 BD 2F 34 08 BE 00 00 10 BC 00 00 EB 3D 00 40 8C 3F 00 00 80 7F,
670,16:40:43.040,RX,AE 61 3C 3F 0E 7B 15 41 2B 58 52 C1 29 B2 49 C1 B4 FD 49 C1 1B AF 4C BD 8D D3 09 BE 00 00 B0 BB 00 00 12 3E 00 E0 9A 3F 00 00 80 7F,
671,16:40:43.046,RX,BE 9B 7E 3F 86 F0 1C 41 9E 07 68 C1 A6 35 5E C1 17 99 60 C1 91 DB 59 BD 58 03 01 BE 00 00 D0 BB 00 80 13 3E 00 40 94 3F 00 00 80 7F,
672,16:40:43.050,RX,4D 9F 9D 3F AA A9 18 41 FC F9 7B C1 99 12 73 C1 1F 42 73 C1 AB F3 46 BD BD D3 FF BD 00 00 F0 BB 00 00 FA 3D 00 20 94 3F 00 00 80 7F,
673,16:40:43.056,RX,25 41 BE 3F BC 96 16 41 5E FE 88 C1 10 90 83 C1 4D A7 82 C1 07 11 60 BD AB CA 0A BE 00 00 B0 BB 00 00 12 3E 00 10 8E 3F 00 00 80 7F,
674,16:40:43.060,RX,26 53 DD 3F D3 B8 29 41 9B C6 93 C1 BB 01 8D C1 06 EF 8E C1 E2 B0 51 BD 71 0F E7 BD 00 00 20 3C 00 80 13 3E 00 00 8E 3F 00 00 80 7F,
675,16:40:43.065,RX,70 DF FB 3F 4E 6A 2A 41 CB 48 9E C1 69 93 98 C1 A5 16 98 C1 0D 4E 2C BD 5C 6B EE BD 00 00 B0 BB 00 80 2D 3E 00 70 A1 3F 00 00 80 7F,
676,16:40:43.071,RX,4D EC 0C 40 55 5E 29 41 ED FB A8 C1 93 FC A0 C1 C8 35 A1 C1 EB 93 60 BD DF 61 03 BE 00 00 00 BC 00 80 1F 3E 00 C0 90 3F 00 00 80 7F,
677,16:40:43.075,RX,F1 B7 1C 40 30 18 36 41 86 FB B4 C1 D3 E1 AC C1 B9 CD A9 C1 00 F8 4A BD 2E 39 0E BE 00 00 94 BC 00 00 3A 3E 00 60 96 3F 00 00 80 7F,
678,16:40:43.081,RX,2C A5 2C 40 1B C6 3A 41 DF 6A C0 C1 E8 6B B5 C1 FF 9D B5 C1 B3 FB 8D BD 56 E9 19 BE 00 00 58 BC 00 80 24 3E 00 30 8E 3F 00 00 80 7F,
679,16:40:43.085,RX,A2 34 3D 40 48 7F 3B 41 8E B3 CB C1 1D 9A C1 C1 3C 16 BF C1 8E 23 94 BD 12 22 2B BE 00 00 18 BC 00 00 28 3E 00 90 92 3F 00 00 80 7F,
680,16:40:43.090,RX,41 F3 4B 40 56 DD 43 41 3F 3A D6 C1 88 AA CB C1 26 5B CA C1 97 2F 9A BD 1B F1 28 BE 00 00 D0 BB 00 00 1B 3E 00 F0 8C 3F 00 00 80 7F,
681,16:40:43.095,RX,7F 3D 5C 40 48 39 43 41 4E 1B E1 C1 27 B9 D7 C1 23 E6 D5 C1 16 97 8C BD 9D 5B 30 BE 00 00 20 BB 00 80 28 3E 00 C0 9D 3F 00 00 80 7F,
682,16:40:43.100,RX,B5 9E 6C 40 B3 10 49 41 80 37 EC C1 FC 53 E0 C1 77 0E DF C1 9D FA 8D BD 48 A5 32 BE 00 00 A0 BC 00 00 4C 3E 00 80 8A 3F 00 00 80 7F,
683,16:40:43.108,RX,04 2F 7B 40 94 33 4C 41 62 A9 F5 C1 1A E5 ED C1 93 C3 EA C1 90 5A 50 BD 7A 43 34 BE 00 00 E4 BC 00 80 3F 3E 00 30 A7 3F 00 00 80 7F,
684,16:40:43.111,RX,05 7D 85 40 FE A0 48 41 5A 44 00 C2 98 2E F4 C1 2F 1E F5 C1 F9 23 84 BD 96 67 3D BE 00 00 58 3C 00 80 0C 3E 00 20 73 3F 00 00 80 7F,
685,16:40:43.115,RX,ED 57 8D 40 FA EC 52 41 FC CF 05 C2 64 AB FE C1 49 47 00 C2 C5 CA 94 BD DD 95 3F BE 00 00 B4 3C 00 80 27 3E 00 B0 8E 3F 00 00 80 7F,
686,16:40:43.120,RX,5C AA 95 40 97 D1 5B 41 17 7E 0B C2 DF AF 04 C2 64 3A 05 C2 52 3C 81 BD D4 A0 2F BE 00 00 00 3D 00 80 4B 3E 00 D0 84 3F 00 00 80 7F,
687,16:40:43.125,RX,EB 21 9E 40 6D 5D 4E 41 E5 71 10 C2 4B B6 09 C2 D3 1A 0B C2 63 F5 8A BD 72 18 2F BE 00 00 D0 BC 00 00 50 3E 00 A0 9B 3F 00 00 80 7F,
688,16:40:43.132,RX,8D B1 A6 40 84 DC 4E 41 C1 0A 16 C2 EB A7 10 C2 3C 83 10 C2 43 72 7F BD C2 28 29 BE 00 00 20 3C 00 00 20 3E 00 C0 89 3F 00 00 80 7F,
689,16:40:43.135,RX,A6 EF AD 40 15 71 63 41 3E 29 1B C2 98 89 14 C2 DF C0 15 C2 39 B4 33 BD 3B 43 0D BE 00 00 00 3D 00 00 5B 3E 00 C0 88 3F 00 00 80 7F,
690,16:40:43.140,RX,73 D9 B6 40 02 EE 58 41 A9 BE 20 C2 6E D2 19 C2 2C 87 1A C2 9B 0F 4E BD 1A CA 0A BE 00 00 80 BB 00 80 58 3E 00 E0 85 3F 00 00 80 7F,
691,16:40:43.145,RX,4A EE BD 40 01 4B 64 41 24 0D 26 C2 C1 81 1E C2 EE DB 1F C2 D2 DC 28 BD 14 80 F7 BD 00 00 A8 BC 00 00 5A 3E 00 30 8D 3F 00 00 80 7F,
692,16:40:43.150,RX,9A 99 C6 40 8A 4E 74 41 BC F7 2C C2 C7 12 24 C2 53 5A 25 C2 35 64 8E BD C6 CB 0E BE 00 00 D4 BC 00 00 21 3E 00 A0 8E 3F 00 00 80 7F,
693,16:40:43.155,RX,34 50 D0 40 8B F3 7E 41 FC B3 34 C2 F3 CF 27 C2 49 71 28 C2 E5 19 D3 BD F3 D3 31 BE 00 00 D0 BC 00 40 8A 3E 00 80 80 3F 00 00 80 7F,
694,16:40:43.160,RX,1D 2E DA 40 48 F1 79 41 56 6F 3B C2 E8 0C 30 C2 FA AE 30 C2 23 EF 09 BE A3 40 49 BE 00 00 9B BD 00 80 6C 3E 00 B0 AE 3F 00 00 80 7F,
695,16:40:43.165,RX,29 FB E3 40 24 45 7B 41 4B 85 41 C2 8D 81 36 C2 C0 E4 36 C2 75 42 08 BE 81 2C 44 BE 00 00 87 3D 00 00 84 3E 00 A0 83 3F 00 00 80 7F,
696,16:40:43.170,RX,FB C4 EB 40 B4 6B 75 41 63 A6 45 C2 DE 31 3D C2 57 23 3D C2 6C 4F D2 BD 0B 28 24 BE 00 00 90 BB 00 80 A4 3E 00 C0 9C 3F 00 00 80 7F,
697,16:40:43.175,RX,01 08 F6 40 79 31 5C 41 E3 EC 4A C2 59 AC 43 C2 69 89 44 C2 14 7E EA BD 94 D8 26 BE 00 00 4C 3D 00 80 24 3E 00 50 95 3F 00 00 80 7F,
698,16:40:43.182,RX,34 45 01 41 6B 44 72 41 08 0C 53 C2 D4 7A 49 C2 16 81 48 C2 07 A0 BA BD A1 6D 20 BE 00 80 1A 3E 00 80 D2 3E 00 C0 7D 3F 00 00 80 7F,
699,16:40:43.185,RX,12 E1 07 41 8D 32 8B 41 11 EC 5C C2 ED E4 51 C2 8E BF 4F C2 0D 61 C1 BD 1A 9C 38 BE 00 00 CB BD 00 00 C5 3E 00 90 9E 3F 00 00 80 7F,
700,16:40:43.190,RX,5F A6 0F 41 7D F8 89 41 BD 3C 68 C2 63 CC 5A C2 8D F6 5A C2 4F BF 15 BE 37 5B 4C BE 00 00 91 3D 00 C0 C7 3E 00 D0 A7 3F 00 00 80 7F,
701,16:40:43.195,RX,BB C4 17 41 87 27 78 41 78 31 73 C2 70 CA 64 C2 FC 2A 5C C2 E1 FC 34 BE 8C 9B AE BE 00 00 C4 BC 00 40 FA 3E 00 C0 B9 3F 00 00 80 7F,
702,16:40:43.200,RX,1D 2B 1A 41 F6 D6 73 41 51 C7 74 C2 6D 78 6C C2 00 A6 65 C2 30 5C EA BD 6D 97 AA BE 00 00 99 BD 00 80 99 3E 00 40 AB 3F 00 00 80 7F,
703,16:40:43.205,RX,3A 3E 20 41 AF 5A 6B 41 F3 A7 79 C2 33 82 70 C2 5B DE 69 C2 E7 D8 D9 BD 57 74 BB BE 00 00 76 BD 00 80 BB 3E 00 00 9B 3F 00 00 80 7F,
704,16:40:43.210,RX,CD 54 22 41 9C 51 5D 41 68 C8 7A C2 BF 3F 76 C2 89 2B 71 C2 BC 52 94 BC 13 56 9A BE 00 00 66 BD 00 80 B9 3E 00 C0 9B 3F 00 00 80 7F,
705,16:40:43.215,RX,94 D0 2B 41 27 D7 42 41 DF D2 82 C2 30 62 79 C2 DF E7 75 C2 26 6D CA BD ED 3E D6 BE 00 00 68 3C 00 00 B3 3E 00 00 A8 3F 00 00 80 7F,
706,16:40:43.220,RX,5A 9F 2D 41 64 F4 67 41 AA 2C 84 C2 3F E9 7B C2 4B DF 7E C2 9D FF 0C BD 1C 1F A0 BE 00 00 A2 3D 00 80 C2 3E 00 C0 4D 3F 00 00 80 7F,
707,16:40:43.225,RX,99 0C 36 41 EF CE 44 41 48 89 88 C2 1C 3C 84 C2 AD EA 84 C2 67 0E 4A BD 23 0C AE BE 00 00 EC BC 00 80 16 3E 00 60 CC 3F 00 00 80 7F,
708,16:40:43.230,RX,A9 43 3D 41 00 23 4C 41 7E 27 8D C2 D0 EB 82 C2 73 84 85 C2 F4 0C 9E BD 38 9F A4 BE 00 00 C9 3D 00 80 FD 3E 00 00 EC 3E 00 00 80 7F,
709,16:40:43.235,RX,CE 7C 41 41 32 93 40 41 D3 49 8F C2 94 DF 8A C2 77 D4 8D C2 C8 40 6C BD 89 D1 8E BE 00 80 7A BE 00 00 8F 3D 00 90 D9 3F 00 00 80 7F,
710,16:40:43.240,RX,C6 5A 57 41 D6 FC 45 41 80 D1 9C C2 8A 49 8B C2 2C 5C 8F C2 CE E3 64 BE 72 C9 BD BE 00 00 3E 3E 00 E0 32 3F 00 00 40 BB 00 00 80 7F,
711,16:40:43.245,RX,3D 6C 54 41 8C 4C 61 41 A3 C2 9A C2 C6 9D 98 C2 C9 66 9C C2 09 F5 F9 3C 1B A4 C1 BD 00 80 65 BE 00 80 6D 3E 00 58 13 40 00 00 80 7F,
712,16:40:43.250,RX,80 3F 6E 41 23 69 27 41 59 87 AA C2 B5 A7 9B C2 21 30 9C C2 56 CB B7 BE E9 B9 F9 BE 00 00 2D 3E 00 80 1F 3F 00 C0 A9 3F 00 00 80 7F,
713,16:40:43.256,RX,96 B6 66 41 50 03 5C 41 AE 76 A5 C2 33 A1 A1 C2 59 68 A5 C2 D3 E6 D3 3C 9F 71 3D BD 00 00 02 3E 00 00 36 3D 00 80 2B 3E 00 00 80 7F,
714,16:40:43.260,RX,9F B5 88 41 7B 18 24 41 38 8F BE C2 6E 89 B7 C2 5E BB B5 C2 FC 1A CE BE 44 D5 0B BF 00 00 61 BE 00 20 45 BF 00 40 10 3F 00 00 80 7F,
715,16:40:43.265,RX,CE AD 63 41 8B 5A 93 41 89 EC A3 C2 71 60 B1 C2 C5 3F B7 C2 3E 52 9C 3E 6C 5F AA 3E 00 C0 0E 3F 00 80 FC BF 00 D0 47 C0 00 00 80 7F,
716,16:40:43.270,RX,4D 1C 3D 41 6C F6 6D 40 1D 77 8B C2 02 E6 83 C2 74 77 74 C2 8B 5E CB BE 66 60 20 BF 00 40 2C 3F 00 00 D3 BE 00 00 80 C0 00 00 80 7F,
717,16:40:43.275,RX,E9 F4 13 41 50 D9 3D 41 CE DB 63 C2 97 1F 74 C2 5F 97 79 C2 0F 5D 55 3D 4E DF E0 BD 00 C0 5F 3F 00 80 EE BE 00 E0 A3 BF 00 00 80 7F,
718,16:40:43.281,RX,AF 6C 1B 41 48 AA 81 41 40 08 73 C2 1D 91 41 C2 A4 F2 3F C2 1D 8B 60 BE 82 C3 91 BE 00 20 57 3F 00 60 0A 40 00 20 20 BF 00 00 80 7F,
719,16:40:43.285,RX,41 77 21 41 E2 C6 AB 41 60 2F 7E C2 61 B7 7E C2 89 8B 81 C2 66 5A 73 3D 3E 99 87 BD 00 E0 37 BF 00 80 75 BE 00 FE 7F 40 00 00 80 7F,
720,16:40:43.290,RX,C2 D4 15 41 76 E4 92 41 31 95 75 C2 C6 B9 47 C2 7C 4B 49 C2 BC 07 20 BE 27 E5 DE BD 00 80 68 3F 00 20 48 40 00 80 27 3E 00 00 80 7F,
721,16:40:43.295,RX,57 A4 DB 40 F8 59 84 41 0A 87 41 C2 56 18 2E C2 3F 44 2F C2 D3 FD A7 BD DE 04 3E BE 00 C0 83 BE 00 20 67 3F 00 68 47 40 00 00 80 7F,
722,16:40:43.300,RX,6B F7 ED 40 4E 06 6F 41 AC 96 4A C2 50 38 4B C2 30 26 52 C2 53 B5 32 BE 32 EA B6 BD 00 40 0A BF 00 80 AE BF 00 E0 D1 3F 00 00 80 7F,
723,16:40:43.305,RX,BD AC 17 41 01 EA 6E 41 38 C7 74 C2 F5 94 47 C2 57 ED 46 C2 78 D5 B4 BE 2A EA B7 BE 00 E0 24 3F 00 40 B4 3F 00 00 3B BF 00 00 80 7F,
724,16:40:43.310,RX,F2 9A 1A 41 DA B8 A9 41 7B A5 77 C2 81 07 7C C2 73 20 7D C2 2E D9 0E BD 62 D8 FB 3B 00 80 21 BF 00 C0 DB BE 00 F8 33 40 00 00 80 7F,
725,16:40:43.315,RX,FC 5B 50 41 FE 98 50 41 AD 49 9C C2 3F 0A 83 C2 AB 20 85 C2 80 24 28 BF 58 06 13 BF 00 80 F8 3E 00 B0 D2 3F 00 C0 69 3F 00 00 80 7F,
726,16:40:43.320,RX,37 06 4C 41 80 97 B8 41 DC A9 9A C2 40 05 95 C2 8D 5A 93 C2 14 C5 04 3D 33 E9 C9 3D 00 C0 CE BE 00 40 92 3E 00 00 5E BD 00 00 80 7F,
727,16:40:43.325,RX,96 97 5F 41 8C 44 34 41 7C 78 A4 C2 A4 AF A2 C2 E2 98 A2 C2 AD 05 72 BE CD 38 3B BE 00 00 D6 BE 00 70 87 BF 00 48 2A 40 00 00 80 7F,
728,16:40:43.331,RX,8A B1 79 41 FA 85 8C 41 B4 D9 B5 C2 7D 6D A1 C2 1F 52 9F C2 5A CB AC BE AF 8C A0 BE 00 60 0A 3F 00 B0 05 40 00 00 2D BF 00 00 80 7F,
729,16:40:43.335,RX,DD E4 7B 41 E4 F5 AE 41 32 51 B5 C2 77 94 B9 C2 46 16 B9 C2 48 40 6C BC 1E C3 02 3D 00 A0 2E BF 00 C0 74 BF 00 B0 27 40 00 00 80 7F,
730,16:40:43.340,RX,3C DE 96 41 64 C7 2C 41 BE 82 D3 C2 01 A6 BB C2 E2 84 B9 C2 DD F6 12 BF D5 DC 0B BF 00 40 B6 3E 00 90 FE 3F 00 20 22 3F 00 00 80 7F,
731,16:40:43.345,RX,EA D2 8F 41 10 7E 80 41 34 89 CB C2 17 81 CC C2 07 E4 CA C2 BF 9F 83 3D 2C D6 9D 3D 00 00 7F BE 00 80 4F 3E 00 40 23 3F 00 00 80 7F,
732,16:40:43.351,RX,7F 90 A1 41 0E A1 59 41 90 9F E0 C2 AF 2D D7 C2 E1 62 D5 C2 98 9C E2 BE C5 DC EB BE 00 80 B4 3E 00 C0 A8 BF 00 40 4A 3F 00 00 80 7F,
733,16:40:43.356,RX,83 FF A4 41 D5 86 78 41 00 B2 E6 C2 C8 C8 D9 C2 E3 A1 D5 C2 49 5E 09 BD 97 8C 02 BE 00 00 3C 3E 00 40 41 3F 00 C0 ED BE 00 00 80 7F,
734,16:40:43.361,RX,11 3A A4 41 E8 F1 2C 41 E8 32 E3 C2 2C B2 E4 C2 2F AF E5 C2 3E A7 91 3D DC BF 74 3D 00 00 13 BF 00 70 88 3F 00 A8 25 40 00 00 80 7F,
735,16:40:43.365,RX,84 A9 97 41 66 03 47 41 ED F8 D4 C2 B7 D0 D3 C2 20 D2 D3 C2 41 1B CF BD 13 87 FD BD 00 00 EC BD 00 00 28 BF 00 80 6F BE 00 00 80 7F,
736,16:40:43.370,RX,31 0A 94 41 A2 9C 8A 41 20 01 D0 C2 88 A2 C7 C2 A7 87 C8 C2 DB DD 43 BD F9 B4 7D BD 00 00 50 BE 00 A0 B5 3F 00 FE 7F 40 00 00 80 7F,
737,16:40:43.376,RX,DF 57 86 41 4C 7D 23 41 3B C1 BE C2 B9 7E BA C2 90 1A BC C2 9D BD 17 3E 57 8E 23 3E 00 40 83 BE 00 40 53 3F 00 E0 10 3F 00 00 80 7F,
738,16:40:43.381,RX,91 72 6D 41 6C 33 52 41 6E AC AC C2 49 F4 AD C2 19 09 AE C2 3A 67 A8 BD FC 30 8B BD 00 80 1A 3E 00 40 A3 BF 00 D0 C1 BF 00 00 80 7F,
739,16:40:43.385,RX,F3 2F 65 41 10 3C B5 41 66 90 A9 C2 F6 BD 9F C2 2A 43 A0 C2 6E EF 47 3C C8 3F FB 3C 00 00 DC BD 00 20 91 3F 00 30 7A 40 00 00 80 7F,
740,16:40:43.390,RX,05 D6 4E 41 5C 99 89 41 33 30 9C C2 4E 11 94 C2 4A 17 94 C2 B6 1E ED 3D E3 C0 0D 3E 00 80 DD BE 00 C0 68 3F 00 00 B9 3E 00 00 80 7F,
741,16:40:43.395,RX,EC 94 30 41 64 30 AD 41 3B 88 8B C2 4E 7A 89 C2 28 B1 8A C2 41 3A 13 BE 86 61 C0 BD 00 00 38 3E 00 60 92 BF 00 D0 D9 BF 00 00 80 7F,
742,16:40:43.400,RX,9C BD 2B 41 72 22 DA 41 2A 5F 8A C2 9C FF 7C C2 A3 A1 7E C2 C6 47 C3 BD 85 A3 10 BD 00 00 00 3B 00 50 9B 3F 00 90 73 40 00 00 80 7F,
743,16:40:43.405,RX,8F 81 EE 40 0E AD A5 41 58 D1 52 C2 CF C7 64 C2 C1 E5 64 C2 7A 7A 77 3D 45 16 C7 3D 00 00 D6 BD 00 00 C1 BD 00 40 1A BF 00 00 80 7F,
744,16:40:43.410,RX,71 DD AD 40 45 55 CC 41 7E 4A 2D C2 FB F1 27 C2 45 9B 29 C2 47 FD 45 3E AE 74 8A 3E 00 00 44 BD 00 C0 BD 3F 00 90 29 40 00 00 80 7F,
745,16:40:43.415,RX,DB DA 57 40 E2 B0 D5 41 C6 D0 06 C2 B0 E5 F1 C1 7C B6 F5 C1 27 97 71 3B 6C 18 CA 3D 00 80 5C BE 00 80 CF 3E 00 C0 0B 40 00 00 80 7F,
746,16:40:43.420,RX,95 BD 2E 3E 15 CF A8 41 F4 3E 91 C1 0D 68 96 C1 8B 3D 9D C1 3D 1E 3C BE 08 68 41 BD 00 00 B0 BB 00 80 47 BE 00 70 B2 BF 00 00 80 7F,
747,16:40:43.425,RX,39 6E 33 C0 04 C3 DC 41 E6 74 8D C0 79 0F 05 C1 DE 3B 14 C1 50 BF 92 3B C2 7D 2D 3E 00 00 26 3D 00 80 0D BF 00 40 8B BF 00 00 80 7F,
748,16:40:43.430,RX,A2 D9 8F C0 CA 4F 23 42 EF 64 15 40 34 CB 1D 40 8A C6 0C 40 B3 95 31 3E 52 2D B3 3E 00 80 19 BE 00 40 AE 3F 00 88 61 40 00 00 80 7F,
749,16:40:43.435,RX,B8 4E C3 C0 90 FB 2A 42 E6 2A 11 41 00 75 51 41 E4 37 42 41 BA 95 1D BD F6 64 3B 3E 00 00 A1 BE 00 E0 35 3F 00 80 14 40 00 00 80 7F,
750,16:40:43.440,RX,D3 D0 F0 BF 37 D9 0A 42 14 CB 34 C1 F6 BB 9E C0 EB 5C A3 C0 83 10 2D BF 14 B9 E7 BE 00 60 12 BF 00 80 40 BE 00 00 D6 3F 00 00 80 7F,
751,16:40:43.445,RX,23 E3 8F 3C 13 33 19 42 2C 0C B2 C1 C0 7A 5F C1 17 2D 56 C1 A6 46 3D BE 6E CF AB 3C 00 20 2C 3F 00 00 AC 3D 00 A0 56 BF 00 00 80 7F,
752,16:40:43.450,RX,CF EA 3F 3E D9 76 16 42 77 4F B6 C1 8F 86 B5 C1 89 7E AE C1 AA CD 06 BF 7A BB B4 BE 00 80 5A 3E 00 50 2B C0 00 E8 40 C0 00 00 80 7F,
753,16:40:43.455,RX,E1 D1 B7 3F 9F 1F 04 42 85 0B E6 C1 52 1F BD C1 01 3A B3 C1 62 25 F1 BE 35 7D 95 BE 00 00 0D 3E 00 20 07 3F 00 A0 46 3F 00 00 80 7F,
754,16:40:43.460,RX,E2 F0 15 40 7D B4 01 42 F8 D6 FF C1 75 9C 04 C2 6B 5B 02 C2 3B F1 7A BE 15 FF A5 BD 00 40 CD BE 00 D0 C9 3F 00 FE 7F 40 00 00 80 7F,
755,16:40:43.465,RX,56 5F 9F 40 10 69 CE 41 46 C7 32 C2 23 2D 10 C2 BD F8 08 C2 B3 6C 2A BF 01 E5 0E BF 00 00 17 3E 00 90 A5 3F 00 00 DE 3D 00 00 80 7F,
756,16:40:43.470,RX,00 79 8F 40 F7 4F E1 41 3F 72 29 C2 B2 22 25 C2 C7 CE 21 C2 A6 A8 48 BE 26 39 B4 BD 00 00 7E 3E 00 20 70 3F 00 80 C6 3E 00 00 80 7F,
757,16:40:43.475,RX,0F 80 B4 40 89 93 18 42 AB CC 42 C2 3E 83 46 C2 5C 74 3C C2 79 5A 59 BE 0E 1C 53 BE 00 80 84 BF 00 70 A9 3F 00 98 30 40 00 00 80 7F,
758,16:40:43.480,RX,8E 24 FA 40 A6 C0 14 42 74 76 74 C2 D5 6D 46 C2 1F 01 37 C2 A9 15 EF BE 39 7F 18 BF 00 00 8D 3E 00 00 34 3D 00 F8 01 C0 00 00 80 7F,
759,16:40:43.485,RX,A4 68 08 41 90 CD 14 42 2A 0B 7F C2 0D F8 82 C2 9F 2C 7C C2 D7 5C 95 BE 1B B9 01 BF 00 00 B0 3D 00 00 7E BD 00 20 C5 3F 00 00 80 7F,
760,16:40:43.491,RX,21 32 1C 41 B9 E5 0E 42 25 35 8C C2 C4 D6 81 C2 A4 85 82 C2 C6 FE F0 BD CB 85 82 BE 00 80 5F 3E 00 80 02 3E 00 80 0A BE 00 00 80 7F,
761,16:40:43.495,RX,3D 86 11 41 F9 17 06 42 22 87 84 C2 D9 DB 83 C2 3B 48 83 C2 E4 7E 61 BE 86 D8 BA BE 00 00 2C BE 00 40 20 BF 00 E0 9A 3F 00 00 80 7F,
762,16:40:43.501,RX,5B 93 07 41 59 11 00 42 37 36 79 C2 41 4F 7B C2 CC 61 80 C2 AD 95 31 3D 08 00 CB BD 00 40 AA BE 00 30 FF 3F 00 FE 7F 40 00 00 80 7F,
763,16:40:43.506,RX,36 0A 09 41 DA 5F F3 41 4C FA 79 C2 26 5F 77 C2 82 58 7B C2 06 0C BC BD 56 2D 40 BE 00 C0 60 BF 00 00 BC 3E 00 00 29 3F 00 00 80 7F,
764,16:40:43.510,RX,2F 90 05 41 B8 0C EB 41 BD 90 77 C2 CC B3 78 C2 BA 0F 7E C2 DB 97 C2 BE 99 70 F7 BE 00 80 2B 3E 00 80 14 BE 00 C8 08 C0 00 00 80 7F,
765,16:40:43.516,RX,E9 DB 19 41 8B CA 06 42 1E 34 8B C2 6B 1C 55 C2 88 BF 56 C2 90 1E 14 BF 8A BA 2D BF 00 00 13 3F 00 E0 46 3F 00 F0 32 C0 00 00 80 7F,
766,16:40:43.520,RX,83 6E 06 41 68 95 18 42 0C 8F 80 C2 A9 63 67 C2 70 BF 6C C2 25 10 1A BE 0F EF 7F BE 00 00 C3 3E 00 60 4E 3F 00 00 0D BF 00 00 80 7F,
767,16:40:43.525,RX,AD 15 35 41 2F F2 11 42 18 35 9C C2 80 A0 92 C2 66 B1 9C C2 2C 24 07 BF 34 E8 BC BE 00 00 36 BF 00 C0 3B 3F 00 E0 43 40 00 00 80 7F,
768,16:40:43.531,RX,EC F9 4C 41 C2 CE 26 42 74 F8 AE C2 6B 66 9B C2 00 32 A3 C2 EC E4 A1 BE AF 99 02 BE 00 80 C0 3E 00 40 20 3F 00 40 29 BF 00 00 80 7F,
769,16:40:43.535,RX,E3 46 6A 41 6C A5 32 42 E2 F2 C1 C2 A6 AB B4 C2 03 D6 B9 C2 99 3A 22 BF F6 FB B2 BE 00 C0 64 BF 00 60 9D 3F 00 78 6D 40 00 00 80 7F,
770,16:40:43.540,RX,38 40 84 41 E0 84 12 42 FB 56 D6 C2 E5 2C BE C2 4B 16 C3 C2 69 F9 4B BF F6 3D F7 BE 00 80 A8 3E 00 B0 D0 3F 00 80 2A BE 00 00 80 7F,
771,16:40:43.545,RX,F5 02 72 41 D2 F7 04 42 0D 4D C8 C2 1B 35 B3 C2 5B 44 B9 C2 26 53 1F BF 6E 1A 07 BE 00 80 BC 3E 00 10 B2 3F 00 A0 D3 BF 00 00 80 7F,
772,16:40:43.551,RX,3E 4C 89 41 F1 70 1C 42 B3 24 DB C2 7A 47 D9 C2 07 F3 D7 C2 DA 0E 44 BF 20 EA AA BE 00 00 41 BF 00 80 25 3F 00 FE 7F 40 00 00 80 7F,
773,16:40:43.557,RX,DB 79 95 41 98 E9 2B 42 07 EB EB C2 A7 0A E3 C2 4B 6D DD C2 7A DB A0 BE 3A FF 3A BD 00 60 08 3F 00 50 80 3F 00 F0 B0 BF 00 00 80 7F,
774,16:40:43.560,RX,63 AB AC 41 D2 47 13 42 37 5E 03 C3 DC 6D F9 C2 2A FA FD C2 2B A0 4C BF 56 E3 AB BE 00 40 AA BE 00 00 1A 3E 00 30 DF 3F 00 00 80 7F,
775,16:40:43.565,RX,AD 4B B5 41 CE 52 14 42 31 79 09 C3 08 0D 00 C3 B0 0F 02 C3 AF 2F 1F BF C5 4F 07 3C 00 C0 EF 3E 00 E0 4D 3F 00 00 73 BF 00 00 80 7F,
776,16:40:43.570,RX,72 2F C6 41 CA B9 32 42 45 5A 14 C3 A9 C3 11 C3 04 67 0A C3 94 E3 1B BF 94 47 C4 BE 00 A0 50 BF 00 B0 EF 3F 00 FE 7F 40 00 00 80 7F,
777,16:40:43.575,RX,AB C1 D0 41 24 7B 3B 42 00 00 16 C3 AB 4B 0B C3 79 47 09 C3 EC CD 38 BF C2 91 06 BF 00 C0 AA 3E 00 60 8A 3F 00 80 0A 3E 00 00 80 7F,
778,16:40:43.580,RX,C7 46 DD 41 B6 D0 28 42 00 00 16 C3 FA E5 0D C3 76 58 0F C3 4E 6A 86 BF 27 0C 0E BF 00 00 60 BC 00 40 25 3F 00 90 BB 3F 00 00 80 7F,
779,16:40:43.585,RX,0E 8D DB 41 42 A0 28 42 00 00 16 C3 5E AF 1F C3 AA 27 16 C3 06 86 13 BD 71 D8 41 BD 00 00 E9 3D 00 80 1E 3F 00 00 9B 3F 00 00 80 7F,
780,16:40:43.590,RX,94 F8 F2 41 B1 E3 59 42 00 00 16 C3 41 5C 12 C3 27 0F 0D C3 46 68 BA BD 3C A0 C5 BE 00 40 4D 3F 00 B0 8B 3F 00 C0 5F BF 00 00 80 7F,
781,16:40:43.595,RX,39 2C 0A 42 7B 6A 8D 42 00 00 16 C3 89 8F 04 C3 9B 07 10 C3 E9 26 6D BF E0 21 A9 BE 00 C0 D9 3E 00 10 A7 3F 00 80 A2 BF 00 00 80 7F,
782,16:40:43.600,RX,D3 D8 14 42 96 05 A9 42 00 00 16 C3 7F 09 04 C3 77 0B 0E C3 E1 BB 95 BF FF 09 E8 BE 00 80 2D BE 00 E0 C9 3F 00 30 87 3F 00 00 80 7F,
783,16:40:43.605,RX,AD 9B 16 42 EA 91 95 42 00 00 16 C3 C0 FC 0B C3 B1 71 11 C3 F4 03 9D BF B8 CE B4 BE 00 00 8B BE 00 90 84 3F 00 40 7C 3F 00 00 80 7F,
784,16:40:43.610,RX,5A D9 17 42 BB C2 8A 42 00 00 16 C3 A8 5B 1E C3 40 03 13 C3 D5 46 C6 BE 5A FF 30 BE 00 80 9C BE 00 80 FE 3E 00 90 F7 3F 00 00 80 7F,
785,16:40:43.615,RX,6B 61 16 42 50 88 8C 42 00 00 16 C3 10 BE 1F C3 46 F6 12 C3 DE FC 66 3E 28 08 4B BD 00 00 EB BD 00 00 85 3E 00 C0 1C 3F 00 00 80 7F,
786,16:40:43.620,RX,FA FE 1D 42 2E F1 99 42 00 00 16 C3 4D 6E 17 C3 03 20 11 C3 82 CB 75 3E 7D E5 14 BD 00 80 8D 3E 00 00 42 3E 00 20 34 BF 00 00 80 7F,
787,16:40:43.728,RX,5B 50 52 4F 54 45 43 54 5D 20 54 69 6C 74 20 6C 69 6D 69 74 20 65 78 63 65 65 64 65 64 2C 20 62 61 6C 61 6E 63 65 20 73 74 6F 70 70 65 64 0D 0A F3 56 31 42 88 F5 AE 42 00 00 00 00 85 9D 26 C3 F5 85 A4 C3 F5 B1 C1 3D 1E AD B8 BD 00 00 FB 3D 00 00 AE 3E 00 00 FC BE 00 00 80 7F,
788,16:40:43.730,RX,2F 18 2B 42 A0 4A A8 3F 00 00 00 00 9A 90 41 C4 18 67 DF C4 F5 B1 C1 3D 1E AD B8 BD 00 80 54 3F 00 50 B1 BF 00 C0 AF BE 00 00 80 7F,
789,16:40:43.734,RX,A8 68 37 42 50 AA F3 41 00 00 00 00 AA 33 1B C4 FB 08 BA C4 F5 B1 C1 3D 1E AD B8 BD 00 60 B6 3F 00 80 17 3F 00 A8 38 C0 00 00 80 7F,
790,16:40:43.740,RX,C4 86 49 42 2B C4 67 42 00 00 00 00 A3 78 4C C3 D0 6B 03 C4 F5 B1 C1 3D 1E AD B8 BD 00 80 7B 3E 00 40 C2 3E 00 C0 1D BF 00 00 80 7F,
791,16:40:43.745,RX,44 22 47 42 16 19 7B 42 00 00 00 00 68 54 C7 42 C2 4C 2C 43 F5 B1 C1 3D 1E AD B8 BD 00 C0 83 BE 00 40 99 3E 00 80 F6 3E 00 00 80 7F,
792,16:40:43.750,RX,40 57 53 42 F1 1A 8F 42 00 00 00 00 AC E8 39 43 05 07 B9 43 F5 B1 C1 3D 1E AD B8 BD 00 20 62 BF 00 80 E0 3F 00 C0 41 BF 00 00 80 7F,
793,16:40:43.754,RX,C3 4A 5E 42 9C 14 1F 42 00 00 00 00 40 D1 06 43 6C 07 75 43 F5 B1 C1 3D 1E AD B8 BD 00 E0 BE 3F 00 FE 7F 40 00 00 80 C0 00 00 80 7F,
794,16:40:43.759,RX,81 6A 50 42 06 89 4A 42 00 00 00 00 1D D9 05 42 31 A5 CA 41 F5 B1 C1 3D 1E AD B8 BD 00 00 41 BE 00 B0 8C 3F 00 00 F9 BE 00 00 80 7F,
795,16:40:43.764,RX,D0 FD 49 42 79 DC 5F 42 00 00 00 00 1C 4B 41 C2 B7 BC 06 C3 F5 B1 C1 3D 1E AD B8 BD 00 00 32 BE 00 40 D6 3E 00 80 69 3E 00 00 80 7F,
796,16:40:43.769,RX,C1 E6 4C 42 DB 4E 41 42 00 00 00 00 D6 1A A3 C2 27 02 3D C3 F5 B1 C1 3D 1E AD B8 BD 00 80 FE 3E 00 00 3E 3D 00 40 BF BF 00 00 80 7F,
797,16:40:43.774,RX,DF F4 49 42 43 88 17 42 00 00 00 00 27 D9 A5 C2 1A 1D 32 C3 F5 B1 C1 3D 1E AD B8 BD 00 00 60 BE 00 50 A3 3F 00 60 30 40 00 00 80 7F,
798,16:40:43.780,RX,07 CA 4C 42 8D 61 17 42 00 00 00 00 69 94 8C C2 0A 5F 0F C3 F5 B1 C1 3D 1E AD B8 BD 00 40 0A 3F 00 FE 7F 40 00 00 11 BE 00 00 80 7F,
799,16:40:43.784,RX,58 15 51 42 2D 86 59 42 00 00 00 00 74 FB 57 C2 D7 3B C1 C2 F5 B1 C1 3D 1E AD B8 BD 00 80 CF BE 00 10 A7 3F 00 B0 98 BF 00 00 80 7F,
800,16:40:43.789,RX,45 AC 5C 42 67 4F 58 42 00 00 00 00 7E 22 0B C2 19 5D 36 C2 F5 B1 C1 3D 1E AD B8 BD 00 C0 C4 3E 00 80 15 3E 00 00 26 BF 00 00 80 7F,
801,16:40:43.794,RX,92 73 62 42 1E 61 66 42 00 00 00 00 87 0B 8E C1 25 C3 82 C1 F5 B1 C1 3D 1E AD B8 BD 00 C0 C4 3E 00 40 C3 3E 00 80 8F 3E 00 00 80 7F,
802,16:40:43.799,RX,13 66 68 42 81 4E 6A 42 00 00 00 00 12 D9 87 C0 92 98 44 C1 F5 B1 C1 3D 1E AD B8 BD 00 00 60 3D 00 40 EF 3E 00 00 7B 3E 00 00 80 7F,
803,16:40:43.805,RX,C1 09 71 42 77 E7 69 42 00 00 00 00 5F 5C A9 40 34 C9 B1 C1 F5 B1 C1 3D 1E AD B8 BD 00 00 08 BC 00 18 0B 40 00 60 75 BF 00 00 80 7F,
804,16:40:43.809,RX,FB 88 77 42 A8 95 7A 42 00 00 00 00 33 A2 FE 40 C3 EE 12 C2 F5 B1 C1 3D 1E AD B8 BD 00 00 28 BC 00 00 82 3E 00 50 B7 BF 00 00 80 7F,
805,16:40:43.814,RX,97 B3 7E 42 EE 32 7F 42 00 00 00 00 D1 EB BF 40 75 F4 43 C2 F5 B1 C1 3D 1E AD B8 BD 00 C0 91 BE 00 80 9C 3F 00 60 9A BF 00 00 80 7F,
806,16:40:43.819,RX,BD 8F 83 42 2B 07 88 42 00 00 00 00 3D 08 97 40 E1 1F 68 C2 F5 B1 C1 3D 1E AD B8 BD 00 00 AB 3D 00 A0 43 3F 00 E0 00 BF 00 00 80 7F,
807,16:40:43.824,RX,A5 DB 84 42 BD AF 85 42 00 00 00 00 71 72 F4 40 BA 28 71 C2 F5 B1 C1 3D 1E AD B8 BD 00 80 5C 3E 00 80 1D 3F 00 00 28 BE 00 00 80 7F,
808,16:40:43.830,RX,B3 F6 86 42 00 66 79 42 00 00 00 00 3E 85 04 41 A1 92 68 C2 F5 B1 C1 3D 1E AD B8 BD 00 00 00 00 00 00 F8 3E 00 00 DC 3C 00 00 80 7F,
809,16:40:43.834,RX,7C BA 8A 42 E7 A6 81 42 00 00 00 00 4D FD 90 40 FE E1 5F C2 F5 B1 C1 3D 1E AD B8 BD 00 00 50 3D 00 90 98 3F 00 C0 1B BF 00 00 80 7F,
810,16:40:43.839,RX,72 63 8E 42 E4 A8 8D 42 00 00 00 00 6D 87 03 3E ED F2 5A C2 F5 B1 C1 3D 1E AD B8 BD 00 00 1A 3D 00 B0 9C 3F 00 C0 9E BE 00 00 80 7F,
811,16:40:43.844,RX,60 78 91 42 A5 AD 94 42 00 00 00 00 3F A5 51 40 B8 9D 3F C2 F5 B1 C1 3D 1E AD B8 BD 00 00 0C BD 00 E0 4B 3F 00 00 32 BD 00 00 80 7F,
812,16:40:43.849,RX,86 33 93 42 B4 4A 92 42 00 00 00 00 14 0B 48 41 9D 2A 17 C2 F5 B1 C1 3D 1E AD B8 BD 00 00 08 BE 00 60 6B 3F 00 00 C3 3D 00 00 80 7F,
813,16:40:43.855,RX,9F 52 95 42 FC 4C 93 42 00 00 00 00 03 A1 90 41 C2 0F 01 C2 F5 B1 C1 3D 1E AD B8 BD 00 00 44 BE 00 90 8A 3F 00 00 32 BE 00 00 80 7F,
814,16:40:43.859,RX,5C BC 97 42 F4 26 96 42 00 00 00 00 B6 F4 90 41 68 F3 F5 C1 F5 B1 C1 3D 1E AD B8 BD 00 00 B2 BD 00 20 83 3F 00 80 73 BE 00 00 80 7F,
815,16:40:43.864,RX,65 B6 99 42 87 AC 98 42 00 00 00 00 19 F4 7B 41 B4 D9 ED C1 F5 B1 C1 3D 1E AD B8 BD 00 00 46 BD 00 80 59 3F 00 00 9C BC 00 00 80 7F,
816,16:40:43.869,RX,BD 7F 9B 42 C4 CF 99 42 00 00 00 00 24 CA 4A 41 2E B9 DD C1 F5 B1 C1 3D 1E AD B8 BD 00 00 83 BD 00 E0 6E 3F 00 00 4A BD 00 00 80 7F,
817,16:40:43.874,RX,35 92 9D 42 83 01 9D 42 00 00 00 00 82 86 27 41 86 1E C8 C1 F5 B1 C1 3D 1E AD B8 BD 00 00 D3 BD 00 D0 89 3F 00 00 A0 BD 00 00 80 7F,
818,16:40:43.880,RX,A6 8A 9F 42 DF BB A0 42 00 00 00 00 C2 2A 27 41 3A 91 A7 C1 F5 B1 C1 3D 1E AD B8 BD 00 00 72 BD 00 20 71 3F 00 00 6A BD 00 00 80 7F,
819,16:40:43.884,RX,14 19 A1 42 E4 9D A0 42 00 00 00 00 4E B2 3C 41 38 7B 8B C1 F5 B1 C1 3D 1E AD B8 BD 00 00 4C 3D 00 80 3D 3F 00 80 18 BE 00 00 80 7F,
820,16:40:43.890,RX,2D CA A2 42 A9 58 A0 42 00 00 00 00 26 EB 3A 41 DE 78 81 C1 F5 B1 C1 3D 1E AD B8 BD 00 00 AC 3C 00 40 64 3F 00 00 27 BE 00 00 80 7F,
821,16:40:43.894,RX,A5 70 A4 42 6C A0 A1 42 00 00 00 00 B8 4E 1F 41 5C 23 72 C1 F5 B1 C1 3D 1E AD B8 BD 00 00 F0 3B 00 60 7E 3F 00 00 97 BD 00 00 80 7F,
822,16:40:43.899,RX,68 D1 A5 42 25 0E A2 42 00 00 00 00 C5 0B 04 41 AB 19 5B C1 F5 B1 C1 3D 1E AD B8 BD 00 00 18 3C 00 60 62 3F 00 00 02 BD 00 00 80 7F,
823,16:40:43.905,RX,52 0F A7 42 51 FA A1 42 00 00 00 00 33 C7 D4 40 D1 37 3D C1 F5 B1 C1 3D 1E AD B8 BD 00 00 10 BC 00 80 76 3F 00 00 88 BC 00 00 80 7F,
824,16:40:43.909,RX,D6 6F A8 42 54 26 A3 42 00 00 00 00 C4 B1 96 40 89 F8 14 C1 F5 B1 C1 3D 1E AD B8 BD 00 00 60 BC 00 40 7F 3F 00 00 3A BD 00 00 80 7F,
825,16:40:43.914,RX,67 C8 A9 42 FC A2 A4 42 00 00 00 00 11 79 25 40 45 5E BF C0 F5 B1 C1 3D 1E AD B8 BD 00 00 14 BD 00 20 7E 3F 00 00 88 BC 00 00 80 7F,
826,16:40:43.919,RX,F4 F4 AA 42 2A 91 A4 42 00 00 00 00 9E CB 9A 3F 3C E4 43 C0 F5 B1 C1 3D 1E AD B8 BD 00 00 20 BD 00 80 79 3F 00 00 28 3C 00 00 80 7F,
827,16:40:43.924,RX,43 27 AC 42 29 9C A5 42 00 00 00 00 9A 12 E4 BE A2 11 08 BF F5 B1 C1 3D 1E AD B8 BD 00 00 76 BD 00 E0 7C 3F 00 00 F8 BC 00 00 80 7F,
828,16:40:43.930,RX,B4 42 AD 42 EA 24 A6 42 00 00 00 00 17 DA B6 BF 5D 6F D5 3F F5 B1 C1 3D 1E AD B8 BD 00 00 32 BD 00 60 7F 3F 00 00 84 BD 00 00 80 7F,
829,16:40:43.935,RX,71 6D AE 42 37 FC A6 42 00 00 00 00 B8 03 BB BF 84 07 27 40 F5 B1 C1 3D 1E AD B8 BD 00 00 0E BD 00 60 7B 3F 00 00 88 BC 00 00 80 7F,
830,16:40:43.939,RX,C0 75 AF 42 2F 7F A6 42 00 00 00 00 8C 57 E5 BF E4 12 80 40 F5 B1 C1 3D 1E AD B8 BD 00 00 3E BD 00 A0 7C 3F 00 00 80 BB 00 00 80 7F,
831,16:40:43.944,RX,63 7F B0 42 45 52 A6 42 00 00 00 00 92 FF F7 BF 2A D9 AE 40 F5 B1 C1 3D 1E AD B8 BD 00 00 87 BD 00 20 7D 3F 00 00 28 BC 00 00 80 7F,
832,16:40:43.949,RX,84 7E B1 42 F0 9E A6 42 00 00 00 00 47 08 FB BF A2 9C CD 40 F5 B1 C1 3D 1E AD B8 BD 00 00 5A BD 00 00 7B 3F 00 00 34 BD 00 00 80 7F,
833,16:40:43.955,RX,8E 62 B2 42 62 23 A7 42 00 00 00 00 05 9E A2 BF A0 A4 D9 40 F5 B1 C1 3D 1E AD B8 BD 00 00 10 BD 00 10 81 3F 00 00 24 3D 00 00 80 7F,
834,16:40:43.959,RX,A7 33 B3 42 13 79 A6 42 00 00 00 00 A9 C5 10 BE 54 A3 D4 40 F5 B1 C1 3D 1E AD B8 BD 00 00 34 BD 00 30 82 3F 00 00 20 3D 00 00 80 7F,
835,16:40:43.964,RX,C9 EE B3 42 0E ED A6 42 00 00 00 00 9D B2 06 3F 3E 56 C7 40 F5 B1 C1 3D 1E AD B8 BD 00 00 E8 BC 00 B0 80 3F 00 00 94 BC 00 00 80 7F,
836,16:40:43.969,RX,D2 AC B4 42 0B A6 A6 42 00 00 00 00 0A E8 1A 3F DC 55 BA 40 F5 B1 C1 3D 1E AD B8 BD 00 00 A0 BC 00 80 7F 3F 00 00 08 3D 00 00 80 7F,
837,16:40:43.974,RX,51 52 B5 42 61 26 A6 42 00 00 00 00 E5 DE BC 3E 39 1A AD 40 F5 B1 C1 3D 1E AD B8 BD 00 00 14 BD 00 A0 7E 3F 00 00 68 3D 00 00 80 7F,
838,16:40:43.980,RX,A0 E3 B5 42 AF 2B A6 42 00 00 00 00 EC F0 D0 3D 4C A3 A8 40 F5 B1 C1 3D 1E AD B8 BD 00 00 50 BD 00 00 7C 3F 00 00 4C 3D 00 00 80 7F,
839,16:40:43.984,RX,82 6C B6 42 43 64 A6 42 00 00 00 00 F9 CC 5A BD 68 13 9C 40 F5 B1 C1 3D 1E AD B8 BD 00 00 DC BC 00 80 7B 3F 00 00 3A 3D 00 00 80 7F,
840,16:40:43.989,RX,51 E9 B6 42 86 D7 A4 42 00 00 00 00 9A 76 B4 BD 79 30 91 40 F5 B1 C1 3D 1E AD B8 BD 00 00 2C BD 00 60 7F 3F 00 00 BB 3D 00 00 80 7F,
841,16:40:43.994,RX,E0 73 B7 42 FB 26 A5 42 00 00 00 00 FD A6 75 BD C6 46 83 40 F5 B1 C1 3D 1E AD B8 BD 00 00 06 BD 00 C0 80 3F 00 00 4A 3D 00 00 80 7F,
842,16:40:44.000,RX,92 EA B7 42 DC 1D A5 42 00 00 00 00 F2 5D B1 BC D7 30 67 40 F5 B1 C1 3D 1E AD B8 BD 00 00 DC BC 00 C0 7E 3F 00 00 C1 3D 00 00 80 7F,
843,16:40:44.005,RX,55 62 B8 42 A0 5F A4 42 00 00 00 00 AC 8B B8 3B FE B3 3C 40 F5 B1 C1 3D 1E AD B8 BD 00 00 B8 BC 00 40 7D 3F 00 00 6E 3D 00 00 80 7F,
844,16:40:44.010,RX,C6 D8 B8 42 19 7D A3 42 00 00 00 00 5B F8 78 3C 71 18 1F 40 F5 B1 C1 3D 1E AD B8 BD 00 00 A4 BC 00 00 7E 3F 00 00 46 3D 00 00 80 7F,
845,16:40:44.015,RX,53 45 B9 42 53 F3 A2 42 00 00 00 00 94 67 3B 3C E8 B9 00 40 F5 B1 C1 3D 1E AD B8 BD 00 00 D4 BC 00 60 81 3F 00 00 50 3D 00 00 80 7F,
846,16:40:44.019,RX,37 B5 B9 42 BD 19 A2 42 00 00 00 00 AB 2F 38 3B 66 A1 8E 3F F5 B1 C1 3D 1E AD B8 BD 00 00 14 BD 00 40 7B 3F 00 00 38 3D 00 00 80 7F,
847,16:40:44.024,RX,43 15 BA 42 8C 8A A2 42 00 00 00 00 5B D4 59 BB 9F F1 13 3F F5 B1 C1 3D 1E AD B8 BD 00 00 80 BC 00 20 7C 3F 00 00 22 3D 00 00 80 7F,
848,16:40:44.030,RX,96 7A BA 42 BC 32 A1 42 00 00 00 00 25 7B 93 BB A2 29 C8 3D F5 B1 C1 3D 1E AD B8 BD 00 00 2A BD 00 E0 7A 3F 00 00 0C 3D 00 00 80 7F,
849,16:40:44.034,RX,C9 EA BA 42 2F 0F A1 42 00 00 00 00 E6 6F 4B BB DC 89 BE BE F5 B1 C1 3D 1E AD B8 BD 00 00 4A BD 00 E0 7C 3F 00 00 B4 3C 00 00 80 7F,
850,16:40:44.039,RX,90 55 BB 42 5F BA A0 42 00 00 00 00 0D 91 71 BA 28 0C 02 BF F5 B1 C1 3D 1E AD B8 BD 00 00 E4 BC 00 E0 7E 3F 00 00 DC 3C 00 00 80 7F,
851,16:40:44.044,RX,61 BE BB 42 CA 79 9F 42 00 00 00 00 EA 8C 15 3B 11 01 BE BE F5 B1 C1 3D 1E AD B8 BD 00 00 F0 BC 00 60 7D 3F 00 00 F4 3C 00 00 80 7F,
852,16:40:44.050,RX,37 20 BC 42 8E D8 9E 42 00 00 00 00 DC 41 A1 3B 21 06 20 BE F5 B1 C1 3D 1E AD B8 BD 00 00 0C BD 00 C0 7D 3F 00 00 E8 3C 00 00 80 7F,
853,16:40:44.055,RX,35 81 BC 42 7F 15 9F 42 00 00 00 00 4E 1D 6A 3B 12 1C 47 BA F5 B1 C1 3D 1E AD B8 BD 00 00 06 BD 00 10 80 3F 00 00 7E 3D 00 00 80 7F,
854,16:40:44.059,RX,C0 E2 BC 42 ED 00 9E 42 00 00 00 00 B5 01 B7 3A CB 1F 74 3D F5 B1 C1 3D 1E AD B8 BD 00 00 26 BD 00 80 7E 3F 00 00 D0 3B 00 00 80 7F,
855,16:40:44.064,RX,DC 45 BD 42 BB 12 9D 42 00 00 00 00 CB 73 EC BA 37 98 59 3D F5 B1 C1 3D 1E AD B8 BD 00 00 F8 BC 00 00 7C 3F 00 00 18 3C 00 00 80 7F,
856,16:40:44.069,RX,FC 93 BD 42 AD 2B 9C 42 00 00 00 00 79 7F 91 BB 06 92 C6 3C F5 B1 C1 3D 1E AD B8 BD 00 00 CC BC 00 80 7B 3F 00 00 C4 3C 00 00 80 7F,
857,16:40:44.074,RX,79 E9 BD 42 EA D4 9B 42 00 00 00 00 1B 46 6E BB 7D A6 24 3A F5 B1 C1 3D 1E AD B8 BD 00 00 EC BC 00 C0 7E 3F 00 00 C8 3C 00 00 80 7F,
858,16:40:44.080,RX,9C 2E BE 42 CB D9 9B 42 00 00 00 00 F9 FF DD BA 76 A9 1F BC F5 B1 C1 3D 1E AD B8 BD 00 00 1C BD 00 A0 7C 3F 00 00 B0 3C 00 00 80 7F,
859,16:40:44.084,RX,BA 6F BE 42 30 17 9B 42 00 00 00 00 0F 23 AA 3A 29 80 23 BC F5 B1 C1 3D 1E AD B8 BD 00 00 F4 BC 00 40 7E 3F 00 00 36 3D 00 00 80 7F,
860,16:40:44.091,RX,1C B9 BE 42 C6 EB 99 42 00 00 00 00 4F 20 98 3B 40 BE B1 BB F5 B1 C1 3D 1E AD B8 BD 00 00 14 BD 00 C0 7E 3F 00 00 50 3D 00 00 80 7F,
861,16:40:44.094,RX,B9 F5 BE 42 23 58 99 42 00 00 00 00 4C EA 6D 3B DE 8F AA B8 F5 B1 C1 3D 1E AD B8 BD 00 00 06 BD 00 A0 7E 3F 00 00 16 3D 00 00 80 7F,
862,16:40:44.099,RX,47 38 BF 42 6A E1 98 42 00 00 00 00 0D 30 D8 3A B5 F2 2D 3B F5 B1 C1 3D 1E AD B8 BD 00 00 0C BD 00 60 7E 3F 00 00 70 3C 00 00 80 7F,
863,16:40:44.105,RX,29 77 BF 42 91 88 97 42 00 00 00 00 C9 30 B0 BA 16 08 13 3B F5 B1 C1 3D 1E AD B8 BD 00 00 08 BD 00 A0 7C 3F 00 00 E0 3C 00 00 80 7F,
864,16:40:44.109,RX,3A B2 BF 42 A8 7F 97 42 00 00 00 00 99 99 99 BB AB 83 CA 3A F5 B1 C1 3D 1E AD B8 BD 00 00 16 BD 00 20 7D 3F 00 00 50 3C 00 00 80 7F,
865,16:40:44.116,RX,25 EB BF 42 60 AD 96 42 00 00 00 00 5F C4 70 BB 34 0F E8 39 F5 B1 C1 3D 1E AD B8 BD 00 00 08 BD 00 20 7D 3F 00 00 60 3C 00 00 80 7F,
866,16:40:44.119,RX,EC 1E C0 42 2D 7F 95 42 00 00 00 00 7F B2 DD BA A3 AC 99 BA F5 B1 C1 3D 1E AD B8 BD 00 00 02 BD 00 80 7E 3F 00 00 F0 3C 00 00 80 7F,
867,16:40:44.124,RX,7E 53 C0 42 B6 4D 95 42 00 00 00 00 1C E0 AA 3A 06 4C 24 BB F5 B1 C1 3D 1E AD B8 BD 00 00 F0 BC 00 20 7D 3F 00 00 D8 3C 00 00 80 7F,
868,16:40:44.131,RX,88 7F C0 42 0D 89 94 42 00 00 00 00 DF 51 98 3B 34 3B F2 BA F5 B1 C1 3D 1E AD B8 BD 00 00 16 BD 00 A0 7D 3F 00 00 B0 3C 00 00 80 7F,
869,16:40:44.134,RX,22 9D C0 42 32 9F 93 42 00 00 00 00 CC 4D 6E 3B E7 0D 4B BA F5 B1 C1 3D 1E AD B8 BD 00 00 0A BD 00 60 7D 3F 00 00 26 3D 00 00 80 7F,
870,16:40:44.140,RX,8C C0 C0 42 1B 93 92 42 00 00 00 00 1B F7 D8 3A DF FE 54 3A F5 B1 C1 3D 1E AD B8 BD 00 00 2E BD 00 60 7E 3F 00 00 2A 3D 00 00 80 7F,
871,16:40:44.144,RX,D7 DC C0 42 08 AE 91 42 00 00 00 00 BA 69 AF BA C2 D7 28 3B F5 B1 C1 3D 1E AD B8 BD 00 00 0A BD 00 C0 7D 3F 00 00 1E 3D 00 00 80 7F,
872,16:40:44.149,RX,22 FE C0 42 04 D5 90 42 00 00 00 00 D5 67 99 BB 13 3D 00 3B F5 B1 C1 3D 1E AD B8 BD 00 00 FC BC 00 60 7B 3F 00 00 CC 3C 00 00 80 7F,
873,16:40:44.155,RX,F8 23 C1 42 7E 17 90 42 00 00 00 00 D7 60 70 BB 8C 2A 70 3A F5 B1 C1 3D 1E AD B8 BD 00 00 08 BD 00 A0 7D 3F 00 00 E0 3C 00 00 80 7F,
874,16:40:44.159,RX,C9 40 C1 42 A5 1F 8F 42 00 00 00 00 6F EB DC BA 0D 9B 1C BA F5 B1 C1 3D 1E AD B8 BD 00 00 02 BD 00 00 7F 3F 00 00 0A 3D 00 00 80 7F,
875,16:40:44.164,RX,48 5C C1 42 1A 91 8E 42 00 00 00 00 2C A7 AB 3A A1 B5 15 BB F5 B1 C1 3D 1E AD B8 BD 00 00 EC BC 00 20 7D 3F 00 00 D0 3C 00 00 80 7F,
876,16:40:44.169,RX,33 74 C1 42 C7 14 8D 42 00 00 00 00 A3 83 98 3B E4 13 EB BA F5 B1 C1 3D 1E AD B8 BD 00 00 22 BD 00 20 7C 3F 00 00 9C 3C 00 00 80 7F,
877,16:40:44.174,RX,63 8F C1 42 BC 36 8C 42 00 00 00 00 54 B1 6E 3B 24 4D 56 BA F5 B1 C1 3D 1E AD B8 BD 00 00 0E BD 00 C0 7B 3F 00 00 F0 3C 00 00 80 7F,
878,16:40:44.181,RX,FA A4 C1 42 D2 19 8C 42 00 00 00 00 2B BE D9 3A 8C A7 2E 3A F5 B1 C1 3D 1E AD B8 BD 00 00 24 BD 00 C0 7D 3F 00 00 08 3D 00 00 80 7F,
879,16:40:44.184,RX,42 B2 C1 42 BB 46 8B 42 00 00 00 00 AA A2 AE BA 9E 74 18 3B F5 B1 C1 3D 1E AD B8 BD 00 00 0A BD 00 C0 7D 3F 00 00 C0 3C 00 00 80 7F,
880,16:40:44.189,RX,25 C0 C1 42 30 30 8A 42 00 00 00 00 11 36 99 BB CF 08 ED 3A F5 B1 C1 3D 1E AD B8 BD 00 00 DC BC 00 A0 7D 3F 00 00 EC 3C 00 00 80 7F,
881,16:40:44.194,RX,58 CF C1 42 45 57 89 42 00 00 00 00 4F FD 6F BB 9D 35 53 3A F5 B1 C1 3D 1E AD B8 BD 00 00 E8 BC 00 E0 7D 3F 00 00 F0 3C 00 00 80 7F,
882,16:40:44.199,RX,FB DE C1 42 17 C3 88 42 00 00 00 00 5F 24 DC BA 87 BE 38 BA F5 B1 C1 3D 1E AD B8 BD 00 00 1E BD 00 C0 7E 3F 00 00 CC 3C 00 00 80 7F,
883,16:40:44.206,RX,72 EE C1 42 D7 45 87 42 00 00 00 00 3C 6E AC 3A 2F BA 1C BB F5 B1 C1 3D 1E AD B8 BD 00 00 F8 BC 00 A0 7D 3F 00 00 FC 3C 00 00 80 7F,
884,16:40:44.209,RX,44 FD C1 42 B6 3F 87 42 00 00 00 00 67 B5 98 3B 4B 1C F9 BA F5 B1 C1 3D 1E AD B8 BD 00 00 08 BD 00 60 7E 3F 00 00 DC 3C 00 00 80 7F,
885,16:40:44.214,RX,F7 03 C2 42 13 E8 85 42 00 00 00 00 DC 14 6F 3B D2 5D 72 BA F5 B1 C1 3D 1E AD B8 BD 00 00 02 BD 00 60 7F 3F 00 00 06 3D 00 00 80 7F,
886,16:40:44.219,RX,A2 08 C2 42 85 23 85 42 00 00 00 00 3B 85 DA 3A E0 96 12 3A F5 B1 C1 3D 1E AD B8 BD 00 00 12 BD 00 80 7B 3F 00 00 BC 3C 00 00 80 7F,
887,16:40:44.224,RX,02 15 C2 42 7F 4F 84 42 00 00 00 00 9A DB AD BA 73 70 11 3B F5 B1 C1 3D 1E AD B8 BD 00 00 02 BD 00 60 7D 3F 00 00 B4 3C 00 00 80 7F,
888,16:40:44.231,RX,39 1A C2 42 4F DB 82 42 00 00 00 00 4D 04 99 BB 88 D1 FE 3A F5 B1 C1 3D 1E AD B8 BD 00 00 FC BC 00 E0 7F 3F 00 00 0E 3D 00 00 80 7F,
889,16:40:44.234,RX,91 21 C2 42 D5 0F 82 42 00 00 00 00 C8 99 6F BB A5 05 8C 3A F5 B1 C1 3D 1E AD B8 BD 00 00 12 BD 00 E0 7C 3F 00 00 D4 3C 00 00 80 7F,
890,16:40:44.239,RX,32 21 C2 42 2F DB 81 42 00 00 00 00 4F 5D DB BA 1E 5B B0 B9 F5 B1 C1 3D 1E AD B8 BD 00 00 FC BC 00 E0 7F 3F 00 00 14 3D 00 00 80 7F,
891,16:40:44.244,RX,61 29 C2 42 46 9A 80 42 00 00 00 00 4C 35 AD 3A F7 41 0E BB F5 B1 C1 3D 1E AD B8 BD 00 00 D4 BC 00 40 7D 3F 00 00 A8 3C 00 00 80 7F,
892,16:40:44.249,RX,36 2E C2 42 C9 63 80 42 00 00 00 00 2B E7 98 3B 83 39 04 BB F5 B1 C1 3D 1E AD B8 BD 00 00 F4 BC 00 60 7C 3F 00 00 8C 3C 00 00 80 7F,
893,16:40:44.256,RX,F2 30 C2 42 72 25 7E 42 00 00 00 00 64 78 6F 3B 33 F5 94 BA F5 B1 C1 3D 1E AD B8 BD 00 00 FC BC 00 60 7C 3F 00 00 DC 3C 00 00 80 7F,
894,16:40:44.259,RX,F9 29 C2 42 5B AA 7B 42 00 00 00 00 4B 4C DB 3A 09 D6 7E 39 F5 B1 C1 3D 1E AD B8 BD 00 00 14 BD 00 80 7D 3F 00 00 0C 3D 00 00 80 7F,
895,16:40:44.265,RX,42 25 C2 42 29 6B 7B 42 00 00 00 00 8B 14 AD BA C0 52 06 3B F5 B1 C1 3D 1E AD B8 BD 00 00 04 BD 00 20 7C 3F 00 00 26 3D 00 00 80 7F,
896,16:40:44.269,RX,DD 24 C2 42 74 08 79 42 00 00 00 00 89 D2 98 BB 27 EF 07 3B F5 B1 C1 3D 1E AD B8 BD 00 00 F4 BC 00 60 7C 3F 00 00 10 3C 00 00 80 7F,
897,16:40:44.274,RX,91 1E C2 42 1D B8 76 42 00 00 00 00 40 36 6F BB F1 49 AB 3A F5 B1 C1 3D 1E AD B8 BD 00 00 2C BD 00 20 7D 3F 00 00 30 3D 00 00 80 7F,
898,16:40:44.281,RX,E0 16 C2 42 57 70 75 42 00 00 00 00 3F 96 DA BA 55 32 D8 36 F5 B1 C1 3D 1E AD B8 BD 00 00 00 BD 00 40 7E 3F 00 00 02 3D 00 00 80 7F,
899,16:40:44.284,RX,21 0D C2 42 EB D7 73 42 00 00 00 00 5C FC AD 3A B9 32 EE BA F5 B1 C1 3D 1E AD B8 BD 00 00 12 BD 00 60 7D 3F 00 00 10 3D 00 00 80 7F,
900,16:40:44.289,RX,0F 09 C2 42 DB CB 70 42 00 00 00 00 EF 18 99 3B AE 4A 0B BB F5 B1 C1 3D 1E AD B8 BD 00 00 06 BD 00 00 7E 3F 00 00 C4 3C 00 00 80 7F,
901,16:40:44.294,RX,76 FC C1 42 45 E6 6F 42 00 00 00 00 EC DB 6F 3B 4C 9F AE BA F5 B1 C1 3D 1E AD B8 BD 00 00 10 BD 00 40 7E 3F 00 00 12 3D 00 00 80 7F,
902,16:40:44.299,RX,45 EE C1 42 1F 4B 6E 42 00 00 00 00 5B 13 DC 3A 53 0A 6D B8 F5 B1 C1 3D 1E AD B8 BD 00 00 FC BC 00 40 7E 3F 00 00 1A 3D 00 00 80 7F,
903,16:40:44.305,RX,9C E4 C1 42 2F 2B 6C 42 00 00 00 00 7B 4D AC BA CC DC E3 3A F5 B1 C1 3D 1E AD B8 BD 00 00 C0 BC 00 40 7D 3F 00 00 CC 3C 00 00 80 7F,
904,16:40:44.309,RX,9C E2 C1 42 65 15 6B 42 00 00 00 00 C5 A0 98 BB 4A 95 0E 3B F5 B1 C1 3D 1E AD B8 BD 00 00 06 BD 00 A0 7E 3F 00 00 80 3C 00 00 80 7F,
905,16:40:44.315,RX,92 D3 C1 42 50 90 69 42 00 00 00 00 B8 D2 6E BB DA 2F C7 3A F5 B1 C1 3D 1E AD B8 BD 00 00 F0 BC 00 60 7D 3F 00 00 DC 3C 00 00 80 7F,
906,16:40:44.319,RX,08 D0 C1 42 09 AE 65 42 00 00 00 00 2F CF D9 BA 90 B2 A9 39 F5 B1 C1 3D 1E AD B8 BD 00 00 14 BD 00 E0 7B 3F 00 00 D0 3C 00 00 80 7F,
907,16:40:44.324,RX,C5 C1 C1 42 6C B0 65 42 00 00 00 00 6C C3 AE 3A 94 FF B6 BA F5 B1 C1 3D 1E AD B8 BD 00 00 0A BD 00 C0 7E 3F 00 00 08 3D 00 00 80 7F,
908,16:40:44.331,RX,B5 B7 C1 42 A2 80 64 42 00 00 00 00 B3 4A 99 3B E4 1A 12 BB F5 B1 C1 3D 1E AD B8 BD 00 00 14 BD 00 80 7E 3F 00 00 D0 3C 00 00 80 7F,
909,16:40:44.334,RX,BA AA C1 42 4E 43 63 42 00 00 00 00 74 3F 70 3B D8 57 C6 BA F5 B1 C1 3D 1E AD B8 BD 00 00 D8 BC 00 40 7E 3F 00 00 A4 3C 00 00 80 7F,
910,16:40:44.339,RX,E3 9F C1 42 34 13 60 42 00 00 00 00 6B DA DC 3A E3 61 B2 B9 F5 B1 C1 3D 1E AD B8 BD 00 00 04 BD 00 20 7F 3F 00 00 E8 3C 00 00 80 7F,
911,16:40:44.344,RX,B3 92 C1 42 9A 49 5F 42 00 00 00 00 6B 86 AB BA 96 EB B0 3A F5 B1 C1 3D 1E AD B8 BD 00 00 2C BD 00 50 80 3F 00 00 EC 3C 00 00 80 7F,
912,16:40:44.349,RX,10 8A C1 42 C1 E9 5C 42 00 00 00 00 01 6F 98 BB CA 12 0D 3B F5 B1 C1 3D 1E AD B8 BD 00 00 0C BD 00 80 7E 3F 00 00 02 3D 00 00 80 7F,
913,16:40:44.355,RX,5E 81 C1 42 B3 0A 5C 42 00 00 00 00 30 6F 6E BB 31 4F B8 3A F5 B1 C1 3D 1E AD B8 BD 00 00 16 BD 00 A0 7E 3F 00 00 A4 3C 00 00 80 7F,
914,16:40:44.359,RX,5A 70 C1 42 13 16 5A 42 00 00 00 00 20 08 D9 BA A7 8E 54 39 F5 B1 C1 3D 1E AD B8 BD 00 00 18 BD 00 40 7D 3F 00 00 68 3C 00 00 80 7F,
915,16:40:44.364,RX,AC 5C C1 42 BE EF 58 42 00 00 00 00 7D 8A AF 3A 01 EF C6 BA F5 B1 C1 3D 1E AD B8 BD 00 00 E4 BC 00 E0 7C 3F 00 00 F0 3C 00 00 80 7F,
916,16:40:44.369,RX,B4 55 C1 42 2A ED 56 42 00 00 00 00 78 7C 99 3B 73 13 1A BB F5 B1 C1 3D 1E AD B8 BD 00 00 02 BD 00 00 7E 3F 00 00 70 3C 00 00 80 7F,
917,16:40:44.374,RX,48 42 C1 42 90 C1 53 42 00 00 00 00 FE A2 70 3B 1C 49 D6 BA F5 B1 C1 3D 1E AD B8 BD 00 00 14 BD 00 40 7D 3F 00 00 18 3D 00 00 80 7F,
918,16:40:44.381,RX,9F 32 C1 42 BD 6A 53 42 00 00 00 00 7F A1 DD 3A 00 27 F2 B9 F5 B1 C1 3D 1E AD B8 BD 00 00 16 BD 00 E0 7D 3F 00 00 08 3D 00 00 80 7F,
919,16:40:44.384,RX,75 1C C1 42 F8 CA 50 42 00 00 00 00 56 BF AA BA 4E FA A0 3A F5 B1 C1 3D 1E AD B8 BD 00 00 0C BD 00 E0 7C 3F 00 00 F8 3C 00 00 80 7F,
920,16:40:44.389,RX,A6 0B C1 42 66 D2 4F 42 00 00 00 00 3C 3D 98 BB F9 E0 2C 3B F5 B1 C1 3D 1E AD B8 BD 00 00 D4 BC 00 E0 7C 3F 00 00 08 3D 00 00 80 7F,
921,16:40:44.394,RX,FA F0 C0 42 4E D1 4E 42 00 00 00 00 A5 0B 6E BB 9B 6B ED 3A F5 B1 C1 3D 1E AD B8 BD 00 00 18 BD 00 00 7D 3F 00 00 E0 3C 00 00 80 7F,
922,16:40:44.400,RX,B6 DD C0 42 B0 DD 4C 42 00 00 00 00 0B 41 D8 BA F3 E6 33 3A F5 B1 C1 3D 1E AD B8 BD 00 00 06 BD 00 40 7E 3F 00 00 B4 3C 00 00 80 7F,
923,16:40:44.405,RX,55 CB C0 42 68 3D 4B 42 00 00 00 00 91 51 B0 3A F7 1E 74 BA F5 B1 C1 3D 1E AD B8 BD 00 00 00 BD 00 E0 7D 3F 00 00 D0 3C 00 00 80 7F,
924,16:40:44.409,RX,E7 B2 C0 42 F3 78 49 42 00 00 00 00 3D AE 99 3B FD 88 14 BB F5 B1 C1 3D 1E AD B8 BD 00 00 00 BD 00 20 7B 3F 00 00 C0 3C 00 00 80 7F,
925,16:40:44.415,RX,8D 9F C0 42 1B E2 46 42 00 00 00 00 88 06 71 3B EE C1 D2 BA F5 B1 C1 3D 1E AD B8 BD 00 00 16 BD 00 80 7E 3F 00 00 0C 3D 00 00 80 7F,
926,16:40:44.419,RX,AF 8A C0 42 B8 B9 45 42 00 00 00 00 93 68 DE 3A 5C 41 0C BA F5 B1 C1 3D 1E AD B8 BD 00 00 18 BD 00 40 7D 3F 00 00 1E 3D 00 00 80 7F,
927,16:40:44.424,RX,A6 72 C0 42 0D B9 44 42 00 00 00 00 42 F8 A9 BA 0F D1 89 3A F5 B1 C1 3D 1E AD B8 BD 00 00 0E BD 00 40 7C 3F 00 00 1C 3D 00 00 80 7F,
928,16:40:44.430,RX,B5 5B C0 42 BE 70 43 42 00 00 00 00 77 0B 98 BB 3D 7D 1A 3B F5 B1 C1 3D 1E AD B8 BD 00 00 1A BD 00 00 7D 3F 00 00 16 3D 00 00 80 7F,
929,16:40:44.434,RX,15 4B C0 42 27 C5 40 42 00 00 00 00 1B A8 6D BB A4 DB DA 3A F5 B1 C1 3D 1E AD B8 BD 00 00 20 BD 00 40 7E 3F 00 00 C4 3C 00 00 80 7F,
930,16:40:44.439,RX,56 31 C0 42 6B 4D 40 42 00 00 00 00 F7 79 D7 BA ED CF 14 3A F5 B1 C1 3D 1E AD B8 BD 00 00 1C BD 00 A0 7D 3F 00 00 D8 3C 00 00 80 7F,
931,16:40:44.444,RX,50 16 C0 42 FF 30 3F 42 00 00 00 00 A6 18 B1 3A 58 5B 89 BA F5 B1 C1 3D 1E AD B8 BD 00 00 1E BD 00 C0 7D 3F 00 00 C4 3C 00 00 80 7F,
932,16:40:44.449,RX,EF FE BF 42 82 55 3D 42 00 00 00 00 02 E0 99 3B 4C 2C 1C BB F5 B1 C1 3D 1E AD B8 BD 00 00 1E BD 00 A0 7E 3F 00 00 C8 3C 00 00 80 7F,
933,16:40:44.455,RX,E9 E5 BF 42 99 98 3B 42 00 00 00 00 13 6A 71 3B 1E 08 E2 BA F5 B1 C1 3D 1E AD B8 BD 00 00 14 BD 00 00 7C 3F 00 00 22 3D 00 00 80 7F,
934,16:40:44.459,RX,E2 D0 BF 42 0F 45 39 42 00 00 00 00 A9 2F DF 3A A8 CD 2A BA F5 B1 C1 3D 1E AD B8 BD 00 00 18 BD 00 20 7F 3F 00 00 A4 3C 00 00 80 7F,
935,16:40:44.464,RX,07 B7 BF 42 AA 65 38 42 00 00 00 00 2D 31 A9 BA D1 15 75 3A F5 B1 C1 3D 1E AD B8 BD 00 00 14 BD 00 E0 7D 3F 00 00 98 3C 00 00 80 7F,
936,16:40:44.469,RX,2D 9E BF 42 14 07 37 42 00 00 00 00 B2 D9 97 BB 2A DA 12 3B F5 B1 C1 3D 1E AD B8 BD 00 00 1C BD 00 00 80 3F 00 00 02 3D 00 00 80 7F,
937,16:40:44.474,RX,57 86 BF 42 03 8E 35 42 00 00 00 00 91 44 6D BB C8 67 EF 3A F5 B1 C1 3D 1E AD B8 BD 00 00 00 BD 00 80 7F 3F 00 00 A4 3C 00 00 80 7F,
938,16:40:44.480,RX,A5 6F BF 42 F3 95 33 42 00 00 00 00 E2 B2 D6 BA DF C6 5C 3A F5 B1 C1 3D 1E AD B8 BD 00 00 18 BD 00 00 7C 3F 00 00 10 3D 00 00 80 7F,
939,16:40:44.484,RX,BF 5D BF 42 07 D6 32 42 00 00 00 00 BB DF B1 3A 20 3C 2F BA F5 B1 C1 3D 1E AD B8 BD 00 00 06 BD 00 80 7C 3F 00 00 EC 3C 00 00 80 7F,
940,16:40:44.489,RX,7C 41 BF 42 55 D3 30 42 00 00 00 00 C7 11 9A 3B 0D 77 1A BB F5 B1 C1 3D 1E AD B8 BD 00 00 E0 BC 00 60 7C 3F 00 00 26 3D 00 00 80 7F,
941,16:40:44.494,RX,87 2E BF 42 E9 CF 2F 42 00 00 00 00 9D CD 71 3B 10 CF F4 BA F5 B1 C1 3D 1E AD B8 BD 00 00 0E BD 00 00 7D 3F 00 00 DC 3C 00 00 80 7F,
942,16:40:44.499,RX,0D 17 BF 42 FF 2D 2E 42 00 00 00 00 BD F6 DF 3A E5 40 6A BA F5 B1 C1 3D 1E AD B8 BD 00 00 16 BD 00 C0 7D 3F 00 00 88 3C 00 00 80 7F,
943,16:40:44.506,RX,4A 03 BF 42 D5 33 2D 42 00 00 00 00 19 6A A8 BA D0 34 1A 3A F5 B1 C1 3D 1E AD B8 BD 00 00 0C BD 00 80 7F 3F 00 00 C4 3C 00 00 80 7F,
944,16:40:44.509,RX,27 ED BE 42 78 E2 2C 42 00 00 00 00 ED A7 97 BB 4E 39 13 3B F5 B1 C1 3D 1E AD B8 BD 00 00 0A BD 00 E0 7C 3F 00 00 F4 3C 00 00 80 7F,
945,16:40:44.515,RX,F6 D4 BE 42 F2 FD 29 42 00 00 00 00 07 E1 6C BB 24 15 01 3B F5 B1 C1 3D 1E AD B8 BD 00 00 20 BD 00 20 7F 3F 00 00 30 3D 00 00 80 7F,
946,16:40:44.519,RX,C0 BB BE 42 96 AF 28 42 00 00 00 00 CD EB D5 BA 0F 20 8F 3A F5 B1 C1 3D 1E AD B8 BD 00 00 12 BD 00 E0 7D 3F 00 00 02 3D 00 00 80 7F,
947,16:40:44.524,RX,E9 AC BE 42 81 95 26 42 00 00 00 00 CF A6 B2 3A 49 EF A4 B9 F5 B1 C1 3D 1E AD B8 BD 00 00 E0 BC 00 E0 7B 3F 00 00 BC 3C 00 00 80 7F,
948,16:40:44.531,RX,35 99 BE 42 13 FF 25 42 00 00 00 00 8C 43 9A 3B B8 F2 0C BB F5 B1 C1 3D 1E AD B8 BD 00 00 06 BD 00 40 7C 3F 00 00 94 3C 00 00 80 7F,
949,16:40:44.534,RX,24 83 BE 42 95 1D 25 42 00 00 00 00 27 31 72 3B 7E 04 03 BB F5 B1 C1 3D 1E AD B8 BD 00 00 14 BD 00 E0 7C 3F 00 00 0E 3D 00 00 80 7F,
950,16:40:44.540,RX,0C 6C BE 42 EB 03 23 42 00 00 00 00 D1 BD E0 3A 0F C5 92 BA F5 B1 C1 3D 1E AD B8 BD 00 00 02 BD 00 80 7E 3F 00 00 00 3D 00 00 80 7F,
951,16:40:44.544,RX,6D 54 BE 42 5B 87 21 42 00 00 00 00 04 A3 A7 BA CF 34 87 39 F5 B1 C1 3D 1E AD B8 BD 00 00 18 BD 00 C0 7D 3F 00 00 0C 3D 00 00 80 7F,
952,16:40:44.549,RX,FE 3A BE 42 62 06 1F 42 00 00 00 00 28 76 97 BB 3C 2D 07 3B F5 B1 C1 3D 1E AD B8 BD 00 00 12 BD 00 20 7E 3F 00 00 26 3D 00 00 80 7F,
953,16:40:44.555,RX,3B 24 BE 42 CA 8A 1E 42 00 00 00 00 7D 7D 6C BB E0 AA 08 3B F5 B1 C1 3D 1E AD B8 BD 00 00 0A BD 00 C0 7C 3F 00 00 0A 3D 00 00 80 7F,
954,16:40:44.559,RX,46 05 BE 42 DF 4F 1D 42 00 00 00 00 B9 24 D5 BA FD 81 AC 3A F5 B1 C1 3D 1E AD B8 BD 00 00 FC BC 00 60 7B 3F 00 00 06 3D 00 00 80 7F,
955,16:40:44.564,RX,EE F0 BD 42 E1 CF 1C 42 00 00 00 00 E3 6D B3 3A D5 58 68 37 F5 B1 C1 3D 1E AD B8 BD 00 00 1C BD 00 E0 7D 3F 00 00 1E 3D 00 00 80 7F,
956,16:40:44.569,RX,98 D4 BD 42 E5 03 1B 42 00 00 00 00 52 75 9A 3B FE 75 ED BA F5 B1 C1 3D 1E AD B8 BD 00 00 0C BD 00 80 7C 3F 00 00 E0 3C 00 00 80 7F,
957,16:40:44.574,RX,23 C1 BD 42 32 2B 19 42 00 00 00 00 B1 94 72 3B 05 0B 0B BB F5 B1 C1 3D 1E AD B8 BD 00 00 F4 BC 00 80 7D 3F 00 00 DC 3C 00 00 80 7F,
958,16:40:44.580,RX,23 AE BD 42 04 2B 19 42 00 00 00 00 E7 84 E1 3A 47 5C AE BA F5 B1 C1 3D 1E AD B8 BD 00 00 12 BD 00 C0 7C 3F 00 00 C4 3C 00 00 80 7F,
959,16:40:44.584,RX,5D 97 BD 42 F5 47 18 42 00 00 00 00 F0 DB A6 BA 60 03 6C B8 F5 B1 C1 3D 1E AD B8 BD 00 00 24 BD 00 80 7D 3F 00 00 10 3D 00 00 80 7F,
960,16:40:44.591,RX,7C 7F BD 42 54 BD 15 42 00 00 00 00 63 44 97 BB 1B A6 E3 3A F5 B1 C1 3D 1E AD B8 BD 00 00 F8 BC 00 A0 7D 3F 00 00 00 3D 00 00 80 7F,
961,16:40:44.594,RX,8D 63 BD 42 DD 35 15 42 00 00 00 00 F3 19 6C BB BA 5B 0E 3B F5 B1 C1 3D 1E AD B8 BD 00 00 0E BD 00 A0 7D 3F 00 00 F4 3C 00 00 80 7F,
962,16:40:44.599,RX,D5 4A BD 42 D0 D5 12 42 00 00 00 00 A4 5D D4 BA FE 7C C6 3A F5 B1 C1 3D 1E AD B8 BD 00 00 1C BD 00 40 7C 3F 00 00 E8 3C 00 00 80 7F,
963,16:40:44.606,RX,13 2F BD 42 7D 87 10 42 00 00 00 00 F9 34 B4 3A B9 F9 A5 39 F5 B1 C1 3D 1E AD B8 BD 00 00 1E BD 00 E0 7D 3F 00 00 F4 3C 00 00 80 7F,
964,16:40:44.609,RX,D2 16 BD 42 44 02 10 42 00 00 00 00 17 A7 9A 3B 85 28 B8 BA F5 B1 C1 3D 1E AD B8 BD 00 00 14 BD 00 60 7C 3F 00 00 B4 3C 00 00 80 7F,
965,16:40:44.616,RX,5B 00 BD 42 D7 92 0F 42 00 00 00 00 3C F8 72 3B AA CD 12 BB F5 B1 C1 3D 1E AD B8 BD 00 00 10 BD 00 E0 7F 3F 00 00 A4 3C 00 00 80 7F,
966,16:40:44.620,RX,1D E9 BC 42 D3 67 0E 42 00 00 00 00 FB 4B E2 3A 96 FE C7 BA F5 B1 C1 3D 1E AD B8 BD 00 00 10 BD 00 A0 7C 3F 00 00 1A 3D 00 00 80 7F,
967,16:40:44.624,RX,F4 D5 BC 42 50 0C 0D 42 00 00 00 00 DB 14 A6 BA 49 EF B9 B9 F5 B1 C1 3D 1E AD B8 BD 00 00 D4 BC 00 20 7E 3F 00 00 EC 3C 00 00 80 7F,
968,16:40:44.631,RX,2A BD BC 42 76 93 0B 42 00 00 00 00 9D 12 97 BB 7C CB AE 3A F5 B1 C1 3D 1E AD B8 BD 00 00 EC BC 00 00 7F 3F 00 00 2A 3D 00 00 80 7F,
969,16:40:44.634,RX,9B A9 BC 42 04 AE 09 42 00 00 00 00 68 B6 6B BB 7E 01 12 3B F5 B1 C1 3D 1E AD B8 BD 00 00 24 BD 00 40 7D 3F 00 00 9C 3C 00 00 80 7F,
970,16:40:44.640,RX,77 94 BC 42 53 08 0A 42 00 00 00 00 8F 96 D3 BA 0A 05 DD 3A F5 B1 C1 3D 1E AD B8 BD 00 00 FC BC 00 60 7D 3F 00 00 9C 3C 00 00 80 7F,
971,16:40:44.644,RX,02 80 BC 42 73 72 08 42 00 00 00 00 0D FC B4 3A 53 8D 1B 3A F5 B1 C1 3D 1E AD B8 BD 00 00 0C BD 00 80 7E 3F 00 00 0E 3D 00 00 80 7F,
972,16:40:44.649,RX,94 64 BC 42 A7 87 07 42 00 00 00 00 DC D8 9A 3B 72 3F 86 BA F5 B1 C1 3D 1E AD B8 BD 00 00 16 BD 00 20 7D 3F 00 00 24 3D 00 00 80 7F,
973,16:40:44.654,RX,4F 4E BC 42 C5 74 05 42 00 00 00 00 C6 5B 73 3B 0A D1 1A BB F5 B1 C1 3D 1E AD B8 BD 00 00 02 BD 00 20 7E 3F 00 00 08 3D 00 00 80 7F,
974,16:40:44.659,RX,8F 31 BC 42 EA 14 04 42 00 00 00 00 0F 13 E3 3A 36 BF DF BA F5 B1 C1 3D 1E AD B8 BD 00 00 22 BD 00 40 7C 3F 00 00 F8 3C 00 00 80 7F,
975,16:40:44.665,RX,53 1D BC 42 20 E8 03 42 00 00 00 00 C6 4D A5 BA 59 0A 27 BA F5 B1 C1 3D 1E AD B8 BD 00 00 10 BD 00 80 7D 3F 00 00 A8 3C 00 00 80 7F,
976,16:40:44.669,RX,9E 07 BC 42 0F 43 02 42 00 00 00 00 D8 E0 96 BB F5 0D 78 3A F5 B1 C1 3D 1E AD B8 BD 00 00 E4 BC 00 E0 7D 3F 00 00 94 3C 00 00 80 7F,
977,16:40:44.674,RX,02 EE BB 42 F1 CC 01 42 00 00 00 00 DD 52 6B BB 75 66 13 3B F5 B1 C1 3D 1E AD B8 BD 00 00 E4 BC 00 A0 7D 3F 00 00 C0 3C 00 00 80 7F,
978,16:40:44.680,RX,E4 D8 BB 42 2B 7B 00 42 00 00 00 00 7B CF D2 BA 57 1B F0 3A F5 B1 C1 3D 1E AD B8 BD 00 00 20 BD 00 20 7D 3F 00 00 D8 3C 00 00 80 7F,
979,16:40:44.684,RX,C0 C6 BB 42 F6 5C FD 41 00 00 00 00 21 C3 B5 3A 18 67 5D 3A F5 B1 C1 3D 1E AD B8 BD 00 00 12 BD 00 00 7E 3F 00 00 CC 3C 00 00 80 7F,
980,16:40:44.690,RX,EB AE BB 42 7E 92 FA 41 00 00 00 00 A1 0A 9B 3B B8 68 2F BA F5 B1 C1 3D 1E AD B8 BD 00 00 3E BD 00 C0 7D 3F 00 00 DC 3C 00 00 80 7F,
981,16:40:44.694,RX,4E 9F BB 42 1C 25 FB 41 00 00 00 00 50 BF 73 3B 85 B5 1A BB F5 B1 C1 3D 1E AD B8 BD 00 00 E0 BC 00 E0 7E 3F 00 00 A0 3C 00 00 80 7F,
982,16:40:44.699,RX,A2 81 BB 42 E8 67 F7 41 00 00 00 00 25 DA E3 3A 1C B0 F5 BA F5 B1 C1 3D 1E AD B8 BD 00 00 10 BD 00 00 7D 3F 00 00 4C 3D 00 00 80 7F,
983,16:40:44.706,RX,C7 69 BB 42 72 2B F4 41 00 00 00 00 B2 86 A4 BA E6 CF 6C BA F5 B1 C1 3D 1E AD B8 BD 00 00 00 BD 00 40 7B 3F 00 00 22 3D 00 00 80 7F,
984,16:40:44.709,RX,66 55 BB 42 2E 6B F5 41 00 00 00 00 13 AF 96 BB 57 DC 16 3A F5 B1 C1 3D 1E AD B8 BD 00 00 D0 BC 00 60 7C 3F 00 00 B4 3C 00 00 80 7F,
985,16:40:44.714,RX,0F 3D BB 42 9E A9 EE 41 00 00 00 00 53 EF 6A BB 10 30 12 3B F5 B1 C1 3D 1E AD B8 BD 00 00 12 BD 00 E0 7D 3F 00 00 14 3D 00 00 80 7F,
986,16:40:44.719,RX,78 29 BB 42 C8 93 ED 41 00 00 00 00 66 08 D2 BA 95 B1 FF 3A F5 B1 C1 3D 1E AD B8 BD 00 00 1A BD 00 A0 7D 3F 00 00 F0 3C 00 00 80 7F,
987,16:40:44.724,RX,AC 11 BB 42 BB E3 EA 41 00 00 00 00 37 8A B6 3A 98 42 8C 3A F5 B1 C1 3D 1E AD B8 BD 00 00 10 BD 00 60 7E 3F 00 00 00 3D 00 00 80 7F,
988,16:40:44.730,RX,43 FF BA 42 D7 AD E9 41 00 00 00 00 66 3C 9B 3B 35 FF B1 B9 F5 B1 C1 3D 1E AD B8 BD 00 00 00 BD 00 00 7D 3F 00 00 FC 3C 00 00 80 7F,
989,16:40:44.734,RX,FC F3 BA 42 67 C6 E7 41 00 00 00 00 DB 22 74 3B 0B C8 0E BB F5 B1 C1 3D 1E AD B8 BD 00 00 0C BD 00 60 7C 3F 00 00 A0 3C 00 00 80 7F,
990,16:40:44.741,RX,33 DA BA 42 0A 3A E7 41 00 00 00 00 39 A1 E4 3A 70 0E 05 BB F5 B1 C1 3D 1E AD B8 BD 00 00 20 BD 00 60 7D 3F 00 00 08 3D 00 00 80 7F,
991,16:40:44.745,RX,33 C0 BA 42 52 43 E3 41 00 00 00 00 9D BF A3 BA 25 3F 97 BA F5 B1 C1 3D 1E AD B8 BD 00 00 14 BD 00 60 7C 3F 00 00 40 3D 00 00 80 7F,
992,16:40:44.752,RX,AD A1 BA 42 D3 D0 E2 41 00 00 00 00 4E 7D 96 BB D6 63 67 39 F5 B1 C1 3D 1E AD B8 BD 00 00 E0 BC 00 E0 7D 3F 00 00 C4 3C 00 00 80 7F,
993,16:40:44.754,RX,7A 8D BA 42 90 68 E0 41 00 00 00 00 C9 8B 6A BB 79 8A 04 3B F5 B1 C1 3D 1E AD B8 BD 00 00 F0 BC 00 C0 7D 3F 00 00 EC 3C 00 00 80 7F,
994,16:40:44.760,RX,49 7E BA 42 93 AC DE 41 00 00 00 00 52 41 D1 BA 92 D3 05 3B F5 B1 C1 3D 1E AD B8 BD 00 00 08 BD 00 80 7C 3F 00 00 98 3C 00 00 80 7F,
995,16:40:44.764,RX,44 6C BA 42 C3 0B DE 41 00 00 00 00 4B 51 B7 3A E9 6D A6 3A F5 B1 C1 3D 1E AD B8 BD 00 00 06 BD 00 00 80 3F 00 00 C8 3C 00 00 80 7F,
996,16:40:44.769,RX,C8 5B BA 42 E2 65 DB 41 00 00 00 00 2B 6E 9B 3B 99 3E 15 B8 F5 B1 C1 3D 1E AD B8 BD 00 00 EC BC 00 00 7F 3F 00 00 06 3D 00 00 80 7F,
997,16:40:44.774,RX,7E 44 BA 42 7D F0 D7 41 00 00 00 00 65 86 74 3B 4D 57 F4 BA F5 B1 C1 3D 1E AD B8 BD 00 00 EC BC 00 E0 7C 3F 00 00 C4 3C 00 00 80 7F,
998,16:40:44.781,RX,87 32 BA 42 C5 B2 D8 41 00 00 00 00 4D 68 E5 3A 79 AD 0E BB F5 B1 C1 3D 1E AD B8 BD 00 00 02 BD 00 80 7E 3F 00 00 E8 3C 00 00 80 7F,
999,16:40:44.784,RX,28 21 BA 42 0C A6 D2 41 00 00 00 00 88 F8 A2 BA 98 07 B6 BA F5 B1 C1 3D 1E AD B8 BD 00 00 00 BD 00 20 7E 3F 00 00 E4 3C 00 00 80 7F,
1000,16:40:44.790,RX,65 04 BA 42 72 44 D3 41 00 00 00 00 89 4B 96 BB 43 21 F7 B8 F5 B1 C1 3D 1E AD B8 BD 00 00 14 BD 00 C0 7D 3F 00 00 1C 3D 00 00 80 7F,
1001,16:40:44.794,RX,E3 EE B9 42 73 52 D3 41 00 00 00 00 3F 28 6A BB 74 2D DB 3A F5 B1 C1 3D 1E AD B8 BD 00 00 0A BD 00 60 7E 3F 00 00 3A 3D 00 00 80 7F,
1002,16:40:44.799,RX,DD DA B9 42 A3 CD CD 41 00 00 00 00 3D 7A D0 BA 4E EE 09 3B F5 B1 C1 3D 1E AD B8 BD 00 00 04 BD 00 80 7C 3F 00 00 C0 3C 00 00 80 7F,
1003,16:40:44.806,RX,CE C7 B9 42 5D 7B CE 41 00 00 00 00 5F 18 B8 3A 87 3C BD 3A F5 B1 C1 3D 1E AD B8 BD 00 00 08 BD 00 00 7E 3F 00 00 D8 3C 00 00 80 7F,
1004,16:40:44.809,RX,5F B5 B9 42 35 C9 CA 41 00 00 00 00 F1 9F 9B 3B 16 BB 7E 39 F5 B1 C1 3D 1E AD B8 BD 00 00 EC BC 00 C0 7D 3F 00 00 06 3D 00 00 80 7F,
1005,16:40:44.814,RX,1A A3 B9 42 6A 31 C9 41 00 00 00 00 EF E9 74 3B 3C 36 C2 BA F5 B1 C1 3D 1E AD B8 BD 00 00 04 BD 00 E0 7C 3F 00 00 BC 3C 00 00 80 7F,
1006,16:40:44.819,RX,32 90 B9 42 16 16 C8 41 00 00 00 00 61 2F E6 3A F4 05 18 BB F5 B1 C1 3D 1E AD B8 BD 00 00 EC BC 00 40 7C 3F 00 00 DC 3C 00 00 80 7F,
1007,16:40:44.824,RX,80 78 B9 42 DA 31 C7 41 00 00 00 00 74 31 A2 BA 44 D5 D2 BA F5 B1 C1 3D 1E AD B8 BD 00 00 00 BD 00 00 7D 3F 00 00 98 3C 00 00 80 7F,
1008,16:40:44.831,RX,2C 68 B9 42 66 C1 C4 41 00 00 00 00 C4 19 96 BB F0 DF E6 B9 F5 B1 C1 3D 1E AD B8 BD 00 00 F0 BC 00 40 7D 3F 00 00 88 3C 00 00 80 7F,
1009,16:40:44.834,RX,B3 51 B9 42 A6 7C C3 41 00 00 00 00 B5 C4 69 BB BF 28 A3 3A F5 B1 C1 3D 1E AD B8 BD 00 00 18 BD 00 20 7F 3F 00 00 E8 3C 00 00 80 7F,
1010,16:40:44.840,RX,D4 3B B9 42 27 05 C1 41 00 00 00 00 29 B3 CF BA 29 A6 2D 3B F5 B1 C1 3D 1E AD B8 BD 00 00 18 BD 00 E0 7B 3F 00 00 1C 3D 00 00 80 7F,
1011,16:40:44.844,RX,3A 24 B9 42 69 CC BD 41 00 00 00 00 75 DF B8 3A C5 5A EE 3A F5 B1 C1 3D 1E AD B8 BD 00 00 E0 BC 00 60 7B 3F 00 00 12 3D 00 00 80 7F,
1012,16:40:44.849,RX,19 13 B9 42 A6 27 C0 41 00 00 00 00 B6 D1 9B 3B 27 7B 34 3A F5 B1 C1 3D 1E AD B8 BD 00 00 F8 BC 00 A0 7E 3F 00 00 A0 3C 00 00 80 7F,
1013,16:40:44.856,RX,54 05 B9 42 3F 62 BE 41 00 00 00 00 7A 4D 75 3B 31 D3 74 BA F5 B1 C1 3D 1E AD B8 BD 00 00 08 BD 00 60 7D 3F 00 00 B0 3C 00 00 80 7F,
1014,16:40:44.859,RX,9A F6 B8 42 C6 D4 BA 41 00 00 00 00 77 F6 E6 3A 41 06 15 BB F5 B1 C1 3D 1E AD B8 BD 00 00 06 BD 00 C0 7C 3F 00 00 D4 3C 00 00 80 7F,
1015,16:40:44.865,RX,87 E1 B8 42 CF 89 B9 41 00 00 00 00 5F 6A A1 BA 87 61 D4 BA F5 B1 C1 3D 1E AD B8 BD 00 00 B4 BC 00 C0 7D 3F 00 00 2A 3D 00 00 80 7F,
1016,16:40:44.869,RX,D8 D0 B8 42 C0 CB B7 41 00 00 00 00 FE E7 95 BB DD C3 10 BA F5 B1 C1 3D 1E AD B8 BD 00 00 14 BD 00 60 7D 3F 00 00 C4 3C 00 00 80 7F,
1017,16:40:44.874,RX,A5 BF B8 42 37 DF B5 41 00 00 00 00 2A 61 69 BB 59 EB 86 3A F5 B1 C1 3D 1E AD B8 BD 00 00 04 BD 00 E0 7C 3F 00 00 12 3D 00 00 80 7F,
1018,16:40:44.881,RX,2D AA B8 42 CE 0C B4 41 00 00 00 00 14 EC CE BA C8 BA 18 3B F5 B1 C1 3D 1E AD B8 BD 00 00 18 BD 00 00 7E 3F 00 00 02 3D 00 00 80 7F,
1019,16:40:44.884,RX,B5 99 B8 42 D0 B3 B0 41 00 00 00 00 89 A6 B9 3A 78 B2 D6 3A F5 B1 C1 3D 1E AD B8 BD 00 00 1E BD 00 80 7D 3F 00 00 C4 3C 00 00 80 7F,
1020,16:40:44.889,RX,44 85 B8 42 F1 3B AF 41 00 00 00 00 7B 03 9C 3B 70 31 0B 3A F5 B1 C1 3D 1E AD B8 BD 00 00 C4 BC 00 60 7B 3F 00 00 EC 3C 00 00 80 7F,
1021,16:40:44.894,RX,28 72 B8 42 B8 5F B0 41 00 00 00 00 04 B1 75 3B E2 CE 8E BA F5 B1 C1 3D 1E AD B8 BD 00 00 0A BD 00 E0 7A 3F 00 00 98 3C 00 00 80 7F,
1022,16:40:44.899,RX,9D 60 B8 42 D1 2F AE 41 00 00 00 00 8B BD E7 3A 47 36 1F BB F5 B1 C1 3D 1E AD B8 BD 00 00 08 BD 00 C0 7D 3F 00 00 B0 3C 00 00 80 7F,
1023,16:40:44.906,RX,B8 4E B8 42 C6 D5 A8 41 00 00 00 00 4B A3 A0 BA 24 C1 E8 BA F5 B1 C1 3D 1E AD B8 BD 00 00 E4 BC 00 20 7D 3F 00 00 22 3D 00 00 80 7F,
1024,16:40:44.909,RX,EF 3A B8 42 76 98 AA 41 00 00 00 00 39 B6 95 BB 04 83 39 BA F5 B1 C1 3D 1E AD B8 BD 00 00 E4 BC 00 C0 7E 3F 00 00 1A 3D 00 00 80 7F,
1025,16:40:44.915,RX,EF 2D B8 42 90 FE A7 41 00 00 00 00 A0 FD 68 BB 8C 17 65 3A F5 B1 C1 3D 1E AD B8 BD 00 00 08 BD 00 20 7E 3F 00 00 D4 3C 00 00 80 7F,
1026,16:40:44.919,RX,5A 1D B8 42 85 BB A6 41 00 00 00 00 FF 24 CE BA EB 83 2C 3B F5 B1 C1 3D 1E AD B8 BD 00 00 0A BD 00 00 7F 3F 00 00 E4 3C 00 00 80 7F,
1027,16:40:44.924,RX,88 12 B8 42 0D A1 A4 41 00 00 00 00 9D 6D BA 3A 38 92 03 3B F5 B1 C1 3D 1E AD B8 BD 00 00 08 BD 00 80 7D 3F 00 00 B8 3C 00 00 80 7F,
1028,16:40:44.931,RX,43 05 B8 42 E5 C3 A3 41 00 00 00 00 40 35 9C 3B C7 10 7C 3A F5 B1 C1 3D 1E AD B8 BD 00 00 10 BD 00 E0 7D 3F 00 00 BC 3C 00 00 80 7F,
1029,16:40:44.934,RX,5D F2 B7 42 EC 3D A2 41 00 00 00 00 8E 14 76 3B F8 27 12 BA F5 B1 C1 3D 1E AD B8 BD 00 00 EC BC 00 C0 7D 3F 00 00 1A 3D 00 00 80 7F,
1030,16:40:44.940,RX,83 E2 B7 42 29 22 A2 41 00 00 00 00 9F 84 E8 3A BF 75 13 BB F5 B1 C1 3D 1E AD B8 BD 00 00 E8 BC 00 80 7C 3F 00 00 F8 3C 00 00 80 7F,
1031,16:40:44.944,RX,60 D3 B7 42 7F 1E 9F 41 00 00 00 00 36 DC 9F BA C7 47 E7 BA F5 B1 C1 3D 1E AD B8 BD 00 00 F8 BC 00 20 7D 3F 00 00 02 3D 00 00 80 7F,
1032,16:40:44.949,RX,62 C0 B7 42 07 F7 9E 41 00 00 00 00 74 84 95 BB F7 26 50 BA F5 B1 C1 3D 1E AD B8 BD 00 00 0E BD 00 60 7D 3F 00 00 DC 3C 00 00 80 7F,
1033,16:40:44.954,RX,A8 B2 B7 42 56 6F 9C 41 00 00 00 00 15 9A 68 BB 43 5A 33 3A F5 B1 C1 3D 1E AD B8 BD 00 00 0C BD 00 40 7C 3F 00 00 C4 3C 00 00 80 7F,
1034,16:40:44.959,RX,D3 A7 B7 42 75 22 9B 41 00 00 00 00 EB 5D CD BA 8D 45 19 3B F5 B1 C1 3D 1E AD B8 BD 00 00 0C BD 00 10 80 3F 00 00 B4 3C 00 00 80 7F,
1035,16:40:44.965,RX,EE 92 B7 42 5F 17 9B 41 00 00 00 00 B1 34 BB 3A A5 F8 ED 3A F5 B1 C1 3D 1E AD B8 BD 00 00 08 BD 00 E0 7B 3F 00 00 12 3D 00 00 80 7F,
1036,16:40:44.969,RX,63 84 B7 42 9D 84 95 41 00 00 00 00 05 67 9C 3B 4C A6 53 3A F5 B1 C1 3D 1E AD B8 BD 00 00 EC BC 00 00 80 3F 00 00 D8 3C 00 00 80 7F,
1037,16:40:44.974,RX,F8 72 B7 42 AB D7 94 41 00 00 00 00 18 78 76 3B 0D C1 39 BA F5 B1 C1 3D 1E AD B8 BD 00 00 08 BD 00 40 7C 3F 00 00 F4 3C 00 00 80 7F,
1038,16:40:44.980,RX,32 66 B7 42 4C BC 95 41 00 00 00 00 B5 4B E9 3A B4 57 1D BB F5 B1 C1 3D 1E AD B8 BD 00 00 16 BD 00 80 7E 3F 00 00 00 3D 00 00 80 7F,
1039,16:40:44.984,RX,10 5A B7 42 89 CB 95 41 00 00 00 00 22 15 9F BA FB 0A FB BA F5 B1 C1 3D 1E AD B8 BD 00 00 FC BC 00 C0 7D 3F 00 00 1A 3D 00 00 80 7F,
1040,16:40:44.993,RX,04 4A B7 42 02 79 95 41 00 00 00 00 AF 52 95 BB 41 AD 77 BA F5 B1 C1 3D 1E AD B8 BD 00 00 0A BD 00 20 7C 3F 00 00 0C 3D 00 00 80 7F,
1041,16:40:44.995,RX,9E 3D B7 42 8A D5 93 41 00 00 00 00 8B 36 68 BB FD D3 0B 3A F5 B1 C1 3D 1E AD B8 BD 00 00 EC BC 00 40 7E 3F 00 00 10 3D 00 00 80 7F,
1042,16:40:44.999,RX,A8 2D B7 42 4E F8 90 41 00 00 00 00 D6 96 CC BA FB 63 0F 3B F5 B1 C1 3D 1E AD B8 BD 00 00 14 BD 00 80 7E 3F 00 00 28 3D 00 00 80 7F,
1043,16:40:45.006,RX,1D 1C B7 42 96 BE 8E 41 00 00 00 00 C7 FB BB 3A 68 05 FA 3A F5 B1 C1 3D 1E AD B8 BD 00 00 04 BD 00 80 7D 3F 00 00 B0 3C 00 00 80 7F,
1044,16:40:45.009,RX,1C 10 B7 42 95 B1 8D 41 00 00 00 00 CA 98 9C 3B F5 80 86 3A F5 B1 C1 3D 1E AD B8 BD 00 00 04 BD 00 60 7D 3F 00 00 DC 3C 00 00 80 7F,
1045,16:40:45.014,RX,52 01 B7 42 4B F5 8C 41 00 00 00 00 A3 DB 76 3B 9D 54 C9 B9 F5 B1 C1 3D 1E AD B8 BD 00 00 0C BD 00 60 7E 3F 00 00 D8 3C 00 00 80 7F,
1046,16:40:45.019,RX,6F F9 B6 42 38 5D 8A 41 00 00 00 00 C9 12 EA 3A 7F BC 11 BB F5 B1 C1 3D 1E AD B8 BD 00 00 2E BD 00 E0 7C 3F 00 00 8C 3C 00 00 80 7F,
1047,16:40:45.024,RX,CD E7 B6 42 7A 51 8A 41 00 00 00 00 0D 4E 9E BA 63 0B 08 BB F5 B1 C1 3D 1E AD B8 BD 00 00 14 BD 00 40 7E 3F 00 00 D4 3C 00 00 80 7F,
1048,16:40:45.030,RX,AA DA B6 42 04 BB 88 41 00 00 00 00 EA 20 95 BB 15 4D 9D BA F5 B1 C1 3D 1E AD B8 BD 00 00 D8 BC 00 60 7B 3F 00 00 D4 3C 00 00 80 7F,
1049,16:40:45.034,RX,70 CE B6 42 CB C0 88 41 00 00 00 00 01 D3 67 BB 97 57 36 39 F5 B1 C1 3D 1E AD B8 BD 00 00 0C BD 00 80 7D 3F 00 00 16 3D 00 00 80 7F,
1050,16:40:45.039,RX,07 BA B6 42 52 6A 86 41 00 00 00 00 C1 CF CB BA 0E 8D 07 3B F5 B1 C1 3D 1E AD B8 BD 00 00 FC BC 00 E0 7B 3F 00 00 1C 3D 00 00 80 7F,
1051,16:40:45.044,RX,AE AB B6 42 BD E2 84 41 00 00 00 00 DB C2 BC 3A C6 42 1A 3B F5 B1 C1 3D 1E AD B8 BD 00 00 14 BD 00 E0 7C 3F 00 00 0E 3D 00 00 80 7F,
1052,16:40:45.049,RX,E9 A2 B6 42 2C 11 85 41 00 00 00 00 8F CA 9C 3B FF B7 BA 3A F5 B1 C1 3D 1E AD B8 BD 00 00 10 BD 00 40 7E 3F 00 00 D0 3C 00 00 80 7F,
1053,16:40:45.055,RX,20 94 B6 42 8D 4D 83 41 00 00 00 00 2D 3F 77 3B 27 FF DF 38 F5 B1 C1 3D 1E AD B8 BD 00 00 30 BD 00 00 7E 3F 00 00 EC 3C 00 00 80 7F,
1054,16:40:45.059,RX,00 88 B6 42 18 ED 7E 41 00 00 00 00 DD D9 EA 3A C1 BD E1 BA F5 B1 C1 3D 1E AD B8 BD 00 00 1C BD 00 40 7F 3F 00 00 F8 3C 00 00 80 7F,
1055,16:40:45.064,RX,45 7E B6 42 5F F8 81 41 00 00 00 00 F8 86 9D BA 84 5A 05 BB F5 B1 C1 3D 1E AD B8 BD 00 00 16 BD 00 20 7E 3F 00 00 FC 3C 00 00 80 7F,
1056,16:40:45.069,RX,5D 6E B6 42 E4 46 82 41 00 00 00 00 25 EF 94 BB 94 4D A3 BA F5 B1 C1 3D 1E AD B8 BD 00 00 14 BD 00 C0 7D 3F 00 00 D4 3C 00 00 80 7F,
1057,16:40:45.074,RX,FA 67 B6 42 96 14 81 41 00 00 00 00 77 6F 67 BB 81 E2 D6 37 F5 B1 C1 3D 1E AD B8 BD 00 00 1C BD 00 10 80 3F 00 00 38 3C 00 00 80 7F,
1058,16:40:45.081,RX,14 55 B6 42 E9 E2 7E 41 00 00 00 00 AD 08 CB BA B9 11 EE 3A F5 B1 C1 3D 1E AD B8 BD 00 00 F0 BC 00 C0 7C 3F 00 00 40 3D 00 00 80 7F,
1059,16:40:45.084,RX,10 49 B6 42 34 26 78 41 00 00 00 00 EF 89 BD 3A 2D 0A 09 3B F5 B1 C1 3D 1E AD B8 BD 00 00 24 BD 00 00 7F 3F 00 00 84 3C 00 00 80 7F,
1060,16:40:45.090,RX,4A 35 B6 42 72 E5 78 41 00 00 00 00 55 FC 9C 3B 2D BF A5 3A F5 B1 C1 3D 1E AD B8 BD 00 00 02 BD 00 C0 7B 3F 00 00 E0 3C 00 00 80 7F,
1061,16:40:45.094,RX,F5 23 B6 42 26 EB 73 41 00 00 00 00 B7 A2 77 3B CE 96 3B B8 F5 B1 C1 3D 1E AD B8 BD 00 00 1C BD 00 C0 7E 3F 00 00 20 3D 00 00 80 7F,
1062,16:40:45.099,RX,30 14 B6 42 B7 AD 72 41 00 00 00 00 F1 A0 EB 3A FF 82 F5 BA F5 B1 C1 3D 1E AD B8 BD 00 00 18 BD 00 00 7D 3F 00 00 26 3D 00 00 80 7F,
1063,16:40:45.105,RX,2F 07 B6 42 F5 32 71 41 00 00 00 00 E4 BF 9C BA 2C 3C 0F BB F5 B1 C1 3D 1E AD B8 BD 00 00 12 BD 00 C0 7C 3F 00 00 18 3D 00 00 80 7F,
1064,16:40:45.109,RX,0F F5 B5 42 58 5C 6C 41 00 00 00 00 60 BD 94 BB BC 10 B7 BA F5 B1 C1 3D 1E AD B8 BD 00 00 FC BC 00 C0 7D 3F 00 00 10 3D 00 00 80 7F,
1065,16:40:45.114,RX,8C E8 B5 42 09 91 6B 41 00 00 00 00 ED 0B 67 BB D1 3C 03 B9 F5 B1 C1 3D 1E AD B8 BD 00 00 14 BD 00 60 7F 3F 00 00 E4 3C 00 00 80 7F,
1066,16:40:45.119,RX,EB DC B5 42 47 84 6C 41 00 00 00 00 98 41 CA BA 96 4E DA 3A F5 B1 C1 3D 1E AD B8 BD 00 00 20 BD 00 A0 7E 3F 00 00 12 3D 00 00 80 7F,
1067,16:40:45.124,RX,7D D0 B5 42 98 06 65 41 00 00 00 00 05 51 BE 3A A9 86 09 3B F5 B1 C1 3D 1E AD B8 BD 00 00 00 BD 00 00 7D 3F 00 00 26 3D 00 00 80 7F,
1068,16:40:45.130,RX,DB C8 B5 42 E9 5A 64 41 00 00 00 00 1A 2E 9D 3B C7 82 BC 3A F5 B1 C1 3D 1E AD B8 BD 00 00 10 BD 00 80 7F 3F 00 00 BC 3C 00 00 80 7F,
1069,16:40:45.134,RX,63 BD B5 42 C6 DB 64 41 00 00 00 00 42 06 78 3B D3 8A 79 39 F5 B1 C1 3D 1E AD B8 BD 00 00 1A BD 00 20 7D 3F 00 00 98 3C 00 00 80 7F,
1070,16:40:45.139,RX,63 BA B5 42 2C 14 5D 41 00 00 00 00 07 68 EC 3A B1 C8 C2 BA F5 B1 C1 3D 1E AD B8 BD 00 00 FC BC 00 00 7E 3F 00 00 E0 3C 00 00 80 7F,
1071,16:40:45.144,RX,EF AF B5 42 02 77 5B 41 00 00 00 00 CF F8 9B BA 71 44 18 BB F5 B1 C1 3D 1E AD B8 BD 00 00 F8 BC 00 20 7E 3F 00 00 0E 3D 00 00 80 7F,
1072,16:40:45.149,RX,0E A5 B5 42 37 29 5C 41 00 00 00 00 9A 8B 94 BB 0A 3A D3 BA F5 B1 C1 3D 1E AD B8 BD 00 00 08 BD 00 A0 7D 3F 00 00 12 3D 00 00 80 7F,
1073,16:40:45.155,RX,46 9A B5 42 79 BB 58 41 00 00 00 00 62 A8 66 BB 3E 22 E8 B9 F5 B1 C1 3D 1E AD B8 BD 00 00 04 BD 00 80 7E 3F 00 00 D0 3C 00 00 80 7F,
1074,16:40:45.159,RX,E1 92 B5 42 F4 36 5A 41 00 00 00 00 84 7A C9 BA C7 EB A2 3A F5 B1 C1 3D 1E AD B8 BD 00 00 06 BD 00 60 7D 3F 00 00 F0 3C 00 00 80 7F,
1075,16:40:45.164,RX,C5 85 B5 42 9A 8F 57 41 00 00 00 00 18 18 BF 3A 92 93 2D 3B F5 B1 C1 3D 1E AD B8 BD 00 00 0A BD 00 20 7D 3F 00 00 EC 3C 00 00 80 7F,
1076,16:40:45.169,RX,E1 76 B5 42 D4 24 53 41 00 00 00 00 DE 5F 9D 3B FB 4D EE 3A F5 B1 C1 3D 1E AD B8 BD 00 00 12 BD 00 20 7E 3F 00 00 FC 3C 00 00 80 7F,
1077,16:40:45.174,RX,6D 65 B5 42 56 AD 51 41 00 00 00 00 CA 69 78 3B DD 8A 34 3A F5 B1 C1 3D 1E AD B8 BD 00 00 D8 BC 00 20 7D 3F 00 00 FC 3C 00 00 80 7F,
1078,16:40:45.180,RX,1B 58 B5 42 E1 D0 53 41 00 00 00 00 17 2F ED 3A 30 9C 74 BA F5 B1 C1 3D 1E AD B8 BD 00 00 02 BD 00 40 7C 3F 00 00 22 3D 00 00 80 7F,
1079,16:40:45.184,RX,C2 4F B5 42 C7 07 4D 41 00 00 00 00 BF 31 9B BA 43 F0 14 BB F5 B1 C1 3D 1E AD B8 BD 00 00 E0 BC 00 60 7E 3F 00 00 B8 3C 00 00 80 7F,
1080,16:40:45.189,RX,DB 47 B5 42 C2 54 4E 41 00 00 00 00 D6 59 94 BB D8 1F D4 BA F5 B1 C1 3D 1E AD B8 BD 00 00 14 BD 00 C0 7C 3F 00 00 D4 3C 00 00 80 7F,
1081,16:40:45.194,RX,B3 3B B5 42 9E E6 4C 41 00 00 00 00 DA 44 66 BB 09 19 10 BA F5 B1 C1 3D 1E AD B8 BD 00 00 12 BD 00 80 7C 3F 00 00 B8 3C 00 00 80 7F,
1082,16:40:45.199,RX,B5 2D B5 42 C4 2E 45 41 00 00 00 00 74 B3 C8 BA 54 54 87 3A F5 B1 C1 3D 1E AD B8 BD 00 00 16 BD 00 C0 7C 3F 00 00 00 3D 00 00 80 7F,
1083,16:40:45.205,RX,F0 22 B5 42 E5 A3 46 41 00 00 00 00 28 DF BF 3A DA F7 18 3B F5 B1 C1 3D 1E AD B8 BD 00 00 0A BD 00 40 7E 3F 00 00 D4 3C 00 00 80 7F,
1084,16:40:45.209,RX,A4 1B B5 42 95 82 48 41 00 00 00 00 A2 91 9D 3B 5C 42 D7 3A F5 B1 C1 3D 1E AD B8 BD 00 00 04 BD 00 80 7C 3F 00 00 D0 3C 00 00 80 7F,
1085,16:40:45.216,RX,65 14 B5 42 58 41 45 41 00 00 00 00 51 CD 78 3B 11 7A 0C 3A F5 B1 C1 3D 1E AD B8 BD 00 00 20 BD 00 00 7F 3F 00 00 26 3D 00 00 80 7F,
1086,16:40:45.220,RX,95 05 B5 42 F0 C7 3E 41 00 00 00 00 27 F6 ED 3A F1 16 8E BA F5 B1 C1 3D 1E AD B8 BD 00 00 12 BD 00 80 7E 3F 00 00 2A 3D 00 00 80 7F,
1087,16:40:45.224,RX,51 F9 B4 42 72 91 41 41 00 00 00 00 B0 6A 9A BA 12 D2 1E BB F5 B1 C1 3D 1E AD B8 BD 00 00 06 BD 00 E0 7D 3F 00 00 F4 3C 00 00 80 7F,
1088,16:40:45.231,RX,E3 EA B4 42 48 EC 38 41 00 00 00 00 12 28 94 BB 06 E3 E7 BA F5 B1 C1 3D 1E AD B8 BD 00 00 EC BC 00 40 7D 3F 00 00 02 3D 00 00 80 7F,
1089,16:40:45.234,RX,FE E4 B4 42 E8 9C 37 41 00 00 00 00 53 E1 65 BB 53 9F 37 BA F5 B1 C1 3D 1E AD B8 BD 00 00 B0 BC 00 C0 7D 3F 00 00 0A 3D 00 00 80 7F,
1090,16:40:45.240,RX,0B E2 B4 42 D9 D6 3A 41 00 00 00 00 64 EC C7 BA 62 22 67 3A F5 B1 C1 3D 1E AD B8 BD 00 00 24 BD 00 A0 7D 3F 00 00 48 3C 00 00 80 7F,
1091,16:40:45.244,RX,4D D7 B4 42 1D D4 34 41 00 00 00 00 37 A6 C0 3A 49 16 0F 3B F5 B1 C1 3D 1E AD B8 BD 00 00 D8 BC 00 00 7D 3F 00 00 0E 3D 00 00 80 7F,
1092,16:40:45.249,RX,63 CA B4 42 35 BA 34 41 00 00 00 00 66 C3 9D 3B F2 51 E7 3A F5 B1 C1 3D 1E AD B8 BD 00 00 22 BD 00 A0 7D 3F 00 00 06 3D 00 00 80 7F,
1093,16:40:45.256,RX,2C BD B4 42 41 5A 35 41 00 00 00 00 D9 30 79 3B 4F 7D 4B 3A F5 B1 C1 3D 1E AD B8 BD 00 00 14 BD 00 C0 7D 3F 00 00 16 3D 00 00 80 7F,
1094,16:40:45.259,RX,D3 B1 B4 42 76 0F 31 41 00 00 00 00 37 BD EE 3A 73 A1 41 BA F5 B1 C1 3D 1E AD B8 BD 00 00 1A BD 00 00 7F 3F 00 00 C4 3C 00 00 80 7F,
1095,16:40:45.264,RX,5B AB B4 42 12 4C 30 41 00 00 00 00 A0 A3 99 BA 51 56 1F BB F5 B1 C1 3D 1E AD B8 BD 00 00 0C BD 00 C0 7B 3F 00 00 58 3C 00 00 80 7F,
1096,16:40:45.269,RX,95 A8 B4 42 B6 B2 2F 41 00 00 00 00 4F F6 93 BB C0 1B FF BA F5 B1 C1 3D 1E AD B8 BD 00 00 14 BD 00 C0 7C 3F 00 00 BC 3C 00 00 80 7F,
1097,16:40:45.274,RX,48 A2 B4 42 E6 68 35 41 00 00 00 00 CB 7D 65 BB 6B F6 7F BA F5 B1 C1 3D 1E AD B8 BD 00 00 14 BD 00 40 7C 3F 00 00 02 3D 00 00 80 7F,
1098,16:40:45.281,RX,4C 97 B4 42 CE 6B 2C 41 00 00 00 00 54 25 C7 BA AB 63 03 3A F5 B1 C1 3D 1E AD B8 BD 00 00 14 BD 00 C0 7D 3F 00 00 E0 3C 00 00 80 7F,
1099,16:40:45.284,RX,F8 93 B4 42 88 B4 2B 41 00 00 00 00 47 6D C1 3A A2 BA 1D 3B F5 B1 C1 3D 1E AD B8 BD 00 00 10 BD 00 20 7C 3F 00 00 94 3C 00 00 80 7F,
1100,16:40:45.289,TX,54,
1101,16:40:45.290,RX,67 8C B4 42 A8 B0 2F 41 00 00 00 00 2A F5 9D 3B D2 FD 0D 3B F5 B1 C1 3D 1E AD B8 BD 00 00 04 BD 00 80 7B 3F 00 00 E0 3C 00 00 80 7F,
1102,16:40:45.294,RX,D7 88 B4 42 42 22 2D 41 00 00 00 00 61 94 79 3B 02 01 9C 3A F5 B1 C1 3D 1E AD B8 BD 00 00 06 BD 00 E0 7D 3F 00 00 B4 3C 00 00 80 7F,