t_ms,M1_speed_ref,M1_speed_fb,M1_iq_ref,M1_iq,M1_mech_angle,M2_speed_ref,M2_speed_fb,M2_iq_ref,M2_iq,M2_mech_angle
0.0,0.000000,-0.000569,0.000000,-0.000799,5.427224,0.000000,-0.042180,0.000000,-0.001383,1.650947
10.0,0.000000,0.002186,0.000000,-0.000000,5.427224,0.000000,0.007222,0.000000,-0.004223,1.650947
20.0,0.000000,0.007728,0.000000,0.001327,5.427224,0.000000,-0.027847,0.000000,-0.001408,1.650947
30.0,0.000000,0.007466,0.000000,-0.000928,5.427224,0.000000,-0.002167,0.000000,0.000477,1.650947
40.0,0.000000,-0.023509,0.000000,0.000928,5.427224,0.000000,-0.011815,0.000000,-0.000930,1.650947
50.0,0.000000,-0.001289,0.000000,-0.000928,5.427224,0.000000,-0.000427,0.000000,-0.000477,1.650947
60.0,0.000000,-0.002518,0.000000,-0.000000,5.427224,0.000000,-0.011462,0.000000,-0.000930,1.650947
70.0,0.000000,-0.004982,0.000000,-0.000399,5.427224,0.000000,-0.004947,0.000000,-0.000000,1.650947
80.0,0.000000,0.015117,0.000000,-0.000928,5.427224,0.000000,-0.003467,0.000000,-0.000000,1.650947
90.0,0.000000,-0.013100,0.000000,-0.000000,5.427224,0.000000,-0.002165,0.000000,-0.000477,1.650947
100.0,0.000000,-0.023759,0.000000,-0.000399,5.427224,0.000000,-0.009841,0.000000,-0.000930,1.650947
110.0,0.000000,0.010077,0.000000,0.000399,5.427224,0.000000,0.006575,0.000000,-0.000000,1.650947
120.0,0.000000,0.001403,0.000000,-0.000000,5.427224,0.000000,0.014405,0.000000,-0.000453,1.650947
130.0,0.000000,0.000036,0.000000,0.000528,5.427224,0.000000,-0.000614,0.000000,0.000930,1.650947
140.0,0.000000,0.013882,0.000000,0.000928,5.427224,0.000000,-0.021557,0.000000,-0.000930,1.650947
150.0,0.000000,-0.001314,0.000000,-0.000928,5.427224,0.000000,0.001888,0.000000,-0.000000,1.650947
160.0,0.000000,0.026061,0.000000,0.000399,5.427224,0.000000,-0.021944,0.000000,-0.000930,1.650947
170.0,0.000000,0.009963,0.000000,-0.000000,5.427224,0.000000,-0.019326,0.000000,0.001408,1.650947
180.0,0.000000,-0.024268,0.000000,-0.000928,5.427224,0.000000,-0.032773,0.000000,-0.001861,1.650947
190.0,0.000000,-0.003219,0.000000,-0.000000,5.427224,0.000000,0.005544,0.000000,-0.000000,1.650947
200.0,0.000000,-0.004648,0.000000,-0.000000,5.427224,0.000000,-0.043608,0.000000,-0.001885,1.650947
210.0,0.000000,-0.003972,0.000000,-0.000000,5.427224,0.000000,0.001315,0.000000,0.000477,1.650947
220.0,0.000000,0.003074,0.000000,-0.000000,5.427224,0.000000,-0.054908,0.000000,-0.002791,1.650947
230.0,0.000000,-0.048141,0.000000,0.001456,5.427224,0.000000,-0.021117,0.000000,0.000453,1.650947
240.0,0.000000,0.043223,0.000000,-0.000399,5.427224,0.000000,0.014030,0.000000,-0.000000,1.650947
250.0,0.000000,-0.018319,0.000000,-0.000399,5.427224,0.000000,-0.015699,0.000000,-0.000000,1.650947
260.0,0.000000,0.012356,0.000000,-0.000000,5.427224,0.000000,-0.018673,0.000000,-0.000930,1.650947
270.0,0.000000,0.003314,0.000000,-0.000928,5.427224,0.000000,-0.004821,0.000000,-0.000477,1.650947
280.0,0.000000,-0.013150,0.000000,0.000928,5.427224,0.000000,0.000138,0.000000,-0.000930,1.650947
290.0,0.000000,0.024933,0.000000,-0.001726,5.427224,0.000000,0.000153,0.000000,-0.000000,1.650947
300.0,0.000000,-0.022849,0.000000,0.000399,5.427224,0.000000,-0.000631,0.000000,0.000477,1.650947
310.0,0.000000,0.017158,0.000000,-0.000000,5.427224,0.000000,-0.003681,0.000000,-0.002338,1.650947
320.0,0.000000,0.008086,0.000000,0.000399,5.427224,0.000000,0.020377,0.000000,-0.000930,1.650947
330.0,0.000000,0.000350,0.000000,-0.001327,5.427224,0.000000,0.007700,0.000000,-0.000000,1.650947
340.0,0.000000,0.002566,0.000000,0.000928,5.427224,0.000000,-0.001232,0.000000,-0.000477,1.650947
350.0,0.000000,-0.022262,0.000000,-0.000399,5.427224,0.000000,-0.014329,0.000000,-0.000930,1.650947
360.0,0.000000,-0.020405,0.000000,0.000928,5.427224,0.000000,0.011313,0.000000,0.000477,1.650947
370.0,0.000000,-0.031367,0.000000,0.000399,5.427224,0.000000,-0.017643,0.000000,-0.001861,1.650947
380.0,0.000000,-0.006507,0.000000,-0.000000,5.427224,0.000000,-0.003697,0.000000,-0.000477,1.650947
390.0,0.000000,0.003502,0.000000,-0.000928,5.427224,0.000000,0.018062,0.000000,0.000930,1.650947
400.0,0.000000,0.015498,0.000000,-0.000000,5.427224,0.000000,-0.013410,0.000000,-0.000000,1.650947
410.0,0.000000,-0.004988,0.000000,-0.000399,5.427224,0.000000,-0.015177,0.000000,-0.000930,1.650947
420.0,0.000000,0.006184,0.000000,-0.000928,5.427224,0.000000,0.004379,0.000000,0.000477,1.650947
430.0,0.000000,-0.012061,0.000000,-0.000399,5.427224,0.000000,0.001699,0.000000,-0.000930,1.650947
440.0,0.000000,-0.023251,0.000000,-0.000928,5.427224,0.000000,-0.005548,0.000000,0.000477,1.650947
450.0,0.000000,0.007478,0.000000,-0.000000,5.427224,0.000000,-0.015847,0.000000,-0.000930,1.650947
460.0,0.000000,-0.006198,0.000000,0.000399,5.427224,0.000000,-0.010610,0.000000,-0.000930,1.650947
470.0,0.000000,0.007850,0.000000,-0.000399,5.427224,0.000000,-0.002306,0.000000,-0.000477,1.650947
480.0,0.000000,-0.012467,0.000000,-0.000000,5.427224,0.000000,-0.034551,0.000000,-0.000955,1.650947
490.0,0.000000,-0.012855,0.000000,-0.000000,5.427224,0.000000,0.000632,0.000000,0.000453,1.650947
500.0,0.000000,-0.024402,0.000000,-0.000000,5.427224,0.000000,0.001608,0.000000,0.000930,1.650947
510.0,0.000000,-0.018063,0.000000,0.000399,5.427224,0.000000,-0.023170,0.000000,-0.000930,1.650947
520.0,0.000000,0.023593,0.000000,0.002255,5.427224,0.000000,-0.000437,0.000000,-0.000000,1.650947
530.0,0.000000,0.002444,0.000000,-0.000399,5.427224,0.000000,0.007554,0.000000,-0.000477,1.650947
540.0,0.000000,-0.020436,0.000000,-0.000000,5.427224,0.000000,-0.009321,0.000000,-0.000000,1.650947
550.0,0.000000,0.006361,0.000000,-0.000000,5.427224,0.000000,-0.036964,0.000000,-0.001861,1.650947
560.0,0.000000,0.000763,0.000000,-0.000399,5.427224,0.000000,0.010098,0.000000,0.000930,1.650947
570.0,0.000000,0.014754,0.000000,0.000399,5.427224,0.000000,-0.019947,0.000000,-0.000453,1.650947
580.0,0.000000,0.013610,0.000000,-0.000000,5.427224,0.000000,-0.004598,0.000000,0.001408,1.650947
590.0,0.000000,-0.007403,0.000000,-0.000000,5.427224,0.000000,-0.010055,0.000000,-0.000000,1.650947
600.0,0.000000,-0.002653,0.000000,-0.000000,5.427224,0.000000,0.000206,0.000000,-0.000477,1.650947
610.0,0.000000,-0.007921,0.000000,0.000928,5.427224,0.000000,-0.011436,0.000000,-0.000453,1.650947
620.0,0.000000,-0.001354,0.000000,-0.000000,5.427224,0.000000,0.007384,0.000000,-0.000000,1.650947
630.0,0.000000,0.012116,0.000000,-0.000928,5.427224,0.000000,-0.007395,0.000000,-0.000000,1.650947
640.0,0.000000,-0.000156,0.000000,-0.000000,5.427224,0.000000,0.007443,0.000000,-0.000000,1.650947
650.0,0.000000,-0.020040,0.000000,-0.000000,5.427224,0.000000,-0.010445,0.000000,-0.000930,1.650947
660.0,0.000000,0.009754,0.000000,0.000928,5.427224,0.000000,-0.008277,0.000000,0.000477,1.650947
670.0,0.000000,-0.014174,0.000000,-0.000399,5.427224,0.000000,-0.007839,0.000000,-0.001861,1.650947
680.0,0.000000,0.024599,0.000000,-0.001456,5.427224,0.000000,-0.015385,0.000000,0.000477,1.650947
690.0,0.000000,0.005751,0.000000,0.000928,5.427224,0.000000,-0.021808,0.000000,-0.000906,1.650947
700.0,0.000000,-0.015473,0.000000,0.000928,5.427224,0.000000,0.004090,0.000000,0.000930,1.650947
710.0,0.000000,0.013036,0.000000,0.000928,5.427224,0.000000,-0.007573,0.000000,-0.000000,1.650947
720.0,0.000000,-0.010097,0.000000,-0.000000,5.427224,0.000000,-0.033192,0.000000,-0.000000,1.650947
730.0,0.000000,-0.005426,0.000000,0.000928,5.427224,0.000000,-0.012319,0.000000,-0.000930,1.650947
740.0,0.000000,0.008606,0.000000,0.000528,5.427224,0.000000,-0.032068,0.000000,0.001408,1.650947
750.0,0.000000,-0.008479,0.000000,-0.000399,5.427224,0.000000,0.001326,0.000000,-0.002338,1.650947
760.0,0.000000,0.003368,0.000000,0.000928,5.427224,0.000000,0.010986,0.000000,0.000930,1.650947
770.0,0.000000,-0.000046,0.000000,-0.001855,5.427224,0.000000,-0.006921,0.000000,-0.000453,1.650947
780.0,0.000000,-0.001142,0.000000,-0.000000,5.427224,0.000000,-0.015726,0.000000,0.000477,1.650947
790.0,0.000000,-0.007084,0.000000,-0.000528,5.427224,0.000000,-0.021607,0.000000,-0.002338,1.650947
800.0,0.000000,0.002021,0.000000,-0.001726,5.427224,0.000000,0.003230,0.000000,-0.000000,1.650947
810.0,0.000000,0.009652,0.000000,-0.002783,5.427224,0.000000,0.026728,0.000000,0.000477,1.650947
820.0,0.000000,-0.011531,0.000000,0.000399,5.427224,0.000000,-0.023489,0.000000,-0.002791,1.650947
830.0,0.000000,-0.007234,0.000000,-0.000000,5.427224,0.000000,-0.007244,0.000000,-0.001885,1.650947
840.0,0.000000,-0.003903,0.000000,0.000399,5.427224,0.000000,-0.015187,0.000000,0.001408,1.650947
850.0,0.000000,0.000079,0.000000,0.000399,5.427224,0.000000,-0.026995,0.000000,-0.001408,1.650947
860.0,0.000000,0.003365,0.000000,-0.000928,5.427224,0.000000,0.006046,0.000000,0.000930,1.650947
870.0,0.000000,0.022851,0.000000,0.001327,5.427224,0.000000,-0.012809,0.000000,-0.000000,1.650947
880.0,0.000000,-0.007472,0.000000,0.000399,5.427224,0.000000,-0.004889,0.000000,-0.000000,1.650947
890.0,0.000000,0.010615,0.000000,0.000528,5.427224,0.000000,-0.002826,0.000000,-0.000000,1.650947
900.0,0.000000,-0.008877,0.000000,-0.000000,5.427224,0.000000,0.011273,0.000000,-0.000000,1.650947
910.0,0.000000,0.000357,0.000000,-0.000000,5.427224,0.000000,-0.010191,0.000000,-0.001408,1.650947
920.0,0.000000,-0.001988,0.000000,-0.000000,5.427224,0.000000,-0.003396,0.000000,0.000477,1.650947
930.0,0.000000,0.018814,0.000000,0.001327,5.427224,0.000000,0.011011,0.000000,-0.000955,1.650947
940.0,0.000000,0.008031,0.000000,-0.000000,5.427224,0.000000,-0.035556,0.000000,-0.001861,1.650947
950.0,0.000000,0.034136,0.000000,0.000928,5.427224,0.000000,0.022669,0.000000,-0.000477,1.650947
960.0,0.000000,0.014899,0.000000,-0.000000,5.427224,0.000000,-0.029880,0.000000,-0.000477,1.650947
970.0,0.000000,-0.004580,0.000000,-0.000000,5.427224,0.000000,0.027180,0.000000,-0.000930,1.650947
980.0,0.000000,-0.007925,0.000000,-0.000000,5.427224,0.000000,-0.008438,0.000000,-0.000000,1.650947
990.0,0.000000,-0.008578,0.000000,0.000528,5.427224,0.000000,-0.022250,0.000000,-0.002791,1.650947
1000.0,0.000000,0.001529,0.000000,0.000928,5.427224,0.000000,-0.001653,0.000000,-0.000000,1.650947
1010.0,0.000000,-0.017964,0.000000,-0.000000,5.427224,0.000000,-0.003071,0.000000,-0.001408,1.650947
1020.0,0.000000,0.013013,0.000000,-0.001855,5.427224,0.000000,-0.015563,0.000000,-0.001861,1.650947
1030.0,0.000000,0.000700,0.000000,-0.000000,5.427224,0.000000,-0.003671,0.000000,-0.004199,1.650947
1040.0,0.000000,-0.001265,0.000000,0.001327,5.427224,0.000000,0.000324,0.000000,-0.000453,1.650947
1050.0,0.000000,0.010314,0.000000,0.000928,5.427224,0.000000,0.016659,0.000000,-0.001408,1.650947
1060.0,0.000000,0.004727,0.000000,-0.000000,5.427224,0.000000,-0.006613,0.000000,-0.000453,1.650947
1070.0,0.000000,-0.022710,0.000000,-0.000000,5.427224,0.000000,-0.011753,0.000000,0.000477,1.650947
1080.0,0.000000,0.006243,0.000000,0.000399,5.427224,0.000000,-0.016592,0.000000,0.000930,1.650947
1090.0,0.000000,0.020753,0.000000,0.000399,5.427224,0.000000,0.007714,0.000000,-0.000930,1.650947
1100.0,0.000000,-0.028170,0.000000,-0.001327,5.427224,0.000000,-0.013278,0.000000,0.001408,1.650947
1110.0,0.000000,-0.011410,0.000000,-0.000399,5.427224,0.000000,-0.005060,0.000000,-0.000930,1.650947
1120.0,0.000000,-0.007157,0.000000,-0.000000,5.427224,0.000000,0.000699,0.000000,-0.000000,1.650947
1130.0,0.000000,-0.010459,0.000000,-0.000000,5.427224,0.000000,-0.001921,0.000000,-0.000477,1.650947
1140.0,0.000000,0.009171,0.000000,0.000399,5.427224,0.000000,-0.001582,0.000000,0.001408,1.650947
1150.0,0.000000,-0.019999,0.000000,-0.001855,5.427224,0.000000,-0.010264,0.000000,-0.002338,1.650947
1160.0,0.000000,-0.003932,0.000000,-0.000928,5.427224,0.000000,0.021262,0.000000,-0.000000,1.650947
1170.0,0.000000,0.010294,0.000000,0.000399,5.427224,0.000000,-0.011573,0.000000,-0.000930,1.650947
1180.0,0.000000,0.001774,0.000000,0.000928,5.427224,0.000000,0.009915,0.000000,-0.000502,1.650947
1190.0,0.000000,-0.006063,0.000000,0.000928,5.427224,0.000000,-0.002281,0.000000,-0.000000,1.650947
1200.0,0.000000,-0.001352,0.000000,-0.000928,5.427224,0.000000,0.025576,0.000000,0.000477,1.650947
1210.0,0.000000,0.008514,0.000000,0.000399,5.427224,0.000000,0.013186,0.000000,-0.001432,1.650947
1220.0,0.000000,-0.032297,0.000000,-0.001327,5.427224,0.000000,0.012544,0.000000,-0.000000,1.650947
1230.0,0.000000,-0.006623,0.000000,0.000928,5.427224,0.000000,0.003368,0.000000,-0.000000,1.650947
1240.0,0.000000,0.009384,0.000000,-0.000000,5.427224,0.000000,-0.001625,0.000000,0.000477,1.650947
1250.0,0.000000,-0.000667,0.000000,-0.000000,5.427224,0.000000,-0.001926,0.000000,-0.000000,1.650947
1260.0,0.000000,-0.003354,0.000000,-0.000000,5.427224,0.000000,-0.001902,0.000000,0.000024,1.650947
1270.0,0.000000,-0.001535,0.000000,0.000928,5.427224,0.000000,-0.002664,0.000000,-0.000000,1.650947
1280.0,0.000000,-0.003848,0.000000,0.001327,5.427224,0.000000,0.003315,0.000000,-0.000453,1.650947
1290.0,0.000000,-0.017354,0.000000,-0.000000,5.427224,0.000000,-0.008034,0.000000,-0.000477,1.650947
1300.0,0.000000,-0.006862,0.000000,-0.000000,5.427224,0.000000,0.007873,0.000000,-0.000930,1.650947
1310.0,0.000000,-0.001470,0.000000,-0.000000,5.427224,0.000000,-0.004591,0.000000,0.000930,1.650947
1320.0,0.000000,-0.013103,0.000000,-0.000000,5.427224,0.000000,-0.009577,0.000000,-0.000930,1.650947
1330.0,0.000000,0.010196,0.000000,-0.000000,5.427224,0.000000,0.002189,0.000000,-0.001861,1.650947
1340.0,0.000000,-0.020363,0.000000,-0.000528,5.427224,0.000000,0.000390,0.000000,-0.000930,1.650947
1350.0,0.000000,0.005374,0.000000,-0.000000,5.427224,0.000000,0.035326,0.000000,0.000930,1.650947
1360.0,0.000000,0.003340,0.000000,0.000399,5.427224,0.000000,-0.042263,0.000000,-0.000930,1.650947
1370.0,0.000000,0.003478,0.000000,-0.000399,5.427224,0.000000,0.001791,0.000000,-0.000000,1.650947
1380.0,0.000000,-0.005316,0.000000,-0.000000,5.427224,0.000000,0.009012,0.000000,-0.000000,1.650947
1390.0,0.000000,-0.009003,0.000000,0.000129,5.427224,0.000000,-0.029799,0.000000,0.000930,1.650947
1400.0,0.000000,0.013081,0.000000,-0.000000,5.427224,0.000000,-0.019574,0.000000,-0.000930,1.650947
1410.0,0.000000,0.001365,0.000000,-0.000928,5.427224,0.000000,-0.000165,0.000000,0.000477,1.650947
1420.0,0.000000,-0.003354,0.000000,0.000928,5.427224,0.000000,0.006416,0.000000,-0.000000,1.650947
1430.0,0.000000,0.008328,0.000000,-0.000928,5.427224,0.000000,-0.035043,0.000000,0.001408,1.650947
1440.0,0.000000,-0.010533,0.000000,-0.000000,5.427224,0.000000,0.002506,0.000000,-0.000000,1.650947
1450.0,0.000000,0.017355,0.000000,0.000399,5.427224,0.000000,0.013779,0.000000,-0.000000,1.650947
1460.0,0.000000,-0.005004,0.000000,0.000928,5.427224,0.000000,-0.021489,0.000000,-0.000000,1.650947
1470.0,0.000000,-0.009407,0.000000,-0.000399,5.427224,0.000000,0.012142,0.000000,-0.002338,1.650947
1480.0,0.000000,-0.000970,0.000000,-0.000528,5.427224,0.000000,-0.014653,0.000000,-0.000930,1.650947
1490.0,0.000000,0.016240,0.000000,-0.000928,5.427224,0.000000,-0.012356,0.000000,-0.000477,1.650947
1500.0,0.000000,0.005920,0.000000,0.000928,5.427224,0.000000,-0.000245,0.000000,-0.001408,1.650947
1510.0,0.000000,0.001442,0.000000,-0.000928,5.427224,0.000000,-0.009415,0.000000,0.000453,1.650947
1520.0,0.000000,0.018461,0.000000,0.002255,5.427224,0.000000,0.001343,0.000000,-0.000930,1.650947
1530.0,0.000000,0.012402,0.000000,-0.000399,5.427224,0.000000,-0.005461,0.000000,-0.000477,1.650947
1540.0,0.000000,0.012649,0.000000,0.001327,5.427224,0.000000,-0.021189,0.000000,-0.001408,1.650947
1550.0,0.000000,-0.009076,0.000000,-0.000000,5.427224,0.000000,-0.026189,0.000000,0.002338,1.650947
1560.0,0.000000,-0.003987,0.000000,-0.000000,5.427224,0.000000,-0.001431,0.000000,-0.000930,1.650947
1570.0,0.000000,-0.006179,0.000000,-0.000928,5.427224,0.000000,-0.008516,0.000000,0.000477,1.650947
1580.0,0.000000,-0.012459,0.000000,-0.000928,5.427224,0.000000,0.009995,0.000000,0.000477,1.650947
1590.0,0.000000,0.009194,0.000000,0.000928,5.427224,0.000000,0.013947,0.000000,-0.000477,1.650947
1600.0,0.000000,0.032237,0.000000,0.001327,5.427224,0.000000,-0.026913,0.000000,-0.000453,1.650947
1610.0,0.000000,-0.002539,0.000000,-0.000000,5.427224,0.000000,0.013478,0.000000,-0.000477,1.650947
1620.0,0.000000,0.000262,0.000000,-0.000000,5.427224,0.000000,-0.022122,0.000000,-0.001861,1.650947
1630.0,0.000000,0.009791,0.000000,-0.000000,5.427224,0.000000,0.002132,0.000000,-0.000000,1.650947
1640.0,0.000000,0.010016,0.000000,0.000399,5.427224,0.000000,0.004348,0.000000,-0.000930,1.650947
1650.0,0.000000,-0.003175,0.000000,-0.000000,5.427224,0.000000,-0.041765,0.000000,0.000477,1.650947
1660.0,0.000000,0.001801,0.000000,-0.000000,5.427224,0.000000,-0.012938,0.000000,0.000477,1.650947
1670.0,0.000000,-0.004212,0.000000,-0.000000,5.427224,0.000000,-0.019804,0.000000,0.001408,1.650947
1680.0,0.000000,-0.000078,0.000000,0.000528,5.427224,0.000000,-0.004759,0.000000,0.000477,1.650947
1690.0,0.000000,0.001114,0.000000,-0.000928,5.427224,0.000000,-0.019196,0.000000,-0.000000,1.650947
1700.0,0.000000,0.012704,0.000000,0.001327,5.427224,0.000000,-0.021858,0.000000,-0.000453,1.650947
1710.0,0.000000,0.000294,0.000000,-0.000399,5.427224,0.000000,0.019120,0.000000,-0.000000,1.650947
1720.0,0.000000,0.001338,0.000000,-0.000000,5.427224,0.000000,0.001245,0.000000,-0.000000,1.650947
1730.0,0.000000,-0.000868,0.000000,-0.000000,5.427224,0.000000,-0.010495,0.000000,-0.000000,1.650947
1740.0,0.000000,0.002459,0.000000,0.000528,5.427224,0.000000,-0.029180,0.000000,-0.000930,1.650947
1750.0,0.000000,0.001544,0.000000,-0.000000,5.427224,0.000000,0.010947,0.000000,0.000930,1.650947
1760.0,0.000000,-0.000149,0.000000,-0.000000,5.427224,0.000000,0.004414,0.000000,-0.000453,1.650947
1770.0,0.000000,-0.008849,0.000000,-0.000000,5.427224,0.000000,-0.001103,0.000000,-0.000000,1.650947
1780.0,0.000000,0.005984,0.000000,-0.000000,5.427224,0.000000,0.003038,0.000000,-0.000930,1.650947
1790.0,0.000000,0.014792,0.000000,0.000528,5.427224,0.000000,-0.013871,0.000000,-0.000000,1.650947
1800.0,0.000000,0.009105,0.000000,0.001056,5.427224,0.000000,0.003575,0.000000,0.000453,1.650947
1810.0,0.000000,0.014315,0.000000,-0.000000,5.427224,0.000000,0.020496,0.000000,-0.000000,1.650947
1820.0,0.000000,0.013673,0.000000,-0.000000,5.427224,0.000000,-0.011216,0.000000,-0.000930,1.650947
1830.0,0.000000,-0.007823,0.000000,-0.000000,5.427224,0.000000,0.006807,0.000000,-0.000477,1.650947
1840.0,0.000000,0.020746,0.000000,0.000799,5.427224,0.000000,-0.006151,0.000000,-0.000453,1.650947
1850.0,0.000000,0.009416,0.000000,-0.001327,5.427224,0.000000,-0.004326,0.000000,0.000477,1.650947
1860.0,0.000000,0.006242,0.000000,0.000799,5.427224,0.000000,-0.004424,0.000000,-0.000000,1.650947
1870.0,0.000000,-0.001586,0.000000,-0.000399,5.427224,0.000000,0.008297,0.000000,-0.000000,1.650947
1880.0,0.000000,-0.000289,0.000000,0.000928,5.427224,0.000000,0.014692,0.000000,-0.000000,1.650947
1890.0,0.000000,0.024372,0.000000,-0.000000,5.427224,0.000000,-0.019614,0.000000,-0.000000,1.650947
1900.0,0.000000,0.003204,0.000000,-0.000399,5.427224,0.000000,0.010856,0.000000,-0.000930,1.650947
1910.0,0.000000,-0.013838,0.000000,-0.000000,5.427224,0.000000,0.007035,0.000000,-0.000000,1.650947
1920.0,0.000000,-0.024480,0.000000,-0.000928,5.427224,0.000000,-0.028781,0.000000,-0.000930,1.650947
1930.0,0.000000,-0.016891,0.000000,-0.000000,5.427224,0.000000,0.003597,0.000000,-0.000000,1.650947
1940.0,0.000000,-0.005209,0.000000,0.000928,5.427224,0.000000,-0.055140,0.000000,-0.001885,1.650947
1950.0,0.000000,0.013463,0.000000,0.000528,5.427224,0.000000,0.011607,0.000000,-0.000000,1.650947
1960.0,0.000000,-0.000046,0.000000,-0.000000,5.427224,0.000000,0.000577,0.000000,0.000477,1.650947
1970.0,0.000000,-0.003573,0.000000,-0.000928,5.427224,0.000000,0.016247,0.000000,0.000477,1.650947
1980.0,0.000000,0.009282,0.000000,-0.000000,5.427224,0.000000,-0.027670,0.000000,-0.001861,1.650947
1990.0,0.000000,0.011254,0.000000,-0.000000,5.427224,0.000000,0.025715,0.000000,0.000477,1.650947
2000.0,0.000000,-0.009261,0.000000,-0.000000,5.427224,0.000000,-0.012277,0.000000,-0.000930,1.650947
2010.0,0.000000,0.013064,0.000000,-0.000000,5.427224,0.000000,-0.019306,0.000000,0.000477,1.650947
2020.0,0.000000,-0.003475,0.000000,-0.000000,5.427224,0.000000,-0.016810,0.000000,-0.001408,1.650947
2030.0,0.000000,-0.007935,0.000000,0.000399,5.427224,0.000000,-0.023195,0.000000,-0.000000,1.650947
2040.0,0.000000,-0.018913,0.000000,0.000528,5.427224,0.000000,0.042276,0.000000,-0.000000,1.650947
2050.0,0.000000,-0.006975,0.000000,-0.000399,5.427224,0.000000,0.007577,0.000000,-0.000477,1.650947
2060.0,0.000000,0.006231,0.000000,-0.000000,5.427224,0.000000,-0.002744,0.000000,-0.001383,1.650947
2070.0,0.000000,0.003224,0.000000,-0.000000,5.427224,0.000000,-0.037370,0.000000,-0.000453,1.650947
2080.0,0.000000,-0.000291,0.000000,0.000928,5.427224,0.000000,0.019185,0.000000,-0.000000,1.650947
2090.0,0.000000,-0.014556,0.000000,-0.000000,5.427224,0.000000,-0.010133,0.000000,-0.001408,1.650947
2100.0,0.000000,-0.005542,0.000000,0.000928,5.427224,0.000000,0.008892,0.000000,-0.000000,1.650947
2110.0,0.000000,0.004306,0.000000,-0.000000,5.427224,0.000000,-0.040499,0.000000,-0.001885,1.650947
2120.0,0.000000,-0.013924,0.000000,-0.000928,5.427224,0.000000,0.000015,0.000000,-0.000000,1.650947
2130.0,0.000000,0.004578,0.000000,0.000399,5.427224,0.000000,0.019884,0.000000,-0.000453,1.650947
2140.0,0.000000,0.000492,0.000000,-0.000000,5.427224,0.000000,0.009921,0.000000,0.000477,1.650947
2150.0,0.000000,0.011494,0.000000,-0.000000,5.427224,0.000000,0.003290,0.000000,0.000477,1.650947
2160.0,0.000000,-0.001756,0.000000,0.000928,5.427224,0.000000,0.002475,0.000000,0.000477,1.650947
2170.0,0.000000,-0.007760,0.000000,-0.000399,5.427224,0.000000,-0.008483,0.000000,-0.000453,1.650947
2180.0,0.000000,0.014328,0.000000,-0.000399,5.427224,0.000000,-0.001839,0.000000,-0.000930,1.650947
2190.0,0.000000,-0.000376,0.000000,0.000399,5.427224,0.000000,-0.025529,0.000000,-0.000000,1.650947
2200.0,0.000000,-0.006644,0.000000,-0.000000,5.427224,0.000000,0.003971,0.000000,0.000477,1.650947
2210.0,0.000000,-0.011686,0.000000,-0.000000,5.427224,0.000000,-0.005498,0.000000,-0.000955,1.650947
2220.0,0.000000,-0.011331,0.000000,0.000928,5.427224,0.000000,-0.016538,0.000000,-0.000000,1.650947
2230.0,0.000000,0.000370,0.000000,-0.000000,5.427224,0.000000,0.007402,0.000000,-0.000930,1.650947
2240.0,0.000000,-0.000384,0.000000,-0.000000,5.427224,0.000000,-0.009500,0.000000,-0.000000,1.650947
2250.0,0.000000,-0.003032,0.000000,-0.000928,5.427224,0.000000,-0.001653,0.000000,-0.000930,1.650947
2260.0,0.000000,-0.010895,0.000000,0.000928,5.427224,0.000000,0.012003,0.000000,-0.000477,1.650947
2270.0,0.000000,0.010710,0.000000,-0.000000,5.427224,0.000000,-0.031924,0.000000,-0.001910,1.650947
2280.0,0.000000,-0.007747,0.000000,-0.000399,5.427224,0.000000,0.009605,0.000000,-0.000000,1.650947
2290.0,0.000000,-0.012768,0.000000,-0.000000,5.427224,0.000000,0.007642,0.000000,-0.000930,1.650947
2300.0,0.000000,0.001101,0.000000,0.000399,5.427224,0.000000,-0.009913,0.000000,0.001408,1.650947
2310.0,0.000000,-0.002011,0.000000,-0.000000,5.427224,0.000000,-0.015904,0.000000,-0.001861,1.650947
2320.0,0.000000,0.001424,0.000000,0.000399,5.427224,0.000000,-0.013067,0.000000,0.001408,1.650947
2330.0,0.000000,0.010214,0.000000,0.000928,5.427224,0.000000,-0.014799,0.000000,-0.002338,1.650947
2340.0,0.000000,-0.000100,0.000000,0.000928,5.427224,0.000000,0.008100,0.000000,-0.000000,1.650947
2350.0,0.000000,-0.021844,0.000000,-0.000000,5.427224,0.000000,-0.075247,0.000000,-0.002791,1.650947
2360.0,0.000000,0.003613,0.000000,0.000399,5.427224,0.000000,0.022261,0.000000,0.000477,1.650947
2370.0,0.000000,0.016327,0.000000,0.000528,5.427224,0.000000,-0.020058,0.000000,-0.000930,1.650947
2380.0,0.000000,-0.020494,0.000000,-0.000928,5.427224,0.000000,0.012796,0.000000,0.000477,1.650947
2390.0,0.000000,-0.006102,0.000000,-0.000000,5.427224,0.000000,0.010907,0.000000,-0.000453,1.650947
2400.0,0.000000,0.018300,0.000000,-0.000399,5.427224,0.000000,-0.001925,0.000000,-0.000000,1.650947
2410.0,0.000000,-0.002667,0.000000,-0.000000,5.427224,0.000000,-0.046527,0.000000,-0.004199,1.650947
2420.0,0.000000,0.003207,0.000000,0.001726,5.427224,0.000000,0.024068,0.000000,0.000453,1.650947
2430.0,0.000000,0.024698,0.000000,0.001855,5.427224,0.000000,-0.019813,0.000000,-0.001408,1.650947
2440.0,0.000000,0.011061,0.000000,-0.003710,5.427224,0.000000,0.016029,0.000000,0.000930,1.650947
2450.0,0.000000,0.008450,0.000000,0.000399,5.427224,0.000000,-0.013353,0.000000,0.000453,1.650947
2460.0,0.000000,-0.009736,0.000000,-0.000399,5.427224,0.000000,0.003675,0.000000,0.000477,1.650947
2470.0,0.000000,0.010516,0.000000,-0.000799,5.427224,0.000000,-0.016023,0.000000,-0.001861,1.650947
2480.0,0.000000,0.018604,0.000000,-0.000928,5.427224,0.000000,0.007228,0.000000,0.000453,1.650947
2490.0,0.000000,0.016911,0.000000,0.000928,5.427224,0.000000,-0.002140,0.000000,-0.000930,1.650947
2500.0,0.000000,0.001783,0.000000,-0.000928,5.427224,0.000000,-0.018482,0.000000,-0.000000,1.650947
2510.0,0.000000,0.008007,0.000000,0.000399,5.427224,0.000000,0.017301,0.000000,-0.000453,1.650947
2520.0,0.000000,0.024021,0.000000,-0.001327,5.427224,0.000000,-0.003562,0.000000,-0.000477,1.650947
2530.0,0.000000,0.006293,0.000000,-0.000000,5.427224,0.000000,-0.013894,0.000000,-0.000453,1.650947
2540.0,0.000000,0.004949,0.000000,-0.000000,5.427224,0.000000,0.005798,0.000000,0.000930,1.650947
2550.0,0.000000,0.011240,0.000000,0.001056,5.427224,0.000000,0.008708,0.000000,-0.000000,1.650947
2560.0,0.000000,-0.022762,0.000000,0.000928,5.427224,0.000000,-0.008093,0.000000,-0.000000,1.650947
2570.0,0.000000,0.005116,0.000000,0.001327,5.427224,0.000000,0.009053,0.000000,0.000930,1.650947
2580.0,0.000000,0.014035,0.000000,-0.000000,5.427224,0.000000,0.007118,0.000000,-0.000000,1.650947
2590.0,0.000000,-0.002159,0.000000,-0.000528,5.427224,0.000000,-0.026527,0.000000,-0.001861,1.650947
2600.0,0.000000,0.001058,0.000000,-0.000000,5.427224,0.000000,0.023155,0.000000,-0.000000,1.650947
2610.0,0.000000,0.011144,0.000000,-0.000000,5.427224,0.000000,0.007034,0.000000,-0.001861,1.650947
2620.0,0.000000,-0.015726,0.000000,-0.000528,5.427224,0.000000,-0.003491,0.000000,0.000477,1.650947
2630.0,0.000000,0.022613,0.000000,0.000928,5.427224,0.000000,-0.012439,0.000000,-0.001408,1.650947
2640.0,0.000000,-0.006224,0.000000,-0.000399,5.427224,0.000000,-0.002237,0.000000,0.000453,1.650947
2650.0,0.000000,-0.006127,0.000000,0.001327,5.427224,0.000000,-0.022421,0.000000,-0.000453,1.650947
2660.0,0.000000,0.002151,0.000000,0.000399,5.427224,0.000000,-0.002242,0.000000,-0.000000,1.650947
2670.0,0.000000,-0.024692,0.000000,-0.000399,5.427224,0.000000,-0.005247,0.000000,-0.001408,1.650947
2680.0,0.000000,0.000818,0.000000,0.001327,5.427224,0.000000,-0.007731,0.000000,0.001408,1.650947
2690.0,0.000000,0.000102,0.000000,-0.000000,5.427224,0.000000,-0.028613,0.000000,-0.001408,1.650947
2700.0,0.000000,-0.007888,0.000000,-0.000000,5.427224,0.000000,-0.000991,0.000000,0.000477,1.650947
2710.0,0.000000,-0.013080,0.000000,-0.000000,5.427224,0.000000,-0.048019,0.000000,-0.001408,1.650947
2720.0,0.000000,-0.023497,0.000000,-0.000399,5.427224,0.000000,0.013951,0.000000,-0.000000,1.650947
2730.0,0.000000,0.014611,0.000000,0.001855,5.427224,0.000000,-0.048432,0.000000,-0.001861,1.650947
2740.0,0.000000,0.008200,0.000000,0.000399,5.427224,0.000000,0.013183,0.000000,-0.000000,1.650947
2750.0,0.000000,-0.011125,0.000000,-0.000799,5.427224,0.000000,-0.008499,0.000000,-0.000000,1.650947
2760.0,0.000000,0.002034,0.000000,-0.000000,5.427224,0.000000,0.016078,0.000000,-0.000000,1.650947
2770.0,0.000000,-0.028695,0.000000,-0.001855,5.427224,0.000000,-0.048393,0.000000,-0.002363,1.650947
2780.0,0.000000,-0.005189,0.000000,-0.000928,5.427224,0.000000,0.018949,0.000000,0.000930,1.650947
2790.0,0.000000,-0.002387,0.000000,-0.000000,5.427224,0.000000,-0.003736,0.000000,-0.001383,1.650947
2800.0,0.000000,-0.014681,0.000000,-0.000399,5.427224,0.000000,0.010173,0.000000,-0.000000,1.650947
2810.0,0.000000,-0.011294,0.000000,-0.000000,5.427224,0.000000,-0.015995,0.000000,-0.000000,1.650947
2820.0,0.000000,0.016961,0.000000,0.000399,5.427224,0.000000,-0.016846,0.000000,0.000930,1.650947
2830.0,0.000000,-0.018556,0.000000,-0.000528,5.427224,0.000000,-0.014970,0.000000,-0.000930,1.650947
2840.0,0.000000,-0.026006,0.000000,-0.000000,5.427224,0.000000,-0.014411,0.000000,-0.000930,1.650947
2850.0,0.000000,-0.021572,0.000000,-0.000399,5.427224,0.000000,0.007075,0.000000,-0.000930,1.650947
2860.0,0.000000,0.011035,0.000000,0.001327,5.427224,0.000000,-0.015650,0.000000,0.000930,1.650947
2870.0,0.000000,-0.011387,0.000000,-0.000528,5.427224,0.000000,0.018497,0.000000,-0.000453,1.650947
2880.0,0.000000,-0.006456,0.000000,0.000928,5.427224,0.000000,-0.023033,0.000000,0.000453,1.650947
2890.0,0.000000,0.007301,0.000000,-0.000000,5.427224,0.000000,0.038675,0.000000,0.000930,1.650947
2900.0,0.000000,0.008267,0.000000,-0.000000,5.427224,0.000000,0.007586,0.000000,-0.000453,1.650947
2910.0,0.000000,0.020000,0.000000,0.000928,5.427224,0.000000,-0.010270,0.000000,-0.000024,1.650947
2920.0,0.000000,-0.029298,0.000000,-0.000000,5.427224,0.000000,-0.012636,0.000000,-0.001383,1.650947
2930.0,0.000000,-0.007320,0.000000,0.000928,5.427224,0.000000,0.018643,0.000000,0.000477,1.650947
2940.0,0.000000,0.006479,0.000000,-0.000000,5.427224,0.000000,0.019747,0.000000,-0.000930,1.650947
2950.0,0.000000,-0.019150,0.000000,-0.001327,5.427224,0.000000,0.005429,0.000000,0.000930,1.650947
2960.0,0.000000,-0.001311,0.000000,-0.000000,5.427224,0.000000,0.013716,0.000000,0.000930,1.650947
2970.0,0.000000,-0.005970,0.000000,-0.000928,5.427224,0.000000,-0.018328,0.000000,0.000477,1.650947
2980.0,0.000000,-0.005747,0.000000,0.000528,5.427224,0.000000,0.003109,0.000000,-0.000930,1.650947
2990.0,0.000000,0.013778,0.000000,-0.001327,5.427224,0.000000,-0.010678,0.000000,0.000930,1.650947
3000.0,0.000000,-0.016289,0.000000,-0.000399,5.427224,0.000000,-0.007305,0.000000,-0.000930,1.650947
3010.0,0.000000,0.002840,0.000000,0.000528,5.427224,0.000000,0.022068,0.000000,-0.001861,1.650947
3020.0,0.000000,0.022930,0.000000,-0.000000,5.427224,0.000000,-0.068093,0.000000,-0.002791,1.650947
3030.0,0.000000,0.005854,0.000000,-0.000799,5.427224,0.000000,0.013169,0.000000,-0.000000,1.650947
3040.0,0.000000,0.012048,0.000000,-0.000000,5.427224,0.000000,0.012373,0.000000,-0.000000,1.650947
3050.0,0.000000,-0.001056,0.000000,-0.000000,5.427224,0.000000,0.008663,0.000000,-0.001910,1.650947
3060.0,0.000000,-0.013179,0.000000,-0.000000,5.427224,0.000000,0.002627,0.000000,-0.001408,1.650947
3070.0,0.000000,0.019213,0.000000,0.000399,5.427224,0.000000,-0.014503,0.000000,0.000930,1.650947
3080.0,0.000000,-0.031119,0.000000,-0.000399,5.427224,0.000000,-0.020176,0.000000,-0.000477,1.650947
3090.0,0.000000,-0.016897,0.000000,0.000399,5.427224,0.000000,-0.001416,0.000000,-0.000000,1.650947
3100.0,0.000000,0.020030,0.000000,-0.000399,5.427224,0.000000,-0.013937,0.000000,-0.000930,1.650947
3110.0,0.000000,-0.017189,0.000000,-0.000000,5.427224,0.000000,0.021718,0.000000,0.000930,1.650947
3120.0,0.000000,0.027802,0.000000,-0.000399,5.427224,0.000000,-0.055054,0.000000,-0.003244,1.650947
3130.0,0.000000,-0.002996,0.000000,-0.000000,5.427224,0.000000,0.005079,0.000000,-0.002314,1.650947
3140.0,0.000000,0.031531,0.000000,0.000928,5.427224,0.000000,-0.002448,0.000000,-0.000930,1.650947
3150.0,0.000000,-0.021227,0.000000,0.000528,5.427224,0.000000,-0.007951,0.000000,0.000955,1.650947
3160.0,0.000000,-0.000614,0.000000,-0.000528,5.427224,0.000000,-0.015723,0.000000,-0.000930,1.650947
3170.0,0.000000,-0.023738,0.000000,0.000399,5.427224,0.000000,-0.009132,0.000000,-0.000477,1.650947
3180.0,0.000000,-0.008225,0.000000,-0.000928,5.427224,0.000000,0.003070,0.000000,-0.000930,1.650947
3190.0,0.000000,0.026179,0.000000,-0.000000,5.427224,0.000000,0.003514,0.000000,-0.000000,1.650947
3200.0,0.000000,-0.039275,0.000000,-0.001855,5.427224,0.000000,-0.025414,0.000000,-0.001861,1.650947
3210.0,0.000000,0.014074,0.000000,-0.002783,5.427224,0.000000,-0.009430,0.000000,0.000477,1.650947
3220.0,0.000000,0.020260,0.000000,0.000928,5.427224,0.000000,-0.049706,0.000000,-0.002791,1.650947
3230.0,0.000000,-0.005560,0.000000,-0.000928,5.427224,0.000000,0.022100,0.000000,-0.000000,1.650947
3240.0,0.000000,-0.010175,0.000000,0.000399,5.427224,0.000000,-0.011680,0.000000,-0.000930,1.650947
3250.0,0.000000,0.013027,0.000000,-0.000000,5.427224,0.000000,0.022253,0.000000,-0.001861,1.650947
3260.0,0.000000,-0.002419,0.000000,-0.001456,5.427224,0.000000,-0.011471,0.000000,-0.000000,1.650947
3270.0,0.000000,-0.001388,0.000000,-0.000528,5.427224,0.000000,-0.010936,0.000000,-0.000000,1.650947
3280.0,0.000000,-0.021203,0.000000,-0.000528,5.427224,0.000000,0.028037,0.000000,-0.000000,1.650947
3290.0,0.000000,-0.003086,0.000000,-0.000928,5.427224,0.000000,0.015155,0.000000,0.000477,1.650947
3300.0,0.000000,0.011358,0.000000,-0.000000,5.427224,0.000000,0.019779,0.000000,-0.000000,1.650947
3310.0,0.000000,-0.005456,0.000000,-0.000000,5.427224,0.000000,0.003846,0.000000,-0.000000,1.650947
3320.0,0.000000,0.008592,0.000000,-0.000528,5.427224,0.000000,-0.010730,0.000000,-0.000000,1.650947
3330.0,0.000000,-0.015156,0.000000,-0.000000,5.427224,0.000000,-0.016073,0.000000,-0.000453,1.650947
3340.0,0.000000,0.016797,0.000000,0.000399,5.427224,0.000000,0.002247,0.000000,-0.000930,1.650947
3350.0,0.000000,-0.019762,0.000000,0.000399,5.427224,0.000000,0.010714,0.000000,0.000930,1.650947
3360.0,0.000000,0.017366,0.000000,-0.000000,5.427224,0.000000,-0.023663,0.000000,-0.000930,1.650947
3370.0,0.000000,-0.032683,0.000000,-0.000000,5.427224,0.000000,-0.002086,0.000000,-0.000000,1.650947
3380.0,0.000000,0.010195,0.000000,0.000928,5.427224,0.000000,-0.010187,0.000000,-0.000930,1.650947
3390.0,0.000000,0.001856,0.000000,-0.000000,5.427224,0.000000,0.009814,0.000000,-0.000000,1.650947
3400.0,0.000000,0.003719,0.000000,-0.001327,5.427224,0.000000,-0.039700,0.000000,-0.000930,1.650947
3410.0,0.000000,-0.026395,0.000000,-0.000000,5.427224,0.000000,0.027084,0.000000,0.000930,1.650947
3420.0,0.000000,-0.003825,0.000000,0.000528,5.427224,0.000000,-0.020130,0.000000,-0.000930,1.650947
3430.0,0.000000,-0.008719,0.000000,-0.000000,5.427224,0.000000,-0.008223,0.000000,-0.000000,1.650947
3440.0,0.000000,-0.002420,0.000000,-0.000000,5.427224,0.000000,-0.028447,0.000000,-0.000453,1.650947
3450.0,0.000000,-0.006665,0.000000,-0.000000,5.427224,0.000000,0.012564,0.000000,-0.000477,1.650947
3460.0,0.000000,-0.003219,0.000000,-0.000000,5.427224,0.000000,-0.034246,0.000000,-0.002338,1.650947
3470.0,0.000000,0.006831,0.000000,0.000928,5.427224,0.000000,-0.004875,0.000000,0.000477,1.650947
3480.0,0.000000,-0.003982,0.000000,-0.000399,5.427224,0.000000,-0.006816,0.000000,-0.001885,1.650947
3490.0,0.000000,-0.015714,0.000000,0.000928,5.427224,0.000000,-0.006752,0.000000,-0.000000,1.650947
3500.0,0.000000,0.012755,0.000000,0.000129,5.427224,0.000000,-0.006678,0.000000,-0.000930,1.650947
3510.0,0.000000,-0.014030,0.000000,0.000928,5.427224,0.000000,-0.034321,0.000000,-0.000477,1.650947
3520.0,0.000000,-0.008261,0.000000,0.000399,5.427224,0.000000,-0.006539,0.000000,-0.000930,1.650947
3530.0,0.000000,0.020119,0.000000,-0.000000,5.427224,0.000000,-0.013019,0.000000,-0.000000,1.650947
3540.0,0.000000,-0.038873,0.000000,-0.001456,5.427224,0.000000,-0.003005,0.000000,-0.000930,1.650947
3550.0,0.000000,0.033289,0.000000,-0.002783,5.427224,0.000000,0.008209,0.000000,-0.000453,1.650947
3560.0,0.000000,-0.008197,0.000000,-0.000000,5.427224,0.000000,-0.018416,0.000000,-0.000453,1.650947
3570.0,0.000000,-0.007079,0.000000,-0.001855,5.427224,0.000000,0.005100,0.000000,-0.000000,1.650947
3580.0,0.000000,-0.000759,0.000000,0.000399,5.427224,0.000000,-0.001324,0.000000,-0.000930,1.650947
3590.0,0.000000,-0.009288,0.000000,-0.000000,5.427224,0.000000,-0.017208,0.000000,-0.000000,1.650947
3600.0,0.000000,-0.006712,0.000000,-0.000528,5.427224,0.000000,0.017305,0.000000,-0.000000,1.650947
3610.0,0.000000,0.010485,0.000000,0.001327,5.427224,0.000000,0.003058,0.000000,-0.000000,1.650947
3620.0,0.000000,-0.028242,0.000000,-0.000799,5.427224,0.000000,-0.010339,0.000000,0.000477,1.650947
3630.0,0.000000,-0.008375,0.000000,-0.000000,5.427224,0.000000,-0.009055,0.000000,-0.000000,1.650947
3640.0,0.000000,-0.001561,0.000000,0.000528,5.427224,0.000000,-0.003243,0.000000,-0.001383,1.650947
3650.0,0.000000,-0.009476,0.000000,-0.000000,5.427224,0.000000,0.011371,0.000000,0.000477,1.650947
3660.0,0.000000,0.021690,0.000000,0.000928,5.427224,0.000000,-0.024422,0.000000,-0.001861,1.650947
3670.0,0.000000,0.006190,0.000000,0.000399,5.427224,0.000000,0.011938,0.000000,-0.000477,1.650947
3680.0,0.000000,0.010730,0.000000,-0.000000,5.427224,0.000000,0.009032,0.000000,0.000955,1.650947
3690.0,0.000000,-0.003258,0.000000,-0.000000,5.427224,0.000000,-0.025141,0.000000,0.000477,1.650947
3700.0,0.000000,0.010136,0.000000,0.000399,5.427224,0.000000,-0.005622,0.000000,-0.000930,1.650947
3710.0,0.000000,-0.006527,0.000000,-0.000000,5.427224,0.000000,0.031742,0.000000,-0.000000,1.650947
3720.0,0.000000,-0.011709,0.000000,-0.000928,5.427224,0.000000,-0.041793,0.000000,-0.001861,1.650947
3730.0,0.000000,0.000561,0.000000,-0.000000,5.427224,0.000000,-0.014986,0.000000,-0.000930,1.650947
3740.0,0.000000,0.008054,0.000000,0.001327,5.427224,0.000000,-0.014355,0.000000,0.000477,1.650947
3750.0,0.000000,0.000448,0.000000,0.000528,5.427224,0.000000,0.000208,0.000000,-0.000930,1.650947
3760.0,0.000000,0.019093,0.000000,-0.000928,5.427224,0.000000,-0.005055,0.000000,0.000930,1.650947
3770.0,0.000000,-0.001336,0.000000,-0.000000,5.427224,0.000000,0.020864,0.000000,-0.000930,1.650947
3780.0,0.000000,0.000379,0.000000,0.000928,5.427224,0.000000,-0.000391,0.000000,0.000453,1.650947
3790.0,0.000000,0.016410,0.000000,-0.000000,5.427224,0.000000,0.013596,0.000000,-0.000930,1.650947
3800.0,0.000000,0.012961,0.000000,-0.000000,5.427224,0.000000,-0.032666,0.000000,-0.000000,1.650947
3810.0,0.000000,0.013688,0.000000,0.001726,5.427224,0.000000,-0.010128,0.000000,-0.001861,1.650947
3820.0,0.000000,-0.004384,0.000000,-0.000000,5.427224,0.000000,0.017406,0.000000,-0.000477,1.650947
3830.0,0.000000,-0.001893,0.000000,-0.000000,5.427224,0.000000,-0.013028,0.000000,-0.000000,1.650947
3840.0,0.000000,0.021424,0.000000,-0.000000,5.427224,0.000000,-0.003010,0.000000,0.000453,1.650947
3850.0,0.000000,-0.006458,0.000000,-0.000000,5.427224,0.000000,-0.017570,0.000000,-0.001408,1.650947
3860.0,0.000000,-0.014731,0.000000,-0.000399,5.427224,0.000000,-0.003563,0.000000,0.000477,1.650947
3870.0,0.000000,0.000842,0.000000,-0.000000,5.427224,0.000000,0.012863,0.000000,0.000477,1.650947
3880.0,0.000000,0.018712,0.000000,0.000528,5.427224,0.000000,0.019275,0.000000,-0.000477,1.650947
3890.0,0.000000,0.012007,0.000000,-0.000799,5.427224,0.000000,-0.021016,0.000000,-0.003269,1.650947
3900.0,0.000000,0.011872,0.000000,0.000528,5.427224,0.000000,0.016639,0.000000,-0.000000,1.650947
3910.0,0.000000,0.001554,0.000000,-0.000000,5.427224,0.000000,0.033362,0.000000,-0.001408,1.650947
3920.0,0.000000,0.012792,0.000000,0.000399,5.427224,0.000000,-0.020572,0.000000,0.000453,1.650947
3930.0,0.000000,-0.002019,0.000000,0.000928,5.427224,0.000000,0.001194,0.000000,-0.000930,1.650947
3940.0,0.000000,-0.016858,0.000000,0.000928,5.427224,0.000000,-0.023107,0.000000,0.000453,1.650947
3950.0,0.000000,0.011444,0.000000,0.000399,5.427224,0.000000,0.017897,0.000000,0.000930,1.650947
3960.0,0.000000,0.007344,0.000000,0.000399,5.427224,0.000000,-0.020641,0.000000,0.000477,1.650947
3970.0,0.000000,-0.007889,0.000000,0.000928,5.427224,0.000000,-0.007618,0.000000,-0.000930,1.650947
3980.0,0.000000,-0.004122,0.000000,0.000928,5.427224,0.000000,-0.006167,0.000000,0.000477,1.650947
3990.0,0.000000,-0.006901,0.000000,-0.000000,5.427224,0.000000,0.003681,0.000000,-0.000930,1.650947
4000.0,0.000000,0.003989,0.000000,-0.000399,5.427224,0.000000,0.006297,0.000000,-0.000000,1.650947
4010.0,0.000000,0.023416,0.000000,0.000928,5.427224,0.000000,-0.006717,0.000000,-0.000930,1.650947
4020.0,0.000000,-0.036881,0.000000,0.000928,5.427224,0.000000,-0.003155,0.000000,-0.000000,1.650947
4030.0,0.000000,-0.022078,0.000000,-0.000928,5.427224,0.000000,-0.022892,0.000000,-0.000453,1.650947
4040.0,0.000000,0.000371,0.000000,0.000928,5.427224,0.000000,-0.007704,0.000000,-0.000000,1.650947
4050.0,0.000000,0.011323,0.000000,0.000399,5.427224,0.000000,0.003524,0.000000,0.000930,1.650947
4060.0,0.000000,-0.012717,0.000000,-0.000000,5.427224,0.000000,-0.025059,0.000000,0.001408,1.650947
4070.0,0.000000,-0.006739,0.000000,-0.000000,5.427224,0.000000,0.003246,0.000000,-0.000453,1.650947
4080.0,0.000000,0.013468,0.000000,0.000399,5.427224,0.000000,-0.006733,0.000000,-0.000000,1.650947
4090.0,0.000000,0.022872,0.000000,0.000928,5.427224,0.000000,-0.012511,0.000000,-0.001408,1.650947
4100.0,0.000000,-0.008831,0.000000,-0.000000,5.427224,0.000000,0.004010,0.000000,-0.000000,1.650947
4110.0,0.000000,-0.002419,0.000000,-0.000000,5.427224,0.000000,-0.008248,0.000000,-0.000477,1.650947
4120.0,0.000000,0.014138,0.000000,-0.000000,5.427224,0.000000,-0.016884,0.000000,0.000477,1.650947
4130.0,0.000000,-0.011390,0.000000,-0.000000,5.427224,0.000000,0.007039,0.000000,-0.000930,1.650947
4140.0,0.000000,-0.001108,0.000000,0.000928,5.427224,0.000000,-0.007274,0.000000,-0.000000,1.650947
4150.0,0.000000,-0.007331,0.000000,0.000399,5.427224,0.000000,-0.035421,0.000000,-0.000930,1.650947
4160.0,0.000000,-0.006363,0.000000,-0.002783,5.427224,0.000000,-0.007970,0.000000,0.000930,1.650947
4170.0,0.000000,-0.003791,0.000000,0.000399,5.427224,0.000000,0.023028,0.000000,-0.000000,1.650947
4180.0,0.000000,-0.012983,0.000000,-0.000000,5.427224,0.000000,-0.011840,0.000000,-0.000930,1.650947
4190.0,0.000000,-0.011100,0.000000,0.000399,5.427224,0.000000,-0.007120,0.000000,-0.001408,1.650947
4200.0,0.000000,-0.010425,0.000000,0.000399,5.427224,0.000000,0.024825,0.000000,-0.000930,1.650947
4210.0,0.000000,0.017147,0.000000,-0.000000,5.427224,0.000000,-0.027135,0.000000,-0.001408,1.650947
4220.0,0.000000,-0.003802,0.000000,0.000528,5.427224,0.000000,0.001542,0.000000,-0.000477,1.650947
4230.0,0.000000,-0.009828,0.000000,-0.000000,5.427224,0.000000,0.001312,0.000000,-0.000930,1.650947
4240.0,0.000000,0.001593,0.000000,0.000928,5.427224,0.000000,0.011762,0.000000,-0.000930,1.650947
4250.0,0.000000,-0.013132,0.000000,-0.000399,5.427224,0.000000,0.012097,0.000000,-0.002363,1.650947
4260.0,0.000000,-0.005365,0.000000,-0.000399,5.427224,0.000000,-0.000179,0.000000,0.000477,1.650947
4270.0,0.000000,0.007533,0.000000,0.000928,5.427224,0.000000,-0.026064,0.000000,-0.000453,1.650947
4280.0,0.000000,-0.017869,0.000000,-0.000000,5.427224,0.000000,-0.002992,0.000000,0.000477,1.650947
4290.0,0.000000,0.010688,0.000000,-0.000928,5.427224,0.000000,0.008818,0.000000,-0.000000,1.650947
4300.0,0.000000,0.018425,0.000000,-0.000000,5.427224,0.000000,0.011417,0.000000,-0.000000,1.650947
4310.0,0.000000,-0.006811,0.000000,-0.000799,5.427224,0.000000,0.030243,0.000000,-0.000477,1.650947
4320.0,0.000000,0.019658,0.000000,-0.000928,5.427224,0.000000,-0.022798,0.000000,-0.000000,1.650947
4330.0,0.000000,0.007426,0.000000,-0.000399,5.427224,0.000000,0.008690,0.000000,-0.000930,1.650947
4340.0,0.000000,0.005557,0.000000,-0.000000,5.427224,0.000000,-0.007159,0.000000,-0.000000,1.650947
4350.0,0.000000,-0.000082,0.000000,-0.000000,5.427224,0.000000,-0.023469,0.000000,0.000477,1.650947
4360.0,0.000000,0.007055,0.000000,-0.001855,5.427224,0.000000,0.023282,0.000000,0.000930,1.650947
4370.0,0.000000,0.005081,0.000000,-0.000000,5.427224,0.000000,-0.001667,0.000000,-0.000477,1.650947
4380.0,0.000000,-0.000024,0.000000,0.000399,5.427224,0.000000,-0.022245,0.000000,0.001408,1.650947
4390.0,0.000000,0.009698,0.000000,0.000928,5.427224,0.000000,0.012005,0.000000,0.000477,1.650947
4400.0,0.000000,-0.009700,0.000000,-0.000000,5.427224,0.000000,-0.041522,0.000000,0.000477,1.650947
4410.0,0.000000,-0.001357,0.000000,-0.000000,5.427224,0.000000,0.007379,0.000000,-0.000000,1.650947
4420.0,0.000000,-0.001838,0.000000,-0.000000,5.427224,0.000000,-0.036000,0.000000,-0.000979,1.650947
4430.0,0.000000,0.017253,0.000000,0.000928,5.427224,0.000000,-0.003597,0.000000,-0.000930,1.650947
4440.0,0.000000,-0.007545,0.000000,-0.000000,5.427224,0.000000,-0.005808,0.000000,-0.000000,1.650947
4450.0,0.000000,0.003928,0.000000,-0.000000,5.427224,0.000000,0.008900,0.000000,-0.000930,1.650947
4460.0,0.000000,-0.003219,0.000000,-0.000000,5.427224,0.000000,0.022081,0.000000,-0.000477,1.650947
4470.0,0.000000,-0.000730,0.000000,0.000399,5.427224,0.000000,-0.012551,0.000000,-0.000000,1.650947
4480.0,0.000000,0.010138,0.000000,0.000399,5.427224,0.000000,-0.012267,0.000000,0.000477,1.650947
4490.0,0.000000,-0.001162,0.000000,0.000928,5.427224,0.000000,0.022476,0.000000,0.000477,1.650947
4500.0,0.000000,0.026201,0.000000,0.000928,5.427224,0.000000,-0.018728,0.000000,-0.000000,1.650947
4510.0,0.000000,-0.016032,0.000000,-0.000000,5.427224,0.000000,0.038637,0.000000,0.000477,1.650947
4520.0,0.000000,-0.007874,0.000000,0.000928,5.427224,0.000000,-0.034641,0.000000,0.000477,1.650947
4530.0,0.000000,-0.005157,0.000000,0.001456,5.427224,0.000000,-0.046134,0.000000,-0.003722,1.650947
4540.0,0.000000,-0.003907,0.000000,-0.000928,5.427224,0.000000,0.001957,0.000000,-0.000000,1.650947
4550.0,0.000000,0.007910,0.000000,-0.000399,5.427224,0.000000,-0.011504,0.000000,-0.000930,1.650947
4560.0,0.000000,-0.003979,0.000000,-0.000000,5.427224,0.000000,0.013001,0.000000,0.000477,1.650947
4570.0,0.000000,-0.005999,0.000000,-0.000528,5.427224,0.000000,-0.005186,0.000000,-0.002338,1.650947
4580.0,0.000000,0.015758,0.000000,-0.000000,5.427224,0.000000,-0.000555,0.000000,0.000477,1.650947
4590.0,0.000000,-0.012268,0.000000,-0.000928,5.427224,0.000000,-0.025159,0.000000,0.000477,1.650947
4600.0,0.000000,0.005725,0.000000,-0.000399,5.427224,0.000000,-0.034849,0.000000,-0.001408,1.650947
4610.0,0.000000,-0.012392,0.000000,-0.000000,5.427224,0.000000,-0.006224,0.000000,-0.000000,1.650947
4620.0,0.000000,-0.006527,0.000000,0.000399,5.427224,0.000000,0.021470,0.000000,-0.000453,1.650947
4630.0,0.000000,0.015175,0.000000,-0.000000,5.427224,0.000000,-0.012686,0.000000,0.000955,1.650947
4640.0,0.000000,0.013919,0.000000,-0.000799,5.427224,0.000000,0.016011,0.000000,0.000024,1.650947
4650.0,0.000000,0.016589,0.000000,-0.000000,5.427224,0.000000,-0.015935,0.000000,0.000930,1.650947
4660.0,0.000000,-0.002285,0.000000,0.000799,5.427224,0.000000,0.013544,0.000000,-0.000453,1.650947
4670.0,0.000000,0.019521,0.000000,-0.000000,5.427224,0.000000,-0.016365,0.000000,-0.001432,1.650947
4680.0,0.000000,-0.001468,0.000000,0.000928,5.427224,0.000000,0.001981,0.000000,0.000930,1.650947
4690.0,0.000000,0.012564,0.000000,0.000528,5.427224,0.000000,-0.002305,0.000000,-0.000000,1.650947
4700.0,0.000000,-0.014954,0.000000,-0.000928,5.427224,0.000000,-0.032743,0.000000,-0.001408,1.650947
4710.0,0.000000,0.001251,0.000000,-0.000399,5.427224,0.000000,0.012926,0.000000,-0.000502,1.650947
4720.0,0.000000,-0.025707,0.000000,0.000399,5.427224,0.000000,-0.017885,0.000000,-0.000930,1.650947
4730.0,0.000000,0.021786,0.000000,-0.000399,5.427224,0.000000,-0.001319,0.000000,-0.000000,1.650947
4740.0,0.000000,-0.016123,0.000000,-0.000000,5.427224,0.000000,-0.009188,0.000000,-0.001408,1.650947
4750.0,0.000000,-0.008007,0.000000,-0.000000,5.427224,0.000000,0.007381,0.000000,0.000477,1.650947
4760.0,0.000000,-0.002613,0.000000,0.000399,5.427224,0.000000,0.000400,0.000000,-0.000453,1.650947
4770.0,0.000000,0.026983,0.000000,-0.000000,5.427224,0.000000,-0.004927,0.000000,-0.000000,1.650947
4780.0,0.000000,-0.007085,0.000000,0.000928,5.427224,0.000000,0.001077,0.000000,0.000477,1.650947
4790.0,0.000000,0.010850,0.000000,-0.000000,5.427224,0.000000,-0.023758,0.000000,0.001408,1.650947
4800.0,0.000000,-0.010091,0.000000,0.000928,5.427224,0.000000,-0.011547,0.000000,-0.002338,1.650947
4810.0,0.000000,-0.019348,0.000000,-0.000000,5.427224,0.000000,0.003116,0.000000,0.001408,1.650947
4820.0,0.000000,0.000266,0.000000,-0.000928,5.427224,0.000000,-0.045328,0.000000,-0.002816,1.650947
4830.0,0.000000,0.006040,0.000000,0.000399,5.427224,0.000000,0.013674,0.000000,0.001885,1.650947
4840.0,0.000000,0.006708,0.000000,-0.000928,5.427224,0.000000,0.012532,0.000000,-0.000453,1.650947
4850.0,0.000000,0.006401,0.000000,0.000928,5.427224,0.000000,0.014726,0.000000,0.000930,1.650947
4860.0,0.000000,0.009059,0.000000,-0.000799,5.427224,0.000000,-0.009914,0.000000,-0.000000,1.650947
4870.0,0.000000,-0.009847,0.000000,-0.000000,5.427224,0.000000,-0.016453,0.000000,-0.001432,1.650947
4880.0,0.000000,0.010786,0.000000,-0.001855,5.427224,0.000000,-0.012004,0.000000,-0.001408,1.650947
4890.0,0.000000,-0.004572,0.000000,-0.000000,5.427224,0.000000,0.006147,0.000000,-0.000477,1.650947
4900.0,0.000000,0.023351,0.000000,0.000399,5.427224,0.000000,-0.015145,0.000000,-0.001408,1.650947
4910.0,35.004112,14.045327,0.324560,0.321006,5.423006,0.000000,-0.025620,0.000000,0.000477,1.650947
4920.0,50.000000,48.028824,0.050704,0.051869,5.377753,0.000000,0.001998,0.000000,0.000477,1.650947
4930.0,50.000000,46.336323,0.079039,0.079164,5.329050,0.000000,-0.004932,0.000000,-0.000930,1.650947
4940.0,50.000000,49.220474,0.038348,0.038183,5.273826,0.000000,-1.054810,0.000000,-0.001406,1.650563
4950.0,50.000000,48.623516,0.048169,0.047484,5.217069,0.000000,0.397127,0.000000,0.000930,1.650180
4960.0,50.000000,52.175903,-0.005354,-0.004243,5.158010,0.000000,-0.081343,0.000000,-0.000455,1.650563
4970.0,50.000000,52.067841,-0.004728,-0.004253,5.099719,0.000000,1.524551,0.000000,-0.000484,1.652097
4980.0,50.000000,50.590374,0.015578,0.003223,5.044113,0.000000,-0.374917,0.000000,0.001416,1.652481
4990.0,50.000000,51.655251,-0.000964,0.000598,4.991957,0.000000,-0.698822,0.000000,-0.000000,1.652097
5000.0,50.000000,49.539017,0.029719,0.029849,4.939418,0.000000,-2.354816,0.000000,-0.000000,1.649796
5010.0,50.000000,51.395229,0.000130,0.000738,4.885345,0.000000,-0.054756,0.000000,0.001397,1.649029
5020.0,50.000000,49.058216,0.036389,0.043076,4.832423,0.000000,-0.046415,0.000000,-0.000464,1.649029
5030.0,50.000000,47.801685,0.055555,0.054584,4.782569,0.000000,1.732506,0.000000,0.001404,1.650180
5040.0,50.000000,50.881908,0.010453,0.016980,4.729263,0.000000,-0.088578,0.000000,-0.000477,1.650947
5050.0,50.000000,49.673603,0.028913,0.029411,4.679025,0.000000,-0.036504,0.000000,0.000930,1.650947
5060.0,50.000000,50.089836,0.021683,0.012305,4.624185,0.000000,-0.727046,0.000000,-0.000000,1.650563
5070.0,50.000000,52.026325,-0.008534,-0.008385,4.570879,0.000000,0.243270,0.000000,-0.000000,1.650563
5080.0,50.000000,49.758492,0.025183,0.017218,4.517573,0.000000,-0.037775,0.000000,-0.000475,1.650563
5090.0,50.000000,50.380215,0.015357,0.016356,4.465802,0.000000,0.022226,0.000000,-0.000000,1.650563
5100.0,50.000000,51.911587,-0.008027,-0.004033,4.411729,0.000000,-0.010583,0.000000,-0.000455,1.650563
5110.0,50.000000,49.347462,0.030321,0.028891,4.360724,0.000000,-0.005895,0.000000,0.000930,1.650563
5120.0,50.000000,48.820602,0.038941,0.043763,4.308185,0.000000,0.003346,0.000000,0.000475,1.650563
5130.0,50.000000,50.112690,0.020119,0.020590,4.257180,0.000000,-0.001433,0.000000,-0.000475,1.650563
5140.0,50.000000,49.797234,0.025198,0.030116,4.204258,0.000000,-0.027258,0.000000,-0.000930,1.650563
5150.0,50.000000,50.885178,0.008680,0.008876,4.152102,0.000000,0.015101,0.000000,-0.000000,1.650563
5160.0,50.000000,50.698261,0.010828,0.017055,4.098413,0.000000,-0.006930,0.000000,-0.001406,1.650563
5170.0,50.000000,50.553165,0.012111,0.011536,4.046258,0.000000,0.007288,0.000000,-0.000930,1.650563
5180.0,50.000000,51.169525,0.002375,0.002393,3.992185,0.000000,0.000565,0.000000,-0.000930,1.650563
5190.0,50.000000,51.260597,0.000249,0.001499,3.940030,0.000000,0.004979,0.000000,0.000475,1.650563
5200.0,50.000000,50.680721,0.008234,0.011873,3.885573,0.000000,0.009798,0.000000,-0.000455,1.650563
5210.0,50.000000,50.707977,0.006483,0.006354,3.833035,0.000000,0.002255,0.000000,0.000455,1.650563
5220.0,50.000000,49.766354,0.020971,0.017117,3.780112,0.000000,-0.007731,0.000000,-0.000930,1.650563
5230.0,50.000000,49.755554,0.021434,0.021679,3.729491,0.000000,0.005910,0.000000,-0.000000,1.650563
5240.0,50.000000,49.208317,0.030270,0.021017,3.676952,0.000000,0.001489,0.000000,-0.000475,1.650563
5250.0,50.000000,49.557610,0.026313,0.026101,3.626331,0.000000,-0.009822,0.000000,-0.000000,1.650563
5260.0,50.000000,49.408905,0.028946,0.034466,3.573792,0.000000,-0.005908,0.000000,-0.002336,1.650563
5270.0,50.000000,50.828728,0.007866,0.009696,3.522403,0.000000,0.015370,0.000000,-0.000475,1.650563
5280.0,50.000000,50.015991,0.020296,0.022331,3.469098,0.000000,0.009335,0.000000,-0.001406,1.650563
5290.0,50.000000,50.327919,0.015240,0.014761,3.417326,0.000000,0.008010,0.000000,-0.000000,1.650563
5300.0,50.000000,51.243187,0.000338,0.000000,3.362486,0.000000,-0.014959,0.000000,-0.001861,1.650563
5310.0,50.000000,51.359245,-0.002877,-0.003309,3.309947,0.000000,0.008942,0.000000,0.000930,1.650563
5320.0,50.000000,49.626171,0.022919,0.027397,3.256641,0.000000,-0.015316,0.000000,-0.001406,1.650563
5330.0,50.000000,48.814449,0.036002,0.036002,3.206403,0.000000,0.021156,0.000000,-0.000930,1.650563
5340.0,50.000000,49.602283,0.025078,0.029585,3.153865,0.000000,0.006947,0.000000,0.000930,1.650563
5350.0,50.000000,48.631760,0.040442,0.041076,3.103243,0.000000,-0.025044,0.000000,-0.000000,1.650563
5360.0,50.000000,49.567200,0.026611,0.023147,3.049937,0.000000,-0.005146,0.000000,-0.002336,1.650563
5370.0,50.000000,50.869892,0.006653,0.007934,2.998166,0.000000,-0.012231,0.000000,-0.000475,1.650563
5380.0,50.000000,50.461819,0.012035,0.012913,2.943709,0.000000,-0.006955,0.000000,-0.000455,1.650563
5390.0,50.000000,51.447048,-0.004104,-0.004257,2.890787,0.000000,-0.005771,0.000000,0.000475,1.650563
5400.0,50.000000,52.766785,-0.025585,-0.016773,2.835564,0.000000,-0.016187,0.000000,-0.001406,1.650563
5410.0,50.000000,49.702805,0.019164,0.018583,2.783408,0.000000,-0.031082,0.000000,0.000930,1.650563
5420.0,50.000000,48.815136,0.033475,0.027962,2.731636,0.000000,0.018468,0.000000,0.000475,1.650563
5430.0,50.000000,48.021042,0.046901,0.045816,2.682165,0.000000,-0.020823,0.000000,0.000455,1.650563
5440.0,50.000000,47.836094,0.051986,0.049528,2.631161,0.000000,0.021250,0.000000,-0.000475,1.650563
5450.0,50.000000,49.586590,0.026823,0.027457,2.580539,0.000000,-0.034570,0.000000,0.000930,1.650563
5460.0,50.000000,48.979332,0.036522,0.033073,2.527617,0.000000,0.009212,0.000000,-0.000455,1.650563
5470.0,50.000000,50.898369,0.007423,0.007383,2.475461,0.000000,0.033415,0.000000,0.000475,1.650563
5480.0,50.000000,51.759842,-0.007259,-0.019090,2.420238,0.000000,-0.002590,0.000000,-0.000455,1.650563
5490.0,50.000000,51.006184,0.002989,0.004056,2.367699,0.000000,0.024105,0.000000,-0.000000,1.650563
5500.0,50.000000,52.021057,-0.014034,-0.002218,2.312093,0.000000,-0.029952,0.000000,-0.001406,1.650563
5510.0,50.000000,49.202122,0.027407,0.027016,2.260704,0.000000,-0.000732,0.000000,-0.001861,1.650563
5520.0,50.000000,49.929222,0.017280,0.025020,2.208165,0.000000,0.013388,0.000000,-0.000930,1.650563
5530.0,50.000000,48.202366,0.044929,0.046326,2.159078,0.000000,0.001435,0.000000,-0.000000,1.650563
5540.0,50.000000,49.944717,0.019765,0.014253,2.106539,0.000000,0.012254,0.000000,-0.000455,1.650563
5550.0,50.000000,49.086388,0.033715,0.034722,2.056301,0.000000,-0.009537,0.000000,-0.000930,1.650563
5560.0,50.000000,50.487934,0.011625,-0.001829,2.001462,0.000000,-0.010395,0.000000,-0.000930,1.650563
5570.0,50.000000,51.135349,0.001507,0.001831,1.949306,0.000000,-0.000981,0.000000,-0.000000,1.650563
5580.0,50.000000,50.383335,0.011210,0.009698,1.894850,0.000000,-0.001730,0.000000,-0.000930,1.650563
5590.0,50.000000,51.282009,-0.002599,-0.001847,1.842695,0.000000,0.006086,0.000000,-0.000475,1.650563
5600.0,50.000000,50.198673,0.013363,0.019881,1.789005,0.000000,-0.013226,0.000000,-0.000930,1.650563
5610.0,50.000000,48.857784,0.033027,0.031511,1.738000,0.000000,0.038226,0.000000,-0.000000,1.650563
5620.0,50.000000,49.374035,0.027034,0.034570,1.685845,0.000000,-0.032446,0.000000,-0.001406,1.650563
5630.0,50.000000,47.177231,0.061655,0.062591,1.637141,0.000000,-0.010546,0.000000,-0.000000,1.650563
5640.0,50.000000,50.281521,0.015666,0.013768,1.583835,0.000000,0.005873,0.000000,-0.000930,1.650563
5650.0,50.000000,50.696754,0.009758,0.009795,1.532063,0.000000,-0.021513,0.000000,-0.000000,1.650563
5660.0,50.000000,50.112183,0.017169,0.016355,1.477991,0.000000,0.021017,0.000000,-0.000000,1.650563
5670.0,50.000000,50.681549,0.007819,0.007385,1.425452,0.000000,0.004032,0.000000,-0.000951,1.650563
5680.0,50.000000,51.130619,0.000200,-0.007438,1.370995,0.000000,-0.004563,0.000000,-0.000930,1.650563
5690.0,50.000000,49.827106,0.019259,0.020279,1.319607,0.000000,-0.028571,0.000000,0.000930,1.650563
5700.0,50.000000,52.179256,-0.017816,-0.024138,1.264000,0.000000,-0.054103,0.000000,-0.002336,1.650563
5710.0,50.000000,49.772202,0.018314,0.019221,1.212995,0.000000,0.023197,0.000000,0.000455,1.650563
5720.0,50.000000,48.435398,0.038728,0.031457,1.160073,0.000000,-0.026266,0.000000,-0.001406,1.650563
5730.0,50.000000,49.637596,0.021645,0.021309,1.109452,0.000000,-0.048596,0.000000,0.000475,1.650563
5740.0,50.000000,48.914215,0.032445,0.030403,1.056146,0.000000,0.009046,0.000000,-0.002336,1.650563
5750.0,50.000000,50.798447,0.003822,0.004023,1.004374,0.000000,-0.040580,0.000000,-0.000930,1.650563
5760.0,50.000000,48.970737,0.031586,0.026497,0.952219,0.000000,-0.002864,0.000000,-0.000455,1.650563
5770.0,50.000000,51.020496,0.000581,0.001827,0.900447,0.000000,-0.020411,0.000000,-0.000000,1.650563
5780.0,50.000000,50.086460,0.014887,0.018576,0.846757,0.000000,-0.028086,0.000000,-0.002811,1.650563
5790.0,50.000000,51.175472,-0.001643,-0.001848,0.795369,0.000000,0.022105,0.000000,0.000930,1.650563
5800.0,50.000000,50.448532,0.008425,0.009820,0.740913,0.000000,-0.003023,0.000000,-0.000930,1.650563
5810.0,50.000000,50.375431,0.009039,0.008201,0.689524,0.000000,-0.018358,0.000000,-0.000475,1.650563
5820.0,50.000000,48.079144,0.043797,0.037763,0.636219,0.000000,-0.020161,0.000000,-0.000930,1.650563
5830.0,50.000000,49.967636,0.015738,0.015858,0.585597,0.000000,0.023082,0.000000,-0.000000,1.650563
5840.0,50.000000,49.914246,0.017173,0.026054,0.532291,0.000000,-0.003589,0.000000,0.000475,1.650563
5850.0,50.000000,48.835983,0.033617,0.032113,0.482053,0.000000,0.005334,0.000000,-0.000000,1.650563
5860.0,50.000000,50.175835,0.013691,0.013895,0.429131,0.000000,0.002427,0.000000,-0.000000,1.650563
5870.0,50.000000,50.088505,0.014777,0.019878,0.375442,0.000000,0.005588,0.000000,-0.000475,1.650563
5880.0,50.000000,51.262894,-0.003821,-0.003719,0.323286,0.000000,0.008302,0.000000,-0.000000,1.650563
5890.0,50.000000,51.091602,-0.001907,0.001603,0.268447,0.000000,0.022042,0.000000,-0.000475,1.650563
5900.0,50.000000,52.110458,-0.018828,-0.017675,0.215908,0.000000,-0.025526,0.000000,-0.000475,1.650563
5910.0,50.000000,49.389198,0.021440,0.016459,0.161835,0.000000,-1.832924,0.000000,-0.002332,1.649796
5920.0,50.000000,48.082355,0.041832,0.041897,0.111981,0.000000,-2.216351,0.000000,-0.000470,1.647879
5930.0,50.000000,48.765907,0.033622,0.035927,0.060209,0.000000,0.212232,0.000000,-0.000930,1.647112
5940.0,50.000000,48.543491,0.038064,0.039024,0.010354,0.000000,0.006701,0.000000,0.001386,1.647112
5950.0,50.000000,49.552402,0.024073,0.019337,6.241385,0.000000,3.532301,0.000000,-0.000930,1.650180
5960.0,50.000000,49.503460,0.025526,0.024977,6.190380,0.000000,1.873142,0.000000,-0.000486,1.652481
5970.0,50.000000,48.933842,0.033975,0.024671,6.137074,0.000000,0.818367,0.000000,-0.001365,1.654015
5980.0,50.000000,51.273613,-0.001704,-0.000818,6.084535,0.000000,-0.330073,0.000000,-0.000000,1.654015
5990.0,50.000000,51.069233,0.000140,-0.012022,6.030078,0.000000,-3.414653,0.000000,-0.000930,1.652097
6000.0,50.000000,51.254261,-0.003532,-0.004256,5.977540,0.000000,-3.393265,0.000000,0.000469,1.649413
6010.0,50.000000,50.407265,0.007866,-0.002351,5.923467,0.000000,-1.127696,0.000000,-0.000930,1.647112
6020.0,50.000000,48.457920,0.038032,0.036423,5.873612,0.000000,-0.206604,0.000000,0.000451,1.646345
6030.0,50.000000,49.313229,0.026808,0.035338,5.821457,0.000000,2.809443,0.000000,-0.000000,1.647495
6040.0,50.000000,47.819408,0.050204,0.050385,5.771603,0.000000,3.716009,0.000000,-0.000475,1.650563
6050.0,50.000000,49.888546,0.020293,0.015814,5.718680,0.000000,0.980235,0.000000,-0.003279,1.652864
6060.0,50.000000,49.160225,0.031812,0.031121,5.668059,0.000000,-0.263860,0.000000,-0.000490,1.653248
6070.0,50.000000,51.409843,-0.002279,0.012309,5.613986,0.000000,-2.432808,0.000000,0.001414,1.652097
6080.0,50.000000,50.851070,0.004499,0.004651,5.561064,0.000000,-1.241529,0.000000,-0.000000,1.650947
6090.0,50.000000,51.264317,-0.002806,-0.002454,5.506608,0.000000,-0.831093,0.000000,-0.000000,1.649796
6100.0,50.000000,51.236057,-0.003138,-0.002227,5.454069,0.000000,-0.136359,0.000000,0.001399,1.649413
6110.0,50.000000,49.757698,0.018746,0.016826,5.401146,0.000000,-0.004504,0.000000,-0.001861,1.649413
6120.0,50.000000,48.378204,0.040775,0.041227,5.351292,0.000000,1.088686,0.000000,0.000475,1.650563
6130.0,50.000000,48.044281,0.048315,0.061294,5.300671,0.000000,0.683652,0.000000,-0.000930,1.650947
6140.0,50.000000,48.668438,0.040297,0.040677,5.250816,0.000000,-0.207541,0.000000,-0.000477,1.650947
6150.0,50.000000,49.615410,0.027921,0.040384,5.199045,0.000000,-1.072833,0.000000,0.000475,1.650563
6160.0,50.000000,51.087440,0.005442,0.005519,5.147273,0.000000,0.099100,0.000000,-0.001861,1.650180
6170.0,50.000000,50.909401,0.007627,0.010954,5.092816,0.000000,-0.035116,0.000000,-0.000000,1.650180
6180.0,50.000000,50.652599,0.009902,0.009670,5.040277,0.000000,0.011859,0.000000,-0.000930,1.650180
6190.0,50.000000,52.295155,-0.015783,-0.013691,4.985438,0.000000,-0.003105,0.000000,-0.000930,1.650180
6200.0,50.000000,50.454357,0.011158,0.011607,4.933666,0.000000,0.004980,0.000000,0.000473,1.650180
6210.0,50.000000,49.704662,0.021317,0.005660,4.879210,0.000000,-0.026879,0.000000,-0.000930,1.650180
6220.0,50.000000,48.569633,0.039844,0.040140,4.829355,0.000000,0.008004,0.000000,0.000473,1.650180
6230.0,50.000000,47.623604,0.055222,0.052966,4.777967,0.000000,-0.033445,0.000000,-0.000930,1.650180
6240.0,50.000000,50.549072,0.011707,0.012168,4.726578,0.000000,0.010166,0.000000,-0.000473,1.650180
6250.0,50.000000,50.522625,0.012883,0.013516,4.674807,0.000000,-0.002958,0.000000,0.000473,1.650180
6260.0,50.000000,49.346642,0.030095,0.029347,4.622268,0.000000,0.017125,0.000000,-0.000000,1.650180
6270.0,50.000000,51.233471,0.000863,0.001745,4.568578,0.000000,0.007336,0.000000,-0.000000,1.650180
6280.0,50.000000,50.311634,0.014644,0.020018,4.515273,0.000000,-0.001127,0.000000,-0.000000,1.650180
6290.0,50.000000,49.346516,0.028764,0.028514,4.463500,0.000000,0.007010,0.000000,-0.000000,1.650180
6300.0,50.000000,51.196507,0.000802,0.001784,4.409811,0.000000,0.016545,0.000000,-0.000000,1.650180
6310.0,50.000000,49.699043,0.022961,0.022797,4.358423,0.000000,0.020261,0.000000,-0.000457,1.650180
6320.0,50.000000,48.019318,0.049247,0.043756,4.306268,0.000000,-0.017245,0.000000,-0.000930,1.650180
6330.0,50.000000,49.692093,0.024904,0.025692,4.255646,0.000000,-0.016791,0.000000,-0.000000,1.650180
6340.0,50.000000,50.476818,0.013371,0.020707,4.202341,0.000000,-0.001898,0.000000,-0.000930,1.650180
6350.0,50.000000,50.534401,0.012469,0.012879,4.150952,0.000000,-0.006013,0.000000,-0.000000,1.650180
6360.0,50.000000,50.271103,0.015995,0.015835,4.096879,0.000000,0.003629,0.000000,-0.000473,1.650180
6370.0,50.000000,50.950668,0.004646,0.006097,4.044724,0.000000,-0.004687,0.000000,0.000930,1.650180
6380.0,50.000000,50.146969,0.016692,0.007239,3.991035,0.000000,-0.022073,0.000000,-0.000930,1.650180
6390.0,50.000000,50.384922,0.012375,0.011281,3.938879,0.000000,-0.012310,0.000000,0.000473,1.650180
6400.0,50.000000,51.054417,0.001602,0.004258,3.884806,0.000000,0.004877,0.000000,-0.000946,1.650180
6410.0,50.000000,50.777771,0.004930,0.004899,3.832268,0.000000,-0.002676,0.000000,-0.000946,1.650180
6420.0,50.000000,49.097816,0.030185,0.028374,3.779345,0.000000,-0.014153,0.000000,-0.001404,1.650180
6430.0,50.000000,49.060547,0.031414,0.031731,3.729107,0.000000,0.004294,0.000000,-0.000000,1.650180
6440.0,50.000000,48.183315,0.045128,0.038095,3.676185,0.000000,-0.001821,0.000000,-0.000930,1.650180
6450.0,50.000000,49.108932,0.032606,0.033969,3.626331,0.000000,0.010753,0.000000,-0.000000,1.650180
6460.0,50.000000,49.984509,0.019652,0.023037,3.573025,0.000000,-0.029638,0.000000,-0.003753,1.650180
6470.0,50.000000,49.294712,0.030625,0.030252,3.522403,0.000000,-0.024332,0.000000,-0.000000,1.650180
6480.0,50.000000,50.801804,0.007552,0.007443,3.467947,0.000000,0.015856,0.000000,-0.002334,1.650180
6490.0,50.000000,49.875607,0.021720,0.022730,3.416942,0.000000,-0.012219,0.000000,-0.000457,1.650180
6500.0,50.000000,51.320217,-0.001541,-0.003130,3.361719,0.000000,-0.024576,0.000000,-0.000473,1.650180
6510.0,50.000000,51.770302,-0.009706,-0.010868,3.309180,0.000000,0.007484,0.000000,0.000473,1.650180
6520.0,50.000000,49.540092,0.023850,0.028297,3.256258,0.000000,-0.016431,0.000000,-0.001404,1.650180
6530.0,50.000000,48.849541,0.035030,0.035358,3.206020,0.000000,-0.041523,0.000000,0.000473,1.650180
6540.0,50.000000,49.001343,0.033654,0.039021,3.153481,0.000000,-0.049617,0.000000,-0.003265,1.650180
6550.0,50.000000,48.897804,0.036240,0.036290,3.103243,0.000000,-0.016233,0.000000,0.000457,1.650180
6560.0,50.000000,50.380630,0.013934,0.017057,3.049554,0.000000,0.011620,0.000000,0.000016,1.650180
6570.0,50.000000,50.046925,0.018709,0.018292,2.997782,0.000000,-0.015653,0.000000,0.000930,1.650180
6580.0,50.000000,51.228645,-0.000070,-0.000792,2.943326,0.000000,-0.028777,0.000000,-0.000473,1.650180
6590.0,50.000000,52.028431,-0.012988,-0.012204,2.890787,0.000000,-0.004275,0.000000,-0.000000,1.650180
6600.0,50.000000,52.319828,-0.019519,-0.024551,2.835564,0.000000,-0.007980,0.000000,-0.000473,1.650180
6610.0,50.000000,50.127216,0.012274,0.012167,2.783408,0.000000,0.004494,0.000000,-0.000000,1.650180
6620.0,50.000000,49.151569,0.028178,0.027962,2.731636,0.000000,-0.011169,0.000000,-0.000930,1.650180
6630.0,50.000000,47.089935,0.060885,0.061463,2.682549,0.000000,0.012041,0.000000,-0.000473,1.650180
6640.0,50.000000,47.729256,0.053211,0.054439,2.630394,0.000000,-0.059910,0.000000,-0.000930,1.650180
6650.0,50.000000,49.018173,0.035098,0.035395,2.580923,0.000000,0.006835,0.000000,-0.000000,1.650180
6660.0,50.000000,50.259071,0.016948,0.021460,2.527233,0.000000,-0.030094,0.000000,-0.002334,1.650180
6670.0,50.000000,50.503860,0.012718,0.011585,2.475461,0.000000,0.022202,0.000000,-0.000000,1.650180
6680.0,50.000000,52.217983,-0.014167,-0.013928,2.421389,0.000000,0.015634,0.000000,-0.000000,1.650180
6690.0,50.000000,51.186913,-0.000031,0.012400,2.366549,0.000000,0.039364,0.000000,0.000946,1.650180
6700.0,50.000000,51.417969,-0.005151,-0.006039,2.313627,0.000000,-0.010515,0.000000,-0.000000,1.650180
6710.0,50.000000,49.748425,0.019109,0.018680,2.261088,0.000000,-0.000685,0.000000,-0.000000,1.650180
6720.0,50.000000,49.558079,0.022623,0.021743,2.208165,0.000000,0.005332,0.000000,-0.000457,1.650180
6730.0,50.000000,47.718788,0.051640,0.051229,2.159078,0.000000,-0.026240,0.000000,0.000930,1.650180
6740.0,50.000000,50.232704,0.015314,0.023484,2.106156,0.000000,0.012278,0.000000,0.000473,1.650180
6750.0,50.000000,49.296307,0.029854,0.029849,2.055918,0.000000,-0.012536,0.000000,-0.000000,1.650180
6760.0,50.000000,51.595078,-0.005340,-0.006698,2.001078,0.000000,-0.008864,0.000000,-0.000457,1.650180
6770.0,50.000000,50.680828,0.007903,0.008841,1.948923,0.000000,0.018054,0.000000,-0.000473,1.650180
6780.0,50.000000,50.433311,0.010080,0.004871,1.894083,0.000000,-0.009660,0.000000,-0.000930,1.650180
6790.0,50.000000,50.679661,0.005781,0.006101,1.842311,0.000000,0.017806,0.000000,-0.000000,1.650180
6800.0,50.000000,51.069260,-0.000297,0.004010,1.788622,0.000000,0.010219,0.000000,-0.000930,1.650180
6810.0,50.000000,48.818867,0.033179,0.032272,1.737617,0.000000,-0.015257,0.000000,0.001404,1.650180
6820.0,50.000000,49.626415,0.022984,0.034570,1.685845,0.000000,-0.002793,0.000000,-0.001877,1.650180
6830.0,50.000000,47.571583,0.055400,0.054754,1.636757,0.000000,-0.016318,0.000000,-0.000473,1.650180
6840.0,50.000000,50.262012,0.015455,0.005541,1.583452,0.000000,0.001336,0.000000,-0.000930,1.650180
6850.0,50.000000,50.022659,0.019504,0.019093,1.532063,0.000000,-0.015533,0.000000,0.000473,1.650180
6860.0,50.000000,50.275902,0.014434,0.017064,1.477607,0.000000,-0.013782,0.000000,-0.000930,1.650180
6870.0,50.000000,51.116020,0.000609,-0.001045,1.424685,0.000000,0.002016,0.000000,-0.000000,1.650180
6880.0,50.000000,50.833775,0.004162,-0.008435,1.370612,0.000000,-0.003761,0.000000,-0.000930,1.650180
6890.0,50.000000,49.857292,0.018312,0.018564,1.318840,0.000000,0.005441,0.000000,-0.000000,1.650180
6900.0,50.000000,52.296982,-0.019529,-0.022583,1.264000,0.000000,-0.000041,0.000000,-0.000000,1.650180
6910.0,50.000000,49.553959,0.021543,0.021459,1.212995,0.000000,-0.013262,0.000000,-0.000457,1.650180
6920.0,50.000000,48.824375,0.033025,0.029070,1.160457,0.000000,-0.024423,0.000000,-0.000930,1.650180
6930.0,50.000000,49.727642,0.020285,0.019762,1.109452,0.000000,-0.021570,0.000000,-0.001861,1.650180
6940.0,50.000000,49.001606,0.031253,0.037185,1.056529,0.000000,-0.045702,0.000000,-0.002791,1.650180
6950.0,50.000000,50.705688,0.005571,0.006446,1.004374,0.000000,-0.013616,0.000000,-0.000000,1.650180
6960.0,50.000000,50.003544,0.016105,0.024986,0.951452,0.000000,0.004744,0.000000,-0.000000,1.650180
6970.0,50.000000,50.343082,0.010849,0.011879,0.899680,0.000000,-0.002484,0.000000,-0.000000,1.650180
6980.0,50.000000,49.546906,0.022705,0.016143,0.846374,0.000000,-0.028904,0.000000,-0.001861,1.650180
6990.0,50.000000,50.621178,0.006535,0.007584,0.794602,0.000000,-0.005567,0.000000,-0.001861,1.650180
7000.0,50.000000,50.662617,0.004811,0.002456,0.740146,0.000000,-0.009381,0.000000,-0.000930,1.650180
7010.0,50.000000,50.096443,0.013110,0.012833,0.688757,0.000000,-0.001637,0.000000,-0.000473,1.650180
7020.0,50.000000,48.782200,0.033176,0.039198,0.636219,0.000000,-0.021223,0.000000,-0.001861,1.650180
7030.0,50.000000,50.162197,0.012604,0.013192,0.584830,0.000000,-0.004670,0.000000,-0.000473,1.650180
7040.0,50.000000,49.644394,0.021184,0.032847,0.532291,0.000000,-0.031348,0.000000,-0.002807,1.650180
7050.0,50.000000,49.795956,0.019230,0.020018,0.481286,0.000000,0.004535,0.000000,0.000473,1.650180
7060.0,50.000000,49.868584,0.018397,0.011434,0.427981,0.000000,0.001475,0.000000,-0.001404,1.650180
7070.0,50.000000,49.358601,0.025921,0.026202,0.376592,0.000000,-0.016318,0.000000,-0.000000,1.650180
7080.0,50.000000,51.246754,-0.003338,-0.002364,0.322136,0.000000,0.001360,0.000000,0.000946,1.650180
7090.0,50.000000,50.254593,0.011032,0.011315,0.270364,0.000000,1.085242,0.000000,-0.000930,1.650563
7100.0,50.000000,51.599792,-0.010734,-0.013420,0.214757,0.000000,-0.196740,0.000000,-0.000000,1.650563
7110.0,50.000000,49.981815,0.012535,0.012571,0.162985,0.000000,0.019372,0.000000,0.000930,1.650563
7120.0,50.000000,48.254612,0.038551,0.037944,0.111214,0.000000,-0.013895,0.000000,-0.001861,1.650563
7130.0,50.000000,31.369598,0.301039,0.296729,0.074398,0.000000,0.000763,0.000000,-0.000475,1.650563
7140.0,50.000000,21.607849,0.473724,0.450401,0.049087,0.000000,1.072801,0.000000,0.000930,1.651714
7150.0,50.000000,16.188025,0.583542,0.581625,0.032214,0.000000,-2.444107,0.000000,0.001406,1.650563
7160.0,50.000000,14.691642,0.643941,0.638871,0.016874,0.000000,-1.281289,0.000000,-0.000000,1.648646
7170.0,50.000000,15.857050,0.657891,0.656720,0.001150,0.000000,-0.454722,0.000000,-0.000000,1.648262
7180.0,50.000000,19.495127,0.638851,0.648898,6.265545,0.000000,1.115111,0.000000,-0.000931,1.648646
7190.0,50.000000,19.503502,0.666416,0.664964,6.245986,0.000000,1.952971,0.000000,-0.001386,1.650563
7200.0,50.000000,21.493919,0.668163,0.662876,6.223360,0.000000,0.515143,0.000000,0.000484,1.652097
7210.0,50.000000,23.641279,0.660464,0.661613,6.199967,0.000000,-0.291668,0.000000,0.000484,1.652097
7220.0,50.000000,25.393171,0.662027,0.666953,6.173506,0.000000,-0.891982,0.000000,-0.000930,1.651330
7230.0,50.000000,24.641624,0.695656,0.694033,6.148579,0.000000,-0.303665,0.000000,0.001861,1.650563
7240.0,50.000000,24.068983,0.731875,0.720599,6.122118,0.000000,-0.795786,0.000000,-0.000000,1.650180
7250.0,50.000000,22.768219,0.774934,0.773057,6.099108,0.000000,0.192267,0.000000,0.000473,1.650180
7260.0,50.000000,20.566504,0.839240,0.831344,6.076865,0.000000,-0.032267,0.000000,-0.001404,1.650180
7270.0,50.000000,18.722038,0.894068,0.892462,6.057690,0.000000,0.179057,0.000000,0.000475,1.650563
7280.0,50.000000,17.559925,0.946832,0.947039,6.039666,0.000000,0.004043,0.000000,0.000951,1.650563
7290.0,50.000000,17.095074,0.983469,0.982799,6.022409,0.000000,0.018195,0.000000,-0.000000,1.650563
7300.0,50.000000,16.076317,1.034907,1.025074,6.005151,0.000000,-0.029384,0.000000,-0.001861,1.650563
7310.0,50.000000,16.431797,1.059476,1.056959,5.988277,0.000000,0.011633,0.000000,0.000475,1.650563
7320.0,50.000000,15.797668,1.105514,1.073933,5.971404,0.000000,-0.005718,0.000000,-0.000000,1.650563
7330.0,50.000000,-3.450903,1.433469,0.861685,5.963734,0.000000,0.004758,0.000000,-0.000000,1.650563
7340.0,50.000000,-14.052784,1.660374,0.845286,5.973321,0.000000,-1.046331,0.000000,-0.000930,1.650180
7350.0,50.000000,0.867987,1.486236,0.857983,5.977156,0.000000,0.221744,0.000000,-0.000473,1.650180
7360.0,50.000000,-4.834115,1.627498,0.849479,5.980224,0.000000,-0.033608,0.000000,-0.000000,1.650563
7370.0,50.000000,-4.585597,1.673866,0.859593,5.984826,0.000000,-0.174319,0.000000,-0.000930,1.650563
7380.0,50.000000,-2.373475,1.698935,0.861687,5.988277,0.000000,0.025754,0.000000,-0.001406,1.650563
7390.0,50.000000,-3.651928,1.765572,0.870049,5.991345,0.000000,-0.021405,0.000000,-0.000000,1.650563
7400.0,50.000000,-2.289626,1.803869,0.878868,5.994797,0.000000,-0.003198,0.000000,-0.000930,1.650563
7410.0,50.000000,-1.879433,1.844371,0.883348,5.997098,0.000000,-0.011866,0.000000,-0.002316,1.650563
7420.0,50.000000,-1.222054,1.891180,0.879089,5.998632,0.000000,-0.037119,0.000000,-0.000930,1.650563
7430.0,50.000000,-1.878068,1.947518,0.878695,6.000549,0.000000,-0.004512,0.000000,-0.000000,1.650563
7440.0,50.000000,-1.646832,2.000000,0.882863,6.002467,0.000000,-0.013910,0.000000,-0.000930,1.650563
7450.0,50.000000,-0.351847,2.000000,0.885285,6.003617,0.000000,-0.000683,0.000000,-0.000000,1.650563
7460.0,50.000000,-2.077683,2.000000,0.889497,6.005151,0.000000,-0.036907,0.000000,-0.003267,1.650563
7470.0,50.000000,-1.760669,2.000000,0.891810,6.006685,0.000000,0.032534,0.000000,-0.000000,1.650180
7480.0,50.000000,-1.629034,2.000000,0.882340,6.008219,0.000000,-0.002902,0.000000,0.000930,1.650180
7490.0,50.000000,-0.499262,2.000000,0.884080,6.008986,0.000000,-0.020096,0.000000,-0.000000,1.650180
7500.0,50.000000,-0.755529,2.000000,0.887159,6.009753,0.000000,-0.003800,0.000000,-0.000000,1.650180
7510.0,50.000000,-0.028312,2.000000,0.888967,6.010137,0.000000,-0.001977,0.000000,0.000457,1.650180
7520.0,50.000000,-0.922964,2.000000,0.892645,6.010520,0.000000,-0.004213,0.000000,-0.000930,1.650180
7530.0,50.000000,0.076358,2.000000,0.893131,6.010520,0.000000,-0.003252,0.000000,-0.000000,1.650180
7540.0,50.000000,-0.186565,2.000000,0.882413,6.010520,0.000000,-0.001897,0.000000,-0.000000,1.650180
7550.0,50.000000,-0.018804,2.000000,0.886133,6.010520,0.000000,0.003366,0.000000,0.000930,1.650180
7560.0,50.000000,0.089601,2.000000,0.887549,6.010520,0.000000,-0.016350,0.000000,-0.000000,1.650180
7570.0,50.000000,0.183779,2.000000,0.892201,6.010520,0.000000,-0.019492,0.000000,-0.000930,1.650180
7580.0,50.000000,-0.620783,2.000000,0.893094,6.010904,0.000000,-0.003192,0.000000,-0.000000,1.650180
7590.0,50.000000,-0.014913,2.000000,0.895476,6.010904,0.000000,0.011478,0.000000,-0.000930,1.650180
7600.0,50.000000,-0.140777,2.000000,0.884238,6.010904,0.000000,-0.022516,0.000000,-0.000930,1.650180
7610.0,50.000000,-0.051929,2.000000,0.888369,6.010904,0.000000,-0.003996,0.000000,-0.001404,1.650180
7620.0,50.000000,0.093808,2.000000,0.888406,6.010904,0.000000,0.018250,0.000000,-0.000000,1.650180
7630.0,50.000000,0.151716,2.000000,0.891680,6.010904,0.000000,-0.026091,0.000000,-0.000930,1.650180
7640.0,50.000000,0.010989,2.000000,0.893172,6.010520,0.000000,-0.035034,0.000000,0.001404,1.650180
7650.0,50.000000,0.765594,2.000000,0.889668,6.009370,0.000000,0.001184,0.000000,-0.002334,1.650180
7660.0,50.000000,0.465908,2.000000,0.884199,6.008603,0.000000,-0.001586,0.000000,-0.000000,1.650180
7670.0,50.000000,0.516563,2.000000,0.888417,6.008219,0.000000,0.014886,0.000000,-0.000473,1.650180
7680.0,50.000000,-0.023055,2.000000,0.888206,6.007836,0.000000,-0.000239,0.000000,-0.000000,1.650180
7690.0,50.000000,0.241018,2.000000,0.892282,6.007836,0.000000,-0.014762,0.000000,-0.001404,1.650180
7700.0,50.000000,-0.112189,2.000000,0.893784,6.007836,0.000000,0.023077,0.000000,0.000930,1.650180
7710.0,50.000000,-0.473677,2.000000,0.882546,6.007452,0.000000,-0.013982,0.000000,-0.000000,1.650180
7720.0,50.000000,-0.035751,2.000000,0.886416,6.007452,0.000000,0.016942,0.000000,-0.000000,1.650180
7730.0,50.000000,-0.051542,2.000000,0.887269,6.007452,0.000000,-0.013663,0.000000,-0.000930,1.650180
7740.0,50.000000,0.203913,2.000000,0.889205,6.007452,0.000000,0.023743,0.000000,-0.000000,1.650180
7750.0,50.000000,0.180322,2.000000,0.893852,6.007452,0.000000,-0.018123,0.000000,-0.001404,1.650180
7760.0,50.000000,-0.140032,2.000000,0.895361,6.007452,0.000000,0.023220,0.000000,0.000930,1.650180
7770.0,50.000000,-0.177568,2.000000,0.885411,6.007452,0.000000,-0.049773,0.000000,-0.002791,1.650180
7780.0,50.000000,-0.037768,2.000000,0.885487,6.007452,0.000000,0.012971,0.000000,-0.000473,1.650180
7790.0,50.000000,0.027919,2.000000,0.889631,6.007452,0.000000,0.000173,0.000000,-0.000000,1.650180
7800.0,50.000000,0.181171,2.000000,0.890637,6.007452,0.000000,-0.044550,0.000000,0.001404,1.650180
7810.0,50.000000,0.161430,2.000000,0.893776,6.007452,0.000000,-0.014614,0.000000,-0.000000,1.650180
7820.0,50.000000,-0.966680,2.000000,0.892926,6.007836,0.000000,-0.046945,0.000000,0.000930,1.650180
7830.0,50.000000,0.104251,2.000000,0.885775,6.007836,0.000000,0.016677,0.000000,0.000473,1.650180
7840.0,50.000000,-0.046221,2.000000,0.886704,6.007836,0.000000,0.000423,0.000000,-0.000000,1.650180
7850.0,50.000000,0.062644,2.000000,0.890923,6.007836,0.000000,-0.013119,0.000000,-0.001404,1.650180
7860.0,50.000000,0.146345,2.000000,0.891853,6.007836,0.000000,0.024178,0.000000,-0.000000,1.650180
7870.0,50.000000,0.149455,2.000000,0.895499,6.007836,0.000000,0.000052,0.000000,-0.000000,1.650180
7880.0,50.000000,-0.239134,2.000000,0.884989,6.007836,0.000000,0.011146,0.000000,-0.000000,1.650180
7890.0,50.000000,-0.432915,2.000000,0.882622,6.007452,0.000000,-0.027925,0.000000,-0.001404,1.650180
7900.0,50.000000,1.812245,2.000000,0.886657,6.006685,0.000000,0.009048,0.000000,0.000930,1.650180
7910.0,50.000000,0.751649,2.000000,0.889450,6.006302,0.000000,-0.018713,0.000000,-0.000473,1.650180
7920.0,50.000000,-0.032288,2.000000,0.891907,6.006302,0.000000,0.015201,0.000000,-0.000000,1.650180
7930.0,50.000000,0.039894,2.000000,0.895302,6.005919,0.000000,-0.007098,0.000000,-0.000473,1.650180
7940.0,50.000000,-0.198749,2.000000,0.882203,6.005919,0.000000,0.009747,0.000000,-0.000000,1.650180
7950.0,50.000000,-0.114514,2.000000,0.887683,6.005919,0.000000,-0.026682,0.000000,-0.001404,1.650180
7960.0,50.000000,0.039965,2.000000,0.887870,6.005919,0.000000,0.025182,0.000000,0.001404,1.650180
7970.0,50.000000,0.137031,2.000000,0.890750,6.005919,0.000000,0.014956,0.000000,-0.000000,1.650180
7980.0,50.000000,0.114190,2.000000,0.892097,6.005919,0.000000,-0.004121,0.000000,-0.000473,1.650180
7990.0,50.000000,0.024322,2.000000,0.895719,6.005919,0.000000,-0.002943,0.000000,-0.001404,1.650180
8000.0,50.000000,-0.136590,2.000000,0.882620,6.005919,0.000000,-0.015536,0.000000,-0.000000,1.650180
8010.0,50.000000,0.041918,2.000000,0.887028,6.005535,0.000000,-0.024611,0.000000,-0.001388,1.650180
8020.0,50.000000,0.902887,2.000000,0.887747,6.004768,0.000000,0.001077,0.000000,-0.000000,1.650180
8030.0,50.000000,0.696006,2.000000,0.892317,6.004385,0.000000,-0.031080,0.000000,-0.001861,1.650180
8040.0,50.000000,0.555850,2.000000,0.891272,6.004001,0.000000,-0.001520,0.000000,-0.000000,1.650180
8050.0,50.000000,0.323749,2.000000,0.895970,6.003617,0.000000,-0.015792,0.000000,-0.000930,1.650180
8060.0,50.000000,0.447778,2.000000,0.881811,6.003234,0.000000,0.005200,0.000000,-0.000930,1.650180
8070.0,50.000000,0.586906,2.000000,0.885904,6.002851,0.000000,-0.013622,0.000000,-0.000930,1.650180
8080.0,50.000000,0.960796,2.000000,0.887897,6.002467,0.000000,0.017381,0.000000,0.000473,1.650180
8090.0,50.000000,1.048275,2.000000,0.889615,6.002083,0.000000,-0.037283,0.000000,-0.001404,1.650180
8100.0,50.000000,-0.209589,2.000000,0.891332,6.002083,0.000000,0.024097,0.000000,-0.000000,1.650180
8110.0,50.000000,-0.329567,2.000000,0.892421,6.001700,0.000000,-0.003557,0.000000,-0.004668,1.650180
8120.0,50.000000,-0.088732,2.000000,0.881802,6.001700,0.000000,-0.005835,0.000000,-0.000930,1.650180
8130.0,50.000000,0.965806,2.000000,0.885956,6.000933,0.000000,-0.023888,0.000000,-0.000930,1.650180
8140.0,50.000000,0.530348,2.000000,0.886491,6.000549,0.000000,-0.007416,0.000000,0.000930,1.650180
8150.0,50.000000,0.296150,2.000000,0.889729,6.000166,0.000000,-0.018008,0.000000,-0.002318,1.650180
8160.0,50.000000,-0.251417,2.000000,0.891739,5.999783,0.000000,0.005975,0.000000,0.000457,1.650180
8170.0,50.000000,-0.176163,2.000000,0.886347,5.999783,0.000000,-0.017552,0.000000,-0.000457,1.650180
8180.0,50.000000,-0.101056,2.000000,0.885803,5.999783,0.000000,0.002412,0.000000,-0.001404,1.650180
8190.0,50.000000,-0.026024,2.000000,0.886185,5.999783,0.000000,-0.024367,0.000000,0.000930,1.650180
8200.0,50.000000,0.160341,2.000000,0.887111,5.999783,0.000000,0.022184,0.000000,0.000930,1.650180
8210.0,50.000000,0.224068,2.000000,0.890655,6.000166,0.000000,0.003295,0.000000,-0.000930,1.650180
8220.0,50.000000,-1.017339,2.000000,0.893129,6.000549,0.000000,-0.011592,0.000000,-0.000473,1.650180
8230.0,50.000000,-1.189545,2.000000,0.881174,6.000933,0.000000,-0.008944,0.000000,-0.000000,1.650180
8240.0,50.000000,-0.720917,2.000000,0.883374,6.001700,0.000000,0.025842,0.000000,0.000457,1.650180
8250.0,50.000000,-0.176167,2.000000,0.887760,6.002083,0.000000,-0.024186,0.000000,-0.001861,1.650180
8260.0,50.000000,0.065956,2.000000,0.888824,6.002467,0.000000,0.003063,0.000000,0.000457,1.650180
8270.0,50.000000,0.416644,2.000000,0.893852,6.002851,0.000000,-0.000607,0.000000,-0.000000,1.650180
8280.0,50.000000,-0.171064,2.000000,0.895307,6.002851,0.000000,-0.022976,0.000000,-0.000000,1.650180
8290.0,50.000000,-0.233913,2.000000,0.882993,6.002851,0.000000,-0.027447,0.000000,-0.001388,1.650180
8300.0,50.000000,-0.048349,2.000000,0.887231,6.002851,0.000000,-0.000169,0.000000,-0.000930,1.650180
8310.0,50.000000,-0.006041,2.000000,0.889486,6.002851,0.000000,0.001253,0.000000,-0.000930,1.650180
8320.0,50.000000,0.203296,2.000000,0.889486,6.002851,0.000000,0.000667,0.000000,-0.000000,1.650180
8330.0,50.000000,0.182395,2.000000,0.894780,6.002851,0.000000,-0.010517,0.000000,-0.000930,1.650180
8340.0,50.000000,-0.266021,2.000000,0.894380,6.002851,0.000000,0.007082,0.000000,-0.002334,1.650180
8350.0,50.000000,1.454302,2.000000,0.884569,6.002083,0.000000,-0.008179,0.000000,-0.000000,1.650180
8360.0,50.000000,1.227404,2.000000,0.886726,6.001317,0.000000,0.017931,0.000000,0.000473,1.650180
8370.0,50.000000,1.305474,2.000000,0.889345,6.000166,0.000000,-0.013320,0.000000,0.000473,1.650180
8380.0,50.000000,0.436382,2.000000,0.888418,5.999783,0.000000,-0.021782,0.000000,-0.000000,1.650180
8390.0,50.000000,-0.094058,2.000000,0.888205,5.999399,0.000000,0.008603,0.000000,0.000473,1.650180
8400.0,50.000000,-0.446414,2.000000,0.879848,5.999015,0.000000,-0.011775,0.000000,-0.000000,1.650180
8410.0,50.000000,0.692105,2.000000,0.880038,5.998632,0.000000,0.009481,0.000000,0.000930,1.650180
8420.0,50.000000,-0.121334,2.000000,0.885564,5.998632,0.000000,-0.016359,0.000000,-0.000930,1.650180
8430.0,50.000000,0.118644,2.000000,0.886114,5.998632,0.000000,0.011920,0.000000,-0.000930,1.650180
8440.0,50.000000,-0.095653,2.000000,0.889242,5.998249,0.000000,0.000137,0.000000,-0.000930,1.650180
8450.0,50.000000,0.033566,2.000000,0.890539,5.998249,0.000000,-0.045708,0.000000,-0.000000,1.650180
8460.0,50.000000,-0.193894,2.000000,0.885736,5.998249,0.000000,-0.000128,0.000000,-0.000000,1.650180
8470.0,50.000000,-0.085092,2.000000,0.880740,5.998249,0.000000,-0.016883,0.000000,-0.000000,1.650180
8480.0,50.000000,-0.048987,2.000000,0.884632,5.998249,0.000000,-0.019227,0.000000,-0.002791,1.650180
8490.0,50.000000,0.156397,2.000000,0.885364,5.998249,0.000000,0.001223,0.000000,-0.000000,1.650180
8500.0,50.000000,0.175442,2.000000,0.889062,5.998249,0.000000,0.002456,0.000000,-0.000930,1.650180
8510.0,50.000000,-0.080950,2.000000,0.891644,5.998249,0.000000,-0.007631,0.000000,0.001404,1.650180
8520.0,50.000000,-0.231133,2.000000,0.879636,5.998249,0.000000,-0.005696,0.000000,-0.000930,1.650180
8530.0,50.000000,-0.083764,2.000000,0.882589,5.998249,0.000000,-0.006273,0.000000,0.000473,1.650180
8540.0,50.000000,0.008423,2.000000,0.885364,5.998249,0.000000,-0.039987,0.000000,-0.003265,1.650180
8550.0,50.000000,0.166147,2.000000,0.886841,5.998249,0.000000,0.020447,0.000000,-0.000000,1.650180
8560.0,50.000000,0.168830,2.000000,0.889435,5.998249,0.000000,-0.021480,0.000000,-0.000930,1.650180
8570.0,50.000000,-0.106684,2.000000,0.894045,5.998249,0.000000,0.003248,0.000000,0.000930,1.650180
8580.0,50.000000,-0.185077,2.000000,0.882769,5.998249,0.000000,-0.007856,0.000000,-0.001404,1.650180
8590.0,50.000000,-0.070777,2.000000,0.882962,5.998249,0.000000,-0.002162,0.000000,-0.000930,1.650180
8600.0,50.000000,0.013335,2.000000,0.886661,5.998249,0.000000,-0.013023,0.000000,-0.001404,1.650180
8610.0,50.000000,0.173399,2.000000,0.888317,5.998249,0.000000,0.006777,0.000000,0.000930,1.650180
8620.0,50.000000,0.183729,2.000000,0.892389,5.998249,0.000000,-0.009047,0.000000,-0.000473,1.650180
8630.0,50.000000,-0.203702,2.000000,0.892748,5.998249,0.000000,0.007543,0.000000,-0.000473,1.650180
8640.0,50.000000,-0.206251,2.000000,0.882230,5.998249,0.000000,-0.033403,0.000000,-0.001404,1.650180
8650.0,50.000000,-0.026063,2.000000,0.882962,5.998249,0.000000,0.023576,0.000000,-0.000000,1.650180
8660.0,50.000000,0.059807,2.000000,0.888138,5.998249,0.000000,-0.009098,0.000000,0.000473,1.650180
8670.0,50.000000,0.167409,2.000000,0.887765,5.998249,0.000000,0.013280,0.000000,-0.000473,1.650180
8680.0,50.000000,0.166085,2.000000,0.892016,5.998249,0.000000,-0.018375,0.000000,-0.001404,1.650180
8690.0,50.000000,0.163121,2.000000,0.891829,5.997865,0.000000,0.001463,0.000000,-0.000930,1.650180
8700.0,50.000000,-0.222482,2.000000,0.882590,5.997865,0.000000,-0.015842,0.000000,-0.000930,1.650180
8710.0,50.000000,0.166153,2.000000,0.884635,5.997481,0.000000,0.009956,0.000000,0.000473,1.650180
8720.0,50.000000,1.114424,2.000000,0.886850,5.997098,0.000000,-0.052325,0.000000,-0.000473,1.650180
8730.0,50.000000,0.939585,2.000000,0.887424,5.996715,0.000000,0.016294,0.000000,-0.002791,1.650180
8740.0,50.000000,0.118414,2.000000,0.891313,5.996331,0.000000,0.003205,0.000000,-0.000930,1.650180
8750.0,50.000000,0.295181,2.000000,0.883700,5.995564,0.000000,0.006194,0.000000,-0.000473,1.650180
8760.0,50.000000,-0.389870,2.000000,0.881162,5.995564,0.000000,-0.027599,0.000000,-0.000000,1.650180
8770.0,50.000000,0.032888,2.000000,0.883070,5.995564,0.000000,-0.010407,0.000000,0.000930,1.650180
8780.0,50.000000,0.093409,2.000000,0.885838,5.995564,0.000000,0.002753,0.000000,-0.000016,1.650180
8790.0,50.000000,0.132027,2.000000,0.887175,5.995181,0.000000,-0.002170,0.000000,-0.000457,1.650180
8800.0,50.000000,0.150620,2.000000,0.891432,5.995181,0.000000,-0.029820,0.000000,-0.000930,1.650180
8810.0,50.000000,-0.208178,2.000000,0.876602,5.995181,0.000000,0.009890,0.000000,0.000930,1.650180
8820.0,50.000000,-0.086305,2.000000,0.879797,5.995181,0.000000,-0.001645,0.000000,-0.000000,1.650180
8830.0,50.000000,0.047823,2.000000,0.883132,5.995181,0.000000,-0.002432,0.000000,0.000473,1.650180
8840.0,50.000000,0.111372,2.000000,0.885116,5.995181,0.000000,0.008819,0.000000,-0.000930,1.650180
8850.0,50.000000,0.175758,2.000000,0.886038,5.995181,0.000000,-0.009288,0.000000,-0.000000,1.650180
8860.0,50.000000,0.052270,2.000000,0.890510,5.995181,0.000000,-0.021876,0.000000,-0.000930,1.650180
8870.0,50.000000,-0.179821,2.000000,0.876602,5.995181,0.000000,-0.008775,0.000000,0.000473,1.650180
8880.0,50.000000,-0.139868,2.000000,0.882918,5.995181,0.000000,0.008206,0.000000,-0.000930,1.650180
8890.0,50.000000,0.023805,2.000000,0.879014,5.995181,0.000000,0.013946,0.000000,-0.000000,1.650180
8900.0,50.000000,-0.952824,2.000000,0.879946,5.995564,0.000000,-0.018133,0.000000,-0.000930,1.650180
8910.0,50.000000,0.565931,2.000000,0.886404,5.995564,0.000000,0.001064,0.000000,0.000930,1.650180
8920.0,50.000000,-0.441174,2.000000,0.891364,5.995947,0.000000,0.018623,0.000000,-0.000000,1.650180
8930.0,50.000000,-0.037627,2.000000,0.878391,5.995947,0.000000,0.002152,0.000000,-0.000000,1.650180
8940.0,50.000000,-0.155120,2.000000,0.881007,5.995947,0.000000,0.005195,0.000000,-0.000930,1.650180
8950.0,50.000000,0.076528,2.000000,0.883929,5.995947,0.000000,0.006081,0.000000,0.000473,1.650180
8960.0,50.000000,0.170860,2.000000,0.887467,5.995947,0.000000,-0.001840,0.000000,-0.001404,1.650180
8970.0,50.000000,0.111757,2.000000,0.889160,5.995947,0.000000,0.004469,0.000000,-0.000000,1.650180
8980.0,50.000000,0.405919,2.000000,0.893282,5.995564,0.000000,0.010592,0.000000,-0.000457,1.650180
8990.0,50.000000,0.632542,2.000000,0.878446,5.995181,0.000000,-0.013049,0.000000,-0.001861,1.650180
9000.0,50.000000,0.478949,2.000000,0.882422,5.994797,0.000000,-0.012366,0.000000,0.000457,1.650180
9010.0,50.000000,-0.070917,2.000000,0.883126,5.994797,0.000000,0.013689,0.000000,-0.000000,1.650180
9020.0,50.000000,-0.015526,2.000000,0.886552,5.994413,0.000000,0.003184,0.000000,-0.000000,1.650180
9030.0,50.000000,0.834365,2.000000,0.888281,5.994030,0.000000,0.004094,0.000000,0.000930,1.650180
9040.0,50.000000,-0.364678,2.000000,0.891498,5.994030,0.000000,-0.012955,0.000000,-0.000930,1.650180
9050.0,50.000000,-0.094488,2.000000,0.877693,5.994030,0.000000,-0.011438,0.000000,0.000473,1.650180
9060.0,50.000000,-0.067135,2.000000,0.882179,5.994030,0.000000,0.010072,0.000000,-0.000930,1.650180
9070.0,50.000000,0.108008,2.000000,0.882873,5.994030,0.000000,0.015925,0.000000,0.001404,1.650180
9080.0,50.000000,0.176588,2.000000,0.885864,5.994030,0.000000,-0.016239,0.000000,-0.001404,1.650180
9090.0,50.000000,0.049491,2.000000,0.887480,5.994030,0.000000,-0.005384,0.000000,-0.000000,1.650180
9100.0,50.000000,-0.105761,2.000000,0.890577,5.994030,0.000000,-0.019746,0.000000,-0.000930,1.650180
9110.0,50.000000,-0.124443,2.000000,0.879188,5.994030,0.000000,-0.000419,0.000000,0.000930,1.650180
9120.0,50.000000,-0.065891,2.000000,0.881605,5.994030,0.000000,-0.037420,0.000000,-0.001404,1.650180
9130.0,50.000000,-0.062902,2.000000,0.883335,5.993647,0.000000,0.001094,0.000000,-0.000000,1.650180
9140.0,50.000000,0.190052,2.000000,0.885753,5.993647,0.000000,-0.006478,0.000000,-0.000930,1.650180
9150.0,50.000000,0.003220,2.000000,0.888515,5.993647,0.000000,0.002146,0.000000,0.000473,1.650180
9160.0,50.000000,-0.184587,2.000000,0.885408,5.993647,0.000000,-0.003822,0.000000,-0.000473,1.650180
9170.0,50.000000,-0.077765,2.000000,0.880227,5.993647,0.000000,-0.015390,0.000000,-0.000000,1.650180
9180.0,50.000000,-0.053846,2.000000,0.882759,5.993647,0.000000,-0.018110,0.000000,-0.001861,1.650180
9190.0,50.000000,0.148796,2.000000,0.882759,5.993647,0.000000,-0.001932,0.000000,0.001404,1.650180
9200.0,50.000000,0.162864,2.000000,0.887594,5.993647,0.000000,0.002425,0.000000,-0.000457,1.650180
9210.0,50.000000,-0.052126,2.000000,0.888860,5.993647,0.000000,-0.033403,0.000000,-0.001388,1.650180
9220.0,50.000000,-0.246112,2.000000,0.879075,5.993647,0.000000,0.011282,0.000000,-0.000000,1.650180
9230.0,50.000000,-0.041128,2.000000,0.879765,5.993647,0.000000,0.004549,0.000000,-0.000000,1.650180
9240.0,50.000000,0.931580,2.000000,0.880795,5.993263,0.000000,0.011195,0.000000,0.000930,1.650180
9250.0,50.000000,0.016266,2.000000,0.883557,5.993263,0.000000,0.000132,0.000000,-0.000000,1.650180
9260.0,50.000000,0.164695,2.000000,0.886554,5.993263,0.000000,-0.037801,0.000000,0.000930,1.650180
9270.0,50.000000,0.075735,2.000000,0.890814,5.993263,0.000000,0.001467,0.000000,0.000473,1.650180
9280.0,50.000000,-0.173579,2.000000,0.875272,5.993263,0.000000,-0.008206,0.000000,-0.001404,1.650180
9290.0,50.000000,-0.122269,2.000000,0.881716,5.993263,0.000000,0.005447,0.000000,-0.000930,1.650180
9300.0,50.000000,0.057002,2.000000,0.881138,5.993263,0.000000,0.004872,0.000000,-0.001404,1.650180
9310.0,50.000000,0.155372,2.000000,0.886211,5.993263,0.000000,0.000823,0.000000,-0.000930,1.650180
9320.0,50.000000,0.116935,2.000000,0.885633,5.993263,0.000000,0.024089,0.000000,0.000930,1.650180
9330.0,50.000000,1.081710,2.000000,0.889788,5.992879,0.000000,-0.020695,0.000000,-0.000930,1.650180
9340.0,50.000000,0.617631,2.000000,0.876331,5.992496,0.000000,-0.001973,0.000000,-0.000000,1.650180
9350.0,50.000000,-0.318299,2.000000,0.879428,5.992496,0.000000,0.010059,0.000000,-0.000457,1.650180
9360.0,50.000000,0.781444,2.000000,0.879591,5.992113,0.000000,0.005381,0.000000,-0.000000,1.650180
9370.0,50.000000,0.757704,2.000000,0.884683,5.991729,0.000000,-0.006192,0.000000,-0.000930,1.650180
9380.0,50.000000,-0.080956,2.000000,0.885260,5.991345,0.000000,-0.017413,0.000000,-0.000473,1.650180
9390.0,50.000000,-0.319298,2.000000,0.887611,5.991345,0.000000,-0.005965,0.000000,-0.000930,1.650180
9400.0,50.000000,-0.276785,2.000000,0.867219,5.991345,0.000000,-0.004658,0.000000,-0.000473,1.650180
9410.0,50.000000,0.083793,2.000000,0.879418,5.991345,0.000000,0.007323,0.000000,0.000473,1.650180
9420.0,50.000000,0.092267,2.000000,0.880336,5.991345,0.000000,-0.025669,0.000000,0.000930,1.650180
9430.0,50.000000,0.170417,2.000000,0.883754,5.991345,0.000000,0.005082,0.000000,-0.000473,1.650180
9440.0,50.000000,0.090874,2.000000,0.886105,5.991345,0.000000,-0.001947,0.000000,0.000930,1.650180
9450.0,50.000000,-0.049484,2.000000,0.890293,5.991345,0.000000,-0.020069,0.000000,-0.000930,1.650180
9460.0,50.000000,-0.145042,2.000000,0.878168,5.991345,0.000000,-0.009044,0.000000,-0.000000,1.650180
9470.0,50.000000,-0.090545,2.000000,0.879161,5.991345,0.000000,-0.006765,0.000000,-0.001861,1.650180
9480.0,50.000000,0.109979,2.000000,0.880924,5.991345,0.000000,-0.025950,0.000000,-0.000000,1.650180
9490.0,50.000000,0.191441,2.000000,0.884929,5.991345,0.000000,-0.002260,0.000000,-0.000000,1.650180
9500.0,50.000000,-1.000966,2.000000,0.887106,5.991729,0.000000,-0.000120,0.000000,0.001404,1.650180
9510.0,50.000000,-0.767437,2.000000,0.888946,5.992113,0.000000,0.026435,0.000000,-0.000457,1.650180
9520.0,50.000000,-0.628631,2.000000,0.877251,5.992496,0.000000,-0.060279,0.000000,0.000930,1.650180
9530.0,50.000000,-0.037730,2.000000,0.881850,5.992496,0.000000,-0.003191,0.000000,-0.001404,1.650180
9540.0,50.000000,0.095941,2.000000,0.882769,5.992496,0.000000,0.027236,0.000000,0.000930,1.650180
9550.0,50.000000,0.135429,2.000000,0.885773,5.992496,0.000000,-0.004998,0.000000,-0.000930,1.650180
9560.0,50.000000,0.067027,2.000000,0.887856,5.992496,0.000000,0.024778,0.000000,-0.000000,1.650180
9570.0,50.000000,-0.122041,2.000000,0.887181,5.992496,0.000000,-0.025794,0.000000,-0.001404,1.650180
9580.0,50.000000,-0.135881,2.000000,0.877833,5.992496,0.000000,0.009061,0.000000,-0.004195,1.650180
9590.0,50.000000,-0.068841,2.000000,0.881850,5.992496,0.000000,-0.023833,0.000000,-0.000930,1.650180
9600.0,50.000000,1.165329,2.000000,0.882933,5.992113,0.000000,0.019825,0.000000,-0.001404,1.650180
9610.0,50.000000,0.354812,2.000000,0.886268,5.991729,0.000000,0.000044,0.000000,-0.000000,1.650180
9620.0,50.000000,0.071487,2.000000,0.886105,5.991345,0.000000,-0.013501,0.000000,0.000930,1.650180
9630.0,50.000000,-0.158888,2.000000,0.883018,5.991345,0.000000,-0.011682,0.000000,-0.000930,1.650180
9640.0,50.000000,0.827637,2.000000,0.877510,5.990962,0.000000,0.015452,0.000000,-0.000473,1.650180
9650.0,50.000000,-0.156881,2.000000,0.882430,5.990962,0.000000,-0.008812,0.000000,-0.000473,1.650180
9660.0,50.000000,0.119277,2.000000,0.881125,5.990579,0.000000,-0.039882,0.000000,0.000930,1.650180
9670.0,50.000000,0.159566,2.000000,0.883878,5.990579,0.000000,0.013485,0.000000,0.001404,1.650180
9680.0,50.000000,-0.087442,2.000000,0.887488,5.990579,0.000000,0.001029,0.000000,-0.002334,1.650180
9690.0,50.000000,0.186197,2.000000,0.877136,5.990195,0.000000,0.009146,0.000000,-0.000000,1.650180
9700.0,50.000000,-0.197370,2.000000,0.877729,5.990195,0.000000,0.002674,0.000000,-0.002334,1.650180
9710.0,50.000000,-0.000500,2.000000,0.879888,5.990195,0.000000,-0.019186,0.000000,-0.000930,1.650180
9720.0,50.000000,0.145071,2.000000,0.880482,5.990195,0.000000,0.010566,0.000000,-0.001404,1.650180
9730.0,50.000000,0.162560,2.000000,0.883504,5.990195,0.000000,0.007697,0.000000,-0.000930,1.650180
9740.0,50.000000,-0.100520,2.000000,0.884691,5.990195,0.000000,-0.012140,0.000000,-0.000000,1.650180
9750.0,50.000000,-0.228463,2.000000,0.872603,5.990195,0.000000,0.007191,0.000000,-0.000000,1.650180
9760.0,50.000000,-0.089652,2.000000,0.875949,5.990195,0.000000,0.005289,0.000000,0.000930,1.650180
9770.0,50.000000,-0.013306,2.000000,0.880427,5.990195,0.000000,-0.000818,0.000000,-0.000930,1.650180
9780.0,50.000000,0.176466,2.000000,0.881993,5.990195,0.000000,-0.028892,0.000000,-0.000000,1.650180
9790.0,50.000000,0.161744,2.000000,0.885015,5.990195,0.000000,0.005358,0.000000,-0.000930,1.650180
9800.0,50.000000,-0.127243,2.000000,0.886256,5.990195,0.000000,0.018141,0.000000,0.000473,1.650180
9810.0,50.000000,-0.239134,2.000000,0.874384,5.990195,0.000000,-0.004996,0.000000,-0.000457,1.650180
9820.0,50.000000,-0.061449,2.000000,0.877460,5.990195,0.000000,0.027230,0.000000,-0.001388,1.650180
9830.0,50.000000,-0.007065,2.000000,0.880806,5.990195,0.000000,-0.004102,0.000000,-0.000930,1.650180
9840.0,50.000000,0.177397,2.000000,0.881723,5.990195,0.000000,0.001356,0.000000,-0.000473,1.650180
9850.0,50.000000,0.165117,2.000000,0.885015,5.990195,0.000000,-0.024374,0.000000,-0.000930,1.650180
9860.0,50.000000,-0.114476,2.000000,0.886904,5.990195,0.000000,0.022652,0.000000,-0.000457,1.650180
9870.0,50.000000,-0.236791,2.000000,0.875625,5.990195,0.000000,0.009622,0.000000,-0.001388,1.650180
9880.0,50.000000,-0.031555,2.000000,0.879888,5.990195,0.000000,-0.007249,0.000000,-0.000000,1.650180
9890.0,50.000000,0.024127,2.000000,0.882317,5.990195,0.000000,-0.020115,0.000000,-0.001404,1.650180
9900.0,50.000000,0.092662,2.000000,0.907833,5.989811,0.000000,0.015244,0.000000,0.000457,1.650180
9910.0,50.000000,5.783639,1.985277,0.999943,5.987127,0.000000,-0.012705,0.000000,-0.000000,1.650180
9920.0,50.000000,-0.577087,2.000000,1.007592,5.985977,0.000000,-0.006820,0.000000,-0.000000,1.650180
9930.0,50.000000,-0.162371,2.000000,0.993571,5.985977,0.000000,0.011852,0.000000,-0.000930,1.650180
9940.0,50.000000,1.042973,2.000000,0.996946,5.985593,0.000000,0.006710,0.000000,-0.000000,1.650180
9950.0,50.000000,0.830785,2.000000,0.999130,5.985210,0.000000,-0.011324,0.000000,-0.000000,1.650180
9960.0,50.000000,0.746176,2.000000,1.002483,5.984826,0.000000,0.007097,0.000000,-0.000000,1.650180
9970.0,50.000000,0.264193,2.000000,1.004709,5.984443,0.000000,0.024938,0.000000,-0.000000,1.650180
9980.0,50.000000,0.696993,2.000000,0.998115,5.983676,0.000000,-0.000204,0.000000,-0.000000,1.650180
9990.0,50.000000,0.536377,2.000000,0.991764,5.983292,0.000000,-0.019334,0.000000,-0.000930,1.650180
10000.0,50.000000,-0.195124,2.000000,0.995400,5.983292,0.000000,0.004003,0.000000,-0.000473,1.650180
10010.0,50.000000,-0.059605,2.000000,0.996714,5.982909,0.000000,-0.030508,0.000000,-0.003265,1.650180
10020.0,50.000000,0.223739,2.000000,0.999718,5.982909,0.000000,0.000117,0.000000,0.000473,1.650180
10030.0,50.000000,0.979246,2.000000,1.002938,5.982525,0.000000,0.002552,0.000000,-0.000000,1.650180
10040.0,50.000000,-0.476590,2.000000,0.985812,5.982525,0.000000,-0.013886,0.000000,-0.000000,1.650180
10050.0,50.000000,-0.120956,2.000000,0.991889,5.982525,0.000000,-0.007043,0.000000,-0.001861,1.650180
10060.0,50.000000,0.050797,2.000000,0.994258,5.982525,0.000000,-0.006470,0.000000,-0.000473,1.650180
10070.0,50.000000,0.906631,2.000000,0.998404,5.982142,0.000000,0.003182,0.000000,-0.001861,1.650180
10080.0,50.000000,0.976647,2.000000,1.001582,5.981758,0.000000,-0.013094,0.000000,0.001404,1.650180
10090.0,50.000000,0.467372,2.000000,1.000871,5.980991,0.000000,-0.002869,0.000000,-0.000473,1.650180
10100.0,50.000000,1.107328,2.000000,0.985091,5.979074,0.000000,0.015706,0.000000,-0.000000,1.650180
10110.0,50.000000,2.490588,2.000000,0.986285,5.976773,0.000000,-0.036136,0.000000,0.000930,1.650180
10120.0,50.000000,7.311472,1.984263,0.981592,5.971404,0.000000,-0.014063,0.000000,-0.001404,1.650180
10130.0,50.000000,14.549683,1.911145,0.972927,5.959516,0.000000,0.002779,0.000000,-0.000000,1.650180
10140.0,50.000000,68.044243,1.121545,0.859519,5.911962,0.000000,-0.007615,0.000000,-0.000930,1.650180
10150.0,50.000000,143.210388,-0.066422,-0.061198,5.784258,0.000000,1.801063,0.000000,-0.000000,1.650947
10160.0,50.000000,126.947357,0.089549,0.117668,5.646200,0.000000,-0.442157,0.000000,-0.001861,1.650947
10170.0,50.000000,131.486893,-0.052054,-0.050380,5.510059,0.000000,0.081596,0.000000,-0.000477,1.650947
10180.0,50.000000,121.993736,0.008067,0.010725,5.376987,0.000000,-0.003022,0.000000,-0.000930,1.650947
10190.0,50.000000,115.583984,0.041970,0.041476,5.255418,0.000000,-0.405509,0.000000,-0.000000,1.650563
10200.0,50.000000,114.544022,-0.013753,-0.009800,5.131933,0.000000,0.043510,0.000000,0.000930,1.650563
10210.0,50.000000,110.310730,-0.006307,-0.007384,5.016884,0.000000,-0.028826,0.000000,0.000475,1.650563
10220.0,50.000000,106.766502,-0.017630,-0.008098,4.900302,0.000000,-0.011432,0.000000,-0.001406,1.650563
10230.0,50.000000,100.997765,0.020350,0.019804,4.794457,0.000000,-0.003568,0.000000,0.000475,1.650563
10240.0,50.000000,98.639198,0.001022,-0.001843,4.687462,0.000000,-0.009245,0.000000,-0.002336,1.650563
10250.0,50.000000,96.231270,-0.005354,-0.004862,4.587369,0.000000,0.002619,0.000000,-0.000000,1.650563
10260.0,50.000000,93.097374,-0.007451,0.006709,4.486510,0.000000,-0.018638,0.000000,-0.000475,1.650563
10270.0,50.000000,91.069038,-0.014656,-0.014624,4.392170,0.000000,-0.021196,0.000000,-0.000475,1.650563
10280.0,50.000000,85.378265,0.028457,0.016901,4.298214,0.000000,-0.025944,0.000000,-0.001386,1.650563
10290.0,50.000000,85.813316,-0.010010,-0.008871,4.210394,0.000000,0.011360,0.000000,-0.000475,1.650563
10300.0,50.000000,82.775726,-0.001287,-0.000870,4.121039,0.000000,0.008920,0.000000,-0.000000,1.650563
10310.0,50.000000,81.396866,-0.009371,-0.009431,4.036671,0.000000,-0.015238,0.000000,-0.000475,1.650563
10320.0,50.000000,79.474571,-0.013163,-0.005800,3.951151,0.000000,-0.025282,0.000000,-0.001386,1.650563
10330.0,50.000000,76.795181,0.001518,0.001758,3.871384,0.000000,-0.012078,0.000000,0.000475,1.650563
10340.0,50.000000,74.123573,0.012577,0.001271,3.790083,0.000000,-0.023394,0.000000,-0.001406,1.650563
10350.0,50.000000,72.892799,0.010747,0.010702,3.715302,0.000000,-0.003000,0.000000,-0.000000,1.650563
10360.0,50.000000,69.311668,0.040772,0.039379,3.639369,0.000000,-0.009313,0.000000,-0.000930,1.650563
10370.0,50.000000,70.138374,0.010437,0.010710,3.567272,0.000000,0.010324,0.000000,-0.000000,1.650563
10380.0,50.000000,69.176071,0.003947,0.007938,3.493641,0.000000,0.000770,0.000000,-0.000930,1.650563
10390.0,50.000000,67.594070,0.011535,0.012128,3.423462,0.000000,-0.001532,0.000000,-0.000951,1.650563
10400.0,50.000000,67.541275,-0.007564,-0.014321,3.350598,0.000000,-0.014638,0.000000,-0.001881,1.650563
10410.0,50.000000,66.519402,-0.007557,-0.007371,3.281952,0.000000,0.016208,0.000000,-0.000000,1.650563
10420.0,50.000000,63.823963,0.017325,0.018323,3.213690,0.000000,-0.065260,0.000000,-0.002356,1.650563
10430.0,50.000000,62.061230,0.032223,0.031668,3.149263,0.000000,0.050032,0.000000,0.000475,1.650563
10440.0,50.000000,61.452358,0.028040,0.032352,3.082918,0.000000,-0.032862,0.000000,-0.001861,1.650563
10450.0,50.000000,61.318565,0.018975,0.020017,3.019258,0.000000,0.012748,0.000000,-0.000020,1.650563
10460.0,50.000000,62.076328,-0.005355,-0.003221,2.952913,0.000000,-0.007982,0.000000,-0.000475,1.650563
10470.0,50.000000,62.027233,-0.015091,-0.014608,2.889253,0.000000,-0.005288,0.000000,0.000930,1.650563
10480.0,50.000000,62.050449,-0.028327,-0.024947,2.823292,0.000000,-0.011493,0.000000,-0.000930,1.650563
10490.0,50.000000,58.430782,0.017308,0.016540,2.762699,0.000000,-0.012241,0.000000,-0.000951,1.650563
10500.0,50.000000,56.385063,0.040133,0.046861,2.702107,0.000000,-0.015322,0.000000,-0.002356,1.650563
10510.0,50.000000,55.433559,0.049016,0.049157,2.644583,0.000000,-0.033921,0.000000,0.002336,1.650563
10520.0,50.000000,56.122334,0.032910,0.032726,2.585908,0.000000,-0.016476,0.000000,0.000910,1.650563
10530.0,50.000000,56.270176,0.023571,0.020573,2.525316,0.000000,0.015582,0.000000,0.000475,1.650563
10540.0,50.000000,56.675415,0.011385,0.011414,2.466641,0.000000,-0.005627,0.000000,-0.000000,1.650563
10550.0,50.000000,57.574253,-0.010371,-0.006667,2.405282,0.000000,-0.022424,0.000000,-0.000475,1.650563
10560.0,50.000000,56.504646,-0.000433,-0.000812,2.346991,0.000000,0.015711,0.000000,-0.001861,1.650563
10570.0,50.000000,56.270340,-0.004899,-0.014043,2.286015,0.000000,-0.018386,0.000000,-0.001861,1.650563
10580.0,50.000000,53.411419,0.034218,0.033766,2.230792,0.000000,0.003919,0.000000,0.001861,1.650563
10590.0,50.000000,52.938778,0.037297,0.032004,2.173651,0.000000,0.004219,0.000000,-0.001406,1.650563
10600.0,50.000000,52.724354,0.038452,0.039114,2.119578,0.000000,0.020634,0.000000,0.000475,1.650563
10610.0,50.000000,52.774162,0.033746,0.035566,2.062054,0.000000,-0.010721,0.000000,-0.002336,1.650563
10620.0,50.000000,55.532013,-0.011160,-0.009781,2.006063,0.000000,-0.000803,0.000000,-0.000475,1.650563
10630.0,50.000000,53.879925,0.008778,0.014004,1.948539,0.000000,0.014470,0.000000,-0.000930,1.650563
10640.0,50.000000,53.742016,0.006739,0.006388,1.892549,0.000000,-0.023520,0.000000,-0.000000,1.650563
10650.0,50.000000,53.286465,0.009496,0.001857,1.835025,0.000000,-0.010680,0.000000,-0.000475,1.650563
10660.0,50.000000,53.046700,0.010560,0.011617,1.780952,0.000000,-0.021119,0.000000,-0.000475,1.650563
10670.0,50.000000,51.446808,0.031415,0.027956,1.724578,0.000000,-0.001822,0.000000,-0.000930,1.650563
10680.0,50.000000,51.937027,0.023474,0.023295,1.672423,0.000000,0.001112,0.000000,-0.000000,1.650563
10690.0,50.000000,50.865421,0.039032,0.042158,1.618733,0.000000,-0.011608,0.000000,-0.000930,1.650563
10700.0,50.000000,50.979023,0.035455,0.034866,1.565427,0.000000,0.002432,0.000000,-0.000000,1.650563
10710.0,50.000000,53.588547,-0.006706,-0.004254,1.508670,0.000000,-0.009326,0.000000,-0.000930,1.650563
10720.0,50.000000,52.646362,0.005021,0.004834,1.454597,0.000000,0.008247,0.000000,-0.000000,1.650563
10730.0,50.000000,51.308479,0.022373,0.020140,1.398607,0.000000,-0.008027,0.000000,-0.000455,1.650563
10740.0,50.000000,52.757938,-0.002122,-0.003355,1.344534,0.000000,-0.013331,0.000000,-0.000000,1.650563
10750.0,50.000000,53.232162,-0.011068,-0.004815,1.288927,0.000000,-0.010096,0.000000,-0.000000,1.650563
10760.0,50.000000,50.799053,0.023121,0.023318,1.235622,0.000000,0.003543,0.000000,0.000475,1.650563
10770.0,50.000000,51.830723,0.005996,0.003161,1.180398,0.000000,0.017109,0.000000,0.000475,1.650563
10780.0,50.000000,49.648788,0.038792,0.039224,1.129393,0.000000,-0.012987,0.000000,-0.000000,1.650563
10790.0,50.000000,50.635036,0.022682,0.020949,1.074554,0.000000,0.035496,0.000000,-0.000000,1.650563
10800.0,50.000000,52.038025,0.001187,0.001723,1.022015,0.000000,-0.008179,0.000000,-0.000000,1.650563
10810.0,50.000000,50.422970,0.023730,0.023913,0.967558,0.000000,-0.009947,0.000000,-0.000455,1.650563
10820.0,50.000000,50.369282,0.024124,0.023848,0.915403,0.000000,-0.015232,0.000000,-0.000000,1.650563
10830.0,50.000000,50.639359,0.018764,0.020972,0.860180,0.000000,-0.026925,0.000000,-0.000930,1.650563
10840.0,50.000000,50.330917,0.022924,0.023759,0.808791,0.000000,0.002476,0.000000,0.000930,1.650563
10850.0,50.000000,52.089352,-0.005671,-0.007290,0.753568,0.000000,-0.011333,0.000000,-0.000930,1.650563
10860.0,50.000000,51.053337,0.008991,0.008857,0.701413,0.000000,0.011108,0.000000,0.000475,1.650563
10870.0,50.000000,49.275620,0.034843,0.022348,0.647723,0.000000,-0.008211,0.000000,-0.000930,1.650563
10880.0,50.000000,50.495125,0.016368,0.015232,0.595952,0.000000,0.007132,0.000000,-0.000930,1.650563
10890.0,50.000000,50.861858,0.010834,0.017055,0.542262,0.000000,0.007256,0.000000,-0.001861,1.650563
10900.0,50.000000,49.412468,0.032626,0.032192,0.491257,0.000000,0.003633,0.000000,0.002336,1.650563
10910.0,50.000000,51.236549,0.004887,0.005598,0.436418,0.000000,0.006807,0.000000,-0.000455,1.650563
10920.0,50.000000,49.916702,0.023936,0.023595,0.385413,0.000000,0.002334,0.000000,0.001406,1.650563
10930.0,50.000000,51.627632,-0.002735,-0.006055,0.330189,0.000000,0.010140,0.000000,-0.000930,1.650563
10940.0,50.000000,51.078030,0.004720,0.004770,0.278034,0.000000,-0.012000,0.000000,-0.002376,1.650563
10950.0,50.000000,52.051769,-0.011733,-0.012506,0.223578,0.000000,-0.026370,0.000000,0.002336,1.650563
10960.0,50.000000,51.267544,-0.001682,-0.001745,0.169888,0.000000,-0.004150,0.000000,0.000930,1.650563
10970.0,50.000000,49.406788,0.025858,0.019352,0.116199,0.000000,0.001452,0.000000,-0.000930,1.650563
10980.0,50.000000,48.457832,0.041335,0.039764,0.066728,0.000000,0.010702,0.000000,-0.000000,1.650563
10990.0,50.000000,48.953564,0.035253,0.040851,0.014189,0.000000,0.001390,0.000000,0.000475,1.650563
11000.0,50.000000,49.381817,0.029837,0.031512,6.247520,0.000000,-0.003100,0.000000,-0.001861,1.650563
11010.0,50.000000,49.578625,0.027426,0.031376,6.194215,0.000000,0.002961,0.000000,-0.000930,1.650563
11020.0,50.000000,50.121998,0.019349,0.019225,6.142826,0.000000,-0.015125,0.000000,0.000930,1.650563
11030.0,50.000000,51.858658,-0.007400,-0.003223,6.088370,0.000000,0.016176,0.000000,-0.000930,1.650563
11040.0,50.000000,50.869865,0.006485,0.006685,6.036214,0.000000,-0.003846,0.000000,0.000475,1.650563
11050.0,50.000000,51.868465,-0.010867,-0.016131,5.979841,0.000000,-0.051469,0.000000,-0.001406,1.650563
11060.0,50.000000,50.671104,0.005817,0.004967,5.927685,0.000000,0.021042,0.000000,-0.000951,1.650563
11070.0,50.000000,48.803581,0.034335,0.039213,5.875146,0.000000,-0.016900,0.000000,-0.001406,1.650563
11080.0,50.000000,47.843914,0.050158,0.049839,5.825675,0.000000,0.003178,0.000000,-0.000475,1.650563
11090.0,50.000000,48.227955,0.045954,0.043868,5.773520,0.000000,-0.017273,0.000000,-0.000930,1.650563
11100.0,50.000000,49.941532,0.020977,0.020437,5.722899,0.000000,-0.019369,0.000000,-0.000475,1.650563
11110.0,50.000000,49.549446,0.027096,0.020577,5.669593,0.000000,0.004513,0.000000,-0.000930,1.650563
11120.0,50.000000,50.687527,0.009609,0.010566,5.617821,0.000000,-0.003814,0.000000,-0.000000,1.650563
11130.0,50.000000,50.632702,0.009203,-0.002791,5.562982,0.000000,-0.011873,0.000000,-0.000930,1.650563
11140.0,50.000000,52.473984,-0.019636,-0.018807,5.510059,0.000000,-0.001353,0.000000,-0.000475,1.650563
11150.0,50.000000,51.212990,-0.002066,-0.001789,5.455603,0.000000,-0.011210,0.000000,-0.000930,1.650563
11160.0,50.000000,50.457516,0.008919,0.009277,5.404214,0.000000,0.012949,0.000000,-0.000000,1.650563
11170.0,50.000000,48.550488,0.039175,0.040461,5.352443,0.000000,0.022774,0.000000,-0.000000,1.650563
11180.0,50.000000,47.456730,0.057469,0.056547,5.303739,0.000000,-0.011312,0.000000,0.000930,1.650563
11190.0,50.000000,48.520397,0.043499,0.040678,5.251967,0.000000,0.022432,0.000000,0.000475,1.650563
11200.0,50.000000,49.522854,0.029815,0.029907,5.202113,0.000000,-0.026667,0.000000,0.001406,1.650563
11210.0,50.000000,51.247482,0.003556,0.003354,5.148040,0.000000,0.000321,0.000000,-0.000930,1.650563
11220.0,50.000000,50.155624,0.019596,0.018878,5.096268,0.000000,0.012966,0.000000,-0.000475,1.650563
11230.0,50.000000,50.561680,0.011790,-0.001612,5.041045,0.000000,-0.009686,0.000000,-0.000475,1.650563
11240.0,50.000000,51.815002,-0.007554,-0.006685,4.988506,0.000000,-0.009728,0.000000,-0.000000,1.650563
11250.0,50.000000,50.586529,0.009877,0.014325,4.934816,0.000000,-0.015840,0.000000,-0.001881,1.650563
11260.0,50.000000,50.092892,0.016177,0.014475,4.882661,0.000000,0.014975,0.000000,-0.000930,1.650563
11270.0,50.000000,48.993172,0.033863,0.040675,4.830122,0.000000,-0.023800,0.000000,-0.000930,1.650563
11280.0,50.000000,47.685383,0.054506,0.056131,4.780651,0.000000,-0.010315,0.000000,-0.000951,1.650563
11290.0,50.000000,49.854118,0.022655,0.012820,4.727345,0.000000,-0.003594,0.000000,-0.000930,1.650563
11300.0,50.000000,50.059193,0.020194,0.020016,4.676724,0.000000,-0.017541,0.000000,-0.000930,1.650563
11310.0,50.000000,50.080441,0.019050,0.011614,4.622268,0.000000,0.011331,0.000000,-0.000455,1.650563
11320.0,50.000000,52.060078,-0.011693,-0.010565,4.569729,0.000000,-0.001162,0.000000,0.000475,1.650563
11330.0,50.000000,50.288822,0.015068,0.019540,4.516807,0.000000,-0.024098,0.000000,-0.001881,1.650563
11340.0,50.000000,49.031857,0.033440,0.032565,4.465418,0.000000,0.012015,0.000000,0.001406,1.650563
11350.0,50.000000,52.074673,-0.012351,-0.009157,4.412112,0.000000,-0.011540,0.000000,0.000930,1.650563
11360.0,50.000000,48.737999,0.037454,0.036324,4.359957,0.000000,-0.009501,0.000000,0.000475,1.650563
11370.0,50.000000,48.203758,0.046184,0.038190,4.307418,0.000000,-0.006097,0.000000,0.000020,1.650563
11380.0,50.000000,49.441135,0.028576,0.028627,4.256797,0.000000,0.014296,0.000000,-0.000475,1.650563
11390.0,50.000000,49.485813,0.028083,0.032727,4.203875,0.000000,0.036349,0.000000,-0.000000,1.650563
11400.0,50.000000,51.104713,0.003733,0.004776,4.152102,0.000000,0.011472,0.000000,-0.000930,1.650563
11410.0,50.000000,50.826801,0.007516,0.012791,4.098413,0.000000,0.024095,0.000000,-0.000910,1.650563
11420.0,50.000000,50.675632,0.008773,0.007017,4.046258,0.000000,-0.017167,0.000000,-0.000000,1.650563
11430.0,50.000000,50.742165,0.007529,-0.001611,3.992185,0.000000,-0.010817,0.000000,-0.000930,1.650563
11440.0,50.000000,50.637943,0.008470,0.007943,3.940413,0.000000,0.017363,0.000000,-0.000000,1.650563
11450.0,50.000000,51.278542,-0.002079,0.000000,3.885573,0.000000,-0.006604,0.000000,-0.001406,1.650563
11460.0,50.000000,50.324089,0.011367,0.011393,3.833802,0.000000,-0.015820,0.000000,0.000930,1.650563
11470.0,50.000000,49.004055,0.031357,0.036833,3.780879,0.000000,-0.039780,0.000000,-0.003267,1.650563
11480.0,50.000000,49.264950,0.028018,0.028162,3.729874,0.000000,0.002577,0.000000,-0.000000,1.650563
11490.0,50.000000,49.375633,0.026779,0.021760,3.677336,0.000000,-0.021481,0.000000,-0.000951,1.650563
11500.0,50.000000,49.064281,0.032986,0.034041,3.627481,0.000000,0.022411,0.000000,0.000930,1.650563
11510.0,50.000000,48.685108,0.039261,0.036230,3.574942,0.000000,-0.012213,0.000000,-0.000930,1.650563
11520.0,50.000000,50.147903,0.017637,0.019540,3.523554,0.000000,-0.013579,0.000000,0.000475,1.650563
11530.0,50.000000,50.410912,0.013770,0.017679,3.469481,0.000000,-0.047069,0.000000,-0.000930,1.650563
11540.0,50.000000,49.958637,0.020484,0.019540,3.418476,0.000000,0.008253,0.000000,0.000930,1.650563
11550.0,50.000000,51.603447,-0.005758,-0.009161,3.363253,0.000000,-0.022342,0.000000,-0.001406,1.650563
11560.0,50.000000,51.116722,0.000403,0.000928,3.311098,0.000000,0.001258,0.000000,-0.000475,1.650563
11570.0,50.000000,49.923813,0.018141,0.020266,3.257792,0.000000,-0.028962,0.000000,-0.001406,1.650563
11580.0,50.000000,48.687618,0.037542,0.038057,3.207554,0.000000,0.002217,0.000000,0.000930,1.650563
11590.0,50.000000,49.355560,0.028395,0.034202,3.155015,0.000000,-0.023745,0.000000,-0.001406,1.650563
11600.0,50.000000,49.576370,0.025852,0.025020,3.104394,0.000000,0.000357,0.000000,0.000455,1.650563
11610.0,50.000000,50.149448,0.017308,0.017673,3.051088,0.000000,-0.021590,0.000000,-0.001861,1.650563
11620.0,50.000000,49.853699,0.021687,0.020724,2.999700,0.000000,0.016920,0.000000,-0.000455,1.650563
11630.0,50.000000,51.399399,-0.002739,-0.012076,2.944476,0.000000,-0.058823,0.000000,-0.003287,1.650563
11640.0,50.000000,51.191799,-0.000648,-0.000572,2.892321,0.000000,0.016807,0.000000,-0.000475,1.650563
11650.0,50.000000,52.394386,-0.020645,-0.024385,2.836331,0.000000,-0.003967,0.000000,-0.000475,1.650563
11660.0,50.000000,49.463547,0.022295,0.021794,2.784559,0.000000,-0.011675,0.000000,-0.000000,1.650563
11670.0,50.000000,48.977943,0.030366,0.027032,2.732403,0.000000,0.018917,0.000000,0.000475,1.650563
11680.0,50.000000,47.587093,0.053108,0.052526,2.683316,0.000000,0.020735,0.000000,0.000930,1.650563
11690.0,50.000000,47.318657,0.059205,0.051980,2.631544,0.000000,-0.001205,0.000000,-0.000000,1.650563
11700.0,50.000000,50.728096,0.008987,0.008778,2.581690,0.000000,-0.001452,0.000000,-0.000000,1.650563
11710.0,50.000000,49.138828,0.033545,0.042038,2.528384,0.000000,-0.004860,0.000000,-0.001406,1.650563
11720.0,50.000000,51.236061,0.001615,0.001734,2.476995,0.000000,0.017800,0.000000,0.000475,1.650563
11730.0,50.000000,52.039082,-0.011672,-0.013026,2.422156,0.000000,-0.019914,0.000000,-0.000455,1.650563
11740.0,50.000000,51.037457,0.002080,0.001464,2.369233,0.000000,-0.019166,0.000000,-0.000000,1.650563
11750.0,50.000000,52.698135,-0.024484,-0.010050,2.313627,0.000000,-0.009319,0.000000,-0.000000,1.650563
11760.0,50.000000,49.922554,0.015983,0.015898,2.262238,0.000000,-0.002092,0.000000,-0.000475,1.650563
11770.0,50.000000,49.652645,0.020962,0.029906,2.209699,0.000000,-0.017589,0.000000,-0.000930,1.650563
11780.0,50.000000,48.112598,0.045757,0.046718,2.160612,0.000000,0.003747,0.000000,-0.000930,1.650563
11790.0,50.000000,49.701027,0.023115,0.030874,2.107690,0.000000,-0.060334,0.000000,-0.001406,1.650563
11800.0,50.000000,49.795952,0.022329,0.022581,2.057452,0.000000,-0.011404,0.000000,0.001406,1.650563
11810.0,50.000000,50.919800,0.005090,0.005795,2.004529,0.000000,0.006455,0.000000,-0.000000,1.650563
11820.0,50.000000,50.882854,0.004691,0.007611,1.949690,0.000000,0.023947,0.000000,-0.000000,1.650563
11830.0,50.000000,49.771320,0.020223,0.020151,1.897918,0.000000,0.001573,0.000000,0.000475,1.650563
11840.0,50.000000,50.909111,0.002518,0.005539,1.843078,0.000000,-0.003348,0.000000,-0.003267,1.650563
11850.0,50.000000,50.472370,0.008977,0.009426,1.792073,0.000000,-0.008071,0.000000,-0.002831,1.650563
11860.0,50.000000,49.037655,0.030091,0.020192,1.738384,0.000000,-0.007672,0.000000,-0.000930,1.650563
11870.0,50.000000,49.374386,0.026694,0.028483,1.688529,0.000000,-0.027122,0.000000,0.000930,1.650563
11880.0,50.000000,47.534775,0.056092,0.057209,1.637524,0.000000,0.011320,0.000000,-0.000455,1.650563
11890.0,50.000000,50.976353,0.005014,0.005659,1.586136,0.000000,0.000431,0.000000,0.000455,1.650563
11900.0,50.000000,51.119576,0.003174,0.017233,1.532830,0.000000,-0.019553,0.000000,-0.001861,1.650563
11910.0,50.000000,49.753414,0.022500,0.020769,1.480291,0.000000,0.003108,0.000000,0.000930,1.650563
11920.0,50.000000,50.879341,0.004238,-0.008805,1.425835,0.000000,-0.009674,0.000000,0.000475,1.650563
11930.0,50.000000,50.460609,0.010267,0.010235,1.373680,0.000000,0.002878,0.000000,0.000475,1.650563
11940.0,50.000000,49.352947,0.026015,0.029248,1.319607,0.000000,0.018056,0.000000,-0.000000,1.650563
11950.0,50.000000,52.059319,-0.015629,-0.015868,1.266685,0.000000,0.000460,0.000000,-0.000000,1.650563
11960.0,50.000000,49.521244,0.022125,0.027556,1.213379,0.000000,-0.016603,0.000000,-0.001406,1.650563
11970.0,50.000000,49.127590,0.028135,0.028227,1.162758,0.000000,0.012902,0.000000,-0.000000,1.650563
11980.0,50.000000,49.938808,0.016991,0.020031,1.110219,0.000000,-0.016223,0.000000,-0.001406,1.650563
11990.0,50.000000,50.007854,0.015985,0.017381,1.058830,0.000000,0.017224,0.000000,-0.000455,1.650563
12000.0,50.000000,51.098461,-0.000531,0.003206,1.005141,0.000000,-0.016344,0.000000,-0.001406,1.650563
12010.0,50.000000,50.041691,0.015507,0.015535,0.953753,0.000000,0.009065,0.000000,0.001406,1.650563
12020.0,50.000000,51.031574,0.000506,0.005178,0.900447,0.000000,-0.018066,0.000000,-0.000930,1.650563
12030.0,50.000000,49.671783,0.021043,0.020968,0.849442,0.000000,-0.003989,0.000000,-0.000475,1.650563
12040.0,50.000000,50.716442,0.005219,0.010720,0.795369,0.000000,0.006262,0.000000,-0.001406,1.650563
12050.0,50.000000,50.655514,0.005336,0.005806,0.743597,0.000000,-0.020237,0.000000,0.000475,1.650563
12060.0,50.000000,50.008186,0.014601,0.015287,0.689908,0.000000,-0.026078,0.000000,-0.001406,1.650563
12070.0,50.000000,49.549423,0.021605,0.020938,0.638903,0.000000,0.002258,0.000000,0.001406,1.650563
12080.0,50.000000,49.419960,0.024088,0.029528,0.585597,0.000000,-0.004893,0.000000,-0.000475,1.650563
12090.0,50.000000,49.676376,0.020648,0.021137,0.534976,0.000000,-0.014960,0.000000,-0.000000,1.650563
12100.0,50.000000,48.718410,0.035597,0.040969,0.482437,0.000000,-0.006229,0.000000,-0.001881,1.650563
12110.0,50.000000,50.182068,0.013666,0.013189,0.430665,0.000000,-0.032372,0.000000,0.000475,1.650563
12120.0,50.000000,49.938534,0.016995,0.010727,0.376976,0.000000,-0.012524,0.000000,-0.000455,1.650563
12130.0,50.000000,50.908951,0.001999,0.002304,0.325204,0.000000,-0.014671,0.000000,-0.000000,1.650563
12140.0,50.000000,50.671867,0.004877,0.008966,0.271131,0.000000,-0.011241,0.000000,-0.000000,1.650563
12150.0,50.000000,51.437584,-0.008035,-0.009164,0.217825,0.000000,0.011187,0.000000,0.000475,1.650563
12160.0,50.000000,50.863735,-0.000827,0.003883,0.163369,0.000000,-0.013543,0.000000,-0.001881,1.650563
12170.0,50.000000,48.790367,0.030584,0.030624,0.112748,0.000000,0.005304,0.000000,-0.000455,1.650563
12180.0,50.000000,48.214634,0.040817,0.037174,0.061359,0.000000,-0.009760,0.000000,-0.000475,1.650563
12190.0,50.000000,47.721691,0.049549,0.049376,0.011888,0.000000,-0.040598,0.000000,-0.000000,1.650563
12200.0,50.000000,50.208260,0.013590,0.020969,6.242151,0.000000,-0.014300,0.000000,-0.000000,1.650563
12210.0,50.000000,49.454758,0.025864,0.027406,6.191914,0.000000,-0.001923,0.000000,-0.001426,1.650563
12220.0,50.000000,49.300304,0.028377,0.024067,6.138608,0.000000,-0.014832,0.000000,-0.000930,1.650563
12230.0,50.000000,51.137978,0.000401,0.000014,6.086452,0.000000,-0.004233,0.000000,0.001406,1.650563
12240.0,50.000000,51.804359,-0.010601,0.004617,6.031996,0.000000,-0.017728,0.000000,-0.000930,1.650563
12250.0,50.000000,51.808758,-0.012372,-0.011725,5.978690,0.000000,0.016631,0.000000,-0.000020,1.650563
12260.0,50.000000,50.093277,0.012150,0.016223,5.924617,0.000000,-0.031421,0.000000,-0.002811,1.650563
12270.0,50.000000,47.912106,0.045351,0.044781,5.874763,0.000000,0.011454,0.000000,0.000475,1.650563
12280.0,50.000000,48.568077,0.037545,0.037538,5.822991,0.000000,-0.038660,0.000000,-0.000930,1.650563
12290.0,50.000000,47.768066,0.050740,0.049527,5.773137,0.000000,0.007735,0.000000,-0.000000,1.650563
12300.0,50.000000,50.112240,0.016845,0.018163,5.720214,0.000000,-0.013742,0.000000,-0.002336,1.650563
12310.0,50.000000,48.632374,0.039444,0.039576,5.669593,0.000000,0.006052,0.000000,0.001406,1.650563
12320.0,50.000000,50.661247,0.008423,0.011596,5.615137,0.000000,-0.004179,0.000000,-0.001406,1.650563
12330.0,50.000000,51.289307,-0.002030,-0.001861,5.562982,0.000000,-0.008120,0.000000,0.000455,1.650563
12340.0,50.000000,51.164810,-0.001184,0.000743,5.508142,0.000000,0.012026,0.000000,-0.000000,1.650563
12350.0,50.000000,50.815395,0.002903,0.003353,5.455986,0.000000,-0.032411,0.000000,0.001406,1.650563
12360.0,50.000000,49.694382,0.019567,0.023311,5.402297,0.000000,-0.020308,0.000000,-0.001406,1.650563
12370.0,50.000000,48.474361,0.039003,0.040462,5.352826,0.000000,0.009959,0.000000,0.000455,1.650563
12380.0,50.000000,48.208973,0.045638,0.059486,5.301821,0.000000,-0.026936,0.000000,-0.000930,1.650563
12390.0,50.000000,48.319538,0.045359,0.043612,5.252350,0.000000,0.004376,0.000000,0.000475,1.650563
12400.0,50.000000,48.958828,0.037702,0.045213,5.200579,0.000000,-0.058483,0.000000,-0.004197,1.650563
12410.0,50.000000,50.825127,0.009258,0.008797,5.148807,0.000000,0.009747,0.000000,0.000930,1.650563
12420.0,50.000000,51.242336,0.002398,0.003342,5.094734,0.000000,-0.044705,0.000000,-0.000930,1.650563
12430.0,50.000000,50.627575,0.010212,0.009670,5.042195,0.000000,0.006656,0.000000,-0.000951,1.650563
12440.0,50.000000,52.342823,-0.016396,-0.014620,4.987355,0.000000,-0.007571,0.000000,-0.000000,1.650563
12450.0,50.000000,49.960209,0.018943,0.019217,4.935583,0.000000,-0.007875,0.000000,-0.000475,1.650563
12460.0,50.000000,50.048073,0.015919,-0.001535,4.881127,0.000000,-0.020160,0.000000,-0.000930,1.650563
12470.0,50.000000,47.893650,0.050228,0.049937,4.831656,0.000000,-0.002747,0.000000,0.002336,1.650563
12480.0,50.000000,48.163929,0.046891,0.042943,4.779501,0.000000,-0.020880,0.000000,-0.001881,1.650563
12490.0,50.000000,50.499187,0.012734,0.013014,4.728496,0.000000,0.032118,0.000000,-0.000000,1.650563
12500.0,50.000000,50.055492,0.020120,0.026945,4.675573,0.000000,-0.011160,0.000000,-0.000930,1.650563
12510.0,50.000000,49.672394,0.024974,0.024611,4.623802,0.000000,0.014226,0.000000,0.001406,1.650563
12520.0,50.000000,51.884342,-0.009256,-0.013740,4.568578,0.000000,-0.002331,0.000000,-0.001406,1.650563
12530.0,50.000000,49.885807,0.020843,0.021869,4.517957,0.000000,-0.006918,0.000000,0.000475,1.650563
12540.0,50.000000,48.965267,0.034109,0.037351,4.464268,0.000000,0.001032,0.000000,-0.000930,1.650563
12550.0,50.000000,52.595314,-0.020363,-0.017427,4.412496,0.000000,-0.025227,0.000000,-0.000000,1.650563
12560.0,50.000000,48.271896,0.044280,0.042310,4.359957,0.000000,0.005000,0.000000,-0.000930,1.650563
12570.0,50.000000,49.015446,0.033878,0.034050,4.309336,0.000000,-0.000533,0.000000,-0.000475,1.650563
12580.0,50.000000,49.518444,0.027394,0.031746,4.256797,0.000000,0.002882,0.000000,-0.000930,1.650563
12590.0,50.000000,49.588806,0.026289,0.024777,4.205409,0.000000,-0.066401,0.000000,0.001386,1.650563
12600.0,50.000000,51.196373,0.002155,0.004828,4.150952,0.000000,0.006062,0.000000,0.000930,1.650563
12610.0,50.000000,51.060562,0.003787,0.004263,4.099947,0.000000,0.037425,0.000000,-0.000000,1.650563
12620.0,50.000000,50.493874,0.011357,0.001509,4.045875,0.000000,-0.032812,0.000000,-0.001861,1.650563
12630.0,50.000000,50.620361,0.009278,0.009673,3.994102,0.000000,0.018789,0.000000,-0.000000,1.650563
12640.0,50.000000,50.468334,0.011031,0.000921,3.939646,0.000000,-0.014312,0.000000,-0.000455,1.650563
12650.0,50.000000,50.677425,0.007354,0.007616,3.888258,0.000000,-0.011123,0.000000,-0.000930,1.650563
12660.0,50.000000,51.234081,-0.002312,-0.003213,3.832651,0.000000,-0.006946,0.000000,-0.000475,1.650563
12670.0,50.000000,49.106579,0.029845,0.029803,3.782797,0.000000,0.016278,0.000000,0.000930,1.650563
12680.0,50.000000,49.546173,0.023690,0.018327,3.729107,0.000000,0.003599,0.000000,0.000475,1.650563
12690.0,50.000000,48.179977,0.044602,0.043867,3.679636,0.000000,-0.013897,0.000000,-0.000475,1.650563
12700.0,50.000000,49.015499,0.033394,0.028389,3.626714,0.000000,-0.020881,0.000000,-0.000930,1.650563
12710.0,50.000000,49.844227,0.021569,0.021462,3.575709,0.000000,0.026653,0.000000,0.000930,1.650563
12720.0,50.000000,49.762253,0.023411,0.019538,3.522787,0.000000,-0.047523,0.000000,-0.000930,1.650563
12730.0,50.000000,49.704628,0.024329,0.023262,3.471782,0.000000,0.009868,0.000000,0.000475,1.650563
12740.0,50.000000,50.912247,0.005798,0.010113,3.417326,0.000000,-0.028879,0.000000,-0.002336,1.650563
12750.0,50.000000,52.030884,-0.012307,-0.012506,3.364787,0.000000,0.006629,0.000000,-0.000475,1.650563
12760.0,50.000000,51.234787,-0.001856,-0.003311,3.309947,0.000000,-0.006758,0.000000,-0.000930,1.650563
12770.0,50.000000,49.393875,0.025753,0.024328,3.258942,0.000000,-0.038919,0.000000,-0.000000,1.650563
12780.0,50.000000,49.205723,0.029585,0.026840,3.206403,0.000000,0.020162,0.000000,0.001406,1.650563
12790.0,50.000000,48.798599,0.036307,0.035502,3.156166,0.000000,-0.007340,0.000000,0.000475,1.650563
12800.0,50.000000,49.088718,0.033157,0.031459,3.103627,0.000000,-0.012622,0.000000,-0.002336,1.650563
12810.0,50.000000,50.464832,0.012429,0.012788,3.052238,0.000000,0.003631,0.000000,-0.000000,1.650563
12820.0,50.000000,50.693161,0.008774,0.012789,2.998549,0.000000,-0.005103,0.000000,-0.001861,1.650563
12830.0,50.000000,51.237049,-0.000074,-0.000804,2.946010,0.000000,-0.001479,0.000000,0.001406,1.650563
12840.0,50.000000,51.413200,-0.004070,-0.004044,2.891554,0.000000,-0.033282,0.000000,-0.001861,1.650563
12850.0,50.000000,51.605358,-0.008431,-0.009161,2.838248,0.000000,0.017141,0.000000,0.000475,1.650563
12860.0,50.000000,50.333126,0.009063,0.006507,2.783792,0.000000,-0.004283,0.000000,-0.000930,1.650563
12870.0,50.000000,49.123863,0.028363,0.028883,2.733554,0.000000,-0.028989,0.000000,0.000930,1.650563
12880.0,50.000000,47.101711,0.060424,0.050734,2.682549,0.000000,0.003251,0.000000,-0.000475,1.650563
12890.0,50.000000,48.768593,0.037222,0.035745,2.633078,0.000000,-0.003663,0.000000,-0.000475,1.650563
12900.0,0.000000,47.585659,0.000000,-0.000440,2.577088,0.000000,-0.006782,0.000000,-0.000475,1.650563
12910.0,0.000000,43.741104,0.000000,0.000170,2.524549,0.000000,0.006006,0.000000,0.000930,1.650563
12920.0,0.000000,42.903728,0.000000,0.000000,2.474694,0.000000,0.000599,0.000000,-0.000000,1.650563
12930.0,0.000000,43.446754,0.000000,-0.000068,2.429442,0.000000,0.004339,0.000000,-0.000475,1.650563
12940.0,0.000000,43.966549,0.000000,-0.000687,2.379588,0.000000,0.004259,0.000000,-0.002791,1.650563
12950.0,0.000000,44.443047,0.000000,0.000000,2.333568,0.000000,0.032631,0.000000,-0.000000,1.650563
12960.0,0.000000,44.919567,0.000000,0.000000,2.281413,0.000000,0.002839,0.000000,0.000475,1.650563
12970.0,0.000000,40.742569,0.000000,0.000654,2.237311,0.000000,0.000212,0.000000,-0.000475,1.650563
12980.0,0.000000,35.136410,0.000000,0.000000,2.197044,0.000000,0.015846,0.000000,-0.003267,1.650563
12990.0,0.000000,30.023571,0.000000,0.000000,2.164063,0.000000,0.002225,0.000000,-0.000000,1.650563
13000.0,0.000000,24.780525,0.000000,0.000928,2.135301,0.000000,0.004924,0.000000,-0.000930,1.650563
13010.0,0.000000,20.037851,0.000000,0.000000,2.112675,0.000000,-0.008246,0.000000,-0.000000,1.650563
13020.0,0.000000,15.229285,0.000000,0.001534,2.094267,0.000000,0.012080,0.000000,0.000475,1.650563
13030.0,0.000000,12.266121,0.000000,0.000886,2.080462,0.000000,-0.013123,0.000000,-0.000000,1.650563
13040.0,0.000000,9.505850,0.000000,-0.000612,2.068957,0.000000,-0.012113,0.000000,-0.001406,1.650563
13050.0,0.000000,6.813167,0.000000,0.000769,2.060520,0.000000,0.002466,0.000000,-0.000951,1.650563
13060.0,0.000000,4.439095,0.000000,0.000000,2.054767,0.000000,-0.015803,0.000000,-0.000930,1.650563
13070.0,0.000000,2.247763,0.000000,0.000010,2.051316,0.000000,-0.036752,0.000000,-0.000930,1.650563
13080.0,0.000000,0.773387,0.000000,0.000806,2.049782,0.000000,0.032610,0.000000,0.000475,1.650563
13090.0,0.000000,-0.336606,0.000000,0.000000,2.049782,0.000000,-0.035089,0.000000,0.000930,1.650563
13100.0,0.000000,-1.733333,0.000000,-0.000005,2.050549,0.000000,-0.027271,0.000000,-0.002791,1.650563
13110.0,0.000000,-3.279898,0.000000,0.000816,2.052850,0.000000,0.015307,0.000000,-0.000000,1.650563
13120.0,0.000000,-3.322280,0.000000,0.000000,2.056301,0.000000,-0.024765,0.000000,-0.000000,1.650563
13130.0,0.000000,-2.733346,0.000000,-0.000060,2.058986,0.000000,0.034375,0.000000,-0.000000,1.650563
13140.0,0.000000,-1.689070,0.000000,0.000000,2.061670,0.000000,-0.015187,0.000000,-0.000000,1.650563
13150.0,0.000000,-1.547677,0.000000,0.000847,2.063588,0.000000,0.012320,0.000000,0.000930,1.650563
13160.0,0.000000,-0.513658,0.000000,-0.000097,2.064738,0.000000,-0.017878,0.000000,-0.000930,1.650563
13170.0,0.000000,0.280124,0.000000,0.000000,2.064738,0.000000,0.030689,0.000000,0.000475,1.650563
13180.0,0.000000,-0.026149,0.000000,-0.000097,2.064738,0.000000,-0.009651,0.000000,-0.000455,1.650563
13190.0,0.000000,0.745281,0.000000,-0.000849,2.064355,0.000000,0.009827,0.000000,-0.000000,1.650563
13200.0,0.000000,0.628139,0.000000,-0.000757,2.063588,0.000000,-0.014003,0.000000,-0.000930,1.650563
13210.0,0.000000,0.801713,0.000000,0.000000,2.063204,0.000000,-0.003263,0.000000,-0.000475,1.650563
13220.0,0.000000,-0.178020,0.000000,-0.000760,2.062821,0.000000,-0.013203,0.000000,-0.000930,1.650563
13230.0,0.000000,0.015835,0.000000,0.000000,2.062821,0.000000,0.007160,0.000000,0.000455,1.650563
13240.0,0.000000,-0.008677,0.000000,0.000000,2.062821,0.000000,0.008847,0.000000,-0.000930,1.650563
13250.0,0.000000,-0.019103,0.000000,0.000760,2.062821,0.000000,0.004826,0.000000,-0.000951,1.650563
13260.0,0.000000,-0.006216,0.000000,0.000760,2.062821,0.000000,-0.015607,0.000000,-0.002831,1.650563
13270.0,0.000000,-0.402757,0.000000,-0.000087,2.063204,0.000000,0.017090,0.000000,-0.000000,1.650563
13280.0,0.000000,0.021905,0.000000,0.000000,2.063204,0.000000,-0.015184,0.000000,-0.001406,1.650563
13290.0,0.000000,-0.014365,0.000000,0.000933,2.063204,0.000000,-0.027542,0.000000,0.000930,1.650563
13300.0,0.000000,0.021319,0.000000,0.000000,2.063204,0.000000,-0.030431,0.000000,-0.000930,1.650563
13310.0,0.000000,-0.008927,0.000000,-0.000087,2.063204,0.000000,0.010093,0.000000,-0.000000,1.650563
13320.0,0.000000,0.009964,0.000000,0.000000,2.063204,0.000000,-0.020591,0.000000,-0.000930,1.650563
13330.0,0.000000,0.011454,0.000000,0.000000,2.063204,0.000000,-0.006758,0.000000,0.000930,1.650563
13340.0,0.000000,-0.036631,0.000000,-0.000933,2.063204,0.000000,-0.014931,0.000000,-0.001426,1.650563
13350.0,0.000000,-0.003854,0.000000,0.000000,2.063204,0.000000,-0.046310,0.000000,-0.000000,1.650563
13360.0,0.000000,0.003874,0.000000,-0.000759,2.063204,0.000000,-0.007714,0.000000,-0.000475,1.650563
13370.0,0.000000,0.012671,0.000000,0.000087,2.063204,0.000000,0.025199,0.000000,-0.000000,1.650563
13380.0,0.000000,0.000277,0.000000,0.000000,2.063204,0.000000,-0.003716,0.000000,-0.000455,1.650563
13390.0,0.000000,0.005034,0.000000,0.000000,2.063204,0.000000,0.033567,0.000000,0.000930,1.650563
13400.0,0.000000,0.000081,0.000000,0.000000,2.063204,0.000000,-0.027860,0.000000,-0.000930,1.650563
13410.0,0.000000,-0.021531,0.000000,-0.000087,2.063204,0.000000,-0.010249,0.000000,-0.000475,1.650563
13420.0,0.000000,-0.014987,0.000000,-0.000672,2.063204,0.000000,0.001743,0.000000,-0.000475,1.650563
13430.0,0.000000,0.009468,0.000000,-0.000759,2.063204,0.000000,0.021087,0.000000,-0.000000,1.650563
13440.0,0.000000,0.009934,0.000000,0.000000,2.063204,0.000000,-0.006650,0.000000,-0.000455,1.650563
13450.0,0.000000,-0.009968,0.000000,0.000087,2.063204,0.000000,0.002005,0.000000,-0.000930,1.650563
13460.0,0.000000,-0.010286,0.000000,0.000000,2.063204,0.000000,-0.002551,0.000000,-0.000455,1.650563
13470.0,0.000000,-0.003024,0.000000,0.000000,2.063204,0.000000,-0.005453,0.000000,-0.000000,1.650563
13480.0,0.000000,-0.004017,0.000000,-0.000933,2.063204,0.000000,-0.013002,0.000000,-0.000930,1.650563
13490.0,0.000000,-0.002891,0.000000,0.000000,2.063204,0.000000,0.041962,0.000000,0.001881,1.650563
13500.0,0.000000,0.004067,0.000000,0.000846,2.063204,0.000000,-0.010970,0.000000,-0.001861,1.650563
13510.0,0.000000,-0.000885,0.000000,-0.000846,2.063204,0.000000,-0.009357,0.000000,0.000475,1.650563
13520.0,0.000000,0.003506,0.000000,0.000000,2.063204,0.000000,0.011418,0.000000,-0.000000,1.650563
13530.0,0.000000,0.000736,0.000000,-0.000933,2.063204,0.000000,-0.024494,0.000000,-0.000475,1.650563
13540.0,0.000000,-0.011313,0.000000,-0.000087,2.063204,0.000000,0.012825,0.000000,0.001406,1.650563
13550.0,0.000000,-0.004542,0.000000,-0.000759,2.063204,0.000000,-0.004514,0.000000,-0.000455,1.650563
13560.0,0.000000,0.004573,0.000000,0.000000,2.063204,0.000000,0.017695,0.000000,-0.000930,1.650563
13570.0,0.000000,0.008574,0.000000,0.000087,2.063204,0.000000,0.002641,0.000000,-0.000930,1.650563
13580.0,0.000000,0.009610,0.000000,0.000000,2.063204,0.000000,0.016100,0.000000,-0.000000,1.650563
13590.0,0.000000,-0.012047,0.000000,-0.000846,2.063204,0.000000,0.021908,0.000000,-0.000000,1.650563
13600.0,0.000000,-0.009376,0.000000,0.000087,2.063204,0.000000,-0.016273,0.000000,-0.000475,1.650563
13610.0,0.000000,-0.005652,0.000000,-0.000933,2.063204,0.000000,-0.004047,0.000000,-0.001406,1.650563
13620.0,0.000000,-0.009967,0.000000,0.000087,2.063204,0.000000,0.002992,0.000000,0.000475,1.650563
13630.0,0.000000,-0.014519,0.000000,-0.000846,2.063204,0.000000,0.004717,0.000000,-0.000000,1.650563
13640.0,0.000000,-0.016073,0.000000,0.000000,2.063204,0.000000,-0.000897,0.000000,-0.000000,1.650563
13650.0,0.000000,-0.006813,0.000000,-0.000846,2.063204,0.000000,0.000533,0.000000,-0.000455,1.650563
13660.0,0.000000,-0.000871,0.000000,0.000000,2.063204,0.000000,0.003438,0.000000,0.000930,1.650563
13670.0,0.000000,0.011160,0.000000,0.000000,2.063204,0.000000,-0.004430,0.000000,0.000020,1.650563
13680.0,0.000000,0.013596,0.000000,-0.000087,2.063204,0.000000,-0.016060,0.000000,-0.000000,1.650563
13690.0,0.000000,-0.021806,0.000000,0.000000,2.063204,0.000000,-0.025955,0.000000,-0.000930,1.650563
13700.0,0.000000,-0.003604,0.000000,0.000087,2.063204,0.000000,0.011545,0.000000,-0.000000,1.650563
13710.0,0.000000,0.018637,0.000000,-0.000087,2.063204,0.000000,-0.000201,0.000000,-0.000455,1.650563
13720.0,0.000000,0.003277,0.000000,-0.000759,2.063204,0.000000,-0.025433,0.000000,0.000930,1.650563
13730.0,0.000000,0.001167,0.000000,0.000087,2.063204,0.000000,0.007795,0.000000,-0.000455,1.650563
13740.0,0.000000,0.025488,0.000000,0.000846,2.063204,0.000000,0.002417,0.000000,0.000475,1.650563
13750.0,0.000000,-0.028681,0.000000,0.000759,2.063204,0.000000,-0.006136,0.000000,-0.000475,1.650563
13760.0,0.000000,-0.006846,0.000000,0.001692,2.063204,0.000000,-0.012431,0.000000,-0.000000,1.650563
13770.0,0.000000,0.002919,0.000000,-0.000846,2.063204,0.000000,0.004328,0.000000,-0.001861,1.650563
13780.0,0.000000,0.004594,0.000000,0.000000,2.063204,0.000000,0.007517,0.000000,-0.000000,1.650563
13790.0,0.000000,0.024618,0.000000,0.000846,2.063204,0.000000,-0.017522,0.000000,0.000475,1.650563
13800.0,0.000000,0.007676,0.000000,-0.000759,2.063204,0.000000,-0.010962,0.000000,0.000930,1.650563
13810.0,0.000000,0.001823,0.000000,0.000846,2.063204,0.000000,-0.018661,0.000000,-0.002791,1.650563
13820.0,0.000000,0.011112,0.000000,0.000000,2.063204,0.000000,-0.002594,0.000000,-0.000000,1.650563
13830.0,0.000000,-0.026104,0.000000,0.000000,2.063204,0.000000,-0.018316,0.000000,-0.002791,1.650563
13840.0,0.000000,0.023686,0.000000,0.001692,2.063204,0.000000,-0.008764,0.000000,0.000930,1.650563
13850.0,0.000000,-0.009587,0.000000,-0.000933,2.063204,0.000000,-0.029381,0.000000,-0.000930,1.650563
13860.0,0.000000,-0.005424,0.000000,0.000759,2.063204,0.000000,0.029087,0.000000,0.000930,1.650563
13870.0,0.000000,0.001464,0.000000,0.000759,2.063204,0.000000,-0.005123,0.000000,-0.000930,1.650563
13880.0,0.000000,0.001628,0.000000,-0.000846,2.063204,0.000000,-0.012974,0.000000,0.000475,1.650563
13890.0,0.000000,0.010107,0.000000,0.000000,2.063204,0.000000,0.002563,0.000000,0.000475,1.650563
13900.0,0.000000,-0.021000,0.000000,0.000000,2.063204,0.000000,0.007025,0.000000,0.000475,1.650563
13910.0,0.000000,-0.000932,0.000000,-0.000846,2.063204,0.000000,-0.006364,0.000000,-0.000455,1.650563
13920.0,0.000000,-0.018612,0.000000,0.000087,2.063204,0.000000,-0.017148,0.000000,-0.000000,1.650563
13930.0,0.000000,-0.022056,0.000000,0.000000,2.063204,0.000000,-0.005732,0.000000,-0.001406,1.650563
13940.0,0.000000,0.014203,0.000000,0.000000,2.063204,0.000000,-0.015354,0.000000,0.000475,1.650563
13950.0,0.000000,-0.003777,0.000000,0.000000,2.063204,0.000000,0.037818,0.000000,-0.000930,1.650563
13960.0,0.000000,-0.017041,0.000000,0.000087,2.063204,0.000000,-0.019210,0.000000,-0.000000,1.650563
13970.0,0.000000,-0.005006,0.000000,0.000000,2.063204,0.000000,-0.012673,0.000000,-0.000930,1.650563
13980.0,0.000000,0.011372,0.000000,-0.000087,2.063204,0.000000,0.011140,0.000000,-0.000455,1.650563
13990.0,0.000000,0.026939,0.000000,0.000672,2.063204,0.000000,-0.006311,0.000000,-0.000930,1.650563
14000.0,0.000000,-0.009254,0.000000,-0.000846,2.063204,0.000000,-0.007254,0.000000,-0.000000,1.650563
14010.0,0.000000,0.000966,0.000000,-0.000087,2.063204,0.000000,0.007268,0.000000,-0.000000,1.650563
14020.0,0.000000,0.009127,0.000000,-0.000087,2.063204,0.000000,-0.046271,0.000000,-0.001861,1.650563
14030.0,0.000000,0.014170,0.000000,0.000846,2.063204,0.000000,-0.005564,0.000000,-0.000000,1.650563
14040.0,0.000000,-0.007815,0.000000,0.000000,2.063204,0.000000,0.008353,0.000000,-0.000475,1.650563
14050.0,0.000000,-0.015879,0.000000,-0.000087,2.063204,0.000000,-0.017457,0.000000,-0.000930,1.650563
14060.0,0.000000,0.015437,0.000000,0.000000,2.063204,0.000000,0.014194,0.000000,-0.002316,1.650563
14070.0,0.000000,-0.005269,0.000000,0.000087,2.063204,0.000000,-0.019239,0.000000,-0.002336,1.650563
14080.0,0.000000,0.004841,0.000000,-0.000846,2.063204,0.000000,0.033682,0.000000,-0.000475,1.650563
14090.0,0.000000,-0.006322,0.000000,-0.000087,2.063204,0.000000,-0.016129,0.000000,-0.000930,1.650563
14100.0,0.000000,0.009374,0.000000,-0.000846,2.063204,0.000000,0.027641,0.000000,-0.000000,1.650563
14110.0,0.000000,-0.023173,0.000000,0.001779,2.063204,0.000000,0.015220,0.000000,-0.000475,1.650563
14120.0,0.000000,0.009098,0.000000,0.000000,2.063204,0.000000,0.001618,0.000000,0.000475,1.650563
14130.0,0.000000,0.010550,0.000000,-0.000087,2.063204,0.000000,-0.005531,0.000000,-0.000930,1.650563
14140.0,0.000000,-0.012899,0.000000,0.000000,2.063204,0.000000,-0.007649,0.000000,0.000475,1.650563
14150.0,0.000000,0.025238,0.000000,0.000000,2.063204,0.000000,-0.016396,0.000000,-0.000000,1.650563
14160.0,0.000000,0.016732,0.000000,0.000087,2.063204,0.000000,-0.002238,0.000000,0.000951,1.650563
14170.0,0.000000,-0.002370,0.000000,0.000087,2.063204,0.000000,0.006296,0.000000,-0.001861,1.650563
14180.0,0.000000,0.008832,0.000000,0.000000,2.063204,0.000000,-0.033989,0.000000,0.000930,1.650563
14190.0,0.000000,-0.002195,0.000000,0.000087,2.063204,0.000000,-0.012606,0.000000,-0.000930,1.650563
14200.0,0.000000,-0.014734,0.000000,0.000000,2.063204,0.000000,0.005922,0.000000,-0.000000,1.650563
14210.0,0.000000,0.011238,0.000000,0.000000,2.063204,0.000000,-0.013492,0.000000,-0.000455,1.650563
14220.0,0.000000,0.008992,0.000000,0.000759,2.063204,0.000000,0.010540,0.000000,-0.000475,1.650563
14230.0,0.000000,-0.009112,0.000000,-0.000846,2.063204,0.000000,-0.008352,0.000000,-0.001406,1.650563
14240.0,0.000000,0.009674,0.000000,-0.000087,2.063204,0.000000,-0.007498,0.000000,-0.000951,1.650563
14250.0,0.000000,-0.024241,0.000000,0.000000,2.063204,0.000000,-0.008328,0.000000,-0.001406,1.650563
14260.0,0.000000,0.004031,0.000000,0.000087,2.063204,0.000000,0.013800,0.000000,-0.000000,1.650563
14270.0,0.000000,-0.006502,0.000000,0.000000,2.063204,0.000000,-0.006551,0.000000,-0.000455,1.650563
14280.0,0.000000,0.009568,0.000000,0.000174,2.063204,0.000000,0.009033,0.000000,-0.000000,1.650563
14290.0,0.000000,0.003754,0.000000,0.001020,2.063204,0.000000,-0.003446,0.000000,-0.000455,1.650563
14300.0,0.000000,0.004968,0.000000,-0.000087,2.063204,0.000000,0.000764,0.000000,0.000930,1.650563
14310.0,0.000000,-0.014375,0.000000,0.000000,2.063204,0.000000,-0.001837,0.000000,0.000475,1.650563
14320.0,0.000000,0.007548,0.000000,0.000000,2.063204,0.000000,0.001902,0.000000,0.000455,1.650563
14330.0,0.000000,0.010816,0.000000,0.000000,2.063204,0.000000,-0.023531,0.000000,-0.000930,1.650563
14340.0,0.000000,-0.007309,0.000000,0.000000,2.063204,0.000000,0.023652,0.000000,0.000930,1.650563
14350.0,0.000000,-0.016158,0.000000,-0.000087,2.063204,0.000000,-0.015390,0.000000,-0.000475,1.650563
14360.0,0.000000,0.003311,0.000000,0.000000,2.063204,0.000000,-0.016563,0.000000,-0.000000,1.650563
14370.0,0.000000,0.012852,0.000000,-0.000846,2.063204,0.000000,-0.009870,0.000000,-0.000930,1.650563
14380.0,0.000000,0.001624,0.000000,0.000000,2.063204,0.000000,0.002150,0.000000,-0.000000,1.650563
14390.0,0.000000,0.007209,0.000000,-0.000087,2.063204,0.000000,-0.008735,0.000000,-0.000930,1.650563
14400.0,0.000000,-0.018365,0.000000,-0.000087,2.063204,0.000000,-0.003355,0.000000,-0.000930,1.650563
14410.0,0.000000,-0.004247,0.000000,0.000000,2.063204,0.000000,0.003276,0.000000,-0.000930,1.650563
14420.0,0.000000,0.025890,0.000000,-0.000087,2.063204,0.000000,-0.004410,0.000000,-0.000000,1.650563
14430.0,0.000000,0.003412,0.000000,-0.000087,2.063204,0.000000,0.007227,0.000000,-0.000455,1.650563
14440.0,0.000000,0.021556,0.000000,0.000000,2.063204,0.000000,0.004750,0.000000,-0.000000,1.650563
14450.0,0.000000,0.009858,0.000000,0.000087,2.063204,0.000000,0.021351,0.000000,-0.000000,1.650563
14460.0,0.000000,0.001952,0.000000,0.000846,2.063204,0.000000,-0.019970,0.000000,-0.000000,1.650563
14470.0,0.000000,-0.000945,0.000000,0.000087,2.063204,0.000000,0.048512,0.000000,0.000455,1.650563
14480.0,0.000000,0.007394,0.000000,0.000933,2.063204,0.000000,-0.018633,0.000000,0.000930,1.650563
14490.0,0.000000,-0.006362,0.000000,0.000000,2.063204,0.000000,-0.004968,0.000000,0.000475,1.650563
14500.0,0.000000,0.008383,0.000000,0.000000,2.063204,0.000000,0.011143,0.000000,0.001406,1.650563
14510.0,0.000000,-0.001008,0.000000,-0.000087,2.063204,0.000000,-0.030275,0.000000,-0.001406,1.650563
14520.0,0.000000,0.006837,0.000000,-0.000087,2.063204,0.000000,-0.015444,0.000000,0.000475,1.650563
14530.0,0.000000,0.009156,0.000000,0.000000,2.063204,0.000000,0.007847,0.000000,-0.000930,1.650563
14540.0,0.000000,-0.013696,0.000000,-0.000087,2.063204,0.000000,-0.005485,0.000000,0.000930,1.650563
14550.0,0.000000,-0.000750,0.000000,0.000846,2.063204,0.000000,-0.016062,0.000000,-0.000475,1.650563
14560.0,0.000000,0.014491,0.000000,0.000846,2.063204,0.000000,0.026959,0.000000,0.000930,1.650563
14570.0,0.000000,-0.002404,0.000000,0.000672,2.063204,0.000000,-0.038835,0.000000,-0.000930,1.650563
14580.0,0.000000,0.024725,0.000000,0.000000,2.063204,0.000000,0.014886,0.000000,0.001406,1.650563
14590.0,0.000000,0.008914,0.000000,0.000846,2.063204,0.000000,-0.041081,0.000000,-0.001881,1.650563
14600.0,0.000000,-0.015166,0.000000,0.000000,2.063204,0.000000,0.001127,0.000000,0.001406,1.650563
14610.0,0.000000,-0.012692,0.000000,-0.000759,2.063204,0.000000,-0.011153,0.000000,-0.001406,1.650563
14620.0,0.000000,0.018710,0.000000,-0.000846,2.063204,0.000000,0.012024,0.000000,-0.000951,1.650563
14630.0,0.000000,-0.021743,0.000000,-0.000933,2.063204,0.000000,-0.006108,0.000000,-0.000930,1.650563
14640.0,0.000000,0.003403,0.000000,0.000000,2.063204,0.000000,-0.007367,0.000000,-0.000000,1.650563
14650.0,0.000000,0.008312,0.000000,0.000000,2.063204,0.000000,-0.024336,0.000000,-0.002811,1.650563
14660.0,0.000000,-0.008915,0.000000,-0.000087,2.063204,0.000000,0.009709,0.000000,-0.000000,1.650563
14670.0,0.000000,-0.023748,0.000000,-0.000759,2.063204,0.000000,-0.000672,0.000000,0.000951,1.650563
14680.0,0.000000,-0.007280,0.000000,0.000000,2.063204,0.000000,0.019718,0.000000,-0.000000,1.650563
14690.0,0.000000,0.024004,0.000000,0.000000,2.063204,0.000000,-0.007128,0.000000,-0.000455,1.650563
14700.0,0.000000,0.004068,0.000000,0.000846,2.063204,0.000000,-0.001912,0.000000,0.000475,1.650563
14710.0,0.000000,-0.013544,0.000000,0.000933,2.063204,0.000000,-0.002798,0.000000,-0.000930,1.650563
14720.0,0.000000,0.007871,0.000000,0.000087,2.063204,0.000000,0.010253,0.000000,-0.000475,1.650563
14730.0,0.000000,0.000968,0.000000,0.000000,2.063204,0.000000,0.000809,0.000000,-0.000000,1.650563
14740.0,0.000000,-0.007984,0.000000,0.000000,2.063204,0.000000,0.009481,0.000000,-0.000000,1.650563
14750.0,0.000000,0.004519,0.000000,0.000000,2.063204,0.000000,0.009652,0.000000,-0.001426,1.650563
14760.0,0.000000,-0.017003,0.000000,0.001605,2.063204,0.000000,-0.019052,0.000000,-0.001861,1.650563
14770.0,0.000000,-0.019459,0.000000,0.000000,2.063204,0.000000,0.018675,0.000000,-0.000000,1.650563
14780.0,0.000000,0.017905,0.000000,-0.000087,2.063204,0.000000,0.001483,0.000000,-0.001386,1.650563
14790.0,0.000000,-0.008210,0.000000,-0.000087,2.063204,0.000000,-0.019508,0.000000,-0.000000,1.650563
14800.0,0.000000,0.020162,0.000000,0.000759,2.063204,0.000000,0.002103,0.000000,-0.003267,1.650563
14810.0,0.000000,-0.018753,0.000000,0.000087,2.063204,0.000000,-0.003990,0.000000,0.000930,1.650563
14820.0,0.000000,-0.007669,0.000000,0.000000,2.063204,0.000000,-0.046135,0.000000,-0.001386,1.650563
14830.0,0.000000,0.008841,0.000000,0.000000,2.063204,0.000000,0.017979,0.000000,-0.000000,1.650563
14840.0,0.000000,0.012974,0.000000,-0.000846,2.063204,0.000000,-0.010433,0.000000,-0.000455,1.650563
14850.0,0.000000,-0.000707,0.000000,-0.000846,2.063204,0.000000,0.013725,0.000000,-0.001426,1.650563
14860.0,0.000000,0.004921,0.000000,0.001779,2.063204,0.000000,-0.023836,0.000000,-0.000930,1.650563
14870.0,0.000000,-0.012026,0.000000,0.000000,2.063204,0.000000,0.013309,0.000000,-0.000000,1.650563
14880.0,0.000000,-0.020603,0.000000,-0.000087,2.063204,0.000000,0.005875,0.000000,-0.001406,1.650563
14890.0,0.000000,0.008393,0.000000,-0.000087,2.063204,0.000000,-0.021394,0.000000,-0.000475,1.650563
14900.0,0.000000,-0.005949,0.000000,0.000759,2.063204,0.000000,-0.005298,0.000000,-0.004177,1.650563
14910.0,0.000000,0.021736,0.000000,0.000000,2.063204,0.000000,-0.007052,0.000000,-0.000930,1.650563
14920.0,0.000000,0.005251,0.000000,0.000000,2.063204,0.000000,-0.006770,0.000000,-0.000000,1.650563
14930.0,0.000000,-0.024357,0.000000,0.000000,2.063204,0.000000,0.001530,0.000000,-0.000000,1.650563
14940.0,0.000000,0.006652,0.000000,0.000000,2.063204,0.000000,-0.022683,0.000000,-0.001861,1.650563
14950.0,0.000000,0.010411,0.000000,0.001605,2.063204,0.000000,-0.005326,0.000000,0.001406,1.650563
14960.0,0.000000,-0.018744,0.000000,-0.000174,2.063204,0.000000,-0.002989,0.000000,-0.000000,1.650563
14970.0,0.000000,-0.007723,0.000000,-0.000759,2.063204,0.000000,0.007809,0.000000,0.000455,1.650563
14980.0,0.000000,-0.004130,0.000000,-0.000933,2.063204,0.000000,-0.010184,0.000000,-0.001406,1.650563
14990.0,0.000000,0.005210,0.000000,-0.000759,2.063204,0.000000,-0.006409,0.000000,0.000475,1.650563
15000.0,0.000000,0.007205,0.000000,-0.000087,2.063204,0.000000,-0.008894,0.000000,-0.001406,1.650563
15010.0,0.000000,0.002514,0.000000,0.000000,2.063204,0.000000,-0.007847,0.000000,-0.000000,1.650563
15020.0,0.000000,-0.020495,0.000000,0.000174,2.063204,0.000000,-0.031127,0.000000,-0.000475,1.650563
15030.0,0.000000,0.000614,0.000000,-0.000087,2.063204,0.000000,0.005493,0.000000,-0.000000,1.650563
15040.0,0.000000,-0.008961,0.000000,0.000000,2.063204,0.000000,-0.011854,0.000000,-0.001406,1.650563
15050.0,0.000000,0.026164,0.000000,0.000000,2.063204,0.000000,-0.012155,0.000000,-0.000000,1.650563
15060.0,0.000000,-0.018457,0.000000,-0.000846,2.063204,0.000000,-0.013205,0.000000,-0.001406,1.650563
15070.0,0.000000,-0.004304,0.000000,0.000000,2.063204,0.000000,-0.000696,0.000000,-0.000000,1.650563
15080.0,0.000000,0.011451,0.000000,-0.000933,2.063204,0.000000,0.008653,0.000000,-0.000455,1.650563
15090.0,0.000000,-0.007577,0.000000,0.000000,2.063204,0.000000,0.009481,0.000000,-0.000000,1.650563
15100.0,0.000000,0.001962,0.000000,0.000000,2.063204,0.000000,0.022866,0.000000,0.000475,1.650563
15110.0,0.000000,0.016473,0.000000,0.000000,2.063204,0.000000,0.001494,0.000000,0.000475,1.650563
15120.0,0.000000,0.003258,0.000000,0.000000,2.063204,0.000000,-0.008867,0.000000,-0.000000,1.650563
15130.0,0.000000,-0.021085,0.000000,0.000759,2.063204,0.000000,0.000618,0.000000,-0.000000,1.650563
15140.0,0.000000,-0.004521,0.000000,-0.000846,2.063204,0.000000,-0.017226,0.000000,-0.000930,1.650563
15150.0,0.000000,0.000773,0.000000,0.000933,2.063204,0.000000,-0.006168,0.000000,0.001406,1.650563
15160.0,0.000000,0.005267,0.000000,-0.000087,2.063204,0.000000,-0.004592,0.000000,-0.000930,1.650563
15170.0,0.000000,0.013604,0.000000,-0.000087,2.063204,0.000000,-0.002435,0.000000,-0.000000,1.650563
15180.0,0.000000,-0.001960,0.000000,0.000846,2.063204,0.000000,-0.004282,0.000000,-0.000475,1.650563
15190.0,0.000000,-0.024759,0.000000,-0.000846,2.063204,0.000000,-0.009117,0.000000,-0.000475,1.650563
15200.0,0.000000,0.002606,0.000000,-0.000087,2.063204,0.000000,-0.023210,0.000000,-0.000930,1.650563
15210.0,0.000000,0.010190,0.000000,0.000846,2.063204,0.000000,-0.031683,0.000000,-0.000930,1.650563
15220.0,0.000000,0.001647,0.000000,-0.000087,2.063204,0.000000,-0.042763,0.000000,-0.000000,1.650563
15230.0,0.000000,-0.003248,0.000000,0.000933,2.063204,0.000000,-0.025734,0.000000,-0.002336,1.650563
15240.0,0.000000,-0.017369,0.000000,0.000000,2.063204,0.000000,-0.003659,0.000000,-0.000930,1.650563
15250.0,0.000000,-0.012694,0.000000,-0.000933,2.063204,0.000000,0.005550,0.000000,-0.002336,1.650563
15260.0,0.000000,0.011718,0.000000,0.000000,2.063204,0.000000,-0.010749,0.000000,-0.000000,1.650563
15270.0,0.000000,0.004499,0.000000,0.000000,2.063204,0.000000,-0.008668,0.000000,-0.000455,1.650563
15280.0,0.000000,-0.016577,0.000000,0.000000,2.063204,0.000000,0.023329,0.000000,-0.000000,1.650563
15290.0,0.000000,-0.000456,0.000000,0.000000,2.063204,0.000000,-0.014922,0.000000,-0.000930,1.650563
15300.0,0.000000,0.003485,0.000000,0.000000,2.063204,0.000000,-0.000732,0.000000,-0.000000,1.650563
15310.0,0.000000,-0.015440,0.000000,-0.000672,2.063204,0.000000,-0.027262,0.000000,-0.000930,1.650563
15320.0,0.000000,0.000537,0.000000,0.000000,2.063204,0.000000,0.018636,0.000000,-0.000000,1.650563
15330.0,0.000000,0.017330,0.000000,-0.000087,2.063204,0.000000,0.014011,0.000000,0.001861,1.650563
15340.0,0.000000,-0.009284,0.000000,0.000000,2.063204,0.000000,-0.017894,0.000000,-0.000000,1.650563
15350.0,0.000000,0.022503,0.000000,0.000000,2.063204,0.000000,-0.011879,0.000000,-0.000455,1.650563
15360.0,0.000000,0.006141,0.000000,0.000000,2.063204,0.000000,-0.000747,0.000000,-0.000000,1.650563
15370.0,0.000000,-0.010249,0.000000,-0.000933,2.063204,0.000000,-0.020399,0.000000,-0.000455,1.650563
15380.0,0.000000,-0.000631,0.000000,0.000846,2.063204,0.000000,-0.007612,0.000000,-0.000000,1.650563
15390.0,0.000000,0.005678,0.000000,0.000000,2.063204,0.000000,-0.007145,0.000000,-0.001386,1.650563
15400.0,0.000000,0.004393,0.000000,-0.000174,2.063204,0.000000,0.000923,0.000000,-0.000000,1.650563
15410.0,0.000000,-0.020888,0.000000,-0.000846,2.063204,0.000000,-0.020340,0.000000,-0.001406,1.650563
15420.0,0.000000,0.022101,0.000000,0.000000,2.063204,0.000000,0.008385,0.000000,-0.000000,1.650563
15430.0,0.000000,0.012117,0.000000,0.000000,2.063204,0.000000,0.018591,0.000000,-0.000930,1.650563
15440.0,0.000000,0.014478,0.000000,0.000000,2.063204,0.000000,0.001625,0.000000,-0.000475,1.650563
15450.0,0.000000,-0.010842,0.000000,0.000846,2.063204,0.000000,-0.002148,0.000000,-0.000930,1.650563
15460.0,0.000000,0.000770,0.000000,0.000000,2.063204,0.000000,-0.014872,0.000000,0.000475,1.650563
15470.0,0.000000,-0.005267,0.000000,-0.000846,2.063204,0.000000,-0.023976,0.000000,-0.000930,1.650563
15480.0,0.000000,-0.000598,0.000000,0.000000,2.063204,0.000000,0.015708,0.000000,-0.000475,1.650563
15490.0,0.000000,0.031634,0.000000,0.000846,2.063204,0.000000,0.010883,0.000000,0.000020,1.650563
15500.0,0.000000,0.023310,0.000000,-0.000846,2.063204,0.000000,0.014615,0.000000,-0.003247,1.650563
15510.0,0.000000,-0.001742,0.000000,0.000000,2.063204,0.000000,-0.021633,0.000000,-0.001861,1.650563
15520.0,0.000000,0.009779,0.000000,0.000000,2.063204,0.000000,0.012100,0.000000,-0.000475,1.650563
15530.0,0.000000,0.001288,0.000000,-0.000846,2.063204,0.000000,-0.003201,0.000000,-0.000000,1.650563
15540.0,0.000000,0.009047,0.000000,-0.000174,2.063204,0.000000,-0.021217,0.000000,0.000475,1.650563
15550.0,0.000000,-0.020094,0.000000,-0.000846,2.063204,0.000000,0.001609,0.000000,-0.000930,1.650563
15560.0,0.000000,-0.001437,0.000000,0.000933,2.063204,0.000000,-0.006990,0.000000,-0.000000,1.650563
15570.0,0.000000,-0.003749,0.000000,-0.000846,2.063204,0.000000,-0.004446,0.000000,-0.000455,1.650563
15580.0,0.000000,0.025926,0.000000,-0.000846,2.063204,0.000000,-0.006676,0.000000,-0.000020,1.650563
15590.0,0.000000,-0.016740,0.000000,0.000087,2.063204,0.000000,-0.004086,0.000000,-0.000930,1.650563
15600.0,0.000000,0.023019,0.000000,0.000000,2.063204,0.000000,0.008140,0.000000,-0.000000,1.650563
15610.0,0.000000,-0.010487,0.000000,0.000000,2.063204,0.000000,-0.026545,0.000000,-0.001881,1.650563
15620.0,0.000000,-0.004139,0.000000,0.000000,2.063204,0.000000,-0.008116,0.000000,0.001406,1.650563
15630.0,0.000000,-0.003999,0.000000,-0.000846,2.063204,0.000000,-0.005965,0.000000,-0.000930,1.650563
15640.0,0.000000,-0.014947,0.000000,0.000846,2.063204,0.000000,0.025309,0.000000,-0.000455,1.650563
15650.0,0.000000,-0.005593,0.000000,-0.000087,2.063204,0.000000,-0.007942,0.000000,-0.000930,1.650563
15660.0,0.000000,-0.022714,0.000000,0.000846,2.063204,0.000000,0.027668,0.000000,-0.000000,1.650563
15670.0,0.000000,0.033850,0.000000,-0.000759,2.063204,0.000000,-0.042407,0.000000,-0.001406,1.650563
15680.0,0.000000,-0.006626,0.000000,-0.000087,2.063204,0.000000,0.004680,0.000000,-0.000000,1.650563
15690.0,0.000000,-0.005953,0.000000,-0.000672,2.063204,0.000000,0.018693,0.000000,-0.000000,1.650563
15700.0,0.000000,-0.022122,0.000000,0.000000,2.063204,0.000000,-0.030064,0.000000,-0.000000,1.650563
15710.0,0.000000,0.012475,0.000000,0.000759,2.063204,0.000000,-0.012336,0.000000,-0.000930,1.650563
15720.0,0.000000,-0.010456,0.000000,0.000759,2.063204,0.000000,0.004988,0.000000,-0.000475,1.650563
15730.0,0.000000,-0.007584,0.000000,0.000846,2.063204,0.000000,-0.008740,0.000000,-0.001861,1.650563
15740.0,0.000000,0.020728,0.000000,0.000174,2.063204,0.000000,0.000989,0.000000,-0.000000,1.650563
15750.0,0.000000,-0.012961,0.000000,-0.000846,2.063204,0.000000,-0.037824,0.000000,-0.002811,1.650563
15760.0,0.000000,-0.000302,0.000000,-0.000087,2.063204,0.000000,0.005096,0.000000,-0.000475,1.650563
15770.0,0.000000,0.002471,0.000000,0.000000,2.063204,0.000000,-0.024799,0.000000,-0.001386,1.650563
15780.0,0.000000,0.004604,0.000000,0.000000,2.063204,0.000000,0.000153,0.000000,-0.001406,1.650563
15790.0,0.000000,0.001654,0.000000,0.000000,2.063204,0.000000,0.017127,0.000000,0.000455,1.650563
15800.0,0.000000,-0.007708,0.000000,0.000000,2.063204,0.000000,-0.015435,0.000000,0.000455,1.650563
15810.0,0.000000,0.015223,0.000000,0.000846,2.063204,0.000000,-0.002845,0.000000,-0.001406,1.650563
15820.0,0.000000,0.010673,0.000000,0.000087,2.063204,0.000000,0.005353,0.000000,0.000475,1.650563
15830.0,0.000000,-0.006348,0.000000,0.000759,2.063204,0.000000,-0.000227,0.000000,0.000475,1.650563
15840.0,0.000000,-0.014795,0.000000,0.000846,2.063204,0.000000,-0.031114,0.000000,-0.001861,1.650563
15850.0,0.000000,0.007405,0.000000,-0.000933,2.063204,0.000000,-0.012595,0.000000,-0.000455,1.650563
15860.0,0.000000,0.006392,0.000000,0.000000,2.063204,0.000000,-0.011266,0.000000,0.000475,1.650563
15870.0,0.000000,0.011052,0.000000,0.000000,2.063204,0.000000,-0.022048,0.000000,-0.001881,1.650563
15880.0,0.000000,-0.024911,0.000000,0.000933,2.063204,0.000000,0.005975,0.000000,-0.000000,1.650563
15890.0,0.000000,-0.018080,0.000000,-0.000174,2.063204,0.000000,0.021921,0.000000,-0.001406,1.650563
15900.0,0.000000,0.029805,0.000000,0.000000,2.063204,0.000000,0.005130,0.000000,-0.001861,1.650563
15910.0,0.000000,-0.006830,0.000000,0.000087,2.063204,0.000000,-0.010010,0.000000,-0.000455,1.650563
15920.0,0.000000,0.006368,0.000000,-0.000174,2.063204,0.000000,0.012647,0.000000,-0.000475,1.650563
15930.0,0.000000,-0.007201,0.000000,0.000000,2.063204,0.000000,-0.027862,0.000000,-0.001861,1.650563
15940.0,0.000000,0.000602,0.000000,-0.000846,2.063204,0.000000,-0.034977,0.000000,-0.000000,1.650563
15950.0,0.000000,0.009868,0.000000,0.000087,2.063204,0.000000,-0.009862,0.000000,0.000020,1.650563
15960.0,0.000000,0.006951,0.000000,-0.000759,2.063204,0.000000,0.016394,0.000000,-0.000000,1.650563
15970.0,0.000000,0.007863,0.000000,0.000000,2.063204,0.000000,-0.023912,0.000000,-0.000475,1.650563
15980.0,0.000000,-0.005220,0.000000,-0.000087,2.063204,0.000000,-0.007879,0.000000,-0.000951,1.650563
15990.0,0.000000,-0.006987,0.000000,0.000000,2.063204,0.000000,-0.004530,0.000000,-0.000930,1.650563
16000.0,0.000000,0.005532,0.000000,0.000000,2.063204,0.000000,-0.022567,0.000000,-0.000000,1.650563
16010.0,0.000000,-0.008729,0.000000,-0.000933,2.063204,0.000000,0.013411,0.000000,-0.000930,1.650563
16020.0,0.000000,-0.007419,0.000000,0.000000,2.063204,0.000000,-0.021427,0.000000,-0.001861,1.650563
16030.0,0.000000,0.003669,0.000000,0.000000,2.063204,0.000000,0.018227,0.000000,-0.002336,1.650563
16040.0,0.000000,0.006017,0.000000,0.000087,2.063204,0.000000,-0.016501,0.000000,-0.000000,1.650563
16050.0,0.000000,0.000362,0.000000,-0.000759,2.063204,0.000000,-0.006488,0.000000,-0.002376,1.650563
16060.0,0.000000,-0.001311,0.000000,0.001692,2.063204,0.000000,-0.002483,0.000000,-0.000455,1.650563
16070.0,0.000000,0.014341,0.000000,0.000846,2.063204,0.000000,0.012105,0.000000,-0.001406,1.650563
16080.0,0.000000,0.013793,0.000000,0.001020,2.063204,0.000000,0.009030,0.000000,-0.000951,1.650563
16090.0,0.000000,-0.007870,0.000000,-0.000933,2.063204,0.000000,0.019363,0.000000,-0.001406,1.650563
16100.0,0.000000,0.008390,0.000000,0.000000,2.063204,0.000000,-0.013729,0.000000,-0.000930,1.650563
16110.0,0.000000,0.002293,0.000000,-0.000087,2.063204,0.000000,-0.001969,0.000000,0.000455,1.650563
16120.0,0.000000,0.006654,0.000000,0.000087,2.063204,0.000000,-0.002810,0.000000,-0.000000,1.650563
16130.0,0.000000,-0.008017,0.000000,0.000000,2.063204,0.000000,0.012679,0.000000,-0.000930,1.650563
16140.0,0.000000,0.014270,0.000000,0.000000,2.063204,0.000000,0.030715,0.000000,-0.000000,1.650563
16150.0,0.000000,-0.010894,0.000000,-0.000174,2.063204,0.000000,-0.001458,0.000000,0.000455,1.650563
16160.0,0.000000,-0.017664,0.000000,0.000846,2.063204,0.000000,-0.021652,0.000000,-0.000930,1.650563
16170.0,0.000000,-0.003275,0.000000,0.000000,2.063204,0.000000,0.003473,0.000000,-0.000000,1.650563
16180.0,0.000000,-0.009075,0.000000,0.000087,2.063204,0.000000,-0.019150,0.000000,-0.001386,1.650563
16190.0,0.000000,-0.004407,0.000000,0.000087,2.063204,0.000000,-0.002100,0.000000,-0.000000,1.650563
16200.0,0.000000,0.007716,0.000000,-0.000087,2.063204,0.000000,-0.020291,0.000000,-0.001406,1.650563
16210.0,0.000000,-0.005776,0.000000,0.000933,2.063204,0.000000,0.018049,0.000000,0.000930,1.650563
16220.0,0.000000,-0.005545,0.000000,0.000759,2.063204,0.000000,-0.027721,0.000000,-0.000930,1.650563
16230.0,0.000000,0.002660,0.000000,0.000000,2.063204,0.000000,0.007938,0.000000,0.000455,1.650563
16240.0,0.000000,-0.007873,0.000000,0.000846,2.063204,0.000000,-0.001821,0.000000,-0.000475,1.650563
16250.0,0.000000,0.002970,0.000000,0.000000,2.063204,0.000000,0.002232,0.000000,0.000455,1.650563
16260.0,0.000000,0.005376,0.000000,0.000000,2.063204,0.000000,-0.010925,0.000000,0.000455,1.650563
16270.0,0.000000,-0.016471,0.000000,0.000000,2.063204,0.000000,-0.032452,0.000000,-0.000000,1.650563
16280.0,0.000000,-0.018912,0.000000,-0.000087,2.063204,0.000000,-0.014915,0.000000,-0.001881,1.650563
16290.0,0.000000,0.024525,0.000000,-0.000846,2.063204,0.000000,0.033164,0.000000,0.001406,1.650563
16300.0,0.000000,-0.006162,0.000000,0.000000,2.063204,0.000000,0.007706,0.000000,0.000930,1.650563
16310.0,0.000000,-0.001082,0.000000,-0.000087,2.063204,0.000000,0.013507,0.000000,-0.000000,1.650563
16320.0,0.000000,-0.008892,0.000000,0.000846,2.063204,0.000000,-0.029682,0.000000,-0.001406,1.650563
16330.0,0.000000,-0.001409,0.000000,0.000000,2.063204,0.000000,-0.003647,0.000000,-0.000000,1.650563
16340.0,0.000000,0.004802,0.000000,0.000000,2.063204,0.000000,-0.020432,0.000000,-0.000930,1.650563
16350.0,0.000000,-0.000201,0.000000,0.000000,2.063204,0.000000,0.017453,0.000000,0.000930,1.650563
16360.0,0.000000,-0.003233,0.000000,0.000174,2.063204,0.000000,-0.019623,0.000000,-0.000455,1.650563
16370.0,0.000000,0.011739,0.000000,0.000087,2.063204,0.000000,0.002789,0.000000,0.000475,1.650563
16380.0,0.000000,-0.022081,0.000000,-0.000759,2.063204,0.000000,0.000032,0.000000,-0.001406,1.650563
16390.0,0.000000,0.010957,0.000000,0.000000,2.063204,0.000000,-0.000308,0.000000,-0.000000,1.650563
16400.0,0.000000,0.008835,0.000000,0.000000,2.063204,0.000000,-0.019952,0.000000,-0.001406,1.650563
16410.0,0.000000,-0.001939,0.000000,-0.000087,2.063204,0.000000,-0.010179,0.000000,-0.000000,1.650563
16420.0,0.000000,-0.008289,0.000000,0.000933,2.063204,0.000000,-0.007983,0.000000,-0.000930,1.650563
16430.0,0.000000,-0.002985,0.000000,0.000000,2.063204,0.000000,-0.012453,0.000000,-0.000000,1.650563
16440.0,0.000000,0.012688,0.000000,-0.000087,2.063204,0.000000,-0.018713,0.000000,-0.002336,1.650563
16450.0,0.000000,0.003187,0.000000,0.000759,2.063204,0.000000,0.011556,0.000000,-0.000000,1.650563
16460.0,0.000000,0.017303,0.000000,-0.000087,2.063204,0.000000,-0.012365,0.000000,-0.000000,1.650563
16470.0,0.000000,-0.006821,0.000000,0.000000,2.063204,0.000000,0.014250,0.000000,-0.000930,1.650563
16480.0,0.000000,-0.018847,0.000000,0.000000,2.063204,0.000000,0.014682,0.000000,-0.000930,1.650563
16490.0,0.000000,0.027452,0.000000,0.000000,2.063204,0.000000,-0.024496,0.000000,-0.000000,1.650563
16500.0,0.000000,-0.008507,0.000000,0.000087,2.063204,0.000000,0.011777,0.000000,-0.000000,1.650563
16510.0,0.000000,-0.001251,0.000000,-0.000087,2.063204,0.000000,0.025319,0.000000,-0.000475,1.650563
16520.0,0.000000,-0.009289,0.000000,0.000933,2.063204,0.000000,-0.038848,0.000000,-0.001386,1.650563
16530.0,0.000000,0.010178,0.000000,0.000000,2.063204,0.000000,0.034850,0.000000,-0.000475,1.650563
16540.0,0.000000,-0.024044,0.000000,-0.000759,2.063204,0.000000,0.012348,0.000000,-0.000000,1.650563
16550.0,0.000000,0.009813,0.000000,0.000759,2.063204,0.000000,-0.011085,0.000000,0.000930,1.650563
16560.0,0.000000,-0.014027,0.000000,0.000174,2.063204,0.000000,-0.017252,0.000000,-0.000930,1.650563
16570.0,0.000000,-0.017798,0.000000,0.000933,2.063204,0.000000,-0.013136,0.000000,-0.000455,1.650563
16580.0,0.000000,0.024701,0.000000,0.000759,2.063204,0.000000,-0.013654,0.000000,-0.000455,1.650563
16590.0,0.000000,-0.004315,0.000000,-0.000846,2.063204,0.000000,0.002958,0.000000,0.000475,1.650563
16600.0,0.000000,0.020431,0.000000,-0.000087,2.063204,0.000000,-0.027274,0.000000,-0.000930,1.650563
16610.0,0.000000,0.012784,0.000000,-0.000846,2.063204,0.000000,-0.002214,0.000000,-0.000000,1.650563
16620.0,0.000000,-0.009965,0.000000,-0.000846,2.063204,0.000000,0.000730,0.000000,-0.001406,1.650563
16630.0,0.000000,-0.001487,0.000000,0.000087,2.063204,0.000000,-0.012702,0.000000,0.000475,1.650563
16640.0,0.000000,0.003245,0.000000,-0.000846,2.063204,0.000000,0.003475,0.000000,-0.000930,1.650563
16650.0,0.000000,0.005776,0.000000,-0.000846,2.063204,0.000000,-0.005022,0.000000,-0.000000,1.650563
16660.0,0.000000,0.007230,0.000000,0.000000,2.063204,0.000000,0.004170,0.000000,-0.001406,1.650563
16670.0,0.000000,-0.006627,0.000000,0.000000,2.063204,0.000000,-0.011311,0.000000,0.000455,1.650563
16680.0,0.000000,0.005400,0.000000,-0.000087,2.063204,0.000000,-0.010560,0.000000,-0.001406,1.650563
16690.0,0.000000,-0.013268,0.000000,0.000000,2.063204,0.000000,-0.014639,0.000000,-0.000930,1.650563
16700.0,0.000000,0.004529,0.000000,0.000759,2.063204,0.000000,-0.016306,0.000000,-0.000930,1.650563
16710.0,0.000000,0.006191,0.000000,-0.000759,2.063204,0.000000,-0.015086,0.000000,0.000475,1.650563
16720.0,0.000000,-0.014644,0.000000,-0.000087,2.063204,0.000000,0.026660,0.000000,-0.000930,1.650563
16730.0,0.000000,0.007774,0.000000,-0.000087,2.063204,0.000000,-0.004193,0.000000,-0.000930,1.650563
16740.0,0.000000,-0.008669,0.000000,-0.000087,2.063204,0.000000,-0.009763,0.000000,-0.001861,1.650563
16750.0,0.000000,0.003295,0.000000,0.000000,2.063204,0.000000,0.018922,0.000000,-0.001406,1.650563
16760.0,0.000000,-0.004140,0.000000,-0.000087,2.063204,0.000000,-0.042281,0.000000,-0.001406,1.650563
16770.0,0.000000,0.023175,0.000000,0.000000,2.063204,0.000000,0.025832,0.000000,0.000475,1.650563
16780.0,0.000000,-0.011648,0.000000,-0.000087,2.063204,0.000000,-0.020665,0.000000,-0.002336,1.650563
16790.0,0.000000,-0.012692,0.000000,-0.000087,2.063204,0.000000,-0.003226,0.000000,0.000475,1.650563
16800.0,0.000000,0.004908,0.000000,0.000000,2.063204,0.000000,-0.044011,0.000000,-0.003267,1.650563
16810.0,0.000000,-0.035002,0.000000,0.000000,2.063204,0.000000,0.016906,0.000000,0.000475,1.650563
16820.0,0.000000,0.017881,0.000000,0.000000,2.063204,0.000000,-0.037124,0.000000,-0.000930,1.650563
16830.0,0.000000,0.006659,0.000000,0.000000,2.063204,0.000000,0.007550,0.000000,-0.000000,1.650563
16840.0,0.000000,-0.008578,0.000000,0.000000,2.063204,0.000000,0.005561,0.000000,-0.000455,1.650563
16850.0,0.000000,0.014017,0.000000,-0.000846,2.063204,0.000000,0.014610,0.000000,-0.000000,1.650563
16860.0,0.000000,-0.016348,0.000000,0.000000,2.063204,0.000000,0.002057,0.000000,-0.000930,1.650563
16870.0,0.000000,-0.000152,0.000000,-0.000933,2.063204,0.000000,-0.018885,0.000000,0.000455,1.650563
16880.0,0.000000,-0.003325,0.000000,0.000846,2.063204,0.000000,-0.016032,0.000000,-0.000455,1.650563
16890.0,0.000000,0.006389,0.000000,0.000000,2.063204,0.000000,0.014738,0.000000,-0.000000,1.650563
16900.0,10.014367,1.034315,0.136100,0.129504,2.063204,0.000000,-0.012860,0.000000,-0.000475,1.650563
16910.0,60.014366,40.112690,0.318760,0.317169,2.042112,0.000000,0.026081,0.000000,-0.000951,1.650563
16920.0,100.000000,90.456055,0.183423,0.222601,1.969248,0.000000,1.350834,0.000000,-0.001381,1.651330
16930.0,100.000000,100.600586,0.032201,0.032193,1.868389,0.000000,-0.343019,0.000000,-0.000000,1.651330
16940.0,100.000000,101.767387,0.014323,0.020966,1.759476,0.000000,-2.359093,0.000000,-0.000000,1.649796
16950.0,100.000000,100.148193,0.037728,0.037533,1.657466,0.000000,0.649396,0.000000,-0.001400,1.649029
16960.0,100.000000,102.538643,0.001025,0.001700,1.538583,0.000000,0.597862,0.000000,-0.000469,1.649413
16970.0,100.000000,103.366730,-0.014544,-0.014063,1.409728,0.000000,3.051696,0.000000,-0.000000,1.653248
16980.0,100.000000,101.455231,0.012043,0.012049,1.293529,0.000000,-0.259887,0.000000,0.001426,1.654398
16990.0,100.000000,100.653633,0.022166,0.021456,1.186918,0.000000,0.022800,0.000000,-0.000000,1.654015
17000.0,100.000000,101.517036,0.008764,0.009299,1.081457,0.000000,-3.574969,0.000000,0.000475,1.650563
17010.0,100.000000,101.539955,0.007189,0.007386,0.975612,0.000000,-2.017083,0.000000,-0.000460,1.647879
17020.0,100.000000,102.049332,-0.002008,-0.000856,0.869000,0.000000,-0.188034,0.000000,0.000930,1.647112
17030.0,100.000000,101.342751,0.007615,0.008876,0.763539,0.000000,1.124431,0.000000,-0.000460,1.647879
17040.0,100.000000,101.752007,-0.000637,-0.001204,0.656927,0.000000,2.618420,0.000000,0.000930,1.650180
17050.0,100.000000,100.020317,0.025523,0.025786,0.552233,0.000000,-0.495949,0.000000,-0.000000,1.651714
17060.0,100.000000,99.753296,0.029528,0.031376,0.447539,0.000000,-0.355961,0.000000,-0.000968,1.652097
17070.0,100.000000,100.972923,0.010399,0.009271,0.341694,0.000000,-0.676702,0.000000,-0.000930,1.651714
17080.0,100.000000,100.955750,0.009605,0.009826,0.235850,0.000000,-1.702710,0.000000,-0.000000,1.650180
17090.0,100.000000,101.772064,-0.004811,-0.005640,0.128854,0.000000,-0.436356,0.000000,-0.000467,1.649029
17100.0,100.000000,98.920982,0.038658,0.039554,0.025311,0.000000,0.101092,0.000000,0.001397,1.649029
17110.0,100.000000,99.972137,0.023562,0.024810,6.204569,0.000000,0.716509,0.000000,0.000931,1.649413
17120.0,100.000000,100.243759,0.019546,0.020269,6.099491,0.000000,0.393085,0.000000,-0.000000,1.650180
17130.0,100.000000,102.280571,-0.012437,-0.011862,5.992879,0.000000,-0.255186,0.000000,0.001406,1.650563
17140.0,100.000000,100.887596,0.006649,0.004852,5.886652,0.000000,0.016153,0.000000,0.000930,1.650563
17150.0,100.000000,98.039398,0.050350,0.049997,5.783875,0.000000,-0.009159,0.000000,-0.000475,1.650563
17160.0,100.000000,101.115089,0.004954,0.004646,5.679181,0.000000,-0.417644,0.000000,-0.000000,1.650180
17170.0,100.000000,101.477119,-0.000738,-0.000511,5.573720,0.000000,0.049871,0.000000,0.000930,1.650180
17180.0,100.000000,100.316673,0.015225,0.014762,5.467491,0.000000,-0.006867,0.000000,0.000930,1.650180
17190.0,100.000000,99.147560,0.032038,0.031985,5.363181,0.000000,-0.004974,0.000000,0.000930,1.650180
17200.0,100.000000,98.104218,0.049955,0.051203,5.260787,0.000000,0.006227,0.000000,0.000457,1.650180
17210.0,100.000000,98.745888,0.042010,0.042684,5.157244,0.000000,-0.019996,0.000000,-0.000000,1.650180
17220.0,100.000000,101.541122,-0.000905,-0.000972,5.051015,0.000000,0.019519,0.000000,-0.000000,1.650180
17230.0,100.000000,101.785301,-0.005627,-0.005520,4.945554,0.000000,0.001656,0.000000,-0.001419,1.650180
17240.0,100.000000,99.452400,0.028836,0.026818,4.840860,0.000000,-0.011133,0.000000,-0.001861,1.650180
17250.0,100.000000,98.923340,0.037829,0.037901,4.736933,0.000000,0.003198,0.000000,0.001404,1.650180
17260.0,100.000000,99.757927,0.025442,0.025677,4.632238,0.000000,-0.015754,0.000000,0.001404,1.650180
17270.0,100.000000,100.793037,0.008955,0.009288,4.526777,0.000000,0.009296,0.000000,-0.000000,1.650180
17280.0,100.000000,99.555702,0.027035,0.024596,4.422467,0.000000,0.029350,0.000000,0.000930,1.650180
17290.0,100.000000,100.053963,0.019364,0.018971,4.316622,0.000000,0.006481,0.000000,-0.000000,1.650180
17300.0,100.000000,99.473572,0.028662,0.027957,4.213462,0.000000,0.014781,0.000000,-0.000000,1.650180
17310.0,100.000000,100.843163,0.007786,0.009398,4.108001,0.000000,-0.003304,0.000000,0.000930,1.650180
17320.0,100.000000,100.281662,0.015228,0.014535,4.002540,0.000000,0.004854,0.000000,-0.001419,1.650180
17330.0,100.000000,101.758263,-0.007551,-0.006688,3.895928,0.000000,-0.026192,0.000000,0.001404,1.650180
17340.0,100.000000,100.457901,0.010859,0.010361,3.791234,0.000000,-0.024386,0.000000,0.000930,1.650180
17350.0,100.000000,99.686760,0.023261,0.023411,3.686156,0.000000,-0.012848,0.000000,0.000473,1.650180
17360.0,100.000000,98.486275,0.042048,0.044021,3.583763,0.000000,-0.005678,0.000000,-0.000930,1.650180
17370.0,100.000000,100.043365,0.018935,0.018668,3.478302,0.000000,-0.017294,0.000000,0.001404,1.650180
17380.0,100.000000,101.308800,-0.000038,0.000868,3.372840,0.000000,-0.004695,0.000000,0.000930,1.650180
17390.0,100.000000,101.014732,0.002845,0.003191,3.266996,0.000000,-0.009830,0.000000,-0.001404,1.650180
17400.0,100.000000,99.723106,0.023091,0.024245,3.163452,0.000000,-0.008737,0.000000,0.001404,1.650180
17410.0,100.000000,99.425789,0.028235,0.029048,3.059141,0.000000,0.014042,0.000000,0.000930,1.650180
17420.0,100.000000,100.995781,0.004148,0.004048,2.953680,0.000000,0.000105,0.000000,0.000930,1.650180
17430.0,100.000000,102.441841,-0.018963,-0.018286,2.847068,0.000000,-0.019084,0.000000,0.000473,1.650180
17440.0,100.000000,99.390114,0.025381,0.024057,2.741991,0.000000,-0.010490,0.000000,-0.000000,1.650180
17450.0,100.000000,98.008423,0.047835,0.047656,2.639214,0.000000,0.033067,0.000000,-0.000000,1.650180
17460.0,100.000000,99.698120,0.023812,0.023239,2.535670,0.000000,0.000753,0.000000,-0.000000,1.650180
17470.0,100.000000,100.784622,0.007503,0.008366,2.430209,0.000000,-0.004276,0.000000,-0.000000,1.650180
17480.0,100.000000,100.824524,0.005493,0.005949,2.323981,0.000000,-0.014951,0.000000,-0.000000,1.650180
17490.0,100.000000,98.617958,0.037557,0.038093,2.218903,0.000000,-0.004566,0.000000,0.002334,1.650180
17500.0,100.000000,98.827240,0.036202,0.038182,2.116127,0.000000,-0.035681,0.000000,-0.000489,1.650180
17510.0,100.000000,98.829529,0.036996,0.036901,2.011816,0.000000,-0.018055,0.000000,0.000473,1.650180
17520.0,100.000000,102.073563,-0.012587,-0.012096,1.905971,0.000000,-0.020653,0.000000,0.000930,1.650180
17530.0,100.000000,99.627800,0.023532,0.021316,1.801277,0.000000,-0.024913,0.000000,-0.000930,1.650180
17540.0,100.000000,99.180626,0.030190,0.029829,1.696966,0.000000,-0.036558,0.000000,0.000930,1.650180
17550.0,100.000000,98.455009,0.043029,0.043603,1.593423,0.000000,0.018869,0.000000,0.000930,1.650180
17560.0,100.000000,101.613647,-0.005023,-0.005392,1.487578,0.000000,-0.011502,0.000000,-0.000000,1.650180
17570.0,100.000000,100.928429,0.004469,0.005578,1.382500,0.000000,-0.011205,0.000000,-0.000473,1.650180
17580.0,100.000000,100.964653,0.002935,0.004050,1.276272,0.000000,0.002776,0.000000,-0.000930,1.650180
17590.0,100.000000,100.718422,0.005547,0.004794,1.170811,0.000000,-0.010341,0.000000,-0.000000,1.650180
17600.0,100.000000,100.252869,0.012965,0.013626,1.066500,0.000000,-0.024624,0.000000,0.000930,1.650180
17610.0,100.000000,100.622772,0.006898,0.007879,0.961423,0.000000,-0.011124,0.000000,-0.000000,1.650180
17620.0,100.000000,100.719177,0.005385,0.006502,0.856345,0.000000,-0.008019,0.000000,0.000930,1.650180
17630.0,100.000000,100.216614,0.012445,0.011878,0.751267,0.000000,0.000721,0.000000,-0.001419,1.650180
17640.0,100.000000,100.061333,0.014241,0.012562,0.646189,0.000000,0.000218,0.000000,-0.000930,1.650180
17650.0,100.000000,99.689995,0.020361,0.020115,0.541879,0.000000,-0.010367,0.000000,-0.000473,1.650180
17660.0,100.000000,99.788116,0.019331,0.019892,0.437568,0.000000,-0.016736,0.000000,0.000930,1.650180
17670.0,100.000000,99.974457,0.016565,0.016745,0.332874,0.000000,-0.018035,0.000000,0.000457,1.650180
17680.0,100.000000,100.799118,0.003363,0.003340,0.226646,0.000000,-0.000485,0.000000,0.000473,1.650180
17690.0,100.000000,100.995171,-0.001078,-0.000748,0.121184,0.000000,-0.003786,0.000000,0.001404,1.650180
17700.0,100.000000,98.742020,0.034197,0.034049,0.018408,0.000000,-0.020278,0.000000,0.000930,1.650180
17710.0,100.000000,99.588692,0.022705,0.023485,6.198050,0.000000,-0.011970,0.000000,-0.000000,1.650180
17720.0,100.000000,99.663170,0.021781,0.020939,6.094122,0.000000,-0.004269,0.000000,-0.000000,1.650180
17730.0,100.000000,101.742821,-0.010123,-0.008838,5.987894,0.000000,-0.033764,0.000000,0.000930,1.650180
17740.0,100.000000,100.556892,0.005888,0.006102,5.882433,0.000000,-0.001992,0.000000,-0.000000,1.650180
17750.0,100.000000,98.490273,0.038788,0.040389,5.779656,0.000000,-0.017844,0.000000,0.001404,1.650180
17760.0,100.000000,100.416389,0.010679,0.011395,5.674579,0.000000,-0.000285,0.000000,0.000473,1.650180
17770.0,100.000000,101.549782,-0.006429,-0.005580,5.570268,0.000000,-0.030273,0.000000,-0.000473,1.650180
17780.0,100.000000,100.575760,0.007289,0.006508,5.463273,0.000000,-0.008445,0.000000,-0.001419,1.650180
17790.0,100.000000,98.167000,0.043109,0.042401,5.360496,0.000000,0.000265,0.000000,0.001404,1.650180
17800.0,100.000000,97.104218,0.061493,0.061082,5.257336,0.000000,-0.030360,0.000000,-0.001419,1.650180
17810.0,100.000000,99.174034,0.032210,0.032642,5.153792,0.000000,0.004524,0.000000,-0.000489,1.650180
17820.0,100.000000,101.861214,-0.008738,-0.008091,5.047947,0.000000,-0.033190,0.000000,-0.000000,1.650180
17830.0,100.000000,100.990601,0.003448,0.002754,4.942870,0.000000,-0.005318,0.000000,0.000930,1.650180
17840.0,100.000000,99.513397,0.025022,0.024639,4.838176,0.000000,-0.015910,0.000000,-0.000457,1.650180
17850.0,100.000000,99.457672,0.027279,0.027458,4.734248,0.000000,0.005500,0.000000,-0.000000,1.650180
17860.0,100.000000,99.716026,0.023385,0.023479,4.629938,0.000000,-0.007236,0.000000,0.000457,1.650180
17870.0,100.000000,100.959984,0.004356,0.002365,4.524477,0.000000,-0.002557,0.000000,-0.001404,1.650180
17880.0,100.000000,99.257492,0.029879,0.029380,4.419399,0.000000,0.008406,0.000000,0.000930,1.650180
17890.0,100.000000,100.042282,0.017331,0.017080,4.314321,0.000000,-0.006264,0.000000,-0.000473,1.650180
17900.0,100.000000,100.588120,0.010017,0.010314,4.210394,0.000000,0.004804,0.000000,-0.000000,1.650180
17910.0,100.000000,100.133987,0.016647,0.015873,4.105316,0.000000,-0.017500,0.000000,-0.000000,1.650180
17920.0,100.000000,100.103012,0.016291,0.016963,3.999855,0.000000,-0.000592,0.000000,0.000930,1.650180
17930.0,100.000000,101.874062,-0.010781,-0.010360,3.894394,0.000000,0.024158,0.000000,0.001404,1.650180
17940.0,100.000000,100.808014,0.004087,0.004257,3.788933,0.000000,-0.031858,0.000000,0.000473,1.650180
17950.0,100.000000,100.771667,0.005236,0.005597,3.684622,0.000000,-0.007594,0.000000,0.001404,1.650180
17960.0,100.000000,98.449615,0.041427,0.040907,3.581462,0.000000,-0.002861,0.000000,0.000930,1.650180
17970.0,100.000000,99.473969,0.026179,0.026609,3.477151,0.000000,0.007602,0.000000,0.000457,1.650180
17980.0,100.000000,100.442055,0.011905,0.011434,3.372073,0.000000,0.004831,0.000000,0.000930,1.650180
17990.0,100.000000,100.846146,0.004387,0.003191,3.265845,0.000000,0.037489,0.000000,0.000930,1.650180
18000.0,100.000000,99.243843,0.029382,0.030438,3.162685,0.000000,-0.043732,0.000000,0.000473,1.650180
18010.0,100.000000,99.688232,0.023518,0.024139,3.058374,0.000000,-0.013692,0.000000,0.000930,1.650180
18020.0,100.000000,101.495888,-0.004192,-0.004080,2.952913,0.000000,0.903949,0.000000,0.001881,1.650563
18030.0,100.000000,102.307991,-0.017653,-0.016456,2.846301,0.000000,-0.183827,0.000000,-0.000495,1.650563
18040.0,100.000000,100.433929,0.009081,0.009433,2.740840,0.000000,0.032424,0.000000,0.000930,1.650563
18050.0,100.000000,97.289124,0.057679,0.055698,2.638447,0.000000,-0.028077,0.000000,0.000930,1.650563
18060.0,100.000000,100.161697,0.015962,0.016766,2.534136,0.000000,0.002563,0.000000,-0.000475,1.650563
18070.0,100.000000,100.359474,0.013169,0.013515,2.429059,0.000000,-0.014156,0.000000,-0.000000,1.650563
18080.0,100.000000,100.179565,0.014687,0.015810,2.323597,0.000000,-0.054650,0.000000,0.001406,1.650563
18090.0,100.000000,98.580711,0.037853,0.035892,2.218903,0.000000,0.256217,0.000000,0.000930,1.650180
18100.0,100.000000,98.040321,0.047505,0.047051,2.115743,0.000000,-0.061259,0.000000,-0.000000,1.650180
18110.0,100.000000,99.090836,0.032434,0.033303,2.011049,0.000000,0.003387,0.000000,-0.000930,1.650180
18120.0,100.000000,101.407707,-0.003096,-0.003221,1.905204,0.000000,-0.022858,0.000000,-0.001861,1.650563
18130.0,100.000000,99.031799,0.031859,0.031084,1.801661,0.000000,0.021639,0.000000,0.000455,1.650563
18140.0,100.000000,98.610748,0.038654,0.038348,1.696583,0.000000,-0.014282,0.000000,0.000475,1.650563
18150.0,100.000000,98.547363,0.041320,0.041116,1.593806,0.000000,0.149250,0.000000,0.001404,1.650180
18160.0,100.000000,101.332512,-0.001125,-0.000660,1.488345,0.000000,-0.020092,0.000000,-0.000000,1.650180
18170.0,100.000000,100.397575,0.012076,0.011226,1.382884,0.000000,-0.004765,0.000000,-0.000016,1.650180
18180.0,100.000000,100.788956,0.005421,0.004923,1.275889,0.000000,0.012548,0.000000,-0.000473,1.650180
18190.0,100.000000,101.178238,-0.001790,-0.000860,1.171194,0.000000,-0.018975,0.000000,0.000930,1.650180
18200.0,100.000000,101.008377,0.001082,0.000928,1.065733,0.000000,-0.027158,0.000000,-0.001404,1.650180
18210.0,100.000000,100.620941,0.006654,0.005543,0.961806,0.000000,0.013131,0.000000,0.000473,1.650180
18220.0,100.000000,100.024757,0.015565,0.014502,0.855961,0.000000,-0.027886,0.000000,0.000016,1.650180
18230.0,100.000000,100.953163,0.001254,0.000606,0.750500,0.000000,-0.004253,0.000000,-0.000000,1.650180
18240.0,100.000000,100.058151,0.014063,0.012570,0.645422,0.000000,0.007761,0.000000,-0.000000,1.650180
18250.0,100.000000,98.893990,0.032130,0.031586,0.541495,0.000000,-0.001254,0.000000,0.000930,1.650180
18260.0,100.000000,98.916534,0.032163,0.031513,0.437185,0.000000,-0.028994,0.000000,-0.000000,1.650180
18270.0,100.000000,99.952187,0.016414,0.015813,0.332107,0.000000,-0.011183,0.000000,-0.000473,1.650180
18280.0,100.000000,100.367058,0.009745,0.009847,0.226646,0.000000,0.000511,0.000000,-0.000930,1.650180
18290.0,100.000000,100.285385,0.009341,0.008966,0.120801,0.000000,-0.001641,0.000000,0.000930,1.650180
18300.0,100.000000,98.123253,0.043182,0.043314,0.017641,0.000000,0.007788,0.000000,-0.000930,1.650180
18310.0,100.000000,99.465912,0.024138,0.023485,6.197283,0.000000,-0.004057,0.000000,0.000930,1.650180
18320.0,100.000000,100.150421,0.014546,0.015318,6.092588,0.000000,-0.011239,0.000000,0.000457,1.650180
18330.0,100.000000,101.628960,-0.008763,-0.008836,5.986743,0.000000,0.004777,0.000000,0.001404,1.650180
18340.0,100.000000,100.260818,0.010240,0.010353,5.880899,0.000000,-0.009880,0.000000,-0.000000,1.650180
18350.0,100.000000,99.791168,0.018936,0.020265,5.777739,0.000000,-0.006159,0.000000,-0.001861,1.650180
18360.0,100.000000,99.462936,0.025089,0.026815,5.674195,0.000000,0.013052,0.000000,0.000473,1.650180
18370.0,100.000000,100.957947,0.002205,0.002350,5.568734,0.000000,0.014549,0.000000,-0.000000,1.650180
18380.0,100.000000,100.650856,0.006202,0.006685,5.462889,0.000000,-0.004626,0.000000,-0.000930,1.650180
18390.0,100.000000,97.918945,0.046801,0.047190,5.359345,0.000000,0.002332,0.000000,0.001404,1.650180
18400.0,100.000000,97.240646,0.059256,0.058296,5.256952,0.000000,-0.033545,0.000000,-0.000000,1.650180
18410.0,100.000000,99.426941,0.027998,0.029051,5.153025,0.000000,-0.008438,0.000000,0.000930,1.650180
18420.0,100.000000,100.854774,0.006235,0.005696,5.047947,0.000000,0.161760,0.000000,0.000930,1.650563
18430.0,100.000000,101.163940,0.000894,0.001508,4.942486,0.000000,-0.018951,0.000000,0.001406,1.650563
18440.0,100.000000,98.991325,0.032829,0.032003,4.837792,0.000000,-0.003907,0.000000,-0.000495,1.650563
18450.0,100.000000,99.943466,0.019822,0.021023,4.733481,0.000000,0.006951,0.000000,0.000455,1.650563
18460.0,100.000000,100.294693,0.015030,0.015637,4.629554,0.000000,-0.014242,0.000000,-0.000930,1.650563
18470.0,100.000000,100.777245,0.007077,0.007010,4.524093,0.000000,-0.007285,0.000000,0.000930,1.650563
18480.0,100.000000,100.002602,0.018662,0.018818,4.419015,0.000000,-0.023004,0.000000,-0.000000,1.650563
18490.0,100.000000,100.217224,0.014660,0.012889,4.313938,0.000000,0.015130,0.000000,0.000930,1.650563
18500.0,100.000000,100.042358,0.018424,0.019088,4.210011,0.000000,-0.030860,0.000000,-0.000000,1.650563
18510.0,100.000000,100.213928,0.015420,0.013419,4.104933,0.000000,-0.022947,0.000000,-0.000475,1.650563
18520.0,100.000000,100.320053,0.013230,0.012886,3.999471,0.000000,0.002682,0.000000,0.001406,1.650563
18530.0,100.000000,101.627037,-0.007065,-0.006096,3.893627,0.000000,-0.001600,0.000000,-0.000475,1.650563
18540.0,100.000000,100.761101,0.004935,0.005537,3.788549,0.000000,-0.007661,0.000000,-0.001406,1.650563
18550.0,100.000000,99.798172,0.020048,0.021031,3.684238,0.000000,0.008766,0.000000,-0.000930,1.650563
18560.0,100.000000,98.085983,0.046705,0.047156,3.581078,0.000000,-0.024717,0.000000,0.000930,1.650563
18570.0,100.000000,100.014305,0.018408,0.019092,3.476384,0.000000,0.009837,0.000000,0.001406,1.650563
18580.0,100.000000,100.113358,0.016876,0.017071,3.371690,0.000000,0.010879,0.000000,-0.000000,1.650563
18590.0,100.000000,100.588898,0.008361,0.008109,3.265462,0.000000,-0.001638,0.000000,0.000930,1.650563
18600.0,100.000000,100.426025,0.011347,0.012588,3.161535,0.000000,-0.000336,0.000000,-0.000000,1.650563
18610.0,100.000000,98.703918,0.038229,0.037555,3.058374,0.000000,-0.005236,0.000000,0.000455,1.650563
18620.0,100.000000,100.791641,0.006496,0.007265,2.952530,0.000000,-0.020204,0.000000,0.001406,1.650563
18630.0,100.000000,101.537628,-0.005872,-0.005179,2.846301,0.000000,0.008989,0.000000,0.000455,1.650563
18640.0,100.000000,99.651756,0.020808,0.021637,2.740840,0.000000,0.008606,0.000000,-0.000930,1.650563
18650.0,100.000000,98.017372,0.047011,0.045212,2.638063,0.000000,-0.013020,0.000000,-0.002831,1.650563
18660.0,100.000000,99.710007,0.023029,0.023473,2.534136,0.000000,-0.014541,0.000000,-0.000020,1.650563
18670.0,100.000000,100.959496,0.004358,0.004649,2.429059,0.000000,-0.009635,0.000000,-0.000455,1.650563
18680.0,100.000000,100.995331,0.002240,0.001585,2.322830,0.000000,-0.002547,0.000000,0.000455,1.650563
18690.0,100.000000,98.404610,0.040262,0.039817,2.218136,0.000000,0.003957,0.000000,-0.000930,1.650563
18700.0,100.000000,98.765907,0.036467,0.037353,2.114976,0.000000,0.003852,0.000000,0.001406,1.650563
18710.0,100.000000,99.610168,0.024831,0.024385,2.011049,0.000000,-0.015374,0.000000,0.000930,1.650563
18720.0,100.000000,101.520370,-0.004561,-0.002431,1.904821,0.000000,-0.012139,0.000000,0.001406,1.650563
18730.0,100.000000,99.956062,0.018284,0.017971,1.800127,0.000000,-0.053511,0.000000,0.001406,1.650563
18740.0,100.000000,98.391289,0.041648,0.041441,1.695816,0.000000,0.015141,0.000000,0.000930,1.650563
18750.0,100.000000,98.804695,0.037257,0.037170,1.592272,0.000000,-0.018624,0.000000,-0.000000,1.650563
18760.0,100.000000,101.304779,-0.000740,-0.000895,1.486811,0.000000,-0.007892,0.000000,0.000475,1.650563
18770.0,100.000000,100.884727,0.004789,0.005088,1.381350,0.000000,0.010423,0.000000,0.000930,1.650563
18780.0,100.000000,100.620766,0.007778,0.008263,1.275505,0.000000,-0.017440,0.000000,-0.000000,1.650563
18790.0,100.000000,100.471909,0.008985,0.008969,1.170044,0.000000,-0.040733,0.000000,0.000930,1.650563
18800.0,100.000000,100.580544,0.007660,0.008740,1.065350,0.000000,0.006255,0.000000,0.001406,1.650563
18810.0,100.000000,100.530327,0.008147,0.008522,0.960656,0.000000,-0.026083,0.000000,-0.000930,1.650563
18820.0,100.000000,100.550163,0.007515,0.007260,0.855578,0.000000,0.005555,0.000000,0.000930,1.650563
18830.0,100.000000,100.960655,0.001104,0.001825,0.750117,0.000000,-0.006677,0.000000,0.000930,1.650563
18840.0,100.000000,99.747879,0.018648,0.018671,0.645422,0.000000,-0.037282,0.000000,0.000930,1.650563
18850.0,100.000000,100.005707,0.015244,0.015375,0.540728,0.000000,0.013737,0.000000,0.001406,1.650563
18860.0,100.000000,99.580475,0.022289,0.023495,0.437185,0.000000,-0.007681,0.000000,-0.000000,1.650563
18870.0,100.000000,100.456146,0.008952,0.010234,0.331723,0.000000,-0.009303,0.000000,-0.000000,1.650563
18880.0,100.000000,100.861168,0.002457,0.002829,0.226262,0.000000,-0.018125,0.000000,0.001406,1.650563
18890.0,100.000000,100.584381,0.004946,0.005558,0.120417,0.000000,-0.010812,0.000000,-0.000475,1.650563
18900.0,100.000000,97.777451,0.048492,0.050479,0.017641,0.000000,-0.016012,0.000000,-0.000000,1.650563
18910.0,100.000000,99.736748,0.020235,0.020130,6.197283,0.000000,-0.008896,0.000000,-0.000951,1.650563
18920.0,100.000000,99.693428,0.020685,0.019360,6.093355,0.000000,0.008737,0.000000,0.001406,1.650563
18930.0,100.000000,102.866035,-0.027048,-0.026499,5.986743,0.000000,-0.010208,0.000000,-0.000000,1.650563
18940.0,100.000000,99.008423,0.029103,0.026811,5.881666,0.000000,-0.011486,0.000000,0.000475,1.650563
18950.0,100.000000,98.967712,0.031248,0.031514,5.778506,0.000000,0.013669,0.000000,-0.000000,1.650563
18960.0,100.000000,98.876129,0.033719,0.034196,5.674962,0.000000,-0.015669,0.000000,0.001406,1.650563
18970.0,100.000000,101.453590,-0.005062,-0.004255,5.568350,0.000000,-0.015619,0.000000,0.000930,1.650563
18980.0,100.000000,101.310303,-0.003978,-0.003341,5.463656,0.000000,0.007336,0.000000,0.001406,1.650563
18990.0,100.000000,99.235382,0.027016,0.025193,5.358579,0.000000,-0.002537,0.000000,0.000930,1.650563
19000.0,100.000000,97.912445,0.049292,0.047665,5.257336,0.000000,-0.010650,0.000000,0.001406,1.650563
19010.0,100.000000,99.160103,0.032375,0.032645,5.153025,0.000000,-0.017298,0.000000,0.000930,1.650563
19020.0,100.000000,101.049484,0.003634,0.004002,5.048715,0.000000,-0.021168,0.000000,-0.000000,1.650563
19030.0,100.000000,101.515541,-0.004541,-0.005180,4.942103,0.000000,0.016731,0.000000,-0.000000,1.650563
19040.0,100.000000,98.779922,0.036233,0.036265,4.838559,0.000000,-0.006769,0.000000,0.000930,1.650563
19050.0,100.000000,99.663284,0.024262,0.024294,4.733481,0.000000,-0.015343,0.000000,-0.000475,1.650563
19060.0,100.000000,100.546150,0.011430,0.012279,4.630321,0.000000,-0.012592,0.000000,-0.000455,1.650563
19070.0,100.000000,100.469437,0.011770,0.010725,4.524093,0.000000,0.015156,0.000000,-0.000000,1.650563
19080.0,100.000000,99.722618,0.023111,0.022869,4.419015,0.000000,-0.014590,0.000000,0.001861,1.650563
19090.0,100.000000,99.839958,0.020647,0.020405,4.314321,0.000000,-0.015938,0.000000,-0.001406,1.650563
19100.0,100.000000,99.486755,0.026831,0.027033,4.210011,0.000000,0.018846,0.000000,0.000930,1.650563
19110.0,100.000000,97.332886,0.059695,0.060138,4.107234,0.000000,-0.007947,0.000000,0.000930,1.650563
19120.0,100.000000,80.931374,0.316769,0.312691,4.019413,0.000000,-0.011765,0.000000,-0.000000,1.650947
19130.0,100.000000,62.370724,0.625674,0.624327,3.952685,0.000000,1.809663,0.000000,0.000930,1.652097
19140.0,100.000000,51.786877,0.827956,0.826177,3.897078,0.000000,2.501731,0.000000,0.001426,1.654398
19150.0,100.000000,43.765972,0.999415,0.997419,3.849525,0.000000,-5.566548,0.000000,-0.000930,1.651714
19160.0,100.000000,47.530533,0.996132,0.993709,3.801204,0.000000,-1.824466,0.000000,0.000930,1.647495
19170.0,100.000000,36.694180,1.218960,1.008960,3.761321,0.000000,-2.207924,0.000000,-0.000000,1.643660
19180.0,100.000000,15.163035,1.616423,0.898031,3.734860,0.000000,0.660794,0.000000,-0.000000,1.643277
19190.0,100.000000,9.031526,1.798788,0.859419,3.721821,0.000000,2.423156,0.000000,-0.000440,1.644427
19200.0,100.000000,15.922239,1.782670,0.840455,3.706481,0.000000,3.217929,0.000000,-0.000000,1.647495
19210.0,100.000000,25.084894,1.723717,0.876853,3.684622,0.000000,3.326940,0.000000,-0.000480,1.651330
19220.0,100.000000,17.837196,1.911509,0.817121,3.662763,0.000000,2.286527,0.000000,0.001422,1.653631
19230.0,100.000000,18.516973,1.981696,0.861923,3.643588,0.000000,0.501494,0.000000,0.000930,1.655165
19240.0,100.000000,-4.494922,2.000000,0.881261,3.641287,0.000000,-6.337534,0.000000,0.000930,1.652097
19250.0,100.000000,-5.460710,2.000000,0.877869,3.645889,0.000000,-3.175441,0.000000,-0.000475,1.647112
19260.0,100.000000,2.219042,2.000000,0.877986,3.645122,0.000000,1.070787,0.000000,-0.000000,1.646345
19270.0,100.000000,1.593797,2.000000,0.876424,3.642437,0.000000,5.361792,0.000000,-0.000473,1.650180
19280.0,100.000000,0.620324,2.000000,0.876541,3.641287,0.000000,-0.444092,0.000000,-0.000451,1.651330
19290.0,100.000000,-0.248831,2.000000,0.879304,3.641287,0.000000,-0.027345,0.000000,0.000930,1.651330
19300.0,100.000000,0.032271,2.000000,0.878383,3.641287,0.000000,-0.008694,0.000000,0.001410,1.651330
19310.0,100.000000,-2.810885,2.000000,0.878340,3.642821,0.000000,0.017957,0.000000,-0.000480,1.651330
19320.0,100.000000,-5.301151,2.000000,0.879324,3.647423,0.000000,-1.746811,0.000000,0.000457,1.650180
19330.0,100.000000,-3.802077,2.000000,0.872475,3.652408,0.000000,0.386507,0.000000,-0.000000,1.649796
19340.0,100.000000,-4.854763,2.000000,0.868380,3.657010,0.000000,0.167674,0.000000,0.001401,1.649796
19350.0,100.000000,-3.969379,2.000000,0.860492,3.661229,0.000000,-0.035234,0.000000,0.000471,1.649796
19360.0,100.000000,-3.318652,2.000000,0.854645,3.665064,0.000000,-0.008631,0.000000,-0.000000,1.649796
19370.0,100.000000,-0.280802,2.000000,0.847497,3.666214,0.000000,-0.031107,0.000000,0.000471,1.649796
19380.0,100.000000,-0.721816,2.000000,0.846573,3.666981,0.000000,0.012439,0.000000,0.001861,1.649796
19390.0,100.000000,0.225222,2.000000,0.846059,3.666981,0.000000,-0.019323,0.000000,-0.000000,1.649796
19400.0,100.000000,-0.021592,2.000000,0.845875,3.666981,0.000000,-0.014176,0.000000,0.000460,1.649796
19410.0,100.000000,0.013865,2.000000,0.846757,3.666981,0.000000,-0.035288,0.000000,-0.000471,1.649796
19420.0,100.000000,1.606988,2.000000,0.847189,3.665831,0.000000,-0.007825,0.000000,0.001401,1.649796
19430.0,100.000000,0.403921,2.000000,0.849343,3.665447,0.000000,0.022025,0.000000,-0.000000,1.649796
19440.0,100.000000,0.113454,2.000000,0.851595,3.664680,0.000000,-0.022674,0.000000,-0.000471,1.649796
19450.0,100.000000,-0.197569,2.000000,0.852688,3.664297,0.000000,0.011918,0.000000,-0.000930,1.649796
19460.0,100.000000,-0.005205,2.000000,0.853090,3.664297,0.000000,-0.003618,0.000000,-0.000471,1.649796
19470.0,100.000000,-0.043514,2.000000,0.853169,3.664680,0.000000,-0.035742,0.000000,0.000930,1.649796
19480.0,100.000000,-0.534248,2.000000,0.852192,3.665447,0.000000,0.008883,0.000000,0.001401,1.649796
19490.0,100.000000,-0.995372,2.000000,0.842147,3.665831,0.000000,-0.027994,0.000000,0.000482,1.649796
19500.0,100.000000,0.187748,2.000000,0.848378,3.666598,0.000000,-0.007650,0.000000,-0.000000,1.649796
19510.0,100.000000,-1.385327,2.000000,0.846583,3.667365,0.000000,0.012737,0.000000,-0.000011,1.649796
19520.0,100.000000,-1.260639,2.000000,0.844623,3.668899,0.000000,-0.036711,0.000000,0.000930,1.649796
19530.0,100.000000,-1.082555,2.000000,0.844472,3.670049,0.000000,0.005178,0.000000,-0.000000,1.649796
19540.0,100.000000,-0.579552,2.000000,0.841682,3.670433,0.000000,0.017077,0.000000,-0.000000,1.649796
19550.0,100.000000,-0.722416,2.000000,0.840489,3.670816,0.000000,0.012044,0.000000,0.000930,1.649796
19560.0,100.000000,0.054908,2.000000,0.840330,3.670816,0.000000,-0.007487,0.000000,-0.000000,1.649796
19570.0,100.000000,-0.039559,2.000000,0.842305,3.671200,0.000000,-0.017131,0.000000,0.000930,1.649796
19580.0,100.000000,0.178292,2.000000,0.840001,3.671200,0.000000,0.024092,0.000000,0.000930,1.649796
19590.0,100.000000,0.078945,2.000000,0.838651,3.671583,0.000000,-0.043489,0.000000,0.000460,1.649796
19600.0,100.000000,-0.015013,2.000000,0.840240,3.671583,0.000000,0.011978,0.000000,-0.000930,1.649796
19610.0,100.000000,0.005741,2.000000,0.839523,3.671583,0.000000,-0.016835,0.000000,0.000930,1.649796
19620.0,100.000000,0.039061,2.000000,0.838188,3.671583,0.000000,-0.014682,0.000000,0.000471,1.649796
19630.0,100.000000,0.053326,2.000000,0.839369,3.671583,0.000000,0.015261,0.000000,-0.000000,1.649796
19640.0,100.000000,0.035050,2.000000,0.838497,3.671583,0.000000,0.008041,0.000000,0.001401,1.649796
19650.0,100.000000,-0.989044,2.000000,0.838037,3.671967,0.000000,-0.026214,0.000000,-0.000930,1.649796
19660.0,100.000000,-1.146687,2.000000,0.835988,3.673117,0.000000,-0.003056,0.000000,-0.000930,1.649796
19670.0,100.000000,-0.266238,2.000000,0.834249,3.673501,0.000000,-0.001055,0.000000,0.000930,1.649796
19680.0,100.000000,-0.059877,2.000000,0.831956,3.673884,0.000000,0.006354,0.000000,0.000471,1.649796
19690.0,100.000000,-0.638728,2.000000,0.830235,3.674268,0.000000,-0.012757,0.000000,0.000930,1.649796
19700.0,100.000000,0.147098,2.000000,0.832832,3.674268,0.000000,0.001352,0.000000,-0.000930,1.649796
19710.0,100.000000,-0.060657,2.000000,0.829370,3.674268,0.000000,0.000331,0.000000,0.000930,1.649796
19720.0,100.000000,0.014051,2.000000,0.830827,3.674268,0.000000,-0.030588,0.000000,-0.000460,1.649796
19730.0,100.000000,-0.052186,2.000000,0.829232,3.674268,0.000000,-0.031657,0.000000,-0.000942,1.649796
19740.0,100.000000,0.384018,2.000000,0.828630,3.673884,0.000000,-0.026902,0.000000,0.000930,1.649796
19750.0,100.000000,0.574367,2.000000,0.829330,3.673117,0.000000,-0.001392,0.000000,0.000930,1.649796
19760.0,100.000000,0.863104,2.000000,0.832821,3.672734,0.000000,-0.006661,0.000000,-0.000000,1.649796
19770.0,100.000000,0.140366,2.000000,0.836872,3.672350,0.000000,0.004459,0.000000,0.001401,1.649796
19780.0,100.000000,1.503211,2.000000,0.839285,3.671200,0.000000,-0.040759,0.000000,0.001401,1.649796
19790.0,100.000000,0.601578,2.000000,0.842721,3.670049,0.000000,-0.016251,0.000000,-0.000460,1.649796
19800.0,100.000000,0.663804,2.000000,0.843404,3.669282,0.000000,-0.041318,0.000000,-0.000930,1.649796
19810.0,100.000000,1.145639,2.000000,0.844785,3.668132,0.000000,0.024637,0.000000,0.000471,1.649796
19820.0,100.000000,0.961393,2.000000,0.847800,3.667365,0.000000,-0.019515,0.000000,0.000930,1.649796
19830.0,100.000000,1.476638,2.000000,0.847681,3.666598,0.000000,-0.014580,0.000000,0.000930,1.649796
19840.0,100.000000,0.801790,2.000000,0.849149,3.665831,0.000000,-0.005530,0.000000,-0.000000,1.649796
19850.0,100.000000,1.239960,2.000000,0.851887,3.665064,0.000000,-0.005385,0.000000,0.000460,1.649796
19860.0,100.000000,0.147562,2.000000,0.852971,3.664680,0.000000,0.003251,0.000000,0.001401,1.649796
19870.0,100.000000,-0.198435,2.000000,0.855350,3.664297,0.000000,-0.002495,0.000000,0.000930,1.649796
19880.0,100.000000,-0.027135,2.000000,0.855350,3.664297,0.000000,-0.019840,0.000000,0.000930,1.649796
19890.0,100.000000,-0.111550,2.000000,0.855551,3.664297,0.000000,0.007830,0.000000,-0.002332,1.649796
19900.0,100.000000,-0.084967,2.000000,0.855551,3.664297,0.000000,-0.038557,0.000000,-0.000471,1.649796
19910.0,100.000000,-0.087978,2.000000,0.853291,3.664297,0.000000,-0.020316,0.000000,-0.000930,1.649796
19920.0,100.000000,-0.089998,2.000000,0.849340,3.664297,0.000000,-0.009624,0.000000,0.001401,1.649796
19930.0,100.000000,-0.066078,2.000000,0.848251,3.664297,0.000000,0.018304,0.000000,-0.000460,1.649796
19940.0,100.000000,0.996113,2.000000,0.850235,3.663913,0.000000,-0.024925,0.000000,0.000460,1.649796
19950.0,100.000000,1.125726,2.000000,0.848990,3.663146,0.000000,0.008769,0.000000,0.000471,1.649796
19960.0,100.000000,-0.392197,2.000000,0.852340,3.663146,0.000000,-0.001661,0.000000,0.000930,1.649796
19970.0,100.000000,0.740805,2.000000,0.852078,3.662763,0.000000,0.002510,0.000000,-0.000000,1.649796
19980.0,100.000000,-0.085177,2.000000,0.853648,3.662763,0.000000,0.002422,0.000000,0.000930,1.649796
19990.0,100.000000,-0.080156,2.000000,0.848048,3.662763,0.000000,-0.025614,0.000000,-0.001872,1.649796
20000.0,100.000000,0.172747,2.000000,0.852078,3.662763,0.000000,0.006219,0.000000,-0.001872,1.649796
20010.0,100.000000,0.047759,2.000000,0.854749,3.662763,0.000000,-0.005610,0.000000,0.000471,1.649796
20020.0,100.000000,0.096222,2.000000,0.853437,3.662763,0.000000,-0.006268,0.000000,0.000930,1.649796
20030.0,100.000000,0.093856,2.000000,0.853859,3.662763,0.000000,0.000358,0.000000,-0.003262,1.649796
20040.0,100.000000,0.106755,2.000000,0.855897,3.662763,0.000000,-0.003014,0.000000,0.000460,1.649796
20050.0,100.000000,0.082415,2.000000,0.855428,3.662763,0.000000,-0.018300,0.000000,-0.000471,1.649796
20060.0,100.000000,0.048996,2.000000,0.856319,3.662763,0.000000,0.000078,0.000000,0.001401,1.649796
20070.0,100.000000,0.139009,2.000000,0.856530,3.662763,0.000000,0.004124,0.000000,0.000460,1.649796
20080.0,100.000000,0.033384,2.000000,0.857678,3.662763,0.000000,0.016877,0.000000,-0.000000,1.649796
20090.0,100.000000,0.039149,2.000000,0.858099,3.662763,0.000000,-0.008929,0.000000,0.000471,1.649796
20100.0,100.000000,-0.039262,2.000000,0.859458,3.662763,0.000000,-0.035316,0.000000,-0.000000,1.649796
20110.0,100.000000,-0.029141,2.000000,0.859411,3.662763,0.000000,-0.009668,0.000000,0.000930,1.649796
20120.0,100.000000,-0.166847,2.000000,0.859411,3.662763,0.000000,0.006777,0.000000,0.000930,1.649796
20130.0,100.000000,-0.092692,2.000000,0.855381,3.662763,0.000000,-0.003236,0.000000,-0.000000,1.649796
20140.0,100.000000,-0.086823,2.000000,0.851867,3.662763,0.000000,0.015997,0.000000,-0.000000,1.649796
20150.0,100.000000,0.862200,2.000000,0.852042,3.662379,0.000000,0.005779,0.000000,0.000930,1.649796
20160.0,100.000000,0.692757,2.000000,0.853794,3.661612,0.000000,-0.019431,0.000000,-0.000000,1.649796
20170.0,100.000000,0.858807,2.000000,0.853554,3.660845,0.000000,0.014238,0.000000,0.000460,1.649796
20180.0,100.000000,0.597172,2.000000,0.856694,3.660078,0.000000,-0.017227,0.000000,0.000930,1.649796
20190.0,100.000000,0.740103,2.000000,0.858299,3.659311,0.000000,-0.009208,0.000000,-0.000000,1.649796
20200.0,100.000000,1.154956,2.000000,0.862133,3.658544,0.000000,0.010506,0.000000,-0.000000,1.649796
20210.0,100.000000,0.843578,2.000000,0.860859,3.658161,0.000000,-0.016436,0.000000,-0.000000,1.649796
20220.0,100.000000,0.876251,2.000000,0.864281,3.657394,0.000000,-0.018943,0.000000,-0.000000,1.649796
20230.0,100.000000,0.055168,2.000000,0.865273,3.657010,0.000000,-0.001488,0.000000,0.000930,1.649796
20240.0,100.000000,0.112133,2.000000,0.867480,3.657010,0.000000,0.006483,0.000000,0.000460,1.649796
20250.0,100.000000,0.479368,2.000000,0.866670,3.656627,0.000000,-0.007896,0.000000,0.000930,1.649796
20260.0,100.000000,0.627113,2.000000,0.868569,3.656243,0.000000,0.010148,0.000000,0.000930,1.649796
20270.0,100.000000,0.729208,2.000000,0.869726,3.655860,0.000000,-0.017570,0.000000,0.001401,1.649796
20280.0,100.000000,-0.293464,2.000000,0.869586,3.655860,0.000000,0.003143,0.000000,-0.000471,1.649796
20290.0,100.000000,0.348978,2.000000,0.863922,3.655476,0.000000,-0.033898,0.000000,0.000460,1.649796
20300.0,100.000000,-0.152717,2.000000,0.864435,3.655476,0.000000,0.006846,0.000000,0.000471,1.649796
20310.0,100.000000,-0.009060,2.000000,0.864692,3.655476,0.000000,-0.002186,0.000000,0.001401,1.649796
20320.0,100.000000,-0.005789,2.000000,0.866241,3.655476,0.000000,-0.013048,0.000000,0.000930,1.649796
20330.0,100.000000,0.080145,2.000000,0.866631,3.655476,0.000000,0.021647,0.000000,-0.000000,1.649796
20340.0,100.000000,0.073711,2.000000,0.866631,3.655476,0.000000,-0.015307,0.000000,0.000471,1.649796
20350.0,100.000000,0.105826,2.000000,0.867277,3.655476,0.000000,0.003226,0.000000,-0.000942,1.649796
20360.0,100.000000,0.111403,2.000000,0.868950,3.655476,0.000000,-0.007893,0.000000,0.000471,1.649796
20370.0,100.000000,0.042560,2.000000,0.870889,3.655476,0.000000,0.009245,0.000000,0.000930,1.649796
20380.0,100.000000,0.029136,2.000000,0.870242,3.655476,0.000000,0.005095,0.000000,0.000930,1.649796
20390.0,100.000000,-0.089511,2.000000,0.871145,3.655476,0.000000,-0.008822,0.000000,-0.000000,1.649796
20400.0,100.000000,-0.091077,2.000000,0.864949,3.655476,0.000000,0.003945,0.000000,0.001401,1.649796
20410.0,100.000000,-0.068991,2.000000,0.864825,3.655476,0.000000,-0.009928,0.000000,0.000930,1.649796
20420.0,100.000000,-0.074020,2.000000,0.865338,3.655476,0.000000,0.006025,0.000000,-0.000000,1.649796
20430.0,100.000000,-0.028915,2.000000,0.866241,3.655476,0.000000,-0.017175,0.000000,-0.001861,1.649796
20440.0,100.000000,-0.002554,2.000000,0.866887,3.655476,0.000000,-0.012770,0.000000,0.000930,1.649796
20450.0,100.000000,0.030311,2.000000,0.865728,3.655476,0.000000,0.017839,0.000000,-0.000000,1.649796
20460.0,100.000000,0.104002,2.000000,0.868693,3.655476,0.000000,-0.013854,0.000000,0.001401,1.649796
20470.0,100.000000,0.067130,2.000000,0.868180,3.655476,0.000000,-0.038462,0.000000,-0.001401,1.649796
20480.0,100.000000,-0.578518,2.000000,0.869726,3.655860,0.000000,0.006403,0.000000,0.001401,1.649796
20490.0,100.000000,0.209223,2.000000,0.870374,3.655860,0.000000,-0.008960,0.000000,-0.000000,1.649796
20500.0,100.000000,-0.142745,2.000000,0.864710,3.656243,0.000000,0.006266,0.000000,0.000930,1.649796
20510.0,100.000000,0.307813,2.000000,0.868967,3.656243,0.000000,-0.007120,0.000000,-0.000000,1.649796
20520.0,100.000000,-0.128852,2.000000,0.867269,3.656243,0.000000,0.042042,0.000000,0.002332,1.649796
20530.0,100.000000,-0.030145,2.000000,0.862815,3.656627,0.000000,0.003270,0.000000,-0.000000,1.649796
20540.0,100.000000,-0.089215,2.000000,0.863315,3.656627,0.000000,-0.045161,0.000000,0.001401,1.649796
20550.0,100.000000,-0.020034,2.000000,0.864216,3.656627,0.000000,-0.016542,0.000000,-0.000471,1.649796
20560.0,100.000000,-0.000647,2.000000,0.864216,3.656627,0.000000,-0.018554,0.000000,0.000930,1.649796
20570.0,100.000000,0.017388,2.000000,0.866420,3.656627,0.000000,-0.003664,0.000000,-0.000000,1.649796
20580.0,100.000000,0.964788,2.000000,0.866911,3.656243,0.000000,0.003064,0.000000,0.001861,1.649796
20590.0,100.000000,0.089277,2.000000,0.868569,3.655860,0.000000,-0.002797,0.000000,-0.000000,1.649796
20600.0,100.000000,0.076375,2.000000,0.868693,3.655476,0.000000,-0.003136,0.000000,0.000471,1.649796
20610.0,100.000000,0.121683,2.000000,0.869083,3.655476,0.000000,-0.008643,0.000000,-0.000000,1.649796
20620.0,100.000000,0.035867,2.000000,0.871402,3.655476,0.000000,0.001672,0.000000,-0.000000,1.649796
20630.0,100.000000,-0.017726,2.000000,0.872048,3.655476,0.000000,-0.017560,0.000000,-0.000930,1.649796
20640.0,100.000000,-0.157967,2.000000,0.871269,3.655476,0.000000,-0.013639,0.000000,0.000930,1.649796
20650.0,100.000000,-0.094365,2.000000,0.864435,3.655476,0.000000,-0.009779,0.000000,-0.001861,1.649796
20660.0,100.000000,-0.070340,2.000000,0.865338,3.655476,0.000000,-0.009706,0.000000,0.001401,1.649796
20670.0,100.000000,-0.047133,2.000000,0.866631,3.655476,0.000000,-0.025061,0.000000,0.001401,1.649796
20680.0,100.000000,-0.025456,2.000000,0.865984,3.655476,0.000000,-0.011225,0.000000,0.001861,1.649796
20690.0,100.000000,0.047588,2.000000,0.868180,3.655860,0.000000,-0.021337,0.000000,0.001401,1.649796
20700.0,100.000000,0.308085,2.000000,0.868176,3.655860,0.000000,-0.001750,0.000000,0.000471,1.649796
20710.0,100.000000,0.049206,2.000000,0.868176,3.655860,0.000000,0.004596,0.000000,0.000930,1.649796
20720.0,100.000000,0.105274,2.000000,0.868823,3.655860,0.000000,0.001706,0.000000,0.000460,1.649796
20730.0,100.000000,0.098086,2.000000,0.869332,3.655860,0.000000,-0.027252,0.000000,-0.000000,1.649796
20740.0,100.000000,0.032600,2.000000,0.870628,3.655860,0.000000,0.011759,0.000000,-0.000930,1.649796
20750.0,100.000000,0.010214,2.000000,0.871785,3.655860,0.000000,-0.002591,0.000000,-0.000000,1.649796
20760.0,100.000000,-0.855818,2.000000,0.872176,3.656243,0.000000,-0.040564,0.000000,-0.000000,1.649796
20770.0,100.000000,0.172098,2.000000,0.864206,3.656243,0.000000,0.018459,0.000000,0.000930,1.649796
20780.0,100.000000,0.035240,2.000000,0.864216,3.656627,0.000000,-0.029435,0.000000,-0.000000,1.649796
20790.0,100.000000,-0.270075,2.000000,0.863472,3.657010,0.000000,-0.013089,0.000000,-0.000000,1.649796
20800.0,100.000000,0.000666,2.000000,0.864125,3.657010,0.000000,-0.002774,0.000000,-0.000000,1.649796
20810.0,100.000000,-0.714726,2.000000,0.864691,3.657394,0.000000,-0.002760,0.000000,0.000930,1.649796
20820.0,100.000000,0.336436,2.000000,0.864770,3.657394,0.000000,0.023304,0.000000,0.000930,1.649796
20830.0,100.000000,0.034241,2.000000,0.866081,3.657394,0.000000,-0.014032,0.000000,-0.000471,1.649796
20840.0,100.000000,0.087191,2.000000,0.866325,3.657394,0.000000,0.009696,0.000000,0.000460,1.649796
20850.0,100.000000,0.088588,2.000000,0.866006,3.657777,0.000000,-0.036975,0.000000,0.000930,1.649796
20860.0,100.000000,0.024155,2.000000,0.867147,3.657777,0.000000,0.012523,0.000000,-0.000000,1.649796
20870.0,100.000000,0.008939,2.000000,0.868946,3.657777,0.000000,0.014776,0.000000,0.000471,1.649796
20880.0,100.000000,-1.026587,2.000000,0.866490,3.658161,0.000000,-0.029167,0.000000,0.000930,1.649796
20890.0,100.000000,-0.611156,2.000000,0.865054,3.658928,0.000000,-0.023968,0.000000,0.000471,1.649796
20900.0,100.000000,-0.583612,2.000000,0.860290,3.659311,0.000000,0.033962,0.000000,-0.000000,1.649796
20910.0,100.000000,0.221667,2.000000,0.860058,3.659311,0.000000,0.002084,0.000000,0.001401,1.649796
20920.0,100.000000,-0.071857,2.000000,0.861420,3.659311,0.000000,-0.010455,0.000000,-0.000000,1.649796
20930.0,100.000000,-0.007496,2.000000,0.862084,3.659311,0.000000,-0.027503,0.000000,0.000460,1.649796
20940.0,100.000000,0.049870,2.000000,0.861420,3.659311,0.000000,-0.014712,0.000000,-0.000942,1.649796
20950.0,100.000000,0.079940,2.000000,0.863877,3.659311,0.000000,0.021277,0.000000,0.000930,1.649796
20960.0,100.000000,0.082257,2.000000,0.862747,3.659311,0.000000,0.014686,0.000000,-0.001390,1.649796
20970.0,100.000000,0.088391,2.000000,0.863644,3.659311,0.000000,-0.016199,0.000000,-0.000011,1.649796
20980.0,100.000000,0.070110,2.000000,0.864109,3.659311,0.000000,-0.013308,0.000000,-0.000471,1.649796
20990.0,100.000000,0.018941,2.000000,0.866566,3.659311,0.000000,0.013483,0.000000,-0.000460,1.649796
21000.0,100.000000,-0.102194,2.000000,0.863414,3.659695,0.000000,-0.009194,0.000000,-0.000000,1.649796
21010.0,100.000000,-1.023232,2.000000,0.863178,3.660462,0.000000,-0.036061,0.000000,0.000930,1.649796
21020.0,100.000000,-1.751529,2.000000,0.859585,3.661612,0.000000,0.005976,0.000000,-0.000471,1.649796
21030.0,100.000000,-0.911691,2.000000,0.857427,3.662763,0.000000,0.035153,0.000000,-0.000930,1.649796
21040.0,100.000000,-1.002873,2.000000,0.854599,3.663530,0.000000,-0.017570,0.000000,-0.001390,1.649796
21050.0,100.000000,-1.065674,2.000000,0.853949,3.664680,0.000000,-0.012989,0.000000,0.000930,1.649796
21060.0,100.000000,-0.415993,2.000000,0.851611,3.665447,0.000000,-0.019261,0.000000,-0.000000,1.649796
21070.0,100.000000,-0.406928,2.000000,0.850343,3.665831,0.000000,-0.026976,0.000000,0.001401,1.649796
21080.0,100.000000,-0.837480,2.000000,0.849770,3.666598,0.000000,-0.015514,0.000000,-0.000930,1.649796
21090.0,100.000000,-0.856354,2.000000,0.849732,3.666981,0.000000,-0.012754,0.000000,0.000930,1.649796
21100.0,100.000000,0.257221,2.000000,0.849035,3.666981,0.000000,0.005161,0.000000,0.000942,1.649796
21110.0,100.000000,0.019415,2.000000,0.850100,3.666981,0.000000,-0.024531,0.000000,0.000930,1.649796
21120.0,100.000000,0.087485,2.000000,0.849732,3.666981,0.000000,0.011325,0.000000,0.001401,1.649796
21130.0,100.000000,0.044451,2.000000,0.850798,3.666981,0.000000,-0.006810,0.000000,0.000471,1.649796
21140.0,100.000000,0.081304,2.000000,0.850100,3.666981,0.000000,-0.014847,0.000000,-0.000011,1.649796
21150.0,100.000000,0.794856,2.000000,0.850466,3.666598,0.000000,0.014247,0.000000,0.000930,1.649796
21160.0,100.000000,1.327473,2.000000,0.852494,3.665831,0.000000,-0.004017,0.000000,-0.000930,1.650180
21170.0,100.000000,0.214066,2.000000,0.852773,3.665064,0.000000,-0.261002,0.000000,-0.000457,1.650180
21180.0,100.000000,0.932387,2.000000,0.854664,3.664297,0.000000,0.038559,0.000000,0.000930,1.650180
21190.0,100.000000,0.120769,2.000000,0.857544,3.663913,0.000000,-0.008748,0.000000,0.001404,1.650180
21200.0,100.000000,0.602421,2.000000,0.860409,3.663530,0.000000,0.008993,0.000000,0.000473,1.650180
21210.0,100.000000,-0.252678,2.000000,0.858772,3.663530,0.000000,0.003792,0.000000,-0.000000,1.650180
21220.0,100.000000,0.633421,2.000000,0.855634,3.663146,0.000000,0.004715,0.000000,0.000930,1.650180
21230.0,100.000000,-0.339173,2.000000,0.851923,3.663146,0.000000,-0.000475,0.000000,0.000457,1.650180
21240.0,100.000000,0.003126,2.000000,0.854801,3.663146,0.000000,-0.028616,0.000000,-0.003265,1.650180
21250.0,100.000000,-0.072620,2.000000,0.854801,3.663146,0.000000,0.024619,0.000000,0.000473,1.650180
21260.0,100.000000,0.683410,2.000000,0.854960,3.662763,0.000000,-0.030837,0.000000,0.000457,1.650180
21270.0,100.000000,0.395551,2.000000,0.855828,3.661996,0.000000,0.003286,0.000000,0.000930,1.650180
21280.0,100.000000,0.787360,2.000000,0.856927,3.661612,0.000000,0.009967,0.000000,-0.000000,1.650180
21290.0,100.000000,-0.142096,2.000000,0.858474,3.661229,0.000000,-0.012390,0.000000,0.000457,1.650180
21300.0,100.000000,0.116483,2.000000,0.860260,3.661229,0.000000,-0.021990,0.000000,0.000457,1.650180
21310.0,100.000000,0.051346,2.000000,0.860040,3.661229,0.000000,-0.021005,0.000000,0.001404,1.650180
21320.0,100.000000,-0.955243,2.000000,0.860954,3.661612,0.000000,0.009166,0.000000,0.000930,1.650180
21330.0,100.000000,0.322578,2.000000,0.860279,3.661612,0.000000,-0.009024,0.000000,0.001861,1.650180
21340.0,100.000000,0.132669,2.000000,0.863451,3.662379,0.000000,0.015502,0.000000,-0.000000,1.650180
21350.0,100.000000,0.241112,2.000000,0.861417,3.662379,0.000000,-0.015991,0.000000,0.000473,1.650180
21360.0,100.000000,-0.075803,2.000000,0.862095,3.662379,0.000000,0.005671,0.000000,-0.000000,1.650180
21370.0,100.000000,-0.171709,2.000000,0.859848,3.662379,0.000000,-0.015329,0.000000,-0.000930,1.650180
21380.0,100.000000,-0.118140,2.000000,0.857175,3.662379,0.000000,-0.018058,0.000000,0.001877,1.650180
21390.0,100.000000,-0.079698,2.000000,0.855180,3.662379,0.000000,-0.031944,0.000000,-0.000000,1.650180
21400.0,100.000000,-0.048657,2.000000,0.855645,3.662379,0.000000,0.003395,0.000000,0.001877,1.650180
21410.0,100.000000,-0.016866,2.000000,0.856962,3.662379,0.000000,-0.035046,0.000000,-0.000000,1.650180
21420.0,100.000000,0.019736,2.000000,0.857427,3.662379,0.000000,-0.016568,0.000000,0.000473,1.650180
21430.0,100.000000,0.046281,2.000000,0.858744,3.662379,0.000000,-0.027455,0.000000,0.000930,1.650180
21440.0,100.000000,0.018020,2.000000,0.858318,3.662379,0.000000,-0.020662,0.000000,0.000473,1.650180
21450.0,100.000000,0.093927,2.000000,0.856962,3.662379,0.000000,-0.035902,0.000000,-0.000000,1.650180
21460.0,100.000000,0.083004,2.000000,0.859209,3.662379,0.000000,-0.028131,0.000000,0.000930,1.650180
21470.0,100.000000,0.099822,2.000000,0.859422,3.662379,0.000000,0.008850,0.000000,0.000930,1.650180
21480.0,100.000000,0.094193,2.000000,0.860100,3.662379,0.000000,-0.028829,0.000000,0.000473,1.650180
21490.0,100.000000,0.786512,2.000000,0.861179,3.661996,0.000000,0.012808,0.000000,-0.000016,1.650180
21500.0,100.000000,0.740852,2.000000,0.862500,3.661612,0.000000,-0.016411,0.000000,-0.001404,1.650180
21510.0,100.000000,0.619853,2.000000,0.853545,3.661229,0.000000,-0.004058,0.000000,0.001404,1.650180
21520.0,100.000000,0.581454,2.000000,0.861376,3.660845,0.000000,-0.012806,0.000000,0.001404,1.650180
21530.0,100.000000,0.970228,2.000000,0.857817,3.660078,0.000000,0.011232,0.000000,-0.000000,1.650180
21540.0,100.000000,0.543163,2.000000,0.860496,3.659695,0.000000,0.036985,0.000000,0.000930,1.650180
21550.0,100.000000,1.075564,2.000000,0.862363,3.658928,0.000000,-0.035655,0.000000,0.000473,1.650180
21560.0,100.000000,0.823697,2.000000,0.861711,3.658544,0.000000,0.008352,0.000000,-0.000000,1.650180
21570.0,100.000000,0.908746,2.000000,0.863378,3.657777,0.000000,-0.026747,0.000000,-0.000000,1.650180
21580.0,100.000000,0.890448,2.000000,0.866325,3.657394,0.000000,0.013060,0.000000,-0.000000,1.650180
21590.0,100.000000,0.028279,2.000000,0.867233,3.657010,0.000000,0.003736,0.000000,-0.000457,1.650180
21600.0,100.000000,0.285221,2.000000,0.870025,3.656627,0.000000,-0.014463,0.000000,0.000473,1.650180
21610.0,100.000000,0.718753,2.000000,0.869219,3.656243,0.000000,0.001500,0.000000,-0.000930,1.650180
21620.0,100.000000,-0.072253,2.000000,0.873223,3.656243,0.000000,-0.001930,0.000000,0.000930,1.650180
21630.0,100.000000,-0.015362,2.000000,0.872826,3.656243,0.000000,-0.016498,0.000000,0.000930,1.650180
21640.0,100.000000,0.808594,2.000000,0.870489,3.655860,0.000000,0.000569,0.000000,-0.000000,1.650180
21650.0,100.000000,-0.268186,2.000000,0.865214,3.655860,0.000000,0.001310,0.000000,-0.000930,1.650180
21660.0,100.000000,0.001682,2.000000,0.867412,3.655860,0.000000,0.002835,0.000000,0.000930,1.650180
21670.0,100.000000,-0.051453,2.000000,0.865608,3.655860,0.000000,-0.006676,0.000000,0.001404,1.650180
21680.0,100.000000,0.061716,2.000000,0.869217,3.655860,0.000000,0.014459,0.000000,0.000457,1.650180
21690.0,100.000000,0.066905,2.000000,0.867412,3.655860,0.000000,0.011115,0.000000,0.000930,1.650180
21700.0,100.000000,0.088459,2.000000,0.871022,3.655860,0.000000,-0.021665,0.000000,0.000457,1.650180
21710.0,100.000000,0.808377,2.000000,0.868693,3.655476,0.000000,-0.001741,0.000000,0.001404,1.650180
21720.0,100.000000,-0.027110,2.000000,0.870633,3.654709,0.000000,-0.025893,0.000000,-0.000000,1.650180
21730.0,100.000000,0.889211,2.000000,0.873225,3.654326,0.000000,-0.003324,0.000000,0.000930,1.650180
21740.0,100.000000,0.243199,2.000000,0.876206,3.653942,0.000000,-0.041886,0.000000,0.000930,1.650180
21750.0,100.000000,0.537358,2.000000,0.875741,3.653559,0.000000,0.002870,0.000000,0.000930,1.650180
21760.0,100.000000,0.469291,2.000000,0.869847,3.653175,0.000000,0.017934,0.000000,0.000457,1.650180
21770.0,100.000000,-0.126518,2.000000,0.869940,3.653175,0.000000,-0.000371,0.000000,0.000930,1.650180
21780.0,100.000000,-0.029599,2.000000,0.871753,3.653175,0.000000,0.000900,0.000000,-0.001877,1.650180
21790.0,100.000000,-0.038076,2.000000,0.870482,3.653175,0.000000,-0.021079,0.000000,-0.000000,1.650180
21800.0,100.000000,0.010239,2.000000,0.873930,3.653175,0.000000,0.003004,0.000000,0.000930,1.650180
21810.0,100.000000,0.064942,2.000000,0.873837,3.653175,0.000000,-0.026910,0.000000,-0.000000,1.650180
21820.0,100.000000,-0.955130,2.000000,0.875473,3.653559,0.000000,-0.008224,0.000000,0.000473,1.650180
21830.0,100.000000,0.358767,2.000000,0.873661,3.653559,0.000000,0.005051,0.000000,-0.001861,1.650180
21840.0,100.000000,-1.047262,2.000000,0.874768,3.653942,0.000000,0.013443,0.000000,0.000930,1.650180
21850.0,100.000000,0.239891,2.000000,0.876739,3.653942,0.000000,0.006994,0.000000,-0.000000,1.650180
21860.0,100.000000,-0.027070,2.000000,0.876203,3.654326,0.000000,-0.021085,0.000000,0.001404,1.650180
21870.0,100.000000,-0.143024,2.000000,0.868853,3.654326,0.000000,-0.016483,0.000000,-0.000930,1.650180
21880.0,100.000000,-0.043572,2.000000,0.869342,3.654326,0.000000,0.023698,0.000000,-0.000473,1.650180
21890.0,100.000000,-0.063312,2.000000,0.869870,3.654326,0.000000,-0.030024,0.000000,0.000473,1.650180
21900.0,100.000000,2.006747,2.000000,0.954120,3.654326,0.000000,0.007246,0.000000,-0.000000,1.650180
21910.0,100.000000,2.849851,2.000000,0.988438,3.653175,0.000000,-0.012217,0.000000,0.001404,1.650180
21920.0,100.000000,-0.185034,2.000000,0.993870,3.652792,0.000000,-0.042574,0.000000,0.000473,1.650180
21930.0,100.000000,1.397015,2.000000,0.996711,3.652025,0.000000,0.002951,0.000000,0.000930,1.650180
21940.0,100.000000,0.928177,2.000000,0.998539,3.651641,0.000000,-0.020338,0.000000,0.000457,1.650180
21950.0,100.000000,-0.268201,2.000000,0.998625,3.650874,0.000000,0.043187,0.000000,-0.000000,1.650180
21960.0,100.000000,0.479214,2.000000,1.002554,3.650491,0.000000,0.015123,0.000000,-0.000000,1.650180
21970.0,100.000000,-0.387852,2.000000,1.000352,3.650491,0.000000,-0.025234,0.000000,-0.001404,1.650180
21980.0,100.000000,0.136428,2.000000,0.993959,3.649724,0.000000,0.011569,0.000000,0.002334,1.650180
21990.0,100.000000,0.323765,2.000000,0.996062,3.649340,0.000000,-0.005948,0.000000,-0.000000,1.650180
22000.0,100.000000,0.785669,2.000000,0.999962,3.648573,0.000000,0.007212,0.000000,0.001404,1.650180
22010.0,100.000000,2.605835,2.000000,0.999380,3.646656,0.000000,-0.019382,0.000000,-0.000930,1.650180
22020.0,100.000000,3.635401,2.000000,0.992656,3.642821,0.000000,0.019370,0.000000,-0.000473,1.650180
22030.0,100.000000,13.637233,2.000000,1.003018,3.632467,0.000000,0.007790,0.000000,0.000930,1.650180
22040.0,100.000000,44.649128,1.648314,1.030823,3.598336,0.000000,0.006681,0.000000,-0.000457,1.650180
22050.0,100.000000,17.945723,2.000000,1.014207,3.570340,0.000000,0.006695,0.000000,-0.000000,1.650180
22060.0,100.000000,110.754562,0.721638,0.894723,3.484821,0.000000,0.107617,0.000000,0.000930,1.651330
22070.0,100.000000,140.666428,0.239505,0.240945,3.342161,0.000000,-2.907326,0.000000,0.000471,1.649796
22080.0,100.000000,142.688370,0.167711,0.169228,3.192598,0.000000,0.303243,0.000000,-0.000000,1.648646
22090.0,100.000000,140.676758,0.156273,0.157603,3.043802,0.000000,1.035277,0.000000,0.001861,1.649029
22100.0,100.000000,142.239029,0.090484,0.089911,2.893471,0.000000,-0.187263,0.000000,0.000931,1.649029
22110.0,100.000000,143.245651,0.032443,0.032925,2.743525,0.000000,-0.004790,0.000000,0.001397,1.649029
22120.0,100.000000,134.978638,0.118582,0.118482,2.600481,0.000000,1.498355,0.000000,0.000471,1.649796
22130.0,100.000000,134.773041,0.086440,0.085566,2.457821,0.000000,-0.342102,0.000000,-0.000000,1.649796
22140.0,100.000000,134.928558,0.048178,0.045595,2.315161,0.000000,0.028353,0.000000,-0.000919,1.649796
22150.0,100.000000,129.735367,0.093122,0.093065,2.177102,0.000000,-0.022588,0.000000,0.001861,1.649796
22160.0,100.000000,129.375687,0.069342,0.068569,2.041345,0.000000,0.008187,0.000000,-0.000000,1.649796
22170.0,100.000000,130.052414,0.029230,0.029818,1.904054,0.000000,-0.010375,0.000000,-0.000930,1.649796
22180.0,100.000000,126.779297,0.049615,0.049649,1.769830,0.000000,0.014064,0.000000,0.001401,1.649796
22190.0,100.000000,124.859146,0.052121,0.051872,1.638291,0.000000,-0.000628,0.000000,-0.000000,1.649796
22200.0,100.000000,126.164299,0.007746,0.007945,1.506369,0.000000,0.000506,0.000000,0.001401,1.649796
22210.0,100.000000,124.435410,0.008740,0.009312,1.375981,0.000000,-0.018067,0.000000,0.000930,1.649796
22220.0,100.000000,124.638351,-0.018140,-0.017026,1.245592,0.000000,-0.015188,0.000000,0.000471,1.649796
22230.0,100.000000,119.266220,0.039842,0.038892,1.118272,0.000000,-0.012437,0.000000,-0.000930,1.649796
22240.0,100.000000,120.625420,-0.001030,-0.000913,0.991335,0.000000,0.013222,0.000000,0.000930,1.649796
22250.0,100.000000,119.154495,0.001666,0.002450,0.866316,0.000000,-0.020090,0.000000,-0.000000,1.649796
22260.0,100.000000,118.285843,-0.003685,-0.005808,0.742447,0.000000,-0.011531,0.000000,0.000930,1.649796
22270.0,100.000000,115.974731,0.013542,0.013100,0.620112,0.000000,0.000303,0.000000,-0.000000,1.649796
22280.0,100.000000,114.868706,0.014723,0.014045,0.499311,0.000000,0.019154,0.000000,-0.000000,1.649796
22290.0,100.000000,115.427803,-0.007750,-0.008098,0.379277,0.000000,0.001168,0.000000,-0.000000,1.649796
22300.0,100.000000,113.274689,0.010423,0.009662,0.260393,0.000000,0.010141,0.000000,-0.000000,1.649796
22310.0,100.000000,113.815712,-0.012232,-0.013185,0.140359,0.000000,-0.024449,0.000000,-0.000460,1.649796
22320.0,100.000000,108.288322,0.059769,0.059575,0.026078,0.000000,0.023708,0.000000,0.000930,1.649796
22330.0,100.000000,110.027344,0.023849,0.023760,6.193831,0.000000,-0.026564,0.000000,-0.002803,1.649796
22340.0,100.000000,110.414833,0.007994,0.007410,6.078015,0.000000,0.010288,0.000000,0.000930,1.649796
22350.0,100.000000,111.527390,-0.019815,-0.020264,5.961433,0.000000,-0.024614,0.000000,-0.001884,1.649796
22360.0,100.000000,106.918831,0.039406,0.038821,5.847535,0.000000,-0.037229,0.000000,-0.000000,1.649796
22370.0,100.000000,106.905136,0.032814,0.032925,5.734404,0.000000,0.028713,0.000000,0.000930,1.649796
22380.0,100.000000,106.988297,0.024013,0.024335,5.622807,0.000000,0.014176,0.000000,0.000930,1.649796
22390.0,100.000000,108.635559,-0.008503,-0.007490,5.507758,0.000000,-0.000755,0.000000,-0.000000,1.649796
22400.0,100.000000,105.771652,0.026539,0.024760,5.396544,0.000000,0.004929,0.000000,-0.000471,1.649796
22410.0,100.000000,102.924301,0.064554,0.064592,5.286865,0.000000,-0.013313,0.000000,-0.000942,1.649796
22420.0,100.000000,104.447159,0.037803,0.038014,5.178336,0.000000,-0.010991,0.000000,-0.000471,1.649796
22430.0,100.000000,105.741058,0.012906,0.013731,5.065972,0.000000,0.015087,0.000000,-0.000000,1.649796
22440.0,100.000000,106.756027,-0.008533,-0.008349,4.955909,0.000000,-0.014123,0.000000,-0.000000,1.649796
22450.0,100.000000,104.671852,0.017136,0.017673,4.845078,0.000000,-0.026704,0.000000,-0.000000,1.649796
22460.0,100.000000,103.631699,0.029525,0.030668,4.737700,0.000000,0.035754,0.000000,0.000460,1.649796
22470.0,100.000000,103.945312,0.020819,0.021456,4.627636,0.000000,-0.036658,0.000000,0.000930,1.649796
22480.0,100.000000,104.017303,0.014960,0.015358,4.517957,0.000000,0.002253,0.000000,-0.000482,1.649796
22490.0,100.000000,103.615005,0.017280,0.017433,4.409044,0.000000,-0.016502,0.000000,-0.000000,1.649796
22500.0,100.000000,103.316887,0.017598,0.016975,4.300899,0.000000,-0.042386,0.000000,-0.000471,1.649796
22510.0,100.000000,103.053749,0.019161,0.020092,4.193137,0.000000,-0.010632,0.000000,0.000471,1.649796
22520.0,100.000000,103.232635,0.013094,0.013496,4.084608,0.000000,-0.060236,0.000000,-0.000471,1.649796
22530.0,100.000000,102.674286,0.017831,0.017199,3.976462,0.000000,-0.007819,0.000000,0.000471,1.649796
22540.0,100.000000,103.609886,0.000525,0.001745,3.867933,0.000000,0.007908,0.000000,0.000930,1.649796
22550.0,100.000000,102.206940,0.018151,0.018270,3.760170,0.000000,-0.010051,0.000000,0.000930,1.649796
22560.0,100.000000,101.811623,0.022631,0.022841,3.653942,0.000000,-0.035720,0.000000,0.001401,1.649796
22570.0,100.000000,101.755302,0.022629,0.022576,3.548098,0.000000,0.033015,0.000000,-0.000471,1.649796
22580.0,100.000000,100.768829,0.035655,0.034409,3.441869,0.000000,0.014072,0.000000,-0.000000,1.649796
22590.0,100.000000,103.514313,-0.008194,-0.008742,3.333340,0.000000,0.004077,0.000000,0.000930,1.649796
22600.0,100.000000,100.372116,0.036587,0.036501,3.227112,0.000000,-0.006878,0.000000,-0.000471,1.649796
22610.0,100.000000,101.222115,0.022884,0.022152,3.121268,0.000000,-0.025836,0.000000,-0.000953,1.649796
22620.0,100.000000,101.458588,0.018507,0.019589,3.015423,0.000000,0.005814,0.000000,-0.000000,1.649796
22630.0,100.000000,101.685966,0.012949,0.014070,2.908428,0.000000,0.012537,0.000000,-0.004204,1.649796
22640.0,100.000000,103.738441,-0.021156,-0.020170,2.799515,0.000000,0.000258,0.000000,-0.000000,1.649796
22650.0,100.000000,99.027344,0.048375,0.048731,2.695204,0.000000,-0.037056,0.000000,0.000471,1.649796
22660.0,100.000000,99.334435,0.044547,0.044558,2.590894,0.000000,0.010460,0.000000,-0.000000,1.649796
22670.0,100.000000,100.937508,0.020241,0.020189,2.485432,0.000000,-0.011101,0.000000,0.000930,1.649796
22680.0,100.000000,102.383507,-0.003388,-0.001771,2.378437,0.000000,-0.013242,0.000000,0.000930,1.649796
22690.0,100.000000,102.994766,-0.014978,-0.014885,2.271059,0.000000,-0.045889,0.000000,0.002332,1.649796
22700.0,100.000000,98.700737,0.048998,0.048735,2.167131,0.000000,0.005376,0.000000,0.001401,1.649796
22710.0,100.000000,100.965240,0.015793,0.016980,2.062437,0.000000,-0.030480,0.000000,0.000930,1.649796
22720.0,100.000000,101.419151,0.008538,0.009797,1.956976,0.000000,-0.007369,0.000000,0.000930,1.649796
22730.0,100.000000,101.184265,0.010061,0.009724,1.850364,0.000000,-0.006461,0.000000,-0.000942,1.649796
22740.0,100.000000,101.658211,0.002186,0.003979,1.744520,0.000000,-0.021997,0.000000,0.000930,1.649796
22750.0,100.000000,98.744537,0.046181,0.046067,1.641359,0.000000,0.021804,0.000000,-0.000471,1.649796
22760.0,100.000000,100.979324,0.012935,0.012465,1.535898,0.000000,-0.031311,0.000000,0.000471,1.649796
22770.0,100.000000,99.610367,0.033366,0.033301,1.431588,0.000000,0.032639,0.000000,-0.000930,1.649796
22780.0,100.000000,98.373589,0.053715,0.051698,1.329578,0.000000,0.013495,0.000000,0.000930,1.649796
22790.0,100.000000,98.131584,0.059677,0.062811,1.227185,0.000000,-0.005667,0.000000,0.000460,1.649796
22800.0,100.000000,94.811447,0.113132,0.111320,1.127092,0.000000,0.017536,0.000000,0.000460,1.649796
22810.0,100.000000,96.643890,0.088966,0.088294,1.025850,0.000000,-0.039699,0.000000,0.000930,1.649796
22820.0,100.000000,97.794945,0.074652,0.075872,0.923456,0.000000,-0.023050,0.000000,0.001401,1.649796
22830.0,100.000000,98.889755,0.059136,0.059460,0.819529,0.000000,-0.009458,0.000000,0.000930,1.649796
22840.0,100.000000,103.846947,-0.016257,-0.015307,0.712151,0.000000,0.011569,0.000000,-0.000471,1.649796
22850.0,100.000000,100.594444,0.030841,0.030743,0.606689,0.000000,0.004185,0.000000,0.001401,1.649796
22860.0,100.000000,101.592293,0.014434,0.014280,0.500078,0.000000,-0.013587,0.000000,-0.000482,1.649796
22870.0,100.000000,102.098297,0.006067,0.006496,0.394233,0.000000,0.002637,0.000000,-0.000000,1.649796
22880.0,100.000000,102.483818,-0.001472,-0.001104,0.287621,0.000000,0.007641,0.000000,-0.000000,1.649796
22890.0,100.000000,103.737190,-0.022902,-0.021867,0.179859,0.000000,-0.029664,0.000000,-0.000000,1.649796
22900.0,100.000000,99.291832,0.042094,0.041152,0.074398,0.000000,0.684262,0.000000,-0.000000,1.650180
22910.0,100.000000,100.038147,0.031292,0.032446,6.253273,0.000000,-0.115409,0.000000,-0.000000,1.650180
22920.0,100.000000,100.180496,0.029091,0.029025,6.148579,0.000000,-0.025740,0.000000,0.000930,1.650180
22930.0,100.000000,101.793861,0.003660,0.003351,6.041967,0.000000,-1.073267,0.000000,-0.000471,1.649796
22940.0,100.000000,103.782845,-0.028367,-0.027449,5.934205,0.000000,-0.144775,0.000000,-0.000945,1.649413
22950.0,100.000000,98.134911,0.055587,0.055228,5.830277,0.000000,0.011495,0.000000,-0.000469,1.649413
22960.0,100.000000,99.071571,0.042020,0.041997,5.725584,0.000000,1.813060,0.000000,-0.000000,1.650180
22970.0,100.000000,101.008766,0.012254,0.012296,5.619739,0.000000,0.271751,0.000000,0.001861,1.651330
22980.0,100.000000,101.706306,0.000628,0.000870,5.513511,0.000000,-0.107449,0.000000,-0.000000,1.651330
22990.0,100.000000,100.848732,0.012077,0.010127,5.407666,0.000000,-1.775529,0.000000,0.000475,1.650563
23000.0,100.000000,97.658478,0.060809,0.060565,5.304889,0.000000,-1.149931,0.000000,-0.000000,1.649029
23010.0,100.000000,98.591141,0.048143,0.046886,5.201345,0.000000,0.370442,0.000000,-0.000000,1.649029
23020.0,100.000000,100.311562,0.022291,0.022564,5.095884,0.000000,1.023436,0.000000,-0.000931,1.649413
23030.0,100.000000,100.818062,0.013576,0.013705,4.989656,0.000000,-0.005698,0.000000,0.001404,1.650180
23040.0,100.000000,101.443275,0.003178,0.003217,4.883428,0.000000,-0.023191,0.000000,0.000473,1.650180
23050.0,100.000000,98.774086,0.043516,0.044266,4.780268,0.000000,-0.002345,0.000000,-0.000016,1.650180
23060.0,100.000000,100.351898,0.019731,0.020527,4.675190,0.000000,-0.002333,0.000000,-0.000000,1.650180
23070.0,100.000000,101.116562,0.007898,0.008102,4.569345,0.000000,-0.008783,0.000000,-0.001388,1.650180
23080.0,100.000000,101.162659,0.006346,0.006514,4.464268,0.000000,-0.000335,0.000000,0.000930,1.650180
23090.0,100.000000,100.424797,0.016884,0.017229,4.358807,0.000000,-0.009076,0.000000,0.000930,1.650180
23100.0,100.000000,99.979523,0.023364,0.023093,4.254112,0.000000,-0.006361,0.000000,-0.000000,1.650180
23110.0,100.000000,99.950615,0.023829,0.023403,4.149035,0.000000,0.010133,0.000000,-0.000000,1.650180
23120.0,100.000000,102.124229,-0.009831,-0.007922,4.042807,0.000000,-0.027229,0.000000,-0.000457,1.650180
23130.0,100.000000,100.858215,0.008676,0.009434,3.937729,0.000000,-0.015406,0.000000,0.000930,1.650180
23140.0,100.000000,101.842026,-0.007378,-0.007264,3.831501,0.000000,-0.002616,0.000000,-0.000000,1.650180
23150.0,100.000000,98.843086,0.037378,0.037320,3.727190,0.000000,-0.166931,0.000000,-0.000471,1.649796
23160.0,100.000000,97.600441,0.056490,0.055371,3.623646,0.000000,0.039856,0.000000,0.001401,1.649796
23170.0,100.000000,97.988548,0.051121,0.049236,3.520103,0.000000,-0.025921,0.000000,0.001401,1.649796
23180.0,100.000000,100.089828,0.020015,0.018802,3.415025,0.000000,-0.012175,0.000000,-0.000930,1.649796
23190.0,100.000000,101.553848,-0.003406,-0.004100,3.308797,0.000000,-0.016365,0.000000,0.001861,1.649796
23200.0,100.000000,98.761055,0.038590,0.037809,3.204870,0.000000,-0.009356,0.000000,-0.000942,1.649796
23210.0,100.000000,98.444214,0.043705,0.041097,3.100559,0.000000,-0.000083,0.000000,-0.001413,1.649796
23220.0,100.000000,100.406113,0.014729,0.016142,2.994714,0.000000,-0.055951,0.000000,0.001401,1.649796
23230.0,100.000000,101.004593,0.004530,0.004621,2.889253,0.000000,-0.004137,0.000000,0.001401,1.649796
23240.0,100.000000,102.492928,-0.019656,-0.018578,2.781874,0.000000,-0.010118,0.000000,0.000460,1.649796
23250.0,100.000000,98.894279,0.034757,0.032593,2.679097,0.000000,-0.013971,0.000000,0.000471,1.649796
23260.0,100.000000,98.691238,0.039617,0.040485,2.576321,0.000000,0.022627,0.000000,-0.000011,1.649796
23270.0,100.000000,99.747581,0.024364,0.025325,2.472010,0.000000,-0.007362,0.000000,0.000930,1.649796
23280.0,100.000000,100.760277,0.007575,0.007258,2.364631,0.000000,0.014575,0.000000,0.000930,1.649796
23290.0,100.000000,101.807556,-0.009510,-0.008876,2.259170,0.000000,0.001996,0.000000,0.000460,1.649796
23300.0,100.000000,98.917526,0.034541,0.033820,2.154860,0.000000,-0.022705,0.000000,0.000930,1.649796
23310.0,100.000000,99.042374,0.034120,0.033838,2.052850,0.000000,-0.001359,0.000000,0.001401,1.649796
23320.0,100.000000,101.532707,-0.003376,-0.002118,1.946238,0.000000,-0.022774,0.000000,-0.000930,1.649796
23330.0,100.000000,100.864990,0.005894,0.007950,1.840394,0.000000,0.014668,0.000000,-0.000000,1.649796
23340.0,100.000000,100.908249,0.004742,0.005559,1.735316,0.000000,-0.009315,0.000000,-0.000000,1.649796
23350.0,100.000000,97.912270,0.050982,0.050514,1.632923,0.000000,0.012412,0.000000,-0.000471,1.649796
23360.0,100.000000,100.060478,0.019279,0.018591,1.527845,0.000000,-0.038827,0.000000,0.001401,1.649796
23370.0,100.000000,101.215530,0.001019,0.001946,1.422000,0.000000,-0.006084,0.000000,-0.000000,1.649796
23380.0,100.000000,101.566185,-0.005308,-0.004904,1.316156,0.000000,0.012862,0.000000,0.000471,1.649796
23390.0,100.000000,100.922462,0.003182,0.002025,1.210311,0.000000,0.009145,0.000000,-0.000000,1.649796
23400.0,100.000000,98.908356,0.033494,0.032904,1.106000,0.000000,-0.035830,0.000000,-0.000000,1.649796
23410.0,100.000000,99.742027,0.020758,0.021760,1.000922,0.000000,0.028660,0.000000,-0.000000,1.649796
23420.0,100.000000,100.183472,0.014042,0.015232,0.895845,0.000000,-0.001610,0.000000,-0.000000,1.649796
23430.0,100.000000,100.153282,0.014170,0.012041,0.791151,0.000000,-0.012430,0.000000,0.001401,1.649796
23440.0,100.000000,101.510803,-0.007179,-0.005774,0.684922,0.000000,0.000948,0.000000,-0.000000,1.649796
23450.0,100.000000,99.750610,0.019792,0.020395,0.580995,0.000000,0.002624,0.000000,-0.000471,1.649796
23460.0,100.000000,98.394485,0.040146,0.038148,0.477068,0.000000,0.007080,0.000000,-0.000930,1.649796
23470.0,100.000000,101.193413,-0.001528,-0.001573,0.371990,0.000000,-0.021706,0.000000,0.000930,1.649796
23480.0,100.000000,100.588242,0.007163,0.007346,0.266913,0.000000,-0.018575,0.000000,0.000471,1.649796
23490.0,100.000000,101.587013,-0.009259,-0.009586,0.160301,0.000000,-0.015923,0.000000,0.000930,1.649796
23500.0,100.000000,98.284218,0.040536,0.041120,0.056757,0.000000,0.006439,0.000000,0.001401,1.649796
23510.0,100.000000,98.962143,0.032008,0.032233,6.236783,0.000000,-0.016400,0.000000,0.000930,1.649796
23520.0,100.000000,99.417229,0.025906,0.025574,6.132472,0.000000,0.003595,0.000000,-0.000930,1.649796
23530.0,100.000000,101.119057,-0.000197,-0.000157,6.027011,0.000000,-0.007203,0.000000,0.000930,1.649796
23540.0,100.000000,101.603386,-0.009243,-0.010695,5.920015,0.000000,0.006663,0.000000,-0.000930,1.649796
23550.0,100.000000,98.213463,0.042179,0.042733,5.817239,0.000000,-0.046867,0.000000,-0.000000,1.649796
23560.0,100.000000,98.910370,0.033214,0.035357,5.713312,0.000000,-0.002848,0.000000,0.000471,1.649796
23570.0,100.000000,99.783302,0.020449,0.020773,5.609001,0.000000,-0.012508,0.000000,-0.000000,1.649796
23580.0,100.000000,100.975792,0.001144,0.000000,5.502389,0.000000,0.012785,0.000000,-0.000000,1.649796
23590.0,100.000000,100.431931,0.008562,0.007948,5.396928,0.000000,-0.003116,0.000000,-0.001861,1.649796
23600.0,100.000000,96.529785,0.068877,0.067927,5.295302,0.000000,-0.015595,0.000000,-0.002791,1.649796
23610.0,100.000000,97.412170,0.057939,0.056417,5.192909,0.000000,-0.005185,0.000000,-0.001413,1.649796
23620.0,100.000000,100.374443,0.014297,0.014616,5.088214,0.000000,-0.720692,0.000000,0.000931,1.649413
23630.0,100.000000,100.819046,0.007138,0.007394,4.982370,0.000000,0.109605,0.000000,-0.000000,1.649029
23640.0,100.000000,101.241760,-0.000191,0.000852,4.876525,0.000000,-0.018705,0.000000,-0.000467,1.649029
23650.0,100.000000,98.465462,0.042343,0.042034,4.773748,0.000000,1.761635,0.000000,0.000930,1.649796
23660.0,100.000000,99.784706,0.023275,0.023262,4.669054,0.000000,0.285720,0.000000,0.002334,1.650180
23670.0,100.000000,102.374588,-0.016329,-0.013887,4.562826,0.000000,0.917934,0.000000,0.000930,1.650563
23680.0,100.000000,100.506706,0.010842,0.012167,4.458132,0.000000,-0.335907,0.000000,0.000930,1.650947
23690.0,100.000000,100.875916,0.004888,0.004628,4.353054,0.000000,0.043002,0.000000,-0.000000,1.650947
23700.0,100.000000,97.916718,0.050345,0.049960,4.249510,0.000000,-1.793841,0.000000,0.000930,1.650180
23710.0,100.000000,101.217209,0.000818,0.000805,4.144433,0.000000,-0.759123,0.000000,0.000931,1.649029
23720.0,100.000000,101.492760,-0.003533,-0.000564,4.038588,0.000000,0.103862,0.000000,0.000931,1.649029
23730.0,100.000000,100.327316,0.012939,0.013508,3.933510,0.000000,-0.026964,0.000000,0.001397,1.649029
23740.0,100.000000,101.846481,-0.010367,-0.010455,3.827666,0.000000,-0.033215,0.000000,-0.001861,1.649413
23750.0,100.000000,98.968025,0.032462,0.031821,3.723738,0.000000,-0.166351,0.000000,0.000473,1.650180
23760.0,100.000000,98.796875,0.035527,0.035817,3.619428,0.000000,0.533100,0.000000,0.000930,1.650563
23770.0,100.000000,99.297417,0.028668,0.028846,3.515501,0.000000,-0.269952,0.000000,0.000455,1.650563
23780.0,100.000000,99.868195,0.020607,0.020278,3.410806,0.000000,0.004835,0.000000,-0.000930,1.650563
23790.0,100.000000,100.777451,0.006097,0.005362,3.304962,0.000000,0.068597,0.000000,0.000469,1.649413
23800.0,100.000000,98.072914,0.047040,0.045699,3.201418,0.000000,-0.199288,0.000000,-0.000000,1.649029
23810.0,100.000000,99.270088,0.029584,0.028205,3.097107,0.000000,0.059672,0.000000,-0.001861,1.649029
23820.0,100.000000,101.640526,-0.005700,-0.004546,2.991646,0.000000,1.821360,0.000000,0.000471,1.649796
23830.0,100.000000,101.681374,-0.007663,-0.007414,2.885418,0.000000,1.028486,0.000000,-0.000482,1.651714
23840.0,100.000000,103.376976,-0.035282,-0.033303,2.778423,0.000000,0.946266,0.000000,0.000930,1.652481
23850.0,100.000000,98.130264,0.044316,0.045194,2.675646,0.000000,-0.218382,0.000000,-0.000486,1.652481
23860.0,100.000000,98.512474,0.040751,0.042338,2.573253,0.000000,-3.550403,0.000000,0.000930,1.650180
23870.0,100.000000,100.181999,0.016468,0.016733,2.468559,0.000000,-1.266997,0.000000,0.000931,1.648262
23880.0,100.000000,101.659790,-0.007203,-0.008110,2.362330,0.000000,0.157455,0.000000,0.001861,1.647879
23890.0,100.000000,100.847168,0.003609,0.003692,2.256102,0.000000,-0.006301,0.000000,-0.000462,1.648262
23900.0,100.000000,97.814232,0.050052,0.049343,2.153326,0.000000,2.380275,0.000000,-0.000473,1.650180
23910.0,100.000000,99.250694,0.029928,0.029816,2.049782,0.000000,-0.069029,0.000000,0.000930,1.651330
23920.0,100.000000,101.091232,0.002338,0.001818,1.944321,0.000000,-0.286780,0.000000,0.001410,1.651330
23930.0,100.000000,100.343292,0.012548,0.012582,1.838860,0.000000,0.046766,0.000000,0.000453,1.650947
23940.0,100.000000,101.418633,-0.003828,-0.003201,1.733782,0.000000,-1.139328,0.000000,0.000930,1.649796
23950.0,100.000000,98.484444,0.041542,0.042038,1.631389,0.000000,0.365557,0.000000,-0.000469,1.649413
23960.0,100.000000,100.551888,0.011235,0.010701,1.526311,0.000000,-0.035785,0.000000,-0.000938,1.649413
23970.0,100.000000,101.407051,-0.002606,-0.000487,1.420466,0.000000,0.745787,0.000000,0.001401,1.649796
23980.0,100.000000,100.756966,0.006095,0.004899,1.314622,0.000000,0.402490,0.000000,-0.000930,1.650563
23990.0,100.000000,101.010315,0.001143,0.001846,1.208777,0.000000,-0.212316,0.000000,-0.002791,1.650563
24000.0,100.000000,99.455246,0.024654,0.024671,1.104466,0.000000,0.013535,0.000000,0.000930,1.650563
24010.0,100.000000,100.190758,0.013402,0.014501,0.999005,0.000000,0.001604,0.000000,0.000475,1.650563
24020.0,100.000000,98.313004,0.040821,0.040797,0.895078,0.000000,-0.029164,0.000000,0.000930,1.650563
24030.0,100.000000,101.170975,-0.001765,-0.000000,0.790384,0.000000,-0.022376,0.000000,-0.000000,1.650563
24040.0,100.000000,100.364784,0.009364,0.009586,0.684539,0.000000,0.000614,0.000000,0.000930,1.650563
24050.0,100.000000,99.286499,0.026151,0.025497,0.580612,0.000000,-0.015288,0.000000,-0.000000,1.650563
24060.0,100.000000,98.579781,0.036810,0.035834,0.476301,0.000000,-0.002504,0.000000,-0.000000,1.650563
24070.0,100.000000,101.149979,-0.001325,0.000000,0.370456,0.000000,-0.006805,0.000000,-0.000475,1.650563
24080.0,100.000000,100.093803,0.013866,0.013767,0.266146,0.000000,-0.000042,0.000000,-0.000951,1.650563
24090.0,100.000000,102.422508,-0.022257,-0.021068,0.158384,0.000000,0.008921,0.000000,-0.000475,1.650563
24100.0,100.000000,97.608467,0.050394,0.049339,0.056374,0.000000,0.008247,0.000000,0.000455,1.650563
24110.0,100.000000,98.916992,0.032199,0.033043,6.236399,0.000000,0.019279,0.000000,0.000475,1.650563
24120.0,100.000000,99.246246,0.028028,0.027387,6.132088,0.000000,-0.016308,0.000000,0.000475,1.650563
24130.0,100.000000,101.124886,-0.000678,-0.000927,6.025093,0.000000,-0.000295,0.000000,0.000930,1.650563
24140.0,100.000000,101.560547,-0.008966,-0.008844,5.919632,0.000000,0.000202,0.000000,0.000930,1.650563
24150.0,100.000000,97.899811,0.046813,0.045019,5.815705,0.000000,-0.005449,0.000000,-0.000000,1.650563
24160.0,100.000000,98.860947,0.033780,0.033042,5.712928,0.000000,-0.016200,0.000000,0.000930,1.650180
24170.0,100.000000,100.197662,0.013817,0.013190,5.607083,0.000000,0.260746,0.000000,0.001404,1.650180
24180.0,100.000000,100.675827,0.005815,0.007190,5.501239,0.000000,-0.047424,0.000000,0.001404,1.650180
24190.0,100.000000,100.242348,0.011396,0.011282,5.396161,0.000000,0.006904,0.000000,-0.000946,1.650180
24200.0,100.000000,96.741478,0.065776,0.065192,5.294151,0.000000,-0.014448,0.000000,-0.000000,1.650180
24210.0,100.000000,98.932076,0.034910,0.034653,5.190991,0.000000,-0.008387,0.000000,-0.000000,1.650180
24220.0,100.000000,99.557556,0.026156,0.025909,5.086297,0.000000,-0.008427,0.000000,0.000930,1.650180
24230.0,100.000000,100.417595,0.012013,0.011268,4.980452,0.000000,-0.000103,0.000000,-0.000473,1.650180
24240.0,100.000000,101.676704,-0.007274,-0.006404,4.874608,0.000000,0.000683,0.000000,0.001861,1.650180
24250.0,100.000000,98.540009,0.040698,0.040649,4.771831,0.000000,0.001035,0.000000,-0.000930,1.650180
24260.0,100.000000,98.391441,0.043297,0.043266,4.667520,0.000000,-0.004500,0.000000,-0.000473,1.650180
24270.0,100.000000,102.191895,-0.014080,-0.014080,4.561676,0.000000,0.016580,0.000000,-0.000457,1.650180
24280.0,100.000000,100.634750,0.008866,0.009715,4.456981,0.000000,0.006950,0.000000,0.000457,1.650180
24290.0,100.000000,100.869705,0.005031,0.004989,4.351903,0.000000,-0.027197,0.000000,0.000930,1.650180
24300.0,100.000000,98.656471,0.039042,0.038369,4.247976,0.000000,0.006387,0.000000,0.000473,1.650180
24310.0,100.000000,99.761314,0.022469,0.022563,4.142899,0.000000,0.001969,0.000000,-0.000000,1.650180
24320.0,100.000000,101.347038,-0.002245,-0.003634,4.037054,0.000000,-0.010335,0.000000,0.000473,1.650180
24330.0,100.000000,100.747635,0.006381,0.006095,3.931976,0.000000,-0.026665,0.000000,0.000473,1.650180
24340.0,100.000000,101.263275,-0.002160,-0.001599,3.826132,0.000000,-0.020766,0.000000,-0.001877,1.650180
24350.0,100.000000,98.071548,0.045819,0.045193,3.722204,0.000000,0.018736,0.000000,0.001404,1.650180
24360.0,100.000000,98.210381,0.044321,0.043734,3.618661,0.000000,-0.020433,0.000000,0.001404,1.650180
24370.0,100.000000,100.537544,0.010000,0.009842,3.513967,0.000000,-0.010659,0.000000,-0.000473,1.650180
24380.0,100.000000,99.635864,0.024298,0.024144,3.409656,0.000000,-0.021290,0.000000,0.000930,1.650180
24390.0,100.000000,101.537109,-0.005489,-0.005178,3.303428,0.000000,-0.019747,0.000000,0.000930,1.650180
24400.0,100.000000,98.850037,0.034849,0.034727,3.199117,0.000000,-0.027119,0.000000,-0.000000,1.650180
24410.0,100.000000,98.655479,0.038442,0.039477,3.095190,0.000000,0.012798,0.000000,-0.000000,1.650180
24420.0,100.000000,100.532990,0.010383,0.010689,2.990112,0.000000,-0.004040,0.000000,-0.000000,1.650180
24430.0,100.000000,101.263199,-0.001405,-0.000529,2.884268,0.000000,-0.026726,0.000000,-0.000000,1.650180
24440.0,100.000000,102.404175,-0.020467,-0.020400,2.777656,0.000000,-0.011213,0.000000,-0.000930,1.650180
24450.0,100.000000,97.963364,0.047132,0.046949,2.674879,0.000000,-0.002966,0.000000,-0.000000,1.650180
24460.0,100.000000,98.943420,0.034045,0.032578,2.571335,0.000000,-0.011999,0.000000,0.000930,1.650180
24470.0,100.000000,100.506035,0.011334,0.012304,2.467025,0.000000,0.014705,0.000000,-0.000000,1.650180
24480.0,100.000000,100.466774,0.010428,0.010475,2.360796,0.000000,-0.025172,0.000000,-0.000000,1.650180
24490.0,100.000000,101.760941,-0.010125,-0.008867,2.254568,0.000000,-0.020242,0.000000,-0.000000,1.650180
24500.0,100.000000,97.593513,0.053478,0.053608,2.152175,0.000000,-0.000039,0.000000,-0.000000,1.650180
24510.0,100.000000,99.649544,0.023767,0.023363,2.048248,0.000000,-0.000945,0.000000,-0.000000,1.650180
24520.0,100.000000,100.809677,0.006411,0.006988,1.942787,0.000000,-0.010212,0.000000,0.000473,1.650180
24530.0,100.000000,100.549469,0.009282,0.011122,1.836942,0.000000,0.003867,0.000000,0.000457,1.650180
24540.0,100.000000,100.446701,0.010705,0.010568,1.732631,0.000000,-0.008982,0.000000,0.000930,1.650180
24550.0,100.000000,97.988205,0.048951,0.047842,1.629855,0.000000,-0.014961,0.000000,-0.002839,1.650180
24560.0,100.000000,100.402893,0.013303,0.013043,1.524777,0.000000,0.004833,0.000000,-0.000000,1.650180
24570.0,100.000000,100.719437,0.007519,0.007590,1.418932,0.000000,-0.014442,0.000000,-0.000000,1.650180
24580.0,100.000000,101.303123,-0.002094,-0.001682,1.313471,0.000000,-0.005332,0.000000,0.001404,1.650180
24590.0,100.000000,101.007538,0.001251,0.001274,1.207626,0.000000,0.019309,0.000000,-0.001404,1.650180
24600.0,100.000000,98.733040,0.035682,0.035630,1.103316,0.000000,0.007005,0.000000,0.000473,1.650180
24610.0,100.000000,100.167290,0.013710,0.014528,0.997855,0.000000,-0.010471,0.000000,0.000473,1.650180
24620.0,100.000000,101.001442,0.000772,0.000649,0.892393,0.000000,-0.028748,0.000000,0.000930,1.650180
24630.0,100.000000,99.785759,0.019157,0.020014,0.788083,0.000000,-0.013085,0.000000,-0.000946,1.650180
24640.0,100.000000,100.725594,0.004099,0.003779,0.682238,0.000000,0.022981,0.000000,0.000457,1.650180
24650.0,100.000000,99.677422,0.020071,0.020248,0.578311,0.000000,0.001657,0.000000,0.000930,1.650180
24660.0,100.000000,99.670410,0.020557,0.020459,0.474000,0.000000,-0.000647,0.000000,-0.000000,1.650180
24670.0,100.000000,100.562256,0.007358,0.007601,0.368922,0.000000,-0.029880,0.000000,0.000930,1.650180
24680.0,100.000000,100.179672,0.012750,0.013761,0.263845,0.000000,0.011374,0.000000,0.002334,1.650180
24690.0,100.000000,102.559906,-0.024414,-0.024067,0.157233,0.000000,0.001578,0.000000,0.000473,1.650180
24700.0,100.000000,97.751015,0.048374,0.049971,0.054073,0.000000,0.001841,0.000000,-0.000946,1.650180
24710.0,100.000000,98.250999,0.042121,0.041913,6.234098,0.000000,-0.004172,0.000000,0.000930,1.650180
24720.0,100.000000,99.658707,0.021669,0.020772,6.129787,0.000000,-0.000790,0.000000,-0.000473,1.650180
24730.0,100.000000,101.815254,-0.011181,-0.010731,6.023559,0.000000,0.004554,0.000000,-0.000473,1.650180
24740.0,100.000000,101.350143,-0.005711,-0.003910,5.917331,0.000000,-0.020473,0.000000,0.001404,1.650180
24750.0,100.000000,97.166878,0.057636,0.057330,5.814554,0.000000,-0.013868,0.000000,-0.000489,1.650180
24760.0,100.000000,99.569855,0.022909,0.025161,5.710627,0.000000,-0.002365,0.000000,0.000930,1.650180
24770.0,100.000000,100.755363,0.005434,0.006483,5.605933,0.000000,-0.011749,0.000000,0.000473,1.650180
24780.0,100.000000,101.323204,-0.003986,-0.003217,5.499705,0.000000,0.011808,0.000000,0.000930,1.650180
24790.0,100.000000,99.646988,0.020371,0.020145,5.395010,0.000000,0.011217,0.000000,-0.001388,1.650180
24800.0,100.000000,96.556000,0.068606,0.066397,5.292617,0.000000,0.015049,0.000000,-0.000000,1.650180
24810.0,100.000000,97.734314,0.052997,0.052372,5.189841,0.000000,-0.004766,0.000000,0.000930,1.650180
24820.0,100.000000,99.889992,0.020816,0.020126,5.084763,0.000000,-0.010964,0.000000,-0.000000,1.650180
24830.0,100.000000,100.548080,0.010227,0.009669,4.978918,0.000000,0.005852,0.000000,0.000930,1.650180
24840.0,100.000000,101.292465,-0.001413,0.001720,4.873457,0.000000,-0.032599,0.000000,-0.000000,1.650180
24850.0,100.000000,98.665703,0.038843,0.040452,4.770680,0.000000,0.014795,0.000000,-0.000000,1.650180
24860.0,100.000000,98.946907,0.035363,0.034885,4.666370,0.000000,-0.002718,0.000000,0.000930,1.650180
24870.0,100.000000,99.941902,0.019381,0.019002,4.561676,0.000000,-0.019447,0.000000,0.000930,1.650180
24880.0,100.000000,100.623245,0.009063,0.008955,4.456598,0.000000,-0.009105,0.000000,0.000473,1.650180
24890.0,100.000000,100.760551,0.006774,0.007025,4.351520,0.000000,-0.021329,0.000000,0.000930,1.650180
24900.0,0.000000,96.472305,0.000000,-0.000303,4.246442,0.000000,-0.004854,0.000000,-0.000930,1.650180
24910.0,0.000000,95.057098,0.000000,-0.000792,4.148268,0.000000,0.003845,0.000000,0.000473,1.650180
24920.0,0.000000,94.462570,0.000000,-0.000919,4.047409,0.000000,-0.009124,0.000000,0.000473,1.650180
24930.0,0.000000,92.292763,0.000000,-0.000635,3.952302,0.000000,0.913614,0.000000,-0.000930,1.650947
24940.0,0.000000,91.107803,0.000000,0.000000,3.854510,0.000000,-0.129436,0.000000,-0.000000,1.650947
24950.0,0.000000,88.942513,0.000000,0.001021,3.762088,0.000000,0.031472,0.000000,0.000477,1.650947
24960.0,0.000000,86.074081,0.000000,-0.000716,3.671200,0.000000,-0.024929,0.000000,-0.000000,1.650947
24970.0,0.000000,79.625450,0.000000,-0.000900,3.584146,0.000000,0.010106,0.000000,-0.000453,1.650947
24980.0,0.000000,76.511711,0.000000,-0.000000,3.504379,0.000000,-0.045071,0.000000,-0.000477,1.650947
24990.0,0.000000,73.494957,0.000000,-0.000884,3.424996,0.000000,0.031386,0.000000,-0.000477,1.650947
25000.0,0.000000,73.919075,0.000000,-0.000304,3.348680,0.000000,0.005932,0.000000,0.000477,1.650947
25010.0,0.000000,73.477310,0.000000,-0.000874,3.271214,0.000000,-0.176417,0.000000,-0.000475,1.650563
25020.0,0.000000,68.600685,0.000000,0.000000,3.198734,0.000000,0.061239,0.000000,0.000930,1.650563
25030.0,0.000000,63.428627,0.000000,-0.000211,3.129704,0.000000,0.001477,0.000000,-0.000020,1.650563
25040.0,0.000000,59.319447,0.000000,-0.000886,3.065661,0.000000,-0.002076,0.000000,0.000930,1.650563
25050.0,0.000000,57.372704,0.000000,0.000000,3.004685,0.000000,-0.025436,0.000000,-0.002791,1.650563
25060.0,0.000000,56.436214,0.000000,0.000799,2.944860,0.000000,0.005372,0.000000,-0.000000,1.650563
25070.0,0.000000,58.592640,0.000000,-0.000136,2.884651,0.000000,-0.000417,0.000000,0.000475,1.650563
25080.0,0.000000,58.872383,0.000000,0.000170,2.823675,0.000000,0.014785,0.000000,0.000475,1.650563
25090.0,0.000000,57.529552,0.000000,-0.000000,2.762699,0.000000,0.019208,0.000000,-0.000930,1.650563
25100.0,0.000000,50.313469,0.000000,0.000550,2.706709,0.000000,0.001341,0.000000,0.000930,1.650563
25110.0,0.000000,43.896564,0.000000,-0.000836,2.658005,0.000000,0.016710,0.000000,-0.001861,1.650563
25120.0,0.000000,37.831051,0.000000,-0.000888,2.616204,0.000000,-0.010456,0.000000,0.001406,1.650563
25130.0,0.000000,31.954454,0.000000,-0.001935,2.580156,0.000000,-0.001000,0.000000,0.000930,1.650563
25140.0,0.000000,28.041813,0.000000,0.000595,2.548709,0.000000,0.019540,0.000000,-0.000475,1.650563
25150.0,0.000000,25.263002,0.000000,-0.001015,2.521097,0.000000,0.032083,0.000000,-0.001406,1.650563
25160.0,0.000000,24.764786,0.000000,0.000795,2.495403,0.000000,-0.024050,0.000000,-0.001881,1.650563
25170.0,0.000000,22.513283,0.000000,0.000180,2.470860,0.000000,-0.017414,0.000000,-0.000475,1.650563
25180.0,0.000000,23.219196,0.000000,0.000000,2.447083,0.000000,0.010411,0.000000,-0.000000,1.650563
25190.0,0.000000,23.395712,0.000000,0.000472,2.422539,0.000000,0.027554,0.000000,-0.000475,1.650563
25200.0,0.000000,24.192532,0.000000,-0.000016,2.397228,0.000000,-0.022982,0.000000,0.000930,1.650563
25210.0,0.000000,25.379810,0.000000,-0.000868,2.371151,0.000000,-0.022608,0.000000,0.000455,1.650563
25220.0,0.000000,26.543901,0.000000,0.000000,2.343923,0.000000,0.002117,0.000000,-0.000000,1.650563
25230.0,0.000000,27.719864,0.000000,0.002216,2.315544,0.000000,0.011894,0.000000,-0.000000,1.650563
25240.0,0.000000,26.271748,0.000000,-0.001315,2.287165,0.000000,0.006928,0.000000,-0.000475,1.650563
25250.0,0.000000,23.798365,0.000000,0.000000,2.261088,0.000000,0.005893,0.000000,0.000455,1.650563
25260.0,0.000000,19.957914,0.000000,0.000902,2.238461,0.000000,-0.001207,0.000000,-0.000000,1.650563
25270.0,0.000000,15.998343,0.000000,0.000136,2.220437,0.000000,0.026293,0.000000,-0.000930,1.650563
25280.0,0.000000,8.763004,0.000000,0.000000,2.208165,0.000000,0.004387,0.000000,-0.000000,1.650563
25290.0,0.000000,4.010406,0.000000,0.000797,2.202029,0.000000,-0.013508,0.000000,0.000020,1.650563
25300.0,0.000000,-0.781436,0.000000,0.000000,2.200879,0.000000,-0.002164,0.000000,0.000475,1.650563
25310.0,0.000000,-7.691078,0.000000,0.000000,2.205864,0.000000,-0.005090,0.000000,-0.000000,1.650563
25320.0,0.000000,-9.568857,0.000000,0.000000,2.215068,0.000000,0.011562,0.000000,-0.000930,1.650563
25330.0,0.000000,-11.663395,0.000000,0.000000,2.226957,0.000000,-0.019593,0.000000,0.000475,1.650563
25340.0,0.000000,-12.799778,0.000000,-0.000903,2.239995,0.000000,0.021366,0.000000,-0.000000,1.650563
25350.0,0.000000,-12.758563,0.000000,0.000920,2.253034,0.000000,0.007992,0.000000,-0.000455,1.650563
25360.0,0.000000,-11.963615,0.000000,0.000000,2.265306,0.000000,-0.012334,0.000000,0.001406,1.650563
25370.0,0.000000,-9.105035,0.000000,-0.000930,2.276428,0.000000,0.024760,0.000000,-0.000000,1.650563
25380.0,0.000000,-7.344196,0.000000,0.000000,2.284864,0.000000,-0.003144,0.000000,-0.000475,1.650563
25390.0,0.000000,-4.434477,0.000000,0.000924,2.290617,0.000000,-0.001664,0.000000,0.001406,1.650563
25400.0,0.000000,-0.899724,0.000000,0.000356,2.292918,0.000000,-0.007582,0.000000,-0.000000,1.650563
25410.0,0.000000,0.269336,0.000000,0.000000,2.292918,0.000000,0.021634,0.000000,-0.000475,1.650563
25420.0,0.000000,5.070306,0.000000,-0.000925,2.289083,0.000000,0.018083,0.000000,-0.000475,1.650563
25430.0,0.000000,5.202110,0.000000,0.000000,2.284097,0.000000,0.014188,0.000000,-0.000000,1.650563
25440.0,0.000000,4.377586,0.000000,0.000930,2.279112,0.000000,0.007337,0.000000,0.000930,1.650563
25450.0,0.000000,3.438985,0.000000,0.000930,2.275277,0.000000,-0.006405,0.000000,0.000930,1.650563
25460.0,0.000000,1.361275,0.000000,0.000000,2.273360,0.000000,-0.013232,0.000000,-0.000455,1.650563
25470.0,0.000000,0.032728,0.000000,-0.000930,2.272976,0.000000,0.034591,0.000000,-0.003267,1.650563
25480.0,0.000000,-0.033715,0.000000,-0.000472,2.272976,0.000000,0.002988,0.000000,0.000930,1.650563
25490.0,0.000000,-2.358956,0.000000,0.000930,2.275277,0.000000,-0.004236,0.000000,0.001406,1.650563
25500.0,0.000000,-1.907976,0.000000,0.000446,2.277578,0.000000,-0.009970,0.000000,-0.000475,1.650563
25510.0,0.000000,-1.807729,0.000000,0.000435,2.279495,0.000000,0.014188,0.000000,-0.000000,1.650563
25520.0,0.000000,-0.697448,0.000000,0.001360,2.280262,0.000000,0.018420,0.000000,-0.001881,1.650563
25530.0,0.000000,0.219919,0.000000,0.000000,2.280262,0.000000,0.005031,0.000000,-0.000000,1.650563
25540.0,0.000000,-0.029119,0.000000,-0.000497,2.279879,0.000000,-0.019520,0.000000,-0.000000,1.650563
25550.0,0.000000,1.348000,0.000000,-0.000440,2.278728,0.000000,0.018700,0.000000,-0.002336,1.650563
25560.0,0.000000,0.908576,0.000000,0.000930,2.277578,0.000000,-0.007734,0.000000,-0.000000,1.650563
25570.0,0.000000,-0.231555,0.000000,0.000892,2.277578,0.000000,-0.002319,0.000000,-0.001861,1.650563
25580.0,0.000000,0.038011,0.000000,-0.000930,2.277578,0.000000,0.023086,0.000000,-0.000000,1.650563
25590.0,0.000000,0.025284,0.000000,0.001861,2.277578,0.000000,-0.008257,0.000000,-0.001861,1.650563
25600.0,0.000000,-0.903832,0.000000,0.001374,2.277961,0.000000,0.001665,0.000000,0.000930,1.650563
25610.0,0.000000,-0.040247,0.000000,-0.000930,2.278345,0.000000,0.014300,0.000000,-0.000951,1.650563
25620.0,0.000000,-0.006473,0.000000,0.000442,2.278345,0.000000,0.004952,0.000000,-0.002811,1.650563
25630.0,0.000000,-0.029567,0.000000,-0.000930,2.278345,0.000000,-0.020561,0.000000,-0.000475,1.650563
25640.0,0.000000,0.013372,0.000000,-0.000488,2.278345,0.000000,0.007149,0.000000,0.000475,1.650563
25650.0,0.000000,0.046072,0.000000,0.000930,2.278345,0.000000,-0.005880,0.000000,-0.000930,1.650563
25660.0,0.000000,-0.001211,0.000000,0.000930,2.278345,0.000000,0.018485,0.000000,0.000475,1.650563
25670.0,0.000000,-0.015884,0.000000,-0.000930,2.278345,0.000000,-0.007259,0.000000,-0.001406,1.650563
25680.0,0.000000,-0.012197,0.000000,0.000000,2.278345,0.000000,0.007771,0.000000,-0.000000,1.650563
25690.0,0.000000,0.021455,0.000000,-0.001372,2.278345,0.000000,-0.012811,0.000000,-0.000930,1.650563
25700.0,0.000000,0.041738,0.000000,0.000000,2.278345,0.000000,-0.001088,0.000000,-0.000000,1.650563
25710.0,0.000000,0.015790,0.000000,0.000000,2.278345,0.000000,-0.009326,0.000000,-0.000930,1.650563
25720.0,0.000000,-0.001075,0.000000,0.000000,2.278345,0.000000,0.008748,0.000000,-0.000000,1.650563
25730.0,0.000000,-0.015012,0.000000,-0.000488,2.278345,0.000000,0.007521,0.000000,-0.000475,1.650563
25740.0,0.000000,-0.027792,0.000000,0.000000,2.278345,0.000000,0.018742,0.000000,0.000475,1.650563
25750.0,0.000000,0.018903,0.000000,-0.000930,2.278345,0.000000,-0.005320,0.000000,-0.000930,1.650563
25760.0,0.000000,0.039968,0.000000,0.000000,2.278345,0.000000,-0.012625,0.000000,-0.000000,1.650563
25770.0,0.000000,0.035485,0.000000,-0.000442,2.278345,0.000000,-0.001262,0.000000,-0.000930,1.650563
25780.0,0.000000,-0.006104,0.000000,0.000000,2.278345,0.000000,-0.002212,0.000000,-0.000000,1.650563
25790.0,0.000000,-0.006171,0.000000,-0.001372,2.278345,0.000000,0.017037,0.000000,-0.000475,1.650563
25800.0,0.000000,-0.006943,0.000000,-0.000930,2.278345,0.000000,0.009469,0.000000,0.000475,1.650563
25810.0,0.000000,-0.006306,0.000000,-0.000442,2.278345,0.000000,-0.000037,0.000000,0.001406,1.650563
25820.0,0.000000,0.013853,0.000000,0.000000,2.278345,0.000000,-0.009576,0.000000,-0.001881,1.650563
25830.0,0.000000,0.013910,0.000000,0.000000,2.278345,0.000000,0.008748,0.000000,-0.000000,1.650563
25840.0,0.000000,0.028828,0.000000,0.000930,2.278345,0.000000,-0.008846,0.000000,-0.000000,1.650563
25850.0,0.000000,-0.018536,0.000000,0.002790,2.278345,0.000000,0.010754,0.000000,-0.000000,1.650563
25860.0,0.000000,0.003068,0.000000,0.000000,2.278345,0.000000,-0.021107,0.000000,-0.000000,1.650563
25870.0,0.000000,-0.016145,0.000000,0.000930,2.278345,0.000000,0.019341,0.000000,-0.000000,1.650563
25880.0,0.000000,-0.003500,0.000000,-0.000442,2.278345,0.000000,0.003433,0.000000,-0.000000,1.650563
25890.0,0.000000,0.024171,0.000000,-0.001860,2.278345,0.000000,0.010028,0.000000,0.000475,1.650563
25900.0,0.000000,-0.019943,0.000000,0.000488,2.278345,0.000000,-0.000321,0.000000,0.000475,1.650563
25910.0,0.000000,0.027080,0.000000,-0.000442,2.278345,0.000000,-0.014811,0.000000,-0.000000,1.650563
25920.0,0.000000,0.038031,0.000000,0.000000,2.278345,0.000000,0.002330,0.000000,0.000475,1.650563
25930.0,0.000000,-0.026180,0.000000,0.000000,2.278345,0.000000,-0.001374,0.000000,-0.003267,1.650563
25940.0,0.000000,-0.016463,0.000000,0.000000,2.278345,0.000000,0.018092,0.000000,-0.000000,1.650563
25950.0,0.000000,-0.002582,0.000000,0.001372,2.278345,0.000000,0.003167,0.000000,-0.001881,1.650563
25960.0,0.000000,-0.017429,0.000000,0.000000,2.278345,0.000000,-0.023417,0.000000,-0.000000,1.650563
25970.0,0.000000,-0.017497,0.000000,-0.000930,2.278345,0.000000,0.023244,0.000000,-0.000000,1.650563
25980.0,0.000000,-0.002709,0.000000,-0.000930,2.278345,0.000000,-0.000351,0.000000,0.000475,1.650563
25990.0,0.000000,0.037628,0.000000,-0.000442,2.278345,0.000000,0.017296,0.000000,-0.000000,1.650563
26000.0,0.000000,0.029513,0.000000,-0.000930,2.278345,0.000000,-0.002102,0.000000,0.000455,1.650563
26010.0,0.000000,0.008685,0.000000,-0.000930,2.278345,0.000000,0.020539,0.000000,-0.000000,1.650563
26020.0,0.000000,0.001932,0.000000,0.000000,2.278345,0.000000,0.027514,0.000000,-0.000000,1.650563
26030.0,0.000000,0.001160,0.000000,0.000000,2.278345,0.000000,-0.017510,0.000000,0.000475,1.650563
26040.0,0.000000,-0.006377,0.000000,-0.000930,2.278345,0.000000,0.014184,0.000000,-0.001861,1.650563
26050.0,0.000000,0.026777,0.000000,-0.000930,2.278345,0.000000,0.000247,0.000000,-0.000475,1.650563
26060.0,0.000000,-0.011225,0.000000,0.001372,2.278345,0.000000,0.006349,0.000000,-0.000000,1.650563
26070.0,0.000000,-0.019793,0.000000,0.000442,2.278345,0.000000,-0.006270,0.000000,-0.002336,1.650563
26080.0,0.000000,-0.005785,0.000000,-0.000930,2.278345,0.000000,0.005076,0.000000,0.000930,1.650563
26090.0,0.000000,0.002242,0.000000,0.000000,2.278345,0.000000,0.012870,0.000000,-0.000475,1.650563
26100.0,0.000000,0.029167,0.000000,0.000000,2.278345,0.000000,0.018277,0.000000,-0.000000,1.650563
26110.0,0.000000,-0.049321,0.000000,0.000000,2.278345,0.000000,0.013733,0.000000,-0.000475,1.650563
26120.0,0.000000,0.039806,0.000000,0.000488,2.278345,0.000000,-0.000803,0.000000,0.000455,1.650563
26130.0,0.000000,0.001398,0.000000,0.000000,2.278345,0.000000,-0.038112,0.000000,0.000930,1.650563
26140.0,0.000000,-0.032595,0.000000,-0.000930,2.278345,0.000000,0.038997,0.000000,-0.001861,1.650563
26150.0,0.000000,-0.018381,0.000000,0.000000,2.278345,0.000000,-0.000379,0.000000,-0.000000,1.650563
26160.0,0.000000,-0.017538,0.000000,-0.000930,2.278345,0.000000,-0.039663,0.000000,0.001861,1.650563
26170.0,0.000000,-0.023381,0.000000,0.000000,2.278345,0.000000,0.013254,0.000000,-0.000930,1.650563
26180.0,0.000000,-0.007310,0.000000,-0.000930,2.278345,0.000000,0.002891,0.000000,-0.000020,1.650563
26190.0,0.000000,0.027499,0.000000,0.000000,2.278345,0.000000,-0.020206,0.000000,-0.000000,1.650563
26200.0,0.000000,0.017443,0.000000,-0.000442,2.278345,0.000000,-0.006316,0.000000,0.000475,1.650563
26210.0,0.000000,-0.033222,0.000000,-0.000930,2.278345,0.000000,0.001336,0.000000,-0.000000,1.650563
26220.0,0.000000,0.025028,0.000000,0.000488,2.278345,0.000000,-0.025483,0.000000,0.000930,1.650563
26230.0,0.000000,0.027558,0.000000,0.000000,2.278345,0.000000,0.000600,0.000000,-0.000930,1.650563
26240.0,0.000000,0.027491,0.000000,0.000000,2.278345,0.000000,-0.012032,0.000000,-0.001406,1.650563
26250.0,0.000000,0.000511,0.000000,0.000930,2.278345,0.000000,0.033702,0.000000,0.000475,1.650563
26260.0,0.000000,0.006019,0.000000,-0.000442,2.278345,0.000000,-0.001557,0.000000,-0.000475,1.650563
26270.0,0.000000,-0.000734,0.000000,-0.000488,2.278345,0.000000,0.033172,0.000000,0.000930,1.650563
26280.0,0.000000,-0.015660,0.000000,0.000442,2.278345,0.000000,0.019015,0.000000,-0.000455,1.650563
26290.0,0.000000,0.032273,0.000000,-0.001372,2.278345,0.000000,-0.003063,0.000000,0.000930,1.650563
26300.0,0.000000,0.030591,0.000000,-0.000442,2.278345,0.000000,0.009564,0.000000,-0.000930,1.650563
26310.0,0.000000,0.015462,0.000000,0.000442,2.278345,0.000000,-0.013476,0.000000,0.002336,1.650563
26320.0,0.000000,0.024805,0.000000,0.000488,2.278345,0.000000,0.016900,0.000000,-0.000475,1.650563
26330.0,0.000000,-0.031434,0.000000,0.000000,2.278345,0.000000,0.006834,0.000000,-0.000475,1.650563
26340.0,0.000000,0.011680,0.000000,-0.000930,2.278345,0.000000,0.022544,0.000000,-0.000000,1.650563
26350.0,0.000000,0.052722,0.000000,-0.000930,2.278345,0.000000,-0.006556,0.000000,0.000475,1.650563
26360.0,0.000000,0.013732,0.000000,0.000000,2.278345,0.000000,0.025370,0.000000,-0.001406,1.650563
26370.0,0.000000,-0.035951,0.000000,0.000000,2.278345,0.000000,0.024405,0.000000,-0.000951,1.650563
26380.0,0.000000,-0.015258,0.000000,0.000000,2.278345,0.000000,-0.004191,0.000000,-0.000930,1.650563
26390.0,0.000000,-0.029401,0.000000,0.000930,2.278345,0.000000,-0.003754,0.000000,-0.000000,1.650563
26400.0,0.000000,0.008090,0.000000,0.000000,2.278345,0.000000,-0.008447,0.000000,-0.000930,1.650563
26410.0,0.000000,0.007817,0.000000,-0.000930,2.278345,0.000000,-0.019088,0.000000,-0.000000,1.650563
26420.0,0.000000,0.014480,0.000000,0.000442,2.278345,0.000000,0.009841,0.000000,-0.000000,1.650563
26430.0,0.000000,0.000337,0.000000,-0.000930,2.278345,0.000000,0.025037,0.000000,-0.000000,1.650563
26440.0,0.000000,-0.007120,0.000000,0.000000,2.278345,0.000000,0.018379,0.000000,-0.000930,1.650563
26450.0,0.000000,-0.001207,0.000000,0.000000,2.278345,0.000000,-0.024330,0.000000,-0.000000,1.650563
26460.0,0.000000,0.004707,0.000000,0.000000,2.278345,0.000000,0.023857,0.000000,-0.002336,1.650563
26470.0,0.000000,-0.016121,0.000000,-0.000930,2.278345,0.000000,0.010046,0.000000,-0.000475,1.650563
26480.0,0.000000,-0.003352,0.000000,0.000000,2.278345,0.000000,-0.005110,0.000000,-0.000000,1.650563
26490.0,0.000000,0.023116,0.000000,-0.000442,2.278345,0.000000,0.038694,0.000000,-0.000000,1.650563
26500.0,0.000000,0.015453,0.000000,0.000000,2.278345,0.000000,-0.010496,0.000000,-0.000000,1.650563
26510.0,0.000000,0.027846,0.000000,-0.000930,2.278345,0.000000,0.014836,0.000000,-0.000000,1.650563
26520.0,0.000000,-0.016592,0.000000,0.001372,2.278345,0.000000,0.024814,0.000000,-0.000000,1.650563
26530.0,0.000000,-0.026647,0.000000,0.000000,2.278345,0.000000,0.007623,0.000000,-0.000475,1.650563
26540.0,0.000000,0.018689,0.000000,-0.000930,2.278345,0.000000,0.003914,0.000000,-0.000930,1.650563
26550.0,0.000000,0.011026,0.000000,0.000000,2.278345,0.000000,-0.000694,0.000000,-0.000000,1.650563
26560.0,0.000000,0.004067,0.000000,0.000000,2.278345,0.000000,-0.033547,0.000000,0.000455,1.650563
26570.0,0.000000,0.016713,0.000000,0.002790,2.278345,0.000000,0.033837,0.000000,-0.003267,1.650563
26580.0,0.000000,-0.022727,0.000000,0.000000,2.278345,0.000000,0.001882,0.000000,-0.000000,1.650563
26590.0,0.000000,-0.012101,0.000000,0.000000,2.278345,0.000000,-0.002037,0.000000,-0.001386,1.650563
26600.0,0.000000,0.014367,0.000000,0.000930,2.278345,0.000000,0.017677,0.000000,-0.000000,1.650563
26610.0,0.000000,0.034151,0.000000,-0.001372,2.278345,0.000000,-0.029869,0.000000,0.001406,1.650563
26620.0,0.000000,0.005933,0.000000,-0.001372,2.278345,0.000000,-0.029894,0.000000,0.000475,1.650563
26630.0,0.000000,0.019941,0.000000,0.000884,2.278345,0.000000,0.001832,0.000000,0.000930,1.650563
26640.0,0.000000,0.009058,0.000000,0.000000,2.278345,0.000000,-0.012610,0.000000,-0.000930,1.650563
26650.0,0.000000,-0.017339,0.000000,0.000000,2.278345,0.000000,0.041550,0.000000,-0.000000,1.650563
26660.0,0.000000,-0.030449,0.000000,0.000000,2.278345,0.000000,0.017981,0.000000,-0.000475,1.650563
26670.0,0.000000,0.002499,0.000000,0.000930,2.278345,0.000000,0.013529,0.000000,-0.002336,1.650563
26680.0,0.000000,0.030330,0.000000,-0.000930,2.278345,0.000000,-0.031531,0.000000,0.000930,1.650563
26690.0,0.000000,-0.028636,0.000000,0.000000,2.278345,0.000000,-0.024704,0.000000,0.000475,1.650563
26700.0,0.000000,-0.028251,0.000000,0.000930,2.278345,0.000000,0.004143,0.000000,-0.000000,1.650563
26710.0,0.000000,0.024753,0.000000,-0.000930,2.278345,0.000000,-0.028369,0.000000,0.000475,1.650563
26720.0,0.000000,0.025919,0.000000,0.000000,2.278345,0.000000,0.008667,0.000000,-0.000930,1.650563
26730.0,0.000000,0.023911,0.000000,0.000884,2.278345,0.000000,0.013684,0.000000,-0.000000,1.650563
26740.0,0.000000,0.006547,0.000000,0.000000,2.278345,0.000000,-0.006752,0.000000,0.000475,1.650563
26750.0,0.000000,-0.049568,0.000000,0.000442,2.278345,0.000000,0.003630,0.000000,-0.000000,1.650563
26760.0,0.000000,0.010951,0.000000,0.000488,2.278345,0.000000,0.003786,0.000000,-0.001406,1.650563
26770.0,0.000000,0.029370,0.000000,0.000000,2.278345,0.000000,0.012537,0.000000,-0.000000,1.650563
26780.0,0.000000,0.007713,0.000000,0.000000,2.278345,0.000000,0.006919,0.000000,-0.000000,1.650563
26790.0,0.000000,-0.040149,0.000000,0.000000,2.278345,0.000000,0.007689,0.000000,-0.000930,1.650563
26800.0,0.000000,0.013937,0.000000,0.000000,2.278345,0.000000,0.024153,0.000000,-0.000475,1.650563
26810.0,0.000000,0.027487,0.000000,0.001860,2.278345,0.000000,-0.023390,0.000000,0.000930,1.650563
26820.0,0.000000,-0.009605,0.000000,0.000930,2.278345,0.000000,-0.003083,0.000000,0.000475,1.650563
26830.0,0.000000,-0.021927,0.000000,-0.001860,2.278345,0.000000,0.018653,0.000000,0.000475,1.650563
26840.0,0.000000,-0.009282,0.000000,0.000930,2.278345,0.000000,0.006554,0.000000,-0.000000,1.650563
26850.0,0.000000,0.024577,0.000000,0.000930,2.278345,0.000000,0.028075,0.000000,-0.000000,1.650563
26860.0,0.000000,0.008743,0.000000,-0.000442,2.278345,0.000000,0.020141,0.000000,-0.000930,1.650563
26870.0,0.000000,-0.005400,0.000000,0.000000,2.278345,0.000000,-0.015691,0.000000,-0.000000,1.650563
26880.0,0.000000,-0.026228,0.000000,0.000000,2.278345,0.000000,0.014642,0.000000,-0.000475,1.650563
26890.0,0.000000,-0.004050,0.000000,0.000000,2.278345,0.000000,0.014101,0.000000,-0.001861,1.650563
26900.0,0.000000,0.002363,0.000000,0.000442,2.278345,0.000000,0.008151,0.000000,-0.000475,1.650563
26910.0,0.000000,0.029535,0.000000,0.000442,2.278345,0.000000,0.004274,0.000000,-0.000000,1.650563
26920.0,0.000000,-0.011188,0.000000,0.000000,2.278345,0.000000,0.019434,0.000000,-0.000455,1.650563
26930.0,0.000000,-0.019424,0.000000,0.000000,2.278345,0.000000,0.005937,0.000000,0.000930,1.650563
26940.0,0.000000,0.006638,0.000000,0.000000,2.278345,0.000000,0.000487,0.000000,-0.000475,1.650563
26950.0,0.000000,0.046728,0.000000,-0.000930,2.278345,0.000000,-0.049321,0.000000,-0.000000,1.650563
26960.0,0.000000,-0.026517,0.000000,-0.000930,2.278345,0.000000,0.030464,0.000000,-0.000000,1.650563
26970.0,0.000000,0.024723,0.000000,0.000000,2.278345,0.000000,-0.000759,0.000000,-0.000000,1.650563
26980.0,0.000000,0.017266,0.000000,-0.001372,2.278345,0.000000,0.020312,0.000000,-0.001406,1.650563
26990.0,0.000000,0.003123,0.000000,0.000000,2.278345,0.000000,-0.019646,0.000000,-0.000475,1.650563
27000.0,0.000000,0.023816,0.000000,-0.000930,2.278345,0.000000,0.009048,0.000000,0.000930,1.650563
27010.0,0.000000,-0.007827,0.000000,0.000000,2.278345,0.000000,0.006067,0.000000,-0.000475,1.650563
27020.0,0.000000,-0.006778,0.000000,0.000000,2.278345,0.000000,0.015236,0.000000,0.000930,1.650563
27030.0,0.000000,-0.007046,0.000000,0.000000,2.278345,0.000000,0.018153,0.000000,-0.000951,1.650563
27040.0,0.000000,-0.028202,0.000000,-0.001418,2.278345,0.000000,0.026721,0.000000,-0.001406,1.650563
27050.0,0.000000,0.007347,0.000000,-0.000488,2.278345,0.000000,-0.008505,0.000000,-0.000000,1.650563
27060.0,0.000000,0.035224,0.000000,0.000000,2.278345,0.000000,0.051108,0.000000,-0.000455,1.650563
27070.0,0.000000,-0.023540,0.000000,-0.000442,2.278345,0.000000,-0.009256,0.000000,0.000930,1.650563
27080.0,0.000000,-0.012790,0.000000,-0.000930,2.278345,0.000000,-1.235543,0.000000,-0.001413,1.649796
27090.0,0.000000,-1.263664,0.000000,-0.002790,2.279495,0.000000,0.548859,0.000000,0.000931,1.649413
27100.0,0.000000,0.348257,0.000000,-0.000930,2.279495,0.000000,-0.083773,0.000000,0.000469,1.649413
27110.0,0.000000,2.748786,0.000000,0.000000,2.277961,0.000000,2.877175,0.000000,-0.000000,1.651330
27120.0,0.000000,-0.436224,0.000000,-0.001376,2.277578,0.000000,-0.741718,0.000000,-0.000000,1.651330
27130.0,0.000000,0.102521,0.000000,-0.000484,2.277578,0.000000,0.100355,0.000000,-0.000480,1.651330
27140.0,0.000000,-0.003516,0.000000,-0.001861,2.277578,0.000000,-0.193465,0.000000,-0.000000,1.650947
27150.0,0.000000,-0.014147,0.000000,0.000484,2.277578,0.000000,-0.656737,0.000000,0.000930,1.650180
27160.0,0.000000,-1.473892,0.000000,-0.000930,2.278345,0.000000,0.384063,0.000000,-0.000473,1.650180
27170.0,0.000000,0.354187,0.000000,-0.000442,2.278345,0.000000,-0.035301,0.000000,-0.000457,1.650180
27180.0,0.000000,-0.092776,0.000000,0.000000,2.278345,0.000000,0.003621,0.000000,0.001404,1.650180
27190.0,0.000000,-0.015656,0.000000,-0.000442,2.278345,0.000000,0.039124,0.000000,0.000457,1.650180
27200.0,0.000000,0.016056,0.000000,0.000000,2.278345,0.000000,-0.006997,0.000000,0.000473,1.650180
27210.0,0.000000,0.005671,0.000000,0.000000,2.278345,0.000000,0.018984,0.000000,-0.001404,1.650180
27220.0,0.000000,-0.035918,0.000000,0.000442,2.278345,0.000000,-0.011385,0.000000,-0.000000,1.650180
27230.0,0.000000,0.006241,0.000000,-0.000488,2.278345,0.000000,0.018198,0.000000,0.001861,1.650180
27240.0,0.000000,-0.021977,0.000000,0.000930,2.278345,0.000000,-0.022983,0.000000,0.001404,1.650180
27250.0,0.000000,-0.050195,0.000000,0.000000,2.278345,0.000000,-0.003248,0.000000,-0.000930,1.650180
27260.0,0.000000,0.003564,0.000000,-0.001372,2.278345,0.000000,-0.017754,0.000000,0.000930,1.650180
27270.0,0.000000,0.002586,0.000000,0.000488,2.278345,0.000000,0.011612,0.000000,-0.000000,1.650180
27280.0,0.000000,0.023074,0.000000,0.000000,2.278345,0.000000,-0.012344,0.000000,-0.000457,1.650180
27290.0,0.000000,0.008725,0.000000,0.000000,2.278345,0.000000,0.017518,0.000000,0.000930,1.650180
27300.0,0.000000,0.026035,0.000000,0.000000,2.278345,0.000000,0.019928,0.000000,-0.000946,1.650180
27310.0,0.000000,-0.015553,0.000000,-0.001372,2.278345,0.000000,0.005443,0.000000,-0.001861,1.650180
27320.0,0.000000,0.054052,0.000000,-0.000930,2.278345,0.000000,0.003077,0.000000,0.000473,1.650180
27330.0,0.000000,-0.026048,0.000000,0.000000,2.278345,0.000000,0.007797,0.000000,-0.000473,1.650180
27340.0,0.000000,-0.031233,0.000000,0.000930,2.278345,0.000000,-0.007211,0.000000,0.001404,1.650180
27350.0,0.000000,0.018890,0.000000,0.000000,2.278345,0.000000,-0.005549,0.000000,-0.000457,1.650180
27360.0,0.000000,0.008457,0.000000,-0.001372,2.278345,0.000000,0.004235,0.000000,0.000473,1.650180
27370.0,0.000000,-0.018850,0.000000,0.000000,2.278345,0.000000,-0.009542,0.000000,0.000473,1.650180
27380.0,0.000000,-0.038848,0.000000,0.000442,2.278345,0.000000,-0.019129,0.000000,0.000930,1.650180
27390.0,0.000000,-0.000782,0.000000,0.001372,2.278345,0.000000,0.003721,0.000000,-0.000000,1.650180
27400.0,0.000000,0.042483,0.000000,0.000000,2.278345,0.000000,-0.018523,0.000000,-0.000473,1.650180
27410.0,0.000000,0.038207,0.000000,-0.000930,2.278345,0.000000,0.032204,0.000000,0.000473,1.650180
27420.0,0.000000,-0.031653,0.000000,-0.000442,2.278345,0.000000,-0.010459,0.000000,-0.002334,1.650180
27430.0,0.000000,0.012901,0.000000,-0.000930,2.278345,0.000000,0.026848,0.000000,0.000473,1.650180
27440.0,10.033608,1.071541,0.135827,0.128939,2.278345,0.000000,-0.026046,0.000000,-0.000000,1.650180
27450.0,30.000000,29.200426,0.024872,0.048628,2.259554,0.000000,0.007736,0.000000,0.000930,1.650180
27460.0,30.000000,27.474264,0.051795,0.051195,2.231175,0.000000,0.008090,0.000000,-0.000000,1.650180
27470.0,30.000000,28.690073,0.034986,0.022563,2.200495,0.000000,0.004017,0.000000,-0.000473,1.650180
27480.0,30.000000,27.835161,0.049537,0.048536,2.171733,0.000000,1.040462,0.000000,-0.000000,1.650563
27490.0,30.000000,28.733088,0.037733,0.042151,2.141054,0.000000,-0.224987,0.000000,-0.000000,1.650563
27500.0,30.000000,29.842922,0.021532,0.018842,2.109991,0.000000,0.026925,0.000000,-0.001861,1.650563
27510.0,30.000000,29.301878,0.030597,0.029534,2.080462,0.000000,-0.004692,0.000000,-0.000000,1.650563
27520.0,30.000000,30.162474,0.017458,0.017720,2.048631,0.000000,0.002322,0.000000,-0.000000,1.650563
27530.0,30.000000,31.283741,0.000041,0.000000,2.016034,0.000000,-0.019884,0.000000,-0.001406,1.650563
27540.0,30.000000,30.517702,0.010698,0.010315,1.983821,0.000000,-0.003430,0.000000,-0.000000,1.650563
27550.0,30.000000,30.688520,0.007240,0.007608,1.951224,0.000000,0.000070,0.000000,-0.000000,1.650563
27560.0,30.000000,31.358995,-0.004311,-0.004173,1.918243,0.000000,0.002586,0.000000,0.001881,1.650563
27570.0,30.000000,30.814182,0.003258,0.002272,1.886413,0.000000,-0.002954,0.000000,-0.001881,1.650563
27580.0,30.000000,30.122723,0.012970,0.012791,1.854583,0.000000,0.009415,0.000000,0.001406,1.650563
27590.0,30.000000,29.356792,0.024318,0.024189,1.822753,0.000000,-0.004260,0.000000,-0.000930,1.650563
27600.0,30.000000,30.681780,0.004080,0.005550,1.790539,0.000000,0.022315,0.000000,0.000475,1.650563
27610.0,30.000000,30.009512,0.013771,0.012151,1.759476,0.000000,-0.028764,0.000000,-0.000000,1.650563
27620.0,30.000000,28.492136,0.037861,0.039081,1.729180,0.000000,0.026135,0.000000,-0.000475,1.650563
27630.0,30.000000,27.827814,0.049067,0.048135,1.699651,0.000000,-0.008956,0.000000,-0.000000,1.650563
27640.0,30.000000,27.766506,0.051613,0.051202,1.670122,0.000000,0.007114,0.000000,0.000475,1.650563
27650.0,30.000000,28.315855,0.045429,0.046322,1.640592,0.000000,0.048322,0.000000,-0.000000,1.650563
27660.0,30.000000,29.273996,0.031876,0.031512,1.609913,0.000000,0.002649,0.000000,-0.000475,1.650563
27670.0,30.000000,29.319921,0.031557,0.030393,1.578850,0.000000,-0.008843,0.000000,0.000475,1.650563
27680.0,30.000000,30.752945,0.009682,0.009094,1.546636,0.000000,-0.028824,0.000000,0.000930,1.650563
27690.0,30.000000,31.328897,-0.000293,0.000000,1.513656,0.000000,-0.025990,0.000000,-0.001406,1.650563
27700.0,30.000000,31.194967,0.000991,0.002462,1.481058,0.000000,-0.002163,0.000000,-0.000000,1.650563
27710.0,30.000000,30.828455,0.005205,0.004853,1.448461,0.000000,0.001417,0.000000,-0.000000,1.650563
27720.0,30.000000,30.226910,0.013894,0.014305,1.416631,0.000000,0.006349,0.000000,-0.000000,1.650563
27730.0,30.000000,30.856901,0.003316,0.002787,1.384418,0.000000,-0.000913,0.000000,-0.000000,1.650563
27740.0,30.000000,31.164944,-0.002004,-0.000917,1.352204,0.000000,-0.040083,0.000000,0.002336,1.650563
27750.0,30.000000,30.949989,0.001039,0.002457,1.319991,0.000000,-0.012949,0.000000,0.000455,1.650563
27760.0,30.000000,30.672571,0.004221,0.004055,1.287777,0.000000,0.015082,0.000000,0.000475,1.650563
27770.0,30.000000,30.316504,0.008831,0.009145,1.255947,0.000000,0.028718,0.000000,0.001406,1.650563
27780.0,30.000000,29.661119,0.018454,0.017676,1.224117,0.000000,0.004919,0.000000,-0.000000,1.650563
27790.0,30.000000,30.243355,0.009862,0.010852,1.193054,0.000000,-0.010904,0.000000,-0.000930,1.650563
27800.0,30.000000,29.194408,0.026963,0.026620,1.163525,0.000000,0.005798,0.000000,0.001406,1.650563
27810.0,30.000000,28.985722,0.030830,0.029499,1.132845,0.000000,-0.007029,0.000000,-0.000475,1.650563
27820.0,30.000000,31.279013,-0.003286,-0.002754,1.101015,0.000000,0.017833,0.000000,-0.000000,1.650563
27830.0,30.000000,29.951603,0.017118,0.016729,1.070335,0.000000,0.012406,0.000000,-0.000000,1.650563
27840.0,30.000000,30.189753,0.013170,0.014078,1.038889,0.000000,0.034668,0.000000,-0.000475,1.650563
27850.0,30.000000,30.404203,0.010196,0.010517,1.007442,0.000000,-0.024627,0.000000,0.000455,1.650563
27860.0,30.000000,29.282499,0.027148,0.027789,0.976762,0.000000,0.015139,0.000000,-0.000930,1.650563
27870.0,30.000000,30.590015,0.007378,0.006660,0.944932,0.000000,-0.043550,0.000000,0.000475,1.650563
27880.0,30.000000,30.606932,0.007242,0.008876,0.913102,0.000000,0.013451,0.000000,-0.000000,1.650563
27890.0,30.000000,29.324860,0.026464,0.026383,0.881655,0.000000,0.022663,0.000000,-0.000455,1.650563
27900.0,30.000000,30.540136,0.008056,0.008871,0.850592,0.000000,-0.010649,0.000000,0.000930,1.650563
27910.0,30.000000,30.041115,0.015950,0.014300,0.819146,0.000000,-0.008238,0.000000,-0.001861,1.650563
27920.0,30.000000,30.149557,0.013512,0.012588,0.787316,0.000000,0.003007,0.000000,-0.001386,1.650563
27930.0,30.000000,31.036106,-0.000457,-0.000918,0.754335,0.000000,-0.011314,0.000000,-0.000930,1.650563
27940.0,30.000000,30.840485,0.001481,0.000738,0.722121,0.000000,-0.002646,0.000000,-0.000475,1.650563
27950.0,30.000000,30.118605,0.012411,0.011401,0.691058,0.000000,0.008806,0.000000,-0.000000,1.650563
27960.0,30.000000,29.283377,0.024790,0.024387,0.659612,0.000000,-0.013005,0.000000,0.001406,1.650563
27970.0,30.000000,30.207022,0.011466,0.012097,0.628932,0.000000,-0.006898,0.000000,-0.000000,1.650563
27980.0,30.000000,29.320641,0.025259,0.026266,0.597869,0.000000,0.008303,0.000000,-0.000000,1.650563
27990.0,30.000000,29.468609,0.023370,0.023485,0.567189,0.000000,0.002243,0.000000,-0.001881,1.650563
28000.0,30.000000,29.876453,0.017655,0.018797,0.535743,0.000000,0.020731,0.000000,0.000475,1.650563
28010.0,30.000000,29.350939,0.025995,0.025896,0.504680,0.000000,-0.026539,0.000000,-0.000000,1.650563
28020.0,30.000000,30.170460,0.013973,0.013018,0.473617,0.000000,0.017566,0.000000,-0.000930,1.650563
28030.0,30.000000,30.564449,0.008166,0.006709,0.441786,0.000000,0.006999,0.000000,0.000930,1.650563
28040.0,30.000000,30.383831,0.010473,0.010486,0.410340,0.000000,-0.022411,0.000000,0.000475,1.650563
28050.0,30.000000,29.668346,0.021379,0.021280,0.378893,0.000000,0.015375,0.000000,-0.000000,1.650563
28060.0,30.000000,31.596178,-0.008283,-0.008508,0.346680,0.000000,-0.001564,0.000000,0.000930,1.650563
28070.0,30.000000,31.171408,-0.002675,-0.000925,0.314083,0.000000,-0.015133,0.000000,-0.000000,1.650563
28080.0,30.000000,30.383167,0.008652,0.008087,0.282252,0.000000,0.006021,0.000000,0.000455,1.650563
28090.0,30.000000,31.533739,-0.009724,-0.008875,0.249272,0.000000,-0.013539,0.000000,0.000455,1.650563
28100.0,30.000000,31.486654,-0.010835,-0.010558,0.216291,0.000000,0.012447,0.000000,-0.000000,1.650563
28110.0,30.000000,31.391268,-0.010678,-0.010719,0.183694,0.000000,0.018300,0.000000,0.000930,1.650563
28120.0,30.000000,29.705452,0.014274,0.014317,0.152248,0.000000,0.001014,0.000000,0.000475,1.650563
28130.0,30.000000,28.558239,0.032368,0.032558,0.121568,0.000000,-0.005097,0.000000,0.000475,1.650563
28140.0,30.000000,28.521719,0.034150,0.033959,0.092039,0.000000,0.002791,0.000000,0.000475,1.650563
28150.0,30.000000,27.948605,0.044439,0.042705,0.062510,0.000000,0.002195,0.000000,-0.000000,1.650563
28160.0,30.000000,28.519190,0.037524,0.037694,0.032597,0.000000,0.009871,0.000000,-0.000930,1.650563
28170.0,30.000000,28.039297,0.046383,0.044163,0.003068,0.000000,-0.000278,0.000000,-0.000930,1.650563
28180.0,30.000000,28.756624,0.036618,0.036614,6.255574,0.000000,-0.002617,0.000000,0.000930,1.650563
28190.0,30.000000,29.149139,0.031688,0.033199,6.225278,0.000000,-0.022836,0.000000,-0.002376,1.650563
28200.0,30.000000,29.615395,0.025087,0.024384,6.194215,0.000000,0.062449,0.000000,-0.000000,1.650563
28210.0,30.000000,29.509825,0.026989,0.024669,6.162768,0.000000,-0.017849,0.000000,-0.000475,1.650563
28220.0,30.000000,30.526911,0.011585,0.010970,6.130938,0.000000,0.024002,0.000000,-0.001406,1.650563
28230.0,30.000000,31.557240,-0.004635,-0.004052,6.098724,0.000000,0.000226,0.000000,-0.000000,1.650563
28240.0,30.000000,31.165894,0.000397,0.000721,6.066127,0.000000,0.013218,0.000000,-0.000930,1.650563
28250.0,30.000000,31.242090,-0.002201,-0.003336,6.033530,0.000000,0.020087,0.000000,-0.001406,1.650563
28260.0,30.000000,32.682205,-0.025703,-0.025702,5.999783,0.000000,-0.024495,0.000000,0.000475,1.650563
28270.0,30.000000,31.565619,-0.010247,-0.009848,5.966802,0.000000,0.016947,0.000000,-0.000000,1.650563
28280.0,30.000000,30.544264,0.004080,0.004833,5.934972,0.000000,0.040067,0.000000,-0.000455,1.650563
28290.0,30.000000,29.673101,0.017284,0.016766,5.903909,0.000000,-0.030672,0.000000,0.000475,1.650563
28300.0,30.000000,28.337788,0.038753,0.038280,5.873996,0.000000,0.004353,0.000000,-0.000040,1.650563
28310.0,30.000000,29.064289,0.029339,0.030508,5.844467,0.000000,-0.007844,0.000000,-0.000930,1.650563
28320.0,30.000000,28.721672,0.036021,0.035175,5.814554,0.000000,0.017585,0.000000,-0.000000,1.650563
28330.0,30.000000,28.488987,0.040845,0.042733,5.785025,0.000000,-0.012281,0.000000,0.000475,1.650563
28340.0,30.000000,29.558096,0.026476,0.027491,5.754729,0.000000,0.010997,0.000000,-0.000930,1.650563
28350.0,30.000000,29.278074,0.031247,0.031778,5.724050,0.000000,-0.004733,0.000000,0.000930,1.650563
28360.0,30.000000,30.543795,0.012462,0.011865,5.692986,0.000000,0.011945,0.000000,-0.001406,1.650563
28370.0,30.000000,30.268427,0.016555,0.017810,5.661156,0.000000,-0.009261,0.000000,0.001406,1.650563
28380.0,30.000000,30.697191,0.009380,0.008947,5.628559,0.000000,0.013816,0.000000,-0.000930,1.650563
28390.0,30.000000,31.165308,0.001416,0.001536,5.596345,0.000000,0.010479,0.000000,-0.000930,1.650563
28400.0,30.000000,30.595263,0.008420,0.007881,5.563365,0.000000,0.013916,0.000000,-0.000000,1.650563
28410.0,30.000000,31.738510,-0.009651,-0.010323,5.530768,0.000000,0.003924,0.000000,-0.000000,1.650563
28420.0,30.000000,31.869808,-0.012862,-0.011269,5.497404,0.000000,0.007416,0.000000,-0.000930,1.650563
28430.0,30.000000,31.831326,-0.013373,-0.013021,5.465190,0.000000,0.010754,0.000000,0.000475,1.650563
28440.0,30.000000,30.624123,0.004489,0.004616,5.433743,0.000000,-0.023402,0.000000,-0.000000,1.650563
28450.0,30.000000,28.580717,0.035353,0.036039,5.403064,0.000000,-0.005854,0.000000,0.001406,1.650563
28460.0,30.000000,28.016384,0.044976,0.042450,5.373151,0.000000,0.000779,0.000000,-0.000000,1.650563
28470.0,30.000000,27.872978,0.048605,0.047563,5.343239,0.000000,-0.009625,0.000000,-0.000000,1.650563
28480.0,30.000000,27.937683,0.050032,0.051700,5.314093,0.000000,-0.014559,0.000000,0.000930,1.650563
28490.0,30.000000,27.993017,0.050980,0.050306,5.284947,0.000000,0.015319,0.000000,-0.000000,1.650563
28500.0,30.000000,29.141243,0.035512,0.035236,5.254652,0.000000,0.029358,0.000000,-0.000000,1.650563
28510.0,30.000000,28.902836,0.040487,0.040459,5.225122,0.000000,0.009456,0.000000,-0.000000,1.650563
28520.0,30.000000,29.357948,0.034054,0.034672,5.194059,0.000000,0.010182,0.000000,0.000475,1.650563
28530.0,30.000000,31.119268,0.007353,0.007576,5.161846,0.000000,-0.039264,0.000000,0.000475,1.650563
28540.0,30.000000,30.965960,0.008926,0.009411,5.129249,0.000000,0.009612,0.000000,-0.001406,1.650563
28550.0,30.000000,30.975246,0.007714,0.007374,5.096651,0.000000,0.001868,0.000000,-0.000000,1.650563
28560.0,30.000000,31.869373,-0.007401,-0.008248,5.063671,0.000000,0.022467,0.000000,-0.001426,1.650563
28570.0,30.000000,30.978651,0.005166,0.006497,5.031457,0.000000,-0.019537,0.000000,-0.000000,1.650563
28580.0,30.000000,30.974277,0.004116,0.003354,4.998477,0.000000,-0.004392,0.000000,-0.001406,1.650563
28590.0,30.000000,29.656914,0.022750,0.020935,4.966263,0.000000,0.014304,0.000000,-0.000000,1.650563
28600.0,30.000000,31.438356,-0.004593,-0.005804,4.934049,0.000000,0.007436,0.000000,-0.000000,1.650563
28610.0,30.000000,31.787552,-0.010879,-0.009711,4.901452,0.000000,0.005720,0.000000,0.001406,1.650563
28620.0,30.000000,28.729063,0.035473,0.035893,4.871156,0.000000,-0.007008,0.000000,0.000475,1.650563
28630.0,30.000000,28.442530,0.040663,0.040527,4.840860,0.000000,0.032564,0.000000,-0.000000,1.650563
28640.0,30.000000,28.911821,0.034792,0.035396,4.810947,0.000000,0.010923,0.000000,-0.001406,1.650563
28650.0,30.000000,29.508883,0.027312,0.028392,4.780651,0.000000,-0.004760,0.000000,-0.000000,1.650563
28660.0,30.000000,29.108429,0.034351,0.035506,4.750355,0.000000,0.025387,0.000000,-0.000000,1.650563
28670.0,30.000000,29.276602,0.032179,0.031842,4.719292,0.000000,-0.010521,0.000000,-0.000951,1.650563
28680.0,30.000000,30.186876,0.018634,0.017734,4.687462,0.000000,0.037762,0.000000,-0.001881,1.650563
28690.0,30.000000,30.274731,0.016573,0.015366,4.655248,0.000000,0.004540,0.000000,-0.000000,1.650563
28700.0,30.000000,30.841022,0.007532,0.007384,4.623035,0.000000,0.010736,0.000000,-0.000930,1.650563
28710.0,30.000000,30.991310,0.004211,0.004036,4.590437,0.000000,0.016722,0.000000,0.000930,1.650563
28720.0,30.000000,29.438934,0.026856,0.026596,4.558991,0.000000,-0.033231,0.000000,-0.000475,1.650563
28730.0,30.000000,30.612532,0.009057,0.010216,4.527161,0.000000,0.014413,0.000000,-0.000000,1.650563
28740.0,30.000000,29.737894,0.021953,0.021642,4.495331,0.000000,0.012360,0.000000,-0.000000,1.650563
28750.0,30.000000,29.381718,0.027597,0.028514,4.464268,0.000000,0.025583,0.000000,-0.000000,1.650563
28760.0,30.000000,30.034000,0.017713,0.017887,4.432821,0.000000,-0.016400,0.000000,-0.000000,1.650563
28770.0,30.000000,28.758345,0.036436,0.036266,4.401374,0.000000,0.000538,0.000000,0.000930,1.650563
28780.0,30.000000,30.060099,0.016709,0.015833,4.369545,0.000000,0.006234,0.000000,-0.000455,1.650563
28790.0,30.000000,29.810545,0.021233,0.021938,4.339248,0.000000,-0.012702,0.000000,-0.000000,1.650563
28800.0,30.000000,28.073759,0.048328,0.047820,4.309336,0.000000,0.002806,0.000000,0.000475,1.650563
28810.0,30.000000,28.387262,0.044695,0.043764,4.278656,0.000000,0.027334,0.000000,-0.000000,1.650563
28820.0,30.000000,30.892361,0.007353,0.007914,4.247210,0.000000,0.016084,0.000000,-0.000475,1.650563
28830.0,30.000000,29.633993,0.026565,0.026050,4.216146,0.000000,0.008897,0.000000,-0.000930,1.650563
28840.0,30.000000,30.060989,0.020161,0.020130,4.184700,0.000000,-0.027582,0.000000,-0.000475,1.650563
28850.0,30.000000,31.557602,-0.002712,-0.003218,4.152102,0.000000,0.033152,0.000000,-0.000930,1.650563
28860.0,30.000000,30.016233,0.020317,0.019391,4.121039,0.000000,0.014690,0.000000,0.000475,1.650563
28870.0,30.000000,31.006927,0.004483,0.004257,4.088442,0.000000,0.017545,0.000000,-0.001406,1.650563
28880.0,30.000000,31.009911,0.003988,0.006096,4.056612,0.000000,0.001647,0.000000,-0.000000,1.650563
28890.0,30.000000,30.731913,0.007718,0.007384,4.024399,0.000000,0.034248,0.000000,-0.000000,1.650563
28900.0,30.000000,30.027271,0.017737,0.016927,3.992568,0.000000,0.007242,0.000000,0.000475,1.650563
28910.0,30.000000,31.001862,0.002741,0.002459,3.960738,0.000000,0.003233,0.000000,-0.000930,1.650563
28920.0,30.000000,30.235041,0.013667,0.013516,3.928525,0.000000,0.003403,0.000000,0.000475,1.650563
28930.0,30.000000,31.376617,-0.004408,-0.004263,3.895928,0.000000,-0.000175,0.000000,-0.001406,1.650563
28940.0,30.000000,30.797192,0.003226,0.002336,3.863331,0.000000,-0.008322,0.000000,0.002336,1.650563
28950.0,30.000000,30.230503,0.010983,0.010475,3.831884,0.000000,0.011985,0.000000,-0.000000,1.650563
28960.0,30.000000,29.503979,0.022315,0.021941,3.800821,0.000000,-0.018033,0.000000,0.000930,1.650563
28970.0,30.000000,29.301977,0.025954,0.026519,3.770141,0.000000,0.015287,0.000000,0.000930,1.650563
28980.0,30.000000,30.113991,0.014306,0.014607,3.739078,0.000000,-0.011615,0.000000,-0.000475,1.650563
28990.0,30.000000,29.301331,0.027025,0.027455,3.708399,0.000000,0.028389,0.000000,-0.000930,1.650563
29000.0,30.000000,27.994104,0.047680,0.047071,3.678486,0.000000,-0.004215,0.000000,-0.000000,1.650563
29010.0,30.000000,29.327358,0.028724,0.028631,3.647806,0.000000,0.001684,0.000000,-0.000000,1.650563
29020.0,30.000000,28.880547,0.036410,0.035351,3.617127,0.000000,0.008824,0.000000,-0.000475,1.650563
29030.0,30.000000,30.065807,0.018797,0.019227,3.586064,0.000000,-0.005470,0.000000,0.000475,1.650563
29040.0,30.000000,29.320639,0.030563,0.029968,3.555384,0.000000,0.027656,0.000000,-0.000000,1.650563
29050.0,30.000000,29.326185,0.030808,0.029523,3.523937,0.000000,0.035664,0.000000,-0.001406,1.650563
29060.0,30.000000,30.344107,0.015482,0.017045,3.492491,0.000000,-0.010870,0.000000,-0.000000,1.650563
29070.0,30.000000,30.179705,0.017834,0.018156,3.460661,0.000000,0.008684,0.000000,0.000930,1.650563
29080.0,30.000000,30.341784,0.014689,0.014971,3.428831,0.000000,0.036766,0.000000,-0.000000,1.650563
29090.0,30.000000,31.001736,0.003763,0.003223,3.395850,0.000000,0.009797,0.000000,-0.000455,1.650563
29100.0,30.000000,32.105232,-0.013864,-0.012512,3.363253,0.000000,-0.015947,0.000000,-0.000475,1.650563
29110.0,30.000000,31.353798,-0.004148,-0.004228,3.329889,0.000000,0.006299,0.000000,-0.000951,1.650563
29120.0,30.000000,29.944759,0.016170,0.015542,3.298059,0.000000,-0.008113,0.000000,0.000475,1.650563
29130.0,30.000000,29.320372,0.025792,0.025459,3.267379,0.000000,-0.006217,0.000000,-0.001406,1.650563
29140.0,30.000000,28.831318,0.034059,0.033061,3.237083,0.000000,0.010198,0.000000,-0.000000,1.650563
29150.0,30.000000,29.301811,0.027821,0.028647,3.206403,0.000000,0.019146,0.000000,-0.000455,1.650563
29160.0,30.000000,29.905910,0.019569,0.020462,3.175724,0.000000,-0.015958,0.000000,-0.000000,1.650563
29170.0,30.000000,29.319141,0.029320,0.029849,3.145428,0.000000,0.026285,0.000000,-0.000000,1.650563
29180.0,30.000000,29.227184,0.031744,0.032445,3.115515,0.000000,0.012935,0.000000,-0.001861,1.650563
29190.0,30.000000,29.842054,0.022914,0.021795,3.083685,0.000000,-0.021552,0.000000,-0.000000,1.650563
29200.0,30.000000,30.570002,0.011917,0.011880,3.052622,0.000000,0.021416,0.000000,0.001406,1.650563
29210.0,30.000000,30.860035,0.007272,0.007444,3.020408,0.000000,0.026758,0.000000,-0.001426,1.650563
29220.0,30.000000,30.755808,0.008081,0.009424,2.988578,0.000000,0.003336,0.000000,0.000455,1.650563
29230.0,30.000000,31.267611,-0.000171,-0.000056,2.955598,0.000000,0.003541,0.000000,-0.000000,1.650563
29240.0,30.000000,30.766291,0.006116,0.006667,2.923384,0.000000,0.010887,0.000000,0.000455,1.650563
29250.0,30.000000,31.278450,-0.003068,-0.003135,2.889636,0.000000,-0.012584,0.000000,-0.000475,1.650563
29260.0,30.000000,31.826881,-0.012821,-0.012200,2.857423,0.000000,0.029927,0.000000,-0.000000,1.650563
29270.0,30.000000,31.813553,-0.014256,-0.013894,2.823675,0.000000,0.008976,0.000000,-0.001406,1.650563
29280.0,30.000000,29.689678,0.016868,0.015352,2.792229,0.000000,0.013811,0.000000,-0.000000,1.650563
29290.0,30.000000,28.446861,0.036313,0.035530,2.761932,0.000000,0.020794,0.000000,-0.000475,1.650563
29300.0,30.000000,28.206663,0.041368,0.041066,2.732020,0.000000,0.031919,0.000000,-0.000000,1.650563
29310.0,30.000000,28.020233,0.046206,0.045128,2.702874,0.000000,0.001613,0.000000,-0.002356,1.650563
29320.0,30.000000,28.894106,0.035062,0.034464,2.673345,0.000000,0.003506,0.000000,0.000930,1.650563
29330.0,30.000000,27.797638,0.053316,0.051580,2.644199,0.000000,0.006203,0.000000,-0.000455,1.650563
29340.0,30.000000,29.116354,0.034955,0.036432,2.613903,0.000000,-0.004440,0.000000,-0.000000,1.650563
29350.0,30.000000,28.735008,0.041108,0.041995,2.583224,0.000000,-0.024010,0.000000,-0.000475,1.650563
29360.0,30.000000,30.085295,0.021602,0.021643,2.551777,0.000000,0.014461,0.000000,0.000930,1.650563
29370.0,30.000000,30.567211,0.014256,0.013894,2.520330,0.000000,0.019478,0.000000,-0.000000,1.650563
29380.0,30.000000,29.928288,0.023200,0.022507,2.488117,0.000000,0.024176,0.000000,-0.000000,1.650563
29390.0,30.000000,31.463230,-0.000814,-0.000631,2.455520,0.000000,-0.024254,0.000000,-0.000000,1.650563
29400.0,30.000000,31.551966,-0.003764,-0.004194,2.422156,0.000000,-0.020326,0.000000,-0.000000,1.650563
29410.0,30.000000,32.468815,-0.018971,-0.019227,2.388792,0.000000,0.007800,0.000000,-0.000455,1.650563
29420.0,30.000000,31.187845,-0.001219,-0.001560,2.356194,0.000000,0.016752,0.000000,-0.000000,1.650563
29430.0,30.000000,31.294754,-0.004471,-0.004047,2.322830,0.000000,0.002460,0.000000,0.000930,1.650563
29440.0,30.000000,29.811125,0.016300,0.016454,2.290233,0.000000,0.021132,0.000000,-0.000000,1.650563
29450.0,30.000000,29.356113,0.023071,0.023851,2.259170,0.000000,0.000971,0.000000,-0.000930,1.650563
29460.0,30.000000,28.422739,0.037914,0.036230,2.228874,0.000000,-0.000135,0.000000,0.000930,1.650563
29470.0,30.000000,28.616934,0.036302,0.034653,2.198961,0.000000,0.026248,0.000000,-0.000930,1.650563
29480.0,30.000000,28.055407,0.046541,0.046961,2.169432,0.000000,0.014452,0.000000,0.001406,1.650563
29490.0,30.000000,29.128304,0.031719,0.033108,2.139136,0.000000,0.016991,0.000000,-0.000930,1.650563
29500.0,30.000000,30.190889,0.016325,0.017377,2.108073,0.000000,-0.010159,0.000000,-0.000000,1.650563
29510.0,30.000000,29.476023,0.028109,0.028661,2.077777,0.000000,0.005520,0.000000,0.000930,1.650563
29520.0,30.000000,30.143122,0.018009,0.016952,2.045947,0.000000,0.017354,0.000000,0.000475,1.650563
29530.0,30.000000,31.875286,-0.008770,-0.008267,2.013350,0.000000,0.008014,0.000000,0.000475,1.650563
29540.0,30.000000,30.249527,0.014645,0.013943,1.981136,0.000000,0.008335,0.000000,0.000455,1.650563
29550.0,30.000000,31.222446,-0.001098,-0.000606,1.948539,0.000000,-0.021294,0.000000,0.001406,1.650563
29560.0,30.000000,30.105005,0.014584,0.013874,1.915942,0.000000,0.003779,0.000000,-0.000000,1.650563
29570.0,30.000000,31.076078,-0.000647,0.000961,1.883729,0.000000,-0.011482,0.000000,-0.000475,1.650563
29580.0,30.000000,30.109348,0.013473,0.011569,1.851515,0.000000,0.018637,0.000000,0.000930,1.650563
29590.0,30.000000,29.642290,0.020015,0.020022,1.820452,0.000000,-0.004769,0.000000,-0.000000,1.650563
29600.0,30.000000,30.063461,0.013366,0.011864,1.788238,0.000000,0.026089,0.000000,-0.001861,1.650563
29610.0,30.000000,29.895075,0.015520,0.015316,1.757175,0.000000,0.024695,0.000000,-0.000000,1.650563
29620.0,30.000000,28.768150,0.033705,0.034152,1.727262,0.000000,0.000901,0.000000,-0.000000,1.650563
29630.0,30.000000,28.385704,0.040958,0.039945,1.697350,0.000000,0.033222,0.000000,0.000475,1.650563
29640.0,30.000000,26.773071,0.066987,0.064368,1.668588,0.000000,-0.006498,0.000000,0.001406,1.650563
29650.0,30.000000,28.583355,0.041631,0.040669,1.638675,0.000000,-0.000108,0.000000,-0.000000,1.650563
29660.0,30.000000,29.289232,0.031926,0.032286,1.607228,0.000000,0.033349,0.000000,-0.000930,1.650563
29670.0,30.000000,29.762802,0.025342,0.026203,1.576549,0.000000,-0.043454,0.000000,-0.000000,1.650563
29680.0,30.000000,30.177572,0.018538,0.017946,1.544335,0.000000,0.009460,0.000000,-0.001881,1.650563
29690.0,30.000000,30.407103,0.013834,0.013342,1.511738,0.000000,-0.001431,0.000000,-0.001861,1.650563
29700.0,30.000000,24.152245,0.109958,0.108408,1.484510,0.000000,0.012548,0.000000,0.000930,1.650563
29710.0,30.000000,15.089150,0.257013,0.257129,1.468020,0.000000,-0.069503,0.000000,-0.000000,1.650563
29720.0,30.000000,10.546175,0.342751,0.341862,1.456131,0.000000,0.017838,0.000000,-0.001404,1.650180
29730.0,30.000000,9.666385,0.375789,0.375752,1.446544,0.000000,0.247346,0.000000,0.000930,1.650180
29740.0,30.000000,8.859157,0.409313,0.408780,1.438107,0.000000,-0.035599,0.000000,0.000930,1.650180
29750.0,30.000000,9.388806,0.421895,0.421906,1.428520,0.000000,0.019130,0.000000,0.000473,1.650180
29760.0,30.000000,9.225096,0.445241,0.444417,1.419316,0.000000,0.019053,0.000000,-0.000457,1.650180
29770.0,30.000000,6.843407,0.503019,0.502879,1.412029,0.000000,-0.015610,0.000000,-0.000000,1.650180
29780.0,30.000000,7.329384,0.518868,0.521161,1.405510,0.000000,0.021452,0.000000,-0.000930,1.650180
29790.0,30.000000,5.753821,0.566149,0.565556,1.399374,0.000000,0.032050,0.000000,-0.000000,1.650180
29800.0,30.000000,5.878462,0.587917,0.587541,1.393622,0.000000,0.004599,0.000000,-0.000000,1.650180
29810.0,30.000000,5.262280,0.621534,0.620284,1.388253,0.000000,0.000754,0.000000,-0.000930,1.650180
29820.0,30.000000,5.481539,0.642757,0.642637,1.382500,0.000000,0.005451,0.000000,-0.000000,1.650180
29830.0,30.000000,5.278245,0.670526,0.670461,1.377515,0.000000,-0.012426,0.000000,-0.000000,1.650180
29840.0,30.000000,5.588799,0.690127,0.689340,1.372146,0.000000,0.016744,0.000000,0.000930,1.650180
29850.0,30.000000,6.021135,0.707432,0.708783,1.365626,0.000000,0.002300,0.000000,-0.000946,1.650180
29860.0,30.000000,7.424540,0.709594,0.709391,1.359107,0.000000,0.030223,0.000000,-0.001404,1.650180
29870.0,30.000000,7.750225,0.727344,0.728957,1.351821,0.000000,0.005296,0.000000,0.000930,1.650180
29880.0,30.000000,6.903709,0.763263,0.763952,1.345301,0.000000,-0.008021,0.000000,-0.000000,1.650180
29890.0,30.000000,6.408608,0.794159,0.792874,1.338782,0.000000,0.023223,0.000000,-0.000000,1.650180
29900.0,30.000000,6.799692,0.811820,0.812312,1.332646,0.000000,0.003893,0.000000,-0.000930,1.650180
29910.0,30.000000,6.395406,0.841544,0.842303,1.326510,0.000000,-0.009277,0.000000,-0.000000,1.650180
29920.0,30.000000,6.829429,0.858234,0.857681,1.319607,0.000000,0.000592,0.000000,-0.000000,1.650180
29930.0,30.000000,7.743406,0.867074,0.867858,1.312321,0.000000,-0.028946,0.000000,-0.000000,1.650180
29940.0,30.000000,8.866501,0.872433,0.872831,1.304267,0.000000,0.017397,0.000000,-0.000000,1.650180
29950.0,30.000000,6.993193,0.922552,0.921710,1.296597,0.000000,0.014510,0.000000,-0.000473,1.650180
29960.0,30.000000,8.308504,0.924702,0.925951,1.288544,0.000000,0.013285,0.000000,-0.000473,1.650180
29970.0,30.000000,7.039350,0.966170,0.965154,1.281258,0.000000,0.017265,0.000000,-0.000000,1.650180
29980.0,30.000000,8.456178,0.967395,0.966865,1.273588,0.000000,-0.001266,0.000000,0.000473,1.650180
29990.0,30.000000,7.789761,0.999889,0.999750,1.266301,0.000000,0.011410,0.000000,-0.000000,1.650180
30000.0,30.000000,8.947839,1.004611,1.005446,1.257864,0.000000,-0.020715,0.000000,-0.000473,1.650180
30010.0,30.000000,9.391710,1.018813,1.019648,1.248660,0.000000,0.030637,0.000000,-0.000000,1.650180
30020.0,30.000000,10.345565,1.024530,1.025401,1.238306,0.000000,-0.031221,0.000000,0.000930,1.650180
30030.0,30.000000,8.931039,1.066206,1.064610,1.229102,0.000000,-0.031083,0.000000,0.001404,1.650180
30040.0,30.000000,6.239018,1.128178,0.975003,1.220665,0.000000,0.004683,0.000000,-0.000000,1.650180
30050.0,30.000000,-3.808688,1.310074,0.897654,1.219898,0.000000,0.003978,0.000000,-0.000000,1.650180
30060.0,30.000000,-6.444561,1.386773,0.890029,1.226034,0.000000,-0.000444,0.000000,0.000946,1.650180
30070.0,30.000000,0.232167,1.318876,0.887249,1.227952,0.000000,0.003436,0.000000,-0.000000,1.650180
30080.0,30.000000,-0.681636,1.362517,0.891059,1.228719,0.000000,0.017880,0.000000,-0.000473,1.650180
30090.0,30.000000,-1.824598,1.411618,0.891768,1.230636,0.000000,-0.001715,0.000000,-0.000000,1.650180
30100.0,30.000000,-1.080950,1.432897,0.893063,1.232937,0.000000,-0.009330,0.000000,0.000457,1.650180
30110.0,30.000000,-0.287016,1.451372,0.894127,1.233321,0.000000,0.020017,0.000000,0.000457,1.650180
30120.0,30.000000,-0.278354,1.481217,0.876965,1.233321,0.000000,0.026484,0.000000,-0.001404,1.650180
30130.0,30.000000,3.163590,1.457885,0.886269,1.231403,0.000000,0.014561,0.000000,-0.000000,1.650180
30140.0,30.000000,-0.168865,1.536136,0.888408,1.230253,0.000000,0.002925,0.000000,-0.001892,1.650180
30150.0,30.000000,0.070077,1.562470,0.888847,1.229869,0.000000,0.015136,0.000000,-0.000473,1.650180
30160.0,30.000000,0.107025,1.592018,0.889822,1.230253,0.000000,0.013254,0.000000,-0.000473,1.650180
30170.0,30.000000,-2.187236,1.657830,0.892829,1.231403,0.000000,-0.009713,0.000000,-0.000000,1.650180
30180.0,30.000000,-0.864118,1.669382,0.892017,1.232554,0.000000,-0.013657,0.000000,-0.000930,1.650180
30190.0,30.000000,-0.439920,1.693339,0.896487,1.233321,0.000000,0.034111,0.000000,-0.000473,1.650180
30200.0,30.000000,-0.595041,1.726329,0.884908,1.233704,0.000000,0.023070,0.000000,-0.000457,1.650180
30210.0,30.000000,-0.007961,1.747360,0.885059,1.233704,0.000000,0.014205,0.000000,-0.000000,1.650180
30220.0,30.000000,-1.070542,1.794574,0.887673,1.234855,0.000000,0.017849,0.000000,-0.000473,1.650180
30230.0,30.000000,-0.731975,1.820655,0.887236,1.236005,0.000000,0.044631,0.000000,-0.000000,1.650180
30240.0,30.000000,0.251827,1.836141,0.886406,1.236389,0.000000,0.008339,0.000000,-0.000000,1.650180
30250.0,30.000000,0.120533,1.867988,0.889603,1.236389,0.000000,0.007387,0.000000,0.001404,1.650180
30260.0,30.000000,0.102209,1.898280,0.892082,1.236389,0.000000,0.015074,0.000000,0.000457,1.650180
30270.0,30.000000,-0.042594,1.930461,0.891871,1.236389,0.000000,0.006907,0.000000,0.000930,1.650180
30280.0,30.000000,-1.082822,1.976404,0.889597,1.236772,0.000000,-0.007928,0.000000,-0.000473,1.650180
30290.0,30.000000,0.087463,1.989352,0.884480,1.237156,0.000000,0.012818,0.000000,-0.000000,1.650180
30300.0,30.000000,-0.123860,2.000000,0.886336,1.237156,0.000000,-0.004158,0.000000,0.000457,1.650180
30310.0,30.000000,0.116201,2.000000,0.888600,1.237156,0.000000,0.030408,0.000000,0.000930,1.650180
30320.0,30.000000,0.011005,2.000000,0.888193,1.237156,0.000000,-0.013377,0.000000,-0.000473,1.650180
30330.0,30.000000,0.113324,2.000000,0.890863,1.237156,0.000000,0.016855,0.000000,-0.000000,1.650180
30340.0,30.000000,0.078124,2.000000,0.893762,1.237156,0.000000,-0.006034,0.000000,-0.000000,1.650180
30350.0,30.000000,0.012596,2.000000,0.891384,1.237156,0.000000,-0.011883,0.000000,-0.000000,1.650180
30360.0,30.000000,-0.154462,2.000000,0.894054,1.237156,0.000000,-0.000307,0.000000,0.000930,1.650180
30370.0,30.000000,-1.599236,2.000000,0.883795,1.237923,0.000000,0.015084,0.000000,0.000930,1.650180
30380.0,30.000000,-0.939053,2.000000,0.884983,1.239073,0.000000,0.018789,0.000000,-0.000473,1.650180
30390.0,30.000000,-0.960344,2.000000,0.886334,1.240224,0.000000,0.003518,0.000000,-0.000473,1.650180
30400.0,30.000000,-1.425554,2.000000,0.886353,1.241374,0.000000,0.022970,0.000000,-0.000000,1.650180
30410.0,30.000000,-1.216246,2.000000,0.887064,1.242141,0.000000,0.018302,0.000000,-0.000000,1.650180
30420.0,30.000000,-0.843408,2.000000,0.888702,1.242908,0.000000,-0.012831,0.000000,-0.001404,1.650180
30430.0,30.000000,-0.625824,2.000000,0.889427,1.243675,0.000000,0.014662,0.000000,-0.000473,1.650180
30440.0,30.000000,0.241061,2.000000,0.888329,1.244442,0.000000,-0.029155,0.000000,0.001404,1.650180
30450.0,30.000000,-0.817548,2.000000,0.881721,1.245209,0.000000,-0.026610,0.000000,0.000930,1.650180
30460.0,30.000000,-0.748299,2.000000,0.881986,1.245592,0.000000,0.016690,0.000000,-0.001404,1.650180
30470.0,30.000000,-0.768160,2.000000,0.881073,1.245976,0.000000,-0.017446,0.000000,-0.000930,1.650180
30480.0,30.000000,-1.321868,2.000000,0.881823,1.247126,0.000000,0.020221,0.000000,0.002334,1.650180
30490.0,30.000000,-0.256124,2.000000,0.883555,1.247510,0.000000,-0.021571,0.000000,0.000473,1.650180
30500.0,30.000000,-0.548488,2.000000,0.881959,1.247893,0.000000,0.011907,0.000000,-0.000000,1.650180
30510.0,30.000000,-0.512444,2.000000,0.884037,1.248277,0.000000,0.008475,0.000000,0.000930,1.650180
30520.0,30.000000,-0.807812,2.000000,0.884270,1.248660,0.000000,-0.003094,0.000000,-0.000457,1.650180
30530.0,30.000000,-0.912164,2.000000,0.884264,1.249044,0.000000,0.010791,0.000000,0.000930,1.650180
30540.0,30.000000,-0.005305,2.000000,0.875317,1.249044,0.000000,-0.045695,0.000000,-0.000000,1.650180
30550.0,30.000000,-0.102047,2.000000,0.877987,1.249044,0.000000,0.035428,0.000000,-0.000457,1.650180
30560.0,30.000000,0.067129,2.000000,0.878075,1.249044,0.000000,0.003037,0.000000,-0.000000,1.650180
30570.0,30.000000,1.670998,1.991985,0.878856,1.248277,0.000000,0.010717,0.000000,-0.002791,1.650180
30580.0,30.000000,0.913556,2.000000,0.881252,1.247510,0.000000,0.018302,0.000000,-0.000473,1.650180
30590.0,30.000000,-0.231577,2.000000,0.883666,1.247126,0.000000,-0.006026,0.000000,-0.000000,1.650180
30600.0,30.000000,0.089169,2.000000,0.885630,1.247126,0.000000,0.011180,0.000000,-0.000000,1.650180
30610.0,30.000000,-0.051158,2.000000,0.885630,1.247126,0.000000,0.008748,0.000000,-0.000930,1.650180
30620.0,30.000000,-0.212320,2.000000,0.878155,1.247126,0.000000,-0.006536,0.000000,-0.000000,1.650180
30630.0,30.000000,0.049209,2.000000,0.876643,1.247126,0.000000,-0.039680,0.000000,-0.000000,1.650180
30640.0,30.000000,-0.034301,2.000000,0.879181,1.247126,0.000000,-0.021482,0.000000,0.000930,1.650180
30650.0,30.000000,0.097542,2.000000,0.880328,1.247126,0.000000,0.004781,0.000000,-0.000457,1.650180
30660.0,30.000000,0.091741,2.000000,0.881023,1.247126,0.000000,0.028387,0.000000,-0.000930,1.650180
30670.0,30.000000,0.104354,2.000000,0.883787,1.247126,0.000000,0.010779,0.000000,-0.000000,1.650180
30680.0,30.000000,0.081714,2.000000,0.883214,1.247126,0.000000,-0.003403,0.000000,0.001404,1.650180
30690.0,30.000000,0.014511,2.000000,0.884709,1.247126,0.000000,0.002650,0.000000,-0.000000,1.650180
30700.0,30.000000,-1.182939,2.000000,0.886202,1.247510,0.000000,0.015562,0.000000,0.000930,1.650180
30710.0,30.000000,0.117731,2.000000,0.878374,1.247510,0.000000,-0.000351,0.000000,-0.000000,1.650180
30720.0,30.000000,-0.111890,2.000000,0.879540,1.247893,0.000000,0.004848,0.000000,0.000457,1.650180
30730.0,30.000000,-0.682058,2.000000,0.881515,1.248277,0.000000,0.019464,0.000000,-0.000000,1.650180
30740.0,30.000000,0.147011,2.000000,0.880117,1.248277,0.000000,0.016521,0.000000,-0.000000,1.650180
30750.0,30.000000,0.072278,2.000000,0.880356,1.248277,0.000000,0.034646,0.000000,-0.000000,1.650180
30760.0,30.000000,0.110472,2.000000,0.883457,1.248277,0.000000,0.015751,0.000000,0.001404,1.650180
30770.0,30.000000,0.073306,2.000000,0.885196,1.248277,0.000000,-0.005945,0.000000,-0.000930,1.650180
30780.0,30.000000,-0.038980,2.000000,0.885059,1.248277,0.000000,-0.004209,0.000000,0.000473,1.650180
30790.0,30.000000,-0.189122,2.000000,0.886558,1.248277,0.000000,0.015821,0.000000,-0.001404,1.650180
30800.0,30.000000,-0.111585,2.000000,0.877016,1.248277,0.000000,0.025768,0.000000,-0.000000,1.650180
30810.0,30.000000,-0.121233,2.000000,0.881515,1.248277,0.000000,0.008131,0.000000,-0.000930,1.650180
30820.0,30.000000,0.061956,2.000000,0.879197,1.248277,0.000000,0.011350,0.000000,-0.000000,1.650180
30830.0,30.000000,0.072608,2.000000,0.880935,1.248277,0.000000,-0.004500,0.000000,-0.000000,1.650180
30840.0,30.000000,0.119564,2.000000,0.881617,1.248277,0.000000,0.003545,0.000000,-0.000946,1.650180
30850.0,30.000000,0.082061,2.000000,0.884037,1.248277,0.000000,0.022601,0.000000,-0.000000,1.650180
30860.0,30.000000,0.058770,2.000000,0.883798,1.248277,0.000000,-0.006031,0.000000,-0.000000,1.650180
30870.0,30.000000,-0.078354,2.000000,0.886798,1.248277,0.000000,0.022276,0.000000,-0.000930,1.650180
30880.0,30.000000,-0.128011,2.000000,0.881718,1.248277,0.000000,-0.019721,0.000000,0.001404,1.650180
30890.0,30.000000,-0.108599,2.000000,0.880015,1.248277,0.000000,0.009751,0.000000,-0.000930,1.650180
30900.0,30.000000,0.047926,2.000000,0.881276,1.248277,0.000000,-0.000546,0.000000,-0.001861,1.650180
30910.0,30.000000,0.067287,2.000000,0.880696,1.248277,0.000000,-0.009337,0.000000,0.000930,1.650180
30920.0,30.000000,0.095752,2.000000,0.881617,1.248277,0.000000,0.018261,0.000000,-0.000473,1.650180
30930.0,30.000000,0.131173,2.000000,0.884616,1.248277,0.000000,0.012162,0.000000,-0.000473,1.650180
30940.0,30.000000,0.091646,2.000000,0.883696,1.248277,0.000000,-0.001550,0.000000,0.000930,1.650180
30950.0,30.000000,-0.190962,2.000000,0.885433,1.248660,0.000000,0.009224,0.000000,-0.000457,1.650180
30960.0,30.000000,-0.002697,2.000000,0.886109,1.248660,0.000000,-0.016186,0.000000,-0.000457,1.650180
30970.0,30.000000,-0.160319,2.000000,0.877588,1.248660,0.000000,0.035618,0.000000,-0.000473,1.650180
30980.0,30.000000,-0.100045,2.000000,0.880252,1.248660,0.000000,0.014539,0.000000,-0.000930,1.650180
30990.0,30.000000,-0.002284,2.000000,0.882430,1.248660,0.000000,-0.020196,0.000000,0.000930,1.650180
31000.0,30.000000,0.004962,2.000000,0.882335,1.248660,0.000000,-0.016744,0.000000,-0.000000,1.650180
31010.0,30.000000,0.090105,2.000000,0.880009,1.248660,0.000000,0.016571,0.000000,-0.000000,1.650180
31020.0,30.000000,0.143067,2.000000,0.883593,1.248660,0.000000,-0.011852,0.000000,-0.000000,1.650180
31030.0,30.000000,0.074667,2.000000,0.882768,1.248660,0.000000,-0.000977,0.000000,-0.000946,1.650180
31040.0,30.000000,-0.010989,2.000000,0.886353,1.248660,0.000000,0.019858,0.000000,-0.000000,1.650180
31050.0,30.000000,0.765726,2.000000,0.885399,1.248277,0.000000,0.022615,0.000000,0.000473,1.650180
31060.0,30.000000,0.451002,2.000000,0.878962,1.247893,0.000000,0.033957,0.000000,-0.000930,1.650180
31070.0,30.000000,0.622665,2.000000,0.881128,1.247126,0.000000,-0.020478,0.000000,-0.000000,1.650180
31080.0,30.000000,0.718818,2.000000,0.881375,1.246743,0.000000,-0.013340,0.000000,-0.000000,1.650180
31090.0,30.000000,0.598007,2.000000,0.882350,1.245976,0.000000,0.004184,0.000000,0.000473,1.650180
31100.0,30.000000,-0.153489,2.000000,0.884408,1.245976,0.000000,-0.017657,0.000000,0.000930,1.650180
31110.0,30.000000,0.162688,2.000000,0.890155,1.245976,0.000000,-0.004046,0.000000,0.000930,1.650180
31120.0,30.000000,0.067088,2.000000,0.887175,1.245976,0.000000,-0.022119,0.000000,-0.000000,1.650180
31130.0,30.000000,-0.008164,2.000000,0.879723,1.245592,0.000000,0.031300,0.000000,-0.001388,1.650180
31140.0,30.000000,-0.059258,2.000000,0.886120,1.245592,0.000000,0.020044,0.000000,0.000930,1.650180
31150.0,30.000000,-0.092563,2.000000,0.880497,1.245592,0.000000,-0.002350,0.000000,-0.000930,1.650180
31160.0,30.000000,0.005553,2.000000,0.882134,1.245592,0.000000,0.029394,0.000000,-0.000000,1.650180
31170.0,30.000000,0.056741,2.000000,0.884188,1.245592,0.000000,0.014986,0.000000,0.001404,1.650180
31180.0,30.000000,0.092155,2.000000,0.884902,1.245592,0.000000,0.006266,0.000000,-0.000000,1.650180
31190.0,30.000000,-0.698909,2.000000,0.889800,1.245976,0.000000,-0.002248,0.000000,-0.000000,1.650180
31200.0,30.000000,0.369241,2.000000,0.886607,1.245976,0.000000,0.031416,0.000000,-0.000930,1.650180
31210.0,30.000000,0.020473,2.000000,0.890510,1.245976,0.000000,-0.031643,0.000000,0.001404,1.650180
31220.0,30.000000,-0.054730,2.000000,0.889729,1.245976,0.000000,0.025890,0.000000,-0.000000,1.650180
31230.0,30.000000,-0.763796,2.000000,0.882297,1.246743,0.000000,0.011574,0.000000,0.000930,1.650180
31240.0,30.000000,-0.856483,2.000000,0.881023,1.247126,0.000000,-0.003755,0.000000,-0.000000,1.650180
31250.0,30.000000,0.205632,2.000000,0.881823,1.247126,0.000000,0.010793,0.000000,-0.000000,1.650180
31260.0,30.000000,-0.719069,2.000000,0.881489,1.247893,0.000000,0.000990,0.000000,0.001404,1.650180
31270.0,30.000000,0.471904,2.000000,0.884720,1.247893,0.000000,-0.006185,0.000000,-0.000000,1.650180
31280.0,30.000000,-0.669666,2.000000,0.885877,1.248277,0.000000,-0.013100,0.000000,0.001404,1.650180
31290.0,30.000000,0.241709,2.000000,0.886457,1.248277,0.000000,-0.021356,0.000000,-0.000000,1.650180
31300.0,30.000000,0.035620,2.000000,0.886218,1.248277,0.000000,-0.011093,0.000000,0.000473,1.650180
31310.0,30.000000,-0.151144,2.000000,0.888638,1.248277,0.000000,-0.014168,0.000000,-0.000000,1.650180
31320.0,30.000000,-0.110605,2.000000,0.876675,1.248277,0.000000,-0.001624,0.000000,0.000930,1.650180
31330.0,30.000000,-0.097620,2.000000,0.879436,1.248277,0.000000,0.009450,0.000000,-0.000473,1.650180
31340.0,30.000000,0.968498,2.000000,0.881959,1.247893,0.000000,-0.031769,0.000000,0.000930,1.650180
31350.0,30.000000,0.281474,2.000000,0.882979,1.247510,0.000000,0.006445,0.000000,0.000930,1.650180
31360.0,30.000000,-0.102482,2.000000,0.885282,1.247126,0.000000,-0.004198,0.000000,0.000457,1.650180
31370.0,30.000000,-0.053837,2.000000,0.885412,1.246743,0.000000,-0.019761,0.000000,-0.000000,1.650180
31380.0,30.000000,-0.096190,2.000000,0.887398,1.246359,0.000000,0.029124,0.000000,-0.000000,1.650180
31390.0,30.000000,-0.008255,2.000000,0.887316,1.245976,0.000000,-0.018104,0.000000,0.000473,1.650180
31400.0,30.000000,-0.178774,2.000000,0.890083,1.245976,0.000000,0.005380,0.000000,0.001404,1.650180
31410.0,30.000000,-0.094514,2.000000,0.881073,1.245976,0.000000,0.002147,0.000000,0.000473,1.650180
31420.0,30.000000,-0.068210,2.000000,0.883699,1.245976,0.000000,0.014536,0.000000,0.000473,1.650180
31430.0,30.000000,0.030125,2.000000,0.884762,1.245976,0.000000,-0.000473,0.000000,0.001404,1.650180
31440.0,30.000000,0.081562,2.000000,0.885330,1.245976,0.000000,0.031720,0.000000,-0.001861,1.650180
31450.0,30.000000,0.111249,2.000000,0.884195,1.245976,0.000000,0.007425,0.000000,-0.000000,1.650180
31460.0,30.000000,0.144388,2.000000,0.888310,1.245976,0.000000,0.009051,0.000000,-0.000000,1.650180
31470.0,30.000000,0.025513,2.000000,0.889374,1.245976,0.000000,0.006437,0.000000,-0.001404,1.650180
31480.0,30.000000,-0.010855,2.000000,0.890864,1.245976,0.000000,-0.001781,0.000000,-0.000000,1.650180
31490.0,30.000000,-0.163342,2.000000,0.884549,1.245976,0.000000,-0.004062,0.000000,-0.000000,1.650180
31500.0,30.000000,-0.085521,2.000000,0.881641,1.245976,0.000000,0.033236,0.000000,0.000473,1.650180
31510.0,30.000000,-0.027800,2.000000,0.882350,1.245976,0.000000,0.005923,0.000000,0.001404,1.650180
31520.0,30.000000,0.072651,2.000000,0.884621,1.245976,0.000000,-0.015378,0.000000,-0.000000,1.650180
31530.0,30.000000,0.097174,2.000000,0.885685,1.245976,0.000000,-0.021109,0.000000,0.000930,1.650180
31540.0,30.000000,0.134972,2.000000,0.888310,1.245976,0.000000,0.030034,0.000000,0.000473,1.650180
31550.0,30.000000,0.117046,2.000000,0.887529,1.245976,0.000000,0.008510,0.000000,-0.000000,1.650180
31560.0,30.000000,0.049873,2.000000,0.890510,1.245976,0.000000,0.017010,0.000000,-0.000000,1.650180
31570.0,30.000000,-0.105108,2.000000,0.889161,1.245976,0.000000,-0.000466,0.000000,0.001388,1.650180
31580.0,30.000000,0.588078,2.000000,0.879932,1.245592,0.000000,-0.013990,0.000000,-0.000000,1.650180
31590.0,30.000000,0.426469,2.000000,0.882644,1.245209,0.000000,0.031857,0.000000,-0.000930,1.650180
31600.0,30.000000,-0.236627,2.000000,0.885618,1.245209,0.000000,0.018162,0.000000,0.000473,1.650180
31610.0,30.000000,0.089022,2.000000,0.888387,1.245209,0.000000,0.002289,0.000000,-0.000000,1.650180
31620.0,30.000000,0.091188,2.000000,0.887105,1.245209,0.000000,0.019050,0.000000,0.000930,1.650180
31630.0,30.000000,0.036799,2.000000,0.884695,1.245209,0.000000,-0.022149,0.000000,-0.000000,1.650180
31640.0,30.000000,-0.517219,2.000000,0.887522,1.245592,0.000000,0.025266,0.000000,-0.000473,1.650180
31650.0,30.000000,0.285754,2.000000,0.890296,1.245976,0.000000,-0.001448,0.000000,-0.000000,1.650180
31660.0,30.000000,-1.260216,2.000000,0.890516,1.246359,0.000000,0.010901,0.000000,0.000473,1.650180
31670.0,30.000000,0.120790,2.000000,0.881866,1.246359,0.000000,-0.005739,0.000000,0.001404,1.650180
31680.0,30.000000,-1.129675,2.000000,0.882647,1.246743,0.000000,0.022311,0.000000,0.001404,1.650180
31690.0,30.000000,0.156899,2.000000,0.883568,1.246743,0.000000,-0.002869,0.000000,-0.000000,1.650180
31700.0,30.000000,0.099747,2.000000,0.884490,1.246743,0.000000,0.016009,0.000000,0.000457,1.650180
31710.0,30.000000,0.053546,2.000000,0.885062,1.246743,0.000000,0.015531,0.000000,0.000930,1.650180
31720.0,30.000000,0.093795,2.000000,0.885412,1.246743,0.000000,-0.011128,0.000000,0.001404,1.650180
31730.0,30.000000,0.068691,2.000000,0.891163,1.246743,0.000000,0.021130,0.000000,-0.000000,1.650180
31740.0,30.000000,1.145017,2.000000,0.887316,1.245976,0.000000,0.017144,0.000000,0.000473,1.650180
31750.0,30.000000,1.116978,2.000000,0.885181,1.244825,0.000000,-0.002393,0.000000,-0.001404,1.650180
31760.0,30.000000,0.507264,2.000000,0.881858,1.244058,0.000000,0.013245,0.000000,0.000930,1.650180
31770.0,30.000000,0.642756,2.000000,0.886473,1.243291,0.000000,-0.028198,0.000000,0.001404,1.650180
31780.0,30.000000,0.853506,2.000000,0.886674,1.242908,0.000000,0.004249,0.000000,-0.000473,1.650180
31790.0,30.000000,-0.183969,2.000000,0.888329,1.242908,0.000000,0.005686,0.000000,0.000930,1.650180
31800.0,30.000000,-0.023780,2.000000,0.890741,1.242525,0.000000,0.003445,0.000000,-0.000000,1.650180
31810.0,30.000000,0.133179,2.000000,0.890566,1.242525,0.000000,-0.011394,0.000000,0.000930,1.650180
31820.0,30.000000,-0.024526,2.000000,0.892216,1.242525,0.000000,0.006597,0.000000,-0.001404,1.650180
31830.0,30.000000,0.144557,2.000000,0.894296,1.242141,0.000000,0.016321,0.000000,-0.000000,1.650180
31840.0,30.000000,-0.162367,2.000000,0.884836,1.242141,0.000000,-0.010658,0.000000,-0.000473,1.650180
31850.0,30.000000,-0.081552,2.000000,0.885213,1.242141,0.000000,0.016097,0.000000,-0.000000,1.650180
31860.0,30.000000,0.023246,2.000000,0.887234,1.242141,0.000000,0.000463,0.000000,-0.001404,1.650180
31870.0,30.000000,0.059263,2.000000,0.887989,1.242141,0.000000,-0.001352,0.000000,-0.000473,1.650180
31880.0,30.000000,0.126243,2.000000,0.889085,1.242141,0.000000,0.015570,0.000000,-0.000000,1.650180
31890.0,30.000000,0.089988,2.000000,0.888914,1.242141,0.000000,0.002259,0.000000,0.000930,1.650180
31900.0,30.000000,0.092101,2.000000,0.891861,1.242141,0.000000,-0.011481,0.000000,-0.000000,1.650180
31910.0,30.000000,-1.050504,2.000000,0.893342,1.242525,0.000000,-0.008459,0.000000,0.000930,1.650180
31920.0,30.000000,-0.970690,2.000000,0.893147,1.242908,0.000000,0.022320,0.000000,-0.000946,1.650180
31930.0,30.000000,-0.924173,2.000000,0.883329,1.243291,0.000000,0.013317,0.000000,-0.002334,1.650180
31940.0,30.000000,0.155851,2.000000,0.885181,1.243675,0.000000,-0.000345,0.000000,0.000930,1.650180
31950.0,30.000000,-0.010633,2.000000,0.886473,1.243675,0.000000,0.002431,0.000000,-0.000473,1.650180
31960.0,30.000000,0.058120,2.000000,0.886098,1.243675,0.000000,0.014679,0.000000,-0.000000,1.650180
31970.0,30.000000,0.095858,2.000000,0.887397,1.243675,0.000000,-0.020451,0.000000,0.001404,1.650180
31980.0,30.000000,0.844885,2.000000,0.891095,1.243291,0.000000,-0.015934,0.000000,0.000930,1.650180
31990.0,30.000000,0.267203,2.000000,0.891666,1.242525,0.000000,0.004554,0.000000,-0.000000,1.650180
32000.0,30.000000,0.946147,2.000000,0.894523,1.241374,0.000000,-0.005302,0.000000,-0.000473,1.650180
32010.0,30.000000,1.214603,2.000000,0.891118,1.240607,0.000000,0.008104,0.000000,0.000457,1.650180
32020.0,30.000000,0.526533,2.000000,0.886447,1.239457,0.000000,0.014464,0.000000,-0.000930,1.650180
32030.0,30.000000,-0.455715,2.000000,0.889762,1.239457,0.000000,-0.009774,0.000000,0.000473,1.650180
32040.0,30.000000,1.146446,2.000000,0.888161,1.239073,0.000000,0.004847,0.000000,0.000473,1.650180
32050.0,30.000000,-0.179255,2.000000,0.893192,1.239073,0.000000,0.023045,0.000000,-0.000000,1.650180
32060.0,30.000000,0.111133,2.000000,0.892401,1.239073,0.000000,0.020333,0.000000,-0.000000,1.650180
32070.0,30.000000,0.109375,2.000000,0.893192,1.239073,0.000000,-0.002987,0.000000,-0.000473,1.650180
32080.0,30.000000,0.040367,2.000000,0.895182,1.239073,0.000000,0.012329,0.000000,0.000473,1.650180
32090.0,30.000000,-0.116528,2.000000,0.894911,1.239073,0.000000,0.015051,0.000000,-0.000000,1.650180
32100.0,30.000000,-0.112401,2.000000,0.887233,1.239073,0.000000,0.043978,0.000000,0.000473,1.650180
32110.0,30.000000,-0.055507,2.000000,0.888025,1.239073,0.000000,-0.008137,0.000000,-0.000000,1.650180
32120.0,30.000000,-0.031444,2.000000,0.891078,1.239073,0.000000,0.015274,0.000000,-0.000000,1.650180
32130.0,30.000000,-0.032380,2.000000,0.887233,1.239073,0.000000,0.003131,0.000000,-0.000000,1.650180
32140.0,30.000000,0.215096,2.000000,0.888161,1.239073,0.000000,-0.001157,0.000000,-0.001388,1.650180
32150.0,30.000000,0.156011,2.000000,0.891869,1.239073,0.000000,-0.037827,0.000000,0.000930,1.650180
32160.0,30.000000,0.055448,2.000000,0.894255,1.239073,0.000000,-0.039366,0.000000,0.000930,1.650180
32170.0,30.000000,0.019982,2.000000,0.897433,1.239073,0.000000,0.033574,0.000000,0.000930,1.650180
32180.0,30.000000,-0.121532,2.000000,0.896901,1.239073,0.000000,0.016399,0.000000,-0.000000,1.650180
32190.0,30.000000,-0.097074,2.000000,0.886306,1.239073,0.000000,0.006225,0.000000,-0.000000,1.650180
32200.0,30.000000,-0.093641,2.000000,0.888692,1.239073,0.000000,-0.000701,0.000000,-0.000000,1.650180
32210.0,30.000000,0.022120,2.000000,0.890411,1.239073,0.000000,0.021476,0.000000,-0.000457,1.650180
32220.0,30.000000,1.073626,2.000000,0.888282,1.238690,0.000000,0.015011,0.000000,-0.000000,1.650180
32230.0,30.000000,0.930026,2.000000,0.891463,1.238306,0.000000,-0.000039,0.000000,-0.000946,1.650180
32240.0,30.000000,-0.055214,2.000000,0.892263,1.238306,0.000000,-0.002199,0.000000,0.000473,1.650180
32250.0,30.000000,0.128862,2.000000,0.896228,1.238306,0.000000,0.007390,0.000000,-0.000000,1.650180
32260.0,30.000000,-0.065791,2.000000,0.896901,1.238306,0.000000,0.008116,0.000000,-0.000000,1.650180
32270.0,30.000000,-0.158398,2.000000,0.896901,1.238306,0.000000,0.009415,0.000000,-0.000000,1.650180
32280.0,30.000000,-0.127162,2.000000,0.888152,1.238306,0.000000,-0.007066,0.000000,-0.000000,1.650180
32290.0,30.000000,-0.052987,2.000000,0.890662,1.238306,0.000000,0.027606,0.000000,0.000930,1.650180
32300.0,30.000000,0.063854,2.000000,0.890935,1.238306,0.000000,-0.008529,0.000000,-0.000000,1.650180
32310.0,30.000000,0.098157,2.000000,0.892917,1.238306,0.000000,-0.000134,0.000000,0.000473,1.650180
32320.0,30.000000,0.112331,2.000000,0.892390,1.238306,0.000000,0.013846,0.000000,0.000473,1.650180
32330.0,30.000000,0.841927,2.000000,0.895051,1.237923,0.000000,0.003537,0.000000,-0.000000,1.650180
32340.0,30.000000,1.484519,2.000000,0.895504,1.237156,0.000000,0.034840,0.000000,-0.000473,1.650180
32350.0,30.000000,0.780875,2.000000,0.896421,1.236005,0.000000,-0.013332,0.000000,-0.000000,1.650180
32360.0,30.000000,1.332620,2.000000,0.891633,1.234855,0.000000,0.013697,0.000000,-0.000000,1.650180
32370.0,30.000000,1.296515,2.000000,0.890636,1.233704,0.000000,0.035087,0.000000,-0.000000,1.650180
32380.0,30.000000,1.606517,2.000000,0.891904,1.231787,0.000000,-0.001366,0.000000,-0.000000,1.650180
32390.0,30.000000,1.104862,2.000000,0.895404,1.230253,0.000000,-0.013814,0.000000,0.000930,1.650180
32400.0,30.000000,0.041992,2.000000,0.895809,1.229869,0.000000,0.005902,0.000000,0.000930,1.650180
32410.0,30.000000,0.058301,2.000000,0.898600,1.229869,0.000000,-0.001805,0.000000,-0.000473,1.650180
32420.0,30.000000,0.084507,2.000000,0.897669,1.229869,0.000000,0.019135,0.000000,-0.000000,1.650180
32430.0,30.000000,0.037616,2.000000,0.899125,1.230253,0.000000,-0.013021,0.000000,-0.000473,1.650180
32440.0,30.000000,0.353812,2.000000,0.936783,1.230253,0.000000,0.012946,0.000000,-0.000457,1.650180
32450.0,30.000000,4.721587,1.973838,0.999892,1.228335,0.000000,-0.003098,0.000000,0.000473,1.650180
32460.0,30.000000,1.978844,2.000000,1.015224,1.225651,0.000000,-0.000804,0.000000,0.001404,1.650180
32470.0,30.000000,-0.022314,2.000000,1.019519,1.224884,0.000000,0.014479,0.000000,-0.000000,1.650180
32480.0,30.000000,0.027187,2.000000,1.020401,1.224884,0.000000,-0.028163,0.000000,-0.001404,1.650180
32490.0,30.000000,0.118397,2.000000,1.021356,1.224884,0.000000,0.009118,0.000000,0.000473,1.650180
32500.0,30.000000,0.147144,2.000000,1.022286,1.224884,0.000000,0.024801,0.000000,-0.000473,1.650180
32510.0,30.000000,0.085468,2.000000,1.023694,1.224884,0.000000,0.022755,0.000000,-0.000000,1.650180
32520.0,30.000000,0.795551,2.000000,1.028429,1.224117,0.000000,-0.013293,0.000000,0.000473,1.650180
32530.0,30.000000,1.361844,2.000000,1.014231,1.222966,0.000000,0.009520,0.000000,0.001404,1.650180
32540.0,30.000000,1.902500,2.000000,1.015127,1.221432,0.000000,-0.002014,0.000000,0.001404,1.650180
32550.0,30.000000,2.933813,2.000000,1.018102,1.219131,0.000000,0.013928,0.000000,-0.000000,1.650180
32560.0,30.000000,5.232519,1.996263,1.018415,1.214529,0.000000,0.010323,0.000000,-0.000930,1.650180
32570.0,30.000000,7.155058,1.988901,1.019785,1.208010,0.000000,0.007009,0.000000,-0.000930,1.650180
32580.0,30.000000,17.728447,1.848662,1.014112,1.194204,0.000000,-0.021199,0.000000,0.000473,1.650180
32590.0,30.000000,84.979034,0.827753,0.950594,1.134762,0.000000,-0.007955,0.000000,-0.000016,1.650180
32600.0,30.000000,139.812256,-0.095407,-0.095382,0.992102,0.000000,-1.598371,0.000000,-0.000000,1.649029
32610.0,30.000000,129.048676,-0.035608,-0.033843,0.854811,0.000000,2.606308,0.000000,-0.000473,1.650180
32620.0,30.000000,123.137161,-0.042779,-0.042273,0.723655,0.000000,0.938606,0.000000,-0.000000,1.651714
32630.0,30.000000,115.192268,-0.012085,-0.012495,0.599020,0.000000,-0.249726,0.000000,-0.001412,1.651714
32640.0,30.000000,109.846817,-0.014863,-0.015815,0.482053,0.000000,0.023334,0.000000,-0.000930,1.651714
32650.0,30.000000,104.657677,-0.013446,-0.014299,0.369306,0.000000,-2.691480,0.000000,-0.001406,1.650563
32660.0,30.000000,101.236084,-0.034827,-0.034675,0.262694,0.000000,-0.372202,0.000000,-0.000011,1.649796
32670.0,30.000000,96.650528,-0.034941,-0.034765,0.158384,0.000000,0.113762,0.000000,-0.001401,1.649796
32680.0,30.000000,89.316284,0.012816,0.013420,0.062510,0.000000,0.010926,0.000000,-0.000000,1.649796
32690.0,30.000000,85.863174,0.006964,0.008112,6.254040,0.000000,-0.009340,0.000000,-0.000471,1.649796
32700.0,30.000000,82.151108,0.008977,0.009788,6.166603,0.000000,-0.017164,0.000000,-0.000000,1.650180
32710.0,30.000000,81.418167,-0.031418,-0.030678,6.081083,0.000000,0.030813,0.000000,-0.000000,1.650180
32720.0,30.000000,78.579575,-0.037590,-0.037524,5.997865,0.000000,0.002517,0.000000,0.000473,1.650180
32730.0,30.000000,73.477310,-0.007568,-0.008840,5.918865,0.000000,-0.012862,0.000000,0.000473,1.650180
32740.0,30.000000,69.060867,0.017539,0.017383,5.845234,0.000000,-0.012522,0.000000,0.000930,1.650180
32750.0,30.000000,66.520630,0.018346,0.017925,5.774671,0.000000,0.011869,0.000000,-0.000457,1.650180
32760.0,30.000000,65.367065,0.000456,0.001347,5.706025,0.000000,-0.004348,0.000000,0.000473,1.650180
32770.0,30.000000,63.238430,-0.001505,-0.001612,5.639297,0.000000,0.027270,0.000000,-0.000473,1.650180
32780.0,30.000000,62.090904,-0.016723,-0.016818,5.573720,0.000000,0.010386,0.000000,-0.000473,1.650180
32790.0,30.000000,60.193127,-0.018809,-0.018679,5.510059,0.000000,0.003413,0.000000,0.000473,1.650180
32800.0,30.000000,58.097446,-0.016277,-0.015230,5.448700,0.000000,0.020282,0.000000,-0.000946,1.650180
32810.0,30.000000,54.492157,0.011893,0.011557,5.390792,0.000000,0.009156,0.000000,0.000473,1.650180
32820.0,30.000000,51.314854,0.036868,0.037080,5.336336,0.000000,0.027628,0.000000,0.000473,1.650180
32830.0,30.000000,50.446625,0.029956,0.030310,5.283797,0.000000,-0.010135,0.000000,-0.000473,1.650180
32840.0,30.000000,48.404266,0.040900,0.038714,5.232025,0.000000,0.019444,0.000000,-0.000000,1.650180
32850.0,30.000000,49.021778,0.013475,0.015237,5.181020,0.000000,0.012388,0.000000,-0.001404,1.650180
32860.0,30.000000,47.534786,0.016726,0.016056,5.129632,0.000000,-0.009283,0.000000,-0.000000,1.650180
32870.0,30.000000,48.063995,-0.009181,-0.010062,5.078627,0.000000,0.009883,0.000000,0.000473,1.650180
32880.0,30.000000,45.425289,0.013337,0.012015,5.030307,0.000000,0.033870,0.000000,-0.000473,1.650180
32890.0,30.000000,46.942814,-0.025624,-0.023851,4.981219,0.000000,-0.019123,0.000000,0.000930,1.650180
32900.0,30.000000,43.696564,0.008719,0.009154,4.935200,0.000000,-0.007156,0.000000,0.001404,1.650180
32910.0,30.000000,42.926884,0.005861,0.005630,4.889180,0.000000,0.015154,0.000000,-0.000930,1.650180
32920.0,30.000000,40.877666,0.025712,0.026821,4.846229,0.000000,0.021239,0.000000,-0.000000,1.650180
32930.0,30.000000,39.197067,0.040300,0.040139,4.804428,0.000000,0.003951,0.000000,0.000473,1.650180
32940.0,30.000000,39.340599,0.029191,0.030243,4.763011,0.000000,0.033937,0.000000,-0.001861,1.650180
32950.0,30.000000,39.196625,0.021875,0.022000,4.721976,0.000000,-0.005413,0.000000,0.001404,1.650180
32960.0,30.000000,39.256081,0.012311,0.012582,4.680943,0.000000,-0.038125,0.000000,0.000930,1.650180
32970.0,30.000000,37.928562,0.022822,0.020395,4.639908,0.000000,0.033895,0.000000,-0.000473,1.650180
32980.0,30.000000,38.880283,-0.000160,0.000866,4.598875,0.000000,-0.024649,0.000000,-0.000016,1.650180
32990.0,30.000000,36.546520,0.026318,0.025028,4.559374,0.000000,-0.075679,0.000000,0.000930,1.650180
33000.0,30.000000,36.907299,0.014115,0.013956,4.520258,0.000000,0.023674,0.000000,0.001404,1.650180
33010.0,30.000000,35.222073,0.032517,0.031746,4.482292,0.000000,0.005996,0.000000,-0.000000,1.650180
33020.0,30.000000,35.705582,0.019338,0.018538,4.444326,0.000000,0.033429,0.000000,-0.000000,1.650180
33030.0,30.000000,36.306030,0.003879,0.003593,4.406360,0.000000,-0.030731,0.000000,-0.000457,1.650180
33040.0,30.000000,35.287937,0.014011,0.014430,4.369545,0.000000,0.022082,0.000000,-0.000000,1.650180
33050.0,30.000000,33.856182,0.031159,0.032002,4.333879,0.000000,-0.029496,0.000000,0.000930,1.650180
33060.0,30.000000,33.683968,0.030049,0.029847,4.298598,0.000000,0.014461,0.000000,-0.000930,1.650180
33070.0,30.000000,33.665314,0.026738,0.027271,4.263316,0.000000,0.002713,0.000000,-0.000000,1.650180
33080.0,30.000000,33.057858,0.031777,0.031988,4.228034,0.000000,0.012290,0.000000,-0.000930,1.650180
33090.0,30.000000,34.491871,0.007055,0.006699,4.192369,0.000000,-0.001142,0.000000,-0.000000,1.650180
33100.0,30.000000,34.573120,0.001776,0.003133,4.156321,0.000000,0.007169,0.000000,0.000930,1.650180
33110.0,30.000000,33.407669,0.015786,0.015634,4.121423,0.000000,-0.022336,0.000000,0.000473,1.650180
33120.0,30.000000,33.633682,0.008443,0.008874,4.086142,0.000000,0.018980,0.000000,-0.000000,1.650180
33130.0,30.000000,33.270405,0.010487,0.009794,4.051243,0.000000,0.015312,0.000000,0.000930,1.650180
33140.0,30.000000,33.807579,-0.000522,0.000000,4.016346,0.000000,0.008061,0.000000,-0.000473,1.650180
33150.0,30.000000,32.850681,0.010765,0.010559,3.981831,0.000000,0.011114,0.000000,0.000930,1.650180
33160.0,30.000000,32.814278,0.008229,0.008528,3.947316,0.000000,0.020746,0.000000,-0.000473,1.650180
33170.0,30.000000,33.406494,-0.003247,-0.003292,3.912802,0.000000,0.006374,0.000000,0.001404,1.650180
33180.0,30.000000,32.867496,0.001872,0.002460,3.877903,0.000000,-0.007969,0.000000,-0.000457,1.650180
33190.0,30.000000,32.270714,0.007903,0.008868,3.843772,0.000000,0.023173,0.000000,-0.000000,1.650180
33200.0,30.000000,31.045040,0.024620,0.024355,3.811175,0.000000,0.019161,0.000000,-0.000930,1.650180
33210.0,30.000000,30.957281,0.024689,0.025175,3.778578,0.000000,-0.001410,0.000000,0.000930,1.650180
33220.0,30.000000,30.837887,0.025663,0.025902,3.745981,0.000000,0.001518,0.000000,-0.000473,1.650180
33230.0,30.000000,30.854603,0.024398,0.024335,3.713384,0.000000,0.017490,0.000000,-0.000000,1.650180
33240.0,30.000000,29.691952,0.041073,0.041491,3.681554,0.000000,-0.008236,0.000000,-0.000000,1.650180
33250.0,30.000000,30.066753,0.035867,0.036550,3.650491,0.000000,0.002414,0.000000,-0.001419,1.650180
33260.0,30.000000,30.593115,0.027122,0.026980,3.617894,0.000000,0.014073,0.000000,-0.000930,1.650180
33270.0,30.000000,31.337187,0.015436,0.015872,3.586064,0.000000,0.016401,0.000000,0.000930,1.650180
33280.0,30.000000,30.842339,0.022407,0.022580,3.553850,0.000000,-0.021493,0.000000,-0.001404,1.650180
33290.0,30.000000,31.377285,0.013379,0.011591,3.521636,0.000000,0.021565,0.000000,0.000930,1.650180
33300.0,30.000000,31.174440,0.015684,0.016459,3.489039,0.000000,0.008970,0.000000,-0.000000,1.650180
33310.0,30.000000,30.917448,0.018403,0.017752,3.456442,0.000000,-0.004066,0.000000,0.001404,1.650180
33320.0,30.000000,32.262596,-0.003209,-0.003165,3.423462,0.000000,0.026479,0.000000,-0.000930,1.650180
33330.0,30.000000,31.986706,-0.000908,-0.000040,3.390098,0.000000,0.004914,0.000000,-0.000946,1.650180
33340.0,30.000000,32.711060,-0.013811,-0.012773,3.356350,0.000000,-0.011862,0.000000,0.000930,1.650180
33350.0,30.000000,31.410452,0.003649,0.001874,3.322603,0.000000,0.018963,0.000000,-0.000946,1.650180
33360.0,30.000000,30.927195,0.009775,0.008806,3.290389,0.000000,0.007516,0.000000,0.001877,1.650180
33370.0,30.000000,30.060036,0.022487,0.022560,3.258942,0.000000,0.008453,0.000000,-0.000000,1.650180
33380.0,30.000000,30.123947,0.021855,0.021137,3.227879,0.000000,-0.016889,0.000000,0.000473,1.650180
33390.0,30.000000,29.940634,0.025020,0.025899,3.197200,0.000000,0.003415,0.000000,-0.000946,1.650180
33400.0,30.000000,29.953127,0.025492,0.025601,3.166520,0.000000,0.001090,0.000000,-0.000000,1.650180
33410.0,30.000000,29.483416,0.033052,0.031746,3.135840,0.000000,-0.023593,0.000000,-0.000000,1.650180
33420.0,30.000000,30.205830,0.022401,0.020972,3.103627,0.000000,-0.005744,0.000000,-0.001404,1.650180
33430.0,30.000000,30.976425,0.010701,0.010878,3.072180,0.000000,-0.004722,0.000000,-0.000000,1.650180
33440.0,30.000000,30.418442,0.018606,0.017742,3.040350,0.000000,0.015245,0.000000,-0.001404,1.650180
33450.0,30.000000,30.620806,0.014889,0.015900,3.008137,0.000000,0.001690,0.000000,0.000473,1.650180
33460.0,30.000000,31.558044,-0.000135,-0.000882,2.975539,0.000000,0.011699,0.000000,-0.000000,1.650180
33470.0,30.000000,31.206583,0.003854,0.002431,2.942559,0.000000,-0.012371,0.000000,0.000457,1.650180
33480.0,30.000000,32.462803,-0.016404,-0.016117,2.909578,0.000000,0.005264,0.000000,0.001404,1.650180
33490.0,30.000000,31.924044,-0.010222,-0.009786,2.875831,0.000000,0.015589,0.000000,-0.001404,1.650180
33500.0,30.000000,31.629953,-0.007698,-0.008240,2.842467,0.000000,0.028445,0.000000,-0.000000,1.650180
33510.0,30.000000,30.643393,0.005767,0.006345,2.809869,0.000000,-0.012019,0.000000,0.001404,1.650180
33520.0,30.000000,29.554888,0.022239,0.021998,2.778806,0.000000,0.021954,0.000000,-0.001404,1.650180
33530.0,30.000000,29.307426,0.026240,0.026498,2.748127,0.000000,-0.004141,0.000000,-0.000473,1.650180
33540.0,30.000000,27.845171,0.049946,0.047924,2.718597,0.000000,1.062232,0.000000,-0.000455,1.650563
33550.0,30.000000,27.456030,0.057461,0.057034,2.689452,0.000000,-0.276288,0.000000,-0.000000,1.650563
33560.0,30.000000,28.379007,0.045686,0.046963,2.659923,0.000000,0.048427,0.000000,-0.000000,1.650563
33570.0,30.000000,28.161989,0.050700,0.051242,2.630394,0.000000,-0.744517,0.000000,0.001877,1.650180
33580.0,30.000000,30.206461,0.020699,0.021320,2.599330,0.000000,0.138081,0.000000,-0.003265,1.650180
33590.0,30.000000,30.201395,0.021148,0.021446,2.568267,0.000000,-0.023792,0.000000,-0.001861,1.650180
33600.0,30.000000,30.196390,0.021571,0.022583,2.536821,0.000000,0.004184,0.000000,-0.000946,1.650180
33610.0,30.000000,30.117464,0.022308,0.021799,2.504991,0.000000,0.039928,0.000000,-0.000000,1.650180
33620.0,30.000000,30.552345,0.015159,0.014771,2.472777,0.000000,0.018635,0.000000,-0.000457,1.650180
33630.0,30.000000,31.515011,-0.000790,-0.000550,2.439413,0.000000,0.004035,0.000000,0.000473,1.650180
33640.0,30.000000,31.653296,-0.004613,-0.004255,2.406049,0.000000,0.027929,0.000000,-0.001861,1.650180
33650.0,30.000000,32.456799,-0.018354,-0.017946,2.373068,0.000000,0.002598,0.000000,0.001404,1.650180
33660.0,30.000000,31.224857,-0.001187,-0.003333,2.340088,0.000000,-0.025871,0.000000,0.000930,1.650180
33670.0,30.000000,31.540203,-0.007848,-0.008522,2.307107,0.000000,0.021130,0.000000,0.000930,1.650180
33680.0,30.000000,30.174803,0.012084,0.011627,2.274894,0.000000,0.013917,0.000000,-0.000000,1.650180
33690.0,30.000000,29.341671,0.024784,0.024385,2.243830,0.000000,-0.002058,0.000000,-0.000000,1.650180
33700.0,30.000000,29.328918,0.025640,0.025845,2.213534,0.000000,-0.014323,0.000000,-0.000000,1.650180
33710.0,30.000000,27.537863,0.054205,0.053479,2.184389,0.000000,0.025420,0.000000,-0.001404,1.650180
33720.0,30.000000,29.152487,0.031414,0.029845,2.154093,0.000000,-0.002827,0.000000,-0.000930,1.650180
33730.0,30.000000,29.289230,0.030628,0.033493,2.124180,0.000000,0.032688,0.000000,-0.000000,1.650180
33740.0,30.000000,28.534893,0.042691,0.042065,2.093500,0.000000,-0.004340,0.000000,0.000930,1.650180
33750.0,30.000000,30.277184,0.016848,0.016980,2.061670,0.000000,0.002187,0.000000,-0.000016,1.650180
33760.0,30.000000,30.377817,0.014989,0.014623,2.029840,0.000000,0.024052,0.000000,-0.001404,1.650180
33770.0,30.000000,30.662695,0.009414,0.008858,1.997243,0.000000,0.002640,0.000000,0.000473,1.650180
33780.0,30.000000,31.303940,-0.001354,-0.000403,1.964262,0.000000,-0.004090,0.000000,-0.000930,1.650180
33790.0,30.000000,32.466160,-0.020198,-0.019205,1.931665,0.000000,0.008908,0.000000,-0.000473,1.650180
33800.0,30.000000,30.807102,0.004262,0.004025,1.899835,0.000000,0.044257,0.000000,-0.000457,1.650180
33810.0,30.000000,30.239748,0.011902,0.012510,1.868005,0.000000,0.003735,0.000000,-0.000473,1.650180
33820.0,30.000000,30.956785,0.000658,-0.000000,1.835792,0.000000,0.006720,0.000000,0.000473,1.650180
33830.0,30.000000,29.931789,0.016069,0.014963,1.804345,0.000000,-0.017537,0.000000,-0.000000,1.650180
33840.0,30.000000,30.731167,0.003282,0.004780,1.771748,0.000000,0.011490,0.000000,-0.000473,1.650180
33850.0,30.000000,28.836252,0.032356,0.032287,1.741452,0.000000,0.002857,0.000000,0.000930,1.650180
33860.0,30.000000,29.154091,0.029000,0.029544,1.711539,0.000000,0.015879,0.000000,0.000473,1.650180
33870.0,30.000000,29.323425,0.027579,0.027892,1.681626,0.000000,0.003555,0.000000,0.000930,1.650180
33880.0,30.000000,27.409344,0.058800,0.059745,1.652864,0.000000,-0.007559,0.000000,-0.000930,1.650180
33890.0,30.000000,29.266497,0.031917,0.032707,1.622568,0.000000,-0.029926,0.000000,-0.000000,1.650180
33900.0,30.000000,29.255764,0.032585,0.032998,1.591505,0.000000,-0.020050,0.000000,-0.000016,1.650180
33910.0,30.000000,31.552757,-0.001648,-0.001014,1.559291,0.000000,-0.008619,0.000000,-0.000000,1.650180
33920.0,30.000000,31.424965,-0.000710,-0.000460,1.527078,0.000000,-0.003698,0.000000,0.000930,1.650180
33930.0,30.000000,30.331465,0.014727,0.014325,1.494481,0.000000,-0.000198,0.000000,0.000473,1.650180
33940.0,30.000000,31.341171,-0.001577,-0.002305,1.462267,0.000000,-0.025390,0.000000,0.000473,1.650180
33950.0,30.000000,30.741436,0.006414,0.005502,1.429287,0.000000,0.006354,0.000000,-0.001404,1.650180
33960.0,30.000000,30.686056,0.006503,0.006101,1.397073,0.000000,-0.013558,0.000000,0.001404,1.650180
33970.0,30.000000,30.569473,0.007646,0.007949,1.364859,0.000000,-0.010695,0.000000,0.001404,1.650180
33980.0,30.000000,30.191656,0.012798,0.012508,1.333413,0.000000,0.012794,0.000000,-0.000000,1.650180
33990.0,30.000000,30.484177,0.007597,0.006451,1.301199,0.000000,-0.001560,0.000000,0.000473,1.650180
34000.0,30.000000,31.806513,-0.013337,-0.013867,1.268219,0.000000,0.005200,0.000000,-0.003753,1.650180
34010.0,30.000000,30.226208,0.010436,0.011138,1.237156,0.000000,0.004234,0.000000,-0.000000,1.650180
34020.0,30.000000,29.342970,0.023808,0.023485,1.206092,0.000000,-0.011270,0.000000,-0.000457,1.650180
34030.0,30.000000,28.658718,0.034459,0.035324,1.175413,0.000000,-0.002204,0.000000,-0.000000,1.650180
34040.0,30.000000,30.060295,0.014703,0.014626,1.144733,0.000000,-0.004934,0.000000,-0.000000,1.650180
34050.0,30.000000,30.174482,0.013363,0.013667,1.113670,0.000000,0.013104,0.000000,-0.000000,1.650180
34060.0,30.000000,28.396946,0.040222,0.038684,1.082990,0.000000,0.014586,0.000000,-0.001404,1.650180
34070.0,30.000000,30.185844,0.013677,0.013707,1.051160,0.000000,0.023461,0.000000,0.000473,1.650180
34080.0,30.000000,29.660765,0.021439,0.020280,1.019714,0.000000,0.018284,0.000000,0.001404,1.650180
34090.0,30.000000,29.534571,0.022935,0.022637,0.988267,0.000000,-0.014254,0.000000,-0.000000,1.650180
34100.0,30.000000,30.105900,0.014608,0.014646,0.956821,0.000000,0.001256,0.000000,-0.000473,1.650180
34110.0,30.000000,29.534744,0.023260,0.023260,0.925374,0.000000,-0.014911,0.000000,0.000930,1.650180
34120.0,30.000000,29.715353,0.020177,0.019224,0.893927,0.000000,0.003115,0.000000,0.000930,1.650180
34130.0,30.000000,30.078709,0.015151,0.014535,0.862481,0.000000,0.029308,0.000000,-0.000457,1.650180
34140.0,30.000000,29.711172,0.020327,0.020267,0.831034,0.000000,0.007474,0.000000,-0.000000,1.650180
34150.0,30.000000,30.980127,0.001075,0.001499,0.799204,0.000000,-0.026543,0.000000,-0.000457,1.650180
34160.0,30.000000,30.463217,0.008278,0.008753,0.766990,0.000000,0.017367,0.000000,0.000930,1.650180
34170.0,30.000000,31.219477,-0.003846,-0.004236,0.734777,0.000000,0.003561,0.000000,-0.000457,1.650180
34180.0,30.000000,29.859983,0.016176,0.016118,0.702947,0.000000,0.005228,0.000000,0.000930,1.650180
34190.0,30.000000,29.146921,0.026669,0.026590,0.671500,0.000000,-0.017533,0.000000,0.000473,1.650180
34200.0,30.000000,30.101063,0.012567,0.011658,0.640437,0.000000,0.014506,0.000000,0.001404,1.650180
34210.0,30.000000,29.345400,0.024467,0.024407,0.609757,0.000000,0.005089,0.000000,0.001877,1.650180
34220.0,30.000000,29.286060,0.025967,0.024453,0.578694,0.000000,-0.015909,0.000000,0.000930,1.650180
34230.0,30.000000,29.477165,0.023553,0.024193,0.547631,0.000000,-0.010155,0.000000,0.000930,1.650180
34240.0,30.000000,29.269293,0.027007,0.026833,0.516568,0.000000,0.003053,0.000000,0.001404,1.650180
34250.0,30.000000,28.546427,0.038416,0.036829,0.485888,0.000000,0.000732,0.000000,-0.000000,1.650180
34260.0,30.000000,29.867233,0.018772,0.018887,0.454442,0.000000,0.016968,0.000000,0.000473,1.650180
34270.0,30.000000,30.387629,0.010756,0.009709,0.422995,0.000000,-0.010428,0.000000,-0.000000,1.650180
34280.0,30.000000,30.248863,0.012966,0.014531,0.391549,0.000000,0.013215,0.000000,-0.000930,1.650180
34290.0,30.000000,30.556271,0.007892,0.008527,0.359335,0.000000,0.004752,0.000000,-0.000930,1.650180
34300.0,30.000000,30.245388,0.011723,0.010711,0.327121,0.000000,-0.023430,0.000000,0.000930,1.650180
34310.0,30.000000,30.358503,0.009378,0.009161,0.294908,0.000000,-0.002747,0.000000,-0.001861,1.650180
34320.0,30.000000,31.421297,-0.007871,-0.008097,0.261927,0.000000,-0.000391,0.000000,0.000473,1.650180
34330.0,30.000000,31.341948,-0.008020,-0.008261,0.228947,0.000000,-0.008394,0.000000,-0.000000,1.650180
34340.0,30.000000,30.976782,-0.004161,-0.004805,0.195966,0.000000,0.008777,0.000000,-0.000930,1.650180
34350.0,30.000000,30.232105,0.006662,0.007025,0.164519,0.000000,0.000969,0.000000,-0.000000,1.650180
34360.0,30.000000,30.082397,0.009054,0.008965,0.133456,0.000000,-0.006312,0.000000,0.000457,1.650180
34370.0,30.000000,28.044430,0.041055,0.038665,0.103927,0.000000,0.015366,0.000000,-0.001404,1.650180
34380.0,30.000000,28.349861,0.037885,0.038003,0.074015,0.000000,0.024089,0.000000,-0.000000,1.650180
34390.0,30.000000,28.746590,0.033472,0.030490,0.044102,0.000000,-0.019696,0.000000,-0.000000,1.650180
34400.0,30.000000,28.601385,0.037397,0.038825,0.014573,0.000000,0.026391,0.000000,0.001404,1.650180
34410.0,30.000000,29.834110,0.020165,0.021460,6.267462,0.000000,-0.011081,0.000000,-0.001877,1.650180
34420.0,30.000000,28.337692,0.043711,0.043523,6.237166,0.000000,0.007429,0.000000,0.000457,1.650180
34430.0,30.000000,29.349474,0.029047,0.029051,6.206486,0.000000,0.007938,0.000000,0.000473,1.650180
34440.0,30.000000,30.080608,0.018545,0.017223,6.175423,0.000000,-0.032188,0.000000,-0.000000,1.650180
34450.0,30.000000,30.792398,0.008003,0.008517,6.143977,0.000000,0.035595,0.000000,0.000930,1.650180
34460.0,30.000000,30.577114,0.010962,0.012304,6.111763,0.000000,0.006789,0.000000,0.000473,1.650180
34470.0,30.000000,30.909281,0.004828,0.004116,6.079166,0.000000,0.013633,0.000000,0.000473,1.650180
34480.0,30.000000,31.868475,-0.010688,-0.010064,6.046569,0.000000,0.004031,0.000000,-0.000000,1.650180
34490.0,30.000000,31.575098,-0.007833,-0.006973,6.013205,0.000000,-0.012517,0.000000,0.000930,1.650180
34500.0,30.000000,32.468323,-0.022826,-0.021938,5.979841,0.000000,0.010832,0.000000,-0.000000,1.650180
34510.0,30.000000,30.601192,0.003664,0.002439,5.947244,0.000000,0.018297,0.000000,0.000930,1.650180
34520.0,30.000000,29.653461,0.017653,0.017947,5.916181,0.000000,-0.025194,0.000000,-0.000000,1.650180
34530.0,30.000000,29.134523,0.026444,0.025904,5.886268,0.000000,0.032761,0.000000,-0.001404,1.650180
34540.0,30.000000,28.239143,0.041429,0.041478,5.856739,0.000000,0.023883,0.000000,0.001404,1.650180
34550.0,30.000000,29.109432,0.029970,0.029288,5.826443,0.000000,-0.012571,0.000000,0.001404,1.650180
34560.0,30.000000,29.124428,0.031184,0.032287,5.796914,0.000000,0.037153,0.000000,-0.000000,1.650180
34570.0,30.000000,28.430595,0.043068,0.042555,5.767001,0.000000,0.003898,0.000000,-0.000457,1.650180
34580.0,30.000000,29.310429,0.030857,0.030506,5.735938,0.000000,0.018803,0.000000,0.000473,1.650180
34590.0,30.000000,29.815956,0.023550,0.024247,5.705258,0.000000,-0.007130,0.000000,-0.001404,1.650180
34600.0,30.000000,30.785070,0.008968,0.009161,5.673045,0.000000,0.009390,0.000000,-0.000000,1.650180
34610.0,30.000000,30.277948,0.016090,0.015306,5.641598,0.000000,-0.016520,0.000000,-0.002318,1.650180
34620.0,30.000000,31.243355,0.000820,0.000888,5.609001,0.000000,0.039601,0.000000,-0.000930,1.650180
34630.0,30.000000,30.264502,0.014448,0.013639,5.576404,0.000000,-0.013020,0.000000,-0.000000,1.650180
34640.0,30.000000,31.597843,-0.007100,-0.007020,5.543423,0.000000,0.001217,0.000000,0.000473,1.650180
34650.0,30.000000,30.535284,0.007919,0.008109,5.511209,0.000000,-0.008425,0.000000,-0.000930,1.650180
34660.0,30.000000,31.142717,-0.002419,-0.003290,5.478612,0.000000,0.006304,0.000000,-0.000473,1.650180
34670.0,30.000000,30.280092,0.009890,0.009435,5.446399,0.000000,0.007775,0.000000,-0.001861,1.650180
34680.0,30.000000,29.983662,0.014046,0.013958,5.414952,0.000000,0.004259,0.000000,-0.000016,1.650180
34690.0,30.000000,28.585623,0.035926,0.035637,5.384656,0.000000,0.002544,0.000000,-0.001861,1.650180
34700.0,30.000000,28.372072,0.040678,0.041311,5.355127,0.000000,0.008184,0.000000,-0.002791,1.650180
34710.0,30.000000,27.368931,0.057894,0.057629,5.326365,0.000000,0.035692,0.000000,-0.000930,1.650180
34720.0,30.000000,28.326481,0.045944,0.045699,5.296836,0.000000,-0.008243,0.000000,-0.000000,1.650180
34730.0,30.000000,27.755880,0.056154,0.055830,5.266923,0.000000,-0.008612,0.000000,-0.000930,1.650180
34740.0,30.000000,27.802319,0.056507,0.055430,5.237010,0.000000,-0.007638,0.000000,0.000930,1.650180
34750.0,30.000000,29.701040,0.029003,0.027541,5.206331,0.000000,0.001812,0.000000,-0.001861,1.650180
34760.0,30.000000,31.004154,0.009123,0.009599,5.174118,0.000000,0.008714,0.000000,0.000473,1.650180
34770.0,30.000000,30.225315,0.020246,0.019803,5.141904,0.000000,0.008610,0.000000,0.000473,1.650180
34780.0,30.000000,31.389523,0.001839,0.001859,5.109307,0.000000,-0.006235,0.000000,-0.000000,1.650180
34790.0,30.000000,31.627232,-0.002938,-0.002236,5.076326,0.000000,0.029228,0.000000,-0.000000,1.650180
34800.0,30.000000,31.297157,0.000716,0.000012,5.043729,0.000000,-0.019364,0.000000,0.000930,1.650180
34810.0,30.000000,30.645506,0.009435,0.009156,5.011132,0.000000,-0.014098,0.000000,-0.000000,1.650180
34820.0,30.000000,31.024080,0.002328,0.002384,4.978535,0.000000,0.012830,0.000000,-0.000473,1.650180
34830.0,30.000000,30.692322,0.006913,0.006676,4.946705,0.000000,0.003127,0.000000,-0.000473,1.650180
34840.0,30.000000,30.733179,0.005455,0.004053,4.914108,0.000000,-0.014720,0.000000,0.000930,1.650180
34850.0,30.000000,28.581591,0.037380,0.037112,4.883044,0.000000,0.018460,0.000000,-0.000000,1.650180
34860.0,30.000000,28.981962,0.032259,0.031745,4.852365,0.000000,0.007051,0.000000,-0.000000,1.650180
34870.0,30.000000,29.116755,0.031530,0.032112,4.822069,0.000000,0.025464,0.000000,-0.000000,1.650180
34880.0,30.000000,28.652264,0.039859,0.040205,4.792540,0.000000,-0.009117,0.000000,-0.000473,1.650180
34890.0,30.000000,29.297520,0.031275,0.032440,4.762243,0.000000,-0.040572,0.000000,0.001404,1.650180
34900.0,30.000000,29.668968,0.026289,0.025854,4.731564,0.000000,0.001787,0.000000,-0.000930,1.650180
34910.0,30.000000,29.861122,0.023928,0.022848,4.700117,0.000000,0.015760,0.000000,0.000930,1.650180
34920.0,30.000000,30.606874,0.012174,0.011632,4.667904,0.000000,0.017427,0.000000,-0.000930,1.650180
34930.0,30.000000,30.318943,0.015875,0.016413,4.635690,0.000000,0.000004,0.000000,0.000930,1.650180
34940.0,30.000000,31.137430,0.002624,0.003147,4.603477,0.000000,-0.025025,0.000000,0.001404,1.650180
34950.0,30.000000,30.751177,0.007486,0.006231,4.571263,0.000000,-0.007663,0.000000,-0.000930,1.650180
34960.0,30.000000,31.223129,0.000663,0.002178,4.539816,0.000000,0.026239,0.000000,-0.000930,1.650180
34970.0,30.000000,30.254894,0.014424,0.014443,4.507603,0.000000,-0.006155,0.000000,-0.000000,1.650180
34980.0,30.000000,29.311876,0.028793,0.027054,4.476923,0.000000,0.019869,0.000000,-0.000000,1.650180
34990.0,30.000000,30.589405,0.009575,0.011281,4.445093,0.000000,0.009430,0.000000,-0.000000,1.650180
35000.0,30.000000,31.019520,0.002608,0.001771,4.413263,0.000000,0.006353,0.000000,-0.000000,1.650180
35010.0,30.000000,30.253878,0.014012,0.013510,4.381433,0.000000,0.000739,0.000000,-0.000473,1.650180
35020.0,30.000000,29.303436,0.028463,0.027738,4.350753,0.000000,-0.005170,0.000000,-0.000000,1.650180
35030.0,30.000000,28.733774,0.037975,0.037634,4.320457,0.000000,0.020661,0.000000,-0.002366,1.650180
35040.0,30.000000,29.105562,0.033429,0.033041,4.290161,0.000000,0.022873,0.000000,-0.000930,1.650180
35050.0,30.000000,29.943632,0.021815,0.021900,4.259481,0.000000,-0.004704,0.000000,-0.000457,1.650180
35060.0,30.000000,29.262512,0.032177,0.031675,4.228418,0.000000,0.017544,0.000000,-0.000457,1.650180
35070.0,30.000000,30.562275,0.012647,0.013704,4.196971,0.000000,-0.010021,0.000000,-0.000000,1.650180
35080.0,30.000000,29.935133,0.021767,0.021135,4.165142,0.000000,-0.006530,0.000000,0.000930,1.650180
35090.0,30.000000,29.969288,0.020959,0.020194,4.133311,0.000000,0.001996,0.000000,0.000473,1.650180
35100.0,30.000000,30.580576,0.011239,0.010971,4.101098,0.000000,0.004316,0.000000,-0.000000,1.650180
35110.0,30.000000,30.434057,0.012894,0.013958,4.069268,0.000000,0.003372,0.000000,-0.001861,1.650180
35120.0,30.000000,30.081648,0.017784,0.018587,4.037054,0.000000,-0.009026,0.000000,0.000473,1.650180
35130.0,30.000000,30.765339,0.007041,0.007267,4.004840,0.000000,0.000733,0.000000,-0.001388,1.650180
35140.0,30.000000,30.421474,0.011619,0.010567,3.973010,0.000000,0.008571,0.000000,-0.000930,1.650180
35150.0,30.000000,30.970795,0.002418,0.002760,3.940797,0.000000,-0.005125,0.000000,-0.000946,1.650180
35160.0,30.000000,30.953091,0.002362,0.003711,3.908583,0.000000,0.017064,0.000000,0.000457,1.650180
35170.0,30.000000,30.498131,0.007945,0.007383,3.876369,0.000000,-0.009592,0.000000,0.000930,1.650180
35180.0,30.000000,30.550238,0.006525,0.008050,3.843772,0.000000,0.030652,0.000000,-0.000473,1.650180
35190.0,30.000000,28.579771,0.036083,0.035334,3.812709,0.000000,0.004312,0.000000,-0.000000,1.650180
35200.0,30.000000,30.099628,0.013652,0.014042,3.781646,0.000000,0.010717,0.000000,-0.000000,1.650180
35210.0,30.000000,29.294720,0.026509,0.025330,3.751350,0.000000,-0.037546,0.000000,-0.000000,1.650180
35220.0,30.000000,30.061800,0.015612,0.015805,3.720287,0.000000,0.008502,0.000000,-0.000930,1.650180
35230.0,30.000000,29.297873,0.027837,0.027415,3.689991,0.000000,-0.021960,0.000000,0.000930,1.650180
35240.0,30.000000,28.567259,0.039922,0.040241,3.659695,0.000000,0.004130,0.000000,-0.001404,1.650180
35250.0,30.000000,28.549845,0.041039,0.041479,3.629015,0.000000,0.014912,0.000000,0.001404,1.650180
35260.0,30.000000,29.321556,0.029917,0.030498,3.597952,0.000000,-0.023114,0.000000,0.000473,1.650180
35270.0,30.000000,29.346954,0.029871,0.030247,3.567272,0.000000,0.010665,0.000000,0.000930,1.650180
35280.0,30.000000,29.337921,0.030696,0.030678,3.536209,0.000000,0.002730,0.000000,-0.000457,1.650180
35290.0,30.000000,29.588039,0.026953,0.026840,3.504763,0.000000,-0.006464,0.000000,0.000473,1.650180
35300.0,30.000000,30.425894,0.014203,0.013957,3.472933,0.000000,0.027749,0.000000,-0.000457,1.650180
35310.0,30.000000,30.088736,0.019147,0.020407,3.441486,0.000000,0.010073,0.000000,0.000457,1.650180
35320.0,30.000000,30.765394,0.008150,0.006420,3.409272,0.000000,0.008497,0.000000,0.000457,1.650180
35330.0,30.000000,31.732414,-0.007596,-0.007245,3.375908,0.000000,0.001878,0.000000,-0.000000,1.650180
35340.0,30.000000,31.162201,-0.000719,0.000000,3.342928,0.000000,-0.003874,0.000000,-0.000930,1.650180
35350.0,30.000000,30.615652,0.006328,0.005441,3.310331,0.000000,-0.013250,0.000000,0.000457,1.650180
35360.0,30.000000,30.217312,0.012251,0.013659,3.279268,0.000000,-0.012808,0.000000,0.000473,1.650180
35370.0,30.000000,28.527056,0.038328,0.037877,3.248971,0.000000,0.008884,0.000000,-0.000946,1.650180
35380.0,30.000000,29.305557,0.027451,0.027080,3.218292,0.000000,0.013059,0.000000,-0.000000,1.650180
35390.0,30.000000,28.918167,0.034269,0.032724,3.187996,0.000000,-0.025179,0.000000,0.000473,1.650180
35400.0,30.000000,28.545477,0.040830,0.040294,3.157700,0.000000,0.038444,0.000000,-0.000000,1.650180
35410.0,30.000000,29.339033,0.029740,0.030422,3.127020,0.000000,0.019390,0.000000,-0.000473,1.650180
35420.0,30.000000,29.626070,0.025794,0.025786,3.095573,0.000000,-0.011802,0.000000,-0.000930,1.650180
35430.0,30.000000,30.066708,0.019278,0.019001,3.064127,0.000000,0.022911,0.000000,-0.000473,1.650180
35440.0,0.000000,29.599642,0.000000,-0.000928,3.031913,0.000000,-0.002570,0.000000,-0.000000,1.650180
35450.0,0.000000,28.877317,0.000000,0.000000,3.002384,0.000000,0.007086,0.000000,0.000930,1.650180
35460.0,0.000000,27.380350,0.000000,0.000000,2.972855,0.000000,-0.021709,0.000000,-0.000473,1.650180
35470.0,0.000000,27.024364,0.000000,0.000000,2.944860,0.000000,-0.004394,0.000000,-0.000000,1.650180
35480.0,0.000000,26.619654,0.000000,0.000000,2.913797,0.000000,-0.011995,0.000000,-0.000000,1.650180
35490.0,0.000000,28.097822,0.000000,0.000929,2.881583,0.000000,0.004281,0.000000,0.000473,1.650180
35500.0,0.000000,29.718048,0.000000,0.000000,2.851287,0.000000,0.008104,0.000000,0.000473,1.650180
35510.0,0.000000,30.930353,0.000000,0.000730,2.818690,0.000000,-0.014199,0.000000,-0.000473,1.650180
35520.0,0.000000,30.523880,0.000000,-0.000000,2.787243,0.000000,0.023143,0.000000,0.000473,1.650180
35530.0,0.000000,25.277544,0.000000,-0.000000,2.758865,0.000000,-0.005448,0.000000,-0.000000,1.650180
35540.0,0.000000,18.067041,0.000000,0.000926,2.736622,0.000000,-0.000122,0.000000,-0.000000,1.650180
35550.0,0.000000,12.304207,0.000000,-0.000930,2.721282,0.000000,-0.018100,0.000000,-0.000000,1.650180
35560.0,0.000000,4.612998,0.000000,0.000411,2.713612,0.000000,-0.006606,0.000000,-0.000000,1.650180
35570.0,0.000000,-1.191183,0.000000,-0.000000,2.712462,0.000000,0.011395,0.000000,-0.000457,1.650180
35580.0,0.000000,-8.648891,0.000000,0.000930,2.718597,0.000000,0.016468,0.000000,-0.000000,1.650180
35590.0,0.000000,-12.129149,0.000000,-0.000000,2.730102,0.000000,-0.008782,0.000000,0.001404,1.650180
35600.0,0.000000,-15.397961,0.000000,-0.000000,2.744675,0.000000,-0.034383,0.000000,-0.000457,1.650180
35610.0,0.000000,-17.833351,0.000000,-0.000896,2.761932,0.000000,-0.008516,0.000000,-0.000000,1.650180
35620.0,0.000000,-16.983818,0.000000,-0.000000,2.780340,0.000000,-0.014263,0.000000,0.001877,1.650180
35630.0,0.000000,-15.676480,0.000000,-0.000000,2.797598,0.000000,0.029588,0.000000,-0.000930,1.650180
35640.0,0.000000,-13.768363,0.000000,0.000000,2.812937,0.000000,-0.010485,0.000000,-0.000000,1.650180
35650.0,0.000000,-8.188532,0.000000,-0.000374,2.823675,0.000000,0.002734,0.000000,0.001404,1.650180
35660.0,0.000000,-3.291926,0.000000,0.000000,2.829044,0.000000,0.017630,0.000000,-0.001404,1.650180
35670.0,0.000000,0.978873,0.000000,0.000682,2.829811,0.000000,-0.011100,0.000000,0.000930,1.650180
35680.0,0.000000,7.666542,0.000000,0.000704,2.824826,0.000000,0.005183,0.000000,-0.000000,1.650180
35690.0,0.000000,9.641561,0.000000,0.000000,2.816389,0.000000,0.020726,0.000000,-0.000000,1.650180
35700.0,0.000000,9.188808,0.000000,0.000061,2.807185,0.000000,0.009201,0.000000,-0.000000,1.650180
35710.0,0.000000,8.527226,0.000000,-0.000805,2.797981,0.000000,0.015363,0.000000,0.000930,1.650180
35720.0,0.000000,6.159770,0.000000,-0.000049,2.790311,0.000000,0.010160,0.000000,-0.000930,1.650180
35730.0,0.000000,3.940969,0.000000,0.000843,2.785326,0.000000,0.021634,0.000000,-0.000000,1.650180
35740.0,0.000000,0.087584,0.000000,0.001695,2.783792,0.000000,0.004878,0.000000,-0.000930,1.650180
35750.0,0.000000,-0.089126,0.000000,0.000848,2.783792,0.000000,-0.012365,0.000000,-0.000473,1.650180
35760.0,0.000000,-5.360518,0.000000,-0.003343,2.788010,0.000000,-0.003402,0.000000,-0.000000,1.650180
35770.0,0.000000,-4.769399,0.000000,0.000822,2.792612,0.000000,-0.006052,0.000000,0.000473,1.650180
35780.0,0.000000,-3.137186,0.000000,-0.000000,2.796831,0.000000,0.014367,0.000000,-0.000000,1.650180
35790.0,0.000000,-1.940463,0.000000,0.000000,2.799899,0.000000,0.030574,0.000000,0.000473,1.650180
35800.0,0.000000,-0.555295,0.000000,-0.000019,2.800666,0.000000,-0.007482,0.000000,-0.000930,1.650180
35810.0,0.000000,0.185286,0.000000,-0.000796,2.800666,0.000000,-0.002376,0.000000,0.000473,1.650180
35820.0,0.000000,3.395259,0.000000,0.000804,2.798365,0.000000,0.011369,0.000000,-0.000930,1.650180
35830.0,0.000000,2.866705,0.000000,-0.000000,2.795680,0.000000,-0.003666,0.000000,-0.000000,1.650180
35840.0,0.000000,1.440643,0.000000,0.000026,2.793763,0.000000,0.006845,0.000000,0.000930,1.650180
35850.0,0.000000,0.194034,0.000000,0.000821,2.792996,0.000000,0.002100,0.000000,-0.000000,1.650180
35860.0,0.000000,-0.069986,0.000000,-0.000000,2.792996,0.000000,0.028145,0.000000,-0.000000,1.650180
35870.0,0.000000,-1.793658,0.000000,-0.000000,2.793763,0.000000,0.008795,0.000000,0.000930,1.650180
35880.0,0.000000,-1.459716,0.000000,-0.000814,2.795297,0.000000,-0.002869,0.000000,0.000946,1.650180
35890.0,0.000000,-0.926604,0.000000,0.000801,2.796447,0.000000,0.004108,0.000000,-0.001404,1.650180
35900.0,0.000000,0.261378,0.000000,-0.000006,2.796831,0.000000,-0.002650,0.000000,-0.000000,1.650180
35910.0,0.000000,-0.037559,0.000000,0.000809,2.796831,0.000000,0.021580,0.000000,-0.000000,1.650180
35920.0,0.000000,0.904814,0.000000,-0.000009,2.796447,0.000000,-0.018138,0.000000,0.000473,1.650180
35930.0,0.000000,0.882559,0.000000,-0.000000,2.795297,0.000000,0.022801,0.000000,-0.000000,1.650180
35940.0,0.000000,0.855442,0.000000,-0.000000,2.794913,0.000000,-0.051151,0.000000,-0.001388,1.650180
35950.0,0.000000,-0.201794,0.000000,-0.000019,2.794913,0.000000,0.016447,0.000000,-0.001892,1.650180
35960.0,0.000000,0.046954,0.000000,-0.000000,2.794913,0.000000,0.020646,0.000000,0.000473,1.650180
35970.0,0.000000,-1.098457,0.000000,-0.000016,2.795297,0.000000,-0.011161,0.000000,-0.000000,1.650180
35980.0,0.000000,0.232116,0.000000,0.000814,2.795297,0.000000,-0.004309,0.000000,-0.000000,1.650180
35990.0,0.000000,-0.038122,0.000000,-0.001628,2.795297,0.000000,0.023656,0.000000,-0.000000,1.650180
36000.0,0.000000,-0.019206,0.000000,0.000798,2.795297,0.000000,-0.017451,0.000000,-0.000930,1.650180
36010.0,0.000000,-0.016903,0.000000,-0.000000,2.795297,0.000000,0.014569,0.000000,0.001404,1.650180
36020.0,0.000000,0.031710,0.000000,-0.000000,2.795297,0.000000,0.013706,0.000000,-0.000000,1.650180
36030.0,0.000000,-0.009556,0.000000,-0.000000,2.795297,0.000000,-0.019376,0.000000,-0.000473,1.650180
36040.0,0.000000,-0.018730,0.000000,0.000814,2.795297,0.000000,-0.010772,0.000000,-0.000930,1.650180
36050.0,0.000000,0.037702,0.000000,0.000814,2.795297,0.000000,0.018139,0.000000,-0.000457,1.650180
36060.0,0.000000,0.015984,0.000000,-0.000000,2.795297,0.000000,-0.034820,0.000000,-0.000000,1.650180
36070.0,0.000000,-0.023876,0.000000,0.000016,2.795297,0.000000,0.020586,0.000000,-0.000930,1.650180
36080.0,0.000000,-0.030652,0.000000,0.000016,2.795297,0.000000,-0.013409,0.000000,-0.000946,1.650180
36090.0,0.000000,-0.028101,0.000000,-0.000000,2.795297,0.000000,0.018325,0.000000,-0.002334,1.650180
36100.0,0.000000,0.011401,0.000000,-0.001644,2.795297,0.000000,0.016788,0.000000,0.000930,1.650180
36110.0,0.000000,0.025773,0.000000,0.000016,2.795297,0.000000,0.013496,0.000000,0.000473,1.650180
36120.0,0.000000,0.015262,0.000000,0.000016,2.795297,0.000000,-0.000903,0.000000,-0.000000,1.650180
36130.0,0.000000,0.016097,0.000000,-0.000000,2.795297,0.000000,0.006941,0.000000,-0.000000,1.650180
36140.0,0.000000,-0.009631,0.000000,0.000814,2.795297,0.000000,0.013591,0.000000,0.000930,1.650180
36150.0,0.000000,-0.024610,0.000000,0.000016,2.795297,0.000000,0.003423,0.000000,-0.000473,1.650180
36160.0,0.000000,-0.021032,0.000000,-0.000000,2.795297,0.000000,0.009808,0.000000,0.000473,1.650180
36170.0,0.000000,-0.020839,0.000000,-0.000000,2.795297,0.000000,0.017352,0.000000,-0.001404,1.650180
36180.0,0.000000,-0.021888,0.000000,-0.000000,2.795297,0.000000,-0.026548,0.000000,-0.000000,1.650180
36190.0,0.000000,-0.021446,0.000000,-0.000814,2.795297,0.000000,0.030384,0.000000,-0.000930,1.650180
36200.0,0.000000,0.002884,0.000000,-0.000814,2.795297,0.000000,-0.014247,0.000000,0.000930,1.650180
36210.0,0.000000,0.002332,0.000000,0.000814,2.795297,0.000000,0.012447,0.000000,0.000473,1.650180
36220.0,0.000000,0.013849,0.000000,-0.000016,2.795297,0.000000,-0.007528,0.000000,-0.000000,1.650180
36230.0,0.000000,0.013545,0.000000,-0.000000,2.795297,0.000000,0.013344,0.000000,-0.004195,1.650180
36240.0,0.000000,0.026995,0.000000,0.000016,2.795297,0.000000,0.007817,0.000000,0.000930,1.650180
36250.0,0.000000,-0.037546,0.000000,-0.000016,2.795297,0.000000,-0.006938,0.000000,-0.000473,1.650180
36260.0,0.000000,-0.054030,0.000000,-0.000814,2.795297,0.000000,0.011706,0.000000,0.000473,1.650180
36270.0,0.000000,-0.006704,0.000000,-0.000016,2.795297,0.000000,0.029531,0.000000,-0.000473,1.650180
36280.0,0.000000,0.007419,0.000000,0.000830,2.795297,0.000000,-0.000494,0.000000,-0.000473,1.650180
36290.0,0.000000,0.022287,0.000000,-0.000000,2.795297,0.000000,0.027600,0.000000,-0.000473,1.650180
36300.0,0.000000,0.039764,0.000000,-0.000814,2.795297,0.000000,0.000399,0.000000,-0.000000,1.650180
36310.0,0.000000,-0.011654,0.000000,-0.000000,2.795297,0.000000,0.009593,0.000000,-0.001404,1.650180
36320.0,0.000000,-0.039198,0.000000,0.000814,2.795297,0.000000,-0.005066,0.000000,-0.000000,1.650180
36330.0,0.000000,-0.003311,0.000000,0.000814,2.795297,0.000000,0.005729,0.000000,-0.000000,1.650180
36340.0,0.000000,0.020771,0.000000,-0.001611,2.795297,0.000000,0.013357,0.000000,-0.000473,1.650180
36350.0,0.000000,-0.029297,0.000000,0.000016,2.795297,0.000000,0.002969,0.000000,0.002334,1.650180
36360.0,0.000000,0.011409,0.000000,0.000798,2.795297,0.000000,0.020039,0.000000,-0.000473,1.650180
36370.0,0.000000,0.022644,0.000000,-0.000814,2.795297,0.000000,0.000055,0.000000,-0.000000,1.650180
36380.0,0.000000,0.029355,0.000000,-0.001644,2.795297,0.000000,0.010679,0.000000,-0.000930,1.650180
36390.0,0.000000,-0.008396,0.000000,-0.000016,2.795297,0.000000,-0.011104,0.000000,-0.000000,1.650180
36400.0,0.000000,0.014910,0.000000,-0.000000,2.795297,0.000000,-0.003710,0.000000,-0.000473,1.650180
36410.0,0.000000,-0.037120,0.000000,0.000798,2.795297,0.000000,-0.022906,0.000000,0.000930,1.650180
36420.0,0.000000,-0.008731,0.000000,0.001644,2.795297,0.000000,-0.010486,0.000000,-0.000473,1.650180
36430.0,0.000000,0.033377,0.000000,-0.000814,2.795297,0.000000,-0.005253,0.000000,0.001861,1.650180
36440.0,0.000000,0.001422,0.000000,-0.000000,2.795297,0.000000,0.049228,0.000000,-0.000000,1.650180
36450.0,0.000000,-0.023764,0.000000,-0.000000,2.795297,0.000000,-0.006030,0.000000,-0.000930,1.650180
36460.0,0.000000,-0.036136,0.000000,0.000814,2.795297,0.000000,0.018350,0.000000,0.000473,1.650180
36470.0,0.000000,0.021295,0.000000,-0.000000,2.795297,0.000000,-0.005050,0.000000,-0.000000,1.650180
36480.0,0.000000,0.010784,0.000000,0.000798,2.795297,0.000000,0.005099,0.000000,-0.000000,1.650180
36490.0,0.000000,0.016952,0.000000,0.000016,2.795297,0.000000,0.010526,0.000000,-0.000930,1.650180
36500.0,0.000000,-0.001790,0.000000,-0.000016,2.795297,0.000000,-0.016029,0.000000,0.000930,1.650180
36510.0,0.000000,-0.032833,0.000000,0.000814,2.795297,0.000000,-0.000811,0.000000,-0.000000,1.650180
36520.0,0.000000,0.014360,0.000000,0.001628,2.795297,0.000000,0.002636,0.000000,0.000473,1.650180
36530.0,0.000000,0.024571,0.000000,-0.000000,2.795297,0.000000,-0.016866,0.000000,-0.000457,1.650180
36540.0,0.000000,0.026200,0.000000,-0.000000,2.795297,0.000000,0.020241,0.000000,0.000930,1.650180
36550.0,0.000000,-0.001344,0.000000,0.000814,2.795297,0.000000,-0.001229,0.000000,-0.000000,1.650180
36560.0,0.000000,-0.029633,0.000000,-0.001611,2.795297,0.000000,0.004658,0.000000,0.000473,1.650180
36570.0,0.000000,-0.005901,0.000000,-0.000830,2.795297,0.000000,-0.021381,0.000000,-0.000000,1.650180
36580.0,0.000000,0.036456,0.000000,-0.000000,2.795297,0.000000,0.009198,0.000000,0.000930,1.650180
36590.0,0.000000,0.024989,0.000000,0.000830,2.795297,0.000000,-0.008193,0.000000,-0.001404,1.650180
36600.0,0.000000,-0.012132,0.000000,-0.001611,2.795297,0.000000,-0.016669,0.000000,-0.000000,1.650180
36610.0,0.000000,-0.027492,0.000000,-0.000016,2.795297,0.000000,0.004584,0.000000,-0.003296,1.650180
36620.0,0.000000,0.029309,0.000000,-0.000000,2.795297,0.000000,0.027470,0.000000,-0.000000,1.650180
36630.0,0.000000,0.025636,0.000000,-0.000016,2.795297,0.000000,0.020509,0.000000,-0.001404,1.650180
36640.0,0.000000,-0.006332,0.000000,-0.000000,2.795297,0.000000,0.012769,0.000000,-0.000000,1.650180
36650.0,0.000000,-0.045238,0.000000,0.000814,2.795297,0.000000,0.015070,0.000000,-0.000000,1.650180
36660.0,0.000000,-0.012822,0.000000,0.001628,2.795297,0.000000,-0.037574,0.000000,-0.000457,1.650180
36670.0,0.000000,0.016224,0.000000,0.000814,2.795297,0.000000,-0.004681,0.000000,-0.000000,1.650180
36680.0,0.000000,0.021133,0.000000,-0.000000,2.795297,0.000000,0.000537,0.000000,0.000930,1.650180
36690.0,0.000000,0.001744,0.000000,0.000798,2.795297,0.000000,-0.012067,0.000000,-0.000000,1.650180
36700.0,0.000000,-0.015782,0.000000,-0.000000,2.795297,0.000000,0.014992,0.000000,-0.000000,1.650180
36710.0,0.000000,0.031101,0.000000,-0.000000,2.795297,0.000000,-0.001005,0.000000,0.000473,1.650180
36720.0,0.000000,0.005667,0.000000,-0.000000,2.795297,0.000000,0.024871,0.000000,-0.000457,1.650180
36730.0,0.000000,-0.007451,0.000000,-0.000814,2.795297,0.000000,0.009517,0.000000,-0.000000,1.650180
36740.0,0.000000,-0.045202,0.000000,-0.000000,2.795297,0.000000,0.029063,0.000000,-0.001861,1.650180
36750.0,0.000000,-0.026158,0.000000,-0.000000,2.795297,0.000000,-0.000884,0.000000,-0.000473,1.650180
36760.0,0.000000,0.002640,0.000000,0.000798,2.795297,0.000000,-0.012381,0.000000,-0.000000,1.650180
36770.0,0.000000,0.031407,0.000000,-0.000814,2.795297,0.000000,-0.021904,0.000000,0.000930,1.650180
36780.0,0.000000,0.011374,0.000000,0.000830,2.795297,0.000000,0.027135,0.000000,-0.000946,1.650180
36790.0,0.000000,-0.016170,0.000000,0.000814,2.795297,0.000000,-0.017194,0.000000,0.000457,1.650180
36800.0,0.000000,-0.031893,0.000000,0.000016,2.795297,0.000000,0.005974,0.000000,-0.000000,1.650180
36810.0,0.000000,-0.013523,0.000000,-0.000016,2.795297,0.000000,0.008121,0.000000,0.001404,1.650180
36820.0,0.000000,-0.002006,0.000000,0.000798,2.795297,0.000000,-0.000539,0.000000,-0.000000,1.650180
36830.0,0.000000,-0.002807,0.000000,-0.000000,2.795297,0.000000,-0.009055,0.000000,0.000930,1.650180
36840.0,0.000000,0.021275,0.000000,-0.000000,2.795297,0.000000,0.017329,0.000000,0.000930,1.650180
36850.0,0.000000,0.033040,0.000000,-0.000000,2.795297,0.000000,-0.029858,0.000000,0.000473,1.650180
36860.0,0.000000,0.011953,0.000000,0.000016,2.795297,0.000000,0.023931,0.000000,-0.000000,1.650180
36870.0,0.000000,-0.003274,0.000000,-0.000016,2.795297,0.000000,0.002917,0.000000,0.000930,1.650180
36880.0,0.000000,-0.013813,0.000000,-0.000000,2.795297,0.000000,0.001336,0.000000,0.000930,1.650180
36890.0,0.000000,-0.001551,0.000000,-0.000000,2.795297,0.000000,0.005667,0.000000,0.000930,1.650180
36900.0,0.000000,-0.018580,0.000000,-0.000798,2.795297,0.000000,-0.022024,0.000000,-0.000000,1.650180
36910.0,0.000000,0.027310,0.000000,-0.000000,2.795297,0.000000,0.024491,0.000000,-0.001877,1.650180
36920.0,0.000000,-0.001392,0.000000,0.000814,2.795297,0.000000,0.001391,0.000000,-0.000000,1.650180
36930.0,0.000000,-0.004550,0.000000,-0.000830,2.795297,0.000000,-0.008052,0.000000,-0.000000,1.650180
36940.0,0.000000,-0.029137,0.000000,-0.000000,2.795297,0.000000,-0.012793,0.000000,-0.001404,1.650180
36950.0,0.000000,0.011026,0.000000,-0.000000,2.795297,0.000000,0.030583,0.000000,-0.000000,1.650180
36960.0,0.000000,0.050280,0.000000,-0.000000,2.795297,0.000000,0.002683,0.000000,-0.000946,1.650180
36970.0,0.000000,-0.036095,0.000000,-0.000814,2.795297,0.000000,0.005515,0.000000,-0.002334,1.650180
36980.0,0.000000,-0.006037,0.000000,0.000814,2.795297,0.000000,0.014007,0.000000,-0.000473,1.650180
36990.0,0.000000,0.033714,0.000000,-0.000000,2.795297,0.000000,0.004325,0.000000,0.000473,1.650180
37000.0,0.000000,-0.006662,0.000000,-0.002442,2.795297,0.000000,0.012942,0.000000,-0.000930,1.650180
37010.0,0.000000,-0.019500,0.000000,-0.000000,2.795297,0.000000,0.009028,0.000000,-0.000000,1.650180
37020.0,0.000000,-0.005377,0.000000,-0.000000,2.795297,0.000000,-0.006334,0.000000,-0.001388,1.650180
37030.0,0.000000,0.021560,0.000000,-0.000798,2.795297,0.000000,0.031642,0.000000,-0.000000,1.650180
37040.0,0.000000,0.013975,0.000000,-0.000000,2.795297,0.000000,-0.006428,0.000000,-0.000000,1.650180
37050.0,0.000000,-0.023280,0.000000,-0.000000,2.795297,0.000000,0.003316,0.000000,-0.000000,1.650180
37060.0,0.000000,-0.005027,0.000000,-0.000000,2.795297,0.000000,-0.019921,0.000000,0.000473,1.650180
37070.0,0.000000,-0.002724,0.000000,-0.000016,2.795297,0.000000,-0.000203,0.000000,-0.000930,1.650180
37080.0,0.000000,0.024709,0.000000,-0.000000,2.795297,0.000000,0.009479,0.000000,0.000473,1.650180
37090.0,0.000000,0.025476,0.000000,-0.000000,2.795297,0.000000,0.005296,0.000000,-0.000473,1.650180
37100.0,0.000000,-0.023466,0.000000,-0.000814,2.795297,0.000000,0.013086,0.000000,0.000473,1.650180
37110.0,0.000000,-0.012182,0.000000,0.000814,2.795297,0.000000,0.015756,0.000000,0.001404,1.650180
37120.0,0.000000,0.021769,0.000000,0.000830,2.795297,0.000000,-0.026673,0.000000,-0.000457,1.650180
37130.0,0.000000,0.024950,0.000000,-0.000000,2.795297,0.000000,0.021567,0.000000,-0.000946,1.650180
37140.0,0.000000,-0.025956,0.000000,-0.000000,2.795297,0.000000,-0.001101,0.000000,-0.000473,1.650180
37150.0,0.000000,-0.016766,0.000000,-0.000814,2.795297,0.000000,-0.023185,0.000000,-0.000000,1.650180
37160.0,0.000000,-0.004753,0.000000,-0.000000,2.795297,0.000000,0.014533,0.000000,-0.000000,1.650180
37170.0,0.000000,-0.017621,0.000000,0.001628,2.795297,0.000000,0.003909,0.000000,-0.000473,1.650180
37180.0,0.000000,-0.005856,0.000000,-0.000000,2.795297,0.000000,0.021051,0.000000,-0.000930,1.650180
37190.0,0.000000,0.006157,0.000000,-0.000000,2.795297,0.000000,-0.000719,0.000000,-0.000000,1.650180
37200.0,0.000000,0.005605,0.000000,-0.000016,2.795297,0.000000,0.005608,0.000000,-0.000473,1.650180
37210.0,0.000000,0.005053,0.000000,-0.000814,2.795297,0.000000,-0.001732,0.000000,-0.000000,1.650180
37220.0,0.000000,-0.020381,0.000000,-0.000000,2.795297,0.000000,0.011115,0.000000,-0.000473,1.650180
37230.0,0.000000,-0.046064,0.000000,0.000016,2.795297,0.000000,0.011109,0.000000,-0.000000,1.650180
37240.0,0.000000,0.013461,0.000000,-0.000016,2.795297,0.000000,-0.007375,0.000000,0.000473,1.650180
37250.0,0.000000,0.032753,0.000000,-0.001628,2.795297,0.000000,-0.015078,0.000000,0.000930,1.650180
37260.0,0.000000,0.008942,0.000000,0.000814,2.795297,0.000000,0.002604,0.000000,-0.000930,1.650180
37270.0,0.000000,-0.007030,0.000000,-0.000000,2.795297,0.000000,-0.022552,0.000000,0.000473,1.650180
37280.0,0.000000,-0.017073,0.000000,-0.000814,2.795297,0.000000,0.006667,0.000000,-0.000000,1.650180
37290.0,0.000000,0.031643,0.000000,0.000016,2.795297,0.000000,0.008143,0.000000,0.000930,1.650180
37300.0,0.000000,0.031091,0.000000,-0.000000,2.795297,0.000000,-0.014071,0.000000,-0.000473,1.650180
37310.0,0.000000,0.042856,0.000000,0.000016,2.795297,0.000000,-0.005811,0.000000,-0.000000,1.650180
37320.0,0.000000,0.016073,0.000000,-0.000798,2.795297,0.000000,0.009332,0.000000,-0.000000,1.650180
37330.0,0.000000,-0.033102,0.000000,-0.000000,2.795297,0.000000,-0.012656,0.000000,-0.000000,1.650180
37340.0,0.000000,-0.018979,0.000000,-0.000000,2.795297,0.000000,-0.007917,0.000000,0.000473,1.650180
37350.0,0.000000,0.012615,0.000000,-0.000000,2.795297,0.000000,0.047227,0.000000,-0.000930,1.650180
37360.0,0.000000,-0.024640,0.000000,0.000814,2.795297,0.000000,-0.018085,0.000000,-0.000473,1.650180
37370.0,0.000000,-0.023609,0.000000,0.000016,2.795297,0.000000,0.007680,0.000000,-0.000000,1.650180
37380.0,0.000000,0.037071,0.000000,0.000016,2.795297,0.000000,0.001314,0.000000,0.000930,1.650180
37390.0,0.000000,0.014460,0.000000,-0.000000,2.795297,0.000000,-0.008107,0.000000,-0.000000,1.650180
37400.0,0.000000,0.021289,0.000000,-0.000000,2.795297,0.000000,0.029007,0.000000,-0.000473,1.650180
37410.0,0.000000,-0.030641,0.000000,0.000814,2.795297,0.000000,0.002575,0.000000,-0.000000,1.650180
37420.0,0.000000,-0.001886,0.000000,-0.001628,2.795297,0.000000,0.014572,0.000000,-0.000930,1.650180
37430.0,0.000000,0.012237,0.000000,-0.000814,2.795297,0.000000,0.008181,0.000000,-0.000000,1.650180
37440.0,0.000000,0.026360,0.000000,-0.000000,2.795297,0.000000,0.008858,0.000000,-0.000930,1.650180
37450.0,0.000000,-0.004686,0.000000,-0.000814,2.795297,0.000000,0.008028,0.000000,-0.000457,1.650180
37460.0,0.000000,-0.030121,0.000000,0.000814,2.795297,0.000000,0.013876,0.000000,0.000473,1.650180
37470.0,0.000000,0.006278,0.000000,-0.000000,2.795297,0.000000,0.022776,0.000000,-0.000000,1.650180
37480.0,0.000000,-0.019156,0.000000,-0.000000,2.795297,0.000000,-0.018383,0.000000,-0.000000,1.650180
37490.0,0.000000,0.001572,0.000000,-0.000000,2.795297,0.000000,0.014657,0.000000,-0.000930,1.650180
37500.0,0.000000,0.027718,0.000000,-0.000798,2.795297,0.000000,-0.019643,0.000000,-0.000457,1.650180
37510.0,0.000000,0.029347,0.000000,-0.000016,2.795297,0.000000,-0.006295,0.000000,-0.000000,1.650180
37520.0,0.000000,-0.013192,0.000000,-0.000016,2.795297,0.000000,0.001020,0.000000,-0.000930,1.650180
37530.0,0.000000,0.011139,0.000000,-0.000000,2.795297,0.000000,0.004849,0.000000,0.000930,1.650180
37540.0,0.000000,0.010090,0.000000,0.000830,2.795297,0.000000,0.002344,0.000000,0.000473,1.650180
37550.0,0.000000,0.022352,0.000000,-0.000016,2.795297,0.000000,0.011677,0.000000,-0.000000,1.650180
37560.0,0.000000,-0.003828,0.000000,0.000814,2.795297,0.000000,0.002220,0.000000,-0.000000,1.650180
37570.0,0.000000,0.007937,0.000000,0.000798,2.795297,0.000000,0.006393,0.000000,0.000473,1.650180
37580.0,0.000000,-0.003938,0.000000,-0.000000,2.795297,0.000000,-0.000646,0.000000,-0.000000,1.650180
37590.0,0.000000,-0.018740,0.000000,-0.000000,2.795297,0.000000,0.010218,0.000000,-0.000000,1.650180
37600.0,0.000000,0.020762,0.000000,-0.000000,2.795297,0.000000,0.004809,0.000000,-0.000000,1.650180
37610.0,0.000000,0.004772,0.000000,-0.000016,2.795297,0.000000,0.001986,0.000000,-0.000000,1.650180
37620.0,0.000000,-0.036727,0.000000,0.000814,2.795297,0.000000,0.023120,0.000000,-0.000473,1.650180
37630.0,0.000000,0.033415,0.000000,-0.000000,2.795297,0.000000,-0.021738,0.000000,0.000473,1.650180
37640.0,0.000000,0.014686,0.000000,-0.000814,2.795297,0.000000,0.013167,0.000000,-0.000473,1.650180
37650.0,0.000000,-0.010252,0.000000,-0.000000,2.795297,0.000000,0.010239,0.000000,0.000473,1.650180
37660.0,0.000000,-0.019854,0.000000,0.001628,2.795297,0.000000,0.002606,0.000000,-0.000000,1.650180
37670.0,0.000000,0.029504,0.000000,-0.000016,2.795297,0.000000,0.018543,0.000000,0.000473,1.650180
37680.0,0.000000,0.010893,0.000000,0.000814,2.795297,0.000000,-0.014444,0.000000,-0.000000,1.650180
37690.0,0.000000,0.007983,0.000000,-0.000000,2.795297,0.000000,-0.006663,0.000000,0.000930,1.650180
37700.0,0.000000,-0.019809,0.000000,-0.000814,2.795297,0.000000,0.030104,0.000000,0.000473,1.650180
37710.0,0.000000,0.001331,0.000000,-0.000000,2.795297,0.000000,-0.009249,0.000000,-0.000930,1.650180
37720.0,0.000000,0.028268,0.000000,-0.000016,2.795297,0.000000,0.042309,0.000000,-0.000000,1.650180
37730.0,0.000000,0.008002,0.000000,-0.000000,2.795297,0.000000,-0.000631,0.000000,0.000473,1.650180
37740.0,0.000000,-0.008761,0.000000,-0.000000,2.795297,0.000000,0.027371,0.000000,0.000930,1.650180
37750.0,0.000000,-0.014246,0.000000,-0.000016,2.795297,0.000000,0.030145,0.000000,-0.000946,1.650180
37760.0,0.000000,-0.010359,0.000000,0.000814,2.795297,0.000000,-0.017835,0.000000,-0.000000,1.650180
37770.0,0.000000,0.016329,0.000000,-0.000000,2.795297,0.000000,0.002360,0.000000,-0.000930,1.650180
37780.0,0.000000,0.018632,0.000000,-0.000000,2.795297,0.000000,0.020750,0.000000,-0.000000,1.650180
37790.0,0.000000,0.014944,0.000000,-0.000814,2.795297,0.000000,0.007707,0.000000,-0.001404,1.650180
37800.0,0.000000,0.013647,0.000000,0.000016,2.795297,0.000000,0.002768,0.000000,-0.000473,1.650180
37810.0,0.000000,0.018248,0.000000,-0.000016,2.795297,0.000000,-0.000167,0.000000,-0.000000,1.650180
37820.0,0.000000,-0.009296,0.000000,-0.000016,2.795297,0.000000,0.016258,0.000000,-0.000000,1.650180
37830.0,0.000000,-0.018547,0.000000,0.000781,2.795297,0.000000,-0.021304,0.000000,-0.000473,1.650180
37840.0,0.000000,-0.003679,0.000000,0.000016,2.795297,0.000000,0.016760,0.000000,-0.000000,1.650180
37850.0,0.000000,-0.008788,0.000000,0.000798,2.795297,0.000000,-0.019720,0.000000,-0.000000,1.650180
37860.0,0.000000,-0.023853,0.000000,-0.000798,2.795297,0.000000,-0.021033,0.000000,0.001404,1.650180
37870.0,0.000000,0.015298,0.000000,0.000016,2.795297,0.000000,0.004880,0.000000,-0.000000,1.650180
37880.0,0.000000,0.041738,0.000000,-0.000814,2.795297,0.000000,0.014981,0.000000,-0.000000,1.650180
37890.0,0.000000,0.011833,0.000000,0.000016,2.795297,0.000000,0.001232,0.000000,0.000473,1.650180
37900.0,0.000000,-0.018565,0.000000,0.000814,2.795297,0.000000,-0.003510,0.000000,-0.000000,1.650180
37910.0,0.000000,-0.038083,0.000000,-0.000814,2.795297,0.000000,0.019120,0.000000,-0.001419,1.650180
37920.0,0.000000,-0.014894,0.000000,0.000814,2.795297,0.000000,0.011092,0.000000,0.000930,1.650180
37930.0,0.000000,0.036676,0.000000,-0.001628,2.795297,0.000000,0.019860,0.000000,-0.000457,1.650180
37940.0,0.000000,-0.024949,0.000000,0.000814,2.795297,0.000000,0.014323,0.000000,0.000457,1.650180
37950.0,0.000000,0.008842,0.000000,-0.000000,2.795297,0.000000,0.001023,0.000000,-0.000473,1.650180
37960.0,0.000000,-0.001172,0.000000,-0.000000,2.795297,0.000000,-0.006666,0.000000,-0.000000,1.650180
37970.0,0.000000,0.025267,0.000000,-0.001611,2.795297,0.000000,-0.027798,0.000000,0.001404,1.650180
37980.0,0.000000,0.016441,0.000000,-0.000000,2.795297,0.000000,-0.008503,0.000000,-0.000946,1.650180
37990.0,0.000000,0.035338,0.000000,-0.000000,2.795297,0.000000,-0.001064,0.000000,0.000473,1.650180
38000.0,0.000000,-0.029157,0.000000,-0.000000,2.795297,0.000000,-0.020421,0.000000,-0.000946,1.650180
38010.0,0.000000,-0.049801,0.000000,-0.000000,2.795297,0.000000,0.011031,0.000000,-0.000000,1.650180
38020.0,0.000000,-0.018806,0.000000,0.001628,2.795297,0.000000,-0.005752,0.000000,-0.000000,1.650180
38030.0,0.000000,0.039662,0.000000,-0.000000,2.795297,0.000000,0.016651,0.000000,-0.000000,1.650180
38040.0,0.000000,0.021211,0.000000,-0.000000,2.795297,0.000000,-0.006102,0.000000,0.000473,1.650180
38050.0,0.000000,-0.018650,0.000000,0.000798,2.795297,0.000000,0.006533,0.000000,-0.000930,1.650180
38060.0,0.000000,-0.041754,0.000000,-0.000798,2.795297,0.000000,-0.001545,0.000000,-0.000930,1.650180
38070.0,0.000000,0.033193,0.000000,-0.000000,2.795297,0.000000,0.004078,0.000000,-0.000000,1.650180
38080.0,0.000000,-0.010915,0.000000,-0.000000,2.795297,0.000000,0.001154,0.000000,0.000930,1.650180
38090.0,0.000000,-0.011715,0.000000,-0.001611,2.795297,0.000000,-0.010838,0.000000,0.000457,1.650180
38100.0,0.000000,0.012863,0.000000,0.000814,2.795297,0.000000,0.017461,0.000000,0.001404,1.650180
38110.0,0.000000,0.012311,0.000000,-0.000000,2.795297,0.000000,0.003139,0.000000,0.000016,1.650180
38120.0,0.000000,0.003044,0.000000,-0.001628,2.795297,0.000000,-0.025450,0.000000,-0.000000,1.650180
38130.0,0.000000,-0.012182,0.000000,-0.000016,2.795297,0.000000,-0.014265,0.000000,0.000473,1.650180
38140.0,0.000000,-0.027161,0.000000,0.000814,2.795297,0.000000,-0.018310,0.000000,-0.000473,1.650180
38150.0,0.000000,-0.017505,0.000000,-0.000000,2.795297,0.000000,-0.004182,0.000000,-0.001404,1.650180
38160.0,0.000000,-0.033478,0.000000,-0.000016,2.795297,0.000000,-0.015511,0.000000,-0.000000,1.650180
38170.0,0.000000,-0.005514,0.000000,-0.000000,2.795297,0.000000,0.010568,0.000000,0.000473,1.650180
38180.0,0.000000,-0.022792,0.000000,-0.000016,2.795297,0.000000,0.027619,0.000000,-0.000930,1.650180
38190.0,0.000000,0.012612,0.000000,0.000016,2.795297,0.000000,0.021730,0.000000,-0.001404,1.650180
38200.0,0.000000,0.009271,0.000000,-0.000814,2.795297,0.000000,-0.003172,0.000000,0.001404,1.650180
38210.0,0.000000,-0.012691,0.000000,0.000016,2.795297,0.000000,0.012365,0.000000,-0.000000,1.650180
38220.0,0.000000,-0.029485,0.000000,-0.000000,2.795297,0.000000,-0.000665,0.000000,-0.000930,1.650180
38230.0,0.000000,0.044393,0.000000,-0.000814,2.795297,0.000000,0.003492,0.000000,-0.000000,1.650180
38240.0,0.000000,-0.017481,0.000000,-0.000000,2.795297,0.000000,-0.005677,0.000000,0.000473,1.650180
38250.0,0.000000,-0.018778,0.000000,-0.000000,2.795297,0.000000,0.022859,0.000000,-0.000000,1.650180
38260.0,0.000000,-0.032640,0.000000,-0.000000,2.795297,0.000000,0.004251,0.000000,-0.003265,1.650180
38270.0,0.000000,-0.013891,0.000000,0.000798,2.795297,0.000000,0.004919,0.000000,-0.000930,1.650180
38280.0,0.000000,0.049500,0.000000,-0.000814,2.795297,0.000000,0.011079,0.000000,-0.000473,1.650180
38290.0,0.000000,0.011764,0.000000,-0.000000,2.795297,0.000000,-0.008235,0.000000,-0.000000,1.650180
38300.0,0.000000,0.010963,0.000000,-0.000000,2.795297,0.000000,-0.007580,0.000000,-0.000000,1.650180
38310.0,0.000000,0.021983,0.000000,-0.000000,2.795297,0.000000,0.010667,0.000000,-0.001404,1.650180
38320.0,0.000000,0.022867,0.000000,-0.000798,2.795297,0.000000,0.005424,0.000000,0.000930,1.650180
38330.0,0.000000,0.007392,0.000000,0.000814,2.795297,0.000000,0.007761,0.000000,-0.001419,1.650180
38340.0,0.000000,-0.020152,0.000000,0.000814,2.795297,0.000000,-0.018541,0.000000,0.000473,1.650180
38350.0,0.000000,0.013889,0.000000,0.000016,2.795297,0.000000,0.018010,0.000000,-0.000000,1.650180
38360.0,0.000000,-0.026220,0.000000,-0.000000,2.795297,0.000000,-0.018892,0.000000,0.000473,1.650180
38370.0,0.000000,-0.013252,0.000000,-0.000000,2.795297,0.000000,0.009724,0.000000,-0.000000,1.650180
38380.0,0.000000,0.015121,0.000000,-0.000000,2.795297,0.000000,0.008537,0.000000,0.000457,1.650180
38390.0,0.000000,0.022198,0.000000,-0.000000,2.795297,0.000000,0.038839,0.000000,-0.002350,1.650180
38400.0,0.000000,0.023448,0.000000,-0.000000,2.795297,0.000000,0.014040,0.000000,0.000930,1.650180
38410.0,0.000000,-0.018770,0.000000,-0.000000,2.795297,0.000000,-0.015531,0.000000,0.000457,1.650180
38420.0,0.000000,-0.008703,0.000000,0.000016,2.795297,0.000000,0.013242,0.000000,0.000473,1.650180
38430.0,0.000000,-0.022642,0.000000,-0.000000,2.795297,0.000000,-0.004015,0.000000,0.000473,1.650180
38440.0,0.000000,0.002185,0.000000,-0.000000,2.795297,0.000000,0.000614,0.000000,-0.000000,1.650180
38450.0,0.000000,0.013702,0.000000,-0.000000,2.795297,0.000000,-0.000790,0.000000,-0.001404,1.650180
38460.0,0.000000,0.024722,0.000000,0.000830,2.795297,0.000000,-0.014257,0.000000,-0.000000,1.650180
38470.0,0.000000,0.026848,0.000000,0.001628,2.795297,0.000000,0.003609,0.000000,-0.000930,1.650180
38480.0,0.000000,-0.025330,0.000000,0.000814,2.795297,0.000000,0.007895,0.000000,-0.000000,1.650180
38490.0,0.000000,-0.016420,0.000000,-0.000798,2.795297,0.000000,0.005004,0.000000,-0.000930,1.650180
38500.0,0.000000,0.014795,0.000000,-0.000000,2.795297,0.000000,0.003329,0.000000,-0.000000,1.650180
38510.0,0.000000,0.036135,0.000000,-0.000000,2.795297,0.000000,0.026108,0.000000,-0.001404,1.650180
38520.0,0.000000,0.042964,0.000000,-0.000814,2.795297,0.000000,-0.027111,0.000000,0.001861,1.650180
38530.0,0.000000,-0.031503,0.000000,-0.000000,2.795297,0.000000,0.007970,0.000000,-0.000000,1.650180
38540.0,0.000000,-0.015065,0.000000,-0.000814,2.795297,0.000000,0.021336,0.000000,0.001404,1.650180
38550.0,0.000000,-0.013011,0.000000,-0.000000,2.795297,0.000000,-0.003187,0.000000,-0.000000,1.650180
38560.0,0.000000,0.038560,0.000000,-0.000814,2.795297,0.000000,-0.016958,0.000000,-0.000473,1.650180
38570.0,0.000000,-0.004670,0.000000,0.000016,2.795297,0.000000,0.031926,0.000000,0.000930,1.650180
38580.0,0.000000,-0.020146,0.000000,-0.000814,2.795297,0.000000,0.028761,0.000000,0.001404,1.650180
38590.0,0.000000,-0.060007,0.000000,-0.000000,2.795297,0.000000,0.022726,0.000000,-0.000473,1.650180
38600.0,0.000000,0.012202,0.000000,-0.000830,2.795297,0.000000,0.028842,0.000000,-0.002350,1.650180
38610.0,0.000000,0.026325,0.000000,0.000016,2.795297,0.000000,-0.005537,0.000000,-0.000473,1.650180
38620.0,0.000000,0.019167,0.000000,0.000814,2.795297,0.000000,0.006300,0.000000,0.000930,1.650180
38630.0,0.000000,0.031429,0.000000,-0.000814,2.795297,0.000000,0.010404,0.000000,-0.000000,1.650180
38640.0,0.000000,0.018560,0.000000,-0.000000,2.795297,0.000000,0.000084,0.000000,0.001404,1.650180
38650.0,0.000000,-0.006626,0.000000,-0.000000,2.795297,0.000000,0.017401,0.000000,-0.000000,1.650180
38660.0,0.000000,0.005139,0.000000,0.000814,2.795297,0.000000,0.017603,0.000000,-0.001404,1.650180
38670.0,0.000000,0.029221,0.000000,0.000016,2.795297,0.000000,-0.020259,0.000000,0.000473,1.650180
38680.0,0.000000,0.015359,0.000000,0.000814,2.795297,0.000000,0.028748,0.000000,-0.000000,1.650180
38690.0,0.000000,0.015055,0.000000,0.000798,2.795297,0.000000,0.008680,0.000000,0.000473,1.650180
38700.0,0.000000,-0.007026,0.000000,0.000814,2.795297,0.000000,0.008344,0.000000,-0.000457,1.650180
38710.0,0.000000,-0.010184,0.000000,-0.000814,2.795297,0.000000,-0.015229,0.000000,-0.000489,1.650180
38720.0,0.000000,-0.037479,0.000000,0.000016,2.795297,0.000000,0.018146,0.000000,0.000473,1.650180
38730.0,0.000000,-0.026475,0.000000,0.001628,2.795297,0.000000,0.011736,0.000000,-0.000000,1.650180
38740.0,0.000000,-0.011504,0.000000,0.000798,2.795297,0.000000,0.005604,0.000000,-0.000930,1.650180
38750.0,0.000000,0.002122,0.000000,-0.000000,2.795297,0.000000,0.015671,0.000000,0.000930,1.650180
38760.0,0.000000,0.026847,0.000000,-0.000000,2.795297,0.000000,0.026989,0.000000,-0.001404,1.650180
38770.0,0.000000,-0.021273,0.000000,-0.000000,2.795297,0.000000,0.000021,0.000000,-0.000000,1.650180
38780.0,0.000000,-0.004047,0.000000,-0.000000,2.795297,0.000000,0.004022,0.000000,-0.000000,1.650180
38790.0,0.000000,0.037316,0.000000,-0.000814,2.795297,0.000000,-0.005378,0.000000,0.000473,1.650180
38800.0,0.000000,0.011981,0.000000,0.000814,2.795297,0.000000,0.025646,0.000000,-0.000000,1.650180
38810.0,0.000000,-0.034733,0.000000,-0.000798,2.795297,0.000000,-0.019617,0.000000,0.000930,1.650180
38820.0,0.000000,-0.029192,0.000000,-0.000000,2.795297,0.000000,0.003341,0.000000,-0.000930,1.650180
38830.0,0.000000,0.033818,0.000000,0.000798,2.795297,0.000000,0.002150,0.000000,-0.000000,1.650180
38840.0,0.000000,0.041965,0.000000,-0.000000,2.795297,0.000000,0.002030,0.000000,-0.000473,1.650180
38850.0,0.000000,-0.021521,0.000000,0.000798,2.795297,0.000000,-0.014016,0.000000,-0.000000,1.650180
38860.0,0.000000,-0.005083,0.000000,-0.000000,2.795297,0.000000,-0.013088,0.000000,-0.001404,1.650180
38870.0,0.000000,0.020860,0.000000,-0.000000,2.795297,0.000000,0.017773,0.000000,-0.000000,1.650180
38880.0,0.000000,0.008472,0.000000,-0.000000,2.795297,0.000000,0.014584,0.000000,-0.000000,1.650180
38890.0,0.000000,-0.021384,0.000000,-0.000000,2.795297,0.000000,-0.019259,0.000000,0.000473,1.650180
38900.0,0.000000,-0.009091,0.000000,0.000814,2.795297,0.000000,-0.002546,0.000000,-0.000016,1.650180
38910.0,0.000000,0.000095,0.000000,-0.000016,2.795297,0.000000,0.013294,0.000000,0.001404,1.650180
38920.0,0.000000,-0.012525,0.000000,0.001628,2.795297,0.000000,0.010107,0.000000,-0.001404,1.650180
38930.0,0.000000,-0.037463,0.000000,-0.000000,2.795297,0.000000,-0.003026,0.000000,-0.000000,1.650180
38940.0,0.000000,0.014636,0.000000,0.000830,2.795297,0.000000,0.012915,0.000000,0.000930,1.650180
38950.0,0.000000,0.011971,0.000000,-0.000814,2.795297,0.000000,-0.043949,0.000000,-0.000000,1.650180
38960.0,0.000000,-0.004001,0.000000,0.000814,2.795297,0.000000,-0.003594,0.000000,-0.000000,1.650180
38970.0,0.000000,-0.019476,0.000000,-0.000000,2.795297,0.000000,-0.027554,0.000000,0.000930,1.650180
38980.0,0.000000,-0.010038,0.000000,0.000016,2.795297,0.000000,0.025570,0.000000,-0.000000,1.650180
38990.0,0.000000,0.026755,0.000000,-0.000000,2.795297,0.000000,-0.002973,0.000000,-0.002334,1.650180
39000.0,0.000000,-0.016739,0.000000,-0.000830,2.795297,0.000000,0.023493,0.000000,-0.000000,1.650180
39010.0,0.000000,-0.027278,0.000000,-0.000000,2.795297,0.000000,-0.006526,0.000000,0.001404,1.650180
39020.0,0.000000,0.038776,0.000000,-0.000000,2.795297,0.000000,-0.019494,0.000000,0.000930,1.650180
39030.0,0.000000,-0.001070,0.000000,-0.000000,2.795297,0.000000,-0.004969,0.000000,-0.000930,1.650180
39040.0,0.000000,-0.016297,0.000000,0.000814,2.795297,0.000000,-0.009344,0.000000,-0.000473,1.650180
39050.0,0.000000,-0.018958,0.000000,-0.000016,2.795297,0.000000,0.028290,0.000000,-0.000000,1.650180
39060.0,0.000000,-0.019346,0.000000,0.000016,2.795297,0.000000,0.004294,0.000000,0.001404,1.650180
39070.0,0.000000,-0.019402,0.000000,0.000798,2.795297,0.000000,-0.000062,0.000000,0.000473,1.650180
39080.0,0.000000,-0.007637,0.000000,-0.000000,2.795297,0.000000,0.001462,0.000000,0.001404,1.650180
39090.0,0.000000,-0.008189,0.000000,-0.000000,2.795297,0.000000,0.002016,0.000000,0.001404,1.650180
39100.0,0.000000,-0.009237,0.000000,0.000016,2.795297,0.000000,0.004453,0.000000,-0.000000,1.650180
39110.0,0.000000,-0.009541,0.000000,0.000814,2.795297,0.000000,-0.009191,0.000000,-0.000000,1.650180
39120.0,0.000000,-0.059112,0.000000,-0.000814,2.795297,0.000000,0.023905,0.000000,0.000930,1.650180
39130.0,0.000000,0.039839,0.000000,-0.000000,2.795297,0.000000,-0.020272,0.000000,0.001861,1.650180
39140.0,0.000000,0.008265,0.000000,-0.000000,2.795297,0.000000,0.001553,0.000000,-0.000473,1.650180
39150.0,0.000000,-0.004688,0.000000,-0.000814,2.795297,0.000000,0.004739,0.000000,-0.000000,1.650180
39160.0,0.000000,-0.004992,0.000000,0.000814,2.795297,0.000000,-0.012762,0.000000,0.000930,1.650180
39170.0,0.000000,-0.017907,0.000000,-0.000000,2.795297,0.000000,0.009352,0.000000,-0.000000,1.650180
39180.0,0.000000,-0.005481,0.000000,-0.000000,2.795297,0.000000,0.001712,0.000000,-0.000000,1.650180
39190.0,0.000000,-0.018599,0.000000,0.000814,2.795297,0.000000,0.013114,0.000000,0.000473,1.650180
39200.0,0.000000,0.027509,0.000000,-0.000830,2.795297,0.000000,0.009077,0.000000,-0.001404,1.650180
39210.0,0.000000,-0.004019,0.000000,-0.000016,2.795297,0.000000,0.003634,0.000000,0.000473,1.650180
39220.0,0.000000,0.005637,0.000000,-0.000016,2.795297,0.000000,0.021848,0.000000,-0.001404,1.650180
39230.0,0.000000,-0.021907,0.000000,0.000830,2.795297,0.000000,0.010976,0.000000,0.000473,1.650180
39240.0,0.000000,-0.033867,0.000000,-0.000000,2.795297,0.000000,-0.002743,0.000000,-0.001404,1.650180
39250.0,0.000000,0.002532,0.000000,-0.000798,2.795297,0.000000,0.013134,0.000000,-0.000473,1.650180
39260.0,0.000000,-0.034475,0.000000,0.000798,2.795297,0.000000,0.009723,0.000000,-0.000000,1.650180
39270.0,0.000000,-0.001678,0.000000,-0.000000,2.795297,0.000000,0.010399,0.000000,0.000457,1.650180
39280.0,0.000000,-0.024009,0.000000,-0.000000,2.795297,0.000000,-0.027230,0.000000,0.000930,1.650180
39290.0,0.000000,0.003425,0.000000,0.001628,2.795297,0.000000,-0.005486,0.000000,0.000473,1.650180
39300.0,0.000000,0.006721,0.000000,-0.000000,2.795297,0.000000,-0.022144,0.000000,-0.000000,1.650180
39310.0,0.000000,0.027682,0.000000,-0.000033,2.795297,0.000000,0.023006,0.000000,-0.000473,1.650180
39320.0,0.000000,-0.000111,0.000000,-0.000016,2.795297,0.000000,-0.009785,0.000000,-0.000000,1.650180
39330.0,0.000000,-0.015089,0.000000,-0.000000,2.795297,0.000000,-0.006934,0.000000,0.000930,1.650180
39340.0,0.000000,-0.035221,0.000000,-0.000016,2.795297,0.000000,0.030977,0.000000,-0.001877,1.650180
39350.0,0.000000,-0.014493,0.000000,0.000016,2.795297,0.000000,-0.014412,0.000000,-0.000457,1.650180
39360.0,0.000000,-0.011445,0.000000,0.000798,2.795297,0.000000,0.021778,0.000000,0.001404,1.650180
39370.0,0.000000,0.001344,0.000000,-0.000814,2.795297,0.000000,-0.024985,0.000000,-0.000000,1.650180
39380.0,0.000000,-0.014131,0.000000,-0.000000,2.795297,0.000000,0.014565,0.000000,-0.000457,1.650180
39390.0,0.000000,-0.017787,0.000000,-0.000000,2.795297,0.000000,0.011156,0.000000,-0.001877,1.650180
39400.0,0.000000,-0.001892,0.000000,-0.000000,2.795297,0.000000,0.017614,0.000000,-0.000000,1.650180
39410.0,0.000000,-0.002444,0.000000,-0.000000,2.795297,0.000000,-0.001073,0.000000,-0.000473,1.650180
39420.0,0.000000,-0.014816,0.000000,0.000798,2.795297,0.000000,0.018024,0.000000,0.000457,1.650180
39430.0,0.000000,-0.004441,0.000000,-0.000814,2.795297,0.000000,-0.004023,0.000000,-0.000000,1.650180
39440.0,0.000000,0.028968,0.000000,-0.000000,2.795297,0.000000,0.006804,0.000000,-0.000000,1.650180
39450.0,0.000000,0.016844,0.000000,-0.000814,2.795297,0.000000,0.005847,0.000000,-0.000000,1.650180
39460.0,0.000000,-0.032728,0.000000,-0.000016,2.795297,0.000000,-0.006604,0.000000,-0.000930,1.650180
39470.0,0.000000,-0.001863,0.000000,-0.000016,2.795297,0.000000,0.052072,0.000000,-0.000473,1.650180
39480.0,0.000000,0.014090,0.000000,0.000830,2.795297,0.000000,0.001586,0.000000,-0.000000,1.650180
39490.0,0.000000,0.021415,0.000000,0.000814,2.795297,0.000000,0.001867,0.000000,-0.000000,1.650180
39500.0,0.000000,0.005940,0.000000,-0.000000,2.795297,0.000000,0.000120,0.000000,-0.000000,1.650180
39510.0,0.000000,-0.009535,0.000000,-0.000016,2.795297,0.000000,0.016753,0.000000,-0.001404,1.650180
39520.0,0.000000,-0.022256,0.000000,0.000814,2.795297,0.000000,0.006734,0.000000,-0.000473,1.650180
39530.0,0.000000,0.029315,0.000000,-0.000016,2.795297,0.000000,-0.001536,0.000000,0.000473,1.650180
39540.0,0.000000,-0.012860,0.000000,-0.000000,2.795297,0.000000,0.014133,0.000000,-0.000000,1.650180
39550.0,0.000000,-0.000496,0.000000,-0.000000,2.795297,0.000000,0.002550,0.000000,-0.000930,1.650180
39560.0,0.000000,-0.001545,0.000000,0.000781,2.795297,0.000000,-0.001032,0.000000,0.000473,1.650180
39570.0,0.000000,-0.014414,0.000000,-0.000033,2.795297,0.000000,0.008716,0.000000,0.000930,1.650180
39580.0,0.000000,0.002287,0.000000,0.000814,2.795297,0.000000,0.003007,0.000000,0.000473,1.650180
39590.0,0.000000,-0.013454,0.000000,0.001644,2.795297,0.000000,0.001240,0.000000,0.000930,1.650180
39600.0,0.000000,-0.016070,0.000000,-0.000000,2.795297,0.000000,0.017958,0.000000,-0.001861,1.650180
39610.0,0.000000,-0.004305,0.000000,-0.000814,2.795297,0.000000,0.012159,0.000000,-0.000473,1.650180
39620.0,0.000000,-0.009514,0.000000,-0.000016,2.795297,0.000000,0.008871,0.000000,-0.000000,1.650180
39630.0,0.000000,-0.006962,0.000000,-0.000814,2.795297,0.000000,0.011412,0.000000,-0.000000,1.650180
39640.0,0.000000,0.020223,0.000000,-0.000000,2.795297,0.000000,0.011015,0.000000,0.000930,1.650180
39650.0,0.000000,0.003969,0.000000,-0.000000,2.795297,0.000000,-0.710338,0.000000,0.000471,1.649796
39660.0,0.000000,0.039871,0.000000,0.000830,2.795297,0.000000,-4.198272,0.000000,-0.000454,1.646728
39670.0,0.000000,0.013584,0.000000,-0.000000,2.795297,0.000000,-2.511114,0.000000,0.000434,1.643277
39680.0,0.000000,-0.013711,0.000000,-0.000016,2.795297,0.000000,0.109185,0.000000,-0.000930,1.642510
39690.0,0.000000,-0.018259,0.000000,0.000830,2.795297,0.000000,2.896703,0.000000,-0.000000,1.644044
39700.0,0.000000,0.025651,0.000000,-0.000000,2.795297,0.000000,5.846602,0.000000,0.000931,1.649413
39710.0,0.000000,-7.145475,0.000000,-0.000789,2.799515,0.000000,4.138532,0.000000,0.000497,1.654398
39720.0,0.000000,-18.599756,0.000000,0.000748,2.814088,0.000000,1.603219,0.000000,-0.000000,1.657083
39730.0,0.000000,-36.835964,0.000000,0.000914,2.845534,0.000000,-0.633927,0.000000,-0.000929,1.657466
39740.0,0.000000,-49.416428,0.000000,0.000000,2.891937,0.000000,-4.148957,0.000000,-0.001859,1.655165
39750.0,0.000000,-48.947212,0.000000,-0.000762,2.942942,0.000000,-3.782046,0.000000,-0.000000,1.650947
39760.0,0.000000,-37.941952,0.000000,-0.000901,2.986661,0.000000,-1.408725,0.000000,-0.000462,1.648262
39770.0,0.000000,-29.182323,0.000000,-0.001388,3.020792,0.000000,0.476442,0.000000,0.000460,1.647879
39780.0,0.000000,-25.596464,0.000000,-0.000915,3.048787,0.000000,-0.069801,0.000000,-0.000000,1.647879
39790.0,0.000000,-23.619495,0.000000,0.000870,3.074098,0.000000,2.833324,0.000000,-0.000000,1.649413
39800.0,0.000000,-22.508345,0.000000,0.000804,3.097874,0.000000,1.145376,0.000000,-0.000000,1.650947
39810.0,0.000000,-20.350483,0.000000,-0.000720,3.120117,0.000000,0.181458,0.000000,-0.000000,1.651714
39820.0,0.000000,-20.129412,0.000000,-0.000626,3.141209,0.000000,-0.071746,0.000000,0.000930,1.651714
39830.0,0.000000,-18.679760,0.000000,0.000928,3.161151,0.000000,-0.969383,0.000000,0.000029,1.651330
39840.0,0.000000,-18.171335,0.000000,0.000419,3.179942,0.000000,0.184353,0.000000,-0.000000,1.651330
39850.0,0.000000,-18.900772,0.000000,0.001511,3.199884,0.000000,-0.046712,0.000000,0.000480,1.651330
39860.0,0.000000,-18.447477,0.000000,-0.000880,3.219059,0.000000,0.174877,0.000000,-0.001408,1.650947
39870.0,0.000000,-17.652712,0.000000,0.001663,3.238234,0.000000,-0.012386,0.000000,-0.000000,1.650947
39880.0,0.000000,-16.670773,0.000000,-0.000834,3.255874,0.000000,0.034851,0.000000,-0.000930,1.650947
39890.0,0.000000,-16.679653,0.000000,-0.001053,3.273515,0.000000,-0.037843,0.000000,-0.000930,1.650947
39900.0,0.000000,-14.841692,0.000000,0.000073,3.290005,0.000000,0.020039,0.000000,-0.003293,1.650947
39910.0,0.000000,-12.145967,0.000000,0.000000,3.303811,0.000000,-0.677815,0.000000,-0.000000,1.650563
39920.0,0.000000,-8.911399,0.000000,0.000077,3.314549,0.000000,0.108994,0.000000,0.000475,1.650563
39930.0,0.000000,-6.408675,0.000000,0.000005,3.321836,0.000000,0.011557,0.000000,-0.000000,1.650563
39940.0,0.000000,-1.790891,0.000000,-0.001467,3.325670,0.000000,0.014563,0.000000,-0.000000,1.650563
39950.0,0.000000,0.814004,0.000000,-0.000489,3.325670,0.000000,0.010314,0.000000,-0.001406,1.650563
39960.0,0.000000,5.693386,0.000000,0.000921,3.322219,0.000000,0.015085,0.000000,-0.000000,1.650563
39970.0,0.000000,6.376670,0.000000,0.000493,3.316467,0.000000,0.017688,0.000000,-0.000000,1.650563
39980.0,0.000000,5.903336,0.000000,0.000528,3.309947,0.000000,0.000769,0.000000,-0.000000,1.650563
39990.0,0.000000,5.156005,0.000000,0.000367,3.304578,0.000000,0.007480,0.000000,-0.000000,1.650563
40000.0,0.000000,3.990806,0.000000,-0.000679,3.299976,0.000000,0.023276,0.000000,-0.000475,1.650563
40010.0,0.000000,3.462757,0.000000,0.000000,3.296525,0.000000,0.011614,0.000000,-0.000000,1.650563
40020.0,0.000000,1.315264,0.000000,0.000000,3.294607,0.000000,0.028034,0.000000,0.000930,1.650563
40030.0,0.000000,0.212218,0.000000,0.000000,3.294224,0.000000,-0.005015,0.000000,-0.000000,1.650563
40040.0,0.000000,-0.110579,0.000000,0.000609,3.294224,0.000000,0.016375,0.000000,0.000930,1.650563
40050.0,0.000000,-2.621007,0.000000,0.000000,3.296141,0.000000,0.004014,0.000000,0.000930,1.650563
40060.0,0.000000,-2.355267,0.000000,-0.000066,3.298059,0.000000,-0.001498,0.000000,-0.000000,1.650563
40070.0,0.000000,-1.423992,0.000000,0.000000,3.299593,0.000000,0.021049,0.000000,-0.000000,1.650563
40080.0,0.000000,-0.429046,0.000000,0.000000,3.300360,0.000000,0.019253,0.000000,0.000475,1.650563
40090.0,0.000000,0.191863,0.000000,-0.000342,3.300360,0.000000,-0.007957,0.000000,-0.000930,1.650563
40100.0,0.000000,-0.007308,0.000000,0.000579,3.300360,0.000000,-0.010848,0.000000,-0.000000,1.650563
40110.0,0.000000,0.915653,0.000000,-0.000337,3.299593,0.000000,0.012439,0.000000,-0.000475,1.650563
40120.0,0.000000,0.812546,0.000000,0.000000,3.298442,0.000000,-0.006224,0.000000,-0.000000,1.650563
40130.0,0.000000,0.641805,0.000000,0.000328,3.298059,0.000000,0.015275,0.000000,-0.000000,1.650563
40140.0,0.000000,-0.204692,0.000000,0.001180,3.298059,0.000000,0.002284,0.000000,-0.000000,1.650563
40150.0,0.000000,0.010289,0.000000,0.000000,3.298059,0.000000,0.017142,0.000000,-0.000930,1.650563
40160.0,0.000000,0.014762,0.000000,0.000000,3.298059,0.000000,0.013697,0.000000,-0.000000,1.650563
40170.0,0.000000,-0.928252,0.000000,0.000000,3.298442,0.000000,0.014496,0.000000,-0.000930,1.650563
40180.0,0.000000,0.174750,0.000000,0.000588,3.298442,0.000000,-0.010242,0.000000,-0.000000,1.650563
40190.0,0.000000,-0.047287,0.000000,0.000000,3.298442,0.000000,0.026741,0.000000,0.000951,1.650563
40200.0,0.000000,0.000847,0.000000,-0.000258,3.298442,0.000000,0.010695,0.000000,0.000455,1.650563
40210.0,0.000000,0.023097,0.000000,0.000588,3.298442,0.000000,0.005669,0.000000,0.000475,1.650563
40220.0,0.000000,0.022545,0.000000,0.000000,3.298442,0.000000,-0.022304,0.000000,0.001406,1.650563
40230.0,0.000000,0.007001,0.000000,0.000588,3.298442,0.000000,-0.020681,0.000000,-0.000930,1.650563
40240.0,0.000000,0.024254,0.000000,0.000588,3.298442,0.000000,0.013553,0.000000,0.001406,1.650563
40250.0,0.000000,0.014901,0.000000,-0.000330,3.298442,0.000000,-0.007722,0.000000,-0.000000,1.650563
40260.0,0.000000,-0.007894,0.000000,0.000000,3.298442,0.000000,-0.031491,0.000000,-0.000455,1.650563
40270.0,0.000000,-0.030689,0.000000,0.000000,3.298442,0.000000,0.016632,0.000000,0.001861,1.650563
40280.0,0.000000,-0.023886,0.000000,0.000330,3.298442,0.000000,-0.011257,0.000000,-0.000930,1.650563
40290.0,0.000000,0.027047,0.000000,-0.000588,3.298442,0.000000,0.030423,0.000000,-0.000455,1.650563
40300.0,0.000000,0.032036,0.000000,0.000000,3.298442,0.000000,0.006635,0.000000,-0.000930,1.650563
40310.0,0.000000,0.014511,0.000000,-0.000258,3.298442,0.000000,0.006560,0.000000,-0.000455,1.650563
40320.0,0.000000,-0.032178,0.000000,0.001177,3.298442,0.000000,0.017556,0.000000,-0.000000,1.650563
40330.0,0.000000,-0.023381,0.000000,0.000330,3.298442,0.000000,0.024036,0.000000,-0.000475,1.650563
40340.0,0.000000,0.027201,0.000000,-0.000330,3.298442,0.000000,-0.000587,0.000000,-0.000455,1.650563
40350.0,0.000000,0.006042,0.000000,-0.000588,3.298442,0.000000,0.004406,0.000000,0.000930,1.650563
40360.0,0.000000,-0.025655,0.000000,0.000000,3.298442,0.000000,0.016611,0.000000,-0.002811,1.650563
40370.0,0.000000,-0.009677,0.000000,0.000588,3.298442,0.000000,-0.005238,0.000000,0.000475,1.650563
40380.0,0.000000,-0.001885,0.000000,0.000330,3.298442,0.000000,-0.003265,0.000000,0.000930,1.650563
40390.0,0.000000,0.021990,0.000000,-0.000588,3.298442,0.000000,-0.013248,0.000000,0.000930,1.650563
40400.0,0.000000,0.026078,0.000000,-0.000258,3.298442,0.000000,0.000988,0.000000,-0.000000,1.650563
40410.0,0.000000,-0.033419,0.000000,0.000330,3.298442,0.000000,0.006789,0.000000,-0.000000,1.650563
40420.0,0.000000,1.507552,0.000000,0.000326,3.297675,0.000000,0.671775,0.000000,-0.000955,1.650947
40430.0,0.000000,-0.300236,0.000000,0.000000,3.297675,0.000000,-0.114379,0.000000,-0.000000,1.650947
40440.0,0.000000,0.048800,0.000000,0.000000,3.297675,0.000000,-1.765029,0.000000,-0.000000,1.650180
40450.0,0.000000,-1.334023,0.000000,0.000586,3.299209,0.000000,-0.474988,0.000000,-0.000467,1.649029
40460.0,0.000000,0.533690,0.000000,0.000000,3.299209,0.000000,0.275370,0.000000,0.000464,1.649029
40470.0,0.000000,-0.097127,0.000000,0.000000,3.299209,0.000000,2.542795,0.000000,0.001406,1.650563
40480.0,0.000000,1.747304,0.000000,0.000000,3.297675,0.000000,1.270044,0.000000,0.000484,1.652097
40490.0,0.000000,0.895348,0.000000,-0.000600,3.296141,0.000000,0.056486,0.000000,-0.000000,1.652864
40500.0,0.000000,0.671671,0.000000,-0.000604,3.295374,0.000000,-0.033420,0.000000,0.001418,1.652864
40510.0,0.000000,-0.101400,0.000000,0.000000,3.295374,0.000000,-1.106100,0.000000,0.000930,1.652097
40520.0,0.000000,-3.894600,0.000000,0.000000,3.297675,0.000000,-5.271115,0.000000,-0.000462,1.648262
40530.0,0.000000,-6.247704,0.000000,0.000000,3.303428,0.000000,-3.476685,0.000000,0.000440,1.644427
40540.0,0.000000,-1.207279,0.000000,0.000168,3.306496,0.000000,1.022532,0.000000,-0.000000,1.643660
40550.0,0.000000,-0.396535,0.000000,0.000000,3.307263,0.000000,4.776306,0.000000,0.000930,1.646345
40560.0,0.000000,0.141801,0.000000,0.000000,3.307263,0.000000,3.938475,0.000000,-0.000930,1.650563
40570.0,0.000000,2.314984,0.000000,-0.000372,3.305345,0.000000,1.909489,0.000000,-0.000000,1.652864
40580.0,0.000000,1.081619,0.000000,0.000000,3.303811,0.000000,-0.425340,0.000000,-0.000930,1.653248
40590.0,0.000000,0.958386,0.000000,0.000000,3.302277,0.000000,-2.746742,0.000000,-0.000000,1.651714
40600.0,0.000000,2.532506,0.000000,0.000577,3.300743,0.000000,-0.867324,0.000000,-0.000000,1.650563
40610.0,0.000000,2.099175,0.000000,0.000000,3.298826,0.000000,0.392013,0.000000,0.000930,1.650180
40620.0,0.000000,-0.541418,0.000000,-0.000328,3.298059,0.000000,-0.065391,0.000000,0.000930,1.650180
40630.0,0.000000,0.067381,0.000000,0.000918,3.298059,0.000000,0.008567,0.000000,0.000930,1.650180
40640.0,0.000000,-2.646980,0.000000,0.000000,3.299593,0.000000,-0.010459,0.000000,-0.000000,1.650180
40650.0,0.000000,-0.733819,0.000000,-0.000344,3.300743,0.000000,-0.001762,0.000000,0.000473,1.650180
40660.0,0.000000,0.251962,0.000000,0.001730,3.300743,0.000000,1.994393,0.000000,-0.000453,1.650947
40670.0,0.000000,0.673422,0.000000,0.000000,3.300360,0.000000,0.096144,0.000000,-0.000000,1.651714
40680.0,0.000000,1.698592,0.000000,0.000586,3.298826,0.000000,-0.045336,0.000000,0.000930,1.651714
40690.0,0.000000,0.323122,0.000000,0.000588,3.298442,0.000000,0.019093,0.000000,-0.000000,1.651714
40700.0,0.000000,-0.116799,0.000000,0.000000,3.298442,0.000000,-1.325427,0.000000,-0.000000,1.649796
40710.0,0.000000,-1.066092,0.000000,-0.000586,3.298826,0.000000,-0.162054,0.000000,-0.000931,1.649029
40720.0,0.000000,-0.489095,0.000000,0.000000,3.300360,0.000000,0.052537,0.000000,-0.000000,1.649029
40730.0,0.000000,-0.349912,0.000000,-0.001149,3.301127,0.000000,0.021088,0.000000,-0.000000,1.649029
40740.0,0.000000,0.248309,0.000000,0.000921,3.301127,0.000000,1.458671,0.000000,-0.000000,1.650180
40750.0,0.000000,-0.038868,0.000000,0.000000,3.301127,0.000000,0.739810,0.000000,-0.001408,1.650947
40760.0,0.000000,1.717112,0.000000,0.000000,3.300360,0.000000,-0.220376,0.000000,-0.001861,1.650947
40770.0,0.000000,-0.157753,0.000000,0.000000,3.299593,0.000000,0.026534,0.000000,-0.000000,1.650947
40780.0,0.000000,-0.213841,0.000000,0.000000,3.299593,0.000000,-0.885084,0.000000,-0.000000,1.650180
40790.0,0.000000,0.015707,0.000000,-0.000337,3.299593,0.000000,0.060501,0.000000,-0.000000,1.649413
40800.0,0.000000,-1.587547,0.000000,-0.000577,3.300743,0.000000,-0.677902,0.000000,-0.000000,1.649029
40810.0,0.000000,-0.344887,0.000000,0.000000,3.301127,0.000000,0.105314,0.000000,-0.000000,1.649029
40820.0,0.000000,0.116861,0.000000,-0.000347,3.301127,0.000000,1.942761,0.000000,-0.000000,1.650180
40830.0,0.000000,0.690710,0.000000,0.000232,3.300743,0.000000,0.438865,0.000000,0.000477,1.650947
40840.0,0.000000,0.786827,0.000000,0.000581,3.299976,0.000000,-0.161815,0.000000,-0.000000,1.650947
40850.0,0.000000,-0.178640,0.000000,0.000000,3.299976,0.000000,0.039714,0.000000,-0.000000,1.650563
40860.0,0.000000,0.064466,0.000000,-0.000581,3.299976,0.000000,-0.151511,0.000000,-0.000000,1.649796
40870.0,0.000000,-0.011786,0.000000,0.000000,3.299976,0.000000,0.184439,0.000000,-0.000000,1.649413
40880.0,0.000000,-0.036249,0.000000,0.000340,3.299976,0.000000,-0.032437,0.000000,-0.000000,1.649413
40890.0,0.000000,-0.026526,0.000000,0.000340,3.299976,0.000000,0.781379,0.000000,-0.000475,1.650563
40900.0,0.000000,-0.008017,0.000000,0.000000,3.299976,0.000000,-0.395581,0.000000,-0.001406,1.650563
40910.0,0.000000,-0.013708,0.000000,0.000000,3.299976,0.000000,0.066433,0.000000,0.002336,1.650563
40920.0,0.000000,-0.011544,0.000000,-0.000581,3.299976,0.000000,-0.916156,0.000000,-0.000473,1.650180
40930.0,0.000000,-0.014857,0.000000,0.000000,3.299976,0.000000,0.187583,0.000000,-0.001404,1.650180
40940.0,0.000000,0.009676,0.000000,0.000000,3.299976,0.000000,0.023140,0.000000,-0.000000,1.650180
40950.0,0.000000,-0.054207,0.000000,0.000582,3.299593,0.000000,1.088515,0.000000,-0.000000,1.650563
40960.0,0.000000,-0.016791,0.000000,0.000582,3.299593,0.000000,-0.247764,0.000000,-0.000000,1.650563
40970.0,0.000000,-0.695172,0.000000,-0.000581,3.299976,0.000000,-1.058284,0.000000,0.000473,1.650180
40980.0,0.000000,-0.632417,0.000000,0.001730,3.300743,0.000000,0.384614,0.000000,-0.000942,1.649796
40990.0,0.000000,0.256053,0.000000,0.000000,3.300743,0.000000,-0.042006,0.000000,-0.000000,1.649796
41000.0,0.000000,-0.054156,0.000000,0.000344,3.300743,0.000000,0.036068,0.000000,0.000471,1.649796
41010.0,0.000000,-0.032046,0.000000,-0.000577,3.300743,0.000000,0.163689,0.000000,-0.001404,1.650180
41020.0,0.000000,0.683849,0.000000,0.000342,3.300360,0.000000,-0.023883,0.000000,-0.000000,1.650180
41030.0,0.000000,-0.146672,0.000000,0.000340,3.299976,0.000000,0.014908,0.000000,-0.000000,1.650180
41040.0,0.000000,0.456974,0.000000,0.000000,3.299593,0.000000,0.017363,0.000000,0.000473,1.650180
41050.0,0.000000,-0.118961,0.000000,0.000000,3.299593,0.000000,0.002646,0.000000,-0.000000,1.650180
41060.0,0.000000,-1.068163,0.000000,0.001742,3.299976,0.000000,0.010304,0.000000,-0.000000,1.650180
41070.0,0.000000,-0.645581,0.000000,0.000344,3.300743,0.000000,0.009048,0.000000,0.000930,1.650180
41080.0,0.000000,0.252782,0.000000,0.000000,3.300743,0.000000,0.008589,0.000000,-0.000000,1.650180
41090.0,0.000000,-0.026483,0.000000,0.000344,3.300743,0.000000,-0.006686,0.000000,0.000473,1.650180
41100.0,0.000000,0.996423,0.000000,0.000000,3.300360,0.000000,0.011071,0.000000,-0.000946,1.650180
41110.0,0.000000,0.849989,0.000000,0.000000,3.299593,0.000000,0.025208,0.000000,0.000457,1.650180
41120.0,0.000000,-0.277760,0.000000,-0.000582,3.299593,0.000000,-0.016487,0.000000,0.000930,1.650180
41130.0,0.000000,0.039662,0.000000,-0.000582,3.299593,0.000000,0.021521,0.000000,-0.000473,1.650180
41140.0,0.000000,0.040278,0.000000,0.000000,3.299593,0.000000,-0.000704,0.000000,0.000930,1.650180
41150.0,0.000000,0.019106,0.000000,0.000582,3.299593,0.000000,-0.011704,0.000000,-0.000000,1.650180
41160.0,0.000000,-0.931683,0.000000,0.000581,3.299976,0.000000,-0.011416,0.000000,-0.000000,1.650180
41170.0,0.000000,0.181012,0.000000,-0.001501,3.299976,0.000000,0.025795,0.000000,0.000930,1.650180
41180.0,0.000000,-0.039273,0.000000,-0.000581,3.299976,0.000000,0.008975,0.000000,-0.001861,1.650180
41190.0,0.000000,-0.023485,0.000000,-0.000241,3.299976,0.000000,-0.005232,0.000000,-0.000457,1.650180
41200.0,0.000000,0.425935,0.000000,0.000000,3.299593,0.000000,0.011854,0.000000,-0.000000,1.650180
41210.0,0.000000,-0.087369,0.000000,0.000920,3.299593,0.000000,0.021410,0.000000,-0.000930,1.650180
41220.0,0.000000,0.029667,0.000000,0.000337,3.299593,0.000000,-0.014184,0.000000,-0.000016,1.650180
41230.0,0.000000,0.002749,0.000000,0.000000,3.299593,0.000000,0.001652,0.000000,0.000930,1.650180
41240.0,0.000000,-0.914948,0.000000,0.000344,3.300743,0.000000,0.013918,0.000000,0.000473,1.650180
41250.0,0.000000,-0.623690,0.000000,0.000000,3.301127,0.000000,-0.012015,0.000000,-0.000000,1.650180
41260.0,0.000000,0.209817,0.000000,0.000000,3.301127,0.000000,-0.003920,0.000000,-0.000000,1.650180
41270.0,0.000000,0.003763,0.000000,0.000693,3.301127,0.000000,-0.000373,0.000000,-0.000930,1.650180
41280.0,0.000000,0.918208,0.000000,0.000344,3.300743,0.000000,0.001464,0.000000,-0.000473,1.650180
41290.0,0.000000,0.732088,0.000000,-0.000581,3.299976,0.000000,0.005179,0.000000,0.000457,1.650180
41300.0,0.000000,0.529605,0.000000,-0.000582,3.299593,0.000000,0.005018,0.000000,-0.000473,1.650180
41310.0,0.000000,-0.112057,0.000000,-0.000582,3.299593,0.000000,0.036269,0.000000,-0.001404,1.650180
41320.0,0.000000,-0.018466,0.000000,0.000582,3.299593,0.000000,0.021088,0.000000,-0.001861,1.650180
41330.0,0.000000,0.013323,0.000000,0.000000,3.299593,0.000000,0.020715,0.000000,0.000473,1.650180
41340.0,0.000000,0.026162,0.000000,-0.000581,3.299976,0.000000,-0.013683,0.000000,-0.000930,1.650180
41350.0,0.000000,0.004984,0.000000,0.000579,3.300360,0.000000,0.021813,0.000000,0.000457,1.650180
41360.0,0.000000,0.012314,0.000000,0.000920,3.300360,0.000000,-0.038935,0.000000,0.001404,1.650180
41370.0,0.000000,-0.032833,0.000000,0.000000,3.300360,0.000000,0.021121,0.000000,-0.002334,1.650180
41380.0,0.000000,-0.016266,0.000000,0.000342,3.300360,0.000000,0.029476,0.000000,-0.000000,1.650180
41390.0,0.000000,0.033104,0.000000,-0.000579,3.300360,0.000000,0.034682,0.000000,-0.000930,1.650180
41400.0,0.000000,0.027477,0.000000,-0.000342,3.300360,0.000000,-0.010514,0.000000,0.000473,1.650180
41410.0,0.000000,0.000366,0.000000,0.000579,3.300360,0.000000,0.010963,0.000000,-0.000000,1.650180
41420.0,0.000000,-0.006335,0.000000,0.000000,3.300360,0.000000,0.005139,0.000000,-0.000000,1.650180
41430.0,0.000000,-0.028938,0.000000,0.000579,3.300360,0.000000,0.042229,0.000000,-0.002334,1.650180
41440.0,0.000000,0.024632,0.000000,0.000000,3.300360,0.000000,-0.025000,0.000000,0.001404,1.650180
41450.0,0.000000,0.032833,0.000000,0.000000,3.300360,0.000000,0.017896,0.000000,-0.001892,1.650180
41460.0,0.000000,-0.004333,0.000000,0.000000,3.300360,0.000000,0.010607,0.000000,-0.000473,1.650180
41470.0,0.000000,-0.026302,0.000000,-0.000342,3.300360,0.000000,-0.003891,0.000000,-0.000930,1.650180
41480.0,0.000000,-0.018082,0.000000,0.001157,3.300360,0.000000,-0.020195,0.000000,0.001404,1.650180
41490.0,0.000000,0.003431,0.000000,-0.000342,3.300360,0.000000,0.002297,0.000000,0.001404,1.650180
41500.0,0.000000,0.030118,0.000000,-0.000342,3.300360,0.000000,-0.023951,0.000000,0.000457,1.650180
41510.0,0.000000,0.001790,0.000000,0.000000,3.300360,0.000000,0.004256,0.000000,-0.001404,1.650180
41520.0,0.000000,-0.015258,0.000000,0.000342,3.300360,0.000000,-0.005618,0.000000,-0.000000,1.650180
41530.0,0.000000,-0.020368,0.000000,0.000000,3.300360,0.000000,0.010729,0.000000,-0.000473,1.650180
41540.0,0.000000,-0.034233,0.000000,0.000000,3.300360,0.000000,0.002286,0.000000,0.000473,1.650180
41550.0,0.000000,0.005734,0.000000,0.000579,3.300360,0.000000,0.012440,0.000000,0.000457,1.650180
41560.0,0.000000,0.010354,0.000000,0.000000,3.300360,0.000000,0.009691,0.000000,-0.000930,1.650180
41570.0,0.000000,0.001045,0.000000,-0.000579,3.300360,0.000000,-0.009407,0.000000,0.000473,1.650180
41580.0,0.000000,-0.009855,0.000000,0.000000,3.300360,0.000000,-0.002076,0.000000,-0.000473,1.650180
41590.0,0.000000,-0.015582,0.000000,-0.000579,3.300360,0.000000,0.012431,0.000000,0.000473,1.650180
41600.0,0.000000,0.006549,0.000000,0.000920,3.300360,0.000000,-0.001490,0.000000,-0.000000,1.650180
41610.0,0.000000,0.005996,0.000000,0.000000,3.300360,0.000000,0.009734,0.000000,-0.000930,1.650180
41620.0,0.000000,0.042055,0.000000,-0.001157,3.300360,0.000000,0.007219,0.000000,-0.000473,1.650180
41630.0,0.000000,0.009221,0.000000,0.000000,3.300360,0.000000,0.016329,0.000000,-0.001877,1.650180
41640.0,0.000000,-0.018573,0.000000,0.000579,3.300360,0.000000,0.008348,0.000000,0.000457,1.650180
41650.0,0.000000,-0.022656,0.000000,0.000579,3.300360,0.000000,0.027959,0.000000,-0.000000,1.650180
41660.0,0.000000,-0.040720,0.000000,0.000579,3.300360,0.000000,0.018939,0.000000,-0.000473,1.650180
41670.0,0.000000,0.045808,0.000000,0.000579,3.300360,49.987579,30.562584,0.307783,0.313581,1.660534
41680.0,0.000000,0.040634,0.000000,-0.000579,3.300360,50.000000,46.488522,0.073953,0.072508,1.704253
41690.0,0.000000,-0.028024,0.000000,0.000000,3.300360,50.000000,46.338627,0.081774,0.083385,1.756408
41700.0,0.000000,-0.008660,0.000000,-0.000237,3.300360,50.000000,52.729122,-0.013613,-0.002214,1.815466
41710.0,0.000000,-0.012498,0.000000,-0.000237,3.300360,50.000000,48.270947,0.052657,0.050821,1.866088
41720.0,0.000000,1.059229,0.000000,0.000000,3.299976,50.000000,48.841278,0.046543,0.059115,1.917476
41730.0,0.000000,-0.267354,0.000000,-0.000340,3.299976,50.000000,51.216305,0.010452,0.010362,1.969631
41740.0,0.000000,0.032037,0.000000,-0.000340,3.299976,50.000000,51.259232,0.008582,0.010485,2.023704
41750.0,0.000000,0.026939,0.000000,0.001161,3.299976,50.000000,54.295647,-0.040263,-0.040303,2.080078
41760.0,0.000000,-0.002073,0.000000,0.000000,3.299976,50.000000,51.745171,-0.005467,-0.006049,2.135301
41770.0,0.000000,-0.003512,0.000000,-0.000920,3.299976,50.000000,50.727879,0.009173,0.010463,2.188224
41780.0,0.000000,-0.038599,0.000000,0.000000,3.299976,50.000000,47.723343,0.054859,0.054485,2.239228
41790.0,0.000000,-0.010087,0.000000,-0.000679,3.299976,50.000000,47.708073,0.057064,0.057004,2.289466
41800.0,0.000000,-0.007599,0.000000,0.000000,3.299976,50.000000,52.963631,-0.022277,-0.022001,2.343539
41810.0,0.000000,0.019405,0.000000,-0.000920,3.299976,50.000000,48.301170,0.046719,0.046537,2.395694
41820.0,0.000000,-0.002055,0.000000,-0.000340,3.299976,50.000000,49.840527,0.024690,0.026046,2.447466
41830.0,0.000000,-0.033495,0.000000,-0.000581,3.299976,50.000000,50.237698,0.018226,0.018115,2.500389
41840.0,0.000000,-0.006785,0.000000,0.000000,3.299976,50.000000,50.442036,0.014363,0.013939,2.553694
41850.0,0.000000,-0.001897,0.000000,-0.000920,3.299976,50.000000,50.334316,0.015371,0.015374,2.606617
41860.0,0.000000,0.012359,0.000000,0.000581,3.299976,50.000000,52.069969,-0.011948,-0.013810,2.661073
41870.0,0.000000,0.011820,0.000000,0.000340,3.299976,50.000000,48.938644,0.034272,0.033278,2.713229
41880.0,0.000000,0.012758,0.000000,0.000241,3.299976,50.000000,46.899498,0.067259,0.067793,2.762316
41890.0,0.000000,0.020990,0.000000,0.000000,3.299976,50.000000,49.132469,0.036064,0.035359,2.812937
41900.0,0.000000,0.027730,0.000000,0.000340,3.299976,50.000000,51.603031,-0.001779,-0.002998,2.866627
41910.0,0.000000,0.037460,0.000000,0.000000,3.299976,50.000000,49.865524,0.023410,0.023372,2.919549
41920.0,0.000000,-0.041211,0.000000,-0.000581,3.299976,50.000000,49.696724,0.026655,0.026821,2.971704
41930.0,0.000000,-0.011503,0.000000,0.000000,3.299976,50.000000,50.884075,0.008829,0.009146,3.024627
41940.0,0.000000,0.047562,0.000000,0.000000,3.299976,50.000000,50.380817,0.015397,0.012925,3.077933
41950.0,0.000000,-0.004468,0.000000,0.000000,3.299976,50.000000,51.240524,0.001384,0.001313,3.131622
41960.0,0.000000,-0.019830,0.000000,0.000340,3.299976,50.000000,52.075176,-0.013347,-0.013189,3.186462
41970.0,0.000000,-0.042801,0.000000,0.000000,3.299976,50.000000,49.763947,0.020687,0.020520,3.239001
41980.0,0.000000,0.018398,0.000000,0.000000,3.299976,50.000000,47.766560,0.051933,0.052133,3.289238
41990.0,0.000000,0.041489,0.000000,0.000000,3.299976,50.000000,49.730019,0.023449,0.023408,3.340627
42000.0,0.000000,-0.003248,0.000000,0.000000,3.299976,50.000000,52.341263,-0.016755,-0.015482,3.394316
42010.0,0.000000,-0.028324,0.000000,-0.000581,3.299976,50.000000,47.711689,0.052982,0.052579,3.445321
42020.0,0.000000,-0.018600,0.000000,0.000000,3.299976,50.000000,48.586983,0.042017,0.042555,3.495942
42030.0,0.000000,-0.019153,0.000000,-0.000920,3.299976,50.000000,49.142185,0.034297,0.032885,3.547714
42040.0,0.000000,-0.002497,0.000000,0.000000,3.299976,50.000000,49.336590,0.032452,0.033970,3.599102
42050.0,0.000000,0.036015,0.000000,0.000000,3.299976,50.000000,52.006771,-0.008806,-0.008112,3.653559
42060.0,0.000000,0.007003,0.000000,-0.000340,3.299976,50.000000,49.679401,0.024357,0.024384,3.706865
42070.0,0.000000,-0.035952,0.000000,0.001161,3.299976,50.000000,50.548317,0.010547,0.010912,3.760170
42080.0,0.000000,-0.025925,0.000000,-0.000581,3.299976,50.000000,50.548603,0.009650,0.009724,3.813476
42090.0,0.000000,-0.024986,0.000000,0.000000,3.299976,50.000000,48.381882,0.043668,0.043255,3.864481
42100.0,0.000000,0.034080,0.000000,0.000000,3.299976,50.000000,52.019779,-0.012013,-0.012791,3.917787
42110.0,0.000000,0.005094,0.000000,0.000000,3.299976,50.000000,47.898121,0.050419,0.049167,3.968792
42120.0,0.000000,-0.026345,0.000000,0.000000,3.299976,50.000000,47.476574,0.059669,0.060008,4.018263
42130.0,0.000000,-0.025111,0.000000,-0.000340,3.299976,50.000000,49.690071,0.027446,0.028023,4.070035
42140.0,0.000000,-0.025664,0.000000,0.000000,3.299976,50.000000,48.739037,0.042512,0.041939,4.121039
42150.0,0.000000,-0.002017,0.000000,-0.000581,3.299976,50.000000,52.402668,-0.013638,-0.012571,4.175496
42160.0,0.000000,0.009861,0.000000,0.000000,3.299976,50.000000,47.991016,0.053131,0.052777,4.226501
42170.0,0.000000,0.006900,0.000000,0.001161,3.299976,50.000000,51.930386,-0.005922,-0.004900,4.279807
42180.0,0.000000,-0.022998,0.000000,-0.001501,3.299976,50.000000,40.818832,0.164012,0.162135,4.325059
42190.0,0.000000,-0.025387,0.000000,0.000000,3.299976,50.000000,48.896027,0.048703,0.049685,4.373763
42200.0,0.000000,-0.003838,0.000000,0.000000,3.299976,50.000000,51.033131,0.016535,0.016211,4.427069
42210.0,0.000000,0.022546,0.000000,0.000920,3.299976,50.000000,42.561676,0.146778,0.147358,4.473855
42220.0,0.000000,0.001396,0.000000,0.000581,3.299976,50.000000,46.458313,0.093240,0.093843,4.522175
42230.0,0.000000,-0.013966,0.000000,-0.000241,3.299976,50.000000,44.989166,0.118461,0.116895,4.570112
42240.0,0.000000,-0.011196,0.000000,0.000581,3.299976,50.000000,50.349762,0.039348,0.039022,4.622268
42250.0,0.000000,-0.034457,0.000000,-0.000581,3.299976,50.000000,50.904316,0.033151,0.034822,4.673656
42260.0,0.000000,-0.022016,0.000000,0.001161,3.299976,50.000000,49.237026,0.055321,0.053312,4.727345
42270.0,0.000000,0.006826,0.000000,0.000000,3.299976,50.000000,53.303761,-0.004522,-0.004642,4.780651
42280.0,0.000000,0.018099,0.000000,0.000000,3.299976,50.000000,50.494007,0.034458,0.033078,4.835108
42290.0,0.000000,0.028455,0.000000,-0.000340,3.299976,50.000000,49.182159,0.054645,0.052974,4.886496
42300.0,0.000000,0.014908,0.000000,0.000920,3.299976,50.000000,53.056034,-0.003535,-0.001861,4.940185
42310.0,0.000000,-0.040731,0.000000,0.000581,3.299976,50.000000,49.594322,0.046882,0.045875,4.993108
42320.0,0.000000,-0.019203,0.000000,0.000000,3.299976,50.000000,43.471699,0.143357,0.143163,5.039511
42330.0,0.000000,-0.024894,0.000000,0.000000,3.299976,50.000000,49.375942,0.056598,0.055844,5.090899
42340.0,0.000000,-0.020309,0.000000,0.000000,3.299976,50.000000,49.402157,0.057323,0.057026,5.142671
42350.0,0.000000,-0.015724,0.000000,-0.000581,3.299976,50.000000,53.959396,-0.012051,-0.010731,5.197511
42360.0,0.000000,-0.019924,0.000000,0.000581,3.299976,50.000000,47.590885,0.082906,0.082953,5.248899
42370.0,0.000000,-0.027770,0.000000,-0.000340,3.299976,50.000000,50.521542,0.038220,0.038015,5.302205
42380.0,0.000000,0.007069,0.000000,0.000000,3.299976,50.000000,42.667591,0.162387,0.162948,5.346307
42390.0,0.000000,-0.005858,0.000000,0.000340,3.299976,50.000000,48.841820,0.073132,0.071894,5.396544
42400.0,0.000000,0.031681,0.000000,0.000000,3.299976,50.000000,49.106178,0.070504,0.071407,5.447549
42410.0,0.000000,0.011461,0.000000,0.000000,3.299976,50.000000,50.761421,0.045443,0.044029,5.499705
42420.0,0.000000,-0.011194,0.000000,-0.000679,3.299976,50.000000,46.844154,0.106118,0.105857,5.549559
42430.0,0.000000,-0.026556,0.000000,-0.000581,3.299976,50.000000,48.632107,0.080860,0.080928,5.600564
42440.0,0.000000,0.004060,0.000000,0.000241,3.299976,50.000000,50.107159,0.059578,0.058331,5.652719
42450.0,0.000000,0.034394,0.000000,-0.000340,3.299976,50.000000,51.400318,0.038795,0.039021,5.706409
42460.0,0.000000,0.025386,0.000000,0.000581,3.299976,50.000000,52.510162,0.020776,0.020950,5.760481
42470.0,0.000000,0.015162,0.000000,-0.000241,3.299976,50.000000,48.274418,0.083622,0.083160,5.812253
42480.0,0.000000,-0.008985,0.000000,0.000340,3.299976,50.000000,50.506107,0.050690,0.051474,5.864792
42490.0,0.000000,-0.054348,0.000000,0.000340,3.299976,50.000000,47.982620,0.089797,0.089478,5.915413
42500.0,0.000000,-0.003128,0.000000,0.000340,3.299976,50.000000,53.472412,0.006682,0.006830,5.969870
42510.0,0.000000,0.045977,0.000000,-0.001501,3.299976,50.000000,51.265057,0.037305,0.037556,6.024710
42520.0,0.000000,-0.022411,0.000000,0.000000,3.299976,50.000000,50.888641,0.042052,0.040356,6.077632
42530.0,0.000000,-0.022055,0.000000,-0.000340,3.299976,50.000000,53.117519,0.006369,0.007441,6.132855
42540.0,0.000000,-0.003547,0.000000,0.000000,3.299976,50.000000,51.547390,0.028375,0.027240,6.186545
42550.0,0.000000,-0.023161,0.000000,0.000000,3.299976,50.000000,53.144016,0.002041,0.001773,6.242151
42560.0,0.000000,-0.014929,0.000000,0.000000,3.299976,50.000000,52.222324,0.012877,0.012587,0.014189
42570.0,0.000000,0.021148,0.000000,0.000000,3.299976,50.000000,51.435886,0.022600,0.021803,0.068646
42580.0,0.000000,0.007911,0.000000,0.000340,3.299976,50.000000,50.784328,0.031024,0.031720,0.121951
42590.0,0.000000,-0.011414,0.000000,-0.000581,3.299976,50.000000,51.261536,0.023427,0.024066,0.175257
42600.0,0.000000,-0.043460,0.000000,0.000340,3.299976,50.000000,53.456848,-0.012205,-0.012912,0.230864
42610.0,0.000000,0.017740,0.000000,0.000000,3.299976,50.000000,51.242367,0.018724,0.018304,0.284937
42620.0,0.000000,0.029013,0.000000,0.000581,3.299976,50.000000,50.527351,0.028623,0.027490,0.338243
42630.0,0.000000,-0.011488,0.000000,0.000000,3.299976,50.000000,51.232662,0.017265,0.017917,0.391165
42640.0,0.000000,-0.034157,0.000000,0.000581,3.299976,50.000000,51.589512,0.011459,0.010221,0.444471
42650.0,0.000000,-0.012332,0.000000,0.000000,3.299976,50.000000,52.912750,-0.010503,-0.006859,0.499694
42660.0,0.000000,-0.004706,0.000000,0.001161,3.299976,50.000000,51.969669,0.000550,-0.001216,0.554918
42670.0,0.000000,0.043197,0.000000,0.000000,3.299976,50.000000,51.392323,0.007088,0.007433,0.609374
42680.0,0.000000,0.025701,0.000000,-0.000241,3.299976,50.000000,49.286057,0.038092,0.037255,0.661146
42690.0,0.000000,0.022164,0.000000,0.000000,3.299976,50.000000,51.520084,0.004973,0.006709,0.714068
42700.0,0.000000,0.011335,0.000000,-0.001501,3.299976,50.000000,49.331627,0.037145,0.036600,0.766607
42710.0,0.000000,-0.008280,0.000000,0.000000,3.299976,50.000000,50.492367,0.019512,0.019363,0.819529
42720.0,0.000000,-0.024564,0.000000,0.000340,3.299976,50.000000,46.256924,0.085195,0.085950,0.868617
42730.0,0.000000,0.033616,0.000000,-0.000920,3.299976,50.000000,48.577576,0.052630,0.052506,0.918855
42740.0,0.000000,0.005230,0.000000,0.000340,3.299976,50.000000,52.286751,-0.003172,-0.003203,0.972544
42750.0,0.000000,-0.002616,0.000000,0.000241,3.299976,50.000000,51.202904,0.011195,0.010362,1.027000
42760.0,0.000000,0.001969,0.000000,0.000920,3.299976,50.000000,52.919655,-0.017343,-0.018667,1.082224
42770.0,0.000000,0.025615,0.000000,0.000000,3.299976,50.000000,53.705708,-0.031947,-0.031511,1.138597
42780.0,0.000000,0.012068,0.000000,0.001161,3.299976,50.000000,50.364449,0.017043,0.017231,1.191520
42790.0,0.000000,0.014276,0.000000,0.000000,3.299976,50.000000,47.627258,0.058776,0.058784,1.242141
42800.0,0.000000,-0.013518,0.000000,0.000340,3.299976,50.000000,51.372032,0.002663,0.002591,1.295447
42810.0,0.000000,-0.025297,0.000000,-0.000340,3.299976,50.000000,49.206547,0.034578,0.033494,1.347602
42820.0,0.000000,0.001390,0.000000,0.000920,3.299976,50.000000,47.968254,0.055196,0.055571,1.397840
42830.0,0.000000,0.028077,0.000000,0.000241,3.299976,50.000000,48.484638,0.048218,0.048910,1.449228
42840.0,0.000000,-0.006672,0.000000,0.000000,3.299976,50.000000,51.419552,0.003534,0.004205,1.502534
42850.0,0.000000,-0.032974,0.000000,0.000000,3.299976,50.000000,53.124966,-0.024044,-0.023483,1.557757
42860.0,0.000000,-0.043514,0.000000,0.001161,3.299976,50.000000,52.582771,-0.019990,-0.020130,1.613748
42870.0,0.000000,0.035255,0.000000,0.000000,3.299976,50.000000,50.175488,0.016236,0.015898,1.665903
42880.0,0.000000,0.030766,0.000000,0.000000,3.299976,50.000000,48.057747,0.047945,0.047601,1.717292
42890.0,0.000000,0.017212,0.000000,0.000000,3.299976,50.000000,46.575455,0.073371,0.073439,1.765995
42900.0,0.000000,-0.046607,0.000000,0.000581,3.299976,50.000000,49.301640,0.033838,0.034767,1.817767
42910.0,0.000000,-0.012054,0.000000,-0.000581,3.299976,50.000000,49.755955,0.027041,0.027413,1.869923
42920.0,0.000000,0.030991,0.000000,0.000000,3.299976,50.000000,48.011948,0.054791,0.052694,1.920544
42930.0,0.000000,0.018343,0.000000,-0.000581,3.299976,50.000000,50.405491,0.019255,0.020085,1.973083
42940.0,0.000000,-0.037576,0.000000,-0.000581,3.299976,50.000000,52.015335,-0.006257,-0.006474,2.027539
42950.0,0.000000,-0.012401,0.000000,0.000340,3.299976,50.000000,54.596546,-0.048161,-0.047702,2.083529
42960.0,0.000000,-0.035669,0.000000,-0.000581,3.299976,50.000000,50.405193,0.011871,0.009835,2.137986
42970.0,0.000000,-0.031689,0.000000,-0.000679,3.299976,50.000000,50.389168,0.011205,0.010569,2.191292
42980.0,0.000000,-0.015898,0.000000,0.000581,3.299976,50.000000,47.807713,0.050881,0.050769,2.241529
42990.0,0.000000,0.046208,0.000000,0.000920,3.299976,50.000000,48.775658,0.038816,0.037807,2.292151
43000.0,0.000000,0.013260,0.000000,-0.000581,3.299976,50.000000,51.175556,0.003029,0.003477,2.344690
43010.0,0.000000,-0.022713,0.000000,-0.000340,3.299976,50.000000,49.760254,0.023484,0.022341,2.397612
43020.0,0.000000,-0.018111,0.000000,-0.000581,3.299976,50.000000,50.096817,0.018572,0.018814,2.449767
43030.0,0.000000,-0.019903,0.000000,0.000000,3.299976,50.000000,49.378021,0.029932,0.031308,2.501539
43040.0,0.000000,-0.005647,0.000000,0.000000,3.299976,50.000000,52.052906,-0.011051,-0.011247,2.555612
43050.0,0.000000,-0.001668,0.000000,0.000581,3.299976,50.000000,50.644894,0.009019,0.008188,2.608918
43060.0,0.000000,0.011759,0.000000,0.000340,3.299976,50.000000,49.677132,0.022802,0.024130,2.661457
43070.0,0.000000,0.022685,0.000000,0.000000,3.299976,50.000000,48.910912,0.034629,0.033837,2.713229
43080.0,0.000000,0.025172,0.000000,0.000000,3.299976,50.000000,48.095276,0.048286,0.047602,2.763466
43090.0,0.000000,0.002517,0.000000,0.000241,3.299976,50.000000,46.953644,0.067541,0.066099,2.813704
43100.0,0.000000,-0.006215,0.000000,0.000000,3.299976,50.000000,53.358974,-0.029531,-0.028660,2.868544
43110.0,0.000000,-0.017678,0.000000,0.000000,3.299976,50.000000,49.744785,0.023470,0.023372,2.921467
43120.0,0.000000,-0.019723,0.000000,0.000000,3.299976,50.000000,48.756416,0.039066,0.038690,2.972855
43130.0,0.000000,-0.018171,0.000000,0.000000,3.299976,50.000000,50.268665,0.016457,0.015233,3.025777
43140.0,0.000000,0.018793,0.000000,0.000581,3.299976,50.000000,51.017448,0.004057,0.004051,3.079083
43150.0,0.000000,0.029402,0.000000,0.000000,3.299976,50.000000,52.048927,-0.012845,-0.012586,3.133539
43160.0,0.000000,0.022189,0.000000,0.000920,3.299976,50.000000,50.031723,0.016183,0.016541,3.186462
43170.0,0.000000,-0.004113,0.000000,0.000000,3.299976,50.000000,51.208992,-0.001791,-0.000862,3.239384
43180.0,0.000000,-0.034637,0.000000,-0.000581,3.299976,50.000000,49.129646,0.029873,0.029323,3.290389
43190.0,0.000000,-0.021267,0.000000,-0.001161,3.299976,50.000000,49.036621,0.032250,0.032005,3.342544
43200.0,0.000000,0.009363,0.000000,-0.001161,3.299976,50.000000,52.057598,-0.013490,-0.013017,3.395467
43210.0,0.000000,0.030912,0.000000,0.000241,3.299976,50.000000,47.880932,0.048925,0.047928,3.447238
43220.0,0.000000,0.013422,0.000000,0.000340,3.299976,50.000000,47.678322,0.055011,0.056302,3.496326
43230.0,0.000000,-0.037079,0.000000,0.000000,3.299976,50.000000,48.429363,0.045281,0.044495,3.546947
43240.0,0.000000,-0.006476,0.000000,-0.000581,3.299976,50.000000,50.026371,0.022145,0.023246,3.599102
43250.0,0.000000,0.010821,0.000000,0.000340,3.299976,50.000000,51.383663,0.000601,0.001603,3.653559
43260.0,0.000000,0.027208,0.000000,0.000581,3.299976,50.000000,51.419838,-0.001803,-0.001802,3.707248
43270.0,0.000000,0.021517,0.000000,0.000581,3.299976,50.000000,50.713818,0.007250,0.006825,3.761704
43280.0,0.000000,0.029142,0.000000,0.000000,3.299976,50.000000,49.597393,0.024208,0.024982,3.812709
43290.0,0.000000,0.004995,0.000000,0.000000,3.299976,50.000000,49.544971,0.026252,0.026199,3.864481
43300.0,0.000000,-0.000091,0.000000,-0.000340,3.299976,50.000000,51.975174,-0.011855,-0.011876,3.918937
43310.0,0.000000,-0.019106,0.000000,-0.000581,3.299976,50.000000,48.084625,0.046706,0.046748,3.969942
43320.0,0.000000,-0.016012,0.000000,-0.000679,3.299976,50.000000,48.063839,0.049568,0.051809,4.020180
43330.0,0.000000,-0.012919,0.000000,-0.000920,3.299976,50.000000,48.573029,0.043053,0.043548,4.071568
43340.0,0.000000,-0.013472,0.000000,0.000000,3.299976,50.000000,50.599514,0.012642,0.012923,4.124491
43350.0,0.000000,-0.020092,0.000000,-0.000920,3.299976,50.000000,53.142357,-0.028198,-0.028483,4.179714
43360.0,0.000000,0.006595,0.000000,0.000000,3.299976,50.000000,48.197708,0.047187,0.046960,4.229952
43370.0,0.000000,0.019359,0.000000,0.000000,3.299976,50.000000,50.838081,0.007868,0.009816,4.282491
43380.0,0.000000,0.045756,0.000000,-0.000581,3.299976,50.000000,42.183468,0.140882,0.138708,4.328894
43390.0,0.000000,-0.035006,0.000000,0.000581,3.299976,50.000000,48.103470,0.056753,0.056784,4.378365
43400.0,0.000000,-0.034936,0.000000,-0.000241,3.299976,50.000000,50.470016,0.022177,0.022726,4.430137
43410.0,0.000000,0.016564,0.000000,0.000340,3.299976,50.000000,45.059017,0.105599,0.103346,4.478457
43420.0,0.000000,0.024203,0.000000,0.000581,3.299976,50.000000,48.186943,0.063294,0.064393,4.527161
43430.0,0.000000,0.018785,0.000000,-0.000581,3.299976,50.000000,44.042751,0.129350,0.126711,4.573947
43440.0,0.000000,0.018232,0.000000,0.000340,3.299976,50.000000,50.453163,0.033971,0.032727,4.626486
43450.0,0.000000,-0.001383,0.000000,-0.000241,3.299976,50.000000,51.184307,0.025716,0.026836,4.677875
43460.0,0.000000,-0.018014,0.000000,0.000340,3.299976,50.000000,48.252106,0.066571,0.063944,4.731180
43470.0,0.000000,-0.028843,0.000000,-0.000920,3.299976,50.000000,54.512142,-0.026625,-0.024672,4.785253
43480.0,0.000000,0.015710,0.000000,0.000000,3.299976,50.000000,49.678993,0.043535,0.042028,4.838943
43490.0,0.000000,0.020618,0.000000,0.000581,3.299976,50.000000,48.718155,0.058322,0.057169,4.889947
43500.0,0.000000,0.024597,0.000000,0.001161,3.299976,50.000000,50.854691,0.027358,0.027458,4.942486
43510.0,0.000000,-0.029241,0.000000,0.000340,3.299976,50.000000,51.581764,0.014541,0.014624,4.996559
43520.0,0.000000,-0.020424,0.000000,0.000581,3.299976,50.000000,44.131771,0.129398,0.128197,5.044113
43530.0,0.000000,-0.013684,0.000000,0.000340,3.299976,50.000000,46.884895,0.091330,0.090271,5.093200
43540.0,0.000000,-0.025752,0.000000,-0.000340,3.299976,50.000000,51.075184,0.029070,0.029248,5.146122
43550.0,0.000000,-0.002712,0.000000,0.000000,3.299976,50.000000,52.755466,0.002753,0.003354,5.200579
43560.0,0.000000,0.034252,0.000000,0.000581,3.299976,50.000000,47.326225,0.083980,0.083595,5.251584
43570.0,0.000000,0.040695,0.000000,0.000000,3.299976,50.000000,51.321873,0.024204,0.022514,5.304506
43580.0,0.000000,-0.011334,0.000000,0.000340,3.299976,50.000000,41.516178,0.176940,0.177463,5.348608
43590.0,0.000000,-0.035488,0.000000,-0.000241,3.299976,50.000000,48.720509,0.073177,0.072741,5.398078
43600.0,0.000000,-0.003366,0.000000,-0.000679,3.299976,50.000000,50.782486,0.042549,0.042828,5.450617
43610.0,0.000000,0.007243,0.000000,-0.000340,3.299976,50.000000,50.240574,0.049999,0.049936,5.503540
43620.0,0.000000,0.033987,0.000000,-0.000241,3.299976,50.000000,47.642361,0.090111,0.090025,5.554161
43630.0,0.000000,0.005898,0.000000,-0.000340,3.299976,50.000000,48.508904,0.079020,0.078224,5.604783
43640.0,0.000000,0.926120,0.000000,0.000000,3.299593,50.000000,51.707550,0.031075,0.032285,5.658088
43650.0,0.000000,-0.133932,0.000000,-0.001165,3.299593,50.000000,49.901329,0.056777,0.056071,5.711010
43660.0,0.000000,0.021812,0.000000,0.000582,3.299593,50.000000,50.862652,0.041853,0.041904,5.763933
43670.0,0.000000,0.029647,0.000000,-0.000337,3.299593,50.000000,50.551003,0.046147,0.045706,5.817239
43680.0,0.000000,-0.002124,0.000000,0.000337,3.299593,50.000000,49.291012,0.065089,0.063378,5.869010
43690.0,0.000000,-0.021104,0.000000,-0.000337,3.299593,50.000000,47.838570,0.088128,0.089457,5.919249
43700.0,0.000000,-0.031644,0.000000,0.000000,3.299593,50.000000,51.233150,0.037715,0.037522,5.972171
43710.0,0.000000,-0.027094,0.000000,-0.000245,3.299593,50.000000,53.316090,0.002998,0.004243,6.028544
43720.0,0.000000,-0.004196,0.000000,-0.000582,3.299593,50.000000,50.324604,0.046432,0.046583,6.081467
43730.0,0.000000,0.042903,0.000000,0.000000,3.299593,50.000000,51.077766,0.034505,0.034901,6.135156
43740.0,0.000000,0.031937,0.000000,-0.000337,3.299593,50.000000,51.202763,0.031392,0.030973,6.188846
43750.0,0.000000,0.011002,0.000000,-0.000582,3.299593,50.000000,52.567635,0.008088,0.009841,6.244069
43760.0,0.000000,0.043237,0.000000,0.000340,3.299976,50.000000,53.315189,-0.005872,-0.006485,0.016490
43770.0,0.000000,0.012675,0.000000,0.000000,3.299976,50.000000,51.647335,0.016705,0.014442,0.070947
43780.0,0.000000,-0.032908,0.000000,-0.000920,3.299976,50.000000,50.910645,0.026801,0.026496,0.124252
43790.0,0.000000,-0.014686,0.000000,-0.000920,3.299976,50.000000,50.449028,0.033864,0.033838,0.176408
43800.0,0.000000,0.026204,0.000000,0.000581,3.299976,50.000000,53.166241,-0.009459,-0.008054,0.232398
43810.0,0.000000,0.029001,0.000000,0.000581,3.299976,50.000000,51.588348,0.011498,0.012199,0.287238
43820.0,0.000000,0.003333,0.000000,-0.000581,3.299976,50.000000,47.133408,0.078596,0.078459,0.337476
43830.0,0.000000,-0.033562,0.000000,0.000000,3.299976,50.000000,44.533115,0.122050,0.121007,0.383879
43840.0,0.000000,2.455021,0.000000,0.000000,3.298826,50.000000,27.752239,0.388120,0.386612,0.416092
43850.0,0.000000,-0.765424,0.000000,-0.000588,3.298442,50.000000,16.581518,0.585097,0.584231,0.434117
43860.0,0.000000,-3.287252,0.000000,0.000577,3.300743,50.000000,6.885380,0.768220,0.765283,0.443704
43870.0,0.000000,-1.025992,0.000000,-0.000351,3.301894,50.000000,11.345238,0.742873,0.742563,0.452908
43880.0,0.000000,-0.934356,0.000000,-0.000356,3.302661,50.000000,9.623095,0.808361,0.808968,0.462495
43890.0,0.000000,0.216659,0.000000,0.000567,3.302661,50.000000,11.687156,0.816618,0.818082,0.473617
43900.0,0.000000,1.394773,0.000000,-0.000922,3.301894,50.000000,10.051280,0.880192,0.880174,0.484354
43910.0,0.000000,1.234766,0.000000,-0.000342,3.300360,50.000000,6.504699,0.974641,0.974256,0.491641
43920.0,0.000000,0.803104,0.000000,0.000335,3.299209,50.000000,6.181706,1.022824,1.022346,0.497393
43930.0,0.000000,-0.405392,0.000000,-0.000919,3.298826,50.000000,5.274980,1.080895,1.083767,0.502379
43940.0,0.000000,0.022695,0.000000,0.000333,3.298826,50.000000,2.971672,1.161003,1.082535,0.505830
43950.0,0.000000,-1.015879,0.000000,0.000335,3.299209,50.000000,-8.006156,1.379407,0.861318,0.504296
43960.0,0.000000,-0.680043,0.000000,-0.000579,3.300360,50.000000,-0.404070,1.321199,0.856290,0.501612
43970.0,0.000000,0.154770,0.000000,-0.000342,3.300360,50.000000,-2.884789,1.408903,0.858159,0.499311
43980.0,0.000000,-0.023445,0.000000,0.000000,3.300360,50.000000,-4.580943,1.488843,0.862390,0.494709
43990.0,0.000000,-0.031161,0.000000,-0.000920,3.300360,50.000000,-3.604483,1.528523,0.878193,0.490874
44000.0,0.000000,0.009781,0.000000,0.000000,3.300360,50.000000,-4.423058,1.594311,0.881857,0.486272
44010.0,0.000000,1.051132,0.000000,-0.000920,3.299976,50.000000,-3.382938,1.633112,0.890468,0.482053
44020.0,0.000000,-0.249750,0.000000,0.000000,3.299976,50.000000,-3.785799,1.692810,0.898877,0.478219
44030.0,0.000000,0.022738,0.000000,0.000581,3.299976,50.000000,-3.753205,1.745409,0.904162,0.474767
44040.0,0.000000,0.021577,0.000000,-0.000581,3.299976,50.000000,-1.931784,1.770307,0.905542,0.472466
44050.0,0.000000,-0.032570,0.000000,0.000000,3.299976,50.000000,-1.509607,1.815227,0.897675,0.470932
44060.0,0.000000,-0.022247,0.000000,0.000241,3.299976,50.000000,-0.864840,1.856563,0.899993,0.469782
44070.0,0.000000,0.020519,0.000000,-0.000340,3.299976,50.000000,-0.405934,1.900182,0.903125,0.469015
44080.0,0.000000,0.027546,0.000000,0.000241,3.299976,50.000000,-0.280886,1.949069,0.905144,0.468631
44090.0,0.000000,-0.011187,0.000000,-0.000241,3.299976,50.000000,-0.236073,1.998702,0.903851,0.468248
44100.0,0.000000,-0.002349,0.000000,0.000581,3.299976,50.000000,0.205274,2.000000,0.910139,0.468248
44110.0,0.000000,-0.007131,0.000000,-0.000340,3.299976,50.000000,0.096828,2.000000,0.909769,0.468248
44120.0,0.000000,-0.011646,0.000000,0.000340,3.299976,50.000000,0.133679,2.000000,0.913088,0.468631
44130.0,0.000000,0.011395,0.000000,-0.000340,3.299976,50.000000,0.561936,2.000000,0.912730,0.469015
44140.0,0.000000,0.030233,0.000000,0.000340,3.299976,50.000000,1.014993,2.000000,0.904282,0.470165
44150.0,0.000000,0.006087,0.000000,-0.000581,3.299976,50.000000,1.876482,2.000000,0.901302,0.471699
44160.0,0.000000,-0.026844,0.000000,0.000000,3.299976,50.000000,2.031692,2.000000,0.901895,0.473617
44170.0,0.000000,-0.035273,0.000000,0.001161,3.299976,50.000000,1.794335,2.000000,0.901903,0.475534
44180.0,0.000000,-0.002538,0.000000,0.000000,3.299976,50.000000,1.562492,2.000000,0.900100,0.477068
44190.0,0.000000,0.011719,0.000000,0.000581,3.299976,50.000000,1.291420,2.000000,0.900344,0.478986
44200.0,0.000000,0.015712,0.000000,-0.000340,3.299976,50.000000,2.755535,2.000000,0.900530,0.481670
44210.0,0.000000,-0.015728,0.000000,-0.000581,3.299976,50.000000,2.738163,2.000000,0.900935,0.484354
44220.0,0.000000,-0.005411,0.000000,0.000000,3.299976,50.000000,1.547240,2.000000,0.901340,0.486655
44230.0,0.000000,0.003707,0.000000,0.000000,3.299976,50.000000,1.675715,2.000000,0.892024,0.488573
44240.0,0.000000,0.039179,0.000000,-0.000581,3.299976,50.000000,1.679359,2.000000,0.876908,0.489723
44250.0,0.000000,0.023175,0.000000,0.000581,3.299976,50.000000,-0.614714,2.000000,0.875169,0.489723
44260.0,0.000000,-0.006443,0.000000,-0.000920,3.299976,50.000000,-0.079310,2.000000,0.874032,0.489723
44270.0,0.000000,-0.024246,0.000000,0.000000,3.299976,50.000000,0.119744,2.000000,0.882537,0.489723
44280.0,0.000000,0.030584,0.000000,-0.000920,3.299976,50.000000,-1.687109,2.000000,0.881475,0.488956
44290.0,0.000000,0.009752,0.000000,-0.000340,3.299976,50.000000,-0.786815,2.000000,0.884587,0.487806
44300.0,0.000000,-0.022293,0.000000,0.000920,3.299976,50.000000,-0.918806,2.000000,0.887016,0.486655
44310.0,0.000000,-0.012569,0.000000,-0.000581,3.299976,50.000000,-0.237324,2.000000,0.891974,0.485505
44320.0,0.000000,-0.009475,0.000000,0.000000,3.299976,50.000000,-0.691992,2.000000,0.892140,0.484354
44330.0,0.000000,-0.008536,0.000000,0.000241,3.299976,50.000000,-0.672076,2.000000,0.896867,0.483971
44340.0,0.000000,-0.025995,0.000000,0.000340,3.299976,50.000000,-0.022968,2.000000,0.898764,0.483971
44350.0,0.000000,-0.026548,0.000000,0.000000,3.299976,50.000000,-0.184811,2.000000,0.885264,0.483971
44360.0,0.000000,-0.025609,0.000000,0.000000,3.299976,50.000000,-0.071264,2.000000,0.888976,0.483971
44370.0,0.000000,-0.010400,0.000000,-0.000241,3.299976,50.000000,-0.029727,2.000000,0.890158,0.483971
44380.0,0.000000,0.008995,0.000000,0.000581,3.299976,50.000000,0.015355,2.000000,0.889883,0.483971
44390.0,0.000000,0.015705,0.000000,0.000581,3.299976,50.000000,-0.489094,2.000000,0.892109,0.483204
44400.0,0.000000,-0.001798,0.000000,0.001161,3.299976,50.000000,-0.786110,2.000000,0.891763,0.482437
44410.0,0.000000,0.015825,0.000000,0.000241,3.299976,50.000000,0.060754,2.000000,0.897462,0.482053
44420.0,0.000000,0.001955,0.000000,0.000340,3.299976,50.000000,0.171302,2.000000,0.897798,0.482053
44430.0,0.000000,-0.029485,0.000000,-0.000581,3.299976,50.000000,0.049769,2.000000,0.899905,0.482053
44440.0,0.000000,-0.022195,0.000000,-0.000581,3.299976,50.000000,-0.048427,2.000000,0.901488,0.482053
44450.0,0.000000,-0.010093,0.000000,-0.000340,3.299976,50.000000,-0.187353,2.000000,0.892288,0.482053
44460.0,0.000000,0.016594,0.000000,0.000581,3.299976,50.000000,-0.183096,2.000000,0.889895,0.482053
44470.0,0.000000,0.008143,0.000000,0.000241,3.299976,50.000000,-0.084172,2.000000,0.890755,0.482053
44480.0,0.000000,0.012439,0.000000,0.000340,3.299976,50.000000,0.011235,2.000000,0.891715,0.482053
44490.0,0.000000,0.006445,0.000000,0.001161,3.299976,50.000000,0.098277,2.000000,0.894732,0.482053
44500.0,0.000000,-0.030132,0.000000,0.000000,3.299976,50.000000,0.107183,2.000000,0.895642,0.482053
44510.0,0.000000,-0.028854,0.000000,0.000340,3.299976,50.000000,0.109130,2.000000,0.895642,0.482053
44520.0,0.000000,-0.016975,0.000000,-0.000581,3.299976,50.000000,-0.925671,2.000000,0.899576,0.481670
44530.0,0.000000,-0.012389,0.000000,0.000000,3.299976,50.000000,-0.788231,2.000000,0.900475,0.481286
44540.0,0.000000,0.000052,0.000000,0.000340,3.299976,50.000000,-0.326062,2.000000,0.902874,0.480903
44550.0,0.000000,0.017955,0.000000,-0.000340,3.299976,50.000000,-0.117790,2.000000,0.894053,0.480903
44560.0,0.000000,0.005295,0.000000,-0.000581,3.299976,50.000000,-0.121168,2.000000,0.893111,0.480903
44570.0,0.000000,0.031096,0.000000,0.000000,3.299976,50.000000,0.993519,2.000000,0.894402,0.481670
44580.0,0.000000,0.018162,0.000000,0.000000,3.299976,50.000000,1.849961,2.000000,0.894430,0.483587
44590.0,0.000000,-0.023554,0.000000,0.000000,3.299976,50.000000,2.411644,2.000000,0.891925,0.485888
44600.0,0.000000,-0.025921,0.000000,0.000340,3.299976,50.000000,1.592395,2.000000,0.891201,0.488189
44610.0,0.000000,-0.010143,0.000000,0.000340,3.299976,50.000000,1.652934,2.000000,0.887398,0.490107
44620.0,0.000000,-0.008318,0.000000,-0.000920,3.299976,50.000000,1.178515,2.000000,0.886635,0.491257
44630.0,0.000000,-0.002846,0.000000,-0.000340,3.299976,50.000000,0.055089,2.000000,0.884180,0.491641
44640.0,0.000000,0.042902,0.000000,-0.000581,3.299976,50.000000,0.279613,2.000000,0.886189,0.492024
44650.0,0.000000,-0.019699,0.000000,0.000581,3.299976,50.000000,-0.277475,2.000000,0.884403,0.492024
44660.0,0.000000,-0.016013,0.000000,0.000581,3.299976,50.000000,-0.172405,2.000000,0.874791,0.492024
44670.0,0.000000,-0.001756,0.000000,0.000581,3.299976,50.000000,-0.112842,2.000000,0.876358,0.492024
44680.0,0.000000,0.005870,0.000000,0.000000,3.299976,50.000000,-0.062811,2.000000,0.877474,0.492024
44690.0,0.000000,0.008624,0.000000,-0.000581,3.299976,50.000000,-1.342195,2.000000,0.879089,0.490874
44700.0,0.000000,0.020503,0.000000,-0.000920,3.299976,50.000000,-1.914263,2.000000,0.881466,0.489340
44710.0,0.000000,0.023597,0.000000,0.000821,3.299976,50.000000,-1.326442,2.000000,0.886758,0.487422
44720.0,0.000000,0.020939,0.000000,-0.000241,3.299976,50.000000,-1.468870,2.000000,0.890649,0.485505
44730.0,0.000000,-0.033208,0.000000,0.000000,3.299976,50.000000,-2.044943,2.000000,0.893512,0.483971
44740.0,0.000000,-0.018625,0.000000,0.000920,3.299976,50.000000,-2.514305,2.000000,0.897175,0.482053
44750.0,0.000000,0.033811,0.000000,-0.000581,3.299976,50.000000,-1.261338,2.000000,0.902197,0.480136
44760.0,0.000000,0.039888,0.000000,-0.000920,3.299976,50.000000,-0.923854,2.000000,0.899427,0.478986
44770.0,0.000000,0.001782,0.000000,0.000000,3.299976,50.000000,-0.469664,2.000000,0.889418,0.478219
44780.0,0.000000,-0.003304,0.000000,-0.000340,3.299976,50.000000,-1.005467,2.000000,0.897646,0.477835
44790.0,0.000000,-0.017174,0.000000,-0.000241,3.299976,50.000000,0.297562,2.000000,0.899476,0.477835
44800.0,0.000000,-0.035619,0.000000,0.000000,3.299976,50.000000,0.714947,2.000000,0.898828,0.478602
44810.0,0.000000,-0.027387,0.000000,-0.000581,3.299976,50.000000,1.074047,2.000000,0.900054,0.479753
44820.0,0.000000,-0.027939,0.000000,-0.000581,3.299976,50.000000,1.631399,2.000000,0.903755,0.480903
44830.0,0.000000,-0.018216,0.000000,0.000000,3.299976,50.000000,1.430636,2.000000,0.900574,0.482437
44840.0,0.000000,0.003939,0.000000,-0.000340,3.299976,50.000000,1.049284,2.000000,0.900304,0.483971
44850.0,0.000000,0.015818,0.000000,0.000340,3.299976,50.000000,0.279607,2.000000,0.899595,0.485121
44860.0,0.000000,0.014040,0.000000,0.000581,3.299976,50.000000,0.884307,2.000000,0.892565,0.486655
44870.0,0.000000,-0.034969,0.000000,-0.000581,3.299976,50.000000,0.855617,2.000000,0.884336,0.488189
44880.0,0.000000,-0.008871,0.000000,-0.001501,3.299976,50.000000,1.175430,2.000000,0.882787,0.488956
44890.0,0.000000,-0.034286,0.000000,0.000000,3.299976,50.000000,0.487187,2.000000,0.884333,0.489723
44900.0,0.000000,-0.013673,0.000000,0.000581,3.299976,50.000000,-0.148535,2.000000,0.882674,0.490107
44910.0,0.000000,0.018153,0.000000,-0.000920,3.299976,50.000000,0.114432,2.000000,0.884280,0.490107
44920.0,0.000000,0.003388,0.000000,0.000340,3.299976,50.000000,0.152297,2.000000,0.886028,0.490107
44930.0,0.000000,-0.028052,0.000000,0.000340,3.299976,50.000000,0.094162,2.000000,0.884894,0.490107
44940.0,0.000000,-0.001695,0.000000,0.000000,3.299976,50.000000,0.140922,2.000000,0.886689,0.490107
44950.0,0.000000,0.020461,0.000000,-0.001260,3.299976,50.000000,0.048900,2.000000,0.890752,0.490107
44960.0,0.000000,-0.029154,0.000000,0.000920,3.299976,50.000000,-1.605170,2.000000,0.894069,0.488956
44970.0,0.000000,-0.015480,0.000000,-0.000581,3.299976,50.000000,-1.528150,2.000000,0.890897,0.487806
44980.0,0.000000,0.007561,0.000000,0.000920,3.299976,50.000000,-1.171159,2.000000,0.883788,0.486272
44990.0,0.000000,0.040935,0.000000,0.000000,3.299976,50.000000,-0.815649,2.000000,0.886278,0.485121
45000.0,0.000000,-0.011094,0.000000,0.000581,3.299976,50.000000,-0.956878,2.000000,0.891065,0.483971
45010.0,0.000000,-0.038887,0.000000,0.001742,3.299976,50.000000,-0.985437,2.000000,0.893361,0.482820
45020.0,0.000000,-0.011556,0.000000,0.000581,3.299976,50.000000,0.127323,2.000000,0.896801,0.481670
45030.0,0.000000,0.000322,0.000000,-0.000581,3.299976,50.000000,-0.664752,2.000000,0.901349,0.481286
45040.0,0.000000,-0.036867,0.000000,0.000581,3.299976,50.000000,0.338335,2.000000,0.901349,0.481286
45050.0,0.000000,0.007397,0.000000,-0.000581,3.299976,50.000000,0.004294,2.000000,0.902880,0.481286
45060.0,0.000000,0.009841,0.000000,-0.000920,3.299976,50.000000,-0.051782,2.000000,0.903791,0.481286
45070.0,0.000000,-0.008281,0.000000,0.000000,3.299976,50.000000,-0.198881,2.000000,0.904119,0.481286
45080.0,0.000000,-0.017625,0.000000,0.000920,3.299976,50.000000,-0.354602,2.000000,0.893992,0.480903
45090.0,0.000000,0.005416,0.000000,0.000340,3.299976,50.000000,-0.085081,2.000000,0.893111,0.480903
45100.0,0.000000,0.005750,0.000000,-0.000581,3.299976,50.000000,-0.018478,2.000000,0.895522,0.480903
45110.0,0.000000,0.030283,0.000000,0.000340,3.299976,50.000000,0.065781,2.000000,0.898286,0.480903
45120.0,0.000000,-0.009654,0.000000,-0.001161,3.299976,50.000000,0.077760,2.000000,0.899168,0.480903
45130.0,0.000000,-0.007180,0.000000,0.000000,3.299976,50.000000,0.152005,2.000000,0.899816,0.480903
45140.0,0.000000,0.003430,0.000000,-0.000340,3.299976,50.000000,0.139266,2.000000,0.901608,0.480903
45150.0,0.000000,0.011057,0.000000,0.000340,3.299976,50.000000,0.029889,2.000000,0.903462,0.480903
45160.0,0.000000,0.028960,0.000000,0.000581,3.299976,50.000000,-0.061218,2.000000,0.903462,0.480903
45170.0,0.000000,0.033249,0.000000,-0.000340,3.299976,50.000000,1.165807,2.000000,0.899952,0.481670
45180.0,0.000000,0.011797,0.000000,-0.000581,3.299976,50.000000,0.913855,2.000000,0.895970,0.482437
45190.0,0.000000,-0.012350,0.000000,0.000340,3.299976,50.000000,0.721074,2.000000,0.893800,0.483587
45200.0,0.000000,-0.022573,0.000000,-0.000581,3.299976,50.000000,0.244532,2.000000,0.891416,0.484354
45210.0,0.000000,-0.046719,0.000000,-0.000241,3.299976,50.000000,1.284405,2.000000,0.892350,0.485121
45220.0,0.000000,0.011131,0.000000,-0.000340,3.299976,50.000000,-0.180256,2.000000,0.892885,0.485121
45230.0,0.000000,0.025704,0.000000,-0.000581,3.299976,50.000000,0.250432,2.000000,0.894799,0.485121
45240.0,0.000000,-0.001203,0.000000,0.000241,3.299976,50.000000,0.096457,2.000000,0.896507,0.485121
45250.0,0.000000,-0.020817,0.000000,0.000000,3.299976,50.000000,0.065948,2.000000,0.898154,0.485121
45260.0,0.000000,-0.013514,0.000000,0.000000,3.299976,50.000000,-0.126083,2.000000,0.895972,0.485121
45270.0,0.000000,0.005881,0.000000,-0.001161,3.299976,50.000000,-1.229329,2.000000,0.892605,0.484738
45280.0,0.000000,0.018646,0.000000,-0.000581,3.299976,50.000000,-0.542126,2.000000,0.887353,0.483971
45290.0,0.000000,0.017184,0.000000,0.000581,3.299976,50.000000,-0.263205,2.000000,0.893800,0.483587
45300.0,0.000000,0.003328,0.000000,-0.000581,3.299976,50.000000,-1.007832,2.000000,0.892952,0.482820
45310.0,0.000000,-0.010542,0.000000,-0.000581,3.299976,50.000000,-0.324319,2.000000,0.899618,0.482053
45320.0,0.000000,-0.012923,0.000000,-0.000340,3.299976,50.000000,-1.193872,2.000000,0.897021,0.480903
45330.0,0.000000,0.050106,0.000000,-0.000920,3.299976,50.000000,-1.419774,2.000000,0.899753,0.479753
45340.0,0.000000,0.016532,0.000000,-0.000581,3.299976,50.000000,-0.698486,2.000000,0.903999,0.478986
45350.0,0.000000,0.025650,0.000000,-0.000679,3.299976,50.000000,-0.120843,2.000000,0.904644,0.478219
45360.0,0.000000,-0.028497,0.000000,0.000000,3.299976,50.000000,0.248847,2.000000,0.907373,0.478219
45370.0,0.000000,-0.042373,0.000000,0.000581,3.299976,50.000000,-0.258795,2.000000,0.902194,0.478219
45380.0,0.000000,-0.003881,0.000000,0.000000,3.299976,50.000000,-1.371719,2.000000,0.897705,0.477068
45390.0,0.000000,0.014022,0.000000,0.000000,3.299976,50.000000,-1.010442,2.000000,0.900867,0.475918
45400.0,0.000000,0.030433,0.000000,0.000241,3.299976,50.000000,-0.227311,2.000000,0.903419,0.475151
45410.0,0.000000,0.025938,0.000000,0.000581,3.299976,50.000000,-0.276657,2.000000,0.906843,0.474767
45420.0,0.000000,0.007203,0.000000,-0.000581,3.299976,50.000000,0.238752,2.000000,0.907250,0.474767
45430.0,0.000000,-0.030867,0.000000,0.000000,3.299976,50.000000,0.114213,2.000000,0.908349,0.474767
45440.0,0.000000,-0.009604,0.000000,0.000000,3.299976,50.000000,0.105961,2.000000,0.909343,0.474767
45450.0,0.000000,-0.015295,0.000000,0.000340,3.299976,50.000000,0.023739,2.000000,0.910774,0.474767
45460.0,0.000000,-0.003416,0.000000,-0.001161,3.299976,50.000000,-0.148742,2.000000,0.913274,0.474767
45470.0,0.000000,-0.021538,0.000000,-0.000241,3.299976,50.000000,-0.166126,2.000000,0.901331,0.474767
45480.0,0.000000,-0.030876,0.000000,-0.000920,3.299976,50.000000,0.565642,2.000000,0.902240,0.475151
45490.0,0.000000,-0.009030,0.000000,-0.000340,3.299976,50.000000,1.296986,2.000000,0.904765,0.476301
45500.0,0.000000,0.030089,0.000000,-0.001161,3.299976,50.000000,0.500295,2.000000,0.901687,0.477068
45510.0,0.000000,0.032577,0.000000,0.000581,3.299976,50.000000,1.915310,2.000000,0.903390,0.478602
45520.0,0.000000,0.009336,0.000000,0.000000,3.299976,50.000000,0.501173,2.000000,0.902169,0.479369
45530.0,0.000000,-0.017251,0.000000,-0.000581,3.299976,50.000000,1.365648,2.000000,0.903141,0.480520
45540.0,0.000000,-0.014157,0.000000,0.000000,3.299976,50.000000,-0.171612,2.000000,0.904325,0.480520
45550.0,0.000000,-0.018356,0.000000,0.000000,3.299976,50.000000,-0.030518,2.000000,0.905609,0.480903
45560.0,0.000000,-0.022556,0.000000,0.000000,3.299976,50.000000,-0.200704,2.000000,0.903755,0.480903
45570.0,0.000000,-0.000407,0.000000,0.000581,3.299976,50.000000,-0.175456,2.000000,0.894934,0.480903
45580.0,0.000000,0.012364,0.000000,-0.000581,3.299976,50.000000,-0.114088,2.000000,0.894286,0.480903
45590.0,0.000000,0.032421,0.000000,0.000000,3.299976,50.000000,1.097852,2.000000,0.897177,0.481670
45600.0,0.000000,-0.023217,0.000000,-0.000920,3.299976,50.000000,1.890523,2.000000,0.897278,0.482820
45610.0,0.000000,-0.021073,0.000000,0.000581,3.299976,50.000000,0.923051,2.000000,0.896950,0.483971
45620.0,0.000000,0.010753,0.000000,-0.000581,3.299976,50.000000,0.152760,2.000000,0.896878,0.485121
45630.0,0.000000,0.032302,0.000000,0.000000,3.299976,50.000000,-0.133977,2.000000,0.894799,0.485121
45640.0,0.000000,-0.004905,0.000000,0.000000,3.299976,50.000000,0.132859,2.000000,0.898051,0.485121
45650.0,0.000000,-0.021166,0.000000,0.000000,3.299976,50.000000,-0.106928,2.000000,0.898792,0.485121
45660.0,0.000000,-0.004458,0.000000,0.000340,3.299976,50.000000,0.795927,2.000000,0.901086,0.485888
45670.0,0.000000,0.029176,0.000000,-0.000581,3.299976,50.000000,0.753137,2.000000,0.885978,0.486272
45680.0,0.000000,0.011054,0.000000,0.000920,3.299976,50.000000,-0.356195,2.000000,0.887924,0.486272
45690.0,0.000000,0.018623,0.000000,0.000000,3.299976,50.000000,-0.054473,2.000000,0.889594,0.486272
45700.0,0.000000,0.018070,0.000000,-0.000340,3.299976,50.000000,0.038130,2.000000,0.891018,0.486272
45710.0,0.000000,0.012379,0.000000,-0.001501,3.299976,50.000000,0.065533,2.000000,0.891785,0.486272
45720.0,0.000000,-0.017568,0.000000,-0.000340,3.299976,50.000000,0.138144,2.000000,0.893470,0.486272
45730.0,0.000000,0.005473,0.000000,0.000821,3.299976,50.000000,0.144478,2.000000,0.894496,0.486272
45740.0,0.000000,0.008544,0.000000,0.000000,3.299976,50.000000,0.083947,2.000000,0.900700,0.486272
45750.0,0.000000,-0.024387,0.000000,0.000000,3.299976,50.000000,-0.045443,2.000000,0.899398,0.486272
45760.0,0.000000,-0.026445,0.000000,0.000000,3.299976,50.000000,-0.253591,2.000000,0.897208,0.486272
45770.0,0.000000,-0.010060,0.000000,-0.000340,3.299976,50.000000,-0.339037,2.000000,0.876174,0.486272
45780.0,0.000000,0.016927,0.000000,-0.001161,3.299976,50.000000,0.001301,2.000000,0.887786,0.486272
45790.0,0.000000,-0.006333,0.000000,0.000000,3.299976,50.000000,1.374686,2.000000,0.892068,0.487039
45800.0,0.000000,0.007037,0.000000,0.000000,3.299976,50.000000,1.281426,2.000000,0.889494,0.487806
45810.0,0.000000,-0.007438,0.000000,0.000000,3.299976,50.000000,1.349187,2.000000,0.888915,0.488573
45820.0,0.000000,-0.051251,0.000000,0.000581,3.299976,50.000000,-0.299244,2.000000,0.892270,0.488956
45830.0,0.000000,0.037795,0.000000,-0.000920,3.299976,50.000000,0.345575,2.000000,0.889731,0.489340
45840.0,0.000000,0.004221,0.000000,0.000000,3.299976,50.000000,0.061257,2.000000,0.890564,0.489340
45850.0,0.000000,0.003669,0.000000,0.000000,3.299976,50.000000,0.023336,2.000000,0.891288,0.489340
45860.0,0.000000,0.034609,0.000000,-0.000340,3.299976,50.000000,-0.127432,2.000000,0.891880,0.489340
45870.0,0.000000,0.028918,0.000000,0.000000,3.299976,50.000000,-0.147880,2.000000,0.889490,0.489340
45880.0,0.000000,0.014758,0.000000,0.000000,3.299976,50.000000,-0.150189,2.000000,0.880984,0.489340
45890.0,0.000000,-0.031497,0.000000,-0.000581,3.299976,50.000000,-0.085905,2.000000,0.883680,0.489340
45900.0,0.000000,-0.006018,0.000000,0.000000,3.299976,50.000000,-0.026649,2.000000,0.887035,0.489340
45910.0,0.000000,0.002184,0.000000,-0.000340,3.299976,50.000000,0.012359,2.000000,0.887517,0.489340
45920.0,0.000000,0.015554,0.000000,-0.000679,3.299976,50.000000,0.074257,2.000000,0.887692,0.489340
45930.0,0.000000,0.018648,0.000000,0.000000,3.299976,50.000000,0.094004,2.000000,0.889073,0.489340
45940.0,0.000000,0.024163,0.000000,0.000340,3.299976,50.000000,0.212567,2.000000,0.888767,0.489340
45950.0,0.000000,-0.002138,0.000000,-0.000581,3.299976,50.000000,0.097058,2.000000,0.890630,0.489340
45960.0,0.000000,-0.017500,0.000000,0.000000,3.299976,50.000000,-0.016262,2.000000,0.891047,0.489340
45970.0,0.000000,-0.039548,0.000000,0.000000,3.299976,50.000000,-0.022608,2.000000,0.893502,0.489340
45980.0,0.000000,-0.004039,0.000000,-0.000581,3.299976,50.000000,-0.219423,2.000000,0.887451,0.489340
45990.0,0.000000,0.005079,0.000000,-0.000581,3.299976,50.000000,-0.140622,2.000000,0.883022,0.489340
46000.0,0.000000,0.036905,0.000000,0.000581,3.299976,50.000000,-0.092484,2.000000,0.884755,0.489340
46010.0,0.000000,0.052393,0.000000,0.000581,3.299976,50.000000,0.042071,2.000000,0.886377,0.489340
46020.0,0.000000,-0.025018,0.000000,0.000000,3.299976,50.000000,0.050242,2.000000,0.886552,0.489340
46030.0,0.000000,0.001054,0.000000,0.001161,3.299976,50.000000,2.743260,2.000000,0.887790,0.490874
46040.0,0.000000,0.033203,0.000000,0.001501,3.299976,50.000000,-0.282901,2.000000,0.887974,0.491641
46050.0,0.000000,0.036000,0.000000,0.000000,3.299976,50.000000,1.571845,2.000000,0.887985,0.492408
46060.0,0.000000,-0.006315,0.000000,-0.000920,3.299976,50.000000,0.883764,2.000000,0.884653,0.493175
46070.0,0.000000,-0.029856,0.000000,0.000241,3.299976,50.000000,1.021326,2.000000,0.885638,0.494325
46080.0,0.000000,-0.034038,0.000000,-0.000340,3.299976,50.000000,-0.348351,2.000000,0.885761,0.495092
46090.0,0.000000,-0.021273,0.000000,0.000000,3.299976,50.000000,-0.494459,2.000000,0.879962,0.495476
46100.0,0.000000,0.031769,0.000000,0.000000,3.299976,50.000000,0.819390,2.000000,0.870212,0.495859
46110.0,0.000000,0.002151,0.000000,0.000581,3.299976,50.000000,-0.344260,2.000000,0.871499,0.495859
46120.0,0.000000,0.027953,0.000000,0.000000,3.299976,50.000000,-0.019092,2.000000,0.871786,0.495859
46130.0,0.000000,0.023754,0.000000,-0.000340,3.299976,50.000000,0.000019,2.000000,0.872586,0.495859
46140.0,0.000000,-0.022214,0.000000,-0.000340,3.299976,50.000000,0.037010,2.000000,0.872673,0.495859
46150.0,0.000000,-0.008844,0.000000,0.000920,3.299976,50.000000,0.102285,2.000000,0.876502,0.496243
46160.0,0.000000,-0.004258,0.000000,0.000581,3.299976,50.000000,0.293486,2.000000,0.876796,0.496626
46170.0,0.000000,0.000327,0.000000,-0.000340,3.299976,50.000000,0.836516,2.000000,0.876036,0.497393
46180.0,0.000000,-0.017795,0.000000,-0.000241,3.299976,50.000000,-0.221734,2.000000,0.875342,0.497393
46190.0,0.000000,0.018283,0.000000,0.000241,3.299976,50.000000,0.136935,2.000000,0.876540,0.497393
46200.0,0.000000,0.021377,0.000000,0.000581,3.299976,50.000000,-0.045865,2.000000,0.878497,0.497393
46210.0,0.000000,0.020825,0.000000,0.000000,3.299976,50.000000,-0.055958,2.000000,0.877423,0.497393
46220.0,0.000000,0.029057,0.000000,-0.000581,3.299976,50.000000,-0.207604,2.000000,0.876540,0.497393
46230.0,0.000000,0.001277,0.000000,0.000000,3.299976,50.000000,-0.188132,2.000000,0.865305,0.497393
46240.0,0.000000,-0.021377,0.000000,-0.000920,3.299976,50.000000,-0.136599,2.000000,0.868271,0.497393
46250.0,0.000000,-0.030728,0.000000,0.000241,3.299976,50.000000,-0.092575,2.000000,0.869345,0.497393
46260.0,0.000000,0.001703,0.000000,-0.000340,3.299976,50.000000,-0.036630,2.000000,0.868965,0.497393
46270.0,0.000000,0.023252,0.000000,0.000581,3.299976,50.000000,-0.063164,2.000000,0.867453,0.497393
46280.0,0.000000,-0.016972,0.000000,-0.000581,3.299976,50.000000,0.097726,2.000000,0.867387,0.497393
46290.0,0.000000,-0.022057,0.000000,0.000000,3.299976,50.000000,-0.939265,2.000000,0.870988,0.497010
46300.0,0.000000,-0.013838,0.000000,0.000000,3.299976,50.000000,0.403467,2.000000,0.874834,0.497010
46310.0,0.000000,-0.042237,0.000000,-0.000340,3.299976,50.000000,-1.013771,2.000000,0.874034,0.496626
46320.0,0.000000,0.020455,0.000000,-0.000581,3.299976,50.000000,0.449117,2.000000,0.877486,0.496626
46330.0,0.000000,0.030193,0.000000,-0.000340,3.299976,50.000000,-0.613245,2.000000,0.876897,0.496243
46340.0,0.000000,-0.018443,0.000000,0.001161,3.299976,50.000000,-0.846876,2.000000,0.878482,0.495859
46350.0,0.000000,-0.037471,0.000000,-0.000241,3.299976,50.000000,-1.025235,2.000000,0.879198,0.495092
46360.0,0.000000,-0.020194,0.000000,0.000821,3.299976,50.000000,-0.538733,2.000000,0.885428,0.494325
46370.0,0.000000,-0.002291,0.000000,0.000581,3.299976,50.000000,-0.462521,2.000000,0.880462,0.493942
46380.0,0.000000,-0.008588,0.000000,0.000000,3.299976,50.000000,-0.270906,2.000000,0.875495,0.493558
46390.0,0.000000,0.020830,0.000000,0.000000,3.299976,50.000000,-0.106632,2.000000,0.875924,0.493558
46400.0,0.000000,0.025416,0.000000,0.000000,3.299976,50.000000,-0.020791,2.000000,0.878417,0.493558
46410.0,0.000000,0.019725,0.000000,0.000581,3.299976,50.000000,0.034068,2.000000,0.879952,0.493558
46420.0,0.000000,0.011886,0.000000,-0.000340,3.299976,50.000000,0.072868,2.000000,0.881092,0.493558
46430.0,0.000000,-0.024692,0.000000,0.000581,3.299976,50.000000,0.648717,2.000000,0.879147,0.494325
46440.0,0.000000,-0.023419,0.000000,-0.000920,3.299976,50.000000,0.799649,2.000000,0.881659,0.494709
46450.0,0.000000,-0.006445,0.000000,0.000000,3.299976,50.000000,-0.339443,2.000000,0.882230,0.495859
46460.0,0.000000,0.029913,0.000000,-0.000340,3.299976,50.000000,-0.242239,2.000000,0.881424,0.496243
46470.0,0.000000,0.023637,0.000000,0.000000,3.299976,50.000000,-0.354376,2.000000,0.880833,0.496626
46480.0,0.000000,0.008548,0.000000,0.000000,3.299976,50.000000,-0.264850,2.000000,0.876525,0.497010
46490.0,0.000000,0.003463,0.000000,-0.000340,3.299976,50.000000,-0.137565,2.000000,0.867835,0.497010
46500.0,0.000000,-0.018845,0.000000,-0.000581,3.299976,50.000000,-0.127245,2.000000,0.869526,0.497010
46510.0,0.000000,-0.013956,0.000000,0.000340,3.299976,50.000000,-0.082222,2.000000,0.870104,0.497010
46520.0,0.000000,0.005439,0.000000,0.000000,3.299976,50.000000,-0.016885,2.000000,0.870603,0.497010
46530.0,0.000000,0.019695,0.000000,0.000581,3.299976,50.000000,-1.039430,2.000000,0.871183,0.496626
46540.0,0.000000,0.013102,0.000000,-0.000581,3.299976,50.000000,0.360778,2.000000,0.874140,0.496626
46550.0,0.000000,-0.014691,0.000000,0.000581,3.299976,50.000000,0.061878,2.000000,0.874725,0.496626
46560.0,0.000000,-0.027069,0.000000,0.000000,3.299976,50.000000,-1.348667,2.000000,0.877795,0.495859
46570.0,0.000000,-0.023073,0.000000,-0.001161,3.299976,50.000000,-1.152387,2.000000,0.880027,0.494709
46580.0,0.000000,0.036240,0.000000,0.001161,3.299976,50.000000,-1.522931,2.000000,0.883122,0.493558
46590.0,0.000000,0.034185,0.000000,-0.000340,3.299976,50.000000,-1.061855,2.000000,0.888424,0.492791
46600.0,0.000000,0.003941,0.000000,0.000000,3.299976,50.000000,-0.564246,2.000000,0.888435,0.492408
46610.0,0.000000,-0.015067,0.000000,-0.000581,3.299976,50.000000,0.046112,2.000000,0.877028,0.492408
46620.0,0.000000,-0.026845,0.000000,0.000581,3.299976,50.000000,-0.161396,2.000000,0.878378,0.492408
46630.0,0.000000,-0.003804,0.000000,0.000581,3.299976,50.000000,-0.044418,2.000000,0.881730,0.492408
46640.0,0.000000,0.024129,0.000000,0.001161,3.299976,50.000000,0.990392,2.000000,0.880410,0.493175
46650.0,0.000000,0.002446,0.000000,0.000000,3.299976,50.000000,-0.260409,2.000000,0.883770,0.493942
46660.0,0.000000,-0.036566,0.000000,0.000581,3.299976,50.000000,1.182590,2.000000,0.914900,0.494325
46670.0,0.000000,-0.016529,0.000000,0.000000,3.299976,50.000000,4.408110,2.000000,0.991684,0.496626
46680.0,0.000000,-0.013435,0.000000,-0.000340,3.299976,50.000000,0.198172,2.000000,1.003719,0.497777
46690.0,0.000000,0.008720,0.000000,0.000000,3.299976,50.000000,-0.101126,2.000000,1.000635,0.498160
46700.0,0.000000,0.027229,0.000000,0.001161,3.299976,50.000000,1.377741,2.000000,0.998845,0.498927
46710.0,0.000000,0.025184,0.000000,0.000340,3.299976,50.000000,-0.406441,2.000000,0.988284,0.499694
46720.0,0.000000,0.001008,0.000000,0.000000,3.299976,50.000000,0.750224,2.000000,0.985476,0.500461
46730.0,0.000000,-0.030431,0.000000,0.000340,3.299976,50.000000,0.383305,2.000000,0.986392,0.500845
46740.0,0.000000,-0.032199,0.000000,0.000000,3.299976,50.000000,0.919773,2.000000,0.981672,0.501612
46750.0,0.000000,0.035652,0.000000,0.000000,3.299976,50.000000,-0.164574,2.000000,0.983807,0.501612
46760.0,0.000000,0.026031,0.000000,-0.000581,3.299976,50.000000,0.151213,2.000000,0.984845,0.501612
46770.0,0.000000,0.020341,0.000000,0.000000,3.299976,50.000000,0.169421,2.000000,0.986981,0.501612
46780.0,0.000000,0.015269,0.000000,-0.000581,3.299976,50.000000,-0.105823,2.000000,0.980960,0.501612
46790.0,0.000000,-0.033077,0.000000,-0.000821,3.299976,50.000000,0.024572,2.000000,0.992779,0.501612
46800.0,0.000000,0.024464,0.000000,0.000340,3.299976,50.000000,2.941753,2.000000,0.984790,0.503913
46810.0,0.000000,-0.002430,0.000000,0.000000,3.299976,50.000000,6.629083,1.989544,0.967699,0.509282
46820.0,0.000000,-0.008121,0.000000,0.000000,3.299976,50.000000,17.491354,1.864117,0.950154,0.524621
46830.0,0.000000,0.022819,0.000000,0.000000,3.299976,50.000000,33.463596,1.646650,0.905647,0.554534
46840.0,0.000000,-0.028853,0.000000,-0.000340,3.299976,50.000000,114.969414,0.415118,0.563250,0.635835
46850.0,0.000000,-4.759756,0.000000,0.000000,3.304195,50.000000,135.914902,0.007350,0.003886,0.784631
46860.0,0.000000,2.420533,0.000000,0.000561,3.303811,50.000000,133.260818,-0.034298,-0.032005,0.924223
46870.0,0.000000,2.508409,0.000000,-0.000232,3.300743,50.000000,126.081116,-0.005633,-0.004044,1.058447
46880.0,0.000000,-0.676497,0.000000,0.000000,3.300743,50.000000,123.662209,-0.043901,-0.044915,1.189219
46890.0,0.000000,1.909583,0.000000,-0.000581,3.299976,50.000000,115.149170,0.015412,0.014559,1.312321
46900.0,0.000000,-0.569097,0.000000,0.000582,3.299593,50.000000,108.630875,0.049327,0.047597,1.430437
46910.0,0.000000,0.091874,0.000000,0.000000,3.299593,50.000000,109.821449,-0.027416,-0.028662,1.546253
46920.0,0.000000,0.006518,0.000000,0.000000,3.299976,50.000000,106.057388,-0.030879,-0.031789,1.660534
46930.0,0.000000,-0.828768,0.000000,0.000342,3.300360,50.000000,97.242775,0.050822,0.051871,1.764461
46940.0,0.000000,-0.273384,0.000000,0.000000,3.300743,50.000000,97.715683,-0.004091,-0.004005,1.867622
46950.0,0.000000,0.049410,0.000000,0.000000,3.300743,50.000000,92.576653,0.028404,0.027535,1.966180
46960.0,0.000000,-0.035943,0.000000,0.000000,3.300743,50.000000,94.482185,-0.044226,-0.043339,2.066272
46970.0,0.000000,-0.023029,0.000000,-0.000921,3.300743,50.000000,90.079567,-0.020709,-0.021802,2.162146
46980.0,0.000000,0.905979,0.000000,0.000000,3.300360,50.000000,86.358017,-0.003245,-0.004151,2.253801
46990.0,0.000000,-0.126972,0.000000,-0.000342,3.300360,50.000000,83.404160,0.008513,0.008971,2.340855
47000.0,0.000000,0.037829,0.000000,0.000000,3.300360,50.000000,79.468697,0.034344,0.033818,2.426758
47010.0,0.000000,0.038492,0.000000,0.000342,3.300360,50.000000,80.651672,-0.012473,-0.012770,2.510743
47020.0,0.000000,0.004067,0.000000,0.000342,3.300360,50.000000,77.499329,0.005641,0.005806,2.593194
47030.0,0.000000,-0.018534,0.000000,0.000000,3.300360,50.000000,77.001129,-0.014521,-0.015542,2.674496
47040.0,0.000000,-0.033015,0.000000,0.000579,3.300360,50.000000,71.295303,0.046659,0.046195,2.750428
47050.0,0.000000,0.010376,0.000000,0.000000,3.300360,50.000000,70.209763,0.042592,0.042025,2.825209
47060.0,0.000000,0.026100,0.000000,-0.000579,3.300360,50.000000,72.281654,-0.011235,-0.013026,2.901525
47070.0,0.000000,0.008654,0.000000,0.000237,3.300360,50.000000,67.580971,0.039991,0.039945,2.973238
47080.0,0.000000,-0.022579,0.000000,-0.000579,3.300360,50.000000,70.205421,-0.018444,-0.018099,3.047253
47090.0,0.000000,-0.021540,0.000000,0.000000,3.300360,50.000000,67.052773,0.009590,0.008230,3.118200
47100.0,0.000000,-0.014637,0.000000,-0.000579,3.300360,50.000000,68.439583,-0.028602,-0.026889,3.190297
47110.0,0.000000,0.006878,0.000000,-0.001157,3.300360,50.000000,64.421936,0.015564,0.015221,3.258175
47120.0,0.000000,0.020628,0.000000,-0.001499,3.300360,50.000000,62.790359,0.027084,0.026489,3.324520
47130.0,0.000000,0.000576,0.000000,0.000000,3.300360,50.000000,63.926472,-0.003434,-0.001593,3.391632
47140.0,0.000000,-0.008732,0.000000,0.000000,3.300360,50.000000,60.477867,0.035450,0.033515,3.456059
47150.0,0.000000,-0.004111,0.000000,-0.000342,3.300360,50.000000,60.183769,0.031154,0.031431,3.518185
47160.0,0.000000,0.002102,0.000000,-0.000342,3.300360,50.000000,58.865833,0.040736,0.039213,3.580695
47170.0,0.000000,0.001550,0.000000,-0.000579,3.300360,50.000000,62.014748,-0.016801,-0.015485,3.645122
47180.0,0.000000,0.000997,0.000000,-0.000237,3.300360,50.000000,59.870937,0.004292,0.003999,3.708782
47190.0,0.000000,0.010792,0.000000,0.000000,3.300360,50.000000,59.806564,-0.005075,-0.005792,3.772059
47200.0,0.000000,-0.010853,0.000000,0.000000,3.300360,50.000000,56.733746,0.033096,0.032353,3.831884
47210.0,0.000000,0.002524,0.000000,0.000579,3.300360,50.000000,58.127014,0.005182,0.006042,3.892476
47220.0,0.000000,-0.011957,0.000000,0.000000,3.300360,50.000000,57.709782,0.002732,0.001698,3.953068
47230.0,0.000000,-0.021265,0.000000,0.000000,3.300360,50.000000,52.458317,0.077508,0.078069,4.008676
47240.0,0.000000,-0.020225,0.000000,-0.000579,3.300360,50.000000,55.831253,0.021968,0.021638,4.066967
47250.0,0.000000,-0.006849,0.000000,0.000579,3.300360,50.000000,55.704407,0.018319,0.018583,4.125258
47260.0,0.000000,-0.036250,0.000000,0.000000,3.300360,50.000000,57.743942,-0.019359,-0.018593,4.185850
47270.0,0.000000,0.016704,0.000000,-0.000342,3.300360,50.000000,53.246464,0.044118,0.045190,4.241074
47280.0,0.000000,0.024547,0.000000,0.000579,3.300360,50.000000,54.949463,0.014428,0.013877,4.298214
47290.0,0.000000,0.020413,0.000000,-0.000579,3.300360,50.000000,46.450005,0.143505,0.144310,4.347301
47300.0,0.000000,0.025034,0.000000,0.000000,3.300360,50.000000,53.755779,0.032682,0.032353,4.402525
47310.0,0.000000,0.010553,0.000000,0.000000,3.300360,50.000000,52.615391,0.045246,0.042069,4.458515
47320.0,0.000000,0.010001,0.000000,0.000000,3.300360,50.000000,46.988525,0.132816,0.132927,4.507219
47330.0,0.000000,0.026958,0.000000,-0.000579,3.300360,50.000000,49.497181,0.094277,0.092768,4.560142
47340.0,0.000000,0.022824,0.000000,-0.000342,3.300360,50.000000,55.138054,0.009819,0.012792,4.614981
47350.0,0.000000,0.017099,0.000000,0.000000,3.300360,50.000000,49.451424,0.093569,0.092602,4.667520
47360.0,0.000000,-0.018474,0.000000,-0.000684,3.300360,50.000000,53.770340,0.024317,0.023411,4.724661
47370.0,0.000000,-0.024200,0.000000,-0.000579,3.300360,50.000000,56.103848,-0.012403,-0.009803,4.781035
47380.0,0.000000,-0.038479,0.000000,-0.000920,3.300360,50.000000,50.935890,0.059277,0.061176,4.836642
47390.0,0.000000,0.049904,0.000000,0.000000,3.300360,50.000000,52.253231,0.038996,0.037637,4.891098
47400.0,0.000000,-0.004140,0.000000,0.000000,3.300360,50.000000,53.697788,0.013904,0.013516,4.947088
47410.0,0.000000,-0.018687,0.000000,-0.000579,3.300360,50.000000,50.550926,0.058310,0.059043,5.001161
47420.0,0.000000,-0.012882,0.000000,0.000579,3.300360,50.000000,47.428795,0.107788,0.110180,5.050249
47430.0,0.000000,0.005667,0.000000,0.000000,3.300360,50.000000,48.636906,0.090271,0.089555,5.102404
47440.0,0.000000,-0.031497,0.000000,-0.000237,3.300360,50.000000,51.848301,0.040811,0.041164,5.156860
47450.0,0.000000,-0.004758,0.000000,0.000579,3.300360,50.000000,54.873055,-0.008565,-0.007927,5.213617
47460.0,0.000000,0.009991,0.000000,0.000000,3.300360,50.000000,50.489941,0.056454,0.055742,5.266540
47470.0,0.000000,0.010414,0.000000,-0.000342,3.300360,50.000000,47.609337,0.098104,0.096714,5.318312
47480.0,0.000000,0.036227,0.000000,-0.000342,3.300360,50.000000,45.870380,0.130340,0.130376,5.365098
47490.0,0.000000,0.028309,0.000000,0.000579,3.300360,50.000000,51.229946,0.050224,0.049637,5.417637
47500.0,0.000000,-0.037688,0.000000,-0.000342,3.300360,50.000000,51.116665,0.050709,0.050770,5.472093
47510.0,0.000000,0.026831,0.000000,0.000342,3.300360,50.000000,50.521290,0.058116,0.057118,5.524632
47520.0,0.000000,0.015705,0.000000,-0.000579,3.300360,50.000000,50.114094,0.065691,0.066606,5.576404
47530.0,0.000000,0.006398,0.000000,0.000579,3.300360,50.000000,51.150517,0.049691,0.049525,5.628942
47540.0,0.000000,0.018182,0.000000,0.000342,3.300360,50.000000,52.577618,0.026184,0.027869,5.684549
47550.0,0.000000,-0.000172,0.000000,0.000579,3.300360,50.000000,52.360870,0.027567,0.029067,5.739006
47560.0,0.000000,-0.033138,0.000000,0.000342,3.300360,50.000000,50.644398,0.051698,0.051191,5.792312
47570.0,0.000000,0.003831,0.000000,-0.000579,3.300360,50.000000,49.727947,0.064920,0.064287,5.844851
47580.0,0.000000,-0.021396,0.000000,-0.000579,3.300360,50.000000,48.920471,0.078223,0.078773,5.895855
47590.0,0.000000,-0.035276,0.000000,-0.000237,3.300360,50.000000,49.593979,0.068866,0.069505,5.948010
47600.0,0.000000,-0.003415,0.000000,0.000000,3.300360,50.000000,54.788761,-0.012232,-0.012401,6.004768
47610.0,0.000000,0.034019,0.000000,-0.000579,3.300360,50.000000,51.585232,0.032862,0.032247,6.059224
47620.0,0.000000,0.021644,0.000000,-0.000579,3.300360,50.000000,51.995369,0.025715,0.027149,6.113297
47630.0,0.000000,-0.009731,0.000000,0.000000,3.300360,50.000000,52.568325,0.014841,0.017052,6.167753
47640.0,0.000000,-0.009666,0.000000,0.000000,3.300360,50.000000,52.610195,0.011716,0.011246,6.222977
47650.0,0.000000,0.011490,0.000000,0.000000,3.300360,50.000000,52.547321,0.010398,0.009285,6.277817
47660.0,0.000000,-0.033813,0.000000,-0.000579,3.300360,50.000000,53.115776,-0.000995,-0.000180,0.050238
47670.0,0.000000,-0.007207,0.000000,0.000342,3.300360,50.000000,50.594341,0.034686,0.033754,0.103927
47680.0,0.000000,0.012318,0.000000,0.000000,3.300360,50.000000,48.826889,0.061463,0.060953,0.155699
47690.0,0.000000,0.027509,0.000000,-0.000579,3.300360,50.000000,55.076809,-0.034030,-0.032871,0.211689
47700.0,0.000000,0.024967,0.000000,-0.000342,3.300360,50.000000,50.717354,0.027583,0.026840,0.266913
47710.0,0.000000,0.005312,0.000000,0.000000,3.300360,50.000000,51.138359,0.020272,0.019228,0.320219
47720.0,0.000000,0.017097,0.000000,0.000342,3.300360,50.000000,49.233395,0.048786,0.046775,0.372374
47730.0,0.000000,-0.011313,0.000000,-0.000579,3.300360,50.000000,51.803654,0.009752,0.009753,0.426063
47740.0,0.000000,-0.011865,0.000000,-0.000920,3.300360,50.000000,50.612724,0.026039,0.026498,0.479753
47750.0,0.000000,-0.009401,0.000000,0.000000,3.300360,50.000000,53.307140,-0.017796,-0.017869,0.536126
47760.0,0.000000,0.031215,0.000000,0.000000,3.300360,50.000000,51.618351,0.004967,0.005687,0.590966
47770.0,0.000000,-0.024537,0.000000,-0.000579,3.300360,50.000000,49.945698,0.028782,0.028162,0.643888
47780.0,0.000000,-0.028037,0.000000,0.000000,3.300360,50.000000,49.215652,0.040549,0.039697,0.694893
47790.0,0.000000,0.036172,0.000000,-0.000342,3.300360,50.000000,52.247066,-0.005639,-0.006060,0.749350
47800.0,0.000000,0.043466,0.000000,0.000342,3.300360,50.000000,49.742767,0.030677,0.030970,0.802272
47810.0,0.000000,-0.031320,0.000000,0.000579,3.300360,50.000000,46.883163,0.075358,0.074398,0.851743
47820.0,0.000000,-0.017993,0.000000,0.000000,3.300360,50.000000,48.332001,0.056232,0.056302,0.902364
47830.0,0.000000,-0.025310,0.000000,0.000000,3.300360,50.000000,50.365761,0.025965,0.026193,0.954903
47840.0,0.000000,-0.019097,0.000000,-0.000920,3.300360,50.000000,51.235397,0.011808,0.010943,1.008592
47850.0,0.000000,-0.024823,0.000000,0.000000,3.300360,50.000000,53.630424,-0.026610,-0.026240,1.064199
47860.0,0.000000,-0.023350,0.000000,-0.000579,3.300360,50.000000,54.648693,-0.045867,-0.045135,1.120957
47870.0,0.000000,0.022080,0.000000,0.000579,3.300360,50.000000,49.564278,0.028929,0.029241,1.173495
47880.0,0.000000,0.035130,0.000000,0.000000,3.300360,50.000000,49.669998,0.026922,0.028329,1.226034
47890.0,0.000000,-0.010790,0.000000,0.000000,3.300360,50.000000,49.549370,0.030231,0.031419,1.277423
47900.0,0.000000,-0.009750,0.000000,0.000342,3.300360,50.000000,50.792206,0.010896,0.010712,1.330345
47910.0,0.000000,0.005218,0.000000,0.000000,3.300360,50.000000,47.605747,0.060053,0.060649,1.380583
47920.0,0.000000,0.015012,0.000000,0.000000,3.300360,50.000000,49.321095,0.035586,0.034819,1.432355
47930.0,0.000000,-0.008224,0.000000,0.000920,3.300360,50.000000,50.497688,0.017093,0.016440,1.485660
47940.0,0.000000,0.013907,0.000000,0.000000,3.300360,50.000000,51.333698,0.002876,0.003129,1.539350
47950.0,0.000000,0.009773,0.000000,0.000000,3.300360,50.000000,53.732128,-0.035767,-0.035755,1.595340
47960.0,0.000000,0.009221,0.000000,0.000342,3.300360,50.000000,50.354744,0.012725,0.013489,1.649413
47970.0,0.000000,0.024587,0.000000,0.000000,3.300360,50.000000,48.044453,0.047446,0.046458,1.700418
47980.0,0.000000,0.018862,0.000000,0.000342,3.300360,50.000000,46.420010,0.074606,0.075272,1.749505
47990.0,0.000000,0.002391,0.000000,0.000000,3.300360,50.000000,49.338554,0.033337,0.034902,1.800510
48000.0,0.000000,-0.012090,0.000000,-0.000579,3.300360,50.000000,49.338890,0.033117,0.033566,1.852665
48010.0,0.000000,-0.021655,0.000000,0.000579,3.300360,50.000000,48.334816,0.049670,0.048538,1.902903
48020.0,0.000000,0.013788,0.000000,0.000000,3.300360,50.000000,50.992390,0.010569,0.011747,1.955826
48030.0,0.000000,0.014211,0.000000,0.000000,3.300360,50.000000,50.834980,0.011078,0.009628,2.009515
48040.0,0.000000,-0.025013,0.000000,0.000000,3.300360,50.000000,54.045361,-0.038870,-0.036901,2.065122
48050.0,0.000000,-0.054380,0.000000,0.000342,3.300360,50.000000,51.742374,-0.008312,-0.009114,2.120728
48060.0,0.000000,0.019834,0.000000,-0.000579,3.300360,50.000000,51.270805,-0.002157,-0.001622,2.174034
48070.0,0.000000,0.026528,0.000000,0.000579,3.300360,50.000000,47.958748,0.047911,0.047547,2.225039
48080.0,0.000000,-0.013602,0.000000,-0.000684,3.300360,50.000000,47.702122,0.053891,0.053608,2.275277
48090.0,0.000000,-0.024707,0.000000,-0.000579,3.300360,50.000000,50.220467,0.017227,0.017684,2.327049
48100.0,0.000000,0.012328,0.000000,-0.000920,3.300360,50.000000,51.888557,-0.009200,-0.009976,2.381122
48110.0,0.000000,0.032967,0.000000,0.000000,3.300360,50.000000,49.195141,0.031638,0.031746,2.432510
48120.0,0.000000,-0.023698,0.000000,-0.000579,3.300360,50.000000,49.438999,0.028096,0.025764,2.484665
48130.0,0.000000,-0.001567,0.000000,-0.000342,3.300360,50.000000,51.520443,-0.003403,-0.001441,2.537971
48140.0,0.000000,-0.007292,0.000000,0.000000,3.300360,50.000000,50.141911,0.016059,0.016539,2.591277
48150.0,0.000000,-0.013018,0.000000,0.000342,3.300360,50.000000,51.244442,-0.001513,-0.000718,2.644966
48160.0,0.000000,0.012695,0.000000,0.000342,3.300360,50.000000,47.853573,0.049573,0.048853,2.695971
48170.0,0.000000,0.015724,0.000000,0.000342,3.300360,50.000000,48.808323,0.037009,0.035019,2.746593
48180.0,0.000000,0.023327,0.000000,0.000000,3.300360,50.000000,48.010647,0.051197,0.049945,2.796831
48190.0,0.000000,-0.028450,0.000000,0.000000,3.300360,50.000000,52.687210,-0.019551,-0.020022,2.850903
48200.0,0.000000,-0.030217,0.000000,-0.000237,3.300360,50.000000,50.076820,0.018604,0.017079,2.903442
48210.0,0.000000,-0.011101,0.000000,0.000000,3.300360,50.000000,49.214985,0.032143,0.032633,2.955214
48220.0,0.000000,-0.001923,0.000000,0.000000,3.300360,50.000000,50.366184,0.014933,0.015507,3.007753
48230.0,0.000000,0.043867,0.000000,-0.000920,3.300360,50.000000,50.483101,0.012783,0.012093,3.060675
48240.0,0.000000,0.026336,0.000000,0.000342,3.300360,50.000000,50.483776,0.012026,0.011879,3.113598
48250.0,0.000000,0.013447,0.000000,0.000579,3.300360,50.000000,51.324253,-0.001918,-0.001836,3.168054
48260.0,0.000000,0.018068,0.000000,0.000579,3.300360,50.000000,50.576630,0.007782,0.008058,3.221743
48270.0,0.000000,0.010352,0.000000,0.000237,3.300360,50.000000,48.630032,0.037256,0.036606,3.273132
48280.0,0.000000,0.004626,0.000000,0.000000,3.300360,50.000000,49.490257,0.025906,0.026822,3.323753
48290.0,0.000000,0.007655,0.000000,0.000237,3.300360,50.000000,51.399734,-0.002802,-0.001609,3.377442
48300.0,0.000000,0.034960,0.000000,-0.000920,3.300360,50.000000,50.425911,0.010597,0.010344,3.429981
48310.0,0.000000,-0.005220,0.000000,0.000579,3.300360,50.000000,47.247696,0.060755,0.062195,3.479452
48320.0,0.000000,-0.046341,0.000000,0.000579,3.300360,50.000000,48.688705,0.040848,0.040317,3.529690
48330.0,0.000000,-0.018195,0.000000,-0.000579,3.300360,50.000000,49.494148,0.030447,0.031264,3.581462
48340.0,0.000000,0.018840,0.000000,-0.000342,3.300360,50.000000,52.501419,-0.016078,-0.016753,3.635535
48350.0,0.000000,0.030007,0.000000,0.000000,3.300360,50.000000,51.956352,-0.009918,-0.010707,3.690374
48360.0,0.000000,1.085890,0.000000,0.000581,3.299976,50.000000,50.879814,0.005402,0.006053,3.742913
48370.0,0.000000,-0.225924,0.000000,-0.000581,3.299976,50.000000,50.899292,0.004572,0.005645,3.796219
48380.0,0.000000,0.010211,0.000000,0.000000,3.299976,50.000000,48.972298,0.034826,0.035348,3.846073
48390.0,0.000000,0.019947,0.000000,0.000340,3.299976,50.000000,52.022644,-0.011422,-0.009799,3.900146
48400.0,0.000000,0.141749,0.000000,0.000815,3.300360,50.000000,48.822571,0.035709,0.033950,3.953068
48410.0,0.000000,-0.006247,0.000000,-0.000342,3.300360,50.000000,47.299267,0.060784,0.060794,4.002540
48420.0,0.000000,-0.007445,0.000000,-0.000342,3.300360,50.000000,49.138618,0.035079,0.034573,4.053161
48430.0,0.000000,-0.013171,0.000000,0.000342,3.300360,50.000000,50.964069,0.007564,0.007195,4.106083
48440.0,0.000000,0.031644,0.000000,0.000000,3.300360,50.000000,50.919079,0.006923,0.006075,4.160156
48450.0,0.000000,0.004827,0.000000,-0.000579,3.300360,50.000000,50.342312,0.014255,0.014622,4.213462
48460.0,0.000000,0.013030,0.000000,0.000000,3.300360,50.000000,50.423870,0.013719,0.015316,4.265234
48470.0,0.000000,0.036753,0.000000,0.000237,3.300360,50.000000,46.515686,0.072152,0.071285,4.316238
48480.0,0.000000,-0.008018,0.000000,-0.000579,3.300360,50.000000,44.667629,0.106779,0.107637,4.361491
48490.0,0.000000,0.005427,0.000000,0.000000,3.300360,50.000000,49.383663,0.037739,0.037856,4.413263
48500.0,0.000000,0.038678,0.000000,0.000000,3.300360,50.000000,47.149578,0.072120,0.070665,4.463500
48510.0,0.000000,-0.018430,0.000000,0.000000,3.300360,50.000000,45.606148,0.100387,0.100043,4.510671
48520.0,0.000000,-0.019939,0.000000,0.000000,3.300360,50.000000,46.863449,0.083428,0.082242,4.560525
48530.0,0.000000,-0.024073,0.000000,0.000000,3.300360,50.000000,49.320469,0.049969,0.050873,4.610763
48540.0,0.000000,0.008972,0.000000,-0.000105,3.300360,50.000000,47.718815,0.076161,0.077479,4.660617
48550.0,0.000000,0.031876,0.000000,0.000000,3.300360,50.000000,53.155277,-0.007677,-0.006442,4.716224
48560.0,0.000000,0.030723,0.000000,0.000000,3.300360,50.000000,50.239983,0.036397,0.035936,4.767996
48570.0,0.000000,0.020441,0.000000,0.000000,3.300360,50.000000,51.667645,0.012694,0.010064,4.822836
48580.0,0.000000,0.006834,0.000000,-0.000342,3.300360,50.000000,49.690117,0.042362,0.041996,4.874608
48590.0,0.000000,-0.014550,0.000000,-0.000920,3.300360,50.000000,50.731106,0.027431,0.028482,4.926379
48600.0,0.000000,-0.009637,0.000000,0.000000,3.300360,50.000000,52.081284,0.005347,0.005811,4.981219
48610.0,0.000000,0.027398,0.000000,-0.000920,3.300360,50.000000,43.746861,0.132406,0.131104,5.028773
48620.0,0.000000,0.029244,0.000000,0.000579,3.300360,50.000000,48.328804,0.067350,0.067697,5.078627
48630.0,0.000000,-0.007630,0.000000,0.000000,3.300360,50.000000,50.405323,0.038055,0.039113,5.129632
48640.0,0.000000,-0.040596,0.000000,-0.000342,3.300360,50.000000,52.724972,0.002130,0.003194,5.184088
48650.0,0.000000,-0.013823,0.000000,-0.000237,3.300360,50.000000,48.309299,0.065849,0.064220,5.237394
48660.0,0.000000,0.011908,0.000000,0.000000,3.300360,50.000000,50.383011,0.035973,0.034854,5.289549
48670.0,0.000000,0.018052,0.000000,-0.000579,3.300360,50.000000,41.847118,0.167143,0.165577,5.335952
48680.0,0.000000,0.000607,0.000000,0.000000,3.300360,50.000000,47.637436,0.085280,0.086596,5.385040
48690.0,0.000000,-0.018431,0.000000,0.000342,3.300360,50.000000,48.440487,0.073497,0.072273,5.436811
48700.0,0.000000,-0.026521,0.000000,0.000000,3.300360,50.000000,51.220169,0.031921,0.032384,5.489734
48710.0,0.000000,-0.021900,0.000000,0.000000,3.300360,50.000000,49.126030,0.063556,0.062814,5.541122
48720.0,0.000000,0.000232,0.000000,-0.000579,3.300360,50.000000,49.229916,0.063526,0.063541,5.592127
48730.0,0.000000,0.022363,0.000000,0.000000,3.300360,50.000000,50.086411,0.051348,0.051195,5.644282
48740.0,0.000000,-0.011219,0.000000,-0.000579,3.300360,50.000000,51.199665,0.033709,0.034568,5.697972
48750.0,0.000000,-0.019909,0.000000,0.000579,3.300360,50.000000,50.813038,0.038193,0.039695,5.751277
48760.0,0.000000,0.024664,0.000000,0.000000,3.300360,50.000000,50.811424,0.037742,0.037168,5.804584
48770.0,0.000000,0.025051,0.000000,0.000920,3.300360,50.000000,48.780560,0.067925,0.069325,5.855972
48780.0,0.000000,-0.016670,0.000000,0.000342,3.300360,50.000000,47.838886,0.084460,0.084675,5.905826
48790.0,0.000000,-0.033515,0.000000,0.000579,3.300360,50.000000,50.171890,0.049921,0.050253,5.957982
48800.0,0.000000,-0.003468,0.000000,0.000000,3.300360,50.000000,54.086952,-0.011074,-0.010050,6.013972
48810.0,0.000000,0.014464,0.000000,0.000000,3.300360,50.000000,49.519772,0.055276,0.053185,6.067278
48820.0,0.000000,0.025632,0.000000,0.000920,3.300360,50.000000,52.861774,0.003726,0.003871,6.121734
48830.0,0.000000,0.036216,0.000000,-0.000579,3.300360,50.000000,51.075272,0.029738,0.029950,6.174656
48840.0,0.000000,-0.012669,0.000000,-0.000920,3.300360,50.000000,51.561813,0.020489,0.019423,6.229113
48850.0,0.000000,-0.024906,0.000000,0.000579,3.300360,50.000000,53.128803,-0.005701,-0.006039,0.001534
48860.0,0.000000,0.024466,0.000000,-0.001157,3.300360,50.000000,51.639671,0.015283,0.015486,0.055223
48870.0,0.000000,0.008801,0.000000,0.000000,3.300360,50.000000,51.099926,0.021429,0.020372,0.109296
48880.0,0.000000,0.006657,0.000000,0.001499,3.300360,50.000000,49.242916,0.049611,0.049422,0.161068
48890.0,0.000000,0.025207,0.000000,0.000000,3.300360,50.000000,52.794121,-0.005100,-0.004819,0.215908
48900.0,0.000000,0.002262,0.000000,0.000579,3.300360,50.000000,52.727699,-0.007035,-0.007617,0.271131
48910.0,0.000000,-0.039459,0.000000,0.000000,3.300360,50.000000,48.796108,0.051033,0.048467,0.323670
48920.0,0.000000,0.001641,0.000000,0.000920,3.300360,50.000000,50.209736,0.030070,0.029000,0.375825
48930.0,0.000000,0.004671,0.000000,-0.000579,3.300360,50.000000,51.267197,0.013268,0.014038,0.429515
48940.0,0.000000,0.007700,0.000000,-0.000579,3.300360,50.000000,53.645020,-0.024529,-0.024659,0.484738
48950.0,0.000000,-0.013944,0.000000,0.000342,3.300360,50.000000,51.876156,-0.000445,-0.000762,0.539194
48960.0,0.000000,0.004606,0.000000,0.000237,3.300360,50.000000,51.854542,-0.002101,-0.003297,0.593651
48970.0,0.000000,0.007635,0.000000,-0.000579,3.300360,50.000000,50.698933,0.013275,0.012494,0.647723
48980.0,0.000000,0.033348,0.000000,-0.000237,3.300360,50.000000,48.093586,0.053247,0.052973,0.698728
48990.0,0.000000,0.010112,0.000000,0.000000,3.300360,50.000000,50.462437,0.018476,0.019074,0.750884
49000.0,0.000000,0.017697,0.000000,-0.000342,3.300360,50.000000,49.655933,0.030068,0.028951,0.803422
49010.0,0.000000,-0.026114,0.000000,0.000920,3.300360,50.000000,48.570541,0.047629,0.045376,0.854044
49020.0,0.000000,-0.012651,0.000000,0.000000,3.300360,50.000000,46.550419,0.080489,0.079110,0.903515
49030.0,0.000000,0.031921,0.000000,0.000000,3.300360,50.000000,50.467136,0.022746,0.022862,0.955670
49040.0,0.000000,-0.000413,0.000000,0.000000,3.300360,50.000000,51.556389,0.004550,0.004469,1.010126
49050.0,0.000000,-0.001940,0.000000,0.000579,3.300360,50.000000,52.559589,-0.012479,-0.012030,1.065350
49060.0,0.000000,-0.015804,0.000000,0.000000,3.300360,50.000000,52.771225,-0.018856,-0.018568,1.120957
49070.0,0.000000,-0.044694,0.000000,0.000342,3.300360,50.000000,50.709164,0.010116,0.007612,1.174646
49080.0,0.000000,0.031386,0.000000,0.000000,3.300360,50.000000,48.541050,0.043492,0.043555,1.225651
49090.0,0.000000,0.025417,0.000000,0.000920,3.300360,50.000000,50.164722,0.019667,0.017745,1.277806
49100.0,0.000000,-0.009142,0.000000,-0.000579,3.300360,50.000000,49.742542,0.025270,0.024407,1.330728
49110.0,0.000000,-0.017863,0.000000,0.000579,3.300360,50.000000,47.650646,0.057992,0.058207,1.380966
49120.0,0.000000,0.007850,0.000000,0.000342,3.300360,50.000000,49.230053,0.035808,0.036337,1.432355
49130.0,0.000000,0.038736,0.000000,0.000342,3.300360,50.000000,50.653038,0.013949,0.014436,1.486044
49140.0,0.000000,-0.009616,0.000000,-0.001157,3.300360,50.000000,51.398716,0.000876,0.000892,1.540884
49150.0,0.000000,-0.029219,0.000000,0.000000,3.300360,50.000000,53.145519,-0.027573,-0.027059,1.596107
49160.0,0.000000,-0.016408,0.000000,0.000342,3.300360,50.000000,51.165661,0.000455,0.001390,1.649796
49170.0,0.000000,0.001524,0.000000,0.000342,3.300360,50.000000,49.265083,0.028361,0.030249,1.701952
49180.0,0.000000,0.026621,0.000000,-0.000579,3.300360,50.000000,47.163074,0.061541,0.062248,1.751806
49190.0,0.000000,0.041537,0.000000,0.000000,3.300360,50.000000,48.580654,0.042870,0.043761,1.802044
49200.0,0.000000,-0.015570,0.000000,0.000000,3.300360,50.000000,49.748013,0.025681,0.027650,1.854199
49210.0,0.000000,-0.029691,0.000000,0.000000,3.300360,50.000000,48.326138,0.048347,0.047846,1.904437
49220.0,0.000000,-0.007560,0.000000,0.000815,3.300360,50.000000,49.847607,0.027291,0.027455,1.955442
49230.0,0.000000,-0.009704,0.000000,0.000000,3.300360,50.000000,52.462826,-0.013614,-0.014531,2.010282
49240.0,0.000000,-0.031348,0.000000,0.000579,3.300360,50.000000,52.929134,-0.023005,-0.022576,2.065122
49250.0,0.000000,-0.026727,0.000000,0.000000,3.300360,50.000000,53.088440,-0.028569,-0.026822,2.121112
49260.0,0.000000,0.001453,0.000000,0.000000,3.300360,50.000000,50.686321,0.006236,0.006457,2.174034
49270.0,0.000000,0.019386,0.000000,0.000684,3.300360,50.000000,49.698948,0.021015,0.021063,2.225806
49280.0,0.000000,0.038310,0.000000,-0.000342,3.300360,50.000000,46.550362,0.070200,0.068543,2.275661
49290.0,0.000000,-0.028854,0.000000,-0.000579,3.300360,50.000000,50.531113,0.011581,0.011312,2.328199
49300.0,0.000000,-0.032762,0.000000,0.000579,3.300360,50.000000,50.483078,0.011206,0.010725,2.381122
49310.0,0.000000,-0.015804,0.000000,0.000342,3.300360,50.000000,48.458412,0.042574,0.041810,2.432127
49320.0,0.000000,0.011501,0.000000,0.000000,3.300360,50.000000,49.207680,0.032376,0.031435,2.483515
49330.0,0.000000,0.021296,0.000000,0.000579,3.300360,50.000000,51.239975,0.001447,0.002785,2.536821
49340.0,0.000000,0.002084,0.000000,0.000000,3.300360,50.000000,52.761360,-0.023506,-0.023038,2.592044
49350.0,0.000000,-0.039637,0.000000,-0.000579,3.300360,50.000000,48.933861,0.033448,0.032564,2.643816
49360.0,0.000000,-0.021053,0.000000,-0.000579,3.300360,50.000000,49.563267,0.024238,0.023263,2.695971
49370.0,0.000000,0.042247,0.000000,-0.000579,3.300360,50.000000,48.557644,0.040239,0.038763,2.746976
49380.0,0.000000,0.005615,0.000000,0.000000,3.300360,50.000000,47.659153,0.055766,0.054329,2.796831
49390.0,0.000000,0.005063,0.000000,-0.000342,3.300360,50.000000,51.809422,-0.005686,-0.004702,2.850136
49400.0,0.000000,-0.018173,0.000000,0.000579,3.300360,50.000000,50.698174,0.008581,0.008112,2.903826
49410.0,0.000000,0.003958,0.000000,0.000000,3.300360,50.000000,49.016201,0.035278,0.034866,2.954831
49420.0,0.000000,0.004997,0.000000,-0.000342,3.300360,50.000000,51.208954,0.002187,0.003849,3.007753
49430.0,0.000000,-0.019830,0.000000,0.000342,3.300360,50.000000,51.828320,-0.008288,-0.008044,3.061442
49440.0,0.000000,-0.012742,0.000000,0.000815,3.300360,50.000000,51.223816,-0.000514,0.000000,3.114748
49450.0,0.000000,0.021109,0.000000,0.000000,3.300360,50.000000,51.080647,0.001087,0.000590,3.168054
49460.0,0.000000,0.013034,0.000000,0.000342,3.300360,50.000000,50.351833,0.010933,0.010469,3.221360
49470.0,0.000000,0.007308,0.000000,0.000000,3.300360,50.000000,48.283035,0.042446,0.041786,3.272748
49480.0,0.000000,-0.010754,0.000000,0.000000,3.300360,50.000000,48.464787,0.041198,0.041109,3.323370
49490.0,0.000000,-0.008123,0.000000,-0.000342,3.300360,50.000000,51.834755,-0.009199,-0.008925,3.376675
49500.0,0.000000,-0.027777,0.000000,-0.000579,3.300360,50.000000,51.213818,-0.001397,-0.002778,3.429981
49510.0,0.000000,-0.033503,0.000000,0.000000,3.300360,50.000000,46.369293,0.073316,0.073810,3.479069
49520.0,0.000000,0.005573,0.000000,-0.000579,3.300360,50.000000,48.495640,0.044201,0.046048,3.529306
49530.0,0.000000,0.028680,0.000000,0.000237,3.300360,50.000000,49.750027,0.025893,0.025703,3.581078
49540.0,0.000000,0.020179,0.000000,0.000000,3.300360,50.000000,51.961212,-0.007604,-0.007378,3.634768
49550.0,0.000000,0.004106,0.000000,0.000000,3.300360,50.000000,51.203323,0.002237,0.000864,3.688840
49560.0,0.000000,0.008727,0.000000,-0.000579,3.300360,50.000000,51.232750,0.000546,0.000469,3.742530
49570.0,0.000000,-0.005754,0.000000,0.000000,3.300360,50.000000,48.466110,0.041234,0.040513,3.795069
49580.0,0.000000,0.006031,0.000000,-0.000579,3.300360,50.000000,50.118958,0.017412,0.017048,3.846457
49590.0,0.000000,0.023980,0.000000,0.000000,3.300360,50.000000,50.876698,0.005440,0.004726,3.900146
49600.0,0.000000,-0.014159,0.000000,0.000000,3.300360,50.000000,51.337490,-0.002875,-0.004147,3.953452
49610.0,0.000000,-0.031605,0.000000,-0.000579,3.300360,50.000000,45.926285,0.080856,0.081355,4.001772
49620.0,0.000000,-0.006865,0.000000,0.001157,3.300360,50.000000,48.982838,0.037208,0.039096,4.052777
49630.0,0.000000,0.033751,0.000000,-0.000579,3.300360,50.000000,50.116413,0.020433,0.020192,4.105700
49640.0,0.000000,0.028434,0.000000,-0.000579,3.300360,50.000000,52.732559,-0.020195,-0.019854,4.159772
49650.0,0.000000,-0.020777,0.000000,0.000000,3.300360,50.000000,49.700722,0.023745,0.022902,4.213462
49660.0,0.000000,-0.017130,0.000000,-0.000342,3.300360,0.000000,50.774029,0.000000,0.000000,4.266001
49670.0,0.000000,-0.004749,0.000000,0.000000,3.300360,0.000000,44.799393,0.000000,0.000591,4.318540
49680.0,0.000000,0.032286,0.000000,-0.000342,3.300360,0.000000,25.942757,0.000000,0.001460,4.354205
49690.0,0.000000,0.005763,0.000000,0.000342,3.300360,0.000000,18.613346,0.000000,-0.000000,4.376447
49700.0,0.000000,-0.003717,0.000000,0.000579,3.300360,0.000000,12.404524,0.000000,-0.000000,4.392938
49710.0,0.000000,-0.008019,0.000000,0.000000,3.300360,0.000000,11.565602,0.000000,-0.000000,4.405593
49720.0,0.000000,0.009601,0.000000,-0.000237,3.300360,0.000000,11.589844,0.000000,-0.000000,4.417481
49730.0,0.000000,-0.001484,0.000000,-0.000579,3.300360,0.000000,6.347990,0.000000,0.001608,4.425535
49740.0,0.000000,-0.037229,0.000000,-0.000342,3.300360,0.000000,-0.792099,0.000000,0.000841,4.427835
49750.0,0.000000,0.026157,0.000000,-0.000342,3.300360,0.000000,-6.415502,0.000000,-0.001552,4.425151
49760.0,0.000000,0.032615,0.000000,0.000579,3.300360,0.000000,-6.943761,0.000000,-0.000814,4.419015
49770.0,0.000000,0.021484,0.000000,-0.000579,3.300360,0.000000,-5.167100,0.000000,-0.000818,4.412496
49780.0,0.000000,-0.010535,0.000000,0.000579,3.300360,0.000000,-3.756873,0.000000,-0.002330,4.407510
49790.0,0.000000,-0.028393,0.000000,0.000342,3.300360,0.000000,-0.736522,0.000000,-0.002446,4.405593
49800.0,0.000000,0.011304,0.000000,-0.000342,3.300360,0.000000,0.420885,0.000000,-0.000000,4.405593
49810.0,0.000000,0.027607,0.000000,-0.000579,3.300360,0.000000,3.759031,0.000000,-0.000832,4.407894
49820.0,0.000000,0.006175,0.000000,-0.000579,3.300360,0.000000,3.874789,0.000000,0.000822,4.411345
49830.0,0.000000,-0.024397,0.000000,-0.000579,3.300360,0.000000,2.656349,0.000000,-0.000000,4.414797
49840.0,0.000000,-0.030565,0.000000,0.000342,3.300360,0.000000,1.145936,0.000000,0.000806,4.416331
49850.0,0.000000,0.006758,0.000000,0.000342,3.300360,0.000000,-0.306012,0.000000,-0.000000,4.416331
49860.0,0.000000,0.041365,0.000000,0.000920,3.300360,0.000000,-2.687368,0.000000,-0.000008,4.415180
49870.0,0.000000,0.033491,0.000000,0.000342,3.300360,0.000000,-1.860843,0.000000,-0.000000,4.413263
49880.0,0.000000,0.002979,0.000000,0.000000,3.300360,0.000000,0.007654,0.000000,-0.000000,4.412496
49890.0,0.000000,-0.018838,0.000000,-0.000579,3.300360,0.000000,0.107199,0.000000,-0.002403,4.412112
49900.0,0.000000,-0.020292,0.000000,0.000000,3.300360,0.000000,1.033040,0.000000,-0.000000,4.412496
49910.0,0.000000,-0.009986,0.000000,-0.000342,3.300360,0.000000,1.369863,0.000000,-0.000000,4.414030
49920.0,0.000000,-0.019254,0.000000,0.000000,3.300360,0.000000,0.162860,0.000000,0.001612,4.414413
49930.0,0.000000,0.040324,0.000000,-0.000579,3.300360,0.000000,0.002179,0.000000,-0.000812,4.414413
49940.0,0.000000,0.025280,0.000000,0.000000,3.300360,0.000000,-0.015912,0.000000,-0.000000,4.414413
49950.0,0.000000,-0.007281,0.000000,0.000342,3.300360,0.000000,-0.684726,0.000000,-0.001611,4.413646
49960.0,0.000000,-0.029553,0.000000,0.000342,3.300360,0.000000,0.205502,0.000000,0.000797,4.413646
49970.0,0.000000,-0.007477,0.000000,0.000000,3.300360,0.000000,-0.061594,0.000000,-0.000815,4.413646
49980.0,0.000000,0.007945,0.000000,-0.000237,3.300360,0.000000,0.002689,0.000000,-0.000000,4.413646
49990.0,0.000000,0.015251,0.000000,0.000000,3.300360,0.000000,-0.014301,0.000000,-0.000018,4.413646
50000.0,0.000000,-0.007772,0.000000,0.000237,3.300360,0.000000,0.018389,0.000000,-0.000000,4.413646
50010.0,0.000000,-0.030356,0.000000,0.000000,3.300360,0.000000,-0.002121,0.000000,-0.000000,4.413646
50020.0,0.000000,0.037771,0.000000,-0.000237,3.300360,0.000000,-0.004627,0.000000,-0.003205,4.413646
50030.0,0.000000,0.008765,0.000000,-0.001157,3.300360,0.000000,-0.028086,0.000000,0.001611,4.413646
50040.0,0.000000,-0.004179,0.000000,-0.000579,3.300360,0.000000,-0.015399,0.000000,-0.002408,4.413646
50050.0,0.000000,0.004079,0.000000,0.000579,3.300360,0.000000,-0.000102,0.000000,-0.000000,4.413646
50060.0,0.000000,0.003471,0.000000,0.000000,3.300360,0.000000,0.016572,0.000000,-0.000000,4.413646
50070.0,0.000000,-0.007372,0.000000,0.000000,3.300360,0.000000,-0.043472,0.000000,-0.003205,4.413646
50080.0,0.000000,-0.007980,0.000000,-0.000579,3.300360,0.000000,-0.018751,0.000000,-0.001611,4.413646
50090.0,0.000000,-0.008477,0.000000,0.000000,3.300360,0.000000,-0.011057,0.000000,0.000815,4.413646
50100.0,0.000000,-0.014258,0.000000,-0.000579,3.300360,0.000000,-0.085746,0.000000,-0.001611,4.413646
50110.0,0.000000,-0.023218,0.000000,0.000000,3.300360,0.000000,-0.001791,0.000000,-0.000000,4.413646
50120.0,0.000000,0.027231,0.000000,0.000579,3.300360,0.000000,-0.015138,0.000000,-0.001611,4.413646
50130.0,0.000000,0.030158,0.000000,0.000000,3.300360,0.000000,0.018773,0.000000,-0.000815,4.413646
50140.0,0.000000,-0.010987,0.000000,0.000579,3.300360,0.000000,-0.004498,0.000000,-0.000815,4.413646
50150.0,0.000000,-0.036000,0.000000,0.000000,3.300360,0.000000,0.029185,0.000000,-0.000000,4.413646
50160.0,0.000000,-0.013598,0.000000,0.000000,3.300360,0.000000,-0.017964,0.000000,-0.000815,4.413646
50170.0,0.000000,-0.019268,0.000000,0.000579,3.300360,0.000000,-0.003416,0.000000,-0.000000,4.413646
50180.0,0.000000,-0.013110,0.000000,0.000000,3.300360,0.000000,-0.020442,0.000000,-0.000018,4.413646
50190.0,0.000000,-0.010026,0.000000,0.000000,3.300360,0.000000,0.011612,0.000000,-0.000000,4.413646
50200.0,0.000000,-0.012225,0.000000,-0.000342,3.300360,0.000000,-0.006301,0.000000,-0.000815,4.413646
50210.0,0.000000,-0.007548,0.000000,0.000579,3.300360,0.000000,0.008288,0.000000,-0.000000,4.413646
50220.0,0.000000,-0.004574,0.000000,-0.000342,3.300360,0.000000,0.001187,0.000000,-0.000000,4.413646
50230.0,0.000000,-0.013826,0.000000,0.000000,3.300360,0.000000,-0.000541,0.000000,-0.000797,4.413646
50240.0,0.000000,-0.009260,0.000000,-0.000342,3.300360,0.000000,-0.020585,0.000000,-0.000815,4.413646
50250.0,0.000000,0.007753,0.000000,0.000000,3.300360,0.000000,0.002398,0.000000,-0.000815,4.413646
50260.0,0.000000,0.024656,0.000000,-0.000579,3.300360,0.000000,-0.026457,0.000000,-0.000815,4.413646
50270.0,0.000000,-0.008872,0.000000,0.000579,3.300360,0.000000,0.044641,0.000000,-0.000018,4.413646
50280.0,0.000000,-0.014653,0.000000,0.000000,3.300360,0.000000,-0.033719,0.000000,-0.001611,4.413646
50290.0,0.000000,-0.004803,0.000000,-0.000342,3.300360,0.000000,0.020302,0.000000,0.000815,4.413646
50300.0,0.000000,-0.036849,0.000000,-0.000579,3.300360,0.000000,-0.008307,0.000000,-0.000018,4.413646
50310.0,0.000000,0.009322,0.000000,-0.000579,3.300360,0.000000,0.025349,0.000000,-0.001647,4.413646
50320.0,0.000000,0.024733,0.000000,-0.000920,3.300360,0.000000,-0.023320,0.000000,-0.000797,4.413646
50330.0,0.000000,0.012447,0.000000,-0.000342,3.300360,0.000000,-0.031472,0.000000,0.000797,4.413646
50340.0,0.000000,-0.020746,0.000000,-0.000579,3.300360,0.000000,0.026345,0.000000,-0.000000,4.413646
50350.0,0.000000,0.013379,0.000000,-0.000920,3.300360,0.000000,-0.026361,0.000000,0.000797,4.413646
50360.0,0.000000,0.021527,0.000000,0.000579,3.300360,0.000000,-0.002295,0.000000,-0.000018,4.413646
50370.0,0.000000,-0.001654,0.000000,-0.000579,3.300360,0.000000,-0.018680,0.000000,-0.000000,4.413646
50380.0,0.000000,-0.005445,0.000000,0.001157,3.300360,0.000000,-0.010939,0.000000,-0.000815,4.413646
50390.0,0.000000,-0.027034,0.000000,0.000579,3.300360,0.000000,-0.025300,0.000000,0.000797,4.413646
50400.0,0.000000,0.012553,0.000000,-0.000342,3.300360,0.000000,-0.027028,0.000000,-0.001629,4.413646
50410.0,0.000000,0.017229,0.000000,-0.000579,3.300360,0.000000,0.003903,0.000000,-0.000797,4.413646
50420.0,0.000000,-0.009644,0.000000,-0.000684,3.300360,0.000000,0.022582,0.000000,0.000779,4.413646
50430.0,0.000000,0.014134,0.000000,-0.000342,3.300360,0.000000,-0.047293,0.000000,-0.000000,4.413646
50440.0,0.000000,0.013527,0.000000,0.000342,3.300360,0.000000,0.019176,0.000000,-0.000815,4.413646
50450.0,0.000000,-0.009654,0.000000,0.000342,3.300360,0.000000,-0.011509,0.000000,-0.000797,4.413646
50460.0,0.000000,0.005259,0.000000,0.000342,3.300360,0.000000,0.016180,0.000000,-0.000797,4.413646
50470.0,0.000000,0.009935,0.000000,0.000000,3.300360,0.000000,0.014070,0.000000,0.000815,4.413646
50480.0,0.000000,-0.001311,0.000000,-0.000579,3.300360,0.000000,-0.030239,0.000000,-0.002426,4.413646
50490.0,0.000000,-0.008814,0.000000,0.000000,3.300360,0.000000,-0.014297,0.000000,0.000018,4.413646
50500.0,0.000000,-0.021399,0.000000,0.000000,3.300360,0.000000,0.013642,0.000000,-0.001611,4.413646
50510.0,0.000000,-0.023487,0.000000,-0.000579,3.300360,0.000000,-0.038841,0.000000,-0.000000,4.413646
50520.0,0.000000,-0.024095,0.000000,-0.000579,3.300360,0.000000,-0.022871,0.000000,-0.000018,4.413646
50530.0,0.000000,-0.036929,0.000000,0.000000,3.300360,0.000000,-0.009569,0.000000,0.000815,4.413646
50540.0,0.000000,0.007815,0.000000,0.000579,3.300360,0.000000,-0.019411,0.000000,-0.001611,4.413646
50550.0,0.000000,0.023079,0.000000,0.000000,3.300360,0.000000,0.019536,0.000000,-0.000000,4.413646
50560.0,0.000000,0.012190,0.000000,0.000000,3.300360,0.000000,-0.011992,0.000000,-0.000815,4.413646
50570.0,0.000000,-0.034749,0.000000,0.000000,3.300360,0.000000,-0.026029,0.000000,-0.000797,4.413646
50580.0,0.000000,-0.012622,0.000000,-0.000237,3.300360,0.000000,-0.018452,0.000000,-0.002426,4.413646
50590.0,0.000000,0.013147,0.000000,-0.000579,3.300360,0.000000,-0.005183,0.000000,0.000018,4.413646
50600.0,0.000000,0.003784,0.000000,-0.000920,3.300360,0.000000,0.023712,0.000000,-0.001611,4.413646
50610.0,0.000000,0.003393,0.000000,0.000000,3.300360,0.000000,-0.042275,0.000000,0.000797,4.413646
50620.0,0.000000,-0.008077,0.000000,0.000000,3.300360,0.000000,-0.007064,0.000000,-0.001629,4.413646
50630.0,0.000000,-0.038263,0.000000,0.000342,3.300360,0.000000,-0.028898,0.000000,0.001611,4.413646
50640.0,0.000000,-0.007964,0.000000,0.000000,3.300360,0.000000,0.000182,0.000000,-0.000815,4.413646
50650.0,0.000000,0.019396,0.000000,0.000000,3.300360,0.000000,-0.012273,0.000000,0.000815,4.413646
50660.0,0.000000,0.010034,0.000000,-0.000237,3.300360,0.000000,-0.003439,0.000000,-0.000018,4.413646
50670.0,0.000000,0.005955,0.000000,0.000000,3.300360,0.000000,0.037239,0.000000,0.001611,4.413646
50680.0,0.000000,-0.008581,0.000000,0.000000,3.300360,0.000000,-0.009897,0.000000,-0.000815,4.413646
50690.0,0.000000,-0.028180,0.000000,0.000342,3.300360,0.000000,0.026158,0.000000,-0.000797,4.413646
50700.0,0.000000,-0.021455,0.000000,-0.000579,3.300360,0.000000,-0.025000,0.000000,-0.000815,4.413646
50710.0,0.000000,-0.006191,0.000000,-0.000579,3.300360,0.000000,-0.006051,0.000000,-0.000000,4.413646
50720.0,0.000000,0.031628,0.000000,0.000000,3.300360,0.000000,-0.002157,0.000000,-0.001611,4.413646
50730.0,0.000000,0.033838,0.000000,-0.001262,3.300360,0.000000,-0.004940,0.000000,-0.000000,4.413646
50740.0,0.000000,-0.011061,0.000000,-0.001157,3.300360,0.000000,-0.073325,0.000000,-0.003205,4.413646
50750.0,0.000000,-0.032492,0.000000,0.000000,3.300360,0.000000,0.019396,0.000000,0.000797,4.413646
50760.0,0.000000,0.000308,0.000000,0.000579,3.300360,0.000000,-0.015562,0.000000,-0.002408,4.413646
50770.0,0.000000,0.029501,0.000000,-0.000579,3.300360,0.000000,0.002226,0.000000,-0.000797,4.413646
50780.0,0.000000,0.017345,0.000000,-0.000237,3.300360,0.000000,-0.013614,0.000000,-0.000815,4.413646
50790.0,0.000000,-0.009658,0.000000,0.000000,3.300360,0.000000,-0.008869,0.000000,0.001611,4.413646
50800.0,0.000000,-0.035773,0.000000,-0.000579,3.300360,0.000000,0.013457,0.000000,0.000797,4.413646
50810.0,0.000000,-0.012711,0.000000,0.000000,3.300360,0.000000,-0.000402,0.000000,0.000797,4.413646
50820.0,0.000000,0.025401,0.000000,0.000579,3.300360,0.000000,-0.026017,0.000000,-0.001629,4.413646
50830.0,0.000000,0.032167,0.000000,0.000579,3.300360,0.000000,0.023566,0.000000,0.000018,4.413646
50840.0,0.000000,0.029570,0.000000,0.000000,3.300360,0.000000,-0.026859,0.000000,-0.001611,4.413646
50850.0,0.000000,0.029073,0.000000,0.000000,3.300360,0.000000,0.009483,0.000000,0.000797,4.413646
50860.0,0.000000,0.017977,0.000000,-0.000579,3.300360,0.000000,-0.029295,0.000000,-0.001629,4.413646
50870.0,0.000000,0.005301,0.000000,0.000000,3.300360,0.000000,0.023856,0.000000,-0.002426,4.413646
50880.0,0.000000,-0.014632,0.000000,0.000920,3.300360,0.000000,0.016075,0.000000,-0.000018,4.413646
50890.0,0.000000,0.003973,0.000000,0.000342,3.300360,0.000000,-0.010858,0.000000,-0.000000,4.413646
50900.0,0.000000,0.015702,0.000000,0.000000,3.300360,0.000000,0.024082,0.000000,0.001611,4.413646
50910.0,0.000000,-0.007478,0.000000,0.000579,3.300360,0.000000,0.031542,0.000000,-0.000000,4.413646
50920.0,0.000000,0.000669,0.000000,0.000000,3.300360,0.000000,0.005217,0.000000,-0.001611,4.413646
50930.0,0.000000,0.000172,0.000000,-0.000579,3.300360,0.000000,-0.039375,0.000000,0.000815,4.413646
50940.0,0.000000,0.004738,0.000000,0.000342,3.300360,0.000000,0.017400,0.000000,-0.000815,4.413646
50950.0,0.000000,-0.011677,0.000000,-0.000342,3.300360,0.000000,0.006169,0.000000,0.000018,4.413646
50960.0,0.000000,0.003634,0.000000,0.000237,3.300360,0.000000,-0.013470,0.000000,-0.000815,4.413646
50970.0,0.000000,-0.019547,0.000000,0.000237,3.300360,0.000000,0.015015,0.000000,-0.000000,4.413646
50980.0,0.000000,-0.018563,0.000000,-0.000920,3.300360,0.000000,-0.005560,0.000000,-0.000815,4.413646
50990.0,0.000000,-0.006723,0.000000,-0.000920,3.300360,0.000000,-0.002035,0.000000,-0.001594,4.413646
51000.0,0.000000,-0.030014,0.000000,-0.000920,3.300360,0.000000,-0.022212,0.000000,-0.001594,4.413646
51010.0,0.000000,-0.021588,0.000000,0.000000,3.300360,0.000000,0.015441,0.000000,-0.000000,4.413646
51020.0,0.000000,-0.014914,0.000000,0.000000,3.300360,0.000000,0.026719,0.000000,0.001611,4.413646
51030.0,0.000000,0.014278,0.000000,0.000000,3.300360,0.000000,-0.006157,0.000000,0.000815,4.413646
51040.0,0.000000,0.020951,0.000000,-0.000579,3.300360,0.000000,-0.026953,0.000000,-0.001611,4.413646
51050.0,0.000000,0.027460,0.000000,0.000000,3.300360,0.000000,0.012280,0.000000,-0.000000,4.413646
51060.0,0.000000,0.022087,0.000000,0.000000,3.300360,0.000000,-0.013685,0.000000,-0.002426,4.413646
51070.0,0.000000,0.030346,0.000000,0.000342,3.300360,0.000000,0.008301,0.000000,-0.000000,4.413646
51080.0,0.000000,0.020108,0.000000,0.000000,3.300360,0.000000,0.003254,0.000000,-0.000815,4.413646
51090.0,0.000000,0.003850,0.000000,0.000000,3.300360,0.000000,-0.002478,0.000000,-0.001594,4.413646
51100.0,0.000000,-0.012794,0.000000,0.000000,3.300360,0.000000,0.014623,0.000000,-0.003187,4.413646
51110.0,0.000000,-0.023003,0.000000,0.000000,3.300360,0.000000,-0.026062,0.000000,-0.000832,4.413646
51120.0,0.000000,-0.011655,0.000000,-0.000579,3.300360,0.000000,0.021293,0.000000,-0.000815,4.413646
51130.0,0.000000,0.012365,0.000000,0.000579,3.300360,0.000000,-0.014076,0.000000,-0.000797,4.413646
51140.0,0.000000,0.023425,0.000000,0.000342,3.300360,0.000000,0.012088,0.000000,-0.000018,4.413646
51150.0,0.000000,-0.035117,0.000000,0.000000,3.300360,0.000000,0.020173,0.000000,-0.000000,4.413646
51160.0,0.000000,-0.026643,0.000000,0.000000,3.300360,0.000000,-0.034830,0.000000,-0.000815,4.413646
51170.0,0.000000,-0.018385,0.000000,-0.001157,3.300360,0.000000,-0.055605,0.000000,0.001611,4.413646
51180.0,0.000000,-0.035902,0.000000,-0.000579,3.300360,0.000000,-0.015403,0.000000,-0.001611,4.413646
51190.0,0.000000,0.019556,0.000000,0.000000,3.300360,0.000000,-0.028202,0.000000,-0.001594,4.413646
51200.0,0.000000,0.005685,0.000000,0.000000,3.300360,0.000000,-0.021022,0.000000,-0.000018,4.413646
51210.0,0.000000,-0.019328,0.000000,-0.000579,3.300360,0.000000,0.019297,0.000000,-0.000000,4.413646
51220.0,0.000000,-0.030798,0.000000,0.000000,3.300360,0.000000,0.001018,0.000000,-0.000815,4.413646
51230.0,0.000000,0.002511,0.000000,0.000000,3.300360,0.000000,-0.043118,0.000000,0.001611,4.413646
51240.0,0.000000,0.009184,0.000000,-0.000237,3.300360,0.000000,0.007968,0.000000,-0.001611,4.413646
51250.0,0.000000,0.012749,0.000000,0.000000,3.300360,0.000000,0.012962,0.000000,-0.000000,4.413646
51260.0,0.000000,-0.005486,0.000000,0.000000,3.300360,0.000000,0.032761,0.000000,0.000779,4.413646
51270.0,0.000000,-0.017685,0.000000,0.000000,3.300360,0.000000,-0.019954,0.000000,0.000815,4.413646
51280.0,0.000000,-0.026993,0.000000,0.000000,3.300360,0.000000,-0.005254,0.000000,0.000815,4.413646
51290.0,0.000000,-0.022371,0.000000,0.000000,3.300360,0.000000,-0.020837,0.000000,0.000832,4.413646
51300.0,0.000000,-0.042081,0.000000,-0.000815,3.300360,0.000000,-0.026629,0.000000,-0.000815,4.413646
51310.0,0.000000,0.030356,0.000000,0.000579,3.300360,0.000000,0.019764,0.000000,0.001611,4.413646
51320.0,0.000000,0.014619,0.000000,0.000342,3.300360,0.000000,0.021975,0.000000,-0.000000,4.413646
51330.0,0.000000,-0.019150,0.000000,0.000579,3.300360,0.000000,0.006391,0.000000,0.001594,4.413646
51340.0,0.000000,-0.026437,0.000000,0.000237,3.300360,0.000000,-0.011216,0.000000,-0.000018,4.413646
51350.0,0.000000,-0.035689,0.000000,0.000579,3.300360,0.000000,0.024870,0.000000,0.000797,4.413646
51360.0,0.000000,-0.010322,0.000000,0.000342,3.300360,0.000000,0.005864,0.000000,-0.000018,4.413646
51370.0,0.000000,0.008523,0.000000,0.000000,3.300360,0.000000,0.017466,0.000000,0.000797,4.413646
51380.0,0.000000,0.019220,0.000000,0.000579,3.300360,0.000000,-0.005930,0.000000,-0.000815,4.413646
51390.0,0.000000,0.001213,0.000000,-0.000579,3.300360,0.000000,-0.007267,0.000000,-0.000000,4.413646
51400.0,0.000000,0.005779,0.000000,0.000342,3.300360,0.000000,0.015813,0.000000,-0.000018,4.413646
51410.0,0.000000,0.022792,0.000000,-0.000920,3.300360,0.000000,-0.041379,0.000000,-0.000797,4.413646
51420.0,0.000000,0.008256,0.000000,0.000000,3.300360,0.000000,0.004290,0.000000,-0.001611,4.413646
51430.0,0.000000,-0.013333,0.000000,0.000000,3.300360,0.000000,0.004634,0.000000,0.000797,4.413646
51440.0,0.000000,0.031427,0.000000,0.000000,3.300360,20.008482,4.271643,0.240276,0.232102,4.414030
51450.0,0.000000,0.016891,0.000000,0.001157,3.300360,75.008484,51.942200,0.372943,0.369719,4.449311
51460.0,0.000000,-0.009982,0.000000,0.000473,3.300360,100.000000,92.898071,0.155006,0.158253,4.538282
51470.0,0.000000,-0.022926,0.000000,0.000000,3.300360,100.000000,97.580215,0.089328,0.088106,4.649112
51480.0,0.000000,-0.018305,0.000000,-0.000579,3.300360,100.000000,101.743919,0.026697,0.025937,4.754574
51490.0,0.000000,-0.012147,0.000000,-0.000579,3.300360,100.000000,101.839005,0.024102,0.024162,4.871156
51500.0,0.000000,-0.021111,0.000000,0.000579,3.300360,100.000000,101.046310,0.035668,0.037301,4.976617
51510.0,0.000000,0.021814,0.000000,0.000000,3.300360,100.000000,93.212456,0.154248,0.151226,5.087831
51520.0,0.000000,0.038156,0.000000,-0.000579,3.300360,100.000000,103.951942,-0.005377,-0.003159,5.194059
51530.0,0.000000,-0.012461,0.000000,0.000000,3.300360,100.000000,99.205498,0.064721,0.077719,5.301054
51540.0,0.000000,0.009726,0.000000,0.000000,3.300360,100.000000,93.424980,0.155142,0.154163,5.397695
51550.0,0.000000,0.014292,0.000000,0.000000,3.300360,100.000000,99.351540,0.067580,0.054056,5.504690
51560.0,0.000000,0.010779,0.000000,0.000920,3.300360,100.000000,98.060471,0.089077,0.089591,5.604399
51570.0,0.000000,0.011646,0.000000,0.000000,3.300360,100.000000,101.386559,0.040221,0.045054,5.711394
51580.0,0.000000,-0.049980,0.000000,0.000000,3.300360,100.000000,100.592155,0.051886,0.056980,5.813787
51590.0,0.000000,-0.014399,0.000000,-0.000342,3.300360,100.000000,98.145866,0.090138,0.096773,5.918481
51600.0,0.000000,0.019967,0.000000,-0.000342,3.300360,100.000000,103.291039,0.013320,0.015872,6.022792
51610.0,0.000000,0.023456,0.000000,0.000579,3.300360,100.000000,101.712776,0.033426,0.039112,6.132472
51620.0,0.000000,0.001542,0.000000,0.000000,3.300360,100.000000,103.228928,0.008702,0.008972,6.237550
51630.0,0.000000,-0.026923,0.000000,-0.001841,3.300360,100.000000,102.519150,0.016049,0.015198,0.064427
51640.0,0.000000,0.009759,0.000000,0.000000,3.300360,100.000000,100.611961,0.042692,0.041603,0.168738
51650.0,0.000000,0.021606,0.000000,0.000342,3.300360,100.000000,105.189445,-0.029172,-0.021643,0.279952
51660.0,0.000000,0.003839,0.000000,0.000000,3.300360,100.000000,99.745438,0.050714,0.047564,0.383112
51670.0,0.000000,-0.005008,0.000000,-0.000920,3.300360,100.000000,103.792519,-0.012383,-0.006028,0.493175
51680.0,0.000000,-0.005264,0.000000,-0.000579,3.300360,100.000000,103.105629,-0.005317,-0.005098,0.599403
51690.0,0.000000,-0.002173,0.000000,0.000000,3.300360,100.000000,99.713318,0.043220,0.032194,0.707549
51700.0,0.000000,-0.009592,0.000000,-0.000342,3.300360,100.000000,102.368706,0.002842,0.004153,0.811859
51710.0,0.000000,-0.005588,0.000000,0.000000,3.300360,100.000000,97.011917,0.084067,0.083061,0.914636
51720.0,0.000000,0.007171,0.000000,0.000000,3.300360,100.000000,103.212280,-0.009844,-0.011305,1.021631
51730.0,0.000000,0.022600,0.000000,-0.000579,3.300360,100.000000,104.664932,-0.034815,-0.023320,1.132078
51740.0,0.000000,0.035980,0.000000,0.000000,3.300360,100.000000,99.650253,0.038077,0.037555,1.235622
51750.0,0.000000,0.008097,0.000000,0.000815,3.300360,100.000000,103.388092,-0.017406,0.014869,1.342233
51760.0,0.000000,-0.022587,0.000000,0.000000,3.300360,100.000000,95.524658,0.101111,0.100771,1.442325
51770.0,0.000000,-0.030766,0.000000,-0.000579,3.300360,100.000000,104.725883,-0.038754,-0.043135,1.552772
51780.0,0.000000,-0.010570,0.000000,0.000342,3.300360,100.000000,101.388931,0.008703,0.007332,1.657466
51790.0,0.000000,-0.021524,0.000000,0.000342,3.300360,100.000000,97.399742,0.068718,0.057938,1.763311
51800.0,0.000000,-0.023012,0.000000,0.000000,3.300360,100.000000,100.440132,0.024553,0.025799,1.865321
51810.0,0.000000,-0.000420,0.000000,0.000000,3.300360,100.000000,99.773636,0.034478,0.035940,1.971932
51820.0,0.000000,-0.009432,0.000000,0.000000,3.300360,100.000000,104.143478,-0.033633,-0.033844,2.078544
51830.0,0.000000,0.037435,0.000000,0.000342,3.300360,100.000000,101.224388,0.007318,0.008864,2.187457
51840.0,0.000000,0.030872,0.000000,-0.001262,3.300360,100.000000,97.290260,0.066712,0.065272,2.288699
51850.0,0.000000,-0.012036,0.000000,0.000342,3.300360,100.000000,102.140732,-0.006821,-0.020008,2.397228
51860.0,0.000000,-0.000437,0.000000,-0.000579,3.300360,100.000000,99.434601,0.034642,0.034290,2.498855
51870.0,0.000000,-0.013499,0.000000,0.000000,3.300360,100.000000,100.568604,0.015931,0.012076,2.607384
51880.0,0.000000,-0.040361,0.000000,0.000579,3.300360,100.000000,101.184494,0.006131,0.006099,2.710544
51890.0,0.000000,0.007275,0.000000,0.000579,3.300360,100.000000,98.116257,0.053081,0.049672,2.816005
51900.0,0.000000,0.037531,0.000000,0.000000,3.300360,100.000000,101.582451,0.000582,-0.000003,2.919933
51910.0,0.000000,-0.008719,0.000000,0.000342,3.300360,100.000000,101.319687,0.004554,0.003984,3.026544
51920.0,0.000000,-0.024343,0.000000,0.000579,3.300360,100.000000,101.194298,0.005227,0.002778,3.130471
51930.0,0.000000,-0.015818,0.000000,0.000237,3.300360,100.000000,101.763741,-0.005266,-0.014752,3.239384
51940.0,0.000000,0.018548,0.000000,-0.000579,3.300360,100.000000,97.755165,0.055683,0.055042,3.340627
51950.0,0.000000,0.027327,0.000000,-0.000342,3.300360,100.000000,101.512146,-0.001722,-0.002790,3.449156
51960.0,0.000000,0.009079,0.000000,0.000000,3.300360,100.000000,98.481644,0.045314,0.044302,3.549248
51970.0,0.000000,-0.000799,0.000000,0.002078,3.300360,100.000000,102.510292,-0.015723,-0.013696,3.657777
51980.0,0.000000,-0.025212,0.000000,0.000000,3.300360,100.000000,101.438301,-0.000509,0.000564,3.761321
51990.0,0.000000,-0.039748,0.000000,-0.000579,3.300360,100.000000,98.671448,0.040511,0.042078,3.867933
52000.0,0.000000,-0.003924,0.000000,-0.000342,3.300360,100.000000,100.810760,0.007829,0.009641,3.971476
52010.0,0.000000,0.025690,0.000000,0.000000,3.300360,100.000000,99.711258,0.026029,0.042450,4.076554
52020.0,0.000000,0.012380,0.000000,0.000000,3.300360,100.000000,100.326736,0.016611,0.017358,4.179714
52030.0,0.000000,-0.025214,0.000000,0.000342,3.300360,100.000000,99.103767,0.033777,0.027518,4.287093
52040.0,0.000000,0.000554,0.000000,0.000579,3.300360,100.000000,93.913414,0.114997,0.114899,4.384501
52050.0,0.000000,-0.001645,0.000000,0.000579,3.300360,100.000000,96.035500,0.086119,0.058162,4.488811
52060.0,0.000000,-0.005724,0.000000,0.000000,3.300360,100.000000,95.264748,0.102493,0.101890,4.586219
52070.0,0.000000,-0.006331,0.000000,0.000342,3.300360,100.000000,97.921906,0.065882,0.071938,4.690530
52080.0,0.000000,-0.024339,0.000000,0.000000,3.300360,100.000000,98.213989,0.061325,0.060022,4.793307
52090.0,0.000000,-0.032109,0.000000,0.000000,3.300360,100.000000,100.513809,0.026287,0.016768,4.901069
52100.0,0.000000,-0.008039,0.000000,0.001157,3.300360,100.000000,100.398262,0.028015,0.028229,5.003846
52110.0,0.000000,0.024900,0.000000,0.000000,3.300360,100.000000,96.557037,0.089903,0.104453,5.106239
52120.0,0.000000,0.027809,0.000000,0.000000,3.300360,100.000000,100.575195,0.030216,0.032569,5.208632
52130.0,0.000000,0.012762,0.000000,0.000000,3.300360,100.000000,98.772491,0.057076,0.055605,5.312559
52140.0,0.000000,0.016408,0.000000,-0.000342,3.300360,100.000000,93.527908,0.140839,0.140802,5.410734
52150.0,0.000000,-0.007399,0.000000,0.000000,3.300360,100.000000,97.932571,0.076630,0.072870,5.517729
52160.0,0.000000,-0.023639,0.000000,0.000000,3.300360,100.000000,96.272896,0.104701,0.103150,5.615520
52170.0,0.000000,0.003610,0.000000,-0.000342,3.300360,100.000000,99.199898,0.062607,0.059111,5.722132
52180.0,0.000000,-0.016387,0.000000,0.001157,3.300360,100.000000,99.508942,0.058294,0.057504,5.823375
52190.0,0.000000,0.009271,0.000000,0.000342,3.300360,100.000000,97.159950,0.096595,0.102052,5.927302
52200.0,0.000000,0.005175,0.000000,0.000000,3.300360,100.000000,102.349770,0.018952,0.019002,6.030462
52210.0,0.000000,0.013205,0.000000,0.000000,3.300360,100.000000,100.964394,0.037672,0.032112,6.139758
52220.0,0.000000,-0.038073,0.000000,0.001499,3.300360,100.000000,102.924522,0.006474,0.007171,6.245219
52230.0,0.000000,-0.012947,0.000000,0.000000,3.300360,100.000000,101.920937,0.017923,0.017630,0.071714
52240.0,0.000000,-0.016734,0.000000,0.000000,3.300360,100.000000,100.862015,0.032692,0.032831,0.175641
52250.0,0.000000,0.003868,0.000000,-0.000579,3.300360,100.000000,103.353836,-0.007668,-0.010353,0.286087
52260.0,0.000000,0.033061,0.000000,0.000000,3.300360,100.000000,100.638466,0.031874,0.031587,0.389248
52270.0,0.000000,0.017907,0.000000,-0.000237,3.300360,100.000000,103.843727,-0.017918,-0.004043,0.498927
52280.0,0.000000,-0.015862,0.000000,0.001157,3.300360,100.000000,100.895943,0.022804,0.021875,0.604388
52290.0,0.000000,-0.039253,0.000000,-0.000920,3.300360,100.000000,99.496017,0.042331,0.032174,0.712534
52300.0,0.000000,-0.012183,0.000000,-0.000579,3.300360,100.000000,101.978386,0.004557,0.007267,0.816078
52310.0,0.000000,0.011708,0.000000,0.000000,3.300360,100.000000,98.116249,0.063701,0.070454,0.921156
52320.0,0.000000,0.012803,0.000000,-0.000579,3.300360,100.000000,103.113495,-0.011924,-0.010651,1.025466
52330.0,0.000000,0.001450,0.000000,0.000000,3.300360,100.000000,101.952538,0.002026,-0.011320,1.135529
52340.0,0.000000,0.035973,0.000000,0.000000,3.300360,100.000000,100.797142,0.018430,0.017431,1.239073
52350.0,0.000000,0.012682,0.000000,-0.000920,3.300360,100.000000,100.406364,0.024175,0.033486,1.345685
52360.0,0.000000,0.037850,0.000000,0.000342,3.300360,100.000000,98.861687,0.047938,0.048052,1.447311
52370.0,0.000000,-0.005042,0.000000,-0.000579,3.300360,100.000000,103.450760,-0.022048,-0.017937,1.556607
52380.0,0.000000,0.022235,0.000000,-0.000342,3.300360,100.000000,100.577660,0.018111,0.017222,1.661685
52390.0,0.000000,-0.014142,0.000000,0.000920,3.300360,100.000000,98.506897,0.049350,0.045699,1.767529
52400.0,0.000000,-0.029408,0.000000,0.000000,3.300360,100.000000,99.023392,0.043100,0.042766,1.869156
52410.0,0.000000,0.012286,0.000000,-0.000579,3.300360,100.000000,99.649071,0.034139,0.043859,1.975384
52420.0,0.000000,0.027807,0.000000,0.000000,3.300360,100.000000,103.394493,-0.023568,-0.022922,2.081228
52430.0,0.000000,-0.004239,0.000000,-0.000579,3.300360,100.000000,99.679047,0.027773,0.013645,2.190908
52440.0,0.000000,0.023121,0.000000,0.000000,3.300360,100.000000,99.339493,0.033857,0.036625,2.292534
52450.0,0.000000,0.032109,0.000000,0.000579,3.300360,100.000000,102.019882,-0.006349,-0.002306,2.400296
52460.0,0.000000,-0.006833,0.000000,0.000000,3.300360,100.000000,99.564369,0.030787,0.031499,2.501923
52470.0,0.000000,-0.038245,0.000000,-0.000342,3.300360,100.000000,101.279839,0.003559,0.004052,2.610835
52480.0,0.000000,-0.006002,0.000000,0.000000,3.300360,100.000000,99.336487,0.032195,0.031984,2.713229
52490.0,0.000000,0.036682,0.000000,0.000579,3.300360,100.000000,98.927071,0.039527,0.038686,2.819073
52500.0,0.000000,0.008619,0.000000,0.000000,3.300360,100.000000,101.729576,-0.002920,-0.003223,2.922617
52510.0,0.000000,-0.041054,0.000000,-0.000579,3.300360,100.000000,99.769852,0.026781,0.028385,3.028845
52520.0,0.000000,0.001127,0.000000,-0.000342,3.300360,100.000000,102.476349,-0.015231,-0.014578,3.133539
52530.0,0.000000,0.029334,0.000000,0.000000,3.300360,100.000000,100.543816,0.012397,0.007966,3.241302
52540.0,0.000000,0.007745,0.000000,-0.000579,3.300360,100.000000,98.684349,0.040591,0.040269,3.343311
52550.0,0.000000,-0.026291,0.000000,-0.001157,3.300360,100.000000,100.620651,0.010912,0.004142,3.451073
52560.0,0.000000,0.008232,0.000000,0.000000,3.300360,100.000000,96.729240,0.070781,0.070881,3.551166
52570.0,0.000000,0.000516,0.000000,-0.000342,3.300360,100.000000,103.665520,-0.032840,-0.030749,3.657394
52580.0,0.000000,0.010256,0.000000,0.000342,3.300360,100.000000,99.958527,0.021292,0.023726,3.764772
52590.0,0.000000,0.011749,0.000000,0.002656,3.300360,100.000000,100.291573,0.015023,0.013386,3.868316
52600.0,0.000000,-0.004946,0.000000,0.000579,3.300360,100.000000,103.967438,-0.040291,-0.012926,3.975695
52610.0,0.000000,-0.001484,0.000000,-0.000237,3.300360,100.000000,96.136452,0.078922,0.078968,4.074636
52620.0,0.000000,0.038220,0.000000,0.000000,3.300360,100.000000,101.630272,-0.003746,-0.001237,4.182782
52630.0,0.000000,0.009707,0.000000,-0.000342,3.300360,100.000000,100.090202,0.018227,0.018555,4.285943
52640.0,0.000000,-0.017283,0.000000,0.000000,3.300360,100.000000,93.752106,0.117026,0.120116,4.387952
52650.0,0.000000,-0.021002,0.000000,0.000342,3.300360,100.000000,98.566422,0.046657,0.046546,4.488811
52660.0,0.000000,-0.018028,0.000000,0.000000,3.300360,100.000000,95.191231,0.103198,0.106091,4.589287
52670.0,0.000000,-0.001014,0.000000,0.000579,3.300360,100.000000,96.823021,0.081023,0.079654,4.689763
52680.0,0.000000,-0.019132,0.000000,-0.000237,3.300360,100.000000,97.894341,0.065812,0.069365,4.795991
52690.0,0.000000,-0.019629,0.000000,0.000342,3.300360,100.000000,100.997284,0.018125,0.018777,4.899535
52700.0,0.000000,-0.031698,0.000000,-0.000237,3.300360,100.000000,101.787277,0.006896,0.002494,5.006530
52710.0,0.000000,-0.011261,0.000000,0.000579,3.300360,100.000000,94.825584,0.115016,0.116095,5.103938
52720.0,0.000000,0.028443,0.000000,0.000237,3.300360,100.000000,101.787376,0.011292,0.029547,5.211700
52730.0,0.000000,0.010110,0.000000,0.000579,3.300360,100.000000,97.503708,0.075768,0.074153,5.312559
52740.0,0.000000,0.007911,0.000000,0.000000,3.300360,100.000000,96.186325,0.101131,0.122449,5.414569
52750.0,0.000000,0.016169,0.000000,0.000342,3.300360,100.000000,98.152031,0.072759,0.071875,5.515045
52760.0,0.000000,0.028340,0.000000,0.000342,3.300360,100.000000,95.965012,0.108821,0.103249,5.618205
52770.0,0.000000,0.026010,0.000000,0.001157,3.300360,100.000000,100.097260,0.048240,0.048144,5.720214
52780.0,0.000000,-0.036000,0.000000,-0.000237,3.300360,100.000000,97.215309,0.092969,0.092473,5.824909
52790.0,0.000000,-0.006122,0.000000,0.000000,3.300360,100.000000,98.090080,0.081761,0.082534,5.925385
52800.0,0.000000,0.026817,0.000000,-0.000920,3.300360,100.000000,102.939484,0.009890,0.027962,6.032763
52810.0,0.000000,0.012065,0.000000,0.000342,3.300360,100.000000,101.052139,0.036080,0.036290,6.137074
52820.0,0.000000,0.023795,0.000000,0.000579,3.300360,100.000000,103.394157,-0.000871,-0.000000,6.246370
52830.0,0.000000,0.026879,0.000000,-0.000579,3.300360,100.000000,101.878616,0.019365,0.018397,0.068262
52840.0,0.000000,-0.010340,0.000000,-0.000579,3.300360,100.000000,100.273293,0.041293,0.030436,0.176791
52850.0,0.000000,-0.007256,0.000000,0.000000,3.300360,100.000000,104.624710,-0.026302,-0.027174,0.283403
52860.0,0.000000,0.009647,0.000000,0.000000,3.300360,100.000000,98.569778,0.063510,0.063947,0.389631
52870.0,0.000000,-0.003187,0.000000,-0.000579,3.300360,100.000000,104.188667,-0.023367,-0.022348,0.496243
52880.0,0.000000,-0.000212,0.000000,0.000342,3.300360,100.000000,101.753113,0.009754,-0.001860,0.605922
52890.0,0.000000,0.025556,0.000000,-0.001157,3.300360,100.000000,100.889069,0.020991,0.020784,0.709850
52900.0,0.000000,-0.029174,0.000000,-0.001262,3.300360,100.000000,100.811897,0.021984,0.016920,0.817228
52910.0,0.000000,-0.006987,0.000000,0.000000,3.300360,100.000000,96.603683,0.086073,0.086517,0.917704
52920.0,0.000000,-0.039033,0.000000,-0.000579,3.300360,100.000000,104.221848,-0.029132,-0.026493,1.027384
52930.0,0.000000,0.001964,0.000000,0.000000,3.300360,100.000000,101.669357,0.006876,0.007267,1.132461
52940.0,0.000000,0.020974,0.000000,0.001736,3.300360,100.000000,99.618088,0.036203,0.029055,1.239840
52950.0,0.000000,0.009221,0.000000,0.000000,3.300360,100.000000,101.106270,0.014272,0.014871,1.342617
52960.0,0.000000,0.001451,0.000000,-0.001157,3.300360,100.000000,98.832695,0.049278,0.065427,1.448845
52970.0,0.000000,0.007719,0.000000,-0.000342,3.300360,100.000000,104.013512,-0.030174,-0.028643,1.553923
52980.0,0.000000,0.021040,0.000000,0.000000,3.300360,100.000000,100.783226,0.015045,-0.000000,1.663986
52990.0,0.000000,0.026282,0.000000,0.000000,3.300360,100.000000,97.885803,0.058707,0.057034,1.764461
53000.0,0.000000,-0.018219,0.000000,0.000342,3.300360,100.000000,101.723862,0.002464,0.011267,1.872224
53010.0,0.000000,-0.009051,0.000000,0.000000,3.300360,100.000000,97.497498,0.066446,0.066106,1.972316
53020.0,0.000000,-0.018671,0.000000,0.000342,3.300360,100.000000,104.095680,-0.035083,-0.047869,2.083913
53030.0,0.000000,0.028032,0.000000,-0.000342,3.300360,100.000000,101.694481,-0.001836,-0.000851,2.187840
53040.0,0.000000,0.036297,0.000000,0.000000,3.300360,100.000000,98.024872,0.054009,0.050118,2.294452
53050.0,0.000000,0.026718,0.000000,0.000579,3.300360,100.000000,102.306808,-0.010523,-0.010236,2.397228
53060.0,0.000000,-0.006629,0.000000,-0.000579,3.300360,100.000000,99.784416,0.027339,0.030411,2.504224
53070.0,0.000000,-0.008958,0.000000,-0.000342,3.300360,100.000000,102.041267,-0.007823,-0.007177,2.608918
53080.0,0.000000,-0.025601,0.000000,0.000579,3.300360,100.000000,99.718964,0.026083,0.017956,2.715913
53090.0,0.000000,-0.011243,0.000000,0.000000,3.300360,100.000000,97.915970,0.054655,0.053603,2.816772
53100.0,0.000000,0.028460,0.000000,0.000342,3.300360,100.000000,101.795326,-0.004231,-0.008875,2.924918
53110.0,0.000000,0.025614,0.000000,-0.000579,3.300360,100.000000,99.593216,0.029423,0.030809,3.026928
53120.0,0.000000,0.025006,0.000000,0.000579,3.300360,100.000000,102.428856,-0.014681,-0.022390,3.135840
53130.0,0.000000,0.006999,0.000000,0.000000,3.300360,100.000000,101.352364,-0.000065,0.001092,3.239768
53140.0,0.000000,-0.019874,0.000000,-0.000920,3.300360,100.000000,98.521873,0.043037,0.047327,3.345612
53150.0,0.000000,0.007486,0.000000,0.000684,3.300360,100.000000,101.904167,-0.008991,-0.007439,3.449923
53160.0,0.000000,-0.015805,0.000000,0.000342,3.300360,100.000000,98.700172,0.041650,0.055652,3.553850
53170.0,0.000000,-0.025057,0.000000,0.000000,3.300360,100.000000,101.279442,0.002013,0.001607,3.658161
53180.0,0.000000,0.000601,0.000000,0.000920,3.300360,100.000000,102.309219,-0.015088,-0.010952,3.766690
53190.0,0.000000,0.017614,0.000000,0.000579,3.300360,100.000000,98.037804,0.048817,0.048767,3.868700
53200.0,0.000000,0.017264,0.000000,0.000000,3.300360,100.000000,100.018044,0.018724,0.010430,3.976078
53210.0,0.000000,-0.011331,0.000000,0.000579,3.300360,100.000000,98.442657,0.044324,0.046062,4.076554
53220.0,0.000000,-0.020811,0.000000,0.000000,3.300360,100.000000,101.515671,-0.002455,0.004305,4.184700
53230.0,0.000000,-0.023140,0.000000,-0.000684,3.300360,100.000000,100.243073,0.015388,0.014491,4.288243
53240.0,0.000000,-0.042798,0.000000,-0.000579,3.300360,100.000000,93.201393,0.125238,0.142791,4.389102
53250.0,0.000000,0.017868,0.000000,0.000579,3.300360,100.000000,99.178062,0.036388,0.035358,4.490729
53260.0,0.000000,0.020891,0.000000,-0.000342,3.300360,100.000000,96.513130,0.082897,0.094257,4.591588
53270.0,0.000000,-0.005049,0.000000,0.000000,3.300360,100.000000,97.201965,0.074339,0.073929,4.692447
53280.0,0.000000,-0.011153,0.000000,0.000920,3.300360,100.000000,99.592262,0.039200,0.049421,4.798676
53290.0,0.000000,-0.006477,0.000000,-0.000579,3.300360,100.000000,100.046158,0.031656,0.031078,4.902219
53300.0,0.000000,-0.010666,0.000000,0.000000,3.300360,100.000000,101.762802,0.006110,0.000077,5.008831
53310.0,0.000000,-0.028673,0.000000,0.000342,3.300360,100.000000,95.364304,0.106216,0.106852,5.106239
53320.0,0.000000,-0.010436,0.000000,-0.000579,3.300360,100.000000,101.028397,0.021519,0.026815,5.214001
53330.0,0.000000,-0.003528,0.000000,0.000000,3.300360,100.000000,99.785316,0.040556,0.040292,5.315627
53340.0,0.000000,0.020655,0.000000,-0.000342,3.300360,100.000000,95.132912,0.116409,0.142847,5.415720
53350.0,0.000000,0.014058,0.000000,0.000000,3.300360,100.000000,97.810226,0.076818,0.075539,5.517345
53360.0,0.000000,-0.004177,0.000000,0.000579,3.300360,100.000000,96.788086,0.096227,0.096123,5.620122
53370.0,0.000000,-0.030181,0.000000,0.000000,3.300360,100.000000,99.905914,0.050632,0.050320,5.721748
53380.0,0.000000,-0.018850,0.000000,0.000342,3.300360,100.000000,98.874405,0.067218,0.066243,5.827593
53390.0,0.000000,0.003354,0.000000,-0.000579,3.300360,100.000000,96.026421,0.112102,0.111005,5.926535
53400.0,0.000000,0.034303,0.000000,-0.000342,3.300360,100.000000,103.903610,-0.006230,-0.008970,6.035831
53410.0,0.000000,0.028457,0.000000,0.000579,3.300360,100.000000,100.378845,0.045774,0.045593,6.138991
53420.0,0.000000,0.008181,0.000000,0.000000,3.300360,100.000000,102.627937,0.009396,0.019887,6.248671
53430.0,0.000000,-0.023996,0.000000,-0.000342,3.300360,100.000000,102.215630,0.013137,0.013755,0.070947
53440.0,0.000000,-0.018521,0.000000,0.000000,3.300360,100.000000,100.652832,0.035033,0.040206,0.179092
53450.0,0.000000,-0.001507,0.000000,0.000342,3.300360,100.000000,103.607452,-0.011480,-0.011279,0.284937
53460.0,0.000000,-0.014452,0.000000,-0.000920,3.300360,100.000000,98.676994,0.060888,0.075267,0.391165
53470.0,0.000000,-0.017930,0.000000,0.000579,3.300360,100.000000,104.858704,-0.033335,-0.032577,0.497010
53480.0,0.000000,-0.009665,0.000000,-0.000579,3.300360,100.000000,101.568031,0.012149,0.009299,0.606689
53490.0,0.000000,0.002017,0.000000,0.000000,3.300360,100.000000,100.481453,0.027127,0.027270,0.710233
53500.0,0.000000,0.026201,0.000000,-0.000342,3.300360,100.000000,101.806084,0.005987,-0.005657,0.818762
53510.0,0.000000,0.018781,0.000000,0.000000,3.300360,100.000000,98.287552,0.060778,0.062660,0.918855
53520.0,0.000000,0.046203,0.000000,0.000920,3.300360,100.000000,102.025719,0.004086,0.010362,1.027000
53530.0,0.000000,-0.034234,0.000000,-0.000237,3.300360,100.000000,102.865486,-0.011421,-0.012147,1.133228
53540.0,0.000000,0.036312,0.000000,0.000237,3.300360,100.000000,99.608963,0.035876,0.031514,1.240607
53550.0,0.000000,0.026975,0.000000,0.000000,3.300360,100.000000,101.374268,0.009236,0.008368,1.343767
53560.0,0.000000,-0.032688,0.000000,0.000000,3.300360,100.000000,99.220345,0.042925,0.051532,1.448845
53570.0,0.000000,-0.016482,0.000000,0.000000,3.300360,100.000000,102.318336,-0.004951,-0.004787,1.553923
53580.0,0.000000,-0.048528,0.000000,-0.000237,3.300360,100.000000,102.702316,-0.014225,-0.024228,1.663986
53590.0,0.000000,-0.021459,0.000000,0.000000,3.300360,100.000000,97.006378,0.071920,0.072263,1.764461
53600.0,0.000000,0.021226,0.000000,0.000579,3.300360,100.000000,99.796539,0.031523,0.033027,1.870690
53610.0,0.000000,0.029484,0.000000,-0.000579,3.300360,100.000000,97.960915,0.059301,0.056662,1.972699
53620.0,0.000000,-0.014899,0.000000,0.000000,3.300360,100.000000,104.708321,-0.044006,-0.038826,2.083146
53630.0,0.000000,-0.024151,0.000000,-0.000579,3.300360,100.000000,100.202469,0.020306,0.019325,2.188224
53640.0,0.000000,0.021910,0.000000,0.000000,3.300360,100.000000,99.026779,0.038687,0.036747,2.294068
53650.0,0.000000,0.030409,0.000000,0.000342,3.300360,100.000000,100.281837,0.019936,0.018610,2.396845
53660.0,0.000000,0.001618,0.000000,-0.001026,3.300360,100.000000,101.655708,-0.000793,0.007802,2.504224
53670.0,0.000000,0.006295,0.000000,0.000000,3.300360,100.000000,100.340462,0.017852,0.017825,2.607767
53680.0,0.000000,0.025046,0.000000,0.000000,3.300360,100.000000,99.627029,0.027697,0.019443,2.715146
53690.0,0.000000,-0.047493,0.000000,0.000579,3.300360,100.000000,98.011955,0.053279,0.052073,2.816005
53700.0,0.000000,-0.018459,0.000000,0.000920,3.300360,100.000000,101.912956,-0.005838,-0.017747,2.924151
53710.0,0.000000,-0.020548,0.000000,0.000000,3.300360,100.000000,99.772614,0.026365,0.027112,3.026544
53720.0,0.000000,-0.021155,0.000000,0.000579,3.300360,100.000000,102.297264,-0.012706,-0.008355,3.135073
53730.0,0.000000,-0.026825,0.000000,0.000000,3.300360,100.000000,100.520119,0.012734,0.013026,3.238617
53740.0,0.000000,-0.017377,0.000000,-0.000579,3.300360,100.000000,99.625671,0.026676,0.038195,3.344845
53750.0,0.000000,-0.005695,0.000000,-0.000579,3.300360,100.000000,101.202293,0.001912,0.001368,3.448772
53760.0,0.000000,0.025309,0.000000,-0.000237,3.300360,100.000000,97.518341,0.059354,0.065706,3.552700
53770.0,0.000000,-0.032134,0.000000,0.000000,3.300360,100.000000,101.323578,0.001780,0.002371,3.656627
53780.0,0.000000,-0.014789,0.000000,-0.000342,3.300360,100.000000,101.331383,0.000018,0.004598,3.765156
53790.0,0.000000,0.023159,0.000000,0.000342,3.300360,100.000000,99.613258,0.024876,0.023151,3.868316
53800.0,0.000000,0.018901,0.000000,-0.000579,3.300360,100.000000,100.593536,0.010129,0.005658,3.975311
53810.0,0.000000,-0.028796,0.000000,0.000579,3.300360,100.000000,98.686485,0.040542,0.041804,4.075787
53820.0,0.000000,-0.035092,0.000000,0.000000,3.300360,100.000000,101.480614,-0.001704,0.007431,4.184700
53830.0,0.000000,-0.035520,0.000000,0.000237,3.300360,100.000000,98.709427,0.038207,0.037354,4.287093
53840.0,0.000000,0.019980,0.000000,-0.000579,3.300360,100.000000,81.384438,0.306516,0.266411,4.381816
53850.0,0.000000,2.483891,0.000000,0.000000,3.299209,100.000000,37.075893,1.008493,0.996181,4.427835
53860.0,0.000000,-0.503216,0.000000,-0.000254,3.298826,100.000000,-1.658410,1.681691,0.937692,4.442409
53870.0,0.000000,-4.946524,0.000000,0.000569,3.302277,100.000000,-10.791875,1.918604,0.849158,4.438957
53880.0,0.000000,1.156741,0.000000,0.000363,3.303811,100.000000,11.725320,1.686752,0.840944,4.444326
53890.0,0.000000,0.834955,0.000000,0.000360,3.303428,100.000000,6.000550,1.854932,0.858261,4.450845
53900.0,0.000000,0.101213,0.000000,0.000923,3.303044,100.000000,-1.521790,2.000000,0.869886,4.451612
53910.0,0.000000,2.499376,0.000000,0.000573,3.301510,100.000000,-1.363983,2.000000,0.871036,4.449695
53920.0,0.000000,0.466574,0.000000,-0.000579,3.300360,100.000000,0.290894,2.000000,0.871682,4.449695
53930.0,0.000000,0.947407,0.000000,0.000245,3.299593,100.000000,-1.818204,2.000000,0.874752,4.448545
53940.0,0.000000,-0.194875,0.000000,-0.000582,3.299593,100.000000,-1.173793,2.000000,0.855359,4.447394
53950.0,0.000000,0.031725,0.000000,0.000337,3.299593,100.000000,-3.207170,2.000000,0.854652,4.444709
53960.0,0.000000,-1.021925,0.000000,0.000581,3.299976,100.000000,-3.945644,2.000000,0.850719,4.440875
53970.0,0.000000,-0.170632,0.000000,0.000579,3.300360,100.000000,-3.669620,2.000000,0.842842,4.437423
53980.0,0.000000,-0.720308,0.000000,0.001842,3.301127,100.000000,-3.598608,2.000000,0.845690,4.433588
53990.0,0.000000,0.182671,0.000000,0.000921,3.301127,100.000000,-3.414561,2.000000,0.848561,4.429369
54000.0,0.000000,-0.030929,0.000000,-0.000347,3.301127,100.000000,-5.057128,2.000000,0.873381,4.424384
54010.0,0.000000,-0.020185,0.000000,0.000921,3.301127,100.000000,-3.465494,2.000000,0.893887,4.419399
54020.0,0.000000,0.505937,0.000000,-0.000684,3.300360,100.000000,-5.644324,2.000000,0.836432,4.415180
54030.0,0.000000,-0.179794,0.000000,0.000920,3.300360,100.000000,-2.004380,2.000000,0.900279,4.411729
54040.0,0.000000,-0.024503,0.000000,-0.000579,3.300360,100.000000,-2.577580,2.000000,0.868343,4.409044
54050.0,0.000000,-0.009240,0.000000,0.000579,3.300360,100.000000,-0.780839,2.000000,0.850014,4.407894
54060.0,0.000000,-0.007741,0.000000,0.000579,3.300360,100.000000,0.205185,2.000000,0.859062,4.407510
54070.0,0.000000,0.009114,0.000000,-0.000579,3.300360,100.000000,-0.219899,2.000000,0.851737,4.407510
54080.0,0.000000,0.042051,0.000000,0.000815,3.300360,100.000000,0.043793,2.000000,0.858286,4.407510
54090.0,0.000000,-0.006864,0.000000,-0.000920,3.300360,100.000000,1.042758,2.000000,0.852455,4.407894
54100.0,0.000000,0.002874,0.000000,-0.000342,3.300360,100.000000,0.926335,2.000000,0.861227,4.408278
54110.0,0.000000,0.002376,0.000000,0.000579,3.300360,100.000000,-0.115344,2.000000,0.854738,4.408278
54120.0,0.000000,-0.003405,0.000000,-0.000684,3.300360,100.000000,1.236266,2.000000,0.859473,4.408661
54130.0,0.000000,-0.005893,0.000000,0.000815,3.300360,100.000000,2.253434,2.000000,0.861373,4.410195
54140.0,0.000000,0.000662,0.000000,-0.000920,3.300360,100.000000,3.192753,2.000000,0.879532,4.412112
54150.0,0.000000,-0.005010,0.000000,0.000342,3.300360,100.000000,1.368886,2.000000,0.716493,4.414413
54160.0,0.000000,-0.003628,0.000000,0.000342,3.300360,100.000000,3.580782,2.000000,0.894491,4.416331
54170.0,0.000000,-0.005718,0.000000,-0.000579,3.300360,100.000000,0.949783,2.000000,0.899355,4.417481
54180.0,0.000000,-0.015064,0.000000,0.000000,3.300360,100.000000,-0.249359,2.000000,0.808026,4.419782
54190.0,0.000000,0.012536,0.000000,-0.000579,3.300360,100.000000,4.555189,2.000000,0.896396,4.422083
54200.0,0.000000,0.003910,0.000000,0.000000,3.300360,100.000000,1.517418,2.000000,0.869280,4.424384
54210.0,0.000000,-0.031074,0.000000,0.000579,3.300360,100.000000,1.341977,2.000000,0.852287,4.426685
54220.0,0.000000,-0.012288,0.000000,0.000920,3.300360,100.000000,1.485421,2.000000,0.851092,4.428603
54230.0,0.000000,0.011730,0.000000,-0.000342,3.300360,100.000000,1.215817,2.000000,0.842655,4.430137
54240.0,0.000000,0.023576,0.000000,0.000342,3.300360,100.000000,0.959215,2.000000,0.843889,4.431671
54250.0,0.000000,0.025476,0.000000,0.000000,3.300360,100.000000,1.797475,2.000000,0.841529,4.433205
54260.0,0.000000,-0.001398,0.000000,0.000000,3.300360,100.000000,1.724271,2.000000,0.842049,4.434739
54270.0,0.000000,0.006859,0.000000,0.000000,3.300360,100.000000,0.803160,2.000000,0.840080,4.435889
54280.0,0.000000,-0.002449,0.000000,0.000000,3.300360,100.000000,0.791566,2.000000,0.842193,4.436656
54290.0,0.000000,-0.031429,0.000000,-0.000342,3.300360,100.000000,0.380245,2.000000,0.840528,4.437039
54300.0,0.000000,0.011932,0.000000,0.000579,3.300360,100.000000,-0.377105,2.000000,0.828499,4.437039
54310.0,0.000000,0.000733,0.000000,-0.001499,3.300360,100.000000,-0.176943,2.000000,0.832553,4.437039
54320.0,0.000000,-0.019108,0.000000,0.000000,3.300360,100.000000,-0.077767,2.000000,0.832553,4.437039
54330.0,0.000000,-0.038307,0.000000,0.000342,3.300360,100.000000,-0.106145,2.000000,0.835475,4.437039
54340.0,0.000000,0.001098,0.000000,-0.000920,3.300360,100.000000,-0.282882,2.000000,0.828828,4.436656
54350.0,0.000000,0.035609,0.000000,0.000342,3.300360,100.000000,0.050019,2.000000,0.835079,4.436656
54360.0,0.000000,0.031512,0.000000,-0.000579,3.300360,100.000000,0.002723,2.000000,0.834610,4.436656
54370.0,0.000000,0.009695,0.000000,0.000000,3.300360,100.000000,-0.659866,2.000000,0.837271,4.436273
54380.0,0.000000,-0.020493,0.000000,0.000000,3.300360,100.000000,0.360589,2.000000,0.836666,4.436273
54390.0,0.000000,-0.018477,0.000000,-0.000342,3.300360,100.000000,0.097297,2.000000,0.839729,4.436273
54400.0,0.000000,-0.016233,0.000000,0.000342,3.300360,100.000000,0.133412,2.000000,0.835804,4.436273
54410.0,0.000000,0.029757,0.000000,0.000000,3.300360,100.000000,1.051329,2.000000,0.840860,4.436656
54420.0,0.000000,0.025678,0.000000,-0.000579,3.300360,100.000000,1.110951,2.000000,0.837877,4.437423
54430.0,0.000000,0.021488,0.000000,0.000000,3.300360,100.000000,1.077674,2.000000,0.843811,4.438190
54440.0,0.000000,0.001888,0.000000,0.000342,3.300360,100.000000,0.528302,2.000000,0.842946,4.438573
54450.0,0.000000,0.011626,0.000000,0.000000,3.300360,100.000000,-0.076151,2.000000,0.849027,4.438573
54460.0,0.000000,0.005955,0.000000,0.000920,3.300360,100.000000,0.036214,2.000000,0.847722,4.438573
54470.0,0.000000,0.008928,0.000000,-0.000342,3.300360,100.000000,0.000287,2.000000,0.849895,4.438573
54480.0,0.000000,-0.007090,0.000000,-0.000579,3.300360,100.000000,-0.205752,2.000000,0.847579,4.438573
54490.0,0.000000,-0.000367,0.000000,0.000000,3.300360,100.000000,-0.255842,2.000000,0.839185,4.438573
54500.0,0.000000,0.000968,0.000000,-0.000579,3.300360,100.000000,-0.123575,2.000000,0.833828,4.438573
54510.0,0.000000,0.017987,0.000000,0.000579,3.300360,100.000000,-0.133031,2.000000,0.840197,4.438573
54520.0,0.000000,0.019321,0.000000,-0.000237,3.300360,100.000000,-0.035037,2.000000,0.838605,4.438573
54530.0,0.000000,0.015647,0.000000,0.000000,3.300360,100.000000,-0.058873,2.000000,0.840921,4.438573
54540.0,0.000000,0.036083,0.000000,-0.000342,3.300360,100.000000,0.112150,2.000000,0.839617,4.438573
54550.0,0.000000,0.031567,0.000000,0.000684,3.300360,100.000000,0.083972,2.000000,0.845118,4.438573
54560.0,0.000000,0.004635,0.000000,-0.000920,3.300360,100.000000,-0.804275,2.000000,0.839900,4.438190
54570.0,0.000000,-0.043448,0.000000,-0.000579,3.300360,100.000000,-0.492173,2.000000,0.844117,4.437423
54580.0,0.000000,-0.011447,0.000000,0.000000,3.300360,100.000000,-0.843879,2.000000,0.839397,4.436656
54590.0,0.000000,-0.013647,0.000000,-0.001157,3.300360,100.000000,-0.488467,2.000000,0.842918,4.435889
54600.0,0.000000,0.020876,0.000000,-0.000237,3.300360,100.000000,-0.738890,2.000000,0.838487,4.435505
54610.0,0.000000,0.012352,0.000000,-0.000579,3.300360,100.000000,-0.647597,2.000000,0.843528,4.434739
54620.0,0.000000,-0.026591,0.000000,0.000342,3.300360,100.000000,0.198414,2.000000,0.837755,4.434739
54630.0,0.000000,0.001585,0.000000,0.000000,3.300360,100.000000,0.218705,2.000000,0.842310,4.434355
54640.0,0.000000,0.009684,0.000000,0.000579,3.300360,100.000000,-0.159550,2.000000,0.839229,4.434355
54650.0,0.000000,0.031584,0.000000,-0.000237,3.300360,100.000000,-0.086764,2.000000,0.842310,4.434355
54660.0,0.000000,0.032678,0.000000,0.000237,3.300360,100.000000,0.785787,2.000000,0.827187,4.434739
54670.0,0.000000,-0.007559,0.000000,-0.000579,3.300360,100.000000,0.464094,2.000000,0.827557,4.435122
54680.0,0.000000,-0.029505,0.000000,-0.000342,3.300360,100.000000,0.752749,2.000000,0.827182,4.435505
54690.0,0.000000,-0.003731,0.000000,-0.000579,3.300360,100.000000,-0.277263,2.000000,0.835044,4.435505
54700.0,0.000000,0.015096,0.000000,0.000000,3.300360,100.000000,-0.080610,2.000000,0.830377,4.435505
54710.0,0.000000,0.031397,0.000000,-0.000579,3.300360,100.000000,-0.066276,2.000000,0.835044,4.435505
54720.0,0.000000,0.006383,0.000000,0.000000,3.300360,100.000000,0.011841,2.000000,0.834183,4.435505
54730.0,0.000000,-0.026038,0.000000,-0.000342,3.300360,100.000000,-0.043760,2.000000,0.835781,4.435505
54740.0,0.000000,-0.006868,0.000000,-0.000920,3.300360,100.000000,0.079537,2.000000,0.833323,4.435505
54750.0,0.000000,0.022488,0.000000,0.000579,3.300360,100.000000,0.062426,2.000000,0.837502,4.435505
54760.0,0.000000,0.020241,0.000000,0.000000,3.300360,100.000000,0.102047,2.000000,0.836025,4.435889
54770.0,0.000000,0.024755,0.000000,-0.000579,3.300360,100.000000,1.079591,2.000000,0.837529,4.436273
54780.0,0.000000,0.013910,0.000000,-0.000684,3.300360,100.000000,-0.037694,2.000000,0.839600,4.436273
54790.0,0.000000,0.006536,0.000000,0.000342,3.300360,100.000000,0.412048,2.000000,0.843451,4.436656
54800.0,0.000000,0.014794,0.000000,0.000000,3.300360,100.000000,0.061117,2.000000,0.840860,4.436656
54810.0,0.000000,0.000257,0.000000,-0.000579,3.300360,100.000000,0.154289,2.000000,0.843451,4.436656
54820.0,0.000000,0.017766,0.000000,0.000000,3.300360,100.000000,0.077551,2.000000,0.843188,4.436656
54830.0,0.000000,-0.031374,0.000000,0.000000,3.300360,100.000000,0.091081,2.000000,0.843583,4.436656
54840.0,0.000000,-0.049482,0.000000,0.000000,3.300360,100.000000,0.928239,2.000000,0.845178,4.437039
54850.0,0.000000,0.027142,0.000000,0.000000,3.300360,100.000000,0.661279,2.000000,0.839335,4.437423
54860.0,0.000000,0.042354,0.000000,0.000579,3.300360,100.000000,-0.285343,2.000000,0.846304,4.437423
54870.0,0.000000,-0.009105,0.000000,0.000920,3.300360,100.000000,-0.200362,2.000000,0.839927,4.437423
54880.0,0.000000,-0.025363,0.000000,-0.000579,3.300360,100.000000,-0.111014,2.000000,0.834871,4.437423
54890.0,0.000000,-0.043156,0.000000,-0.000920,3.300360,100.000000,-0.151809,2.000000,0.837740,4.437423
54900.0,0.000000,0.006596,0.000000,0.000000,3.300360,100.000000,-0.496552,2.000000,0.836935,4.437039
54910.0,0.000000,0.012118,0.000000,0.000342,3.300360,100.000000,-0.048096,2.000000,0.836473,4.437039
54920.0,0.000000,0.018783,0.000000,0.000342,3.300360,100.000000,-0.034651,2.000000,0.837070,4.437039
54930.0,0.000000,0.009420,0.000000,-0.000579,3.300360,100.000000,0.025434,2.000000,0.841258,4.437039
54940.0,0.000000,-0.010180,0.000000,-0.000237,3.300360,100.000000,0.138422,2.000000,0.836339,4.437039
54950.0,0.000000,0.004015,0.000000,-0.000342,3.300360,100.000000,-0.593964,2.000000,0.839397,4.436656
54960.0,0.000000,0.031615,0.000000,0.000342,3.300360,100.000000,0.327565,2.000000,0.839133,4.436656
54970.0,0.000000,0.006847,0.000000,0.000000,3.300360,100.000000,0.095138,2.000000,0.840260,4.436656
54980.0,0.000000,-0.014585,0.000000,-0.000579,3.300360,100.000000,0.141690,2.000000,0.840860,4.436656
54990.0,0.000000,-0.019972,0.000000,0.000342,3.300360,100.000000,0.988000,2.000000,0.844254,4.437423
55000.0,0.000000,0.030552,0.000000,-0.000342,3.300360,100.000000,0.952641,2.000000,0.846714,4.437807
55010.0,0.000000,0.025111,0.000000,0.000237,3.300360,100.000000,-0.006458,2.000000,0.847719,4.437807
55020.0,0.000000,0.034909,0.000000,-0.000342,3.300360,100.000000,-0.016029,2.000000,0.847441,4.437807
55030.0,0.000000,0.014631,0.000000,0.000000,3.300360,100.000000,0.894677,2.000000,0.849015,4.438190
55040.0,0.000000,-0.027893,0.000000,0.000000,3.300360,100.000000,0.284065,2.000000,0.839329,4.438573
55050.0,0.000000,-0.020995,0.000000,0.000237,3.300360,100.000000,0.254340,2.000000,0.836865,4.438957
55060.0,0.000000,-0.014487,0.000000,0.000579,3.300360,100.000000,0.831092,2.000000,0.841637,4.439341
55070.0,0.000000,0.023624,0.000000,0.000342,3.300360,100.000000,-0.251815,2.000000,0.844396,4.439341
55080.0,0.000000,0.028249,0.000000,0.000000,3.300360,100.000000,0.107510,2.000000,0.844670,4.439341
55090.0,0.000000,0.008503,0.000000,0.000000,3.300360,100.000000,0.052083,2.000000,0.845838,4.439341
55100.0,0.000000,-0.030680,0.000000,0.000000,3.300360,100.000000,0.182577,2.000000,0.848001,4.439341
55110.0,0.000000,-0.001322,0.000000,-0.000579,3.300360,100.000000,0.198927,2.000000,0.849317,4.439341
55120.0,0.000000,-0.017497,0.000000,0.000579,3.300360,100.000000,0.131467,2.000000,0.851331,4.439341
55130.0,0.000000,0.014620,0.000000,0.000000,3.300360,100.000000,0.003919,2.000000,0.852052,4.439341
55140.0,0.000000,0.015861,0.000000,-0.000579,3.300360,100.000000,-0.007847,2.000000,0.853071,4.439341
55150.0,0.000000,-0.022207,0.000000,0.000000,3.300360,100.000000,-0.248791,2.000000,0.844098,4.439341
55160.0,0.000000,-0.015652,0.000000,0.000000,3.300360,100.000000,-1.283947,2.000000,0.837881,4.438573
55170.0,0.000000,-0.010376,0.000000,-0.000342,3.300360,100.000000,0.200927,2.000000,0.841050,4.438190
55180.0,0.000000,0.012215,0.000000,0.000342,3.300360,100.000000,-1.138452,2.000000,0.843252,4.437423
55190.0,0.000000,0.036233,0.000000,0.000000,3.300360,100.000000,-0.502783,2.000000,0.837801,4.436656
55200.0,0.000000,0.021370,0.000000,-0.000342,3.300360,100.000000,-0.829102,2.000000,0.840207,4.435889
55210.0,0.000000,0.010967,0.000000,0.000342,3.300360,100.000000,0.344143,2.000000,0.839725,4.435889
55220.0,0.000000,-0.021197,0.000000,-0.000920,3.300360,100.000000,-1.356112,2.000000,0.842060,4.435122
55230.0,0.000000,-0.026509,0.000000,0.000579,3.300360,100.000000,-1.098519,2.000000,0.838254,4.434355
55240.0,0.000000,-0.004724,0.000000,0.000000,3.300360,100.000000,-0.624914,2.000000,0.837909,4.433971
55250.0,0.000000,0.014120,0.000000,0.000342,3.300360,100.000000,-0.711789,2.000000,0.835346,4.433588
55260.0,0.000000,0.031122,0.000000,-0.000579,3.300360,100.000000,0.315929,2.000000,0.837802,4.433588
55270.0,0.000000,0.014705,0.000000,-0.000579,3.300360,100.000000,0.009721,2.000000,0.833746,4.433588
55280.0,0.000000,0.005342,0.000000,-0.000579,3.300360,100.000000,0.128022,2.000000,0.840890,4.433588
55290.0,0.000000,0.004844,0.000000,-0.001499,3.300360,100.000000,0.626466,2.000000,0.837281,4.433971
55300.0,0.000000,-0.033969,0.000000,-0.000920,3.300360,100.000000,0.323861,2.000000,0.841335,4.434355
55310.0,0.000000,0.006055,0.000000,0.000000,3.300360,100.000000,0.700959,2.000000,0.837016,4.434739
55320.0,0.000000,0.014315,0.000000,-0.000579,3.300360,100.000000,-0.290706,2.000000,0.840713,4.434739
55330.0,0.000000,0.028861,0.000000,-0.000920,3.300360,100.000000,-0.109422,2.000000,0.824849,4.434739
55340.0,0.000000,-0.033133,0.000000,-0.000237,3.300360,100.000000,0.483971,2.000000,0.829155,4.435122
55350.0,0.000000,-0.010946,0.000000,0.000000,3.300360,100.000000,0.187090,2.000000,0.826571,4.435889
55360.0,0.000000,0.016935,0.000000,0.000000,3.300360,100.000000,0.705193,2.000000,0.828697,4.436656
55370.0,0.000000,0.025515,0.000000,0.000579,3.300360,100.000000,1.487165,2.000000,0.832958,4.437423
55380.0,0.000000,-0.005692,0.000000,0.000579,3.300360,100.000000,0.892088,2.000000,0.841493,4.438190
55390.0,0.000000,-0.021951,0.000000,0.000000,3.300360,100.000000,0.571803,2.000000,0.838893,4.438573
55400.0,0.000000,0.008762,0.000000,0.001157,3.300360,100.000000,-0.150435,2.000000,0.843526,4.438573
55410.0,0.000000,-0.019233,0.000000,0.000579,3.300360,100.000000,0.389456,2.000000,0.843807,4.438957
55420.0,0.000000,-0.016260,0.000000,-0.000342,3.300360,100.000000,0.166193,2.000000,0.849451,4.438957
55430.0,0.000000,-0.002829,0.000000,0.000579,3.300360,100.000000,-0.011622,2.000000,0.848299,4.439341
55440.0,0.000000,-0.040050,0.000000,-0.000579,3.300360,100.000000,-0.044870,2.000000,0.854242,4.439724
55450.0,0.000000,-0.009400,0.000000,0.000579,3.300360,100.000000,-0.158830,2.000000,0.852804,4.439724
55460.0,0.000000,0.009609,0.000000,-0.000579,3.300360,100.000000,0.765568,2.000000,0.851938,4.440107
55470.0,0.000000,0.024872,0.000000,0.000579,3.300360,100.000000,-0.344295,2.000000,0.840965,4.440107
55480.0,0.000000,0.015183,0.000000,-0.000579,3.300360,100.000000,-0.123358,2.000000,0.845426,4.440107
55490.0,0.000000,0.027022,0.000000,0.000342,3.300360,100.000000,-0.095745,2.000000,0.847075,4.440491
55500.0,0.000000,0.025112,0.000000,-0.000920,3.300360,100.000000,0.952912,2.000000,0.849687,4.440875
55510.0,0.000000,-0.022877,0.000000,-0.000579,3.300360,100.000000,-0.134190,2.000000,0.848257,4.440875
55520.0,0.000000,-0.013119,0.000000,0.000579,3.300360,100.000000,0.173341,2.000000,0.852307,4.440875
55530.0,0.000000,0.031491,0.000000,0.000342,3.300360,100.000000,0.166292,2.000000,0.853895,4.440875
55540.0,0.000000,0.002184,0.000000,-0.000920,3.300360,100.000000,0.182004,2.000000,0.854610,4.440875
55550.0,0.000000,-0.008902,0.000000,0.000000,3.300360,100.000000,0.003711,2.000000,0.855642,4.440875
55560.0,0.000000,-0.030959,0.000000,-0.000579,3.300360,100.000000,-0.017524,2.000000,0.859215,4.440875
55570.0,0.000000,0.014151,0.000000,0.000342,3.300360,100.000000,-0.210112,2.000000,0.847781,4.440875
55580.0,0.000000,0.036343,0.000000,0.000000,3.300360,100.000000,-0.216171,2.000000,0.845637,4.440875
55590.0,0.000000,-0.010599,0.000000,0.000342,3.300360,100.000000,-0.085353,2.000000,0.845479,4.440875
55600.0,0.000000,-0.025254,0.000000,-0.000447,3.300360,100.000000,-0.046901,2.000000,0.847702,4.440875
55610.0,0.000000,0.011938,0.000000,-0.000579,3.300360,100.000000,0.053062,2.000000,0.849687,4.440875
55620.0,0.000000,0.018610,0.000000,-0.001157,3.300360,100.000000,-0.168003,2.000000,0.851361,4.441258
55630.0,0.000000,0.023235,0.000000,-0.000579,3.300360,100.000000,0.390677,2.000000,0.855964,4.441641
55640.0,0.000000,0.006707,0.000000,0.000000,3.300360,100.000000,0.009420,2.000000,0.856087,4.442025
55650.0,0.000000,0.030485,0.000000,-0.000579,3.300360,100.000000,0.100470,2.000000,0.859636,4.442025
55660.0,0.000000,0.015948,0.000000,0.000000,3.300360,100.000000,0.064997,2.000000,0.861011,4.442025
55670.0,0.000000,0.010276,0.000000,-0.000684,3.300360,100.000000,0.172633,2.000000,0.857328,4.442409
55680.0,0.000000,0.004495,0.000000,-0.000579,3.300360,100.000000,0.803188,2.000000,0.848831,4.442792
55690.0,0.000000,-0.001177,0.000000,0.000579,3.300360,100.000000,0.737456,2.000000,0.852173,4.443175
55700.0,0.000000,-0.024469,0.000000,0.000000,3.300360,100.000000,-0.187665,2.000000,0.853399,4.443175
55710.0,0.000000,-0.013470,0.000000,0.000000,3.300360,100.000000,0.187055,2.000000,0.857802,4.443175
55720.0,0.000000,0.023049,0.000000,-0.000579,3.300360,100.000000,0.142188,2.000000,0.859027,4.443175
55730.0,0.000000,0.019467,0.000000,0.000000,3.300360,100.000000,0.116356,2.000000,0.860969,4.443175
55740.0,0.000000,-0.012580,0.000000,-0.000237,3.300360,100.000000,0.074963,2.000000,0.863778,4.443175
55750.0,0.000000,-0.021833,0.000000,-0.000342,3.300360,100.000000,-0.220965,2.000000,0.852000,4.443175
55760.0,0.000000,-0.013686,0.000000,-0.000237,3.300360,100.000000,-0.179439,2.000000,0.850232,4.443175
55770.0,0.000000,-0.008993,0.000000,0.001736,3.300360,100.000000,-0.003080,2.000000,0.853052,4.443175
55780.0,0.000000,0.023944,0.000000,0.000342,3.300360,100.000000,-0.442540,2.000000,0.856216,4.442792
55790.0,0.000000,0.028861,0.000000,-0.000579,3.300360,100.000000,-1.178530,2.000000,0.853891,4.441258
55800.0,0.000000,0.005156,0.000000,-0.001157,3.300360,100.000000,-2.512953,2.000000,0.852351,4.438957
55810.0,0.000000,-0.030802,0.000000,0.000342,3.300360,100.000000,-1.225099,2.000000,0.848627,4.437423
55820.0,0.000000,0.013991,0.000000,-0.000815,3.300360,100.000000,-0.189540,2.000000,0.846042,4.436656
55830.0,0.000000,0.037409,0.000000,0.000000,3.300360,100.000000,-0.043222,2.000000,0.845515,4.436656
55840.0,0.000000,-0.001387,0.000000,-0.000342,3.300360,100.000000,-0.128571,2.000000,0.844915,4.436656
55850.0,0.000000,-0.045503,0.000000,0.000579,3.300360,100.000000,1.484737,2.000000,0.832684,4.437423
55860.0,0.000000,-0.010322,0.000000,-0.000579,3.300360,100.000000,1.216312,2.000000,0.838310,4.438957
55870.0,0.000000,0.018870,0.000000,0.000579,3.300360,100.000000,1.815618,2.000000,0.837073,4.440491
55880.0,0.000000,0.006148,0.000000,-0.000579,3.300360,100.000000,1.650919,2.000000,0.847992,4.442025
55890.0,0.000000,0.019578,0.000000,0.000342,3.300360,100.000000,1.474163,2.000000,0.853930,4.443175
55900.0,0.000000,0.017378,0.000000,0.000342,3.300360,100.000000,0.575460,2.000000,0.857100,4.443559
55910.0,0.000000,0.030208,0.000000,-0.000920,3.300360,100.000000,1.077147,2.000000,0.863259,4.444326
55920.0,0.000000,-0.000365,0.000000,0.000237,3.300360,100.000000,-0.118348,2.000000,0.865202,4.444326
55930.0,0.000000,-0.028960,0.000000,0.001736,3.300360,100.000000,-0.163981,2.000000,0.854993,4.444326
55940.0,0.000000,-0.012265,0.000000,0.001157,3.300360,100.000000,-1.457245,2.000000,0.851473,4.443559
55950.0,0.000000,-0.005757,0.000000,0.000000,3.300360,100.000000,-0.239740,2.000000,0.854119,4.442792
55960.0,0.000000,0.025191,0.000000,0.000000,3.300360,100.000000,-0.490189,2.000000,0.856963,4.442025
55970.0,0.000000,0.038827,0.000000,-0.000579,3.300360,100.000000,0.367094,2.000000,0.857341,4.442025
55980.0,0.000000,-0.030443,0.000000,0.000000,3.300360,100.000000,0.106495,2.000000,0.857341,4.442025
55990.0,0.000000,-0.030708,0.000000,0.000000,3.300360,100.000000,0.194366,2.000000,0.860135,4.442025
56000.0,0.000000,-0.006690,0.000000,-0.000579,3.300360,100.000000,-0.137074,2.000000,0.860845,4.442025
56010.0,0.000000,0.040176,0.000000,0.000579,3.300360,100.000000,-0.283186,2.000000,0.846950,4.442025
56020.0,0.000000,0.030030,0.000000,0.000000,3.300360,100.000000,-0.066855,2.000000,0.848868,4.442025
56030.0,0.000000,0.016569,0.000000,-0.000237,3.300360,100.000000,-0.083304,2.000000,0.852417,4.442025
56040.0,0.000000,-0.003271,0.000000,0.000000,3.300360,100.000000,0.134940,2.000000,0.852916,4.442025
56050.0,0.000000,-0.029644,0.000000,-0.000342,3.300360,100.000000,0.869201,2.000000,0.855911,4.442409
56060.0,0.000000,0.013476,0.000000,-0.000579,3.300360,100.000000,1.581065,2.000000,0.857618,4.443175
56070.0,0.000000,0.041222,0.000000,0.000342,3.300360,100.000000,1.595709,2.000000,0.863613,4.443943
56080.0,0.000000,0.004403,0.000000,-0.000579,3.300360,100.000000,0.464124,2.000000,0.863617,4.444709
56090.0,0.000000,-0.015205,0.000000,0.000000,3.300360,100.000000,0.274226,2.000000,0.855776,4.445477
56100.0,0.000000,0.005630,0.000000,0.000579,3.300360,100.000000,-0.187191,2.000000,0.857731,4.445477
56110.0,0.000000,0.010295,0.000000,-0.000920,3.300360,100.000000,-0.031316,2.000000,0.861395,4.445477
56120.0,0.000000,0.004606,0.000000,0.000000,3.300360,100.000000,0.168604,2.000000,0.861771,4.445477
56130.0,0.000000,-0.036314,0.000000,-0.000579,3.300360,100.000000,-0.851020,2.000000,0.867515,4.445093
56140.0,0.000000,-0.009928,0.000000,0.000000,3.300360,100.000000,-0.552394,2.000000,0.863983,4.444326
56150.0,0.000000,0.029775,0.000000,-0.000920,3.300360,100.000000,-0.188325,2.000000,0.867827,4.443559
56160.0,0.000000,0.009849,0.000000,-0.000920,3.300360,100.000000,-1.135629,2.000000,0.855514,4.443175
56170.0,0.000000,-0.003097,0.000000,0.000000,3.300360,100.000000,-0.123377,2.000000,0.852173,4.443175
56180.0,0.000000,-0.000013,0.000000,-0.000920,3.300360,100.000000,0.013573,2.000000,0.852520,4.443175
56190.0,0.000000,-0.007952,0.000000,-0.000579,3.300360,100.000000,0.062286,2.000000,0.858680,4.443175
56200.0,0.000000,0.007311,0.000000,0.000000,3.300360,100.000000,0.155063,2.000000,0.858149,4.443175
56210.0,0.000000,0.030893,0.000000,-0.000579,3.300360,100.000000,0.140231,2.000000,0.858854,4.443175
56220.0,0.000000,0.023630,0.000000,0.001157,3.300360,100.000000,0.092038,2.000000,0.861489,4.443175
56230.0,0.000000,-0.019331,0.000000,-0.000579,3.300360,100.000000,0.022760,2.000000,0.865893,4.443175
56240.0,0.000000,-0.025960,0.000000,0.000000,3.300360,100.000000,-0.194973,2.000000,0.846718,4.443175
56250.0,0.000000,-0.038507,0.000000,-0.000342,3.300360,100.000000,-0.154322,2.000000,0.853052,4.443175
56260.0,0.000000,-0.007857,0.000000,0.000000,3.300360,100.000000,-0.000886,2.000000,0.854286,4.443559
56270.0,0.000000,0.021499,0.000000,0.000342,3.300360,100.000000,-0.201970,2.000000,0.858331,4.443559
56280.0,0.000000,0.022542,0.000000,0.000000,3.300360,100.000000,0.210357,2.000000,0.857100,4.443559
56290.0,0.000000,0.020049,0.000000,0.000000,3.300360,100.000000,0.178318,2.000000,0.861320,4.443559
56300.0,0.000000,-0.022475,0.000000,0.000000,3.300360,100.000000,0.034066,2.000000,0.861848,4.443559
56310.0,0.000000,-0.024792,0.000000,0.000000,3.300360,100.000000,-0.112372,2.000000,0.866244,4.443559
56320.0,0.000000,-0.019942,0.000000,-0.000342,3.300360,100.000000,-0.176629,2.000000,0.851297,4.443559
56330.0,0.000000,-0.030897,0.000000,-0.000342,3.300360,100.000000,-0.093919,2.000000,0.858155,4.443559
56340.0,0.000000,-0.017449,0.000000,0.000579,3.300360,100.000000,0.030292,2.000000,0.854638,4.443559
56350.0,0.000000,-0.002022,0.000000,0.000000,3.300360,100.000000,0.085523,2.000000,0.858867,4.443943
56360.0,0.000000,0.018415,0.000000,0.000000,3.300360,100.000000,0.142555,2.000000,0.860104,4.443943
56370.0,0.000000,0.032109,0.000000,0.000000,3.300360,100.000000,-0.014172,2.000000,0.857809,4.443943
56380.0,0.000000,0.005346,0.000000,0.000579,3.300360,100.000000,0.760540,2.000000,0.864502,4.444326
56390.0,0.000000,0.008319,0.000000,-0.000237,3.300360,100.000000,-0.202851,2.000000,0.861497,4.444326
56400.0,0.000000,0.001772,0.000000,0.000237,3.300360,100.000000,-0.147280,2.000000,0.852374,4.444326
56410.0,0.000000,-0.030392,0.000000,0.000342,3.300360,100.000000,-0.039495,2.000000,0.858336,4.444326
56420.0,0.000000,-0.030821,0.000000,-0.000579,3.300360,100.000000,0.051477,2.000000,0.858336,4.444326
56430.0,0.000000,0.056682,0.000000,0.000579,3.300360,100.000000,0.135911,2.000000,0.861497,4.444326
56440.0,0.000000,0.034440,0.000000,0.000342,3.300360,100.000000,2.284709,2.000000,0.965777,4.444326
56450.0,0.000000,0.003541,0.000000,0.001841,3.300360,100.000000,1.975086,2.000000,0.986303,4.445860
56460.0,0.000000,-0.004662,0.000000,-0.000342,3.300360,100.000000,0.789800,2.000000,0.975836,4.446627
56470.0,0.000000,0.015939,0.000000,0.000000,3.300360,100.000000,1.893645,2.000000,0.980632,4.448161
56480.0,0.000000,0.027621,0.000000,0.000342,3.300360,100.000000,1.014133,2.000000,0.992006,4.449311
56490.0,0.000000,-0.016524,0.000000,-0.000342,3.300360,100.000000,1.638238,2.000000,0.993465,4.450462
56500.0,0.000000,-0.027610,0.000000,-0.000579,3.300360,100.000000,-0.168210,2.000000,1.004660,4.450845
56510.0,0.000000,-0.022719,0.000000,-0.000473,3.300360,100.000000,-0.327726,2.000000,0.986767,4.451229
56520.0,0.000000,-0.030380,0.000000,-0.000579,3.300360,100.000000,-0.089750,2.000000,0.993692,4.451229
56530.0,0.000000,0.008057,0.000000,-0.000579,3.300360,100.000000,0.849424,2.000000,0.996858,4.451996
56540.0,0.000000,0.025310,0.000000,0.000237,3.300360,100.000000,0.223924,2.000000,1.003113,4.452379
56550.0,0.000000,0.026499,0.000000,0.000000,3.300360,100.000000,0.709375,2.000000,1.007724,4.453530
56560.0,0.000000,0.017005,0.000000,-0.000237,3.300360,100.000000,0.468107,2.000000,1.002168,4.454297
56570.0,0.000000,-0.008394,0.000000,0.000237,3.300360,100.000000,0.412922,2.000000,0.998558,4.454680
56580.0,0.000000,-0.030225,0.000000,-0.000342,3.300360,100.000000,-0.077975,2.000000,1.002466,4.455064
56590.0,0.000000,-0.018171,0.000000,0.000579,3.300360,100.000000,-0.083072,2.000000,1.005110,4.455064
56600.0,0.000000,0.004890,0.000000,-0.001499,3.300360,100.000000,0.163306,2.000000,1.012377,4.455064
56610.0,0.000000,0.025491,0.000000,-0.000579,3.300360,100.000000,-0.167017,2.000000,1.011974,4.455064
56620.0,0.000000,0.029806,0.000000,-0.000579,3.300360,100.000000,-0.125423,2.000000,1.001660,4.455064
56630.0,0.000000,0.016861,0.000000,-0.000579,3.300360,100.000000,-0.098307,2.000000,1.001755,4.455064
56640.0,0.000000,-0.001147,0.000000,0.000000,3.300360,100.000000,0.240857,2.000000,1.008121,4.455064
56650.0,0.000000,-0.005337,0.000000,-0.000579,3.300360,100.000000,0.238862,2.000000,1.009117,4.455064
56660.0,0.000000,-0.011009,0.000000,0.000000,3.300360,100.000000,-0.270019,2.000000,1.014582,4.455064
56670.0,0.000000,-0.006444,0.000000,0.000000,3.300360,100.000000,4.498537,2.000000,0.998759,4.458132
56680.0,0.000000,0.029105,0.000000,0.001157,3.300360,100.000000,9.957689,1.996199,1.012853,4.466185
56690.0,0.000000,0.022997,0.000000,-0.000237,3.300360,100.000000,21.135269,1.921585,1.030591,4.482676
56700.0,0.000000,0.008571,0.000000,-0.000920,3.299976,100.000000,34.598221,1.783396,1.054955,4.511821
56710.0,0.000000,0.138663,0.000000,0.000000,3.299593,100.000000,85.934959,1.075767,1.027675,4.568578
56720.0,0.000000,-11.875729,0.000000,-0.000547,3.306496,100.000000,158.875381,-0.058873,-0.058051,4.721593
56730.0,0.000000,3.187382,0.000000,-0.000395,3.309180,100.000000,154.101868,-0.043318,-0.017822,4.883044
56740.0,0.000000,5.860995,0.000000,0.000000,3.304962,100.000000,145.935440,0.032133,0.031437,5.036443
56750.0,0.000000,-0.221295,0.000000,0.000000,3.303811,100.000000,142.514923,0.040511,0.075114,5.186006
56760.0,0.000000,3.812563,0.000000,-0.000921,3.301510,100.000000,141.995163,0.007510,0.006390,5.334418
56770.0,0.000000,0.829561,0.000000,-0.000582,3.299593,100.000000,136.161072,0.057434,0.080257,5.477078
56780.0,0.000000,-0.403593,0.000000,0.000000,3.299593,100.000000,132.875809,0.075384,0.074141,5.614753
56790.0,0.000000,0.093581,0.000000,0.000245,3.299593,100.000000,134.915283,0.008970,0.012886,5.757797
56800.0,0.000000,-1.668347,0.000000,0.000000,3.300360,100.000000,125.624336,0.121026,0.120138,5.889719
56810.0,0.000000,0.199646,0.000000,-0.000347,3.301127,100.000000,131.997116,-0.005877,0.010942,6.029312
56820.0,0.000000,0.222623,0.000000,0.000349,3.301510,100.000000,128.467819,0.019438,0.018617,6.162001
56830.0,0.000000,-0.023543,0.000000,0.000698,3.301510,100.000000,130.717865,-0.041757,-0.040548,0.014189
56840.0,0.000000,-0.019102,0.000000,0.000349,3.301510,100.000000,123.243820,0.040492,0.039554,0.148796
56850.0,0.000000,-0.021082,0.000000,-0.000224,3.301510,100.000000,125.496483,-0.015685,-0.015179,0.277651
56860.0,0.000000,0.159720,0.000000,-0.000347,3.301127,100.000000,117.802727,0.074428,0.080730,0.406505
56870.0,0.000000,-0.092617,0.000000,-0.000347,3.301127,100.000000,126.109444,-0.070754,-0.070183,0.534592
56880.0,0.000000,0.037710,0.000000,0.000000,3.301127,100.000000,119.638657,0.002902,0.008782,0.663063
56890.0,0.000000,0.013945,0.000000,0.000921,3.301127,100.000000,117.484833,0.018730,0.018585,0.784248
56900.0,0.000000,0.011250,0.000000,-0.000228,3.301127,100.000000,113.929268,0.054577,0.049841,0.907350
56910.0,0.000000,-0.015556,0.000000,-0.000347,3.301127,100.000000,117.177269,-0.007155,-0.006098,1.026233
56920.0,0.000000,-0.016238,0.000000,0.000000,3.301127,100.000000,115.683784,-0.004188,-0.016356,1.151636
56930.0,0.000000,0.002536,0.000000,-0.000228,3.301127,100.000000,112.691887,0.028327,0.030676,1.267835
56940.0,0.000000,0.012707,0.000000,-0.000921,3.301127,100.000000,112.602577,0.016035,0.014312,1.388253
56950.0,0.000000,0.031481,0.000000,-0.000575,3.301127,100.000000,110.850800,0.033101,0.034453,1.501767
56960.0,0.000000,0.004611,0.000000,0.000000,3.301127,100.000000,113.832985,-0.027377,-0.034751,1.624486
56970.0,0.000000,-0.038382,0.000000,0.000000,3.301127,100.000000,108.477699,0.043170,0.043674,1.736850
56980.0,0.000000,-0.004551,0.000000,0.000575,3.301127,100.000000,109.820229,0.014235,0.022000,1.853049
56990.0,0.000000,-0.025894,0.000000,0.000000,3.301127,100.000000,106.877716,0.050381,0.049549,1.963879
57000.0,0.000000,-0.000415,0.000000,0.000575,3.301127,100.000000,112.747932,-0.048252,-0.048248,2.082762
57010.0,0.000000,0.013026,0.000000,-0.000575,3.301127,100.000000,108.042076,0.011906,0.011282,2.195894
57020.0,0.000000,0.029808,0.000000,0.000000,3.301127,100.000000,105.250511,0.047026,0.046208,2.309025
57030.0,0.000000,0.011313,0.000000,0.000000,3.301127,100.000000,107.857475,0.001551,0.002756,2.419471
57040.0,0.000000,-0.015808,0.000000,0.000347,3.301127,100.000000,106.732521,0.011666,0.023851,2.532986
57050.0,0.000000,-0.032790,0.000000,0.000000,3.301127,100.000000,107.712128,-0.009982,-0.009118,2.643432
57060.0,0.000000,-0.007565,0.000000,0.000000,3.301127,100.000000,104.381760,0.034104,0.032348,2.755413
57070.0,0.000000,0.007757,0.000000,0.000575,3.301127,100.000000,104.131149,0.034684,0.035126,2.862025
57080.0,0.000000,0.037111,0.000000,0.000575,3.301127,100.000000,104.512848,0.022046,0.010360,2.975539
57090.0,0.000000,0.010999,0.000000,0.000575,3.301127,100.000000,106.100418,-0.005332,-0.003210,3.082918
57100.0,0.000000,-0.001889,0.000000,-0.000347,3.301127,100.000000,104.578018,0.010345,-0.000720,3.196433
57110.0,0.000000,0.026358,0.000000,0.000575,3.301127,100.000000,103.986450,0.015484,0.015472,3.303044
57120.0,0.000000,0.006272,0.000000,0.000000,3.301127,100.000000,104.187424,0.008667,0.005797,3.413874
57130.0,0.000000,-0.015290,0.000000,0.000575,3.301127,100.000000,100.659622,0.059014,0.056408,3.518952
57140.0,0.000000,0.004667,0.000000,0.000575,3.301127,100.000000,104.728897,-0.004544,0.006710,3.629015
57150.0,0.000000,0.024782,0.000000,0.000000,3.301127,100.000000,103.576744,0.008729,0.008445,3.736010
57160.0,0.000000,-0.019732,0.000000,0.000575,3.301127,100.000000,100.967712,0.043550,0.039205,3.846457
57170.0,0.000000,-0.022184,0.000000,-0.000347,3.301127,100.000000,104.596382,-0.012840,-0.013019,3.952302
57180.0,0.000000,0.007171,0.000000,-0.000347,3.301127,100.000000,99.611954,0.060146,0.062667,4.059680
57190.0,0.000000,0.017249,0.000000,0.000921,3.301127,100.000000,104.625061,-0.017059,-0.015537,4.165908
57200.0,0.000000,0.022177,0.000000,-0.000693,3.301127,100.000000,101.147598,0.031560,0.024243,4.275205
57210.0,0.000000,0.023559,0.000000,0.000575,3.301127,100.000000,96.586678,0.100014,0.098198,4.376447
57220.0,0.000000,0.047401,0.000000,0.000347,3.301127,100.000000,99.046860,0.064316,0.046123,4.483826
57230.0,0.000000,0.003546,0.000000,-0.000347,3.301127,100.000000,97.031967,0.097681,0.097889,4.581617
57240.0,0.000000,-0.023576,0.000000,0.000000,3.301127,100.000000,99.941460,0.055114,0.063130,4.689379
57250.0,0.000000,-0.023370,0.000000,-0.000575,3.301127,100.000000,99.632317,0.058948,0.059566,4.791773
57260.0,0.000000,-0.007569,0.000000,0.000000,3.301127,100.000000,100.200989,0.047404,0.026363,4.902603
57270.0,0.000000,0.028597,0.000000,-0.000575,3.301127,100.000000,103.300140,0.000196,0.002441,5.006146
57280.0,0.000000,0.031594,0.000000,0.000575,3.301127,100.000000,96.653046,0.103341,0.121829,5.108923
57290.0,0.000000,-0.005954,0.000000,0.000000,3.301127,100.000000,102.122009,0.020602,0.021628,5.212467
57300.0,0.000000,-0.020797,0.000000,0.000000,3.301127,100.000000,99.020935,0.065918,0.063703,5.320229
57310.0,0.000000,-0.039570,0.000000,0.000575,3.301127,100.000000,95.477913,0.123218,0.123974,5.418020
57320.0,0.000000,0.034713,0.000000,0.000000,3.301127,100.000000,98.262421,0.081701,0.066530,5.525015
57330.0,0.000000,-0.006198,0.000000,-0.000228,3.301127,100.000000,97.549034,0.095363,0.095378,5.624341
57340.0,0.000000,-0.001564,0.000000,-0.000347,3.301127,100.000000,101.624672,0.033901,0.034456,5.732103
57350.0,0.000000,0.015330,0.000000,0.000000,3.301127,100.000000,98.138344,0.087388,0.086538,5.832962
57360.0,0.000000,0.009477,0.000000,0.000000,3.301127,100.000000,97.119652,0.104578,0.096716,5.937273
57370.0,0.000000,-0.008414,0.000000,0.000575,3.301127,100.000000,104.572006,-0.007444,-0.006514,6.042350
57380.0,0.000000,0.006577,0.000000,0.000000,3.301127,100.000000,102.284309,0.023988,0.027174,6.151647
57390.0,0.000000,-0.000956,0.000000,0.000000,3.301127,100.000000,103.478317,0.003797,0.004263,6.257108
57400.0,0.000000,-0.010261,0.000000,0.000575,3.301127,100.000000,102.461296,0.015653,0.016103,0.083985
57410.0,0.000000,-0.027497,0.000000,0.000575,3.301127,100.000000,100.613838,0.041781,0.041164,0.187913
57420.0,0.000000,0.024198,0.000000,-0.000921,3.301127,100.000000,106.126122,-0.045057,-0.042825,0.299893
57430.0,0.000000,0.013709,0.000000,0.000347,3.301127,100.000000,98.975677,0.061984,0.062250,0.402286
57440.0,0.000000,-0.015073,0.000000,0.000000,3.301127,100.000000,102.803871,0.001630,-0.000661,0.512350
57450.0,0.000000,-0.034778,0.000000,0.000000,3.301127,100.000000,102.928108,-0.003547,-0.004252,0.618578
57460.0,0.000000,0.015348,0.000000,0.000921,3.301127,100.000000,100.023613,0.038523,0.033192,0.726340
57470.0,0.000000,0.029237,0.000000,0.000000,3.301127,100.000000,102.107994,0.005634,0.004833,0.830651
57480.0,0.000000,0.008469,0.000000,-0.000575,3.301127,100.000000,99.052124,0.053614,0.072262,0.935345
57490.0,0.000000,0.006090,0.000000,-0.000575,3.301127,100.000000,102.692368,-0.002832,-0.003711,1.040422
57500.0,0.000000,0.010300,0.000000,-0.000575,3.301127,100.000000,104.574448,-0.034385,-0.026372,1.151253
57510.0,0.000000,-0.000775,0.000000,-0.000575,3.301127,100.000000,98.539207,0.054423,0.052106,1.254029
57520.0,0.000000,-0.015552,0.000000,0.000000,3.301127,100.000000,102.307190,-0.001813,0.002782,1.361408
57530.0,0.000000,0.001341,0.000000,0.000347,3.301127,100.000000,98.403137,0.057769,0.058102,1.462651
57540.0,0.000000,0.007767,0.000000,0.000575,3.301127,100.000000,103.926987,-0.027206,-0.026596,1.572714
57550.0,0.000000,0.012512,0.000000,-0.000575,3.301127,100.000000,100.657631,0.018863,0.017357,1.677791
57560.0,0.000000,-0.012524,0.000000,-0.000575,3.301127,100.000000,96.956200,0.075716,0.068403,1.782486
57570.0,0.000000,-0.014683,0.000000,0.000347,3.301127,100.000000,101.405365,0.009158,0.009787,1.885646
57580.0,0.000000,-0.015293,0.000000,0.000228,3.301127,100.000000,100.652039,0.021317,0.036229,1.991874
57590.0,0.000000,0.001601,0.000000,0.000000,3.301127,100.000000,102.597488,-0.011005,-0.011633,2.098486
57600.0,0.000000,0.006235,0.000000,0.000228,3.301127,100.000000,100.427803,0.018325,0.004687,2.207782
57610.0,0.000000,0.026581,0.000000,0.000347,3.301127,100.000000,98.156357,0.053467,0.052535,2.308641
57620.0,0.000000,-0.039162,0.000000,0.000921,3.301127,100.000000,100.841476,0.012552,0.000000,2.416787
57630.0,0.000000,0.003476,0.000000,-0.001268,3.301127,100.000000,100.412552,0.019132,0.020094,2.519563
57640.0,0.000000,0.016741,0.000000,0.000000,3.301127,100.000000,101.591385,-0.000019,0.004047,2.628093
57650.0,0.000000,0.003874,0.000000,-0.000228,3.301127,100.000000,99.635384,0.028763,0.027106,2.730486
57660.0,0.000000,0.000376,0.000000,0.000575,3.301127,100.000000,97.378754,0.064764,0.064684,2.832879
57670.0,0.000000,-0.009353,0.000000,0.000000,3.301127,100.000000,101.167870,0.006146,-0.006372,2.942175
57680.0,0.000000,-0.019839,0.000000,0.000000,3.301127,100.000000,100.116325,0.022538,0.025498,3.044185
57690.0,0.000000,-0.025692,0.000000,-0.000347,3.301127,100.000000,102.414543,-0.013455,-0.013005,3.153098
57700.0,0.000000,-0.005346,0.000000,0.000347,3.301127,100.000000,100.905342,0.007792,0.008266,3.256641
57710.0,0.000000,0.025376,0.000000,0.000000,3.301127,100.000000,98.321999,0.047500,0.065354,3.361336
57720.0,0.000000,-1.045007,0.000000,0.000571,3.301894,100.000000,100.871765,0.007779,0.007021,3.465263
57730.0,0.000000,-0.266924,0.000000,0.000000,3.302277,100.000000,99.614929,0.029043,0.036856,3.569957
57740.0,0.000000,0.178543,0.000000,0.001137,3.302277,100.000000,102.173882,-0.009749,-0.008842,3.673501
57750.0,0.000000,-0.004212,0.000000,0.000569,3.302277,100.000000,101.875565,-0.008208,-0.021456,3.783180
57760.0,0.000000,4.186740,0.000000,-0.000920,3.299593,100.000000,100.335297,0.015061,0.014445,3.885573
57770.0,0.000000,2.079165,0.000000,0.000000,3.296525,100.000000,99.705589,0.023354,0.014062,3.993335
57780.0,0.000000,-0.454924,0.000000,-0.000628,3.295758,100.000000,97.987595,0.051359,0.051224,4.093428
57790.0,0.000000,0.065507,0.000000,-0.000314,3.295758,100.000000,102.995972,-0.024439,-0.016709,4.201957
57800.0,0.000000,-2.657808,0.000000,0.000590,3.298059,100.000000,100.410400,0.013477,0.015218,4.304734
57810.0,0.000000,-0.988646,0.000000,0.000000,3.299976,100.000000,96.559692,0.075386,0.092807,4.407510
57820.0,0.000000,-0.840348,0.000000,0.000577,3.300743,100.000000,95.619713,0.090832,0.090226,4.506835
57830.0,0.000000,0.148992,0.000000,-0.000577,3.300743,100.000000,97.696739,0.065339,0.078884,4.608845
57840.0,0.000000,-0.026651,0.000000,0.000344,3.300743,100.000000,98.887451,0.049157,0.048387,4.710088
57850.0,0.000000,-0.039542,0.000000,-0.000921,3.300743,100.000000,99.735191,0.036600,0.040206,4.816700
57860.0,0.000000,-0.002027,0.000000,0.000577,3.300743,100.000000,99.082954,0.046124,0.044207,4.919093
57870.0,0.000000,1.081698,0.000000,-0.000679,3.299976,100.000000,98.459267,0.055241,0.029760,5.026088
57880.0,0.000000,1.501542,0.000000,-0.000919,3.298826,100.000000,97.861992,0.068148,0.068650,5.124647
57890.0,0.000000,0.559801,0.000000,0.000262,3.298059,100.000000,101.622437,0.011168,0.002789,5.232792
57900.0,0.000000,-0.184704,0.000000,-0.000328,3.298059,100.000000,96.439896,0.089645,0.086884,5.332884
57910.0,0.000000,0.036044,0.000000,0.000000,3.298442,100.000000,98.985245,0.058094,0.076500,5.434127
57920.0,0.000000,-0.530323,0.000000,0.000000,3.299209,100.000000,97.093788,0.086419,0.084726,5.535370
57930.0,0.000000,0.148454,0.000000,0.000000,3.299593,100.000000,97.456459,0.085610,0.084570,5.638146
57940.0,0.000000,-0.148950,0.000000,-0.000920,3.299976,100.000000,101.014069,0.033065,0.033578,5.740540
57950.0,0.000000,0.010859,0.000000,-0.000340,3.299976,100.000000,97.191292,0.091926,0.094614,5.845234
57960.0,0.000000,1.090789,0.000000,0.000000,3.299593,100.000000,97.342491,0.092081,0.091867,5.944942
57970.0,0.000000,0.714484,0.000000,0.000000,3.298826,100.000000,103.500603,-0.001601,-0.004000,6.054622
57980.0,0.000000,-0.183826,0.000000,0.000586,3.298826,100.000000,101.662781,0.025380,0.026482,6.157783
57990.0,0.000000,0.032230,0.000000,0.000000,3.298826,100.000000,103.433098,-0.003652,-0.001490,6.267462
58000.0,0.000000,0.032430,0.000000,0.000919,3.298826,100.000000,102.421799,0.009138,0.009640,0.089354
58010.0,0.000000,-0.831063,0.000000,0.000337,3.299593,100.000000,100.709587,0.033728,0.043416,0.197117
58020.0,0.000000,0.202672,0.000000,-0.000582,3.299593,100.000000,103.218117,-0.006966,-0.007444,0.303345
58030.0,0.000000,-0.000365,0.000000,0.000920,3.299593,100.000000,100.738579,0.029350,0.036649,0.410723
58040.0,0.000000,-0.034587,0.000000,-0.000582,3.299593,100.000000,103.966454,-0.021369,-0.021031,0.516952
58050.0,0.000000,-0.004134,0.000000,0.000000,3.299593,100.000000,101.510918,0.011676,0.000916,0.626631
58060.0,0.000000,-0.002848,0.000000,0.001165,3.299593,100.000000,99.633736,0.039651,0.041784,0.729408
58070.0,0.000000,0.014655,0.000000,-0.001839,3.299593,100.000000,99.986794,0.033213,0.024247,0.838321
58080.0,0.000000,-0.009967,0.000000,-0.000582,3.299593,100.000000,100.015884,0.034031,0.034862,0.938796
58090.0,0.000000,0.024737,0.000000,-0.000582,3.299593,100.000000,102.763115,-0.007944,-0.007004,1.045024
58100.0,0.000000,0.006500,0.000000,-0.001165,3.299593,100.000000,101.595375,0.006043,0.002461,1.155855
58110.0,0.000000,-0.020441,0.000000,0.000582,3.299593,100.000000,99.681252,0.034255,0.034158,1.257864
58120.0,0.000000,-0.002030,0.000000,0.000000,3.299593,100.000000,99.707466,0.033628,0.025701,1.365626
58130.0,0.000000,-0.012734,0.000000,-0.000337,3.299593,100.000000,100.529846,0.022355,0.022848,1.466869
58140.0,0.000000,-0.027636,0.000000,-0.000337,3.299593,100.000000,103.228271,-0.020144,-0.020978,1.577316
58150.0,0.000000,0.019114,0.000000,0.000000,3.299593,100.000000,100.316483,0.020639,0.018861,1.680859
58160.0,0.000000,0.025364,0.000000,0.000920,3.299593,100.000000,97.684036,0.061709,0.059221,1.787088
58170.0,0.000000,0.004888,0.000000,0.000000,3.299593,100.000000,98.904938,0.044230,0.043764,1.889097
58180.0,0.000000,-0.002669,0.000000,0.000000,3.299593,100.000000,100.861229,0.015580,0.028664,1.995709
58190.0,0.000000,0.016246,0.000000,0.000582,3.299593,100.000000,104.724258,-0.045423,-0.046996,2.102704
58200.0,0.000000,0.025922,0.000000,-0.000582,3.299593,100.000000,100.369629,0.017713,0.013419,2.210466
58210.0,0.000000,0.014903,0.000000,-0.000920,3.299593,100.000000,99.058197,0.037957,0.038781,2.312093
58220.0,0.000000,-0.016718,0.000000,0.000000,3.299593,100.000000,100.845848,0.010549,-0.002096,2.419855
58230.0,0.000000,-0.005226,0.000000,-0.000920,3.299593,100.000000,99.817055,0.026269,0.028647,2.522248
58240.0,0.000000,0.006127,0.000000,0.000337,3.299593,100.000000,102.425728,-0.014364,-0.013700,2.630777
58250.0,0.000000,-0.000866,0.000000,0.000000,3.299593,100.000000,98.382515,0.046212,0.045166,2.732787
58260.0,0.000000,-0.015392,0.000000,-0.000920,3.299593,100.000000,98.934013,0.039182,0.039539,2.838632
58270.0,0.000000,0.010553,0.000000,0.000000,3.299593,100.000000,100.871361,0.009166,0.009702,2.942559
58280.0,0.000000,-0.032123,0.000000,-0.001165,3.299593,100.000000,100.261574,0.018986,0.026054,3.048787
58290.0,0.000000,-0.034436,0.000000,0.000000,3.299593,100.000000,103.048576,-0.024654,-0.025081,3.153865
58300.0,0.000000,-0.013331,0.000000,-0.000337,3.299593,100.000000,99.813988,0.022687,0.016507,3.261243
58310.0,0.000000,0.034810,0.000000,-0.000337,3.299593,100.000000,98.316017,0.045956,0.045992,3.362870
58320.0,0.000000,0.030992,0.000000,0.000337,3.299593,100.000000,99.818504,0.022527,0.003350,3.470632
58330.0,0.000000,0.007369,0.000000,0.000000,3.299593,100.000000,97.241371,0.063059,0.062759,3.570724
58340.0,0.000000,-0.026915,0.000000,-0.000245,3.299593,100.000000,102.533539,-0.017394,-0.019352,3.680020
58350.0,0.000000,-0.034301,0.000000,-0.000582,3.299593,100.000000,100.730278,0.008544,0.009164,3.783564
58360.0,0.000000,-0.023915,0.000000,0.000000,3.299593,100.000000,99.221718,0.031485,0.036765,3.889792
58370.0,0.000000,0.020908,0.000000,0.000000,3.299593,100.000000,100.048546,0.017871,0.016357,3.993335
58380.0,0.000000,0.005237,0.000000,0.000674,3.299593,100.000000,99.579536,0.027415,0.043011,4.098030
58390.0,0.000000,-0.019778,0.000000,-0.000582,3.299593,100.000000,101.926140,-0.009493,-0.009802,4.202724
58400.0,0.000000,-0.005484,0.000000,0.000337,3.299593,100.000000,100.347641,0.014168,0.011692,4.309336
58410.0,0.000000,0.022246,0.000000,-0.000920,3.299593,100.000000,95.012108,0.097660,0.096987,4.406744
58420.0,0.000000,0.021401,0.000000,-0.000245,3.299593,100.000000,94.692688,0.104881,0.079894,4.511054
58430.0,0.000000,0.000098,0.000000,0.000000,3.299593,100.000000,95.794815,0.093094,0.093566,4.608845
58440.0,0.000000,-0.035579,0.000000,0.000000,3.299593,100.000000,100.506638,0.024147,0.026588,4.715074
58450.0,0.000000,-0.025742,0.000000,0.000000,3.299593,100.000000,99.392036,0.040557,0.039291,4.817850
58460.0,0.000000,0.012428,0.000000,0.000582,3.299593,100.000000,99.102753,0.044970,0.044175,4.924462
58470.0,0.000000,0.045260,0.000000,0.000000,3.299593,100.000000,99.914276,0.032347,0.033747,5.026855
58480.0,0.000000,-0.003802,0.000000,-0.000337,3.299593,100.000000,96.945480,0.082183,0.097223,5.128481
58490.0,0.000000,-0.032135,0.000000,0.000582,3.299593,100.000000,104.291687,-0.029407,-0.027960,5.233559
58500.0,0.000000,-0.012719,0.000000,0.000245,3.299593,100.000000,95.355774,0.105873,0.094088,5.337486
58510.0,0.000000,0.003877,0.000000,0.000000,3.299593,100.000000,97.444496,0.079975,0.082308,5.434894
58520.0,0.000000,0.015603,0.000000,-0.000920,3.299593,100.000000,97.146492,0.085531,0.078176,5.539972
58530.0,0.000000,0.020614,0.000000,0.000582,3.299593,100.000000,96.624588,0.096954,0.096236,5.638914
58540.0,0.000000,-0.018773,0.000000,0.000337,3.299593,100.000000,101.348488,0.027065,0.032448,5.745909
58550.0,0.000000,-0.029901,0.000000,0.000000,3.299593,100.000000,96.583153,0.100034,0.101118,5.845617
58560.0,0.000000,-0.029118,0.000000,0.000000,3.299593,100.000000,96.025902,0.111464,0.119338,5.948394
58570.0,0.000000,0.010476,0.000000,-0.000582,3.299593,100.000000,104.641319,-0.018833,-0.018478,6.053855
58580.0,0.000000,0.012027,0.000000,0.000000,3.299593,100.000000,100.317711,0.044206,0.041401,6.161617
58590.0,0.000000,0.011529,0.000000,-0.000582,3.299593,100.000000,103.703148,-0.008129,-0.007595,6.266695
58600.0,0.000000,-0.011811,0.000000,0.000000,3.299593,100.000000,101.361382,0.024107,0.016127,0.092806
58610.0,0.000000,-0.002104,0.000000,-0.000582,3.299593,100.000000,101.160439,0.026481,0.026384,0.196733
58620.0,0.000000,-0.014310,0.000000,-0.000674,3.299593,100.000000,103.038757,-0.005695,-0.012583,0.307563
58630.0,0.000000,0.000501,0.000000,-0.000337,3.299593,100.000000,99.575630,0.046409,0.047163,0.409573
58640.0,0.000000,-0.014025,0.000000,0.000582,3.299593,100.000000,103.768921,-0.019629,-0.020973,0.520403
58650.0,0.000000,-0.005709,0.000000,-0.000582,3.299593,100.000000,102.584557,-0.004565,-0.003941,0.625864
58660.0,0.000000,-0.011421,0.000000,0.000582,3.299593,100.000000,98.851280,0.050443,0.049172,0.732859
58670.0,0.000000,0.001998,0.000000,0.000920,3.299593,100.000000,102.252098,-0.001594,-0.000909,0.836787
58680.0,0.000000,-0.006110,0.000000,0.000000,3.299593,100.000000,98.048218,0.063582,0.070405,0.941097
58690.0,0.000000,-0.021996,0.000000,0.000000,3.299593,100.000000,103.577744,-0.020905,-0.020507,1.046558
58700.0,0.000000,0.000127,0.000000,0.000582,3.299593,100.000000,101.916649,0.000832,-0.005123,1.156238
58710.0,0.000000,-0.017043,0.000000,0.000000,3.299593,100.000000,99.268044,0.039993,0.038959,1.258631
58720.0,0.000000,-0.005316,0.000000,-0.000582,3.299593,100.000000,101.146072,0.012252,0.009055,1.365626
58730.0,0.000000,0.001073,0.000000,0.000000,3.299593,100.000000,98.496437,0.052628,0.054219,1.466869
58740.0,0.000000,0.012800,0.000000,-0.000582,3.299593,100.000000,105.866516,-0.060348,-0.053244,1.578083
58750.0,0.000000,0.030324,0.000000,0.000000,3.299593,100.000000,100.429581,0.018898,0.018585,1.682010
58760.0,0.000000,0.003963,0.000000,0.000000,3.299593,100.000000,97.304329,0.067703,0.076043,1.786321
58770.0,0.000000,-0.012237,0.000000,0.000000,3.299593,100.000000,101.131248,0.010377,0.009713,1.889481
58780.0,0.000000,-0.013584,0.000000,0.000000,3.299593,100.000000,101.079750,0.011949,0.026552,1.995709
58790.0,0.000000,-0.008444,0.000000,0.000337,3.299593,100.000000,103.076752,-0.021196,-0.021882,2.102321
58800.0,0.000000,-0.028811,0.000000,-0.000337,3.299593,100.000000,100.857811,0.009611,-0.000901,2.210850
58810.0,0.000000,-0.027758,0.000000,-0.000920,3.299593,100.000000,97.231781,0.065606,0.066381,2.311326
58820.0,0.000000,-0.008342,0.000000,0.000000,3.299593,100.000000,101.709419,-0.002556,-0.013376,2.419855
58830.0,0.000000,-0.005664,0.000000,0.000000,3.299593,100.000000,99.737419,0.027485,0.027414,2.521864
58840.0,0.000000,0.023692,0.000000,0.001257,3.299593,100.000000,101.590149,-0.001937,0.002443,2.630777
58850.0,0.000000,-0.011670,0.000000,0.000337,3.299593,100.000000,98.962921,0.037204,0.036002,2.732787
58860.0,0.000000,0.021396,0.000000,-0.000245,3.299593,100.000000,99.669296,0.028444,0.040042,2.838248
58870.0,0.000000,0.018687,0.000000,-0.000337,3.299593,100.000000,101.475746,0.000397,0.000000,2.942175
58880.0,0.000000,0.010846,0.000000,0.000000,3.299593,100.000000,100.497826,0.015142,0.022729,3.048787
58890.0,0.000000,-0.022983,0.000000,0.000000,3.299593,100.000000,102.661736,-0.018972,-0.019089,3.153481
58900.0,0.000000,-0.008106,0.000000,0.000245,3.299593,100.000000,101.035492,0.004354,0.010167,3.261243
58910.0,0.000000,-0.010531,0.000000,0.000000,3.299593,100.000000,99.292191,0.031283,0.032285,3.362870
58920.0,0.000000,-0.003907,0.000000,-0.001165,3.299593,100.000000,100.753792,0.007977,-0.003350,3.472166
58930.0,0.000000,0.025590,0.000000,0.000000,3.299593,100.000000,98.322350,0.046674,0.048466,3.571107
58940.0,0.000000,0.008799,0.000000,0.000582,3.299593,100.000000,102.938660,-0.023100,-0.022519,3.677336
58950.0,0.000000,0.034633,0.000000,0.000582,3.299593,100.000000,101.873444,-0.008971,-0.004446,3.787015
58960.0,0.000000,-0.009906,0.000000,0.000920,3.299593,100.000000,98.904686,0.035929,0.035395,3.887491
58970.0,0.000000,-0.044566,0.000000,-0.001165,3.299593,100.000000,99.318039,0.029108,0.020398,3.995636
58980.0,0.000000,-0.016165,0.000000,0.000000,3.299593,100.000000,98.381752,0.045618,0.045448,4.094962
58990.0,0.000000,0.022005,0.000000,0.000000,3.299593,100.000000,102.258369,-0.014593,-0.013119,4.205792
59000.0,0.000000,0.023638,0.000000,0.000000,3.299593,100.000000,99.721779,0.022957,0.024130,4.307034
59010.0,0.000000,-0.019461,0.000000,-0.001165,3.299593,100.000000,95.087074,0.097682,0.117738,4.409044
59020.0,0.000000,-0.019395,0.000000,-0.000337,3.299593,100.000000,95.785973,0.088096,0.085784,4.509520
59030.0,0.000000,-0.032530,0.000000,0.000000,3.299593,100.000000,97.842270,0.062545,0.073397,4.611913
59040.0,0.000000,0.024693,0.000000,0.000000,3.299593,100.000000,98.993027,0.046598,0.047527,4.713923
59050.0,0.000000,0.035700,0.000000,0.001165,3.299593,100.000000,100.306435,0.026898,0.036265,4.820918
59060.0,0.000000,0.003656,0.000000,0.000000,3.299593,100.000000,98.034760,0.061038,0.061017,4.922544
59070.0,0.000000,-0.010870,0.000000,-0.000828,3.299593,100.000000,98.607430,0.051948,0.018578,5.029923
59080.0,0.000000,0.015075,0.000000,-0.001257,3.299593,100.000000,96.687363,0.085642,0.086732,5.127715
59090.0,0.000000,-0.017080,0.000000,0.000000,3.299593,100.000000,101.466637,0.012973,0.012577,5.235860
59100.0,0.000000,-0.008764,0.000000,0.000000,3.299593,100.000000,97.970299,0.066118,0.066727,5.336720
59110.0,0.000000,0.017070,0.000000,0.000337,3.299593,100.000000,97.818947,0.074497,0.098306,5.437962
59120.0,0.000000,0.007758,0.000000,-0.000245,3.299593,100.000000,97.278740,0.082691,0.081420,5.539588
59130.0,0.000000,0.012252,0.000000,0.000000,3.299593,100.000000,97.556366,0.082975,0.092850,5.641982
59140.0,0.000000,0.024280,0.000000,0.000000,3.299593,100.000000,99.695328,0.051432,0.051246,5.744758
59150.0,0.000000,0.009754,0.000000,-0.000582,3.299593,100.000000,97.208221,0.089903,0.091409,5.849836
59160.0,0.000000,0.026884,0.000000,0.000245,3.299593,100.000000,96.801659,0.099021,0.099455,5.948778
59170.0,0.000000,-0.010374,0.000000,-0.000674,3.299593,100.000000,103.125885,0.002771,-0.012913,6.058457
59180.0,0.000000,-0.015975,0.000000,0.000920,3.299593,100.000000,101.140472,0.031696,0.033188,6.162001
59190.0,0.000000,0.011251,0.000000,0.000000,3.299593,100.000000,102.623192,0.007236,-0.001473,6.271297
59200.0,0.000000,-0.001773,0.000000,0.000000,3.299593,100.000000,101.633904,0.019395,0.018676,0.093573
59210.0,0.000000,0.030556,0.000000,0.000337,3.299593,100.000000,100.979980,0.028367,0.040975,0.201335
59220.0,0.000000,0.012429,0.000000,0.000000,3.299593,100.000000,104.189728,-0.023111,-0.023302,0.307563
59230.0,0.000000,0.015532,0.000000,0.000000,3.299593,100.000000,101.805435,0.012691,0.037318,0.414175
59240.0,0.000000,0.018745,0.000000,-0.000582,3.299593,100.000000,102.458534,0.000475,0.003322,0.520020
59250.0,0.000000,0.013033,0.000000,-0.000582,3.299593,100.000000,102.046547,0.002819,0.003029,0.630466
59260.0,0.000000,-0.001383,0.000000,-0.000582,3.299593,100.000000,99.420990,0.042100,0.042712,0.732476
59270.0,0.000000,-0.010806,0.000000,0.000674,3.299593,100.000000,99.568947,0.038695,0.029144,0.840238
59280.0,0.000000,-0.011304,0.000000,0.000000,3.299593,100.000000,99.452095,0.042441,0.042467,0.941481
59290.0,0.000000,0.010819,0.000000,0.001747,3.299593,100.000000,102.303490,-0.002335,-0.000931,1.050777
59300.0,0.000000,-0.007308,0.000000,0.000000,3.299593,100.000000,101.916176,0.000760,0.000692,1.156238
59310.0,0.000000,0.014815,0.000000,-0.000582,3.299593,100.000000,99.577827,0.035514,0.035489,1.262850
59320.0,0.000000,0.017071,0.000000,0.000000,3.299593,100.000000,100.828934,0.016281,0.016826,1.366010
59330.0,0.000000,0.012329,0.000000,0.000000,3.299593,100.000000,99.799744,0.033054,0.034113,1.471471
59340.0,0.000000,-0.034853,0.000000,0.000000,3.299593,100.000000,103.935257,-0.030829,-0.029007,1.577316
59350.0,0.000000,-0.032791,0.000000,0.000582,3.299593,100.000000,100.343178,0.020607,0.019489,1.683544
59360.0,0.000000,0.020339,0.000000,-0.001257,3.299593,100.000000,97.641899,0.062214,0.063600,1.786321
59370.0,0.000000,-0.001101,0.000000,0.000000,3.299593,100.000000,99.930222,0.028624,0.029030,1.890631
59380.0,0.000000,0.015177,0.000000,0.000337,3.299593,100.000000,99.556015,0.034729,0.034977,1.995326
59390.0,0.000000,-0.011685,0.000000,-0.000092,3.299593,100.000000,104.994286,-0.049635,-0.037250,2.106156
59400.0,0.000000,-0.018727,0.000000,0.000000,3.299593,100.000000,100.068161,0.021173,0.022583,2.210466
59410.0,0.000000,0.021852,0.000000,0.000000,3.299593,100.000000,97.652222,0.059100,0.065354,2.314394
59420.0,0.000000,0.019647,0.000000,-0.000582,3.299593,100.000000,101.248299,0.004582,0.004839,2.417937
59430.0,0.000000,0.036857,0.000000,0.001165,3.299593,100.000000,101.118378,0.006782,0.016703,2.524932
59440.0,0.000000,-0.020767,0.000000,0.000000,3.299593,0.000000,101.672348,0.000000,-0.000000,2.629243
59450.0,0.000000,-0.013110,0.000000,-0.000920,3.299593,0.000000,98.176064,0.000000,0.000000,2.744675
59460.0,0.000000,-0.039034,0.000000,0.000000,3.299593,0.000000,88.908997,0.000000,-0.000990,2.850903
59470.0,0.000000,0.033672,0.000000,0.000337,3.299593,0.000000,88.070572,0.000000,0.000000,2.954831
59480.0,0.000000,0.012875,0.000000,0.000000,3.299593,0.000000,85.813812,0.000000,-0.000872,3.046103
59490.0,0.000000,-0.021409,0.000000,-0.000582,3.299593,0.000000,86.139137,0.000000,0.000000,3.144661
59500.0,0.000000,-0.177879,0.000000,-0.000584,3.299209,0.000000,85.581749,0.000000,0.001603,3.234399
59510.0,0.000000,0.000667,0.000000,-0.000919,3.299209,0.000000,78.193970,0.000000,0.000000,3.321452
59520.0,0.000000,0.045040,0.000000,-0.000584,3.299209,0.000000,78.672066,0.000000,0.000892,3.402753
59530.0,0.000000,-1.058060,0.000000,-0.000582,3.299593,0.000000,72.078346,0.000000,-0.002237,3.484437
59540.0,0.000000,0.278105,0.000000,0.000920,3.299593,0.000000,64.836609,0.000000,0.001561,3.554617
59550.0,0.000000,-0.045516,0.000000,0.000000,3.299593,0.000000,61.731598,0.000000,-0.000296,3.622112
59560.0,0.000000,0.403751,0.000000,-0.000584,3.299209,0.000000,64.688797,0.000000,0.000246,3.687306
59570.0,0.000000,-0.051290,0.000000,0.000000,3.299209,0.000000,63.619831,0.000000,0.000000,3.755569
59580.0,0.000000,0.032037,0.000000,0.000000,3.299209,0.000000,59.445786,0.000000,0.000000,3.818462
59590.0,0.000000,-0.701355,0.000000,-0.000582,3.299593,0.000000,59.550888,0.000000,0.000000,3.881355
59600.0,0.000000,0.262270,0.000000,-0.000337,3.299593,0.000000,56.020779,0.000000,0.000000,3.939646
59610.0,0.000000,-0.043923,0.000000,0.000000,3.299593,0.000000,47.598595,0.000000,0.000880,3.994869
59620.0,0.000000,-0.026976,0.000000,0.000000,3.299593,0.000000,40.330017,0.000000,-0.000478,4.040122
59630.0,0.000000,-0.040110,0.000000,-0.000920,3.299593,0.000000,37.142681,0.000000,-0.000666,4.081540
59640.0,0.000000,-0.018204,0.000000,0.000920,3.299593,0.000000,36.867203,0.000000,0.001596,4.119505
59650.0,0.000000,0.000945,0.000000,-0.000337,3.299593,0.000000,37.633221,0.000000,-0.001275,4.159006
59660.0,0.000000,0.014758,0.000000,-0.000337,3.299593,0.000000,39.209492,0.000000,0.000000,4.198505
59670.0,0.000000,0.024165,0.000000,0.000337,3.299593,0.000000,39.200104,0.000000,0.000879,4.239923
59680.0,0.000000,0.009966,0.000000,0.000000,3.299593,0.000000,40.693382,0.000000,0.000848,4.280957
59690.0,0.000000,-0.010401,0.000000,0.000000,3.299593,0.000000,25.292633,0.000000,-0.000000,4.315472
59700.0,0.000000,-0.026572,0.000000,0.000920,3.299593,0.000000,14.746877,0.000000,0.000930,4.335797
59710.0,0.000000,-0.005841,0.000000,0.000245,3.299593,0.000000,3.748868,0.000000,-0.000000,4.345384
59720.0,0.000000,-0.015153,0.000000,0.000000,3.299593,0.000000,-1.528221,0.000000,0.001916,4.346535
59730.0,0.000000,-0.170243,0.000000,0.000000,3.299209,0.000000,-9.067772,0.000000,-0.000931,4.340782
59740.0,0.000000,-0.009168,0.000000,-0.000584,3.299209,0.000000,-10.904716,0.000000,0.001331,4.330812
59750.0,0.000000,0.019893,0.000000,-0.000584,3.299209,0.000000,-13.817933,0.000000,-0.000918,4.317772
59760.0,0.000000,0.019395,0.000000,-0.000584,3.299209,0.000000,-16.167915,0.000000,-0.000225,4.301666
59770.0,0.000000,-0.012813,0.000000,0.000000,3.299209,0.000000,-13.873349,0.000000,-0.001720,4.285559
59780.0,0.000000,-0.410953,0.000000,0.000000,3.299593,0.000000,-9.881129,0.000000,-0.000000,4.273671
59790.0,0.000000,0.012384,0.000000,-0.000920,3.299593,0.000000,-5.293889,0.000000,-0.000810,4.265617
59800.0,0.000000,-0.035704,0.000000,0.000582,3.299593,0.000000,-0.691962,0.000000,0.000790,4.262166
59810.0,0.000000,-0.030490,0.000000,0.000000,3.299593,0.000000,3.173393,0.000000,-0.001611,4.263316
59820.0,0.000000,-0.010183,0.000000,0.000000,3.299593,0.000000,7.475429,0.000000,0.000017,4.269452
59830.0,0.000000,-0.008662,0.000000,0.000337,3.299593,0.000000,4.933026,0.000000,-0.000833,4.275588
59840.0,0.000000,-0.033206,0.000000,0.000920,3.299593,0.000000,1.873335,0.000000,-0.000000,4.279039
59850.0,0.000000,0.018485,0.000000,-0.000245,3.299593,0.000000,-0.449621,0.000000,-0.001606,4.279039
59860.0,0.000000,-0.034363,0.000000,0.000000,3.299593,0.000000,-1.885491,0.000000,-0.000000,4.277889
59870.0,0.000000,-0.036097,0.000000,-0.000582,3.299593,0.000000,-1.250666,0.000000,-0.000835,4.276355
59880.0,0.000000,0.671062,0.000000,0.000000,3.299209,0.000000,0.474141,0.000000,-0.000062,4.276355
59890.0,0.000000,-0.088126,0.000000,-0.000584,3.299209,0.000000,-0.113800,0.000000,-0.000000,4.276355
59900.0,0.000000,0.045474,0.000000,0.000584,3.299209,0.000000,0.004096,0.000000,0.000062,4.276355
59910.0,0.000000,-0.001303,0.000000,0.000000,3.299209,0.000000,0.011709,0.000000,-0.000773,4.276355
59920.0,0.000000,0.032737,0.000000,0.000582,3.299593,0.000000,0.024045,0.000000,0.000062,4.276355
59930.0,0.000000,-0.007170,0.000000,-0.000582,3.299593,0.000000,0.008639,0.000000,-0.000835,4.276355
59940.0,0.000000,1.014578,0.000000,0.000919,3.299209,0.000000,0.012515,0.000000,0.000898,4.276355
59950.0,0.000000,-0.209193,0.000000,0.000670,3.299209,0.000000,-0.005691,0.000000,-0.001670,4.276355
59960.0,0.000000,0.018184,0.000000,-0.000584,3.299209,0.000000,-0.025968,0.000000,0.000062,4.276355
59970.0,0.000000,0.030816,0.000000,0.000000,3.299209,0.000000,0.015022,0.000000,-0.000773,4.276355
59980.0,0.000000,0.017081,0.000000,0.000584,3.299209,0.000000,-0.025198,0.000000,-0.000062,4.276355
59990.0,0.000000,-0.007806,0.000000,0.000584,3.299209,0.000000,-0.009474,0.000000,-0.000898,4.276355
60000.0,0.000000,-0.020924,0.000000,0.000000,3.299209,0.000000,0.027378,0.000000,0.000835,4.276355
60010.0,0.000000,0.016427,0.000000,0.000335,3.299209,0.000000,-0.008009,0.000000,0.000062,4.276355
60020.0,0.000000,-0.001759,0.000000,0.000000,3.299209,0.000000,-0.029233,0.000000,0.000898,4.276355
60030.0,0.000000,-0.002367,0.000000,-0.000834,3.299209,0.000000,-0.042723,0.000000,-0.000835,4.276355
60040.0,0.000000,0.005979,0.000000,-0.000335,3.299209,0.000000,-0.001405,0.000000,-0.000000,4.276355
60050.0,0.000000,-0.005957,0.000000,-0.000335,3.299209,0.000000,-0.013982,0.000000,-0.000898,4.276355
60060.0,0.000000,-0.024142,0.000000,0.000335,3.299209,0.000000,-0.026158,0.000000,0.000062,4.276355
60070.0,0.000000,-0.014615,0.000000,0.000000,3.299209,0.000000,-0.011385,0.000000,-0.000898,4.276355
60080.0,0.000000,-0.020181,0.000000,0.000584,3.299209,0.000000,0.030949,0.000000,-0.000000,4.276355
60090.0,0.000000,-0.034701,0.000000,-0.000584,3.299209,0.000000,0.005768,0.000000,-0.000000,4.276355
60100.0,0.000000,-0.044042,0.000000,0.000584,3.299209,0.000000,0.014360,0.000000,-0.000125,4.276355
60110.0,0.000000,0.017390,0.000000,-0.000250,3.299209,0.000000,-0.028181,0.000000,-0.000773,4.276355
60120.0,0.000000,0.026260,0.000000,0.000584,3.299209,0.000000,-0.013329,0.000000,-0.000000,4.276355
60130.0,0.000000,0.015516,0.000000,-0.000919,3.299209,0.000000,-0.009524,0.000000,-0.000898,4.276355
60140.0,0.000000,0.010676,0.000000,0.000000,3.299209,0.000000,0.020861,0.000000,0.000062,4.276355
60150.0,0.000000,-0.024964,0.000000,-0.000584,3.299209,0.000000,-0.006241,0.000000,-0.000711,4.276355
60160.0,0.000000,-0.018814,0.000000,0.000000,3.299209,0.000000,0.001409,0.000000,0.000773,4.276355
60170.0,0.000000,0.006003,0.000000,0.001169,3.299209,0.000000,-0.017261,0.000000,-0.000898,4.276355
60180.0,0.000000,0.036630,0.000000,-0.000584,3.299209,0.000000,0.017709,0.000000,0.000835,4.276355
60190.0,0.000000,-0.026868,0.000000,-0.000584,3.299209,0.000000,0.025322,0.000000,0.000125,4.276355
60200.0,0.000000,-0.034011,0.000000,0.000584,3.299209,0.000000,-0.009121,0.000000,-0.000000,4.276355
60210.0,0.000000,0.010440,0.000000,-0.000919,3.299209,0.000000,-0.020531,0.000000,-0.000773,4.276355
60220.0,0.000000,0.012520,0.000000,0.000000,3.299209,0.000000,-0.017815,0.000000,0.001608,4.276355
60230.0,0.000000,0.008136,0.000000,0.000000,3.299209,0.000000,0.023108,0.000000,-0.001670,4.276355
60240.0,0.000000,0.000086,0.000000,0.000335,3.299209,0.000000,0.012056,0.000000,0.000835,4.276355
60250.0,0.000000,-0.009366,0.000000,-0.000584,3.299209,0.000000,0.003223,0.000000,-0.000000,4.276355
60260.0,0.000000,-0.032619,0.000000,0.000335,3.299209,0.000000,0.030088,0.000000,0.000062,4.276355
60270.0,0.000000,0.001802,0.000000,-0.000584,3.299209,0.000000,0.019368,0.000000,-0.000000,4.276355
60280.0,0.000000,0.030888,0.000000,0.000000,3.299209,0.000000,-0.008137,0.000000,-0.000062,4.276355
60290.0,0.000000,0.008579,0.000000,0.000584,3.299209,0.000000,-0.026920,0.000000,-0.000835,4.276355
60300.0,0.000000,0.021993,0.000000,-0.000250,3.299209,0.000000,0.035033,0.000000,-0.000000,4.276355
60310.0,0.000000,0.028937,0.000000,0.000000,3.299209,0.000000,0.011670,0.000000,-0.001670,4.276355
60320.0,0.000000,0.011858,0.000000,0.000000,3.299209,0.000000,0.000437,0.000000,0.000835,4.276355
60330.0,0.000000,-0.013647,0.000000,0.000000,3.299209,0.000000,0.014081,0.000000,-0.000000,4.276355
60340.0,0.000000,-0.039953,0.000000,0.000584,3.299209,0.000000,0.017373,0.000000,-0.000000,4.276355
60350.0,0.000000,0.017321,0.000000,-0.000919,3.299209,0.000000,0.008060,0.000000,-0.000835,4.276355
60360.0,0.000000,0.015677,0.000000,0.000000,3.299209,0.000000,-0.021552,0.000000,0.000835,4.276355
60370.0,0.000000,0.012927,0.000000,0.000919,3.299209,0.000000,-0.013095,0.000000,-0.000898,4.276355
60380.0,0.000000,-0.019638,0.000000,0.000000,3.299209,0.000000,0.025465,0.000000,-0.000062,4.276355
60390.0,0.000000,-0.015376,0.000000,-0.000919,3.299209,0.000000,0.019462,0.000000,0.000062,4.276355
60400.0,0.000000,0.031398,0.000000,-0.000584,3.299209,0.000000,0.021698,0.000000,-0.000000,4.276355
60410.0,0.000000,-0.010217,0.000000,-0.000919,3.299209,0.000000,-0.050837,0.000000,-0.000773,4.276355
60420.0,0.000000,-0.004358,0.000000,-0.000584,3.299209,0.000000,-0.033854,0.000000,0.000898,4.276355
60430.0,0.000000,0.008946,0.000000,-0.001169,3.299209,0.000000,-0.027105,0.000000,-0.000835,4.276355
60440.0,0.000000,0.040047,0.000000,-0.001169,3.299209,0.000000,0.034085,0.000000,-0.000000,4.276355
60450.0,0.000000,0.007805,0.000000,0.000000,3.299209,0.000000,0.006908,0.000000,-0.000773,4.276355
60460.0,0.000000,-0.026052,0.000000,0.000584,3.299209,0.000000,0.030762,0.000000,0.000773,4.276355
60470.0,0.000000,-0.011460,0.000000,-0.000584,3.299209,0.000000,0.015355,0.000000,-0.000898,4.276355
60480.0,0.000000,0.012090,0.000000,0.000000,3.299209,0.000000,0.025729,0.000000,-0.000773,4.276355
60490.0,0.000000,-0.015050,0.000000,-0.000584,3.299209,0.000000,0.007519,0.000000,-0.001733,4.276355
60500.0,0.000000,-0.006704,0.000000,-0.000584,3.299209,0.000000,-0.001248,0.000000,0.000898,4.276355
60510.0,0.000000,-0.004728,0.000000,-0.000335,3.299209,0.000000,-0.026965,0.000000,-0.000960,4.276355
60520.0,0.000000,-0.005226,0.000000,0.000000,3.299209,0.000000,0.028951,0.000000,0.000835,4.276355
60530.0,0.000000,0.011853,0.000000,-0.000335,3.299209,0.000000,-0.009493,0.000000,-0.000835,4.276355
60540.0,0.000000,0.012647,0.000000,0.001169,3.299209,0.000000,-0.033441,0.000000,0.000062,4.276355
60550.0,0.000000,0.012039,0.000000,0.000000,3.299209,0.000000,-0.008973,0.000000,-0.000835,4.276355
60560.0,0.000000,0.003989,0.000000,0.000335,3.299209,0.000000,0.006015,0.000000,0.000898,4.276355
60570.0,0.000000,0.026137,0.000000,0.000919,3.299209,0.000000,-0.039762,0.000000,-0.000835,4.276355
60580.0,0.000000,0.007951,0.000000,0.000584,3.299209,0.000000,-0.014674,0.000000,0.000835,4.276355
60590.0,0.000000,0.016187,0.000000,0.000000,3.299209,0.000000,-0.008039,0.000000,0.000062,4.276355
60600.0,0.000000,0.019465,0.000000,0.000000,3.299209,0.000000,-0.030786,0.000000,-0.000000,4.276355
60610.0,0.000000,-0.016519,0.000000,0.000584,3.299209,0.000000,-0.027671,0.000000,-0.001608,4.276355
60620.0,0.000000,-0.015725,0.000000,0.000000,3.299209,0.000000,0.037289,0.000000,0.001670,4.276355
60630.0,0.000000,-0.006142,0.000000,-0.000919,3.299209,0.000000,-0.046016,0.000000,0.000898,4.276355
60640.0,0.000000,0.021073,0.000000,-0.000584,3.299209,0.000000,0.020813,0.000000,-0.000835,4.276355
60650.0,0.000000,-0.007248,0.000000,-0.000335,3.299209,0.000000,0.032392,0.000000,-0.000000,4.276355
60660.0,0.000000,0.004763,0.000000,-0.000584,3.299209,0.000000,0.012769,0.000000,-0.000062,4.276355
60670.0,0.000000,0.015693,0.000000,0.000000,3.299209,0.000000,0.020456,0.000000,-0.000000,4.276355
60680.0,0.000000,0.015759,0.000000,-0.000584,3.299209,0.000000,-0.051496,0.000000,-0.001670,4.276355
60690.0,0.000000,-0.020682,0.000000,-0.000584,3.299209,0.000000,0.048588,0.000000,-0.000062,4.276355
60700.0,0.000000,0.012401,0.000000,0.000584,3.299209,0.000000,-0.037098,0.000000,-0.000835,4.276355
60710.0,0.000000,0.038615,0.000000,0.000000,3.299209,0.000000,0.014136,0.000000,-0.000062,4.276355
60720.0,0.000000,0.017358,0.000000,0.000000,3.299209,0.000000,-0.028367,0.000000,-0.000835,4.276355
60730.0,0.000000,-0.005896,0.000000,0.000584,3.299209,0.000000,-0.015265,0.000000,-0.000000,4.276355
60740.0,0.000000,-0.022900,0.000000,-0.000584,3.299209,0.000000,-0.025956,0.000000,0.000062,4.276355
60750.0,0.000000,-0.013262,0.000000,-0.000584,3.299209,0.000000,-0.022622,0.000000,-0.000000,4.276355
60760.0,0.000000,-0.017646,0.000000,0.000000,3.299209,0.000000,-0.003348,0.000000,-0.000835,4.276355
60770.0,0.000000,-0.031058,0.000000,0.000000,3.299209,0.000000,0.010920,0.000000,-0.000835,4.276355
60780.0,0.000000,0.000782,0.000000,-0.000670,3.299209,0.000000,0.011968,0.000000,-0.001085,4.276355
60790.0,0.000000,0.039387,0.000000,0.000499,3.299209,0.000000,0.009047,0.000000,-0.000835,4.276355
60800.0,0.000000,-0.028125,0.000000,0.000000,3.299209,0.000000,0.002903,0.000000,-0.000773,4.276355
60810.0,0.000000,-0.024460,0.000000,0.000000,3.299209,0.000000,0.019016,0.000000,-0.000000,4.276355
60820.0,0.000000,-0.026361,0.000000,-0.000584,3.299209,0.000000,0.024708,0.000000,-0.000000,4.276355
60830.0,0.000000,-0.015345,0.000000,0.000000,3.299209,0.000000,0.018919,0.000000,-0.000000,4.276355
60840.0,0.000000,0.006459,0.000000,0.000000,3.299209,0.000000,0.010594,0.000000,-0.000898,4.276355
60850.0,0.000000,0.040613,0.000000,-0.001005,3.299209,0.000000,0.025401,0.000000,0.000835,4.276355
60860.0,0.000000,0.012996,0.000000,0.000000,3.299209,0.000000,-0.011772,0.000000,-0.000835,4.276355
60870.0,0.000000,-0.010257,0.000000,0.000000,3.299209,0.000000,-0.039422,0.000000,-0.000062,4.276355
60880.0,0.000000,-0.023485,0.000000,-0.000584,3.299209,0.000000,-0.048029,0.000000,-0.001670,4.276355
60890.0,0.000000,-0.010071,0.000000,0.000584,3.299209,0.000000,0.032366,0.000000,0.000835,4.276355
60900.0,0.000000,0.003232,0.000000,0.000000,3.299209,0.000000,0.017937,0.000000,-0.000835,4.276355
60910.0,0.000000,0.007803,0.000000,-0.000584,3.299209,0.000000,0.031039,0.000000,0.000835,4.276355
60920.0,0.000000,-0.010493,0.000000,-0.001254,3.299209,0.000000,-0.043789,0.000000,-0.000773,4.276355
60930.0,0.000000,-0.003439,0.000000,0.000000,3.299209,0.000000,-0.024839,0.000000,-0.000835,4.276355
60940.0,0.000000,0.020000,0.000000,0.000000,3.299209,0.000000,0.019683,0.000000,-0.000773,4.276355
60950.0,0.000000,0.010713,0.000000,0.000335,3.299209,0.000000,0.026609,0.000000,-0.000062,4.276355
60960.0,0.000000,-0.011016,0.000000,0.000000,3.299209,0.000000,0.012176,0.000000,-0.000898,4.276355
60970.0,0.000000,0.005705,0.000000,0.000000,3.299209,0.000000,0.000761,0.000000,-0.000000,4.276355
60980.0,0.000000,-0.016024,0.000000,0.000000,3.299209,0.000000,-0.017154,0.000000,-0.000773,4.276355
60990.0,0.000000,-0.028092,0.000000,0.000834,3.299209,0.000000,-0.045274,0.000000,-0.000000,4.276355
61000.0,0.000000,0.033206,0.000000,0.000584,3.299209,0.000000,0.026632,0.000000,-0.000773,4.276355
61010.0,0.000000,0.019957,0.000000,-0.000584,3.299209,0.000000,0.011906,0.000000,0.000835,4.276355
61020.0,0.000000,-0.020308,0.000000,0.000000,3.299209,0.000000,-0.025945,0.000000,-0.001670,4.276355
61030.0,0.000000,-0.045902,0.000000,0.000000,3.299209,0.000000,-0.025301,0.000000,-0.000000,4.276355
61040.0,0.000000,0.040621,0.000000,0.000000,3.299209,0.000000,-0.010452,0.000000,-0.000773,4.276355
61050.0,0.000000,0.008067,0.000000,0.000000,3.299209,0.000000,-0.007740,0.000000,0.000125,4.276355
61060.0,0.000000,-0.025756,0.000000,0.000919,3.299209,0.000000,-0.049804,0.000000,-0.001670,4.276355
61070.0,0.000000,-0.008566,0.000000,0.000000,3.299209,0.000000,-0.010770,0.000000,-0.000000,4.276355
61080.0,0.000000,-0.010466,0.000000,0.000000,3.299209,0.000000,-0.029849,0.000000,-0.000773,4.276355
61090.0,0.000000,-0.029943,0.000000,-0.000250,3.299209,0.000000,0.032463,0.000000,-0.000062,4.276355
61100.0,0.000000,-0.035725,0.000000,-0.000250,3.299209,0.000000,-0.008949,0.000000,-0.002568,4.276355
61110.0,0.000000,-0.033170,0.000000,0.001169,3.299209,0.000000,-0.004486,0.000000,0.000062,4.276355
61120.0,0.000000,0.008805,0.000000,-0.000584,3.299209,0.000000,0.016573,0.000000,-0.000898,4.276355
61130.0,0.000000,0.030915,0.000000,0.000000,3.299209,0.000000,0.030038,0.000000,0.000062,4.276355
61140.0,0.000000,0.003775,0.000000,0.000000,3.299209,0.000000,0.003694,0.000000,-0.000898,4.276355
61150.0,0.000000,-0.003028,0.000000,-0.000335,3.299209,0.000000,0.005862,0.000000,0.000835,4.276355
61160.0,0.000000,-0.028587,0.000000,0.000584,3.299209,0.000000,-0.023097,0.000000,-0.000835,4.276355
61170.0,0.000000,-0.018949,0.000000,0.000000,3.299209,0.000000,-0.013448,0.000000,-0.000000,4.276355
61180.0,0.000000,-0.022042,0.000000,0.000000,3.299209,0.000000,-0.011499,0.000000,-0.000835,4.276355
61190.0,0.000000,-0.027607,0.000000,0.000250,3.299209,0.000000,0.003489,0.000000,0.000062,4.276355
61200.0,0.000000,0.000314,0.000000,-0.000584,3.299209,0.000000,-0.037195,0.000000,-0.001733,4.276355
61210.0,0.000000,0.029400,0.000000,0.000919,3.299209,0.000000,-0.019295,0.000000,0.000835,4.276355
61220.0,0.000000,-0.004317,0.000000,0.000085,3.299209,0.000000,0.026171,0.000000,-0.000062,4.276355
61230.0,0.000000,-0.008770,0.000000,-0.000919,3.299209,0.000000,0.039193,0.000000,-0.000000,4.276355
61240.0,0.000000,-0.044997,0.000000,-0.001254,3.299209,0.000000,-0.043917,0.000000,-0.000711,4.276355
61250.0,0.000000,-0.010465,0.000000,0.000250,3.299209,0.000000,0.020974,0.000000,-0.000000,4.276355
61260.0,0.000000,-0.000089,0.000000,-0.000250,3.299209,0.000000,0.023837,0.000000,-0.000898,4.276355
61270.0,0.000000,0.030864,0.000000,0.000000,3.299209,0.000000,0.024583,0.000000,-0.000000,4.276355
61280.0,0.000000,0.004831,0.000000,-0.000584,3.299209,0.000000,-0.000633,0.000000,-0.000000,4.276355
61290.0,0.000000,-0.034095,0.000000,-0.000335,3.299209,0.000000,0.024266,0.000000,-0.000000,4.276355
61300.0,0.000000,-0.021846,0.000000,0.000584,3.299209,0.000000,0.003230,0.000000,-0.000835,4.276355
61310.0,0.000000,-0.017276,0.000000,0.000919,3.299209,0.000000,-0.008185,0.000000,0.000898,4.276355
61320.0,0.000000,-0.007749,0.000000,0.002088,3.299209,0.000000,-0.036200,0.000000,-0.000773,4.276355
61330.0,0.000000,-0.031002,0.000000,0.002088,3.299209,0.000000,-0.031999,0.000000,0.000062,4.276355
61340.0,0.000000,-0.032902,0.000000,-0.001005,3.299209,0.000000,0.016265,0.000000,-0.000000,4.276355
61350.0,0.000000,-0.003959,0.000000,0.000000,3.299209,0.000000,0.017781,0.000000,0.000062,4.276355
61360.0,0.000000,-0.015046,0.000000,-0.001504,3.299209,0.000000,0.011778,0.000000,-0.001608,4.276355
61370.0,0.000000,0.022884,0.000000,-0.000584,3.299209,0.000000,0.032353,0.000000,-0.000000,4.276355
61380.0,0.000000,0.010179,0.000000,0.000335,3.299209,0.000000,-0.006444,0.000000,-0.000773,4.276355
61390.0,0.000000,-0.008006,0.000000,-0.000584,3.299209,0.000000,-0.014848,0.000000,-0.000062,4.276355
61400.0,0.000000,-0.012390,0.000000,0.000000,3.299209,0.000000,0.007663,0.000000,-0.000835,4.276355
61410.0,0.000000,-0.007820,0.000000,0.000250,3.299209,0.000000,-0.013380,0.000000,0.000062,4.276355
61420.0,0.000000,-1.400047,0.000000,-0.000241,3.299976,0.000000,-0.015204,0.000000,-0.002443,4.276355
61430.0,0.000000,-1.787347,0.000000,0.000000,3.301510,0.000000,0.038644,0.000000,0.000062,4.276355
61440.0,0.000000,0.555230,0.000000,-0.000351,3.301894,0.000000,0.689232,0.000000,-0.000901,4.276739
61450.0,0.000000,4.793354,0.000000,0.000000,3.298826,0.000000,1.385025,0.000000,0.000841,4.278273
61460.0,0.000000,-0.017974,0.000000,0.000323,3.297292,0.000000,-1.221814,0.000000,-0.000767,4.277889
61470.0,0.000000,0.508993,0.000000,0.000000,3.296525,0.000000,-1.425933,0.000000,0.000835,4.276355
61480.0,0.000000,-0.101957,0.000000,0.000000,3.296525,0.000000,0.165404,0.000000,0.000060,4.275971
61490.0,0.000000,-2.364362,0.000000,-0.000592,3.297675,0.000000,-0.002767,0.000000,0.000834,4.275971
61500.0,0.000000,-1.573331,0.000000,0.000000,3.299593,0.000000,-0.035490,0.000000,-0.000000,4.275971
61510.0,0.000000,-0.254572,0.000000,0.000000,3.300360,0.000000,-0.040265,0.000000,-0.001668,4.275971
61520.0,0.000000,-0.975214,0.000000,-0.000577,3.300743,0.000000,0.038521,0.000000,-0.000060,4.275971
61530.0,0.000000,0.144398,0.000000,0.000344,3.300743,0.000000,0.027847,0.000000,-0.000000,4.275971
61540.0,0.000000,0.900731,0.000000,0.000340,3.299976,0.000000,0.031910,0.000000,-0.000120,4.275971
61550.0,0.000000,-0.228981,0.000000,0.000920,3.299593,0.000000,-0.032062,0.000000,-0.000834,4.275971
61560.0,0.000000,-0.168757,0.000000,-0.000335,3.299209,0.000000,-0.018919,0.000000,-0.001668,4.275971
61570.0,0.000000,-0.008472,0.000000,-0.000670,3.299209,0.000000,-0.005346,0.000000,-0.000000,4.275971
61580.0,0.000000,0.020466,0.000000,-0.000584,3.299209,0.000000,-0.003919,0.000000,-0.000000,4.275971
61590.0,0.000000,0.019004,0.000000,0.000584,3.299209,0.000000,-0.002968,0.000000,-0.000894,4.275971
61600.0,0.000000,-0.008493,0.000000,-0.000335,3.299209,0.000000,-0.002447,0.000000,-0.000000,4.275971
61610.0,0.000000,-0.006900,0.000000,-0.000584,3.299209,0.000000,-0.001050,0.000000,-0.000834,4.275971
61620.0,0.000000,-0.016916,0.000000,0.000000,3.299209,0.000000,0.012991,0.000000,0.000060,4.275971
61630.0,0.000000,0.025115,0.000000,0.000000,3.299209,0.000000,-0.014019,0.000000,-0.001668,4.275971
61640.0,0.000000,0.023381,0.000000,0.000000,3.299209,0.000000,-0.008970,0.000000,-0.000000,4.275971
61650.0,0.000000,-0.002123,0.000000,0.000335,3.299209,0.000000,0.005508,0.000000,-0.000894,4.275971
61660.0,0.000000,-0.014517,0.000000,0.000335,3.299209,0.000000,0.006935,0.000000,-0.000000,4.275971
61670.0,0.000000,-0.022202,0.000000,0.000000,3.299209,0.000000,-0.016454,0.000000,-0.000774,4.275971
61680.0,0.000000,-0.007027,0.000000,-0.000250,3.299209,0.000000,-0.014122,0.000000,-0.000180,4.275971
61690.0,0.000000,0.023622,0.000000,0.000000,3.299209,0.000000,-0.028510,0.000000,-0.000954,4.275971
61700.0,0.000000,0.019406,0.000000,0.000584,3.299209,0.000000,-0.001839,0.000000,-0.000060,4.275971
61710.0,0.000000,-0.014942,0.000000,-0.001169,3.299209,0.000000,-0.036763,0.000000,-0.000834,4.275971
61720.0,0.000000,-0.045023,0.000000,0.000584,3.299209,0.000000,0.002973,0.000000,-0.000239,4.275971
61730.0,0.000000,0.006617,0.000000,-0.000584,3.299209,0.000000,0.031812,0.000000,-0.000060,4.275971
61740.0,0.000000,-0.007791,0.000000,0.000000,3.299209,0.000000,-0.043762,0.000000,0.000894,4.275971
61750.0,0.000000,-0.003331,0.000000,0.000000,3.299209,0.000000,-0.030372,0.000000,-0.001608,4.275971
61760.0,0.000000,-0.016448,0.000000,0.000000,3.299209,0.000000,0.049775,0.000000,0.000834,4.275971
61770.0,0.000000,0.014675,0.000000,0.001254,3.299209,0.000000,-0.025096,0.000000,-0.000894,4.275971
61780.0,0.000000,0.045577,0.000000,-0.000335,3.299209,0.000000,-0.007426,0.000000,-0.000774,4.275971
61790.0,0.000000,0.015477,0.000000,0.000000,3.299209,0.000000,-0.002469,0.000000,-0.003576,4.275971
61800.0,0.000000,0.025115,0.000000,0.000335,3.299209,0.000000,-0.000869,0.000000,-0.000060,4.275971
61810.0,0.000000,-0.015484,0.000000,0.001504,3.299209,0.000000,0.028235,0.000000,-0.000834,4.275971
61820.0,0.000000,-0.026057,0.000000,-0.000670,3.299209,0.000000,-0.006663,0.000000,-0.000000,4.275971
61830.0,0.000000,-0.037943,0.000000,0.000000,3.299209,0.000000,-0.028226,0.000000,-0.000834,4.275971
61840.0,0.000000,0.015569,0.000000,0.000000,3.299209,0.000000,0.012150,0.000000,-0.000000,4.275971
61850.0,0.000000,0.034844,0.000000,0.000000,3.299209,0.000000,0.018726,0.000000,-0.000834,4.275971
61860.0,0.000000,0.009593,0.000000,0.000000,3.299209,0.000000,0.022693,0.000000,-0.000000,4.275971
61870.0,0.000000,-0.028530,0.000000,-0.000584,3.299209,0.000000,-0.045999,0.000000,-0.000834,4.275971
61880.0,0.000000,0.005859,0.000000,0.000000,3.299209,0.000000,-0.014524,0.000000,-0.000060,4.275971
61890.0,0.000000,0.044059,0.000000,0.000000,3.299209,0.000000,-0.012849,0.000000,-0.000834,4.275971
61900.0,0.000000,0.009002,0.000000,0.000335,3.299209,0.000000,-0.010891,0.000000,-0.000000,4.275971
61910.0,0.000000,0.023598,0.000000,0.000584,3.299209,0.000000,0.015030,0.000000,-0.001073,4.275971
61920.0,0.000000,0.008863,0.000000,0.000584,3.299209,0.000000,-0.010617,0.000000,-0.000000,4.275971
61930.0,0.000000,-0.038105,0.000000,-0.000335,3.299209,0.000000,-0.003668,0.000000,-0.000894,4.275971
61940.0,0.000000,-0.026991,0.000000,0.000584,3.299209,0.000000,0.022448,0.000000,-0.000000,4.275971
61950.0,0.000000,0.025121,0.000000,-0.000584,3.299209,0.000000,-0.004381,0.000000,-0.001728,4.275971
61960.0,0.000000,0.020991,0.000000,-0.000335,3.299209,0.000000,0.021562,0.000000,-0.000000,4.275971
61970.0,0.000000,0.010248,0.000000,0.000000,3.299209,0.000000,-0.005445,0.000000,-0.000834,4.275971
61980.0,0.000000,0.000907,0.000000,-0.000250,3.299209,0.000000,-0.006735,0.000000,0.000834,4.275971
61990.0,0.000000,0.015503,0.000000,-0.000919,3.299209,0.000000,0.014837,0.000000,-0.000834,4.275971
62000.0,0.000000,0.007268,0.000000,0.001169,3.299209,0.000000,0.020614,0.000000,0.000060,4.275971
62010.0,0.000000,-0.013168,0.000000,0.000000,3.299209,0.000000,-0.034549,0.000000,-0.000894,4.275971
62020.0,0.000000,-0.036890,0.000000,-0.000584,3.299209,0.000000,0.004015,0.000000,0.000060,4.275971
62030.0,0.000000,-0.020624,0.000000,0.000000,3.299209,0.000000,0.010591,0.000000,-0.000894,4.275971
62040.0,0.000000,1.798226,0.000000,-0.000330,3.298442,0.000000,0.030809,0.000000,-0.000000,4.275971
62050.0,0.000000,1.678506,0.000000,-0.000916,3.296525,0.000000,0.176152,0.000000,-0.000835,4.276355
62060.0,0.000000,-0.537107,0.000000,0.000000,3.296141,0.000000,-0.085745,0.000000,-0.000000,4.276355
62070.0,0.000000,0.099123,0.000000,0.000000,3.296141,0.000000,0.230306,0.000000,-0.000834,4.275971
62080.0,0.000000,-3.510140,0.000000,0.000586,3.298826,0.000000,-0.011561,0.000000,-0.000000,4.275971
62090.0,0.000000,-4.725258,0.000000,0.000563,3.303428,0.000000,-1.499681,0.000000,0.000052,4.274821
62100.0,0.000000,-2.650450,0.000000,0.000000,3.306879,0.000000,0.503614,0.000000,-0.000052,4.274821
62110.0,0.000000,0.725656,0.000000,-0.000543,3.307263,0.000000,2.411091,0.000000,-0.000774,4.275971
62120.0,0.000000,-0.120836,0.000000,0.000000,3.306879,0.000000,-0.685607,0.000000,-0.000120,4.275971
62130.0,0.000000,2.445594,0.000000,-0.001110,3.304962,0.000000,-0.786336,0.000000,-0.000057,4.275588
62140.0,0.000000,3.054769,0.000000,0.000220,3.301894,0.000000,0.227606,0.000000,-0.000000,4.275588
62150.0,0.000000,1.339483,0.000000,-0.000920,3.299593,0.000000,-0.031513,0.000000,-0.000057,4.275588
62160.0,0.000000,0.745385,0.000000,0.000000,3.298442,0.000000,0.002505,0.000000,-0.000000,4.275588
62170.0,0.000000,-0.380993,0.000000,0.000590,3.298059,0.000000,0.003816,0.000000,-0.000000,4.275588
62180.0,0.000000,0.046627,0.000000,0.000590,3.298059,0.000000,0.020551,0.000000,0.000718,4.275588
62190.0,0.000000,-2.359722,0.000000,-0.000335,3.299209,0.000000,0.017789,0.000000,-0.001723,4.275588
62200.0,0.000000,-0.727766,0.000000,0.000000,3.300360,0.000000,0.031360,0.000000,0.000057,4.275588
62210.0,0.000000,-0.528913,0.000000,-0.000228,3.301127,0.000000,-0.029407,0.000000,-0.000833,4.275588
62220.0,0.000000,0.191131,0.000000,0.000575,3.301127,0.000000,-0.025702,0.000000,0.000057,4.275588
62230.0,0.000000,-0.057513,0.000000,-0.000575,3.301127,0.000000,0.002490,0.000000,-0.000833,4.275588
62240.0,0.000000,-0.004370,0.000000,-0.000575,3.301127,0.000000,0.010144,0.000000,-0.000890,4.275588
62250.0,0.000000,0.187150,0.000000,0.000344,3.300743,0.000000,-0.045002,0.000000,-0.000890,4.275588
62260.0,0.000000,-0.219513,0.000000,0.000000,3.299976,0.000000,-0.019144,0.000000,-0.000890,4.275588
62270.0,0.000000,-0.275465,0.000000,-0.000581,3.299976,0.000000,-0.008246,0.000000,-0.000833,4.275588
62280.0,0.000000,0.040044,0.000000,0.000000,3.299976,0.000000,0.005808,0.000000,0.000833,4.275588
62290.0,0.000000,0.014308,0.000000,-0.000581,3.299976,0.000000,-0.031113,0.000000,0.000057,4.275588
62300.0,0.000000,-0.028275,0.000000,-0.000679,3.299976,0.000000,-0.026006,0.000000,-0.000000,4.275588
62310.0,0.000000,-0.042206,0.000000,0.000000,3.299976,0.000000,-0.005655,0.000000,-0.000000,4.275588
62320.0,0.000000,0.025136,0.000000,0.000000,3.300360,0.000000,-0.027029,0.000000,0.000890,4.275588
62330.0,0.000000,0.007906,0.000000,0.000000,3.300360,0.000000,-0.017828,0.000000,-0.000833,4.275588
62340.0,0.000000,-0.028001,0.000000,0.000000,3.300360,0.000000,0.030299,0.000000,-0.000000,4.275588
62350.0,0.000000,-0.006164,0.000000,-0.000579,3.300360,0.000000,0.003886,0.000000,-0.000833,4.275588
62360.0,0.000000,0.009100,0.000000,0.000342,3.300360,0.000000,0.008189,0.000000,0.000833,4.275588
62370.0,0.000000,-0.008335,0.000000,-0.000342,3.300360,0.000000,-0.007593,0.000000,-0.000000,4.275588
62380.0,0.000000,1.725862,0.000000,0.000000,3.299209,0.000000,0.015940,0.000000,0.000890,4.275588
62390.0,0.000000,-0.232311,0.000000,-0.000586,3.298826,0.000000,0.022323,0.000000,0.000057,4.275588
62400.0,0.000000,0.001446,0.000000,0.000333,3.298826,0.000000,-0.026652,0.000000,0.000776,4.275588
62410.0,0.000000,-1.183918,0.000000,0.000581,3.299976,0.000000,-0.022964,0.000000,-0.000833,4.275588
62420.0,0.000000,-0.038834,0.000000,-0.000684,3.300360,0.000000,-0.021344,0.000000,-0.000833,4.275588
62430.0,0.000000,0.019583,0.000000,0.000579,3.300360,0.000000,-0.042641,0.000000,-0.000776,4.275588
62440.0,0.000000,-0.019600,0.000000,0.000342,3.300360,0.000000,0.012702,0.000000,-0.000000,4.275588
62450.0,0.000000,0.917167,0.000000,0.000340,3.299976,0.000000,-0.014994,0.000000,-0.000890,4.275588
62460.0,0.000000,0.202651,0.000000,0.001502,3.299593,0.000000,-0.001809,0.000000,0.000057,4.275588
62470.0,0.000000,-0.021910,0.000000,-0.000582,3.299593,0.000000,-0.026123,0.000000,-0.000890,4.275588
62480.0,0.000000,0.029428,0.000000,-0.000337,3.299593,0.000000,-0.040659,0.000000,-0.000000,4.275588
62490.0,0.000000,-0.801362,0.000000,0.000000,3.300360,0.000000,0.020193,0.000000,-0.000833,4.275588
62500.0,0.000000,0.401547,0.000000,0.000000,3.301127,0.000000,0.021640,0.000000,0.000057,4.275588
62510.0,0.000000,0.193160,0.000000,0.000000,3.301127,0.000000,-0.016148,0.000000,0.000057,4.275588
62520.0,0.000000,-0.012459,0.000000,0.000575,3.301127,0.000000,-0.018171,0.000000,-0.000000,4.275588
62530.0,0.000000,1.042454,0.000000,-0.000342,3.300360,0.000000,-0.032484,0.000000,-0.000833,4.275588
62540.0,0.000000,0.638145,0.000000,-0.000582,3.299593,0.000000,0.007355,0.000000,-0.002499,4.275588
62550.0,0.000000,0.123404,0.000000,0.000919,3.299209,0.000000,-0.011233,0.000000,-0.000833,4.275588
62560.0,0.000000,-0.057005,0.000000,0.000335,3.299209,0.000000,0.014731,0.000000,0.000776,4.275588
62570.0,0.000000,0.024255,0.000000,0.000000,3.299209,0.000000,0.007681,0.000000,-0.000890,4.275588
62580.0,0.000000,-1.007632,0.000000,-0.000582,3.299593,0.000000,0.019131,0.000000,0.000890,4.275588
62590.0,0.000000,-0.212832,0.000000,0.000340,3.299976,0.000000,-0.006052,0.000000,-0.000833,4.275588
62600.0,0.000000,0.103573,0.000000,0.000000,3.299976,0.000000,0.006266,0.000000,-0.000172,4.275588
62610.0,0.000000,-0.032326,0.000000,0.001161,3.299976,0.000000,-0.018049,0.000000,-0.000833,4.275588
62620.0,0.000000,-0.027409,0.000000,0.000340,3.299976,0.000000,-0.033506,0.000000,0.000057,4.275588
62630.0,0.000000,-0.008956,0.000000,0.000581,3.299976,0.000000,0.014206,0.000000,-0.000833,4.275588
62640.0,0.000000,0.720678,0.000000,0.000000,3.299593,0.000000,0.044642,0.000000,0.000057,4.275588
62650.0,0.000000,-0.226459,0.000000,0.000000,3.299593,0.000000,-0.009867,0.000000,-0.000833,4.275588
62660.0,0.000000,0.012784,0.000000,-0.000582,3.299593,0.000000,-0.033803,0.000000,-0.000000,4.275588
62670.0,0.000000,-0.894954,0.000000,0.000679,3.299976,0.000000,-0.040770,0.000000,-0.000833,4.275588
62680.0,0.000000,0.195122,0.000000,0.000000,3.299976,0.000000,0.023078,0.000000,0.000833,4.275588
62690.0,0.000000,-0.004963,0.000000,0.000581,3.299976,0.000000,-0.005324,0.000000,-0.000833,4.275588
62700.0,0.000000,-0.022401,0.000000,0.000000,3.299976,0.000000,-0.039436,0.000000,0.000890,4.275588
62710.0,0.000000,-0.003947,0.000000,0.000920,3.299976,0.000000,0.014088,0.000000,-0.000833,4.275588
62720.0,0.000000,-0.022014,0.000000,0.001161,3.299976,0.000000,0.015494,0.000000,-0.000000,4.275588
62730.0,0.000000,-0.026268,0.000000,0.000000,3.299976,0.000000,-0.021426,0.000000,-0.000833,4.275588
62740.0,0.000000,-0.039196,0.000000,0.000581,3.299976,0.000000,-0.012179,0.000000,-0.000000,4.275588
62750.0,0.000000,0.000213,0.000000,-0.000581,3.299976,0.000000,0.005322,0.000000,-0.000172,4.275588
62760.0,0.000000,0.029244,0.000000,0.000000,3.299976,0.000000,0.026099,0.000000,-0.000833,4.275588
62770.0,0.000000,0.009072,0.000000,-0.000340,3.299976,0.000000,0.023324,0.000000,0.000057,4.275588
62780.0,0.000000,-0.029678,0.000000,-0.000241,3.299976,0.000000,-0.006694,0.000000,-0.000833,4.275588
62790.0,0.000000,-0.027457,0.000000,0.000581,3.299976,0.000000,0.022046,0.000000,-0.000000,4.275588
62800.0,0.000000,-0.002366,0.000000,-0.000920,3.299976,0.000000,-0.016331,0.000000,-0.002499,4.275588
62810.0,0.000000,0.019815,0.000000,0.000000,3.299976,0.000000,-0.005577,0.000000,-0.000000,4.275588
62820.0,0.000000,0.003783,0.000000,0.000000,3.299976,0.000000,-0.039198,0.000000,-0.000833,4.275588
62830.0,0.000000,-0.035153,0.000000,0.001501,3.299976,0.000000,0.054678,0.000000,-0.000000,4.275588
62840.0,0.000000,-0.044516,0.000000,-0.000340,3.299976,0.000000,0.010157,0.000000,-0.000833,4.275588
62850.0,0.000000,-0.021123,0.000000,0.000340,3.299976,0.000000,-0.023782,0.000000,0.000057,4.275588
62860.0,0.000000,0.004581,0.000000,-0.000581,3.299976,0.000000,-0.021695,0.000000,-0.000833,4.275588
62870.0,0.000000,0.025284,0.000000,0.000000,3.299976,0.000000,0.062822,0.000000,-0.000000,4.275588
62880.0,0.000000,-0.005324,0.000000,0.000241,3.299976,0.000000,-0.043216,0.000000,-0.000000,4.275588
62890.0,0.000000,0.011748,0.000000,0.000581,3.299976,0.000000,0.005050,0.000000,-0.000000,4.275588
62900.0,0.000000,0.030202,0.000000,0.000581,3.299976,0.000000,0.005078,0.000000,-0.000776,4.275588
62910.0,0.000000,-0.000296,0.000000,0.000000,3.299976,0.000000,-0.016296,0.000000,0.000890,4.275588
62920.0,0.000000,-0.000904,0.000000,0.001161,3.299976,0.000000,-0.023505,0.000000,-0.000833,4.275588
62930.0,0.000000,0.007384,0.000000,0.000581,3.299976,0.000000,-0.006848,0.000000,-0.000000,4.275588
62940.0,0.000000,-0.012284,0.000000,0.001742,3.299976,0.000000,-0.015086,0.000000,-0.000776,4.275588
62950.0,0.000000,-0.023058,0.000000,-0.000581,3.299976,0.000000,-0.026244,0.000000,-0.000000,4.275588
62960.0,0.000000,0.002949,0.000000,0.000000,3.299976,0.000000,0.014565,0.000000,-0.000776,4.275588
62970.0,0.000000,0.023321,0.000000,0.000000,3.299976,0.000000,-0.002082,0.000000,-0.000000,4.275588
62980.0,0.000000,-0.000290,0.000000,0.000340,3.299976,0.000000,-0.002053,0.000000,-0.000057,4.275588
62990.0,0.000000,-0.002279,0.000000,0.000000,3.299976,0.000000,0.008810,0.000000,-0.000057,4.275588
63000.0,0.000000,0.012528,0.000000,-0.000241,3.299976,0.000000,0.017943,0.000000,0.000833,4.275588
63010.0,0.000000,-0.008522,0.000000,0.000000,3.299976,5.007060,0.018522,0.075327,0.071010,4.275588
63020.0,0.000000,-0.003991,0.000000,0.000000,3.299976,30.000000,27.276009,0.053755,0.057499,4.292845
63030.0,0.000000,-0.027251,0.000000,-0.000340,3.299976,30.000000,24.355457,0.101438,0.102368,4.318540
63040.0,0.000000,-0.025760,0.000000,0.000000,3.299976,30.000000,26.760450,0.068946,0.068004,4.349219
63050.0,0.000000,-0.008835,0.000000,-0.000581,3.299976,30.000000,30.036188,0.022381,0.023244,4.382200
63060.0,0.000000,0.001461,0.000000,0.000000,3.299976,30.000000,30.161270,0.021008,0.022564,4.416714
63070.0,0.000000,0.019049,0.000000,0.000340,3.299976,30.000000,27.725182,0.058252,0.059676,4.449695
63080.0,0.000000,0.018722,0.000000,0.000581,3.299976,30.000000,26.822376,0.075174,0.074594,4.480374
63090.0,0.000000,0.016009,0.000000,0.000241,3.299976,30.000000,28.500551,0.052554,0.053072,4.510287
63100.0,0.000000,-0.010495,0.000000,-0.000821,3.299976,30.000000,26.474016,0.085220,0.084069,4.537515
63110.0,0.000000,-0.008702,0.000000,0.001161,3.299976,30.000000,28.669325,0.056307,0.078161,4.566661
63120.0,0.000000,-0.017984,0.000000,0.000340,3.299976,30.000000,30.589264,0.027143,0.027067,4.597724
63130.0,0.000000,0.004116,0.000000,0.000000,3.299976,30.000000,29.843246,0.039074,0.044910,4.629170
63140.0,0.000000,0.008757,0.000000,0.000340,3.299976,30.000000,32.025387,0.005236,0.005181,4.661768
63150.0,0.000000,0.015096,0.000000,0.000000,3.299976,30.000000,35.339859,-0.047851,-0.051127,4.698200
63160.0,0.000000,-0.018702,0.000000,0.000581,3.299976,30.000000,29.905663,0.031863,0.032444,4.729646
63170.0,0.000000,-0.017788,0.000000,0.000340,3.299976,30.000000,32.312222,-0.006163,-0.002745,4.764544
63180.0,0.000000,-0.024972,0.000000,0.000000,3.299976,30.000000,31.014641,0.012297,0.011653,4.795608
63190.0,0.000000,-0.023461,0.000000,0.000000,3.299976,30.000000,30.524548,0.019168,0.018567,4.828588
63200.0,0.000000,0.010835,0.000000,0.000581,3.299976,30.000000,28.579905,0.048439,0.048384,4.858117
63210.0,0.000000,0.025353,0.000000,0.000340,3.299976,30.000000,28.731180,0.048237,0.052250,4.888797
63220.0,0.000000,0.012424,0.000000,0.000000,3.299976,30.000000,30.621988,0.020555,0.021064,4.918710
63230.0,0.000000,-0.014537,0.000000,0.000000,3.299976,30.000000,32.107903,-0.003171,0.004243,4.953224
63240.0,0.000000,-0.030449,0.000000,0.000581,3.299976,30.000000,30.057888,0.026250,0.025696,4.984287
63250.0,0.000000,-0.023820,0.000000,0.000000,3.299976,30.000000,25.888128,0.091687,0.087848,5.013049
63260.0,0.000000,-0.026155,0.000000,-0.000581,3.299976,30.000000,27.594553,0.068505,0.068225,5.041428
63270.0,0.000000,0.005616,0.000000,-0.000581,3.299976,30.000000,27.251871,0.076081,0.071733,5.070957
63280.0,0.000000,0.030528,0.000000,0.000241,3.299976,30.000000,29.786844,0.040007,0.041997,5.100486
63290.0,0.000000,0.016011,0.000000,-0.000099,3.299976,30.000000,30.625990,0.026789,0.020575,5.133083
63300.0,0.000000,0.028262,0.000000,-0.000581,3.299976,30.000000,32.849804,-0.008631,-0.008044,5.166831
63310.0,0.000000,-0.023526,0.000000,0.000000,3.299976,30.000000,32.823685,-0.011359,-0.012105,5.202113
63320.0,0.000000,-0.022198,0.000000,0.000581,3.299976,30.000000,29.863859,0.032342,0.030749,5.233176
63330.0,0.000000,0.002020,0.000000,-0.000241,3.299976,30.000000,30.796877,0.018003,0.026499,5.265389
63340.0,0.000000,0.018753,0.000000,0.000000,3.299976,30.000000,28.491293,0.052454,0.052843,5.295685
63350.0,0.000000,-0.014838,0.000000,0.000000,3.299976,30.000000,24.973011,0.109889,0.117057,5.322530
63360.0,0.000000,0.007372,0.000000,0.000581,3.299976,30.000000,26.104757,0.096455,0.096330,5.348991
63370.0,0.000000,0.033435,0.000000,0.000000,3.299976,30.000000,27.699594,0.076636,0.084922,5.377753
63380.0,0.000000,0.017207,0.000000,-0.000581,3.299976,30.000000,29.448332,0.050878,0.049737,5.408050
63390.0,0.000000,0.016635,0.000000,0.000000,3.299976,30.000000,30.774481,0.030696,0.038501,5.441030
63400.0,0.000000,-0.001085,0.000000,0.000000,3.299976,30.000000,29.791716,0.044683,0.043498,5.472093
63410.0,0.000000,-0.020774,0.000000,0.002662,3.299976,30.000000,30.844400,0.028192,0.031099,5.505457
63420.0,0.000000,-0.028880,0.000000,0.000581,3.299976,30.000000,28.027998,0.071225,0.070737,5.534603
63430.0,0.000000,0.030477,0.000000,0.000581,3.299976,30.000000,31.005711,0.027140,0.027133,5.566816
63440.0,0.000000,0.039082,0.000000,-0.000581,3.299976,30.000000,30.438812,0.034703,0.033393,5.598647
63450.0,0.000000,0.033962,0.000000,0.000000,3.299976,30.000000,29.125584,0.055012,0.056784,5.629710
63460.0,0.000000,0.019542,0.000000,-0.000581,3.299976,30.000000,31.314129,0.021302,0.020406,5.661923
63470.0,0.000000,0.023510,0.000000,0.000000,3.299976,30.000000,32.338890,0.004208,0.010729,5.696054
63480.0,0.000000,-0.022719,0.000000,0.000581,3.299976,30.000000,30.591055,0.028780,0.028830,5.728268
63490.0,0.000000,-0.006650,0.000000,0.000340,3.299976,30.000000,30.641579,0.026735,0.023373,5.761632
63500.0,0.000000,-0.003500,0.000000,-0.000581,3.299976,30.000000,30.807924,0.024199,0.024807,5.792312
63510.0,0.000000,-0.012893,0.000000,0.000000,3.299976,30.000000,29.881096,0.037957,0.036969,5.824525
63520.0,0.000000,0.035672,0.000000,0.000000,3.299976,30.000000,28.182623,0.063977,0.063227,5.854054
63530.0,0.000000,-0.026069,0.000000,0.000340,3.299976,30.000000,26.385693,0.093940,0.088306,5.882816
63540.0,0.000000,0.000374,0.000000,-0.000340,3.299976,30.000000,28.566299,0.063475,0.063657,5.911195
63550.0,0.000000,-0.000234,0.000000,0.000000,3.299976,30.000000,31.455324,0.020809,0.030824,5.943792
63560.0,0.000000,-0.012246,0.000000,0.000000,3.299976,30.000000,31.502028,0.018550,0.019206,5.976389
63570.0,0.000000,0.021339,0.000000,0.000000,3.299976,30.000000,32.704765,-0.003033,-0.017373,6.012054
63580.0,0.000000,-0.007320,0.000000,0.000000,3.299976,30.000000,30.637028,0.026596,0.026671,6.043884
63590.0,0.000000,-0.023969,0.000000,0.000000,3.299976,30.000000,30.244156,0.032234,0.040464,6.076098
63600.0,0.000000,-0.029315,0.000000,0.001260,3.299976,30.000000,30.607821,0.026720,0.027400,6.107161
63610.0,0.000000,-0.000585,0.000000,0.000000,3.299976,30.000000,30.389013,0.029866,0.027460,6.139375
63620.0,0.000000,-0.018652,0.000000,-0.000340,3.299976,30.000000,30.980047,0.020066,0.021034,6.171205
63630.0,0.000000,-0.003845,0.000000,0.000340,3.299976,30.000000,31.192993,0.015752,0.009704,6.204569
63640.0,0.000000,0.005935,0.000000,-0.000920,3.299976,30.000000,31.317352,0.012794,0.012308,6.236783
63650.0,0.000000,-0.007104,0.000000,-0.001501,3.299976,30.000000,31.503008,0.007928,0.002774,6.270530
63660.0,0.000000,-0.033955,0.000000,0.000581,3.299976,30.000000,31.983553,-0.000996,-0.001848,0.020325
63670.0,0.000000,-0.020640,0.000000,0.000000,3.299976,30.000000,30.278648,0.023182,0.018818,0.053306
63680.0,0.000000,-0.013844,0.000000,0.000000,3.299976,30.000000,30.239229,0.023121,0.023317,0.085136
63690.0,0.000000,0.001880,0.000000,0.000581,3.299976,30.000000,27.628399,0.062776,0.060795,0.115816
63700.0,0.000000,0.048613,0.000000,-0.000340,3.299976,30.000000,30.019335,0.027783,0.027885,0.146112
63710.0,0.000000,0.006236,0.000000,-0.000241,3.299976,30.000000,29.896643,0.029130,0.024981,0.178709
63720.0,0.000000,-0.006346,0.000000,0.000340,3.299976,30.000000,32.699619,-0.014163,-0.013873,0.211689
63730.0,0.000000,-0.034820,0.000000,0.000000,3.299976,30.000000,32.261501,-0.010204,-0.015484,0.246204
63740.0,0.000000,-0.038964,0.000000,0.000581,3.299976,30.000000,30.787254,0.010151,0.010953,0.278801
63750.0,0.000000,0.003690,0.000000,-0.001501,3.299976,30.000000,27.262131,0.064151,0.056848,0.308714
63760.0,0.000000,0.016207,0.000000,0.000000,3.299976,30.000000,28.974762,0.039394,0.037556,0.339010
63770.0,0.000000,0.005323,0.000000,-0.000581,3.299976,30.000000,29.298237,0.035118,0.036332,0.370456
63780.0,0.000000,0.001180,0.000000,0.000241,3.299976,30.000000,29.289221,0.035524,0.035175,0.401136
63790.0,0.000000,0.011512,0.000000,-0.000679,3.299976,30.000000,30.746180,0.013011,0.016820,0.434117
63800.0,0.000000,0.007368,0.000000,0.000000,3.299976,30.000000,31.720047,-0.002364,-0.002778,0.465947
63810.0,0.000000,-0.022577,0.000000,-0.000581,3.299976,30.000000,32.849850,-0.021786,-0.019359,0.500845
63820.0,0.000000,-0.031859,0.000000,0.000581,3.299976,30.000000,32.515789,-0.018629,-0.018535,0.533825
63830.0,0.000000,0.027795,0.000000,0.000581,3.299976,30.000000,30.901772,0.003370,-0.007234,0.567573
63840.0,0.000000,-0.004541,0.000000,0.000000,3.299976,30.000000,32.082428,-0.015434,-0.013936,0.599787
63850.0,0.000000,0.019678,0.000000,0.000000,3.299976,30.000000,29.503361,0.022673,0.019781,0.632000
63860.0,0.000000,0.040367,0.000000,0.000000,3.299976,30.000000,29.270666,0.026924,0.026786,0.661913
63870.0,0.000000,0.019206,0.000000,-0.000581,3.299976,30.000000,28.022022,0.047327,0.039608,0.691825
63880.0,0.000000,-0.005807,0.000000,0.000000,3.299976,30.000000,30.033144,0.018232,0.017967,0.722121
63890.0,0.000000,-0.020301,0.000000,0.000000,3.299976,30.000000,31.142775,0.001270,0.007442,0.754719
63900.0,0.000000,-0.019896,0.000000,0.000581,3.299976,30.000000,29.468235,0.025890,0.026840,0.785782
63910.0,0.000000,0.006478,0.000000,-0.000340,3.299976,30.000000,27.156288,0.062285,0.058207,0.815311
63920.0,0.000000,0.009287,0.000000,0.000000,3.299976,30.000000,26.497156,0.075353,0.076318,0.842539
63930.0,0.000000,0.010172,0.000000,-0.000581,3.299976,30.000000,28.169827,0.052689,0.058784,0.872452
63940.0,0.000000,-0.000602,0.000000,0.000340,3.299976,30.000000,28.271418,0.052368,0.052565,0.901981
63950.0,0.000000,0.021208,0.000000,0.000000,3.299976,30.000000,28.211985,0.054756,0.045143,0.932277
63960.0,0.000000,-0.024428,0.000000,0.000000,3.299976,30.000000,31.861202,-0.000617,0.000000,0.964874
63970.0,0.000000,-0.017743,0.000000,0.001161,3.299976,30.000000,31.013102,0.010948,0.016934,0.997855
63980.0,0.000000,-0.032163,0.000000,0.001161,3.299976,30.000000,33.697968,-0.031512,-0.030509,1.031986
63990.0,0.000000,-0.003389,0.000000,0.000000,3.299976,30.000000,32.919514,-0.023826,-0.025135,1.067651
64000.0,0.000000,0.022122,0.000000,-0.000920,3.299976,30.000000,31.766964,-0.007835,-0.007713,1.099864
64010.0,0.000000,0.030623,0.000000,0.000000,3.299976,30.000000,32.055672,-0.014250,-0.011318,1.133995
64020.0,0.000000,0.003822,0.000000,0.000581,3.299976,30.000000,32.150925,-0.017716,-0.017948,1.166976
64030.0,0.000000,-0.017978,0.000000,0.000920,3.299976,30.000000,27.917494,0.046607,0.048409,1.197656
64040.0,0.000000,-0.016667,0.000000,0.000000,3.299976,30.000000,28.194756,0.044485,0.044470,1.225651
64050.0,0.000000,0.026007,0.000000,0.000340,3.299976,30.000000,29.672363,0.023507,0.029990,1.257097
64060.0,0.000000,0.021863,0.000000,0.000000,3.299976,30.000000,30.212929,0.015445,0.014614,1.287777
64070.0,0.000000,0.016117,0.000000,0.000000,3.299976,30.000000,29.301825,0.029226,0.028359,1.319991
64080.0,0.000000,-0.015872,0.000000,0.000340,3.299976,30.000000,27.799086,0.052342,0.052109,1.349136
64090.0,0.000000,-0.039187,0.000000,-0.000581,3.299976,30.000000,27.509382,0.059357,0.064575,1.379049
64100.0,0.000000,0.005422,0.000000,0.000581,3.299976,30.000000,28.341965,0.048715,0.049418,1.407811
64110.0,0.000000,0.029641,0.000000,0.000581,3.299976,30.000000,30.164885,0.021782,0.022734,1.440024
64120.0,0.000000,0.024941,0.000000,0.000581,3.299976,30.000000,31.883553,-0.004765,-0.004565,1.471855
64130.0,0.000000,0.009185,0.000000,-0.000581,3.299976,30.000000,32.465488,-0.015449,-0.011233,1.506369
64140.0,0.000000,-0.017320,0.000000,0.000000,3.299976,30.000000,33.743687,-0.037314,-0.037106,1.540117
64150.0,0.000000,-0.011268,0.000000,-0.000340,3.299976,30.000000,32.893562,-0.027542,-0.026606,1.575398
64160.0,0.000000,-0.011765,0.000000,0.000581,3.299976,30.000000,31.852203,-0.013156,-0.011407,1.607612
64170.0,0.000000,-0.003587,0.000000,0.000581,3.299976,30.000000,30.803514,0.001651,0.005157,1.640209
64180.0,0.000000,0.001054,0.000000,0.000581,3.299976,30.000000,28.496717,0.036311,0.034188,1.670122
64190.0,0.000000,-0.020770,0.000000,0.000000,3.299976,30.000000,27.733984,0.049019,0.041537,1.700801
64200.0,0.000000,0.000512,0.000000,0.000581,3.299976,30.000000,26.887047,0.064334,0.064495,1.728413
64210.0,0.000000,0.025969,0.000000,-0.000581,3.299976,30.000000,26.812014,0.068771,0.067054,1.757175
64220.0,0.000000,0.030611,0.000000,0.000000,3.299976,30.000000,28.583876,0.043953,0.042922,1.786321
64230.0,0.000000,0.013053,0.000000,0.000581,3.299976,30.000000,29.991892,0.023641,0.034767,1.817767
64240.0,0.000000,-0.017099,0.000000,0.000000,3.299976,30.000000,29.397522,0.032904,0.032714,1.848447
64250.0,0.000000,-0.015002,0.000000,0.000000,3.299976,30.000000,28.889893,0.041196,0.039510,1.879510
64260.0,0.000000,0.021448,0.000000,0.000920,3.299976,30.000000,30.019518,0.024904,0.026597,1.909806
64270.0,0.000000,0.015067,0.000000,0.000000,3.299976,30.000000,30.448055,0.018756,0.015374,1.941636
64280.0,0.000000,-0.018731,0.000000,-0.000340,3.299976,30.000000,30.776211,0.013242,0.012791,1.973083
64290.0,0.000000,-0.020281,0.000000,0.000340,3.299976,30.000000,31.408678,0.002374,-0.001705,2.006830
64300.0,0.000000,0.002246,0.000000,-0.000241,3.299976,30.000000,31.726719,-0.004596,-0.006512,2.040195
64310.0,0.000000,0.027963,0.000000,-0.000581,3.299976,30.000000,32.876057,-0.024301,-0.022228,2.075093
64320.0,0.000000,-0.033667,0.000000,-0.000581,3.299976,30.000000,31.820282,-0.010659,-0.010731,2.108073
64330.0,0.000000,0.011127,0.000000,0.000241,3.299976,30.000000,31.977158,-0.014879,-0.008959,2.141821
64340.0,0.000000,0.019732,0.000000,-0.000581,3.299976,30.000000,30.429203,0.007500,0.009673,2.173267
64350.0,0.000000,0.017596,0.000000,-0.000581,3.299976,30.000000,29.073696,0.028712,0.029048,2.203947
64360.0,0.000000,0.045262,0.000000,-0.000340,3.299976,30.000000,28.349825,0.041141,0.041602,2.232709
64370.0,0.000000,0.037988,0.000000,0.000920,3.299976,30.000000,26.979750,0.064712,0.069536,2.261855
64380.0,0.000000,-0.033969,0.000000,0.000000,3.299976,30.000000,29.299984,0.031248,0.031107,2.291384
64390.0,0.000000,-0.005821,0.000000,-0.001161,3.299976,30.000000,32.001942,-0.009706,-0.004037,2.324748
64400.0,0.000000,0.037259,0.000000,0.000000,3.299976,30.000000,31.111990,0.002050,0.002682,2.356961
64410.0,0.000000,0.019708,0.000000,0.000000,3.299976,30.000000,30.205706,0.015401,0.016813,2.388792
64420.0,0.000000,-0.008016,0.000000,-0.000241,3.299976,30.000000,28.568708,0.040810,0.041107,2.418704
64430.0,0.000000,-0.025593,0.000000,0.000340,3.299976,30.000000,29.407534,0.029701,0.032565,2.449000
64440.0,0.000000,-0.027582,0.000000,-0.000241,3.299976,30.000000,30.596769,0.012048,0.012926,2.480063
64450.0,0.000000,-0.016081,0.000000,0.000340,3.299976,30.000000,31.510675,-0.002370,0.014591,2.513044
64460.0,0.000000,0.004608,0.000000,0.000000,3.299976,30.000000,31.640390,-0.005998,-0.006972,2.545641
64470.0,0.000000,0.048582,0.000000,0.000000,3.299976,30.000000,31.770308,-0.008543,-0.008524,2.578238
64480.0,0.000000,-0.025250,0.000000,0.000000,3.299976,30.000000,31.471020,-0.006024,-0.012153,2.611986
64490.0,0.000000,-0.026344,0.000000,0.000000,3.299976,30.000000,29.324337,0.026113,0.024460,2.642282
64500.0,0.000000,-0.029106,0.000000,-0.000581,3.299976,30.000000,27.880314,0.048975,0.049381,2.672578
64510.0,0.000000,0.009392,0.000000,-0.000340,3.299976,30.000000,29.679274,0.022530,0.022386,2.703258
64520.0,0.000000,0.021179,0.000000,-0.000821,3.299976,30.000000,30.444227,0.010955,0.011622,2.735471
64530.0,0.000000,0.061852,0.000000,-0.000581,3.299976,30.000000,28.507137,0.040670,0.039470,2.764617
64540.0,0.000000,-0.041969,0.000000,-0.000340,3.299976,30.000000,26.897232,0.068363,0.062815,2.792996
64550.0,0.000000,-0.010970,0.000000,0.000000,3.299976,30.000000,28.718735,0.042489,0.042034,2.822908
64560.0,0.000000,0.017212,0.000000,-0.000581,3.299976,30.000000,32.263691,-0.012066,-0.007949,2.857039
64570.0,0.000000,-0.030496,0.000000,-0.000581,3.299976,30.000000,31.337017,0.000026,0.000199,2.889636
64580.0,0.000000,-0.016854,0.000000,0.000581,3.299976,30.000000,29.331375,0.029875,0.029003,2.921467
64590.0,0.000000,0.025051,0.000000,0.000340,3.299976,30.000000,28.982056,0.036055,0.036229,2.950996
64600.0,0.000000,0.006874,0.000000,0.000000,3.299976,30.000000,29.888927,0.022931,0.020534,2.982826
64610.0,0.000000,-0.035392,0.000000,0.000000,3.299976,30.000000,30.369051,0.015447,0.015539,3.014272
64620.0,0.000000,-0.027215,0.000000,-0.000581,3.299976,30.000000,31.015867,0.004548,0.009697,3.047637
64630.0,0.000000,-0.006496,0.000000,-0.001161,3.299976,30.000000,31.402241,-0.002420,-0.003152,3.079850
64640.0,0.000000,-0.003457,0.000000,-0.000340,3.299976,30.000000,31.012522,0.002078,0.005801,3.113214
64650.0,0.000000,0.023892,0.000000,-0.000920,3.299976,30.000000,31.181873,-0.001308,-0.001394,3.145044
64660.0,0.000000,0.015119,0.000000,-0.000241,3.299976,30.000000,30.408375,0.009097,0.005433,3.178025
64670.0,0.000000,0.004029,0.000000,-0.000241,3.299976,30.000000,30.654411,0.004255,0.003216,3.210238
64680.0,0.000000,-0.035328,0.000000,-0.000241,3.299976,30.000000,29.655233,0.019170,0.016501,3.242069
64690.0,0.000000,-0.005528,0.000000,-0.000241,3.299976,30.000000,27.805618,0.047807,0.047546,3.271214
64700.0,0.000000,0.004141,0.000000,-0.000581,3.299976,30.000000,28.335014,0.042705,0.048768,3.300743
64710.0,0.000000,-0.000868,0.000000,0.000340,3.299976,30.000000,29.273403,0.029700,0.030846,3.330656
64720.0,0.000000,-0.032643,0.000000,-0.000340,3.299976,30.000000,31.566008,-0.005924,-0.004043,3.364403
64730.0,0.000000,-0.017075,0.000000,0.001501,3.299976,30.000000,31.225014,-0.001985,-0.003341,3.396234
64740.0,0.000000,0.017456,0.000000,0.000000,3.299976,30.000000,28.612843,0.037607,0.027177,3.427297
64750.0,0.000000,0.006683,0.000000,-0.000581,3.299976,30.000000,26.882750,0.065685,0.064387,3.455292
64760.0,0.000000,-0.020279,0.000000,0.000000,3.299976,30.000000,27.508015,0.059114,0.066162,3.484821
64770.0,0.000000,-0.027153,0.000000,0.000581,3.299976,30.000000,28.373037,0.047820,0.049997,3.513583
64780.0,0.000000,0.028558,0.000000,0.000581,3.299976,30.000000,28.955633,0.040828,0.042725,3.544646
64790.0,0.000000,0.005986,0.000000,0.000581,3.299976,30.000000,30.086235,0.024086,0.024407,3.574942
64800.0,0.000000,-0.033371,0.000000,-0.000920,3.299976,30.000000,32.789230,-0.018119,-0.015900,3.609457
64810.0,0.000000,-0.019351,0.000000,0.000340,3.299976,30.000000,31.186682,0.004527,0.005803,3.641287
64820.0,0.000000,0.021225,0.000000,-0.000581,3.299976,30.000000,31.389593,0.000718,-0.000824,3.674268
64830.0,0.000000,0.018940,0.000000,-0.000581,3.299976,30.000000,32.152317,-0.012312,-0.012268,3.707248
64840.0,0.000000,0.014686,0.000000,0.000000,3.299976,30.000000,31.291159,-0.001455,-0.008374,3.740996
64850.0,0.000000,-0.022442,0.000000,-0.000340,3.299976,30.000000,29.711428,0.022272,0.022531,3.771292
64860.0,0.000000,-0.025204,0.000000,0.000000,3.299976,30.000000,28.594374,0.039522,0.034149,3.802738
64870.0,0.000000,-0.016916,0.000000,-0.000581,3.299976,30.000000,28.737181,0.038846,0.038103,3.831884
64880.0,0.000000,-0.021115,0.000000,0.000241,3.299976,30.000000,30.760975,0.008782,0.009146,3.863714
64890.0,0.000000,-0.014374,0.000000,-0.000581,3.299976,30.000000,30.909939,0.005135,0.005138,3.896695
64900.0,0.000000,-0.006197,0.000000,0.000000,3.299976,30.000000,31.069370,0.001524,0.007366,3.930442
64910.0,0.000000,0.005737,0.000000,0.000340,3.299976,30.000000,27.709888,0.052803,0.052424,3.958821
64920.0,0.000000,0.003638,0.000000,0.000000,3.299976,30.000000,27.450306,0.059712,0.067596,3.988350
64930.0,0.000000,-0.004152,0.000000,0.000581,3.299976,30.000000,27.934248,0.054398,0.055431,4.016729
64940.0,0.000000,-0.001776,0.000000,-0.000241,3.299976,30.000000,30.366957,0.018538,0.020450,4.048943
64950.0,0.000000,-0.032274,0.000000,-0.000581,3.299976,30.000000,30.175016,0.021641,0.022827,4.079622
64960.0,0.000000,0.023734,0.000000,0.000581,3.299976,30.000000,31.526939,-0.000020,0.002454,4.113369
64970.0,0.000000,0.026587,0.000000,0.000000,3.299976,30.000000,31.768885,-0.005492,-0.004737,4.146350
64980.0,0.000000,0.006615,0.000000,0.000340,3.299976,30.000000,32.113041,-0.012591,-0.007420,4.180481
64990.0,0.000000,-0.011106,0.000000,0.000340,3.299976,30.000000,31.910255,-0.011130,-0.010936,4.212695
65000.0,0.000000,-0.005976,0.000000,-0.001161,3.299976,30.000000,32.080521,-0.015051,-0.011300,4.246442
65010.0,0.000000,-0.006473,0.000000,0.000340,3.299976,30.000000,30.895647,0.000983,0.000842,4.279039
65020.0,0.000000,0.014136,0.000000,-0.000581,3.299976,30.000000,25.996334,0.075976,0.069547,4.308185
65030.0,0.000000,0.019396,0.000000,-0.001840,3.299976,30.000000,27.830873,0.050928,0.048910,4.336180
65040.0,0.000000,-0.055099,0.000000,-0.001161,3.299976,30.000000,27.208469,0.064417,0.064927,4.364175
65050.0,0.000000,-0.013537,0.000000,-0.000581,3.299976,30.000000,28.711130,0.043575,0.045019,4.392938
65060.0,0.000000,0.028537,0.000000,0.000340,3.299976,30.000000,30.187796,0.022807,0.023463,4.424384
65070.0,0.000000,0.007444,0.000000,0.000000,3.299976,30.000000,28.483175,0.048883,0.047380,4.453913
65080.0,0.000000,-0.010697,0.000000,-0.000920,3.299976,30.000000,27.805250,0.061288,0.064794,4.483442
65090.0,0.000000,-0.049027,0.000000,0.000000,3.299976,30.000000,27.058273,0.075035,0.076557,4.511437
65100.0,0.000000,-0.016650,0.000000,-0.001742,3.299976,30.000000,25.713814,0.098948,0.099181,4.539433
65110.0,0.000000,0.004386,0.000000,-0.000581,3.299976,30.000000,28.246609,0.063939,0.063654,4.567428
65120.0,0.000000,0.040430,0.000000,0.000920,3.299976,30.000000,30.446978,0.029739,0.017874,4.601175
65130.0,0.000000,-0.015450,0.000000,0.000000,3.299976,30.000000,29.391758,0.045786,0.045709,4.631472
65140.0,0.000000,0.022101,0.000000,0.000000,3.299976,30.000000,31.354750,0.014875,0.005737,4.665603
65150.0,0.000000,-0.006558,0.000000,-0.000340,3.299976,30.000000,33.721233,-0.022320,-0.021881,4.699350
65160.0,0.000000,-0.034975,0.000000,0.000000,3.299976,30.000000,29.589930,0.038689,0.045366,4.731180
65170.0,0.000000,-0.024560,0.000000,0.000581,3.299976,30.000000,33.788265,-0.026518,-0.025583,4.765311
65180.0,0.000000,0.020212,0.000000,0.000000,3.299976,30.000000,32.767799,-0.014536,-0.011659,4.800593
65190.0,0.000000,0.039093,0.000000,0.000340,3.299976,30.000000,29.458284,0.034353,0.035538,4.831273
65200.0,0.000000,0.021542,0.000000,0.000340,3.299976,30.000000,26.679354,0.078725,0.074190,4.860035
65210.0,0.000000,0.017398,0.000000,0.000000,3.299976,30.000000,27.800093,0.064100,0.064554,4.888413
65220.0,0.000000,-0.002270,0.000000,0.000340,3.299976,30.000000,30.793581,0.019567,0.017596,4.921010
65230.0,0.000000,0.000879,0.000000,0.000679,3.299976,30.000000,31.867275,0.001938,0.001853,4.953991
65240.0,0.000000,0.007565,0.000000,0.000581,3.299976,30.000000,30.246971,0.024434,0.019695,4.987355
65250.0,0.000000,0.027937,0.000000,0.000000,3.299976,30.000000,25.368418,0.100032,0.099127,5.014200
65260.0,0.000000,-0.001143,0.000000,0.000000,3.299976,30.000000,28.083534,0.063173,0.058385,5.042962
65270.0,0.000000,-0.036433,0.000000,0.000581,3.299976,30.000000,28.068853,0.065649,0.066406,5.071341
65280.0,0.000000,-0.017992,0.000000,-0.000920,3.299976,30.000000,30.753992,0.025982,0.034195,5.103554
65290.0,0.000000,0.027243,0.000000,-0.000241,3.299976,30.000000,28.967430,0.052073,0.050997,5.134234
65300.0,0.000000,0.033286,0.000000,-0.000241,3.299976,30.000000,18.693708,0.213324,0.200210,5.156860
65310.0,0.000000,0.013115,0.000000,-0.000581,3.299976,30.000000,11.847975,0.329273,0.329120,5.170282
65320.0,0.000000,-0.040165,0.000000,-0.000241,3.299976,30.000000,7.346620,0.419457,0.416315,5.179103
65330.0,0.000000,0.010801,0.000000,0.001161,3.299976,30.000000,8.915938,0.415074,0.414674,5.187156
65340.0,0.000000,0.034104,0.000000,0.000340,3.299976,30.000000,8.497568,0.445531,0.453173,5.195593
65350.0,0.000000,0.010899,0.000000,0.000581,3.299976,30.000000,6.022633,0.503177,0.502307,5.201729
65360.0,0.000000,0.010292,0.000000,-0.000340,3.299976,30.000000,5.589000,0.535942,0.536579,5.207865
65370.0,0.000000,0.011603,0.000000,0.000000,3.299976,30.000000,5.816904,0.554821,0.555258,5.212851
65380.0,0.000000,-0.001400,0.000000,-0.000581,3.299976,30.000000,4.655122,0.600047,0.594056,5.217069
65390.0,0.000000,-0.016712,0.000000,-0.000241,3.299976,30.000000,4.081000,0.631504,0.631554,5.221287
65400.0,0.000000,-0.022464,0.000000,-0.000340,3.299976,30.000000,4.104331,0.659298,0.657555,5.225506
65410.0,0.000000,-0.024136,0.000000,0.000340,3.299976,30.000000,3.523330,0.691616,0.691839,5.228574
65420.0,0.000000,-0.005056,0.000000,0.000000,3.299976,30.000000,2.405258,0.738321,0.727946,5.230875
65430.0,0.000000,0.008687,0.000000,0.000000,3.299976,30.000000,1.196725,0.782066,0.781316,5.231642
65440.0,0.000000,0.024121,0.000000,-0.000340,3.299976,30.000000,0.537827,0.823982,0.821194,5.232025
65450.0,0.000000,0.002428,0.000000,-0.000340,3.299976,30.000000,0.513395,0.850882,0.849740,5.232025
65460.0,0.000000,-0.010574,0.000000,0.001161,3.299976,30.000000,0.453638,0.884943,0.883036,5.231258
65470.0,0.000000,-0.011388,0.000000,0.000340,3.299976,30.000000,-0.570707,0.927601,0.927674,5.230108
65480.0,0.000000,-0.022912,0.000000,0.000340,3.299976,30.000000,-0.329712,0.956975,0.953989,5.229724
65490.0,0.000000,0.006549,0.000000,0.000000,3.299976,30.000000,0.466184,0.971727,0.971736,5.229724
65500.0,0.000000,0.035579,0.000000,0.000920,3.299976,30.000000,0.525759,1.003263,0.999180,5.229724
65510.0,0.000000,0.029627,0.000000,-0.000340,3.299976,30.000000,0.483581,1.030458,1.030033,5.229724
65520.0,0.000000,-0.004611,0.000000,0.000821,3.299976,30.000000,1.277551,1.050314,1.039425,5.230491
65530.0,0.000000,0.036632,0.000000,0.001501,3.299976,30.000000,1.465842,1.072869,1.023082,5.232025
65540.0,0.000000,-0.016354,0.000000,-0.000920,3.299976,30.000000,-2.271608,1.164020,0.902141,5.232409
65550.0,0.000000,-0.018343,0.000000,-0.000241,3.299976,30.000000,0.310864,1.152742,0.892146,5.232409
65560.0,0.000000,-0.032001,0.000000,-0.000581,3.299976,30.000000,0.016338,1.190183,0.893699,5.232409
65570.0,0.000000,-0.024888,0.000000,0.000581,3.299976,30.000000,-1.623435,1.242522,0.883954,5.231642
65580.0,0.000000,0.016900,0.000000,0.000581,3.299976,30.000000,-0.116343,1.254221,0.882702,5.230491
65590.0,0.000000,0.028488,0.000000,-0.000581,3.299976,30.000000,-0.216777,1.282890,0.887747,5.229724
65600.0,0.000000,0.023598,0.000000,-0.000679,3.299976,30.000000,0.461035,1.306067,0.886408,5.229724
65610.0,0.000000,-0.032288,0.000000,-0.000920,3.299976,30.000000,-0.128786,1.341901,0.893318,5.229724
65620.0,0.000000,-0.024088,0.000000,0.000340,3.299976,30.000000,-0.199044,1.375955,0.877534,5.229724
65630.0,0.000000,-0.010662,0.000000,0.000581,3.299976,30.000000,-0.020481,1.400219,0.885068,5.229724
65640.0,0.000000,-0.021546,0.000000,0.000000,3.299976,30.000000,0.026462,1.432514,0.884033,5.229724
65650.0,0.000000,-0.013258,0.000000,-0.000581,3.299976,30.000000,0.147722,1.457714,0.889711,5.229724
65660.0,0.000000,-0.037502,0.000000,-0.000340,3.299976,30.000000,1.133959,1.475275,0.889203,5.230491
65670.0,0.000000,0.031623,0.000000,0.000340,3.299976,30.000000,1.610946,1.493774,0.880065,5.232025
65680.0,0.000000,0.027700,0.000000,-0.000340,3.299976,30.000000,2.177116,1.516145,0.883586,5.233943
65690.0,0.000000,0.006304,0.000000,0.000000,3.299976,30.000000,2.105626,1.542558,0.888406,5.235860
65700.0,0.000000,0.028417,0.000000,0.000000,3.299976,30.000000,1.425818,1.583708,0.890055,5.237778
65710.0,0.000000,-0.000539,0.000000,0.000340,3.299976,30.000000,1.533986,1.607931,0.897480,5.238928
65720.0,0.000000,-0.008403,0.000000,0.000000,3.299976,30.000000,0.641051,1.653439,0.891489,5.240078
65730.0,0.000000,-0.037063,0.000000,-0.000920,3.299976,30.000000,-0.240690,1.693090,0.887272,5.240462
65740.0,0.000000,-0.011887,0.000000,0.000000,3.299976,30.000000,0.059587,1.718771,0.890063,5.240462
65750.0,0.000000,-0.021224,0.000000,0.000340,3.299976,30.000000,0.346699,1.743940,0.893324,5.240846
65760.0,0.000000,0.018446,0.000000,0.000000,3.299976,30.000000,0.159380,1.779937,0.893362,5.240846
65770.0,0.000000,0.004026,0.000000,0.000340,3.299976,30.000000,0.467049,1.802262,0.897205,5.241229
65780.0,0.000000,-0.005366,0.000000,0.000340,3.299976,30.000000,-0.435639,1.848434,0.885017,5.241229
65790.0,0.000000,0.021982,0.000000,-0.000581,3.299976,30.000000,0.735494,1.857306,0.890229,5.241996
65800.0,0.000000,-0.011609,0.000000,-0.000581,3.299976,30.000000,0.721889,1.889952,0.891155,5.242380
65810.0,0.000000,0.010602,0.000000,0.000000,3.299976,30.000000,0.002017,1.927801,0.893982,5.242380
65820.0,0.000000,-0.007575,0.000000,0.000000,3.299976,30.000000,0.038713,1.959769,0.896814,5.242763
65830.0,0.000000,-0.030780,0.000000,0.000000,3.299976,30.000000,-0.214141,1.990713,0.887997,5.242763
65840.0,0.000000,-0.022603,0.000000,-0.001161,3.299976,30.000000,-0.075514,2.000000,0.890302,5.242763
65850.0,0.000000,-0.012210,0.000000,0.000340,3.299976,30.000000,0.287042,2.000000,0.891814,5.243146
65860.0,0.000000,0.039854,0.000000,0.000241,3.299976,30.000000,0.131260,2.000000,0.891724,5.243146
65870.0,0.000000,-0.012099,0.000000,-0.000581,3.299976,30.000000,-0.027611,2.000000,0.898857,5.243146
65880.0,0.000000,-0.030867,0.000000,-0.000920,3.299976,30.000000,-0.249612,2.000000,0.882865,5.243146
65890.0,0.000000,-0.021993,0.000000,0.000000,3.299976,30.000000,-0.044558,2.000000,0.888536,5.243146
65900.0,0.000000,-0.041662,0.000000,-0.000581,3.299976,30.000000,0.052274,2.000000,0.889864,5.243146
65910.0,0.000000,-0.021252,0.000000,-0.000581,3.299976,30.000000,0.101694,2.000000,0.892699,5.243146
65920.0,0.000000,0.013243,0.000000,0.000000,3.299976,30.000000,0.585100,2.000000,0.896509,5.243530
65930.0,0.000000,0.034544,0.000000,-0.000920,3.299976,30.000000,2.318967,2.000000,0.887263,5.245831
65940.0,0.000000,-0.023860,0.000000,0.000581,3.299976,30.000000,1.703179,2.000000,0.887857,5.247748
65950.0,0.000000,-0.018013,0.000000,-0.000340,3.299976,30.000000,1.149642,2.000000,0.886452,5.249666
65960.0,0.000000,0.004714,0.000000,0.000000,3.299976,30.000000,1.550256,2.000000,0.887754,5.250816
65970.0,0.000000,0.002379,0.000000,0.000000,3.299976,30.000000,1.562729,2.000000,0.897611,5.251967
65980.0,0.000000,-0.000933,0.000000,0.000581,3.299976,30.000000,0.665357,2.000000,0.896920,5.253501
65990.0,0.000000,-0.006885,0.000000,0.000340,3.299976,30.000000,1.810385,2.000000,0.885558,5.254652
66000.0,0.000000,-0.039611,0.000000,0.000000,3.299976,30.000000,1.573359,2.000000,0.887957,5.256186
66010.0,0.000000,-0.016807,0.000000,-0.000581,3.299976,30.000000,0.741592,2.000000,0.891159,5.256952
66020.0,0.000000,0.014668,0.000000,-0.001161,3.299976,30.000000,0.549154,2.000000,0.891364,5.257720
66030.0,0.000000,0.030801,0.000000,0.000340,3.299976,30.000000,0.051576,2.000000,0.894618,5.258103
66040.0,0.000000,-0.013680,0.000000,-0.000581,3.299976,30.000000,0.422466,2.000000,0.881989,5.258486
66050.0,0.000000,-0.027508,0.000000,0.000581,3.299976,30.000000,0.876119,2.000000,0.885518,5.259254
66060.0,0.000000,-0.023250,0.000000,-0.000679,3.299976,30.000000,-0.008699,2.000000,0.885414,5.259254
66070.0,0.000000,-0.027394,0.000000,0.000000,3.299976,30.000000,0.074385,2.000000,0.891267,5.259637
66080.0,0.000000,0.001027,0.000000,-0.000581,3.299976,30.000000,0.083165,2.000000,0.894605,5.259637
66090.0,0.000000,0.007477,0.000000,0.000000,3.299976,30.000000,-0.193928,2.000000,0.880906,5.259637
66100.0,0.000000,0.016856,0.000000,0.000000,3.299976,30.000000,-1.550408,2.000000,0.884402,5.258486
66110.0,0.000000,0.007575,0.000000,0.001161,3.299976,30.000000,-1.388997,2.000000,0.888197,5.257336
66120.0,0.000000,-0.004801,0.000000,-0.000340,3.299976,30.000000,-1.526714,2.000000,0.888519,5.255418
66130.0,0.000000,0.001995,0.000000,0.000679,3.299976,30.000000,-1.004625,2.000000,0.894091,5.254268
66140.0,0.000000,0.011664,0.000000,0.000000,3.299976,30.000000,-0.622826,2.000000,0.880537,5.253118
66150.0,0.000000,0.018460,0.000000,0.000000,3.299976,30.000000,-0.372289,2.000000,0.886878,5.252350
66160.0,0.000000,0.011278,0.000000,-0.000241,3.299976,30.000000,-0.775144,2.000000,0.890148,5.251584
66170.0,0.000000,0.001941,0.000000,0.000340,3.299976,30.000000,0.408143,2.000000,0.891609,5.251584
66180.0,0.000000,0.022549,0.000000,0.000000,3.299976,30.000000,0.106901,2.000000,0.893856,5.251584
66190.0,0.000000,0.006638,0.000000,0.000000,3.299976,30.000000,-0.189628,2.000000,0.895457,5.251584
66200.0,0.000000,-0.002755,0.000000,-0.000581,3.299976,30.000000,-0.169409,2.000000,0.887621,5.251584
66210.0,0.000000,-0.005406,0.000000,0.000000,3.299976,30.000000,0.050646,2.000000,0.890009,5.251584
66220.0,0.000000,-0.008997,0.000000,0.000581,3.299976,30.000000,0.146521,2.000000,0.892142,5.251584
66230.0,0.000000,0.009567,0.000000,0.000000,3.299976,30.000000,0.171808,2.000000,0.897564,5.251584
66240.0,0.000000,0.030175,0.000000,0.000581,3.299976,30.000000,-0.063734,2.000000,0.895990,5.251584
66250.0,0.000000,-0.009361,0.000000,0.000000,3.299976,30.000000,-1.203043,2.000000,0.886953,5.251200
66260.0,0.000000,-0.016322,0.000000,-0.000340,3.299976,30.000000,0.232475,2.000000,0.886957,5.250816
66270.0,0.000000,-0.013173,0.000000,-0.000581,3.299976,30.000000,-0.344216,2.000000,0.892675,5.250433
66280.0,0.000000,-0.011625,0.000000,-0.000679,3.299976,30.000000,0.205730,2.000000,0.892001,5.250433
66290.0,0.000000,-0.047261,0.000000,0.000581,3.299976,30.000000,-0.126638,2.000000,0.900350,5.250433
66300.0,0.000000,-0.020022,0.000000,0.000000,3.299976,30.000000,-0.259671,2.000000,0.881943,5.250433
66310.0,0.000000,-0.013573,0.000000,-0.000241,3.299976,30.000000,-0.028661,2.000000,0.890292,5.250433
66320.0,0.000000,0.014293,0.000000,0.000000,3.299976,30.000000,0.049521,2.000000,0.890546,5.250433
66330.0,0.000000,0.021065,0.000000,0.000340,3.299976,30.000000,0.190305,2.000000,0.894130,5.250433
66340.0,0.000000,0.002925,0.000000,-0.000340,3.299976,30.000000,1.206542,2.000000,0.895037,5.250816
66350.0,0.000000,-0.011812,0.000000,0.000340,3.299976,30.000000,0.437860,2.000000,0.885234,5.251584
66360.0,0.000000,-0.034838,0.000000,-0.001260,3.299976,30.000000,0.691211,2.000000,0.888491,5.252350
66370.0,0.000000,-0.012324,0.000000,0.000000,3.299976,30.000000,0.860052,2.000000,0.891502,5.252734
66380.0,0.000000,0.011895,0.000000,-0.000340,3.299976,30.000000,0.690579,2.000000,0.892663,5.253118
66390.0,0.000000,0.027129,0.000000,-0.000340,3.299976,30.000000,-0.136144,2.000000,0.896979,5.253118
66400.0,0.000000,0.049856,0.000000,0.000000,3.299976,30.000000,-0.117426,2.000000,0.893746,5.253118
66410.0,0.000000,-0.024193,0.000000,0.001161,3.299976,30.000000,-0.113109,2.000000,0.888487,5.253118
66420.0,0.000000,-0.039623,0.000000,-0.000920,3.299976,30.000000,-0.025102,2.000000,0.888801,5.253118
66430.0,0.000000,-0.016812,0.000000,0.000000,3.299976,30.000000,0.165127,2.000000,0.893275,5.253118
66440.0,0.000000,-0.008008,0.000000,-0.000581,3.299976,30.000000,0.244309,2.000000,0.893973,5.253118
66450.0,0.000000,-0.016973,0.000000,0.000000,3.299976,30.000000,-0.090689,2.000000,0.897905,5.252734
66460.0,0.000000,0.012384,0.000000,0.000581,3.299976,30.000000,-0.199476,2.000000,0.876149,5.252350
66470.0,0.000000,0.018833,0.000000,-0.000340,3.299976,30.000000,-0.924714,2.000000,0.889765,5.251967
66480.0,0.000000,0.011263,0.000000,0.000000,3.299976,30.000000,0.265208,2.000000,0.892833,5.251967
66490.0,0.000000,-0.004966,0.000000,0.000000,3.299976,30.000000,0.121719,2.000000,0.895325,5.251967
66500.0,0.000000,-0.021615,0.000000,-0.000241,3.299976,30.000000,0.057386,2.000000,0.898003,5.251967
66510.0,0.000000,-0.035082,0.000000,0.000340,3.299976,30.000000,0.744409,2.000000,0.887119,5.252350
66520.0,0.000000,-0.017860,0.000000,-0.000241,3.299976,30.000000,-0.219093,2.000000,0.887805,5.252350
66530.0,0.000000,0.028867,0.000000,-0.000581,3.299976,30.000000,0.132981,2.000000,0.893753,5.252350
66540.0,0.000000,0.004642,0.000000,-0.000340,3.299976,30.000000,0.180163,2.000000,0.894439,5.252350
66550.0,0.000000,0.009284,0.000000,0.000000,3.299976,30.000000,-0.028250,2.000000,0.900777,5.252350
66560.0,0.000000,0.031384,0.000000,0.000000,3.299976,30.000000,-0.202376,2.000000,0.885952,5.252350
66570.0,0.000000,0.039672,0.000000,-0.000241,3.299976,30.000000,0.618164,2.000000,0.889802,5.252734
66580.0,0.000000,0.008859,0.000000,0.000000,3.299976,30.000000,1.768253,2.000000,0.893981,5.253501
66590.0,0.000000,-0.011641,0.000000,-0.000679,3.299976,30.000000,0.117991,2.000000,0.894299,5.254268
66600.0,0.000000,-0.030655,0.000000,0.000340,3.299976,30.000000,1.809497,2.000000,0.897388,5.255035
66610.0,0.000000,-0.000079,0.000000,0.000241,3.299976,30.000000,0.601225,2.000000,0.893325,5.255802
66620.0,0.000000,0.008525,0.000000,0.000581,3.299976,30.000000,1.520356,2.000000,0.888188,5.256952
66630.0,0.000000,0.019719,0.000000,0.000920,3.299976,30.000000,0.857991,2.000000,0.887736,5.258103
66640.0,0.000000,-0.045225,0.000000,0.000000,3.299976,30.000000,0.644482,2.000000,0.892313,5.258870
66650.0,0.000000,-0.015555,0.000000,-0.001501,3.299976,30.000000,0.598176,2.000000,0.892533,5.259637
66660.0,0.000000,-0.005459,0.000000,-0.001501,3.299976,30.000000,0.382297,2.000000,0.894292,5.260404
66670.0,0.000000,0.031191,0.000000,0.001161,3.299976,30.000000,0.483010,2.000000,0.881282,5.260787
66680.0,0.000000,0.019781,0.000000,-0.000581,3.299976,30.000000,-0.238394,2.000000,0.886367,5.260787
66690.0,0.000000,-0.017737,0.000000,0.000581,3.299976,30.000000,0.102088,2.000000,0.886463,5.260787
66700.0,0.000000,-0.024301,0.000000,0.001161,3.299976,30.000000,0.183939,2.000000,0.893969,5.260787
66710.0,0.000000,-0.000745,0.000000,-0.000340,3.299976,30.000000,0.098146,2.000000,0.892807,5.260787
66720.0,0.000000,0.026921,0.000000,0.000920,3.299976,30.000000,-0.192428,2.000000,0.881525,5.260787
66730.0,0.000000,0.028741,0.000000,0.000000,3.299976,30.000000,-0.117946,2.000000,0.884042,5.260787
66740.0,0.000000,0.000404,0.000000,0.000581,3.299976,30.000000,-1.355527,2.000000,0.888849,5.259637
66750.0,0.000000,-0.030167,0.000000,-0.000581,3.299976,30.000000,-0.986141,2.000000,0.889105,5.258870
66760.0,0.000000,-0.003141,0.000000,0.000581,3.299976,30.000000,-0.524628,2.000000,0.894405,5.258103
66770.0,0.000000,0.032845,0.000000,0.000000,3.299976,30.000000,-1.397279,2.000000,0.887988,5.256952
66780.0,0.000000,0.006627,0.000000,-0.000340,3.299976,30.000000,-0.631953,2.000000,0.887785,5.256569
66790.0,0.000000,-0.039360,0.000000,-0.000581,3.299976,30.000000,-0.003959,2.000000,0.891095,5.256186
66800.0,0.000000,-0.031698,0.000000,0.000581,3.299976,30.000000,0.193067,2.000000,0.891844,5.256186
66810.0,0.000000,0.004016,0.000000,-0.000920,3.299976,30.000000,0.156720,2.000000,0.892385,5.256186
66820.0,0.000000,0.003836,0.000000,0.000920,3.299976,30.000000,-0.244252,2.000000,0.896481,5.256186
66830.0,0.000000,0.014131,0.000000,-0.000340,3.299976,30.000000,-1.269307,2.000000,0.884440,5.255802
66840.0,0.000000,0.023355,0.000000,0.000000,3.299976,30.000000,0.306207,2.000000,0.888331,5.255418
66850.0,0.000000,0.023633,0.000000,0.000340,3.299976,30.000000,-0.359780,2.000000,0.889260,5.255035
66860.0,0.000000,-0.015303,0.000000,0.000000,3.299976,30.000000,0.128411,2.000000,0.894433,5.254652
66870.0,0.000000,-0.033443,0.000000,-0.000581,3.299976,30.000000,-0.879910,2.000000,0.899265,5.254268
66880.0,0.000000,-0.022445,0.000000,-0.000920,3.299976,30.000000,0.080466,2.000000,0.887066,5.254268
66890.0,0.000000,-0.012776,0.000000,-0.000340,3.299976,30.000000,-0.296201,2.000000,0.888973,5.253884
66900.0,0.000000,-0.014765,0.000000,0.000000,3.299976,30.000000,0.225447,2.000000,0.892081,5.253884
66910.0,0.000000,-0.027804,0.000000,-0.001161,3.299976,30.000000,0.199500,2.000000,0.894692,5.253884
66920.0,0.000000,-0.018903,0.000000,-0.000581,3.299976,30.000000,-0.039730,2.000000,0.898726,5.253884
66930.0,0.000000,0.008306,0.000000,-0.000241,3.299976,30.000000,-0.233384,2.000000,0.884179,5.253884
66940.0,0.000000,0.007809,0.000000,0.000000,3.299976,30.000000,-0.108210,2.000000,0.889139,5.253884
66950.0,0.000000,-0.010368,0.000000,-0.000340,3.299976,30.000000,0.422473,2.000000,0.891145,5.254268
66960.0,0.000000,0.018472,0.000000,0.000000,3.299976,30.000000,1.085507,2.000000,0.892208,5.254652
66970.0,0.000000,-0.003611,0.000000,-0.000340,3.299976,30.000000,-0.000232,2.000000,0.893334,5.254652
66980.0,0.000000,-0.023486,0.000000,0.000581,3.299976,30.000000,-0.091862,2.000000,0.892556,5.254652
66990.0,0.000000,0.026181,0.000000,0.000581,3.299976,30.000000,-0.169525,2.000000,0.887060,5.254652
67000.0,0.000000,0.028984,0.000000,-0.000581,3.299976,30.000000,0.066559,2.000000,0.890183,5.254652
67010.0,0.000000,0.001478,0.000000,0.000000,3.299976,30.000000,0.140159,2.000000,0.892958,5.254652
67020.0,0.000000,-0.002720,0.000000,0.000581,3.299976,30.000000,-0.980497,2.000000,0.896112,5.254268
67030.0,0.000000,-0.009958,0.000000,0.000340,3.299976,30.000000,-0.668249,2.000000,0.896920,5.253501
67040.0,0.000000,-0.010455,0.000000,-0.000340,3.299976,30.000000,-0.586768,2.000000,0.888489,5.252734
67050.0,0.000000,0.000706,0.000000,0.000000,3.299976,30.000000,-0.625284,2.000000,0.889509,5.252350
67060.0,0.000000,0.014132,0.000000,0.000581,3.299976,30.000000,0.298308,2.000000,0.893216,5.252350
67070.0,0.000000,-0.009183,0.000000,-0.000241,3.299976,30.000000,0.058994,2.000000,0.895614,5.251967
67080.0,0.000000,-0.004542,0.000000,0.000581,3.299976,30.000000,-1.388778,2.000000,0.902320,5.251200
67090.0,0.000000,-0.032995,0.000000,-0.000581,3.299976,30.000000,-0.980743,2.000000,0.885501,5.250816
67100.0,0.000000,-0.004155,0.000000,-0.001501,3.299976,30.000000,-0.275710,2.000000,0.893202,5.250433
67110.0,0.000000,-0.013547,0.000000,-0.000340,3.299976,30.000000,0.097472,2.000000,0.893602,5.250050
67120.0,0.000000,-0.017691,0.000000,0.001161,3.299976,30.000000,0.185243,2.000000,0.898118,5.250050
67130.0,0.000000,0.004713,0.000000,-0.000920,3.299976,30.000000,-0.920057,2.000000,0.897706,5.249666
67140.0,0.000000,0.022988,0.000000,0.000000,3.299976,30.000000,0.064645,2.000000,0.889523,5.249666
67150.0,0.000000,-0.036908,0.000000,-0.000241,3.299976,30.000000,-0.209613,2.000000,0.888308,5.249666
67160.0,0.000000,-0.006539,0.000000,0.000000,3.299976,30.000000,0.110122,2.000000,0.894163,5.249666
67170.0,0.000000,-0.031346,0.000000,0.000000,3.299976,30.000000,-0.790584,2.000000,0.895613,5.249282
67180.0,0.000000,-0.028196,0.000000,0.000000,3.299976,30.000000,0.305070,2.000000,0.899212,5.249282
67190.0,0.000000,-0.027312,0.000000,-0.000581,3.299976,30.000000,-0.127241,2.000000,0.900074,5.249282
67200.0,0.000000,-0.032947,0.000000,-0.000581,3.299976,30.000000,-0.114583,2.000000,0.889816,5.249282
67210.0,0.000000,0.003336,0.000000,0.000000,3.299976,30.000000,-0.003890,2.000000,0.891379,5.249282
67220.0,0.000000,-0.001716,0.000000,0.000000,3.299976,30.000000,1.368085,2.000000,0.895860,5.250050
67230.0,0.000000,0.004306,0.000000,-0.000679,3.299976,30.000000,0.836761,2.000000,0.895436,5.250816
67240.0,0.000000,0.000163,0.000000,0.000340,3.299976,30.000000,-0.181180,2.000000,0.900601,5.251200
67250.0,0.000000,-0.023153,0.000000,-0.000340,3.299976,30.000000,0.209719,2.000000,0.886440,5.251584
67260.0,0.000000,-0.006080,0.000000,0.000340,3.299976,30.000000,-0.180023,2.000000,0.891469,5.251584
67270.0,0.000000,0.029943,0.000000,-0.000340,3.299976,30.000000,0.080131,2.000000,0.891609,5.251584
67280.0,0.000000,0.020105,0.000000,0.000340,3.299976,30.000000,0.165328,2.000000,0.896498,5.251584
67290.0,0.000000,-0.043162,0.000000,-0.000340,3.299976,30.000000,0.089694,2.000000,0.898238,5.251584
67300.0,0.000000,-0.005506,0.000000,-0.000340,3.299976,30.000000,-0.172083,2.000000,0.888015,5.251584
67310.0,0.000000,0.001143,0.000000,-0.000581,3.299976,30.000000,-0.145744,2.000000,0.890288,5.251584
67320.0,0.000000,0.035439,0.000000,0.000241,3.299976,30.000000,0.058553,2.000000,0.894250,5.251584
67330.0,0.000000,0.036027,0.000000,0.000000,3.299976,30.000000,0.165380,2.000000,0.893069,5.251584
67340.0,0.000000,-0.015637,0.000000,0.000679,3.299976,30.000000,0.070311,2.000000,0.898885,5.251584
67350.0,0.000000,-0.026851,0.000000,-0.000340,3.299976,30.000000,-0.133737,2.000000,0.896663,5.251584
67360.0,0.000000,0.016230,0.000000,-0.000340,3.299976,30.000000,-0.106066,2.000000,0.890402,5.251584
67370.0,0.000000,0.029825,0.000000,0.000000,3.299976,30.000000,-0.033353,2.000000,0.891215,5.251584
67380.0,0.000000,-0.007865,0.000000,-0.001161,3.299976,30.000000,0.108191,2.000000,0.897958,5.251584
67390.0,0.000000,-0.033299,0.000000,-0.000581,3.299976,30.000000,0.186156,2.000000,0.897311,5.251584
67400.0,0.000000,-0.020456,0.000000,0.000581,3.299976,30.000000,-0.142416,2.000000,0.899952,5.251584
67410.0,0.000000,-0.012278,0.000000,0.000340,3.299976,30.000000,-0.199328,2.000000,0.887901,5.251584
67420.0,0.000000,-0.035483,0.000000,0.000000,3.299976,30.000000,-0.212243,2.000000,0.892120,5.251200
67430.0,0.000000,-0.029460,0.000000,-0.000241,3.299976,30.000000,0.108925,2.000000,0.892787,5.251200
67440.0,0.000000,-0.029957,0.000000,0.000000,3.299976,30.000000,0.090428,2.000000,0.898215,5.251200
67450.0,0.000000,0.016441,0.000000,0.000340,3.299976,30.000000,-0.110908,2.000000,0.901132,5.251200
67460.0,0.000000,0.027053,0.000000,0.000000,3.299976,30.000000,-0.249948,2.000000,0.885765,5.251200
67470.0,0.000000,0.015054,0.000000,0.000581,3.299976,30.000000,-0.194724,2.000000,0.883520,5.251584
67480.0,0.000000,0.007190,0.000000,-0.001161,3.299976,30.000000,0.232694,2.000000,0.887901,5.251584
67490.0,0.000000,-0.031746,0.000000,0.000340,3.299976,30.000000,0.216394,2.000000,0.895850,5.251584
67500.0,0.000000,-0.006020,0.000000,0.000581,3.299976,30.000000,0.108401,2.000000,0.897564,5.251584
67510.0,0.000000,-0.004708,0.000000,0.000340,3.299976,30.000000,-0.213427,2.000000,0.889895,5.251584
67520.0,0.000000,0.033434,0.000000,0.000581,3.299976,30.000000,-0.175502,2.000000,0.889082,5.251584
67530.0,0.000000,0.013895,0.000000,-0.000581,3.299976,30.000000,0.056929,2.000000,0.891075,5.251584
67540.0,0.000000,-0.030274,0.000000,-0.000340,3.299976,30.000000,0.163835,2.000000,0.894250,5.251584
67550.0,0.000000,0.027076,0.000000,-0.000581,3.299976,30.000000,0.091821,2.000000,0.897171,5.251584
67560.0,0.000000,-0.036516,0.000000,-0.000241,3.299976,30.000000,-0.056362,2.000000,0.897704,5.251584
67570.0,0.000000,0.033841,0.000000,-0.000581,3.299976,30.000000,-0.145484,2.000000,0.888828,5.251584
67580.0,0.000000,0.036217,0.000000,0.000000,3.299976,30.000000,-0.104938,2.000000,0.890936,5.251584
67590.0,0.000000,0.042103,0.000000,-0.000581,3.299976,30.000000,0.154042,2.000000,0.892929,5.251584
67600.0,0.000000,-0.052367,0.000000,-0.000920,3.299976,30.000000,0.196654,2.000000,0.895964,5.251584
67610.0,0.000000,0.029536,0.000000,-0.000581,3.299976,30.000000,0.910994,2.000000,0.899758,5.252734
67620.0,0.000000,0.033777,0.000000,0.000581,3.299976,30.000000,0.506626,2.000000,0.886956,5.253501
67630.0,0.000000,-0.003344,0.000000,-0.000340,3.299976,30.000000,0.055516,2.000000,0.891155,5.253884
67640.0,0.000000,-0.021505,0.000000,0.000000,3.299976,30.000000,0.077454,2.000000,0.890824,5.253884
67650.0,0.000000,-0.008079,0.000000,-0.000340,3.299976,30.000000,0.170954,2.000000,0.897255,5.253884
67660.0,0.000000,-0.003194,0.000000,-0.000340,3.299976,30.000000,0.132134,2.000000,0.897089,5.253884
67670.0,0.000000,0.024471,0.000000,0.000000,3.299976,30.000000,-0.238532,2.000000,0.885436,5.253884
67680.0,0.000000,0.042946,0.000000,0.000000,3.299976,30.000000,-0.099307,2.000000,0.890444,5.253884
67690.0,0.000000,-0.028962,0.000000,0.000000,3.299976,30.000000,0.070245,2.000000,0.891204,5.253884
67700.0,0.000000,-0.033509,0.000000,0.000581,3.299976,30.000000,0.102128,2.000000,0.891370,5.253884
67710.0,0.000000,0.022299,0.000000,0.000000,3.299976,30.000000,0.089994,2.000000,0.895238,5.253884
67720.0,0.000000,0.064087,0.000000,0.001742,3.299976,30.000000,-0.031322,2.000000,0.899271,5.253884
67730.0,0.000000,0.023945,0.000000,0.000000,3.299976,30.000000,-0.106629,2.000000,0.887833,5.253884
67740.0,0.000000,-0.012051,0.000000,0.000340,3.299976,30.000000,-0.026169,2.000000,0.891750,5.253884
67750.0,0.000000,-0.019842,0.000000,0.000241,3.299976,30.000000,-0.267366,2.000000,0.896537,5.253501
67760.0,0.000000,0.005905,0.000000,0.000340,3.299976,30.000000,-0.590694,2.000000,0.895747,5.252734
67770.0,0.000000,0.005408,0.000000,0.000581,3.299976,30.000000,-0.959067,2.000000,0.902000,5.252350
67780.0,0.000000,-0.003984,0.000000,0.000000,3.299976,30.000000,-0.073829,2.000000,0.886581,5.252350
67790.0,0.000000,0.004304,0.000000,-0.000920,3.299976,30.000000,-0.032740,2.000000,0.892586,5.252350
67800.0,0.000000,0.007343,0.000000,0.000679,3.299976,30.000000,0.116874,2.000000,0.894142,5.252350
67810.0,0.000000,0.006846,0.000000,0.000000,3.299976,30.000000,0.159379,2.000000,0.896292,5.252350
67820.0,0.000000,0.023808,0.000000,0.000241,3.299976,30.000000,0.085345,2.000000,0.898924,5.252350
67830.0,0.000000,0.013034,0.000000,0.000340,3.299976,30.000000,-0.184724,2.000000,0.885414,5.252350
67840.0,0.000000,0.017565,0.000000,-0.000679,3.299976,30.000000,-0.104185,2.000000,0.890436,5.252350
67850.0,0.000000,0.013421,0.000000,-0.000581,3.299976,30.000000,-0.995359,2.000000,0.892298,5.251967
67860.0,0.000000,0.005576,0.000000,0.000241,3.299976,30.000000,-0.157847,2.000000,0.894783,5.251584
67870.0,0.000000,-0.008899,0.000000,0.000000,3.299976,30.000000,0.209924,2.000000,0.900092,5.251584
67880.0,0.000000,0.005908,0.000000,0.000340,3.299976,30.000000,-0.108512,2.000000,0.900092,5.251584
67890.0,0.000000,-0.008512,0.000000,0.000340,3.299976,30.000000,-0.071928,2.000000,0.890009,5.251584
67900.0,0.000000,-0.014257,0.000000,0.000000,3.299976,30.000000,-0.068793,2.000000,0.890936,5.251584
67910.0,0.000000,-0.037462,0.000000,0.000000,3.299976,30.000000,0.162460,2.000000,0.896104,5.251584
67920.0,0.000000,0.009451,0.000000,0.000000,3.299976,30.000000,0.180871,2.000000,0.897704,5.251584
67930.0,0.000000,0.036171,0.000000,0.000000,3.299976,30.000000,-0.147829,2.000000,0.901412,5.251584
67940.0,0.000000,-0.012526,0.000000,0.000241,3.299976,30.000000,-0.179133,2.000000,0.888434,5.251584
67950.0,0.000000,-0.023616,0.000000,0.000581,3.299976,30.000000,0.005420,2.000000,0.890936,5.251584
67960.0,0.000000,0.003033,0.000000,-0.000241,3.299976,30.000000,0.094573,2.000000,0.893603,5.251584
67970.0,0.000000,0.013129,0.000000,0.000340,3.299976,30.000000,0.202874,2.000000,0.895571,5.251584
67980.0,0.000000,0.010431,0.000000,-0.001019,3.299976,30.000000,-0.070296,2.000000,0.889361,5.251584
67990.0,0.000000,-0.000336,0.000000,-0.000581,3.299976,30.000000,-0.073289,2.000000,0.883380,5.251584
68000.0,0.000000,-0.024240,0.000000,-0.000679,3.299976,30.000000,-0.113183,2.000000,0.889361,5.251584
68010.0,0.000000,0.004917,0.000000,-0.000581,3.299976,30.000000,4.082048,1.983447,0.985051,5.252734
68020.0,0.000000,0.032119,0.000000,0.000000,3.299976,30.000000,2.028171,2.000000,1.014772,5.255035
68030.0,0.000000,-0.022255,0.000000,0.000340,3.299976,30.000000,0.394249,2.000000,1.022359,5.255802
68040.0,0.000000,-0.022580,0.000000,0.000581,3.299976,30.000000,0.705973,2.000000,1.020561,5.256569
68050.0,0.000000,0.005036,0.000000,0.000000,3.299976,30.000000,-0.129268,2.000000,1.012438,5.257336
68060.0,0.000000,0.038003,0.000000,0.000000,3.299976,30.000000,-0.245145,2.000000,1.014531,5.257720
68070.0,0.000000,0.022694,0.000000,-0.000920,3.299976,30.000000,0.217649,2.000000,1.016937,5.258103
68080.0,0.000000,-0.016663,0.000000,0.000000,3.299976,30.000000,0.198473,2.000000,1.019208,5.258103
68090.0,0.000000,-0.031399,0.000000,-0.001599,3.299976,30.000000,-0.382110,2.000000,1.021620,5.258103
68100.0,0.000000,-0.022926,0.000000,-0.000340,3.299976,30.000000,-0.192768,2.000000,1.008281,5.258103
68110.0,0.000000,0.008070,0.000000,-0.000581,3.299976,30.000000,-0.005085,2.000000,1.015092,5.258103
68120.0,0.000000,0.021391,0.000000,-0.000920,3.299976,30.000000,0.113595,2.000000,1.015518,5.258103
68130.0,0.000000,-0.012406,0.000000,0.000000,3.299976,30.000000,-0.717745,2.000000,1.019822,5.257336
68140.0,0.000000,-0.003320,0.000000,-0.000679,3.299976,30.000000,-0.985027,2.000000,1.022933,5.256186
68150.0,0.000000,-0.016249,0.000000,0.000241,3.299976,30.000000,-0.886879,2.000000,1.010180,5.255035
68160.0,0.000000,-0.027132,0.000000,0.000000,3.299976,30.000000,-0.610739,2.000000,1.012934,5.254652
68170.0,0.000000,-0.022491,0.000000,-0.000581,3.299976,30.000000,0.307435,2.000000,1.018511,5.254652
68180.0,0.000000,-0.010668,0.000000,0.000000,3.299976,30.000000,0.193370,2.000000,1.020884,5.254652
68190.0,0.000000,-0.003043,0.000000,0.000000,3.299976,30.000000,-0.081379,2.000000,1.025335,5.254652
68200.0,0.000000,-0.016082,0.000000,0.000000,3.299976,30.000000,-0.307699,2.000000,1.008134,5.254652
68210.0,0.000000,-0.009949,0.000000,0.002662,3.299976,30.000000,-0.084627,2.000000,1.012961,5.254652
68220.0,0.000000,0.017290,0.000000,0.000000,3.299976,30.000000,0.204987,2.000000,1.016994,5.255035
68230.0,0.000000,0.016799,0.000000,-0.001260,3.299976,30.000000,0.616455,2.000000,1.020704,5.255418
68240.0,0.000000,-0.022557,0.000000,-0.000581,3.299976,30.000000,0.780337,2.000000,1.023666,5.256186
68250.0,0.000000,-0.010940,0.000000,0.000000,3.299976,30.000000,1.987663,2.000000,1.008746,5.257336
68260.0,0.000000,-0.043004,0.000000,-0.000920,3.299976,30.000000,0.655843,2.000000,1.012184,5.258103
68270.0,0.000000,-0.005960,0.000000,-0.000581,3.299976,30.000000,0.553311,2.000000,1.017014,5.258486
68280.0,0.000000,0.029512,0.000000,0.000000,3.299976,30.000000,1.377512,2.000000,1.018259,5.259254
68290.0,0.000000,0.020758,0.000000,-0.000581,3.299976,30.000000,0.867469,2.000000,1.021355,5.260020
68300.0,0.000000,0.007824,0.000000,0.000581,3.299976,30.000000,0.472013,2.000000,1.008472,5.260404
68310.0,0.000000,-0.026394,0.000000,-0.000581,3.299976,30.000000,1.305514,2.000000,1.008682,5.261554
68320.0,0.000000,-0.016887,0.000000,-0.000581,3.299976,30.000000,0.731411,2.000000,1.010972,5.262321
68330.0,0.000000,-0.013285,0.000000,-0.000920,3.299976,30.000000,2.266547,2.000000,1.013139,5.263855
68340.0,0.000000,0.014380,0.000000,0.000581,3.299976,30.000000,4.202867,2.000000,1.017035,5.267307
68350.0,0.000000,0.031925,0.000000,-0.000340,3.299976,30.000000,2.446290,2.000000,1.013631,5.270758
68360.0,0.000000,-0.009766,0.000000,-0.000340,3.299976,30.000000,2.587308,2.000000,0.998510,5.274209
68370.0,0.000000,-0.005232,0.000000,0.000000,3.299976,30.000000,0.641642,2.000000,0.998711,5.275743
68380.0,0.000000,0.015141,0.000000,0.000581,3.299976,30.000000,0.940449,2.000000,1.001746,5.276127
68390.0,0.000000,0.020880,0.000000,0.000000,3.299976,30.000000,0.074747,2.000000,1.002233,5.276127
68400.0,0.000000,0.009796,0.000000,0.000000,3.299976,30.000000,-0.187280,2.000000,1.005025,5.276127
68410.0,0.000000,-0.014432,0.000000,0.000000,3.299976,30.000000,-0.251561,2.000000,0.989058,5.276127
68420.0,0.000000,-0.008299,0.000000,0.000000,3.299976,30.000000,4.470356,2.000000,0.996161,5.278428
68430.0,0.000000,-0.003768,0.000000,-0.000581,3.299976,30.000000,19.541998,1.795049,0.992017,5.291851
68440.0,0.000000,-0.014542,0.000000,0.000000,3.299976,30.000000,74.019943,0.967545,0.877025,5.344389
68450.0,0.000000,-1.578699,0.000000,-0.000921,3.301127,30.000000,138.733887,-0.105297,-0.112061,5.483982
68460.0,0.000000,0.500786,0.000000,0.000000,3.301127,30.000000,120.201218,0.086238,0.086236,5.611302
68470.0,0.000000,1.444562,0.000000,0.000000,3.299593,30.000000,119.453056,-0.001972,-0.010566,5.740923
68480.0,0.000000,-0.505757,0.000000,0.000670,3.299209,30.000000,110.665726,0.054521,0.054916,5.857122
68490.0,0.000000,0.037599,0.000000,-0.000584,3.299209,30.000000,105.000839,0.053737,0.058810,5.972554
68500.0,0.000000,0.008625,0.000000,0.000250,3.299209,30.000000,105.037514,-0.015574,-0.017335,6.082617
68510.0,0.000000,-1.169533,0.000000,0.000000,3.300360,30.000000,98.911201,-0.001637,-0.001594,6.190380
68520.0,0.000000,0.352347,0.000000,0.000000,3.300360,30.000000,95.921127,-0.018394,-0.020463,0.008437
68530.0,0.000000,-0.077925,0.000000,-0.000579,3.300360,30.000000,91.116386,-0.015908,-0.017423,0.107762
68540.0,0.000000,0.020813,0.000000,0.000579,3.300360,30.000000,85.628769,0.014954,0.014282,0.197117
68550.0,0.000000,0.010490,0.000000,-0.000579,3.300360,30.000000,83.910156,-0.021251,-0.025702,0.290306
68560.0,0.000000,0.731275,0.000000,0.000340,3.299976,30.000000,77.344978,0.032304,0.033069,0.371607
68570.0,0.000000,-0.095414,0.000000,0.000000,3.299593,30.000000,76.991692,-0.015429,-0.016785,0.455592
68580.0,0.000000,-0.029653,0.000000,-0.000582,3.299593,30.000000,75.379883,-0.032761,-0.032286,0.534209
68590.0,0.000000,0.042082,0.000000,0.000337,3.299593,30.000000,71.735535,-0.025735,-0.018398,0.612442
68600.0,0.000000,0.024411,0.000000,0.000000,3.299593,30.000000,65.903976,0.026906,0.026594,0.681854
68610.0,0.000000,0.247519,0.000000,0.000000,3.299976,30.000000,67.252731,-0.032266,-0.029318,0.752801
68620.0,0.000000,-0.018141,0.000000,0.000581,3.299976,30.000000,61.413143,0.024402,0.025020,0.817612
68630.0,0.000000,-0.010620,0.000000,0.000000,3.299976,30.000000,56.597393,0.065591,0.055828,0.879355
68640.0,0.000000,0.028525,0.000000,-0.000581,3.299976,30.000000,58.543163,0.011944,0.013417,0.939180
68650.0,0.000000,0.000654,0.000000,0.000241,3.299976,30.000000,57.411442,-0.001874,-0.000543,1.001306
68660.0,0.000000,-0.010436,0.000000,-0.000340,3.299976,30.000000,57.196247,-0.023624,-0.023839,1.060748
68670.0,0.000000,-0.022262,0.000000,0.000000,3.299976,30.000000,55.565216,-0.028189,-0.026595,1.120957
68680.0,0.000000,-0.017620,0.000000,0.000000,3.299976,30.000000,52.138973,0.001823,-0.000318,1.175796
68690.0,0.000000,-0.027012,0.000000,0.000000,3.299976,30.000000,49.052368,0.025593,0.020115,1.229102
68700.0,0.000000,-0.017232,0.000000,0.000000,3.299976,30.000000,49.136299,0.008187,0.007238,1.278957
68710.0,0.000000,-0.026568,0.000000,0.000581,3.299976,30.000000,47.582397,0.012133,0.012203,1.330345
68720.0,0.000000,0.030411,0.000000,-0.000581,3.299976,30.000000,43.689793,0.055594,0.054210,1.376748
68730.0,0.000000,0.022861,0.000000,0.000000,3.299976,30.000000,44.978745,0.020645,0.021758,1.424301
68740.0,0.000000,-0.044238,0.000000,0.000581,3.299976,30.000000,43.939564,0.023347,0.022878,1.470321
68750.0,0.000000,-0.031265,0.000000,-0.000581,3.299976,30.000000,44.078724,0.004036,0.000352,1.518641
68760.0,0.000000,0.006995,0.000000,0.001161,3.299976,30.000000,45.288956,-0.027726,-0.027350,1.565427
68770.0,0.000000,0.016382,0.000000,-0.000920,3.299976,30.000000,43.676723,-0.019512,-0.022183,1.612981
68780.0,0.000000,0.031617,0.000000,0.000000,3.299976,30.000000,42.915142,-0.020172,-0.020116,1.657466
68790.0,0.000000,-0.000766,0.000000,0.000000,3.299976,30.000000,38.029728,0.042034,0.036048,1.699267
68800.0,0.000000,-0.017596,0.000000,0.000821,3.299976,30.000000,35.343258,0.077508,0.077556,1.735699
68810.0,0.000000,0.001485,0.000000,-0.000920,3.299976,30.000000,37.187309,0.042616,0.047544,1.774816
68820.0,0.000000,0.021858,0.000000,0.000340,3.299976,30.000000,38.481335,0.015395,0.014975,1.814699
68830.0,0.000000,0.001857,0.000000,0.000000,3.299976,30.000000,35.964157,0.044206,0.030847,1.854966
68840.0,0.000000,-0.018018,0.000000,0.000000,3.299976,30.000000,35.392513,0.048143,0.047189,1.891398
68850.0,0.000000,-0.031379,0.000000,-0.000340,3.299976,30.000000,36.543087,0.024566,0.026458,1.929748
68860.0,0.000000,-0.011899,0.000000,0.000000,3.299976,30.000000,37.355316,0.006375,0.006673,1.967714
68870.0,0.000000,0.027735,0.000000,0.001161,3.299976,30.000000,37.566929,-0.005857,-0.011984,2.008748
68880.0,0.000000,0.001827,0.000000,0.000920,3.299976,30.000000,37.445721,-0.010529,-0.009846,2.047097
68890.0,0.000000,-0.039021,0.000000,-0.000340,3.299976,30.000000,37.485104,-0.019749,-0.018677,2.087748
68900.0,0.000000,-0.021082,0.000000,0.000241,3.299976,30.000000,37.751499,-0.030707,-0.031376,2.126481
68910.0,0.000000,-0.027144,0.000000,0.000000,3.299976,30.000000,36.464710,-0.018386,-0.013706,2.165214
68920.0,0.000000,-0.003124,0.000000,0.000340,3.299976,30.000000,32.488075,0.036982,0.037630,2.200112
68930.0,0.000000,0.005681,0.000000,-0.000340,3.299976,30.000000,31.493555,0.050537,0.053801,2.233093
68940.0,0.000000,0.024878,0.000000,0.000581,3.299976,30.000000,31.090694,0.055558,0.055838,2.264923
68950.0,0.000000,-0.005066,0.000000,0.000340,3.299976,30.000000,34.187859,0.006695,0.016213,2.300204
68960.0,0.000000,-0.015839,0.000000,-0.000340,3.299976,30.000000,34.242283,0.002077,0.001690,2.335102
68970.0,0.000000,-0.030369,0.000000,-0.000581,3.299976,30.000000,33.528015,0.008003,0.000598,2.371918
68980.0,0.000000,-0.016336,0.000000,-0.001161,3.299976,30.000000,30.618740,0.050309,0.049841,2.403748
68990.0,0.000000,0.029927,0.000000,-0.000241,3.299976,30.000000,31.197376,0.040431,0.042465,2.437112
69000.0,0.000000,0.027593,0.000000,0.000000,3.299976,30.000000,32.457340,0.019502,0.020135,2.470476
69010.0,0.000000,0.014878,0.000000,-0.001260,3.299976,30.000000,34.558296,-0.015573,-0.019448,2.506525
69020.0,0.000000,-0.008643,0.000000,0.000000,3.299976,30.000000,32.932278,0.005436,0.001485,2.541039
69030.0,0.000000,-0.027769,0.000000,-0.000581,3.299976,30.000000,31.646797,0.022823,0.017670,2.574403
69040.0,0.000000,-0.010379,0.000000,0.000340,3.299976,30.000000,32.854462,0.002416,0.002450,2.608151
69050.0,0.000000,0.018978,0.000000,0.001161,3.299976,30.000000,33.035141,-0.003784,-0.004052,2.643816
69060.0,0.000000,0.019684,0.000000,0.000000,3.299976,30.000000,32.969639,-0.004616,-0.005886,2.676796
69070.0,0.000000,1.896037,0.000000,-0.000588,3.298442,30.000000,30.520674,0.030464,0.024236,2.709777
69080.0,0.000000,0.312100,0.000000,-0.000592,3.297675,30.000000,29.092854,0.052348,0.052372,2.740073
69090.0,0.000000,0.015524,0.000000,0.000592,3.297675,30.000000,29.381596,0.048409,0.046739,2.771520
69100.0,0.000000,-2.453660,0.000000,0.000333,3.298826,30.000000,29.146566,0.053263,0.052965,2.801049
69110.0,0.000000,-1.828076,0.000000,0.000000,3.301127,30.000000,31.497515,0.017110,0.020535,2.834797
69120.0,0.000000,-1.110603,0.000000,0.000000,3.302661,30.000000,32.091030,0.005948,0.005181,2.867777
69130.0,0.000000,0.343716,0.000000,0.000000,3.303044,30.000000,32.665230,-0.004511,-0.003318,2.901525
69140.0,0.000000,-0.001580,0.000000,-0.000923,3.303044,30.000000,30.240110,0.030094,0.035558,2.934889
69150.0,0.000000,3.145897,0.000000,-0.000232,3.300743,30.000000,31.004753,0.018285,0.020372,2.965952
69160.0,0.000000,1.893699,0.000000,-0.000918,3.298059,30.000000,31.696053,0.006981,0.009790,2.999700
69170.0,0.000000,0.753058,0.000000,-0.000596,3.296908,30.000000,31.395676,0.010197,0.010064,3.031530
69180.0,0.000000,-0.417533,0.000000,0.000000,3.296525,30.000000,31.418819,0.008612,0.014529,3.065277
69190.0,0.000000,0.029799,0.000000,0.000917,3.296908,30.000000,32.443165,-0.008058,-0.007386,3.097107
69200.0,0.000000,-2.674141,0.000000,-0.000584,3.299209,30.000000,31.893381,-0.002069,-0.002245,3.132005
69210.0,0.000000,-1.683293,0.000000,-0.000575,3.301127,30.000000,32.413170,-0.012156,-0.011162,3.165370
69220.0,0.000000,-0.442823,0.000000,-0.000922,3.301894,30.000000,32.811359,-0.019957,-0.019541,3.199117
69230.0,0.000000,0.206203,0.000000,0.000220,3.301894,30.000000,29.934780,0.022118,0.020337,3.230564
69240.0,0.000000,1.008434,0.000000,-0.000573,3.301510,30.000000,27.952108,0.053265,0.046329,3.260860
69250.0,0.000000,1.758490,0.000000,-0.000581,3.299976,30.000000,28.010302,0.054195,0.054429,3.289622
69260.0,0.000000,0.729234,0.000000,-0.000586,3.298826,30.000000,30.024534,0.025139,0.027713,3.321069
69270.0,0.000000,-0.257245,0.000000,0.000588,3.298442,30.000000,31.919266,-0.004472,-0.004907,3.353666
69280.0,0.000000,0.047843,0.000000,0.000258,3.298442,30.000000,32.112793,-0.010616,-0.020275,3.388947
69290.0,0.000000,-1.636430,0.000000,-0.000250,3.299209,30.000000,28.539082,0.042756,0.041721,3.419243
69300.0,0.000000,-0.307518,0.000000,0.001260,3.299976,30.000000,27.596691,0.059100,0.053993,3.448772
69310.0,0.000000,0.152317,0.000000,-0.000581,3.299976,30.000000,28.077261,0.053766,0.054584,3.477535
69320.0,0.000000,-0.042937,0.000000,0.000000,3.299976,30.000000,28.377518,0.050410,0.048427,3.508598
69330.0,0.000000,0.005305,0.000000,-0.000581,3.299976,30.000000,29.712902,0.031257,0.030109,3.538510
69340.0,0.000000,1.085025,0.000000,0.000337,3.299593,30.000000,29.380362,0.036633,0.034758,3.570340
69350.0,0.000000,-0.237545,0.000000,0.000000,3.299593,30.000000,29.656687,0.032439,0.031256,3.601403
69360.0,0.000000,0.042263,0.000000,0.000582,3.299593,30.000000,32.274460,-0.008292,-0.003563,3.635535
69370.0,0.000000,0.025105,0.000000,-0.000337,3.299593,30.000000,31.739994,-0.001858,-0.000804,3.667748
69380.0,0.000000,-0.031910,0.000000,-0.000337,3.299593,30.000000,32.483028,-0.014953,-0.010729,3.702263
69390.0,0.000000,-0.018330,0.000000,-0.000337,3.299593,30.000000,31.302572,0.001450,0.002270,3.734476
69400.0,0.000000,0.000083,0.000000,0.000000,3.299593,30.000000,29.693165,0.024104,0.016781,3.767457
69410.0,0.000000,0.009792,0.000000,-0.000582,3.299593,30.000000,30.210480,0.016422,0.017814,3.798136
69420.0,0.000000,0.001762,0.000000,0.000337,3.299593,30.000000,29.308706,0.031213,0.032216,3.828433
69430.0,0.000000,-0.016363,0.000000,0.000582,3.299593,30.000000,30.043184,0.021099,0.022844,3.859112
69440.0,0.000000,0.032204,0.000000,0.000000,3.299593,30.000000,31.491550,-0.003022,-0.010696,3.893627
69450.0,0.000000,0.025302,0.000000,0.000000,3.299593,30.000000,30.673555,0.008472,0.008248,3.925073
69460.0,0.000000,-0.022570,0.000000,0.000000,3.299593,30.000000,28.202429,0.045954,0.036333,3.956136
69470.0,0.000000,-0.027340,0.000000,0.001165,3.299593,30.000000,28.115292,0.049492,0.049634,3.984515
69480.0,0.000000,0.010694,0.000000,0.000000,3.299593,30.000000,28.582409,0.043803,0.034722,4.015195
69490.0,0.000000,0.021469,0.000000,0.000582,3.299593,30.000000,28.417660,0.047347,0.046067,4.044724
69500.0,0.000000,-0.014068,0.000000,-0.000582,3.299593,30.000000,30.790695,0.012764,0.023748,4.076170
69510.0,0.000000,-0.018414,0.000000,0.000920,3.299593,30.000000,30.388922,0.018460,0.018587,4.107617
69520.0,0.000000,-0.008815,0.000000,-0.000245,3.299593,30.000000,31.193476,0.005173,-0.000718,4.140981
69530.0,0.000000,-0.032044,0.000000,0.000582,3.299593,30.000000,32.644638,-0.018052,-0.017383,4.173962
69540.0,0.000000,-0.034971,0.000000,-0.000245,3.299593,30.000000,31.756601,-0.007095,-0.014050,4.208093
69550.0,0.000000,-0.002215,0.000000,-0.000582,3.299593,30.000000,32.778286,-0.024167,-0.023199,4.241457
69560.0,0.000000,0.042101,0.000000,-0.000920,3.299593,30.000000,31.336761,-0.005272,-0.004828,4.274821
69570.0,0.000000,0.026033,0.000000,0.000000,3.299593,30.000000,26.590633,0.068289,0.068169,4.302816
69580.0,0.000000,0.001302,0.000000,0.000000,3.299593,30.000000,27.478176,0.058439,0.060154,4.331578
69590.0,0.000000,-0.013112,0.000000,-0.000582,3.299593,30.000000,26.688761,0.072855,0.072097,4.359190
69600.0,0.000000,-0.036451,0.000000,-0.000337,3.299593,30.000000,28.058870,0.054403,0.055744,4.389102
69610.0,0.000000,-0.019647,0.000000,-0.000337,3.299593,30.000000,31.054142,0.009586,0.009666,4.420549
69620.0,0.000000,-0.004207,0.000000,0.000245,3.299593,30.000000,27.491739,0.064646,0.069056,4.450078
69630.0,0.000000,0.000792,0.000000,0.000582,3.299593,30.000000,26.689314,0.079127,0.080970,4.477306
69640.0,0.000000,0.012520,0.000000,0.000000,3.299593,30.000000,28.015471,0.062832,0.066926,4.506452
69650.0,0.000000,0.003602,0.000000,-0.000582,3.299593,30.000000,27.416313,0.073691,0.073749,4.534447
69660.0,0.000000,0.040382,0.000000,0.000582,3.299593,30.000000,28.002119,0.068071,0.074930,4.563976
69670.0,0.000000,0.022317,0.000000,-0.000337,3.299593,30.000000,30.908978,0.024001,0.023923,4.595807
69680.0,0.000000,-0.019120,0.000000,-0.000337,3.299593,30.000000,28.959949,0.053828,0.056962,4.626870
69690.0,0.000000,-0.018175,0.000000,-0.000582,3.299593,30.000000,32.902248,-0.006232,-0.005748,4.659850
69700.0,0.000000,0.021388,0.000000,0.000337,3.299593,30.000000,33.769478,-0.022462,-0.018078,4.695132
69710.0,0.000000,0.041727,0.000000,0.000000,3.299593,30.000000,29.304104,0.043545,0.043603,4.726195
69720.0,0.000000,0.013191,0.000000,0.000000,3.299593,30.000000,33.716187,-0.025474,-0.029848,4.761860
69730.0,0.000000,-0.033990,0.000000,-0.000582,3.299593,30.000000,32.095535,-0.003702,-0.002735,4.795224
69740.0,0.000000,-0.038042,0.000000,-0.000582,3.299593,30.000000,30.119089,0.025341,0.026593,4.827438
69750.0,0.000000,0.006597,0.000000,-0.000245,3.299593,30.000000,27.804609,0.060495,0.060472,4.856967
69760.0,0.000000,0.027919,0.000000,0.000000,3.299593,30.000000,28.651159,0.049962,0.052974,4.887263
69770.0,0.000000,0.002985,0.000000,0.000337,3.299593,30.000000,30.034914,0.029475,0.028325,4.918326
69780.0,0.000000,-0.021092,0.000000,-0.000245,3.299593,30.000000,31.589602,0.004481,-0.001991,4.952074
69790.0,0.000000,-0.016969,0.000000,-0.000337,3.299593,30.000000,29.152775,0.040566,0.039574,4.982753
69800.0,0.000000,-0.002940,0.000000,-0.000828,3.299593,30.000000,25.696081,0.095776,0.095131,5.010748
69810.0,0.000000,0.056337,0.000000,-0.000920,3.299593,30.000000,26.634245,0.084595,0.083942,5.037977
69820.0,0.000000,0.004267,0.000000,-0.000337,3.299593,30.000000,29.485434,0.043902,0.044551,5.069040
69830.0,0.000000,-0.045262,0.000000,0.000337,3.299593,30.000000,32.040745,0.005209,0.006226,5.101253
69840.0,0.000000,-0.018816,0.000000,-0.001257,3.299593,30.000000,29.239870,0.045767,0.043122,5.133851
69850.0,0.000000,0.000100,0.000000,0.000000,3.299593,30.000000,30.590183,0.025405,0.024984,5.165297
69860.0,0.000000,0.039663,0.000000,0.000337,3.299593,30.000000,31.990755,0.001727,-0.001792,5.200195
69870.0,0.000000,0.009733,0.000000,0.000000,3.299593,30.000000,30.107189,0.029183,0.030242,5.231642
69880.0,0.000000,0.014228,0.000000,0.000337,3.299593,30.000000,31.967489,-0.000122,0.000604,5.265389
69890.0,0.000000,0.017443,0.000000,0.000828,3.299593,30.000000,28.631351,0.049798,0.049526,5.295302
69900.0,0.000000,0.027969,0.000000,0.000000,3.299593,30.000000,24.663176,0.114120,0.113006,5.321763
69910.0,0.000000,0.035330,0.000000,-0.001165,3.299593,30.000000,26.317589,0.093014,0.092084,5.348224
69920.0,0.000000,0.000328,0.000000,0.000582,3.299593,30.000000,27.907139,0.073623,0.083597,5.376603
69930.0,0.000000,-0.016639,0.000000,0.000582,3.299593,30.000000,29.260914,0.054474,0.053792,5.406516
69940.0,0.000000,-0.008855,0.000000,-0.000582,3.299593,30.000000,30.836061,0.030634,0.038352,5.439113
69950.0,0.000000,0.013379,0.000000,-0.000582,3.299593,30.000000,30.442091,0.035670,0.035506,5.470942
69960.0,0.000000,0.034112,0.000000,0.000582,3.299593,30.000000,29.949459,0.042499,0.037553,5.503156
69970.0,0.000000,-0.003034,0.000000,0.000000,3.299593,30.000000,29.312828,0.052954,0.052565,5.532685
69980.0,0.000000,0.001462,0.000000,0.000000,3.299593,30.000000,29.886236,0.045577,0.047187,5.564132
69990.0,0.000000,-0.004138,0.000000,0.000245,3.299593,30.000000,30.427544,0.037071,0.035761,5.595195
70000.0,0.000000,-0.009848,0.000000,0.000000,3.299593,30.000000,30.958565,0.028218,0.025938,5.628559
70010.0,0.000000,0.017489,0.000000,-0.000337,3.299593,30.000000,30.135618,0.039981,0.038991,5.659622
70020.0,0.000000,0.033119,0.000000,0.000920,3.299593,30.000000,31.661865,0.015705,0.017233,5.693753
70030.0,0.000000,-0.004687,0.000000,-0.000582,3.299593,30.000000,31.206478,0.021191,0.020785,5.725584
70040.0,0.000000,-0.013544,0.000000,0.000582,3.299593,30.000000,30.120653,0.035876,0.025802,5.759331
70050.0,0.000000,-0.023635,0.000000,0.000000,3.299593,30.000000,30.095739,0.035794,0.035347,5.790778
70060.0,0.000000,0.005722,0.000000,0.000337,3.299593,30.000000,28.440252,0.061473,0.058604,5.821457
70070.0,0.000000,0.023681,0.000000,0.000000,3.299593,30.000000,28.275002,0.065251,0.063989,5.850603
70080.0,0.000000,0.012868,0.000000,-0.001502,3.299593,30.000000,28.446983,0.064746,0.057210,5.880516
70090.0,0.000000,0.007268,0.000000,-0.000582,3.299593,30.000000,28.028959,0.072769,0.072527,5.909277
70100.0,0.000000,-0.019782,0.000000,-0.000245,3.299593,30.000000,30.957617,0.029176,0.036733,5.941875
70110.0,0.000000,0.003844,0.000000,0.000000,3.299593,30.000000,33.749859,-0.015154,-0.014970,5.975622
70120.0,0.000000,-0.008361,0.000000,-0.000920,3.299593,30.000000,31.174269,0.021172,0.013705,6.009753
70130.0,0.000000,0.005060,0.000000,0.000582,3.299593,30.000000,30.660500,0.027768,0.028244,6.041584
70140.0,0.000000,0.023473,0.000000,0.000582,3.299593,30.000000,30.077463,0.036845,0.049408,6.073413
70150.0,0.000000,0.022976,0.000000,-0.000582,3.299593,30.000000,31.387844,0.016418,0.014957,6.105244
70160.0,0.000000,0.002391,0.000000,0.000337,3.299593,30.000000,30.556089,0.028122,0.023721,6.137841
70170.0,0.000000,-0.024013,0.000000,-0.000920,3.299593,30.000000,31.152412,0.018584,0.018586,6.169287
70180.0,0.000000,0.020437,0.000000,0.000920,3.299593,30.000000,31.752707,0.007930,0.007267,6.203418
70190.0,0.000000,0.029147,0.000000,0.000000,3.299593,30.000000,29.306978,0.044048,0.044722,6.234482
70200.0,0.000000,0.017562,0.000000,0.000674,3.299593,30.000000,31.628717,0.007935,0.011281,6.267846
70210.0,0.000000,-0.022760,0.000000,0.000000,3.299593,30.000000,31.196640,0.013468,0.011417,0.016874
70220.0,0.000000,-0.020721,0.000000,0.000000,3.299593,30.000000,31.173872,0.012024,0.004924,0.050621
70230.0,0.000000,-0.007301,0.000000,0.000582,3.299593,30.000000,30.635704,0.018803,0.018540,0.082451
70240.0,0.000000,-0.039454,0.000000,-0.000337,3.299593,30.000000,29.300356,0.039071,0.039544,0.114282
70250.0,0.000000,0.005185,0.000000,0.000000,3.299593,30.000000,29.329071,0.039242,0.039205,0.144194
70260.0,0.000000,0.039645,0.000000,0.001165,3.299593,30.000000,30.166435,0.026493,0.024338,0.176791
70270.0,0.000000,-0.002198,0.000000,0.000000,3.299593,30.000000,32.162838,-0.005395,-0.006281,0.210155
70280.0,0.000000,-0.018853,0.000000,-0.000582,3.299593,30.000000,31.518116,0.002137,-0.005657,0.244286
70290.0,0.000000,-0.029337,0.000000,0.000245,3.299593,30.000000,30.279005,0.019678,0.019798,0.275733
70300.0,0.000000,-0.004578,0.000000,-0.000337,3.299593,30.000000,28.289742,0.051054,0.053063,0.306029
70310.0,0.000000,0.015730,0.000000,-0.000337,3.299593,30.000000,29.295193,0.036771,0.036903,0.335942
70320.0,0.000000,0.008796,0.000000,0.001747,3.299593,30.000000,30.814814,0.013924,0.011374,0.368539
70330.0,0.000000,0.002803,0.000000,0.000337,3.299593,30.000000,29.688166,0.030170,0.029381,0.399985
70340.0,0.000000,-0.019972,0.000000,-0.000582,3.299593,30.000000,30.788467,0.013584,0.014269,0.432199
70350.0,0.000000,-0.016757,0.000000,-0.001165,3.299593,30.000000,30.353306,0.019256,0.017354,0.464029
70360.0,0.000000,-0.002728,0.000000,0.000337,3.299593,30.000000,32.051918,-0.008273,-0.003859,0.498544
70370.0,0.000000,0.017580,0.000000,-0.000337,3.299593,30.000000,33.581837,-0.033742,-0.033069,0.532675
70380.0,0.000000,0.010349,0.000000,-0.000582,3.299593,30.000000,31.547174,-0.005782,-0.002709,0.566806
70390.0,0.000000,-0.022087,0.000000,0.000582,3.299593,30.000000,29.391134,0.025984,0.025602,0.597869
70400.0,0.000000,-0.030254,0.000000,0.001165,3.299593,30.000000,30.390825,0.010599,0.017672,0.630083
70410.0,0.000000,-0.009679,0.000000,-0.000582,3.299593,30.000000,29.318602,0.026989,0.026791,0.660379
70420.0,0.000000,0.052266,0.000000,0.000000,3.299593,30.000000,28.351782,0.043122,0.044607,0.689908
70430.0,0.000000,0.017795,0.000000,0.000245,3.299593,30.000000,29.256544,0.030448,0.029556,0.721354
70440.0,0.000000,-0.016033,0.000000,0.000337,3.299593,30.000000,30.906389,0.005297,0.005108,0.752801
70450.0,0.000000,-0.017378,0.000000,0.000000,3.299593,30.000000,29.315870,0.029211,0.030193,0.784248
70460.0,0.000000,-0.038651,0.000000,0.000337,3.299593,30.000000,27.438406,0.058616,0.056599,0.813010
70470.0,0.000000,0.003903,0.000000,0.000245,3.299593,30.000000,26.949080,0.069174,0.066497,0.841772
70480.0,0.000000,0.025871,0.000000,0.000337,3.299593,30.000000,27.690025,0.060745,0.062469,0.869767
70490.0,0.000000,0.034078,0.000000,0.001165,3.299593,30.000000,28.701323,0.047192,0.050248,0.900830
70500.0,0.000000,0.012241,0.000000,0.000000,3.299593,30.000000,30.681398,0.017825,0.018302,0.931126
70510.0,0.000000,-0.003675,0.000000,-0.001747,3.299593,30.000000,31.161116,0.009207,0.002446,0.964874
70520.0,0.000000,0.014848,0.000000,0.000000,3.299593,30.000000,30.841307,0.013199,0.013619,0.996704
70530.0,0.000000,0.009138,0.000000,-0.000582,3.299593,30.000000,34.441261,-0.043501,-0.033481,1.032369
70540.0,0.000000,0.006293,0.000000,-0.000582,3.299593,30.000000,32.833389,-0.022367,-0.023678,1.065733
70550.0,0.000000,-0.008970,0.000000,0.000337,3.299593,30.000000,31.598515,-0.005561,-0.012808,1.099481
70560.0,0.000000,-0.011251,0.000000,-0.000582,3.299593,30.000000,31.092089,0.000369,-0.003354,1.132078
70570.0,0.000000,-0.001761,0.000000,0.000582,3.299593,30.000000,30.255970,0.011811,0.008126,1.165058
70580.0,0.000000,0.019938,0.000000,0.000000,3.299593,30.000000,29.022202,0.030676,0.033041,1.194971
70590.0,0.000000,0.025500,0.000000,-0.000337,3.299593,30.000000,28.366619,0.042321,0.047218,1.225267
70600.0,0.000000,-0.017064,0.000000,-0.000337,3.299593,30.000000,30.577913,0.009530,0.008849,1.255947
70610.0,0.000000,-0.007336,0.000000,0.000000,3.299593,30.000000,30.288403,0.013729,0.010474,1.288160
70620.0,0.000000,-0.003265,0.000000,0.000582,3.299593,30.000000,29.439472,0.026266,0.027112,1.318840
70630.0,0.000000,0.034325,0.000000,0.000000,3.299593,30.000000,27.457535,0.057387,0.052114,1.349136
70640.0,0.000000,-0.014139,0.000000,0.000000,3.299593,30.000000,28.195124,0.048129,0.048432,1.377898
70650.0,0.000000,-0.003472,0.000000,-0.000245,3.299593,30.000000,30.979918,0.007385,0.008961,1.409728
70660.0,0.000000,-0.029483,0.000000,0.000000,3.299593,30.000000,29.711853,0.025700,0.025082,1.441175
70670.0,0.000000,-0.042302,0.000000,-0.000582,3.299593,30.000000,29.852262,0.023693,0.020095,1.473005
70680.0,0.000000,0.045874,0.000000,0.000000,3.299593,30.000000,31.888546,-0.007853,-0.006079,1.505602
70690.0,0.000000,0.029483,0.000000,-0.000674,3.299593,30.000000,32.489895,-0.019548,-0.017001,1.540500
70700.0,0.000000,0.008319,0.000000,0.000582,3.299593,30.000000,32.856609,-0.027236,-0.025786,1.574248
70710.0,0.000000,-0.018541,0.000000,-0.000582,3.299593,30.000000,30.926592,-0.000791,-0.004918,1.607995
70720.0,0.000000,-0.021229,0.000000,-0.000582,3.299593,30.000000,31.228638,-0.005989,-0.005160,1.639442
70730.0,0.000000,0.004417,0.000000,0.000000,3.299593,30.000000,29.301407,0.022908,0.019299,1.671272
70740.0,0.000000,0.025743,0.000000,0.000000,3.299593,30.000000,27.844103,0.045830,0.045738,1.700418
70750.0,0.000000,0.025136,0.000000,0.000245,3.299593,30.000000,27.385616,0.055810,0.053218,1.729180
70760.0,0.000000,0.005649,0.000000,-0.000337,3.299593,30.000000,27.843748,0.051060,0.048728,1.757559
70770.0,0.000000,-0.007294,0.000000,0.001502,3.299593,30.000000,29.070110,0.035201,0.039616,1.787471
70780.0,0.000000,-0.023493,0.000000,0.000582,3.299593,30.000000,29.800642,0.024956,0.024977,1.817767
70790.0,0.000000,-0.031333,0.000000,0.000000,3.299593,30.000000,29.363272,0.031529,0.029381,1.849597
70800.0,0.000000,-0.021840,0.000000,-0.001165,3.299593,30.000000,27.816366,0.056022,0.054863,1.878360
70810.0,0.000000,0.000095,0.000000,-0.000245,3.299593,30.000000,29.252798,0.036343,0.037554,1.909039
70820.0,0.000000,0.010197,0.000000,-0.000337,3.299593,30.000000,30.644770,0.015380,0.015795,1.940102
70830.0,0.000000,0.025322,0.000000,0.001165,3.299593,30.000000,30.416653,0.018825,0.027414,1.972699
70840.0,0.000000,0.030601,0.000000,0.000000,3.299593,30.000000,31.789000,-0.003099,-0.003314,2.004913
70850.0,0.000000,-0.009100,0.000000,-0.000337,3.299593,30.000000,33.655560,-0.033920,-0.034047,2.040578
70860.0,0.000000,-0.012615,0.000000,0.000000,3.299593,30.000000,32.670517,-0.021740,-0.020723,2.073942
70870.0,0.000000,0.013031,0.000000,-0.000582,3.299593,30.000000,32.939339,-0.029389,-0.029411,2.109607
70880.0,0.000000,0.016461,0.000000,0.000337,3.299593,30.000000,31.525827,-0.009668,-0.010534,2.141821
70890.0,0.000000,-0.014111,0.000000,0.000000,3.299593,30.000000,29.248800,0.024523,0.027398,2.173651
70900.0,0.000000,-0.035412,0.000000,-0.001165,3.299593,30.000000,27.838531,0.046742,0.046961,2.202796
70910.0,0.000000,0.004280,0.000000,-0.000582,3.299593,30.000000,28.523033,0.038246,0.029566,2.233093
70920.0,0.000000,0.005567,0.000000,0.000000,3.299593,30.000000,29.219398,0.029450,0.030876,2.262238
70930.0,0.000000,0.018313,0.000000,-0.000920,3.299593,30.000000,30.046659,0.017218,0.014772,2.294452
70940.0,0.000000,-0.027647,0.000000,0.000000,3.299593,30.000000,30.551569,0.009333,0.008850,2.325898
70950.0,0.000000,-0.045882,0.000000,-0.000920,3.299593,30.000000,30.603601,0.007886,0.005575,2.358495
70960.0,0.000000,-0.027687,0.000000,-0.000920,3.299593,30.000000,28.720840,0.036479,0.036736,2.388408
70970.0,0.000000,0.026798,0.000000,0.002422,3.299593,30.000000,27.869951,0.051213,0.050888,2.418321
70980.0,0.000000,0.024829,0.000000,0.000000,3.299593,30.000000,28.407213,0.044548,0.044304,2.447850
70990.0,0.000000,0.015813,0.000000,-0.000245,3.299593,30.000000,30.740273,0.009362,0.007152,2.480447
71000.0,0.000000,-0.030005,0.000000,-0.000582,3.299593,30.000000,31.872173,-0.008410,-0.006710,2.512277
71010.0,0.000000,-0.012498,0.000000,-0.000582,3.299593,0.000000,32.060184,0.000000,0.001435,2.548709
71020.0,0.000000,-0.013106,0.000000,-0.000920,3.299593,0.000000,30.218004,0.000000,-0.000000,2.584374
71030.0,0.000000,-0.015777,0.000000,-0.000337,3.299593,0.000000,31.352804,0.000000,0.001612,2.620423
71040.0,0.000000,0.001054,0.000000,0.000000,3.299593,0.000000,27.326355,0.000000,-0.000000,2.653787
71050.0,0.000000,0.003968,0.000000,-0.000337,3.299593,0.000000,24.651176,0.000000,-0.000392,2.683316
71060.0,0.000000,0.044459,0.000000,0.000000,3.299593,0.000000,20.594427,0.000000,0.000539,2.709394
71070.0,0.000000,0.006996,0.000000,0.000000,3.299593,0.000000,12.825832,0.000000,0.000273,2.728568
71080.0,0.000000,0.011547,0.000000,0.000000,3.299593,0.000000,5.526401,0.000000,0.000000,2.737389
71090.0,0.000000,0.013259,0.000000,0.001257,3.299593,0.000000,-1.376644,0.000000,-0.000206,2.738923
71100.0,0.000000,0.034882,0.000000,0.000000,3.299593,0.000000,-10.346334,0.000000,0.000900,2.732787
71110.0,0.000000,0.001991,0.000000,-0.000245,3.299593,0.000000,-13.107629,0.000000,-0.002751,2.720515
71120.0,0.000000,-0.020091,0.000000,0.000000,3.299593,0.000000,-15.411913,0.000000,-0.000928,2.705942
71130.0,0.000000,-0.006781,0.000000,-0.000582,3.299593,0.000000,-14.484808,0.000000,-0.000497,2.690219
71140.0,0.000000,-0.012381,0.000000,0.000582,3.299593,0.000000,-13.428103,0.000000,-0.000573,2.676029
71150.0,0.000000,0.014846,0.000000,0.000000,3.299593,0.000000,-10.923304,0.000000,-0.001271,2.663374
71160.0,0.000000,-0.008382,0.000000,0.000000,3.299593,0.000000,-7.864588,0.000000,-0.000000,2.653403
71170.0,0.000000,0.036474,0.000000,0.000920,3.299593,0.000000,-6.771299,0.000000,0.000159,2.645733
71180.0,0.000000,-0.023076,0.000000,0.000582,3.299593,0.000000,-4.349288,0.000000,0.000861,2.640364
71190.0,0.000000,-0.016339,0.000000,-0.000245,3.299593,0.000000,-2.841818,0.000000,-0.000751,2.636529
71200.0,0.000000,-0.011733,0.000000,0.000000,3.299593,0.000000,-1.002234,0.000000,0.000757,2.634995
71210.0,0.000000,0.001577,0.000000,0.000582,3.299593,0.000000,-0.353695,0.000000,-0.000759,2.634612
71220.0,0.000000,0.004792,0.000000,-0.000337,3.299593,0.000000,0.093300,0.000000,-0.000090,2.634995
71230.0,0.000000,0.033727,0.000000,0.000337,3.299593,0.000000,1.973402,0.000000,-0.002352,2.636913
71240.0,0.000000,-0.020513,0.000000,0.000000,3.299593,0.000000,1.452489,0.000000,-0.000000,2.638830
71250.0,0.000000,-0.029716,0.000000,0.000582,3.299593,0.000000,1.398210,0.000000,-0.001597,2.640364
71260.0,0.000000,-0.008498,0.000000,0.000000,3.299593,0.000000,0.524291,0.000000,-0.000000,2.640748
71270.0,0.000000,0.038487,0.000000,0.000000,3.299593,0.000000,-0.196720,0.000000,-0.000735,2.640748
71280.0,0.000000,0.003139,0.000000,0.000582,3.299593,0.000000,-0.034421,0.000000,-0.000862,2.640748
71290.0,0.000000,-0.017257,0.000000,0.000000,3.299593,0.000000,0.041850,0.000000,-0.000000,2.640748
71300.0,0.000000,-0.015702,0.000000,-0.000582,3.299593,0.000000,-0.440352,0.000000,-0.001722,2.640364
71310.0,0.000000,0.032063,0.000000,0.000582,3.299593,0.000000,0.054581,0.000000,-0.001597,2.640364
71320.0,0.000000,0.018756,0.000000,-0.000582,3.299593,0.000000,-0.017551,0.000000,0.001597,2.640364
71330.0,0.000000,-0.025514,0.000000,0.000582,3.299593,0.000000,-0.015608,0.000000,-0.001597,2.640364
71340.0,0.000000,-0.029800,0.000000,0.000582,3.299593,0.000000,-0.026523,0.000000,0.000861,2.640364
71350.0,0.000000,-0.015098,0.000000,0.000000,3.299593,0.000000,0.025524,0.000000,-0.000736,2.640364
71360.0,0.000000,-0.025427,0.000000,0.000920,3.299593,0.000000,-0.007742,0.000000,-0.000000,2.640364
71370.0,0.000000,0.049393,0.000000,0.000828,3.299593,0.000000,0.014164,0.000000,-0.000736,2.640364
71380.0,0.000000,0.014359,0.000000,-0.000582,3.299593,0.000000,0.020536,0.000000,0.001597,2.640364
71390.0,0.000000,-0.012691,0.000000,0.000245,3.299593,0.000000,-0.008894,0.000000,-0.001597,2.640364
71400.0,0.000000,-0.013188,0.000000,0.000000,3.299593,0.000000,0.012639,0.000000,-0.000861,2.640364
71410.0,0.000000,0.012648,0.000000,-0.000582,3.299593,0.000000,0.026445,0.000000,-0.000736,2.640364
71420.0,0.000000,-0.003158,0.000000,0.000000,3.299593,0.000000,0.023676,0.000000,-0.000000,2.640364
71430.0,0.000000,-0.017682,0.000000,-0.000582,3.299593,0.000000,-0.035290,0.000000,-0.000736,2.640364
71440.0,0.000000,-0.042303,0.000000,-0.000582,3.299593,0.000000,-0.009907,0.000000,-0.000861,2.640364
71450.0,0.000000,-0.004852,0.000000,-0.000337,3.299593,0.000000,0.006839,0.000000,-0.000612,2.640364
71460.0,0.000000,0.029373,0.000000,-0.001257,3.299593,0.000000,0.003510,0.000000,-0.000000,2.640364
71470.0,0.000000,0.024836,0.000000,0.000000,3.299593,0.000000,-0.031854,0.000000,-0.000861,2.640364
71480.0,0.000000,0.017934,0.000000,-0.000582,3.299593,0.000000,-0.018385,0.000000,-0.001473,2.640364
71490.0,0.000000,-0.035369,0.000000,-0.000337,3.299593,0.000000,0.000455,0.000000,-0.001597,2.640364
71500.0,0.000000,-0.017970,0.000000,-0.001165,3.299593,0.000000,0.001243,0.000000,0.000861,2.640364
71510.0,0.000000,-0.015794,0.000000,0.000092,3.299593,0.000000,0.003599,0.000000,-0.001597,2.640364
71520.0,0.000000,-0.025105,0.000000,0.000000,3.299593,0.000000,0.004040,0.000000,0.000125,2.640364
71530.0,0.000000,-0.053547,0.000000,-0.000920,3.299593,0.000000,-0.033209,0.000000,0.000125,2.640364
71540.0,0.000000,0.017266,0.000000,0.000000,3.299593,0.000000,-0.033152,0.000000,-0.000861,2.640364
71550.0,0.000000,0.010518,0.000000,-0.001165,3.299593,0.000000,0.016801,0.000000,-0.001597,2.640364
71560.0,0.000000,0.025865,0.000000,0.000000,3.299593,0.000000,0.041409,0.000000,-0.000861,2.640364
71570.0,0.000000,-0.012129,0.000000,0.000000,3.299593,0.000000,-0.000203,0.000000,-0.000861,2.640364
71580.0,0.000000,-0.028013,0.000000,0.000337,3.299593,0.000000,0.015151,0.000000,-0.000000,2.640364
71590.0,0.000000,-0.009226,0.000000,0.000337,3.299593,0.000000,0.002072,0.000000,0.000125,2.640364
71600.0,0.000000,0.013401,0.000000,0.000000,3.299593,0.000000,-0.023542,0.000000,0.000861,2.640364
71610.0,0.000000,0.017018,0.000000,0.000000,3.299593,0.000000,0.026631,0.000000,0.000125,2.640364
71620.0,0.000000,-0.021912,0.000000,0.001165,3.299593,0.000000,0.021175,0.000000,-0.000000,2.640364
71630.0,0.000000,-0.020968,0.000000,-0.000337,3.299593,0.000000,-0.091021,0.000000,-0.000736,2.640364
71640.0,0.000000,-0.003836,0.000000,0.000000,3.299593,0.000000,0.000641,0.000000,0.000736,2.640364
71650.0,0.000000,-0.016969,0.000000,-0.000582,3.299593,0.000000,0.014932,0.000000,0.000125,2.640364
71660.0,0.000000,0.019183,0.000000,0.000000,3.299593,0.000000,0.020396,0.000000,-0.000125,2.640364
71670.0,0.000000,0.014895,0.000000,0.000337,3.299593,0.000000,-0.007289,0.000000,-0.000000,2.640364
71680.0,0.000000,-0.009101,0.000000,0.000000,3.299593,0.000000,-0.032772,0.000000,0.000861,2.640364
71690.0,0.000000,-0.001400,0.000000,-0.001165,3.299593,0.000000,-0.011457,0.000000,0.000736,2.640364
71700.0,0.000000,-0.019635,0.000000,0.000920,3.299593,0.000000,0.009644,0.000000,-0.000736,2.640364
71710.0,0.000000,-0.008969,0.000000,0.000000,3.299593,0.000000,0.007568,0.000000,0.001722,2.640364
71720.0,0.000000,-0.016261,0.000000,-0.000245,3.299593,0.000000,0.002964,0.000000,-0.000612,2.640364
71730.0,0.000000,0.016572,0.000000,0.000337,3.299593,0.000000,0.041575,0.000000,-0.000000,2.640364
71740.0,0.000000,0.035171,0.000000,0.000000,3.299593,0.000000,-0.047121,0.000000,-0.001722,2.640364
71750.0,0.000000,-0.007393,0.000000,0.001165,3.299593,0.000000,0.012865,0.000000,-0.000000,2.640364
71760.0,0.000000,-0.036020,0.000000,0.000337,3.299593,0.000000,0.000413,0.000000,-0.001597,2.640364
71770.0,0.000000,0.007601,0.000000,-0.000582,3.299593,0.000000,-0.033266,0.000000,-0.000000,2.640364
71780.0,0.000000,0.012645,0.000000,0.000000,3.299593,0.000000,-0.015615,0.000000,-0.001597,2.640364
71790.0,0.000000,0.028618,0.000000,0.000582,3.299593,0.000000,0.052757,0.000000,-0.002583,2.640364
71800.0,0.000000,0.018663,0.000000,-0.000337,3.299593,0.000000,-0.053402,0.000000,-0.001473,2.640364
71810.0,0.000000,0.007567,0.000000,0.000000,3.299593,0.000000,0.028484,0.000000,0.000861,2.640364
71820.0,0.000000,-0.036922,0.000000,-0.000337,3.299593,0.000000,0.008801,0.000000,-0.000861,2.640364
71830.0,0.000000,-0.015438,0.000000,0.000000,3.299593,0.000000,-0.003785,0.000000,0.000861,2.640364
71840.0,0.000000,0.040362,0.000000,-0.000245,3.299593,0.000000,-0.046312,0.000000,-0.001597,2.640364
71850.0,0.000000,0.019246,0.000000,-0.000582,3.299593,0.000000,0.022338,0.000000,-0.000000,2.640364
71860.0,0.000000,-0.000382,0.000000,0.000337,3.299593,0.000000,0.008247,0.000000,-0.000736,2.640364
71870.0,0.000000,-0.032424,0.000000,-0.000337,3.299593,0.000000,-0.040941,0.000000,0.000861,2.640364
71880.0,0.000000,0.019931,0.000000,0.000337,3.299593,0.000000,0.002271,0.000000,-0.002458,2.640364
71890.0,0.000000,0.038847,0.000000,0.000337,3.299593,0.000000,0.022447,0.000000,-0.000736,2.640364
71900.0,0.000000,0.018935,0.000000,0.000582,3.299593,0.000000,-0.026461,0.000000,-0.000736,2.640364
71910.0,0.000000,-0.016284,0.000000,0.000000,3.299593,0.000000,-0.010336,0.000000,-0.000000,2.640364
71920.0,0.000000,-0.027175,0.000000,-0.000245,3.299593,0.000000,0.007628,0.000000,-0.000000,2.640364
71930.0,0.000000,-0.035875,0.000000,0.000582,3.299593,0.000000,0.032975,0.000000,-0.000000,2.640364
71940.0,0.000000,0.011111,0.000000,-0.000245,3.299593,0.000000,-0.023096,0.000000,-0.000736,2.640364
71950.0,0.000000,0.022605,0.000000,0.001747,3.299593,0.000000,0.030157,0.000000,-0.000000,2.640364
71960.0,0.000000,0.007813,0.000000,0.000582,3.299593,0.000000,-0.035241,0.000000,-0.000736,2.640364
71970.0,0.000000,0.023001,0.000000,0.000337,3.299593,0.000000,0.020067,0.000000,-0.000000,2.640364
71980.0,0.000000,-0.002468,0.000000,-0.000920,3.299593,0.000000,-0.000245,0.000000,-0.000736,2.640364
71990.0,0.000000,-0.036295,0.000000,0.000337,3.299593,0.000000,0.000329,0.000000,0.000861,2.640364
72000.0,0.000000,-0.034602,0.000000,-0.000245,3.299593,0.000000,0.012776,0.000000,-0.000736,2.640364
72010.0,0.000000,-0.001501,0.000000,0.000000,3.299593,0.000000,-0.008505,0.000000,-0.000000,2.640364
72020.0,0.000000,0.027856,0.000000,0.000920,3.299593,0.000000,0.009782,0.000000,-0.001597,2.640364
72030.0,0.000000,0.021989,0.000000,0.000337,3.299593,0.000000,-0.030324,0.000000,0.000736,2.640364
72040.0,0.000000,0.029584,0.000000,0.000337,3.299593,0.000000,-0.000023,0.000000,0.000125,2.640364
72050.0,0.000000,0.013386,0.000000,0.000337,3.299593,0.000000,0.013792,0.000000,0.000736,2.640364
72060.0,0.000000,-0.025389,0.000000,0.000000,3.299593,0.000000,-0.004636,0.000000,0.000125,2.640364
72070.0,0.000000,-0.020782,0.000000,-0.000582,3.299593,0.000000,-0.018767,0.000000,-0.000000,2.640364
72080.0,0.000000,-0.016287,0.000000,0.000000,3.299593,0.000000,0.028390,0.000000,-0.000736,2.640364
72090.0,0.000000,-0.023594,0.000000,0.000337,3.299593,0.000000,0.005491,0.000000,0.000861,2.640364
72100.0,0.000000,0.006805,0.000000,-0.000582,3.299593,0.000000,0.039207,0.000000,-0.000861,2.640364
72110.0,0.000000,0.047411,0.000000,-0.000582,3.299593,0.000000,-0.006773,0.000000,-0.000000,2.640364
72120.0,0.000000,0.035433,0.000000,0.000000,3.299593,0.000000,-0.019896,0.000000,-0.000736,2.640364
72130.0,0.000000,0.020626,0.000000,-0.000337,3.299593,0.000000,0.009492,0.000000,-0.000861,2.640364
72140.0,0.000000,-0.041491,0.000000,-0.001257,3.299593,0.000000,0.011881,0.000000,-0.000736,2.640364
72150.0,0.000000,-0.002034,0.000000,0.000337,3.299593,0.000000,0.014900,0.000000,-0.000861,2.640364
72160.0,0.000000,-0.002831,0.000000,-0.000582,3.299593,0.000000,-0.005106,0.000000,-0.001597,2.640364
72170.0,0.000000,0.031394,0.000000,-0.000337,3.299593,0.000000,0.006961,0.000000,-0.000000,2.640364
72180.0,0.000000,0.016306,0.000000,0.000000,3.299593,0.000000,-0.002208,0.000000,-0.002333,2.640364
72190.0,0.000000,0.026015,0.000000,-0.000582,3.299593,0.000000,0.028410,0.000000,-0.000000,2.640364
72200.0,0.000000,-0.001035,0.000000,0.000920,3.299593,0.000000,-0.003491,0.000000,-0.001473,2.640364
72210.0,0.000000,0.026333,0.000000,-0.000337,3.299593,0.000000,-0.047966,0.000000,0.000861,2.640364
72220.0,0.000000,-0.016764,0.000000,-0.000245,3.299593,0.000000,-0.017567,0.000000,-0.000000,2.640364
72230.0,0.000000,-0.005534,0.000000,0.000000,3.299593,0.000000,0.008021,0.000000,-0.000000,2.640364
72240.0,0.000000,0.042814,0.000000,0.000582,3.299593,0.000000,0.026654,0.000000,0.000125,2.640364
72250.0,0.000000,0.011099,0.000000,0.000000,3.299593,0.000000,0.014414,0.000000,0.000861,2.640364
72260.0,0.000000,-0.005556,0.000000,-0.001165,3.299593,0.000000,-0.020391,0.000000,-0.000736,2.640364
72270.0,0.000000,-0.017699,0.000000,-0.000582,3.299593,0.000000,-0.046351,0.000000,-0.000861,2.640364
72280.0,0.000000,-0.000898,0.000000,0.000092,3.299593,0.000000,0.015760,0.000000,-0.001722,2.640364
72290.0,0.000000,0.023949,0.000000,0.000000,3.299593,0.000000,0.003701,0.000000,-0.001722,2.640364
72300.0,0.000000,0.016342,0.000000,0.000000,3.299593,0.000000,-0.039656,0.000000,-0.000612,2.640364
72310.0,0.000000,0.024660,0.000000,0.000245,3.299593,0.000000,0.044191,0.000000,-0.000736,2.640364
72320.0,0.000000,0.016630,0.000000,0.000000,3.299593,0.000000,-0.031408,0.000000,0.000125,2.640364
72330.0,0.000000,0.030050,0.000000,0.000582,3.299593,0.000000,0.031472,0.000000,0.000125,2.640364
72340.0,0.000000,0.025120,0.000000,-0.000245,3.299593,0.000000,0.041367,0.000000,-0.002945,2.640364
72350.0,0.000000,0.008921,0.000000,0.000000,3.299593,0.000000,-0.035060,0.000000,0.000861,2.640364
72360.0,0.000000,-0.016548,0.000000,-0.000245,3.299593,0.000000,-0.061940,0.000000,-0.003319,2.640364
72370.0,0.000000,-0.038777,0.000000,-0.000582,3.299593,0.000000,0.008038,0.000000,-0.000000,2.640364
72380.0,0.000000,-0.023149,0.000000,-0.000245,3.299593,0.000000,-0.008534,0.000000,-0.001597,2.640364
72390.0,0.000000,-0.020470,0.000000,-0.000337,3.299593,0.000000,-0.001390,0.000000,-0.000861,2.640364
72400.0,0.000000,-0.019965,0.000000,-0.000337,3.299593,0.000000,0.019266,0.000000,-0.000000,2.640364
72410.0,0.000000,-0.006686,0.000000,-0.000092,3.299593,0.000000,0.018168,0.000000,-0.001722,2.640364
72420.0,0.000000,0.040109,0.000000,0.000000,3.299593,0.000000,-0.011402,0.000000,0.000125,2.640364
72430.0,0.000000,0.026256,0.000000,-0.000337,3.299593,0.000000,-0.031808,0.000000,-0.000985,2.640364
72440.0,0.000000,-0.012706,0.000000,0.000000,3.299593,0.000000,0.011028,0.000000,-0.001473,2.640364
72450.0,0.000000,0.001249,0.000000,0.000000,3.299593,0.000000,0.005289,0.000000,0.000861,2.640364
72460.0,0.000000,-0.024220,0.000000,-0.000582,3.299593,0.000000,-0.030075,0.000000,0.000125,2.640364
72470.0,0.000000,-0.029898,0.000000,0.000582,3.299593,0.000000,-0.010952,0.000000,0.001597,2.640364
72480.0,0.000000,-0.029113,0.000000,0.000000,3.299593,0.000000,0.003909,0.000000,-0.003070,2.640364
72490.0,0.000000,-0.029296,0.000000,-0.000582,3.299593,0.000000,0.017378,0.000000,0.000736,2.640364
72500.0,0.000000,0.033374,0.000000,0.000000,3.299593,0.000000,-0.018199,0.000000,-0.000000,2.640364
72510.0,0.000000,-0.009534,0.000000,-0.000582,3.299593,0.000000,-0.003874,0.000000,-0.000000,2.640364
72520.0,0.000000,-0.031291,0.000000,0.000000,3.299593,0.000000,0.006718,0.000000,-0.003194,2.640364
72530.0,0.000000,-0.008475,0.000000,0.000000,3.299593,0.000000,-0.045480,0.000000,0.000861,2.640364
72540.0,0.000000,-0.013333,0.000000,-0.001165,3.299593,0.000000,0.015756,0.000000,-0.000985,2.640364
72550.0,0.000000,0.010921,0.000000,0.000000,3.299593,0.000000,-0.009767,0.000000,-0.003070,2.640364
72560.0,0.000000,0.051641,0.000000,-0.000582,3.299593,0.000000,-0.001097,0.000000,-0.000000,2.640364
72570.0,0.000000,-0.040836,0.000000,0.000000,3.299593,0.000000,0.036037,0.000000,-0.000000,2.640364
72580.0,0.000000,-0.030356,0.000000,0.000337,3.299593,0.000000,-0.025519,0.000000,0.000861,2.640364
72590.0,0.000000,-0.023857,0.000000,0.000337,3.299593,0.000000,0.040015,0.000000,0.000736,2.640364
72600.0,0.000000,-0.004940,0.000000,-0.000828,3.299593,0.000000,-0.002775,0.000000,-0.000000,2.640364
72610.0,0.000000,0.036942,0.000000,0.000000,3.299593,0.000000,-0.045680,0.000000,0.000125,2.640364
72620.0,0.000000,0.014434,0.000000,0.000920,3.299593,0.000000,0.004733,0.000000,0.000861,2.640364
72630.0,0.000000,0.030064,0.000000,0.000000,3.299593,0.000000,0.027342,0.000000,-0.000000,2.640364
72640.0,0.000000,-0.001306,0.000000,0.000000,3.299593,0.000000,0.029145,0.000000,0.000736,2.640364
72650.0,0.000000,-0.023063,0.000000,0.000000,3.299593,0.000000,-0.016346,0.000000,-0.001597,2.640364
72660.0,0.000000,-0.006010,0.000000,0.000582,3.299593,0.000000,-0.028932,0.000000,0.001597,2.640364
72670.0,0.000000,0.031423,0.000000,0.000920,3.299593,0.000000,-0.002929,0.000000,-0.000736,2.640364
72680.0,0.000000,0.007880,0.000000,0.000582,3.299593,0.000000,0.018086,0.000000,0.000736,2.640364
72690.0,0.000000,-0.035217,0.000000,0.000337,3.299593,0.000000,-0.046684,0.000000,-0.000736,2.640364
72700.0,0.000000,-0.013150,0.000000,-0.000582,3.299593,0.000000,0.052139,0.000000,-0.000000,2.640364
72710.0,0.000000,0.012495,0.000000,0.000000,3.299593,0.000000,-0.033133,0.000000,-0.000736,2.640364
72720.0,0.000000,0.031412,0.000000,-0.000337,3.299593,0.000000,-0.029542,0.000000,0.000736,2.640364
72730.0,0.000000,0.031870,0.000000,0.000582,3.299593,0.000000,-0.031516,0.000000,-0.001597,2.640364
72740.0,0.000000,0.027662,0.000000,-0.000582,3.299593,0.000000,-0.071696,0.000000,-0.000000,2.640364
72750.0,0.000000,0.022387,0.000000,-0.000245,3.299593,0.000000,0.017762,0.000000,-0.000736,2.640364
72760.0,0.000000,-0.006338,0.000000,0.000000,3.299593,0.000000,0.028781,0.000000,-0.000000,2.640364
72770.0,0.000000,-0.019281,0.000000,-0.000337,3.299593,0.000000,0.019472,0.000000,-0.000736,2.640364
72780.0,0.000000,-0.006343,0.000000,-0.000920,3.299593,0.000000,-0.026925,0.000000,0.000861,2.640364
72790.0,0.000000,-0.036177,0.000000,-0.000337,3.299593,0.000000,0.001065,0.000000,-0.001597,2.640364
72800.0,0.000000,-0.010231,0.000000,-0.000920,3.299593,0.000000,0.036003,0.000000,-0.000000,2.640364
72810.0,0.000000,-0.019652,0.000000,0.000582,3.299593,0.000000,-0.016584,0.000000,-0.000736,2.640364
72820.0,0.000000,-0.018757,0.000000,-0.000582,3.299593,0.000000,-0.004654,0.000000,0.000736,2.640364
72830.0,0.000000,-0.011223,0.000000,0.000000,3.299593,0.000000,0.009091,0.000000,-0.000000,2.640364
72840.0,0.000000,0.012796,0.000000,-0.000582,3.299593,0.000000,-0.007518,0.000000,-0.000000,2.640364
72850.0,0.000000,0.014082,0.000000,-0.000582,3.299593,0.000000,0.014952,0.000000,-0.000000,2.640364
72860.0,0.000000,-0.007219,0.000000,0.000000,3.299593,0.000000,0.018294,0.000000,0.000736,2.640364
72870.0,0.000000,-0.037791,0.000000,0.000000,3.299593,0.000000,-0.043932,0.000000,-0.000612,2.640364
72880.0,0.000000,-0.004799,0.000000,0.000000,3.299593,0.000000,0.041197,0.000000,-0.000861,2.640364
72890.0,0.000000,0.025731,0.000000,0.000245,3.299593,0.000000,-0.002483,0.000000,-0.003194,2.640364
72900.0,0.000000,0.041311,0.000000,0.000000,3.299593,0.000000,-0.050168,0.000000,0.001597,2.640364
72910.0,0.000000,-0.036323,0.000000,0.000000,3.299593,0.000000,0.026468,0.000000,-0.000000,2.640364
72920.0,0.000000,-0.031450,0.000000,-0.000582,3.299593,0.000000,-0.002644,0.000000,0.001597,2.640364
72930.0,0.000000,0.005983,0.000000,0.000582,3.299593,0.000000,-0.033405,0.000000,-0.001597,2.640364
72940.0,0.000000,0.021723,0.000000,0.000000,3.299593,0.000000,0.021724,0.000000,0.000861,2.640364
72950.0,0.000000,0.029986,0.000000,0.000000,3.299593,0.000000,-0.022940,0.000000,-0.000125,2.640364
72960.0,0.000000,-0.006483,0.000000,0.000337,3.299593,0.000000,-0.025303,0.000000,-0.000861,2.640364
72970.0,0.000000,-0.013397,0.000000,0.000245,3.299593,0.000000,-0.014285,0.000000,-0.001597,2.640364
72980.0,0.000000,0.009231,0.000000,0.001165,3.299593,0.000000,-0.035610,0.000000,-0.000000,2.640364
72990.0,0.000000,0.025688,0.000000,0.000000,3.299593,0.000000,-0.037669,0.000000,-0.003070,2.640364
73000.0,0.000000,0.028903,0.000000,-0.000582,3.299593,0.000000,0.023361,0.000000,-0.000736,2.640364
73010.0,0.000000,0.001852,0.000000,-0.001165,3.299593,0.000000,0.025640,0.000000,-0.000000,2.640364
73020.0,0.000000,-0.000964,0.000000,0.000000,3.299593,0.000000,0.034364,0.000000,-0.000861,2.640364
73030.0,0.000000,0.002140,0.000000,-0.001502,3.299593,0.000000,-0.005573,0.000000,0.000125,2.640364
73040.0,0.000000,0.006746,0.000000,-0.000582,3.299593,0.000000,-0.006325,0.000000,-0.000000,2.640364
73050.0,0.000000,-0.023404,0.000000,0.000000,3.299593,0.000000,0.012798,0.000000,-0.000861,2.640364
73060.0,0.000000,0.006033,0.000000,-0.000582,3.299593,0.000000,0.025012,0.000000,-0.000000,2.640364
73070.0,0.000000,0.037284,0.000000,-0.000582,3.299593,0.000000,-0.020377,0.000000,-0.000000,2.640364
73080.0,0.000000,-0.032472,0.000000,-0.000582,3.299593,0.000000,0.015723,0.000000,0.000861,2.640364
73090.0,0.000000,-0.004080,0.000000,0.001165,3.299593,0.000000,0.021925,0.000000,-0.002333,2.640364
73100.0,0.000000,0.037567,0.000000,0.000920,3.299593,0.000000,-0.002150,0.000000,-0.000000,2.640364
73110.0,0.000000,-0.031519,0.000000,-0.000920,3.299593,0.000000,0.004047,0.000000,-0.001597,2.640364
73120.0,0.000000,-0.017534,0.000000,-0.000582,3.299593,0.000000,-0.008886,0.000000,-0.000000,2.640364
73130.0,0.000000,-0.013039,0.000000,-0.000582,3.299593,0.000000,-0.072541,0.000000,-0.002458,2.640364
73140.0,0.000000,-0.022725,0.000000,0.000582,3.299593,0.000000,0.046786,0.000000,-0.000125,2.640364
73150.0,0.000000,-0.010997,0.000000,-0.000245,3.299593,0.000000,-0.019205,0.000000,-0.000736,2.640364
73160.0,0.000000,0.021837,0.000000,-0.000245,3.299593,0.000000,0.034257,0.000000,-0.001597,2.640364
73170.0,0.000000,0.034238,0.000000,-0.000245,3.299593,0.000000,0.011467,0.000000,-0.000000,2.640364
73180.0,0.000000,0.046266,0.000000,0.000000,3.299593,0.000000,-0.014180,0.000000,0.000736,2.640364
73190.0,0.000000,-0.001213,0.000000,0.000000,3.299593,0.000000,-0.034522,0.000000,0.000985,2.640364
73200.0,0.000000,-0.026226,0.000000,0.000000,3.299593,0.000000,-0.014104,0.000000,0.000861,2.640364
73210.0,0.000000,0.013763,0.000000,-0.000337,3.299593,0.000000,-0.004173,0.000000,-0.000000,2.640364
73220.0,0.000000,0.018150,0.000000,-0.000582,3.299593,0.000000,0.053403,0.000000,-0.000861,2.640364
73230.0,0.000000,0.017543,0.000000,-0.000920,3.299593,0.000000,0.008258,0.000000,0.000861,2.640364
73240.0,0.000000,0.003801,0.000000,0.000582,3.299593,0.000000,0.033216,0.000000,-0.000000,2.640364
73250.0,0.000000,-0.031873,0.000000,0.000000,3.299593,0.000000,-0.021110,0.000000,-0.000000,2.640364
73260.0,0.000000,-0.021928,0.000000,0.000245,3.299593,0.000000,-0.010540,0.000000,-0.000861,2.640364
73270.0,0.000000,0.029833,0.000000,-0.000582,3.299593,0.000000,0.015602,0.000000,-0.000736,2.640364
73280.0,0.000000,0.026424,0.000000,-0.000582,3.299593,0.000000,0.017858,0.000000,0.000861,2.640364
73290.0,0.000000,0.010508,0.000000,-0.000245,3.299593,0.000000,-0.014568,0.000000,-0.000736,2.640364
73300.0,0.000000,-0.003907,0.000000,0.000000,3.299593,0.000000,-0.025753,0.000000,-0.000000,2.640364
73310.0,0.000000,0.009403,0.000000,-0.000337,3.299593,0.000000,0.001122,0.000000,-0.001597,2.640364
73320.0,0.000000,0.022824,0.000000,-0.000337,3.299593,0.000000,0.016822,0.000000,-0.000000,2.640364
73330.0,0.000000,-0.020927,0.000000,0.000582,3.299593,0.000000,-0.014670,0.000000,-0.001597,2.640364
73340.0,0.000000,-0.026902,0.000000,0.000000,3.299593,0.000000,0.010634,0.000000,-0.000000,2.640364
73350.0,0.000000,0.025186,0.000000,0.000000,3.299593,0.000000,0.015215,0.000000,-0.000736,2.640364
73360.0,0.000000,0.028182,0.000000,-0.000582,3.299593,0.000000,-0.005421,0.000000,-0.000861,2.640364
73370.0,0.000000,0.024238,0.000000,0.000000,3.299593,0.000000,-0.032659,0.000000,-0.001473,2.640364
73380.0,0.000000,0.004328,0.000000,0.000000,3.299593,0.000000,-0.016020,0.000000,-0.000736,2.640364
73390.0,0.000000,-0.005835,0.000000,0.000000,3.299593,0.000000,0.028095,0.000000,0.000736,2.640364
73400.0,0.000000,-0.041510,0.000000,-0.001931,3.299593,0.000000,-0.008920,0.000000,0.000125,2.640364
