t_ms,M1_pos_ref,M1_pos_est,M1_speed_fb,M1_iq,M1_speed_ref,M2_pos_ref,M2_pos_est,M2_speed_fb,M2_iq,M2_speed_ref
0.0,0.000000,-0.152631,0.002453,0.000000,0.000000,0.000000,3.192980,0.005911,0.000000,0.000000
5.0,0.000000,-0.152628,0.017644,0.000000,0.000000,0.000000,3.192983,0.010789,0.000000,0.000000
10.0,0.000000,-0.152628,0.010146,0.000000,0.000000,0.000000,3.192983,0.007902,0.000000,0.000000
15.0,0.000000,-0.152630,-0.001562,0.000000,0.000000,0.000000,3.192983,0.009290,0.000000,0.000000
20.0,0.000000,-0.152632,-0.003793,0.000000,0.000000,0.000000,3.192981,-0.006947,0.000000,0.000000
25.0,0.000000,-0.152632,-0.002946,0.000000,0.000000,0.000000,3.192980,-0.000260,-0.000172,0.000000
30.0,0.000000,-0.152632,-0.001846,-0.000304,0.000000,0.000000,3.192981,0.000450,-0.000878,0.000000
35.0,0.000000,-0.152632,-0.001640,0.000000,0.000000,0.000000,3.192984,0.014324,-0.000172,0.000000
40.0,0.000000,-0.152631,0.001201,0.000000,0.000000,0.000000,3.192986,0.029020,0.000000,0.000000
45.0,0.000000,-0.152631,-0.002061,-0.000304,0.000000,0.000000,3.192984,0.000172,0.000000,0.000000
50.0,0.000000,-0.152631,-0.000625,0.000000,0.000000,0.000000,3.192982,-0.000644,0.000000,0.000000
55.0,0.000000,-0.152631,0.001435,0.000000,0.000000,0.000000,3.192977,-0.024391,0.000000,0.000000
60.0,0.000000,-0.152631,0.001793,0.000304,0.000000,0.000000,3.192978,-0.008896,-0.000878,0.000000
65.0,0.000000,-0.152630,0.002966,0.000000,0.000000,0.000000,3.192979,-0.014684,-0.000878,0.000000
70.0,0.000000,-0.152631,0.000066,0.000000,0.000000,0.000000,3.192978,-0.008547,0.000000,0.000000
75.0,0.000000,-0.152630,0.002999,0.000000,0.000000,0.000000,3.192977,-0.014794,0.000000,0.000000
80.0,0.000000,-0.152632,-0.007999,0.000000,0.000000,0.000000,3.192981,0.015958,0.000000,0.000000
85.0,0.000000,-0.152634,-0.015883,-0.000304,0.000000,0.000000,3.192985,0.019687,0.000172,0.000000
90.0,0.000000,-0.152633,0.002490,0.000000,0.000000,0.000000,3.192984,0.011345,0.000000,0.000000
95.0,0.000000,-0.152629,0.007822,0.000000,0.000000,0.000000,3.192979,-0.011696,0.000000,0.000000
100.0,0.000000,-0.152630,0.004595,0.000000,0.000000,0.000000,3.192979,-0.003329,0.000878,0.000000
105.0,0.000000,-0.152628,0.014000,0.000000,0.000000,0.000000,3.192981,-0.005315,-0.000172,0.000000
110.0,0.000000,-0.152630,-0.006105,0.000000,0.000000,0.000000,3.192982,0.007833,0.000000,0.000000
115.0,0.000000,-0.152632,-0.006158,0.000000,0.000000,0.000000,3.192986,0.017877,0.000000,0.000000
120.0,0.000000,-0.152633,-0.004959,-0.000304,0.000000,0.000000,3.192982,-0.010757,0.000000,0.000000
125.0,0.000000,-0.152631,0.003542,0.000000,0.000000,0.000000,3.192978,-0.014235,0.000000,0.000000
130.0,0.000000,-0.152631,0.002122,-0.000304,0.000000,0.000000,3.192977,-0.004163,-0.000172,0.000000
135.0,0.000000,-0.152631,0.006402,0.000609,0.000000,0.000000,3.192980,0.002122,0.000000,0.000000
140.0,0.000000,-0.152630,-0.001538,0.000000,0.000000,0.000000,3.192982,0.005439,0.000172,0.000000
145.0,0.000000,-0.152632,-0.008144,-0.000304,0.000000,0.000000,3.192985,0.015464,0.000000,0.000000
150.0,0.000000,-0.152634,-0.011204,0.000000,0.000000,0.000000,3.192983,0.001598,0.000000,0.000000
155.0,0.000000,-0.152631,0.009747,0.000000,0.000000,0.000000,3.192980,-0.008327,0.000000,0.000000
160.0,0.000000,-0.152629,0.009288,0.000000,0.000000,0.000000,3.192980,0.004117,-0.000878,0.000000
165.0,0.000000,-0.152631,-0.004318,0.000000,0.000000,0.000000,3.192979,-0.006125,0.000000,0.000000
170.0,0.000000,-0.152632,-0.002770,0.000000,0.000000,0.000000,3.192980,-0.002428,0.000000,0.000000
175.0,0.000000,-0.152628,0.022523,0.000000,0.000000,0.000000,3.192978,-0.026038,-0.000878,0.000000
180.0,0.000000,-0.152627,0.012588,-0.000304,0.000000,0.000000,3.192977,-0.006812,0.000000,0.000000
185.0,0.000000,-0.152631,-0.008940,0.000000,0.000000,0.000000,3.192981,0.013482,0.000878,0.000000
190.0,0.000000,-0.152633,-0.011193,0.000000,0.000000,0.000000,3.192984,0.016611,0.000000,0.000000
195.0,0.000000,-0.152635,-0.021960,-0.000609,0.000000,0.000000,3.192982,-0.006862,0.000000,0.000000
200.0,0.000000,-0.152635,-0.017893,0.000000,0.000000,0.000000,3.192981,-0.000338,0.000000,0.000000
205.0,0.000000,-0.152633,-0.000842,-0.000304,0.000000,0.000000,3.192983,0.001472,-0.000878,0.000000
210.0,0.000000,-0.152631,0.008182,0.000000,0.000000,0.000000,3.192981,-0.000555,0.000000,0.000000
215.0,0.000000,-0.152626,0.008469,-0.000914,0.000000,0.000000,3.192982,0.003039,0.000000,0.000000
220.0,0.000000,-0.152628,0.007734,0.000000,0.000000,0.000000,3.192986,0.033836,0.000000,0.000000
225.0,0.000000,-0.152631,-0.003187,0.000000,0.000000,0.000000,3.192988,0.019461,0.000000,0.000000
230.0,0.000000,-0.152632,-0.005480,-0.000609,0.000000,0.000000,3.192982,-0.003020,0.000000,0.000000
235.0,0.000000,-0.152634,-0.003131,0.000304,0.000000,0.000000,3.192976,-0.024696,0.000000,0.000000
240.0,0.000000,-0.152632,0.002819,-0.000304,0.000000,0.000000,3.192979,0.004318,0.000000,0.000000
245.0,0.000000,-0.152630,0.005391,0.000000,0.000000,0.000000,3.192980,-0.019077,-0.000878,0.000000
250.0,0.000000,-0.152630,-0.000963,0.001219,0.000000,0.000000,3.192979,-0.007933,-0.000878,0.000000
255.0,0.000000,-0.152629,0.007715,0.000000,0.000000,0.000000,3.192978,0.013328,0.001756,0.000000
260.0,0.000000,-0.152629,-0.003430,0.000000,0.000000,0.000000,3.192983,0.010761,0.000000,0.000000
265.0,0.000000,-0.152631,-0.004759,0.000000,0.000000,0.000000,3.192982,-0.000776,0.000000,0.000000
270.0,0.000000,-0.152633,-0.006558,0.000000,0.000000,0.000000,3.192985,0.012292,0.000000,0.000000
275.0,0.000000,-0.152633,-0.004726,-0.000609,0.000000,0.000000,3.192981,-0.006662,-0.000172,0.000000
280.0,0.000000,-0.152632,-0.002652,0.000000,0.000000,0.000000,3.192979,-0.009770,0.000000,0.000000
285.0,0.000000,-0.152631,-0.000205,0.000000,0.000000,0.000000,3.192978,-0.014093,0.000000,0.000000
290.0,0.000000,-0.152632,-0.007274,0.000000,0.000000,0.000000,3.192978,-0.008425,0.000000,0.000000
295.0,0.000000,-0.152631,0.013908,0.000304,0.000000,0.000000,3.192982,0.010135,-0.000172,0.000000
300.0,0.000000,-0.152629,0.010436,0.000000,0.000000,0.000000,3.192983,0.006130,0.000000,0.000000
305.0,0.000000,-0.152631,-0.006066,0.000000,0.000000,0.000000,3.192983,0.013615,0.000000,0.000000
310.0,0.000000,-0.152633,-0.004293,0.000000,0.000000,0.000000,3.192984,0.015608,0.000000,0.000000
315.0,0.000000,-0.152633,-0.007044,0.000000,0.000000,0.000000,3.192985,0.018941,0.000000,0.000000
320.0,0.000000,-0.152632,-0.000744,0.000000,0.000000,0.000000,3.192981,-0.010409,-0.000172,0.000000
325.0,0.000000,-0.152631,0.001367,0.000000,0.000000,0.000000,3.192975,-0.026212,0.000000,0.000000
330.0,0.000000,-0.152630,0.003801,0.000609,0.000000,0.000000,3.192975,-0.015949,0.000000,0.000000
335.0,0.000000,-0.152629,-0.013183,-0.000609,0.000000,0.000000,3.192978,0.006057,0.000878,0.000000
340.0,0.000000,-0.152633,-0.010805,0.000000,0.000000,0.000000,3.192982,0.012122,0.000172,0.000000
345.0,0.000000,-0.152630,0.006338,-0.000304,0.000000,0.000000,3.192984,0.024081,0.000878,0.000000
350.0,0.000000,-0.152630,0.002741,-0.000914,0.000000,0.000000,3.192984,0.027032,0.000000,0.000000
355.0,0.000000,-0.152629,0.005609,0.000000,0.000000,0.000000,3.192983,0.003772,0.000878,0.000000
360.0,0.000000,-0.152632,-0.007787,0.000000,0.000000,0.000000,3.192984,0.018956,0.000172,0.000000
365.0,0.000000,-0.152634,-0.009822,0.000000,0.000000,0.000000,3.192984,-0.008572,-0.000878,0.000000
370.0,0.000000,-0.152631,0.013243,-0.000304,0.000000,0.000000,3.192978,-0.020985,-0.000706,0.000000
375.0,0.000000,-0.152631,-0.001963,0.000000,0.000000,0.000000,3.192975,-0.015920,0.000172,0.000000
380.0,0.000000,-0.152631,0.002186,0.000304,0.000000,0.000000,3.192977,-0.003794,0.000878,0.000000
385.0,0.000000,-0.152630,0.002251,0.000000,0.000000,0.000000,3.192982,0.018870,0.000878,0.000000
390.0,0.000000,-0.152631,-0.009487,0.000000,0.000000,0.000000,3.192984,0.014591,-0.000172,0.000000
395.0,0.000000,-0.152633,-0.008831,-0.000305,0.000000,0.000000,3.192982,0.001569,0.000000,0.000000
400.0,0.000000,-0.152633,-0.005662,0.000000,0.000000,0.000000,3.192980,-0.016781,0.000000,0.000000
405.0,0.000000,-0.152632,-0.001239,0.000000,0.000000,0.000000,3.192979,-0.004186,0.000000,0.000000
410.0,0.000000,-0.152631,0.005509,-0.000609,0.000000,0.000000,3.192980,0.001698,0.000000,0.000000
415.0,0.000000,-0.152632,-0.000893,0.000000,0.000000,0.000000,3.192984,0.013808,0.000000,0.000000
420.0,0.000000,-0.152631,-0.002485,0.000000,0.000000,0.000000,3.192984,0.005693,0.000000,0.000000
425.0,0.000000,-0.152630,0.010723,0.000000,0.000000,0.000000,3.192981,0.017978,0.001756,0.000000
430.0,0.000000,-0.152629,0.007084,0.000609,0.000000,0.000000,3.192982,0.000568,0.000000,0.000000
435.0,0.000000,-0.152624,0.027129,0.000000,0.000000,0.000000,3.192981,-0.006704,-0.000172,0.000000
440.0,0.000000,-0.152627,0.000715,0.000000,0.000000,0.000000,3.192979,-0.017972,-0.000878,0.000000
445.0,0.000000,-0.152633,-0.015531,-0.000304,0.000000,0.000000,3.192976,-0.012550,0.000000,0.000000
450.0,0.000000,-0.152636,-0.022421,0.000000,0.000000,0.000000,3.192979,0.001785,0.000000,0.000000
455.0,0.000000,-0.152634,-0.008559,0.000000,0.000000,0.000000,3.192982,0.010025,0.000000,0.000000
460.0,0.000000,-0.152635,-0.013950,-0.000304,0.000000,0.000000,3.192984,0.023603,0.000000,0.000000
465.0,0.000000,-0.152633,0.002410,0.000000,0.000000,0.000000,3.193331,0.490098,0.000000,0.000000
470.0,0.000000,-0.152628,0.024295,0.000000,0.000000,0.000000,3.193456,0.470764,-0.000877,0.000000
475.0,0.000000,-0.152627,0.010929,0.000000,0.000000,0.000000,3.193439,0.150320,0.000877,0.000000
480.0,0.000000,-0.152628,0.008552,0.000304,0.000000,0.000000,3.193390,-0.048228,0.000000,0.000000
485.0,0.000000,-0.152630,-0.008086,-0.000609,0.000000,0.000000,3.193338,-0.148841,0.000000,0.000000
490.0,0.000000,-0.152633,-0.009115,0.000000,0.000000,0.000000,3.193330,-0.124202,0.000000,0.000000
495.0,0.261799,-0.152226,10.761596,0.514908,24.841524,0.000000,3.193353,-0.009606,-0.000877,0.000000
500.0,0.261799,-0.138826,25.571537,0.013621,24.037498,0.000000,3.193358,-0.003592,0.000000,0.000000
505.0,0.261799,-0.128852,24.526571,0.015631,23.439102,0.000000,3.193365,0.019685,0.000000,0.000000
510.0,0.261799,-0.114981,23.320913,0.034799,22.606848,0.000000,3.193374,0.028617,-0.000877,0.000000
515.0,0.261799,-0.106011,22.629705,0.046737,22.068636,0.000000,3.193374,0.026954,-0.000170,0.000000
520.0,0.261799,-0.092850,21.917431,0.050176,21.278988,0.000000,3.193371,0.018362,0.000707,0.000000
525.0,0.261799,-0.083939,21.613749,0.036764,20.744276,0.000000,3.193367,-0.012428,0.000000,0.000000
530.0,0.261799,-0.070404,20.634401,0.026374,19.932207,0.000000,3.193363,-0.003803,0.000000,0.000000
535.0,0.261799,-0.062038,20.057348,0.037460,19.430260,0.000000,3.193364,0.000193,-0.000170,0.000000
540.0,0.261799,-0.049510,19.342718,0.026821,18.678560,0.000000,3.193362,-0.011406,0.000000,0.000000
545.0,0.261799,-0.041638,18.550123,0.041067,18.206228,0.000000,3.193362,-0.017952,0.000000,0.000000
550.0,0.261799,-0.030177,17.875439,0.028846,17.518574,0.000000,3.193907,0.704450,0.000000,0.000000
555.0,0.261799,-0.022722,17.537960,0.031676,17.071302,0.000000,3.194243,0.884505,0.000000,0.000000
560.0,0.261799,-0.012012,16.835617,0.037173,16.428684,0.000000,3.194672,0.842679,-0.000875,0.000000
565.0,0.261799,-0.005141,16.385073,0.032285,16.016392,0.000000,3.194672,0.387368,0.000875,0.000000
570.0,0.261799,0.005094,15.845980,0.031745,15.402325,0.000000,3.194746,0.167048,0.000000,0.000000
575.0,0.261799,0.011670,15.127988,0.037115,15.007768,0.000000,3.194902,0.233055,0.000000,0.000000
580.0,0.261799,0.021161,14.551469,0.034303,14.438281,0.000000,3.194923,0.043214,0.001588,0.000000
585.0,0.261799,0.026920,14.070107,0.042162,14.092772,0.000000,3.194899,-0.078022,0.000000,0.000000
590.0,0.261799,0.035517,13.499967,0.038781,13.576952,0.000000,3.194867,-0.151691,-0.000874,0.000000
595.0,0.261799,0.041294,13.428397,0.032230,13.230338,0.000000,3.194864,-0.123440,0.000000,0.000000
600.0,0.261799,0.049508,12.820957,0.031458,12.737466,0.000000,3.194879,-0.030863,0.000000,0.000000
605.0,0.261799,0.055142,12.617739,0.027537,12.399411,0.000000,3.194893,0.013547,0.000000,0.000000
610.0,0.261799,0.063317,12.215277,0.021137,11.908918,0.000000,3.194904,0.030431,0.000000,0.000000
615.0,0.261799,0.068596,11.696376,0.020404,11.592194,0.000000,3.194902,0.003321,0.000000,0.000000
620.0,0.261799,0.076257,11.186581,0.015857,11.132524,0.000000,3.194901,0.009124,0.000000,0.000000
625.0,0.261799,0.080893,10.827174,0.021683,10.854397,0.000000,3.194902,0.020128,0.000000,0.000000
630.0,0.261799,0.087613,10.291000,0.017679,10.451156,0.000000,3.194900,0.001946,0.000000,0.000000
635.0,0.261799,0.091824,10.020355,0.029243,10.198514,0.000000,3.195246,0.485289,-0.000873,0.000000
640.0,0.261799,0.097975,9.639983,0.024403,9.829472,0.000000,3.195380,0.365715,0.000000,0.000000
645.0,0.261799,0.101984,9.534741,0.025328,9.588897,0.000000,3.195354,0.131575,0.000000,0.000000
650.0,0.261799,0.107808,9.219845,0.021064,9.239466,0.000000,3.195286,-0.093695,0.000000,0.000000
655.0,0.261799,0.111656,8.942864,0.027457,9.008585,0.000000,3.195258,-0.138507,0.000000,0.000000
660.0,0.261799,0.117200,8.760899,0.026529,8.675964,0.000000,3.195251,-0.106382,-0.000873,0.000000
665.0,0.261799,0.120979,8.607065,0.013955,8.449236,0.000000,3.195260,-0.046300,0.000158,0.000000
670.0,0.261799,0.126481,8.174060,0.012587,8.119078,0.000000,3.195278,0.014443,0.000000,0.000000
675.0,0.261799,0.129923,7.960025,0.015897,7.912592,0.000000,3.195286,0.025939,0.000000,0.000000
680.0,0.261799,0.134932,7.669674,0.015900,7.612055,0.000000,3.195288,0.018178,0.000000,0.000000
685.0,0.261799,0.138184,7.544155,0.007596,7.416942,0.000000,3.195286,0.008694,0.000000,0.000000
690.0,0.261799,0.142992,7.132981,0.014032,7.128461,0.000000,3.195285,0.009036,0.000000,0.000000
695.0,0.261799,0.146036,6.944275,0.011879,6.945804,0.000000,3.195286,0.011748,0.000000,0.000000
700.0,0.261799,0.150583,6.726441,0.007616,6.672997,0.000000,3.195282,-0.008129,0.000000,0.000000
705.0,0.261799,0.153410,6.427644,0.010969,6.503352,0.000000,3.195280,-0.014646,0.000000,0.000000
710.0,0.261799,0.157326,6.168237,0.004912,6.268424,0.000000,3.195278,-0.008412,0.000158,0.000000
715.0,0.261799,0.159991,6.038712,0.011622,6.108517,0.000000,3.195278,-0.031644,0.000158,0.000000
720.0,0.261799,0.163732,5.823035,0.016736,5.884033,0.000000,3.195278,0.004013,0.000158,0.000000
725.0,0.261799,0.166156,5.595781,0.015652,5.738590,0.000000,3.195284,0.014307,0.000000,0.000000
730.0,0.261799,0.169799,5.530201,0.012307,5.520043,0.000000,3.195286,0.017122,0.000158,0.000000
735.0,0.261799,0.172128,5.355756,0.007380,5.380266,0.000000,3.195286,0.009453,0.000000,0.000000
740.0,0.261799,0.175633,5.178903,0.000739,5.169998,0.000000,3.195283,0.012494,0.000873,0.000000
745.0,0.261799,0.177883,5.060904,0.004056,5.034986,0.000000,3.195283,-0.012323,0.001030,0.000000
750.0,0.261799,0.181010,4.795462,0.002364,4.847356,0.000000,3.195279,-0.007940,0.000158,0.000000
755.0,0.261799,0.183150,4.774218,-0.000838,4.718961,0.000000,3.195281,-0.003280,0.000000,0.000000
760.0,0.261799,0.186194,4.603870,0.003998,4.536348,0.000000,3.195284,0.005581,0.000000,0.000000
765.0,0.261799,0.188008,4.268941,0.008088,4.427497,0.000000,3.195283,0.000403,0.000158,0.000000
770.0,0.261799,0.190954,4.262671,-0.002407,4.250740,0.000000,3.195282,-0.004256,-0.000158,0.000000
775.0,0.261799,0.192592,4.013341,0.005637,4.152461,0.000000,3.195281,-0.001930,0.000000,0.000000
780.0,0.261799,0.195221,3.946498,0.001612,3.994677,0.000000,3.195281,-0.001169,0.000158,0.000000
785.0,0.261799,0.196775,3.801022,0.004834,3.901437,0.000000,3.195282,0.003921,0.000000,0.000000
790.0,0.261799,0.199365,3.794340,-0.004832,3.746047,0.000000,3.195284,0.025397,0.000873,0.000000
795.0,0.261799,0.200835,3.736560,-0.003266,3.657850,0.000000,3.195288,0.012925,-0.000158,0.000000
800.0,0.261799,0.202951,3.355082,0.008100,3.530881,0.000000,3.195282,-0.005800,0.000158,0.000000
805.0,0.261799,0.204377,3.442686,0.002445,3.445335,0.000000,3.195284,0.009248,-0.000873,0.000000
810.0,0.261799,0.206638,3.361916,-0.000762,3.309690,0.000000,3.195277,-0.023941,0.000000,0.000000
815.0,0.261799,0.208150,3.278870,-0.003299,3.218978,0.000000,3.195275,-0.030035,0.000000,0.000000
820.0,0.261799,0.210070,3.148069,-0.000853,3.103764,0.000000,3.195278,0.008987,0.000000,0.000000
825.0,0.261799,0.211359,2.921474,0.003199,3.026422,0.000000,3.195282,0.004376,0.000873,0.000000
830.0,0.261799,0.213463,3.021317,-0.007375,2.900151,0.000000,3.195287,0.014745,-0.000873,0.000000
835.0,0.261799,0.214660,2.868057,-0.004919,2.828331,0.000000,3.195285,0.006521,0.000000,0.000000
840.0,0.261799,0.216310,2.665237,0.003185,2.729347,0.000000,3.195283,-0.000782,-0.000158,0.000000
845.0,0.261799,0.217449,2.621011,-0.000565,2.661040,0.000000,3.195282,-0.006070,0.000000,0.000000
850.0,0.261799,0.219078,2.496815,-0.006511,2.563276,0.000000,3.195280,-0.008627,0.000158,0.000000
855.0,0.261799,0.220122,2.468743,-0.001584,2.500667,0.000000,3.195280,-0.003691,0.000000,0.000000
860.0,0.261799,0.221913,2.471156,-0.005804,2.393169,0.000000,3.195281,-0.001455,-0.000158,0.000000
865.0,-0.000000,0.000000,0.000000,0.000000,0.000000,0.000000,-0.000000,844104768.000000,-0.000044,0.000000
870.0,0.261799,0.222810,2.276529,-0.000882,2.339369,0.000000,3.195282,0.003524,0.000000,0.000000
875.0,0.261799,0.224277,2.280106,-0.002461,2.251359,0.000000,3.195283,0.008575,0.000000,0.000000
880.0,0.261799,0.225229,2.106989,0.000000,2.194207,0.000000,3.195282,-0.008366,-0.000158,0.000000
885.0,0.261799,0.226578,2.141166,-0.001570,2.113261,0.000000,3.195282,0.006945,0.000158,0.000000
890.0,0.261799,0.227619,2.173355,-0.011405,2.050833,0.000000,3.195283,0.008537,0.000000,0.000000
895.0,0.261799,0.228976,1.959768,-0.012516,1.969372,0.000000,3.195281,-0.015199,-0.000873,0.000000
900.0,0.261799,0.229799,1.823944,-0.002457,1.920042,0.000000,3.195281,-0.011543,0.000000,0.000000
905.0,0.261799,0.230973,1.733180,-0.006047,1.849607,0.000000,3.195280,-0.005375,0.000000,0.000000
910.0,0.261799,0.231709,1.727165,-0.002699,1.805437,0.000000,3.195283,0.012891,0.000000,0.000000
915.0,0.261799,0.232957,1.874618,-0.008913,1.730553,0.000000,3.195285,0.007641,-0.000158,0.000000
920.0,0.261799,0.233803,1.752879,-0.012517,1.679783,0.000000,3.195283,0.002185,0.000158,0.000000
925.0,0.261799,0.234443,1.482268,0.000645,1.641367,0.000000,3.195282,0.000819,0.000158,0.000000
930.0,0.261799,0.235243,1.767803,-0.013685,1.593365,0.000000,3.195282,0.002354,-0.000158,0.000000
935.0,0.261799,0.236265,1.513168,-0.010430,1.532069,0.000000,3.195282,0.003412,0.000158,0.000000
940.0,0.261799,0.237011,1.488308,-0.007616,1.487287,0.000000,3.195285,0.010185,0.000000,0.000000
945.0,0.261799,0.237901,1.305299,-0.006708,1.433892,0.000000,3.195283,0.005056,-0.000158,0.000000
950.0,0.261799,0.238414,1.453979,-0.009151,1.403137,0.000000,3.195281,-0.013077,-0.000158,0.000000
955.0,0.261799,0.239332,1.320877,-0.010348,1.348066,0.000000,3.195280,-0.008886,-0.000158,0.000000
960.0,0.261799,0.239959,1.350891,-0.010968,1.310432,0.000000,3.195278,-0.020699,0.000000,0.000000
965.0,0.261799,0.241111,1.386444,-0.021933,1.241309,0.000000,3.195279,-0.001379,0.000000,0.000000
970.0,0.261799,0.241614,1.175887,-0.010052,1.211138,0.000000,3.195281,-0.000526,0.000000,0.000000
975.0,0.261799,0.242165,0.967797,-0.004873,1.178069,0.000000,3.195287,0.026262,0.000000,0.000000
980.0,0.261799,0.242638,1.188733,-0.012482,1.149695,0.000000,3.195286,-0.000119,0.000000,0.000000
985.0,0.261799,0.243384,1.177226,-0.007011,1.104907,0.000000,3.195281,-0.006958,0.000000,0.000000
990.0,0.261799,0.243887,1.097011,-0.010677,1.074728,0.000000,3.195281,-0.005574,0.000000,0.000000
995.0,0.261799,0.244555,1.070546,-0.005180,1.034677,0.000000,3.195281,0.000758,-0.000158,0.000000
1000.0,0.261799,0.245028,1.048464,-0.012789,1.006282,0.000000,3.195282,-0.000881,-0.000158,0.000000
1005.0,0.261799,0.245577,0.814840,-0.007281,0.973338,0.000000,3.195282,0.000779,0.000000,0.000000
1010.0,0.261799,0.245934,0.828272,-0.004262,0.951913,0.000000,3.195283,0.001700,-0.000873,0.000000
1015.0,0.261799,0.246742,1.092483,-0.012784,0.903447,0.000000,3.195281,-0.002186,0.000158,0.000000
1020.0,0.261799,0.247288,0.948285,-0.017044,0.870692,0.000000,3.195282,0.005413,0.000000,0.000000
1025.0,0.261799,0.247627,0.865373,-0.003681,0.850330,0.000000,3.195283,0.006007,0.000000,0.000000
1030.0,0.261799,0.247861,0.711191,-0.005181,0.836283,0.000000,3.195283,0.003758,0.000158,0.000000
1035.0,0.261799,0.248523,0.811396,-0.014620,0.796575,0.000000,3.195283,0.000624,0.000000,0.000000
1040.0,0.261799,0.248760,0.819943,-0.013350,0.782382,0.000000,3.195282,-0.003325,-0.000158,0.000000
1045.0,0.261799,0.249293,0.745632,-0.013475,0.750401,0.000000,3.195279,-0.010774,0.000000,0.000000
1050.0,0.261799,0.249607,0.773654,-0.013126,0.731527,0.000000,3.195279,-0.011654,0.000000,0.000000
1055.0,0.261799,0.250213,0.846975,-0.013126,0.695173,0.000000,3.195277,-0.010592,0.000000,0.000000
1060.0,0.261799,0.250504,0.605029,-0.011281,0.677728,0.000000,3.195284,0.025273,0.000000,0.000000
1065.0,0.261799,0.250670,0.711459,-0.002973,0.667772,0.000000,3.195284,0.008179,0.000558,0.000000
1070.0,nan,344.468903,0.000000,0.000000,0.000000,-0.000000,0.000000,-1443816.375000,49130705518592.000000,0.000000
1075.0,0.261799,0.251100,0.762307,-0.016820,0.641940,0.000000,3.195282,-0.001154,-0.000158,0.000000
1080.0,0.261799,0.251305,0.484010,-0.006102,0.629647,0.000000,3.195284,0.013192,0.000000,0.000000
1085.0,0.261799,0.251626,0.580418,-0.009431,0.610424,0.000000,3.195285,0.011101,0.000000,0.000000
1090.0,0.261799,0.252045,0.497540,-0.008873,0.585247,0.000000,3.195283,0.001087,0.000000,0.000000
1095.0,0.261799,0.252336,0.591963,-0.012202,0.567825,0.000000,3.195284,0.006245,0.000000,0.000000
1100.0,0.261799,0.252715,0.588041,-0.014421,0.545066,0.000000,3.195277,-0.022090,0.000715,0.000000
1105.0,0.261799,0.252817,0.428606,-0.006100,0.538945,0.000000,3.195278,-0.012074,0.000873,0.000000
1110.0,0.261799,0.253297,0.627331,-0.009250,0.510124,0.000000,3.195282,0.000100,0.000000,0.000000
1115.0,0.261799,0.253544,0.463498,-0.011650,0.495324,0.000000,3.195283,0.008389,-0.000155,0.000000
1120.0,0.261799,0.253922,0.416422,-0.014050,0.472627,0.000000,3.195716,0.534416,0.000000,0.000000
1125.0,0.261799,0.253961,0.357854,-0.007950,0.470273,0.000000,3.195768,0.368739,0.000000,0.000000
1130.0,0.261799,0.254174,0.553410,-0.014595,0.457542,0.000000,3.195711,0.007158,-0.000872,0.000000
1135.0,0.261799,0.254324,0.385421,-0.007568,0.448530,0.000000,3.195665,-0.105780,0.001744,0.000000
1140.0,0.261799,0.254699,0.360139,-0.010728,0.426026,0.000000,3.195638,-0.131089,-0.000872,0.000000
1145.0,0.261799,0.254837,0.518409,-0.016285,0.417761,0.000000,3.195638,-0.087012,0.000000,0.000000
1150.0,0.261799,0.255398,0.425471,-0.019066,0.384099,0.000000,3.195651,-0.015722,0.000000,0.000000
1155.0,0.261799,0.255471,0.293506,-0.010342,0.379683,0.000000,3.195662,0.020580,0.000000,0.000000
1160.0,0.261799,0.255749,0.436956,-0.017216,0.363012,0.000000,3.195670,0.019671,0.000000,0.000000
1165.0,0.261799,0.255847,0.293232,-0.010730,0.357138,0.000000,3.195670,0.011398,0.000000,0.000000
1170.0,0.261799,0.255861,0.261537,-0.008488,0.356274,0.000000,3.195664,-0.023690,0.000000,0.000000
1175.0,0.261799,0.256245,0.617095,-0.026629,0.333282,0.000000,3.195663,0.014208,0.000155,0.000000
1180.0,0.261799,0.256597,0.262573,-0.013905,0.312145,0.000000,3.195667,-0.005872,-0.000155,0.000000
1185.0,0.261799,0.256615,0.234466,-0.010730,0.311061,0.000000,3.195665,-0.004092,0.000000,0.000000
1190.0,0.261799,0.256621,0.230414,-0.009803,0.310718,0.000000,3.195665,-0.000336,0.000000,0.000000
1195.0,0.261799,0.256623,0.257458,-0.007949,0.310580,0.000000,3.195665,0.000364,-0.000155,0.000000
1200.0,0.261799,0.256828,0.429550,-0.016825,0.298288,0.000000,3.195666,0.019877,0.001027,0.000000
1205.0,0.261799,0.256977,0.272603,-0.010731,0.289348,0.000000,3.195667,0.002181,-0.000155,0.000000
1210.0,0.261799,0.257204,0.409421,-0.018282,0.275697,0.000000,3.195664,-0.020467,-0.000872,0.000000
1215.0,0.261799,0.257468,0.445354,-0.022790,0.259885,0.000000,3.195660,-0.021682,0.000000,0.000000
1220.0,0.261799,0.257738,0.199469,-0.013914,0.243666,0.000000,3.195665,0.010070,0.000155,0.000000
1225.0,0.261799,0.257752,0.174350,-0.010731,0.242840,0.000000,3.195668,0.016411,-0.000872,0.000000
1230.0,0.261799,0.257758,0.189701,-0.009804,0.242506,0.000000,3.195669,0.007123,-0.000155,0.000000
1235.0,0.261799,0.257759,0.192103,-0.008876,0.242438,0.000000,3.195668,0.002613,0.000155,0.000000
1240.0,0.261799,0.257762,0.193511,-0.008349,0.242248,0.000000,3.195666,-0.000028,0.000000,0.000000
1245.0,0.261799,0.258030,0.351481,-0.016421,0.226180,0.000000,3.195666,0.000146,0.000000,0.000000
1250.0,0.261799,0.258246,0.375401,-0.009398,0.213175,0.000000,3.195664,-0.000827,0.000000,0.000000
1255.0,0.261799,0.258472,0.226535,-0.015371,0.199653,0.000000,3.195665,0.001040,0.000000,0.000000
1260.0,0.261799,0.258511,0.142459,-0.010731,0.197271,0.000000,3.195666,0.003245,0.000155,0.000000
1265.0,0.261799,0.258823,0.239577,-0.017635,0.178564,0.000000,3.195666,0.000369,0.000000,0.000000
1270.0,0.261799,0.258887,0.127371,-0.012587,0.174724,0.000000,3.195664,-0.011015,0.000000,0.000000
1275.0,0.261799,0.258892,0.136747,-0.012180,0.174431,0.000000,3.195665,-0.005543,-0.000872,0.000000
1280.0,0.261799,0.258895,0.133140,-0.011138,0.174261,0.000000,3.195662,-0.008740,0.000000,0.000000
1285.0,0.261799,0.258894,0.123248,-0.009282,0.174302,0.000000,3.195664,0.005666,-0.000155,0.000000
1290.0,0.261799,0.259099,0.312106,-0.020015,0.162036,0.000000,3.195668,0.025127,0.000872,0.000000
1295.0,0.261799,0.259248,0.160835,-0.014963,0.153109,0.000000,3.195670,0.018636,0.000872,0.000000
1300.0,0.261799,0.259272,0.103833,-0.012588,0.151638,0.000000,3.195670,0.008239,0.000000,0.000000
1305.0,0.261799,0.259272,0.109176,-0.010214,0.151645,0.000000,3.195668,-0.020574,0.000155,0.000000
1310.0,0.261799,0.259625,0.137336,-0.016819,0.130445,0.000000,3.195661,-0.020371,-0.000155,0.000000
1315.0,0.261799,0.259646,0.092491,-0.013516,0.129215,0.000000,3.195664,0.014861,0.001744,0.000000
1320.0,0.261799,0.259651,0.088428,-0.013105,0.128927,0.000000,3.195672,0.015094,0.000000,0.000000
1325.0,0.261799,0.259652,0.099885,-0.012176,0.128816,0.000000,3.195666,-0.013996,0.000000,0.000000
1330.0,0.261799,0.259653,0.100226,-0.011659,0.128766,0.000000,3.195665,0.010118,-0.000155,0.000000
1335.0,0.261799,0.259654,0.099960,-0.011142,0.128750,0.000000,3.195667,0.001050,-0.000872,0.000000
1340.0,0.261799,0.259654,0.100727,-0.010731,0.128694,0.000000,3.195662,-0.018499,0.000000,0.000000
1345.0,0.261799,0.259656,0.107103,-0.009285,0.128601,0.000000,3.195663,0.001882,0.000000,0.000000
1350.0,0.261799,0.259990,0.154295,-0.017231,0.108567,0.000000,3.195663,-0.009019,0.000000,0.000000
1355.0,0.261799,0.260024,0.074620,-0.012588,0.106536,0.000000,3.195664,-0.000044,0.000000,0.000000
1360.0,0.261799,0.260030,0.078797,-0.011659,0.106146,0.000000,3.195667,0.005337,-0.000155,0.000000
1365.0,0.261799,0.260145,0.267647,-0.021460,0.099269,0.000000,3.195667,-0.001752,0.000872,0.000000
1370.0,0.261799,0.260391,0.074202,-0.016303,0.084472,0.000000,3.195667,0.003509,0.000000,0.000000
1375.0,0.261799,0.260404,0.059640,-0.014029,0.083737,0.000000,3.195666,-0.000512,0.000000,0.000000
1380.0,0.261799,0.260408,0.060329,-0.013516,0.083486,0.000000,3.195665,-0.005735,0.000000,0.000000
1385.0,0.261799,0.260409,0.054059,-0.013516,0.083420,0.000000,3.195667,0.004574,0.000155,0.000000
1390.0,0.261799,0.260411,0.064116,-0.013516,0.083326,0.000000,3.195664,-0.011310,0.000000,0.000000
1395.0,0.261799,0.260411,0.070801,-0.013516,0.083315,0.000000,3.195664,-0.002517,0.000000,0.000000
1400.0,0.261799,0.260411,0.065679,-0.012588,0.083292,0.000000,3.195665,0.001542,0.000000,0.000000
1405.0,0.261799,0.260412,0.076702,-0.012268,0.083265,0.000000,3.195667,0.005115,0.000310,0.000000
1410.0,0.261799,0.260411,0.071566,-0.011146,0.083275,0.000000,3.195667,-0.001231,-0.000155,0.000000
1415.0,0.261799,0.260412,0.087473,-0.012075,0.083227,0.000000,3.195665,-0.003297,0.000000,0.000000
1420.0,0.261799,0.260678,0.215357,-0.020530,0.067297,0.000000,3.195666,0.006674,0.000000,0.000000
1425.0,0.261799,0.260772,0.069230,-0.014956,0.061617,0.000000,3.195669,0.009275,0.000000,0.000000
1430.0,0.261799,0.260786,0.038233,-0.013516,0.060815,0.000000,3.195666,-0.004215,0.000000,0.000000
1435.0,0.261799,0.260788,0.051056,-0.013935,0.060689,0.000000,3.195664,-0.021852,0.000872,0.000000
1440.0,0.261799,0.260788,0.051112,-0.012587,0.060681,0.000000,3.195664,-0.005937,0.000000,0.000000
1445.0,0.261799,0.260788,0.047452,-0.013006,0.060668,0.000000,3.195664,-0.003457,0.000000,0.000000
1450.0,0.261799,0.260789,0.047719,-0.012587,0.060596,0.000000,3.195665,-0.000136,0.000000,0.000000
1455.0,0.261799,0.260789,0.052853,-0.012587,0.060604,0.000000,3.195667,0.013316,0.000000,0.000000
1460.0,0.261799,0.260791,0.056364,-0.012587,0.060491,0.000000,3.195669,0.016008,0.000000,0.000000
1465.0,0.261799,0.260790,0.050870,-0.011658,0.060548,0.000000,3.195669,0.001145,0.000000,0.000000
1470.0,0.261799,0.260790,0.049729,-0.011658,0.060541,0.000000,3.195668,-0.007629,-0.000872,0.000000
1475.0,0.261799,0.261056,0.193497,-0.020529,0.044628,0.000000,3.195661,-0.024706,0.000000,0.000000
1480.0,0.261799,0.261161,0.028011,-0.015375,0.038320,0.000000,3.195661,-0.015822,-0.000155,0.000000
1485.0,0.261799,0.261165,0.022603,-0.014446,0.038082,0.000000,3.195663,0.008781,0.000000,0.000000
1490.0,0.261799,0.261167,0.015270,-0.014866,0.037968,0.000000,3.195668,0.011535,0.000000,0.000000
1495.0,0.261799,0.261165,0.020448,-0.013516,0.038037,0.000000,3.195669,0.008567,-0.000155,0.000000
1500.0,0.261799,0.261167,0.017358,-0.014446,0.037943,0.000000,3.195664,-0.012452,0.000000,0.000000
1505.0,0.261799,0.261167,0.015934,-0.013516,0.037946,0.000000,3.195663,-0.008798,0.000000,0.000000
1510.0,0.261799,0.261168,0.027188,-0.013516,0.037878,0.000000,3.195665,0.001306,0.000000,0.000000
1515.0,0.261799,0.261169,0.037512,-0.013516,0.037792,0.000000,3.195667,0.017579,-0.000872,0.000000
1520.0,0.261799,0.261169,0.025777,-0.013516,0.037837,0.000000,3.195666,0.000491,0.000000,0.000000
1525.0,0.261799,0.261167,0.018990,-0.012587,0.037925,0.000000,3.195666,0.002551,0.000155,0.000000
1530.0,0.261799,0.261169,0.027334,-0.013008,0.037816,0.000000,3.195666,0.002209,0.000155,0.000000
1535.0,0.261799,0.261168,0.026904,-0.012675,0.037869,0.000000,3.195667,0.004063,0.000155,0.000000
1540.0,0.261799,0.261170,0.036176,-0.012587,0.037760,0.000000,3.195663,-0.013696,0.000155,0.000000
1545.0,0.261799,0.261169,0.035197,-0.012167,0.037835,0.000000,3.195665,0.007401,0.000000,0.000000
1550.0,0.261799,0.261169,0.030833,-0.012079,0.037814,0.000000,3.195667,0.004723,0.000000,0.000000
1555.0,0.261799,0.261170,0.047113,-0.012587,0.037735,0.000000,3.195665,-0.007721,0.000000,0.000000
1560.0,0.261799,0.261170,0.044237,-0.011238,0.037785,0.000000,3.195660,-0.010863,0.000000,0.000000
1565.0,0.261799,0.261170,0.033415,-0.011658,0.037773,0.000000,3.195664,0.005697,0.000155,0.000000
1570.0,0.261799,0.261170,0.045546,-0.011658,0.037748,0.000000,3.195667,0.005156,0.000000,0.000000
1575.0,0.261799,0.261170,0.033235,-0.011151,0.037780,0.000000,3.195667,0.002924,0.000000,0.000000
1580.0,0.261799,0.261520,0.048817,-0.017656,0.016778,0.000000,3.195669,0.015651,0.000000,0.000000
1585.0,0.261799,0.261540,0.004891,-0.014952,0.015548,0.000000,3.195668,0.007828,0.000310,0.000000
1590.0,0.261799,0.261545,-0.005276,-0.015375,0.015253,0.000000,3.195669,0.013141,0.000000,0.000000
1595.0,0.261799,0.261543,-0.005252,-0.014445,0.015373,0.000000,3.195667,0.004695,0.000000,0.000000
1600.0,0.261799,0.261545,0.008729,-0.013093,0.015272,0.000000,3.195665,-0.003549,0.000000,0.000000
1605.0,0.261799,0.261545,-0.002097,-0.013939,0.015278,0.000000,3.195662,-0.014903,-0.000155,0.000000
1610.0,0.261799,0.261546,0.004550,-0.014445,0.015222,0.000000,3.195662,-0.012247,0.000000,0.000000
1615.0,0.261799,0.261546,0.008920,-0.014445,0.015224,0.000000,3.195667,0.020922,0.000000,0.000000
1620.0,0.261799,0.261546,-0.003735,-0.015797,0.015196,0.000000,3.195668,0.002599,0.000000,0.000000
1625.0,0.261799,0.261545,0.003151,-0.013939,0.015235,0.000000,3.195666,-0.001487,0.000000,0.000000
1630.0,0.261799,0.261547,0.006816,-0.014445,0.015162,0.000000,3.195661,-0.016843,0.000000,0.000000
1635.0,0.261799,0.261547,0.012695,-0.014445,0.015140,0.000000,3.195662,-0.004953,0.000000,0.000000
1640.0,0.261799,0.261547,0.011347,-0.013939,0.015162,0.000000,3.195666,0.009089,0.000000,0.000000
1645.0,0.261799,0.261546,0.010314,-0.013516,0.015197,0.000000,3.195668,0.010943,0.000000,0.000000
1650.0,0.261799,0.261547,0.009920,-0.013939,0.015129,0.000000,3.195668,0.004037,-0.000155,0.000000
1655.0,0.261799,0.261548,0.013440,-0.014023,0.015094,0.000000,3.195665,-0.007904,0.000000,0.000000
1660.0,0.261799,0.261547,0.005515,-0.013939,0.015154,0.000000,3.195665,0.000945,0.000000,0.000000
1665.0,0.261799,0.261547,0.014574,-0.013939,0.015121,0.000000,3.195665,-0.007025,0.000000,0.000000
1670.0,0.261799,0.261548,0.002853,-0.014023,0.015087,0.000000,3.195663,-0.019225,-0.000717,0.000000
1675.0,0.261799,0.261547,0.007676,-0.013516,0.015160,0.000000,3.195663,0.009256,-0.000717,0.000000
1680.0,0.261799,0.261547,0.018608,-0.013516,0.015113,0.000000,3.195666,0.002225,-0.000872,0.000000
1685.0,0.261799,0.261548,0.013156,-0.013093,0.015088,0.000000,3.195667,-0.004520,-0.000872,0.000000
1690.0,0.261799,0.261547,0.008379,-0.013516,0.015140,0.000000,3.195666,-0.003907,-0.001027,0.000000
1695.0,0.261799,0.261547,0.008638,-0.013010,0.015160,0.000000,3.195668,0.033030,0.000000,0.000000
1700.0,0.261799,0.261548,0.009745,-0.013516,0.015101,0.000000,3.195672,0.018055,0.000000,0.000000
1705.0,0.261799,0.261547,0.015940,-0.013010,0.015137,0.000000,3.195668,-0.016247,-0.000717,0.000000
1710.0,0.261799,0.261548,0.016691,-0.013093,0.015090,0.000000,3.195660,-0.020028,0.000000,0.000000
1715.0,0.261799,0.261548,0.004994,-0.012587,0.015106,0.000000,3.195662,-0.001175,-0.000155,0.000000
1720.0,0.261799,0.261750,0.190253,-0.023235,0.002963,0.000000,3.195668,0.020882,0.000717,0.000000
1725.0,0.261799,0.261897,0.034865,-0.018667,-0.005870,0.000000,3.195673,0.033418,-0.000717,0.000000
1730.0,0.261799,0.261921,-0.012709,-0.016304,-0.007280,0.000000,3.195671,0.002883,-0.001027,0.000000
1735.0,0.261799,0.261921,-0.018988,-0.016304,-0.007322,0.000000,3.195668,-0.003104,0.000155,0.000000
1740.0,0.261799,0.261922,-0.017031,-0.016304,-0.007344,0.000000,3.195663,-0.002015,0.000872,0.000000
1745.0,0.261799,0.261923,-0.022299,-0.016727,-0.007399,0.000000,3.195662,-0.014676,-0.000872,0.000000
1750.0,0.261799,0.261573,-0.035994,-0.011235,0.013579,0.000000,3.195666,0.001650,-0.000872,0.000000
1755.0,0.261799,0.261553,0.014258,-0.013010,0.014793,0.000000,3.195666,-0.003882,0.001744,0.000000
1760.0,0.261799,0.261549,0.010792,-0.013516,0.015029,0.000000,3.195669,0.020318,0.000872,0.000000
1765.0,0.261799,0.261549,0.026243,-0.012587,0.015045,0.000000,3.195668,-0.001024,0.000000,0.000000
1770.0,0.261799,0.261548,0.014837,-0.012587,0.015083,0.000000,3.195661,-0.025069,0.000000,0.000000
1775.0,0.261799,0.261549,0.022385,-0.012586,0.015010,0.000000,3.195662,-0.007977,-0.001744,0.000000
1780.0,0.261799,0.262101,0.208278,-0.029317,-0.018091,0.000000,3.195661,-0.019204,0.000000,0.000000
1785.0,0.261799,0.262269,0.004385,-0.021881,-0.028152,0.000000,3.195661,-0.032209,0.000000,0.000000
1790.0,0.261799,0.262295,-0.050169,-0.020524,-0.029758,0.000000,3.195663,0.001646,0.000000,0.000000
1795.0,0.261799,0.262295,-0.049882,-0.020022,-0.029764,0.000000,3.195665,0.007337,0.000000,0.000000
1800.0,0.261799,0.261851,-0.277163,-0.012164,-0.003095,0.000000,3.195670,0.025872,0.000310,0.000000
1805.0,0.261799,0.261596,-0.061930,-0.010728,0.012204,0.000000,3.195672,0.043976,-0.000872,0.000000
1810.0,0.261799,0.261554,0.027017,-0.013010,0.014749,0.000000,3.195960,0.454982,0.000000,0.000000
1815.0,0.261799,0.261551,0.025321,-0.013939,0.014897,0.000000,3.196126,0.496823,0.000000,0.000000
1820.0,0.261799,0.261550,0.030960,-0.012503,0.014960,0.000000,3.196129,0.181714,0.000000,0.000000
1825.0,0.261799,0.261551,0.021077,-0.013516,0.014897,0.000000,3.196083,-0.015861,0.000000,0.000000
1830.0,0.261799,0.261550,0.025130,-0.013010,0.014977,0.000000,3.196026,-0.141408,0.001176,0.000000
1835.0,0.261799,0.261815,0.163892,-0.022385,-0.000930,0.000000,3.196015,-0.133325,0.000000,0.000000
1840.0,0.261799,0.262122,0.202908,-0.026101,-0.019355,0.000000,3.196027,-0.043820,0.000000,0.000000
1845.0,0.261799,0.262273,-0.005863,-0.021881,-0.028431,0.000000,3.196043,0.023768,-0.000153,0.000000
1850.0,0.261799,0.262295,-0.043054,-0.020022,-0.029762,0.000000,3.196053,0.001319,-0.000719,0.000000
1855.0,0.261799,0.262185,-0.242015,-0.010223,-0.023119,0.000000,3.196051,-0.000157,0.000000,0.000000
1860.0,0.261799,0.261673,-0.186612,-0.005576,0.007601,0.000000,3.196047,-0.022074,0.000000,0.000000
1865.0,0.261799,0.261567,0.000107,-0.012587,0.013935,0.000000,3.196043,-0.023293,-0.000153,0.000000
1870.0,0.261799,0.261552,0.031052,-0.013516,0.014829,0.000000,3.196049,0.001356,-0.000871,0.000000
1875.0,0.261799,0.261552,0.017855,-0.012587,0.014867,0.000000,3.196052,0.009817,0.000000,0.000000
1880.0,0.261799,0.261550,0.021270,-0.013516,0.014935,0.000000,3.196050,-0.000364,0.000000,0.000000
1885.0,0.261799,0.261550,0.026186,-0.012164,0.014965,0.000000,3.196049,-0.003720,0.000000,0.000000
1890.0,0.261799,0.261814,0.168391,-0.022385,-0.000905,0.000000,3.196048,-0.003697,0.000000,0.000000
1895.0,0.261799,0.262217,0.114677,-0.026101,-0.025032,0.000000,3.196052,0.017589,0.000000,0.000000
1900.0,0.261799,0.262295,-0.040881,-0.021454,-0.029715,0.000000,3.196047,-0.009370,0.000871,0.000000
1905.0,0.261799,0.262297,-0.040702,-0.020951,-0.029873,0.000000,3.196047,-0.008477,-0.000566,0.000000
1910.0,0.261799,0.262033,-0.187705,-0.010728,-0.014008,0.000000,3.196046,-0.008052,0.000000,0.000000
1915.0,0.261799,0.261631,-0.133896,-0.008363,0.010087,0.000000,3.196046,-0.011199,-0.000719,0.000000
1920.0,0.261799,0.261222,-0.030495,-0.006083,0.034658,0.000000,3.196049,0.007503,0.000000,0.000000
1925.0,0.261799,0.261184,0.050744,-0.009800,0.036893,0.000000,3.196050,0.009016,0.000000,0.000000
1930.0,0.261799,0.261289,0.240115,-0.009293,0.030597,0.000000,3.196051,0.007839,0.000000,0.000000
1935.0,0.261799,0.261712,0.281410,-0.025599,0.005257,0.000000,3.196053,0.013114,0.000000,0.000000
1940.0,0.261799,0.262262,0.013689,-0.024669,-0.027757,0.000000,3.196050,-0.005943,0.001590,0.000000
1945.0,0.261799,0.262292,-0.040910,-0.020951,-0.029576,0.000000,3.196052,0.015545,0.000000,0.000000
1950.0,0.261799,0.262298,-0.043999,-0.020951,-0.029921,0.000000,3.196052,0.003146,0.000000,0.000000
1955.0,0.261799,0.262298,-0.038196,-0.020951,-0.029939,0.000000,3.196048,-0.008806,0.000000,0.000000
1960.0,0.261799,0.262184,-0.234548,-0.020526,-0.023074,0.000000,3.196049,0.010675,0.000153,0.000000
1965.0,0.261799,0.261700,-0.236203,-0.005153,0.005960,0.000000,3.196050,-0.000248,0.000000,0.000000
1970.0,0.261799,0.261253,-0.075897,-0.004646,0.032784,0.000000,3.196043,-0.043690,-0.000871,0.000000
1975.0,0.261799,0.261187,0.039823,-0.008871,0.036712,0.000000,3.196043,-0.012129,0.001742,0.000000
1980.0,0.261799,0.261291,0.254777,-0.009715,0.030481,0.000000,3.196053,0.017342,0.000000,0.000000
1985.0,0.261799,0.261713,0.285258,-0.025677,0.005203,0.000000,3.196052,0.006840,-0.000871,0.000000
1990.0,0.261799,0.262245,0.049020,-0.025599,-0.026731,0.000000,3.196047,-0.026970,-0.001024,0.000000
1995.0,0.261799,0.262290,-0.045952,-0.020524,-0.029469,0.000000,3.196044,-0.016222,0.000000,0.000000
2000.0,0.261799,0.262297,-0.043470,-0.020951,-0.029880,0.000000,3.196046,-0.011361,-0.000871,0.000000
2005.0,0.261799,0.262299,-0.042913,-0.020951,-0.029953,0.000000,3.196048,0.003400,0.000000,0.000000
2010.0,0.261799,0.262096,-0.212644,-0.010223,-0.017821,0.000000,3.196051,0.012790,0.000000,0.000000
2015.0,0.261799,0.261643,-0.141220,-0.008870,0.009384,0.000000,3.196052,0.011663,-0.000153,0.000000
2020.0,0.261799,0.261556,0.016490,-0.013516,0.014600,0.000000,3.196049,-0.003654,0.000000,0.000000
2025.0,0.261799,0.261553,0.032560,-0.014445,0.014809,0.000000,3.196052,0.010594,0.000000,0.000000
2030.0,0.261799,0.261551,0.019562,-0.014445,0.014913,0.000000,3.196050,0.002578,0.000153,0.000000
2035.0,0.261799,0.261550,0.018930,-0.013939,0.014951,0.000000,3.196052,0.012542,0.000000,0.000000
2040.0,0.261799,0.261549,0.022002,-0.013516,0.014997,0.000000,3.196049,-0.001790,0.000871,0.000000
2045.0,0.261799,0.261970,0.297898,-0.031678,-0.010237,0.000000,3.196046,-0.020525,0.000000,0.000000
2050.0,0.261799,0.262280,-0.011283,-0.022810,-0.028819,0.000000,3.196046,-0.003873,0.000305,0.000000
2055.0,0.261799,0.262295,-0.037643,-0.020524,-0.029733,0.000000,3.196048,-0.000688,0.000000,0.000000
2060.0,0.261799,0.262301,-0.031708,-0.021454,-0.030098,0.000000,3.196048,-0.008494,0.000000,0.000000
2065.0,0.261799,0.262186,-0.226797,-0.011153,-0.023214,0.000000,3.196049,0.011386,0.000000,0.000000
2070.0,0.261799,0.261605,-0.083758,-0.007011,0.011637,0.000000,3.196049,-0.000527,0.000000,0.000000
2075.0,0.261799,0.261559,0.012991,-0.013939,0.014443,0.000000,3.196049,0.002637,0.000000,0.000000
2080.0,0.261799,0.261551,0.019494,-0.014445,0.014883,0.000000,3.196050,-0.007940,-0.000871,0.000000
2085.0,0.261799,0.261551,0.039078,-0.014445,0.014886,0.000000,3.196049,-0.009752,0.000000,0.000000
2090.0,0.261799,0.261550,0.011827,-0.014445,0.014967,0.000000,3.196048,-0.016649,-0.000871,0.000000
2095.0,0.261799,0.261663,0.210036,-0.024668,0.008172,0.000000,3.196046,-0.006177,0.000000,0.000000
2100.0,0.261799,0.262244,0.079599,-0.026101,-0.026658,0.000000,3.196049,0.007998,0.000153,0.000000
2105.0,0.261799,0.262290,-0.043503,-0.020951,-0.029444,0.000000,3.196051,0.008533,0.000871,0.000000
2110.0,0.261799,0.262300,-0.027612,-0.020951,-0.030051,0.000000,3.196054,0.024337,0.000000,0.000000
2115.0,0.261799,0.262301,-0.035946,-0.020951,-0.030128,0.000000,3.196051,-0.000449,0.000000,0.000000
2120.0,0.261799,0.261790,-0.321913,-0.001859,0.000572,0.000000,3.196048,-0.007386,0.000000,0.000000
2125.0,0.261799,0.261583,-0.037757,-0.011658,0.013009,0.000000,3.196045,-0.013426,-0.000153,0.000000
2130.0,0.261799,0.261552,0.014103,-0.014445,0.014825,0.000000,3.196047,-0.009204,0.000000,0.000000
2135.0,0.261799,0.261551,0.020053,-0.014445,0.014918,0.000000,3.196047,-0.002514,0.000000,0.000000
2140.0,0.261799,0.261551,0.021566,-0.014952,0.014920,0.000000,3.196052,0.024942,0.000871,0.000000
2145.0,0.261799,0.261549,0.022800,-0.014023,0.014999,0.000000,3.196055,0.010546,0.000000,0.000000
2150.0,0.261799,0.262060,0.284066,-0.034467,-0.015648,0.000000,3.196050,-0.012730,-0.000153,0.000000
2155.0,0.261799,0.262264,0.019305,-0.023313,-0.027907,0.000000,3.196045,-0.024223,0.000000,0.000000
2160.0,0.261799,0.262297,-0.027632,-0.020524,-0.029864,0.000000,3.196043,-0.019725,-0.000153,0.000000
2165.0,0.261799,0.262301,-0.032625,-0.021454,-0.030071,0.000000,3.196045,-0.012265,0.000153,0.000000
2170.0,0.261799,0.262303,-0.021166,-0.020951,-0.030223,0.000000,3.196049,0.010698,0.000000,0.000000
2175.0,0.261799,0.261878,-0.343330,-0.003717,-0.004728,0.000000,3.196054,0.024457,0.000000,0.000000
2180.0,0.261799,0.261569,-0.000321,-0.012587,0.013840,0.000000,3.196052,-0.001803,0.000000,0.000000
2185.0,0.261799,0.261553,0.017522,-0.014445,0.014768,0.000000,3.196049,-0.006000,0.000000,0.000000
2190.0,0.261799,0.261550,0.018861,-0.014445,0.014972,0.000000,3.196052,0.029954,0.001024,0.000000
2195.0,0.261799,0.261550,0.020970,-0.014445,0.014958,0.000000,3.196053,0.008815,0.000000,0.000000
2200.0,0.261799,0.261550,0.027018,-0.014445,0.014976,0.000000,3.196050,-0.004952,-0.000153,0.000000
2205.0,0.261799,0.261752,0.203639,-0.023739,0.002823,0.000000,3.196047,-0.012218,-0.000719,0.000000
2210.0,0.261799,0.261915,0.002166,-0.018588,-0.006917,0.000000,3.196045,-0.003372,0.000871,0.000000
2215.0,0.261799,0.261921,-0.012835,-0.018163,-0.007310,0.000000,3.196047,-0.014885,-0.000153,0.000000
2220.0,0.261799,0.261923,-0.015067,-0.017738,-0.007415,0.000000,3.196048,0.000679,0.000000,0.000000
2225.0,0.261799,0.261924,-0.014957,-0.017658,-0.007474,0.000000,3.196049,0.005883,0.000000,0.000000
2230.0,0.261799,0.261924,-0.013289,-0.018163,-0.007462,0.000000,3.196050,0.006459,0.000000,0.000000
2235.0,0.261799,0.261923,-0.017122,-0.017738,-0.007421,0.000000,3.196051,0.030144,0.000000,0.000000
2240.0,0.261799,0.261925,-0.005906,-0.018588,-0.007551,0.000000,3.196050,-0.010690,0.000000,0.000000
2245.0,0.261799,0.261924,-0.005471,-0.018667,-0.007508,0.000000,3.196048,-0.002209,0.000000,0.000000
2250.0,0.261799,0.261925,-0.014038,-0.018163,-0.007537,0.000000,3.196047,-0.008870,0.000000,0.000000
2255.0,0.261799,0.261810,-0.198613,-0.007434,-0.000669,0.000000,3.196047,-0.008523,0.000000,0.000000
2260.0,0.261799,0.261564,-0.009825,-0.013093,0.014125,0.000000,3.196048,0.001835,-0.000153,0.000000
2265.0,0.261799,0.261552,0.009087,-0.014445,0.014817,0.000000,3.196050,0.008204,0.000871,0.000000
2270.0,0.261799,0.261550,0.020897,-0.014952,0.014945,0.000000,3.196051,-0.007283,-0.000153,0.000000
2275.0,0.261799,0.261550,0.015937,-0.013939,0.014981,0.000000,3.196048,-0.008572,0.000871,0.000000
2280.0,0.261799,0.261816,0.164776,-0.024243,-0.000982,0.000000,3.196048,-0.005175,0.000000,0.000000
2285.0,0.261799,0.262175,0.159868,-0.029317,-0.022529,0.000000,3.196048,-0.004970,0.000871,0.000000
2290.0,0.261799,0.262294,-0.029982,-0.022383,-0.029653,0.000000,3.196050,0.004857,0.000000,0.000000
2295.0,0.261799,0.262301,-0.023576,-0.021881,-0.030082,0.000000,3.196050,0.000038,0.000000,0.000000
2300.0,0.261799,0.262035,-0.192701,-0.012082,-0.014133,0.000000,3.196046,-0.030670,-0.000871,0.000000
2305.0,0.261799,0.261736,-0.211512,-0.007941,0.003791,0.000000,3.196043,-0.037837,-0.000153,0.000000
2310.0,0.261799,0.261560,0.009663,-0.013516,0.014350,0.000000,3.196047,0.000725,0.000153,0.000000
2315.0,0.261799,0.261550,0.014344,-0.014445,0.014940,0.000000,3.196050,0.011209,0.000000,0.000000
2320.0,0.261799,0.261549,0.019121,-0.014445,0.014999,0.000000,3.196051,0.000823,0.000000,0.000000
2325.0,0.261799,0.261551,0.026935,-0.015375,0.014899,0.000000,3.196050,0.012704,0.000871,0.000000
2330.0,0.261799,0.261550,0.022333,-0.014445,0.014960,0.000000,3.196054,0.027364,0.000000,0.000000
2335.0,0.261799,0.261550,0.024024,-0.014868,0.014956,0.000000,3.196054,0.011105,0.000000,0.000000
2340.0,0.261799,0.261856,0.107690,-0.024243,-0.003426,0.000000,3.196047,-0.016285,0.000000,0.000000
2345.0,0.261799,0.261913,-0.003430,-0.018163,-0.006847,0.000000,3.196046,-0.010896,0.000000,0.000000
2350.0,0.261799,0.261922,-0.019845,-0.018163,-0.007378,0.000000,3.196047,-0.003223,0.000000,0.000000
2355.0,0.261799,0.261923,-0.014611,-0.018163,-0.007444,0.000000,3.196048,-0.007703,0.000000,0.000000
2360.0,0.261799,0.261924,-0.015995,-0.019092,-0.007467,0.000000,3.196044,-0.017941,-0.000153,0.000000
2365.0,0.261799,0.261924,-0.011049,-0.017738,-0.007467,0.000000,3.196046,-0.004025,0.000000,0.000000
2370.0,0.261799,0.261923,-0.018899,-0.018163,-0.007439,0.000000,3.196054,0.003410,-0.001742,0.000000
2375.0,0.261799,0.261924,-0.010576,-0.017738,-0.007451,0.000000,3.196052,-0.001686,-0.000871,0.000000
2380.0,0.261799,0.261925,-0.006881,-0.018163,-0.007526,0.000000,3.196051,0.013936,0.000000,0.000000
2385.0,0.261799,0.261923,-0.014879,-0.018667,-0.007440,0.000000,3.196055,0.040896,-0.001742,0.000000
2390.0,0.261799,0.261923,-0.021965,-0.019092,-0.007437,0.000000,3.196051,0.003701,0.000000,0.000000
2395.0,0.261799,0.261924,-0.003284,-0.019172,-0.007478,0.000000,3.196049,-0.007600,0.000000,0.000000
2400.0,0.261799,0.261924,-0.010500,-0.018667,-0.007505,0.000000,3.196044,-0.018175,0.000000,0.000000
2405.0,0.261799,0.261924,-0.014971,-0.018667,-0.007469,0.000000,3.196043,-0.018602,-0.001024,0.000000
2410.0,0.261799,0.261924,-0.014841,-0.018667,-0.007483,0.000000,3.196049,0.011372,0.000000,0.000000
2415.0,0.261799,0.261924,-0.003979,-0.018588,-0.007505,0.000000,3.196049,0.003322,0.000000,0.000000
2420.0,0.261799,0.261592,-0.051568,-0.010728,0.012460,0.000000,3.196055,0.018557,0.000000,0.000000
2425.0,0.261799,0.261556,0.002013,-0.014362,0.014597,0.000000,3.196052,0.001599,0.000000,0.000000
2430.0,0.261799,0.261551,0.028262,-0.015375,0.014888,0.000000,3.196044,-0.023355,0.000000,0.000000
2435.0,0.261799,0.261551,0.017451,-0.014870,0.014897,0.000000,3.196045,-0.009403,0.000000,0.000000
2440.0,0.261799,0.262013,0.228257,-0.021454,-0.012832,0.000000,3.196046,-0.016515,-0.000153,0.000000
2445.0,0.261799,0.262254,0.050755,-0.025172,-0.027262,0.000000,3.196047,0.001044,0.000000,0.000000
2450.0,0.261799,0.262301,-0.016396,-0.021881,-0.030080,0.000000,3.196053,0.023700,0.000000,0.000000
2455.0,0.261799,0.262305,-0.009172,-0.022308,-0.030338,0.000000,3.196054,0.016887,0.000000,0.000000
2460.0,0.261799,0.262101,-0.219103,-0.012586,-0.018085,0.000000,3.196048,-0.006924,0.000871,0.000000
2465.0,0.261799,0.261529,-0.341862,0.000929,0.016201,0.000000,3.196044,-0.021653,0.000000,0.000000
2470.0,0.261799,0.261195,0.025180,-0.008871,0.036251,0.000000,3.196047,0.002085,0.000000,0.000000
2475.0,0.261799,0.261180,0.058888,-0.011150,0.037181,0.000000,3.196051,0.015400,0.000000,0.000000
2480.0,0.261799,0.261175,0.050921,-0.011150,0.037433,0.000000,3.196053,0.025388,0.000871,0.000000
2485.0,0.261799,0.261378,0.244803,-0.020951,0.025275,0.000000,3.196051,-0.007942,0.000000,0.000000
2490.0,0.261799,0.261889,0.044621,-0.022305,-0.005404,0.000000,3.196050,0.015799,0.000000,0.000000
2495.0,0.261799,0.261916,-0.009839,-0.018163,-0.007022,0.000000,3.196052,0.008422,0.000000,0.000000
2500.0,0.261799,0.261922,-0.018152,-0.017658,-0.007346,0.000000,3.196052,0.003753,0.000000,0.000000
2505.0,0.261799,0.261922,-0.021845,-0.018163,-0.007364,0.000000,3.196049,-0.008590,0.000000,0.000000
2510.0,0.261799,0.261923,-0.016582,-0.018163,-0.007408,0.000000,3.196047,0.001333,0.000000,0.000000
2515.0,0.261799,0.261923,-0.017346,-0.017738,-0.007390,0.000000,3.196048,0.000123,0.000000,0.000000
2520.0,0.261799,0.261923,-0.022372,-0.018667,-0.007446,0.000000,3.196047,-0.010955,0.000000,0.000000
2525.0,0.261799,0.261924,-0.002556,-0.019092,-0.007476,0.000000,3.196049,0.003187,0.000000,0.000000
2530.0,0.261799,0.261924,-0.001461,-0.017738,-0.007473,0.000000,3.196049,-0.012336,-0.000871,0.000000
2535.0,0.261799,0.261922,-0.021018,-0.017658,-0.007372,0.000000,3.196049,0.000970,0.000000,0.000000
2540.0,0.261799,0.261925,-0.006080,-0.018588,-0.007519,0.000000,3.196048,-0.015781,-0.000871,0.000000
2545.0,0.261799,0.261924,-0.007796,-0.018163,-0.007503,0.000000,3.196046,-0.009010,0.000000,0.000000
2550.0,0.261799,0.261590,-0.068158,-0.011574,0.012547,0.000000,3.196049,0.017073,0.000871,0.000000
2555.0,0.261799,0.261556,0.017228,-0.014952,0.014629,0.000000,3.196050,0.002582,0.000153,0.000000
2560.0,0.261799,0.261550,0.019405,-0.014445,0.014965,0.000000,3.196052,0.014470,0.000000,0.000000
2565.0,0.261799,0.261549,0.014392,-0.014445,0.015002,0.000000,3.196051,0.008846,0.000000,0.000000
2570.0,0.261799,0.261550,0.021254,-0.014445,0.014965,0.000000,3.196047,-0.010944,0.000000,0.000000
2575.0,0.261799,0.261753,0.214446,-0.024668,0.002797,0.000000,3.196047,-0.005168,0.000000,0.000000
2580.0,0.261799,0.262180,0.140152,-0.029317,-0.022854,0.000000,3.196053,0.016312,0.000000,0.000000
2585.0,0.261799,0.262283,-0.006394,-0.022383,-0.029043,0.000000,3.196053,0.012840,0.000000,0.000000
2590.0,0.261799,0.262302,-0.026083,-0.021881,-0.030155,0.000000,3.196050,-0.006240,0.000000,0.000000
2595.0,0.261799,0.262302,-0.027376,-0.021454,-0.030134,0.000000,3.196046,-0.023451,0.000000,0.000000
2600.0,0.261799,0.261880,-0.330852,-0.013010,-0.004844,0.000000,3.196044,-0.012816,0.000000,0.000000
2605.0,0.261799,0.261599,-0.076655,-0.010729,0.011993,0.000000,3.196048,-0.000644,0.000000,0.000000
2610.0,0.261799,0.261203,0.010613,-0.007433,0.035806,0.000000,3.196055,0.040090,0.000000,0.000000
2615.0,0.261799,0.261179,0.051817,-0.011658,0.037199,0.000000,3.196056,0.017514,0.000000,0.000000
2620.0,0.261799,0.261289,0.240562,-0.011151,0.030615,0.000000,3.196051,-0.006477,0.000000,0.000000
2625.0,0.261799,0.261710,0.277492,-0.027032,0.005334,0.000000,3.196047,-0.018239,0.000000,0.000000
2630.0,0.261799,0.262177,0.135082,-0.029819,-0.022634,0.000000,3.196044,-0.020514,-0.000153,0.000000
2635.0,0.261799,0.262280,-0.009647,-0.022383,-0.028841,0.000000,3.196045,-0.011653,0.000000,0.000000
2640.0,0.261799,0.262299,-0.022344,-0.020524,-0.029978,0.000000,3.196046,-0.027201,-0.001024,0.000000
2645.0,0.261799,0.262303,-0.018282,-0.022308,-0.030218,0.000000,3.196045,-0.010023,0.000153,0.000000
2650.0,0.261799,0.262100,-0.216860,-0.013011,-0.018035,0.000000,3.196048,-0.002647,0.000000,0.000000
2655.0,0.261799,0.261641,-0.157166,-0.007941,0.009506,0.000000,3.196050,0.007136,-0.000871,0.000000
2660.0,0.261799,0.261554,0.020460,-0.013939,0.014706,0.000000,3.196445,0.537431,0.000870,0.000000
2665.0,0.261799,0.261550,0.023789,-0.014952,0.014960,0.000000,3.196534,0.437782,0.000000,0.000000
2670.0,0.261799,0.261548,0.023963,-0.014445,0.015053,0.000000,3.196501,0.121015,0.000870,0.000000
2675.0,0.261799,0.261549,0.009615,-0.014445,0.015049,0.000000,3.196451,-0.065787,0.000000,0.000000
2680.0,0.261799,0.261548,0.014606,-0.014445,0.015058,0.000000,3.196403,-0.154073,0.000000,0.000000
2685.0,0.261799,0.261858,0.108305,-0.022385,-0.003519,0.000000,3.196394,-0.143142,0.000870,0.000000
2690.0,0.261799,0.261919,-0.008667,-0.018163,-0.007170,0.000000,3.196411,-0.035052,0.000000,0.000000
2695.0,0.261799,0.261922,-0.015995,-0.018163,-0.007339,0.000000,3.196427,0.017999,0.001020,0.000000
2700.0,0.261799,0.261923,-0.010505,-0.018163,-0.007414,0.000000,3.196438,0.022515,0.000000,0.000000
2705.0,0.261799,0.261922,-0.018747,-0.018163,-0.007389,0.000000,3.196439,0.023807,0.000000,0.000000
2710.0,0.261799,0.261923,-0.023198,-0.019092,-0.007446,0.000000,3.196434,-0.010785,0.000000,0.000000
2715.0,0.261799,0.261923,-0.023931,-0.018667,-0.007428,0.000000,3.196432,-0.000846,0.000000,0.000000
2720.0,0.261799,0.261924,-0.018297,-0.019092,-0.007451,0.000000,3.196432,-0.004395,0.000000,0.000000
2725.0,0.261799,0.261721,-0.188535,-0.008870,0.004721,0.000000,3.196431,-0.006795,0.000000,0.000000
2730.0,0.261799,0.261559,0.016669,-0.013010,0.014436,0.000000,3.196431,-0.015990,-0.001020,0.000000
2735.0,0.261799,0.261551,0.018382,-0.014952,0.014879,0.000000,3.196429,-0.009744,0.000870,0.000000
2740.0,0.261799,0.261549,0.021924,-0.014445,0.015020,0.000000,3.196432,0.013219,0.000870,0.000000
2745.0,0.261799,0.261550,0.016974,-0.014445,0.014979,0.000000,3.196435,0.011776,0.000000,0.000000
2750.0,0.261799,0.261857,0.111871,-0.024243,-0.003453,0.000000,3.196436,0.014670,0.000000,0.000000
2755.0,0.261799,0.261914,-0.001729,-0.018588,-0.006893,0.000000,3.196435,0.010269,-0.000870,0.000000
2760.0,0.261799,0.261923,-0.016618,-0.018588,-0.007433,0.000000,3.196431,-0.000196,0.000870,0.000000
2765.0,0.261799,0.261923,-0.011983,-0.018163,-0.007410,0.000000,3.196433,-0.002757,0.001741,0.000000
2770.0,0.261799,0.261924,-0.007017,-0.018163,-0.007473,0.000000,3.196434,0.000394,-0.000150,0.000000
2775.0,0.261799,0.261923,-0.010996,-0.018588,-0.007440,0.000000,3.196431,-0.007296,0.000870,0.000000
2780.0,0.261799,0.261923,-0.003624,-0.017738,-0.007440,0.000000,3.196433,0.000405,0.001020,0.000000
2785.0,0.261799,0.261924,-0.011350,-0.018163,-0.007496,0.000000,3.196432,-0.005235,0.000000,0.000000
2790.0,0.261799,0.261810,-0.201048,-0.018163,-0.000617,0.000000,3.196430,-0.006985,0.000870,0.000000
2795.0,0.261799,0.261591,-0.061664,-0.011658,0.012488,0.000000,3.196430,-0.022766,0.000000,0.000000
2800.0,0.261799,0.261553,0.021022,-0.014952,0.014795,0.000000,3.196431,0.006923,-0.000870,0.000000
2805.0,0.261799,0.261550,0.018486,-0.014445,0.014979,0.000000,3.196434,0.008431,0.000000,0.000000
2810.0,0.261799,0.261550,0.027748,-0.013939,0.014952,0.000000,3.196435,0.004225,0.000150,0.000000
2815.0,0.261799,0.261663,0.213419,-0.025093,0.008172,0.000000,3.196435,0.011016,0.000000,0.000000
2820.0,0.261799,0.261910,0.015840,-0.020526,-0.006634,0.000000,3.196432,-0.027012,-0.000870,0.000000
2825.0,0.261799,0.261922,-0.002657,-0.018588,-0.007378,0.000000,3.196429,-0.009542,0.000150,0.000000
2830.0,0.261799,0.261923,-0.013355,-0.018163,-0.007403,0.000000,3.196430,-0.007608,0.000000,0.000000
2835.0,0.261799,0.261923,-0.025296,-0.017738,-0.007442,0.000000,3.196431,0.001160,0.000000,0.000000
2840.0,0.261799,0.261924,-0.019146,-0.018667,-0.007491,0.000000,3.196434,0.006383,0.000000,0.000000
2845.0,0.261799,0.261924,-0.009689,-0.018667,-0.007496,0.000000,3.196434,0.005608,0.000000,0.000000
2850.0,0.261799,0.261924,-0.007239,-0.018588,-0.007492,0.000000,3.196434,0.000239,0.000870,0.000000
2855.0,0.261799,0.261924,-0.010768,-0.018667,-0.007458,0.000000,3.196433,-0.002648,0.000000,0.000000
2860.0,0.261799,0.261924,-0.007433,-0.018588,-0.007476,0.000000,3.196431,-0.008212,0.000000,0.000000
2865.0,0.261799,0.261721,-0.190205,-0.009293,0.004701,0.000000,3.196431,-0.003001,0.000000,0.000000
2870.0,0.261799,0.261559,0.003397,-0.014445,0.014411,0.000000,3.196433,0.007627,0.000000,0.000000
2875.0,0.261799,0.261552,0.022953,-0.014868,0.014856,0.000000,3.196435,0.011700,0.000150,0.000000
2880.0,0.261799,0.261551,0.030959,-0.014445,0.014926,0.000000,3.196434,-0.010535,-0.001020,0.000000
2885.0,0.261799,0.261549,0.020072,-0.014445,0.015010,0.000000,3.196431,-0.006752,0.000000,0.000000
2890.0,0.261799,0.261664,0.204124,-0.015375,0.008097,0.000000,3.196431,-0.008834,0.000000,0.000000
2895.0,0.261799,0.261883,0.063731,-0.020951,-0.005039,0.000000,3.196429,-0.012702,0.000000,0.000000
2900.0,0.261799,0.261920,-0.008015,-0.017313,-0.007251,0.000000,3.196432,0.006434,0.000000,0.000000
2905.0,0.261799,0.261923,-0.018575,-0.018163,-0.007440,0.000000,3.196436,0.006776,0.000000,0.000000
2910.0,0.261799,0.261923,-0.014253,-0.018163,-0.007430,0.000000,3.196436,0.011588,0.000000,0.000000
2915.0,0.261799,0.261925,-0.003557,-0.018163,-0.007510,0.000000,3.196435,0.003249,0.000000,0.000000
2920.0,0.261799,0.261923,-0.011929,-0.018163,-0.007421,0.000000,3.196433,-0.003897,-0.000150,0.000000
2925.0,0.261799,0.261924,-0.014830,-0.017738,-0.007457,0.000000,3.196432,-0.005039,0.000000,0.000000
2930.0,0.261799,0.261924,-0.004411,-0.018163,-0.007499,0.000000,3.196432,-0.003406,0.000000,0.000000
2935.0,0.261799,0.261924,-0.016014,-0.019092,-0.007505,0.000000,3.196432,-0.003143,0.000300,0.000000
2940.0,0.261799,0.261924,-0.001696,-0.018163,-0.007501,0.000000,3.196437,0.024650,0.000000,0.000000
2945.0,0.261799,0.261722,-0.179649,-0.010222,0.004662,0.000000,3.196436,0.005491,0.001741,0.000000
2950.0,0.261799,0.261560,0.001538,-0.014868,0.014377,0.000000,3.196433,-0.006819,0.000000,0.000000
2955.0,0.261799,0.261552,0.030197,-0.015375,0.014838,0.000000,3.196430,-0.011916,0.000000,0.000000
2960.0,0.261799,0.261550,0.023318,-0.015375,0.014935,0.000000,3.196429,-0.008660,0.000870,0.000000
2965.0,0.261799,0.261549,0.033776,-0.014868,0.015024,0.000000,3.196428,-0.017041,-0.000150,0.000000
2970.0,0.261799,0.261549,0.024057,-0.013939,0.015035,0.000000,3.196432,0.004833,0.000000,0.000000
2975.0,0.261799,0.261815,0.163228,-0.023818,-0.000964,0.000000,3.196438,0.038275,0.000000,0.000000
2980.0,0.261799,0.262225,0.092007,-0.027106,-0.025531,0.000000,3.196438,-0.008004,-0.001741,0.000000
2985.0,0.261799,0.262290,-0.005152,-0.022308,-0.029458,0.000000,3.196429,-0.033738,0.000000,0.000000
2990.0,0.261799,0.262302,-0.029848,-0.021881,-0.030136,0.000000,3.196427,-0.022474,0.000000,0.000000
2995.0,0.261799,0.262304,-0.014570,-0.022308,-0.030266,0.000000,3.196429,-0.009898,0.000000,0.000000
3000.0,0.261799,0.261880,-0.336763,-0.013516,-0.004860,0.000000,3.196432,0.003946,0.000000,0.000000
3005.0,0.261799,0.261598,-0.086268,-0.010728,0.012068,0.000000,3.196434,0.008018,0.000870,0.000000
3010.0,0.261799,0.261552,0.005413,-0.015375,0.014850,0.000000,3.196433,-0.004219,0.000000,0.000000
3015.0,0.261799,0.261550,0.016911,-0.015375,0.014958,0.000000,3.196433,0.005103,0.000150,0.000000
3020.0,0.261799,0.261549,0.029399,-0.014445,0.015011,0.000000,3.196436,0.012941,-0.000150,0.000000
3025.0,0.261799,0.261549,0.029849,-0.015375,0.014999,0.000000,3.196434,-0.009770,-0.000150,0.000000
3030.0,0.261799,0.261549,0.020928,-0.014445,0.015045,0.000000,3.196430,-0.005169,0.000150,0.000000
3035.0,0.261799,0.261664,0.204050,-0.026102,0.008120,0.000000,3.196432,0.011253,0.000000,0.000000
3040.0,0.261799,0.261907,0.001851,-0.020951,-0.006489,0.000000,3.196435,0.006861,0.000000,0.000000
3045.0,0.261799,0.261921,-0.004508,-0.019092,-0.007288,0.000000,3.196434,-0.002766,0.000000,0.000000
3050.0,0.261799,0.262275,0.013782,-0.024669,-0.028517,0.000000,3.196431,0.000533,0.000000,0.000000
3055.0,0.261799,0.262298,-0.015871,-0.022308,-0.029941,0.000000,3.196430,-0.004570,0.000000,0.000000
3060.0,0.261799,0.262190,-0.219804,-0.022385,-0.023416,0.000000,3.196430,-0.013611,0.000000,0.000000
3065.0,0.261799,0.261763,-0.282287,-0.006589,0.002164,0.000000,3.196432,0.023346,-0.000870,0.000000
3070.0,0.261799,0.261358,-0.172340,-0.004225,0.026472,0.000000,3.196434,0.011527,0.000300,0.000000
3075.0,0.261799,0.261202,0.005028,-0.009291,0.035811,0.000000,3.196435,0.004187,-0.000870,0.000000
3080.0,0.261799,0.261177,0.051879,-0.011150,0.037345,0.000000,3.196431,-0.005259,0.000000,0.000000
3085.0,0.261799,0.261175,0.054787,-0.010728,0.037488,0.000000,3.196435,0.020369,0.000870,0.000000
3090.0,0.261799,0.261833,0.155466,-0.027456,-0.002005,0.000000,3.196433,-0.007162,0.000000,0.000000
3095.0,0.261799,0.262112,0.180638,-0.029392,-0.018784,0.000000,3.196432,-0.005515,0.000000,0.000000
3100.0,0.261799,0.262288,-0.025048,-0.022810,-0.029292,0.000000,3.196431,-0.004399,0.000000,0.000000
3105.0,0.261799,0.262298,-0.029583,-0.021881,-0.029935,0.000000,3.196432,0.001181,0.000000,0.000000
3110.0,0.261799,0.262188,-0.217998,-0.021880,-0.023330,0.000000,3.196431,-0.007498,0.000870,0.000000
3115.0,0.261799,0.261762,-0.276284,-0.006505,0.002212,0.000000,3.196434,0.006772,0.000000,0.000000
3120.0,0.261799,0.261253,-0.082872,-0.003717,0.032753,0.000000,3.196719,0.425020,0.000000,0.000000
3125.0,0.261799,0.261187,0.041964,-0.011150,0.036757,0.000000,3.196886,0.485312,0.000000,0.000000
3130.0,0.261799,0.261288,0.241487,-0.010728,0.030658,0.000000,3.196898,0.181381,-0.000869,0.000000
3135.0,0.261799,0.261711,0.279396,-0.027960,0.005296,0.000000,3.196849,-0.015159,0.000000,0.000000
3140.0,0.261799,0.262261,0.015692,-0.025599,-0.027682,0.000000,3.196797,-0.105090,0.001739,0.000000
3145.0,0.261799,0.262293,-0.035749,-0.021454,-0.029633,0.000000,3.196790,-0.105074,0.000000,0.000000
3150.0,0.261799,0.262301,-0.015383,-0.020951,-0.030096,0.000000,3.196797,-0.059793,-0.000869,0.000000
3155.0,0.261799,0.262303,-0.030716,-0.021881,-0.030228,0.000000,3.196803,-0.014773,0.000869,0.000000
3160.0,0.261799,0.261650,-0.475836,-0.004734,0.008971,0.000000,3.196815,0.013484,-0.000722,0.000000
3165.0,0.261799,0.261244,-0.089236,-0.006504,0.033309,0.000000,3.196822,0.034064,0.000000,0.000000
3170.0,0.261799,0.261179,0.046640,-0.011150,0.037192,0.000000,3.196820,0.003558,0.000000,0.000000
3175.0,0.261799,0.261175,0.055629,-0.010729,0.037438,0.000000,3.196816,-0.009264,0.000000,0.000000
3180.0,0.261799,0.261288,0.248403,-0.010306,0.030658,0.000000,3.196811,-0.024368,-0.000869,0.000000
3185.0,0.261799,0.261710,0.247915,-0.025093,0.005375,0.000000,3.196811,-0.012246,0.000869,0.000000
3190.0,0.261799,0.262357,0.239844,-0.027030,-0.033479,0.000000,3.196817,0.011895,0.000000,0.000000
3195.0,0.261799,0.262630,0.064709,-0.028389,-0.049853,0.000000,3.196817,-0.007133,0.000000,0.000000
3200.0,0.261799,0.262683,-0.027341,-0.024670,-0.053027,0.000000,3.196819,0.019461,0.000000,0.000000
3205.0,0.261799,0.262368,-0.422630,-0.005576,-0.034130,0.000000,3.196818,-0.002124,0.000000,0.000000
3210.0,0.261799,0.261639,-0.160905,-0.005153,0.009617,0.000000,3.196815,-0.010085,0.000000,0.000000
3215.0,0.261799,0.261253,-0.090787,-0.007521,0.032782,0.000000,3.196815,-0.000012,0.000000,0.000000
3220.0,0.261799,0.261178,0.039634,-0.010729,0.037295,0.000000,3.196816,0.002538,0.000148,0.000000
3225.0,0.261799,0.261175,0.043673,-0.011658,0.037485,0.000000,3.196816,-0.001052,0.000000,0.000000
3230.0,0.261799,0.261438,0.188377,-0.020528,0.021660,0.000000,3.196815,-0.004699,-0.000148,0.000000
3235.0,0.261799,0.261953,0.323512,-0.033462,-0.009209,0.000000,3.196815,-0.017009,0.001739,0.000000
3240.0,0.261799,0.262276,-0.028564,-0.024167,-0.028583,0.000000,3.196817,0.000298,-0.000148,0.000000
3245.0,0.261799,0.262294,-0.046764,-0.021454,-0.029651,0.000000,3.196814,-0.012253,0.000148,0.000000
3250.0,0.261799,0.262299,-0.030758,-0.021026,-0.030007,0.000000,3.196820,0.036546,0.000869,0.000000
3255.0,0.261799,0.262300,-0.029709,-0.021378,-0.030017,0.000000,3.196822,0.017267,0.000000,0.000000
3260.0,0.261799,0.261699,-0.253640,-0.004646,0.006024,0.000000,3.196811,-0.039815,0.000000,0.000000
3265.0,0.261799,0.261261,-0.109270,-0.005995,0.032288,0.000000,3.196808,-0.040571,0.000000,0.000000
3270.0,0.261799,0.261180,0.035756,-0.011658,0.037184,0.000000,3.196812,0.000122,0.000000,0.000000
3275.0,0.261799,0.261175,0.048248,-0.010729,0.037451,0.000000,3.196816,0.008977,0.000000,0.000000
3280.0,0.261799,0.261683,0.312890,-0.029820,0.006958,0.000000,3.196819,0.011091,0.000000,0.000000
3285.0,0.261799,0.262002,0.226451,-0.030246,-0.012136,0.000000,3.196820,0.021179,0.000000,0.000000
3290.0,0.261799,0.262280,-0.012715,-0.023740,-0.028861,0.000000,3.196817,-0.018594,-0.000869,0.000000
3295.0,0.261799,0.262295,-0.043382,-0.021026,-0.029721,0.000000,3.196812,-0.011382,-0.000869,0.000000
3300.0,0.261799,0.262301,-0.036534,-0.021881,-0.030093,0.000000,3.196817,0.016968,0.000000,0.000000
3305.0,0.261799,0.262035,-0.192454,-0.012586,-0.014119,0.000000,3.196818,0.000334,-0.000148,0.000000
3310.0,0.261799,0.261621,-0.117860,-0.008363,0.010677,0.000000,3.196820,0.026883,-0.000148,0.000000
3315.0,0.261799,0.261559,-0.000648,-0.013939,0.014441,0.000000,3.196821,0.023054,0.000000,0.000000
3320.0,0.261799,0.261549,0.017074,-0.014868,0.014994,0.000000,3.196819,0.007548,0.000000,0.000000
3325.0,0.261799,0.261551,0.020942,-0.015375,0.014926,0.000000,3.196814,-0.017785,0.000000,0.000000
3330.0,0.261799,0.261549,0.019223,-0.014952,0.015038,0.000000,3.196811,-0.030781,-0.001017,0.000000
3335.0,0.261799,0.261548,0.021780,-0.014445,0.015060,0.000000,3.196809,-0.032434,0.000869,0.000000
3340.0,0.261799,0.262164,0.173766,-0.030749,-0.021890,0.000000,3.196814,0.005198,0.000000,0.000000
3345.0,0.261799,0.262280,-0.004924,-0.022735,-0.028855,0.000000,3.196817,0.000639,0.000000,0.000000
3350.0,0.261799,0.262300,-0.024891,-0.021454,-0.030048,0.000000,3.196817,0.007380,0.000000,0.000000
3355.0,0.261799,0.262304,-0.022688,-0.021880,-0.030273,0.000000,3.196817,0.007707,0.001591,0.000000
3360.0,0.261799,0.261683,-0.214116,-0.005998,0.006995,0.000000,3.196821,0.013198,-0.000148,0.000000
3365.0,0.261799,0.261566,-0.019054,-0.013516,0.013999,0.000000,3.196818,-0.003693,0.000000,0.000000
3370.0,0.261799,0.261284,-0.135199,-0.005575,0.030944,0.000000,3.196817,-0.005532,-0.000148,0.000000
3375.0,0.261799,0.261190,0.027380,-0.009800,0.036566,0.000000,3.196815,-0.010825,0.001591,0.000000
3380.0,0.261799,0.261290,0.249555,-0.010728,0.030588,0.000000,3.196815,-0.007705,-0.000869,0.000000
3385.0,0.261799,0.261775,0.236787,-0.026528,0.001447,0.000000,3.196813,-0.022120,0.000000,0.000000
3390.0,0.261799,0.262265,0.017333,-0.025172,-0.027925,0.000000,3.196814,0.002973,0.000000,0.000000
3395.0,0.261799,0.262294,-0.028426,-0.021881,-0.029690,0.000000,3.196816,0.005301,0.000000,0.000000
3400.0,0.261799,0.262301,-0.034703,-0.021881,-0.030082,0.000000,3.196816,0.002507,0.000000,0.000000
3405.0,0.261799,0.262302,-0.025177,-0.022308,-0.030152,0.000000,3.196814,-0.009211,0.000000,0.000000
3410.0,0.261799,0.262190,-0.208272,-0.021880,-0.023430,0.000000,3.196814,-0.012629,-0.000148,0.000000
3415.0,0.261799,0.261700,-0.250034,-0.006083,0.005942,0.000000,3.196815,0.011338,-0.000869,0.000000
3420.0,0.261799,0.261206,-0.004285,-0.007013,0.035588,0.000000,3.196816,0.002665,-0.000148,0.000000
3425.0,0.261799,0.261180,0.042625,-0.010729,0.037175,0.000000,3.196817,0.007980,-0.000722,0.000000
3430.0,0.261799,0.261175,0.059879,-0.010729,0.037449,0.000000,3.196815,-0.007515,0.000000,0.000000
3435.0,0.261799,0.261597,0.334034,-0.029315,0.012150,0.000000,3.196815,-0.000362,0.000000,0.000000
3440.0,0.261799,0.262106,0.199270,-0.029744,-0.018389,0.000000,3.196816,0.001893,-0.000148,0.000000
3445.0,0.261799,0.262269,0.011449,-0.023740,-0.028192,0.000000,3.196818,0.007851,0.000000,0.000000
3450.0,0.261799,0.262297,-0.032790,-0.021378,-0.029869,0.000000,3.196817,0.004462,0.000000,0.000000
3455.0,0.261799,0.262300,-0.036594,-0.021454,-0.030064,0.000000,3.196817,0.006146,0.000000,0.000000
3460.0,0.261799,0.261993,-0.143288,-0.012586,-0.011600,0.000000,3.196814,-0.008719,-0.000148,0.000000
3465.0,0.261799,0.261625,-0.120726,-0.010220,0.010448,0.000000,3.196815,0.011245,0.000000,0.000000
3470.0,0.261799,0.261204,0.008202,-0.008362,0.035698,0.000000,3.196821,0.036638,0.000148,0.000000
3475.0,0.261799,0.261179,0.039268,-0.011658,0.037199,0.000000,3.196820,-0.000296,0.000869,0.000000
3480.0,0.261799,0.261287,0.216434,-0.012164,0.030758,0.000000,3.196817,-0.003668,0.000148,0.000000
3485.0,0.261799,0.261710,0.281249,-0.027456,0.005388,0.000000,3.196813,-0.023983,0.000000,0.000000
3490.0,0.261799,0.262244,0.045600,-0.027533,-0.026692,0.000000,3.196811,-0.028603,-0.001017,0.000000
3495.0,0.261799,0.262290,-0.032543,-0.021881,-0.029465,0.000000,3.196814,0.014177,0.000000,0.000000
3500.0,0.261799,0.262300,-0.017968,-0.020951,-0.030060,0.000000,3.196819,0.010840,0.000000,0.000000
3505.0,0.261799,0.262302,-0.031556,-0.021881,-0.030159,0.000000,3.196815,-0.014717,-0.000148,0.000000
3510.0,0.261799,0.261878,-0.330596,-0.012587,-0.004748,0.000000,3.196814,-0.005462,0.000000,0.000000
3515.0,0.261799,0.261598,-0.081820,-0.011658,0.012061,0.000000,3.196813,-0.006303,0.000000,0.000000
3520.0,0.261799,0.261552,0.028609,-0.014445,0.014849,0.000000,3.196820,0.009468,-0.001017,0.000000
3525.0,0.261799,0.261549,0.006485,-0.014868,0.015015,0.000000,3.196818,-0.008417,0.000869,0.000000
3530.0,0.261799,0.261548,0.017045,-0.014529,0.015067,0.000000,3.196817,0.011366,0.001017,0.000000
3535.0,0.261799,0.261548,0.016994,-0.014868,0.015051,0.000000,3.196814,-0.013485,0.000869,0.000000
3540.0,0.261799,0.261548,0.023455,-0.013516,0.015101,0.000000,3.196815,0.014154,0.000000,0.000000
3545.0,0.261799,0.261814,0.168929,-0.025173,-0.000883,0.000000,3.196819,0.014698,0.000000,0.000000
3550.0,0.261799,0.262031,0.186379,-0.019092,-0.013871,0.000000,3.196819,0.016955,0.000000,0.000000
3555.0,0.261799,0.262256,0.040840,-0.024669,-0.027382,0.000000,3.196819,0.006429,0.000000,0.000000
3560.0,0.261799,0.262301,-0.015091,-0.021881,-0.030071,0.000000,3.196816,-0.006480,0.000000,0.000000
3565.0,0.261799,0.262303,-0.032669,-0.021454,-0.030228,0.000000,3.196812,-0.021411,0.000869,0.000000
3570.0,0.261799,0.261660,-0.184951,-0.004646,0.008374,0.000000,3.196815,-0.013952,-0.001017,0.000000
3575.0,0.261799,0.261298,-0.151204,-0.004646,0.030091,0.000000,3.196814,-0.008421,0.000000,0.000000
3580.0,0.261799,0.261181,0.039070,-0.011238,0.037082,0.000000,3.196815,0.003114,0.000000,0.000000
3585.0,0.261799,0.261176,0.050128,-0.011150,0.037383,0.000000,3.196817,0.006786,0.000000,0.000000
3590.0,0.261799,0.261684,0.319271,-0.030749,0.006906,0.000000,3.196817,0.005694,0.000000,0.000000
3595.0,0.261799,0.262155,0.194100,-0.029819,-0.021354,0.000000,3.196815,-0.006331,0.000000,0.000000
3600.0,0.261799,0.262291,-0.025472,-0.022383,-0.029494,0.000000,3.196816,0.003046,0.000000,0.000000
3605.0,0.261799,0.262299,-0.030246,-0.021881,-0.029955,0.000000,3.196816,-0.006795,-0.000148,0.000000
3610.0,0.261799,0.262188,-0.215350,-0.021881,-0.023337,0.000000,3.196817,0.007177,-0.000148,0.000000
3615.0,0.261799,0.261965,-0.103681,-0.015881,-0.009919,0.000000,3.196817,-0.007067,0.000000,0.000000
3620.0,0.261799,0.261575,-0.033820,-0.012080,0.013465,0.000000,3.196813,-0.009462,0.000000,0.000000
3625.0,0.261799,0.261246,-0.081552,-0.006504,0.033195,0.000000,3.196815,0.001687,0.000869,0.000000
3630.0,0.261799,0.261178,0.051855,-0.010729,0.037276,0.000000,3.196820,0.016808,0.000148,0.000000
3635.0,0.261799,0.261176,0.053833,-0.011658,0.037376,0.000000,3.196819,0.007905,0.000000,0.000000
3640.0,0.261799,0.261886,0.433746,-0.027960,-0.005214,0.000000,3.196817,-0.004567,-0.000148,0.000000
3645.0,0.261799,0.262236,0.066030,-0.025599,-0.026171,0.000000,3.196815,-0.005877,0.000000,0.000000
3650.0,0.261799,0.262295,-0.030119,-0.020951,-0.029726,0.000000,3.196816,0.007130,0.000000,0.000000
3655.0,0.261799,0.262299,-0.037950,-0.021881,-0.029996,0.000000,3.196813,-0.021628,-0.000869,0.000000
3660.0,0.261799,0.262302,-0.020776,-0.020951,-0.030177,0.000000,3.196811,-0.018874,-0.000722,0.000000
3665.0,0.261799,0.261879,-0.341137,-0.003801,-0.004792,0.000000,3.196814,0.000560,0.000869,0.000000
3670.0,0.261799,0.261566,-0.020120,-0.012587,0.013996,0.000000,3.196819,0.009524,0.000000,0.000000
3675.0,0.261799,0.261246,-0.065484,-0.007942,0.033225,0.000000,3.196824,0.038021,0.000000,0.000000
3680.0,0.261799,0.261179,0.051356,-0.010729,0.037222,0.000000,3.196823,0.013537,0.000000,0.000000
3685.0,0.261799,0.261289,0.233894,-0.022302,0.030611,0.000000,3.196814,-0.028809,0.000000,0.000000
3690.0,0.261799,0.261912,0.382836,-0.025674,-0.006736,0.000000,3.196810,-0.020948,0.000000,0.000000
3695.0,0.261799,0.262238,0.063522,-0.026026,-0.026345,0.000000,3.196815,0.013367,-0.000869,0.000000
3700.0,0.261799,0.262296,-0.022025,-0.021026,-0.029787,0.000000,3.196816,0.000796,0.000000,0.000000
3705.0,0.261799,0.262301,-0.023840,-0.021881,-0.030094,0.000000,3.196816,-0.000701,-0.000869,0.000000
3710.0,0.261799,0.262302,-0.030156,-0.021880,-0.030180,0.000000,3.196813,-0.007657,0.000000,0.000000
3715.0,0.261799,0.261992,-0.141749,-0.014868,-0.011546,0.000000,3.197106,0.450151,0.000000,0.000000
3720.0,0.261799,0.261270,-0.122046,-0.001858,0.031761,0.000000,3.197300,0.418759,0.000000,0.000000
3725.0,0.261799,0.261188,0.038566,-0.011150,0.036698,0.000000,3.197281,0.176548,0.001592,0.000000
3730.0,0.261799,0.261176,0.040785,-0.012167,0.037395,0.000000,3.197213,-0.070920,0.000145,0.000000
3735.0,0.261799,0.261439,0.189629,-0.020021,0.021617,0.000000,3.197178,-0.145814,-0.000145,0.000000
3740.0,0.261799,0.262198,0.118339,-0.031678,-0.023902,0.000000,3.197167,-0.107307,0.000145,0.000000
3745.0,0.261799,0.262284,-0.018432,-0.022810,-0.029088,0.000000,3.197176,-0.056420,-0.000145,0.000000
3750.0,0.261799,0.262300,-0.029236,-0.022383,-0.030060,0.000000,3.197195,0.010320,0.000000,0.000000
3755.0,0.261799,0.262301,-0.022252,-0.021881,-0.030128,0.000000,3.197202,0.020318,0.000869,0.000000
3760.0,0.261799,0.261922,-0.391908,-0.013516,-0.007358,0.000000,3.197204,0.013142,0.000000,0.000000
3765.0,0.261799,0.261490,-0.280890,-0.000420,0.018579,0.000000,3.197202,0.005527,0.000000,0.000000
3770.0,0.261799,0.261193,0.017625,-0.009800,0.036410,0.000000,3.197198,-0.011759,0.000145,0.000000
3775.0,0.261799,0.261177,0.040875,-0.010729,0.037331,0.000000,3.197197,-0.007409,0.000000,0.000000
3780.0,0.261799,0.261492,0.413029,-0.021376,0.018470,0.000000,3.197201,0.000594,0.000000,0.000000
3785.0,0.261799,0.261970,0.300030,-0.033537,-0.010250,0.000000,3.197200,-0.001916,0.000000,0.000000
3790.0,0.261799,0.262278,-0.006210,-0.022885,-0.028750,0.000000,3.197200,0.011281,0.000869,0.000000
3795.0,0.261799,0.262297,-0.032915,-0.021881,-0.029855,0.000000,3.197202,0.017498,-0.000869,0.000000
3800.0,0.261799,0.262302,-0.028752,-0.022308,-0.030130,0.000000,3.197199,-0.005926,0.000000,0.000000
3805.0,0.261799,0.262302,-0.032628,-0.021455,-0.030187,0.000000,3.197198,-0.006774,0.000000,0.000000
3810.0,0.261799,0.261640,-0.163865,-0.006082,0.009563,0.000000,3.197200,0.003065,0.000000,0.000000
3815.0,0.261799,0.261447,-0.184161,-0.003717,0.021148,0.000000,3.197198,0.003138,0.000000,0.000000
3820.0,0.261799,0.261190,0.024978,-0.009291,0.036555,0.000000,3.197205,0.050250,0.000869,0.000000
3825.0,0.261799,0.261177,0.049550,-0.011150,0.037322,0.000000,3.197208,0.020635,0.000000,0.000000
3830.0,0.261799,0.261553,0.375178,-0.021880,0.014775,0.000000,3.197199,-0.008648,0.000000,0.000000
3835.0,0.261799,0.261981,0.289385,-0.032608,-0.010893,0.000000,3.197196,-0.029640,0.000000,0.000000
3840.0,0.261799,0.262280,-0.001930,-0.023313,-0.028843,0.000000,3.197199,0.010101,0.000000,0.000000
3845.0,0.261799,0.262299,-0.035343,-0.021881,-0.029957,0.000000,3.197198,-0.020005,0.000000,0.000000
3850.0,0.261799,0.262302,-0.028766,-0.021881,-0.030134,0.000000,3.197195,-0.012810,0.000000,0.000000
3855.0,0.261799,0.262303,-0.026761,-0.021455,-0.030191,0.000000,3.197197,-0.003222,0.001737,0.000000
3860.0,0.261799,0.261640,-0.173747,-0.006928,0.009570,0.000000,3.197204,0.014870,0.000000,0.000000
3865.0,0.261799,0.261253,-0.091765,-0.007013,0.032753,0.000000,3.197202,0.000165,0.000000,0.000000
3870.0,0.261799,0.261179,0.052429,-0.010729,0.037215,0.000000,3.197199,-0.008510,0.000000,0.000000
3875.0,0.261799,0.261176,0.042550,-0.011150,0.037424,0.000000,3.197198,-0.005927,0.000000,0.000000
3880.0,0.261799,0.261710,0.273408,-0.028386,0.005355,0.000000,3.197196,-0.014824,0.000000,0.000000
3885.0,0.261799,0.262158,0.178530,-0.028890,-0.021497,0.000000,3.197197,-0.003344,-0.000145,0.000000
3890.0,0.261799,0.262291,-0.029960,-0.022383,-0.029495,0.000000,3.197202,0.017806,-0.000869,0.000000
3895.0,0.261799,0.262299,-0.035757,-0.021454,-0.029985,0.000000,3.197203,0.011286,0.000000,0.000000
3900.0,0.261799,0.262302,-0.026074,-0.021881,-0.030161,0.000000,3.197196,-0.017306,0.000000,0.000000
3905.0,0.261799,0.261921,-0.397781,-0.001942,-0.007322,0.000000,3.197196,-0.008937,-0.000145,0.000000
3910.0,0.261799,0.261570,-0.010311,-0.012587,0.013783,0.000000,3.197198,-0.007987,0.000000,0.000000
3915.0,0.261799,0.261552,0.011988,-0.014868,0.014867,0.000000,3.197199,0.004201,0.001737,0.000000
3920.0,0.261799,0.261549,0.009650,-0.015375,0.015019,0.000000,3.197203,0.000201,0.000000,0.000000
3925.0,0.261799,0.261548,0.015245,-0.015375,0.015097,0.000000,3.197200,-0.002415,-0.000145,0.000000
3930.0,0.261799,0.261548,0.004756,-0.015375,0.015108,0.000000,3.197199,0.000218,0.000000,0.000000
3935.0,0.261799,0.261549,0.011931,-0.014870,0.015040,0.000000,3.197200,0.003343,0.000000,0.000000
3940.0,0.261799,0.262164,0.171763,-0.031678,-0.021876,0.000000,3.197201,0.005939,-0.000145,0.000000
3945.0,0.261799,0.262281,-0.002429,-0.023313,-0.028905,0.000000,3.197201,0.007259,0.000000,0.000000
3950.0,0.261799,0.262302,-0.015985,-0.021881,-0.030177,0.000000,3.197200,-0.001189,0.000000,0.000000
3955.0,0.261799,0.262303,-0.024318,-0.022383,-0.030223,0.000000,3.197202,0.016611,0.000000,0.000000
3960.0,0.261799,0.261761,-0.290068,-0.004224,0.002287,0.000000,3.197201,-0.003319,0.000145,0.000000
3965.0,0.261799,0.261272,-0.138326,-0.004646,0.031638,0.000000,3.197199,-0.008802,0.000000,0.000000
3970.0,0.261799,0.261181,0.044462,-0.011658,0.037081,0.000000,3.197198,-0.008817,0.000000,0.000000
3975.0,0.261799,0.261176,0.044998,-0.011150,0.037413,0.000000,3.197198,-0.007292,0.000000,0.000000
3980.0,0.261799,0.261439,0.194140,-0.021034,0.021601,0.000000,3.197198,-0.004168,0.000000,0.000000
3985.0,0.261799,0.261912,0.375927,-0.035898,-0.006734,0.000000,3.197199,0.001386,0.000000,0.000000
3990.0,0.261799,0.262275,-0.012610,-0.024669,-0.028540,0.000000,3.197202,0.012366,0.000000,0.000000
3995.0,0.261799,0.262294,-0.038433,-0.021956,-0.029663,0.000000,3.197203,-0.012436,-0.000723,0.000000
4000.0,0.261799,0.262301,-0.021773,-0.021454,-0.030116,0.000000,3.197192,-0.036268,-0.000869,0.000000
4005.0,0.261799,0.262305,-0.020013,-0.022308,-0.030336,0.000000,3.197193,-0.010475,0.001737,0.000000
4010.0,0.261799,0.261762,-0.284727,-0.004224,0.002232,0.000000,3.197203,0.017394,0.000000,0.000000
4015.0,0.261799,0.261465,-0.228589,-0.002367,0.020061,0.000000,3.197206,0.041165,0.000000,0.000000
4020.0,0.261799,0.261191,0.020195,-0.009291,0.036519,0.000000,3.197205,0.009068,0.000000,0.000000
4025.0,0.261799,0.261177,0.053587,-0.011238,0.037336,0.000000,3.197201,-0.006981,0.000000,0.000000
4030.0,0.261799,0.261377,0.231990,-0.020867,0.025334,0.000000,3.197197,-0.025669,-0.000869,0.000000
4035.0,0.261799,0.261788,0.203848,-0.025599,0.000663,0.000000,3.197192,-0.041383,0.000869,0.000000
4040.0,0.261799,0.262265,0.019894,-0.024744,-0.027954,0.000000,3.197194,-0.009035,-0.000145,0.000000
4045.0,0.261799,0.262294,-0.026258,-0.021881,-0.029685,0.000000,3.197199,0.010619,0.000000,0.000000
4050.0,0.261799,0.262301,-0.026418,-0.021454,-0.030110,0.000000,3.197203,0.014907,0.000000,0.000000
4055.0,0.261799,0.262302,-0.030959,-0.021881,-0.030186,0.000000,3.197203,0.009973,0.000000,0.000000
4060.0,0.261799,0.261583,-0.450586,-0.004225,0.012977,0.000000,3.197201,0.004680,0.000000,0.000000
4065.0,0.261799,0.261234,-0.069824,-0.007013,0.033900,0.000000,3.197201,0.003830,0.000000,0.000000
4070.0,0.261799,0.261178,0.048042,-0.011150,0.037259,0.000000,3.197199,-0.003166,0.000000,0.000000
4075.0,0.261799,0.261175,0.051189,-0.011150,0.037431,0.000000,3.197200,0.012217,0.000000,0.000000
4080.0,0.261799,0.261490,0.402565,-0.021030,0.018557,0.000000,3.197201,0.003401,0.000000,0.000000
4085.0,0.261799,0.262059,0.290484,-0.032608,-0.015605,0.000000,3.197199,-0.014645,0.000000,0.000000
4090.0,0.261799,0.262284,-0.028681,-0.022308,-0.029068,0.000000,3.197199,0.001182,0.000000,0.000000
4095.0,0.261799,0.262297,-0.040885,-0.021378,-0.029874,0.000000,3.197201,-0.003107,-0.000869,0.000000
4100.0,0.261799,0.262302,-0.028687,-0.021881,-0.030162,0.000000,3.197197,-0.007939,0.000000,0.000000
4105.0,0.261799,0.262099,-0.216770,-0.013516,-0.017998,0.000000,3.197196,-0.027916,0.000145,0.000000
4110.0,0.261799,0.261485,-0.259461,-0.009291,0.018881,0.000000,3.197196,-0.003221,0.000000,0.000000
4115.0,0.261799,0.261223,-0.040452,-0.007942,0.034581,0.000000,3.197200,0.010204,0.000000,0.000000
4120.0,0.261799,0.261178,0.047011,-0.012167,0.037277,0.000000,3.197207,0.044011,0.000723,0.000000
4125.0,0.261799,0.261174,0.047548,-0.011150,0.037497,0.000000,3.197204,0.017978,0.000145,0.000000
4130.0,0.261799,0.261772,0.237205,-0.028465,0.001634,0.000000,3.197203,0.010847,0.000000,0.000000
4135.0,0.261799,0.262166,0.157945,-0.029317,-0.021980,0.000000,3.197200,-0.013940,0.000145,0.000000
4140.0,0.261799,0.262291,-0.027102,-0.021881,-0.029476,0.000000,3.197195,-0.023054,0.000145,0.000000
4145.0,0.261799,0.262299,-0.029164,-0.021881,-0.029982,0.000000,3.197197,-0.000347,-0.000145,0.000000
4150.0,0.261799,0.262302,-0.028069,-0.021881,-0.030139,0.000000,3.197195,-0.033689,-0.000869,0.000000
4155.0,0.261799,0.262190,-0.211363,-0.012586,-0.023428,0.000000,3.197192,-0.026015,0.000000,0.000000
4160.0,0.261799,0.261604,-0.092023,-0.008363,0.011718,0.000000,3.197199,0.020112,0.000723,0.000000
4165.0,0.261799,0.261292,-0.132285,-0.005575,0.030447,0.000000,3.197208,0.041422,0.000145,0.000000
4170.0,0.261799,0.261181,0.039565,-0.011150,0.037129,0.000000,3.197210,0.033140,0.000000,0.000000
4175.0,0.261799,0.261176,0.045710,-0.011150,0.037413,0.000000,3.197204,-0.013154,0.000000,0.000000
4180.0,0.261799,0.261682,0.305106,-0.030749,0.007018,0.000000,3.197197,-0.004867,0.000869,0.000000
4185.0,0.261799,0.262196,0.142592,-0.029317,-0.023784,0.000000,3.197197,-0.009002,0.000145,0.000000
4190.0,0.261799,0.262292,-0.033077,-0.021881,-0.029588,0.000000,3.197198,-0.006547,-0.000578,0.000000
4195.0,0.261799,0.262300,-0.020113,-0.022308,-0.030055,0.000000,3.197196,-0.015636,0.000000,0.000000
4200.0,0.261799,0.262302,-0.036976,-0.022383,-0.030177,0.000000,3.197196,-0.005502,0.000869,0.000000
4205.0,0.261799,0.262100,-0.206887,-0.014020,-0.018030,0.000000,3.197200,0.015041,0.000869,0.000000
4210.0,0.261799,0.261599,-0.087751,-0.010728,0.012036,0.000000,3.197200,-0.000830,0.000000,0.000000
4215.0,0.261799,0.261250,-0.073327,-0.007013,0.032979,0.000000,3.197200,-0.003964,0.000723,0.000000
4220.0,0.261799,0.261179,0.049754,-0.010729,0.037245,0.000000,3.197201,0.006384,0.000000,0.000000
4225.0,0.261799,0.261174,0.047180,-0.011150,0.037495,0.000000,3.197204,0.021186,0.000145,0.000000
4230.0,0.261799,0.261887,0.434502,-0.027960,-0.005262,0.000000,3.197202,0.000434,0.000145,0.000000
4235.0,0.261799,0.262235,0.060598,-0.026101,-0.026150,0.000000,3.197198,-0.024560,0.000000,0.000000
4240.0,0.261799,0.262296,-0.024125,-0.021881,-0.029781,0.000000,3.197197,-0.008373,0.000000,0.000000
4245.0,0.261799,0.262300,-0.039585,-0.021454,-0.030025,0.000000,3.197199,0.005099,0.000000,0.000000
4250.0,0.261799,0.262302,-0.029687,-0.021881,-0.030164,0.000000,3.197201,0.002034,-0.000723,0.000000
4255.0,0.261799,0.262036,-0.204162,-0.012164,-0.014189,0.000000,3.197200,-0.001701,0.000145,0.000000
4260.0,0.261799,0.261271,-0.132088,-0.002367,0.031693,0.000000,3.197198,-0.006852,0.000869,0.000000
4265.0,0.261799,0.261187,0.037394,-0.011658,0.036714,0.000000,3.197196,-0.018205,0.000000,0.000000
4270.0,0.261799,0.261176,0.045922,-0.012167,0.037426,0.000000,3.197198,-0.001851,-0.000145,0.000000
4275.0,0.261799,0.261287,0.238557,-0.020526,0.030724,0.000000,3.197201,0.027020,0.000000,0.000000
4280.0,0.261799,0.262191,0.150368,-0.031678,-0.023505,0.000000,3.197205,0.026011,0.001159,0.000000
4285.0,0.261799,0.262282,-0.013330,-0.022810,-0.028968,0.000000,3.197203,-0.002119,-0.000145,0.000000
4290.0,0.261799,0.262299,-0.033481,-0.022308,-0.029980,0.000000,3.197194,-0.040401,0.000000,0.000000
4295.0,0.261799,0.262301,-0.031496,-0.021454,-0.030119,0.000000,3.197192,-0.024030,0.000145,0.000000
4300.0,0.261799,0.262099,-0.216334,-0.012586,-0.018008,0.000000,3.197197,0.000737,0.000000,0.000000
4305.0,0.261799,0.261376,-0.310366,0.000509,0.025390,0.000000,3.197200,0.010755,-0.000145,0.000000
4310.0,0.261799,0.261186,0.044497,-0.010220,0.036818,0.000000,3.197205,0.036865,0.000000,0.000000
4315.0,0.261799,0.261177,0.049954,-0.011150,0.037358,0.000000,3.197206,0.009174,0.000000,0.000000
4320.0,0.261799,0.261174,0.045831,-0.011658,0.037492,0.000000,3.197200,-0.005121,0.000000,0.000000
4325.0,0.261799,0.261682,0.318555,-0.028387,0.007045,0.000000,3.197198,-0.008790,-0.000869,0.000000
4330.0,0.261799,0.262260,0.028684,-0.025172,-0.027614,0.000000,3.197194,-0.007950,0.000869,0.000000
4335.0,0.261799,0.262292,-0.039662,-0.021454,-0.029540,0.000000,3.197195,-0.011243,0.000145,0.000000
4340.0,0.261799,0.262300,-0.025842,-0.021454,-0.030017,0.000000,3.197202,0.028154,0.000723,0.000000
4345.0,0.261799,0.262301,-0.037903,-0.021378,-0.030075,0.000000,3.197203,0.014907,-0.000145,0.000000
4350.0,0.261799,0.261789,-0.331889,-0.002872,0.000597,0.000000,3.197202,0.004194,0.000000,0.000000
4355.0,0.261799,0.261380,-0.224272,-0.002787,0.025186,0.000000,3.197198,-0.013832,0.000000,0.000000
4360.0,0.261799,0.261186,0.036969,-0.010220,0.036811,0.000000,3.197200,0.004338,0.000000,0.000000
4365.0,0.261799,0.261177,0.046420,-0.011658,0.037313,0.000000,3.197201,0.002959,0.000000,0.000000
4370.0,0.261799,0.261438,0.186536,-0.020950,0.021660,0.000000,3.197199,-0.012137,-0.000869,0.000000
4375.0,0.261799,0.262042,0.310460,-0.033537,-0.014543,0.000000,3.197198,-0.007266,0.001737,0.000000
4380.0,0.261799,0.262283,-0.029206,-0.023313,-0.029022,0.000000,3.197203,0.009700,0.000000,0.000000
4385.0,0.261799,0.262297,-0.030507,-0.021454,-0.029846,0.000000,3.197198,-0.021641,0.000000,0.000000
4390.0,0.261799,0.262302,-0.020070,-0.021454,-0.030182,0.000000,3.197194,-0.024345,0.000000,0.000000
4395.0,0.261799,0.262303,-0.030237,-0.021455,-0.030227,0.000000,3.197196,-0.002897,0.000000,0.000000
4400.0,0.261799,0.261683,-0.213906,-0.006505,0.006965,0.000000,3.197203,0.022294,0.000000,0.000000
4405.0,0.261799,0.261302,-0.155693,-0.004646,0.029823,0.000000,3.197207,0.040635,0.000000,0.000000
4410.0,0.261799,0.261181,0.045631,-0.010729,0.037075,0.000000,3.197206,0.008114,0.000000,0.000000
4415.0,0.261799,0.261176,0.059922,-0.011658,0.037413,0.000000,3.197200,-0.009034,0.000000,0.000000
4420.0,0.261799,0.261480,0.139007,-0.020528,0.019140,0.000000,3.197195,-0.026935,0.000000,0.000000
4425.0,0.261799,0.261845,0.124842,-0.023235,-0.002757,0.000000,3.197198,0.005849,0.000000,0.000000
4430.0,0.261799,0.262268,0.016335,-0.023815,-0.028117,0.000000,3.197196,-0.005057,0.000723,0.000000
4435.0,0.261799,0.262294,-0.029177,-0.021881,-0.029696,0.000000,3.197199,0.014857,-0.000145,0.000000
4440.0,0.261799,0.262302,-0.025767,-0.021881,-0.030155,0.000000,3.197198,-0.007548,0.000000,0.000000
4445.0,0.261799,0.262188,-0.228660,-0.012082,-0.023346,0.000000,3.197197,0.001862,0.000000,0.000000
4450.0,0.261799,0.261427,-0.310992,0.002787,0.022321,0.000000,3.197201,0.010766,0.000000,0.000000
4455.0,0.261799,0.261210,-0.006675,-0.009800,0.035341,0.000000,3.197201,0.006638,0.000000,0.000000
4460.0,0.261799,0.261176,0.044607,-0.011150,0.037394,0.000000,3.197198,-0.007215,0.000000,0.000000
4465.0,0.261799,0.261174,0.037786,-0.010729,0.037512,0.000000,3.197198,-0.005118,0.000000,0.000000
4470.0,0.261799,0.261596,0.329538,-0.020951,0.012206,0.000000,3.197200,0.005645,0.000000,0.000000
4475.0,0.261799,0.262137,0.220236,-0.030749,-0.020276,0.000000,3.197200,-0.001008,0.000000,0.000000
4480.0,0.261799,0.262290,-0.031001,-0.021881,-0.029427,0.000000,3.197199,-0.010800,0.000000,0.000000
4485.0,0.261799,0.262298,-0.047210,-0.020951,-0.029899,0.000000,3.197198,-0.003549,-0.001014,0.000000
4490.0,0.261799,0.262301,-0.028378,-0.021454,-0.030080,0.000000,3.197199,0.008511,0.000000,0.000000
4495.0,0.261799,0.262303,-0.032574,-0.021880,-0.030193,0.000000,3.197201,0.005248,0.000000,0.000000
4500.0,0.261799,0.261682,-0.217726,-0.005998,0.007043,0.000000,3.197201,0.006344,0.000000,0.000000
4505.0,0.261799,0.261365,-0.191476,-0.004225,0.026084,0.000000,3.197203,0.017329,0.000145,0.000000
4510.0,0.261799,0.261184,0.027491,-0.010309,0.036896,0.000000,3.197201,-0.001576,0.000000,0.000000
4515.0,0.261799,0.261176,0.047261,-0.011150,0.037419,0.000000,3.197201,0.001557,0.000000,0.000000
4520.0,0.261799,0.261553,0.380992,-0.020951,0.014752,0.000000,3.197199,-0.006681,0.000000,0.000000
4525.0,0.261799,0.262132,0.233914,-0.031176,-0.019975,0.000000,3.197198,-0.018135,-0.001014,0.000000
4530.0,0.261799,0.262288,-0.029297,-0.021881,-0.029340,0.000000,3.197193,-0.028528,0.000000,0.000000
4535.0,0.261799,0.262299,-0.039401,-0.021881,-0.029957,0.000000,3.197197,0.003888,0.000000,0.000000
4540.0,0.261799,0.262302,-0.028313,-0.021881,-0.030146,0.000000,3.197203,0.009075,-0.001014,0.000000
4545.0,0.261799,0.262036,-0.194050,-0.012666,-0.014189,0.000000,3.197206,0.028548,0.000000,0.000000
4550.0,0.261799,0.261392,-0.247185,0.000420,0.024460,0.000000,3.197203,0.006367,-0.000145,0.000000
4555.0,0.261799,0.261205,-0.017823,-0.008362,0.035645,0.000000,3.197200,-0.008522,-0.000145,0.000000
4560.0,0.261799,0.261177,0.057352,-0.010220,0.037344,0.000000,3.197202,0.010845,0.000000,0.000000
4565.0,0.261799,0.261175,0.048627,-0.010728,0.037467,0.000000,3.197200,-0.015309,-0.000869,0.000000
4570.0,0.261799,0.261726,0.241349,-0.026527,0.004424,0.000000,3.197191,-0.031665,0.000000,0.000000
4575.0,0.261799,0.262158,0.177348,-0.028890,-0.021538,0.000000,3.197193,-0.013801,0.000000,0.000000
4580.0,0.261799,0.262291,-0.029354,-0.021956,-0.029495,0.000000,3.197199,0.008697,0.000000,0.000000
4585.0,0.261799,0.262299,-0.035083,-0.021881,-0.029960,0.000000,3.197202,0.011785,-0.000869,0.000000
4590.0,0.261799,0.262301,-0.024960,-0.021454,-0.030093,0.000000,3.197201,-0.009458,-0.001737,0.000000
4595.0,0.261799,0.262036,-0.192398,-0.013010,-0.014228,0.000000,3.197200,0.003597,0.000000,0.000000
4600.0,0.261799,0.261314,-0.186875,-0.001858,0.029116,0.000000,3.197200,-0.001418,0.000145,0.000000
4605.0,0.261799,0.261195,0.022618,-0.010220,0.036246,0.000000,3.197199,-0.008937,0.000000,0.000000
4610.0,0.261799,0.261176,0.048507,-0.011658,0.037386,0.000000,3.197198,-0.005314,0.000000,0.000000
4615.0,0.261799,0.261174,0.046057,-0.010222,0.037535,0.000000,3.197199,-0.009936,-0.000869,0.000000
4620.0,0.261799,0.262034,0.322807,-0.038185,-0.014108,0.000000,3.197197,-0.001884,-0.000145,0.000000
4625.0,0.261799,0.262258,0.015337,-0.023313,-0.027534,0.000000,3.197203,0.025182,-0.000869,0.000000
4630.0,0.261799,0.262295,-0.044356,-0.021881,-0.029765,0.000000,3.197207,0.027335,-0.000869,0.000000
4635.0,0.261799,0.262300,-0.026745,-0.021881,-0.030051,0.000000,3.197202,-0.013243,0.000000,0.000000
4640.0,0.261799,0.262301,-0.026780,-0.020951,-0.030085,0.000000,3.197197,-0.010892,0.000000,0.000000
4645.0,0.261799,0.261922,-0.392973,-0.001436,-0.007376,0.000000,3.197196,-0.000037,0.000000,0.000000
4650.0,0.261799,0.261568,-0.016462,-0.011658,0.013908,0.000000,3.197197,0.005169,0.000869,0.000000
4655.0,0.261799,0.261552,0.019391,-0.015375,0.014817,0.000000,3.197202,0.011625,0.000000,0.000000
4660.0,0.261799,0.261549,0.028216,-0.014023,0.015019,0.000000,3.197204,0.020991,0.000145,0.000000
4665.0,0.261799,0.261549,0.006768,-0.014445,0.015042,0.000000,3.197202,0.001950,0.000000,0.000000
4670.0,0.261799,0.261548,0.014732,-0.014445,0.015074,0.000000,3.197199,0.010444,0.000869,0.000000
4675.0,0.261799,0.261549,0.019911,-0.015375,0.015008,0.000000,3.197197,-0.016544,0.000000,0.000000
4680.0,0.261799,0.262011,0.229491,-0.020449,-0.012694,0.000000,3.197197,-0.002939,0.000000,0.000000
4685.0,0.261799,0.262253,0.051402,-0.025172,-0.027237,0.000000,3.197201,0.012990,0.000290,0.000000
4690.0,0.261799,0.262299,-0.018611,-0.020951,-0.030000,0.000000,3.197201,-0.003081,0.000000,0.000000
4695.0,0.261799,0.262302,-0.027695,-0.021881,-0.030186,0.000000,3.197199,-0.001374,0.000290,0.000000
4700.0,0.261799,0.262035,-0.201904,-0.013011,-0.014130,0.000000,3.197200,0.001089,0.000000,0.000000
4705.0,0.261799,0.261631,-0.134844,-0.010222,0.010087,0.000000,3.197196,-0.033072,0.001737,0.000000
4710.0,0.261799,0.261219,-0.038927,-0.007433,0.034819,0.000000,3.197198,0.003166,0.000000,0.000000
4715.0,0.261799,0.261182,0.049469,-0.011658,0.037025,0.000000,3.197199,0.004431,0.000000,0.000000
4720.0,0.261799,0.261289,0.245539,-0.011151,0.030620,0.000000,3.197201,0.010907,0.000000,0.000000
4725.0,0.261799,0.261888,0.430744,-0.038185,-0.005291,0.000000,3.197201,0.010750,0.000000,0.000000
4730.0,0.261799,0.262275,-0.003814,-0.024242,-0.028528,0.000000,3.197204,0.014683,0.000000,0.000000
4735.0,0.261799,0.262296,-0.031269,-0.021881,-0.029778,0.000000,3.197201,0.006681,0.000000,0.000000
4740.0,0.261799,0.262302,-0.024777,-0.021454,-0.030189,0.000000,3.197195,-0.033936,0.000000,0.000000
4745.0,0.261799,0.262302,-0.029723,-0.021880,-0.030171,0.000000,3.197194,-0.017150,0.000000,0.000000
4750.0,0.261799,0.261684,-0.212747,-0.006505,0.006947,0.000000,3.197199,0.016292,0.000000,0.000000
4755.0,0.261799,0.261567,-0.014653,-0.013516,0.013960,0.000000,3.197203,0.018110,0.000869,0.000000
4760.0,0.261799,0.261244,-0.059028,-0.005154,0.033295,0.000000,3.197205,0.015830,0.000000,0.000000
4765.0,0.261799,0.261185,0.041512,-0.010729,0.036877,0.000000,3.197202,-0.000233,0.000000,0.000000
4770.0,0.261799,0.261377,0.233182,-0.020950,0.025334,0.000000,3.197198,-0.009601,0.000000,0.000000
4775.0,0.261799,0.261945,0.343476,-0.034969,-0.008724,0.000000,3.197197,-0.009767,0.000145,0.000000
4780.0,0.261799,0.262278,-0.000834,-0.023313,-0.028691,0.000000,3.197198,-0.003826,-0.000145,0.000000
4785.0,0.261799,0.262297,-0.030868,-0.021026,-0.029839,0.000000,3.197201,0.025460,-0.000869,0.000000
4790.0,0.261799,0.262302,-0.028804,-0.021881,-0.030164,0.000000,3.197201,0.001590,0.000000,0.000000
4795.0,0.261799,0.262302,-0.030892,-0.021455,-0.030153,0.000000,3.197200,-0.002633,0.000000,0.000000
4800.0,0.261799,0.261682,-0.211244,-0.005659,0.007058,0.000000,3.197198,-0.018796,-0.001014,0.000000
4805.0,0.261799,0.261259,-0.105818,-0.006504,0.032405,0.000000,3.197198,-0.000390,0.000000,0.000000
4810.0,0.261799,0.261180,0.050525,-0.011150,0.037150,0.000000,3.197200,0.002548,0.000000,0.000000
4815.0,0.261799,0.261175,0.049604,-0.011150,0.037463,0.000000,3.197196,-0.016954,0.000000,0.000000
4820.0,0.261799,0.261595,0.319283,-0.021455,0.012274,0.000000,3.197198,0.003960,0.000000,0.000000
4825.0,0.261799,0.261986,0.266561,-0.032180,-0.011181,0.000000,3.197198,-0.012868,0.000000,0.000000
4830.0,0.261799,0.262280,-0.007606,-0.023815,-0.028855,0.000000,3.197201,0.012783,-0.000145,0.000000
4835.0,0.261799,0.262297,-0.033605,-0.021881,-0.029833,0.000000,3.197204,0.024708,0.000869,0.000000
4840.0,0.261799,0.262303,-0.025763,-0.021881,-0.030209,0.000000,3.197204,0.005451,0.000000,0.000000
4845.0,0.261799,0.262302,-0.039578,-0.021376,-0.030169,0.000000,3.197201,-0.004890,0.000000,0.000000
4850.0,0.261799,0.261682,-0.223386,-0.007011,0.007027,0.000000,3.197197,-0.028880,-0.001014,0.000000
4855.0,0.261799,0.261567,-0.013035,-0.013939,0.013964,0.000000,3.197194,-0.020116,0.000869,0.000000
4860.0,0.261799,0.261550,0.018816,-0.015375,0.014935,0.000000,3.197199,0.004476,-0.000145,0.000000
4865.0,0.261799,0.261549,0.006442,-0.014952,0.015040,0.000000,3.197201,0.004642,0.000000,0.000000
4870.0,0.261799,0.261548,0.007826,-0.015375,0.015104,0.000000,3.197201,0.002675,0.000000,0.000000
4875.0,0.261799,0.261550,0.017351,-0.015375,0.014985,0.000000,3.197202,0.010841,0.000000,0.000000
4880.0,0.261799,0.261855,0.100340,-0.025093,-0.003335,0.000000,3.197201,0.012177,0.000869,0.000000
4885.0,0.261799,0.262026,0.183678,-0.029819,-0.013626,0.000000,3.197201,0.002812,0.000000,0.000000
4890.0,0.261799,0.262285,0.005666,-0.023313,-0.029132,0.000000,3.197197,-0.014304,-0.000145,0.000000
4895.0,0.261799,0.262302,-0.017427,-0.022810,-0.030130,0.000000,3.197197,-0.009830,0.000000,0.000000
4900.0,0.261799,0.262191,-0.203594,-0.021880,-0.023498,0.000000,3.197199,0.000442,0.000000,0.000000
4905.0,0.261799,0.261700,-0.250208,-0.006504,0.005942,0.000000,3.197198,-0.009361,0.000000,0.000000
4910.0,0.261799,0.261207,-0.004519,-0.007942,0.035554,0.000000,3.197203,0.023173,0.000000,0.000000
4915.0,0.261799,0.261180,0.044319,-0.011150,0.037166,0.000000,3.197204,0.009907,0.000000,0.000000
4920.0,0.261799,0.261174,0.048471,-0.011658,0.037528,0.000000,3.197199,-0.012468,0.000000,0.000000
4925.0,0.261799,0.261683,0.311976,-0.028386,0.006959,0.000000,3.197195,-0.020807,0.000145,0.000000
4930.0,0.261799,0.262217,0.088379,-0.029819,-0.025030,0.000000,3.197199,0.009002,0.000000,0.000000
4935.0,0.261799,0.262286,-0.023090,-0.022383,-0.029229,0.000000,3.197202,0.007808,0.001737,0.000000
4940.0,0.261799,0.262300,-0.020394,-0.021378,-0.030059,0.000000,3.197205,0.007332,-0.000145,0.000000
4945.0,0.261799,0.262303,-0.021870,-0.022383,-0.030220,0.000000,3.197201,-0.004576,0.000145,0.000000
4950.0,0.261799,0.262100,-0.207162,-0.012082,-0.018060,0.000000,3.197199,-0.011282,0.000723,0.000000
4955.0,0.261799,0.261684,-0.216633,-0.007942,0.006938,0.000000,3.197198,-0.000317,0.000000,0.000000
4960.0,0.261799,0.261206,-0.002878,-0.007942,0.035580,0.000000,3.197201,0.016648,0.000145,0.000000
4965.0,0.261799,0.261180,0.043319,-0.011658,0.037165,0.000000,3.197201,-0.002501,0.000869,0.000000
4970.0,0.261799,0.261174,0.046017,-0.010817,0.037547,0.000000,3.197200,-0.004884,0.000000,0.000000
4975.0,0.261799,0.261553,0.386725,-0.031678,0.014800,0.000000,3.197195,-0.021428,0.000000,0.000000
4980.0,0.261799,0.262209,0.103307,-0.030246,-0.024553,0.000000,3.197196,-0.011370,-0.000145,0.000000
4985.0,0.261799,0.262285,-0.027979,-0.022308,-0.029118,0.000000,3.197196,-0.012825,0.000000,0.000000
4990.0,0.261799,0.262299,-0.038413,-0.021881,-0.030000,0.000000,3.197199,0.005245,0.000000,0.000000
4995.0,0.261799,0.262302,-0.026042,-0.021881,-0.030130,0.000000,3.197198,-0.013356,0.000000,0.000000
5000.0,0.261799,0.262101,-0.218798,-0.013011,-0.018075,0.000000,3.197199,0.003292,-0.000145,0.000000
5005.0,0.261799,0.261438,-0.347880,0.000509,0.021699,0.000000,3.197201,0.012606,-0.000145,0.000000
5010.0,0.261799,0.261188,0.029811,-0.010220,0.036693,0.000000,3.197204,0.011046,0.000000,0.000000
5015.0,0.261799,0.261177,0.040280,-0.010729,0.037345,0.000000,3.197202,0.005811,0.000000,0.000000
5020.0,0.261799,0.261376,0.234199,-0.020950,0.025374,0.000000,3.197200,-0.003911,-0.000145,0.000000
5025.0,0.261799,0.261727,0.234359,-0.026102,0.004349,0.000000,3.197196,-0.027836,0.000000,0.000000
5030.0,0.261799,0.262244,0.047478,-0.027031,-0.026709,0.000000,3.197196,-0.005494,0.000000,0.000000
5035.0,0.261799,0.262292,-0.017475,-0.022810,-0.029549,0.000000,3.197199,0.001677,0.000000,0.000000
5040.0,0.261799,0.262301,-0.030299,-0.021881,-0.030089,0.000000,3.197203,0.021400,0.000000,0.000000
5045.0,0.261799,0.262301,-0.030774,-0.021881,-0.030110,0.000000,3.197203,0.001266,-0.000869,0.000000
5050.0,0.261799,0.261852,-0.294984,-0.014445,-0.003133,0.000000,3.197197,-0.008029,0.000145,0.000000
5055.0,0.261799,0.261594,-0.067419,-0.012587,0.012342,0.000000,3.197199,0.013865,0.000000,0.000000
5060.0,0.261799,0.261551,0.011028,-0.015375,0.014918,0.000000,3.197202,0.011037,0.000000,0.000000
5065.0,0.261799,0.261549,0.025104,-0.015375,0.015015,0.000000,3.197204,0.013411,-0.000869,0.000000
5070.0,0.261799,0.261548,0.015837,-0.014952,0.015087,0.000000,3.197201,-0.000933,0.000000,0.000000
5075.0,0.261799,0.261549,0.013041,-0.015375,0.015047,0.000000,3.197199,-0.008910,0.000000,0.000000
5080.0,0.261799,0.261751,0.193712,-0.025598,0.002899,0.000000,3.197198,-0.007598,0.000000,0.000000
5085.0,0.261799,0.262102,0.224078,-0.030321,-0.018141,0.000000,3.197198,-0.002202,0.000000,0.000000
5090.0,0.261799,0.262290,-0.004281,-0.022308,-0.029458,0.000000,3.197198,-0.006128,0.000000,0.000000
5095.0,0.261799,0.262302,-0.022749,-0.022383,-0.030139,0.000000,3.197199,-0.000275,0.000000,0.000000
5100.0,0.261799,0.262305,-0.020562,-0.022383,-0.030329,0.000000,3.197201,0.006624,0.000000,0.000000
5105.0,0.261799,0.261790,-0.332107,-0.005153,0.000542,0.000000,3.197201,-0.001697,-0.000145,0.000000
5110.0,0.261799,0.261295,-0.147601,-0.004225,0.030259,0.000000,3.197407,0.316461,-0.001010,0.000000
5115.0,0.261799,0.261191,0.017075,-0.010220,0.036476,0.000000,3.197629,0.507617,0.000000,0.000000
5120.0,0.261799,0.261174,0.058312,-0.010729,0.037492,0.000000,3.197673,0.232215,-0.000868,0.000000
5125.0,0.261799,0.261288,0.245714,-0.021963,0.030658,0.000000,3.197626,0.010444,0.000000,0.000000
5130.0,0.261799,0.261954,0.324589,-0.025599,-0.009302,0.000000,3.197567,-0.126004,0.000000,0.000000
5135.0,0.261799,0.262244,0.058705,-0.026101,-0.026670,0.000000,3.197556,-0.119150,0.000000,0.000000
5140.0,0.261799,0.262297,-0.023846,-0.021881,-0.029844,0.000000,3.197561,-0.053969,0.000000,0.000000
5145.0,0.261799,0.262301,-0.033808,-0.021881,-0.030103,0.000000,3.197570,-0.013300,0.000000,0.000000
5150.0,0.261799,0.262099,-0.226663,-0.012586,-0.017951,0.000000,3.197584,0.019814,0.000000,0.000000
5155.0,0.261799,0.261640,-0.164322,-0.009800,0.009575,0.000000,3.197588,0.020965,-0.001735,0.000000
5160.0,0.261799,0.261203,-0.004703,-0.008362,0.035795,0.000000,3.197583,-0.002252,-0.000143,0.000000
5165.0,0.261799,0.261179,0.044461,-0.011658,0.037202,0.000000,3.197583,0.006836,-0.000725,0.000000
5170.0,0.261799,0.261174,0.047047,-0.011150,0.037512,0.000000,3.197582,-0.009968,-0.000868,0.000000
5175.0,0.261799,0.261746,0.279520,-0.027458,0.003220,0.000000,3.197582,0.000820,-0.000143,0.000000
5180.0,0.261799,0.262264,0.017023,-0.025599,-0.027868,0.000000,3.197584,0.007866,0.000000,0.000000
5185.0,0.261799,0.262295,-0.033169,-0.021881,-0.029746,0.000000,3.197587,0.020713,0.000000,0.000000
5190.0,0.261799,0.262301,-0.030361,-0.021881,-0.030094,0.000000,3.197585,-0.002338,-0.000143,0.000000
5195.0,0.261799,0.262303,-0.024792,-0.022383,-0.030195,0.000000,3.197581,-0.011558,0.000725,0.000000
5200.0,0.261799,0.261699,-0.252628,-0.005069,0.006022,0.000000,3.197585,0.016661,0.000000,0.000000
5205.0,0.261799,0.261365,-0.208681,-0.003717,0.026089,0.000000,3.197586,0.008758,-0.000868,0.000000
5210.0,0.261799,0.261185,0.034244,-0.010729,0.036870,0.000000,3.197582,-0.008038,0.000143,0.000000
5215.0,0.261799,0.261176,0.051445,-0.011658,0.037399,0.000000,3.197581,-0.005090,0.000000,0.000000
5220.0,0.261799,0.261376,0.234311,-0.020950,0.025393,0.000000,3.197584,0.009234,-0.000143,0.000000
5225.0,0.261799,0.261946,0.355047,-0.035823,-0.008771,0.000000,3.197585,0.006509,0.000000,0.000000
5230.0,0.261799,0.262278,-0.005669,-0.024242,-0.028723,0.000000,3.197587,0.013884,0.000000,0.000000
5235.0,0.261799,0.262296,-0.036178,-0.021378,-0.029780,0.000000,3.197587,0.007108,0.000000,0.000000
5240.0,0.261799,0.262302,-0.022103,-0.021881,-0.030180,0.000000,3.197582,-0.010371,0.000000,0.000000
5245.0,0.261799,0.262302,-0.030953,-0.021880,-0.030143,0.000000,3.197581,-0.002716,0.000000,0.000000
5250.0,0.261799,0.261641,-0.157333,-0.006082,0.009520,0.000000,3.197581,-0.009166,0.000000,0.000000
5255.0,0.261799,0.261254,-0.093359,-0.007013,0.032719,0.000000,3.197581,-0.007592,0.000868,0.000000
5260.0,0.261799,0.261179,0.052405,-0.011150,0.037222,0.000000,3.197583,-0.000481,0.000000,0.000000
5265.0,0.261799,0.261175,0.044778,-0.011658,0.037469,0.000000,3.197583,-0.001652,0.000000,0.000000
5270.0,0.261799,0.261596,0.327510,-0.021455,0.012190,0.000000,3.197583,-0.002233,0.000000,0.000000
5275.0,0.261799,0.262137,0.224264,-0.031176,-0.020285,0.000000,3.197585,0.019399,0.000000,0.000000
5280.0,0.261799,0.262289,-0.034844,-0.022810,-0.029401,0.000000,3.197583,-0.009778,0.000000,0.000000
5285.0,0.261799,0.262299,-0.024339,-0.021881,-0.029987,0.000000,3.197581,-0.009797,0.000868,0.000000
5290.0,0.261799,0.262301,-0.041345,-0.021881,-0.030084,0.000000,3.197585,0.010966,0.000000,0.000000
5295.0,0.261799,0.261789,-0.323344,-0.004646,0.000612,0.000000,3.197582,-0.008116,0.000000,0.000000
5300.0,0.261799,0.261227,-0.051124,-0.005575,0.034359,0.000000,3.197577,-0.034011,-0.000868,0.000000
5305.0,0.261799,0.261182,0.044543,-0.010729,0.037016,0.000000,3.197579,-0.001769,-0.000725,0.000000
5310.0,0.261799,0.261175,0.047530,-0.011658,0.037472,0.000000,3.197582,0.009135,0.000143,0.000000
5315.0,0.261799,0.261439,0.195351,-0.020446,0.021626,0.000000,3.197586,0.013821,0.001735,0.000000
5320.0,0.261799,0.262197,0.125407,-0.030321,-0.023866,0.000000,3.197588,0.011006,-0.000143,0.000000
5325.0,0.261799,0.262283,-0.035516,-0.020951,-0.029018,0.000000,3.197587,0.011261,0.000000,0.000000
5330.0,0.261799,0.262299,-0.032074,-0.021881,-0.029985,0.000000,3.197584,-0.001011,0.000000,0.000000
5335.0,0.261799,0.262302,-0.022542,-0.021881,-0.030162,0.000000,3.197583,0.006036,0.000000,0.000000
5340.0,0.261799,0.261878,-0.342711,-0.012587,-0.004724,0.000000,3.197583,-0.006621,0.000000,0.000000
5345.0,0.261799,0.261291,-0.172154,-0.004225,0.030497,0.000000,3.197582,-0.011451,-0.000868,0.000000
5350.0,0.261799,0.261181,0.048741,-0.010729,0.037086,0.000000,3.197580,-0.023582,-0.000868,0.000000
5355.0,0.261799,0.261176,0.047161,-0.010729,0.037410,0.000000,3.197581,-0.000897,0.000000,0.000000
5360.0,0.261799,0.261287,0.230089,-0.011151,0.030722,0.000000,3.197583,0.001868,0.000000,0.000000
5365.0,0.261799,0.261887,0.431575,-0.036828,-0.005250,0.000000,3.197585,0.006434,0.000000,0.000000
5370.0,0.261799,0.262542,0.159959,-0.033037,-0.044541,0.000000,3.197586,0.007510,0.000000,0.000000
5375.0,0.261799,0.262663,0.011046,-0.025600,-0.051845,0.000000,3.197583,-0.017012,-0.000143,0.000000
5380.0,0.261799,0.262482,-0.213010,-0.014947,-0.040977,0.000000,3.197579,-0.014798,-0.000143,0.000000
5385.0,0.261799,0.261905,-0.398913,-0.001859,-0.006355,0.000000,3.197582,0.008331,0.000000,0.000000
5390.0,0.261799,0.261234,-0.070727,-0.005575,0.033932,0.000000,3.197579,-0.037839,-0.000868,0.000000
5395.0,0.261799,0.261182,0.032396,-0.010220,0.037045,0.000000,3.197579,-0.002825,0.000000,0.000000
5400.0,0.261799,0.261172,0.036280,-0.010729,0.037624,0.000000,3.197583,0.019343,0.000868,0.000000
5405.0,0.261799,0.261377,0.235171,-0.020951,0.025350,0.000000,3.197587,0.020508,0.000868,0.000000
5410.0,0.261799,0.262194,0.135318,-0.030749,-0.023673,0.000000,3.197592,0.041857,0.000143,0.000000
5415.0,0.261799,0.262280,-0.041724,-0.021881,-0.028859,0.000000,3.197590,0.011888,0.000000,0.000000
5420.0,0.261799,0.262296,-0.047056,-0.021454,-0.029787,0.000000,3.197581,-0.022766,-0.000143,0.000000
5425.0,0.261799,0.262300,-0.035076,-0.021454,-0.030057,0.000000,3.197578,-0.022611,0.000143,0.000000
5430.0,0.261799,0.262099,-0.211557,-0.012586,-0.017974,0.000000,3.197580,-0.019618,-0.000868,0.000000
5435.0,0.261799,0.261438,-0.349121,0.000000,0.021690,0.000000,3.197579,-0.012214,0.000725,0.000000
5440.0,0.261799,0.261189,0.041894,-0.009291,0.036648,0.000000,3.197584,0.007057,0.000000,0.000000
5445.0,0.261799,0.261178,0.050397,-0.011658,0.037302,0.000000,3.197580,-0.015365,0.000000,0.000000
5450.0,0.261799,0.261288,0.238384,-0.011151,0.030708,0.000000,3.197582,0.001464,0.000000,0.000000
5455.0,0.261799,0.261709,0.268308,-0.027031,0.005397,0.000000,3.197935,0.516125,0.000140,0.000000
5460.0,0.261799,0.262259,0.021197,-0.024669,-0.027568,0.000000,3.198071,0.371121,0.000140,0.000000
5465.0,0.261799,0.262292,-0.033223,-0.021881,-0.029542,0.000000,3.198037,0.111139,0.000000,0.000000
5470.0,0.261799,0.262301,-0.038658,-0.022383,-0.030075,0.000000,3.197964,-0.117521,-0.000140,0.000000
5475.0,0.261799,0.262302,-0.028976,-0.021881,-0.030152,0.000000,3.197939,-0.130884,0.000000,0.000000
5480.0,0.261799,0.261833,-0.261663,-0.015375,-0.002042,0.000000,3.197937,-0.104028,-0.001007,0.000000
5485.0,0.261799,0.261327,-0.210966,-0.003296,0.028358,0.000000,3.197942,-0.071166,0.000140,0.000000
5490.0,0.261799,0.261183,0.053586,-0.010309,0.036961,0.000000,3.197961,0.023522,0.000000,0.000000
5495.0,0.261799,0.261176,0.048350,-0.010729,0.037424,0.000000,3.197973,0.043914,0.000000,0.000000
5500.0,0.261799,0.261377,0.225899,-0.021373,0.025350,0.000000,3.197974,0.008442,-0.000867,0.000000
5505.0,0.261799,0.262033,0.323232,-0.033612,-0.014014,0.000000,3.197973,0.023849,0.000000,0.000000
5510.0,0.261799,0.262594,0.111865,-0.031248,-0.047695,0.000000,3.197968,-0.005777,-0.000140,0.000000
5515.0,0.261799,0.262673,0.004929,-0.025600,-0.052437,0.000000,3.197963,-0.015694,0.000000,0.000000
5520.0,0.261799,0.262369,-0.416559,-0.015879,-0.034200,0.000000,3.197964,-0.001124,0.000000,0.000000
5525.0,0.261799,0.261725,-0.306328,-0.004646,0.004472,0.000000,3.197967,0.006898,-0.000867,0.000000
5530.0,0.261799,0.261206,-0.022026,-0.007942,0.035625,0.000000,3.197964,-0.005704,0.000000,0.000000
5535.0,0.261799,0.261179,0.046517,-0.011658,0.037200,0.000000,3.197967,0.017830,-0.000867,0.000000
5540.0,0.261799,0.261288,0.238119,-0.011658,0.030668,0.000000,3.197969,0.019713,0.000727,0.000000
5545.0,0.261799,0.261620,0.268988,-0.027032,0.010790,0.000000,3.197970,0.004254,0.000867,0.000000
5550.0,0.261799,0.262210,0.087222,-0.030321,-0.024610,0.000000,3.197968,0.010917,0.000000,0.000000
5555.0,0.261799,0.262284,-0.025001,-0.022308,-0.029079,0.000000,3.197968,0.002986,0.000000,0.000000
5560.0,0.261799,0.262299,-0.035132,-0.021881,-0.030007,0.000000,3.197965,0.000254,0.000867,0.000000
5565.0,0.261799,0.262301,-0.025825,-0.021881,-0.030096,0.000000,3.197966,0.000653,-0.000867,0.000000
5570.0,0.261799,0.261992,-0.146929,-0.012586,-0.011553,0.000000,3.197962,-0.012434,0.000000,0.000000
5575.0,0.261799,0.261510,-0.327037,0.000000,0.017366,0.000000,3.197965,0.003313,0.000000,0.000000
5580.0,0.261799,0.261193,0.027881,-0.008450,0.036392,0.000000,3.197968,0.007632,0.000000,0.000000
5585.0,0.261799,0.261178,0.050227,-0.011658,0.037272,0.000000,3.197968,0.007840,0.000000,0.000000
5590.0,0.261799,0.261174,0.040143,-0.011658,0.037531,0.000000,3.197968,0.002527,0.000000,0.000000
5595.0,0.261799,0.261683,0.310833,-0.028465,0.006999,0.000000,3.197967,-0.000162,0.000867,0.000000
5600.0,0.261799,0.262243,0.052334,-0.027458,-0.026613,0.000000,3.197967,0.010057,0.000867,0.000000
5605.0,0.261799,0.262291,-0.027274,-0.022810,-0.029486,0.000000,3.197968,0.004268,0.000000,0.000000
5610.0,0.261799,0.262300,-0.035379,-0.021881,-0.030019,0.000000,3.197968,0.004312,-0.000140,0.000000
5615.0,0.261799,0.262301,-0.026849,-0.021881,-0.030091,0.000000,3.197968,-0.002255,0.000000,0.000000
5620.0,0.261799,0.262037,-0.190504,-0.013011,-0.014230,0.000000,3.197965,-0.017427,-0.000727,0.000000
5625.0,0.261799,0.261631,-0.136218,-0.009799,0.010099,0.000000,3.197963,-0.015476,0.000000,0.000000
5630.0,0.261799,0.261439,-0.196169,-0.016304,0.021617,0.000000,3.197965,-0.004248,-0.000140,0.000000
5635.0,0.261799,0.261214,-0.029893,-0.008274,0.035117,0.000000,3.197965,-0.008948,0.000140,0.000000
5640.0,0.261799,0.261177,0.049556,-0.011150,0.037327,0.000000,3.197962,-0.007617,0.000000,0.000000
5645.0,0.261799,0.261554,0.393429,-0.031174,0.014709,0.000000,3.197966,0.008444,0.000000,0.000000
5650.0,0.261799,0.262210,0.112589,-0.029392,-0.024628,0.000000,3.197967,-0.000938,0.000000,0.000000
5655.0,0.261799,0.262286,-0.022337,-0.022308,-0.029193,0.000000,3.197969,0.020217,-0.000867,0.000000
5660.0,0.261799,0.262300,-0.036396,-0.022383,-0.030059,0.000000,3.197971,0.014551,-0.000140,0.000000
5665.0,0.261799,0.262302,-0.036568,-0.021881,-0.030144,0.000000,3.197970,0.008555,0.000000,0.000000
5670.0,0.261799,0.262037,-0.193672,-0.014020,-0.014230,0.000000,3.197967,0.004887,0.000000,0.000000
5675.0,0.261799,0.261631,-0.141082,-0.009799,0.010121,0.000000,3.197967,0.000461,0.000000,0.000000
5680.0,0.261799,0.261219,-0.037467,-0.007013,0.034824,0.000000,3.197964,-0.021025,0.000000,0.000000
5685.0,0.261799,0.261180,0.042042,-0.010729,0.037138,0.000000,3.197963,-0.008470,0.000000,0.000000
5690.0,0.261799,0.261289,0.245778,-0.011151,0.030625,0.000000,3.198253,0.434017,0.000000,0.000000
5695.0,0.261799,0.262018,0.369243,-0.034894,-0.013125,0.000000,3.198424,0.502368,0.000000,0.000000
5700.0,0.261799,0.262283,-0.021832,-0.023237,-0.029004,0.000000,3.198433,0.184690,0.000000,0.000000
5705.0,0.261799,0.262297,-0.035762,-0.021881,-0.029853,0.000000,3.198384,-0.015705,0.000000,0.000000
5710.0,0.261799,0.262302,-0.026177,-0.021881,-0.030132,0.000000,3.198331,-0.128679,0.000000,0.000000
5715.0,0.261799,0.262304,-0.019009,-0.022385,-0.030266,0.000000,3.198320,-0.119059,0.000000,0.000000
5720.0,0.261799,0.261683,-0.207362,-0.006505,0.006967,0.000000,3.198327,-0.066793,-0.000866,0.000000
5725.0,0.261799,0.261260,-0.108122,-0.007013,0.032347,0.000000,3.198336,-0.019689,0.000000,0.000000
5730.0,0.261799,0.261180,0.044364,-0.011150,0.037190,0.000000,3.198350,0.008083,-0.000728,0.000000
5735.0,0.261799,0.261175,0.040228,-0.012167,0.037451,0.000000,3.198353,0.005617,0.000000,0.000000
5740.0,0.261799,0.261773,0.243740,-0.028386,0.001597,0.000000,3.198357,0.042223,0.000000,0.000000
5745.0,0.261799,0.262103,0.189523,-0.029317,-0.018248,0.000000,3.198356,0.011530,0.000000,0.000000
5750.0,0.261799,0.262287,-0.019651,-0.022810,-0.029275,0.000000,3.198351,-0.006756,-0.000138,0.000000
5755.0,0.261799,0.262299,-0.030889,-0.021881,-0.029967,0.000000,3.198350,0.000418,0.000000,0.000000
5760.0,0.261799,0.262304,-0.019324,-0.022383,-0.030279,0.000000,3.198345,-0.014392,0.000138,0.000000
5765.0,0.261799,0.262189,-0.212049,-0.013011,-0.023394,0.000000,3.198349,0.008579,0.000000,0.000000
5770.0,0.261799,0.261491,-0.289423,-0.010641,0.018504,0.000000,3.198349,0.001654,0.000866,0.000000
5775.0,0.261799,0.261223,-0.034631,-0.008871,0.034575,0.000000,3.198349,-0.004718,-0.000866,0.000000
5780.0,0.261799,0.261177,0.044916,-0.011658,0.037318,0.000000,3.198348,-0.001268,0.000000,0.000000
5785.0,0.261799,0.261174,0.049302,-0.011150,0.037513,0.000000,3.198352,0.019411,0.000728,0.000000
5790.0,0.261799,0.261595,0.327107,-0.020951,0.012270,0.000000,3.198355,0.016009,0.000000,0.000000
5795.0,0.261799,0.262137,0.221113,-0.031678,-0.020276,0.000000,3.198351,-0.009209,0.000000,0.000000
5800.0,0.261799,0.262289,-0.027688,-0.022810,-0.029377,0.000000,3.198354,0.000291,-0.000728,0.000000
5805.0,0.261799,0.262298,-0.030632,-0.021454,-0.029919,0.000000,3.198351,-0.000460,0.000866,0.000000
5810.0,0.261799,0.262303,-0.017916,-0.021881,-0.030200,0.000000,3.198350,-0.005216,0.000000,0.000000
5815.0,0.261799,0.262099,-0.226022,-0.013516,-0.017985,0.000000,3.198350,-0.014069,-0.000866,0.000000
5820.0,0.261799,0.261467,-0.245782,-0.011658,0.019938,0.000000,3.198353,0.004396,-0.000866,0.000000
5825.0,0.261799,0.261220,-0.038737,-0.009291,0.034763,0.000000,3.198346,-0.028832,0.000866,0.000000
5830.0,0.261799,0.261177,0.046677,-0.010220,0.037352,0.000000,3.198348,-0.005337,0.000000,0.000000
5835.0,0.261799,0.261175,0.053384,-0.011235,0.037479,0.000000,3.198349,-0.004470,0.000000,0.000000
5840.0,0.261799,0.261944,0.350219,-0.026528,-0.008703,0.000000,3.198349,-0.005651,0.000000,0.000000
5845.0,0.261799,0.262243,0.059506,-0.026101,-0.026599,0.000000,3.198349,-0.003570,0.000000,0.000000
5850.0,0.261799,0.262296,-0.022580,-0.021454,-0.029830,0.000000,3.198347,-0.014995,0.000000,0.000000
5855.0,0.261799,0.262303,-0.033190,-0.022308,-0.030196,0.000000,3.198347,-0.003453,-0.000138,0.000000
5860.0,0.261799,0.262189,-0.215045,-0.021880,-0.023358,0.000000,3.198350,0.006370,0.000000,0.000000
5865.0,0.261799,0.261700,-0.245790,-0.006082,0.005938,0.000000,3.198350,-0.001591,-0.000138,0.000000
5870.0,0.261799,0.261223,-0.037928,-0.006083,0.034606,0.000000,3.198352,0.010557,-0.000138,0.000000
5875.0,0.261799,0.261182,0.042098,-0.011658,0.037057,0.000000,3.198352,0.010365,0.000000,0.000000
5880.0,0.261799,0.261174,0.049492,-0.011150,0.037540,0.000000,3.198350,-0.013244,-0.000866,0.000000
5885.0,0.261799,0.261481,0.140827,-0.019092,0.019110,0.000000,3.198349,0.003126,0.001004,0.000000
5890.0,0.261799,0.262200,0.124422,-0.030749,-0.024054,0.000000,3.198351,0.002230,0.000000,0.000000
5895.0,0.261799,0.262286,-0.030876,-0.022308,-0.029170,0.000000,3.198350,-0.001251,0.000000,0.000000
5900.0,0.261799,0.262300,-0.030928,-0.021881,-0.030034,0.000000,3.198349,-0.002567,0.000000,0.000000
5905.0,0.261799,0.262301,-0.030486,-0.021454,-0.030128,0.000000,3.198349,0.001561,0.000138,0.000000
5910.0,0.261799,0.262036,-0.193478,-0.012507,-0.014178,0.000000,3.198351,0.005018,0.000000,0.000000
5915.0,0.261799,0.261517,-0.339556,0.000929,0.016969,0.000000,3.198351,0.002024,-0.000866,0.000000
5920.0,0.261799,0.261194,0.025220,-0.008871,0.036346,0.000000,3.198346,-0.011609,0.000000,0.000000
5925.0,0.261799,0.261177,0.053759,-0.011150,0.037361,0.000000,3.198344,-0.017759,0.000866,0.000000
5930.0,0.261799,0.261174,0.054921,-0.011150,0.037515,0.000000,3.198354,0.026492,0.000000,0.000000
5935.0,0.261799,0.261554,0.393236,-0.031174,0.014747,0.000000,3.198355,0.017410,0.000000,0.000000
5940.0,0.261799,0.262234,0.062652,-0.028387,-0.026107,0.000000,3.198354,0.007731,-0.000138,0.000000
5945.0,0.261799,0.262288,-0.037507,-0.021881,-0.029325,0.000000,3.198350,-0.010613,0.000000,0.000000
5950.0,0.261799,0.262300,-0.020423,-0.020951,-0.030046,0.000000,3.198347,-0.024277,-0.000866,0.000000
5955.0,0.261799,0.262302,-0.038699,-0.021378,-0.030143,0.000000,3.198345,-0.015625,0.000000,0.000000
5960.0,0.261799,0.262189,-0.207335,-0.021030,-0.023369,0.000000,3.198349,0.011365,0.000000,0.000000
5965.0,0.261799,0.261763,-0.275531,-0.006505,0.002192,0.000000,3.198353,0.014092,0.000000,0.000000
5970.0,0.261799,0.261358,-0.179494,-0.003805,0.026493,0.000000,3.198352,0.005364,0.000000,0.000000
5975.0,0.261799,0.261201,-0.006056,-0.009291,0.035888,0.000000,3.198350,-0.020665,0.001732,0.000000
5980.0,0.261799,0.261176,0.055953,-0.010729,0.037406,0.000000,3.198347,-0.013565,-0.000138,0.000000
5985.0,0.261799,0.261377,0.222654,-0.020528,0.025331,0.000000,3.198348,0.001067,0.000000,0.000000
5990.0,0.261799,0.262137,0.214547,-0.033462,-0.020249,0.000000,3.198354,0.023762,0.000000,0.000000
5995.0,0.261799,0.262276,-0.002581,-0.023313,-0.028585,0.000000,3.198354,0.009464,0.000000,0.000000
6000.0,0.261799,0.262299,-0.038438,-0.022383,-0.029962,0.000000,3.198351,0.007371,0.000866,0.000000
6005.0,0.261799,0.262301,-0.030725,-0.021881,-0.030118,0.000000,3.198350,-0.011960,0.000866,0.000000
6010.0,0.261799,0.262099,-0.219844,-0.012586,-0.017965,0.000000,3.198349,-0.004939,0.000000,0.000000
6015.0,0.261799,0.261527,-0.347023,0.001438,0.016354,0.000000,3.198349,-0.007539,0.000000,0.000000
6020.0,0.261799,0.261194,0.024543,-0.008871,0.036335,0.000000,3.198343,-0.038252,0.000000,0.000000
6025.0,0.261799,0.261178,0.054852,-0.011658,0.037306,0.000000,3.198342,-0.024097,0.000866,0.000000
6030.0,0.261799,0.261175,0.048290,-0.011658,0.037463,0.000000,3.198351,0.016197,-0.000138,0.000000
6035.0,0.261799,0.261684,0.309234,-0.027960,0.006942,0.000000,3.198355,0.037018,0.000000,0.000000
6040.0,0.261799,0.262259,0.023031,-0.025599,-0.027566,0.000000,3.198356,0.021012,0.000138,0.000000
6045.0,0.261799,0.262293,-0.024646,-0.021881,-0.029621,0.000000,3.198354,0.007644,0.000138,0.000000
6050.0,0.261799,0.262301,-0.022989,-0.021454,-0.030098,0.000000,3.198350,-0.008119,0.000000,0.000000
6055.0,0.261799,0.262302,-0.030000,-0.021378,-0.030152,0.000000,3.198348,-0.010595,0.000000,0.000000
6060.0,0.261799,0.261697,-0.255470,-0.004224,0.006115,0.000000,3.198346,-0.006875,0.000728,0.000000
6065.0,0.261799,0.261568,-0.018792,-0.013516,0.013855,0.000000,3.198347,-0.008858,0.000138,0.000000
6070.0,0.261799,0.261284,-0.125820,-0.005154,0.030904,0.000000,3.198349,-0.004382,-0.000728,0.000000
6075.0,0.261799,0.261189,0.008788,-0.009291,0.036616,0.000000,3.198348,-0.003905,0.000138,0.000000
6080.0,0.261799,0.261174,0.044410,-0.011150,0.037513,0.000000,3.198353,0.033419,0.001594,0.000000
6085.0,0.261799,0.261595,0.331464,-0.029820,0.012285,0.000000,3.198356,0.021434,0.000000,0.000000
6090.0,0.261799,0.262238,0.062487,-0.027960,-0.026295,0.000000,3.198352,-0.003155,0.000000,0.000000
6095.0,0.261799,0.262290,-0.027364,-0.021956,-0.029433,0.000000,3.198351,0.000083,0.000000,0.000000
6100.0,0.261799,0.262301,-0.025136,-0.021881,-0.030107,0.000000,3.198349,-0.007623,0.000000,0.000000
6105.0,0.261799,0.262303,-0.020687,-0.022308,-0.030239,0.000000,3.198350,0.000329,0.000000,0.000000
6110.0,0.261799,0.261700,-0.249707,-0.005069,0.005962,0.000000,3.198349,-0.007133,0.000000,0.000000
6115.0,0.261799,0.261260,-0.124653,-0.004646,0.032356,0.000000,3.198347,-0.004937,-0.000866,0.000000
6120.0,0.261799,0.261180,0.056221,-0.010729,0.037145,0.000000,3.198347,-0.008471,0.000138,0.000000
6125.0,0.261799,0.261175,0.053918,-0.011658,0.037479,0.000000,3.198348,-0.012087,-0.000866,0.000000
6130.0,0.261799,0.261553,0.383366,-0.020526,0.014772,0.000000,3.198349,0.007863,-0.000138,0.000000
6135.0,0.261799,0.262069,0.273980,-0.032608,-0.016201,0.000000,3.198351,0.012511,0.000000,0.000000
6140.0,0.261799,0.262285,-0.022684,-0.022383,-0.029118,0.000000,3.198353,0.011025,0.000000,0.000000
6145.0,0.261799,0.262297,-0.033237,-0.021881,-0.029883,0.000000,3.198352,0.004133,-0.000728,0.000000
6150.0,0.261799,0.262302,-0.021091,-0.021454,-0.030182,0.000000,3.198353,0.027174,0.000866,0.000000
6155.0,0.261799,0.262100,-0.218146,-0.014445,-0.018066,0.000000,3.198353,0.004393,0.000000,0.000000
6160.0,0.261799,0.261483,-0.282011,-0.010220,0.018960,0.000000,3.198349,-0.020016,-0.000866,0.000000
6165.0,0.261799,0.261221,-0.032579,-0.008871,0.034719,0.000000,3.198346,-0.014280,0.000000,0.000000
6170.0,0.261799,0.261178,0.054947,-0.010729,0.037288,0.000000,3.198347,-0.013353,0.000000,0.000000
6175.0,0.261799,0.261288,0.234331,-0.021373,0.030672,0.000000,3.198348,0.000459,0.000000,0.000000
6180.0,0.261799,0.261955,0.328298,-0.026528,-0.009364,0.000000,3.198351,-0.003071,-0.000866,0.000000
6185.0,0.261799,0.262246,0.047833,-0.025172,-0.026774,0.000000,3.198351,0.019218,0.000000,0.000000
6190.0,0.261799,0.262297,-0.026082,-0.021881,-0.029842,0.000000,3.198354,-0.000442,-0.000728,0.000000
6195.0,0.261799,0.262301,-0.033428,-0.021881,-0.030080,0.000000,3.198351,0.003663,0.000000,0.000000
6200.0,0.261799,0.262303,-0.023343,-0.021881,-0.030239,0.000000,3.198350,-0.000525,0.000000,0.000000
6205.0,0.261799,0.261879,-0.341702,-0.003717,-0.004792,0.000000,3.198347,-0.010511,-0.000138,0.000000
6210.0,0.261799,0.261259,-0.106974,-0.003296,0.032390,0.000000,3.198347,-0.006673,0.000000,0.000000
6215.0,0.261799,0.261187,0.038614,-0.011150,0.036757,0.000000,3.198349,0.002430,0.000000,0.000000
6220.0,0.261799,0.261175,0.051706,-0.010729,0.037470,0.000000,3.198349,-0.002236,0.000000,0.000000
6225.0,0.261799,0.261440,0.190139,-0.020526,0.021563,0.000000,3.198350,-0.001579,0.000728,0.000000
6230.0,0.261799,0.262199,0.127812,-0.031251,-0.023961,0.000000,3.198704,0.504963,-0.000865,0.000000
6235.0,0.261799,0.262283,-0.026168,-0.022810,-0.029039,0.000000,3.198826,0.466580,0.000000,0.000000
6240.0,0.261799,0.262299,-0.026335,-0.021881,-0.030009,0.000000,3.198803,0.127649,0.000730,0.000000
6245.0,0.261799,0.262302,-0.029798,-0.021454,-0.030164,0.000000,3.198756,-0.035827,-0.000865,0.000000
6250.0,0.261799,0.262189,-0.222018,-0.021880,-0.023351,0.000000,3.198709,-0.136577,0.000000,0.000000
6255.0,0.261799,0.261699,-0.252229,-0.005576,0.006022,0.000000,3.198702,-0.113454,0.000000,0.000000
6260.0,0.261799,0.261222,-0.041108,-0.006504,0.034656,0.000000,3.198709,-0.043279,0.001595,0.000000
6265.0,0.261799,0.261181,0.049138,-0.011150,0.037099,0.000000,3.198727,-0.001442,0.000000,0.000000
6270.0,0.261799,0.261288,0.244973,-0.010728,0.030674,0.000000,3.198734,0.009214,0.000000,0.000000
6275.0,0.261799,0.261886,0.433514,-0.037255,-0.005227,0.000000,3.198739,0.028229,0.000000,0.000000
6280.0,0.261799,0.262276,-0.005032,-0.024669,-0.028571,0.000000,3.198738,0.011881,0.000000,0.000000
6285.0,0.261799,0.262295,-0.037157,-0.021881,-0.029722,0.000000,3.198736,-0.000390,0.000000,0.000000
6290.0,0.261799,0.262302,-0.033122,-0.022810,-0.030168,0.000000,3.198735,0.004092,0.000000,0.000000
6295.0,0.261799,0.262303,-0.027029,-0.021880,-0.030246,0.000000,3.198733,-0.023275,-0.000135,0.000000
6300.0,0.261799,0.261684,-0.209311,-0.006082,0.006947,0.000000,3.198730,-0.000975,0.000730,0.000000
6305.0,0.261799,0.261566,-0.019193,-0.013939,0.013990,0.000000,3.198727,-0.028977,0.000000,0.000000
6310.0,0.261799,0.261285,-0.120030,-0.005154,0.030865,0.000000,3.198732,0.009449,0.000000,0.000000
6315.0,0.261799,0.261190,0.020865,-0.009800,0.036584,0.000000,3.198736,0.016901,0.000000,0.000000
6320.0,0.261799,0.261288,0.249136,-0.010222,0.030683,0.000000,3.198738,0.012134,-0.000135,0.000000
6325.0,0.261799,0.261774,0.253573,-0.027458,0.001523,0.000000,3.198738,0.013914,0.000000,0.000000
6330.0,0.261799,0.262264,0.012150,-0.025172,-0.027870,0.000000,3.198736,0.005479,0.000000,0.000000
6335.0,0.261799,0.262294,-0.033578,-0.021378,-0.029708,0.000000,3.198734,-0.003471,0.000000,0.000000
6340.0,0.261799,0.262301,-0.020156,-0.021454,-0.030102,0.000000,3.198732,-0.006744,0.000000,0.000000
6345.0,0.261799,0.262304,-0.022874,-0.022810,-0.030298,0.000000,3.198732,-0.006546,0.000000,0.000000
6350.0,0.261799,0.261729,-0.295388,-0.004646,0.004238,0.000000,3.198732,-0.007548,-0.000135,0.000000
6355.0,0.261799,0.261265,-0.117637,-0.005575,0.032040,0.000000,3.198732,-0.003424,-0.000865,0.000000
6360.0,0.261799,0.261179,0.040364,-0.012079,0.037197,0.000000,3.198731,-0.002831,0.000000,0.000000
6365.0,0.261799,0.261174,0.045744,-0.011150,0.037529,0.000000,3.198731,-0.008204,0.000000,0.000000
6370.0,0.261799,0.261771,0.235669,-0.027961,0.001726,0.000000,3.198734,0.006915,-0.000135,0.000000
6375.0,0.261799,0.262476,0.279938,-0.035826,-0.040596,0.000000,3.198737,0.022366,0.000000,0.000000
6380.0,0.261799,0.262675,-0.005640,-0.025600,-0.052536,0.000000,3.198737,0.009515,0.000000,0.000000
6385.0,0.261799,0.262686,-0.017495,-0.025671,-0.053211,0.000000,3.198738,0.009239,0.000000,0.000000
6390.0,0.261799,0.261924,-0.426468,-0.008363,-0.007455,0.000000,3.198734,-0.007507,0.000000,0.000000
6395.0,0.261799,0.261336,-0.248480,-0.001350,0.027815,0.000000,3.198732,-0.009342,0.000000,0.000000
6400.0,0.261799,0.261182,0.038093,-0.010729,0.037068,0.000000,3.198728,-0.025918,0.000000,0.000000
6405.0,0.261799,0.261174,0.040424,-0.011238,0.037533,0.000000,3.198727,-0.018538,0.000000,0.000000
6410.0,0.261799,0.261375,0.229185,-0.020867,0.025477,0.000000,3.198732,0.004856,0.000000,0.000000
6415.0,0.261799,0.262033,0.344232,-0.035396,-0.014014,0.000000,3.198735,0.010400,0.000000,0.000000
6420.0,0.261799,0.262282,-0.024017,-0.023313,-0.028943,0.000000,3.198737,0.012124,0.000000,0.000000
6425.0,0.261799,0.262297,-0.031317,-0.022810,-0.029844,0.000000,3.198740,0.017964,-0.000135,0.000000
6430.0,0.261799,0.262301,-0.028381,-0.021881,-0.030096,0.000000,3.198738,0.013117,-0.000730,0.000000
6435.0,0.261799,0.262302,-0.026718,-0.022383,-0.030175,0.000000,3.198735,-0.007018,0.000730,0.000000
6440.0,0.261799,0.261497,-0.427079,0.005154,0.018167,0.000000,3.198733,-0.006527,0.000135,0.000000
6445.0,0.261799,0.261218,-0.042758,-0.008871,0.034897,0.000000,3.198731,-0.000410,-0.000730,0.000000
6450.0,0.261799,0.261177,0.054106,-0.011238,0.037340,0.000000,3.198732,0.017243,0.001730,0.000000
6455.0,0.261799,0.261173,0.048006,-0.011658,0.037553,0.000000,3.198737,0.022349,0.000000,0.000000
6460.0,0.261799,0.261683,0.324588,-0.030670,0.006999,0.000000,3.198741,0.024203,0.000000,0.000000
6465.0,0.261799,0.262196,0.144964,-0.028890,-0.023804,0.000000,3.198739,0.017634,0.000000,0.000000
6470.0,0.261799,0.262292,-0.039525,-0.022383,-0.029560,0.000000,3.198730,-0.033040,0.000000,0.000000
6475.0,0.261799,0.262300,-0.032542,-0.022383,-0.030014,0.000000,3.198726,-0.032495,0.000000,0.000000
6480.0,0.261799,0.262303,-0.024217,-0.022383,-0.030207,0.000000,3.198731,0.002414,0.000000,0.000000
6485.0,0.261799,0.262036,-0.202011,-0.013516,-0.014217,0.000000,3.198734,0.002791,0.000000,0.000000
6490.0,0.261799,0.261312,-0.184592,-0.001858,0.029224,0.000000,3.198733,-0.018044,-0.000865,0.000000
6495.0,0.261799,0.261193,0.005509,-0.010729,0.036392,0.000000,3.198728,-0.035061,-0.000865,0.000000
6500.0,0.261799,0.261174,0.040846,-0.011658,0.037540,0.000000,3.198729,-0.003545,0.000000,0.000000
6505.0,0.523599,0.261378,0.242274,0.628417,15.733253,0.000000,3.198734,0.011065,0.000000,0.000000
6510.0,0.523599,0.269980,16.373579,-0.023262,15.217111,0.000000,3.198737,0.014367,0.000000,0.000000
6515.0,0.523599,0.276896,15.601625,-0.031157,14.802146,0.000000,3.198737,0.011063,0.000000,0.000000
6520.0,0.523599,0.286162,14.717921,-0.021076,14.246206,0.000000,3.198733,-0.010750,-0.000135,0.000000
6525.0,0.523599,0.292219,14.394826,-0.024067,13.882762,0.000000,3.198730,-0.014965,0.000000,0.000000
6530.0,0.523599,0.300756,13.669240,-0.012509,13.370580,0.000000,3.198733,0.007385,0.000135,0.000000
6535.0,0.523599,0.306355,13.436020,-0.019889,13.034618,0.000000,3.198732,-0.006372,0.000000,0.000000
6540.0,0.523599,0.314435,12.874301,-0.013381,12.549836,0.000000,3.198735,0.007612,0.000000,0.000000
6545.0,0.523599,0.319561,12.445773,-0.011434,12.242244,0.000000,3.198739,0.033540,-0.000865,0.000000
6550.0,0.523599,0.326870,11.961302,-0.008112,11.803706,0.000000,3.198740,0.015005,0.000000,0.000000
6555.0,0.523599,0.331522,11.590439,0.000000,11.524637,0.000000,3.198736,-0.004128,0.000000,0.000000
6560.0,0.523599,0.338372,11.194629,0.000823,11.113631,0.000000,3.198730,-0.029132,-0.000865,0.000000
6565.0,0.523599,0.342900,10.998546,-0.000805,10.841922,0.000000,3.198841,0.159715,0.000000,0.000000
6570.0,0.523599,0.349289,10.400090,0.004832,10.458563,0.000000,3.199192,0.535103,-0.000133,0.000000
6575.0,0.523599,0.353349,10.241157,0.009646,10.215007,0.000000,3.199221,0.324997,0.000000,0.000000
6580.0,0.523599,0.359176,9.863081,0.011218,9.865371,0.000000,3.199154,-0.011394,-0.000133,0.000000
6585.0,0.523599,0.363024,9.614983,0.021136,9.634460,0.000000,3.199112,-0.128192,0.000000,0.000000
6590.0,0.523599,0.368715,9.319690,0.015323,9.293019,0.000000,3.199079,-0.151388,0.000000,0.000000
6595.0,0.523599,0.372502,9.138084,0.019885,9.065795,0.000000,3.199083,-0.091748,0.000000,0.000000
6600.0,0.523599,0.378090,8.858127,0.020785,8.730520,0.000000,3.199104,-0.007221,0.000000,0.000000
6605.0,0.523599,0.381550,8.622951,0.019228,8.522950,0.000000,3.199116,0.023093,-0.000731,0.000000
6610.0,0.523599,0.386665,8.260227,0.020127,8.216018,0.000000,3.199119,0.012568,0.000000,0.000000
6615.0,0.523599,0.390114,8.052084,0.023147,8.009078,0.000000,3.199122,0.019682,0.000000,0.000000
6620.0,0.523599,0.395005,7.835546,0.019478,7.715631,0.000000,3.199121,0.011611,0.000000,0.000000
6625.0,0.523599,0.398136,7.587640,0.023485,7.527759,0.000000,3.199120,0.008776,0.000864,0.000000
6630.0,0.523599,0.402844,7.142000,0.027176,7.245297,0.000000,3.199122,0.012006,-0.000133,0.000000
6635.0,0.523599,0.405747,7.125585,0.023848,7.071104,0.000000,3.199117,-0.015708,0.000000,0.000000
6640.0,0.523599,0.409653,6.788079,0.036834,6.836747,0.000000,3.199113,-0.015131,0.000000,0.000000
6645.0,0.523599,0.412360,6.638088,0.034466,6.674304,0.000000,3.199114,-0.008742,0.000000,0.000000
6650.0,0.523599,0.416299,6.352484,0.032112,6.438013,0.000000,3.199116,0.001616,0.000000,0.000000
6655.0,0.523599,0.419038,6.458612,0.026054,6.273671,0.000000,3.199117,0.004914,0.000000,0.000000
6660.0,0.523599,0.422755,6.002756,0.032113,6.050640,0.000000,3.199118,-0.002078,0.000000,0.000000
6665.0,0.523599,0.425477,6.164701,0.020528,5.887309,0.000000,3.199116,-0.005061,-0.000133,0.000000
6670.0,0.523599,0.429229,5.625093,0.025174,5.662193,0.000000,3.199115,-0.009800,0.000133,0.000000
6675.0,0.523599,0.431290,5.336798,0.043845,5.538507,0.000000,3.199115,-0.004878,0.000864,0.000000
6680.0,0.523599,0.434961,5.668149,0.022000,5.318280,0.000000,3.199119,0.014922,0.000133,0.000000
6685.0,0.523599,0.437453,5.294448,0.023485,5.168746,0.000000,3.199119,-0.003985,0.000133,0.000000
6690.0,0.523599,0.440643,4.998574,0.024401,4.977357,0.000000,3.199116,-0.004954,0.000000,0.000000
6695.0,0.523599,0.442901,4.927293,0.022554,4.841888,0.000000,3.199116,-0.005278,0.000000,0.000000
6700.0,0.523599,0.445892,4.718262,0.032589,4.662427,0.000000,3.199116,-0.003280,0.000000,0.000000
6705.0,0.523599,0.448149,4.729223,0.015520,4.526995,0.000000,3.199121,0.019329,-0.000864,0.000000
6710.0,0.523599,0.451008,4.272836,0.022848,4.355464,0.000000,3.199120,0.016793,0.000864,0.000000
6715.0,0.523599,0.452630,4.106616,0.030195,4.258127,0.000000,3.199121,0.034064,-0.000997,0.000000
6720.0,0.523599,0.455220,4.099181,0.023483,4.102743,0.000000,3.199119,0.005007,0.000000,0.000000
6725.0,0.523599,0.457011,4.096748,0.019225,3.995266,0.000000,3.199117,-0.003342,-0.000133,0.000000
6730.0,0.523599,0.459461,3.802630,0.027270,3.848276,0.000000,3.199114,-0.000525,0.000997,0.000000
6735.0,0.523599,0.460872,3.510008,0.038893,3.763599,0.000000,3.199112,-0.024694,0.000000,0.000000
6740.0,0.523599,0.463226,3.667473,0.023038,3.622350,0.000000,3.199111,-0.016100,0.000000,0.000000
6745.0,0.523599,0.464771,3.558262,0.024618,3.529648,0.000000,3.199115,0.004906,0.000000,0.000000
6750.0,0.523599,0.466783,3.293295,0.033589,3.408930,0.000000,3.199119,0.010588,-0.000133,0.000000
6755.0,0.523599,0.467937,3.220340,0.034301,3.339683,0.000000,3.199115,-0.018457,0.000133,0.000000
6760.0,0.523599,0.470092,3.304811,0.025330,3.210386,0.000000,3.199121,0.036074,0.000997,0.000000
6765.0,0.523599,0.471333,3.067275,0.031841,3.135946,0.000000,3.199124,0.025954,0.000000,0.000000
6770.0,0.523599,0.473206,3.031755,0.030109,3.023549,0.000000,3.199119,-0.006155,0.000000,0.000000
6775.0,0.523599,0.474529,2.876552,0.032444,2.944164,0.000000,3.199115,-0.012239,0.000000,0.000000
6780.0,0.523599,0.476336,2.798103,0.032448,2.835776,0.000000,3.199120,0.020836,0.000266,0.000000
6785.0,0.523599,0.477423,2.772367,0.029142,2.770522,0.000000,3.199119,0.000851,0.000000,0.000000
6790.0,0.523599,0.479140,2.572150,0.027541,2.667544,0.000000,3.199116,-0.009449,0.000133,0.000000
6795.0,0.523599,0.479944,2.464192,0.039619,2.619265,0.000000,3.199113,-0.006209,0.000133,0.000000
6800.0,0.523599,0.481432,2.458844,0.030749,2.530028,0.000000,3.199113,-0.016099,0.000000,0.000000
6805.0,0.523599,0.482441,2.443368,0.037174,2.469461,0.000000,3.199114,-0.005354,-0.000266,0.000000
6810.0,0.523599,0.484026,2.306360,0.039555,2.374341,0.000000,3.199116,0.002764,0.000864,0.000000
6815.0,0.523599,0.484975,2.454288,0.029018,2.317445,0.000000,3.199116,-0.004468,-0.000133,0.000000
6820.0,0.523599,0.486598,2.271065,0.033113,2.220029,0.000000,3.199117,-0.001069,-0.000133,0.000000
6825.0,0.523599,0.487410,2.145715,0.034680,2.171352,0.000000,3.199119,0.031355,0.000000,0.000000
6830.0,0.523599,0.488817,2.197110,0.033858,2.086923,0.000000,3.199120,-0.008185,-0.000133,0.000000
6835.0,0.523599,0.489674,2.056693,0.032223,2.035501,0.000000,3.199118,0.002446,0.000000,0.000000
6840.0,0.523599,0.490959,1.928371,0.029820,1.958385,0.000000,3.199116,-0.005408,0.000000,0.000000
6845.0,0.523599,0.491561,1.606010,0.035455,1.922261,0.000000,3.199116,-0.003477,0.000000,0.000000
6850.0,0.523599,0.492757,1.726144,0.026591,1.850492,0.000000,3.199115,-0.012263,0.000000,0.000000
6855.0,0.523599,0.493448,1.647170,0.030622,1.809048,0.000000,3.199116,0.009012,0.000000,0.000000
6860.0,0.523599,0.494463,1.478933,0.031431,1.748121,0.000000,3.199119,0.008507,0.000000,0.000000
6865.0,0.523599,0.495047,1.531441,0.034655,1.713134,0.000000,3.199120,0.013034,0.000000,0.000000
6870.0,0.523599,0.496040,1.654240,0.033043,1.653521,0.000000,3.199120,0.012985,0.000000,0.000000
6875.0,0.523599,0.496784,1.422036,0.034676,1.608896,0.000000,3.199119,0.000188,0.000133,0.000000
6880.0,0.523599,0.497792,1.476288,0.025804,1.548396,0.000000,3.199116,-0.011059,0.000000,0.000000
6885.0,0.523599,0.498546,1.480042,0.029025,1.503156,0.000000,3.199113,-0.022924,-0.000133,0.000000
6890.0,0.523599,0.499360,1.357610,0.029024,1.454299,0.000000,3.199112,-0.005065,0.000000,0.000000
6895.0,0.523599,0.499984,1.430780,0.027412,1.416877,0.000000,3.199119,0.028440,-0.000864,0.000000
6900.0,0.523599,0.500846,1.371864,0.027459,1.365191,0.000000,3.199119,0.005589,0.000133,0.000000
6905.0,0.523599,0.501546,1.423631,0.023412,1.323169,0.000000,3.199115,-0.026778,0.000266,0.000000
6910.0,0.523599,0.502308,1.254915,0.033954,1.277422,0.000000,3.199114,-0.005534,0.000000,0.000000
6915.0,0.523599,0.502849,1.198077,0.029906,1.245010,0.000000,3.199116,0.002934,-0.000864,0.000000
6920.0,0.523599,0.503472,1.150269,0.036337,1.207613,0.000000,3.199116,0.004770,0.000000,0.000000
6925.0,0.523599,0.503922,1.150838,0.030746,1.180590,0.000000,3.199118,0.010507,0.000000,0.000000
6930.0,0.523599,0.504801,1.038612,0.028300,1.127890,0.000000,3.199118,-0.009797,-0.000598,0.000000
6935.0,0.523599,0.505318,1.195155,0.025089,1.096870,0.000000,3.199118,0.004489,0.000000,0.000000
6940.0,0.523599,0.505985,0.906302,0.030749,1.056798,0.000000,3.199118,0.002483,0.000000,0.000000
6945.0,0.523599,0.506459,1.095400,0.026694,1.028391,0.000000,3.199116,-0.010595,0.000000,0.000000
6950.0,0.523599,0.507094,0.912866,0.029145,0.990261,0.000000,3.199116,0.002775,0.000000,0.000000
6955.0,0.523599,0.507480,0.872152,0.032445,0.967122,0.000000,3.199118,0.006426,0.000000,0.000000
6960.0,0.523599,0.508363,1.030729,0.026789,0.914143,0.000000,3.199121,0.012692,0.000000,0.000000
6965.0,0.523599,0.508763,0.970457,0.024336,0.890157,0.000000,3.199119,-0.009504,0.000000,0.000000
6970.0,0.523599,0.509374,0.828153,0.025938,0.853472,0.000000,3.199117,0.001051,0.000000,0.000000
6975.0,0.523599,0.509716,0.829681,0.027644,0.832958,0.000000,3.199116,-0.017770,0.000000,0.000000
6980.0,0.523599,0.510282,0.897775,0.028392,0.798991,0.000000,3.199114,-0.005027,0.000000,0.000000
6985.0,0.523599,0.510661,0.891936,0.021136,0.776289,0.000000,3.199118,0.012524,0.000000,0.000000
6990.0,0.523599,0.511070,0.803145,0.031589,0.751705,0.000000,3.199120,0.007620,0.000000,0.000000
6995.0,0.523599,0.511420,0.839828,0.022617,0.730727,0.000000,3.199118,0.000383,0.000000,0.000000
7000.0,0.523599,0.511916,0.761882,0.022615,0.700997,0.000000,3.199115,-0.013259,0.000000,0.000000
7005.0,0.523599,0.512079,0.569133,0.033183,0.691166,0.000000,3.199116,0.003248,-0.000864,0.000000
7010.0,0.523599,0.512558,0.789477,0.029247,0.662477,0.000000,3.199114,-0.013450,0.000000,0.000000
7015.0,0.523599,0.513021,0.779794,0.020403,0.634643,0.000000,3.199115,-0.002617,0.000731,0.000000
7020.0,0.523599,0.513441,0.692021,0.021137,0.609491,0.000000,3.199120,0.014478,-0.000864,0.000000
7025.0,0.523599,0.513600,0.528854,0.027650,0.599935,0.000000,3.199120,0.010060,0.000000,0.000000
7030.0,0.523599,0.513958,0.512248,0.025191,0.578424,0.000000,3.199120,0.011011,0.000000,0.000000
7035.0,0.523599,0.514199,0.632595,0.022865,0.563968,0.000000,3.199118,-0.000101,0.000000,0.000000
7040.0,0.523599,0.514681,0.554595,0.022000,0.535090,0.000000,3.199117,-0.001514,0.000000,0.000000
7045.0,0.523599,0.515061,0.540322,0.024460,0.512238,0.000000,3.199116,-0.020668,0.000000,0.000000
7050.0,0.523599,0.515479,0.488326,0.022868,0.487186,0.000000,3.199114,-0.001301,0.000000,0.000000
7055.0,0.523599,0.515516,0.386815,0.028513,0.484947,0.000000,3.199117,0.011549,0.000000,0.000000
7060.0,0.523599,0.515784,0.538599,0.022145,0.468868,0.000000,3.199116,-0.018890,0.000000,0.000000
7065.0,0.523599,0.516086,0.592873,0.017947,0.450776,0.000000,3.199113,-0.012956,0.000133,0.000000
7070.0,0.523599,0.516266,0.356590,0.027642,0.439950,0.000000,3.199116,0.005983,0.000000,0.000000
7075.0,0.523599,0.516541,0.497884,0.022869,0.423467,0.000000,3.199117,-0.002049,-0.000133,0.000000
7080.0,0.523599,0.516648,0.313590,0.028511,0.417044,0.000000,3.199117,0.001393,0.000000,0.000000
7085.0,0.523599,0.516650,0.304596,0.031122,0.416915,0.000000,3.199120,0.018098,0.000000,0.000000
7090.0,0.523599,0.516987,0.378675,0.025330,0.396702,0.000000,3.199122,0.012806,0.000000,0.000000
7095.0,0.523599,0.517291,0.463390,0.021280,0.378456,0.000000,3.199117,-0.009885,0.000000,0.000000
7100.0,0.523599,0.517744,0.364981,0.020565,0.351284,0.000000,3.199114,-0.012764,0.000000,0.000000
7105.0,0.523599,0.518055,0.458608,0.018979,0.332651,0.000000,3.199114,-0.007260,0.000133,0.000000
7110.0,0.523599,0.518170,0.282738,0.025329,0.325717,0.000000,3.199116,-0.001033,-0.000133,0.000000
7115.0,0.523599,0.518172,0.265505,0.027791,0.325592,0.000000,3.199117,0.002608,0.000000,0.000000
7120.0,0.523599,0.518166,0.228069,0.029378,0.325974,0.000000,3.199117,0.002797,0.000000,0.000000
7125.0,0.523599,0.518164,0.212819,0.030412,0.326067,0.000000,3.199117,0.000635,0.000133,0.000000
7130.0,0.523599,0.518502,0.296816,0.021992,0.305793,0.000000,3.199116,-0.003817,0.000000,0.000000
7135.0,0.523599,0.518850,0.356036,0.020405,0.284915,0.000000,3.199116,0.001726,0.000000,0.000000
7140.0,0.523599,0.519038,0.426470,0.027080,0.273643,0.000000,3.199116,-0.003555,0.000000,0.000000
7145.0,0.523599,0.519266,0.319416,0.021280,0.259963,0.000000,3.199118,0.013568,0.000000,0.000000
7150.0,0.523599,0.519307,0.211718,0.026204,0.257528,0.000000,3.199117,0.002120,0.000000,0.000000
7155.0,0.523599,0.519420,0.381028,0.016356,0.250722,0.000000,3.199117,-0.008923,-0.000997,0.000000
7160.0,0.523599,0.519671,0.228021,0.023741,0.235645,0.000000,3.199116,0.005913,0.000000,0.000000
7165.0,0.523599,0.519684,0.189370,0.026203,0.234911,0.000000,3.199118,0.009896,-0.000864,0.000000
7170.0,0.523599,0.519682,0.161808,0.027080,0.235008,0.000000,3.199121,0.006197,-0.000864,0.000000
7175.0,0.523599,0.519682,0.165800,0.027788,0.235019,0.000000,3.199119,0.011595,0.000000,0.000000
7180.0,0.523599,0.519946,0.312079,0.018817,0.219154,0.000000,3.199117,-0.012008,0.000000,0.000000
7185.0,0.523599,0.520160,0.404604,0.014771,0.206308,0.000000,3.199112,-0.015537,0.000000,0.000000
7190.0,0.523599,0.520428,0.195953,0.022861,0.190269,0.000000,3.199115,0.014403,0.000864,0.000000
7195.0,0.523599,0.520444,0.152341,0.023915,0.189282,0.000000,3.199120,0.015457,0.000000,0.000000
7200.0,0.523599,0.520445,0.154792,0.024619,0.189224,0.000000,3.199120,0.004073,-0.000133,0.000000
7205.0,0.523599,0.520441,0.129123,0.027081,0.189478,0.000000,3.199118,-0.000354,0.000000,0.000000
7210.0,0.523599,0.520439,0.133612,0.027960,0.189596,0.000000,3.199114,-0.029145,-0.000864,0.000000
7215.0,0.523599,0.520438,0.116503,0.027081,0.189643,0.000000,3.199112,-0.014525,0.000000,0.000000
7220.0,0.523599,0.520435,0.119304,0.028664,0.189807,0.000000,3.199117,0.002023,-0.000864,0.000000
7225.0,0.523599,0.520703,0.286939,0.020575,0.173764,0.000000,3.199119,0.003763,0.000000,0.000000
7230.0,0.523599,0.521081,0.309207,0.016533,0.151048,0.000000,3.199119,0.015216,0.000000,0.000000
7235.0,0.523599,0.521190,0.161208,0.022157,0.144557,0.000000,3.199120,0.004650,0.000133,0.000000
7240.0,0.523599,0.521205,0.118762,0.023918,0.143656,0.000000,3.199116,-0.018555,-0.000997,0.000000
7245.0,0.523599,0.521404,0.307133,0.017233,0.131714,0.000000,3.199114,-0.012017,0.000000,0.000000
7250.0,0.523599,0.521575,0.126254,0.021457,0.121433,0.000000,3.199116,0.001758,0.000133,0.000000
7255.0,0.523599,0.521582,0.107314,0.023038,0.121011,0.000000,3.199118,0.008063,-0.000133,0.000000
7260.0,0.523599,0.521583,0.117176,0.024618,0.120925,0.000000,3.199120,0.021918,0.000000,0.000000
7265.0,0.523599,0.521579,0.085942,0.024618,0.121161,0.000000,3.199121,0.009955,0.000133,0.000000
7270.0,0.523599,0.521578,0.076813,0.024618,0.121222,0.000000,3.199116,-0.010914,0.000000,0.000000
7275.0,0.523599,0.521781,0.276667,0.016535,0.109076,0.000000,3.199114,-0.007006,0.000000,0.000000
7280.0,0.523599,0.521953,0.101805,0.020576,0.098770,0.000000,3.199116,0.003306,0.000133,0.000000
7285.0,0.523599,0.521958,0.080571,0.023038,0.098476,0.000000,3.199117,0.003757,0.000133,0.000000
7290.0,0.523599,0.521958,0.076924,0.023920,0.098448,0.000000,3.199117,-0.007293,0.000133,0.000000
7295.0,0.523599,0.521957,0.060192,0.024618,0.098512,0.000000,3.199116,0.008667,0.000000,0.000000
7300.0,0.523599,0.521955,0.047800,0.023920,0.098648,0.000000,3.199116,-0.003448,0.000000,0.000000
7305.0,0.523599,0.521956,0.074861,0.026382,0.098587,0.000000,3.199117,0.011509,0.000000,0.000000
7310.0,0.523599,0.521954,0.067969,0.025500,0.098684,0.000000,3.199118,-0.006119,-0.000864,0.000000
7315.0,0.523599,0.522220,0.227594,0.017232,0.082723,0.000000,3.199116,-0.003185,0.000731,0.000000
7320.0,0.523599,0.522334,0.083776,0.022156,0.075889,0.000000,3.199119,0.008108,0.000133,0.000000
7325.0,0.523599,0.522337,0.054144,0.023922,0.075681,0.000000,3.199119,-0.003113,0.000000,0.000000
7330.0,0.523599,0.522336,0.053262,0.023922,0.075767,0.000000,3.199116,-0.000585,0.000266,0.000000
7335.0,0.523599,0.522338,0.056057,0.023039,0.075656,0.000000,3.199116,-0.005731,0.000000,0.000000
7340.0,0.523599,0.522336,0.044314,0.023226,0.075778,0.000000,3.199116,-0.003591,0.000000,0.000000
7345.0,0.523599,0.522333,0.041371,0.023922,0.075935,0.000000,3.199116,-0.004421,0.000000,0.000000
7350.0,0.523599,0.522449,0.236006,0.023922,0.069011,0.000000,3.199116,-0.003735,0.000000,0.000000
7355.0,0.523599,0.522674,0.139388,0.018115,0.055497,0.000000,3.199114,-0.001501,0.000000,0.000000
7360.0,0.523599,0.522717,0.075559,0.023039,0.052925,0.000000,3.199118,0.005060,0.000000,0.000000
7365.0,0.523599,0.522721,0.043959,0.022155,0.052693,0.000000,3.199117,0.005483,0.000864,0.000000
7370.0,0.523599,0.522717,0.034827,0.022155,0.052886,0.000000,3.199118,0.003997,0.000000,0.000000
7375.0,0.523599,0.522716,0.041932,0.022155,0.052965,0.000000,3.199116,-0.009171,-0.000133,0.000000
7380.0,0.523599,0.522716,0.035418,0.022155,0.052983,0.000000,3.199114,-0.007811,0.000000,0.000000
7385.0,0.523599,0.522715,0.030556,0.023039,0.053043,0.000000,3.199116,0.004363,0.000000,0.000000
7390.0,0.523599,0.522716,0.041702,0.023039,0.052993,0.000000,3.199119,0.011074,0.000000,0.000000
7395.0,0.523599,0.522713,0.028646,0.023922,0.053169,0.000000,3.199121,0.003867,0.000000,0.000000
7400.0,0.523599,0.522713,0.020107,0.023039,0.053161,0.000000,3.199117,-0.013701,-0.000864,0.000000
7405.0,0.523599,0.522713,0.034971,0.023039,0.053161,0.000000,3.199115,-0.006404,-0.000133,0.000000
7410.0,0.523599,0.522712,0.039880,0.024617,0.053236,0.000000,3.199117,0.004149,0.000000,0.000000
7415.0,0.523599,0.522713,0.024992,0.023922,0.053147,0.000000,3.199118,0.005764,0.000000,0.000000
7420.0,0.523599,0.522712,0.014946,0.023922,0.053183,0.000000,3.199120,0.010823,0.000000,0.000000
7425.0,0.523599,0.522827,0.229108,0.014769,0.046281,0.000000,3.199119,0.005253,0.000000,0.000000
7430.0,0.523599,0.523079,0.062872,0.019884,0.031182,0.000000,3.199118,-0.000110,0.000000,0.000000
7435.0,0.523599,0.523095,0.053307,0.022154,0.030216,0.000000,3.199117,-0.005295,0.000000,0.000000
7440.0,0.523599,0.523099,0.045487,0.022154,0.030012,0.000000,3.199116,-0.006792,0.000000,0.000000
7445.0,0.523599,0.523097,0.026844,0.022346,0.030084,0.000000,3.199116,-0.003288,0.000000,0.000000
7450.0,0.523599,0.523096,0.022601,0.022346,0.030191,0.000000,3.199118,0.001922,0.000000,0.000000
7455.0,0.523599,0.523095,0.023237,0.022346,0.030216,0.000000,3.199121,0.020752,-0.000133,0.000000
7460.0,0.523599,0.523095,0.031295,0.022846,0.030220,0.000000,3.199118,-0.004180,0.000000,0.000000
7465.0,0.523599,0.523094,0.014876,0.023038,0.030309,0.000000,3.199112,-0.031522,0.000000,0.000000
7470.0,0.523599,0.523094,0.028141,0.022346,0.030309,0.000000,3.199110,-0.019218,0.000000,0.000000
7475.0,0.523599,0.523092,0.014999,0.023923,0.030413,0.000000,3.199116,0.010934,0.000000,0.000000
7480.0,0.523599,0.523094,0.020344,0.022154,0.030280,0.000000,3.199120,0.014017,0.000000,0.000000
7485.0,0.523599,0.523093,0.042045,0.022154,0.030377,0.000000,3.199120,0.007587,0.000000,0.000000
7490.0,0.523599,0.523094,0.027658,0.023923,0.030305,0.000000,3.199119,0.003911,0.000000,0.000000
7495.0,0.523599,0.523092,0.007896,0.023923,0.030420,0.000000,3.199117,-0.013354,0.000000,0.000000
7500.0,0.523599,0.523091,0.009271,0.023923,0.030473,0.000000,3.199117,0.017508,0.000864,0.000000
7505.0,0.523599,0.523361,0.200400,0.015654,0.014277,0.000000,3.199118,0.003899,0.000133,0.000000
7510.0,0.523599,0.523471,0.052637,0.021462,0.007650,0.000000,3.199117,-0.001363,0.000000,0.000000
7515.0,0.523599,0.523477,0.029337,0.020576,0.007306,0.000000,3.199116,-0.004366,0.000000,0.000000
7520.0,0.523599,0.523477,0.027125,0.021462,0.007288,0.000000,3.199116,-0.001921,0.000133,0.000000
7525.0,0.523599,0.523475,0.003599,0.022347,0.007421,0.000000,3.199116,0.000225,0.000000,0.000000
7530.0,0.523599,0.523477,0.004282,0.019000,0.007313,0.000000,3.199117,0.001311,0.000000,0.000000
7535.0,0.523599,0.523474,-0.003363,0.021462,0.007474,0.000000,3.199118,-0.001566,0.000000,0.000000
7540.0,0.523599,0.523165,-0.107282,0.028846,0.026000,0.000000,3.199117,0.002706,0.000000,0.000000
7545.0,0.523599,0.523098,-0.009042,0.025500,0.030026,0.000000,3.199117,-0.001328,0.000133,0.000000
7550.0,0.523599,0.523087,-0.002907,0.024807,0.030724,0.000000,3.199120,0.003019,0.000000,0.000000
7555.0,0.523599,0.523086,-0.003710,0.024807,0.030777,0.000000,3.199117,-0.004873,0.000000,0.000000
7560.0,0.523599,0.523203,0.213019,0.024614,0.023761,0.000000,3.199116,-0.004856,-0.000133,0.000000
7565.0,0.523599,0.523544,0.277059,0.010731,0.003262,0.000000,3.199116,-0.004180,0.000000,0.000000
7570.0,0.523599,0.523840,0.047273,0.015654,-0.014455,0.000000,3.199118,0.004457,0.000000,0.000000
7575.0,0.523599,0.523853,0.006336,0.018115,-0.015239,0.000000,3.199120,0.009057,-0.000133,0.000000
7580.0,0.523599,0.523855,-0.008174,0.017426,-0.015353,0.000000,3.199118,0.007461,0.000997,0.000000
7585.0,0.523599,0.523741,-0.191803,0.028846,-0.008512,0.000000,3.199117,-0.004586,0.000000,0.000000
7590.0,0.523599,0.523287,-0.258556,0.029730,0.018697,0.000000,3.199117,-0.004944,0.000000,0.000000
7595.0,0.523599,0.523117,-0.052041,0.026384,0.028886,0.000000,3.199116,-0.009760,-0.000864,0.000000
7600.0,0.523599,0.523089,-0.001007,0.024615,0.030602,0.000000,3.199121,0.028045,0.000864,0.000000
7605.0,0.523599,0.523088,0.014924,0.022846,0.030667,0.000000,3.199119,-0.003258,0.000864,0.000000
7610.0,0.523599,0.523086,0.009563,0.025500,0.030760,0.000000,3.199116,-0.009121,0.000133,0.000000
7615.0,0.523599,0.523089,0.008492,0.024614,0.030602,0.000000,3.199114,-0.015032,-0.000864,0.000000
7620.0,0.523599,0.523651,0.278245,0.010731,-0.003111,0.000000,3.199112,-0.016820,0.000000,0.000000
7625.0,0.523599,0.523827,0.065914,0.016540,-0.013722,0.000000,3.199114,-0.005156,0.000000,0.000000
7630.0,0.523599,0.523856,0.003414,0.018115,-0.015424,0.000000,3.199112,-0.013615,0.000000,0.000000
7635.0,0.523599,0.523857,0.014922,0.019001,-0.015485,0.000000,3.199115,0.003105,0.000000,0.000000
7640.0,0.523599,0.523857,0.011137,0.019001,-0.015482,0.000000,3.199120,0.038335,0.001728,0.000000
7645.0,0.523599,0.523856,0.002640,0.019000,-0.015414,0.000000,3.199121,0.002490,0.000000,0.000000
7650.0,0.523599,0.523386,-0.228800,0.025500,0.012767,0.000000,3.199119,0.021394,0.000864,0.000000
7655.0,0.523599,0.523138,-0.091206,0.029538,0.027655,0.000000,3.199121,0.001385,0.000000,0.000000
7660.0,0.523599,0.523088,-0.016040,0.025500,0.030674,0.000000,3.199116,-0.006803,0.000000,0.000000
7665.0,0.523599,0.523086,-0.007729,0.025500,0.030749,0.000000,3.199116,-0.007572,0.000000,0.000000
7670.0,0.523599,0.523202,0.201430,0.025499,0.023829,0.000000,3.199115,-0.006596,0.000000,0.000000
7675.0,0.523599,0.523539,0.279311,0.011420,0.003562,0.000000,3.199116,-0.001016,-0.000133,0.000000
7680.0,0.523599,0.524106,0.183949,0.005809,-0.030438,0.000000,3.199117,0.011823,0.000731,0.000000
7685.0,0.523599,0.524215,0.002596,0.014079,-0.036982,0.000000,3.199119,0.008063,-0.001728,0.000000
7690.0,0.523599,0.524232,-0.025348,0.014079,-0.038016,0.000000,3.199116,0.000820,0.000000,0.000000
7695.0,0.523599,0.524028,-0.186523,0.023923,-0.025738,0.000000,3.199116,-0.002490,-0.000133,0.000000
7700.0,0.523599,0.523201,-0.181238,0.034653,0.023843,0.000000,3.199116,-0.006410,0.000000,0.000000
7705.0,0.523599,0.523105,-0.020932,0.025500,0.029629,0.000000,3.199116,0.001052,0.000000,0.000000
7710.0,0.523599,0.523089,0.008542,0.025500,0.030599,0.000000,3.199117,0.009679,0.000731,0.000000
7715.0,0.523599,0.523087,-0.015956,0.025500,0.030717,0.000000,3.199121,0.019749,0.000000,0.000000
7720.0,0.523599,0.523291,0.200155,0.016539,0.018468,0.000000,3.199120,0.004080,-0.000133,0.000000
7725.0,0.523599,0.523758,0.211224,0.014079,-0.009538,0.000000,3.199118,-0.003618,0.000266,0.000000
7730.0,0.523599,0.524203,0.054879,0.013192,-0.036260,0.000000,3.199121,0.010496,0.000000,0.000000
7735.0,0.523599,0.524226,-0.031192,0.016540,-0.037651,0.000000,3.199119,0.007273,-0.000731,0.000000
7740.0,0.523599,0.524232,-0.002246,0.015454,-0.038002,0.000000,3.199116,-0.006840,0.000864,0.000000
7745.0,0.523599,0.524232,-0.018963,0.015654,-0.037969,0.000000,3.199111,-0.032625,0.000000,0.000000
7750.0,0.523599,0.523694,-0.254109,0.032883,-0.005686,0.000000,3.199111,-0.019497,-0.000133,0.000000
7755.0,0.523599,0.523510,-0.037325,0.024615,0.005329,0.000000,3.199113,-0.015057,0.000864,0.000000
7760.0,0.523599,0.523119,-0.036872,0.028846,0.028768,0.000000,3.199121,0.024628,0.000000,0.000000
7765.0,0.523599,0.523091,0.000788,0.025500,0.030438,0.000000,3.199122,0.030103,-0.000731,0.000000
7770.0,0.523599,0.523090,0.016103,0.024807,0.030531,0.000000,3.199119,-0.010016,-0.000864,0.000000
7775.0,0.523599,0.523605,0.326873,0.009156,-0.000350,0.000000,3.199113,-0.018542,0.000000,0.000000
7780.0,0.523599,0.524151,0.125716,0.007383,-0.033141,0.000000,3.199115,0.000300,0.000000,0.000000
7785.0,0.523599,0.524220,-0.016220,0.014079,-0.037276,0.000000,3.199116,-0.005945,0.000000,0.000000
7790.0,0.523599,0.524231,-0.035243,0.014767,-0.037905,0.000000,3.199117,0.007481,0.000133,0.000000
7795.0,0.523599,0.524231,-0.038054,0.015654,-0.037905,0.000000,3.199115,-0.009676,0.000000,0.000000
7800.0,0.523599,0.523851,-0.357188,0.024614,-0.015146,0.000000,3.199116,-0.001513,0.000133,0.000000
7805.0,0.523599,0.523332,-0.296294,0.034653,0.015986,0.000000,3.199404,0.438283,0.000000,0.000000
7810.0,0.523599,0.523103,-0.027043,0.024615,0.029719,0.000000,3.199601,0.426457,0.000000,0.000000
7815.0,0.523599,0.523092,-0.003124,0.023923,0.030402,0.000000,3.199584,0.188484,-0.000130,0.000000
7820.0,0.523599,0.523090,0.000302,0.023923,0.030509,0.000000,3.199512,-0.076998,0.000000,0.000000
7825.0,0.523599,0.523203,0.195675,0.015654,0.023725,0.000000,3.199481,-0.123527,0.000993,0.000000
7830.0,0.523599,0.523912,0.326201,0.011618,-0.018800,0.000000,3.199470,-0.106072,0.000000,0.000000
7835.0,0.523599,0.524183,0.074831,0.010731,-0.035080,0.000000,3.199476,-0.050628,0.000000,0.000000
7840.0,0.523599,0.524228,-0.017731,0.014966,-0.037748,0.000000,3.199495,-0.004147,-0.000863,0.000000
7845.0,0.523599,0.524228,-0.032426,0.016341,-0.037751,0.000000,3.199501,0.015200,-0.000130,0.000000
7850.0,0.523599,0.524116,-0.210988,0.015654,-0.031006,0.000000,3.199505,0.018779,0.000000,0.000000
7855.0,0.523599,0.523518,-0.404493,0.037999,0.004835,0.000000,3.199505,0.013531,0.000863,0.000000
7860.0,0.523599,0.523117,-0.018214,0.027961,0.028889,0.000000,3.199499,-0.012620,-0.000130,0.000000
7865.0,0.523599,0.523095,0.007648,0.023923,0.030223,0.000000,3.199499,-0.003062,0.000000,0.000000
7870.0,0.523599,0.523090,-0.001864,0.023923,0.030549,0.000000,3.199501,0.008845,0.000000,0.000000
7875.0,0.523599,0.523471,0.376427,0.007384,0.007643,0.000000,3.199501,-0.014941,0.000000,0.000000
7880.0,0.523599,0.524141,0.128061,0.005809,-0.032548,0.000000,3.199499,0.004971,0.000000,0.000000
7885.0,0.523599,0.524219,-0.012527,0.014079,-0.037193,0.000000,3.199502,0.012499,0.000000,0.000000
7890.0,0.523599,0.524231,-0.036392,0.013192,-0.037951,0.000000,3.199504,0.009121,-0.000130,0.000000
7895.0,0.523599,0.524229,-0.042301,0.016540,-0.037841,0.000000,3.199505,0.012967,0.000000,0.000000
7900.0,0.523599,0.524027,-0.203415,0.024612,-0.025674,0.000000,3.199500,-0.007954,0.000130,0.000000
7905.0,0.523599,0.523572,-0.130277,0.025499,0.001595,0.000000,3.199499,-0.008600,0.000000,0.000000
7910.0,0.523599,0.523370,-0.171003,0.021461,0.013701,0.000000,3.199499,-0.002322,0.000000,0.000000
7915.0,0.523599,0.523138,-0.095299,0.027961,0.027627,0.000000,3.199500,-0.011771,-0.000863,0.000000
7920.0,0.523599,0.523091,-0.012978,0.023923,0.030491,0.000000,3.199499,0.005783,0.000000,0.000000
7925.0,0.523599,0.523090,0.027240,0.023038,0.030538,0.000000,3.199502,0.013322,0.000000,0.000000
7930.0,0.523599,0.523715,0.248693,0.010042,-0.007002,0.000000,3.199502,0.007989,0.000000,0.000000
7935.0,0.523599,0.524101,0.178696,0.007583,-0.030141,0.000000,3.199501,-0.007613,0.000000,0.000000
7940.0,0.523599,0.524224,-0.013756,0.014079,-0.037483,0.000000,3.199499,-0.002198,0.000000,0.000000
7945.0,0.523599,0.524227,-0.040724,0.014079,-0.037680,0.000000,3.199500,-0.009488,0.000000,0.000000
7950.0,0.523599,0.524116,-0.220995,0.015654,-0.031056,0.000000,3.199507,0.027842,0.000863,0.000000
7955.0,0.523599,0.523588,-0.170833,0.027961,0.000665,0.000000,3.199506,0.010098,0.000000,0.000000
7960.0,0.523599,0.522861,-0.227897,0.034653,0.044271,0.000000,3.199502,-0.001191,0.000000,0.000000
7965.0,0.523599,0.522727,-0.051370,0.028846,0.052303,0.000000,3.199505,0.005319,0.000000,0.000000
7970.0,0.523599,0.522821,0.192691,0.025500,0.046638,0.000000,3.199499,-0.015813,0.000000,0.000000
7975.0,0.523599,0.523354,0.224668,0.014768,0.014684,0.000000,3.199496,-0.019467,0.000000,0.000000
7980.0,0.523599,0.523898,0.329098,0.008958,-0.017942,0.000000,3.199497,-0.012885,0.000000,0.000000
7985.0,0.523599,0.524180,0.046041,0.013192,-0.034890,0.000000,3.199498,-0.006358,-0.000863,0.000000
7990.0,0.523599,0.524228,-0.037819,0.013192,-0.037726,0.000000,3.199499,0.009892,0.000863,0.000000
7995.0,0.523599,0.524230,-0.013617,0.013192,-0.037869,0.000000,3.199499,-0.007576,0.000000,0.000000
8000.0,0.523599,0.523591,-0.163100,0.031307,0.000490,0.000000,3.199501,0.003674,-0.000261,0.000000
8005.0,0.523599,0.523291,-0.219156,0.031307,0.018493,0.000000,3.199502,0.008778,0.000993,0.000000
8010.0,0.523599,0.523102,-0.012410,0.025500,0.029815,0.000000,3.199504,0.015120,0.000863,0.000000
8015.0,0.523599,0.523092,0.004787,0.023923,0.030402,0.000000,3.199503,0.002237,0.000000,0.000000
8020.0,0.523599,0.523091,0.028993,0.024807,0.030445,0.000000,3.199501,-0.001697,0.000000,0.000000
8025.0,0.523599,0.523473,0.390667,0.005612,0.007521,0.000000,3.199500,-0.003756,0.000000,0.000000
8030.0,0.523599,0.524039,0.222483,0.004235,-0.026414,0.000000,3.199501,-0.004877,-0.000993,0.000000
8035.0,0.523599,0.524203,0.028308,0.010731,-0.036274,0.000000,3.199499,-0.005903,-0.000130,0.000000
8040.0,0.523599,0.524228,-0.026916,0.014079,-0.037780,0.000000,3.199499,-0.002098,0.000130,0.000000
8045.0,0.523599,0.524229,-0.039284,0.014079,-0.037787,0.000000,3.199500,-0.010530,0.000000,0.000000
8050.0,0.523599,0.523475,-0.365967,0.031307,0.007403,0.000000,3.199499,-0.004287,0.000000,0.000000
8055.0,0.523599,0.523152,-0.100369,0.029730,0.026797,0.000000,3.199501,0.015454,-0.000863,0.000000
8060.0,0.523599,0.523093,-0.005594,0.024807,0.030338,0.000000,3.199502,0.004031,0.000000,0.000000
8065.0,0.523599,0.523090,0.009488,0.023923,0.030538,0.000000,3.199502,0.003508,0.000000,0.000000
8070.0,0.523599,0.523205,0.203178,0.023923,0.023636,0.000000,3.199503,-0.004897,-0.000863,0.000000
8075.0,0.523599,0.523545,0.299550,0.008270,0.003237,0.000000,3.199500,-0.010435,0.000000,0.000000
8080.0,0.523599,0.524104,0.184256,0.005809,-0.030288,0.000000,3.199499,-0.003793,0.000000,0.000000
8085.0,0.523599,0.524212,-0.011959,0.013192,-0.036768,0.000000,3.199502,0.008044,0.000000,0.000000
8090.0,0.523599,0.524229,-0.039689,0.013192,-0.037837,0.000000,3.199502,0.008473,0.000000,0.000000
8095.0,0.523599,0.524231,-0.025292,0.013192,-0.037905,0.000000,3.199501,-0.002455,0.000000,0.000000
8100.0,0.523599,0.523632,-0.216583,0.031307,-0.001996,0.000000,3.199496,-0.025496,-0.000130,0.000000
8105.0,0.523599,0.523297,-0.213237,0.031307,0.018100,0.000000,3.199496,-0.008782,0.000130,0.000000
8110.0,0.523599,0.523103,-0.005275,0.026384,0.029776,0.000000,3.199505,0.020628,0.000000,0.000000
8115.0,0.523599,0.523092,0.019488,0.023923,0.030420,0.000000,3.199504,0.011760,0.000000,0.000000
8120.0,0.523599,0.523088,-0.006754,0.023923,0.030649,0.000000,3.199498,-0.027886,0.000000,0.000000
8125.0,0.523599,0.523472,0.380634,0.006498,0.007617,0.000000,3.199497,-0.012235,0.000000,0.000000
8130.0,0.523599,0.524038,0.222134,0.005122,-0.026346,0.000000,3.199496,-0.019905,0.000000,0.000000
8135.0,0.523599,0.524202,0.027717,0.012306,-0.036185,0.000000,3.199498,0.000841,0.000000,0.000000
8140.0,0.523599,0.524228,-0.040308,0.013192,-0.037755,0.000000,3.199502,0.011344,0.000000,0.000000
8145.0,0.523599,0.524229,-0.034442,0.013192,-0.037808,0.000000,3.199504,0.014112,0.000000,0.000000
8150.0,0.523599,0.523304,-0.306371,0.037115,0.017660,0.000000,3.199502,0.016972,0.000863,0.000000
8155.0,0.523599,0.523124,-0.033581,0.025500,0.028492,0.000000,3.199502,0.015563,0.000000,0.000000
8160.0,0.523599,0.523091,-0.004482,0.023923,0.030470,0.000000,3.199503,0.005395,0.000000,0.000000
8165.0,0.523599,0.523089,0.001132,0.025500,0.030584,0.000000,3.199500,-0.011611,0.000000,0.000000
8170.0,0.523599,0.523205,0.203989,0.023923,0.023607,0.000000,3.199497,-0.014954,0.000130,0.000000
8175.0,0.523599,0.523637,0.325223,0.006498,-0.002264,0.000000,3.199499,-0.007284,0.000000,0.000000
8180.0,0.523599,0.524152,0.121552,0.007583,-0.033206,0.000000,3.199502,0.000865,-0.000863,0.000000
8185.0,0.523599,0.524221,0.003687,0.012306,-0.037336,0.000000,3.199501,0.002699,0.000130,0.000000
8190.0,0.523599,0.524227,-0.037427,0.014079,-0.037705,0.000000,3.199502,0.006196,0.000000,0.000000
8195.0,0.523599,0.524115,-0.209630,0.023923,-0.030978,0.000000,3.199502,0.006033,0.000000,0.000000
8200.0,0.523599,0.523562,-0.123657,0.028846,0.002199,0.000000,3.199502,0.002556,0.000000,0.000000
8205.0,0.523599,0.523225,-0.163632,0.029730,0.022438,0.000000,3.199501,-0.001091,0.000000,0.000000
8210.0,0.523599,0.523098,-0.002960,0.024615,0.030055,0.000000,3.199500,-0.003087,0.000000,0.000000
8215.0,0.523599,0.523090,0.008065,0.023923,0.030538,0.000000,3.199500,-0.003404,-0.000863,0.000000
8220.0,0.523599,0.523089,0.004212,0.023923,0.030566,0.000000,3.199503,0.014340,0.000000,0.000000
8225.0,0.523599,0.523295,0.219436,0.013881,0.018246,0.000000,3.199503,0.004844,0.000000,0.000000
8230.0,0.523599,0.523819,0.086040,0.014078,-0.013236,0.000000,3.199500,-0.005690,0.000000,0.000000
8235.0,0.523599,0.523965,0.196040,0.007383,-0.021944,0.000000,3.199499,-0.010116,0.000000,0.000000
8240.0,0.523599,0.524215,0.003531,0.012306,-0.036964,0.000000,3.199495,-0.025723,0.000000,0.000000
8245.0,0.523599,0.524227,-0.037970,0.014966,-0.037694,0.000000,3.199494,-0.021484,0.000863,0.000000
8250.0,0.523599,0.524229,-0.052705,0.013192,-0.037812,0.000000,3.199502,0.014577,0.000000,0.000000
8255.0,0.523599,0.523717,-0.292183,0.029730,-0.007110,0.000000,3.199505,0.016691,0.000000,0.000000
8260.0,0.523599,0.523135,-0.056733,0.027961,0.027802,0.000000,3.199502,-0.001812,0.000130,0.000000
8265.0,0.523599,0.523099,0.000652,0.023923,0.029973,0.000000,3.199502,0.005161,0.000000,0.000000
8270.0,0.523599,0.523090,0.003712,0.023923,0.030531,0.000000,3.199501,-0.000579,0.000000,0.000000
8275.0,0.523599,0.523093,0.026570,0.023038,0.030334,0.000000,3.199500,-0.002024,0.000000,0.000000
8280.0,0.523599,0.523471,0.377739,0.015654,0.007668,0.000000,3.199500,-0.002710,0.000130,0.000000
8285.0,0.523599,0.524063,0.266416,0.003348,-0.027823,0.000000,3.199500,0.001158,0.000000,0.000000
8290.0,0.523599,0.524221,-0.017706,0.013192,-0.037322,0.000000,3.199501,0.027191,0.001726,0.000000
8295.0,0.523599,0.524227,-0.035105,0.014767,-0.037690,0.000000,3.199506,0.041831,-0.000130,0.000000
8300.0,0.523599,0.524229,-0.048019,0.013192,-0.037808,0.000000,3.199507,0.010899,0.000000,0.000000
8305.0,0.523599,0.523606,-0.506055,0.042922,-0.000408,0.000000,3.199500,-0.022166,0.000000,0.000000
8310.0,0.523599,0.523126,-0.024297,0.027077,0.028385,0.000000,3.199494,-0.034205,-0.000130,0.000000
8315.0,0.523599,0.523097,0.012416,0.023038,0.030105,0.000000,3.199496,-0.000335,-0.000863,0.000000
8320.0,0.523599,0.523091,0.028554,0.025500,0.030445,0.000000,3.199497,-0.004607,0.000130,0.000000
8325.0,0.523599,0.523090,-0.004001,0.024807,0.030502,0.000000,3.199498,-0.004943,0.000000,0.000000
8330.0,0.523599,0.523606,0.347497,0.006498,-0.000454,0.000000,3.199502,0.013452,0.000000,0.000000
8335.0,0.523599,0.524024,0.259306,0.005809,-0.025517,0.000000,3.199504,0.014160,0.000130,0.000000
8340.0,0.523599,0.524218,-0.024682,0.012505,-0.037168,0.000000,3.199502,0.006383,0.000000,0.000000
8345.0,0.523599,0.524227,-0.037560,0.014079,-0.037665,0.000000,3.199500,-0.007891,0.000130,0.000000
8350.0,0.523599,0.524231,-0.035508,0.013192,-0.037905,0.000000,3.199500,-0.001169,0.000000,0.000000
8355.0,0.523599,0.523718,-0.289027,0.030422,-0.007149,0.000000,3.199501,0.006560,-0.000130,0.000000
8360.0,0.523599,0.523153,-0.088043,0.028654,0.026776,0.000000,3.199502,0.002475,0.000000,0.000000
8365.0,0.523599,0.523100,-0.004818,0.023923,0.029898,0.000000,3.199502,0.002356,0.000000,0.000000
8370.0,0.523599,0.523091,0.012744,0.023923,0.030491,0.000000,3.199501,0.009881,0.000863,0.000000
8375.0,0.523599,0.523091,0.020666,0.023731,0.030470,0.000000,3.199502,0.003363,0.000000,0.000000
8380.0,0.523599,0.523606,0.350454,0.007187,-0.000436,0.000000,3.199500,-0.006566,0.000000,0.000000
8385.0,0.523599,0.523936,0.253953,0.004922,-0.020249,0.000000,3.199500,-0.001686,0.000000,0.000000
8390.0,0.523599,0.524212,-0.014135,0.011618,-0.036803,0.000000,3.199504,0.013105,0.000000,0.000000
8395.0,0.523599,0.524227,-0.017079,0.013192,-0.037683,0.000000,3.199500,-0.015909,-0.000130,0.000000
8400.0,0.523599,0.524229,-0.031152,0.014079,-0.037808,0.000000,3.199497,-0.014891,0.000000,0.000000
8405.0,0.523599,0.523719,-0.311271,0.031307,-0.007210,0.000000,3.199496,-0.014248,0.000130,0.000000
8410.0,0.523599,0.522950,-0.285757,0.037304,0.038942,0.000000,3.199497,-0.000117,0.000130,0.000000
8415.0,0.523599,0.522743,-0.061932,0.027962,0.051320,0.000000,3.199501,0.022118,0.000130,0.000000
8420.0,0.523599,0.522707,0.011404,0.027078,0.053501,0.000000,3.199502,0.017509,0.000863,0.000000
8425.0,0.523599,0.523220,0.325801,0.011616,0.022745,0.000000,3.199508,0.032299,0.000863,0.000000
8430.0,0.523599,0.523732,0.232314,0.010731,-0.007975,0.000000,3.199504,-0.000029,-0.000130,0.000000
8435.0,0.523599,0.524147,0.131942,0.009157,-0.032873,0.000000,3.199500,-0.009180,0.000130,0.000000
8440.0,0.523599,0.524226,-0.035949,0.012505,-0.037612,0.000000,3.199500,-0.004359,0.000000,0.000000
8445.0,0.523599,0.524229,-0.017156,0.011419,-0.037833,0.000000,3.199497,-0.006594,0.000000,0.000000
8450.0,0.523599,0.523807,-0.325217,0.023038,-0.012474,0.000000,3.199498,-0.005609,0.000130,0.000000
8455.0,0.523599,0.523327,-0.247544,0.032884,0.016294,0.000000,3.199500,-0.006310,0.000000,0.000000
8460.0,0.523599,0.523107,-0.026897,0.023230,0.029536,0.000000,3.199500,-0.001187,0.000000,0.000000
8465.0,0.523599,0.523093,0.010069,0.023923,0.030359,0.000000,3.199502,0.012586,0.000000,0.000000
8470.0,0.523599,0.523094,0.015988,0.023038,0.030259,0.000000,3.199501,-0.009520,0.000000,0.000000
8475.0,0.523599,0.523091,0.007266,0.023038,0.030438,0.000000,3.199499,-0.007938,-0.000130,0.000000
8480.0,0.523599,0.523813,0.483448,0.008270,-0.012882,0.000000,3.199501,0.014477,0.000130,0.000000
8485.0,0.523599,0.524166,0.087317,0.009844,-0.034057,0.000000,3.199503,0.011486,0.000000,0.000000
8490.0,0.523599,0.524226,-0.026475,0.013880,-0.037619,0.000000,3.199500,-0.025198,-0.000863,0.000000
8495.0,0.523599,0.524230,-0.031318,0.013192,-0.037862,0.000000,3.199500,0.002823,0.000000,0.000000
8500.0,0.523599,0.524230,-0.036401,0.013192,-0.037858,0.000000,3.199502,0.010707,0.000000,0.000000
8505.0,0.523599,0.523808,-0.311296,0.032193,-0.012528,0.000000,3.199500,-0.007124,0.000130,0.000000
8510.0,0.523599,0.523189,-0.120852,0.031307,0.024601,0.000000,3.199499,-0.016706,-0.000733,0.000000
8515.0,0.523599,0.523107,-0.001150,0.023923,0.029511,0.000000,3.199498,-0.004996,-0.000130,0.000000
8520.0,0.523599,0.523094,0.022757,0.023731,0.030277,0.000000,3.199500,0.002284,0.000000,0.000000
8525.0,0.523599,0.523093,0.017918,0.023038,0.030320,0.000000,3.199502,0.005872,0.000000,0.000000
8530.0,0.523599,0.523544,0.291380,0.016540,0.003265,0.000000,3.199502,0.002831,-0.000130,0.000000
8535.0,0.523599,0.524010,0.271993,0.004922,-0.024687,0.000000,3.199502,0.002377,0.000000,0.000000
8540.0,0.523599,0.524217,-0.012196,0.013192,-0.037097,0.000000,3.199502,0.009624,0.000000,0.000000
8545.0,0.523599,0.524226,-0.015309,0.012704,-0.037630,0.000000,3.199502,-0.001270,0.000130,0.000000
8550.0,0.523599,0.524025,-0.209135,0.024809,-0.025578,0.000000,3.199500,-0.004274,0.000000,0.000000
8555.0,0.523599,0.523613,-0.207535,0.029730,-0.000858,0.000000,3.199499,-0.006358,0.000000,0.000000
8560.0,0.523599,0.523130,-0.026924,0.027961,0.028117,0.000000,3.199499,-0.002701,0.000000,0.000000
8565.0,0.523599,0.523098,0.007526,0.023923,0.030069,0.000000,3.199500,0.000049,0.000000,0.000000
8570.0,0.523599,0.523092,-0.004145,0.022346,0.030406,0.000000,3.199499,-0.009682,0.000000,0.000000
8575.0,0.523599,0.523088,0.014571,0.024615,0.030642,0.000000,3.199499,-0.003744,0.000000,0.000000
8580.0,0.523599,0.523517,0.342837,0.015654,0.004892,0.000000,3.199501,0.005465,-0.000130,0.000000
8585.0,0.523599,0.524007,0.277385,0.003348,-0.024472,0.000000,3.199502,0.008850,-0.000130,0.000000
8590.0,0.523599,0.524216,-0.017219,0.012505,-0.037036,0.000000,3.199502,0.001257,0.000000,0.000000
8595.0,0.523599,0.524228,-0.009678,0.011618,-0.037733,0.000000,3.199503,0.011029,0.000000,0.000000
8600.0,0.523599,0.524230,-0.016636,0.014079,-0.037891,0.000000,3.199502,-0.002424,0.000000,0.000000
8605.0,0.523599,0.523809,-0.302734,0.029731,-0.012606,0.000000,3.199500,-0.008327,0.000000,0.000000
8610.0,0.523599,0.523159,-0.080531,0.031307,0.026386,0.000000,3.199501,0.000405,-0.000130,0.000000
8615.0,0.523599,0.523103,0.006001,0.023923,0.029744,0.000000,3.199501,-0.001843,0.000000,0.000000
8620.0,0.523599,0.523092,0.013324,0.023923,0.030409,0.000000,3.199499,-0.020033,-0.000863,0.000000
8625.0,0.523599,0.523091,0.029649,0.023731,0.030470,0.000000,3.199495,-0.020503,0.000130,0.000000
8630.0,0.523599,0.523743,0.224771,0.007581,-0.008644,0.000000,3.199499,0.005035,0.000130,0.000000
8635.0,0.523599,0.523840,0.021497,0.017228,-0.014491,0.000000,3.199502,0.005869,0.000000,0.000000
8640.0,0.523599,0.524203,-0.007137,0.009844,-0.036235,0.000000,3.199505,0.016589,0.000000,0.000000
8645.0,0.523599,0.524225,-0.026760,0.013880,-0.037587,0.000000,3.199504,0.009313,0.000000,0.000000
8650.0,0.523599,0.524227,-0.036486,0.013192,-0.037676,0.000000,3.199500,-0.009679,0.000000,0.000000
8655.0,0.523599,0.523848,-0.386008,0.034459,-0.014970,0.000000,3.199499,0.005696,0.000000,0.000000
8660.0,0.523599,0.523161,-0.090920,0.030423,0.026278,0.000000,3.199499,-0.006289,0.000000,0.000000
8665.0,0.523599,0.523103,0.001443,0.023923,0.029737,0.000000,3.199499,-0.002331,0.000000,0.000000
8670.0,0.523599,0.523093,0.020529,0.023038,0.030345,0.000000,3.199500,0.003264,0.000000,0.000000
8675.0,0.523599,0.523092,0.018578,0.023923,0.030398,0.000000,3.199500,0.000058,0.000000,0.000000
8680.0,0.523599,0.523296,0.212465,0.015654,0.018196,0.000000,3.199503,0.004387,-0.000863,0.000000
8685.0,0.523599,0.523717,0.230735,0.008270,-0.007095,0.000000,3.199502,0.002345,0.000000,0.000000
8690.0,0.523599,0.523847,0.017865,0.016540,-0.014884,0.000000,3.199503,0.013427,0.000000,0.000000
8695.0,0.523599,0.523853,-0.012531,0.018115,-0.015256,0.000000,3.199503,0.016513,0.000000,0.000000
8700.0,0.523599,0.523853,-0.021733,0.016540,-0.015271,0.000000,3.199498,-0.022203,0.000000,0.000000
8705.0,0.523599,0.523854,0.002473,0.017229,-0.015335,0.000000,3.199494,-0.024876,0.000000,0.000000
8710.0,0.523599,0.523850,-0.011446,0.018115,-0.015092,0.000000,3.199494,-0.013246,0.000000,0.000000
8715.0,0.523599,0.523588,-0.158163,0.027270,0.000665,0.000000,3.199500,0.015317,0.000000,0.000000
8720.0,0.523599,0.523214,-0.169265,0.030423,0.023067,0.000000,3.199506,0.021939,0.000000,0.000000
8725.0,0.523599,0.523107,-0.033417,0.025500,0.029497,0.000000,3.199507,0.024379,-0.000863,0.000000
8730.0,0.523599,0.523089,-0.000911,0.023923,0.030581,0.000000,3.199502,-0.002816,0.000000,0.000000
8735.0,0.523599,0.523091,0.011695,0.023038,0.030488,0.000000,3.199500,0.007021,-0.000863,0.000000
8740.0,0.523599,0.523513,0.323418,0.015654,0.005125,0.000000,3.199500,-0.001605,0.000000,0.000000
8745.0,0.523599,0.523802,0.087595,0.013192,-0.012167,0.000000,3.199501,0.024374,-0.000733,0.000000
8750.0,0.523599,0.524159,0.098812,0.008071,-0.033617,0.000000,3.199504,0.014671,0.000000,0.000000
8755.0,0.523599,0.524218,-0.023430,0.014767,-0.037133,0.000000,3.199502,0.000595,0.000000,0.000000
8760.0,0.523599,0.524227,-0.024284,0.014767,-0.037712,0.000000,3.199497,-0.014208,0.000130,0.000000
8765.0,0.523599,0.523850,-0.369758,0.033078,-0.015092,0.000000,3.199501,0.008016,0.000000,0.000000
8770.0,0.523599,0.523295,-0.220014,0.031499,0.018232,0.000000,3.199501,-0.002915,0.000000,0.000000
8775.0,0.523599,0.523123,-0.038942,0.025500,0.028557,0.000000,3.199498,-0.021669,0.000000,0.000000
8780.0,0.523599,0.523093,0.001691,0.023923,0.030366,0.000000,3.199497,-0.005378,0.000000,0.000000
8785.0,0.523599,0.523092,0.009521,0.023038,0.030427,0.000000,3.199501,0.010430,0.000000,0.000000
8790.0,0.523599,0.523204,0.202197,0.023923,0.023707,0.000000,3.199507,0.044570,0.000993,0.000000
8795.0,0.523599,0.523699,0.288049,0.007384,-0.005997,0.000000,3.199506,0.007599,0.000000,0.000000
8800.0,0.523599,0.524180,0.055034,0.008270,-0.034858,0.000000,3.199500,-0.011883,0.000000,0.000000
8805.0,0.523599,0.524222,-0.020996,0.013192,-0.037415,0.000000,3.199499,-0.005124,0.000130,0.000000
8810.0,0.523599,0.524230,-0.014865,0.014079,-0.037851,0.000000,3.199496,-0.015747,0.000000,0.000000
8815.0,0.523599,0.524116,-0.224733,0.023923,-0.031017,0.000000,3.199496,-0.017014,0.000000,0.000000
8820.0,0.523599,0.523603,-0.181560,0.027960,-0.000247,0.000000,3.199499,0.000629,0.000000,0.000000
8825.0,0.523599,0.523228,-0.158203,0.028846,0.022227,0.000000,3.199501,0.005323,0.000130,0.000000
8830.0,0.523599,0.523100,0.009458,0.023923,0.029944,0.000000,3.199503,0.009686,0.000130,0.000000
8835.0,0.523599,0.523093,0.023503,0.023038,0.030377,0.000000,3.199502,-0.006852,-0.000863,0.000000
8840.0,0.523599,0.523090,-0.005964,0.023038,0.030502,0.000000,3.199498,-0.006125,0.000130,0.000000
8845.0,0.523599,0.523472,0.398185,0.004036,0.007585,0.000000,3.199500,0.005178,0.000130,0.000000
8850.0,0.523599,0.524035,0.224403,0.005809,-0.026186,0.000000,3.199507,0.023128,0.000000,0.000000
8855.0,0.523599,0.524200,0.013671,0.011618,-0.036088,0.000000,3.199505,0.008570,0.000000,0.000000
8860.0,0.523599,0.524229,-0.029072,0.013192,-0.037808,0.000000,3.199498,-0.017376,0.000000,0.000000
8865.0,0.523599,0.524228,-0.037296,0.013192,-0.037726,0.000000,3.199497,-0.011776,0.000000,0.000000
8870.0,0.523599,0.523717,-0.311630,0.033078,-0.007092,0.000000,3.199497,-0.007745,0.000000,0.000000
8875.0,0.523599,0.523247,-0.189375,0.031115,0.021136,0.000000,3.199503,0.024110,0.000000,0.000000
8880.0,0.523599,0.523103,0.013542,0.023923,0.029776,0.000000,3.199502,0.003011,0.000130,0.000000
8885.0,0.523599,0.523093,0.019163,0.023923,0.030334,0.000000,3.199503,0.010835,0.000000,0.000000
8890.0,0.523599,0.523091,0.015747,0.023923,0.030463,0.000000,3.199499,-0.013293,0.000000,0.000000
8895.0,0.523599,0.523091,0.021026,0.024808,0.030456,0.000000,3.199497,-0.016960,0.000000,0.000000
8900.0,0.523599,0.523716,0.240144,0.008270,-0.007049,0.000000,3.199498,-0.013814,-0.000993,0.000000
8905.0,0.523599,0.523837,0.035081,0.016540,-0.014273,0.000000,3.199497,-0.008717,0.000000,0.000000
8910.0,0.523599,0.524203,0.003700,0.010731,-0.036238,0.000000,3.199502,0.011163,0.000000,0.000000
8915.0,0.523599,0.524224,-0.033132,0.013192,-0.037494,0.000000,3.199504,0.016244,0.000130,0.000000
8920.0,0.523599,0.524227,-0.047405,0.013192,-0.037680,0.000000,3.199504,-0.001676,-0.000863,0.000000
8925.0,0.523599,0.524025,-0.213247,0.023038,-0.025545,0.000000,3.199503,0.006337,0.000000,0.000000
8930.0,0.523599,0.523399,-0.225758,0.024807,0.011970,0.000000,3.199502,-0.014219,-0.001726,0.000000
8935.0,0.523599,0.523145,-0.074836,0.027961,0.027219,0.000000,3.199498,-0.013026,0.000000,0.000000
8940.0,0.523599,0.523095,-0.005906,0.023038,0.030223,0.000000,3.199499,-0.002361,0.000000,0.000000
8945.0,0.523599,0.523091,0.007402,0.023038,0.030441,0.000000,3.199500,0.002909,-0.000863,0.000000
8950.0,0.523599,0.523359,0.186515,0.014768,0.014416,0.000000,3.199500,0.001381,0.000000,0.000000
8955.0,0.523599,0.523768,0.153355,0.012503,-0.010167,0.000000,3.199499,0.000708,0.000000,0.000000
8960.0,0.523599,0.524182,0.041395,0.009157,-0.035022,0.000000,3.199502,0.008717,0.000000,0.000000
8965.0,0.523599,0.524222,-0.040350,0.014079,-0.037369,0.000000,3.199502,0.006189,0.000000,0.000000
8970.0,0.523599,0.524226,-0.030633,0.014966,-0.037655,0.000000,3.199501,-0.006773,-0.000863,0.000000
8975.0,0.523599,0.523962,-0.179054,0.023038,-0.021765,0.000000,3.199500,0.009037,0.000130,0.000000
8980.0,0.523599,0.523307,-0.222331,0.032192,0.017484,0.000000,3.199502,0.005788,0.000000,0.000000
8985.0,0.523599,0.523126,-0.055687,0.026384,0.028363,0.000000,3.199502,0.012845,0.000000,0.000000
8990.0,0.523599,0.523093,0.015718,0.023923,0.030370,0.000000,3.199500,-0.005725,0.000000,0.000000
8995.0,0.523599,0.523092,0.006956,0.024807,0.030388,0.000000,3.199500,-0.004632,0.000130,0.000000
9000.0,0.523599,0.523204,0.203849,0.023923,0.023668,0.000000,3.199500,0.007348,0.000863,0.000000
9005.0,0.523599,0.523699,0.283432,0.007383,-0.006033,0.000000,3.199501,0.005260,0.000000,0.000000
9010.0,0.523599,0.524198,0.025533,0.009844,-0.035927,0.000000,3.199501,-0.001333,0.000000,0.000000
9015.0,0.523599,0.524226,-0.031309,0.012306,-0.037619,0.000000,3.199500,-0.003802,0.000000,0.000000
9020.0,0.523599,0.524227,-0.022293,0.014079,-0.037723,0.000000,3.199497,-0.022545,-0.000863,0.000000
9025.0,0.523599,0.523848,-0.371982,0.032193,-0.014938,0.000000,3.199494,-0.028615,0.000130,0.000000
9030.0,0.523599,0.523188,-0.120587,0.032192,0.024633,0.000000,3.199503,0.022898,0.000000,0.000000
9035.0,0.523599,0.523107,0.002846,0.024615,0.029497,0.000000,3.199505,0.029560,-0.000863,0.000000
9040.0,0.523599,0.523094,0.004476,0.022346,0.030309,0.000000,3.199502,-0.005989,0.000130,0.000000
9045.0,0.523599,0.523090,0.019792,0.023923,0.030509,0.000000,3.199500,-0.005221,0.000000,0.000000
9050.0,0.523599,0.523207,0.214579,0.023923,0.023525,0.000000,3.199502,0.000423,-0.000733,0.000000
9055.0,0.523599,0.523699,0.265041,0.009844,-0.006037,0.000000,3.199502,0.007807,0.000993,0.000000
9060.0,0.523599,0.524197,0.020107,0.008958,-0.035899,0.000000,3.199501,-0.002793,0.000000,0.000000
9065.0,0.523599,0.524224,-0.032838,0.013192,-0.037540,0.000000,3.199500,-0.006350,0.000000,0.000000
9070.0,0.523599,0.524227,-0.044819,0.012505,-0.037719,0.000000,3.199498,-0.000768,0.000863,0.000000
9075.0,0.523599,0.523807,-0.306465,0.032193,-0.012485,0.000000,3.199497,-0.020572,0.000000,0.000000
9080.0,0.523599,0.523188,-0.123506,0.030423,0.024626,0.000000,3.199506,0.037251,0.000000,0.000000
9085.0,0.523599,0.523108,0.004691,0.023923,0.029436,0.000000,3.199507,0.018375,0.000000,0.000000
9090.0,0.523599,0.523093,0.012670,0.023038,0.030334,0.000000,3.199504,0.001689,-0.000863,0.000000
9095.0,0.523599,0.523091,0.027037,0.023038,0.030438,0.000000,3.199502,-0.001866,0.000000,0.000000
9100.0,0.523599,0.523091,0.020905,0.023038,0.030438,0.000000,3.199498,-0.014697,0.000000,0.000000
9105.0,0.523599,0.523358,0.178102,0.015654,0.014452,0.000000,3.199497,-0.014102,0.000000,0.000000
9110.0,0.523599,0.524131,0.152277,0.004235,-0.031929,0.000000,3.199497,-0.006929,0.000000,0.000000
9115.0,0.523599,0.524215,-0.004658,0.013192,-0.036947,0.000000,3.199499,-0.001020,0.000000,0.000000
9120.0,0.523599,0.524229,-0.029973,0.012306,-0.037823,0.000000,3.199501,0.002746,0.000000,0.000000
9125.0,0.523599,0.524228,-0.040621,0.014079,-0.037769,0.000000,3.199499,-0.007707,0.000000,0.000000
9130.0,0.523599,0.523515,-0.423021,0.030423,0.005000,0.000000,3.199502,0.014153,0.000000,0.000000
9135.0,0.523599,0.523048,-0.276424,0.034653,0.033056,0.000000,3.199503,0.010704,0.000000,0.000000
9140.0,0.523599,0.522730,-0.030202,0.027268,0.052114,0.000000,3.199502,0.003306,0.000130,0.000000
9145.0,0.523599,0.522708,-0.001057,0.026384,0.053422,0.000000,3.199502,0.011447,0.000000,0.000000
9150.0,0.523599,0.523089,0.399597,0.018806,0.030566,0.000000,3.199500,-0.007277,0.000000,0.000000
9155.0,0.523599,0.523727,0.260634,0.008270,-0.007703,0.000000,3.199499,-0.004622,0.000000,0.000000
9160.0,0.523599,0.524183,0.052958,0.009157,-0.035037,0.000000,3.199502,0.021334,0.000000,0.000000
9165.0,0.523599,0.524224,-0.024462,0.012505,-0.037504,0.000000,3.199502,-0.000812,0.000000,0.000000
9170.0,0.523599,0.524229,-0.034922,0.013192,-0.037837,0.000000,3.199499,-0.008571,0.000000,0.000000
9175.0,0.523599,0.524231,-0.025849,0.013192,-0.037916,0.000000,3.199499,-0.006818,0.000000,0.000000
9180.0,0.523599,0.523341,-0.291629,0.037115,0.015442,0.000000,3.199499,-0.001081,0.000130,0.000000
9185.0,0.523599,0.523134,-0.033039,0.026384,0.027866,0.000000,3.199500,0.003688,0.000000,0.000000
9190.0,0.523599,0.523097,0.033216,0.024615,0.030130,0.000000,3.199502,0.006553,0.000000,0.000000
9195.0,0.523599,0.523094,0.020998,0.023038,0.030259,0.000000,3.199502,-0.009304,0.000130,0.000000
9200.0,0.523599,0.523092,0.020152,0.023923,0.030416,0.000000,3.199500,-0.000844,0.000130,0.000000
9205.0,0.523599,0.523360,0.170974,0.016539,0.014305,0.000000,3.199501,0.014222,0.000000,0.000000
9210.0,0.523599,0.523808,0.102201,0.011617,-0.012535,0.000000,3.199502,-0.005915,-0.000733,0.000000
9215.0,0.523599,0.523848,0.023219,0.016540,-0.014974,0.000000,3.199497,-0.017329,0.000000,0.000000
9220.0,0.523599,0.523854,-0.002772,0.017229,-0.015303,0.000000,3.199500,0.002250,0.000000,0.000000
9225.0,0.523599,0.523852,-0.010862,0.018115,-0.015188,0.000000,3.199501,0.002852,0.000130,0.000000
9230.0,0.523599,0.523854,0.000192,0.018115,-0.015306,0.000000,3.199506,0.036313,0.000863,0.000000
9235.0,0.523599,0.523853,-0.000047,0.018115,-0.015235,0.000000,3.199506,0.006606,0.000000,0.000000
9240.0,0.523599,0.523737,-0.205262,0.018115,-0.008318,0.000000,3.199499,-0.015017,0.000000,0.000000
9245.0,0.523599,0.523315,-0.243426,0.030615,0.017030,0.000000,3.199499,-0.005818,0.000000,0.000000
9250.0,0.523599,0.523104,-0.024953,0.023731,0.029697,0.000000,3.199497,-0.019574,0.000000,0.000000
9255.0,0.523599,0.523090,0.004475,0.024615,0.030513,0.000000,3.199495,-0.025570,0.000000,0.000000
9260.0,0.523599,0.523090,0.006746,0.023923,0.030545,0.000000,3.199498,-0.000186,0.000000,0.000000
9265.0,0.523599,0.523358,0.181290,0.015654,0.014434,0.000000,3.199502,0.025024,0.000000,0.000000
9270.0,0.523599,0.524131,0.157802,0.004922,-0.031954,0.000000,3.199507,0.024890,0.000000,0.000000
9275.0,0.523599,0.524215,-0.011077,0.012306,-0.036986,0.000000,3.199506,0.007905,0.000130,0.000000
9280.0,0.523599,0.524228,-0.043626,0.012993,-0.037769,0.000000,3.199501,-0.006910,0.000130,0.000000
9285.0,0.523599,0.524228,-0.033650,0.013192,-0.037744,0.000000,3.199499,-0.011210,0.000000,0.000000
9290.0,0.523599,0.523516,-0.426657,0.029538,0.004953,0.000000,3.199497,-0.012292,0.000000,0.000000
9295.0,0.523599,0.522894,-0.263359,0.036231,0.042286,0.000000,3.199498,-0.007288,0.000000,0.000000
9300.0,0.523599,0.522715,-0.015457,0.028846,0.053040,0.000000,3.199499,-0.002951,0.000000,0.000000
9305.0,0.523599,0.522707,-0.005281,0.026384,0.053533,0.000000,3.199502,0.010460,-0.000863,0.000000
9310.0,0.523599,0.523516,0.467541,0.000689,0.004957,0.000000,3.199500,-0.001338,0.000000,0.000000
9315.0,0.523599,0.524116,0.206001,0.005610,-0.031053,0.000000,3.199503,0.010367,0.000000,0.000000
9320.0,0.523599,0.524222,-0.039418,0.012505,-0.037401,0.000000,3.199502,-0.000456,0.000000,0.000000
9325.0,0.523599,0.524230,-0.012188,0.012505,-0.037891,0.000000,3.199500,-0.006049,0.000000,0.000000
9330.0,0.523599,0.524116,-0.218299,0.013192,-0.031039,0.000000,3.199499,-0.004463,0.000000,0.000000
9335.0,0.523599,0.523629,-0.225228,0.029731,-0.001820,0.000000,3.199499,-0.016184,0.000863,0.000000
9340.0,0.523599,0.523150,-0.051572,0.029538,0.026947,0.000000,3.199500,-0.011474,-0.000863,0.000000
9345.0,0.523599,0.523104,0.010548,0.024615,0.029715,0.000000,3.199499,-0.004118,0.000000,0.000000
9350.0,0.523599,0.523092,0.029484,0.024615,0.030384,0.000000,3.199501,0.003808,0.000000,0.000000
9355.0,0.523599,0.523094,0.022447,0.023038,0.030302,0.000000,3.199502,0.005641,0.000000,0.000000
9360.0,0.523599,0.523360,0.194756,0.015654,0.014344,0.000000,3.199501,-0.008357,-0.000863,0.000000
9365.0,0.523599,0.523840,0.400702,0.000000,-0.014498,0.000000,3.199499,-0.004549,0.000000,0.000000
9370.0,0.523599,0.524209,0.011369,0.011419,-0.036607,0.000000,3.199501,0.002157,-0.000130,0.000000
9375.0,0.523599,0.524228,-0.014918,0.013192,-0.037733,0.000000,3.199503,0.012096,0.000000,0.000000
9380.0,0.523599,0.524226,-0.052586,0.013392,-0.037662,0.000000,3.199502,0.002480,0.000000,0.000000
9385.0,0.523599,0.523718,-0.323636,0.031998,-0.007142,0.000000,3.199501,0.003356,0.000733,0.000000
9390.0,0.523599,0.523154,-0.066635,0.029538,0.026700,0.000000,3.199498,-0.015746,0.000130,0.000000
9395.0,0.523599,0.523102,-0.012379,0.023923,0.029819,0.000000,3.199499,0.016029,0.000000,0.000000
9400.0,0.523599,0.523092,0.020964,0.023923,0.030395,0.000000,3.199502,0.003532,0.000000,0.000000
9405.0,0.523599,0.523091,0.028608,0.023038,0.030438,0.000000,3.199502,0.010277,0.000000,0.000000
9410.0,0.523599,0.523546,0.305470,0.016540,0.003179,0.000000,3.199502,-0.001998,0.000000,0.000000
9415.0,0.523599,0.523922,0.271588,0.004035,-0.019383,0.000000,3.199499,-0.010045,0.000000,0.000000
9420.0,0.523599,0.524211,-0.000097,0.012505,-0.036739,0.000000,3.199500,-0.008805,-0.000993,0.000000
9425.0,0.523599,0.524225,-0.035142,0.014079,-0.037601,0.000000,3.199499,-0.006131,-0.000863,0.000000
9430.0,0.523599,0.524229,-0.019586,0.014079,-0.037823,0.000000,3.199497,-0.008781,0.000000,0.000000
9435.0,0.523599,0.523851,-0.363827,0.032193,-0.015135,0.000000,3.199499,0.002153,0.000000,0.000000
9440.0,0.523599,0.523161,-0.091304,0.031307,0.026282,0.000000,3.199500,0.002965,0.000000,0.000000
9445.0,0.523599,0.522792,-0.106890,0.028846,0.048380,0.000000,3.199500,-0.002699,0.000000,0.000000
9450.0,0.523599,0.522710,-0.010541,0.026384,0.053308,0.000000,3.199498,-0.011121,0.000000,0.000000
9455.0,0.523599,0.522910,0.207402,0.018115,0.041345,0.000000,3.199500,0.003312,-0.000130,0.000000
9460.0,0.523599,0.523866,0.409249,0.007583,-0.016011,0.000000,3.199503,0.014707,0.000000,0.000000
9465.0,0.523599,0.524176,0.080518,0.009157,-0.034615,0.000000,3.199504,0.012975,-0.000130,0.000000
9470.0,0.523599,0.524228,-0.028321,0.013192,-0.037737,0.000000,3.199503,0.007051,-0.000130,0.000000
9475.0,0.523599,0.524229,-0.036583,0.013192,-0.037816,0.000000,3.199500,-0.023600,0.000863,0.000000
9480.0,0.523599,0.523808,-0.305905,0.023038,-0.012581,0.000000,3.199497,-0.010532,-0.000130,0.000000
9485.0,0.523599,0.523327,-0.260059,0.033769,0.016315,0.000000,3.199496,-0.021619,-0.000130,0.000000
9490.0,0.523599,0.523107,0.002278,0.024615,0.029479,0.000000,3.199499,0.007695,0.000130,0.000000
9495.0,0.523599,0.523096,0.023257,0.023230,0.030187,0.000000,3.199503,0.016064,0.000000,0.000000
9500.0,0.523599,0.523093,0.009158,0.023038,0.030348,0.000000,3.199505,0.016228,0.000000,0.000000
9505.0,0.523599,0.523206,0.214464,0.013883,0.023543,0.000000,3.199504,0.010095,-0.000863,0.000000
9510.0,0.523599,0.523771,0.152942,0.008270,-0.010332,0.000000,3.199500,-0.003407,0.000000,0.000000
9515.0,0.523599,0.523842,0.030036,0.017229,-0.014595,0.000000,3.199501,0.002726,0.000000,0.000000
9520.0,0.523599,0.523853,-0.012484,0.015654,-0.015281,0.000000,3.199501,0.003485,0.000000,0.000000
9525.0,0.523599,0.523853,0.008816,0.017229,-0.015256,0.000000,3.199502,0.014259,0.000000,0.000000
9530.0,0.523599,0.523854,-0.000643,0.017426,-0.015339,0.000000,3.199502,-0.012997,-0.000993,0.000000
9535.0,0.523599,0.523854,-0.010801,0.016540,-0.015339,0.000000,3.199499,-0.000049,0.000000,0.000000
9540.0,0.523599,0.523740,-0.189017,0.017229,-0.008476,0.000000,3.199503,0.009523,0.000000,0.000000
9545.0,0.523599,0.523519,-0.052772,0.023923,0.004771,0.000000,3.199498,-0.016730,0.000000,0.000000
9550.0,0.523599,0.523168,-0.120539,0.027961,0.025842,0.000000,3.199500,0.005590,-0.000733,0.000000
9555.0,0.523599,0.523100,-0.019458,0.025500,0.029923,0.000000,3.199499,-0.003015,0.000000,0.000000
9560.0,0.523599,0.523089,0.004591,0.023923,0.030570,0.000000,3.199501,0.003078,0.000000,0.000000
9565.0,0.523599,0.523089,0.002461,0.023923,0.030613,0.000000,3.199502,0.004268,0.000000,0.000000
9570.0,0.523599,0.523357,0.193920,0.015654,0.014509,0.000000,3.199501,0.005126,0.000000,0.000000
9575.0,0.523599,0.523769,0.149052,0.013881,-0.010225,0.000000,3.199503,0.013150,0.000000,0.000000
9580.0,0.523599,0.523850,-0.007225,0.016540,-0.015070,0.000000,3.199502,0.001198,0.000000,0.000000
9585.0,0.523599,0.523854,0.010511,0.018115,-0.015314,0.000000,3.199501,-0.004363,0.000000,0.000000
9590.0,0.523599,0.523853,-0.004814,0.017229,-0.015281,0.000000,3.199500,-0.005407,0.000130,0.000000
9595.0,0.523599,0.523851,-0.002609,0.018115,-0.015138,0.000000,3.199499,-0.021561,0.000130,0.000000
9600.0,0.523599,0.523854,-0.008928,0.016540,-0.015332,0.000000,3.199501,0.029971,0.001987,0.000000
9605.0,0.523599,0.523852,-0.005190,0.018115,-0.015181,0.000000,3.199504,0.007901,-0.000130,0.000000
9610.0,0.523599,0.523518,-0.060933,0.025499,0.004874,0.000000,3.199500,-0.007920,0.000000,0.000000
9615.0,0.523599,0.523480,0.007989,0.022152,0.007106,0.000000,3.199499,-0.005824,0.000000,0.000000
9620.0,0.523599,0.523475,-0.003854,0.020576,0.007432,0.000000,3.199496,-0.004382,0.000863,0.000000
9625.0,0.523599,0.523473,-0.012024,0.021462,0.007542,0.000000,3.199504,0.022499,0.000000,0.000000
9630.0,0.523599,0.523474,0.014067,0.021462,0.007514,0.000000,3.199504,0.004500,0.000000,0.000000
9635.0,0.523599,0.523472,0.003658,0.020576,0.007614,0.000000,3.199501,-0.010462,-0.000863,0.000000
9640.0,0.523599,0.523472,0.014428,0.022152,0.007603,0.000000,3.199496,-0.014175,0.000000,0.000000
9645.0,0.523599,0.523474,0.010823,0.020576,0.007499,0.000000,3.199500,0.021024,-0.000863,0.000000
9650.0,0.523599,0.523471,0.003866,0.021462,0.007650,0.000000,3.199502,0.004330,0.000000,0.000000
9655.0,0.523599,0.523678,0.223901,0.010731,-0.004739,0.000000,3.199499,-0.009556,0.000000,0.000000
9660.0,0.523599,0.523843,0.009458,0.017426,-0.014652,0.000000,3.199504,0.016356,0.000130,0.000000
9665.0,0.523599,0.523851,-0.003789,0.018115,-0.015103,0.000000,3.199503,0.002648,0.000000,0.000000
9670.0,0.523599,0.523851,-0.026153,0.017426,-0.015138,0.000000,3.199500,-0.005925,0.000000,0.000000
9675.0,0.523599,0.523851,-0.002299,0.017426,-0.015160,0.000000,3.199496,-0.020334,0.000130,0.000000
9680.0,0.523599,0.523852,-0.001017,0.017918,-0.015192,0.000000,3.199499,0.000416,0.000261,0.000000
9685.0,0.523599,0.523850,-0.014379,0.018115,-0.015063,0.000000,3.199501,0.004195,0.000000,0.000000
9690.0,0.523599,0.523585,-0.163679,0.027075,0.000819,0.000000,3.199501,0.000441,0.000000,0.000000
9695.0,0.523599,0.523375,-0.226671,0.032192,0.013443,0.000000,3.199501,-0.000352,0.000000,0.000000
9700.0,0.523599,0.523105,-0.030348,0.026384,0.029647,0.000000,3.199499,-0.007479,0.000000,0.000000
9705.0,0.523599,0.523089,-0.014299,0.023923,0.030581,0.000000,3.199498,-0.013504,0.000000,0.000000
9710.0,0.523599,0.523086,-0.008891,0.023923,0.030756,0.000000,3.199500,0.003335,0.000000,0.000000
9715.0,0.523599,0.523512,0.320738,0.008959,0.005203,0.000000,3.199502,0.008789,0.000000,0.000000
9720.0,0.523599,0.523949,0.218155,0.014966,-0.020993,0.000000,3.199504,0.013087,0.000261,0.000000
9725.0,0.523599,0.524184,0.039531,0.010731,-0.035119,0.000000,3.199503,0.004599,0.000000,0.000000
9730.0,0.523599,0.524226,-0.035259,0.013192,-0.037647,0.000000,3.199502,0.004615,0.000261,0.000000
9735.0,0.523599,0.524228,-0.041469,0.013192,-0.037769,0.000000,3.199499,-0.012896,-0.000863,0.000000
9740.0,0.523599,0.523921,-0.127203,0.023037,-0.019358,0.000000,3.199497,-0.010265,-0.000130,0.000000
9745.0,0.523599,0.523440,-0.300499,0.035346,0.009527,0.000000,3.199500,0.011801,0.000863,0.000000
9750.0,0.523599,0.523112,-0.018143,0.027961,0.029186,0.000000,3.199506,0.018593,0.000000,0.000000
9755.0,0.523599,0.523091,0.001717,0.024615,0.030445,0.000000,3.199502,-0.006143,0.000130,0.000000
9760.0,0.523599,0.523092,0.015603,0.023923,0.030423,0.000000,3.199498,-0.016791,0.000000,0.000000
9765.0,0.523599,0.523359,0.180732,0.015654,0.014412,0.000000,3.199499,0.000926,0.000000,0.000000
9770.0,0.523599,0.524131,0.145833,0.004235,-0.031911,0.000000,3.199502,0.002882,0.000261,0.000000
9775.0,0.523599,0.524215,-0.015829,0.012306,-0.036964,0.000000,3.199501,-0.000587,0.000000,0.000000
9780.0,0.523599,0.524226,-0.047450,0.014079,-0.037633,0.000000,3.199501,0.002406,-0.000130,0.000000
9785.0,0.523599,0.524114,-0.234187,0.023923,-0.030910,0.000000,3.199503,0.008736,-0.000130,0.000000
9790.0,0.523599,0.523447,-0.301324,0.029538,0.009105,0.000000,3.199503,0.000033,0.000000,0.000000
9795.0,0.523599,0.523154,-0.068008,0.025500,0.026661,0.000000,3.199500,-0.009976,0.000000,0.000000
9800.0,0.523599,0.523094,-0.004501,0.023923,0.030302,0.000000,3.199501,0.025643,0.000993,0.000000
9805.0,0.523599,0.523092,0.015940,0.023038,0.030395,0.000000,3.199502,0.003575,-0.000130,0.000000
9810.0,0.523599,0.523091,0.021629,0.023923,0.030463,0.000000,3.199500,-0.007225,0.000000,0.000000
9815.0,0.523599,0.523519,0.336891,0.006695,0.004799,0.000000,3.199497,-0.019099,0.000000,0.000000
9820.0,0.523599,0.524038,0.209934,0.004235,-0.026364,0.000000,3.199498,-0.011270,-0.000733,0.000000
9825.0,0.523599,0.524201,0.008961,0.012306,-0.036106,0.000000,3.199498,-0.007105,0.000000,0.000000
9830.0,0.523599,0.524228,-0.035547,0.013192,-0.037744,0.000000,3.199502,0.010835,0.000000,0.000000
9835.0,0.523599,0.524228,-0.028940,0.013880,-0.037730,0.000000,3.199502,0.003478,0.000000,0.000000
9840.0,0.523599,0.523427,-0.371652,0.043423,0.010325,0.000000,3.199501,-0.001461,0.000000,0.000000
9845.0,0.523599,0.523146,-0.042414,0.025500,0.027158,0.000000,3.199499,-0.010905,0.000000,0.000000
9850.0,0.523599,0.523096,0.012677,0.023923,0.030180,0.000000,3.199499,-0.001282,0.000000,0.000000
9855.0,0.523599,0.523091,0.009886,0.023923,0.030495,0.000000,3.199501,0.006247,0.000261,0.000000
9860.0,0.523599,0.523090,0.012843,0.024615,0.030531,0.000000,3.199503,0.020606,0.000863,0.000000
9865.0,0.523599,0.523473,0.389189,0.004922,0.007542,0.000000,3.199506,0.019465,0.000000,0.000000
9870.0,0.523599,0.524036,0.229648,0.005610,-0.026246,0.000000,3.199502,-0.003894,0.000000,0.000000
9875.0,0.523599,0.524201,0.018065,0.011618,-0.036156,0.000000,3.199502,0.012450,0.000000,0.000000
9880.0,0.523599,0.524228,-0.016280,0.013192,-0.037755,0.000000,3.199498,-0.020895,-0.000130,0.000000
9885.0,0.523599,0.524229,-0.039728,0.013192,-0.037826,0.000000,3.199498,-0.005785,0.000000,0.000000
9890.0,0.523599,0.523512,-0.417541,0.032192,0.005207,0.000000,3.199499,-0.003860,0.000130,0.000000
9895.0,0.523599,0.523162,-0.073175,0.026384,0.026193,0.000000,3.199500,-0.001710,0.000000,0.000000
9900.0,0.523599,0.523096,0.002451,0.023923,0.030148,0.000000,3.199500,-0.004917,0.000000,0.000000
9905.0,0.523599,0.523093,0.013560,0.023923,0.030359,0.000000,3.199499,-0.003954,0.000000,0.000000
9910.0,0.523599,0.523092,0.024477,0.023923,0.030409,0.000000,3.199500,0.005027,0.000000,0.000000
9915.0,0.523599,0.523093,0.027645,0.023038,0.030359,0.000000,3.199500,-0.005250,0.000000,0.000000
9920.0,0.523599,0.523653,0.256965,0.006695,-0.003265,0.000000,3.199502,0.011050,0.000130,0.000000
9925.0,0.523599,0.523827,0.064981,0.014964,-0.013694,0.000000,3.199502,0.005632,0.000000,0.000000
9930.0,0.523599,0.524186,0.037303,0.008958,-0.035205,0.000000,3.199500,-0.013021,0.000000,0.000000
9935.0,0.523599,0.524222,-0.027202,0.013192,-0.037397,0.000000,3.199498,-0.008467,0.000000,0.000000
9940.0,0.523599,0.524113,-0.213615,0.014767,-0.030860,0.000000,3.199502,0.023739,0.000000,0.000000
9945.0,0.523599,0.523514,-0.425169,0.040269,0.005075,0.000000,3.199503,-0.000195,0.000863,0.000000
9950.0,0.523599,0.523120,-0.020431,0.026384,0.028718,0.000000,3.199501,-0.005959,0.000000,0.000000
9955.0,0.523599,0.523095,0.007864,0.023923,0.030220,0.000000,3.199497,-0.016186,0.000000,0.000000
9960.0,0.523599,0.523091,0.025370,0.024615,0.030445,0.000000,3.199498,-0.002179,0.000000,0.000000
9965.0,0.523599,0.523091,0.001404,0.024807,0.030456,0.000000,3.199500,0.004508,0.000000,0.000000
9970.0,0.523599,0.523700,0.286748,0.008270,-0.006051,0.000000,3.199503,0.016397,-0.000130,0.000000
9975.0,0.523599,0.524140,0.121485,0.009844,-0.032476,0.000000,3.199504,0.008879,0.000000,0.000000
9980.0,0.523599,0.524222,-0.037588,0.013192,-0.037372,0.000000,3.199503,0.008196,0.000000,0.000000
9985.0,0.523599,0.524226,-0.041524,0.013192,-0.037637,0.000000,3.199502,-0.000404,0.000000,0.000000
9990.0,0.523599,0.523850,-0.363029,0.023038,-0.015085,0.000000,3.199499,-0.009173,0.000000,0.000000
9995.0,0.523599,0.523535,-0.086932,0.025499,0.003802,0.000000,3.199500,0.003469,0.000000,0.000000
10000.0,0.523599,0.523280,-0.185654,0.028153,0.019140,0.000000,3.199498,-0.024190,-0.000863,0.000000
10005.0,0.523599,0.523121,-0.036031,0.024615,0.028642,0.000000,3.199496,-0.011863,0.000130,0.000000
10010.0,0.523599,0.523092,0.009823,0.024615,0.030409,0.000000,3.199500,0.006237,0.000130,0.000000
10015.0,0.523599,0.523093,0.008159,0.023038,0.030377,0.000000,3.199502,0.008633,0.000000,0.000000
10020.0,0.523599,0.523633,0.304162,0.007384,-0.002081,0.000000,3.199499,-0.010650,0.000000,0.000000
10025.0,0.523599,0.523824,0.064920,0.014079,-0.013508,0.000000,3.199500,-0.000695,-0.000993,0.000000
10030.0,0.523599,0.524204,0.032122,0.011419,-0.036292,0.000000,3.199500,0.003623,0.000130,0.000000
10035.0,0.523599,0.524226,-0.027081,0.014079,-0.037633,0.000000,3.199502,0.012096,0.000130,0.000000
10040.0,0.523599,0.524113,-0.223813,0.013192,-0.030828,0.000000,3.199505,0.024620,0.000863,0.000000
10045.0,0.523599,0.523587,-0.188576,0.028846,0.000694,0.000000,3.199505,0.010991,-0.000863,0.000000
10050.0,0.523599,0.523126,-0.054247,0.026384,0.028342,0.000000,3.199500,-0.004284,0.000000,0.000000
10055.0,0.523599,0.523096,0.005848,0.023923,0.030141,0.000000,3.199500,-0.002190,0.000000,0.000000
10060.0,0.523599,0.523092,0.004534,0.023038,0.030409,0.000000,3.199500,-0.003179,0.000000,0.000000
10065.0,0.523599,0.523090,0.013308,0.023923,0.030541,0.000000,3.199498,-0.013215,0.000000,0.000000
10070.0,0.523599,0.523830,0.432857,0.008270,-0.013876,0.000000,3.199500,0.013181,0.000130,0.000000
10075.0,0.523599,0.524170,0.088449,0.008270,-0.034293,0.000000,3.199503,0.014711,0.000130,0.000000
10080.0,0.523599,0.524225,-0.044728,0.012505,-0.037576,0.000000,3.199503,0.006021,0.000000,0.000000
10085.0,0.523599,0.524226,-0.028813,0.013192,-0.037626,0.000000,3.199502,0.000103,0.000130,0.000000
10090.0,0.523599,0.524024,-0.226999,0.023234,-0.025527,0.000000,3.199504,0.007233,0.000000,0.000000
10095.0,0.523599,0.523612,-0.188418,0.027269,-0.000765,0.000000,3.199500,-0.002802,0.000000,0.000000
10100.0,0.523599,0.523130,-0.035608,0.027269,0.028113,0.000000,3.199499,-0.012640,0.000130,0.000000
10105.0,0.523599,0.523099,0.002810,0.023038,0.029966,0.000000,3.199498,-0.013849,0.000000,0.000000
10110.0,0.523599,0.523091,0.008036,0.023038,0.030438,0.000000,3.199494,-0.029327,0.000000,0.000000
10115.0,0.523599,0.523092,0.008720,0.023923,0.030406,0.000000,3.199499,0.012563,0.000000,0.000000
10120.0,0.523599,0.523403,0.157255,0.016150,0.011734,0.000000,3.199505,0.013905,0.000000,0.000000
10125.0,0.523599,0.523890,0.329061,0.002461,-0.017445,0.000000,3.199502,-0.007508,0.000000,0.000000
10130.0,0.523599,0.524209,0.007013,0.012306,-0.036625,0.000000,3.199500,0.001982,0.000000,0.000000
10135.0,0.523599,0.524227,-0.026145,0.012505,-0.037715,0.000000,3.199499,-0.011169,-0.000130,0.000000
10140.0,0.523599,0.524226,-0.058247,0.012306,-0.037644,0.000000,3.199496,-0.011468,-0.000863,0.000000
10145.0,0.523599,0.524025,-0.212808,0.022151,-0.025563,0.000000,3.199499,-0.000177,0.000000,0.000000
10150.0,0.523599,0.523263,-0.233936,0.034461,0.020159,0.000000,3.199502,-0.001862,-0.000863,0.000000
10155.0,0.523599,0.523118,-0.017865,0.025500,0.028818,0.000000,3.199503,0.011867,0.000000,0.000000
10160.0,0.523599,0.523093,-0.000590,0.023038,0.030327,0.000000,3.199502,0.003382,0.000130,0.000000
10165.0,0.523599,0.523094,0.009663,0.023923,0.030316,0.000000,3.199502,0.002939,0.000000,0.000000
10170.0,0.523599,0.523206,0.199837,0.023038,0.023589,0.000000,3.199501,-0.001296,0.000000,0.000000
10175.0,0.523599,0.523635,0.296083,0.008270,-0.002171,0.000000,3.199500,-0.003044,0.000000,0.000000
10180.0,0.523599,0.523842,0.013728,0.015654,-0.014616,0.000000,3.199499,-0.007105,-0.000130,0.000000
10185.0,0.523599,0.523852,-0.016328,0.018804,-0.015163,0.000000,3.199502,0.009840,0.000993,0.000000
10190.0,0.523599,0.523852,-0.014646,0.017426,-0.015181,0.000000,3.199508,0.029848,0.000130,0.000000
10195.0,0.523599,0.523852,-0.017024,0.019001,-0.015213,0.000000,3.199505,0.003014,0.000000,0.000000
10200.0,0.523599,0.523852,-0.014647,0.016540,-0.015196,0.000000,3.199497,-0.025557,0.000000,0.000000
10205.0,0.523599,0.523854,-0.010612,0.016540,-0.015289,0.000000,3.199495,-0.029373,0.000000,0.000000
10210.0,0.523599,0.523518,-0.038851,0.026384,0.004860,0.000000,3.199496,-0.007560,0.000000,0.000000
10215.0,0.523599,0.523485,0.019936,0.020576,0.006816,0.000000,3.199501,0.012092,0.001726,0.000000
10220.0,0.523599,0.523475,-0.000963,0.019886,0.007410,0.000000,3.199507,0.019689,0.000000,0.000000
10225.0,0.523599,0.523476,0.031511,0.020576,0.007356,0.000000,3.199503,-0.003061,0.000000,0.000000
10230.0,0.523599,0.523473,-0.007272,0.020576,0.007575,0.000000,3.199498,-0.014329,0.000000,0.000000
10235.0,0.523599,0.523474,0.011499,0.021462,0.007517,0.000000,3.199498,0.015766,0.000000,0.000000
10240.0,0.523599,0.523475,0.016065,0.019886,0.007424,0.000000,3.199500,-0.003715,0.000000,0.000000
10245.0,0.523599,0.523474,0.025431,0.020576,0.007517,0.000000,3.199500,-0.005446,0.000000,0.000000
10250.0,0.523599,0.523474,0.004863,0.020576,0.007474,0.000000,3.199498,-0.011073,-0.000130,0.000000
10255.0,0.523599,0.523472,-0.006572,0.021462,0.007596,0.000000,3.199499,-0.005534,-0.000130,0.000000
10260.0,0.523599,0.523784,0.143502,0.013192,-0.011090,0.000000,3.199499,-0.024755,-0.001726,0.000000
10265.0,0.523599,0.523841,-0.004739,0.017229,-0.014552,0.000000,3.199496,-0.010286,0.000000,0.000000
10270.0,0.523599,0.523851,-0.008783,0.016540,-0.015103,0.000000,3.199502,0.010771,0.000000,0.000000
10275.0,0.523599,0.523852,-0.012850,0.017229,-0.015167,0.000000,3.199503,0.012413,-0.000733,0.000000
10280.0,0.523599,0.523850,-0.012998,0.016540,-0.015085,0.000000,3.199506,0.028755,0.000130,0.000000
10285.0,0.523599,0.523849,-0.026734,0.017426,-0.014999,0.000000,3.199506,0.013633,0.000130,0.000000
10290.0,0.523599,0.523649,-0.181829,0.027960,-0.003022,0.000000,3.199501,-0.017096,-0.000863,0.000000
10295.0,0.523599,0.523501,-0.046693,0.023038,0.005876,0.000000,3.199499,-0.004688,-0.000733,0.000000
10300.0,0.523599,0.523474,-0.003585,0.020576,0.007464,0.000000,3.199505,0.020536,0.000000,0.000000
10305.0,0.523599,0.523473,0.016052,0.020576,0.007528,0.000000,3.199504,0.010315,0.000000,0.000000
10310.0,0.523599,0.523473,0.011868,0.022152,0.007560,0.000000,3.199497,-0.022474,0.000000,0.000000
10315.0,0.523599,0.523473,0.023449,0.019000,0.007532,0.000000,3.199495,-0.019952,0.000863,0.000000
10320.0,0.523599,0.523471,0.001440,0.021462,0.007696,0.000000,3.199500,0.011086,0.000863,0.000000
10325.0,0.523599,0.523475,0.027332,0.019886,0.007406,0.000000,3.199502,0.003891,0.000000,0.000000
10330.0,0.523599,0.523471,0.002274,0.021462,0.007685,0.000000,3.199498,-0.018300,0.000000,0.000000
10335.0,0.523599,0.523676,0.186777,0.012306,-0.004613,0.000000,3.199497,-0.009662,0.000000,0.000000
10340.0,0.523599,0.523841,-0.009392,0.015654,-0.014559,0.000000,3.199501,-0.007134,-0.000993,0.000000
10345.0,0.523599,0.523848,-0.027258,0.018115,-0.014927,0.000000,3.199500,-0.000432,0.000130,0.000000
10350.0,0.523599,0.523849,-0.006341,0.019001,-0.015035,0.000000,3.199502,0.010292,0.000000,0.000000
10355.0,0.523599,0.523849,-0.033885,0.017426,-0.015031,0.000000,3.199502,0.004161,0.000863,0.000000
10360.0,0.523599,0.523850,-0.011055,0.017229,-0.015074,0.000000,3.199498,-0.018740,0.000000,0.000000
10365.0,0.523599,0.523647,-0.198731,0.027270,-0.002875,0.000000,3.199496,-0.019816,0.000000,0.000000
10370.0,0.523599,0.523217,-0.166485,0.032000,0.022920,0.000000,3.199499,0.013061,0.000863,0.000000
10375.0,0.523599,0.523108,-0.025728,0.024615,0.029440,0.000000,3.199503,0.015335,0.000000,0.000000
10380.0,0.523599,0.523086,-0.014100,0.023923,0.030752,0.000000,3.199502,0.010167,0.000863,0.000000
10385.0,0.523599,0.523088,0.023749,0.022154,0.030652,0.000000,3.199501,0.010663,0.001726,0.000000
10390.0,0.523599,0.523357,0.187431,0.014768,0.014488,0.000000,3.199503,0.006552,0.000863,0.000000
10395.0,0.523599,0.523661,0.242943,0.010731,-0.003755,0.000000,3.199499,-0.014881,0.000000,0.000000
10400.0,0.523599,0.524177,0.038662,0.006696,-0.034672,0.000000,3.199498,-0.007610,0.000000,0.000000
10405.0,0.523599,0.524218,-0.035915,0.013880,-0.037150,0.000000,3.199499,-0.001631,0.000000,0.000000
10410.0,0.523599,0.524226,-0.030332,0.014079,-0.037605,0.000000,3.199501,0.003431,0.000000,0.000000
10415.0,0.523599,0.523965,-0.166696,0.022840,-0.021955,0.000000,3.199502,0.003309,0.000000,0.000000
10420.0,0.523599,0.523259,-0.212809,0.034461,0.020399,0.000000,3.199503,0.011513,0.000000,0.000000
10425.0,0.523599,0.523117,-0.023893,0.025500,0.028878,0.000000,3.199502,0.002234,0.000000,0.000000
10430.0,0.523599,0.523091,-0.005360,0.023038,0.030441,0.000000,3.199504,0.012448,0.000000,0.000000
10435.0,0.523599,0.523089,0.016188,0.022154,0.030570,0.000000,3.199502,-0.005853,0.000000,0.000000
10440.0,0.523599,0.523205,0.199513,0.023038,0.023650,0.000000,3.199501,-0.008532,0.000130,0.000000
10445.0,0.523599,0.523545,0.294610,0.008959,0.003219,0.000000,3.199496,-0.025297,-0.000130,0.000000
10450.0,0.523599,0.523836,0.019681,0.014964,-0.014230,0.000000,3.199500,0.000473,0.000000,0.000000
10455.0,0.523599,0.523851,-0.001024,0.018115,-0.015124,0.000000,3.199499,-0.013826,0.000000,0.000000
10460.0,0.523599,0.523854,0.003171,0.016540,-0.015310,0.000000,3.199498,-0.006277,0.000130,0.000000
10465.0,0.523599,0.523852,-0.004951,0.018115,-0.015196,0.000000,3.199499,-0.002736,-0.000863,0.000000
10470.0,0.523599,0.523854,-0.000077,0.017229,-0.015292,0.000000,3.199500,0.008276,0.000000,0.000000
10475.0,0.523599,0.523740,-0.215831,0.028155,-0.008451,0.000000,3.199502,-0.003567,0.000000,0.000000
10480.0,0.523599,0.523492,-0.008750,0.021462,0.006409,0.000000,3.199500,0.005746,0.000000,0.000000
10485.0,0.523599,0.523478,0.012909,0.020576,0.007274,0.000000,3.199501,-0.005709,0.000863,0.000000
10490.0,0.523599,0.523475,0.015445,0.020576,0.007406,0.000000,3.199501,0.000682,0.000000,0.000000
10495.0,0.523599,0.523474,0.008212,0.020576,0.007499,0.000000,3.199503,0.011057,0.000130,0.000000
10500.0,0.523599,0.523474,0.016374,0.021462,0.007496,0.000000,3.199501,-0.009028,0.000000,0.000000
10505.0,0.523599,0.523474,-0.000518,0.020576,0.007499,0.000000,3.199497,-0.021783,0.000000,0.000000
10510.0,0.523599,0.523474,0.012067,0.020576,0.007485,0.000000,3.199501,0.019176,0.000863,0.000000
10515.0,0.523599,0.523474,0.008916,0.020576,0.007492,0.000000,3.199507,0.038405,0.000000,0.000000
10520.0,0.523599,0.523473,0.001617,0.020576,0.007564,0.000000,3.199504,-0.010230,0.000000,0.000000
10525.0,0.523599,0.523472,0.004877,0.021462,0.007614,0.000000,3.199497,-0.012475,0.000993,0.000000
10530.0,0.523599,0.523472,0.019408,0.022152,0.007610,0.000000,3.199497,-0.009925,0.000863,0.000000
10535.0,0.523599,0.523473,0.004237,0.021462,0.007542,0.000000,3.199497,-0.016390,0.000000,0.000000
10540.0,0.523599,0.523471,0.013350,0.022152,0.007668,0.000000,3.199498,-0.013828,-0.000863,0.000000
10545.0,0.523599,0.523474,0.006492,0.020576,0.007478,0.000000,3.199499,-0.001973,0.000000,0.000000
10550.0,0.523599,0.523472,0.010911,0.022152,0.007596,0.000000,3.199502,0.011047,0.000000,0.000000
10555.0,0.523599,0.523471,-0.003153,0.022347,0.007646,0.000000,3.199503,-0.000233,-0.000863,0.000000
10560.0,0.523599,0.523472,0.011648,0.021462,0.007585,0.000000,3.199505,0.018207,0.000000,0.000000
10565.0,0.523599,0.523472,0.013173,0.020576,0.007632,0.000000,3.199504,0.006169,0.000000,0.000000
10570.0,0.523599,0.523472,-0.004511,0.020576,0.007621,0.000000,3.199502,0.000052,0.000000,0.000000
10575.0,0.523599,0.523473,0.024857,0.019691,0.007567,0.000000,3.199500,-0.005200,0.000000,0.000000
10580.0,0.523599,0.523474,-0.000431,0.020576,0.007517,0.000000,3.199501,0.003235,0.000000,0.000000
10585.0,0.523599,0.523472,0.018005,0.021462,0.007589,0.000000,3.199497,-0.023459,0.000000,0.000000
10590.0,0.523599,0.523473,-0.000343,0.020576,0.007557,0.000000,3.199497,-0.005384,0.000000,0.000000
10595.0,0.523599,0.523472,0.007409,0.021462,0.007617,0.000000,3.199498,-0.006544,0.000000,0.000000
10600.0,0.523599,0.523470,0.018159,0.023038,0.007714,0.000000,3.199501,0.008113,0.000000,0.000000
10605.0,0.523599,0.523472,0.013683,0.022152,0.007596,0.000000,3.199505,0.032661,0.000130,0.000000
10610.0,0.523599,0.523809,0.093726,0.015654,-0.012610,0.000000,3.199504,0.001067,0.000000,0.000000
10615.0,0.523599,0.523847,0.018198,0.015654,-0.014920,0.000000,3.199502,0.007362,0.000000,0.000000
10620.0,0.523599,0.523851,-0.017273,0.018115,-0.015103,0.000000,3.199502,0.006039,0.000000,0.000000
10625.0,0.523599,0.523850,-0.013664,0.019001,-0.015063,0.000000,3.199501,-0.005953,0.000000,0.000000
10630.0,0.523599,0.523851,-0.020175,0.018115,-0.015110,0.000000,3.199498,-0.025469,-0.000863,0.000000
10635.0,0.523599,0.523851,-0.003929,0.018115,-0.015146,0.000000,3.199492,-0.034103,0.000733,0.000000
10640.0,0.523599,0.523499,-0.053808,0.023232,0.005958,0.000000,3.199498,0.006399,0.000000,0.000000
10645.0,0.523599,0.523271,-0.201954,0.030423,0.019648,0.000000,3.199504,0.024882,0.000863,0.000000
10650.0,0.523599,0.523096,-0.024486,0.025500,0.030155,0.000000,3.199505,0.010299,0.000000,0.000000
10655.0,0.523599,0.523088,-0.007198,0.023923,0.030656,0.000000,3.199502,-0.000414,0.000000,0.000000
10660.0,0.523599,0.523201,0.191196,0.023923,0.023872,0.000000,3.199499,-0.001621,0.000863,0.000000
10665.0,0.523599,0.523695,0.251982,0.010731,-0.005747,0.000000,3.199500,-0.004773,0.000000,0.000000
10670.0,0.523599,0.524181,0.059113,0.010044,-0.034926,0.000000,3.199499,-0.002720,0.000130,0.000000
10675.0,0.523599,0.524221,-0.021563,0.013880,-0.037304,0.000000,3.199504,0.015891,0.000000,0.000000
10680.0,0.523599,0.524225,-0.044436,0.014966,-0.037562,0.000000,3.199502,-0.003461,0.000000,0.000000
10685.0,0.523599,0.524228,-0.023926,0.013192,-0.037769,0.000000,3.199497,-0.020579,0.000000,0.000000
10690.0,0.523599,0.523629,-0.229991,0.031307,-0.001820,0.000000,3.199497,-0.007412,0.000000,0.000000
10695.0,0.523599,0.523296,-0.213543,0.032000,0.018175,0.000000,3.199499,-0.001645,0.000000,0.000000
10700.0,0.523599,0.523103,-0.001205,0.025500,0.029755,0.000000,3.199503,0.016426,0.000000,0.000000
10705.0,0.523599,0.523092,0.003791,0.023923,0.030423,0.000000,3.199503,0.012492,0.000000,0.000000
10710.0,0.523599,0.523091,0.014620,0.023038,0.030438,0.000000,3.199502,-0.000915,0.000000,0.000000
10715.0,0.523599,0.523204,0.198092,0.014768,0.023682,0.000000,3.199499,-0.020877,0.000000,0.000000
10720.0,0.523599,0.523882,0.351404,0.009844,-0.017012,0.000000,3.199497,-0.013019,-0.000130,0.000000
10725.0,0.523599,0.524177,0.081894,0.009157,-0.034715,0.000000,3.199498,-0.002603,0.000130,0.000000
10730.0,0.523599,0.524226,-0.024698,0.014079,-0.037644,0.000000,3.199498,0.007659,0.000863,0.000000
10735.0,0.523599,0.524228,-0.049607,0.014079,-0.037733,0.000000,3.199503,0.031222,-0.000130,0.000000
10740.0,0.523599,0.523806,-0.319237,0.023038,-0.012438,0.000000,3.199504,0.005240,0.000130,0.000000
10745.0,0.523599,0.523262,-0.230173,0.032884,0.020181,0.000000,3.199502,0.001781,0.000000,0.000000
10750.0,0.523599,0.523103,0.017568,0.025500,0.029758,0.000000,3.199500,-0.006219,0.000130,0.000000
10755.0,0.523599,0.523093,0.026825,0.023230,0.030359,0.000000,3.199499,-0.000682,0.000000,0.000000
10760.0,0.523599,0.523359,0.191728,0.015654,0.014412,0.000000,3.199505,0.021970,0.000000,0.000000
10765.0,0.523599,0.523727,0.205459,0.011617,-0.007700,0.000000,3.199506,0.000406,0.000130,0.000000
10770.0,0.523599,0.524183,0.064947,0.009844,-0.035044,0.000000,3.199501,-0.002669,0.000130,0.000000
10775.0,0.523599,0.524222,-0.029690,0.013192,-0.037365,0.000000,3.199500,-0.008766,0.000000,0.000000
10780.0,0.523599,0.524112,-0.232797,0.013881,-0.030813,0.000000,3.199498,-0.008976,0.000000,0.000000
10785.0,0.523599,0.523515,-0.411960,0.038884,0.005028,0.000000,3.199499,-0.001591,0.000000,0.000000
10790.0,0.523599,0.523118,-0.042117,0.025500,0.028853,0.000000,3.199500,-0.000398,0.000000,0.000000
10795.0,0.523599,0.523097,0.007659,0.023038,0.030094,0.000000,3.199498,-0.012260,0.000000,0.000000
10800.0,0.523599,0.523092,0.015500,0.023038,0.030402,0.000000,3.199499,0.000497,0.000000,0.000000
10805.0,0.523599,0.523091,0.001495,0.024807,0.030438,0.000000,3.199501,0.007098,0.000000,0.000000
10810.0,0.523599,0.523700,0.256621,0.005809,-0.006069,0.000000,3.199504,0.011663,0.000000,0.000000
10815.0,0.523599,0.523835,0.040966,0.015654,-0.014144,0.000000,3.199503,0.003240,0.000000,0.000000
10820.0,0.523599,0.524185,0.029815,0.008270,-0.035180,0.000000,3.199499,-0.014781,0.000000,0.000000
10825.0,0.523599,0.524220,-0.038222,0.014079,-0.037279,0.000000,3.199496,-0.022544,-0.000130,0.000000
10830.0,0.523599,0.524227,-0.035927,0.013880,-0.037723,0.000000,3.199498,0.000080,0.000000,0.000000
10835.0,0.523599,0.524116,-0.201029,0.022348,-0.031053,0.000000,3.199501,0.009436,0.000000,0.000000
10840.0,0.523599,0.523423,-0.257826,0.027269,0.010568,0.000000,3.199503,0.011021,0.000130,0.000000
10845.0,0.523599,0.523149,-0.065063,0.026384,0.026987,0.000000,3.199498,-0.023637,0.000000,0.000000
10850.0,0.523599,0.523093,0.000807,0.023923,0.030320,0.000000,3.199499,0.013304,0.000000,0.000000
10855.0,0.523599,0.523093,0.015702,0.023038,0.030345,0.000000,3.199503,0.017428,0.000000,0.000000
10860.0,0.523599,0.523090,0.002711,0.023923,0.030552,0.000000,3.199507,0.020623,0.000000,0.000000
10865.0,0.523599,0.523360,0.201279,0.014767,0.014319,0.000000,3.199505,0.004925,-0.000130,0.000000
10870.0,0.523599,0.524029,0.230581,0.001774,-0.025817,0.000000,3.199499,-0.011318,0.000000,0.000000
10875.0,0.523599,0.524199,0.012139,0.012306,-0.035985,0.000000,3.199498,-0.008762,-0.000130,0.000000
10880.0,0.523599,0.524226,-0.041951,0.012306,-0.037662,0.000000,3.199504,0.025212,0.000000,0.000000
10885.0,0.523599,0.524226,-0.033363,0.014079,-0.037644,0.000000,3.199503,0.011564,0.000000,0.000000
10890.0,0.523599,0.523718,-0.308394,0.033078,-0.007160,0.000000,3.199500,-0.004240,0.001726,0.000000
10895.0,0.523599,0.523309,-0.202472,0.030423,0.017399,0.000000,3.199499,-0.005146,0.000000,0.000000
10900.0,0.523599,0.523106,-0.006241,0.024615,0.029565,0.000000,3.199499,-0.007432,0.000000,0.000000
10905.0,0.523599,0.523093,0.012480,0.023038,0.030334,0.000000,3.199499,-0.007950,0.000000,0.000000
10910.0,0.523599,0.523091,0.009504,0.023923,0.030477,0.000000,3.199499,-0.000922,0.000000,0.000000
10915.0,0.523599,0.523294,0.200597,0.016539,0.018264,0.000000,3.199500,-0.000268,0.000000,0.000000
10920.0,0.523599,0.523801,0.104341,0.013192,-0.012145,0.000000,3.199500,-0.001191,-0.000130,0.000000
10925.0,0.523599,0.524154,0.106869,0.008958,-0.033320,0.000000,3.199501,0.005428,0.000000,0.000000
10930.0,0.523599,0.524225,-0.034846,0.012505,-0.037601,0.000000,3.199502,0.000338,0.000000,0.000000
10935.0,0.523599,0.524226,-0.051694,0.013881,-0.037626,0.000000,3.199501,-0.001783,0.000130,0.000000
10940.0,0.523599,0.523573,-0.136505,0.029537,0.001531,0.000000,3.199506,0.022237,0.000000,0.000000
10945.0,0.523599,0.523226,-0.164077,0.029730,0.022380,0.000000,3.199502,-0.005831,0.000000,0.000000
10950.0,0.523599,0.523100,0.003447,0.024615,0.029955,0.000000,3.199498,-0.025543,-0.000863,0.000000
10955.0,0.523599,0.523092,0.008579,0.023038,0.030427,0.000000,3.199491,-0.040625,0.001857,0.000000
10960.0,0.523599,0.523089,0.005673,0.023923,0.030570,0.000000,3.199501,0.018898,0.000000,0.000000
10965.0,0.523599,0.523518,0.359270,0.004922,0.004867,0.000000,3.199502,0.011976,0.000130,0.000000
10970.0,0.523599,0.524345,0.311362,-0.004236,-0.044800,0.000000,3.199501,0.001497,0.000130,0.000000
10975.0,0.523599,0.524567,-0.004713,0.006697,-0.058104,0.000000,3.199501,0.002467,0.000000,0.000000
10980.0,0.523599,0.524487,-0.256111,0.008958,-0.053290,0.000000,3.199500,-0.007879,0.000000,0.000000
10985.0,0.523599,0.523759,-0.368664,0.031307,-0.009631,0.000000,3.199499,-0.001292,0.000000,0.000000
10990.0,0.523599,0.522825,-0.176733,0.037114,0.046445,0.000000,3.199499,0.000121,0.000130,0.000000
10995.0,0.523599,0.522726,-0.015119,0.027962,0.052392,0.000000,3.199501,0.009514,0.000000,0.000000
11000.0,0.523599,0.522708,0.025553,0.027962,0.053430,0.000000,3.199503,0.011274,0.000130,0.000000
11005.0,0.523599,0.523224,0.359486,0.009846,0.022509,0.000000,3.199505,0.016852,0.000000,0.000000
11010.0,0.523599,0.523933,0.262477,0.010731,-0.020027,0.000000,3.199500,-0.007415,0.000000,0.000000
11015.0,0.523599,0.524183,0.052106,0.010731,-0.035076,0.000000,3.199501,0.005310,0.000000,0.000000
11020.0,0.523599,0.524226,-0.030068,0.013192,-0.037640,0.000000,3.199499,-0.005177,0.000130,0.000000
11025.0,0.523599,0.524230,-0.029063,0.013192,-0.037855,0.000000,3.199499,-0.003443,0.000000,0.000000
11030.0,0.523599,0.524027,-0.213629,0.023234,-0.025699,0.000000,3.199502,0.014244,0.000863,0.000000
11035.0,0.523599,0.523614,-0.199511,0.027960,-0.000926,0.000000,3.199504,0.022510,0.000130,0.000000
11040.0,0.523599,0.523149,-0.056762,0.027961,0.026972,0.000000,3.199502,-0.004617,0.000000,0.000000
11045.0,0.523599,0.523103,0.016480,0.023230,0.029758,0.000000,3.199499,-0.006667,-0.000130,0.000000
11050.0,0.523599,0.523095,0.017687,0.021461,0.030245,0.000000,3.199498,-0.007771,0.000130,0.000000
11055.0,0.523599,0.523206,0.208111,0.013883,0.023550,0.000000,3.199499,-0.003133,0.000130,0.000000
11060.0,0.523599,0.523770,0.162689,0.009845,-0.010246,0.000000,3.199501,0.005932,0.000130,0.000000
11065.0,0.523599,0.523845,0.020291,0.016343,-0.014774,0.000000,3.199502,0.005280,0.000000,0.000000
11070.0,0.523599,0.524187,0.042055,0.008270,-0.035319,0.000000,3.199500,-0.012455,0.000000,0.000000
11075.0,0.523599,0.524224,-0.003618,0.010931,-0.037529,0.000000,3.199499,-0.005207,0.000130,0.000000
11080.0,0.523599,0.524114,-0.223905,0.013192,-0.030917,0.000000,3.199502,0.006354,0.000130,0.000000
11085.0,0.523599,0.523692,-0.257055,0.028651,-0.005565,0.000000,3.199504,0.010797,-0.000130,0.000000
11090.0,0.523599,0.523152,-0.073278,0.029538,0.026836,0.000000,3.199501,-0.016381,-0.000863,0.000000
11095.0,0.523599,0.523100,-0.000313,0.023038,0.029937,0.000000,3.199500,-0.005231,0.000130,0.000000
11100.0,0.523599,0.523093,0.011022,0.023038,0.030327,0.000000,3.199500,0.000092,-0.000130,0.000000
11105.0,0.523599,0.523093,0.015539,0.023038,0.030363,0.000000,3.199502,0.007761,0.000000,0.000000
11110.0,0.523599,0.523295,0.215516,0.014768,0.018239,0.000000,3.199499,-0.009540,-0.000130,0.000000
11115.0,0.523599,0.523758,0.176015,0.010731,-0.009563,0.000000,3.199499,-0.003876,0.000000,0.000000
11120.0,0.523599,0.524115,0.159382,0.007383,-0.030992,0.000000,3.199502,-0.000334,-0.000733,0.000000
11125.0,0.523599,0.524212,-0.020526,0.012505,-0.036789,0.000000,3.199500,-0.013639,0.000000,0.000000
11130.0,0.523599,0.524227,-0.038614,0.013192,-0.037669,0.000000,3.199498,-0.005260,0.000000,0.000000
11135.0,0.523599,0.523961,-0.182055,0.023038,-0.021758,0.000000,3.199500,0.004971,0.000000,0.000000
11140.0,0.523599,0.523243,-0.184286,0.032884,0.021343,0.000000,3.199502,0.004175,-0.000130,0.000000
11145.0,0.523599,0.523116,-0.013063,0.024615,0.028954,0.000000,3.199502,0.002181,0.000000,0.000000
11150.0,0.523599,0.523093,0.007358,0.023923,0.030359,0.000000,3.199504,0.018181,0.000000,0.000000
11155.0,0.523599,0.523091,-0.000540,0.023923,0.030470,0.000000,3.199503,0.003552,0.000000,0.000000
11160.0,0.523599,0.523296,0.218247,0.014078,0.018164,0.000000,3.199498,-0.019852,0.000000,0.000000
11165.0,0.523599,0.523760,0.187169,0.010731,-0.009645,0.000000,3.199497,-0.014448,0.000130,0.000000
11170.0,0.523599,0.524115,0.170111,0.008270,-0.030971,0.000000,3.199499,-0.004644,-0.000130,0.000000
11175.0,0.523599,0.524214,-0.020220,0.012505,-0.036886,0.000000,3.199502,0.024081,0.000000,0.000000
11180.0,0.523599,0.524228,-0.031534,0.012505,-0.037769,0.000000,3.199504,0.009212,0.000000,0.000000
11185.0,0.523599,0.523759,-0.356822,0.031307,-0.009617,0.000000,3.199502,-0.000498,0.000000,0.000000
11190.0,0.523599,0.522843,-0.204256,0.038692,0.045333,0.000000,3.199499,-0.009249,0.000130,0.000000
11195.0,0.523599,0.522726,-0.019146,0.027268,0.052346,0.000000,3.199499,-0.008712,0.000000,0.000000
11200.0,0.523599,0.522708,0.015665,0.027078,0.053422,0.000000,3.199499,-0.007869,0.000000,0.000000
11205.0,0.523599,0.523177,0.386068,0.009845,0.025324,0.000000,3.199499,-0.004875,0.000000,0.000000
11210.0,0.523599,0.523814,0.081354,0.012306,-0.012910,0.000000,3.199500,-0.001583,0.000000,0.000000
11215.0,0.523599,0.523963,0.188235,0.007383,-0.021833,0.000000,3.199500,-0.011069,-0.000863,0.000000
11220.0,0.523599,0.524213,-0.014508,0.011618,-0.036861,0.000000,3.199497,-0.005104,0.000000,0.000000
11225.0,0.523599,0.524226,-0.027259,0.013192,-0.037662,0.000000,3.199500,0.004896,0.000000,0.000000
11230.0,0.523599,0.524116,-0.241161,0.011617,-0.031024,0.000000,3.199502,0.010300,0.000000,0.000000
11235.0,0.523599,0.523514,-0.419413,0.039576,0.005064,0.000000,3.199502,0.009158,0.000000,0.000000
11240.0,0.523599,0.522917,-0.217125,0.034653,0.040923,0.000000,3.199502,0.006811,0.000000,0.000000
11245.0,0.523599,0.522741,-0.044311,0.027962,0.051466,0.000000,3.199502,-0.009514,0.000863,0.000000
11250.0,0.523599,0.522708,-0.001597,0.026384,0.053455,0.000000,3.199501,0.001615,0.000130,0.000000
11255.0,0.523599,0.523087,0.387106,0.008960,0.030699,0.000000,3.199498,-0.022205,0.000000,0.000000
11260.0,0.523599,0.523969,0.358527,-0.002461,-0.022234,0.000000,3.199498,-0.002371,0.000000,0.000000
11265.0,0.523599,0.524196,0.051309,0.010731,-0.035827,0.000000,3.199501,0.008649,0.000000,0.000000
11270.0,0.523599,0.524229,-0.021554,0.013192,-0.037816,0.000000,3.199503,0.009769,0.000000,0.000000
11275.0,0.523599,0.524231,-0.026806,0.013192,-0.037934,0.000000,3.199502,-0.006759,0.000000,0.000000
11280.0,0.523599,0.523515,-0.410566,0.032000,0.005003,0.000000,3.199502,0.005524,0.000000,0.000000
11285.0,0.523599,0.523163,-0.085007,0.027961,0.026157,0.000000,3.199503,0.018385,0.000000,0.000000
11290.0,0.523599,0.523098,0.013406,0.023923,0.030048,0.000000,3.199503,0.003454,0.000000,0.000000
11295.0,0.523599,0.523094,0.008864,0.023038,0.030259,0.000000,3.199502,0.021499,-0.000863,0.000000
11300.0,0.523599,0.523090,0.017415,0.024807,0.030499,0.000000,3.199500,-0.008782,0.000000,0.000000
11305.0,0.523599,0.523207,0.219908,0.014078,0.023482,0.000000,3.199498,-0.013736,0.000000,0.000000
11310.0,0.523599,0.523727,0.207507,0.009156,-0.007689,0.000000,3.199498,-0.008367,0.000000,0.000000
11315.0,0.523599,0.524041,0.215345,0.005809,-0.026507,0.000000,3.199499,-0.005342,0.000000,0.000000
11320.0,0.523599,0.524219,-0.017682,0.013192,-0.037193,0.000000,3.199498,-0.010068,0.000000,0.000000
11325.0,0.523599,0.524226,-0.043472,0.014079,-0.037647,0.000000,3.199500,-0.000853,0.000000,0.000000
11330.0,0.523599,0.524026,-0.212638,0.024809,-0.025610,0.000000,3.199505,0.025370,0.000000,0.000000
11335.0,0.523599,0.523614,-0.190321,0.029537,-0.000894,0.000000,3.199510,0.030611,0.000000,0.000000
11340.0,0.523599,0.523220,-0.151228,0.030423,0.022749,0.000000,3.199501,-0.013726,0.000000,0.000000
11345.0,0.523599,0.523111,-0.018886,0.025500,0.029297,0.000000,3.199497,-0.030037,-0.000130,0.000000
11350.0,0.523599,0.523091,-0.002374,0.023923,0.030452,0.000000,3.199494,-0.015919,0.000863,0.000000
11355.0,0.523599,0.523294,0.212065,0.014767,0.018311,0.000000,3.199497,-0.003427,0.000000,0.000000
11360.0,0.523599,0.524023,0.244775,0.001774,-0.025445,0.000000,3.199501,0.007889,0.000000,0.000000
11365.0,0.523599,0.524198,0.025552,0.010731,-0.035963,0.000000,3.199502,0.008439,0.001726,0.000000
11370.0,0.523599,0.524226,-0.039896,0.013192,-0.037637,0.000000,3.199504,0.006464,0.000000,0.000000
11375.0,0.523599,0.524229,-0.031582,0.013192,-0.037794,0.000000,3.199500,-0.011199,0.000130,0.000000
11380.0,0.523599,0.523720,-0.298594,0.032883,-0.007253,0.000000,3.199500,0.000244,0.000000,0.000000
11385.0,0.523599,0.523091,-0.336008,0.037998,0.030466,0.000000,3.199500,0.000077,0.000000,0.000000
11390.0,0.523599,0.522730,-0.047938,0.027962,0.052142,0.000000,3.199498,-0.008727,0.000000,0.000000
11395.0,0.523599,0.522709,0.009712,0.026384,0.053372,0.000000,3.199499,-0.000745,0.000000,0.000000
11400.0,0.523599,0.523284,0.306252,0.008960,0.018876,0.000000,3.199502,0.004061,-0.000733,0.000000
11405.0,0.523599,0.523762,0.197853,0.009157,-0.009767,0.000000,3.199502,0.009392,0.000000,0.000000
11410.0,0.523599,0.524202,0.033688,0.009844,-0.036192,0.000000,3.199502,-0.008459,-0.000863,0.000000
11415.0,0.523599,0.524224,-0.036204,0.014079,-0.037515,0.000000,3.199499,-0.005167,0.000000,0.000000
11420.0,0.523599,0.524230,-0.040950,0.012505,-0.037866,0.000000,3.199500,0.001896,0.000000,0.000000
11425.0,0.523599,0.524230,-0.023039,0.013192,-0.037862,0.000000,3.199501,0.002922,0.000000,0.000000
11430.0,0.523599,0.523369,-0.306018,0.040269,0.013797,0.000000,3.199506,0.017629,0.000000,0.000000
11435.0,0.523599,0.522934,-0.255782,0.035347,0.039865,0.000000,3.199504,-0.001144,-0.000130,0.000000
11440.0,0.523599,0.522720,-0.008117,0.027962,0.052754,0.000000,3.199500,-0.006511,0.000000,0.000000
11445.0,0.523599,0.522710,0.013099,0.025500,0.053315,0.000000,3.199499,-0.009481,0.000000,0.000000
11450.0,0.523599,0.523223,0.349349,0.008960,0.022527,0.000000,3.199495,-0.030512,0.000000,0.000000
11455.0,0.523599,0.523867,0.412249,-0.000887,-0.016090,0.000000,3.199495,-0.015756,0.001726,0.000000
11460.0,0.523599,0.524209,0.002653,0.010731,-0.036614,0.000000,3.199502,0.007071,-0.000130,0.000000
11465.0,0.523599,0.524226,-0.026836,0.013192,-0.037630,0.000000,3.199502,0.015675,0.000000,0.000000
11470.0,0.523599,0.524231,-0.019031,0.013192,-0.037930,0.000000,3.199506,0.027998,0.000000,0.000000
11475.0,0.523599,0.524028,-0.211569,0.023037,-0.025756,0.000000,3.199505,0.008220,0.000000,0.000000
11480.0,0.523599,0.523530,-0.058946,0.027270,0.004156,0.000000,3.199498,-0.025884,0.000000,0.000000
11485.0,0.523599,0.523177,-0.084524,0.027269,0.025281,0.000000,3.199496,-0.009590,-0.000733,0.000000
11490.0,0.523599,0.523097,0.004509,0.023923,0.030080,0.000000,3.199497,-0.009972,0.000000,0.000000
11495.0,0.523599,0.523093,0.013370,0.024615,0.030341,0.000000,3.199498,-0.002470,0.000000,0.000000
11500.0,0.523599,0.523295,0.215880,0.014574,0.018218,0.000000,3.199502,0.018265,0.000993,0.000000
11505.0,0.523599,0.523760,0.170861,0.011618,-0.009692,0.000000,3.199504,0.015043,0.000000,0.000000
11510.0,0.523599,0.524199,0.017327,0.009844,-0.036002,0.000000,3.199502,0.001387,0.000000,0.000000
11515.0,0.523599,0.524224,-0.039874,0.013192,-0.037487,0.000000,3.199500,-0.003496,-0.000863,0.000000
11520.0,0.523599,0.524116,-0.224419,0.012306,-0.031024,0.000000,3.199499,-0.010113,-0.000863,0.000000
11525.0,0.523599,0.523691,-0.271070,0.030422,-0.005550,0.000000,3.199502,0.034758,-0.000130,0.000000
11530.0,0.523599,0.523180,-0.114005,0.030423,0.025148,0.000000,3.199505,0.007468,0.000000,0.000000
11535.0,0.523599,0.523106,-0.001342,0.023923,0.029540,0.000000,3.199501,-0.007412,0.000000,0.000000
11540.0,0.523599,0.523094,0.024120,0.023038,0.030284,0.000000,3.199498,-0.016110,-0.000993,0.000000
11545.0,0.523599,0.523090,-0.001077,0.023923,0.030527,0.000000,3.199497,-0.011756,0.000130,0.000000
11550.0,0.523599,0.523473,0.396446,0.015654,0.007571,0.000000,3.199502,0.025171,0.000130,0.000000
11555.0,0.523599,0.524002,0.314777,0.002461,-0.024179,0.000000,3.199507,0.023738,0.000000,0.000000
11560.0,0.523599,0.524482,0.130589,0.002461,-0.052990,0.000000,3.199502,-0.007437,-0.000130,0.000000
11565.0,0.523599,0.524584,-0.036069,0.008956,-0.059130,0.000000,3.199495,-0.041703,0.000863,0.000000
11570.0,0.523599,0.524132,-0.381728,0.030618,-0.032018,0.000000,3.199494,-0.016214,0.000000,0.000000
11575.0,0.523599,0.523320,-0.311148,0.034463,0.016705,0.000000,3.199497,0.000442,0.000000,0.000000
11580.0,0.523599,0.522751,-0.050052,0.031307,0.050873,0.000000,3.199506,0.024034,0.000000,0.000000
11585.0,0.523599,0.522715,0.006622,0.026384,0.053040,0.000000,3.199504,0.004223,0.000000,0.000000
11590.0,0.523599,0.522913,0.214526,0.016538,0.041149,0.000000,3.199502,0.004396,0.000000,0.000000
11595.0,0.523599,0.523580,0.403970,0.004922,0.001105,0.000000,3.199501,-0.005081,-0.000733,0.000000
11600.0,0.523599,0.524176,0.069595,0.006696,-0.034633,0.000000,3.199497,-0.009421,-0.000130,0.000000
11605.0,0.523599,0.524223,-0.029086,0.012306,-0.037426,0.000000,3.199499,-0.001775,0.000000,0.000000
11610.0,0.523599,0.524229,-0.026152,0.013192,-0.037805,0.000000,3.199501,0.003984,0.000000,0.000000
11615.0,0.523599,0.524117,-0.212113,0.023234,-0.031071,0.000000,3.199502,0.004153,0.000000,0.000000
11620.0,0.523599,0.523564,-0.092930,0.028846,0.002064,0.000000,3.199500,-0.000956,0.000130,0.000000
11625.0,0.523599,0.523493,0.007833,0.021462,0.006355,0.000000,3.199501,0.000680,0.000000,0.000000
11630.0,0.523599,0.523142,-0.072781,0.026384,0.027412,0.000000,3.199501,0.001763,0.000000,0.000000
11635.0,0.523599,0.523100,-0.000942,0.024615,0.029941,0.000000,3.199500,-0.010505,0.000733,0.000000
11640.0,0.523599,0.523092,0.010584,0.023923,0.030434,0.000000,3.199498,-0.017860,0.000000,0.000000
11645.0,0.523599,0.523357,0.174988,0.014963,0.014495,0.000000,3.199498,-0.006570,0.000000,0.000000
11650.0,0.523599,0.523740,0.204687,0.009845,-0.008454,0.000000,3.199503,0.032654,0.000000,0.000000
11655.0,0.523599,0.523838,0.030989,0.016343,-0.014330,0.000000,3.199507,0.022447,0.001726,0.000000
11660.0,0.523599,0.523853,-0.004905,0.016540,-0.015264,0.000000,3.199507,0.010896,0.000000,0.000000
11665.0,0.523599,0.523852,-0.003954,0.017918,-0.015203,0.000000,3.199501,-0.022531,-0.000993,0.000000
11670.0,0.523599,0.523852,-0.024433,0.016540,-0.015213,0.000000,3.199493,-0.028242,0.000000,0.000000
11675.0,0.523599,0.523851,-0.010749,0.018115,-0.015149,0.000000,3.199495,-0.011048,0.000000,0.000000
11680.0,0.523599,0.523852,-0.010040,0.017229,-0.015196,0.000000,3.199498,-0.001712,0.000000,0.000000
11685.0,0.523599,0.523546,-0.093775,0.023923,0.003169,0.000000,3.199499,0.001383,0.000000,0.000000
11690.0,0.523599,0.523480,0.024639,0.021462,0.007135,0.000000,3.199501,0.001161,0.000000,0.000000
11695.0,0.523599,0.523478,0.029467,0.019691,0.007263,0.000000,3.199505,0.029875,0.000000,0.000000
11700.0,0.523599,0.523475,0.014158,0.020576,0.007417,0.000000,3.199504,0.003520,0.000000,0.000000
11705.0,0.523599,0.523475,0.015502,0.021462,0.007439,0.000000,3.199503,0.008778,0.000000,0.000000
11710.0,0.523599,0.523475,0.012263,0.020576,0.007457,0.000000,3.199501,-0.003075,0.000000,0.000000
11715.0,0.523599,0.523475,0.017446,0.020576,0.007414,0.000000,3.199500,-0.004939,0.000000,0.000000
11720.0,0.523599,0.523472,0.010586,0.021462,0.007600,0.000000,3.199497,-0.030476,-0.000863,0.000000
11725.0,0.523599,0.523473,0.011944,0.019886,0.007560,0.000000,3.199495,-0.029806,-0.000733,0.000000
11730.0,0.523599,0.523471,0.012867,0.021462,0.007671,0.000000,3.199498,0.006479,0.000000,0.000000
11735.0,0.523599,0.523474,0.011992,0.020576,0.007499,0.000000,3.199502,0.015500,0.000000,0.000000
11740.0,0.523599,0.523470,-0.011536,0.020576,0.007714,0.000000,3.199501,-0.004566,-0.000130,0.000000
11745.0,0.523599,0.523472,0.020095,0.021462,0.007589,0.000000,3.199501,0.008081,0.000000,0.000000
11750.0,0.523599,0.523740,0.170195,0.011617,-0.008497,0.000000,3.199503,0.009513,0.000000,0.000000
11755.0,0.523599,0.523835,-0.003776,0.018115,-0.014148,0.000000,3.199504,0.030930,0.000000,0.000000
11760.0,0.523599,0.523850,-0.008179,0.018115,-0.015092,0.000000,3.199504,-0.004066,-0.000130,0.000000
11765.0,0.523599,0.523851,-0.020366,0.018115,-0.015135,0.000000,3.199499,-0.019480,0.000000,0.000000
11770.0,0.523599,0.523851,-0.022005,0.016540,-0.015121,0.000000,3.199498,-0.003077,-0.000130,0.000000
11775.0,0.523599,0.523850,-0.033776,0.018804,-0.015060,0.000000,3.199502,0.011260,0.000000,0.000000
11780.0,0.523599,0.523585,-0.159233,0.027960,0.000848,0.000000,3.199502,0.000109,0.000000,0.000000
11785.0,0.523599,0.523178,-0.152697,0.028846,0.025231,0.000000,3.199501,0.000009,0.000130,0.000000
11790.0,0.523599,0.523093,-0.007969,0.023923,0.030366,0.000000,3.199500,-0.005100,0.000000,0.000000
11795.0,0.523599,0.523088,-0.004473,0.023923,0.030638,0.000000,3.199499,-0.007806,-0.000130,0.000000
11800.0,0.523599,0.523086,-0.003200,0.023923,0.030756,0.000000,3.199499,-0.003082,0.000130,0.000000
11805.0,0.523599,0.523291,0.203741,0.014768,0.018454,0.000000,3.199500,0.001359,0.000000,0.000000
11810.0,0.523599,0.524022,0.248362,0.002461,-0.025381,0.000000,3.199501,0.001092,0.000000,0.000000
11815.0,0.523599,0.524200,0.025032,0.011618,-0.036074,0.000000,3.199500,-0.011342,0.000000,0.000000
11820.0,0.523599,0.524227,-0.040922,0.012306,-0.037712,0.000000,3.199502,0.013295,0.000863,0.000000
11825.0,0.523599,0.524229,-0.012793,0.012505,-0.037798,0.000000,3.199503,0.018816,0.000261,0.000000
11830.0,0.523599,0.524228,-0.044497,0.013192,-0.037766,0.000000,3.199502,-0.000104,0.000000,0.000000
11835.0,0.523599,0.523717,-0.313621,0.030616,-0.007074,0.000000,3.199502,0.001793,0.000000,0.000000
11840.0,0.523599,0.523180,-0.104008,0.031307,0.025098,0.000000,3.199499,-0.012064,0.000000,0.000000
11845.0,0.523599,0.523106,-0.005248,0.024615,0.029565,0.000000,3.199498,-0.011950,0.001726,0.000000
11850.0,0.523599,0.523092,0.003040,0.023038,0.030409,0.000000,3.199502,0.000528,0.000000,0.000000
11855.0,0.523599,0.523090,0.002343,0.023923,0.030506,0.000000,3.199501,-0.004940,0.000000,0.000000
11860.0,0.523599,0.523091,0.015676,0.023038,0.030438,0.000000,3.199500,-0.003486,0.000130,0.000000
11865.0,0.523599,0.523562,0.383669,0.005809,0.002182,0.000000,3.199497,-0.014694,0.000000,0.000000
11870.0,0.523599,0.523953,0.225077,0.015654,-0.021254,0.000000,3.199500,0.009333,0.000130,0.000000
11875.0,0.523599,0.524185,0.043109,0.011618,-0.035187,0.000000,3.199501,-0.006117,0.000000,0.000000
11880.0,0.523599,0.524225,-0.037424,0.013880,-0.037555,0.000000,3.199500,0.000067,0.000000,0.000000
11885.0,0.523599,0.524228,-0.036829,0.013881,-0.037748,0.000000,3.199501,0.014792,-0.000130,0.000000
11890.0,0.523599,0.523613,-0.186888,0.030422,-0.000865,0.000000,3.199500,-0.014940,0.000000,0.000000
11895.0,0.523599,0.523498,0.007591,0.020080,0.006051,0.000000,3.199500,0.004102,0.000130,0.000000
11900.0,0.523599,0.523480,0.027565,0.020576,0.007117,0.000000,3.199501,-0.007764,0.000000,0.000000
11905.0,0.523599,0.523477,0.002695,0.022347,0.007296,0.000000,3.199499,-0.005912,0.000000,0.000000
11910.0,0.523599,0.523476,0.017922,0.020576,0.007367,0.000000,3.199500,-0.011501,-0.000993,0.000000
11915.0,0.523599,0.523476,0.023668,0.020576,0.007381,0.000000,3.199497,-0.014931,0.000130,0.000000
11920.0,0.523599,0.523474,0.014952,0.021462,0.007514,0.000000,3.199500,0.005601,-0.000130,0.000000
11925.0,0.523599,0.523475,0.019537,0.020576,0.007446,0.000000,3.199502,0.012177,0.000000,0.000000
11930.0,0.523599,0.523473,0.020732,0.022152,0.007524,0.000000,3.199505,0.018980,0.000000,0.000000
11935.0,0.523599,0.523475,-0.001710,0.021462,0.007421,0.000000,3.199508,0.023417,0.000000,0.000000
11940.0,0.523599,0.523474,0.016273,0.021462,0.007474,0.000000,3.199502,-0.022212,-0.000863,0.000000
11945.0,0.523599,0.523474,-0.010954,0.021462,0.007517,0.000000,3.199496,-0.020154,0.000000,0.000000
11950.0,0.523599,0.523472,0.005920,0.020576,0.007596,0.000000,3.199499,-0.001009,0.000000,0.000000
11955.0,0.523599,0.523471,0.008479,0.021462,0.007643,0.000000,3.199500,-0.002448,0.000000,0.000000
11960.0,0.523599,0.523473,0.011696,0.021462,0.007528,0.000000,3.199500,-0.000996,0.000000,0.000000
11965.0,0.523599,0.523471,-0.007020,0.021462,0.007671,0.000000,3.199500,-0.002130,0.000000,0.000000
11970.0,0.523599,0.523472,0.015603,0.021462,0.007582,0.000000,3.199500,-0.000837,0.000000,0.000000
11975.0,0.523599,0.523473,0.007506,0.020576,0.007546,0.000000,3.199500,-0.000058,0.000000,0.000000
11980.0,0.523599,0.523472,-0.005096,0.020576,0.007635,0.000000,3.199499,-0.010418,0.000000,0.000000
11985.0,0.523599,0.523472,0.013472,0.019691,0.007582,0.000000,3.199499,-0.003407,0.000000,0.000000
11990.0,0.523599,0.523472,-0.001665,0.020576,0.007628,0.000000,3.199499,-0.019797,-0.000863,0.000000
11995.0,0.523599,0.523471,0.004681,0.021462,0.007689,0.000000,3.199498,-0.005953,-0.000130,0.000000
12000.0,0.523599,0.523473,-0.001466,0.020576,0.007560,0.000000,3.199502,0.018866,0.000000,0.000000
12005.0,0.523599,0.523472,0.009905,0.020576,0.007607,0.000000,3.199503,0.005850,0.000000,0.000000
12010.0,0.523599,0.523474,0.021670,0.021462,0.007492,0.000000,3.199502,0.003738,0.000130,0.000000
12015.0,0.523599,0.523740,0.173952,0.011617,-0.008461,0.000000,3.199502,0.004739,-0.000130,0.000000
12020.0,0.523599,0.523846,-0.007620,0.017229,-0.014834,0.000000,3.199500,-0.000989,0.000000,0.000000
12025.0,0.523599,0.523852,-0.014141,0.017229,-0.015196,0.000000,3.199500,-0.011872,0.000000,0.000000
12030.0,0.523599,0.523850,-0.008164,0.018115,-0.015095,0.000000,3.199499,0.001059,0.000130,0.000000
12035.0,0.523599,0.523853,-0.005956,0.018115,-0.015235,0.000000,3.199501,0.007366,0.000000,0.000000
12040.0,0.523599,0.523850,-0.005105,0.019001,-0.015070,0.000000,3.199502,0.006779,0.000130,0.000000
12045.0,0.523599,0.523647,-0.204662,0.027270,-0.002908,0.000000,3.199500,-0.009413,0.000000,0.000000
12050.0,0.523599,0.523483,-0.020866,0.021462,0.006970,0.000000,3.199499,-0.003499,0.000000,0.000000
12055.0,0.523599,0.523474,0.009717,0.021267,0.007467,0.000000,3.199500,0.002734,0.000000,0.000000
12060.0,0.523599,0.523472,-0.006110,0.020576,0.007592,0.000000,3.199502,0.008115,0.000000,0.000000
12065.0,0.523599,0.523473,0.015685,0.020576,0.007567,0.000000,3.199502,0.006974,0.000000,0.000000
12070.0,0.523599,0.523472,0.003542,0.021462,0.007632,0.000000,3.199500,-0.006085,0.000000,0.000000
12075.0,0.523599,0.523471,0.009788,0.021462,0.007657,0.000000,3.199500,-0.005020,0.000000,0.000000
12080.0,0.523599,0.523473,0.001381,0.021462,0.007557,0.000000,3.199501,0.004110,0.000130,0.000000
12085.0,0.523599,0.523474,0.009094,0.020576,0.007492,0.000000,3.199502,0.005860,0.000000,0.000000
12090.0,0.523599,0.523922,0.260351,0.013192,-0.019398,0.000000,3.199505,0.005584,0.000000,0.000000
12095.0,0.523599,0.524180,0.066395,0.009844,-0.034858,0.000000,3.199502,-0.002905,0.000130,0.000000
12100.0,0.523599,0.524223,-0.047796,0.013192,-0.037479,0.000000,3.199498,-0.013356,0.000000,0.000000
12105.0,0.523599,0.524226,-0.039976,0.014966,-0.037612,0.000000,3.199498,-0.004161,0.000130,0.000000
12110.0,0.523599,0.524024,-0.233177,0.023234,-0.025506,0.000000,3.199501,0.004109,0.000000,0.000000
12115.0,0.523599,0.523673,-0.250801,0.028846,-0.004427,0.000000,3.199502,0.003902,0.000130,0.000000
12120.0,0.523599,0.523148,-0.100498,0.028153,0.027051,0.000000,3.199501,0.002888,0.000733,0.000000
12125.0,0.523599,0.523098,-0.011046,0.023923,0.030034,0.000000,3.199500,-0.010901,-0.000863,0.000000
12130.0,0.523599,0.523089,0.005664,0.023923,0.030613,0.000000,3.199495,-0.020953,0.000000,0.000000
12135.0,0.523599,0.523089,-0.003871,0.023923,0.030563,0.000000,3.199500,0.021667,0.000000,0.000000
12140.0,0.523599,0.523293,0.207667,0.015654,0.018325,0.000000,3.199506,0.019393,0.000000,0.000000
12145.0,0.523599,0.523759,0.194017,0.010731,-0.009599,0.000000,3.199504,0.009314,0.000000,0.000000
12150.0,0.523599,0.524184,0.056816,0.008270,-0.035105,0.000000,3.199502,-0.002742,0.000000,0.000000
12155.0,0.523599,0.524224,-0.001801,0.011419,-0.037519,0.000000,3.199500,-0.003606,-0.000130,0.000000
12160.0,0.523599,0.524226,-0.056790,0.012306,-0.037655,0.000000,3.199499,-0.017906,-0.000863,0.000000
12165.0,0.523599,0.524229,-0.032545,0.012995,-0.037787,0.000000,3.199495,-0.018202,0.000863,0.000000
12170.0,0.523599,0.523615,-0.195674,0.027960,-0.000966,0.000000,3.199503,0.018319,0.000000,0.000000
12175.0,0.523599,0.523384,-0.194887,0.030615,0.012903,0.000000,3.199502,-0.004861,0.000000,0.000000
12180.0,0.523599,0.523112,-0.021600,0.024615,0.029236,0.000000,3.199500,-0.004220,0.000000,0.000000
12185.0,0.523599,0.523093,0.004177,0.023038,0.030327,0.000000,3.199500,-0.000959,0.000130,0.000000
12190.0,0.523599,0.523088,-0.000996,0.023038,0.030631,0.000000,3.199501,0.003184,0.000000,0.000000
12195.0,0.523599,0.523402,0.151811,0.015654,0.011820,0.000000,3.199501,0.001379,0.000000,0.000000
12200.0,0.523599,0.523825,0.045367,0.014078,-0.013586,0.000000,3.199501,0.001124,0.000000,0.000000
12205.0,0.523599,0.523849,-0.006667,0.016540,-0.015010,0.000000,3.199500,0.005597,0.000130,0.000000
12210.0,0.523599,0.523854,-0.000708,0.016540,-0.015342,0.000000,3.199504,0.012431,0.000000,0.000000
12215.0,0.523599,0.523851,-0.016908,0.018804,-0.015138,0.000000,3.199502,0.000202,0.000000,0.000000
12220.0,0.523599,0.523852,-0.011070,0.017426,-0.015188,0.000000,3.199499,-0.020208,-0.000863,0.000000
12225.0,0.523599,0.523851,-0.009016,0.016540,-0.015160,0.000000,3.199497,-0.012347,0.000130,0.000000
12230.0,0.523599,0.523852,-0.017804,0.016540,-0.015206,0.000000,3.199497,-0.008507,0.000000,0.000000
12235.0,0.523599,0.523853,-0.010432,0.016540,-0.015249,0.000000,3.199499,0.001206,0.000000,0.000000
12240.0,0.523599,0.523518,-0.060003,0.024614,0.004874,0.000000,3.199502,0.010024,0.000000,0.000000
12245.0,0.523599,0.523483,0.020742,0.020576,0.006927,0.000000,3.199502,0.010529,-0.000993,0.000000
12250.0,0.523599,0.523477,0.021153,0.020576,0.007299,0.000000,3.199503,0.011769,0.000000,0.000000
12255.0,0.523599,0.523474,0.008334,0.021267,0.007478,0.000000,3.199503,0.007420,-0.000733,0.000000
12260.0,0.523599,0.523475,0.008440,0.019886,0.007442,0.000000,3.199500,0.007733,0.000993,0.000000
12265.0,0.523599,0.523472,0.009652,0.021267,0.007610,0.000000,3.199500,-0.003093,0.000000,0.000000
12270.0,0.523599,0.523474,0.017889,0.021462,0.007464,0.000000,3.199500,0.002839,0.000000,0.000000
12275.0,0.523599,0.523475,0.003494,0.022347,0.007449,0.000000,3.199503,0.013672,0.000000,0.000000
12280.0,0.523599,0.523471,0.007844,0.021462,0.007682,0.000000,3.199498,-0.012748,0.000130,0.000000
12285.0,0.523599,0.523471,-0.001389,0.021462,0.007646,0.000000,3.199497,-0.003941,0.000863,0.000000
12290.0,0.523599,0.523473,0.002696,0.020576,0.007535,0.000000,3.199501,0.004481,-0.000130,0.000000
12295.0,0.523599,0.523472,-0.000087,0.021462,0.007600,0.000000,3.199502,0.006155,0.000000,0.000000
12300.0,0.523599,0.523472,-0.002898,0.020576,0.007578,0.000000,3.199499,-0.016565,0.000000,0.000000
12305.0,0.523599,0.523471,0.008190,0.021462,0.007689,0.000000,3.199498,-0.006774,0.000130,0.000000
12310.0,0.523599,0.523472,0.009516,0.020576,0.007589,0.000000,3.199501,0.008889,0.000000,0.000000
12315.0,0.523599,0.523472,0.014811,0.021462,0.007578,0.000000,3.199503,0.012716,0.000130,0.000000
12320.0,0.523599,0.523472,0.001256,0.021462,0.007617,0.000000,3.199504,0.016826,0.000000,0.000000
12325.0,0.523599,0.523474,0.002728,0.020576,0.007510,0.000000,3.199504,0.006322,0.000000,0.000000
12330.0,0.523599,0.523470,-0.004289,0.021462,0.007714,0.000000,3.199502,0.023228,0.001857,0.000000
12335.0,0.523599,0.523472,0.012286,0.021462,0.007610,0.000000,3.199504,0.009570,0.000000,0.000000
12340.0,0.523599,0.523472,-0.001424,0.021462,0.007632,0.000000,3.199500,-0.010699,-0.000130,0.000000
12345.0,0.523599,0.523472,0.017108,0.020576,0.007621,0.000000,3.199498,-0.017624,0.000130,0.000000
12350.0,0.523599,0.523472,0.006878,0.021462,0.007607,0.000000,3.199498,0.001856,0.000863,0.000000
12355.0,0.523599,0.523472,0.013218,0.020576,0.007578,0.000000,3.199501,0.014262,0.000000,0.000000
12360.0,0.523599,0.523472,-0.002794,0.020576,0.007585,0.000000,3.199503,-0.008118,-0.000733,0.000000
12365.0,0.523599,0.523471,0.001419,0.021462,0.007646,0.000000,3.199497,-0.023225,0.000000,0.000000
12370.0,0.523599,0.523471,-0.001917,0.021462,0.007643,0.000000,3.199497,-0.005136,0.000130,0.000000
12375.0,0.523599,0.523472,0.013023,0.020576,0.007578,0.000000,3.199499,0.000749,0.000130,0.000000
12380.0,0.523599,0.523676,0.220556,0.013881,-0.004642,0.000000,3.199503,0.019424,-0.000130,0.000000
12385.0,0.523599,0.523827,0.047655,0.015851,-0.013679,0.000000,3.199504,0.009757,0.000130,0.000000
12390.0,0.523599,0.523850,-0.030490,0.016540,-0.015070,0.000000,3.199502,-0.000729,0.000130,0.000000
12395.0,0.523599,0.523849,-0.012875,0.018115,-0.015017,0.000000,3.199501,-0.013381,0.000000,0.000000
12400.0,0.523599,0.523851,-0.022877,0.017426,-0.015153,0.000000,3.199497,0.008674,0.000863,0.000000
12405.0,0.523599,0.523851,-0.001823,0.016539,-0.015160,0.000000,3.199503,0.016296,0.000000,0.000000
12410.0,0.523599,0.523500,-0.028685,0.023923,0.005929,0.000000,3.199503,-0.000008,-0.000863,0.000000
12415.0,0.523599,0.523477,0.005844,0.021267,0.007281,0.000000,3.199500,-0.010888,0.000261,0.000000
12420.0,0.523599,0.523473,0.002193,0.020576,0.007542,0.000000,3.199499,-0.006666,0.000000,0.000000
12425.0,0.523599,0.523471,0.000111,0.022152,0.007675,0.000000,3.199499,-0.007278,0.000000,0.000000
12430.0,0.523599,0.523471,0.007386,0.021462,0.007675,0.000000,3.199501,0.009044,0.000000,0.000000
12435.0,0.523599,0.523472,0.024268,0.020576,0.007592,0.000000,3.199500,-0.005828,0.000000,0.000000
12440.0,0.523599,0.523472,0.008285,0.021462,0.007610,0.000000,3.199498,-0.015831,-0.000863,0.000000
12445.0,0.523599,0.523782,0.115420,0.013192,-0.010997,0.000000,3.199501,0.016016,0.000000,0.000000
12450.0,0.523599,0.523847,-0.011645,0.017229,-0.014902,0.000000,3.199508,0.025214,0.000130,0.000000
12455.0,0.523599,0.523852,0.017642,0.015654,-0.015196,0.000000,3.199502,-0.008856,0.000000,0.000000
12460.0,0.523599,0.523851,-0.002434,0.018115,-0.015160,0.000000,3.199497,-0.027514,-0.000863,0.000000
12465.0,0.523599,0.523852,-0.002541,0.015654,-0.015188,0.000000,3.199495,-0.014494,0.000000,0.000000
12470.0,0.523599,0.523647,-0.191850,0.028155,-0.002904,0.000000,3.199499,-0.000763,0.000000,0.000000
12475.0,0.523599,0.523386,-0.217299,0.031307,0.012753,0.000000,3.199500,0.001372,0.001726,0.000000
12480.0,0.523599,0.523106,-0.046936,0.024615,0.029558,0.000000,3.199503,0.008665,0.000000,0.000000
12485.0,0.523599,0.523089,-0.016655,0.023923,0.030577,0.000000,3.199501,-0.008404,-0.000130,0.000000
12490.0,0.523599,0.523086,-0.004310,0.023923,0.030770,0.000000,3.199497,-0.019607,0.000000,0.000000
12495.0,0.523599,0.523469,0.382698,0.006498,0.007761,0.000000,3.199497,-0.004441,0.000000,0.000000
12500.0,0.523599,0.524433,0.232243,-0.002663,-0.050054,0.000000,3.199502,0.010494,0.000000,0.000000
12505.0,0.523599,0.524579,-0.025906,0.007383,-0.058801,0.000000,3.199503,0.012018,0.000000,0.000000
12510.0,0.785398,0.527833,14.799320,0.137004,15.453909,0.000000,3.199504,0.019924,0.000863,0.000000
12515.0,0.785398,0.534241,16.028770,0.020127,15.069408,0.000000,3.199504,0.007511,0.000000,0.000000
12520.0,0.785398,0.544649,15.475819,0.004263,14.444922,0.000000,3.199503,0.003716,0.000000,0.000000
12525.0,0.785398,0.551184,14.905204,0.000550,14.052822,0.000000,3.199502,0.004360,0.000000,0.000000
12530.0,0.785398,0.560256,14.013418,0.012587,13.508538,0.000000,3.199500,-0.010779,0.000000,0.000000
12535.0,0.785398,0.565749,13.484630,0.020011,13.178930,0.000000,3.199497,-0.016764,0.000130,0.000000
12540.0,0.785398,0.574051,13.086896,0.017731,12.680840,0.000000,3.199496,-0.014034,0.000000,0.000000
12545.0,0.785398,0.579636,12.867907,0.006096,12.345733,0.000000,3.199499,0.011027,0.000000,0.000000
12550.0,0.785398,0.587619,12.358307,0.007595,11.866733,0.000000,3.199501,0.015524,0.000863,0.000000
12555.0,0.785398,0.592995,12.023829,-0.001831,11.544199,0.000000,3.199500,-0.007932,-0.000130,0.000000
12560.0,0.785398,0.600236,11.185776,0.011603,11.109749,0.000000,3.199503,0.007701,-0.000130,0.000000
12565.0,0.785398,0.605118,11.324904,-0.008503,10.816784,0.000000,3.199502,0.003792,0.000000,0.000000
12570.0,0.785398,0.612343,10.583200,-0.000689,10.383335,0.000000,3.199504,0.021331,0.000863,0.000000
12575.0,0.785398,0.616639,10.181666,0.005634,10.125532,0.000000,3.199504,0.008948,0.000000,0.000000
12580.0,0.785398,0.623043,9.899750,0.002330,9.741333,0.000000,3.199501,-0.007762,0.000000,0.000000
12585.0,0.785398,0.627010,9.522556,0.004907,9.503274,0.000000,3.199499,-0.009698,0.000000,0.000000
12590.0,0.785398,0.632721,9.205865,0.012927,9.160652,0.000000,3.199496,-0.017297,0.000000,0.000000
12595.0,0.785398,0.636511,9.027431,0.004044,8.933248,0.000000,3.199497,-0.007803,0.000000,0.000000
12600.0,0.785398,0.642077,8.568105,0.004835,8.599266,0.000000,3.199499,-0.000053,0.000000,0.000000
12605.0,0.785398,0.645774,8.462503,0.004016,8.377458,0.000000,3.199501,0.005531,0.000130,0.000000
12610.0,0.785398,0.650952,8.240908,0.007267,8.066748,0.000000,3.199503,0.008631,0.000000,0.000000
12615.0,0.785398,0.654580,7.952583,-0.000762,7.849116,0.000000,3.199502,0.003410,0.000000,0.000000
12620.0,0.785398,0.659552,7.614173,-0.003202,7.550787,0.000000,3.199501,0.000167,0.000000,0.000000
12625.0,0.785398,0.662887,7.509270,-0.006381,7.350665,0.000000,3.199502,0.023600,0.000130,0.000000
12630.0,0.785398,0.667409,6.907937,0.007699,7.079326,0.000000,3.199502,-0.005970,0.000000,0.000000
12635.0,0.785398,0.670302,6.911303,0.000000,6.905766,0.000000,3.199500,0.002515,-0.000130,0.000000
12640.0,0.785398,0.674824,6.735555,-0.005810,6.634437,0.000000,3.199500,-0.006048,0.000000,0.000000
12645.0,0.785398,0.677649,6.412287,-0.002686,6.464975,0.000000,3.199499,-0.004067,0.000000,0.000000
12650.0,0.785398,0.681577,6.134124,-0.004908,6.229262,0.000000,3.199499,-0.015093,-0.000863,0.000000
12655.0,0.785398,0.684228,6.020015,-0.000906,6.070232,0.000000,3.199498,-0.011914,-0.000863,0.000000
12660.0,0.785398,0.687763,5.694669,0.000910,5.858130,0.000000,3.199497,-0.006270,0.000000,0.000000
12665.0,0.785398,0.690308,5.713403,-0.002436,5.705413,0.000000,3.199501,0.012048,-0.000130,0.000000
12670.0,0.785398,0.694002,5.556850,-0.004263,5.483747,0.000000,3.199507,0.023297,0.000000,0.000000
12675.0,0.785398,0.696203,5.178732,0.003575,5.351733,0.000000,3.199505,0.008044,0.000000,0.000000
12680.0,0.785398,0.699721,5.247280,-0.005178,5.140618,0.000000,3.199500,-0.003963,0.000000,0.000000
12685.0,0.785398,0.701827,4.957620,-0.003700,5.014282,0.000000,3.199499,-0.009313,0.000130,0.000000
12690.0,0.785398,0.705022,5.000549,-0.008484,4.822573,0.000000,3.199497,-0.017488,0.000130,0.000000
12695.0,0.785398,0.707130,4.702598,-0.008353,4.696108,0.000000,3.199497,-0.005391,0.000000,0.000000
12700.0,0.785398,0.710250,4.474903,-0.012080,4.508886,0.000000,3.199501,0.006668,0.000130,0.000000
12705.0,0.785398,0.711898,4.217844,-0.000497,4.410013,0.000000,3.199502,0.003835,-0.000863,0.000000
12710.0,0.785398,0.714644,4.341734,-0.004652,4.245243,0.000000,3.199506,0.035805,0.000000,0.000000
12715.0,0.785398,0.716420,4.063346,-0.006054,4.138706,0.000000,3.199507,0.019223,0.000000,0.000000
12720.0,0.785398,0.718652,3.895226,0.007914,4.004792,0.000000,3.199500,-0.019229,0.000000,0.000000
12725.0,0.785398,0.720244,3.852365,-0.002791,3.909223,0.000000,3.199497,-0.018998,0.000000,0.000000
12730.0,0.785398,0.722536,3.733485,-0.001860,3.771719,0.000000,3.199498,-0.000701,0.000130,0.000000
12735.0,0.785398,0.724052,3.668524,-0.003216,3.680749,0.000000,3.199504,0.020331,-0.000863,0.000000
12740.0,0.785398,0.726326,3.549916,-0.003715,3.544332,0.000000,3.199501,-0.006600,-0.000130,0.000000
12745.0,0.785398,0.727532,3.384476,0.003306,3.471962,0.000000,3.199499,-0.010377,0.000000,0.000000
12750.0,0.785398,0.729740,3.403881,-0.002250,3.339500,0.000000,3.199497,0.011289,0.001726,0.000000
12755.0,0.785398,0.731252,3.336632,-0.006098,3.248749,0.000000,3.199500,0.004867,0.000000,0.000000
12760.0,0.785398,0.733073,2.970225,-0.002021,3.139493,0.000000,3.199504,0.016829,0.000130,0.000000
12765.0,0.785398,0.734374,3.065157,-0.000924,3.061473,0.000000,3.199503,0.006196,0.000130,0.000000
12770.0,0.785398,0.736254,2.993619,0.000566,2.948678,0.000000,3.199501,0.006188,0.000863,0.000000
12775.0,0.785398,0.737588,2.821417,0.002416,2.868608,0.000000,3.199503,0.008464,-0.000863,0.000000
12780.0,0.785398,0.739485,2.720460,-0.009442,2.754765,0.000000,3.199498,-0.004605,0.000863,0.000000
12785.0,0.785398,0.740649,2.618245,0.000000,2.684931,0.000000,3.199499,-0.005276,0.000000,0.000000
12790.0,0.785398,0.742363,2.609757,-0.003347,2.582109,0.000000,3.199499,-0.003298,0.000130,0.000000
12795.0,0.785398,0.743255,2.429937,0.000915,2.528576,0.000000,3.199500,-0.004703,0.000000,0.000000
12800.0,0.785398,0.744857,2.375421,-0.005786,2.432452,0.000000,3.199500,-0.001525,0.000000,0.000000
12805.0,0.785398,0.745813,2.409948,-0.003968,2.375125,0.000000,3.199502,0.017386,-0.000130,0.000000
12810.0,0.785398,0.747387,2.299665,-0.001821,2.280679,0.000000,3.199500,-0.002544,0.000130,0.000000
12815.0,0.785398,0.748197,2.185494,-0.000909,2.232088,0.000000,3.199499,-0.013374,0.000000,0.000000
12820.0,0.785398,0.749632,2.194207,-0.000275,2.145989,0.000000,3.199499,-0.008281,0.000000,0.000000
12825.0,0.785398,0.750554,2.081050,-0.001811,2.090678,0.000000,3.199499,-0.001986,0.000000,0.000000
12830.0,0.785398,0.752061,2.035573,-0.010326,2.000216,0.000000,3.199503,0.012415,0.000000,0.000000
12835.0,0.785398,0.752649,1.740833,0.007613,1.964979,0.000000,3.199502,-0.009122,-0.000863,0.000000
12840.0,0.785398,0.753617,1.899124,-0.004005,1.906883,0.000000,3.199496,-0.020113,0.000000,0.000000
12845.0,0.785398,0.754533,2.001391,-0.008265,1.851883,0.000000,3.199498,-0.004465,0.000000,0.000000
12850.0,0.785398,0.755819,1.782095,-0.000661,1.774768,0.000000,3.199501,0.008996,0.000000,0.000000
12855.0,0.785398,0.756369,1.642140,0.003120,1.741769,0.000000,3.199503,0.012477,0.000000,0.000000
12860.0,0.785398,0.757199,1.558693,0.004020,1.691977,0.000000,3.199503,-0.024762,-0.001726,0.000000
12865.0,0.785398,0.758033,1.769434,-0.005811,1.641895,0.000000,3.199497,-0.018387,0.000000,0.000000
12870.0,0.785398,0.758898,1.564326,0.007812,1.590003,0.000000,3.199501,0.008616,-0.000130,0.000000
12875.0,0.785398,0.759716,1.581045,-0.001103,1.540911,0.000000,3.199500,-0.016028,0.000000,0.000000
12880.0,0.785398,0.760542,1.445498,0.000682,1.491358,0.000000,3.199500,0.006034,0.000000,0.000000
12885.0,0.785398,0.761060,1.569042,-0.002461,1.460266,0.000000,3.199502,0.009953,0.000000,0.000000
12890.0,0.785398,0.761958,1.388538,0.007384,1.406400,0.000000,3.199506,0.029252,0.000000,0.000000
12895.0,0.785398,0.762620,1.506806,-0.004730,1.366696,0.000000,3.199505,-0.002635,0.000000,0.000000
12900.0,0.785398,0.763562,1.296577,-0.004040,1.310184,0.000000,3.199499,-0.010375,0.000000,0.000000
12905.0,0.785398,0.764035,1.199052,0.005109,1.281781,0.000000,3.199500,-0.001284,0.000000,0.000000
12910.0,0.785398,0.764778,1.200262,0.001581,1.237206,0.000000,3.199499,-0.004153,0.000130,0.000000
12915.0,0.785398,0.765493,1.218351,-0.000704,1.194338,0.000000,3.199497,-0.015684,0.000130,0.000000
12920.0,0.785398,0.766226,1.148819,-0.004046,1.150353,0.000000,3.199499,-0.001247,0.000000,0.000000
12925.0,0.785398,0.766422,0.921533,0.011601,1.138580,0.000000,3.199502,0.014641,0.000000,0.000000
12930.0,0.785398,0.767233,1.213176,0.004048,1.089903,0.000000,3.199502,-0.006304,0.000000,0.000000
12935.0,0.785398,0.767654,1.119185,-0.000874,1.064637,0.000000,3.199500,-0.005730,-0.000993,0.000000
12940.0,0.785398,0.768158,1.018822,0.002620,1.034389,0.000000,3.199498,-0.005282,0.000000,0.000000
12945.0,0.785398,0.768589,0.988599,0.005639,1.008543,0.000000,3.199497,-0.006421,0.000000,0.000000
12950.0,0.785398,0.769264,1.016654,-0.001439,0.968049,0.000000,3.199500,0.003585,0.000000,0.000000
12955.0,0.785398,0.769763,0.899200,0.003331,0.938094,0.000000,3.199504,0.033224,0.000000,0.000000
12960.0,0.785398,0.770374,1.010940,-0.004777,0.901458,0.000000,3.199506,0.000467,-0.000993,0.000000
12965.0,0.785398,0.770791,0.926066,-0.000726,0.876414,0.000000,3.199499,-0.015169,0.000000,0.000000
12970.0,0.785398,0.771324,0.726011,0.003915,0.844452,0.000000,3.199499,-0.002026,0.000130,0.000000
12975.0,0.785398,0.771576,0.843608,0.001731,0.829360,0.000000,3.199501,0.005086,0.000000,0.000000
12980.0,0.785398,0.772059,0.745118,0.002459,0.800325,0.000000,3.199503,0.015723,0.000000,0.000000
12985.0,0.785398,0.772437,0.722885,0.004917,0.777669,0.000000,3.199504,0.020206,0.000000,0.000000
12990.0,0.785398,0.772866,0.625593,0.006642,0.751938,0.000000,3.199503,0.001907,-0.000130,0.000000
12995.0,0.785398,0.773160,0.738687,0.003194,0.734271,0.000000,3.199500,-0.007659,0.000000,0.000000
13000.0,0.785398,0.773720,0.814481,0.004056,0.700697,0.000000,3.199499,0.003560,0.000863,0.000000
13005.0,0.785398,0.774186,0.784301,-0.004056,0.672730,0.000000,3.199498,-0.024323,0.000000,0.000000
13010.0,0.785398,0.774398,0.517122,0.007134,0.660024,0.000000,3.199495,-0.018460,0.000000,0.000000
13015.0,0.785398,0.774410,0.512330,0.011308,0.659301,0.000000,3.199496,-0.009529,0.000130,0.000000
13020.0,0.785398,0.774929,0.814489,-0.005027,0.628155,0.000000,3.199503,0.025469,0.000000,0.000000
13025.0,0.785398,0.775340,0.716528,-0.002456,0.603479,0.000000,3.199505,0.019801,0.000130,0.000000
13030.0,0.785398,0.775651,0.657089,0.007257,0.584847,0.000000,3.199500,-0.004840,0.000000,0.000000
13035.0,0.785398,0.776083,0.681095,-0.003309,0.558887,0.000000,3.199500,0.004577,0.000000,0.000000
13040.0,0.785398,0.776292,0.427525,0.005657,0.546384,0.000000,3.199500,-0.004024,0.000000,0.000000
13045.0,0.785398,0.776303,0.419481,0.010462,0.545701,0.000000,3.199500,0.001133,0.000000,0.000000
13050.0,0.785398,0.776661,0.455336,0.006406,0.524240,0.000000,3.199502,0.008214,0.000000,0.000000
13055.0,0.785398,0.777106,0.704688,-0.008112,0.497550,0.000000,3.199506,0.026039,0.000000,0.000000
13060.0,0.785398,0.777422,0.394474,0.003957,0.478567,0.000000,3.199504,0.001289,0.000000,0.000000
13065.0,0.785398,0.777438,0.363799,0.008963,0.477630,0.000000,3.199501,-0.007881,0.000000,0.000000
13070.0,0.785398,0.777444,0.376217,0.010565,0.477254,0.000000,3.199494,-0.027602,0.000130,0.000000
13075.0,0.785398,0.777957,0.649143,-0.004056,0.446441,0.000000,3.199496,0.001346,0.000000,0.000000
13080.0,0.785398,0.778187,0.345464,0.006414,0.432690,0.000000,3.199499,-0.011409,0.000000,0.000000
13085.0,0.785398,0.778313,0.533995,-0.000756,0.425116,0.000000,3.199503,0.018136,-0.000863,0.000000
13090.0,0.785398,0.778566,0.343473,0.004995,0.409960,0.000000,3.199497,-0.013746,0.000000,0.000000
13095.0,0.785398,0.778885,0.412242,0.002451,0.390769,0.000000,3.199499,0.012688,0.000993,0.000000
13100.0,0.785398,0.779288,0.351864,-0.000759,0.366590,0.000000,3.199502,0.006092,-0.000130,0.000000
13105.0,0.785398,0.779328,0.280657,0.005746,0.364201,0.000000,3.199502,0.005570,0.000000,0.000000
13110.0,0.785398,0.779541,0.460422,-0.003210,0.351441,0.000000,3.199505,0.016638,0.000000,0.000000
13115.0,0.785398,0.779688,0.298152,0.004815,0.342590,0.000000,3.199506,0.013490,0.000000,0.000000
13120.0,0.785398,0.779715,0.273393,0.008025,0.340966,0.000000,3.199502,0.001832,0.000000,0.000000
13125.0,0.785398,0.779920,0.448532,-0.000844,0.328721,0.000000,3.199500,-0.007304,-0.000863,0.000000
13130.0,0.785398,0.780086,0.259621,0.004898,0.318739,0.000000,3.199494,-0.022756,0.000000,0.000000
13135.0,0.785398,0.780095,0.244945,0.008871,0.318210,0.000000,3.199496,-0.007366,0.000000,0.000000
13140.0,0.785398,0.780406,0.354360,0.000000,0.299513,0.000000,3.199500,0.006125,0.000000,0.000000
13145.0,0.785398,0.780466,0.254869,0.006503,0.295951,0.000000,3.199501,-0.004409,0.000130,0.000000
13150.0,0.785398,0.780782,0.325201,-0.000841,0.276965,0.000000,3.199501,0.003892,0.000000,0.000000
13155.0,0.785398,0.780842,0.207548,0.006500,0.273381,0.000000,3.199503,0.020043,0.000000,0.000000
13160.0,0.785398,0.781203,0.231094,0.001607,0.251724,0.000000,3.199504,0.009663,0.000000,0.000000
13165.0,0.785398,0.781225,0.180713,0.005660,0.250400,0.000000,3.199503,0.010738,0.000000,0.000000
13170.0,0.785398,0.781232,0.202117,0.006500,0.250000,0.000000,3.199500,-0.013834,0.000130,0.000000
13175.0,0.785398,0.781232,0.193861,0.008033,0.249943,0.000000,3.199502,0.032910,0.000863,0.000000
13180.0,0.785398,0.781438,0.393341,-0.000839,0.237597,0.000000,3.199501,-0.005816,0.000863,0.000000
13185.0,0.785398,0.781850,0.360530,-0.004891,0.212889,0.000000,3.199498,-0.012722,0.000130,0.000000
13190.0,0.785398,0.781978,0.155120,0.003284,0.205182,0.000000,3.199496,-0.007860,0.001596,0.000000
13195.0,0.785398,0.781985,0.152640,0.004822,0.204810,0.000000,3.199498,-0.013430,0.000000,0.000000
13200.0,0.785398,0.781989,0.157141,0.005729,0.204581,0.000000,3.199499,-0.002459,0.000000,0.000000
13205.0,0.785398,0.781989,0.160029,0.006498,0.204563,0.000000,3.199501,0.017363,-0.000863,0.000000
13210.0,0.785398,0.781990,0.170002,0.008036,0.204488,0.000000,3.199502,0.008145,0.000130,0.000000
13215.0,0.785398,0.781993,0.165613,0.008105,0.204295,0.000000,3.199506,0.024356,0.000000,0.000000
13220.0,0.785398,0.781993,0.168629,0.008944,0.204331,0.000000,3.199503,-0.011278,-0.000733,0.000000
13225.0,0.785398,0.782302,0.263680,0.003216,0.185763,0.000000,3.199497,-0.019906,-0.000863,0.000000
13230.0,0.785398,0.782920,0.357073,-0.008937,0.148712,0.000000,3.199497,-0.001477,0.000000,0.000000
13235.0,0.785398,0.783092,0.137152,-0.001608,0.138398,0.000000,3.199504,0.022696,0.000000,0.000000
13240.0,0.785398,0.783118,0.094356,0.002443,0.136828,0.000000,3.199503,0.001654,0.000000,0.000000
13245.0,0.785398,0.783121,0.082223,0.003216,0.136660,0.000000,3.199501,-0.004581,0.000863,0.000000
13250.0,0.785398,0.783123,0.101012,0.003216,0.136528,0.000000,3.199499,-0.012497,0.000000,0.000000
13255.0,0.785398,0.783124,0.088323,0.003990,0.136446,0.000000,3.199498,-0.008560,0.000000,0.000000
13260.0,0.785398,0.783124,0.100881,0.004051,0.136456,0.000000,3.199503,0.008841,0.000000,0.000000
13265.0,0.785398,0.783126,0.116804,0.003278,0.136324,0.000000,3.199500,-0.007273,0.000000,0.000000
13270.0,0.785398,0.783125,0.104979,0.005659,0.136371,0.000000,3.199499,-0.009650,0.000000,0.000000
13275.0,0.785398,0.783126,0.109862,0.006433,0.136335,0.000000,3.199499,-0.004525,0.000000,0.000000
13280.0,0.785398,0.783129,0.112689,0.005659,0.136174,0.000000,3.199501,0.010485,0.000000,0.000000
13285.0,0.785398,0.783393,0.254402,-0.002383,0.120302,0.000000,3.199504,0.004040,-0.000863,0.000000
13290.0,0.785398,0.783700,0.269397,-0.007211,0.101874,0.000000,3.199498,-0.013367,-0.000130,0.000000
13295.0,0.785398,0.783852,0.099928,-0.000833,0.092762,0.000000,3.199498,-0.007204,0.000863,0.000000
13300.0,0.785398,0.783877,0.053610,0.000833,0.091249,0.000000,3.199500,0.006965,0.000000,0.000000
13305.0,0.785398,0.783879,0.065098,0.002385,0.091156,0.000000,3.199502,0.007954,0.000261,0.000000
13310.0,0.785398,0.783881,0.068419,0.002385,0.091052,0.000000,3.199503,0.007321,0.000130,0.000000
13315.0,0.785398,0.783882,0.080258,0.002441,0.090959,0.000000,3.199502,0.003339,0.000000,0.000000
13320.0,0.785398,0.783881,0.055995,0.003217,0.091045,0.000000,3.199500,-0.005340,-0.000130,0.000000
13325.0,0.785398,0.783882,0.073698,0.003217,0.090988,0.000000,3.199499,-0.014470,-0.000733,0.000000
13330.0,0.785398,0.783883,0.081865,0.004826,0.090902,0.000000,3.199497,-0.015516,0.000000,0.000000
13335.0,0.785398,0.783885,0.081270,0.003993,0.090798,0.000000,3.199498,-0.001909,0.000000,0.000000
13340.0,0.785398,0.783886,0.075063,0.004050,0.090755,0.000000,3.199501,0.011548,0.000000,0.000000
13345.0,0.785398,0.783884,0.069531,0.005659,0.090834,0.000000,3.199503,0.012691,0.000261,0.000000
13350.0,0.785398,0.783886,0.084884,0.005716,0.090730,0.000000,3.199503,0.007518,0.000000,0.000000
13355.0,0.785398,0.784087,0.254313,-0.003272,0.078653,0.000000,3.199501,-0.021928,0.000000,0.000000
13360.0,0.785398,0.784252,0.055167,0.000777,0.068790,0.000000,3.199497,-0.008998,-0.000130,0.000000
13365.0,0.785398,0.784258,0.054791,0.003218,0.068400,0.000000,3.199499,0.001391,-0.000130,0.000000
13370.0,0.785398,0.784263,0.061842,0.003218,0.068107,0.000000,3.199502,0.020113,0.000863,0.000000
13375.0,0.785398,0.784262,0.051497,0.004050,0.068167,0.000000,3.199504,0.014655,0.000000,0.000000
13380.0,0.785398,0.784264,0.058998,0.004104,0.068074,0.000000,3.199503,0.012305,0.000733,0.000000
13385.0,0.785398,0.784262,0.044408,0.004050,0.068160,0.000000,3.199501,-0.003954,0.000000,0.000000
13390.0,0.785398,0.784263,0.065575,0.004827,0.068117,0.000000,3.199499,-0.003481,0.000000,0.000000
13395.0,0.785398,0.784262,0.042043,0.005713,0.068175,0.000000,3.199501,0.006274,0.000000,0.000000
13400.0,0.785398,0.784264,0.050144,0.004881,0.068071,0.000000,3.199499,0.002534,0.000863,0.000000
13405.0,0.785398,0.784263,0.058822,0.005658,0.068082,0.000000,3.199502,0.009970,-0.001726,0.000000
13410.0,0.785398,0.784597,0.117301,-0.000882,0.048047,0.000000,3.199497,-0.012971,0.000000,0.000000
13415.0,0.785398,0.784633,0.026724,0.003218,0.045905,0.000000,3.199498,-0.002452,0.000863,0.000000
13420.0,0.785398,0.784637,0.028864,0.003218,0.045648,0.000000,3.199499,-0.008957,-0.000130,0.000000
13425.0,0.785398,0.784639,0.038355,0.003270,0.045544,0.000000,3.199500,0.002597,0.000863,0.000000
13430.0,0.785398,0.784639,0.027062,0.003218,0.045558,0.000000,3.199506,0.017962,0.000000,0.000000
13435.0,0.785398,0.784641,0.035618,0.003270,0.045455,0.000000,3.199504,0.005687,0.000000,0.000000
13440.0,0.785398,0.784642,0.047667,0.003997,0.045387,0.000000,3.199500,-0.008085,0.000000,0.000000
13445.0,0.785398,0.784640,0.029472,0.004828,0.045512,0.000000,3.199498,0.005297,0.000000,0.000000
13450.0,0.785398,0.784642,0.042715,0.004049,0.045387,0.000000,3.199502,0.006344,0.000130,0.000000
13455.0,0.785398,0.784640,0.038979,0.004828,0.045462,0.000000,3.199501,-0.000866,0.000000,0.000000
13460.0,0.785398,0.784641,0.046181,0.005606,0.045412,0.000000,3.199498,-0.021485,-0.000863,0.000000
13465.0,0.785398,0.784641,0.052283,0.004828,0.045426,0.000000,3.199497,-0.012961,0.000000,0.000000
13470.0,0.785398,0.784642,0.042092,0.005606,0.045390,0.000000,3.199499,0.003074,0.000863,0.000000
13475.0,0.785398,0.784642,0.041803,0.005606,0.045369,0.000000,3.199501,-0.007160,-0.000863,0.000000
13480.0,0.785398,0.784640,0.030323,0.005658,0.045462,0.000000,3.199498,-0.002778,0.000000,0.000000
13485.0,0.785398,0.784642,0.045653,0.005606,0.045376,0.000000,3.199501,0.010442,0.000000,0.000000
13490.0,0.785398,0.784949,0.124142,-0.004048,0.026933,0.000000,3.199505,0.021907,0.000000,0.000000
13495.0,0.785398,0.785009,0.015691,0.002390,0.023360,0.000000,3.199505,0.010676,-0.000130,0.000000
13500.0,0.785398,0.785016,0.008594,0.002439,0.022913,0.000000,3.199501,-0.005231,0.000000,0.000000
13505.0,0.785398,0.785017,0.019121,0.001659,0.022899,0.000000,3.199499,-0.006472,0.000000,0.000000
13510.0,0.785398,0.785017,0.006568,0.002439,0.022845,0.000000,3.199499,-0.017287,-0.000863,0.000000
13515.0,0.785398,0.785017,0.008244,0.003219,0.022856,0.000000,3.199497,-0.003591,0.000000,0.000000
13520.0,0.785398,0.785018,0.005849,0.002439,0.022824,0.000000,3.199500,-0.002645,0.000000,0.000000
13525.0,0.785398,0.785019,0.020399,0.002439,0.022774,0.000000,3.199501,0.014830,-0.000863,0.000000
13530.0,0.785398,0.785020,0.027298,0.003219,0.022709,0.000000,3.199505,0.026144,0.000000,0.000000
13535.0,0.785398,0.785020,0.012733,0.003219,0.022720,0.000000,3.199505,0.011987,0.000000,0.000000
13540.0,0.785398,0.785018,0.016525,0.003268,0.022802,0.000000,3.199501,-0.004840,0.000000,0.000000
13545.0,0.785398,0.785019,0.019625,0.003219,0.022731,0.000000,3.199499,-0.009263,-0.000863,0.000000
13550.0,0.785398,0.785019,0.013839,0.003219,0.022738,0.000000,3.199497,-0.010596,0.000000,0.000000
13555.0,0.785398,0.785021,0.025450,0.002488,0.022606,0.000000,3.199499,0.000373,-0.000130,0.000000
13560.0,0.785398,0.785019,0.008841,0.003219,0.022738,0.000000,3.199500,-0.007962,0.000000,0.000000
13565.0,0.785398,0.785020,0.021972,0.002439,0.022670,0.000000,3.199499,-0.002281,0.000000,0.000000
13570.0,0.785398,0.785019,0.012055,0.004048,0.022731,0.000000,3.199502,0.007450,0.000000,0.000000
13575.0,0.785398,0.785020,0.025579,0.004048,0.022688,0.000000,3.199502,0.016684,0.000863,0.000000
13580.0,0.785398,0.785020,0.019629,0.004048,0.022695,0.000000,3.199503,0.010067,0.000000,0.000000
13585.0,0.785398,0.785020,0.032697,0.004048,0.022713,0.000000,3.199504,0.011924,0.000000,0.000000
13590.0,0.785398,0.785020,0.014294,0.004048,0.022666,0.000000,3.199501,-0.003038,0.000000,0.000000
13595.0,0.785398,0.785020,0.011294,0.004828,0.022720,0.000000,3.199500,-0.007893,0.000000,0.000000
13600.0,0.785398,0.785020,0.012274,0.004048,0.022670,0.000000,3.199501,-0.013237,-0.000863,0.000000
13605.0,0.785398,0.785021,0.014649,0.005608,0.022634,0.000000,3.199498,-0.010507,0.000000,0.000000
13610.0,0.785398,0.785020,0.021656,0.004048,0.022670,0.000000,3.199499,-0.003004,0.000000,0.000000
13615.0,0.785398,0.785021,0.025718,0.004828,0.022649,0.000000,3.199498,-0.008125,0.000000,0.000000
13620.0,0.785398,0.785021,0.019692,0.004828,0.022652,0.000000,3.199498,-0.002605,0.000000,0.000000
13625.0,0.785398,0.785020,0.020616,0.004878,0.022681,0.000000,3.199499,0.000636,0.000130,0.000000
13630.0,0.785398,0.785021,0.015582,0.004828,0.022631,0.000000,3.199502,0.011742,0.000000,0.000000
13635.0,0.785398,0.785020,0.028661,0.004876,0.022670,0.000000,3.199503,0.002017,0.000130,0.000000
13640.0,0.785398,0.785371,0.030342,-0.001610,0.001616,0.000000,3.199502,0.001875,0.000000,0.000000
13645.0,0.785398,0.785391,-0.006744,0.001610,0.000422,0.000000,3.199502,0.005803,0.000130,0.000000
13650.0,0.785398,0.785395,-0.010535,0.001610,0.000197,0.000000,3.199502,0.001971,0.000130,0.000000
13655.0,0.785398,0.785397,0.001536,0.001610,0.000082,0.000000,3.199501,0.001808,0.000000,0.000000
13660.0,0.785398,0.785395,-0.001696,0.002391,0.000193,0.000000,3.199504,0.005556,-0.000863,0.000000
13665.0,0.785398,0.785396,-0.007417,0.001610,0.000157,0.000000,3.199500,-0.020637,-0.000863,0.000000
13670.0,0.785398,0.785395,-0.022824,0.000875,0.000211,0.000000,3.199493,-0.025907,-0.000130,0.000000
13675.0,0.785398,0.785396,-0.009613,0.001610,0.000157,0.000000,3.199496,-0.015712,-0.000130,0.000000
13680.0,0.785398,0.785396,-0.003460,0.001610,0.000136,0.000000,3.199502,0.022767,0.000000,0.000000
13685.0,0.785398,0.785397,-0.000573,0.000828,0.000064,0.000000,3.199503,-0.001092,0.000000,0.000000
13690.0,0.785398,0.785396,-0.003631,0.001610,0.000118,0.000000,3.199502,0.008296,0.000130,0.000000
13695.0,0.785398,0.785398,0.000496,0.001610,0.000025,0.000000,3.199505,0.023336,-0.000733,0.000000
13700.0,0.785398,0.785396,-0.003465,0.002391,0.000125,0.000000,3.199502,-0.007396,0.000000,0.000000
13705.0,0.785398,0.785398,0.004372,0.000781,-0.000004,0.000000,3.199498,-0.012416,0.000000,0.000000
13710.0,0.785398,0.785397,-0.008685,0.001610,0.000089,0.000000,3.199496,-0.022339,-0.000130,0.000000
13715.0,0.785398,0.785398,-0.002009,0.001610,-0.000018,0.000000,3.199498,0.013076,-0.000733,0.000000
13720.0,0.785398,0.785396,-0.000959,0.002438,0.000118,0.000000,3.199502,0.003596,0.000000,0.000000
13725.0,0.785398,0.785397,-0.003007,0.001610,0.000054,0.000000,3.199502,0.009147,0.000130,0.000000
13730.0,0.785398,0.785398,-0.002691,0.001610,0.000018,0.000000,3.199503,0.011356,0.000000,0.000000
13735.0,0.785398,0.785398,0.005389,0.000781,-0.000014,0.000000,3.199505,0.021238,0.000000,0.000000
13740.0,0.785398,0.785398,-0.006429,0.000828,0.000018,0.000000,3.199505,0.013585,-0.000130,0.000000
13745.0,0.785398,0.785398,0.003026,0.000828,0.000018,0.000000,3.199503,0.000942,0.000130,0.000000
13750.0,0.785398,0.785398,-0.005887,0.000828,0.000021,0.000000,3.199500,-0.010904,0.000000,0.000000
13755.0,0.785398,0.785397,0.007298,0.001610,0.000064,0.000000,3.199499,0.000128,-0.000863,0.000000
13760.0,0.785398,0.785397,-0.001775,0.001610,0.000057,0.000000,3.199497,-0.022123,-0.000863,0.000000
13765.0,0.785398,0.785397,0.000546,0.001610,0.000075,0.000000,3.199497,-0.011276,0.000000,0.000000
13770.0,0.785398,0.785397,-0.002824,0.001656,0.000079,0.000000,3.199501,0.012392,0.000000,0.000000
13775.0,0.785398,0.785397,0.000746,0.001610,0.000068,0.000000,3.199503,0.011168,0.000000,0.000000
13780.0,0.785398,0.785397,0.001954,0.001563,0.000050,0.000000,3.199502,0.000362,0.000000,0.000000
13785.0,0.785398,0.785399,0.003992,0.001610,-0.000029,0.000000,3.199502,0.010241,0.000000,0.000000
13790.0,0.785398,0.785398,0.010079,0.002391,-0.000014,0.000000,3.199503,-0.006573,-0.000863,0.000000
13795.0,0.785398,0.785399,-0.005826,0.000781,-0.000039,0.000000,3.199497,-0.021348,0.000000,0.000000
13800.0,0.785398,0.785397,-0.005729,0.001656,0.000100,0.000000,3.199497,-0.008957,-0.000130,0.000000
13805.0,0.785398,0.785398,0.009241,0.001610,-0.000014,0.000000,3.199502,0.026241,0.000000,0.000000
13810.0,0.785398,0.785398,0.003091,0.001610,0.000004,0.000000,3.199505,0.010992,0.000000,0.000000
13815.0,0.785398,0.785398,-0.009150,0.002391,-0.000007,0.000000,3.199500,-0.027105,0.000000,0.000000
13820.0,0.785398,0.785397,-0.011450,0.000781,0.000100,0.000000,3.199495,-0.025869,0.000993,0.000000
13825.0,0.785398,0.785398,0.007151,0.001563,0.000036,0.000000,3.199497,-0.004268,0.000000,0.000000
13830.0,0.785398,0.785399,-0.000806,0.001563,-0.000036,0.000000,3.199502,0.013501,0.000000,0.000000
13835.0,0.785398,0.785399,-0.001051,0.000828,-0.000050,0.000000,3.199506,0.019733,0.000000,0.000000
13840.0,0.785398,0.785398,0.007254,0.001610,-0.000007,0.000000,3.199503,0.001033,-0.000130,0.000000
13845.0,0.785398,0.785398,-0.016753,0.002391,0.000018,0.000000,3.199500,-0.003000,0.000863,0.000000
13850.0,0.785398,0.785398,0.003648,0.001610,0.000004,0.000000,3.199498,-0.013965,0.000863,0.000000
13855.0,0.785398,0.785398,0.002292,0.000828,0.000021,0.000000,3.199498,0.006578,-0.000130,0.000000
13860.0,0.785398,0.785397,0.004916,0.001656,0.000057,0.000000,3.199499,-0.009666,0.000000,0.000000
13865.0,0.785398,0.785398,-0.007345,0.000828,-0.000018,0.000000,3.199499,0.000297,0.000000,0.000000
13870.0,0.785398,0.785398,0.003514,0.001610,0.000021,0.000000,3.199503,0.010982,0.000000,0.000000
13875.0,0.785398,0.785398,-0.008104,0.000875,-0.000011,0.000000,3.199503,0.007339,0.000000,0.000000
13880.0,0.785398,0.785397,-0.008906,0.000828,0.000054,0.000000,3.199502,0.010053,0.000863,0.000000
13885.0,0.785398,0.785398,0.007127,0.001563,0.000014,0.000000,3.199502,0.004646,0.000000,0.000000
13890.0,0.785398,0.785398,0.003500,0.001610,0.000021,0.000000,3.199501,0.006938,0.000863,0.000000
13895.0,0.785398,0.785398,-0.004140,0.001610,0.000014,0.000000,3.199502,0.002021,0.000000,0.000000
13900.0,0.785398,0.785397,-0.014576,0.000828,0.000082,0.000000,3.199499,-0.019384,-0.000863,0.000000
13905.0,0.785398,0.785399,0.001366,0.000828,-0.000029,0.000000,3.199498,-0.004394,0.000863,0.000000
13910.0,0.785398,0.785398,-0.009635,0.000828,0.000025,0.000000,3.199502,0.002888,0.000000,0.000000
13915.0,0.785398,0.785398,0.006336,0.001610,-0.000007,0.000000,3.199501,-0.001047,-0.000130,0.000000
13920.0,0.785398,0.785398,0.015208,0.002391,-0.000011,0.000000,3.199496,-0.021805,-0.000130,0.000000
13925.0,0.785398,0.785399,0.002302,0.001563,-0.000036,0.000000,3.199496,-0.009705,0.000000,0.000000
13930.0,0.785398,0.785398,-0.003359,0.000828,-0.000004,0.000000,3.199500,-0.007354,-0.000993,0.000000
13935.0,0.785398,0.785398,-0.003261,0.000875,-0.000018,0.000000,3.199500,0.004692,0.000000,0.000000
13940.0,0.785398,0.785398,0.008911,0.002391,0.000039,0.000000,3.199502,-0.000682,0.000000,0.000000
13945.0,0.785398,0.785398,-0.014923,0.001656,0.000039,0.000000,3.199505,0.023640,0.000000,0.000000
13950.0,0.785398,0.785398,0.010984,0.001563,-0.000018,0.000000,3.199506,0.010409,0.000000,0.000000
13955.0,0.785398,0.785398,0.001464,0.001610,0.000014,0.000000,3.199506,0.015763,0.000130,0.000000
13960.0,0.785398,0.785399,0.005973,0.001610,-0.000054,0.000000,3.199497,-0.025640,0.000000,0.000000
13965.0,0.785398,0.785397,-0.004867,0.001563,0.000043,0.000000,3.199495,-0.022196,0.000000,0.000000
13970.0,0.785398,0.785398,0.003663,0.001610,0.000004,0.000000,3.199497,-0.016944,-0.000863,0.000000
13975.0,0.785398,0.785398,0.003961,0.001610,-0.000018,0.000000,3.199502,0.014614,0.000000,0.000000
13980.0,0.785398,0.785397,0.000277,0.001610,0.000064,0.000000,3.199501,-0.001204,0.000000,0.000000
13985.0,0.785398,0.785399,-0.000021,0.000875,-0.000039,0.000000,3.199501,-0.000862,0.000000,0.000000
13990.0,0.785398,0.785397,-0.000749,0.001610,0.000068,0.000000,3.199503,0.022600,0.000000,0.000000
13995.0,0.785398,0.785399,0.000295,0.000828,-0.000036,0.000000,3.199504,0.011042,0.000000,0.000000
14000.0,0.785398,0.785399,0.009170,0.001610,-0.000032,0.000000,3.199503,0.004723,0.000000,0.000000
14005.0,0.785398,0.785398,0.000059,0.000828,0.000032,0.000000,3.199502,0.007437,0.000000,0.000000
14010.0,0.785398,0.785398,-0.017945,0.000047,-0.000011,0.000000,3.199500,-0.019919,-0.000863,0.000000
14015.0,0.785398,0.785397,-0.000308,0.001610,0.000100,0.000000,3.199500,0.000562,0.000000,0.000000
14020.0,0.785398,0.785398,-0.001089,0.000781,-0.000018,0.000000,3.199498,-0.001543,0.000863,0.000000
14025.0,0.785398,0.785398,0.002689,0.001610,0.000004,0.000000,3.199500,-0.006758,0.000130,0.000000
14030.0,0.785398,0.785398,-0.001148,0.001610,0.000039,0.000000,3.199501,0.006170,0.000130,0.000000
14035.0,0.785398,0.785396,-0.004420,0.001610,0.000122,0.000000,3.199501,-0.013300,0.000130,0.000000
14040.0,0.785398,0.785398,-0.001788,0.001610,0.000025,0.000000,3.199499,-0.025129,-0.001726,0.000000
14045.0,0.785398,0.785397,-0.005692,0.001610,0.000057,0.000000,3.199492,-0.034736,0.000000,0.000000
14050.0,0.785398,0.785399,-0.005667,0.000828,-0.000029,0.000000,3.199500,0.014414,-0.000130,0.000000
14055.0,0.785398,0.785398,0.000451,0.000828,-0.000014,0.000000,3.199504,0.019686,0.000000,0.000000
14060.0,0.785398,0.785396,-0.014531,0.000828,0.000150,0.000000,3.199504,0.010515,0.000000,0.000000
14065.0,0.785398,0.785398,0.006268,0.001610,0.000021,0.000000,3.199502,0.002011,0.000000,0.000000
14070.0,0.785398,0.785397,-0.017312,0.000828,0.000054,0.000000,3.199504,0.004898,-0.000863,0.000000
14075.0,0.785398,0.785398,0.003881,0.000828,-0.000004,0.000000,3.199501,-0.003543,0.000863,0.000000
14080.0,0.785398,0.785399,-0.007535,0.000047,-0.000057,0.000000,3.199503,0.008665,0.000130,0.000000
14085.0,0.785398,0.785398,-0.001763,0.000828,-0.000014,0.000000,3.199498,-0.036037,-0.000130,0.000000
14090.0,0.785398,0.785398,0.002550,0.001610,0.000011,0.000000,3.199496,-0.004231,0.000000,0.000000
14095.0,0.785398,0.785398,-0.002830,0.001563,0.000007,0.000000,3.199498,-0.019875,0.000000,0.000000
14100.0,0.785398,0.785398,0.000822,0.000828,-0.000011,0.000000,3.199499,0.001257,0.000000,0.000000
14105.0,0.785398,0.785398,-0.004285,0.001610,0.000025,0.000000,3.199502,0.010131,0.000000,0.000000
14110.0,0.785398,0.785399,-0.004048,0.000828,-0.000057,0.000000,3.199504,0.014439,0.000130,0.000000
14115.0,0.785398,0.785399,-0.001643,0.000828,-0.000036,0.000000,3.199504,0.010097,0.000000,0.000000
14120.0,0.785398,0.785399,0.000351,0.000828,-0.000025,0.000000,3.199502,0.001486,0.000000,0.000000
14125.0,0.785398,0.785399,-0.010504,0.001610,-0.000043,0.000000,3.199503,0.007512,0.000000,0.000000
14130.0,0.785398,0.785399,-0.000147,0.000781,-0.000036,0.000000,3.199500,-0.006492,0.000000,0.000000
14135.0,0.785398,0.785398,0.003871,0.001610,0.000021,0.000000,3.199499,-0.010186,0.000000,0.000000
14140.0,0.785398,0.785398,0.003798,0.001610,0.000029,0.000000,3.199496,-0.007293,0.000130,0.000000
14145.0,0.785398,0.785397,-0.004859,0.001610,0.000050,0.000000,3.199499,-0.000907,0.000000,0.000000
14150.0,0.785398,0.785398,-0.003255,0.000828,0.000011,0.000000,3.199499,-0.001092,0.000000,0.000000
14155.0,0.785398,0.785397,0.003555,0.001610,0.000046,0.000000,3.199499,-0.005384,0.000000,0.000000
14160.0,0.785398,0.785398,-0.009157,0.000828,0.000000,0.000000,3.199503,0.023253,0.000130,0.000000
14165.0,0.785398,0.785398,-0.003293,0.001610,0.000029,0.000000,3.199506,0.016724,0.000000,0.000000
14170.0,0.785398,0.785399,0.008978,0.001610,-0.000039,0.000000,3.199501,-0.005164,0.000000,0.000000
14175.0,0.785398,0.785398,0.000036,0.001610,0.000025,0.000000,3.199499,-0.008242,0.000000,0.000000
14180.0,0.785398,0.785398,0.000181,0.001610,0.000039,0.000000,3.199500,0.022431,0.001726,0.000000
14185.0,0.785398,0.785399,0.002551,0.000781,-0.000064,0.000000,3.199506,0.026213,-0.000863,0.000000
14190.0,0.785398,0.785399,0.010120,0.001610,-0.000057,0.000000,3.199500,-0.017410,0.000000,0.000000
14195.0,0.785398,0.785398,0.000676,0.001610,0.000039,0.000000,3.199498,-0.015651,0.000863,0.000000
14200.0,0.785398,0.785398,-0.013654,0.000047,-0.000004,0.000000,3.199500,-0.000039,0.000000,0.000000
14205.0,0.785398,0.785398,-0.000305,0.000828,-0.000004,0.000000,3.199499,-0.012377,0.000000,0.000000
14210.0,0.785398,0.785397,0.001705,0.001656,0.000057,0.000000,3.199499,-0.002859,0.000000,0.000000
14215.0,0.785398,0.785399,0.002871,0.000828,-0.000068,0.000000,3.199502,0.011387,0.000000,0.000000
14220.0,0.785398,0.785397,0.004560,0.001610,0.000050,0.000000,3.199503,0.017280,0.000863,0.000000
14225.0,0.785398,0.785397,-0.003952,0.001610,0.000043,0.000000,3.199501,-0.002647,0.000863,0.000000
14230.0,0.785398,0.785398,-0.008050,0.000781,-0.000014,0.000000,3.199498,-0.017817,0.000000,0.000000
14235.0,0.785398,0.785398,-0.007395,0.000875,-0.000018,0.000000,3.199497,-0.008473,-0.000863,0.000000
14240.0,0.785398,0.785398,0.006305,0.001563,0.000029,0.000000,3.199500,0.021169,0.000000,0.000000
14245.0,0.785398,0.785398,-0.000957,0.001656,0.000029,0.000000,3.199505,0.031016,0.000993,0.000000
14250.0,0.785398,0.785398,-0.002712,0.001656,0.000011,0.000000,3.199509,0.021959,0.000000,0.000000
14255.0,0.785398,0.785399,0.010833,0.000000,-0.000054,0.000000,3.199504,-0.004860,0.000000,0.000000
14260.0,0.785398,0.785398,0.009389,0.001656,-0.000004,0.000000,3.199498,-0.025994,-0.000863,0.000000
14265.0,0.785398,0.785398,0.000369,0.001563,0.000032,0.000000,3.199493,-0.031312,-0.000130,0.000000
14270.0,0.785398,0.785398,-0.002644,0.000828,0.000000,0.000000,3.199495,-0.013969,0.000000,0.000000
14275.0,0.785398,0.785399,-0.001482,0.001610,-0.000032,0.000000,3.199500,0.010256,0.000000,0.000000
14280.0,0.785398,0.785397,-0.003245,0.001656,0.000075,0.000000,3.199503,0.013310,0.000130,0.000000
14285.0,0.785398,0.785397,0.002271,0.001610,0.000050,0.000000,3.199503,0.006536,0.000000,0.000000
14290.0,0.785398,0.785398,0.002353,0.001610,0.000036,0.000000,3.199503,0.012135,0.000000,0.000000
14295.0,0.785398,0.785398,0.007177,0.000781,0.000000,0.000000,3.199502,-0.002718,0.000000,0.000000
14300.0,0.785398,0.785398,-0.003648,0.000828,0.000025,0.000000,3.199502,0.011010,-0.000130,0.000000
14305.0,0.785398,0.785398,0.002313,0.001610,0.000039,0.000000,3.199502,-0.001794,0.000000,0.000000
14310.0,0.785398,0.785398,0.001682,0.001610,0.000014,0.000000,3.199499,-0.012597,0.000000,0.000000
14315.0,0.785398,0.785398,0.006211,0.000828,0.000029,0.000000,3.199498,-0.011942,0.000000,0.000000
14320.0,0.785398,0.785397,-0.003588,0.001610,0.000057,0.000000,3.199496,-0.013166,0.000000,0.000000
14325.0,0.785398,0.785398,-0.010079,0.002344,-0.000007,0.000000,3.199499,0.008740,0.000863,0.000000
14330.0,0.785398,0.785399,0.001112,0.000828,-0.000050,0.000000,3.199502,0.004118,-0.000130,0.000000
14335.0,0.785398,0.785398,0.006942,0.000781,0.000018,0.000000,3.199500,-0.010638,0.000130,0.000000
14340.0,0.785398,0.785398,-0.007296,0.000828,-0.000014,0.000000,3.199499,-0.003220,0.000000,0.000000
14345.0,0.785398,0.785398,-0.001808,0.001610,0.000039,0.000000,3.199500,0.002351,0.000863,0.000000
14350.0,0.785398,0.785398,0.008284,0.002391,-0.000007,0.000000,3.199504,0.034742,0.001726,0.000000
14355.0,0.785398,0.785399,0.010568,0.001563,-0.000025,0.000000,3.199507,0.016623,0.000000,0.000000
14360.0,0.785398,0.785398,0.007822,0.001610,-0.000018,0.000000,3.199501,-0.006659,0.000000,0.000000
14365.0,0.785398,0.785397,-0.000055,0.001563,0.000043,0.000000,3.199497,-0.024872,0.000000,0.000000
14370.0,0.785398,0.785399,0.009465,0.001563,-0.000036,0.000000,3.199496,-0.012958,0.000000,0.000000
14375.0,0.785398,0.785397,0.001184,0.001610,0.000050,0.000000,3.199498,0.007995,-0.000863,0.000000
14380.0,0.785398,0.785398,0.007857,0.001656,0.000039,0.000000,3.199499,-0.007175,0.000000,0.000000
14385.0,0.785398,0.785399,-0.003631,0.000828,-0.000061,0.000000,3.199500,0.003597,-0.000733,0.000000
14390.0,0.785398,0.785397,0.001524,0.001610,0.000089,0.000000,3.199502,0.008435,0.000000,0.000000
14395.0,0.785398,0.785399,0.004929,0.000828,-0.000079,0.000000,3.199502,0.007505,0.000000,0.000000
14400.0,0.785398,0.785398,0.006585,0.001610,0.000011,0.000000,3.199502,0.004533,0.000000,0.000000
14405.0,0.785398,0.785397,-0.024955,0.002438,0.000057,0.000000,3.199502,0.000857,0.000000,0.000000
14410.0,0.785398,0.785398,0.005580,0.001610,0.000025,0.000000,3.199502,0.003188,0.000000,0.000000
14415.0,0.785398,0.785398,0.000905,0.000828,-0.000011,0.000000,3.199499,-0.012237,0.000000,0.000000
14420.0,0.785398,0.785400,0.014117,0.001563,-0.000086,0.000000,3.199498,-0.006231,0.000000,0.000000
14425.0,0.785398,0.785398,-0.004726,0.000828,0.000025,0.000000,3.199500,0.012135,-0.000863,0.000000
14430.0,0.785398,0.785397,0.003234,0.001610,0.000061,0.000000,3.199501,0.002575,0.000000,0.000000
14435.0,0.785398,0.785398,-0.000537,0.001563,0.000025,0.000000,3.199501,0.003834,0.000000,0.000000
14440.0,0.785398,0.785398,-0.011861,0.000828,0.000007,0.000000,3.199501,0.000632,0.000000,0.000000
14445.0,0.785398,0.785399,0.003088,0.000828,-0.000068,0.000000,3.199501,0.001817,0.000000,0.000000
14450.0,0.785398,0.785400,0.012145,0.001563,-0.000086,0.000000,3.199500,-0.009536,0.000130,0.000000
14455.0,0.785398,0.785397,-0.008764,0.001610,0.000046,0.000000,3.199498,-0.014248,0.000000,0.000000
14460.0,0.785398,0.785398,0.006835,0.001610,0.000014,0.000000,3.199500,0.002091,0.000000,0.000000
14465.0,0.785398,0.785397,-0.000222,0.001610,0.000054,0.000000,3.199502,0.019761,0.000993,0.000000
14470.0,0.785398,0.785399,-0.000656,0.000828,-0.000036,0.000000,3.199505,0.010429,0.000130,0.000000
14475.0,0.785398,0.785398,0.003103,0.001563,0.000004,0.000000,3.199502,-0.001949,0.000000,0.000000
14480.0,0.785398,0.785399,0.010815,0.001610,-0.000061,0.000000,3.199502,0.013959,-0.000130,0.000000
14485.0,0.785398,0.785397,0.001467,0.001610,0.000050,0.000000,3.199501,-0.009205,0.000000,0.000000
14490.0,0.785398,0.785398,-0.001712,0.001656,0.000029,0.000000,3.199499,-0.007028,0.000000,0.000000
14495.0,0.785398,0.785399,0.011113,0.000000,-0.000061,0.000000,3.199498,-0.018804,0.001596,0.000000
14500.0,0.785398,0.785397,-0.002663,0.001610,0.000050,0.000000,3.199500,-0.001574,0.000000,0.000000
14505.0,0.785398,0.785397,0.004551,0.001610,0.000082,0.000000,3.199502,0.011651,0.000000,0.000000
14510.0,0.785398,0.785398,0.004950,0.001610,0.000021,0.000000,3.199502,0.004046,0.000130,0.000000
14515.0,0.785398,0.785398,-0.003243,0.001610,0.000025,0.000000,3.199500,-0.017324,0.000993,0.000000
14520.0,0.785398,0.785398,0.010959,0.002391,0.000032,0.000000,3.199499,-0.005493,0.000000,0.000000
14525.0,0.785398,0.785398,0.004960,0.001610,0.000021,0.000000,3.199497,-0.014571,-0.000130,0.000000
14530.0,0.785398,0.785398,0.010183,0.001610,0.000004,0.000000,3.199496,-0.023093,-0.000863,0.000000
14535.0,0.785398,0.785399,-0.000313,0.001610,-0.000029,0.000000,3.199495,0.002349,0.000130,0.000000
14540.0,0.785398,0.785399,0.008074,0.002391,-0.000021,0.000000,3.199504,0.020856,0.000000,0.000000
14545.0,0.785398,0.785399,0.008805,0.000047,-0.000054,0.000000,3.199505,0.018011,0.000000,0.000000
14550.0,0.785398,0.785398,-0.001968,0.000828,0.000032,0.000000,3.199504,-0.005676,-0.000863,0.000000
14555.0,0.785398,0.785398,0.003156,0.001610,0.000014,0.000000,3.199500,-0.007746,0.000130,0.000000
14560.0,0.785398,0.785398,-0.001041,0.001610,0.000007,0.000000,3.199497,-0.021882,-0.000863,0.000000
14565.0,0.785398,0.785399,-0.000835,0.000828,-0.000039,0.000000,3.199497,-0.002589,-0.001726,0.000000
14570.0,0.785398,0.785397,0.001529,0.001610,0.000089,0.000000,3.199501,0.006847,-0.000733,0.000000
14575.0,0.785398,0.785397,-0.003727,0.001610,0.000068,0.000000,3.199504,0.025910,-0.000863,0.000000
14580.0,0.785398,0.785398,-0.001406,0.000735,-0.000007,0.000000,3.199506,0.018281,0.000000,0.000000
14585.0,0.785398,0.785396,-0.003780,0.000828,0.000122,0.000000,3.199504,0.006564,0.000000,0.000000
14590.0,0.785398,0.785399,0.003770,0.000828,-0.000036,0.000000,3.199499,-0.009653,0.000000,0.000000
14595.0,0.785398,0.785398,-0.001100,0.001610,0.000029,0.000000,3.199498,-0.018937,0.000000,0.000000
14600.0,0.785398,0.785399,0.009429,0.002391,-0.000068,0.000000,3.199499,0.008241,0.000733,0.000000
14605.0,0.785398,0.785398,0.002114,0.001610,0.000007,0.000000,3.199502,-0.002428,0.000000,0.000000
14610.0,0.785398,0.785398,0.000850,0.001563,0.000018,0.000000,3.199501,0.000526,0.000000,0.000000
14615.0,0.785398,0.785397,-0.004331,0.001610,0.000064,0.000000,3.199502,0.014125,0.000000,0.000000
14620.0,0.785398,0.785399,-0.002965,0.000828,-0.000032,0.000000,3.199503,0.017033,0.000863,0.000000
14625.0,0.785398,0.785398,0.000442,0.000828,0.000000,0.000000,3.199504,0.004038,0.000000,0.000000
14630.0,0.785398,0.785399,0.000547,0.000781,-0.000036,0.000000,3.199497,-0.016943,-0.000130,0.000000
14635.0,0.785398,0.785399,0.001735,0.000828,-0.000079,0.000000,3.199497,-0.009789,0.000000,0.000000
14640.0,0.785398,0.785399,0.001278,0.000875,-0.000029,0.000000,3.199498,-0.005784,0.000000,0.000000
14645.0,0.785398,0.785396,-0.005106,0.001656,0.000111,0.000000,3.199500,0.016388,0.000000,0.000000
14650.0,0.785398,0.785399,-0.005113,0.000828,-0.000036,0.000000,3.199505,0.023783,-0.000863,0.000000
14655.0,0.785398,0.785397,0.002860,0.001610,0.000100,0.000000,3.199507,0.018149,-0.000863,0.000000
14660.0,0.785398,0.785399,0.002399,0.000828,-0.000043,0.000000,3.199499,-0.015835,0.000000,0.000000
14665.0,0.785398,0.785396,-0.015623,0.002438,0.000136,0.000000,3.199500,-0.006507,0.000000,0.000000
14670.0,0.785398,0.785399,0.002435,0.000781,-0.000029,0.000000,3.199500,0.004013,0.000000,0.000000
14675.0,0.785398,0.785398,-0.005370,0.001610,-0.000018,0.000000,3.199498,-0.018668,0.000000,0.000000
14680.0,0.785398,0.785398,-0.005527,0.001610,0.000011,0.000000,3.199502,0.028081,0.000733,0.000000
14685.0,0.785398,0.785398,-0.001831,0.001610,-0.000007,0.000000,3.199505,0.017828,-0.000993,0.000000
14690.0,0.785398,0.785397,-0.000287,0.001610,0.000050,0.000000,3.199500,-0.011085,0.000000,0.000000
14695.0,0.785398,0.785398,-0.007397,0.001610,0.000000,0.000000,3.199499,-0.009674,0.000130,0.000000
14700.0,0.785398,0.785397,-0.004771,0.001610,0.000057,0.000000,3.199499,-0.005283,0.000000,0.000000
14705.0,0.785398,0.785398,0.000205,0.000828,-0.000018,0.000000,3.199502,0.022273,0.000130,0.000000
14710.0,0.785398,0.785399,0.011884,0.001563,-0.000064,0.000000,3.199503,0.002301,-0.000130,0.000000
14715.0,0.785398,0.785399,0.012293,0.000828,-0.000079,0.000000,3.199502,0.015516,0.000000,0.000000
14720.0,0.785398,0.785399,0.009115,0.001610,-0.000025,0.000000,3.199498,-0.026037,0.000000,0.000000
14725.0,0.785398,0.785399,0.008576,0.001563,-0.000064,0.000000,3.199496,-0.017251,0.000000,0.000000
14730.0,0.785398,0.785398,0.000385,0.002391,0.000039,0.000000,3.199502,0.012024,0.000130,0.000000
14735.0,0.785398,0.785397,-0.008486,0.001610,0.000089,0.000000,3.199499,-0.014096,0.000000,0.000000
14740.0,0.785398,0.785398,0.007192,0.001610,0.000039,0.000000,3.199500,0.007438,0.000000,0.000000
14745.0,0.785398,0.785399,0.006736,0.001610,-0.000079,0.000000,3.199500,-0.002276,0.000000,0.000000
14750.0,0.785398,0.785398,0.000732,0.001610,0.000032,0.000000,3.199501,-0.009982,-0.000993,0.000000
14755.0,0.785398,0.785399,0.013546,0.000000,-0.000054,0.000000,3.199497,-0.010696,0.000130,0.000000
14760.0,0.785398,0.785397,-0.014893,0.001563,0.000064,0.000000,3.199498,-0.003890,-0.000130,0.000000
14765.0,0.785398,0.785397,0.002859,0.001610,0.000064,0.000000,3.199501,0.011391,0.000000,0.000000
14770.0,0.785398,0.785399,-0.005552,0.000828,-0.000075,0.000000,3.199504,0.011283,-0.000130,0.000000
14775.0,0.785398,0.785398,-0.003817,0.001656,0.000007,0.000000,3.199503,0.007972,0.000000,0.000000
14780.0,0.785398,0.785398,0.005652,0.001656,0.000004,0.000000,3.199504,0.012664,0.000000,0.000000
14785.0,0.785398,0.785398,0.005269,0.001563,0.000025,0.000000,3.199501,-0.007269,-0.000863,0.000000
14790.0,0.785398,0.785397,-0.009926,0.000828,0.000072,0.000000,3.199497,-0.010939,0.000000,0.000000
14795.0,0.785398,0.785398,0.006269,0.001610,0.000025,0.000000,3.199497,-0.010867,0.000000,0.000000
14800.0,0.785398,0.785398,0.001175,0.001610,0.000014,0.000000,3.199502,0.012818,0.000130,0.000000
14805.0,0.785398,0.785399,-0.000518,0.000828,-0.000050,0.000000,3.199504,0.021938,0.000000,0.000000
14810.0,0.785398,0.785397,-0.002556,0.001610,0.000050,0.000000,3.199500,-0.004293,0.000863,0.000000
14815.0,0.785398,0.785399,0.010443,0.000781,-0.000046,0.000000,3.199499,-0.016183,0.000993,0.000000
14820.0,0.785398,0.785398,-0.006244,0.000875,0.000039,0.000000,3.199499,-0.014151,-0.000863,0.000000
14825.0,0.785398,0.785398,-0.003693,0.001656,0.000014,0.000000,3.199499,-0.002887,0.000000,0.000000
14830.0,0.785398,0.785398,-0.019171,0.000047,0.000032,0.000000,3.199498,-0.002370,0.000000,0.000000
14835.0,0.785398,0.785398,0.009771,0.001563,0.000014,0.000000,3.199502,0.018277,0.000000,0.000000
14840.0,0.785398,0.785397,-0.003776,0.001656,0.000061,0.000000,3.199503,0.015900,0.000863,0.000000
14845.0,0.785398,0.785397,0.000474,0.002391,0.000075,0.000000,3.199507,0.032013,0.000000,0.000000
14850.0,0.785398,0.785397,0.001456,0.002391,0.000079,0.000000,3.199501,-0.016854,-0.000130,0.000000
14855.0,0.785398,0.785397,-0.004586,0.001610,0.000064,0.000000,3.199495,-0.034258,0.000000,0.000000
14860.0,0.785398,0.785399,0.008569,0.001610,-0.000021,0.000000,3.199497,-0.007255,0.000000,0.000000
14865.0,0.785398,0.785398,0.001425,0.000828,0.000014,0.000000,3.199499,0.006928,0.000000,0.000000
14870.0,0.785398,0.785399,0.001332,0.000735,-0.000050,0.000000,3.199505,0.020389,0.000000,0.000000
14875.0,0.785398,0.785398,0.007062,0.001610,0.000021,0.000000,3.199505,0.010210,-0.000863,0.000000
14880.0,0.785398,0.785397,-0.005284,0.001656,0.000057,0.000000,3.199501,0.005373,0.000000,0.000000
14885.0,0.785398,0.785399,0.010587,0.000828,-0.000039,0.000000,3.199501,-0.000435,0.000863,0.000000
14890.0,0.785398,0.785399,-0.005574,0.000828,-0.000050,0.000000,3.199500,-0.005731,0.000000,0.000000
14895.0,0.785398,0.785399,0.007145,0.001563,-0.000032,0.000000,3.199499,-0.006529,0.000000,0.000000
14900.0,0.785398,0.785398,0.005464,0.001610,0.000025,0.000000,3.199499,-0.001693,0.000000,0.000000
14905.0,0.785398,0.785398,0.009184,0.000781,0.000000,0.000000,3.199503,0.023156,0.000130,0.000000
14910.0,0.785398,0.785398,0.005662,0.001610,0.000004,0.000000,3.199504,0.006553,0.000000,0.000000
14915.0,0.785398,0.785398,0.007081,0.000828,-0.000018,0.000000,3.199502,-0.004584,0.000130,0.000000
14920.0,0.785398,0.785397,0.008409,0.002391,0.000100,0.000000,3.199495,-0.017701,0.000863,0.000000
14925.0,0.785398,0.785398,-0.000884,0.001610,0.000014,0.000000,3.199497,-0.015794,-0.000863,0.000000
14930.0,0.785398,0.785397,-0.001226,0.001610,0.000057,0.000000,3.199495,-0.011820,-0.000130,0.000000
14935.0,0.785398,0.785399,0.013221,0.000828,-0.000068,0.000000,3.199500,0.008452,0.000000,0.000000
14940.0,0.785398,0.785397,-0.011672,0.000828,0.000082,0.000000,3.199502,-0.012120,-0.001726,0.000000
14945.0,0.785398,0.785398,0.007204,0.000000,0.000032,0.000000,3.199500,-0.000683,0.000000,0.000000
14950.0,0.785398,0.785399,0.010915,0.001610,-0.000021,0.000000,3.199501,0.006260,0.000000,0.000000
14955.0,0.785398,0.785399,-0.000934,0.001610,-0.000029,0.000000,3.199503,0.025552,0.000000,0.000000
14960.0,0.785398,0.785399,0.008058,0.001610,-0.000036,0.000000,3.199506,0.002419,-0.000863,0.000000
14965.0,0.785398,0.785397,-0.001472,0.001610,0.000046,0.000000,3.199502,-0.007354,0.000863,0.000000
14970.0,0.785398,0.785398,-0.001266,0.000828,-0.000004,0.000000,3.199499,-0.007953,-0.000130,0.000000
14975.0,0.785398,0.785399,-0.001061,0.000047,-0.000043,0.000000,3.199504,0.030875,-0.000733,0.000000
14980.0,0.785398,0.785399,0.009787,0.001610,-0.000046,0.000000,3.199507,0.021694,0.000000,0.000000
14985.0,0.785398,0.785398,-0.000804,0.001610,0.000032,0.000000,3.199504,-0.002510,0.000000,0.000000
14990.0,0.785398,0.785397,0.002022,0.001610,0.000072,0.000000,3.199497,-0.016981,0.000000,0.000000
14995.0,0.785398,0.785398,0.007588,0.001610,0.000004,0.000000,3.199497,-0.000881,0.000863,0.000000
15000.0,0.785398,0.785397,-0.004846,0.001610,0.000100,0.000000,3.199500,0.000069,0.000000,0.000000
15005.0,0.785398,0.785399,0.012651,0.000781,-0.000043,0.000000,3.199500,-0.000869,0.000000,0.000000
15010.0,0.785398,0.785399,-0.002802,0.000781,-0.000025,0.000000,3.199499,-0.007891,0.000000,0.000000
15015.0,0.785398,0.785399,0.012406,0.000781,-0.000046,0.000000,3.199499,-0.001753,0.000993,0.000000
15020.0,0.785398,0.785398,-0.003392,0.000828,-0.000011,0.000000,3.199500,-0.006990,0.000000,0.000000
15025.0,0.785398,0.785398,-0.001558,0.000828,-0.000007,0.000000,3.199501,0.006515,-0.000863,0.000000
15030.0,0.785398,0.785397,0.003074,0.001656,0.000075,0.000000,3.199503,0.009038,0.000000,0.000000
15035.0,0.785398,0.785398,-0.004175,0.001610,0.000025,0.000000,3.199502,0.002308,0.000000,0.000000
15040.0,0.785398,0.785397,-0.000630,0.001610,0.000043,0.000000,3.199500,0.005318,0.000863,0.000000
15045.0,0.785398,0.785399,0.012815,0.000828,-0.000079,0.000000,3.199501,-0.000313,0.000000,0.000000
15050.0,0.785398,0.785397,0.001596,0.001656,0.000054,0.000000,3.199499,-0.004946,0.000000,0.000000
15055.0,0.785398,0.785398,0.006146,0.001610,-0.000011,0.000000,3.199498,0.000666,0.000863,0.000000
15060.0,0.785398,0.785398,0.003412,0.001563,0.000011,0.000000,3.199504,0.018082,0.000000,0.000000
15065.0,0.785398,0.785399,0.006546,0.001610,-0.000029,0.000000,3.199505,0.010611,0.000000,0.000000
15070.0,0.785398,0.785399,0.012315,0.001610,-0.000079,0.000000,3.199501,-0.002183,0.000000,0.000000
15075.0,0.785398,0.785397,-0.011543,0.001610,0.000075,0.000000,3.199498,-0.023753,0.000000,0.000000
15080.0,0.785398,0.785398,0.000424,0.000828,-0.000014,0.000000,3.199496,-0.015771,0.000000,0.000000
15085.0,0.785398,0.785399,0.016119,0.000000,-0.000036,0.000000,3.199497,-0.004832,0.000000,0.000000
15090.0,0.785398,0.785396,-0.007257,0.001610,0.000118,0.000000,3.199504,0.021744,0.000000,0.000000
15095.0,0.785398,0.785397,-0.010527,0.003173,0.000068,0.000000,3.199505,0.008299,0.000000,0.000000
15100.0,0.785398,0.785398,0.013048,0.002391,-0.000011,0.000000,3.199501,-0.007546,0.000000,0.000000
15105.0,0.785398,0.785398,0.005861,0.000828,0.000014,0.000000,3.199499,-0.010436,0.000000,0.000000
15110.0,0.785398,0.785398,0.008844,0.002391,0.000021,0.000000,3.199498,-0.019868,-0.000863,0.000000
15115.0,0.785398,0.785398,0.002822,0.001610,0.000025,0.000000,3.199497,-0.008844,-0.000130,0.000000
15120.0,0.785398,0.785397,-0.007434,0.001610,0.000100,0.000000,3.199500,0.007164,0.000863,0.000000
15125.0,0.785398,0.785398,0.002486,0.001563,0.000036,0.000000,3.199502,-0.011045,0.000863,0.000000
15130.0,0.785398,0.785398,0.005798,0.001563,0.000014,0.000000,3.199502,0.002751,0.000000,0.000000
15135.0,0.785398,0.785398,-0.000979,0.000828,0.000000,0.000000,3.199502,0.000905,0.000000,0.000000
15140.0,0.785398,0.785398,0.001792,0.001563,-0.000007,0.000000,3.199502,-0.000885,-0.000733,0.000000
15145.0,0.785398,0.785399,-0.006449,0.000828,-0.000025,0.000000,3.199500,-0.002339,0.000000,0.000000
15150.0,0.785398,0.785398,0.010019,0.001563,-0.000011,0.000000,3.199498,-0.016273,0.000000,0.000000
15155.0,0.785398,0.785399,0.000821,0.001610,-0.000029,0.000000,3.199498,-0.005812,0.000130,0.000000
15160.0,0.785398,0.785398,-0.003930,0.001610,0.000011,0.000000,3.199499,-0.006752,0.000000,0.000000
15165.0,0.785398,0.785399,0.010716,0.001610,-0.000050,0.000000,3.199499,0.000840,0.000000,0.000000
15170.0,0.785398,0.785397,-0.004863,0.001656,0.000082,0.000000,3.199500,-0.002522,0.000000,0.000000
15175.0,0.785398,0.785399,0.009523,0.000781,-0.000025,0.000000,3.199502,0.028245,0.000000,0.000000
15180.0,0.785398,0.785398,0.007315,0.001610,-0.000011,0.000000,3.199504,0.020506,0.000863,0.000000
15185.0,0.785398,0.785398,-0.003532,0.001656,0.000018,0.000000,3.199503,0.014470,-0.000863,0.000000
15190.0,0.785398,0.785398,-0.007214,0.000828,-0.000004,0.000000,3.199504,0.012740,0.000000,0.000000
15195.0,0.785398,0.785398,0.007003,0.001610,-0.000011,0.000000,3.199504,0.007715,0.000000,0.000000
15200.0,0.785398,0.785397,0.003328,0.001610,0.000054,0.000000,3.199499,-0.013685,0.000000,0.000000
15205.0,0.785398,0.785398,-0.007524,0.001610,-0.000011,0.000000,3.199498,-0.015742,0.000000,0.000000
15210.0,0.785398,0.785397,0.003291,0.001610,0.000043,0.000000,3.199497,-0.009439,-0.000130,0.000000
15215.0,0.785398,0.785398,0.019175,0.000047,0.000014,0.000000,3.199498,-0.003305,0.000000,0.000000
15220.0,0.785398,0.785398,0.002621,0.001610,0.000007,0.000000,3.199501,0.016432,0.000863,0.000000
15225.0,0.785398,0.785398,0.005595,0.001610,0.000004,0.000000,3.199504,0.023198,-0.000863,0.000000
15230.0,0.785398,0.785398,0.002954,0.001610,0.000025,0.000000,3.199502,0.007390,0.000863,0.000000
15235.0,0.785398,0.785398,-0.008508,0.001610,-0.000004,0.000000,3.199502,0.001161,0.000000,0.000000
15240.0,0.785398,0.785398,0.003924,0.001610,0.000032,0.000000,3.199500,-0.007792,-0.000130,0.000000
15245.0,0.785398,0.785398,0.007985,0.001610,0.000025,0.000000,3.199498,-0.022882,0.000000,0.000000
15250.0,0.785398,0.785398,0.006793,0.001610,-0.000004,0.000000,3.199497,-0.004046,0.000000,0.000000
15255.0,0.785398,0.785397,-0.001230,0.001656,0.000061,0.000000,3.199499,0.019939,-0.000863,0.000000
15260.0,0.785398,0.785399,0.006759,0.002391,-0.000039,0.000000,3.199507,0.021034,0.000000,0.000000
15265.0,0.785398,0.785397,-0.002094,0.001610,0.000054,0.000000,3.199504,0.002687,-0.001726,0.000000
15270.0,0.785398,0.785400,0.002845,0.000781,-0.000100,0.000000,3.199497,0.006622,0.000863,0.000000
15275.0,0.785398,0.785397,-0.006665,0.001610,0.000089,0.000000,3.199501,0.006021,0.000000,0.000000
15280.0,0.785398,0.785398,-0.006509,0.000828,-0.000007,0.000000,3.199501,-0.001284,0.000000,0.000000
15285.0,0.785398,0.785398,0.006869,0.000828,-0.000018,0.000000,3.199501,0.008468,0.000000,0.000000
15290.0,0.785398,0.785397,-0.002941,0.001656,0.000097,0.000000,3.199496,-0.023365,0.000000,0.000000
15295.0,0.785398,0.785397,-0.009263,0.001610,0.000046,0.000000,3.199499,0.003548,0.000000,0.000000
15300.0,0.785398,0.785399,0.005221,0.001656,-0.000029,0.000000,3.199502,0.006442,0.000000,0.000000
15305.0,0.785398,0.785398,-0.003638,0.000828,-0.000011,0.000000,3.199504,0.027392,0.000000,0.000000
15310.0,0.785398,0.785397,0.001087,0.001610,0.000054,0.000000,3.199504,0.005194,0.000000,0.000000
15315.0,0.785398,0.785399,0.003944,0.000828,-0.000072,0.000000,3.199501,0.004950,-0.000863,0.000000
15320.0,0.785398,0.785398,-0.008662,0.000828,0.000014,0.000000,3.199500,-0.008074,0.000000,0.000000
15325.0,0.785398,0.785399,0.005125,0.001610,-0.000043,0.000000,3.199497,-0.020892,0.000000,0.000000
15330.0,0.785398,0.785398,0.004436,0.001610,0.000021,0.000000,3.199497,-0.007309,0.000000,0.000000
15335.0,0.785398,0.785398,0.006315,0.000828,0.000021,0.000000,3.199499,-0.001489,0.000000,0.000000
15340.0,0.785398,0.785400,0.002606,0.000828,-0.000082,0.000000,3.199502,0.001237,0.000000,0.000000
15345.0,0.785398,0.785398,0.003731,0.001610,-0.000007,0.000000,3.199502,0.017053,0.000000,0.000000
15350.0,0.785398,0.785398,-0.000473,0.001610,0.000025,0.000000,3.199501,-0.004430,0.000000,0.000000
15355.0,0.785398,0.785398,0.001901,0.000828,-0.000014,0.000000,3.199500,-0.002203,-0.000863,0.000000
15360.0,0.785398,0.785397,0.003547,0.001610,0.000068,0.000000,3.199499,-0.000109,0.000130,0.000000
15365.0,0.785398,0.785399,0.003224,0.000781,-0.000079,0.000000,3.199500,0.002707,0.000000,0.000000
15370.0,0.785398,0.785398,-0.001590,0.001610,0.000014,0.000000,3.199501,-0.008999,-0.000863,0.000000
15375.0,0.785398,0.785399,-0.000891,0.000875,-0.000039,0.000000,3.199499,-0.006160,-0.000130,0.000000
15380.0,0.785398,0.785399,0.006797,0.001610,-0.000029,0.000000,3.199500,0.002408,0.000000,0.000000
15385.0,0.785398,0.785398,-0.006507,0.001610,0.000032,0.000000,3.199502,0.005854,0.000863,0.000000
15390.0,0.785398,0.785398,-0.010630,0.000828,0.000025,0.000000,3.199504,0.010567,0.000000,0.000000
15395.0,0.785398,0.785398,0.004418,0.001610,0.000032,0.000000,3.199503,0.007438,-0.000130,0.000000
15400.0,0.785398,0.785398,0.000286,0.001610,0.000025,0.000000,3.199502,0.007288,0.000000,0.000000
15405.0,0.785398,0.785398,0.003232,0.001610,0.000039,0.000000,3.199500,-0.010181,0.000000,0.000000
15410.0,0.785398,0.785399,0.010315,0.001610,-0.000064,0.000000,3.199498,-0.008378,0.000000,0.000000
15415.0,0.785398,0.785398,-0.002017,0.000828,0.000032,0.000000,3.199504,0.016845,0.000130,0.000000
15420.0,0.785398,0.785398,0.009170,0.001610,-0.000011,0.000000,3.199505,0.022007,0.000000,0.000000
15425.0,0.785398,0.785397,-0.010780,0.002391,0.000100,0.000000,3.199504,0.001764,0.000130,0.000000
15430.0,0.785398,0.785399,0.000013,0.000781,-0.000029,0.000000,3.199498,-0.016581,0.000000,0.000000
15435.0,0.785398,0.785398,0.000220,0.001610,-0.000011,0.000000,3.199497,-0.018054,0.000130,0.000000
15440.0,0.785398,0.785398,-0.003119,0.000828,-0.000004,0.000000,3.199497,-0.009742,0.000000,0.000000
15445.0,0.785398,0.785397,0.002042,0.001610,0.000057,0.000000,3.199498,-0.002566,-0.000130,0.000000
15450.0,0.785398,0.785397,-0.001250,0.001610,0.000057,0.000000,3.199500,0.001042,0.000000,0.000000
15455.0,0.785398,0.785399,0.012632,0.000781,-0.000068,0.000000,3.199501,0.006416,0.000000,0.000000
15460.0,0.785398,0.785398,-0.005012,0.000828,0.000004,0.000000,3.199503,0.003489,-0.000863,0.000000
15465.0,0.785398,0.785398,0.009274,0.000828,-0.000007,0.000000,3.199503,0.010128,0.000130,0.000000
15470.0,0.785398,0.785397,-0.004095,0.001610,0.000068,0.000000,3.199503,0.005096,0.000000,0.000000
15475.0,0.785398,0.785399,0.010164,0.000781,-0.000036,0.000000,3.199501,-0.005570,0.000863,0.000000
15480.0,0.785398,0.785398,-0.006174,0.000781,0.000032,0.000000,3.199500,-0.016784,-0.000863,0.000000
15485.0,0.785398,0.785398,-0.002887,0.000875,0.000000,0.000000,3.199497,-0.016805,0.000000,0.000000
15490.0,0.785398,0.785398,-0.001819,0.000828,0.000025,0.000000,3.199496,-0.010574,0.000000,0.000000
15495.0,0.785398,0.785399,0.000488,0.000781,-0.000039,0.000000,3.199497,-0.011203,0.000000,0.000000
15500.0,0.785398,0.785398,-0.013688,0.000000,0.000014,0.000000,3.199500,0.005923,-0.000863,0.000000
15505.0,0.785398,0.785397,0.004966,0.001610,0.000043,0.000000,3.199501,0.004149,0.001726,0.000000
15510.0,0.785398,0.785398,0.001713,0.001610,0.000007,0.000000,3.199506,0.018234,0.000000,0.000000
15515.0,0.785398,0.785398,-0.007295,0.001610,0.000021,0.000000,3.199502,-0.019252,0.000000,0.000000
15520.0,0.785398,0.785398,-0.008875,0.000828,0.000007,0.000000,3.199498,0.001072,0.000863,0.000000
15525.0,0.785398,0.785398,0.008254,0.000781,0.000021,0.000000,3.199501,0.004980,0.000000,0.000000
15530.0,0.785398,0.785397,-0.002820,0.001563,0.000064,0.000000,3.199501,-0.006990,-0.000863,0.000000
15535.0,0.785398,0.785398,0.003039,0.001610,0.000004,0.000000,3.199498,-0.016277,0.000000,0.000000
15540.0,0.785398,0.785399,0.000508,0.000828,-0.000061,0.000000,3.199499,0.003099,0.000130,0.000000
15545.0,0.785398,0.785398,0.002345,0.000828,-0.000004,0.000000,3.199501,0.008727,0.000863,0.000000
15550.0,0.785398,0.785399,0.011752,0.001610,-0.000064,0.000000,3.199503,0.017624,0.000863,0.000000
15555.0,0.785398,0.785398,-0.011223,0.002391,0.000007,0.000000,3.199506,0.015026,0.000000,0.000000
15560.0,0.785398,0.785398,-0.004779,0.001563,0.000025,0.000000,3.199502,-0.009050,0.000130,0.000000
15565.0,0.785398,0.785399,0.008843,0.000828,-0.000029,0.000000,3.199498,-0.012868,0.000000,0.000000
15570.0,0.785398,0.785398,0.005830,0.001610,0.000004,0.000000,3.199496,-0.018531,0.000130,0.000000
15575.0,0.785398,0.785398,-0.007092,0.001656,0.000018,0.000000,3.199499,0.017556,0.000000,0.000000
15580.0,0.785398,0.785398,0.001261,0.001610,-0.000011,0.000000,3.199504,0.012724,-0.000863,0.000000
15585.0,0.785398,0.785399,-0.013287,0.001656,-0.000029,0.000000,3.199502,0.001135,0.000000,0.000000
15590.0,0.785398,0.785397,-0.001292,0.001563,0.000086,0.000000,3.199499,-0.008464,0.000000,0.000000
15595.0,0.785398,0.785399,0.000144,0.000828,-0.000029,0.000000,3.199497,-0.003480,-0.000863,0.000000
15600.0,0.785398,0.785399,0.009096,0.001610,-0.000029,0.000000,3.199500,0.004363,-0.000863,0.000000
15605.0,0.785398,0.785398,-0.003892,0.001610,0.000004,0.000000,3.199503,0.018066,0.000130,0.000000
15610.0,0.785398,0.785396,-0.003340,0.001610,0.000114,0.000000,3.199502,-0.005995,0.000000,0.000000
15615.0,0.785398,0.785398,0.013410,0.001563,-0.000011,0.000000,3.199501,0.002901,0.000000,0.000000
15620.0,0.785398,0.785397,-0.002275,0.001610,0.000057,0.000000,3.199498,-0.010847,0.000000,0.000000
15625.0,0.785398,0.785399,0.011287,0.001610,-0.000050,0.000000,3.199498,-0.016466,0.000130,0.000000
15630.0,0.785398,0.785397,-0.004364,0.001610,0.000082,0.000000,3.199499,0.010075,0.000733,0.000000
15635.0,0.785398,0.785399,0.010802,0.000000,-0.000029,0.000000,3.199502,0.011323,0.000130,0.000000
15640.0,0.785398,0.785398,0.008466,0.001610,-0.000014,0.000000,3.199501,-0.003650,0.000000,0.000000
15645.0,0.785398,0.785399,0.009586,0.000781,-0.000043,0.000000,3.199500,0.000032,-0.000130,0.000000
15650.0,0.785398,0.785396,-0.000937,0.001656,0.000104,0.000000,3.199501,0.000155,0.000000,0.000000
15655.0,0.785398,0.785398,-0.007270,0.000828,0.000025,0.000000,3.199504,0.022090,0.000000,0.000000
15660.0,0.785398,0.785398,-0.006476,0.000875,-0.000004,0.000000,3.199503,0.012965,0.000863,0.000000
15665.0,0.785398,0.785398,-0.003213,0.000828,-0.000007,0.000000,3.199507,0.045354,-0.000863,0.000000
15670.0,0.785398,0.785399,-0.001833,0.000828,-0.000046,0.000000,3.199506,0.009281,-0.000130,0.000000
15675.0,0.785398,0.785396,-0.007184,0.001656,0.000107,0.000000,3.199501,-0.017559,0.000000,0.000000
15680.0,0.785398,0.785399,-0.004695,0.000828,-0.000025,0.000000,3.199492,-0.039143,0.000130,0.000000
15685.0,0.785398,0.785399,0.009702,0.001563,-0.000054,0.000000,3.199492,-0.025047,0.000000,0.000000
15690.0,0.785398,0.785398,-0.005750,0.001610,0.000036,0.000000,3.199497,-0.013593,-0.000863,0.000000
15695.0,0.785398,0.785397,-0.013070,0.002391,0.000072,0.000000,3.199502,0.017092,-0.000863,0.000000
15700.0,0.785398,0.785397,0.004282,0.001610,0.000057,0.000000,3.199502,0.004118,0.000000,0.000000
15705.0,0.785398,0.785398,-0.000036,0.000828,0.000007,0.000000,3.199502,0.003262,0.000000,0.000000
15710.0,0.785398,0.785399,0.001318,0.000781,-0.000036,0.000000,3.199501,0.001724,0.000130,0.000000
15715.0,0.785398,0.785399,-0.007298,0.001610,-0.000021,0.000000,3.199502,0.009980,0.000000,0.000000
15720.0,0.785398,0.785398,0.007174,0.001610,0.000000,0.000000,3.199504,-0.005402,-0.000863,0.000000
15725.0,0.785398,0.785398,-0.013698,0.001610,0.000029,0.000000,3.199500,-0.012089,0.000863,0.000000
15730.0,0.785398,0.785399,0.002268,0.000875,-0.000029,0.000000,3.199498,-0.029482,-0.000863,0.000000
15735.0,0.785398,0.785398,-0.006257,0.002391,-0.000014,0.000000,3.199493,-0.023772,0.000993,0.000000
15740.0,0.785398,0.785397,-0.003348,0.001610,0.000093,0.000000,3.199499,-0.001803,0.000000,0.000000
15745.0,0.785398,0.785397,-0.017557,0.001610,0.000057,0.000000,3.199501,0.005946,0.000000,0.000000
15750.0,0.785398,0.785399,0.003674,0.000828,-0.000021,0.000000,3.199502,0.009532,0.000000,0.000000
15755.0,0.785398,0.785400,-0.005916,0.001610,-0.000093,0.000000,3.199504,0.010128,-0.000733,0.000000
15760.0,0.785398,0.785399,-0.006691,0.000875,-0.000029,0.000000,3.199501,0.010934,0.000863,0.000000
15765.0,0.785398,0.785399,0.009913,0.000781,-0.000043,0.000000,3.199502,0.007259,0.000130,0.000000
15770.0,0.785398,0.785397,-0.001245,0.001610,0.000075,0.000000,3.199502,-0.000068,-0.000130,0.000000
15775.0,0.785398,0.785396,-0.016219,0.002391,0.000107,0.000000,3.199497,-0.026221,0.000000,0.000000
15780.0,0.785398,0.785399,-0.013642,0.000047,-0.000039,0.000000,3.199501,0.014384,0.000000,0.000000
15785.0,0.785398,0.785399,0.014966,0.000781,-0.000072,0.000000,3.199505,0.023566,-0.000130,0.000000
15790.0,0.785398,0.785397,-0.009320,0.000781,0.000057,0.000000,3.199503,-0.000948,-0.000130,0.000000
15795.0,0.785398,0.785398,0.012596,0.001563,0.000029,0.000000,3.199502,-0.001922,-0.000863,0.000000
15800.0,0.785398,0.785398,-0.010444,0.000047,-0.000004,0.000000,3.199499,-0.006112,0.000000,0.000000
15805.0,0.785398,0.785398,-0.003039,0.001610,0.000014,0.000000,3.199502,0.001060,0.000000,0.000000
15810.0,0.785398,0.785398,0.001026,0.001610,0.000021,0.000000,3.199495,-0.024406,0.000000,0.000000
15815.0,0.785398,0.785399,-0.008942,0.001656,-0.000050,0.000000,3.199496,-0.007978,-0.000130,0.000000
15820.0,0.785398,0.785398,-0.006390,0.000828,0.000021,0.000000,3.199500,0.005889,0.000000,0.000000
15825.0,0.785398,0.785399,0.010665,0.000828,-0.000039,0.000000,3.199500,0.000465,0.000000,0.000000
15830.0,0.785398,0.785397,0.001793,0.001610,0.000064,0.000000,3.199500,-0.002862,0.000000,0.000000
15835.0,0.785398,0.785399,0.005769,0.000828,-0.000036,0.000000,3.199505,0.030434,-0.000130,0.000000
15840.0,0.785398,0.785398,0.008234,0.001610,-0.000004,0.000000,3.199505,0.008003,0.000000,0.000000
15845.0,0.785398,0.785398,-0.012326,0.003173,0.000014,0.000000,3.199502,-0.015397,0.000863,0.000000
15850.0,0.785398,0.785399,0.008489,0.001563,-0.000054,0.000000,3.199500,0.017782,0.001726,0.000000
15855.0,0.785398,0.785399,-0.002768,0.001610,-0.000025,0.000000,3.199502,0.006048,0.000000,0.000000
15860.0,0.785398,0.785399,0.003744,0.000828,-0.000068,0.000000,3.199500,-0.009385,0.000000,0.000000
15865.0,0.785398,0.785397,-0.018215,0.001610,0.000086,0.000000,3.199499,-0.008089,0.000000,0.000000
15870.0,0.785398,0.785398,-0.004793,0.001610,0.000036,0.000000,3.199496,-0.026306,-0.000863,0.000000
15875.0,0.785398,0.785399,0.009999,-0.000781,-0.000036,0.000000,3.199496,-0.013360,0.000000,0.000000
15880.0,0.785398,0.785398,-0.001536,0.000781,0.000004,0.000000,3.199502,0.016711,0.000000,0.000000
15885.0,0.785398,0.785398,0.005246,0.001563,0.000029,0.000000,3.199504,0.014035,0.000130,0.000000
15890.0,0.785398,0.785398,0.004731,0.001610,0.000014,0.000000,3.199503,0.004169,-0.000130,0.000000
15895.0,0.785398,0.785399,-0.006277,0.001610,-0.000032,0.000000,3.199501,-0.005156,0.000000,0.000000
15900.0,0.785398,0.785397,-0.007328,0.001610,0.000075,0.000000,3.199499,-0.004686,0.000000,0.000000
15905.0,0.785398,0.785398,0.009616,0.000000,-0.000018,0.000000,3.199497,-0.010681,0.000000,0.000000
15910.0,0.785398,0.785398,-0.002233,0.000875,0.000007,0.000000,3.199498,-0.006207,0.000000,0.000000
15915.0,0.785398,0.785399,0.000499,0.000828,-0.000046,0.000000,3.199499,-0.007644,0.000000,0.000000
15920.0,0.785398,0.785399,-0.000653,0.000828,-0.000029,0.000000,3.199502,0.019397,0.000000,0.000000
15925.0,0.785398,0.785398,0.002645,0.001656,0.000039,0.000000,3.199503,0.004978,0.000000,0.000000
15930.0,0.785398,0.785398,0.002535,0.001610,0.000025,0.000000,3.199503,0.015903,0.000000,0.000000
15935.0,0.785398,0.785397,-0.002360,0.001610,0.000089,0.000000,3.199504,0.008414,0.000863,0.000000
15940.0,0.785398,0.785399,-0.016151,0.000828,-0.000032,0.000000,3.199502,-0.005899,-0.000863,0.000000
15945.0,0.785398,0.785397,0.003269,0.001610,0.000057,0.000000,3.199499,-0.023543,0.000863,0.000000
15950.0,0.785398,0.785400,0.013700,0.001610,-0.000097,0.000000,3.199499,-0.003465,0.000000,0.000000
15955.0,0.785398,0.785398,-0.010498,0.001656,-0.000004,0.000000,3.199500,-0.001171,0.000000,0.000000
15960.0,0.785398,0.785398,0.001910,0.001610,0.000004,0.000000,3.199502,0.014758,0.000130,0.000000
15965.0,0.785398,0.785398,-0.022552,0.002438,-0.000011,0.000000,3.199502,0.001742,-0.000130,0.000000
15970.0,0.785398,0.785397,-0.008210,0.000828,0.000057,0.000000,3.199500,0.002856,0.000000,0.000000
15975.0,0.785398,0.785398,-0.002661,0.001610,0.000014,0.000000,3.199501,0.001969,0.000000,0.000000
15980.0,0.785398,0.785398,0.009630,0.001563,-0.000011,0.000000,3.199502,0.013969,0.000863,0.000000
15985.0,0.785398,0.785398,0.001675,0.001610,0.000025,0.000000,3.199502,-0.005531,-0.000733,0.000000
15990.0,0.785398,0.785397,0.003092,0.001610,0.000043,0.000000,3.199497,-0.010710,0.000000,0.000000
15995.0,0.785398,0.785399,0.006349,0.001610,-0.000021,0.000000,3.199503,0.019067,-0.000863,0.000000
16000.0,0.785398,0.785398,0.001702,0.002391,0.000036,0.000000,3.199503,0.005932,0.000000,0.000000
16005.0,0.785398,0.785398,-0.008556,0.001610,0.000004,0.000000,3.199504,0.020768,0.000130,0.000000
16010.0,0.785398,0.785398,0.004834,0.001610,0.000032,0.000000,3.199500,-0.010530,0.000000,0.000000
16015.0,0.785398,0.785399,-0.006238,0.000828,-0.000032,0.000000,3.199497,-0.027649,0.000000,0.000000
16020.0,0.785398,0.785398,-0.003236,0.000828,0.000039,0.000000,3.199499,0.010186,0.000000,0.000000
16025.0,0.785398,0.785399,0.000597,0.000828,-0.000032,0.000000,3.199501,-0.005458,-0.000993,0.000000
16030.0,0.785398,0.785399,0.000050,0.000828,-0.000032,0.000000,3.199497,-0.009817,-0.000130,0.000000
16035.0,0.785398,0.785399,0.002765,0.000828,-0.000025,0.000000,3.199497,-0.010070,0.000000,0.000000
16040.0,0.785398,0.785398,0.001054,0.001610,0.000025,0.000000,3.199502,0.013796,0.000000,0.000000
16045.0,0.785398,0.785398,-0.008508,0.001610,0.000000,0.000000,3.199502,0.001446,0.001726,0.000000
16050.0,0.785398,0.785398,0.001136,0.001610,0.000004,0.000000,3.199497,-0.013206,0.000000,0.000000
16055.0,0.785398,0.785398,0.003757,0.001610,0.000004,0.000000,3.199499,0.004607,0.000000,0.000000
16060.0,0.785398,0.785398,-0.012287,0.000875,0.000039,0.000000,3.199504,0.008594,-0.000863,0.000000
16065.0,0.785398,0.785398,0.006468,0.000047,0.000032,0.000000,3.199501,-0.004051,-0.000130,0.000000
16070.0,0.785398,0.785397,0.006874,0.002391,0.000050,0.000000,3.199501,0.003430,0.000000,0.000000
16075.0,0.785398,0.785399,0.020720,0.000828,-0.000032,0.000000,3.199503,0.031778,-0.000863,0.000000
16080.0,0.785398,0.785398,0.003268,0.000828,-0.000018,0.000000,3.199503,0.007913,0.000000,0.000000
16085.0,0.785398,0.785399,0.000580,0.001610,-0.000079,0.000000,3.199500,-0.007849,0.000000,0.000000
16090.0,0.785398,0.785398,0.005173,0.001563,-0.000014,0.000000,3.199498,-0.013545,0.000000,0.000000
16095.0,0.785398,0.785398,-0.007007,0.000828,0.000021,0.000000,3.199496,-0.013000,-0.000863,0.000000
16100.0,0.785398,0.785398,-0.011682,0.000828,0.000036,0.000000,3.199498,0.000340,0.000000,0.000000
16105.0,0.785398,0.785396,0.006703,0.001610,0.000107,0.000000,3.199501,0.001439,0.000000,0.000000
16110.0,0.785398,0.785398,0.006798,0.001610,0.000021,0.000000,3.199503,0.007345,-0.000863,0.000000
16115.0,0.785398,0.785398,0.011584,0.000828,0.000025,0.000000,3.199503,0.011247,0.000000,0.000000
16120.0,0.785398,0.785398,-0.002167,0.001610,0.000039,0.000000,3.199504,0.031423,0.001726,0.000000
16125.0,0.785398,0.785399,0.000611,0.001610,-0.000039,0.000000,3.199506,0.017256,-0.000733,0.000000
16130.0,0.785398,0.785398,-0.002809,0.000828,0.000011,0.000000,3.199500,-0.021760,-0.000863,0.000000
16135.0,0.785398,0.785397,0.002467,0.000828,0.000057,0.000000,3.199499,-0.006659,-0.000863,0.000000
16140.0,0.785398,0.785398,0.007211,0.001610,0.000032,0.000000,3.199497,-0.010792,0.000000,0.000000
16145.0,0.785398,0.785399,-0.015539,0.002391,-0.000039,0.000000,3.199499,0.011949,0.000000,0.000000
16150.0,0.785398,0.785398,0.006633,0.001563,-0.000004,0.000000,3.199501,0.005287,0.000130,0.000000
16155.0,0.785398,0.785398,-0.002691,0.000828,-0.000018,0.000000,3.199499,-0.004629,0.000863,0.000000
16160.0,0.785398,0.785399,0.006805,0.001610,-0.000043,0.000000,3.199500,-0.002590,-0.000130,0.000000
16165.0,0.785398,0.785396,-0.012218,0.001610,0.000118,0.000000,3.199500,0.002193,0.000863,0.000000
16170.0,0.785398,0.785398,-0.008320,0.000828,0.000036,0.000000,3.199500,0.003593,0.000130,0.000000
16175.0,0.785398,0.785398,-0.015101,0.002391,0.000025,0.000000,3.199502,0.006668,0.000130,0.000000
16180.0,0.785398,0.785396,0.007899,0.002391,0.000132,0.000000,3.199504,0.016808,0.000000,0.000000
16185.0,0.785398,0.785399,0.002868,0.001610,-0.000032,0.000000,3.199503,0.010379,0.000000,0.000000
16190.0,0.785398,0.785398,0.005245,0.002391,0.000039,0.000000,3.199502,-0.002429,0.000000,0.000000
16195.0,0.785398,0.785398,0.001047,0.001656,0.000025,0.000000,3.199500,-0.007078,0.000000,0.000000
16200.0,0.785398,0.785399,0.015140,0.002391,-0.000032,0.000000,3.199501,-0.002296,0.000000,0.000000
16205.0,0.785398,0.785399,0.005758,0.001563,-0.000043,0.000000,3.199500,-0.007201,0.000000,0.000000
16210.0,0.785398,0.785398,-0.006208,0.000875,0.000032,0.000000,3.199497,-0.019189,0.000000,0.000000
16215.0,0.785398,0.785399,0.010622,0.001610,-0.000036,0.000000,3.199497,-0.009518,0.000000,0.000000
16220.0,0.785398,0.785399,0.007218,0.001610,-0.000025,0.000000,3.199500,0.006136,0.000130,0.000000
16225.0,0.785398,0.785397,-0.001256,0.001610,0.000050,0.000000,3.199502,0.005969,-0.000130,0.000000
16230.0,0.785398,0.785398,-0.014187,0.000828,0.000036,0.000000,3.199502,0.004851,0.000000,0.000000
16235.0,0.785398,0.785397,0.005395,0.000828,0.000079,0.000000,3.199505,0.019153,0.000000,0.000000
16240.0,0.785398,0.785398,0.011018,0.001656,-0.000018,0.000000,3.199504,0.005705,0.000000,0.000000
16245.0,0.785398,0.785399,-0.000141,0.001610,-0.000032,0.000000,3.199501,-0.009357,0.000000,0.000000
16250.0,0.785398,0.785398,0.011211,0.002391,-0.000011,0.000000,3.199493,-0.034556,0.000000,0.000000
16255.0,0.785398,0.785398,0.002489,0.001610,0.000007,0.000000,3.199494,-0.015003,0.000000,0.000000
16260.0,0.785398,0.785399,-0.002786,0.000781,-0.000036,0.000000,3.199500,0.006289,0.000733,0.000000
16265.0,0.785398,0.785397,0.014944,0.000828,0.000043,0.000000,3.199499,0.006441,0.000000,0.000000
16270.0,0.785398,0.785397,0.002243,0.002438,0.000079,0.000000,3.199507,0.033640,0.000000,0.000000
16275.0,0.785398,0.785397,-0.003775,0.001610,0.000057,0.000000,3.199505,-0.007532,0.000000,0.000000
16280.0,0.785398,0.785398,-0.003160,0.000828,0.000004,0.000000,3.199500,-0.010875,0.000000,0.000000
16285.0,0.785398,0.785398,0.000839,0.001610,0.000007,0.000000,3.199497,-0.016890,0.000000,0.000000
16290.0,0.785398,0.785399,-0.005287,0.000828,-0.000072,0.000000,3.199497,-0.011310,0.000130,0.000000
16295.0,0.785398,0.785399,0.007023,0.001610,-0.000036,0.000000,3.199501,0.009865,0.000000,0.000000
16300.0,0.785398,0.785397,-0.005907,0.001610,0.000093,0.000000,3.199502,0.014341,0.000733,0.000000
16305.0,0.785398,0.785398,0.009699,0.001610,-0.000011,0.000000,3.199504,0.011046,0.000000,0.000000
16310.0,0.785398,0.785397,-0.010253,0.001610,0.000054,0.000000,3.199500,0.000908,0.000863,0.000000
16315.0,0.785398,0.785398,0.005985,0.001610,0.000025,0.000000,3.199500,-0.000149,0.000130,0.000000
16320.0,0.785398,0.785398,0.003881,0.001656,0.000018,0.000000,3.199501,0.000901,0.000000,0.000000
16325.0,0.785398,0.785397,-0.006749,0.001610,0.000061,0.000000,3.199501,-0.001465,0.000130,0.000000
16330.0,0.785398,0.785398,-0.008001,0.000828,-0.000004,0.000000,3.199501,0.001449,0.000000,0.000000
16335.0,0.785398,0.785398,-0.004582,0.001656,0.000018,0.000000,3.199503,0.021019,0.000000,0.000000
16340.0,0.785398,0.785397,-0.004913,0.001610,0.000046,0.000000,3.199504,0.011923,-0.000130,0.000000
16345.0,0.785398,0.785397,-0.001280,0.001610,0.000043,0.000000,3.199502,-0.005149,0.000000,0.000000
16350.0,0.785398,0.785397,-0.000178,0.001610,0.000054,0.000000,3.199498,-0.013519,0.000000,0.000000
16355.0,0.785398,0.785398,0.001146,0.000000,-0.000018,0.000000,3.199496,-0.023275,0.000000,0.000000
16360.0,0.785398,0.785398,-0.008341,0.000875,0.000032,0.000000,3.199497,-0.008642,-0.000130,0.000000
16365.0,0.785398,0.785397,-0.003230,0.001610,0.000068,0.000000,3.199500,0.004139,-0.000863,0.000000
16370.0,0.785398,0.785398,-0.003447,0.001610,-0.000011,0.000000,3.199500,-0.014251,-0.000863,0.000000
16375.0,0.785398,0.785398,0.003476,0.001610,0.000039,0.000000,3.199499,-0.003677,0.000130,0.000000
16380.0,0.785398,0.785399,0.001227,0.001610,-0.000036,0.000000,3.199504,0.021575,0.000000,0.000000
16385.0,0.785398,0.785398,0.003424,0.001610,-0.000007,0.000000,3.199505,0.029035,0.000261,0.000000
16390.0,0.785398,0.785397,-0.009019,0.000828,0.000064,0.000000,3.199506,0.033009,0.000863,0.000000
16395.0,0.785398,0.785398,-0.006357,0.001610,-0.000004,0.000000,3.199505,0.008379,0.000863,0.000000
16400.0,0.785398,0.785397,-0.006104,0.001563,0.000064,0.000000,3.199502,0.007252,0.000993,0.000000
16405.0,0.785398,0.785397,-0.000115,0.001610,0.000043,0.000000,3.199500,-0.013124,0.000000,0.000000
16410.0,0.785398,0.785398,0.000608,0.001610,0.000032,0.000000,3.199497,-0.007838,0.000863,0.000000
16415.0,0.785398,0.785398,0.007978,0.000781,0.000025,0.000000,3.199497,-0.010923,-0.000863,0.000000
16420.0,0.785398,0.785398,-0.001225,0.000781,-0.000007,0.000000,3.199492,-0.028081,0.000000,0.000000
16425.0,0.785398,0.785398,0.005396,0.001610,0.000018,0.000000,3.199495,-0.005529,0.000000,0.000000
16430.0,0.785398,0.785399,-0.008634,0.000047,-0.000068,0.000000,3.199500,0.004677,0.000000,0.000000
16435.0,0.785398,0.785397,-0.003936,0.001610,0.000057,0.000000,3.199502,0.012500,0.000130,0.000000
16440.0,0.785398,0.785397,0.001786,0.001610,0.000043,0.000000,3.199504,0.007827,0.000000,0.000000
16445.0,0.785398,0.785398,0.021403,0.000000,-0.000004,0.000000,3.199503,0.017066,0.000000,0.000000
16450.0,0.785398,0.785398,0.011717,0.002391,0.000036,0.000000,3.199504,0.008598,-0.000130,0.000000
16455.0,0.785398,0.785398,0.005507,0.001563,-0.000011,0.000000,3.199502,-0.000243,0.000863,0.000000
16460.0,0.785398,0.785398,0.004198,0.002391,0.000025,0.000000,3.199502,0.000197,0.000000,0.000000
16465.0,0.785398,0.785398,-0.003570,0.001610,0.000036,0.000000,3.199498,-0.004429,0.000000,0.000000
16470.0,0.785398,0.785398,-0.002123,0.001610,0.000014,0.000000,3.199501,0.022748,0.001726,0.000000
16475.0,0.785398,0.785398,0.004740,0.000781,0.000032,0.000000,3.199503,0.015005,-0.000130,0.000000
16480.0,0.785398,0.785398,0.007685,0.002391,-0.000007,0.000000,3.199502,0.000661,-0.000863,0.000000
16485.0,0.785398,0.785398,-0.012729,0.002391,-0.000007,0.000000,3.199500,-0.006323,0.000000,0.000000
16490.0,0.785398,0.785396,-0.020733,0.000875,0.000132,0.000000,3.199497,-0.020941,0.000000,0.000000
16495.0,0.785398,0.785398,-0.001548,0.000828,0.000007,0.000000,3.199496,-0.024910,0.000000,0.000000
16500.0,0.785398,0.785398,-0.001320,0.001656,0.000000,0.000000,3.199497,-0.004337,0.000000,0.000000
16505.0,0.785398,0.785398,0.003664,0.001610,0.000014,0.000000,3.199502,0.018251,0.000863,0.000000
16510.0,0.785398,0.785398,0.002655,0.001563,0.000029,0.000000,3.199504,0.012090,0.000000,0.000000
16515.0,0.785398,0.785397,-0.001743,0.001610,0.000089,0.000000,3.199503,0.004912,0.000000,0.000000
16520.0,0.785398,0.785399,0.014183,0.001610,-0.000050,0.000000,3.199500,-0.016224,-0.000863,0.000000
16525.0,0.785398,0.785398,-0.005544,0.001610,0.000039,0.000000,3.199496,-0.021361,0.000000,0.000000
16530.0,0.785398,0.785399,0.007188,0.001563,-0.000036,0.000000,3.199498,-0.000035,-0.000130,0.000000
16535.0,0.785398,0.785398,-0.002905,0.001610,0.000004,0.000000,3.199504,0.033066,0.000000,0.000000
16540.0,0.785398,0.785396,-0.000450,0.002391,0.000107,0.000000,3.199503,-0.005758,0.000130,0.000000
16545.0,0.785398,0.785399,0.004350,0.000828,-0.000054,0.000000,3.199500,-0.005521,-0.000130,0.000000
16550.0,0.785398,0.785398,0.007844,0.001610,0.000007,0.000000,3.199504,0.015726,0.000000,0.000000
16555.0,0.785398,0.785398,0.001432,0.001563,0.000032,0.000000,3.199504,-0.002808,0.000000,0.000000
16560.0,0.785398,0.785398,0.000729,0.001563,0.000021,0.000000,3.199499,-0.013136,0.000130,0.000000
16565.0,0.785398,0.785398,-0.007540,0.001610,-0.000007,0.000000,3.199497,-0.009050,-0.000130,0.000000
16570.0,0.785398,0.785398,0.005047,0.001610,-0.000007,0.000000,3.199499,-0.003678,0.000000,0.000000
16575.0,0.785398,0.785398,0.009069,0.000781,0.000025,0.000000,3.199500,0.001300,0.000733,0.000000
16580.0,0.785398,0.785398,-0.013954,0.000047,0.000029,0.000000,3.199501,-0.002873,0.000130,0.000000
16585.0,0.785398,0.785398,0.003613,0.001610,0.000032,0.000000,3.199499,0.001885,0.000261,0.000000
16590.0,0.785398,0.785397,-0.008373,0.001610,0.000064,0.000000,3.199503,0.011928,-0.000733,0.000000
16595.0,0.785398,0.785398,0.009807,0.000781,-0.000011,0.000000,3.199504,0.010577,-0.000130,0.000000
16600.0,0.785398,0.785398,-0.002029,0.000781,-0.000011,0.000000,3.199501,-0.004898,0.000000,0.000000
16605.0,0.785398,0.785398,0.002503,0.001610,0.000007,0.000000,3.199498,-0.020076,0.000000,0.000000
16610.0,0.785398,0.785398,0.000842,0.001610,0.000018,0.000000,3.199497,-0.008063,0.000000,0.000000
16615.0,0.785398,0.785398,0.004155,0.000828,0.000004,0.000000,3.199497,-0.009054,0.000000,0.000000
16620.0,0.785398,0.785398,-0.008579,0.000828,0.000000,0.000000,3.199500,0.007791,0.000733,0.000000
16625.0,0.785398,0.785398,0.007173,0.001610,0.000000,0.000000,3.199502,0.012965,0.000000,0.000000
16630.0,0.785398,0.785398,-0.007477,0.000828,0.000039,0.000000,3.199502,-0.000671,0.000000,0.000000
16635.0,0.785398,0.785398,0.008456,0.001610,-0.000011,0.000000,3.199503,0.007554,0.000000,0.000000
16640.0,0.785398,0.785398,-0.007011,0.000828,0.000021,0.000000,3.199502,-0.003354,-0.000130,0.000000
16645.0,0.785398,0.785398,0.008572,0.000828,-0.000018,0.000000,3.199499,-0.014133,-0.000130,0.000000
16650.0,0.785398,0.785398,0.006803,0.001610,-0.000004,0.000000,3.199499,0.000717,0.000000,0.000000
16655.0,0.785398,0.785397,-0.000317,0.001656,0.000050,0.000000,3.199502,0.028514,0.000130,0.000000
16660.0,0.785398,0.785398,-0.014813,0.000828,0.000036,0.000000,3.199505,-0.001853,-0.000863,0.000000
16665.0,0.785398,0.785399,0.000582,0.000828,-0.000021,0.000000,3.199504,0.011264,0.000000,0.000000
16670.0,0.785398,0.785398,-0.012003,0.000047,0.000004,0.000000,3.199502,0.002757,0.000000,0.000000
16675.0,0.785398,0.785398,0.005313,0.001610,0.000032,0.000000,3.199500,-0.011263,-0.000130,0.000000
16680.0,0.785398,0.785398,0.000789,0.001610,0.000007,0.000000,3.199497,-0.016302,0.000000,0.000000
16685.0,0.785398,0.785398,0.005036,0.000828,0.000018,0.000000,3.199497,-0.006707,0.000000,0.000000
16690.0,0.785398,0.785398,0.003999,0.001610,0.000004,0.000000,3.199498,-0.015928,-0.000863,0.000000
16695.0,0.785398,0.785399,-0.007139,0.001610,-0.000029,0.000000,3.199498,-0.004197,-0.000130,0.000000
16700.0,0.785398,0.785397,-0.008683,0.001610,0.000089,0.000000,3.199502,0.004944,0.000000,0.000000
16705.0,0.785398,0.785398,0.008852,0.001610,0.000007,0.000000,3.199503,0.014736,-0.000130,0.000000
16710.0,0.785398,0.785398,0.004316,0.002391,0.000025,0.000000,3.199500,-0.010858,0.000000,0.000000
16715.0,0.785398,0.785398,-0.006613,0.001610,0.000007,0.000000,3.199499,-0.008037,0.000000,0.000000
16720.0,0.785398,0.785398,0.005355,0.001610,0.000014,0.000000,3.199496,-0.036112,-0.000863,0.000000
16725.0,0.785398,0.785397,-0.002967,0.001610,0.000043,0.000000,3.199495,-0.011606,0.000130,0.000000
16730.0,0.785398,0.785399,-0.009290,0.000000,-0.000068,0.000000,3.199501,0.001549,-0.000863,0.000000
16735.0,0.785398,0.785399,0.000038,0.000828,-0.000079,0.000000,3.199502,-0.003311,-0.000993,0.000000
16740.0,0.785398,0.785397,0.001487,0.001610,0.000086,0.000000,3.199502,0.014220,0.000000,0.000000
16745.0,0.785398,0.785398,0.004888,0.001563,0.000011,0.000000,3.199504,0.018176,-0.000863,0.000000
16750.0,0.785398,0.785398,0.000648,0.001610,0.000032,0.000000,3.199502,0.003386,0.000000,0.000000
16755.0,0.785398,0.785398,-0.007737,0.001610,0.000029,0.000000,3.199502,0.004991,0.000000,0.000000
16760.0,0.785398,0.785399,0.011742,0.001610,-0.000064,0.000000,3.199502,-0.006833,-0.000863,0.000000
16765.0,0.785398,0.785398,0.000049,0.001610,0.000007,0.000000,3.199502,0.021339,-0.000993,0.000000
16770.0,0.785398,0.785399,0.008083,0.001610,-0.000029,0.000000,3.199502,0.000942,0.000000,0.000000
16775.0,0.785398,0.785399,0.006793,0.000828,-0.000039,0.000000,3.199501,0.000552,0.000000,0.000000
16780.0,0.785398,0.785397,-0.008176,0.000828,0.000068,0.000000,3.199500,-0.003811,0.000000,0.000000
16785.0,0.785398,0.785398,0.007479,0.001610,0.000007,0.000000,3.199501,0.026986,0.000000,0.000000
16790.0,0.785398,0.785396,-0.006958,0.001656,0.000104,0.000000,3.199504,-0.007524,-0.001124,0.000000
16795.0,0.785398,0.785399,-0.004780,0.002391,-0.000043,0.000000,3.199500,-0.001251,0.000863,0.000000
16800.0,0.785398,0.785399,0.000020,0.001610,-0.000021,0.000000,3.199502,-0.003347,-0.000130,0.000000
16805.0,0.785398,0.785399,-0.001998,0.001610,-0.000043,0.000000,3.199500,0.004421,-0.000863,0.000000
16810.0,0.785398,0.785398,0.002990,0.001610,0.000007,0.000000,3.199496,-0.024199,-0.000863,0.000000
16815.0,0.785398,0.785397,0.002343,0.000828,0.000050,0.000000,3.199495,-0.006830,0.000000,0.000000
16820.0,0.785398,0.785397,-0.000185,0.002391,0.000075,0.000000,3.199501,0.008508,0.000000,0.000000
16825.0,0.785398,0.785398,0.002549,0.001610,0.000032,0.000000,3.199504,0.037473,-0.000733,0.000000
16830.0,0.785398,0.785397,-0.001645,0.001610,0.000046,0.000000,3.199504,0.007990,0.000000,0.000000
16835.0,0.785398,0.785397,0.002852,0.001563,0.000054,0.000000,3.199502,-0.001203,0.000000,0.000000
16840.0,0.785398,0.785399,0.009504,0.001563,-0.000046,0.000000,3.199499,-0.009783,0.000000,0.000000
16845.0,0.785398,0.785398,-0.001014,0.001610,0.000036,0.000000,3.199500,0.003225,0.001857,0.000000
16850.0,0.785398,0.785397,-0.002813,0.001610,0.000068,0.000000,3.199502,0.002121,0.000000,0.000000
16855.0,0.785398,0.785398,0.000752,0.001610,0.000025,0.000000,3.199501,-0.001475,-0.000130,0.000000
16860.0,0.785398,0.785397,-0.014939,0.001610,0.000064,0.000000,3.199499,-0.018214,0.000000,0.000000
16865.0,0.785398,0.785399,0.013419,0.001563,-0.000029,0.000000,3.199497,-0.005343,0.000130,0.000000
16870.0,0.785398,0.785397,0.000809,0.001656,0.000072,0.000000,3.199497,-0.009059,0.000000,0.000000
16875.0,0.785398,0.785398,0.005123,0.001563,0.000011,0.000000,3.199499,0.001293,-0.000130,0.000000
16880.0,0.785398,0.785398,-0.013537,0.000828,-0.000004,0.000000,3.199501,0.002411,0.000000,0.000000
16885.0,0.785398,0.785398,-0.009182,0.002391,0.000018,0.000000,3.199502,0.015121,0.000000,0.000000
16890.0,0.785398,0.785398,-0.000489,0.001610,0.000036,0.000000,3.199503,0.006275,0.000000,0.000000
16895.0,0.785398,0.785398,-0.009901,0.001610,0.000021,0.000000,3.199502,-0.002100,0.000130,0.000000
16900.0,0.785398,0.785398,-0.009846,0.000828,0.000032,0.000000,3.199499,-0.016709,0.000000,0.000000
16905.0,0.785398,0.785398,0.006959,0.000781,0.000007,0.000000,3.199497,-0.038366,0.000863,0.000000
16910.0,0.785398,0.785398,0.002408,0.001610,-0.000004,0.000000,3.199495,-0.029497,-0.000863,0.000000
16915.0,0.785398,0.785398,0.004743,0.001610,-0.000011,0.000000,3.199496,-0.007492,0.000000,0.000000
16920.0,0.785398,0.785398,-0.001576,0.000828,-0.000018,0.000000,3.199502,0.015128,0.000000,0.000000
16925.0,0.785398,0.785397,0.002106,0.001610,0.000043,0.000000,3.199505,0.018697,-0.000130,0.000000
16930.0,0.785398,0.785397,-0.016602,0.000828,0.000046,0.000000,3.199504,0.008417,0.000000,0.000000
16935.0,0.785398,0.785398,0.008915,0.000828,-0.000014,0.000000,3.199502,0.002140,0.000000,0.000000
16940.0,0.785398,0.785398,0.005454,0.001610,0.000007,0.000000,3.199503,0.010183,-0.000863,0.000000
16945.0,0.785398,0.785398,0.005370,0.001610,0.000018,0.000000,3.199502,0.002381,0.000000,0.000000
16950.0,0.785398,0.785397,0.002451,0.001563,0.000054,0.000000,3.199500,-0.006763,-0.000130,0.000000
16955.0,0.785398,0.785397,-0.017277,0.002438,0.000079,0.000000,3.199500,-0.005162,-0.000863,0.000000
16960.0,0.785398,0.785397,-0.002788,0.001610,0.000057,0.000000,3.199499,-0.002523,0.000000,0.000000
16965.0,0.785398,0.785399,0.000182,0.001610,-0.000029,0.000000,3.199500,-0.003807,0.000000,0.000000
16970.0,0.785398,0.785400,0.002900,0.000781,-0.000114,0.000000,3.199500,-0.000181,0.000000,0.000000
16975.0,0.785398,0.785398,0.004921,0.001563,0.000011,0.000000,3.199501,0.015128,0.000000,0.000000
16980.0,0.785398,0.785397,0.001140,0.001610,0.000050,0.000000,3.199499,-0.010950,0.000000,0.000000
16985.0,0.785398,0.785399,0.001326,0.000828,-0.000057,0.000000,3.199499,-0.002452,-0.000863,0.000000
16990.0,0.785398,0.785397,0.002312,0.001610,0.000075,0.000000,3.199498,0.001928,0.000863,0.000000
16995.0,0.785398,0.785399,0.002675,0.001610,-0.000068,0.000000,3.199505,0.030397,-0.000863,0.000000
17000.0,0.785398,0.785397,0.000046,0.001610,0.000057,0.000000,3.199504,0.017622,0.000863,0.000000
17005.0,0.785398,0.785398,0.001902,0.001610,-0.000007,0.000000,3.199502,0.023757,0.000000,0.000000
17010.0,0.785398,0.785399,-0.005647,0.000828,-0.000029,0.000000,3.199504,0.004676,0.000000,0.000000
17015.0,0.785398,0.785397,-0.001761,0.001610,0.000089,0.000000,3.199504,0.023258,0.000000,0.000000
17020.0,0.785398,0.785398,0.006983,0.001563,-0.000018,0.000000,3.199498,-0.024761,-0.000863,0.000000
17025.0,0.785398,0.785397,0.000515,0.001610,0.000064,0.000000,3.199497,-0.011431,0.000000,0.000000
17030.0,0.785398,0.785397,-0.010354,0.001656,0.000089,0.000000,3.199497,-0.006044,0.000130,0.000000
17035.0,0.785398,0.785398,0.008081,0.000828,0.000021,0.000000,3.199499,-0.001628,0.000000,0.000000
17040.0,0.785398,0.785400,0.006327,0.000781,-0.000086,0.000000,3.199495,-0.015451,0.000130,0.000000
17045.0,0.785398,0.785398,0.008287,0.000781,-0.000018,0.000000,3.199500,0.010805,0.000863,0.000000
17050.0,0.785398,0.785398,-0.007995,0.000828,-0.000007,0.000000,3.199503,0.010435,0.000000,0.000000
17055.0,0.785398,0.785398,0.007403,0.000828,-0.000011,0.000000,3.199503,0.006378,0.000261,0.000000
17060.0,0.785398,0.785397,0.008925,0.002391,0.000072,0.000000,3.199501,-0.000317,0.000130,0.000000
17065.0,0.785398,0.785399,0.011000,0.000781,-0.000054,0.000000,3.199501,-0.001019,0.000000,0.000000
17070.0,0.785398,0.785397,-0.000221,0.001610,0.000089,0.000000,3.199500,0.016990,0.001726,0.000000
17075.0,0.785398,0.785398,0.003982,0.001516,-0.000011,0.000000,3.199505,0.019484,0.000000,0.000000
17080.0,0.785398,0.785398,0.000074,0.001610,0.000018,0.000000,3.199501,-0.014958,0.000000,0.000000
17085.0,0.785398,0.785398,0.004125,0.001610,0.000032,0.000000,3.199497,-0.018183,0.000000,0.000000
17090.0,0.785398,0.785398,0.002586,0.000781,-0.000018,0.000000,3.199501,0.012214,-0.000130,0.000000
17095.0,0.785398,0.785398,0.005393,0.000828,0.000004,0.000000,3.199507,0.040533,0.000000,0.000000
17100.0,0.785398,0.785398,-0.008752,0.000828,-0.000004,0.000000,3.199504,-0.001455,0.000000,0.000000
17105.0,0.785398,0.785398,0.006581,0.001610,-0.000004,0.000000,3.199496,-0.037391,0.000000,0.000000
17110.0,0.785398,0.785397,-0.008259,0.000828,0.000046,0.000000,3.199494,-0.019285,0.000000,0.000000
17115.0,0.785398,0.785398,-0.006076,0.001610,-0.000014,0.000000,3.199497,-0.001087,0.000130,0.000000
17120.0,0.785398,0.785399,0.001190,0.000781,-0.000072,0.000000,3.199501,0.007352,0.000000,0.000000
17125.0,0.785398,0.785400,0.009286,0.000781,-0.000086,0.000000,3.199501,-0.004598,0.000130,0.000000
17130.0,0.785398,0.785397,-0.009421,0.001610,0.000089,0.000000,3.199505,0.018838,0.000000,0.000000
17135.0,0.785398,0.785397,-0.003867,0.001610,0.000097,0.000000,3.199504,0.005926,-0.000130,0.000000
17140.0,0.785398,0.785398,0.005149,0.001610,-0.000014,0.000000,3.199500,-0.003288,0.000000,0.000000
17145.0,0.785398,0.785398,0.006346,0.000828,-0.000014,0.000000,3.199499,-0.000359,0.000130,0.000000
17150.0,0.785398,0.785399,-0.001554,0.000781,-0.000054,0.000000,3.199502,0.011551,0.000000,0.000000
17155.0,0.785398,0.785398,0.001335,0.001563,0.000036,0.000000,3.199502,-0.011124,-0.000130,0.000000
17160.0,0.785398,0.785397,0.000213,0.001610,0.000082,0.000000,3.199498,-0.010144,0.000000,0.000000
17165.0,0.785398,0.785397,-0.006300,0.002391,0.000082,0.000000,3.199497,-0.014169,0.000000,0.000000
17170.0,0.785398,0.785398,0.002702,0.001610,-0.000007,0.000000,3.199500,0.003825,0.000000,0.000000
17175.0,0.785398,0.785399,0.000571,0.000781,-0.000072,0.000000,3.199501,-0.004408,0.000000,0.000000
17180.0,0.785398,0.785397,-0.002539,0.001610,0.000046,0.000000,3.199504,0.024443,0.000000,0.000000
17185.0,0.785398,0.785399,0.009784,0.000781,-0.000046,0.000000,3.199505,0.013217,0.000000,0.000000
17190.0,0.785398,0.785398,0.006682,0.001656,-0.000004,0.000000,3.199502,-0.001628,0.000000,0.000000
17195.0,0.785398,0.785399,0.006763,0.001610,-0.000029,0.000000,3.199500,-0.007319,0.000000,0.000000
17200.0,0.785398,0.785398,0.001088,0.001563,0.000029,0.000000,3.199497,-0.015989,-0.000863,0.000000
17205.0,0.785398,0.785398,-0.010826,0.001610,0.000021,0.000000,3.199496,-0.016869,-0.000130,0.000000
17210.0,0.785398,0.785397,-0.000816,0.001610,0.000057,0.000000,3.199502,0.015493,0.000000,0.000000
17215.0,0.785398,0.785398,0.001956,0.001563,0.000039,0.000000,3.199504,0.010444,0.000000,0.000000
17220.0,0.785398,0.785399,-0.007135,0.000828,-0.000046,0.000000,3.199503,-0.001356,0.000000,0.000000
17225.0,0.785398,0.785397,-0.002643,0.001610,0.000100,0.000000,3.199497,-0.034212,0.000863,0.000000
17230.0,0.785398,0.785399,0.006772,0.001563,-0.000025,0.000000,3.199498,-0.003849,0.000000,0.000000
17235.0,0.785398,0.785397,-0.002027,0.002391,0.000054,0.000000,3.199501,0.015345,0.000000,0.000000
17240.0,0.785398,0.785398,0.006291,0.001610,0.000018,0.000000,3.199503,-0.004629,-0.000863,0.000000
17245.0,0.785398,0.785398,-0.004610,0.001610,0.000025,0.000000,3.199500,-0.005419,0.000130,0.000000
17250.0,0.785398,0.785398,0.006956,0.001563,0.000007,0.000000,3.199500,-0.005614,0.000000,0.000000
17255.0,0.785398,0.785399,-0.005910,0.001656,-0.000054,0.000000,3.199500,0.008646,0.000000,0.000000
17260.0,0.785398,0.785398,0.002908,0.001610,0.000032,0.000000,3.199498,-0.015697,0.000000,0.000000
17265.0,0.785398,0.785398,-0.008632,0.001610,-0.000007,0.000000,3.199498,-0.003396,0.000130,0.000000
17270.0,0.785398,0.785398,0.000968,0.001563,0.000029,0.000000,3.199501,0.013452,0.000000,0.000000
17275.0,0.785398,0.785397,-0.008168,0.001610,0.000050,0.000000,3.199504,0.013954,0.001726,0.000000
17280.0,0.785398,0.785397,-0.008068,0.000828,0.000043,0.000000,3.199503,0.004165,0.000000,0.000000
17285.0,0.785398,0.785398,0.008123,0.001563,-0.000004,0.000000,3.199501,-0.003878,-0.000130,0.000000
17290.0,0.785398,0.785398,0.004036,0.001610,0.000007,0.000000,3.199499,-0.004078,-0.000863,0.000000
17295.0,0.785398,0.785397,-0.005480,0.001610,0.000050,0.000000,3.199501,0.013096,0.000863,0.000000
17300.0,0.785398,0.785398,0.005241,0.002438,0.000004,0.000000,3.199502,0.002073,0.000000,0.000000
17305.0,0.785398,0.785396,-0.014400,0.002438,0.000107,0.000000,3.199501,-0.003318,0.000000,0.000000
17310.0,0.785398,0.785397,0.001301,0.001610,0.000050,0.000000,3.199496,-0.013940,0.000863,0.000000
17315.0,0.785398,0.785398,0.005184,0.000828,-0.000004,0.000000,3.199495,-0.026376,0.000000,0.000000
17320.0,0.785398,0.785398,0.004579,0.001610,-0.000014,0.000000,3.199500,0.015446,0.000130,0.000000
17325.0,0.785398,0.785398,-0.004577,0.000828,0.000004,0.000000,3.199502,0.009094,0.000000,0.000000
17330.0,0.785398,0.785398,0.000167,0.000828,0.000039,0.000000,3.199503,0.008634,-0.000130,0.000000
17335.0,0.785398,0.785398,0.007067,0.001610,0.000011,0.000000,3.199502,0.005738,0.000000,0.000000
17340.0,0.785398,0.785398,-0.008561,0.000828,0.000004,0.000000,3.199504,0.010034,0.000000,0.000000
17345.0,0.785398,0.785398,0.008010,0.000828,-0.000014,0.000000,3.199500,-0.008655,0.000000,0.000000
17350.0,0.785398,0.785398,-0.002990,0.000828,0.000014,0.000000,3.199495,-0.019740,0.000000,0.000000
17355.0,0.785398,0.785399,0.000260,0.000828,-0.000039,0.000000,3.199501,0.016084,0.000000,0.000000
17360.0,0.785398,0.785398,-0.002572,0.000828,0.000007,0.000000,3.199503,0.009772,0.000000,0.000000
17365.0,0.785398,0.785399,-0.000930,0.000875,-0.000036,0.000000,3.199502,0.003578,0.000000,0.000000
17370.0,0.785398,0.785397,0.000609,0.001610,0.000043,0.000000,3.199497,-0.033812,-0.000863,0.000000
17375.0,0.785398,0.785398,-0.007855,0.001610,0.000007,0.000000,3.199497,-0.018088,0.000261,0.000000
17380.0,0.785398,0.785398,0.004201,0.001610,0.000014,0.000000,3.199499,-0.000170,-0.000130,0.000000
17385.0,0.785398,0.785399,0.015564,0.000047,-0.000079,0.000000,3.199502,0.007900,0.000130,0.000000
17390.0,0.785398,0.785399,-0.001808,0.000828,-0.000036,0.000000,3.199504,0.008450,-0.000261,0.000000
17395.0,0.785398,0.785396,0.004750,0.000828,0.000107,0.000000,3.199500,-0.014355,0.000000,0.000000
17400.0,0.785398,0.785398,0.008580,0.001610,0.000014,0.000000,3.199500,0.015912,0.000993,0.000000
17405.0,0.785398,0.785399,0.009690,0.000781,-0.000057,0.000000,3.199504,0.016453,0.000000,0.000000
17410.0,0.785398,0.785399,0.007957,0.001610,-0.000025,0.000000,3.199503,0.006620,0.000000,0.000000
17415.0,0.785398,0.785397,-0.001286,0.001610,0.000050,0.000000,3.199502,0.000303,0.000000,0.000000
17420.0,0.785398,0.785398,-0.004505,0.001656,-0.000004,0.000000,3.199500,-0.005845,0.000000,0.000000
17425.0,0.785398,0.785397,-0.003434,0.001656,0.000043,0.000000,3.199499,-0.005088,0.001726,0.000000
17430.0,0.785398,0.785398,0.007155,0.002438,0.000014,0.000000,3.199502,0.003426,0.000000,0.000000
17435.0,0.785398,0.785398,-0.002023,0.001610,0.000004,0.000000,3.199499,-0.010499,0.000000,0.000000
17440.0,0.785398,0.785398,-0.005126,0.001610,0.000032,0.000000,3.199497,-0.027943,-0.000863,0.000000
17445.0,0.785398,0.785399,0.008584,0.000828,-0.000029,0.000000,3.199497,-0.008561,0.000000,0.000000
17450.0,0.785398,0.785397,-0.002733,0.001610,0.000075,0.000000,3.199502,0.014061,0.000130,0.000000
17455.0,0.785398,0.785399,0.000303,0.000828,-0.000025,0.000000,3.199504,0.012045,0.000000,0.000000
17460.0,0.785398,0.785398,-0.001191,0.000828,-0.000018,0.000000,3.199504,0.012493,0.000000,0.000000
17465.0,0.785398,0.785398,0.002798,0.001563,0.000032,0.000000,3.199501,-0.008436,0.000000,0.000000
17470.0,0.785398,0.785396,-0.008685,0.001610,0.000107,0.000000,3.199499,-0.000910,0.000000,0.000000
17475.0,0.785398,0.785398,0.010115,0.001610,-0.000004,0.000000,3.199498,-0.006867,-0.000130,0.000000
17480.0,0.785398,0.785398,-0.017254,0.000047,0.000029,0.000000,3.199500,0.000658,0.000000,0.000000
17485.0,0.785398,0.785397,0.003733,0.001610,0.000068,0.000000,3.199501,0.004504,0.000000,0.000000
17490.0,0.785398,0.785398,0.020152,0.002438,0.000004,0.000000,3.199501,0.018883,0.001726,0.000000
17495.0,0.785398,0.785398,-0.002180,0.001610,-0.000007,0.000000,3.199503,0.014086,0.000130,0.000000
17500.0,0.785398,0.785398,-0.003645,0.001610,0.000021,0.000000,3.199502,0.001118,0.000000,0.000000
17505.0,0.785398,0.785399,-0.001395,0.001610,-0.000025,0.000000,3.199500,-0.004794,0.000000,0.000000
17510.0,0.785398,0.785399,0.005669,0.001610,-0.000054,0.000000,3.199500,-0.004896,0.000000,0.000000
17515.0,0.785398,0.785398,-0.004972,0.001610,-0.000007,0.000000,3.199497,-0.036731,0.000863,0.000000
17520.0,0.785398,0.785398,0.005309,0.001610,0.000007,0.000000,3.199496,-0.007347,0.000000,0.000000
17525.0,0.785398,0.785398,-0.004180,0.001610,0.000004,0.000000,3.199501,0.034266,-0.000863,0.000000
17530.0,0.785398,0.785398,0.007541,0.001610,0.000000,0.000000,3.199502,0.008341,0.000733,0.000000
17535.0,0.785398,0.785398,-0.003078,0.001610,0.000014,0.000000,3.199503,0.008149,0.000130,0.000000
17540.0,0.785398,0.785397,-0.002965,0.001610,0.000082,0.000000,3.199505,0.015447,-0.000863,0.000000
17545.0,0.785398,0.785397,0.002857,0.001610,0.000046,0.000000,3.199504,0.008100,0.000000,0.000000
17550.0,0.785398,0.785398,-0.001281,0.001610,-0.000007,0.000000,3.199503,0.002979,-0.000863,0.000000
17555.0,0.785398,0.785399,0.010987,0.000781,-0.000068,0.000000,3.199501,-0.007191,0.000733,0.000000
17560.0,0.785398,0.785398,-0.008612,0.000828,0.000004,0.000000,3.199498,-0.011179,0.000000,0.000000
17565.0,0.785398,0.785398,0.005423,0.000828,0.000007,0.000000,3.199498,-0.007590,0.000863,0.000000
17570.0,0.785398,0.785397,0.000379,0.002391,0.000068,0.000000,3.199504,0.028677,0.000000,0.000000
17575.0,0.785398,0.785399,0.000254,0.000875,-0.000043,0.000000,3.199505,0.009726,0.000000,0.000000
17580.0,0.785398,0.785397,-0.013782,0.000828,0.000072,0.000000,3.199500,-0.009140,0.000000,0.000000
17585.0,0.785398,0.785397,-0.010607,0.001610,0.000057,0.000000,3.199498,-0.013833,0.000000,0.000000
17590.0,0.785398,0.785399,0.001623,0.000781,-0.000036,0.000000,3.199495,-0.017642,0.000000,0.000000
17595.0,0.785398,0.785398,0.003802,0.001610,0.000014,0.000000,3.199500,0.028329,-0.000733,0.000000
17600.0,0.785398,0.785398,0.004981,0.001610,0.000039,0.000000,3.199501,-0.002869,0.000000,0.000000
17605.0,0.785398,0.785397,-0.004132,0.001610,0.000043,0.000000,3.199500,-0.002495,0.000863,0.000000
17610.0,0.785398,0.785398,-0.007973,0.000781,-0.000014,0.000000,3.199504,-0.001243,-0.000863,0.000000
17615.0,0.785398,0.785398,0.007189,0.001610,-0.000011,0.000000,3.199503,0.016877,0.000000,0.000000
17620.0,0.785398,0.785397,-0.000871,0.000828,0.000061,0.000000,3.199499,-0.014179,-0.000130,0.000000
17625.0,0.785398,0.785398,0.004812,0.001563,0.000036,0.000000,3.199497,-0.013789,0.000000,0.000000
17630.0,0.785398,0.785398,0.006252,0.001610,0.000032,0.000000,3.199498,-0.007893,0.000000,0.000000
17635.0,0.785398,0.785398,0.000051,0.001610,-0.000004,0.000000,3.199499,-0.001106,0.000863,0.000000
17640.0,0.785398,0.785398,0.011504,0.002391,-0.000007,0.000000,3.199505,0.014113,0.000000,0.000000
17645.0,0.785398,0.785398,0.002689,0.001610,0.000000,0.000000,3.199503,-0.001411,0.000000,0.000000
17650.0,0.785398,0.785398,-0.000551,0.001610,0.000007,0.000000,3.199499,-0.008768,0.000000,0.000000
17655.0,0.785398,0.785398,0.004160,0.001610,0.000025,0.000000,3.199495,-0.030021,-0.000863,0.000000
17660.0,0.785398,0.785398,0.004241,0.001610,0.000025,0.000000,3.199497,-0.001025,0.000130,0.000000
17665.0,0.785398,0.785399,0.006015,0.000781,-0.000032,0.000000,3.199503,0.029424,0.000130,0.000000
17670.0,0.785398,0.785398,0.004305,0.001610,0.000029,0.000000,3.199505,0.010759,0.000000,0.000000
17675.0,0.785398,0.785397,-0.002421,0.001610,0.000064,0.000000,3.199499,-0.018247,0.000130,0.000000
17680.0,0.785398,0.785397,-0.014834,0.000875,0.000054,0.000000,3.199498,-0.005667,0.000000,0.000000
17685.0,0.785398,0.785397,0.005438,0.001563,0.000046,0.000000,3.199500,0.003080,0.000130,0.000000
17690.0,0.785398,0.785399,-0.006523,0.000828,-0.000029,0.000000,3.199503,0.018236,-0.000130,0.000000
17695.0,0.785398,0.785399,-0.001144,0.001610,-0.000054,0.000000,3.199503,0.001961,-0.000863,0.000000
17700.0,0.785398,0.785399,0.004955,0.002391,-0.000029,0.000000,3.199500,-0.012205,-0.000863,0.000000
17705.0,0.785398,0.785398,-0.005246,0.001610,0.000000,0.000000,3.199499,-0.007086,0.000000,0.000000
17710.0,0.785398,0.785399,0.001126,0.000828,-0.000068,0.000000,3.199501,0.004890,0.000000,0.000000
17715.0,0.785398,0.785398,0.002794,0.000828,0.000011,0.000000,3.199501,-0.000355,0.000000,0.000000
17720.0,0.785398,0.785398,-0.000354,0.000828,0.000018,0.000000,3.199501,-0.002130,0.000000,0.000000
17725.0,0.785398,0.785399,-0.001471,0.000828,-0.000036,0.000000,3.199502,0.035711,-0.000863,0.000000
17730.0,0.785398,0.785398,0.007767,0.001610,-0.000007,0.000000,3.199506,0.009903,0.000000,0.000000
17735.0,0.785398,0.785398,-0.002983,0.000828,0.000029,0.000000,3.199504,0.001737,0.000000,0.000000
17740.0,0.785398,0.785398,0.008868,0.001610,-0.000007,0.000000,3.199495,-0.038746,0.000000,0.000000
17745.0,0.785398,0.785397,0.000790,0.001610,0.000064,0.000000,3.199492,-0.027098,0.000000,0.000000
17750.0,0.785398,0.785398,0.000289,0.001610,0.000029,0.000000,3.199497,-0.002577,0.000000,0.000000
17755.0,0.785398,0.785399,0.000462,0.000781,-0.000050,0.000000,3.199500,0.007920,0.000000,0.000000
17760.0,0.785398,0.785398,-0.004203,0.000828,0.000014,0.000000,3.199499,-0.003335,0.000000,0.000000
17765.0,0.785398,0.785396,0.002756,0.001610,0.000114,0.000000,3.199501,0.006678,0.000000,0.000000
17770.0,0.785398,0.785398,-0.013027,0.000828,0.000014,0.000000,3.199502,0.010542,0.000000,0.000000
17775.0,0.785398,0.785398,0.005041,0.001610,0.000036,0.000000,3.199503,0.009335,-0.000130,0.000000
17780.0,0.785398,0.785397,-0.010057,0.000828,0.000054,0.000000,3.199507,0.016804,0.000000,0.000000
17785.0,0.785398,0.785398,0.005125,0.001610,0.000018,0.000000,3.199503,-0.003256,0.000000,0.000000
17790.0,0.785398,0.785398,0.004221,0.002438,0.000032,0.000000,3.199498,-0.016877,0.000000,0.000000
17795.0,0.785398,0.785398,0.007106,0.000781,-0.000014,0.000000,3.199498,-0.002210,-0.000863,0.000000
17800.0,0.785398,0.785397,-0.003223,0.001610,0.000093,0.000000,3.199500,-0.001773,0.000000,0.000000
17805.0,0.785398,0.785396,-0.006499,0.001610,0.000107,0.000000,3.199500,-0.004802,0.000000,0.000000
17810.0,0.785398,0.785398,-0.004391,0.001610,0.000014,0.000000,3.199499,-0.005227,0.000000,0.000000
17815.0,0.785398,0.785398,0.003150,0.001610,0.000032,0.000000,3.199501,-0.006976,-0.000733,0.000000
17820.0,0.785398,0.785398,0.002636,0.001610,-0.000004,0.000000,3.199499,0.012799,0.000863,0.000000
17825.0,0.785398,0.785400,0.003237,0.000828,-0.000097,0.000000,3.199501,-0.000274,0.000863,0.000000
17830.0,0.785398,0.785399,-0.001147,0.000828,-0.000036,0.000000,3.199501,-0.008130,0.000000,0.000000
17835.0,0.785398,0.785398,0.002437,0.001610,0.000025,0.000000,3.199499,-0.008269,-0.000863,0.000000
17840.0,0.785398,0.785398,-0.007544,0.000828,0.000025,0.000000,3.199497,-0.005597,0.000000,0.000000
17845.0,0.785398,0.785398,0.009068,0.000828,0.000032,0.000000,3.199499,0.002992,0.000000,0.000000
17850.0,0.785398,0.785398,-0.013578,0.000047,0.000039,0.000000,3.199500,-0.000062,0.000000,0.000000
17855.0,0.785398,0.785397,-0.004047,0.001610,0.000079,0.000000,3.199501,0.007744,0.000863,0.000000
17860.0,0.785398,0.785398,-0.001008,0.001610,0.000004,0.000000,3.199504,0.012791,0.000000,0.000000
17865.0,0.785398,0.785398,0.004468,0.001563,0.000000,0.000000,3.199503,0.004282,0.000130,0.000000
17870.0,0.785398,0.785399,0.001328,0.000828,-0.000064,0.000000,3.199500,-0.017190,-0.000863,0.000000
17875.0,0.785398,0.785398,0.006064,0.001610,0.000018,0.000000,3.199502,0.005066,0.000000,0.000000
17880.0,0.785398,0.785399,0.003519,0.001610,-0.000021,0.000000,3.199500,-0.014304,-0.000733,0.000000
17885.0,0.785398,0.785398,-0.008862,0.001610,-0.000018,0.000000,3.199498,-0.011943,0.000000,0.000000
17890.0,0.785398,0.785398,0.018049,0.002391,0.000007,0.000000,3.199499,-0.001436,-0.000130,0.000000
17895.0,0.785398,0.785399,0.008295,0.000781,-0.000043,0.000000,3.199502,0.013087,-0.000863,0.000000
17900.0,0.785398,0.785397,-0.005633,0.001610,0.000057,0.000000,3.199503,-0.001400,0.000000,0.000000
17905.0,0.785398,0.785399,0.010359,0.000781,-0.000025,0.000000,3.199500,-0.007175,0.000130,0.000000
17910.0,0.785398,0.785398,-0.003643,0.000828,0.000007,0.000000,3.199502,-0.006082,-0.000863,0.000000
17915.0,0.785398,0.785398,-0.001781,0.001610,0.000007,0.000000,3.199500,-0.012018,0.000863,0.000000
17920.0,0.785398,0.785397,-0.002429,0.001610,0.000054,0.000000,3.199500,-0.005797,0.000000,0.000000
17925.0,0.785398,0.785399,0.011532,0.000047,-0.000057,0.000000,3.199499,-0.004310,0.000000,0.000000
17930.0,0.785398,0.785397,0.001603,0.001610,0.000072,0.000000,3.199499,-0.018147,0.000000,0.000000
17935.0,0.785398,0.785399,0.002872,0.000828,-0.000061,0.000000,3.199497,-0.010410,0.000000,0.000000
17940.0,0.785398,0.785398,0.001171,0.001656,0.000000,0.000000,3.199500,0.018724,0.001124,0.000000
17945.0,0.785398,0.785399,0.001635,0.001610,-0.000021,0.000000,3.199504,0.006034,0.000000,0.000000
17950.0,0.785398,0.785396,-0.001719,0.002438,0.000104,0.000000,3.199501,-0.013280,-0.000863,0.000000
17955.0,0.785398,0.785399,0.000880,0.000828,-0.000025,0.000000,3.199498,-0.010814,-0.000863,0.000000
17960.0,0.785398,0.785398,-0.002452,0.000781,-0.000011,0.000000,3.199500,0.008544,0.000000,0.000000
17965.0,0.785398,0.785399,0.000059,0.000828,-0.000021,0.000000,3.199502,0.010073,0.000000,0.000000
17970.0,0.785398,0.785398,0.010279,0.002391,0.000007,0.000000,3.199501,-0.002033,0.000000,0.000000
17975.0,0.785398,0.785397,-0.008914,0.003219,0.000089,0.000000,3.199500,0.003587,0.000863,0.000000
17980.0,0.785398,0.785398,0.000697,0.001610,0.000018,0.000000,3.199504,0.014427,0.000130,0.000000
17985.0,0.785398,0.785397,-0.007175,0.001610,0.000075,0.000000,3.199503,-0.012132,0.000000,0.000000
17990.0,0.785398,0.785398,0.002700,0.001610,-0.000007,0.000000,3.199498,-0.012503,0.000000,0.000000
17995.0,0.785398,0.785399,0.001539,0.000828,-0.000079,0.000000,3.199498,-0.006411,0.000000,0.000000
18000.0,0.785398,0.785397,0.002891,0.001610,0.000068,0.000000,3.199502,0.019856,0.000863,0.000000
18005.0,0.785398,0.785398,0.008636,0.000828,-0.000004,0.000000,3.199504,0.013382,0.000863,0.000000
18010.0,0.785398,0.785398,-0.013877,0.000047,0.000029,0.000000,3.199501,-0.005443,0.000000,0.000000
18015.0,0.785398,0.785398,-0.000056,0.001656,-0.000004,0.000000,3.199499,-0.021422,0.000000,0.000000
18020.0,0.785398,0.785399,0.007729,0.001563,-0.000046,0.000000,3.199497,-0.008198,0.000130,0.000000
18025.0,0.785398,0.785398,-0.015059,0.001610,0.000000,0.000000,3.199499,0.003562,0.000000,0.000000
18030.0,0.785398,0.785398,0.012021,0.002391,0.000025,0.000000,3.199502,0.006775,0.000000,0.000000
18035.0,0.785398,0.785399,0.011490,0.001610,-0.000079,0.000000,3.199503,0.017589,0.000000,0.000000
18040.0,0.785398,0.785396,-0.003441,0.001610,0.000111,0.000000,3.199504,-0.002715,-0.000863,0.000000
18045.0,0.785398,0.785398,0.003468,0.001656,0.000039,0.000000,3.199502,0.023833,0.000000,0.000000
18050.0,0.785398,0.785398,0.001599,0.001610,0.000029,0.000000,3.199502,-0.002444,0.000000,0.000000
18055.0,0.785398,0.785398,-0.007995,0.001610,-0.000007,0.000000,3.199499,-0.014330,0.000000,0.000000
18060.0,0.785398,0.785398,0.003473,0.001610,0.000014,0.000000,3.199496,-0.017255,-0.000130,0.000000
18065.0,0.785398,0.785397,-0.003762,0.001563,0.000057,0.000000,3.199495,-0.035805,0.000993,0.000000
18070.0,0.785398,0.785399,0.008759,0.001610,-0.000025,0.000000,3.199499,-0.000911,-0.000130,0.000000
18075.0,0.785398,0.785399,0.007742,0.000781,-0.000075,0.000000,3.199502,0.013809,0.000000,0.000000
18080.0,0.785398,0.785397,0.005590,0.002391,0.000061,0.000000,3.199503,0.004263,0.000000,0.000000
18085.0,0.785398,0.785399,0.008024,0.000828,-0.000039,0.000000,3.199502,0.003319,0.000000,0.000000
18090.0,0.785398,0.785398,-0.009223,0.000828,0.000025,0.000000,3.199502,0.001061,0.000000,0.000000
18095.0,0.785398,0.785398,-0.008645,0.001656,0.000004,0.000000,3.199499,-0.031781,0.000863,0.000000
18100.0,0.785398,0.785398,0.003826,0.001610,0.000039,0.000000,3.199496,-0.018423,0.000130,0.000000
18105.0,0.785398,0.785398,0.007072,0.001610,-0.000004,0.000000,3.199499,0.018172,0.000000,0.000000
18110.0,0.785398,0.785397,0.000583,0.001563,0.000043,0.000000,3.199502,0.004772,0.000130,0.000000
18115.0,0.785398,0.785398,0.001567,0.001610,-0.000011,0.000000,3.199502,0.012669,-0.000863,0.000000
18120.0,0.785398,0.785399,-0.008555,0.000781,-0.000046,0.000000,3.199498,-0.028473,-0.000733,0.000000
18125.0,0.785398,0.785398,0.005717,0.000828,0.000011,0.000000,3.199497,-0.005409,-0.000993,0.000000
18130.0,0.785398,0.785397,0.003663,0.001610,0.000046,0.000000,3.199500,0.005462,0.000000,0.000000
18135.0,0.785398,0.785398,0.005461,0.001563,0.000039,0.000000,3.199503,0.017555,0.001726,0.000000
18140.0,0.785398,0.785399,-0.001934,0.000828,-0.000036,0.000000,3.199506,0.024323,0.000863,0.000000
18145.0,0.785398,0.785397,0.000423,0.001610,0.000054,0.000000,3.199505,0.017912,-0.000863,0.000000
18150.0,0.785398,0.785397,0.003509,0.001610,0.000075,0.000000,3.199497,-0.021699,0.000000,0.000000
18155.0,0.785398,0.785397,-0.003540,0.001610,0.000054,0.000000,3.199496,-0.016792,0.000130,0.000000
18160.0,0.785398,0.785398,-0.004093,0.001656,0.000032,0.000000,3.199499,0.009733,0.000863,0.000000
18165.0,0.785398,0.785398,-0.000555,0.001610,-0.000018,0.000000,3.199503,0.013206,0.000000,0.000000
18170.0,0.785398,0.785397,-0.000617,0.001610,0.000043,0.000000,3.199502,0.000440,0.000000,0.000000
18175.0,0.785398,0.785399,0.000911,0.000828,-0.000046,0.000000,3.199502,0.008619,0.000863,0.000000
18180.0,0.785398,0.785398,-0.001347,0.000828,-0.000018,0.000000,3.199501,-0.007235,0.000000,0.000000
18185.0,0.785398,0.785396,-0.005845,0.001610,0.000132,0.000000,3.199497,-0.020221,0.000261,0.000000
18190.0,0.785398,0.785397,-0.004444,0.001610,0.000043,0.000000,3.199498,-0.001928,0.000000,0.000000
18195.0,0.785398,0.785399,0.010909,0.000781,-0.000046,0.000000,3.199501,0.017848,0.000000,0.000000
18200.0,0.785398,0.785397,-0.012105,0.000828,0.000050,0.000000,3.199506,0.031689,0.000000,0.000000
18205.0,0.785398,0.785397,0.007927,0.000828,0.000072,0.000000,3.199506,0.010422,-0.000130,0.000000
18210.0,0.785398,0.785399,0.010937,0.001610,-0.000036,0.000000,3.199496,-0.032040,0.000000,0.000000
18215.0,0.785398,0.785397,0.003335,0.001610,0.000043,0.000000,3.199492,-0.030958,0.000000,0.000000
18220.0,0.785398,0.785400,0.012922,0.001563,-0.000097,0.000000,3.199495,-0.003623,0.000000,0.000000
18225.0,0.785398,0.785397,-0.008725,0.001610,0.000050,0.000000,3.199501,0.026843,-0.000863,0.000000
18230.0,0.785398,0.785397,0.009729,0.002391,0.000068,0.000000,3.199505,0.011993,0.000000,0.000000
18235.0,0.785398,0.785397,0.005628,0.001610,0.000046,0.000000,3.199503,0.006870,0.000000,0.000000
18240.0,0.785398,0.785399,-0.006103,0.000828,-0.000029,0.000000,3.199508,0.026919,0.000000,0.000000
18245.0,0.785398,0.785397,0.002093,0.000875,0.000061,0.000000,3.199505,0.002874,-0.000863,0.000000
18250.0,0.785398,0.785398,0.000339,0.000781,0.000014,0.000000,3.199497,-0.003137,0.000993,0.000000
18255.0,0.785398,0.785399,0.006795,0.000828,-0.000054,0.000000,3.199500,0.006035,0.000130,0.000000
18260.0,0.785398,0.785399,0.004658,0.001610,-0.000061,0.000000,3.199502,0.006136,0.000130,0.000000
18265.0,0.785398,0.785398,-0.004091,0.001610,0.000018,0.000000,3.199500,-0.005197,-0.000863,0.000000
18270.0,0.785398,0.785398,-0.003399,0.001610,0.000029,0.000000,3.199494,-0.040098,0.000000,0.000000
18275.0,0.785398,0.785399,-0.000206,0.001610,-0.000036,0.000000,3.199496,-0.003159,0.000130,0.000000
18280.0,0.785398,0.785398,0.009173,0.002344,0.000032,0.000000,3.199501,0.007016,0.000000,0.000000
18285.0,0.785398,0.785399,0.011368,0.000000,-0.000064,0.000000,3.199501,0.002356,0.000000,0.000000
18290.0,0.785398,0.785398,-0.002410,0.000828,-0.000007,0.000000,3.199501,-0.002318,0.000000,0.000000
18295.0,0.785398,0.785398,0.002470,0.001610,0.000039,0.000000,3.199502,0.015256,0.000000,0.000000
18300.0,0.785398,0.785398,0.004453,0.001610,0.000032,0.000000,3.199504,0.008317,0.000000,0.000000
18305.0,0.785398,0.785398,0.009366,0.000828,0.000011,0.000000,3.199502,0.000170,0.000000,0.000000
18310.0,0.785398,0.785399,0.009778,0.001610,-0.000036,0.000000,3.199498,-0.013890,0.000000,0.000000
18315.0,0.785398,0.785398,-0.014240,0.000875,0.000014,0.000000,3.199496,-0.027410,0.000130,0.000000
18320.0,0.785398,0.785397,-0.006965,0.000828,0.000068,0.000000,3.199498,0.001721,0.000000,0.000000
18325.0,0.785398,0.785399,-0.003606,0.001610,-0.000036,0.000000,3.199501,0.007277,0.001124,0.000000
18330.0,0.785398,0.785398,-0.005001,0.001610,0.000032,0.000000,3.199505,0.019501,0.000000,0.000000
18335.0,0.785398,0.785399,0.010232,0.000781,-0.000039,0.000000,3.199504,0.007991,0.000000,0.000000
18340.0,0.785398,0.785398,-0.004944,0.000828,0.000004,0.000000,3.199499,-0.009668,0.000000,0.000000
18345.0,0.785398,0.785398,-0.002699,0.000875,-0.000011,0.000000,3.199497,-0.017433,0.000130,0.000000
18350.0,0.785398,0.785399,0.009861,0.001610,-0.000021,0.000000,3.199499,0.001495,0.000130,0.000000
18355.0,0.785398,0.785398,-0.012138,0.002438,0.000004,0.000000,3.199502,0.010855,0.000863,0.000000
18360.0,0.785398,0.785397,-0.000788,0.001610,0.000050,0.000000,3.199505,0.013955,0.000000,0.000000
18365.0,0.785398,0.785399,0.001704,0.000828,-0.000046,0.000000,3.199503,-0.000148,0.000000,0.000000
18370.0,0.785398,0.785399,-0.000767,0.000828,-0.000029,0.000000,3.199501,-0.005188,0.000000,0.000000
18375.0,0.785398,0.785398,-0.000333,0.001610,-0.000004,0.000000,3.199500,-0.005609,0.000000,0.000000
18380.0,0.785398,0.785398,-0.006770,0.000828,-0.000014,0.000000,3.199499,-0.003183,-0.000130,0.000000
18385.0,0.785398,0.785397,-0.000900,0.001610,0.000097,0.000000,3.199499,-0.012390,0.000000,0.000000
18390.0,0.785398,0.785397,0.001272,0.001610,0.000057,0.000000,3.199503,0.029729,0.000863,0.000000
18395.0,0.785398,0.785398,-0.007071,0.001610,0.000039,0.000000,3.199507,0.024635,-0.000863,0.000000
18400.0,0.785398,0.785399,0.003744,0.000828,-0.000079,0.000000,3.199502,-0.000878,-0.000863,0.000000
18405.0,0.785398,0.785398,0.004195,0.001610,-0.000014,0.000000,3.199500,0.000649,0.000000,0.000000
18410.0,0.785398,0.785398,-0.000566,0.001563,0.000018,0.000000,3.199497,-0.019456,-0.000130,0.000000
18415.0,0.785398,0.785397,0.003689,0.000828,0.000082,0.000000,3.199497,-0.002253,0.000000,0.000000
18420.0,0.785398,0.785398,0.004753,0.001610,0.000011,0.000000,3.199500,0.000142,0.000000,0.000000
18425.0,0.785398,0.785398,-0.004212,0.001656,0.000032,0.000000,3.199498,-0.010399,0.000000,0.000000
18430.0,0.785398,0.785398,0.004679,0.002391,-0.000007,0.000000,3.199500,0.012402,0.000863,0.000000
18435.0,0.785398,0.785398,-0.003493,0.001610,0.000029,0.000000,3.199502,0.012097,-0.000863,0.000000
18440.0,0.785398,0.785399,-0.007488,0.000781,-0.000029,0.000000,3.199500,-0.000828,0.000000,0.000000
18445.0,0.785398,0.785397,-0.015765,0.001656,0.000050,0.000000,3.199502,0.010799,0.000000,0.000000
18450.0,0.785398,0.785399,0.011709,0.001563,-0.000036,0.000000,3.199502,0.001318,0.000000,0.000000
18455.0,0.785398,0.785398,0.001658,0.000828,0.000007,0.000000,3.199498,-0.032833,-0.000130,0.000000
18460.0,0.785398,0.785398,0.002500,0.001656,0.000000,0.000000,3.199496,-0.007337,0.000130,0.000000
18465.0,0.785398,0.785398,-0.007934,0.002438,-0.000018,0.000000,3.199500,0.007294,0.000000,0.000000
18470.0,0.785398,0.785398,0.003449,0.001610,0.000029,0.000000,3.199502,0.003830,0.000130,0.000000
18475.0,0.785398,0.785397,-0.005712,0.001563,0.000054,0.000000,3.199503,0.015440,-0.000863,0.000000
18480.0,0.785398,0.785398,0.005726,0.001610,-0.000004,0.000000,3.199500,-0.007676,0.000000,0.000000
18485.0,0.785398,0.785397,-0.001801,0.001656,0.000064,0.000000,3.199499,-0.013994,0.000000,0.000000
18490.0,0.785398,0.785398,0.002953,0.001656,0.000032,0.000000,3.199500,0.001591,-0.000130,0.000000
18495.0,0.785398,0.785398,-0.003654,0.001610,0.000021,0.000000,3.199505,0.025772,0.000000,0.000000
18500.0,0.785398,0.785398,-0.001229,0.001610,0.000032,0.000000,3.199504,0.008419,0.000000,0.000000
18505.0,0.785398,0.785398,-0.008782,0.001610,0.000014,0.000000,3.199503,0.023830,0.000863,0.000000
18510.0,1.047198,0.789387,15.315381,0.095969,15.468664,0.000000,3.199508,0.029082,0.000130,0.000000
18515.0,1.047198,0.796276,16.197893,-0.012132,15.055271,0.000000,3.199504,-0.004236,0.000000,0.000000
18520.0,1.047198,0.806569,15.396058,-0.013015,14.437723,0.000000,3.199496,-0.025363,0.000000,0.000000
18525.0,1.047198,0.812870,14.460914,0.001733,14.059660,0.000000,3.199497,-0.002776,-0.000130,0.000000
18530.0,1.047198,0.821376,13.714699,0.003857,13.549275,0.000000,3.199498,-0.009123,0.000000,0.000000
18535.0,1.047198,0.826897,13.525496,0.006478,13.218026,0.000000,3.199498,-0.008954,0.000000,0.000000
18540.0,1.047198,0.835137,13.179157,0.003081,12.723660,0.000000,3.199495,-0.026220,-0.000130,0.000000
18545.0,1.047198,0.840852,12.875432,-0.007011,12.380705,0.000000,3.199497,0.017220,0.000000,0.000000
18550.0,1.047198,0.848141,11.970536,0.014047,11.943379,0.000000,3.199505,0.015899,0.000130,0.000000
18555.0,1.047198,0.852732,11.676685,0.021998,11.667949,0.000000,3.199505,0.018370,0.000261,0.000000
18560.0,1.047198,0.859822,11.505910,0.013516,11.242558,0.000000,3.199502,-0.002171,0.000130,0.000000
18565.0,1.047198,0.864346,10.939306,0.027912,10.971089,0.000000,3.199500,0.003279,0.000000,0.000000
18570.0,1.047198,0.870664,10.624145,0.029769,10.592032,0.000000,3.199498,-0.010829,-0.000130,0.000000
18575.0,1.047198,0.874832,10.450886,0.026104,10.341915,0.000000,3.199499,0.007077,0.000000,0.000000
18580.0,1.047198,0.880749,9.966596,0.030874,9.986897,0.000000,3.199501,0.000141,-0.000130,0.000000
18585.0,1.047198,0.884781,9.865787,0.031432,9.744967,0.000000,3.199503,0.018016,0.000000,0.000000
18590.0,1.047198,0.890441,9.274378,0.041447,9.405392,0.000000,3.199502,-0.000182,0.000130,0.000000
18595.0,1.047198,0.894104,9.182972,0.045079,9.185643,0.000000,3.199500,-0.010852,0.000000,0.000000
18600.0,1.047198,0.899502,8.875862,0.043250,8.861747,0.000000,3.199498,0.000125,0.000863,0.000000
18605.0,1.047198,0.902791,8.685216,0.050074,8.664387,0.000000,3.199497,-0.008287,0.000733,0.000000
18610.0,1.047198,0.908225,8.425502,0.042463,8.338355,0.000000,3.199496,-0.018954,0.000000,0.000000
18615.0,1.047198,0.911589,8.251835,0.046961,8.136517,0.000000,3.199503,0.046154,-0.000863,0.000000
18620.0,1.047198,0.916766,8.063855,0.046773,7.825878,0.000000,3.199502,-0.009206,-0.000130,0.000000
18625.0,1.047198,0.920265,7.886183,0.035027,7.615947,0.000000,3.199497,-0.030603,0.000000,0.000000
18630.0,1.047198,0.924711,7.290270,0.052841,7.349167,0.000000,3.199497,0.006863,0.000733,0.000000
18635.0,1.047198,0.927691,7.210104,0.048574,7.170424,0.000000,3.199850,0.513258,-0.000862,0.000000
18640.0,1.047198,0.931872,6.878253,0.063028,6.919545,0.000000,3.199986,0.369032,-0.000128,0.000000
18645.0,1.047198,0.934455,6.623205,0.061307,6.764556,0.000000,3.199956,0.127334,0.000000,0.000000
18650.0,1.047198,0.938423,6.558090,0.057259,6.526480,0.000000,3.199885,-0.105175,0.000000,0.000000
18655.0,1.047198,0.941073,6.443435,0.055605,6.367454,0.000000,3.199858,-0.141267,-0.000128,0.000000
18660.0,1.047198,0.944779,6.017876,0.058826,6.145141,0.000000,3.199854,-0.088558,0.000000,0.000000
18665.0,1.047198,0.947330,6.005002,0.060483,5.992026,0.000000,3.199865,-0.035537,0.000128,0.000000
18670.0,1.047198,0.950946,5.948107,0.061357,5.775100,0.000000,3.199881,0.024459,0.001724,0.000000
18675.0,1.047198,0.953267,5.768929,0.055761,5.635818,0.000000,3.199889,0.029699,0.000000,0.000000
18680.0,1.047198,0.956840,5.532385,0.054232,5.421428,0.000000,3.199889,0.002594,-0.000734,0.000000
18685.0,1.047198,0.959351,5.464766,0.048670,5.270795,0.000000,3.199887,0.004242,0.000000,0.000000
18690.0,1.047198,0.962804,5.206029,0.055433,5.063639,0.000000,3.199884,-0.003252,0.000000,0.000000
18695.0,1.047198,0.964903,4.943513,0.055582,4.937661,0.000000,3.199883,-0.006764,0.000000,0.000000
18700.0,1.047198,0.968138,4.907035,0.053284,4.743569,0.000000,3.199883,0.000059,0.000862,0.000000
18705.0,1.047198,0.970117,4.685814,0.050816,4.624819,0.000000,3.199884,-0.001168,0.000862,0.000000
18710.0,1.047198,0.973078,4.636097,0.052769,4.447149,0.000000,3.199888,0.012873,0.000128,0.000000
18715.0,1.047198,0.975132,4.441589,0.045595,4.323939,0.000000,3.199886,-0.000726,0.000000,0.000000
18720.0,1.047198,0.977627,4.035438,0.055652,4.174214,0.000000,3.199883,-0.011314,0.000000,0.000000
18725.0,1.047198,0.979422,4.108782,0.048519,4.066533,0.000000,3.199881,-0.012386,0.000000,0.000000
18730.0,1.047198,0.982109,3.931448,0.046068,3.905311,0.000000,3.199880,-0.005181,0.000000,0.000000
18735.0,1.047198,0.983383,3.687017,0.057939,3.828857,0.000000,3.199881,-0.005055,-0.000128,0.000000
18740.0,1.047198,0.985866,3.811212,0.046608,3.679866,0.000000,3.199883,0.005074,0.000000,0.000000
18745.0,1.047198,0.987538,3.558771,0.049342,3.579580,0.000000,3.199886,0.010107,0.000000,0.000000
18750.0,1.047198,0.989765,3.450937,0.048733,3.445948,0.000000,3.199886,0.007598,0.000000,0.000000
18755.0,1.047198,0.991276,3.394548,0.046302,3.355272,0.000000,3.199885,-0.010254,-0.000734,0.000000
18760.0,1.047198,0.993283,3.150631,0.053908,3.234873,0.000000,3.199885,0.005673,0.000000,0.000000
18765.0,1.047198,0.994588,3.014965,0.056405,3.156559,0.000000,3.199885,0.004669,0.000000,0.000000
18770.0,1.047198,0.996596,3.112145,0.046048,3.036071,0.000000,3.199880,-0.016737,0.000000,0.000000
18775.0,1.047198,0.998098,3.092926,0.040867,2.945963,0.000000,3.199881,-0.004780,0.000000,0.000000
18780.0,1.047198,0.999812,2.739038,0.051024,2.843117,0.000000,3.199885,0.009579,0.000000,0.000000
18785.0,1.047198,1.000951,2.702259,0.051026,2.774806,0.000000,3.199886,0.009593,0.000000,0.000000
18790.0,1.047198,1.002584,2.583015,0.044925,2.676809,0.000000,3.199883,-0.002309,0.000000,0.000000
18795.0,1.047198,1.003525,2.654858,0.048088,2.620354,0.000000,3.199884,0.002266,0.000862,0.000000
18800.0,1.047198,1.005115,2.618534,0.041069,2.524974,0.000000,3.199884,-0.009719,-0.000862,0.000000
18805.0,1.047198,1.006264,2.491869,0.048088,2.456031,0.000000,3.199880,-0.026127,-0.000128,0.000000
18810.0,1.047198,1.007696,2.455505,0.051796,2.370100,0.000000,3.199883,0.008722,0.000000,0.000000
18815.0,1.047198,1.008591,2.282786,0.053136,2.316377,0.000000,3.199887,0.027270,-0.000128,0.000000
18820.0,1.047198,1.010193,2.189386,0.043335,2.220304,0.000000,3.199889,0.025602,0.000256,0.000000
18825.0,1.047198,1.011207,2.205689,0.046553,2.159414,0.000000,3.199890,0.015810,0.000862,0.000000
18830.0,1.047198,1.012706,2.135412,0.044693,2.069521,0.000000,3.199884,-0.019474,0.000128,0.000000
18835.0,1.047198,1.013523,2.014249,0.046551,2.020476,0.000000,3.199880,-0.012812,-0.000128,0.000000
18840.0,1.047198,1.014714,1.376926,0.037694,1.949000,0.000000,3.199882,-0.018260,0.000000,0.000000
18845.0,1.047198,1.015162,1.287687,0.050719,1.922135,0.000000,3.199880,-0.014271,0.000000,0.000000
18850.0,1.047198,1.016120,1.483826,0.049316,1.864672,0.000000,3.199882,-0.004008,-0.000128,0.000000
18855.0,1.047198,1.016752,1.377194,0.048387,1.826742,0.000000,3.199884,0.000285,0.000000,0.000000
18860.0,1.047198,1.017535,1.340903,0.047456,1.779771,0.000000,3.199887,0.036759,0.001724,0.000000
18865.0,1.047198,1.018260,1.423988,0.047927,1.736276,0.000000,3.199887,0.000894,-0.000128,0.000000
18870.0,1.047198,1.019067,1.334762,0.047928,1.687846,0.000000,3.199883,-0.005093,0.000000,0.000000
18875.0,1.047198,1.019637,1.423778,0.047928,1.653664,0.000000,3.199883,-0.005609,0.000000,0.000000
18880.0,1.047198,1.020496,1.415869,0.044207,1.602123,0.000000,3.199885,0.003584,0.000000,0.000000
18885.0,1.047198,1.020930,1.317167,0.051203,1.576080,0.000000,3.199885,0.013835,0.000256,0.000000
18890.0,1.047198,1.022002,1.419591,0.041904,1.511722,0.000000,3.199883,-0.024178,0.000000,0.000000
18895.0,1.047198,1.022675,1.414951,0.043763,1.471331,0.000000,3.199879,-0.018429,-0.000990,0.000000
18900.0,1.047198,1.023576,1.317904,0.042833,1.417272,0.000000,3.199877,-0.015872,0.000000,0.000000
18905.0,1.047198,1.024093,1.182005,0.050771,1.386287,0.000000,3.199881,0.004038,0.000128,0.000000
18910.0,1.047198,1.024748,1.207385,0.047982,1.346970,0.000000,3.199888,0.032872,0.000862,0.000000
18915.0,1.047198,1.025126,1.175920,0.051280,1.324275,0.000000,3.199892,0.020190,0.000862,0.000000
18920.0,1.047198,1.026220,1.265863,0.040549,1.258664,0.000000,3.199886,-0.008556,0.000000,0.000000
18925.0,1.047198,1.026866,1.293523,0.040547,1.219869,0.000000,3.199882,-0.014259,0.000128,0.000000
18930.0,1.047198,1.027218,0.904140,0.055919,1.198804,0.000000,3.199882,-0.006190,0.000000,0.000000
18935.0,1.047198,1.027608,1.196683,0.043853,1.175373,0.000000,3.199882,-0.005226,0.000000,0.000000
18940.0,1.047198,1.028439,1.217294,0.040142,1.125541,0.000000,3.199881,-0.005323,0.000000,0.000000
18945.0,1.047198,1.028913,1.101634,0.046236,1.097102,0.000000,3.199883,0.000944,0.000000,0.000000
18950.0,1.047198,1.029498,1.141696,0.049552,1.061983,0.000000,3.199883,0.001146,0.000000,0.000000
18955.0,1.047198,1.030099,1.070619,0.043845,1.025906,0.000000,3.199885,0.022577,0.000000,0.000000
18960.0,1.047198,1.030601,0.836165,0.051406,0.995800,0.000000,3.199888,0.014126,0.000000,0.000000
18965.0,1.047198,1.030910,0.887120,0.050480,0.977247,0.000000,3.199885,-0.005727,0.001724,0.000000
18970.0,1.047198,1.031624,0.959459,0.043999,0.934396,0.000000,3.199886,0.007805,0.000000,0.000000
18975.0,1.047198,1.032032,0.895813,0.046776,0.909905,0.000000,3.199885,-0.001487,0.000000,0.000000
18980.0,1.047198,1.032720,0.918338,0.042152,0.868649,0.000000,3.199883,-0.010319,-0.000128,0.000000
18985.0,1.047198,1.033279,1.063893,0.035126,0.835140,0.000000,3.199880,-0.017467,0.000000,0.000000
18990.0,1.047198,1.033669,0.669325,0.049176,0.811737,0.000000,3.199879,-0.016765,0.000000,0.000000
18995.0,1.047198,1.033889,0.808910,0.045480,0.798526,0.000000,3.199881,0.000076,0.000000,0.000000
19000.0,1.047198,1.034317,0.742137,0.044557,0.772805,0.000000,3.199886,0.015736,0.000128,0.000000
19005.0,1.047198,1.034626,0.787101,0.046206,0.754287,0.000000,3.199887,0.013782,0.000000,0.000000
19010.0,1.047198,1.035121,0.692702,0.046404,0.724611,0.000000,3.199884,-0.016016,-0.000862,0.000000
19015.0,1.047198,1.035498,0.669085,0.047326,0.701966,0.000000,3.199881,-0.007640,0.000000,0.000000
19020.0,1.047198,1.035912,0.595238,0.046969,0.677133,0.000000,3.199884,0.014126,0.000734,0.000000
19025.0,1.047198,1.036219,0.684491,0.044556,0.658693,0.000000,3.199887,0.014549,0.000000,0.000000
19030.0,1.047198,1.036892,0.735938,0.037531,0.618360,0.000000,3.199887,-0.000020,0.000000,0.000000
19035.0,1.047198,1.037184,0.735732,0.038105,0.600815,0.000000,3.199884,-0.005985,-0.000862,0.000000
19040.0,1.047198,1.037463,0.489399,0.047891,0.584078,0.000000,3.199884,0.007593,0.000000,0.000000
19045.0,1.047198,1.037473,0.435629,0.052150,0.583484,0.000000,3.199885,0.001337,0.000000,0.000000
19050.0,1.047198,1.038012,0.680973,0.036844,0.551162,0.000000,3.199884,-0.002589,0.000000,0.000000
19055.0,1.047198,1.038201,0.461884,0.048467,0.539804,0.000000,3.199882,-0.016071,0.000862,0.000000
19060.0,1.047198,1.038853,0.613000,0.036266,0.500672,0.000000,3.199883,-0.000238,0.000000,0.000000
19065.0,1.047198,1.038975,0.437127,0.046628,0.493376,0.000000,3.199882,-0.012325,0.000000,0.000000
19070.0,1.047198,1.039300,0.490124,0.041447,0.473843,0.000000,3.199881,-0.004744,0.000000,0.000000
19075.0,1.047198,1.039476,0.580166,0.039610,0.463314,0.000000,3.199887,0.026474,0.000000,0.000000
19080.0,1.047198,1.039736,0.379287,0.045709,0.447693,0.000000,3.199888,0.005741,0.000000,0.000000
19085.0,1.047198,1.040058,0.462144,0.043284,0.428374,0.000000,3.199885,-0.000954,-0.000128,0.000000
19090.0,1.047198,1.040465,0.428478,0.041446,0.403969,0.000000,3.199883,-0.005371,0.000000,0.000000
19095.0,1.047198,1.040503,0.319607,0.046299,0.401659,0.000000,3.199883,-0.003917,0.000000,0.000000
19100.0,1.047198,1.040710,0.495374,0.039284,0.389235,0.000000,3.199884,0.003562,0.000000,0.000000
19105.0,1.047198,1.040860,0.348676,0.044790,0.380230,0.000000,3.199884,0.001481,0.000000,0.000000
19110.0,1.047198,1.041239,0.341610,0.042038,0.357506,0.000000,3.199883,-0.005857,-0.000128,0.000000
19115.0,1.047198,1.041261,0.261259,0.048136,0.356197,0.000000,3.199883,-0.003708,0.000862,0.000000
19120.0,1.047198,1.041525,0.415483,0.040205,0.340326,0.000000,3.199885,-0.009145,-0.000990,0.000000
19125.0,1.047198,1.041625,0.296743,0.044469,0.334339,0.000000,3.199881,-0.016589,0.000128,0.000000
19130.0,1.047198,1.041752,0.430562,0.048452,0.326743,0.000000,3.199883,0.003024,0.000000,0.000000
19135.0,1.047198,1.041977,0.320761,0.043871,0.313239,0.000000,3.199886,0.016928,0.000000,0.000000
19140.0,1.047198,1.042357,0.333774,0.041122,0.290451,0.000000,3.199889,0.012291,-0.000128,0.000000
19145.0,1.047198,1.042600,0.435259,0.036858,0.275838,0.000000,3.199882,-0.019696,0.000000,0.000000
19150.0,1.047198,1.042776,0.243286,0.042037,0.265267,0.000000,3.199881,-0.007973,0.000000,0.000000
19155.0,1.047198,1.042781,0.204382,0.045386,0.264974,0.000000,3.199883,0.000816,0.000000,0.000000
19160.0,1.047198,1.042778,0.185855,0.045386,0.265160,0.000000,3.199881,-0.007506,0.000000,0.000000
19165.0,1.047198,1.042980,0.405620,0.036858,0.253050,0.000000,3.199883,-0.005816,0.000000,0.000000
19170.0,1.047198,1.043487,0.293927,0.035942,0.222609,0.000000,3.199879,-0.015855,0.000000,0.000000
19175.0,1.047198,1.043535,0.193227,0.043556,0.219748,0.000000,3.199883,0.005239,0.000000,0.000000
19180.0,1.047198,1.043539,0.162263,0.043247,0.219526,0.000000,3.199887,0.017492,0.000000,0.000000
19185.0,1.047198,1.043538,0.171944,0.044470,0.219598,0.000000,3.199889,0.005240,-0.000128,0.000000
19190.0,1.047198,1.043647,0.338171,0.045384,0.213053,0.000000,3.199885,0.005067,0.000000,0.000000
19195.0,1.047198,1.043871,0.237413,0.041119,0.199606,0.000000,3.199885,0.006142,0.000000,0.000000
19200.0,1.047198,1.043913,0.155522,0.043555,0.197046,0.000000,3.199885,0.004877,0.000000,0.000000
19205.0,1.047198,1.043912,0.136863,0.045384,0.197124,0.000000,3.199885,0.002731,0.000128,0.000000
19210.0,1.047198,1.043911,0.131870,0.045077,0.197196,0.000000,3.199885,0.001264,0.000000,0.000000
19215.0,1.047198,1.043911,0.129473,0.045077,0.197189,0.000000,3.199885,0.011469,0.000000,0.000000
19220.0,1.047198,1.044219,0.249239,0.038681,0.178721,0.000000,3.199883,-0.002364,0.000128,0.000000
19225.0,1.047198,1.044283,0.161871,0.042641,0.174873,0.000000,3.199885,-0.006349,-0.000734,0.000000
19230.0,1.047198,1.044632,0.216394,0.037464,0.153930,0.000000,3.199881,-0.008695,0.000000,0.000000
19235.0,1.047198,1.044670,0.133931,0.042641,0.151627,0.000000,3.199882,-0.013581,-0.000128,0.000000
19240.0,1.047198,1.044674,0.120256,0.043554,0.151420,0.000000,3.199881,-0.018788,-0.000734,0.000000
19245.0,1.047198,1.044876,0.312196,0.035639,0.139289,0.000000,3.199882,0.010485,0.000000,0.000000
19250.0,1.047198,1.045047,0.137351,0.040202,0.129025,0.000000,3.199884,-0.020821,-0.000862,0.000000
19255.0,1.047198,1.045054,0.109720,0.041729,0.128617,0.000000,3.199884,0.014470,0.000000,0.000000
19260.0,1.047198,1.045054,0.106065,0.042641,0.128624,0.000000,3.199885,0.010171,0.000862,0.000000
19265.0,1.047198,1.045051,0.085566,0.044467,0.128796,0.000000,3.199884,-0.002241,-0.000734,0.000000
19270.0,1.047198,1.045049,0.101224,0.044467,0.128911,0.000000,3.199883,0.005563,0.000256,0.000000
19275.0,1.047198,1.045162,0.257530,0.034431,0.122144,0.000000,3.199887,0.039760,-0.000128,0.000000
19280.0,1.047198,1.045416,0.129018,0.040200,0.106924,0.000000,3.199890,0.018846,0.000128,0.000000
19285.0,1.047198,1.045431,0.105890,0.039607,0.106008,0.000000,3.199888,0.001985,0.000990,0.000000
19290.0,1.047198,1.045431,0.082509,0.041728,0.105994,0.000000,3.199886,-0.007917,-0.000734,0.000000
19295.0,1.047198,1.045697,0.243089,0.034728,0.090015,0.000000,3.199883,-0.006011,0.000000,0.000000
19300.0,1.047198,1.045810,0.097407,0.038992,0.083270,0.000000,3.199880,-0.016733,-0.000128,0.000000
19305.0,1.047198,1.046081,0.258267,0.032287,0.066984,0.000000,3.199877,-0.034373,0.000000,0.000000
19310.0,1.047198,1.046191,0.078676,0.037170,0.060396,0.000000,3.199880,-0.001866,0.000128,0.000000
19315.0,1.047198,1.046195,0.076187,0.039285,0.060146,0.000000,3.199884,0.010114,0.000000,0.000000
19320.0,1.047198,1.046195,0.075245,0.039285,0.060174,0.000000,3.199887,0.016153,0.000000,0.000000
19325.0,1.047198,1.046191,0.058481,0.038993,0.060375,0.000000,3.199887,0.009966,0.000000,0.000000
19330.0,1.047198,1.046190,0.058825,0.039904,0.060482,0.000000,3.199885,0.000281,0.000000,0.000000
19335.0,1.047198,1.046187,0.039572,0.040815,0.060654,0.000000,3.199884,-0.003198,0.000000,0.000000
19340.0,1.047198,1.046188,0.044337,0.039285,0.060546,0.000000,3.199883,-0.006325,-0.000734,0.000000
19345.0,1.047198,1.046187,0.042929,0.039904,0.060639,0.000000,3.199883,-0.001249,0.000128,0.000000
19350.0,1.047198,1.046187,0.048467,0.039904,0.060611,0.000000,3.199885,0.028264,0.001724,0.000000
19355.0,1.047198,1.046186,0.042122,0.040815,0.060689,0.000000,3.199889,0.017127,0.000128,0.000000
19360.0,1.047198,1.046186,0.056599,0.040815,0.060682,0.000000,3.199887,0.017877,0.000128,0.000000
19365.0,1.047198,1.046186,0.040186,0.040814,0.060689,0.000000,3.199887,0.009097,-0.000128,0.000000
19370.0,1.047198,1.046541,0.098056,0.035640,0.039368,0.000000,3.199882,-0.017171,0.000000,0.000000
19375.0,1.047198,1.046566,0.041838,0.038993,0.037880,0.000000,3.199879,-0.019095,0.000128,0.000000
19380.0,1.047198,1.046569,0.040573,0.038993,0.037715,0.000000,3.199884,0.006001,0.000000,0.000000
19385.0,1.047198,1.046570,0.036976,0.038372,0.037651,0.000000,3.199884,-0.013588,0.000000,0.000000
19390.0,1.047198,1.046569,0.041631,0.038993,0.037715,0.000000,3.199881,-0.010029,0.000000,0.000000
19395.0,1.047198,1.046567,0.042108,0.038082,0.037837,0.000000,3.199882,-0.004885,0.000000,0.000000
19400.0,1.047198,1.046566,0.031322,0.038993,0.037880,0.000000,3.199885,0.013225,0.000000,0.000000
19405.0,1.047198,1.046566,0.039132,0.040193,0.037887,0.000000,3.199889,0.031563,0.000128,0.000000
19410.0,1.047198,1.046566,0.010628,0.039904,0.037901,0.000000,3.199889,0.006772,0.000000,0.000000
19415.0,1.047198,1.046564,0.014337,0.039614,0.038016,0.000000,3.199884,-0.011491,0.000000,0.000000
19420.0,1.047198,1.046566,0.034681,0.039904,0.037873,0.000000,3.199878,-0.023002,0.000862,0.000000
19425.0,1.047198,1.046565,0.022002,0.038703,0.037930,0.000000,3.199878,-0.022423,0.000000,0.000000
19430.0,1.047198,1.046565,0.017159,0.038993,0.037973,0.000000,3.199883,0.007974,0.000000,0.000000
19435.0,1.047198,1.046563,0.016191,0.039614,0.038095,0.000000,3.199886,0.008735,0.000000,0.000000
19440.0,1.047198,1.046564,0.017456,0.039614,0.038016,0.000000,3.199885,-0.007637,-0.000862,0.000000
19445.0,1.047198,1.046565,0.028941,0.039903,0.037973,0.000000,3.199882,-0.021513,0.000000,0.000000
19450.0,1.047198,1.046922,0.063819,0.032910,0.016558,0.000000,3.199881,-0.008559,-0.000128,0.000000
19455.0,1.047198,1.046945,0.033796,0.037173,0.015156,0.000000,3.199887,0.025420,-0.000128,0.000000
19460.0,1.047198,1.046949,0.040132,0.038370,0.014920,0.000000,3.199888,0.009108,0.000000,0.000000
19465.0,1.047198,1.046948,0.021500,0.038083,0.014963,0.000000,3.199885,0.001138,-0.000128,0.000000
19470.0,1.047198,1.046946,0.015703,0.038083,0.015070,0.000000,3.199884,0.009638,0.000862,0.000000
19475.0,1.047198,1.046947,0.019596,0.038083,0.015013,0.000000,3.199883,-0.005935,0.000000,0.000000
19480.0,1.047198,1.046947,0.017200,0.038370,0.015042,0.000000,3.199882,-0.017824,-0.000862,0.000000
19485.0,1.047198,1.046946,0.018921,0.038083,0.015070,0.000000,3.199881,-0.008328,0.000000,0.000000
19490.0,1.047198,1.046946,0.008684,0.036886,0.015085,0.000000,3.199881,-0.004407,0.000000,0.000000
19495.0,1.047198,1.046946,0.008842,0.037173,0.015070,0.000000,3.199884,0.006203,0.000000,0.000000
19500.0,1.047198,1.046945,0.014101,0.038993,0.015156,0.000000,3.199886,0.013079,0.000128,0.000000
19505.0,1.047198,1.046945,0.013465,0.038083,0.015135,0.000000,3.199887,0.009156,-0.000128,0.000000
19510.0,1.047198,1.046946,0.006264,0.036886,0.015070,0.000000,3.199884,0.004101,0.000128,0.000000
19515.0,1.047198,1.046945,0.007361,0.038993,0.015178,0.000000,3.199885,0.014926,-0.000734,0.000000
19520.0,1.047198,1.046944,0.009871,0.038083,0.015213,0.000000,3.199884,-0.000660,0.000000,0.000000
19525.0,1.047198,1.046944,0.006950,0.038993,0.015206,0.000000,3.199884,-0.003230,0.000000,0.000000
19530.0,1.047198,1.046944,-0.006291,0.038083,0.015206,0.000000,3.199884,-0.000928,0.000000,0.000000
19535.0,1.047198,1.046944,0.007707,0.038993,0.015228,0.000000,3.199881,-0.010711,0.000000,0.000000
19540.0,1.047198,1.046944,0.005303,0.038706,0.015221,0.000000,3.199881,-0.003614,0.000000,0.000000
19545.0,1.047198,1.046944,0.003914,0.038993,0.015213,0.000000,3.199884,0.007521,0.000128,0.000000
19550.0,1.047198,1.046944,0.013296,0.038993,0.015192,0.000000,3.199889,0.019645,0.000128,0.000000
19555.0,1.047198,1.046944,0.013127,0.038083,0.015199,0.000000,3.199887,0.004566,0.000128,0.000000
19560.0,1.047198,1.046945,0.012803,0.038993,0.015178,0.000000,3.199886,0.004748,0.000000,0.000000
19565.0,1.047198,1.046944,-0.003285,0.039903,0.015199,0.000000,3.199884,-0.004540,-0.000862,0.000000
19570.0,1.047198,1.046944,0.011441,0.039280,0.015235,0.000000,3.199880,-0.014100,0.000000,0.000000
19575.0,1.047198,1.046944,0.001593,0.038993,0.015235,0.000000,3.199879,-0.018392,0.000000,0.000000
19580.0,1.047198,1.046945,0.021067,0.039280,0.015178,0.000000,3.199885,0.012225,0.000000,0.000000
19585.0,1.047198,1.046944,-0.009688,0.040813,0.015221,0.000000,3.199884,-0.010930,0.000000,0.000000
19590.0,1.047198,1.046943,-0.001142,0.038993,0.015264,0.000000,3.199883,-0.013503,-0.000862,0.000000
19595.0,1.047198,1.046945,0.010559,0.038993,0.015171,0.000000,3.199887,0.020176,0.000734,0.000000
19600.0,1.047198,1.046945,0.007840,0.038993,0.015163,0.000000,3.199891,0.019486,0.000000,0.000000
19605.0,1.047198,1.046942,0.002167,0.038083,0.015306,0.000000,3.199885,-0.008311,-0.000862,0.000000
19610.0,1.047198,1.046944,0.007281,0.038993,0.015213,0.000000,3.199880,0.006174,0.001724,0.000000
19615.0,1.047198,1.046944,0.004596,0.039903,0.015199,0.000000,3.199884,-0.008105,0.000000,0.000000
19620.0,1.047198,1.046945,0.006902,0.038706,0.015178,0.000000,3.199882,-0.009021,-0.000128,0.000000
19625.0,1.047198,1.046945,0.015527,0.039903,0.015171,0.000000,3.199883,0.010912,0.000000,0.000000
19630.0,1.047198,1.046944,0.009907,0.039903,0.015206,0.000000,3.199886,0.005937,0.000000,0.000000
19635.0,1.047198,1.046944,0.003568,0.039903,0.015242,0.000000,3.199887,0.014132,0.000000,0.000000
19640.0,1.047198,1.046943,0.007807,0.040813,0.015292,0.000000,3.199883,-0.011786,0.000128,0.000000
19645.0,1.047198,1.046943,0.004087,0.039903,0.015256,0.000000,3.199881,-0.013102,0.000128,0.000000
19650.0,1.047198,1.046945,0.013673,0.039903,0.015156,0.000000,3.199884,0.007979,0.000000,0.000000
19655.0,1.047198,1.046943,0.006628,0.039903,0.015249,0.000000,3.199886,0.003039,0.000128,0.000000
19660.0,1.047198,1.046944,0.015941,0.040813,0.015221,0.000000,3.199882,-0.011520,0.000000,0.000000
19665.0,1.047198,1.046945,-0.000636,0.040813,0.015142,0.000000,3.199882,-0.003105,0.000128,0.000000
19670.0,1.047198,1.046943,0.014338,0.040813,0.015256,0.000000,3.199884,-0.001214,-0.000862,0.000000
19675.0,1.047198,1.046944,0.015092,0.039616,0.015228,0.000000,3.199884,0.002951,0.000000,0.000000
19680.0,1.047198,1.046944,0.005280,0.039903,0.015228,0.000000,3.199885,0.004887,0.000128,0.000000
19685.0,1.047198,1.046942,0.004698,0.040526,0.015342,0.000000,3.199885,0.002772,-0.000128,0.000000
19690.0,1.047198,1.046944,0.019458,0.040813,0.015221,0.000000,3.199887,0.008233,-0.000862,0.000000
19695.0,1.047198,1.046944,-0.000167,0.040813,0.015206,0.000000,3.199883,-0.008494,0.000128,0.000000
19700.0,1.047198,1.046944,0.013808,0.041436,0.015242,0.000000,3.199883,0.009890,0.000990,0.000000
19705.0,1.047198,1.046944,0.018958,0.039903,0.015206,0.000000,3.199882,-0.017882,0.000128,0.000000
19710.0,1.047198,1.046943,-0.000772,0.040526,0.015271,0.000000,3.199884,0.006805,0.000128,0.000000
19715.0,1.047198,1.046944,0.001701,0.041436,0.015206,0.000000,3.199885,0.004814,0.000862,0.000000
19720.0,1.047198,1.046944,0.000891,0.039903,0.015206,0.000000,3.199883,-0.008330,0.000000,0.000000
19725.0,1.047198,1.046944,0.009248,0.040526,0.015242,0.000000,3.199883,0.006617,0.000000,0.000000
19730.0,1.047198,1.046944,0.004913,0.040526,0.015221,0.000000,3.199886,0.008106,0.000000,0.000000
19735.0,1.047198,1.046943,0.004168,0.040526,0.015271,0.000000,3.199887,0.014419,0.000000,0.000000
19740.0,1.047198,1.046944,0.004763,0.040526,0.015235,0.000000,3.199885,0.000872,0.000128,0.000000
19745.0,1.047198,1.046945,0.014637,0.040813,0.015171,0.000000,3.199883,-0.000680,0.000000,0.000000
19750.0,1.047198,1.046943,-0.002408,0.040526,0.015271,0.000000,3.199883,-0.004836,0.000128,0.000000
19755.0,1.047198,1.046943,0.002543,0.040813,0.015249,0.000000,3.199883,-0.003451,0.000862,0.000000
19760.0,1.047198,1.047212,0.189511,0.032285,-0.000858,0.000000,3.199885,0.002307,0.000000,0.000000
19765.0,1.047198,1.047313,0.068188,0.035639,-0.006952,0.000000,3.199881,-0.022856,0.000990,0.000000
19770.0,1.047198,1.047331,0.022475,0.037458,-0.007997,0.000000,3.199881,-0.007684,0.000128,0.000000
19775.0,1.047198,1.047329,0.006737,0.038083,-0.007861,0.000000,3.199884,0.011477,0.000000,0.000000
19780.0,1.047198,1.047328,0.012957,0.038083,-0.007854,0.000000,3.199886,0.006893,0.000000,0.000000
19785.0,1.047198,1.047329,0.014845,0.038083,-0.007896,0.000000,3.199885,0.002365,-0.000128,0.000000
19790.0,1.047198,1.047327,0.005969,0.038083,-0.007761,0.000000,3.199882,-0.013094,0.000000,0.000000
19795.0,1.047198,1.047326,-0.004454,0.038083,-0.007725,0.000000,3.199882,-0.005808,0.000000,0.000000
19800.0,1.047198,1.047325,-0.004084,0.038083,-0.007675,0.000000,3.199885,0.014276,-0.000128,0.000000
19805.0,1.047198,1.047325,0.001597,0.038083,-0.007675,0.000000,3.199882,-0.021454,0.000000,0.000000
19810.0,1.047198,1.047326,-0.012257,0.037173,-0.007689,0.000000,3.199882,0.012550,0.000862,0.000000
19815.0,1.047198,1.047325,-0.005381,0.038083,-0.007625,0.000000,3.199887,0.016283,0.000000,0.000000
19820.0,1.047198,1.047326,0.005145,0.038083,-0.007689,0.000000,3.199888,0.011934,0.000000,0.000000
19825.0,1.047198,1.047327,0.007626,0.038083,-0.007775,0.000000,3.199887,0.005481,0.000000,0.000000
19830.0,1.047198,1.047323,-0.014515,0.038083,-0.007539,0.000000,3.199886,0.005907,0.000256,0.000000
19835.0,1.047198,1.047325,-0.006336,0.037173,-0.007660,0.000000,3.199883,-0.008574,0.000000,0.000000
19840.0,1.047198,1.047326,-0.003109,0.037458,-0.007682,0.000000,3.199884,0.006286,0.000000,0.000000
19845.0,1.047198,1.047324,-0.002793,0.038083,-0.007610,0.000000,3.199885,-0.000649,0.000000,0.000000
19850.0,1.047198,1.047325,0.004164,0.038083,-0.007668,0.000000,3.199882,-0.006194,0.000862,0.000000
19855.0,1.047198,1.047325,0.001049,0.038368,-0.007653,0.000000,3.199883,-0.003144,0.000000,0.000000
19860.0,1.047198,1.047325,-0.016149,0.037173,-0.007632,0.000000,3.199879,-0.018919,-0.000128,0.000000
19865.0,1.047198,1.047324,0.000107,0.038368,-0.007582,0.000000,3.199880,-0.005531,0.000000,0.000000
19870.0,1.047198,1.047325,-0.016279,0.037173,-0.007625,0.000000,3.199887,0.033094,0.000000,0.000000
19875.0,1.047198,1.047324,-0.011393,0.038083,-0.007575,0.000000,3.199889,0.015570,0.000000,0.000000
19880.0,1.047198,1.047323,-0.009179,0.037458,-0.007553,0.000000,3.199886,-0.000325,0.000000,0.000000
19885.0,1.047198,1.047326,0.000507,0.037173,-0.007703,0.000000,3.199882,-0.013253,0.000990,0.000000
19890.0,1.047198,1.047325,-0.008909,0.037173,-0.007668,0.000000,3.199884,-0.001100,0.000128,0.000000
19895.0,1.047198,1.047324,0.000567,0.037458,-0.007582,0.000000,3.199883,-0.005520,0.000000,0.000000
19900.0,1.047198,1.047325,0.005672,0.038992,-0.007625,0.000000,3.199883,-0.002449,0.000000,0.000000
19905.0,1.047198,1.047325,-0.002571,0.037173,-0.007639,0.000000,3.199883,-0.000097,-0.000128,0.000000
19910.0,1.047198,1.047325,0.000450,0.038083,-0.007675,0.000000,3.199883,-0.009866,0.000000,0.000000
19915.0,1.047198,1.047324,-0.000888,0.038083,-0.007589,0.000000,3.199883,-0.005094,0.000000,0.000000
19920.0,1.047198,1.047324,-0.001330,0.037173,-0.007596,0.000000,3.199882,-0.006118,0.000000,0.000000
19925.0,1.047198,1.047324,-0.012744,0.038083,-0.007582,0.000000,3.199883,0.004982,0.000000,0.000000
19930.0,1.047198,1.047325,0.003325,0.037798,-0.007639,0.000000,3.199887,0.020398,0.000000,0.000000
19935.0,1.047198,1.047325,0.008833,0.036549,-0.007625,0.000000,3.199888,0.012874,0.000000,0.000000
19940.0,1.047198,1.047325,-0.007061,0.037458,-0.007632,0.000000,3.199888,0.003151,0.000128,0.000000
19945.0,1.047198,1.047325,-0.012773,0.038083,-0.007625,0.000000,3.199881,-0.015831,0.000000,0.000000
19950.0,1.047198,1.047323,-0.005702,0.038083,-0.007539,0.000000,3.199881,-0.003100,0.000000,0.000000
19955.0,1.047198,1.047325,-0.007638,0.037173,-0.007617,0.000000,3.199881,-0.011863,0.000000,0.000000
19960.0,1.047198,1.047325,0.005229,0.037458,-0.007639,0.000000,3.199883,0.003882,0.000000,0.000000
19965.0,1.047198,1.047325,0.000522,0.037458,-0.007625,0.000000,3.199882,-0.003815,0.000862,0.000000
19970.0,1.047198,1.047324,-0.010320,0.037173,-0.007603,0.000000,3.199887,0.014606,0.000000,0.000000
19975.0,1.047198,1.047324,-0.001360,0.037173,-0.007603,0.000000,3.199887,0.007939,0.000000,0.000000
19980.0,1.047198,1.047326,0.009867,0.037458,-0.007725,0.000000,3.199886,0.011963,0.000000,0.000000
19985.0,1.047198,1.047325,-0.007264,0.037173,-0.007660,0.000000,3.199884,-0.010321,-0.000128,0.000000
19990.0,1.047198,1.047323,-0.001634,0.038083,-0.007524,0.000000,3.199882,-0.006760,0.000000,0.000000
19995.0,1.047198,1.047325,-0.010710,0.038083,-0.007625,0.000000,3.199883,-0.001614,-0.000862,0.000000
20000.0,1.047198,1.047323,-0.015913,0.036888,-0.007539,0.000000,3.199880,-0.008772,0.000000,0.000000
20005.0,1.047198,1.047325,0.000969,0.036549,-0.007646,0.000000,3.199883,0.005676,0.000128,0.000000
20010.0,1.047198,1.047325,-0.002491,0.037458,-0.007639,0.000000,3.199887,0.014558,0.000000,0.000000
20015.0,1.047198,1.047325,-0.003463,0.037173,-0.007639,0.000000,3.199888,0.011573,0.000000,0.000000
20020.0,1.047198,1.047325,0.002272,0.037458,-0.007625,0.000000,3.199886,0.003204,-0.000128,0.000000
20025.0,1.047198,1.047325,0.004589,0.036264,-0.007625,0.000000,3.199884,-0.013438,0.000128,0.000000
20030.0,1.047198,1.047325,0.005887,0.037458,-0.007639,0.000000,3.199883,0.009962,0.000128,0.000000
20035.0,1.047198,1.047325,-0.000854,0.037173,-0.007653,0.000000,3.199886,0.007324,-0.000606,0.000000
20040.0,1.047198,1.047323,-0.007050,0.038083,-0.007539,0.000000,3.199884,0.005879,0.000000,0.000000
20045.0,1.047198,1.047325,-0.018941,0.037173,-0.007653,0.000000,3.199887,0.012493,0.000000,0.000000
20050.0,1.047198,1.047324,0.007303,0.037458,-0.007610,0.000000,3.199885,-0.002570,0.000000,0.000000
20055.0,1.047198,1.047324,-0.010911,0.037173,-0.007603,0.000000,3.199885,0.002399,0.000000,0.000000
20060.0,1.047198,1.047325,-0.002126,0.036549,-0.007668,0.000000,3.199883,-0.009086,0.000000,0.000000
20065.0,1.047198,1.047324,-0.002475,0.037458,-0.007575,0.000000,3.199882,-0.008297,0.000128,0.000000
20070.0,1.047198,1.047324,-0.001850,0.037173,-0.007589,0.000000,3.199879,-0.025379,-0.000734,0.000000
20075.0,1.047198,1.047324,0.007669,0.036264,-0.007560,0.000000,3.199879,-0.006518,0.000128,0.000000
20080.0,1.047198,1.047324,0.001218,0.037173,-0.007589,0.000000,3.199887,0.024505,0.000128,0.000000
20085.0,1.047198,1.047325,-0.003189,0.037173,-0.007639,0.000000,3.199888,0.014068,0.000862,0.000000
20090.0,1.047198,1.047325,0.008082,0.037458,-0.007639,0.000000,3.199884,-0.012378,0.000000,0.000000
20095.0,1.047198,1.047325,-0.010205,0.037173,-0.007660,0.000000,3.199882,-0.005830,0.000862,0.000000
20100.0,1.047198,1.047324,0.001996,0.037458,-0.007575,0.000000,3.199883,-0.014012,-0.000862,0.000000
20105.0,1.047198,1.047324,-0.011282,0.037458,-0.007603,0.000000,3.199883,-0.006866,-0.000734,0.000000
20110.0,1.047198,1.047325,-0.005938,0.036549,-0.007675,0.000000,3.199883,0.002068,0.000128,0.000000
20115.0,1.047198,1.047323,-0.005017,0.037458,-0.007532,0.000000,3.199885,0.008698,0.000128,0.000000
20120.0,1.047198,1.047324,-0.005746,0.037173,-0.007589,0.000000,3.199886,0.008139,0.000000,0.000000
20125.0,1.047198,1.047325,-0.006705,0.036264,-0.007660,0.000000,3.199886,0.007015,-0.000128,0.000000
20130.0,1.047198,1.047325,-0.003915,0.037173,-0.007625,0.000000,3.199883,-0.009100,0.000256,0.000000
20135.0,1.047198,1.047325,-0.006908,0.036549,-0.007646,0.000000,3.199882,-0.018286,-0.000862,0.000000
20140.0,1.047198,1.047324,0.001520,0.036549,-0.007610,0.000000,3.199877,-0.025313,0.000000,0.000000
20145.0,1.047198,1.047324,-0.010736,0.037173,-0.007596,0.000000,3.199880,0.000817,0.000128,0.000000
20150.0,1.047198,1.047325,-0.006840,0.036264,-0.007668,0.000000,3.199888,0.023007,0.000000,0.000000
20155.0,1.047198,1.047324,-0.007026,0.036549,-0.007589,0.000000,3.199887,0.001161,0.000000,0.000000
20160.0,1.047198,1.047325,0.006238,0.036549,-0.007639,0.000000,3.199885,0.005447,0.000000,0.000000
20165.0,1.047198,1.047324,-0.011862,0.036264,-0.007603,0.000000,3.199884,-0.004925,0.000000,0.000000
20170.0,1.047198,1.047324,-0.001661,0.036264,-0.007596,0.000000,3.199888,0.023668,0.000000,0.000000
20175.0,1.047198,1.047326,0.009582,0.035639,-0.007682,0.000000,3.199891,0.040423,0.000000,0.000000
20180.0,1.047198,1.047324,-0.016570,0.035354,-0.007603,0.000000,3.199888,-0.007152,-0.000990,0.000000
20185.0,1.047198,1.047324,-0.007942,0.036264,-0.007596,0.000000,3.199884,-0.003059,-0.000862,0.000000
20190.0,1.047198,1.047325,-0.003287,0.036549,-0.007625,0.000000,3.199875,-0.048877,0.000000,0.000000
20195.0,1.047198,1.047325,-0.003463,0.036549,-0.007653,0.000000,3.199877,0.004780,-0.000862,0.000000
20200.0,1.047198,1.047324,-0.016590,0.036264,-0.007582,0.000000,3.199884,0.013927,0.000990,0.000000
20205.0,1.047198,1.047323,-0.005130,0.036549,-0.007553,0.000000,3.199887,0.013565,0.000000,0.000000
20210.0,1.047198,1.047326,-0.004641,0.035639,-0.007703,0.000000,3.199888,0.019457,0.001724,0.000000
20215.0,1.047198,1.047323,-0.014773,0.036264,-0.007503,0.000000,3.199884,-0.010926,0.000000,0.000000
20220.0,1.047198,1.047326,-0.002897,0.035014,-0.007689,0.000000,3.199883,0.001191,0.000000,0.000000
20225.0,1.047198,1.047325,-0.010130,0.036264,-0.007639,0.000000,3.199884,0.001816,0.000000,0.000000
20230.0,1.047198,1.047325,-0.008953,0.035354,-0.007668,0.000000,3.199884,-0.009448,0.000000,0.000000
20235.0,1.047198,1.047324,-0.001338,0.036549,-0.007603,0.000000,3.199883,-0.005314,0.000862,0.000000
20240.0,1.047198,1.047323,-0.003078,0.037173,-0.007532,0.000000,3.199884,-0.000950,0.000734,0.000000
20245.0,1.047198,1.047325,-0.001228,0.035639,-0.007653,0.000000,3.199884,0.001415,0.000000,0.000000
20250.0,1.047198,1.047324,-0.003131,0.036264,-0.007596,0.000000,3.199882,-0.004812,0.000000,0.000000
20255.0,1.047198,1.047325,0.001332,0.036549,-0.007632,0.000000,3.199883,0.001296,0.000128,0.000000
20260.0,1.047198,1.047325,-0.005835,0.036264,-0.007625,0.000000,3.199884,-0.001524,0.000000,0.000000
20265.0,1.047198,1.047323,-0.001813,0.036549,-0.007524,0.000000,3.199884,0.016292,0.000862,0.000000
20270.0,1.047198,1.047326,-0.013524,0.034445,-0.007689,0.000000,3.199887,0.007652,0.000000,0.000000
20275.0,1.047198,1.047325,-0.009664,0.036264,-0.007625,0.000000,3.199886,0.002371,0.000000,0.000000
20280.0,1.047198,1.047324,-0.004679,0.036264,-0.007575,0.000000,3.199884,-0.017057,-0.000862,0.000000
20285.0,1.047198,1.047325,0.002564,0.035639,-0.007639,0.000000,3.199881,-0.009381,0.000000,0.000000
20290.0,1.047198,1.047326,-0.007991,0.035639,-0.007682,0.000000,3.199883,0.000340,0.000000,0.000000
20295.0,1.047198,1.047325,-0.003367,0.035354,-0.007625,0.000000,3.199884,0.005454,-0.000128,0.000000
20300.0,1.047198,1.047324,-0.000085,0.036549,-0.007603,0.000000,3.199885,0.004741,0.000000,0.000000
20305.0,1.047198,1.047325,-0.008591,0.036264,-0.007625,0.000000,3.199883,-0.022137,0.000000,0.000000
20310.0,1.047198,1.047325,0.005969,0.036549,-0.007625,0.000000,3.199883,0.003450,-0.000128,0.000000
20315.0,1.047198,1.047325,-0.009635,0.035354,-0.007625,0.000000,3.199887,0.031031,0.000000,0.000000
20320.0,1.047198,1.047324,0.010982,0.037458,-0.007560,0.000000,3.199887,0.001023,0.000000,0.000000
20325.0,1.047198,1.047325,-0.001931,0.035639,-0.007625,0.000000,3.199884,-0.005583,0.000000,0.000000
20330.0,1.047198,1.047326,0.003078,0.035639,-0.007703,0.000000,3.199880,-0.015320,0.000000,0.000000
20335.0,1.047198,1.047324,0.000791,0.035354,-0.007575,0.000000,3.199882,0.019844,-0.000128,0.000000
20340.0,1.047198,1.047325,-0.000770,0.035639,-0.007625,0.000000,3.199886,0.010821,0.000000,0.000000
20345.0,1.047198,1.047325,-0.005310,0.035639,-0.007617,0.000000,3.199884,-0.005280,0.000000,0.000000
20350.0,1.047198,1.047324,-0.012245,0.035354,-0.007589,0.000000,3.199881,-0.011330,0.000128,0.000000
20355.0,1.047198,1.047324,0.002451,0.035639,-0.007596,0.000000,3.199884,0.009370,0.000000,0.000000
20360.0,1.047198,1.047323,-0.013300,0.035354,-0.007553,0.000000,3.199886,0.004398,-0.000128,0.000000
20365.0,1.047198,1.047324,-0.011676,0.035639,-0.007582,0.000000,3.199885,0.000974,0.000000,0.000000
20370.0,1.047198,1.047326,-0.002671,0.035354,-0.007682,0.000000,3.199884,0.002416,0.000128,0.000000
20375.0,1.047198,1.047324,-0.002457,0.036263,-0.007610,0.000000,3.199888,0.022860,0.000000,0.000000
20380.0,1.047198,1.046966,-0.069139,0.042346,0.013897,0.000000,3.199888,0.005843,0.000000,0.000000
20385.0,1.047198,1.046941,-0.022047,0.038706,0.015399,0.000000,3.199882,-0.034399,0.000862,0.000000
20390.0,1.047198,1.046938,-0.016549,0.037460,0.015571,0.000000,3.199879,-0.015971,0.000000,0.000000
20395.0,1.047198,1.046940,0.004972,0.038370,0.015471,0.000000,3.199882,0.017323,-0.000862,0.000000
20400.0,1.047198,1.046941,-0.009297,0.037173,0.015407,0.000000,3.199885,-0.002982,0.000000,0.000000
20405.0,1.047198,1.046942,-0.001058,0.038083,0.015328,0.000000,3.199884,0.011817,0.000000,0.000000
20410.0,1.047198,1.046942,-0.017100,0.037173,0.015357,0.000000,3.199884,-0.012508,-0.000734,0.000000
20415.0,1.047198,1.046941,0.008445,0.038993,0.015385,0.000000,3.199880,-0.023079,0.000862,0.000000
20420.0,1.047198,1.046943,-0.002096,0.037460,0.015278,0.000000,3.199879,-0.014887,0.000000,0.000000
20425.0,1.047198,1.046942,-0.002607,0.038993,0.015342,0.000000,3.199881,0.000607,0.000000,0.000000
20430.0,1.047198,1.046943,-0.002284,0.038083,0.015264,0.000000,3.199888,0.020336,0.000000,0.000000
20435.0,1.047198,1.046944,0.006237,0.038370,0.015242,0.000000,3.199885,-0.009055,0.000000,0.000000
20440.0,1.047198,1.046943,0.002984,0.038993,0.015292,0.000000,3.199883,0.001042,0.000000,0.000000
20445.0,1.047198,1.046945,0.011001,0.037173,0.015163,0.000000,3.199885,0.006613,0.000862,0.000000
20450.0,1.047198,1.046943,0.001045,0.038083,0.015256,0.000000,3.199884,-0.002839,0.000000,0.000000
20455.0,1.047198,1.046943,0.007577,0.038993,0.015285,0.000000,3.199884,0.000379,-0.000128,0.000000
20460.0,1.047198,1.046943,0.018764,0.039903,0.015256,0.000000,3.199889,0.013714,-0.000862,0.000000
20465.0,1.047198,1.046943,0.003661,0.038993,0.015299,0.000000,3.199883,-0.018692,0.000000,0.000000
20470.0,1.047198,1.046944,0.008320,0.038993,0.015199,0.000000,3.199882,0.005403,0.000862,0.000000
20475.0,1.047198,1.046945,0.019637,0.038083,0.015149,0.000000,3.199885,0.007918,0.000000,0.000000
20480.0,1.047198,1.046943,-0.002151,0.038706,0.015292,0.000000,3.199883,-0.005175,0.000000,0.000000
20485.0,1.047198,1.046943,0.003034,0.038993,0.015299,0.000000,3.199881,-0.008811,0.000000,0.000000
20490.0,1.047198,1.046946,0.021591,0.038993,0.015121,0.000000,3.199884,0.006609,0.000128,0.000000
20495.0,1.047198,1.046945,0.011551,0.038993,0.015142,0.000000,3.199885,0.009318,0.000000,0.000000
20500.0,1.047198,1.046943,0.004634,0.038993,0.015256,0.000000,3.199887,0.006474,0.000000,0.000000
20505.0,1.047198,1.046943,0.009789,0.038993,0.015249,0.000000,3.199885,0.001078,0.000862,0.000000
20510.0,1.047198,1.046945,0.013898,0.038993,0.015135,0.000000,3.199885,-0.009240,-0.000862,0.000000
20515.0,1.047198,1.047058,0.190876,0.030466,0.008390,0.000000,3.199882,-0.010310,-0.000128,0.000000
20520.0,1.047198,1.047313,0.047423,0.033820,-0.006924,0.000000,3.199882,-0.006509,-0.000128,0.000000
20525.0,1.047198,1.047329,0.015030,0.036549,-0.007861,0.000000,3.199879,-0.021753,-0.000128,0.000000
20530.0,1.047198,1.047329,0.020645,0.037173,-0.007904,0.000000,3.199884,0.028484,0.000862,0.000000
20535.0,1.047198,1.047330,0.014154,0.036264,-0.007954,0.000000,3.199886,0.008670,-0.000128,0.000000
20540.0,1.047198,1.047326,-0.001708,0.036549,-0.007710,0.000000,3.199888,0.017204,0.000000,0.000000
20545.0,1.047198,1.047214,-0.195487,0.046610,-0.001001,0.000000,3.199887,0.002924,0.000000,0.000000
20550.0,1.047198,1.046955,-0.038538,0.042346,0.014527,0.000000,3.199884,-0.001971,0.000128,0.000000
20555.0,1.047198,1.046941,-0.005527,0.039903,0.015378,0.000000,3.199881,-0.011345,0.000000,0.000000
20560.0,1.047198,1.046941,0.005886,0.039903,0.015414,0.000000,3.199883,-0.002020,0.000000,0.000000
20565.0,1.047198,1.046940,-0.021114,0.040527,0.015464,0.000000,3.199883,0.000672,0.000128,0.000000
20570.0,1.047198,1.047300,0.062816,0.033195,-0.006173,0.000000,3.199883,-0.003869,0.000000,0.000000
20575.0,1.047198,1.047325,0.032178,0.035354,-0.007675,0.000000,3.199883,0.002305,0.000000,0.000000
20580.0,1.047198,1.047328,0.016568,0.037458,-0.007825,0.000000,3.199885,0.017461,0.000862,0.000000
20585.0,1.047198,1.047328,0.010533,0.036549,-0.007811,0.000000,3.199888,0.037153,-0.000862,0.000000
20590.0,1.047198,1.047327,-0.004314,0.036264,-0.007761,0.000000,3.199889,0.027756,0.000990,0.000000
20595.0,1.047198,1.047326,0.001969,0.036549,-0.007689,0.000000,3.199887,-0.006588,-0.000862,0.000000
20600.0,1.047198,1.047328,0.004063,0.036549,-0.007803,0.000000,3.199879,-0.022824,0.000000,0.000000
20605.0,1.047198,1.047326,-0.006379,0.036264,-0.007710,0.000000,3.199878,-0.027506,0.000000,0.000000
20610.0,1.047198,1.047326,0.001123,0.036549,-0.007689,0.000000,3.199883,0.006996,0.000128,0.000000
20615.0,1.047198,1.047325,0.010934,0.035639,-0.007646,0.000000,3.199885,0.007186,-0.000862,0.000000
20620.0,1.047198,1.047326,-0.001011,0.036549,-0.007703,0.000000,3.199881,-0.025587,-0.000862,0.000000
20625.0,1.047198,1.047325,-0.011023,0.037458,-0.007625,0.000000,3.199882,-0.012858,0.000000,0.000000
20630.0,1.047198,1.047324,0.011049,0.038083,-0.007610,0.000000,3.199884,0.006525,0.000000,0.000000
20635.0,1.047198,1.047325,-0.005653,0.037173,-0.007639,0.000000,3.199886,0.008298,0.000000,0.000000
20640.0,1.047198,1.047325,-0.004034,0.037173,-0.007639,0.000000,3.199886,0.008423,0.000000,0.000000
20645.0,1.047198,1.047324,0.001065,0.036549,-0.007603,0.000000,3.199887,0.003757,0.000128,0.000000
20650.0,1.047198,1.047323,-0.018521,0.036264,-0.007532,0.000000,3.199887,0.024722,0.000000,0.000000
20655.0,1.047198,1.047325,-0.001431,0.036549,-0.007675,0.000000,3.199890,0.025242,0.000000,0.000000
20660.0,1.047198,1.047326,0.015208,0.037458,-0.007689,0.000000,3.199888,0.003280,0.000000,0.000000
20665.0,1.047198,1.047326,0.003612,0.036264,-0.007725,0.000000,3.199884,-0.012051,0.000128,0.000000
20670.0,1.047198,1.047325,-0.013183,0.035639,-0.007632,0.000000,3.199880,-0.018161,0.000000,0.000000
20675.0,1.047198,1.047323,-0.005805,0.037173,-0.007517,0.000000,3.199879,-0.017612,0.000000,0.000000
20680.0,1.047198,1.047324,-0.005719,0.036549,-0.007575,0.000000,3.199880,-0.017512,0.000000,0.000000
20685.0,1.047198,1.047324,-0.008514,0.036549,-0.007560,0.000000,3.199881,-0.004855,-0.000734,0.000000
20690.0,1.047198,1.047324,-0.022809,0.036264,-0.007589,0.000000,3.199882,-0.002442,-0.000128,0.000000
20695.0,1.047198,1.047325,-0.005122,0.036549,-0.007639,0.000000,3.199887,0.017676,0.000000,0.000000
20700.0,1.047198,1.047323,-0.010127,0.036264,-0.007553,0.000000,3.199888,0.011357,0.000000,0.000000
20705.0,1.047198,1.047325,0.008869,0.035639,-0.007653,0.000000,3.199886,-0.006905,0.000128,0.000000
20710.0,1.047198,1.047325,-0.000176,0.036264,-0.007639,0.000000,3.199883,0.007088,0.000862,0.000000
20715.0,1.047198,1.047324,-0.012662,0.037173,-0.007603,0.000000,3.199883,-0.004909,0.000734,0.000000
20720.0,1.047198,1.047324,-0.006412,0.036264,-0.007575,0.000000,3.199881,-0.006408,0.000128,0.000000
20725.0,1.047198,1.047324,0.001124,0.036264,-0.007582,0.000000,3.199883,0.004037,0.000128,0.000000
20730.0,1.047198,1.047325,-0.004369,0.036264,-0.007632,0.000000,3.199886,0.021675,0.000862,0.000000
20735.0,1.047198,1.047325,0.001779,0.035639,-0.007653,0.000000,3.199887,0.006374,-0.000128,0.000000
20740.0,1.047198,1.047323,-0.002469,0.037458,-0.007532,0.000000,3.199885,0.001525,0.000000,0.000000
20745.0,1.047198,1.047324,-0.014459,0.035354,-0.007582,0.000000,3.199884,-0.000006,0.000000,0.000000
20750.0,1.047198,1.047323,-0.009370,0.035639,-0.007524,0.000000,3.199884,0.000234,0.000000,0.000000
20755.0,1.047198,1.047326,0.010755,0.035354,-0.007689,0.000000,3.199883,-0.009063,0.000000,0.000000
20760.0,1.047198,1.047325,-0.005411,0.035639,-0.007668,0.000000,3.199882,-0.005412,0.000000,0.000000
20765.0,1.047198,1.047324,-0.010830,0.035639,-0.007603,0.000000,3.199881,-0.015434,0.000000,0.000000
20770.0,1.047198,1.047326,-0.006263,0.035639,-0.007703,0.000000,3.199889,0.026424,0.000000,0.000000
20775.0,1.047198,1.047324,-0.001000,0.036549,-0.007575,0.000000,3.199889,0.010650,0.000862,0.000000
20780.0,1.047198,1.047324,-0.012344,0.035639,-0.007596,0.000000,3.199884,-0.007401,0.000000,0.000000
20785.0,1.047198,1.047325,-0.005021,0.035354,-0.007639,0.000000,3.199882,-0.010940,0.000000,0.000000
20790.0,1.047198,1.047325,0.004300,0.035639,-0.007653,0.000000,3.199881,-0.006932,0.000000,0.000000
20795.0,1.047198,1.047324,0.004373,0.034729,-0.007596,0.000000,3.199882,-0.002461,0.000128,0.000000
20800.0,1.047198,1.047324,-0.000844,0.035979,-0.007603,0.000000,3.199886,-0.001589,-0.000862,0.000000
20805.0,1.047198,1.047324,0.001163,0.035639,-0.007567,0.000000,3.199884,-0.001653,0.000000,0.000000
20810.0,1.047198,1.047325,-0.004432,0.034729,-0.007668,0.000000,3.199882,-0.011020,0.000000,0.000000
20815.0,1.047198,1.047325,0.012199,0.035639,-0.007632,0.000000,3.199883,0.010047,-0.000734,0.000000
20820.0,1.047198,1.047324,-0.012929,0.035639,-0.007589,0.000000,3.199883,-0.009448,-0.000734,0.000000
20825.0,1.047198,1.047326,0.004697,0.034729,-0.007689,0.000000,3.199883,-0.003467,0.000128,0.000000
20830.0,1.047198,1.047324,-0.004417,0.035639,-0.007589,0.000000,3.199887,0.030974,0.000000,0.000000
20835.0,1.047198,1.047323,-0.006203,0.035639,-0.007539,0.000000,3.199890,0.018107,0.000000,0.000000
20840.0,1.047198,1.047326,0.008335,0.035639,-0.007725,0.000000,3.199884,-0.011524,0.000000,0.000000
20845.0,1.047198,1.047324,-0.004719,0.036549,-0.007589,0.000000,3.199882,-0.009560,0.000000,0.000000
20850.0,1.047198,1.047325,-0.002609,0.035639,-0.007632,0.000000,3.199882,-0.007000,0.000000,0.000000
20855.0,1.047198,1.047324,-0.003343,0.035639,-0.007603,0.000000,3.199886,0.005211,-0.000128,0.000000
20860.0,1.047198,1.047325,-0.002005,0.035639,-0.007646,0.000000,3.199884,-0.003453,0.000000,0.000000
20865.0,1.047198,1.047325,-0.006572,0.035354,-0.007639,0.000000,3.199884,0.008680,0.000000,0.000000
20870.0,1.047198,1.047324,-0.011596,0.035354,-0.007567,0.000000,3.199880,-0.028255,0.000128,0.000000
20875.0,1.047198,1.047326,-0.004725,0.034729,-0.007696,0.000000,3.199879,-0.014661,0.000000,0.000000
20880.0,1.047198,1.047325,0.007750,0.035639,-0.007625,0.000000,3.199883,-0.000114,0.000000,0.000000
20885.0,1.047198,1.047325,-0.005894,0.035639,-0.007625,0.000000,3.199886,0.020416,0.000000,0.000000
20890.0,1.047198,1.047324,-0.009960,0.035354,-0.007575,0.000000,3.199888,0.019486,0.000000,0.000000
20895.0,1.047198,1.047324,-0.002040,0.035639,-0.007575,0.000000,3.199888,0.005446,-0.000990,0.000000
20900.0,1.047198,1.046985,-0.089851,0.043257,0.012753,0.000000,3.199880,-0.019745,0.000000,0.000000
20905.0,1.047198,1.046943,-0.026001,0.038083,0.015292,0.000000,3.199881,-0.002273,0.000000,0.000000
20910.0,1.047198,1.046939,-0.002701,0.038993,0.015500,0.000000,3.199886,0.019709,0.000000,0.000000
20915.0,1.047198,1.046939,-0.011897,0.038083,0.015500,0.000000,3.199888,0.027225,-0.000862,0.000000
20920.0,1.047198,1.046940,-0.015705,0.037173,0.015457,0.000000,3.199884,-0.004688,0.000128,0.000000
20925.0,1.047198,1.047144,0.185516,0.029272,0.003211,0.000000,3.199885,0.011193,-0.000128,0.000000
20930.0,1.047198,1.047317,0.028284,0.033820,-0.007174,0.000000,3.199888,0.006435,-0.000862,0.000000
20935.0,1.047198,1.047327,0.023056,0.034729,-0.007775,0.000000,3.199884,-0.018291,0.000000,0.000000
20940.0,1.047198,1.047330,0.022732,0.035639,-0.007925,0.000000,3.199881,-0.000600,0.000862,0.000000
20945.0,1.047198,1.047328,0.004139,0.035639,-0.007818,0.000000,3.199883,0.002654,-0.000128,0.000000
20950.0,1.047198,1.047326,0.007996,0.036549,-0.007718,0.000000,3.199884,-0.000615,0.000000,0.000000
20955.0,1.047198,1.047122,-0.204811,0.043879,0.004513,0.000000,3.199882,-0.008321,0.000000,0.000000
20960.0,1.047198,1.046950,-0.024382,0.039280,0.014842,0.000000,3.199884,0.008575,0.000000,0.000000
20965.0,1.047198,1.046942,-0.009691,0.038083,0.015357,0.000000,3.199886,0.016968,0.000000,0.000000
20970.0,1.047198,1.046940,-0.006194,0.038083,0.015428,0.000000,3.199887,-0.009640,-0.000862,0.000000
20975.0,1.047198,1.046939,-0.001586,0.038993,0.015492,0.000000,3.199884,-0.004174,-0.000128,0.000000
20980.0,1.047198,1.046941,-0.001625,0.038083,0.015421,0.000000,3.199884,0.002423,0.000256,0.000000
20985.0,1.047198,1.046942,0.007611,0.038083,0.015342,0.000000,3.199883,-0.016312,0.000000,0.000000
20990.0,1.047198,1.047211,0.166349,0.027738,-0.000780,0.000000,3.199881,-0.007586,0.000128,0.000000
20995.0,1.047198,1.047313,0.054309,0.033820,-0.006902,0.000000,3.199885,0.020850,0.000000,0.000000
21000.0,1.047198,1.047329,0.025136,0.035639,-0.007904,0.000000,3.199887,0.005618,0.000000,0.000000
21005.0,1.047198,1.047328,0.004683,0.036549,-0.007854,0.000000,3.199881,-0.023560,0.000000,0.000000
21010.0,1.047198,1.047327,-0.000107,0.035354,-0.007782,0.000000,3.199880,-0.008145,0.000000,0.000000
21015.0,1.047198,1.047327,0.002862,0.035354,-0.007753,0.000000,3.199882,-0.001966,0.000000,0.000000
21020.0,1.047198,1.047327,0.008340,0.035639,-0.007768,0.000000,3.199885,0.010178,0.000128,0.000000
21025.0,1.047198,1.047327,-0.006974,0.036549,-0.007768,0.000000,3.199882,-0.029742,0.000000,0.000000
21030.0,1.047198,1.047122,-0.199753,0.045077,0.004535,0.000000,3.199882,0.009254,0.000000,0.000000
21035.0,1.047198,1.046967,-0.073626,0.040813,0.013862,0.000000,3.199886,0.016738,0.000000,0.000000
21040.0,1.047198,1.046940,-0.007579,0.038993,0.015435,0.000000,3.199888,0.001653,-0.000862,0.000000
21045.0,1.047198,1.046940,-0.006141,0.038993,0.015464,0.000000,3.199887,0.007812,0.000000,0.000000
21050.0,1.047198,1.046940,0.005808,0.039903,0.015464,0.000000,3.199885,-0.000284,0.000000,0.000000
21055.0,1.047198,1.046941,-0.009779,0.038083,0.015407,0.000000,3.199884,-0.002848,0.000000,0.000000
21060.0,1.047198,1.046941,0.002573,0.038993,0.015378,0.000000,3.199880,-0.017389,-0.000128,0.000000
21065.0,1.047198,1.047145,0.193817,0.030751,0.003183,0.000000,3.199881,-0.003376,0.000000,0.000000
21070.0,1.047198,1.047318,0.038334,0.034729,-0.007246,0.000000,3.199886,0.009802,-0.000862,0.000000
21075.0,1.047198,1.047327,0.010055,0.035354,-0.007761,0.000000,3.199888,0.019558,0.000862,0.000000
21080.0,1.047198,1.047329,0.015431,0.035639,-0.007904,0.000000,3.199884,-0.018251,-0.000862,0.000000
21085.0,1.047198,1.047328,0.009708,0.035639,-0.007854,0.000000,3.199882,0.001935,0.000000,0.000000
21090.0,1.047198,1.047328,0.005481,0.035639,-0.007811,0.000000,3.199886,-0.003615,-0.000862,0.000000
21095.0,1.047198,1.047327,0.001973,0.035639,-0.007753,0.000000,3.199882,-0.000362,0.000000,0.000000
21100.0,1.047198,1.047326,-0.000159,0.035639,-0.007703,0.000000,3.199885,0.016812,0.000862,0.000000
21105.0,1.047198,1.047058,-0.175495,0.045077,0.008383,0.000000,3.199887,0.012413,0.000128,0.000000
21110.0,1.047198,1.046945,-0.013815,0.039903,0.015171,0.000000,3.199886,-0.000332,0.000000,0.000000
21115.0,1.047198,1.046940,-0.019252,0.038993,0.015457,0.000000,3.199884,-0.004240,0.000000,0.000000
21120.0,1.047198,1.046941,0.007152,0.038993,0.015421,0.000000,3.199882,-0.008330,0.000000,0.000000
21125.0,1.047198,1.046940,-0.016228,0.038992,0.015442,0.000000,3.199880,-0.014099,0.000000,0.000000
21130.0,1.047198,1.047300,0.078597,0.034105,-0.006130,0.000000,3.199883,0.013667,0.000862,0.000000
21135.0,1.047198,1.047324,0.004276,0.036264,-0.007589,0.000000,3.199886,0.011294,0.000000,0.000000
21140.0,1.047198,1.047329,0.013736,0.035639,-0.007861,0.000000,3.199885,0.000727,0.000000,0.000000
21145.0,1.047198,1.047328,0.007721,0.035354,-0.007846,0.000000,3.199883,-0.011652,0.000128,0.000000
21150.0,1.047198,1.047327,0.001972,0.035354,-0.007739,0.000000,3.199882,-0.004153,0.000000,0.000000
21155.0,1.047198,1.047326,0.007874,0.036549,-0.007718,0.000000,3.199885,-0.003508,0.000000,0.000000
21160.0,1.047198,1.047325,-0.011995,0.035354,-0.007675,0.000000,3.199884,-0.001125,0.000000,0.000000
21165.0,1.047198,1.047326,-0.002553,0.035639,-0.007696,0.000000,3.199884,-0.000851,0.000000,0.000000
21170.0,1.047198,1.047325,-0.007210,0.035639,-0.007639,0.000000,3.199880,-0.019108,-0.000128,0.000000
21175.0,1.047198,1.047121,-0.189589,0.045077,0.004570,0.000000,3.199880,-0.006508,0.000128,0.000000
21180.0,1.047198,1.046949,-0.038663,0.038993,0.014913,0.000000,3.199886,0.011002,-0.000862,0.000000
21185.0,1.047198,1.046940,-0.009233,0.038993,0.015478,0.000000,3.199885,0.004523,0.000000,0.000000
21190.0,1.047198,1.046940,0.002743,0.038993,0.015478,0.000000,3.199890,0.021206,0.000000,0.000000
21195.0,1.047198,1.046941,0.003717,0.038083,0.015414,0.000000,3.199885,-0.027852,-0.000128,0.000000
21200.0,1.047198,1.047145,0.193192,0.029557,0.003176,0.000000,3.199881,-0.004673,0.000000,0.000000
21205.0,1.047198,1.047300,0.060183,0.035014,-0.006173,0.000000,3.199884,0.016691,0.000734,0.000000
21210.0,1.047198,1.047327,0.010249,0.035639,-0.007775,0.000000,3.199885,0.000062,0.000000,0.000000
21215.0,1.047198,1.047329,0.017926,0.035639,-0.007868,0.000000,3.199883,-0.009957,0.000000,0.000000
21220.0,1.047198,1.047327,-0.005345,0.035354,-0.007761,0.000000,3.199880,-0.022453,-0.000128,0.000000
21225.0,1.047198,1.047326,0.005507,0.035354,-0.007718,0.000000,3.199882,0.003800,0.000000,0.000000
21230.0,1.047198,1.047327,0.012588,0.035639,-0.007761,0.000000,3.199887,0.015314,0.000000,0.000000
21235.0,1.047198,1.047327,0.003463,0.035354,-0.007789,0.000000,3.199889,0.025498,-0.000128,0.000000
21240.0,1.047198,1.047326,-0.004428,0.034729,-0.007689,0.000000,3.199887,0.003420,0.000128,0.000000
21245.0,1.047198,1.047325,-0.006366,0.036264,-0.007625,0.000000,3.199881,-0.029304,0.000000,0.000000
21250.0,1.047198,1.047327,0.006172,0.035639,-0.007746,0.000000,3.199881,-0.012179,0.000000,0.000000
21255.0,1.047198,1.047324,-0.000554,0.036264,-0.007589,0.000000,3.199882,-0.000919,-0.000606,0.000000
21260.0,1.047198,1.047326,0.004633,0.035639,-0.007710,0.000000,3.199888,0.016523,0.000128,0.000000
21265.0,1.047198,1.047324,-0.015257,0.034729,-0.007603,0.000000,3.199888,0.008290,0.000128,0.000000
21270.0,1.047198,1.047325,0.002530,0.035639,-0.007660,0.000000,3.199885,-0.003920,0.000000,0.000000
21275.0,1.047198,1.047324,0.006467,0.035639,-0.007610,0.000000,3.199883,-0.006757,0.000000,0.000000
21280.0,1.047198,1.047326,-0.011519,0.034729,-0.007682,0.000000,3.199884,0.002607,0.000000,0.000000
21285.0,1.047198,1.047324,-0.001338,0.035354,-0.007567,0.000000,3.199883,-0.012609,0.000128,0.000000
21290.0,1.047198,1.047325,-0.000379,0.035639,-0.007625,0.000000,3.199884,0.001547,-0.000128,0.000000
21295.0,1.047198,1.047324,-0.012305,0.036264,-0.007603,0.000000,3.199884,-0.002177,0.000000,0.000000
21300.0,1.047198,1.047325,-0.002745,0.035639,-0.007617,0.000000,3.199884,-0.002688,0.000000,0.000000
21305.0,1.047198,1.047325,0.006448,0.035639,-0.007675,0.000000,3.199884,0.011698,0.000000,0.000000
21310.0,1.047198,1.047325,0.001673,0.035639,-0.007617,0.000000,3.199885,-0.009985,-0.000862,0.000000
21315.0,1.047198,1.047325,-0.003297,0.035354,-0.007660,0.000000,3.199883,-0.006673,0.000000,0.000000
21320.0,1.047198,1.047323,-0.010423,0.035354,-0.007553,0.000000,3.199883,-0.000690,0.000128,0.000000
21325.0,1.047198,1.047122,-0.181370,0.043257,0.004549,0.000000,3.199883,-0.000149,0.000990,0.000000
21330.0,1.047198,1.046948,-0.032018,0.039903,0.014949,0.000000,3.199885,-0.018707,-0.001724,0.000000
21335.0,1.047198,1.046940,-0.013012,0.038083,0.015428,0.000000,3.199882,-0.001411,0.000128,0.000000
21340.0,1.047198,1.046940,-0.001966,0.038083,0.015478,0.000000,3.199885,0.006165,0.000000,0.000000
21345.0,1.047198,1.046940,-0.011717,0.038993,0.015457,0.000000,3.199885,0.000518,-0.000128,0.000000
21350.0,1.047198,1.047209,0.179260,0.029557,-0.000679,0.000000,3.199885,0.025954,0.001852,0.000000
21355.0,1.047198,1.047312,0.049878,0.033820,-0.006859,0.000000,3.199886,0.009437,-0.000128,0.000000
21360.0,1.047198,1.047328,0.012764,0.035354,-0.007818,0.000000,3.199883,-0.010561,0.000000,0.000000
21365.0,1.047198,1.047327,0.001564,0.035354,-0.007789,0.000000,3.199881,-0.009018,0.000000,0.000000
21370.0,1.047198,1.047327,0.010173,0.036264,-0.007739,0.000000,3.199881,-0.006835,0.000000,0.000000
21375.0,1.047198,1.047327,0.009216,0.035639,-0.007768,0.000000,3.199881,-0.006249,0.000734,0.000000
21380.0,1.047198,1.047327,0.005854,0.035639,-0.007746,0.000000,3.199884,0.006398,0.000000,0.000000
21385.0,1.047198,1.047324,-0.007992,0.035639,-0.007603,0.000000,3.199886,0.009780,0.000000,0.000000
21390.0,1.047198,1.046985,-0.088251,0.042346,0.012767,0.000000,3.199890,0.020544,0.000000,0.000000
21395.0,1.047198,1.046944,-0.016339,0.038083,0.015185,0.000000,3.199888,0.006195,0.000000,0.000000
21400.0,1.047198,1.046939,-0.009576,0.038993,0.015535,0.000000,3.199885,0.002536,0.000000,0.000000
21405.0,1.047198,1.046940,-0.006027,0.038083,0.015442,0.000000,3.199882,-0.020608,0.000000,0.000000
21410.0,1.047198,1.046941,-0.007771,0.038083,0.015407,0.000000,3.199880,-0.012689,0.000000,0.000000
21415.0,1.047198,1.046941,-0.002749,0.038083,0.015392,0.000000,3.199883,0.006617,-0.000128,0.000000
21420.0,1.047198,1.047145,0.190566,0.027738,0.003126,0.000000,3.199885,0.006174,0.000128,0.000000
21425.0,1.047198,1.047300,0.060024,0.033820,-0.006166,0.000000,3.199885,0.001579,0.000128,0.000000
21430.0,1.047198,1.047329,0.017363,0.035354,-0.007868,0.000000,3.199878,-0.040496,-0.000862,0.000000
21435.0,1.047198,1.047329,0.008263,0.035639,-0.007911,0.000000,3.199878,-0.013708,0.001724,0.000000
21440.0,1.047198,1.047329,0.012522,0.034729,-0.007889,0.000000,3.199888,0.023438,0.000000,0.000000
21445.0,1.047198,1.047327,-0.009377,0.036264,-0.007775,0.000000,3.199889,0.016231,0.000000,0.000000
21450.0,1.047198,1.047327,0.014480,0.035639,-0.007739,0.000000,3.199886,0.002934,0.000000,0.000000
21455.0,1.047198,1.047326,0.005884,0.034729,-0.007725,0.000000,3.199884,-0.000806,0.000128,0.000000
21460.0,1.047198,1.047213,-0.185583,0.035640,-0.000916,0.000000,3.199886,0.016512,0.000862,0.000000
21465.0,1.047198,1.046985,-0.082152,0.040526,0.012774,0.000000,3.199886,0.001321,-0.000862,0.000000
21470.0,1.047198,1.046940,-0.029244,0.038083,0.015442,0.000000,3.199883,-0.005640,0.000000,0.000000
21475.0,1.047198,1.046940,0.007780,0.038083,0.015457,0.000000,3.199882,-0.013573,0.000000,0.000000
21480.0,1.047198,1.046939,0.000133,0.039280,0.015528,0.000000,3.199878,-0.025359,0.000000,0.000000
21485.0,1.047198,1.046940,-0.000910,0.038993,0.015464,0.000000,3.199879,-0.012066,0.000000,0.000000
21490.0,1.047198,1.046940,-0.013003,0.038993,0.015428,0.000000,3.199883,0.002292,-0.000128,0.000000
21495.0,1.047198,1.047146,0.215324,0.029842,0.003097,0.000000,3.199884,-0.003625,-0.000862,0.000000
21500.0,1.047198,1.047318,0.026998,0.034729,-0.007246,0.000000,3.199883,0.002676,-0.000128,0.000000
21505.0,1.047198,1.047328,0.023668,0.035354,-0.007854,0.000000,3.199885,0.011156,0.000000,0.000000
21510.0,1.047198,1.047328,0.004853,0.035639,-0.007803,0.000000,3.199886,0.006157,0.000000,0.000000
21515.0,1.047198,1.047328,0.008007,0.035639,-0.007796,0.000000,3.199886,0.008360,0.000000,0.000000
21520.0,1.047198,1.047327,0.001112,0.035354,-0.007768,0.000000,3.199886,-0.003903,-0.000734,0.000000
21525.0,1.047198,1.047326,0.008444,0.035639,-0.007725,0.000000,3.199889,0.028094,-0.000862,0.000000
21530.0,1.047198,1.047327,-0.007040,0.034729,-0.007761,0.000000,3.199887,-0.001240,0.000000,0.000000
21535.0,1.047198,1.047325,-0.004139,0.035639,-0.007639,0.000000,3.199884,-0.018116,-0.000862,0.000000
21540.0,1.047198,1.047325,0.005400,0.036264,-0.007668,0.000000,3.199878,-0.024279,0.000000,0.000000
21545.0,1.047198,1.047327,0.005625,0.035639,-0.007739,0.000000,3.199878,-0.022771,0.000000,0.000000
21550.0,1.047198,1.047324,-0.009201,0.035354,-0.007596,0.000000,3.199884,0.007975,0.000000,0.000000
21555.0,1.047198,1.047013,-0.137164,0.042346,0.011094,0.000000,3.199886,0.011053,0.000000,0.000000
21560.0,1.047198,1.046943,-0.010853,0.038993,0.015285,0.000000,3.199887,0.009881,0.000000,0.000000
21565.0,1.047198,1.046939,-0.028294,0.038993,0.015521,0.000000,3.199886,0.003854,0.000000,0.000000
21570.0,1.047198,1.046940,-0.011910,0.038083,0.015428,0.000000,3.199884,-0.002657,0.000000,0.000000
21575.0,1.047198,1.047144,0.184377,0.030181,0.003240,0.000000,3.199879,-0.028571,0.000000,0.000000
21580.0,1.047198,1.047317,0.036900,0.034729,-0.007167,0.000000,3.199880,-0.002472,0.000000,0.000000
21585.0,1.047198,1.047326,0.002710,0.035639,-0.007710,0.000000,3.199885,0.018359,0.000000,0.000000
21590.0,1.047198,1.047328,0.014514,0.035639,-0.007839,0.000000,3.199886,0.005984,0.000000,0.000000
21595.0,1.047198,1.047328,0.005585,0.035639,-0.007803,0.000000,3.199886,0.005062,0.000000,0.000000
21600.0,1.047198,1.047327,0.001581,0.035354,-0.007761,0.000000,3.199885,0.002676,0.000000,0.000000
21605.0,1.047198,1.047326,0.005964,0.035639,-0.007710,0.000000,3.199885,0.002849,0.000128,0.000000
21610.0,1.047198,1.047326,0.012533,0.036264,-0.007710,0.000000,3.199885,-0.001507,-0.000128,0.000000
21615.0,1.047198,1.047326,-0.001604,0.035639,-0.007682,0.000000,3.199883,-0.004165,0.000000,0.000000
21620.0,1.047198,1.047327,0.002635,0.035639,-0.007746,0.000000,3.199885,0.010478,0.000000,0.000000
21625.0,1.047198,1.047325,-0.003736,0.035639,-0.007675,0.000000,3.199886,0.004978,0.000000,0.000000
21630.0,1.047198,1.047325,0.000507,0.035639,-0.007639,0.000000,3.199886,0.006551,-0.000128,0.000000
21635.0,1.047198,1.047324,-0.014940,0.036549,-0.007603,0.000000,3.199885,-0.001115,0.001724,0.000000
21640.0,1.047198,1.047326,0.001241,0.035354,-0.007696,0.000000,3.199887,0.003058,-0.000128,0.000000
21645.0,1.047198,1.047324,-0.003847,0.035639,-0.007603,0.000000,3.199883,-0.009729,0.000000,0.000000
21650.0,1.047198,1.047325,-0.011987,0.033820,-0.007675,0.000000,3.199880,-0.021295,0.000000,0.000000
21655.0,1.047198,1.047324,0.010043,0.034729,-0.007610,0.000000,3.199879,-0.017621,0.000128,0.000000
21660.0,1.047198,1.047326,0.003206,0.035639,-0.007682,0.000000,3.199882,-0.002790,0.000000,0.000000
21665.0,1.047198,1.047325,-0.013691,0.035639,-0.007653,0.000000,3.199884,0.000962,0.000000,0.000000
21670.0,1.047198,1.047323,-0.012597,0.036264,-0.007503,0.000000,3.199888,0.012940,-0.000734,0.000000
21675.0,1.047198,1.047325,-0.000713,0.035014,-0.007660,0.000000,3.199884,-0.010141,0.000000,0.000000
21680.0,1.047198,1.047324,-0.000245,0.035639,-0.007596,0.000000,3.199883,-0.004978,0.000000,0.000000
21685.0,1.047198,1.047325,-0.000476,0.035354,-0.007653,0.000000,3.199888,0.026523,0.000128,0.000000
21690.0,1.047198,1.047324,-0.002803,0.035639,-0.007596,0.000000,3.199885,-0.010941,-0.000128,0.000000
21695.0,1.047198,1.047323,-0.006747,0.035639,-0.007553,0.000000,3.199882,-0.012039,0.000000,0.000000
21700.0,1.047198,1.047325,0.000451,0.035354,-0.007639,0.000000,3.199881,-0.007517,0.000000,0.000000
21705.0,1.047198,1.047324,-0.007148,0.035639,-0.007596,0.000000,3.199880,-0.014977,-0.000862,0.000000
21710.0,1.047198,1.047323,-0.025472,0.034160,-0.007553,0.000000,3.199881,-0.003159,0.000000,0.000000
21715.0,1.047198,1.047325,0.013741,0.034729,-0.007675,0.000000,3.199888,0.031662,-0.000862,0.000000
21720.0,1.047198,1.047325,-0.006130,0.034729,-0.007632,0.000000,3.199888,0.009563,0.000000,0.000000
21725.0,1.047198,1.047324,-0.012402,0.035639,-0.007560,0.000000,3.199886,0.003868,0.000000,0.000000
21730.0,1.047198,1.047325,-0.005376,0.034729,-0.007639,0.000000,3.199884,-0.003049,0.000000,0.000000
21735.0,1.047198,1.047324,0.005685,0.034445,-0.007582,0.000000,3.199883,-0.003982,0.000000,0.000000
21740.0,1.047198,1.047324,-0.006881,0.035354,-0.007589,0.000000,3.199883,-0.002671,0.000000,0.000000
21745.0,1.047198,1.047325,0.002019,0.034729,-0.007653,0.000000,3.199883,-0.013698,-0.000862,0.000000
21750.0,1.047198,1.047325,0.007596,0.035639,-0.007625,0.000000,3.199883,0.001455,0.000128,0.000000
21755.0,1.047198,1.047325,-0.001910,0.034729,-0.007660,0.000000,3.199884,0.004326,0.000000,0.000000
21760.0,1.047198,1.047325,0.000060,0.035639,-0.007639,0.000000,3.199885,0.007295,0.000000,0.000000
21765.0,1.047198,1.047323,-0.017912,0.036549,-0.007524,0.000000,3.199885,0.004861,0.000862,0.000000
21770.0,1.047198,1.047325,-0.000968,0.034445,-0.007632,0.000000,3.199887,0.018218,0.000990,0.000000
21775.0,1.047198,1.047324,0.002003,0.034729,-0.007610,0.000000,3.199889,0.016104,-0.000990,0.000000
21780.0,1.047198,1.047325,0.010750,0.035639,-0.007639,0.000000,3.199884,-0.004217,0.000000,0.000000
21785.0,1.047198,1.047326,-0.015787,0.035354,-0.007682,0.000000,3.199880,-0.019353,0.000128,0.000000
21790.0,1.047198,1.047324,-0.001879,0.034729,-0.007589,0.000000,3.199878,-0.029939,0.000000,0.000000
21795.0,1.047198,1.047324,-0.008729,0.034729,-0.007610,0.000000,3.199878,-0.007505,0.000000,0.000000
21800.0,1.047198,1.047325,-0.007105,0.034445,-0.007639,0.000000,3.199884,0.004505,-0.000128,0.000000
21805.0,1.047198,1.047325,0.001629,0.034729,-0.007675,0.000000,3.199885,0.006031,0.000862,0.000000
21810.0,1.047198,1.047325,-0.006039,0.034729,-0.007625,0.000000,3.199886,0.012158,0.000990,0.000000
21815.0,1.047198,1.047324,-0.006659,0.034729,-0.007575,0.000000,3.199887,-0.008369,0.001596,0.000000
21820.0,1.047198,1.047324,0.010366,0.035639,-0.007596,0.000000,3.199884,-0.006625,0.000000,0.000000
21825.0,1.047198,1.047324,-0.003227,0.034729,-0.007603,0.000000,3.199885,0.003236,0.000000,0.000000
21830.0,1.047198,1.047325,0.007149,0.034729,-0.007632,0.000000,3.199884,-0.000937,0.000000,0.000000
21835.0,1.047198,1.047325,-0.002963,0.034729,-0.007625,0.000000,3.199881,-0.013601,0.000000,0.000000
21840.0,1.047198,1.047325,0.003733,0.035639,-0.007632,0.000000,3.199881,-0.001341,0.000862,0.000000
21845.0,1.047198,1.047120,-0.211255,0.043257,0.004628,0.000000,3.199886,0.015822,0.000000,0.000000
21850.0,1.047198,1.046948,-0.037260,0.038083,0.014963,0.000000,3.199887,0.006892,0.000128,0.000000
21855.0,1.047198,1.046940,-0.019614,0.037173,0.015457,0.000000,3.199885,-0.000437,0.000862,0.000000
21860.0,1.047198,1.046937,-0.029069,0.037173,0.015643,0.000000,3.199884,-0.013981,0.000000,0.000000
21865.0,1.047198,1.046939,-0.001426,0.037173,0.015521,0.000000,3.199882,-0.011300,-0.000862,0.000000
21870.0,1.047198,1.046941,-0.006351,0.037173,0.015414,0.000000,3.199884,0.000723,0.000000,0.000000
21875.0,1.047198,1.046941,0.007790,0.037173,0.015407,0.000000,3.199882,-0.009204,0.000000,0.000000
21880.0,1.047198,1.047300,0.053111,0.031091,-0.006137,0.000000,3.199883,0.023121,0.001596,0.000000
21885.0,1.047198,1.047325,0.021463,0.034729,-0.007625,0.000000,3.199888,0.031762,0.000000,0.000000
21890.0,1.047198,1.047329,-0.004359,0.032910,-0.007904,0.000000,3.199888,-0.008406,-0.000862,0.000000
21895.0,1.047198,1.047328,0.001649,0.034729,-0.007854,0.000000,3.199879,-0.025854,0.000000,0.000000
21900.0,1.047198,1.047328,0.008724,0.035354,-0.007825,0.000000,3.199880,0.000568,0.000000,0.000000
21905.0,1.047198,1.047327,-0.002164,0.034729,-0.007775,0.000000,3.199884,0.006408,0.000000,0.000000
21910.0,1.047198,1.047014,-0.130224,0.043257,0.010993,0.000000,3.199882,-0.005884,0.000000,0.000000
21915.0,1.047198,1.046949,-0.028349,0.038083,0.014892,0.000000,3.199883,0.002822,0.000000,0.000000
21920.0,1.047198,1.046940,-0.011925,0.037173,0.015428,0.000000,3.199888,0.033919,0.000000,0.000000
21925.0,1.047198,1.046940,-0.007851,0.037173,0.015450,0.000000,3.199890,0.014042,0.000000,0.000000
21930.0,1.047198,1.046940,-0.011496,0.037173,0.015435,0.000000,3.199886,-0.002222,0.000128,0.000000
21935.0,1.047198,1.046942,0.003342,0.037173,0.015349,0.000000,3.199883,-0.013372,0.000000,0.000000
21940.0,1.047198,1.046942,0.008077,0.037460,0.015349,0.000000,3.199882,0.001055,0.000128,0.000000
21945.0,1.047198,1.047210,0.180960,0.028932,-0.000758,0.000000,3.199883,-0.000799,0.000862,0.000000
21950.0,1.047198,1.047323,0.033348,0.034729,-0.007532,0.000000,3.199884,-0.013968,-0.000862,0.000000
21955.0,1.047198,1.047329,0.020622,0.033820,-0.007882,0.000000,3.199883,-0.018043,-0.000862,0.000000
21960.0,1.047198,1.047329,0.013577,0.034729,-0.007875,0.000000,3.199878,-0.016015,0.000000,0.000000
21965.0,1.047198,1.047327,-0.004554,0.035639,-0.007775,0.000000,3.199881,-0.002176,0.000990,0.000000
21970.0,1.047198,1.047327,0.003810,0.034729,-0.007768,0.000000,3.199883,0.004458,-0.000128,0.000000
21975.0,1.047198,1.047327,0.006442,0.034730,-0.007775,0.000000,3.199885,0.008465,0.001724,0.000000
21980.0,1.047198,1.046967,-0.063377,0.040813,0.013812,0.000000,3.199893,0.032053,0.000128,0.000000
21985.0,1.047198,1.046943,-0.016256,0.038370,0.015256,0.000000,3.199889,-0.008548,0.000000,0.000000
21990.0,1.047198,1.046940,0.008416,0.038083,0.015457,0.000000,3.199879,-0.027958,0.000128,0.000000
21995.0,1.047198,1.046940,-0.010638,0.038083,0.015428,0.000000,3.199878,-0.016866,0.000128,0.000000
22000.0,1.047198,1.046941,0.011360,0.038083,0.015399,0.000000,3.199881,-0.013862,-0.000128,0.000000
22005.0,1.047198,1.046941,0.003906,0.036550,0.015392,0.000000,3.199882,-0.000224,0.000000,0.000000
22010.0,1.047198,1.046942,0.009807,0.038083,0.015342,0.000000,3.199886,0.025745,0.000990,0.000000
22015.0,1.047198,1.046941,-0.005849,0.038993,0.015378,0.000000,3.199891,0.029523,0.000000,0.000000
22020.0,1.047198,1.047253,0.138036,0.030466,-0.003326,0.000000,3.199888,0.002133,0.000000,0.000000
22025.0,1.047198,1.047320,0.050469,0.033820,-0.007317,0.000000,3.199884,-0.010396,0.000000,0.000000
22030.0,1.047198,1.047330,-0.000419,0.033820,-0.007918,0.000000,3.199881,-0.014305,0.000000,0.000000
22035.0,1.047198,1.047329,0.023723,0.033820,-0.007911,0.000000,3.199880,-0.021138,0.000000,0.000000
22040.0,1.047198,1.047328,0.005834,0.034445,-0.007825,0.000000,3.199881,-0.002257,0.000734,0.000000
22045.0,1.047198,1.047327,0.004887,0.034729,-0.007775,0.000000,3.199882,-0.003847,0.000000,0.000000
22050.0,1.047198,1.047326,0.015038,0.036549,-0.007718,0.000000,3.199885,0.016531,0.000734,0.000000
22055.0,1.047198,1.047327,-0.002530,0.035639,-0.007753,0.000000,3.199887,0.014294,0.000000,0.000000
22060.0,1.047198,1.047213,-0.182355,0.034730,-0.000930,0.000000,3.199886,-0.008542,-0.000862,0.000000
22065.0,1.047198,1.046986,-0.093153,0.040813,0.012674,0.000000,3.199883,0.004705,-0.000128,0.000000
22070.0,1.047198,1.046940,-0.015748,0.038083,0.015435,0.000000,3.199884,0.003835,0.000128,0.000000
22075.0,1.047198,1.046941,-0.013465,0.037173,0.015407,0.000000,3.199885,0.000172,-0.000862,0.000000
22080.0,1.047198,1.046940,-0.017180,0.037173,0.015464,0.000000,3.199882,-0.011865,0.000000,0.000000
22085.0,1.047198,1.046940,0.010752,0.038083,0.015428,0.000000,3.199884,0.003600,0.000128,0.000000
22090.0,1.047198,1.046940,0.005026,0.038993,0.015435,0.000000,3.199885,0.001409,0.000000,0.000000
22095.0,1.047198,1.047324,0.371418,0.020122,-0.007582,0.000000,3.199883,-0.010949,0.000000,0.000000
22100.0,1.047198,1.047693,0.077663,0.029840,-0.029747,0.000000,3.199883,-0.001190,0.000128,0.000000
22105.0,1.047198,1.047711,0.025396,0.032284,-0.030828,0.000000,3.199885,0.018506,0.000000,0.000000
22110.0,1.047198,1.047600,-0.184569,0.031376,-0.024154,0.000000,3.199887,0.006335,0.000000,0.000000
22115.0,1.047198,1.047258,-0.279464,0.048717,-0.003626,0.000000,3.199885,-0.002016,0.000000,0.000000
22120.0,1.047198,1.046844,-0.259449,0.038993,0.021243,0.000000,3.199883,-0.006711,0.000000,0.000000
22125.0,1.047198,1.046597,-0.116827,0.043588,0.036020,0.000000,3.199883,-0.005494,-0.000862,0.000000
22130.0,1.047198,1.046553,-0.029798,0.042346,0.038660,0.000000,3.199877,-0.027504,0.000128,0.000000
22135.0,1.047198,1.046758,0.199209,0.031376,0.026400,0.000000,3.199878,-0.028099,0.000862,0.000000
22140.0,1.047198,1.047493,0.279252,0.021376,-0.017717,0.000000,3.199885,0.018270,0.000000,0.000000
22145.0,1.047198,1.047682,0.085888,0.029557,-0.029068,0.000000,3.199889,0.020179,0.000000,0.000000
22150.0,1.047198,1.047714,0.018598,0.031093,-0.030992,0.000000,3.199888,0.011940,0.000000,0.000000
22155.0,1.047198,1.047715,0.021767,0.031093,-0.031042,0.000000,3.199887,0.005366,-0.000128,0.000000
22160.0,1.047198,1.047289,-0.300030,0.040813,-0.005472,0.000000,3.199884,-0.003533,-0.000128,0.000000
22165.0,1.047198,1.046996,-0.118024,0.041436,0.012074,0.000000,3.199884,0.000171,0.000000,0.000000
22170.0,1.047198,1.046939,-0.027385,0.038993,0.015543,0.000000,3.199884,-0.001599,0.000000,0.000000
22175.0,1.047198,1.046937,-0.013769,0.038083,0.015628,0.000000,3.199884,0.000992,-0.000990,0.000000
22180.0,1.047198,1.046941,-0.001792,0.037460,0.015399,0.000000,3.199885,0.011603,0.000128,0.000000
22185.0,1.047198,1.046940,0.001391,0.038083,0.015450,0.000000,3.199886,0.005628,0.000000,0.000000
22190.0,1.047198,1.046939,-0.012674,0.038083,0.015507,0.000000,3.199885,0.000535,0.000128,0.000000
22195.0,1.047198,1.047252,0.136375,0.030181,-0.003283,0.000000,3.199884,-0.003513,-0.000862,0.000000
22200.0,1.047198,1.047325,0.014948,0.033820,-0.007646,0.000000,3.199879,-0.013978,0.000000,0.000000
22205.0,1.047198,1.047328,0.022101,0.034729,-0.007839,0.000000,3.199882,0.000056,0.000000,0.000000
22210.0,1.047198,1.047329,0.015022,0.034729,-0.007868,0.000000,3.199884,-0.000916,0.000128,0.000000
22215.0,1.047198,1.047328,0.007153,0.035639,-0.007803,0.000000,3.199885,0.007868,0.000000,0.000000
22220.0,1.047198,1.047326,-0.011055,0.033820,-0.007725,0.000000,3.199890,0.029914,0.000734,0.000000
22225.0,1.047198,1.047325,-0.002182,0.034445,-0.007632,0.000000,3.199889,0.010319,0.000000,0.000000
22230.0,1.047198,1.047327,-0.005398,0.034729,-0.007761,0.000000,3.199884,-0.008473,0.000128,0.000000
22235.0,1.047198,1.047325,-0.003956,0.035639,-0.007653,0.000000,3.199883,-0.000649,0.000000,0.000000
22240.0,1.047198,1.047325,-0.011720,0.034729,-0.007675,0.000000,3.199885,0.004904,-0.000862,0.000000
22245.0,1.047198,1.047325,0.009667,0.035014,-0.007675,0.000000,3.199884,-0.002705,0.000128,0.000000
22250.0,1.047198,1.047325,-0.009812,0.034729,-0.007639,0.000000,3.199881,-0.012382,0.000256,0.000000
22255.0,1.047198,1.047325,-0.010778,0.034729,-0.007660,0.000000,3.199879,-0.016134,0.000000,0.000000
22260.0,1.047198,1.047326,0.007318,0.034729,-0.007732,0.000000,3.199884,-0.006327,-0.000862,0.000000
22265.0,1.047198,1.047324,-0.021840,0.035639,-0.007589,0.000000,3.199885,0.009550,0.000000,0.000000
22270.0,1.047198,1.047325,0.011684,0.035639,-0.007646,0.000000,3.199885,-0.009993,0.000000,0.000000
22275.0,1.047198,1.047323,-0.003614,0.034729,-0.007539,0.000000,3.199882,-0.008142,0.000862,0.000000
22280.0,1.047198,1.047325,-0.009473,0.033820,-0.007632,0.000000,3.199884,-0.001035,-0.000862,0.000000
22285.0,1.047198,1.047326,0.003812,0.034729,-0.007732,0.000000,3.199884,0.001295,0.000000,0.000000
22290.0,1.047198,1.047325,-0.009654,0.033820,-0.007632,0.000000,3.199880,-0.014772,0.000000,0.000000
22295.0,1.047198,1.047324,-0.005533,0.033820,-0.007603,0.000000,3.199887,0.033599,0.000000,0.000000
22300.0,1.047198,1.047324,-0.008574,0.034729,-0.007575,0.000000,3.199888,-0.001184,-0.000734,0.000000
22305.0,1.047198,1.047325,0.000276,0.034729,-0.007646,0.000000,3.199882,-0.016836,-0.000862,0.000000
22310.0,1.047198,1.047324,-0.007429,0.034729,-0.007596,0.000000,3.199882,-0.002536,0.000128,0.000000
22315.0,1.047198,1.047325,0.002829,0.034729,-0.007675,0.000000,3.199883,0.003828,0.000000,0.000000
22320.0,1.047198,1.047325,0.019576,0.035639,-0.007660,0.000000,3.199885,0.003818,0.000000,0.000000
22325.0,1.047198,1.047325,-0.017106,0.035639,-0.007625,0.000000,3.199888,0.018048,0.000000,0.000000
22330.0,1.047198,1.047325,-0.010192,0.034729,-0.007617,0.000000,3.199885,-0.004277,0.000000,0.000000
22335.0,1.047198,1.047324,-0.004897,0.034729,-0.007596,0.000000,3.199883,-0.011366,0.000000,0.000000
22340.0,1.047198,1.047325,-0.010162,0.033250,-0.007632,0.000000,3.199879,-0.007165,0.000000,0.000000
22345.0,1.047198,1.047325,-0.009561,0.034729,-0.007675,0.000000,3.199883,0.003900,0.000000,0.000000
22350.0,1.047198,1.047324,-0.006907,0.034729,-0.007575,0.000000,3.199884,-0.008803,0.000000,0.000000
22355.0,1.047198,1.047120,-0.191245,0.043257,0.004635,0.000000,3.199883,-0.010614,0.000000,0.000000
22360.0,1.047198,1.046949,-0.039640,0.038083,0.014913,0.000000,3.199883,0.000324,0.000000,0.000000
22365.0,1.047198,1.046939,-0.011501,0.038083,0.015528,0.000000,3.199886,0.011495,0.000000,0.000000
22370.0,1.047198,1.046940,-0.004196,0.037173,0.015457,0.000000,3.199886,0.006679,0.000128,0.000000
22375.0,1.047198,1.047142,0.180453,0.029842,0.003312,0.000000,3.199886,0.000777,0.000000,0.000000
22380.0,1.047198,1.047627,0.143409,0.024385,-0.025756,0.000000,3.199883,-0.019711,0.000000,0.000000
22385.0,1.047198,1.047701,0.039394,0.031375,-0.030198,0.000000,3.199882,-0.003667,0.000000,0.000000
22390.0,1.047198,1.047713,0.019343,0.032284,-0.030913,0.000000,3.199886,0.019774,0.000862,0.000000
22395.0,1.047198,1.047509,-0.193120,0.040527,-0.018675,0.000000,3.199887,0.009729,0.000000,0.000000
22400.0,1.047198,1.046976,-0.097051,0.041436,0.013304,0.000000,3.199882,-0.016033,-0.000128,0.000000
22405.0,1.047198,1.046943,-0.034258,0.035972,0.015249,0.000000,3.199881,-0.012117,0.000000,0.000000
22410.0,1.047198,1.046579,-0.068444,0.044167,0.037136,0.000000,3.199883,-0.008413,-0.000256,0.000000
22415.0,1.047198,1.046555,-0.031266,0.041725,0.038545,0.000000,3.199883,-0.003852,0.000000,0.000000
22420.0,1.047198,1.046759,0.196650,0.032574,0.026300,0.000000,3.199886,0.012758,-0.000128,0.000000
22425.0,1.047198,1.047339,0.383408,0.019496,-0.008497,0.000000,3.199886,0.008354,0.000000,0.000000
22430.0,1.047198,1.047696,0.078340,0.028648,-0.029883,0.000000,3.199884,-0.003470,-0.000128,0.000000
22435.0,1.047198,1.047714,0.034137,0.031375,-0.030963,0.000000,3.199883,-0.004674,0.000128,0.000000
22440.0,1.047198,1.047714,0.011252,0.031375,-0.030971,0.000000,3.199883,-0.012661,-0.000862,0.000000
22445.0,1.047198,1.047508,-0.189065,0.040812,-0.018632,0.000000,3.199883,-0.009015,-0.000862,0.000000
22450.0,1.047198,1.046792,-0.305089,0.052694,0.024326,0.000000,3.199887,0.010990,0.000000,0.000000
22455.0,1.047198,1.046588,-0.102221,0.043257,0.036585,0.000000,3.199886,0.002084,0.000128,0.000000
22460.0,1.047198,1.046553,-0.030335,0.040525,0.038652,0.000000,3.199881,-0.028776,-0.000990,0.000000
22465.0,1.047198,1.046553,-0.019402,0.039904,0.038667,0.000000,3.199879,-0.017120,0.000862,0.000000
22470.0,1.047198,1.046865,0.123394,0.032287,0.019956,0.000000,3.199882,0.003118,0.000000,0.000000
22475.0,1.047198,1.047244,0.158720,0.029557,-0.002797,0.000000,3.199884,-0.002995,-0.000862,0.000000
22480.0,1.047198,1.047637,0.161362,0.026486,-0.026357,0.000000,3.199887,0.033248,0.000000,0.000000
22485.0,1.047198,1.047706,0.043855,0.031375,-0.030506,0.000000,3.199890,0.010048,-0.000862,0.000000
22490.0,1.047198,1.047714,0.017355,0.032002,-0.031013,0.000000,3.199883,-0.011183,-0.000128,0.000000
22495.0,1.047198,1.047601,-0.178445,0.041721,-0.024197,0.000000,3.199883,-0.014857,0.000128,0.000000
22500.0,1.047198,1.047003,-0.126404,0.044167,0.011680,0.000000,3.199883,-0.000965,0.000000,0.000000
22505.0,1.047198,1.046946,-0.032045,0.038083,0.015070,0.000000,3.199884,0.001970,0.000000,0.000000
22510.0,1.047198,1.046937,-0.027474,0.037173,0.015614,0.000000,3.199885,0.002993,0.000128,0.000000
22515.0,1.047198,1.046939,-0.013908,0.037173,0.015535,0.000000,3.199885,0.003469,0.000256,0.000000
22520.0,1.047198,1.046940,-0.003378,0.037460,0.015457,0.000000,3.199883,-0.006590,0.000000,0.000000
22525.0,1.047198,1.046939,-0.004039,0.038083,0.015521,0.000000,3.199884,0.008814,-0.000734,0.000000
22530.0,1.047198,1.046941,0.003418,0.037460,0.015392,0.000000,3.199884,0.003644,0.000000,0.000000
22535.0,1.047198,1.047253,0.125755,0.031091,-0.003340,0.000000,3.199888,0.011331,0.000000,0.000000
22540.0,1.047198,1.047326,0.034004,0.034729,-0.007689,0.000000,3.199884,-0.006971,0.000000,0.000000
22545.0,1.047198,1.047328,0.010680,0.034729,-0.007839,0.000000,3.199883,-0.007778,0.000000,0.000000
22550.0,1.047198,1.047327,-0.009496,0.034445,-0.007739,0.000000,3.199882,-0.002866,0.000000,0.000000
22555.0,1.047198,1.047328,0.006348,0.034729,-0.007796,0.000000,3.199881,-0.008432,0.000000,0.000000
22560.0,1.047198,1.047327,-0.008378,0.033820,-0.007739,0.000000,3.199884,0.002350,0.000000,0.000000
22565.0,1.047198,1.047327,0.005186,0.033820,-0.007746,0.000000,3.199885,0.003992,-0.000862,0.000000
22570.0,1.047198,1.047327,0.003867,0.034729,-0.007739,0.000000,3.199886,0.002793,-0.000128,0.000000
22575.0,1.047198,1.047055,-0.189612,0.043879,0.008540,0.000000,3.199887,0.007280,-0.000128,0.000000
22580.0,1.047198,1.046943,-0.022508,0.038993,0.015264,0.000000,3.199884,-0.003418,0.000000,0.000000
22585.0,1.047198,1.046941,0.006267,0.037460,0.015392,0.000000,3.199883,-0.006194,0.000128,0.000000
22590.0,1.047198,1.046940,-0.000529,0.037460,0.015442,0.000000,3.199881,-0.026229,-0.000862,0.000000
22595.0,1.047198,1.046940,-0.001070,0.038083,0.015428,0.000000,3.199879,-0.027254,-0.000734,0.000000
22600.0,1.047198,1.047281,0.098429,0.031376,-0.005007,0.000000,3.199882,0.007064,0.000000,0.000000
22605.0,1.047198,1.047323,0.014172,0.034729,-0.007503,0.000000,3.199886,0.016812,0.000000,0.000000
22610.0,1.047198,1.047328,0.010419,0.034729,-0.007811,0.000000,3.199888,0.014375,0.000000,0.000000
22615.0,1.047198,1.047328,0.010541,0.034729,-0.007854,0.000000,3.199885,-0.018756,0.000000,0.000000
22620.0,1.047198,1.047328,0.006262,0.034729,-0.007811,0.000000,3.199883,0.003130,0.000000,0.000000
22625.0,1.047198,1.047326,0.009013,0.035639,-0.007732,0.000000,3.199884,-0.006495,0.000862,0.000000
22630.0,1.047198,1.047327,0.010663,0.035639,-0.007746,0.000000,3.199885,0.007254,0.000000,0.000000
22635.0,1.047198,1.047329,0.016489,0.033820,-0.007875,0.000000,3.199887,-0.001008,0.000734,0.000000
22640.0,1.047198,1.047325,-0.006815,0.033820,-0.007675,0.000000,3.199884,-0.009871,0.000128,0.000000
22645.0,1.047198,1.047325,0.005535,0.034729,-0.007625,0.000000,3.199879,-0.016272,0.000000,0.000000
22650.0,1.047198,1.047325,0.001578,0.035639,-0.007639,0.000000,3.199881,-0.007892,0.000000,0.000000
22655.0,1.047198,1.047324,-0.015210,0.034729,-0.007567,0.000000,3.199883,0.003675,0.000000,0.000000
22660.0,1.047198,1.047325,0.007712,0.035924,-0.007632,0.000000,3.199886,0.004790,0.000000,0.000000
22665.0,1.047198,1.047325,-0.000516,0.034729,-0.007660,0.000000,3.199884,-0.015282,-0.000734,0.000000
22670.0,1.047198,1.047326,0.000838,0.034729,-0.007682,0.000000,3.199883,0.005161,0.000000,0.000000
22675.0,1.047198,1.047323,-0.011563,0.034729,-0.007532,0.000000,3.199883,0.001329,-0.000990,0.000000
22680.0,1.047198,1.047325,0.002295,0.034729,-0.007625,0.000000,3.199883,-0.007643,-0.000734,0.000000
22685.0,1.047198,1.047326,0.006869,0.033820,-0.007732,0.000000,3.199884,-0.005941,-0.000862,0.000000
22690.0,1.047198,1.047325,-0.003670,0.034445,-0.007660,0.000000,3.199883,0.003570,0.000000,0.000000
22695.0,1.047198,1.047325,-0.024476,0.035639,-0.007617,0.000000,3.199886,0.012977,0.000128,0.000000
22700.0,1.047198,1.047325,0.000572,0.034729,-0.007625,0.000000,3.199888,0.012355,-0.000128,0.000000
22705.0,1.047198,1.047324,-0.005080,0.035014,-0.007575,0.000000,3.199889,0.017950,0.000000,0.000000
22710.0,1.047198,1.047323,-0.003043,0.035639,-0.007539,0.000000,3.199887,0.001870,0.000000,0.000000
22715.0,1.047198,1.047324,0.006007,0.033820,-0.007603,0.000000,3.199884,-0.007896,0.000000,0.000000
22720.0,1.047198,1.047324,-0.008411,0.033820,-0.007610,0.000000,3.199880,-0.030063,-0.000862,0.000000
22725.0,1.047198,1.047326,-0.004077,0.034729,-0.007682,0.000000,3.199879,-0.014432,0.000128,0.000000
22730.0,1.047198,1.047324,-0.004669,0.034729,-0.007589,0.000000,3.199883,0.007336,0.000000,0.000000
22735.0,1.047198,1.047324,0.004014,0.034729,-0.007610,0.000000,3.199886,0.013424,0.000000,0.000000
22740.0,1.047198,1.047326,-0.010426,0.033820,-0.007689,0.000000,3.199884,-0.000587,0.000000,0.000000
22745.0,1.047198,1.047325,-0.003655,0.034729,-0.007625,0.000000,3.199886,0.016456,0.000128,0.000000
22750.0,1.047198,1.047325,-0.012736,0.033820,-0.007625,0.000000,3.199887,0.007756,0.000000,0.000000
22755.0,1.047198,1.047325,-0.005184,0.033820,-0.007646,0.000000,3.199885,-0.009101,-0.000862,0.000000
22760.0,1.047198,1.047325,0.006417,0.034729,-0.007617,0.000000,3.199882,-0.006170,0.000000,0.000000
22765.0,1.047198,1.047325,0.005773,0.034729,-0.007632,0.000000,3.199883,-0.002836,0.000000,0.000000
22770.0,1.047198,1.047324,-0.006991,0.033820,-0.007575,0.000000,3.199888,0.018765,0.000000,0.000000
22775.0,1.047198,1.047325,0.010475,0.033820,-0.007646,0.000000,3.199887,0.003970,0.000000,0.000000
22780.0,1.047198,1.047325,0.004790,0.034729,-0.007617,0.000000,3.199885,-0.005789,-0.000862,0.000000
22785.0,1.047198,1.047325,0.004253,0.034105,-0.007639,0.000000,3.199879,-0.028929,0.000000,0.000000
22790.0,1.047198,1.047326,-0.001089,0.033820,-0.007703,0.000000,3.199880,-0.005458,0.000128,0.000000
22795.0,1.047198,1.047057,-0.180272,0.042346,0.008433,0.000000,3.199883,0.001071,0.000128,0.000000
22800.0,1.047198,1.046943,-0.021471,0.038083,0.015249,0.000000,3.199885,0.009160,0.000000,0.000000
22805.0,1.047198,1.046940,-0.011037,0.036263,0.015478,0.000000,3.199886,0.022851,0.000000,0.000000
22810.0,1.047198,1.046941,0.002545,0.036550,0.015407,0.000000,3.199889,0.012996,0.000000,0.000000
22815.0,1.047198,1.046940,-0.008074,0.036550,0.015450,0.000000,3.199886,-0.003154,0.000000,0.000000
22820.0,1.047198,1.046940,-0.002689,0.037173,0.015457,0.000000,3.199880,-0.020950,0.000000,0.000000
22825.0,1.047198,1.046941,-0.000784,0.037173,0.015392,0.000000,3.199878,-0.022722,0.000000,0.000000
22830.0,1.047198,1.047300,0.063110,0.030466,-0.006137,0.000000,3.199880,-0.009987,0.000000,0.000000
22835.0,1.047198,1.047325,0.023507,0.033820,-0.007625,0.000000,3.199886,0.011377,-0.000862,0.000000
22840.0,1.047198,1.047327,0.001702,0.033820,-0.007739,0.000000,3.199889,0.017326,0.000000,0.000000
22845.0,1.047198,1.047329,0.010262,0.033535,-0.007875,0.000000,3.199887,0.004061,0.000000,0.000000
22850.0,1.047198,1.047327,0.000391,0.033820,-0.007761,0.000000,3.199884,-0.004562,0.000000,0.000000
22855.0,1.047198,1.047124,-0.184278,0.042346,0.004435,0.000000,3.199880,-0.026940,0.000000,0.000000
22860.0,1.047198,1.046950,-0.030621,0.038083,0.014842,0.000000,3.199883,0.004996,-0.000606,0.000000
22865.0,1.047198,1.046941,-0.025180,0.038083,0.015392,0.000000,3.199885,0.008535,0.000000,0.000000
22870.0,1.047198,1.046940,0.005218,0.037460,0.015442,0.000000,3.199885,0.003631,0.000000,0.000000
22875.0,1.047198,1.046942,-0.008804,0.037460,0.015364,0.000000,3.199884,-0.001057,0.000000,0.000000
22880.0,1.047198,1.046941,0.012123,0.037796,0.015378,0.000000,3.199882,0.005683,0.000862,0.000000
22885.0,1.047198,1.046943,0.006196,0.037173,0.015285,0.000000,3.199883,-0.001924,0.000862,0.000000
22890.0,1.047198,1.047147,0.193930,0.027738,0.003054,0.000000,3.199882,-0.013438,-0.000128,0.000000
22895.0,1.047198,1.047300,0.070592,0.032285,-0.006151,0.000000,3.199880,-0.013848,0.000000,0.000000
22900.0,1.047198,1.047328,0.009272,0.033195,-0.007825,0.000000,3.199887,0.045032,0.000862,0.000000
22905.0,1.047198,1.047329,0.021807,0.033820,-0.007896,0.000000,3.199893,0.034280,0.000000,0.000000
22910.0,1.047198,1.047328,0.015488,0.034729,-0.007818,0.000000,3.199883,-0.025449,0.000000,0.000000
22915.0,1.047198,1.047328,-0.008306,0.035639,-0.007796,0.000000,3.199880,-0.023281,0.000862,0.000000
22920.0,1.047198,1.047212,-0.192697,0.033820,-0.000887,0.000000,3.199883,0.000800,0.000000,0.000000
22925.0,1.047198,1.046988,-0.080014,0.039903,0.012603,0.000000,3.199883,-0.006262,0.000862,0.000000
22930.0,1.047198,1.046941,-0.019115,0.037460,0.015421,0.000000,3.199881,-0.009774,0.000000,0.000000
22935.0,1.047198,1.046941,0.003984,0.036263,0.015414,0.000000,3.199883,0.000228,-0.000128,0.000000
22940.0,1.047198,1.046941,-0.008117,0.036263,0.015399,0.000000,3.199885,0.008335,0.000862,0.000000
22945.0,1.047198,1.046942,-0.012003,0.037460,0.015349,0.000000,3.199888,0.015896,0.000000,0.000000
22950.0,1.047198,1.046941,0.002113,0.037173,0.015414,0.000000,3.199888,0.004226,0.000128,0.000000
22955.0,1.047198,1.046942,0.011794,0.037460,0.015321,0.000000,3.199885,-0.005156,0.000000,0.000000
22960.0,1.047198,1.047255,0.130840,0.028362,-0.003455,0.000000,3.199883,-0.003847,0.000000,0.000000
22965.0,1.047198,1.047318,0.025229,0.033820,-0.007217,0.000000,3.199883,-0.006214,0.000000,0.000000
22970.0,1.047198,1.047330,0.017671,0.033820,-0.007961,0.000000,3.199885,0.003949,-0.000990,0.000000
22975.0,1.047198,1.047327,0.004398,0.034729,-0.007782,0.000000,3.199885,0.000611,0.000000,0.000000
22980.0,1.047198,1.047329,0.003984,0.034105,-0.007861,0.000000,3.199884,-0.002500,0.000000,0.000000
22985.0,1.047198,1.047328,0.014617,0.033535,-0.007832,0.000000,3.199881,-0.025049,-0.000862,0.000000
22990.0,1.047198,1.047327,0.005976,0.034729,-0.007768,0.000000,3.199876,-0.020626,0.000000,0.000000
22995.0,1.047198,1.047325,-0.001771,0.035640,-0.007653,0.000000,3.199881,0.006512,0.000000,0.000000
23000.0,1.047198,1.046967,-0.073202,0.040526,0.013862,0.000000,3.199888,0.023429,0.000000,0.000000
23005.0,1.047198,1.046943,-0.011975,0.037460,0.015271,0.000000,3.199888,-0.005317,0.001724,0.000000
23010.0,1.047198,1.046940,-0.018754,0.037173,0.015478,0.000000,3.199889,0.009801,-0.000862,0.000000
23015.0,1.047198,1.046940,-0.002416,0.037460,0.015428,0.000000,3.199886,0.000429,0.000000,0.000000
23020.0,1.047198,1.046940,0.008217,0.038993,0.015478,0.000000,3.199882,-0.030090,-0.000990,0.000000
23025.0,1.047198,1.047054,0.196022,0.028022,0.008590,0.000000,3.199881,-0.008930,0.000128,0.000000
23030.0,1.047198,1.047312,0.053301,0.032285,-0.006895,0.000000,3.199883,0.004286,0.000000,0.000000
23035.0,1.047198,1.047326,0.007305,0.034729,-0.007710,0.000000,3.199885,0.006440,-0.000128,0.000000
23040.0,1.047198,1.047329,0.002813,0.033820,-0.007875,0.000000,3.199886,0.007348,0.000256,0.000000
23045.0,1.047198,1.047328,-0.001372,0.035924,-0.007818,0.000000,3.199886,0.006633,0.000000,0.000000
23050.0,1.047198,1.047328,0.008001,0.034729,-0.007811,0.000000,3.199884,-0.002762,0.000000,0.000000
23055.0,1.047198,1.047326,0.011916,0.034729,-0.007689,0.000000,3.199885,0.007437,0.000128,0.000000
23060.0,1.047198,1.047326,0.003260,0.034729,-0.007725,0.000000,3.199885,0.001076,0.000128,0.000000
23065.0,1.047198,1.047327,0.001120,0.034729,-0.007739,0.000000,3.199885,0.005442,-0.000128,0.000000
23070.0,1.047198,1.047058,-0.179184,0.043257,0.008368,0.000000,3.199882,-0.012708,0.000256,0.000000
23075.0,1.047198,1.046956,-0.047112,0.038083,0.014470,0.000000,3.199882,0.001664,-0.000606,0.000000
23080.0,1.047198,1.046938,-0.008902,0.038083,0.015564,0.000000,3.199881,-0.009593,0.000000,0.000000
23085.0,1.047198,1.046939,-0.007969,0.038083,0.015485,0.000000,3.199883,0.001021,0.000000,0.000000
23090.0,1.047198,1.046940,0.003040,0.038083,0.015464,0.000000,3.199883,-0.000511,0.000128,0.000000
23095.0,1.047198,1.046940,0.007964,0.037173,0.015450,0.000000,3.199886,0.012125,0.000000,0.000000
23100.0,1.047198,1.046940,-0.002965,0.038083,0.015428,0.000000,3.199887,0.009020,0.000128,0.000000
23105.0,1.047198,1.047146,0.212715,0.028932,0.003119,0.000000,3.199886,0.002151,-0.000862,0.000000
23110.0,1.047198,1.047319,0.015653,0.032001,-0.007267,0.000000,3.199882,-0.016805,-0.000862,0.000000
23115.0,1.047198,1.047328,0.030812,0.034729,-0.007818,0.000000,3.199878,-0.031529,0.000000,0.000000
23120.0,1.047198,1.047330,0.014771,0.034729,-0.007939,0.000000,3.199881,0.004210,0.000000,0.000000
23125.0,1.047198,1.047327,0.006486,0.035014,-0.007775,0.000000,3.199886,0.017298,0.000128,0.000000
23130.0,1.047198,1.047327,0.004912,0.034729,-0.007753,0.000000,3.199887,0.011778,0.000000,0.000000
23135.0,1.047198,1.047326,-0.001478,0.034729,-0.007732,0.000000,3.199887,0.008845,0.000000,0.000000
23140.0,1.047198,1.047326,-0.006193,0.033535,-0.007710,0.000000,3.199886,0.006908,0.000128,0.000000
23145.0,1.047198,1.047325,-0.005877,0.035639,-0.007660,0.000000,3.199887,0.001216,-0.000990,0.000000
23150.0,1.047198,1.047015,-0.127615,0.043257,0.010929,0.000000,3.199882,0.000065,0.000990,0.000000
23155.0,1.047198,1.046948,-0.037134,0.038993,0.014949,0.000000,3.199881,-0.002765,0.000000,0.000000
23160.0,1.047198,1.046939,-0.014463,0.037173,0.015535,0.000000,3.199889,0.034262,0.000000,0.000000
23165.0,1.047198,1.046940,0.002124,0.037173,0.015428,0.000000,3.199888,0.006991,-0.000128,0.000000
23170.0,1.047198,1.046941,-0.009877,0.037173,0.015414,0.000000,3.199885,0.001535,-0.000990,0.000000
23175.0,1.047198,1.047057,0.197294,0.028022,0.008440,0.000000,3.199882,-0.016845,-0.000128,0.000000
23180.0,1.047198,1.047311,0.037137,0.032285,-0.006831,0.000000,3.199880,-0.007308,0.000734,0.000000
23185.0,1.047198,1.047637,0.140254,0.027739,-0.026364,0.000000,3.199881,-0.011670,0.000000,0.000000
23190.0,1.047198,1.047711,0.032000,0.031375,-0.030785,0.000000,3.199883,0.007841,0.000000,0.000000
23195.0,1.047198,1.047713,0.011957,0.032002,-0.030913,0.000000,3.199886,0.012131,0.000000,0.000000
23200.0,1.047198,1.047445,-0.176691,0.040527,-0.014820,0.000000,3.199887,0.006973,0.000000,0.000000
23205.0,1.047198,1.047030,-0.171524,0.042346,0.010042,0.000000,3.199884,-0.001114,0.000128,0.000000
23210.0,1.047198,1.046942,-0.023969,0.038083,0.015364,0.000000,3.199887,0.006166,0.000000,0.000000
23215.0,1.047198,1.046937,-0.028566,0.038993,0.015635,0.000000,3.199884,-0.015148,-0.000862,0.000000
23220.0,1.047198,1.046939,-0.000267,0.038083,0.015521,0.000000,3.199880,-0.013103,0.000000,0.000000
23225.0,1.047198,1.046940,-0.003499,0.037173,0.015464,0.000000,3.199880,-0.014188,0.000128,0.000000
23230.0,1.047198,1.046940,0.000008,0.038370,0.015450,0.000000,3.199878,-0.028325,-0.000734,0.000000
23235.0,1.047198,1.047056,0.185973,0.027453,0.008512,0.000000,3.199879,-0.016068,-0.000128,0.000000
23240.0,1.047198,1.047311,0.039190,0.032285,-0.006788,0.000000,3.199884,0.022167,0.000000,0.000000
23245.0,1.047198,1.047327,0.026642,0.034729,-0.007761,0.000000,3.199891,0.027075,-0.000862,0.000000
23250.0,1.047198,1.047327,0.007438,0.034729,-0.007775,0.000000,3.199889,0.014449,0.000000,0.000000
23255.0,1.047198,1.047328,0.014378,0.034729,-0.007818,0.000000,3.199890,0.028414,0.000000,0.000000
23260.0,1.047198,1.047328,0.006347,0.034729,-0.007811,0.000000,3.199887,-0.008561,0.000000,0.000000
23265.0,1.047198,1.047326,-0.017449,0.035639,-0.007710,0.000000,3.199884,0.009173,0.000000,0.000000
23270.0,1.047198,1.047325,0.009889,0.035639,-0.007653,0.000000,3.199882,-0.013907,0.000000,0.000000
23275.0,1.047198,1.047213,-0.185892,0.044167,-0.000930,0.000000,3.199881,-0.013423,0.001596,0.000000
23280.0,1.047198,1.046955,-0.045912,0.039903,0.014548,0.000000,3.199888,0.012468,0.000000,0.000000
23285.0,1.047198,1.046942,-0.007483,0.037460,0.015342,0.000000,3.199883,-0.023818,0.000000,0.000000
23290.0,1.047198,1.046939,-0.012021,0.037173,0.015492,0.000000,3.199880,-0.015770,-0.000862,0.000000
23295.0,1.047198,1.046938,0.006377,0.037460,0.015557,0.000000,3.199879,-0.014286,0.000000,0.000000
23300.0,1.047198,1.046940,-0.013497,0.037173,0.015457,0.000000,3.199887,0.024702,0.000000,0.000000
23305.0,1.047198,1.046943,0.004928,0.037460,0.015256,0.000000,3.199888,0.015881,0.000862,0.000000
23310.0,1.047198,1.046942,-0.012135,0.037173,0.015328,0.000000,3.199886,-0.018370,-0.000862,0.000000
23315.0,1.047198,1.047146,0.206190,0.029842,0.003097,0.000000,3.199881,-0.019508,0.000862,0.000000
23320.0,1.047198,1.047319,0.025630,0.033195,-0.007267,0.000000,3.199883,-0.003399,0.000000,0.000000
23325.0,1.047198,1.047328,0.027408,0.033820,-0.007846,0.000000,3.199885,0.022748,0.000000,0.000000
23330.0,1.047198,1.047329,0.008940,0.034729,-0.007882,0.000000,3.199885,-0.002363,0.000000,0.000000
23335.0,1.047198,1.047328,0.008180,0.034729,-0.007803,0.000000,3.199883,-0.006088,0.000000,0.000000
23340.0,1.047198,1.047328,0.009131,0.034729,-0.007825,0.000000,3.199883,0.007441,0.000862,0.000000
23345.0,1.047198,1.047327,0.005121,0.035354,-0.007753,0.000000,3.199885,0.001929,0.000000,0.000000
23350.0,1.047198,1.047326,-0.006240,0.034729,-0.007732,0.000000,3.199883,-0.018802,-0.000862,0.000000
23355.0,1.047198,1.047212,-0.195907,0.043879,-0.000887,0.000000,3.199881,-0.009116,0.000000,0.000000
23360.0,1.047198,1.046955,-0.066110,0.038083,0.014555,0.000000,3.199886,0.022961,0.000000,0.000000
23365.0,1.047198,1.046942,-0.007353,0.037173,0.015306,0.000000,3.199887,0.007568,0.000000,0.000000
23370.0,1.047198,1.046939,-0.014411,0.037796,0.015521,0.000000,3.199884,-0.002691,0.000000,0.000000
23375.0,1.047198,1.046941,0.013962,0.037460,0.015378,0.000000,3.199885,0.002237,-0.000128,0.000000
23380.0,1.047198,1.046942,0.008801,0.038370,0.015364,0.000000,3.199881,-0.014801,0.000128,0.000000
23385.0,1.047198,1.047208,0.172509,0.029557,-0.000644,0.000000,3.199880,-0.011501,-0.000734,0.000000
23390.0,1.047198,1.047323,0.036607,0.034729,-0.007524,0.000000,3.199883,0.006351,0.000000,0.000000
23395.0,1.047198,1.047328,0.012595,0.034729,-0.007854,0.000000,3.199886,0.021547,0.000000,0.000000
23400.0,1.047198,1.047328,0.013775,0.035639,-0.007811,0.000000,3.199888,0.010960,0.000000,0.000000
23405.0,1.047198,1.047329,0.016049,0.033820,-0.007861,0.000000,3.199886,0.010988,0.000000,0.000000
23410.0,1.047198,1.047327,0.004464,0.034729,-0.007746,0.000000,3.199881,-0.024882,0.000128,0.000000
23415.0,1.047198,1.047327,0.001407,0.035639,-0.007739,0.000000,3.199879,-0.018718,0.000000,0.000000
23420.0,1.047198,1.047326,0.008370,0.035639,-0.007696,0.000000,3.199882,0.011755,0.000862,0.000000
23425.0,1.047198,1.047326,0.001036,0.035354,-0.007682,0.000000,3.199886,0.014292,0.000000,0.000000
23430.0,1.047198,1.047326,0.006901,0.035639,-0.007718,0.000000,3.199886,-0.005853,-0.000734,0.000000
23435.0,1.047198,1.047325,0.002899,0.034729,-0.007675,0.000000,3.199885,0.003623,0.000000,0.000000
23440.0,1.047198,1.047325,-0.006047,0.034160,-0.007668,0.000000,3.199884,0.000684,0.000128,0.000000
23445.0,1.047198,1.047121,-0.206324,0.043257,0.004606,0.000000,3.199885,-0.005994,0.000000,0.000000
23450.0,1.047198,1.046949,-0.023342,0.038993,0.014892,0.000000,3.199883,-0.007310,0.000000,0.000000
23455.0,1.047198,1.046940,-0.009136,0.037460,0.015435,0.000000,3.199881,-0.017411,0.000000,0.000000
23460.0,1.047198,1.046940,-0.010510,0.037173,0.015450,0.000000,3.199882,-0.000354,0.000000,0.000000
23465.0,1.047198,1.046939,0.000007,0.037460,0.015521,0.000000,3.199884,0.005642,0.000000,0.000000
23470.0,1.047198,1.047143,0.181758,0.028362,0.003262,0.000000,3.199886,0.008866,0.000128,0.000000
23475.0,1.047198,1.047298,0.053240,0.034105,-0.006037,0.000000,3.199887,0.019430,0.000000,0.000000
23480.0,1.047198,1.047327,-0.000844,0.034445,-0.007746,0.000000,3.199887,0.005878,0.000256,0.000000
23485.0,1.047198,1.047329,0.014203,0.034729,-0.007911,0.000000,3.199885,-0.003206,0.000000,0.000000
23490.0,1.047198,1.047327,0.016974,0.035639,-0.007775,0.000000,3.199879,-0.028740,0.000128,0.000000
23495.0,1.047198,1.047327,0.015016,0.034729,-0.007775,0.000000,3.199878,-0.015545,0.000000,0.000000
23500.0,1.047198,1.047326,0.004004,0.035639,-0.007710,0.000000,3.199881,-0.002452,0.000000,0.000000
23505.0,1.047198,1.047327,-0.004445,0.034729,-0.007761,0.000000,3.199884,0.012118,-0.000128,0.000000
23510.0,1.047198,1.047211,-0.194782,0.035640,-0.000780,0.000000,3.199888,0.012729,-0.000862,0.000000
23515.0,1.047198,1.046986,-0.095838,0.041436,0.012710,0.000000,3.199886,0.002189,-0.000128,0.000000
23520.0,1.047198,1.046940,-0.026624,0.038083,0.015450,0.000000,3.199884,0.003591,0.000128,0.000000
23525.0,1.047198,1.046940,0.005627,0.037460,0.015457,0.000000,3.199885,0.004567,-0.000128,0.000000
23530.0,1.047198,1.046940,-0.010018,0.037173,0.015457,0.000000,3.199881,-0.032721,-0.000990,0.000000
23535.0,1.047198,1.046942,-0.001582,0.037173,0.015342,0.000000,3.199879,-0.000575,-0.000128,0.000000
23540.0,1.047198,1.047209,0.180566,0.029272,-0.000708,0.000000,3.199886,0.015458,0.000128,0.000000
23545.0,1.047198,1.047312,0.049482,0.034105,-0.006838,0.000000,3.199887,0.015051,0.000862,0.000000
23550.0,1.047198,1.047327,0.009879,0.034729,-0.007789,0.000000,3.199888,-0.004367,-0.000862,0.000000
23555.0,1.047198,1.047328,0.018294,0.034729,-0.007818,0.000000,3.199881,-0.014944,0.000128,0.000000
23560.0,1.047198,1.047328,-0.001930,0.034445,-0.007811,0.000000,3.199885,0.031784,0.001724,0.000000
23565.0,1.047198,1.047326,0.000949,0.035639,-0.007696,0.000000,3.199888,0.005084,0.000000,0.000000
23570.0,1.047198,1.047327,0.013766,0.035639,-0.007753,0.000000,3.199885,-0.003958,0.000000,0.000000
23575.0,1.047198,1.047325,-0.002065,0.035639,-0.007625,0.000000,3.199883,-0.010306,-0.000862,0.000000
23580.0,1.047198,1.047327,0.012284,0.034729,-0.007789,0.000000,3.199880,-0.008178,0.000000,0.000000
23585.0,1.047198,1.047325,-0.021152,0.036549,-0.007653,0.000000,3.199882,-0.003057,0.000000,0.000000
23590.0,1.047198,1.047325,-0.014336,0.034729,-0.007653,0.000000,3.199885,0.006350,0.000000,0.000000
23595.0,1.047198,1.047324,-0.000056,0.035639,-0.007582,0.000000,3.199887,0.013202,0.000128,0.000000
23600.0,1.047198,1.047325,0.003966,0.034729,-0.007646,0.000000,3.199886,0.001972,-0.000734,0.000000
23605.0,1.047198,1.047057,-0.183249,0.042969,0.008433,0.000000,3.199882,-0.023253,0.000000,0.000000
23610.0,1.047198,1.046945,-0.020634,0.038993,0.015171,0.000000,3.199883,-0.001001,0.000000,0.000000
23615.0,1.047198,1.046940,-0.009959,0.038083,0.015478,0.000000,3.199885,0.018902,0.000128,0.000000
23620.0,1.047198,1.047144,0.211380,0.030751,0.003226,0.000000,3.199882,-0.011325,0.000000,0.000000
23625.0,1.047198,1.047566,0.220625,0.025577,-0.022080,0.000000,3.199882,-0.002479,0.000128,0.000000
23630.0,1.047198,1.047705,0.041313,0.032911,-0.030420,0.000000,3.199887,0.016073,-0.000862,0.000000
23635.0,1.047198,1.047712,0.006525,0.032002,-0.030842,0.000000,3.199887,0.004951,0.000000,0.000000
23640.0,1.047198,1.047713,0.010919,0.031375,-0.030913,0.000000,3.199882,-0.011394,0.000000,0.000000
23645.0,1.047198,1.047508,-0.172939,0.039617,-0.018618,0.000000,3.199882,-0.002371,0.000000,0.000000
23650.0,1.047198,1.047025,-0.151719,0.044790,0.010371,0.000000,3.199884,0.002579,0.000000,0.000000
23655.0,1.047198,1.046948,-0.050491,0.038993,0.014970,0.000000,3.199884,0.003481,0.000128,0.000000
23660.0,1.047198,1.046937,-0.031168,0.036550,0.015664,0.000000,3.199884,0.000547,0.000128,0.000000
23665.0,1.047198,1.046937,-0.005682,0.038083,0.015628,0.000000,3.199884,0.000627,0.000000,0.000000
23670.0,1.047198,1.046938,-0.027853,0.036263,0.015557,0.000000,3.199883,-0.005353,0.000000,0.000000
23675.0,1.047198,1.046938,-0.012079,0.038083,0.015564,0.000000,3.199883,-0.000134,0.000000,0.000000
23680.0,1.047198,1.046939,-0.009764,0.038370,0.015500,0.000000,3.199885,0.001330,0.000000,0.000000
23685.0,1.047198,1.047055,0.178723,0.028932,0.008554,0.000000,3.199885,0.001046,0.000256,0.000000
23690.0,1.047198,1.047311,0.041516,0.032285,-0.006824,0.000000,3.199887,0.008557,0.000000,0.000000
23695.0,1.047198,1.047326,-0.000674,0.035639,-0.007689,0.000000,3.199885,-0.000457,0.000000,0.000000
23700.0,1.047198,1.047328,-0.000476,0.033820,-0.007854,0.000000,3.199882,-0.014305,0.000000,0.000000
23705.0,1.047198,1.047327,-0.008086,0.035639,-0.007775,0.000000,3.199880,-0.016735,0.000000,0.000000
23710.0,1.047198,1.047328,0.014796,0.034729,-0.007818,0.000000,3.199882,0.000010,0.000000,0.000000
23715.0,1.047198,1.047327,-0.004593,0.034729,-0.007753,0.000000,3.199885,0.021037,0.000000,0.000000
23720.0,1.047198,1.047326,0.022238,0.035639,-0.007725,0.000000,3.199888,0.021575,0.000862,0.000000
23725.0,1.047198,1.047327,0.001734,0.034729,-0.007761,0.000000,3.199886,-0.004701,-0.000862,0.000000
23730.0,1.047198,1.047327,0.004060,0.034729,-0.007739,0.000000,3.199881,-0.016290,0.000000,0.000000
23735.0,1.047198,1.047326,-0.002250,0.035639,-0.007710,0.000000,3.199881,-0.005722,0.000000,0.000000
23740.0,1.047198,1.047325,-0.008245,0.034729,-0.007668,0.000000,3.199885,-0.000083,-0.000862,0.000000
23745.0,1.047198,1.047324,-0.009496,0.034729,-0.007567,0.000000,3.199884,0.016046,-0.000990,0.000000
23750.0,1.047198,1.047326,0.003837,0.034729,-0.007696,0.000000,3.199886,-0.006572,-0.000862,0.000000
23755.0,1.047198,1.047325,-0.012513,0.035639,-0.007646,0.000000,3.199881,-0.014223,0.000000,0.000000
23760.0,1.047198,1.047325,0.011503,0.035639,-0.007660,0.000000,3.199887,0.013906,0.000000,0.000000
23765.0,1.047198,1.047325,-0.008354,0.034445,-0.007660,0.000000,3.199883,-0.013479,0.000000,0.000000
23770.0,1.047198,1.047325,0.002986,0.034729,-0.007625,0.000000,3.199882,-0.002046,0.000000,0.000000
23775.0,1.047198,1.047325,0.002331,0.033535,-0.007653,0.000000,3.199884,0.002286,0.000000,0.000000
23780.0,1.047198,1.047324,-0.006458,0.033820,-0.007582,0.000000,3.199887,0.002369,-0.000862,0.000000
23785.0,1.047198,1.047325,-0.003664,0.034729,-0.007653,0.000000,3.199884,-0.001800,-0.000128,0.000000
23790.0,1.047198,1.047324,-0.005779,0.034729,-0.007610,0.000000,3.199884,0.002445,0.000128,0.000000
23795.0,1.047198,1.047326,0.016888,0.033820,-0.007689,0.000000,3.199884,0.002871,0.000862,0.000000
23800.0,1.047198,1.047325,0.001730,0.034729,-0.007639,0.000000,3.199883,-0.008515,0.000000,0.000000
23805.0,1.047198,1.047324,0.009091,0.033820,-0.007610,0.000000,3.199885,0.005250,-0.000128,0.000000
23810.0,1.047198,1.047325,-0.012970,0.034105,-0.007639,0.000000,3.199884,-0.005009,0.000128,0.000000
23815.0,1.047198,1.047324,0.002190,0.034729,-0.007589,0.000000,3.199883,-0.004941,0.000000,0.000000
23820.0,1.047198,1.047325,0.001245,0.034729,-0.007625,0.000000,3.199883,-0.012614,-0.000862,0.000000
23825.0,1.047198,1.047324,-0.010722,0.034729,-0.007575,0.000000,3.199880,-0.012643,0.000128,0.000000
23830.0,1.047198,1.047325,-0.026329,0.032910,-0.007617,0.000000,3.199883,0.004008,0.000000,0.000000
23835.0,1.047198,1.047323,-0.002261,0.034729,-0.007524,0.000000,3.199886,0.009535,0.000862,0.000000
23840.0,1.047198,1.047325,0.007890,0.034729,-0.007660,0.000000,3.199888,0.015544,0.000128,0.000000
23845.0,1.047198,1.047325,0.001487,0.034729,-0.007639,0.000000,3.199886,0.002792,-0.000128,0.000000
23850.0,1.047198,1.047323,-0.004486,0.034729,-0.007553,0.000000,3.199887,0.013103,-0.000862,0.000000
23855.0,1.047198,1.047325,-0.007227,0.034729,-0.007632,0.000000,3.199886,0.010767,0.000128,0.000000
23860.0,1.047198,1.047325,0.003322,0.034729,-0.007639,0.000000,3.199886,0.000033,0.000000,0.000000
23865.0,1.047198,1.047323,-0.009885,0.034729,-0.007539,0.000000,3.199886,-0.011145,-0.000862,0.000000
23870.0,1.047198,1.047323,-0.014149,0.034160,-0.007553,0.000000,3.199879,-0.000303,0.001724,0.000000
23875.0,1.047198,1.047325,0.004745,0.033820,-0.007625,0.000000,3.199883,-0.001731,0.000000,0.000000
23880.0,1.047198,1.047325,0.002084,0.034729,-0.007625,0.000000,3.199883,-0.007994,0.000000,0.000000
23885.0,1.047198,1.047325,-0.005765,0.033820,-0.007625,0.000000,3.199882,-0.019974,-0.000862,0.000000
23890.0,1.047198,1.047325,-0.013452,0.033535,-0.007625,0.000000,3.199881,-0.003482,0.000256,0.000000
23895.0,1.047198,1.047324,-0.000146,0.034445,-0.007603,0.000000,3.199884,-0.007159,0.000128,0.000000
23900.0,1.047198,1.047325,-0.000174,0.033820,-0.007675,0.000000,3.199884,0.001441,0.000128,0.000000
23905.0,1.047198,1.047325,-0.004471,0.033820,-0.007639,0.000000,3.199883,-0.006192,0.000000,0.000000
23910.0,1.047198,1.047325,0.000565,0.033820,-0.007639,0.000000,3.199884,0.004411,0.000128,0.000000
23915.0,1.047198,1.047325,0.003706,0.032910,-0.007675,0.000000,3.199886,0.006903,0.000000,0.000000
23920.0,1.047198,1.047325,-0.003861,0.033820,-0.007632,0.000000,3.199885,-0.008903,-0.000862,0.000000
23925.0,1.047198,1.047324,-0.005248,0.035014,-0.007567,0.000000,3.199883,-0.006897,-0.000128,0.000000
23930.0,1.047198,1.047324,-0.018364,0.032910,-0.007610,0.000000,3.199883,0.002901,0.000000,0.000000
23935.0,1.047198,1.047323,-0.011495,0.034729,-0.007553,0.000000,3.199890,0.035317,-0.001852,0.000000
23940.0,1.047198,1.047324,-0.026366,0.032910,-0.007582,0.000000,3.199880,-0.034518,-0.000734,0.000000
23945.0,1.047198,1.047323,-0.012039,0.034729,-0.007553,0.000000,3.199878,-0.017120,0.000734,0.000000
23950.0,1.047198,1.047325,-0.003753,0.033820,-0.007625,0.000000,3.199883,0.003184,0.000000,0.000000
23955.0,1.047198,1.047326,0.004514,0.033820,-0.007710,0.000000,3.199884,-0.001246,0.000000,0.000000
23960.0,1.047198,1.047323,-0.023185,0.033820,-0.007546,0.000000,3.199885,0.010025,0.000000,0.000000
23965.0,1.047198,1.047323,-0.021573,0.034729,-0.007539,0.000000,3.199886,0.011716,0.000862,0.000000
23970.0,1.047198,1.047058,-0.161224,0.043257,0.008397,0.000000,3.199887,-0.000210,0.000000,0.000000
23975.0,1.047198,1.046955,-0.051196,0.038083,0.014541,0.000000,3.199884,-0.002182,0.000000,0.000000
23980.0,1.047198,1.046939,-0.028872,0.035976,0.015528,0.000000,3.199884,-0.003194,0.000000,0.000000
23985.0,1.047198,1.046939,-0.002438,0.036550,0.015492,0.000000,3.199884,-0.003045,0.000000,0.000000
23990.0,1.047198,1.046939,-0.014068,0.036550,0.015528,0.000000,3.199883,0.007744,0.000862,0.000000
23995.0,1.047198,1.046940,-0.003845,0.036550,0.015435,0.000000,3.199885,0.006006,0.000000,0.000000
24000.0,1.047198,1.046942,0.009086,0.037173,0.015349,0.000000,3.199888,0.033755,0.001980,0.000000
24005.0,1.047198,1.046943,0.020205,0.035640,0.015278,0.000000,3.199889,0.014287,0.000000,0.000000
24010.0,1.047198,1.046942,-0.005002,0.036550,0.015335,0.000000,3.199881,-0.021157,0.000990,0.000000
24015.0,1.047198,1.047210,0.178986,0.028022,-0.000737,0.000000,3.199879,-0.016593,0.000000,0.000000
24020.0,1.047198,1.047323,0.039953,0.033820,-0.007539,0.000000,3.199882,-0.004129,0.000000,0.000000
24025.0,1.047198,1.047328,0.024667,0.032910,-0.007825,0.000000,3.199882,-0.003332,0.000000,0.000000
24030.0,1.047198,1.047328,0.013143,0.034729,-0.007839,0.000000,3.199884,0.001380,0.000000,0.000000
24035.0,1.047198,1.047328,0.005934,0.033820,-0.007832,0.000000,3.199885,0.002923,0.000000,0.000000
24040.0,1.047198,1.047015,-0.120958,0.043257,0.010958,0.000000,3.199884,-0.001239,-0.000128,0.000000
24045.0,1.047198,1.046951,-0.024752,0.037173,0.014770,0.000000,3.199884,0.001120,0.000000,0.000000
24050.0,1.047198,1.046941,-0.006496,0.036550,0.015407,0.000000,3.199884,0.004349,0.000000,0.000000
24055.0,1.047198,1.046941,-0.015935,0.037173,0.015407,0.000000,3.199885,0.001806,-0.000990,0.000000
24060.0,1.047198,1.046941,-0.012385,0.036263,0.015407,0.000000,3.199879,-0.017350,0.000000,0.000000
24065.0,1.047198,1.046942,0.008031,0.036550,0.015364,0.000000,3.199881,-0.002035,0.000128,0.000000
24070.0,1.047198,1.046944,0.009163,0.036550,0.015242,0.000000,3.199887,0.038663,0.001724,0.000000
24075.0,1.047198,1.046942,-0.004209,0.037173,0.015357,0.000000,3.199891,0.027205,0.000000,0.000000
24080.0,1.047198,1.046944,0.009395,0.036550,0.015235,0.000000,3.199889,0.002648,-0.000128,0.000000
24085.0,1.047198,1.047212,0.193901,0.028022,-0.000844,0.000000,3.199884,-0.012096,0.001724,0.000000
24090.0,1.047198,1.047323,0.031796,0.033820,-0.007503,0.000000,3.199886,0.002392,0.000000,0.000000
24095.0,1.047198,1.047329,0.018911,0.033820,-0.007904,0.000000,3.199883,-0.012094,0.000000,0.000000
24100.0,1.047198,1.047329,0.014512,0.033820,-0.007911,0.000000,3.199876,-0.038352,-0.000256,0.000000
24105.0,1.047198,1.047329,0.017916,0.033820,-0.007861,0.000000,3.199883,0.014291,-0.000862,0.000000
24110.0,1.047198,1.047327,0.011387,0.034729,-0.007789,0.000000,3.199886,0.003573,0.000000,0.000000
24115.0,1.047198,1.047327,-0.000517,0.033820,-0.007753,0.000000,3.199886,0.005336,0.000000,0.000000
24120.0,1.047198,1.046970,-0.063718,0.038993,0.013669,0.000000,3.199881,-0.016109,0.000128,0.000000
24125.0,1.047198,1.046943,-0.016768,0.038083,0.015299,0.000000,3.199881,-0.013567,0.000000,0.000000
24130.0,1.047198,1.046939,-0.007772,0.037173,0.015492,0.000000,3.199881,-0.016749,0.000000,0.000000
24135.0,1.047198,1.046940,-0.003661,0.037173,0.015450,0.000000,3.199881,-0.008185,0.000000,0.000000
24140.0,1.047198,1.046941,-0.010710,0.036550,0.015378,0.000000,3.199884,-0.005494,-0.000862,0.000000
24145.0,1.047198,1.046942,0.003910,0.037173,0.015321,0.000000,3.199884,-0.001410,0.000000,0.000000
24150.0,1.047198,1.047146,0.199709,0.028022,0.003111,0.000000,3.199891,0.030392,0.000000,0.000000
24155.0,1.047198,1.047300,0.074879,0.032285,-0.006166,0.000000,3.199890,0.011637,0.000128,0.000000
24160.0,1.047198,1.047328,0.019533,0.034729,-0.007825,0.000000,3.199883,-0.037592,-0.001724,0.000000
24165.0,1.047198,1.047329,0.012577,0.034729,-0.007896,0.000000,3.199877,-0.025412,0.000000,0.000000
24170.0,1.047198,1.047328,-0.005551,0.033820,-0.007796,0.000000,3.199880,-0.018390,-0.000862,0.000000
24175.0,1.047198,1.047326,0.001992,0.034729,-0.007718,0.000000,3.199882,0.013118,-0.000862,0.000000
24180.0,1.047198,1.047328,0.017406,0.034729,-0.007818,0.000000,3.199885,0.011649,0.000000,0.000000
24185.0,1.047198,1.047327,0.010124,0.033820,-0.007739,0.000000,3.199887,0.012146,0.000000,0.000000
24190.0,1.047198,1.047326,0.006680,0.034729,-0.007703,0.000000,3.199888,0.012824,0.000000,0.000000
24195.0,1.047198,1.047057,-0.173767,0.044167,0.008461,0.000000,3.199885,-0.021086,0.000000,0.000000
24200.0,1.047198,1.046945,-0.017274,0.038706,0.015135,0.000000,3.199880,-0.006861,0.000000,0.000000
24205.0,1.047198,1.046939,-0.017208,0.037173,0.015492,0.000000,3.199881,-0.005511,0.000000,0.000000
24210.0,1.047198,1.046940,-0.008672,0.037173,0.015450,0.000000,3.199885,0.009597,-0.000128,0.000000
24215.0,1.047198,1.046940,0.005279,0.037173,0.015464,0.000000,3.199886,0.010268,0.000000,0.000000
24220.0,1.047198,1.046942,0.006147,0.037460,0.015357,0.000000,3.199886,0.004262,0.000000,0.000000
24225.0,1.047198,1.047254,0.126026,0.030466,-0.003397,0.000000,3.199883,-0.004910,-0.000128,0.000000
24230.0,1.047198,1.047325,0.021025,0.034729,-0.007639,0.000000,3.199883,0.001209,0.000128,0.000000
24235.0,1.047198,1.047328,0.015913,0.034729,-0.007796,0.000000,3.199883,0.017818,0.000128,0.000000
24240.0,1.047198,1.047328,0.007519,0.033820,-0.007854,0.000000,3.199888,0.025482,0.000862,0.000000
24245.0,1.047198,1.047326,0.006942,0.034729,-0.007710,0.000000,3.199888,0.011633,0.000000,0.000000
24250.0,1.047198,1.047327,0.003159,0.034729,-0.007739,0.000000,3.199883,-0.022285,-0.000990,0.000000
24255.0,1.047198,1.047328,0.002390,0.033820,-0.007803,0.000000,3.199880,-0.005984,0.000000,0.000000
24260.0,1.047198,1.047325,-0.002937,0.034729,-0.007639,0.000000,3.199883,-0.000560,0.000000,0.000000
24265.0,1.047198,1.047212,-0.192226,0.044167,-0.000887,0.000000,3.199884,0.000187,0.000000,0.000000
24270.0,1.047198,1.046956,-0.053323,0.038993,0.014505,0.000000,3.199882,-0.022659,-0.000734,0.000000
24275.0,1.047198,1.046941,-0.013830,0.037173,0.015414,0.000000,3.199881,-0.014301,0.000000,0.000000
24280.0,1.047198,1.046939,0.008847,0.038370,0.015507,0.000000,3.199881,-0.004974,0.000000,0.000000
24285.0,1.047198,1.046941,-0.003857,0.037460,0.015407,0.000000,3.199884,0.009868,0.000862,0.000000
24290.0,1.047198,1.046940,-0.013394,0.037173,0.015478,0.000000,3.199887,0.013893,0.000000,0.000000
24295.0,1.047198,1.047253,0.133358,0.030466,-0.003304,0.000000,3.199884,0.000247,0.000000,0.000000
24300.0,1.047198,1.047325,0.015894,0.033535,-0.007675,0.000000,3.199887,0.009459,0.000000,0.000000
24305.0,1.047198,1.047329,0.003747,0.033820,-0.007868,0.000000,3.199883,-0.013804,-0.000128,0.000000
24310.0,1.047198,1.047328,0.003909,0.033820,-0.007846,0.000000,3.199881,-0.006368,0.000000,0.000000
24315.0,1.047198,1.047328,0.010416,0.035014,-0.007803,0.000000,3.199885,0.011292,0.000000,0.000000
24320.0,1.047198,1.047325,-0.003606,0.034729,-0.007668,0.000000,3.199887,0.009356,0.000000,0.000000
24325.0,1.047198,1.047325,0.002218,0.034729,-0.007660,0.000000,3.199885,-0.000808,0.000000,0.000000
24330.0,1.047198,1.047327,-0.000467,0.034729,-0.007739,0.000000,3.199885,0.011933,0.000000,0.000000
24335.0,1.047198,1.047326,-0.004803,0.034730,-0.007725,0.000000,3.199886,0.003235,-0.000128,0.000000
24340.0,1.047198,1.046966,-0.059614,0.041436,0.013883,0.000000,3.199882,-0.007033,0.000862,0.000000
24345.0,1.047198,1.046943,-0.014728,0.037460,0.015292,0.000000,3.199882,-0.005384,0.001724,0.000000
24350.0,1.047198,1.046939,-0.018080,0.037173,0.015528,0.000000,3.199885,0.006047,0.000128,0.000000
24355.0,1.047198,1.046939,-0.005063,0.037173,0.015500,0.000000,3.199883,-0.014543,0.000128,0.000000
24360.0,1.047198,1.046942,0.003710,0.037460,0.015335,0.000000,3.199882,-0.005365,-0.000128,0.000000
24365.0,1.047198,1.046941,-0.010351,0.037173,0.015407,0.000000,3.199882,-0.010897,-0.000128,0.000000
24370.0,1.047198,1.047210,0.179691,0.028362,-0.000722,0.000000,3.199883,0.003389,0.000128,0.000000
24375.0,1.047198,1.047580,0.217250,0.024668,-0.022917,0.000000,3.199884,-0.007521,0.000000,0.000000
24380.0,1.047198,1.047708,0.027848,0.030466,-0.030642,0.000000,3.199888,0.009769,-0.000862,0.000000
24385.0,1.047198,1.047713,0.015888,0.032284,-0.030928,0.000000,3.199886,0.002084,0.000000,0.000000
24390.0,1.047198,1.047598,-0.179315,0.031376,-0.024047,0.000000,3.199885,0.002545,0.000128,0.000000
24395.0,1.047198,1.047168,-0.299259,0.046610,0.001802,0.000000,3.199885,-0.003404,0.000000,0.000000
24400.0,1.047198,1.046949,-0.037536,0.038993,0.014892,0.000000,3.199883,-0.005550,0.000000,0.000000
24405.0,1.047198,1.046939,-0.016522,0.037173,0.015543,0.000000,3.199883,-0.004210,0.000000,0.000000
24410.0,1.047198,1.046939,0.001423,0.037460,0.015507,0.000000,3.199883,-0.003680,0.000000,0.000000
24415.0,1.047198,1.046939,-0.011610,0.037173,0.015500,0.000000,3.199883,-0.001372,0.000000,0.000000
24420.0,1.047198,1.046940,-0.005059,0.036550,0.015457,0.000000,3.199884,0.004836,0.000256,0.000000
24425.0,1.047198,1.046939,-0.012394,0.038083,0.015492,0.000000,3.199889,0.024520,0.000000,0.000000
24430.0,1.047198,1.047144,0.185960,0.028022,0.003190,0.000000,3.199880,-0.029905,0.000000,0.000000
24435.0,1.047198,1.047301,0.059782,0.032910,-0.006216,0.000000,3.199880,-0.006536,0.000000,0.000000
24440.0,1.047198,1.047328,0.005401,0.032910,-0.007825,0.000000,3.199884,0.000820,0.000000,0.000000
24445.0,1.047198,1.047328,0.001329,0.034729,-0.007803,0.000000,3.199884,0.002847,0.000000,0.000000
24450.0,1.047198,1.047329,0.018996,0.034729,-0.007896,0.000000,3.199885,0.004069,-0.000128,0.000000
24455.0,1.047198,1.047329,0.011226,0.034105,-0.007861,0.000000,3.199885,0.016099,0.000128,0.000000
24460.0,1.047198,1.047327,-0.008747,0.033820,-0.007739,0.000000,3.199884,0.008313,0.000862,0.000000
24465.0,1.047198,1.047326,-0.000973,0.034729,-0.007732,0.000000,3.199885,0.001490,-0.000606,0.000000
24470.0,1.047198,1.047326,0.005923,0.034729,-0.007725,0.000000,3.199881,-0.010041,0.000000,0.000000
24475.0,1.047198,1.047121,-0.203745,0.043257,0.004570,0.000000,3.199882,-0.003014,0.000000,0.000000
24480.0,1.047198,1.046949,-0.032355,0.038083,0.014935,0.000000,3.199884,0.005710,0.000128,0.000000
24485.0,1.047198,1.046939,-0.010562,0.038083,0.015492,0.000000,3.199883,-0.003227,-0.000862,0.000000
24490.0,1.047198,1.046940,0.000927,0.037173,0.015442,0.000000,3.199880,-0.008130,0.000000,0.000000
24495.0,1.047198,1.046940,-0.014811,0.037173,0.015478,0.000000,3.199884,0.006386,-0.000862,0.000000
24500.0,1.047198,1.046942,0.012035,0.037460,0.015357,0.000000,3.199887,0.014551,0.000000,0.000000
24505.0,1.047198,1.046940,-0.009769,0.038083,0.015428,0.000000,3.199887,0.014139,-0.000128,0.000000
24510.0,-0.261799,1.036913,-61.711277,-1.201973,-77.922737,0.000000,3.199886,0.004198,0.000000,0.000000
24515.0,-0.261799,1.005403,-78.849548,0.070191,-76.032158,0.000000,3.199885,0.011074,0.000128,0.000000
24520.0,-0.261799,0.955996,-74.743179,0.075452,-73.067711,0.000000,3.199881,-0.026703,-0.000862,0.000000
24525.0,-0.261799,0.926860,-72.014641,0.011294,-71.319550,0.000000,3.199875,-0.043781,0.000000,0.000000
24530.0,-0.261799,0.883610,-69.819817,0.014606,-68.724564,0.000000,3.200838,1.459810,0.000118,0.000000
24535.0,-0.261799,0.855221,-68.050735,0.016818,-67.021202,0.000000,3.202044,2.637464,0.000000,0.000000
24540.0,-0.261799,0.813422,-65.748238,0.027782,-64.513298,0.000000,3.203380,2.712430,-0.000108,0.000000
24545.0,-0.261799,0.786596,-63.645519,0.011473,-62.903740,0.000000,3.203809,1.935553,0.000106,0.000000
24550.0,-0.261799,0.748218,-61.132469,0.002727,-60.601028,0.000000,3.203555,0.027656,0.000959,0.000000
24555.0,-0.261799,0.723728,-59.519161,-0.012097,-59.131653,0.000000,3.203305,-0.703147,0.000106,0.000000
24560.0,-0.261799,0.687330,-57.438259,-0.003639,-56.947746,0.000000,3.202926,-1.132141,0.000854,0.000000
24565.0,-0.261799,0.663961,-55.956814,-0.016224,-55.545650,0.000000,3.202165,-1.866939,0.000000,0.000000
24570.0,-0.261799,0.629386,-54.113667,-0.004055,-53.471127,0.000000,3.201360,-1.854793,0.000000,0.000000
24575.0,-0.261799,0.607358,-52.550045,-0.013420,-52.149448,0.000000,3.201088,-1.303242,-0.000976,0.000000
24580.0,-0.261799,0.574509,-50.969566,-0.000431,-50.178509,0.000000,3.201266,-0.021901,0.000118,0.000000
24585.0,-0.261799,0.553219,-49.448105,0.006102,-48.901093,0.000000,3.201435,0.443643,-0.000858,0.000000
24590.0,-0.261799,0.522544,-47.237427,0.004923,-47.060604,0.000000,3.202441,1.814015,-0.000111,0.000000
24595.0,-0.261799,0.503106,-46.016918,-0.004832,-45.894348,0.000000,3.203578,2.795128,0.000000,0.000000
24600.0,-0.261799,0.473890,-44.618935,0.023596,-44.141357,0.000000,3.204984,2.933742,0.000000,0.000000
24605.0,-0.261799,0.454752,-43.451641,0.028019,-42.993111,0.000000,3.205676,2.437045,0.000000,0.000000
24610.0,-0.261799,0.427405,-41.243256,0.031263,-41.352268,0.000000,3.206082,1.089888,-0.000088,0.000000
24615.0,-0.261799,0.410052,-40.377441,0.022921,-40.311104,0.000000,3.206167,0.340974,0.000000,0.000000
24620.0,-0.261799,0.385160,-38.838535,0.017679,-38.817554,0.000000,3.205971,-0.551069,0.000088,0.000000
24625.0,-0.261799,0.369183,-37.682999,0.012160,-37.858921,0.000000,3.205882,-0.653942,0.000088,0.000000
24630.0,-0.261799,0.346294,-36.059124,0.004019,-36.485626,0.000000,3.205196,-1.367027,-0.000848,0.000000
24635.0,-0.261799,0.331724,-35.200134,-0.008864,-35.611397,0.000000,3.204640,-1.607729,0.000000,0.000000
24640.0,-0.261799,0.310958,-33.856251,-0.024812,-34.365421,0.000000,3.204174,-1.115704,0.000000,0.000000
24645.0,-0.261799,0.297738,-32.983021,-0.041726,-33.572258,0.000000,3.204277,-0.292949,0.000000,0.000000
24650.0,-0.261799,0.278669,-31.993807,-0.048900,-32.428085,0.000000,3.204509,0.402133,-0.000850,0.000000
24655.0,-0.261799,0.266069,-31.360252,-0.056285,-31.672092,0.000000,3.204581,0.454224,-0.000850,0.000000
24660.0,-0.261799,0.247023,-30.715790,-0.046290,-30.529358,0.000000,3.204695,0.462981,-0.000849,0.000000
24665.0,-0.261799,0.234163,-30.135445,-0.027730,-29.757738,0.000000,3.204946,0.652421,0.000000,0.000000
24670.0,-0.261799,0.215309,-28.955269,-0.026054,-28.626528,0.000000,3.205806,1.303528,0.000000,0.000000
24675.0,-0.261799,0.202769,-28.276810,-0.013744,-27.874119,0.000000,3.206233,1.264163,0.000000,0.000000
24680.0,-0.261799,0.184869,-27.237013,-0.011382,-26.800127,0.000000,3.206199,0.288135,0.000000,0.000000
24685.0,-0.261799,0.173155,-26.328690,-0.007539,-26.097244,0.000000,3.206061,-0.227356,0.000935,0.000000
24690.0,-0.261799,0.156498,-25.387337,-0.007609,-25.097816,0.000000,3.205933,-0.428319,0.000000,0.000000
24695.0,-0.261799,0.145597,-24.635159,0.003671,-24.443775,0.000000,3.205807,-0.521161,0.000000,0.000000
24700.0,-0.261799,0.130196,-23.573511,-0.004236,-23.519747,0.000000,3.205224,-1.020054,0.000000,0.000000
24705.0,-0.261799,0.120139,-22.955807,0.003722,-22.916288,0.000000,3.204856,-1.112525,0.000000,0.000000
24710.0,-0.261799,0.105536,-21.989410,0.007950,-22.040110,0.000000,3.204676,-0.567862,0.000000,0.000000
24715.0,-0.261799,0.096233,-21.610178,0.017056,-21.481949,0.000000,3.204767,-0.064736,0.000000,0.000000
24720.0,-0.261799,0.082783,-20.500120,0.011618,-20.674971,0.000000,3.204908,0.318154,-0.000096,0.000000
24725.0,-0.261799,0.074252,-19.900322,-0.001404,-20.163092,0.000000,3.204945,0.315328,0.000000,0.000000
24730.0,-0.261799,0.061989,-19.157997,0.000114,-19.427326,0.000000,3.205325,0.659997,-0.000093,0.000000
24735.0,-0.261799,0.053918,-18.748072,-0.000000,-18.943048,0.000000,3.205590,0.781890,-0.000847,0.000000
24740.0,-0.261799,0.041933,-18.280882,0.013706,-18.223970,0.000000,3.205893,0.669818,0.000000,0.000000
24745.0,-0.261799,0.034241,-17.742399,0.012926,-17.762394,0.000000,3.206122,0.630690,0.000000,0.000000
24750.0,-0.261799,0.023064,-17.001198,0.010707,-17.091776,0.000000,3.206106,0.123297,0.000088,0.000000
24755.0,-0.261799,0.015994,-16.484840,0.008270,-16.667624,0.000000,3.206034,-0.146798,-0.000088,0.000000
24760.0,-0.261799,0.005297,-16.186661,0.021032,-16.025755,0.000000,3.205971,-0.228878,0.000088,0.000000
24765.0,-0.261799,-0.001383,-15.573886,0.020710,-15.624972,0.000000,3.205965,-0.186811,-0.000846,0.000000
24770.0,-0.261799,-0.010812,-14.836000,0.011282,-15.059236,0.000000,3.205588,-0.588615,0.000000,0.000000
24775.0,-0.261799,-0.016896,-14.553094,0.010731,-14.694192,0.000000,3.205314,-0.764526,0.000093,0.000000
24780.0,-0.261799,-0.025994,-14.138981,0.016301,-14.148321,0.000000,3.205107,-0.512541,0.000000,0.000000
24785.0,-0.261799,-0.031854,-13.675220,0.014885,-13.796707,0.000000,3.205156,-0.143369,0.000093,0.000000
24790.0,-0.261799,-0.040513,-13.289621,0.018157,-13.277163,0.000000,3.205263,0.196050,0.000000,0.000000
24795.0,-0.261799,-0.045896,-12.912246,0.016823,-12.954233,0.000000,3.205303,0.251553,0.000848,0.000000
24800.0,-0.261799,-0.053977,-12.452888,0.013379,-12.469332,0.000000,3.205700,0.658739,0.000000,0.000000
24805.0,-0.261799,-0.059072,-12.077369,0.015233,-12.163634,0.000000,3.205765,0.469455,0.000000,0.000000
24810.0,-0.261799,-0.066385,-11.632108,0.015221,-11.724838,0.000000,3.205984,0.478990,0.000000,0.000000
24815.0,-0.261799,-0.071043,-11.296299,0.008271,-11.445392,0.000000,3.206098,0.380986,0.000000,0.000000
24820.0,-0.261799,-0.078232,-10.967650,0.014771,-11.014044,0.000000,3.206065,0.024841,-0.000088,0.000000
24825.0,-0.261799,-0.082863,-10.681346,0.015487,-10.736180,0.000000,3.206018,-0.122326,-0.000088,0.000000
24830.0,-0.261799,-0.089423,-10.222063,0.009714,-10.342612,0.000000,3.205981,-0.155940,0.000846,0.000000
24835.0,-0.261799,-0.093553,-10.009714,0.011320,-10.094789,0.000000,3.205981,-0.136383,0.000000,0.000000
24840.0,-0.261799,-0.099702,-9.668350,0.008876,-9.725848,0.000000,3.205998,-0.031818,0.000176,0.000000
24845.0,-0.261799,-0.103545,-9.422596,0.009675,-9.495264,0.000000,3.206015,0.022906,0.000176,0.000000
24850.0,-0.261799,-0.109370,-9.094963,0.015290,-9.145761,0.000000,3.206030,0.048400,-0.000088,0.000000
24855.0,-0.261799,-0.112937,-8.764224,0.002384,-8.931739,0.000000,3.206028,0.019890,0.000088,0.000000
24860.0,-0.261799,-0.118433,-8.579847,0.003967,-8.601989,0.000000,3.206023,-0.009388,-0.000935,0.000000
24865.0,-0.261799,-0.121867,-8.391738,0.007999,-8.395945,0.000000,3.206020,0.003498,0.000000,0.000000
24870.0,-0.261799,-0.126831,-8.127842,-0.002318,-8.098117,0.000000,3.206021,0.001345,-0.000846,0.000000
24875.0,-0.261799,-0.129950,-7.862805,0.002295,-7.910976,0.000000,3.206020,-0.005285,-0.000846,0.000000
24880.0,-0.261799,-0.134682,-7.563058,-0.000884,-7.627024,0.000000,3.206021,0.007937,0.000000,0.000000
24885.0,-0.261799,-0.137662,-7.457607,-0.000891,-7.448226,0.000000,3.206028,0.040229,0.000000,0.000000
24890.0,-0.261799,-0.141935,-7.148499,-0.006708,-7.191861,0.000000,3.206020,-0.021932,-0.000088,0.000000
24895.0,-0.261799,-0.144817,-6.887021,-0.011613,-7.018936,0.000000,3.206017,0.000374,0.000000,0.000000
24900.0,-0.261799,-0.149111,-6.873566,-0.001818,-6.761308,0.000000,3.206017,-0.021483,-0.000088,0.000000
24905.0,-0.261799,-0.151860,-6.607624,-0.005177,-6.596351,0.000000,3.206016,-0.014528,0.000000,0.000000
24910.0,-0.261799,-0.155565,-6.194730,-0.011277,-6.374065,0.000000,3.206017,-0.004318,0.000000,0.000000
24915.0,-0.261799,-0.158048,-6.189346,-0.013123,-6.225054,0.000000,3.206021,0.014559,0.000088,0.000000
24920.0,-0.261799,-0.161766,-6.077218,-0.014612,-6.002022,0.000000,3.206023,0.006012,0.000000,0.000000
24925.0,-0.261799,-0.164026,-5.679227,-0.023851,-5.866383,0.000000,3.206019,-0.012701,-0.000935,0.000000
24930.0,-0.261799,-0.167531,-5.751230,-0.016964,-5.656099,0.000000,3.206023,0.023805,0.000000,0.000000
24935.0,-0.261799,-0.169926,-5.578496,-0.014034,-5.512423,0.000000,3.206024,0.008308,-0.000088,0.000000
24940.0,-0.261799,-0.172963,-5.307401,-0.027535,-5.330212,0.000000,3.206019,-0.010569,0.000000,0.000000
24945.0,-0.261799,-0.174893,-5.179936,-0.023742,-5.214369,0.000000,3.206016,-0.022483,0.000000,0.000000
24950.0,-0.261799,-0.178185,-5.206194,-0.018153,-5.016875,0.000000,3.206016,-0.007252,0.000000,0.000000
24955.0,-0.261799,-0.180183,-4.940288,-0.021880,-4.896958,0.000000,3.206017,-0.009939,0.000758,0.000000
24960.0,-0.261799,-0.183035,-4.691515,-0.023740,-4.725874,0.000000,3.206022,0.007227,-0.000846,0.000000
24965.0,-0.261799,-0.184930,-4.616020,-0.025662,-4.612190,0.000000,3.206018,-0.013156,0.000000,0.000000
24970.0,-0.261799,-0.187708,-4.656639,-0.025685,-4.445492,0.000000,3.206019,0.001796,-0.000088,0.000000
24975.0,-0.261799,-0.189546,-4.303376,-0.028072,-4.335222,0.000000,3.206019,-0.003222,0.000000,0.000000
24980.0,-0.261799,-0.192141,-4.243928,-0.023848,-4.179530,0.000000,3.206021,0.008802,0.000000,0.000000
24985.0,-0.261799,-0.193755,-4.029293,-0.031801,-4.082674,0.000000,3.206022,0.009522,0.000088,0.000000
24990.0,-0.261799,-0.196247,-4.071908,-0.021076,-3.933123,0.000000,3.206024,0.017281,0.000000,0.000000
24995.0,-0.261799,-0.197708,-3.688038,-0.036047,-3.845503,0.000000,3.206020,-0.014492,-0.000088,0.000000
25000.0,-0.261799,-0.199843,-3.719772,-0.034070,-3.717405,0.000000,3.206017,-0.017785,-0.000846,0.000000
25005.0,-0.261799,-0.201351,-3.655651,-0.032005,-3.626929,0.000000,3.206017,-0.006805,0.000000,0.000000
25010.0,-0.261799,-0.203621,-3.554440,-0.031084,-3.490684,0.000000,3.206020,0.008706,0.000000,0.000000
25015.0,-0.261799,-0.204870,-3.330032,-0.038375,-3.415782,0.000000,3.206022,-0.001987,0.000000,0.000000
25020.0,-0.261799,-0.206728,-3.294184,-0.040814,-3.304269,0.000000,3.206020,0.004167,0.000088,0.000000
25025.0,-0.261799,-0.208179,-3.330999,-0.031993,-3.217217,0.000000,3.206021,0.005796,0.000000,0.000000
25030.0,-0.261799,-0.210454,-3.195889,-0.030184,-3.080708,0.000000,3.206021,0.005118,0.000000,0.000000
25035.0,-0.261799,-0.211531,-2.862664,-0.042975,-3.016109,0.000000,3.206021,0.002346,0.001693,0.000000
25040.0,-0.261799,-0.213153,-3.001653,-0.037170,-2.918792,0.000000,3.206026,0.015348,0.000000,0.000000
25045.0,-0.261799,-0.214306,-2.936935,-0.034453,-2.849594,0.000000,3.206022,-0.002948,0.000846,0.000000
25050.0,-0.261799,-0.216054,-2.699111,-0.034200,-2.744718,0.000000,3.206019,-0.011808,-0.000088,0.000000
25055.0,-0.261799,-0.217104,-2.652873,-0.040671,-2.681753,0.000000,3.206017,0.008404,-0.000935,0.000000
25060.0,-0.261799,-0.218560,-2.598758,-0.044926,-2.594337,0.000000,3.206018,-0.010434,0.000000,0.000000
25065.0,-0.261799,-0.219666,-2.620849,-0.038219,-2.528001,0.000000,3.206017,-0.011077,0.000000,0.000000
25070.0,-0.261799,-0.221190,-2.523503,-0.042244,-2.436540,0.000000,3.206018,-0.010159,0.000088,0.000000
25075.0,-0.261799,-0.222157,-2.345881,-0.044495,-2.378535,0.000000,3.206018,-0.006820,0.000000,0.000000
25080.0,-0.261799,-0.223556,-2.327901,-0.045386,-2.294585,0.000000,3.206019,-0.014589,-0.001023,0.000000
25085.0,-0.261799,-0.224356,-2.213519,-0.046269,-2.246595,0.000000,3.206017,-0.005897,-0.000846,0.000000
25090.0,-0.261799,-0.225584,-2.040569,-0.055924,-2.172935,0.000000,3.206024,0.020672,0.000000,0.000000
25095.0,-0.261799,-0.226515,-2.250063,-0.040972,-2.117092,0.000000,3.206021,-0.015005,-0.000846,0.000000
25100.0,-0.261799,-0.228026,-2.163056,-0.041852,-2.026423,0.000000,3.206016,-0.012073,0.000000,0.000000
25105.0,-0.261799,-0.228872,-1.675964,-0.035175,-1.975623,0.000000,3.206018,0.001959,0.000000,0.000000
25110.0,-0.261799,-0.229832,-1.386567,-0.042399,-1.918068,0.000000,3.206021,-0.001947,-0.000846,0.000000
25115.0,-0.261799,-0.230256,-1.330035,-0.050659,-1.892603,0.000000,3.206020,0.002282,0.000000,0.000000
25120.0,-0.261799,-0.231130,-1.533711,-0.048199,-1.840189,0.000000,3.206027,0.030548,0.000000,0.000000
25125.0,-0.261799,-0.231801,-1.616486,-0.039224,-1.799906,0.000000,3.206023,-0.001346,0.000000,0.000000
25130.0,-0.261799,-0.232712,-1.482768,-0.049788,-1.745254,0.000000,3.206020,-0.010320,-0.000846,0.000000
25135.0,-0.261799,-0.233336,-1.345374,-0.050377,-1.707801,0.000000,3.206017,-0.011931,0.000000,0.000000
25140.0,-0.261799,-0.234081,-1.324596,-0.048919,-1.663127,0.000000,3.206018,-0.004874,0.000000,0.000000
25145.0,-0.261799,-0.234721,-1.443041,-0.045595,-1.624721,0.000000,3.206019,-0.000138,0.000000,0.000000
25150.0,-0.261799,-0.235518,-1.371572,-0.045469,-1.576857,0.000000,3.206020,0.004616,0.000088,0.000000
25155.0,-0.261799,-0.236297,-1.406593,-0.045471,-1.530151,0.000000,3.206021,0.003909,0.000000,0.000000
25160.0,-0.261799,-0.237046,-1.319284,-0.044844,-1.485210,0.000000,3.206020,-0.000621,0.000000,0.000000
25165.0,-0.261799,-0.237624,-1.426932,-0.041415,-1.450541,0.000000,3.206020,-0.003428,-0.000088,0.000000
25170.0,-0.261799,-0.238527,-1.340958,-0.039812,-1.396330,0.000000,3.206018,-0.012522,0.000000,0.000000
25175.0,-0.261799,-0.239027,-1.221322,-0.047820,-1.366364,0.000000,3.206018,-0.001976,0.000000,0.000000
25180.0,-0.261799,-0.239728,-1.193408,-0.045464,-1.324311,0.000000,3.206021,0.006863,0.000000,0.000000
25185.0,-0.261799,-0.240331,-1.300284,-0.042915,-1.288107,0.000000,3.206021,0.006171,0.000000,0.000000
25190.0,-0.261799,-0.240988,-1.066587,-0.049331,-1.248658,0.000000,3.206020,-0.009299,0.000000,0.000000
25195.0,-0.261799,-0.241489,-1.204036,-0.044435,-1.218640,0.000000,3.206018,-0.007258,0.000846,0.000000
25200.0,-0.261799,-0.242239,-1.206003,-0.049417,-1.173609,0.000000,3.206022,0.010167,-0.000846,0.000000
25205.0,-0.261799,-0.242540,-0.942496,-0.054917,-1.155566,0.000000,3.206024,0.015714,-0.000846,0.000000
25210.0,-0.261799,-0.243459,-1.185929,-0.038781,-1.100433,0.000000,3.206020,-0.007158,0.000088,0.000000
25215.0,-0.261799,-0.243697,-0.861251,-0.054994,-1.086171,0.000000,3.206018,-0.006916,0.000000,0.000000
25220.0,-0.261799,-0.244446,-1.202422,-0.044376,-1.041188,0.000000,3.206018,-0.004943,0.000000,0.000000
25225.0,-0.261799,-0.244809,-0.873349,-0.051708,-1.019432,0.000000,3.206019,-0.001727,0.000000,0.000000
25230.0,-0.261799,-0.245317,-0.990346,-0.051767,-0.988930,0.000000,3.206020,0.002194,-0.000088,0.000000
25235.0,-0.261799,-0.245847,-0.972623,-0.046047,-0.957121,0.000000,3.206020,0.002069,0.000088,0.000000
25240.0,-0.261799,-0.246425,-1.019461,-0.049210,-0.922435,0.000000,3.206020,0.002591,0.000000,0.000000
25245.0,-0.261799,-0.246829,-0.943913,-0.044333,-0.898235,0.000000,3.206020,0.001632,0.000846,0.000000
25250.0,-0.261799,-0.247512,-1.053390,-0.045165,-0.857236,0.000000,3.206023,0.015316,0.000000,0.000000
25255.0,-0.261799,-0.247965,-0.956358,-0.039509,-0.830092,0.000000,3.206022,0.004577,-0.000935,0.000000
25260.0,-0.261799,-0.248271,-0.645977,-0.051605,-0.811678,0.000000,3.206021,0.017265,0.000758,0.000000
25265.0,-0.261799,-0.248485,-0.782295,-0.047561,-0.798867,0.000000,3.206018,-0.015790,0.000000,0.000000
25270.0,-0.261799,-0.248962,-0.704536,-0.046777,-0.770249,0.000000,3.206017,-0.005729,0.000088,0.000000
25275.0,-0.261799,-0.249341,-0.701721,-0.048387,-0.747500,0.000000,3.206019,-0.001776,0.000000,0.000000
25280.0,-0.261799,-0.249958,-0.838623,-0.041092,-0.710492,0.000000,3.206018,-0.009249,0.000000,0.000000
25285.0,-0.261799,-0.250153,-0.596763,-0.049967,-0.698785,0.000000,3.206018,-0.004603,0.000000,0.000000
25290.0,-0.261799,-0.250487,-0.620040,-0.046747,-0.678763,0.000000,3.206020,0.007718,0.000000,0.000000
25295.0,-0.261799,-0.250858,-0.640303,-0.047542,-0.656481,0.000000,3.206021,-0.004953,0.000000,0.000000
25300.0,-0.261799,-0.251290,-0.544254,-0.049176,-0.630569,0.000000,3.206019,0.000094,0.000000,0.000000
25305.0,-0.261799,-0.251517,-0.662987,-0.045137,-0.616956,0.000000,3.206020,0.003983,0.000000,0.000000
25310.0,-0.261799,-0.251997,-0.592529,-0.043526,-0.588123,0.000000,3.206021,0.005622,0.000000,0.000000
25315.0,-0.261799,-0.252066,-0.449182,-0.052380,-0.584026,0.000000,3.206021,0.003723,-0.000846,0.000000
25320.0,-0.261799,-0.252523,-0.679417,-0.046760,-0.556608,0.000000,3.206021,0.001931,-0.000088,0.000000
25325.0,-0.261799,-0.252784,-0.503143,-0.046748,-0.540937,0.000000,3.206025,0.019109,0.000000,0.000000
25330.0,-0.261799,-0.253171,-0.478621,-0.044324,-0.517733,0.000000,3.206022,-0.004425,0.000000,0.000000
25335.0,-0.261799,-0.253409,-0.581442,-0.043514,-0.503417,0.000000,3.206019,-0.009983,0.000000,0.000000
25340.0,-0.261799,-0.253786,-0.589565,-0.041101,-0.480809,0.000000,3.206016,-0.023046,-0.000088,0.000000
25345.0,-0.261799,-0.253946,-0.422691,-0.047547,-0.471225,0.000000,3.206015,-0.012902,0.000000,0.000000
25350.0,-0.261799,-0.254234,-0.502683,-0.041907,-0.453912,0.000000,3.206019,0.002707,0.000000,0.000000
25355.0,-0.261799,-0.254335,-0.373649,-0.049158,-0.447888,0.000000,3.206021,0.007664,0.000000,0.000000
25360.0,-0.261799,-0.254613,-0.483320,-0.042710,-0.431190,0.000000,3.206021,0.004016,0.000000,0.000000
25365.0,-0.261799,-0.254826,-0.546535,-0.039488,-0.418425,0.000000,3.206023,0.010818,0.000000,0.000000
25370.0,-0.261799,-0.255092,-0.336484,-0.046739,-0.402449,0.000000,3.206024,-0.000852,0.000000,0.000000
25375.0,-0.261799,-0.255416,-0.429763,-0.043515,-0.383025,0.000000,3.206019,-0.010601,-0.000935,0.000000
25380.0,-0.261799,-0.255484,-0.284211,-0.048340,-0.378928,0.000000,3.206013,-0.042386,-0.000935,0.000000
25385.0,-0.261799,-0.255688,-0.465400,-0.042713,-0.366708,0.000000,3.206011,-0.013458,0.000088,0.000000
25390.0,-0.261799,-0.255855,-0.275231,-0.047548,-0.356684,0.000000,3.206018,0.007826,0.000000,0.000000
25395.0,-0.261799,-0.255861,-0.250094,-0.050771,-0.356301,0.000000,3.206023,0.016781,0.000000,0.000000
25400.0,-0.261799,-0.256216,-0.299888,-0.045115,-0.334992,0.000000,3.206027,0.020997,0.000000,0.000000
25405.0,-0.261799,-0.256505,-0.418603,-0.041101,-0.317643,0.000000,3.206028,0.029161,0.000000,0.000000
25410.0,-0.261799,-0.256619,-0.244361,-0.046747,-0.310834,0.000000,3.206022,-0.003869,0.000000,0.000000
25415.0,-0.261799,-0.256621,-0.225666,-0.049971,-0.310721,0.000000,3.206018,-0.014000,-0.000846,0.000000
25420.0,-0.261799,-0.256977,-0.282759,-0.045121,-0.289353,0.000000,3.206013,-0.037006,0.000000,0.000000
25425.0,-0.261799,-0.257265,-0.388973,-0.041118,-0.272048,0.000000,3.206013,-0.020152,0.000088,0.000000
25430.0,-0.261799,-0.257379,-0.223882,-0.045934,-0.265222,0.000000,3.206021,0.020016,0.000088,0.000000
25435.0,-0.261799,-0.257495,-0.386032,-0.037876,-0.258268,0.000000,3.206022,0.006459,-0.000088,0.000000
25440.0,-0.261799,-0.257747,-0.236564,-0.044322,-0.243115,0.000000,3.206021,0.005627,0.000000,0.000000
25445.0,-0.261799,-0.257760,-0.202568,-0.046749,-0.242389,0.000000,3.206021,0.004780,0.000000,0.000000
25450.0,-0.261799,-0.257758,-0.183003,-0.048380,-0.242479,0.000000,3.206021,0.001295,0.000000,0.000000
25455.0,-0.261799,-0.257755,-0.160989,-0.049176,-0.242659,0.000000,3.206020,-0.000022,0.000000,0.000000
25460.0,-0.261799,-0.258110,-0.210869,-0.043503,-0.221375,0.000000,3.206020,0.000493,0.000000,0.000000
25465.0,-0.261799,-0.258133,-0.156077,-0.048382,-0.219989,0.000000,3.206022,0.008520,0.000000,0.000000
25470.0,-0.261799,-0.258338,-0.354245,-0.039485,-0.207658,0.000000,3.206018,-0.006801,0.000088,0.000000
25475.0,-0.261799,-0.258492,-0.226951,-0.043500,-0.198428,0.000000,3.206018,-0.004055,0.000088,0.000000
25480.0,-0.261799,-0.258516,-0.144368,-0.046747,-0.197021,0.000000,3.206020,0.001065,0.000000,0.000000
25485.0,-0.261799,-0.258515,-0.141967,-0.047565,-0.197058,0.000000,3.206017,-0.032337,0.001781,0.000000
25490.0,-0.261799,-0.258781,-0.302621,-0.038691,-0.181074,0.000000,3.206018,-0.002907,0.000088,0.000000
25495.0,-0.261799,-0.258881,-0.164137,-0.045955,-0.175082,0.000000,3.206020,0.006104,0.001781,0.000000
25500.0,-0.261799,-0.259098,-0.333655,-0.037901,-0.162063,0.000000,3.206026,0.018671,0.000000,0.000000
25505.0,-0.261799,-0.259253,-0.177846,-0.043554,-0.152797,0.000000,3.206025,0.011981,0.000000,0.000000
25510.0,-0.261799,-0.259276,-0.121107,-0.045135,-0.151429,0.000000,3.206020,-0.010313,0.000000,0.000000
25515.0,-0.261799,-0.259275,-0.110322,-0.045955,-0.151455,0.000000,3.206019,-0.005936,0.001693,0.000000
25520.0,-0.261799,-0.259273,-0.110233,-0.046776,-0.151597,0.000000,3.206021,0.000315,0.000000,0.000000
25525.0,-0.261799,-0.259273,-0.102000,-0.047596,-0.151570,0.000000,3.206021,0.000907,0.000000,0.000000
25530.0,-0.261799,-0.259385,-0.298910,-0.047598,-0.144855,0.000000,3.206017,-0.015447,-0.000088,0.000000
25535.0,-0.261799,-0.259610,-0.196375,-0.041122,-0.131335,0.000000,3.206015,-0.023516,0.000000,0.000000
25540.0,-0.261799,-0.259653,-0.108464,-0.045133,-0.128812,0.000000,3.206016,-0.007307,0.000000,0.000000
25545.0,-0.261799,-0.259652,-0.093423,-0.045954,-0.128826,0.000000,3.206022,0.007149,0.000000,0.000000
25550.0,-0.261799,-0.259992,-0.177490,-0.037865,-0.108438,0.000000,3.206021,0.003167,0.000000,0.000000
25555.0,-0.261799,-0.260032,-0.120358,-0.042732,-0.106046,0.000000,3.206020,-0.003614,0.000000,0.000000
25560.0,-0.261799,-0.260035,-0.087798,-0.045165,-0.105894,0.000000,3.206019,-0.003160,0.000000,0.000000
25565.0,-0.261799,-0.260033,-0.087664,-0.045165,-0.105985,0.000000,3.206020,-0.003383,0.000000,0.000000
25570.0,-0.261799,-0.260031,-0.074553,-0.045165,-0.106131,0.000000,3.206017,-0.009606,0.000000,0.000000
25575.0,-0.261799,-0.260031,-0.076244,-0.044343,-0.106114,0.000000,3.206018,-0.000037,0.000088,0.000000
25580.0,-0.261799,-0.260029,-0.083478,-0.046776,-0.106207,0.000000,3.206021,0.005572,0.000000,0.000000
25585.0,-0.261799,-0.260296,-0.241911,-0.037900,-0.090221,0.000000,3.206021,0.006573,0.000000,0.000000
25590.0,-0.261799,-0.260409,-0.088694,-0.042731,-0.083451,0.000000,3.206022,0.015170,0.000846,0.000000
25595.0,-0.261799,-0.260412,-0.060615,-0.045203,-0.083241,0.000000,3.206023,0.019341,0.000758,0.000000
25600.0,-0.261799,-0.260411,-0.058287,-0.043518,-0.083292,0.000000,3.206022,-0.002621,0.000000,0.000000
25605.0,-0.261799,-0.260412,-0.057174,-0.045166,-0.083274,0.000000,3.206021,0.001921,0.000000,0.000000
25610.0,-0.261799,-0.260409,-0.055591,-0.045166,-0.083424,0.000000,3.206018,-0.022711,-0.000846,0.000000
25615.0,-0.261799,-0.260408,-0.059682,-0.045166,-0.083472,0.000000,3.206017,-0.004750,0.000000,0.000000
25620.0,-0.261799,-0.260677,-0.229126,-0.036290,-0.067316,0.000000,3.206017,-0.014341,0.000000,0.000000
25625.0,-0.261799,-0.260777,-0.099052,-0.041120,-0.061321,0.000000,3.206019,0.005406,0.000000,0.000000
25630.0,-0.261799,-0.260792,-0.054052,-0.042731,-0.060427,0.000000,3.206021,0.002538,0.000000,0.000000
25635.0,-0.261799,-0.260792,-0.054176,-0.043556,-0.060453,0.000000,3.206020,-0.012575,0.000000,0.000000
25640.0,-0.261799,-0.260789,-0.046364,-0.044381,-0.060611,0.000000,3.206018,-0.004146,0.000000,0.000000
25645.0,-0.261799,-0.260790,-0.041216,-0.044382,-0.060554,0.000000,3.206019,-0.000124,-0.000088,0.000000
25650.0,-0.261799,-0.261148,-0.112041,-0.038683,-0.039085,0.000000,3.206022,-0.003486,-0.000935,0.000000
25655.0,-0.261799,-0.261171,-0.056112,-0.041988,-0.037710,0.000000,3.206020,-0.004336,0.000000,0.000000
25660.0,-0.261799,-0.261174,-0.044108,-0.041120,-0.037522,0.000000,3.206015,-0.015686,0.000000,0.000000
25665.0,-0.261799,-0.261172,-0.038761,-0.041946,-0.037656,0.000000,3.206017,-0.001517,0.000000,0.000000
25670.0,-0.261799,-0.261169,-0.028910,-0.042772,-0.037830,0.000000,3.206021,0.012294,0.000088,0.000000
25675.0,-0.261799,-0.261169,-0.030208,-0.042730,-0.037825,0.000000,3.206025,0.048595,0.000000,0.000000
25680.0,-0.261799,-0.261168,-0.031137,-0.042772,-0.037882,0.000000,3.206028,0.026083,0.000846,0.000000
25685.0,-0.261799,-0.261168,-0.026055,-0.042772,-0.037905,0.000000,3.206022,-0.008063,0.000000,0.000000
25690.0,-0.261799,-0.261168,-0.024868,-0.042730,-0.037912,0.000000,3.206015,-0.022892,0.000000,0.000000
25695.0,-0.261799,-0.261166,-0.018289,-0.043556,-0.037980,0.000000,3.206017,-0.005578,0.000000,0.000000
25700.0,-0.261799,-0.261168,-0.029777,-0.042730,-0.037871,0.000000,3.206019,-0.001666,-0.000088,0.000000
25705.0,-0.261799,-0.261167,-0.028678,-0.042772,-0.037941,0.000000,3.206017,-0.010335,0.000000,0.000000
25710.0,-0.261799,-0.261167,-0.026858,-0.043513,-0.037934,0.000000,3.206019,0.002197,0.000000,0.000000
25715.0,-0.261799,-0.261166,-0.024612,-0.043556,-0.038002,0.000000,3.206023,0.011999,0.000000,0.000000
25720.0,-0.261799,-0.261166,-0.014885,-0.042730,-0.038009,0.000000,3.206022,0.002267,0.000000,0.000000
25725.0,-0.261799,-0.261166,-0.023179,-0.043556,-0.037991,0.000000,3.206018,-0.011306,0.000000,0.000000
25730.0,-0.261799,-0.261167,-0.029940,-0.043598,-0.037934,0.000000,3.206018,-0.003281,0.000000,0.000000
25735.0,-0.261799,-0.261166,-0.020728,-0.043556,-0.038007,0.000000,3.206020,0.028547,0.000088,0.000000
25740.0,-0.261799,-0.261167,-0.015035,-0.043513,-0.037968,0.000000,3.206026,0.022702,0.000000,0.000000
25745.0,-0.261799,-0.261165,-0.018735,-0.044382,-0.038064,0.000000,3.206023,0.003975,0.000935,0.000000
25750.0,-0.261799,-0.261166,-0.018283,-0.044340,-0.037993,0.000000,3.206019,0.004940,0.000000,0.000000
25755.0,-0.261799,-0.261165,-0.020959,-0.045166,-0.038064,0.000000,3.206018,-0.011385,0.000000,0.000000
25760.0,-0.261799,-0.261165,-0.012350,-0.044340,-0.038075,0.000000,3.206017,-0.008893,0.000088,0.000000
25765.0,-0.261799,-0.261165,-0.015570,-0.044340,-0.038052,0.000000,3.206020,0.006690,0.000000,0.000000
25770.0,-0.261799,-0.261478,-0.153261,-0.036333,-0.019292,0.000000,3.206017,-0.023758,0.000000,0.000000
25775.0,-0.261799,-0.261542,-0.057919,-0.040290,-0.015433,0.000000,3.206016,-0.009790,-0.000846,0.000000
25780.0,-0.261799,-0.261551,-0.022932,-0.041945,-0.014892,0.000000,3.206016,-0.009244,0.000000,0.000000
25785.0,-0.261799,-0.261551,-0.024421,-0.041990,-0.014906,0.000000,3.206019,0.005668,0.000000,0.000000
25790.0,-0.261799,-0.261549,-0.025838,-0.042773,-0.015001,0.000000,3.206025,0.021977,0.000000,0.000000
25795.0,-0.261799,-0.261550,-0.013420,-0.041900,-0.014976,0.000000,3.206027,0.022570,0.000000,0.000000
25800.0,-0.261799,-0.261548,-0.024236,-0.042773,-0.015079,0.000000,3.206023,-0.000884,0.000000,0.000000
25805.0,-0.261799,-0.261549,-0.017634,-0.042773,-0.015047,0.000000,3.206017,-0.020868,0.000000,0.000000
25810.0,-0.261799,-0.261547,-0.014681,-0.042818,-0.015151,0.000000,3.206016,-0.010439,0.000000,0.000000
25815.0,-0.261799,-0.261547,-0.000421,-0.043600,-0.015140,0.000000,3.206015,-0.024676,0.000000,0.000000
25820.0,-0.261799,-0.261547,-0.014286,-0.042773,-0.015160,0.000000,3.206017,-0.023401,-0.001693,0.000000
25825.0,-0.261799,-0.261547,-0.004601,-0.042773,-0.015129,0.000000,3.206018,0.011477,-0.000846,0.000000
25830.0,-0.261799,-0.261547,-0.019119,-0.042773,-0.015144,0.000000,3.206023,0.015849,0.000000,0.000000
25835.0,-0.261799,-0.261546,-0.004590,-0.042773,-0.015213,0.000000,3.206023,0.003694,0.000000,0.000000
25840.0,-0.261799,-0.261547,-0.012333,-0.042727,-0.015169,0.000000,3.206025,0.004081,-0.000846,0.000000
25845.0,-0.261799,-0.261546,-0.016897,-0.042773,-0.015176,0.000000,3.206021,-0.004257,0.000000,0.000000
25850.0,-0.261799,-0.261547,-0.024621,-0.042818,-0.015156,0.000000,3.206019,-0.006238,0.000000,0.000000
25855.0,-0.261799,-0.261545,0.001771,-0.043600,-0.015237,0.000000,3.206019,-0.000355,0.000000,0.000000
25860.0,-0.261799,-0.261546,-0.013130,-0.043600,-0.015203,0.000000,3.206018,-0.006423,0.000000,0.000000
25865.0,-0.261799,-0.261547,-0.018272,-0.042727,-0.015126,0.000000,3.206019,-0.000643,0.000000,0.000000
25870.0,-0.261799,-0.261547,-0.004713,-0.042773,-0.015153,0.000000,3.206021,0.006924,0.000088,0.000000
25875.0,-0.261799,-0.261545,-0.002658,-0.043555,-0.015237,0.000000,3.206021,0.005098,0.000000,0.000000
25880.0,-0.261799,-0.261545,0.000346,-0.042773,-0.015235,0.000000,3.206020,-0.015355,0.000000,0.000000
25885.0,-0.261799,-0.261547,-0.004354,-0.043600,-0.015158,0.000000,3.206018,-0.008174,0.000000,0.000000
25890.0,-0.261799,-0.261547,-0.011960,-0.043555,-0.015172,0.000000,3.206019,0.001629,0.000000,0.000000
25895.0,-0.261799,-0.261545,-0.009972,-0.042773,-0.015244,0.000000,3.206020,0.004314,0.000000,0.000000
25900.0,-0.261799,-0.261546,-0.015985,-0.043555,-0.015224,0.000000,3.206021,0.003783,0.000000,0.000000
25905.0,-0.261799,-0.261545,0.000903,-0.043555,-0.015249,0.000000,3.206023,0.009661,0.000000,0.000000
25910.0,-0.261799,-0.261545,-0.011486,-0.044382,-0.015278,0.000000,3.206019,-0.014659,0.000000,0.000000
25915.0,-0.261799,-0.261544,-0.007284,-0.043555,-0.015301,0.000000,3.206017,-0.010847,0.000000,0.000000
25920.0,-0.261799,-0.261546,-0.012545,-0.043600,-0.015178,0.000000,3.206018,-0.000765,0.000000,0.000000
25925.0,-0.261799,-0.261547,-0.010504,-0.043555,-0.015158,0.000000,3.206020,0.004580,0.000000,0.000000
25930.0,-0.261799,-0.261887,-0.115895,-0.037992,0.005241,0.000000,3.206021,0.002373,0.000000,0.000000
25935.0,-0.261799,-0.261926,-0.026959,-0.038678,0.007600,0.000000,3.206021,0.001428,0.000000,0.000000
25940.0,-0.261799,-0.261932,-0.015032,-0.040335,0.007961,0.000000,3.206024,0.018760,0.000000,0.000000
25945.0,-0.261799,-0.261931,-0.018917,-0.040335,0.007913,0.000000,3.206023,0.005163,0.000000,0.000000
25950.0,-0.261799,-0.261930,-0.000707,-0.040335,0.007825,0.000000,3.206019,-0.012908,0.000000,0.000000
25955.0,-0.261799,-0.261930,-0.014532,-0.041163,0.007821,0.000000,3.206018,-0.000966,0.000000,0.000000
25960.0,-0.261799,-0.261929,-0.004431,-0.041163,0.007757,0.000000,3.206019,-0.004496,0.000000,0.000000
25965.0,-0.261799,-0.261928,-0.003538,-0.041163,0.007693,0.000000,3.206018,-0.018859,0.000000,0.000000
25970.0,-0.261799,-0.261927,0.005284,-0.041163,0.007680,0.000000,3.206017,0.004873,0.000846,0.000000
25975.0,-0.261799,-0.261928,-0.006826,-0.040335,0.007696,0.000000,3.206019,-0.000093,0.000000,0.000000
25980.0,-0.261799,-0.261927,-0.000565,-0.041163,0.007668,0.000000,3.206021,0.006363,0.000000,0.000000
25985.0,-0.261799,-0.261927,-0.000976,-0.040335,0.007655,0.000000,3.206023,0.015536,0.000000,0.000000
25990.0,-0.261799,-0.261926,-0.000965,-0.041163,0.007591,0.000000,3.206022,0.000825,0.000000,0.000000
25995.0,-0.261799,-0.261927,-0.003838,-0.041116,0.007659,0.000000,3.206020,-0.005449,0.000000,0.000000
26000.0,-0.261799,-0.261927,0.001078,-0.041163,0.007643,0.000000,3.206018,-0.007151,0.000000,0.000000
26005.0,-0.261799,-0.261926,-0.003086,-0.041163,0.007601,0.000000,3.206018,-0.003952,0.000000,0.000000
26010.0,-0.261799,-0.261926,-0.003849,-0.041944,0.007592,0.000000,3.206018,-0.013794,0.000000,0.000000
26015.0,-0.261799,-0.261928,-0.007028,-0.040382,0.007696,0.000000,3.206015,-0.039009,0.000000,0.000000
26020.0,-0.261799,-0.261926,0.015601,-0.040335,0.007580,0.000000,3.206016,0.000477,0.000000,0.000000
26025.0,-0.261799,-0.261926,-0.005459,-0.041163,0.007596,0.000000,3.206021,0.017815,0.000088,0.000000
26030.0,-0.261799,-0.261926,-0.004612,-0.041163,0.007576,0.000000,3.206025,0.019478,0.000000,0.000000
26035.0,-0.261799,-0.261926,-0.004322,-0.040335,0.007625,0.000000,3.206024,-0.001600,0.000846,0.000000
26040.0,-0.261799,-0.261927,0.008256,-0.040335,0.007634,0.000000,3.206022,0.030322,0.001693,0.000000
26045.0,-0.261799,-0.261927,-0.005323,-0.040335,0.007635,0.000000,3.206025,0.016621,0.000000,0.000000
26050.0,-0.261799,-0.261926,0.004695,-0.041163,0.007580,0.000000,3.206021,-0.006005,0.000000,0.000000
26055.0,-0.261799,-0.261926,0.001698,-0.041163,0.007600,0.000000,3.206016,-0.009164,0.000758,0.000000
26060.0,-0.261799,-0.261926,-0.004667,-0.041163,0.007625,0.000000,3.206016,-0.006874,0.000846,0.000000
26065.0,-0.261799,-0.261925,0.015166,-0.041163,0.007566,0.000000,3.206021,0.023286,0.000000,0.000000
26070.0,-0.261799,-0.261926,0.000849,-0.041163,0.007585,0.000000,3.206020,-0.013679,0.000000,0.000000
26075.0,-0.261799,-0.261926,-0.005947,-0.039506,0.007623,0.000000,3.206017,-0.011142,0.000000,0.000000
26080.0,-0.261799,-0.261925,0.003177,-0.041163,0.007553,0.000000,3.206018,0.009791,0.000846,0.000000
26085.0,-0.261799,-0.261927,0.005203,-0.040335,0.007637,0.000000,3.206019,0.001007,0.000000,0.000000
26090.0,-0.261799,-0.261927,-0.001447,-0.040335,0.007676,0.000000,3.206020,0.002705,0.000000,0.000000
26095.0,-0.261799,-0.261926,0.011771,-0.041163,0.007587,0.000000,3.206020,-0.009953,-0.000935,0.000000
26100.0,-0.261799,-0.261927,0.002809,-0.040382,0.007643,0.000000,3.206017,-0.021473,-0.000846,0.000000
26105.0,-0.261799,-0.261926,0.000752,-0.041163,0.007616,0.000000,3.206017,-0.003820,0.000000,0.000000
26110.0,-0.261799,-0.261925,0.014604,-0.040382,0.007533,0.000000,3.206018,-0.002854,0.000000,0.000000
26115.0,-0.261799,-0.261926,0.007502,-0.039506,0.007580,0.000000,3.206020,0.011801,0.000000,0.000000
26120.0,-0.261799,-0.261925,0.008490,-0.040335,0.007523,0.000000,3.206024,0.018500,0.000000,0.000000
26125.0,-0.261799,-0.261927,-0.004033,-0.040382,0.007646,0.000000,3.206025,0.037709,-0.000670,0.000000
26130.0,-0.261799,-0.261927,0.001273,-0.040335,0.007682,0.000000,3.206025,0.004300,-0.000088,0.000000
26135.0,-0.261799,-0.261927,0.004830,-0.039506,0.007630,0.000000,3.206024,0.014235,0.000000,0.000000
26140.0,-0.261799,-0.261926,0.002754,-0.040382,0.007596,0.000000,3.206020,-0.010310,0.000000,0.000000
26145.0,-0.261799,-0.261926,0.012067,-0.040335,0.007575,0.000000,3.206017,-0.015027,0.000758,0.000000
26150.0,-0.261799,-0.261926,0.005353,-0.040335,0.007603,0.000000,3.206018,-0.017366,-0.000758,0.000000
26155.0,-0.261799,-0.261926,-0.000126,-0.040335,0.007625,0.000000,3.206018,-0.017405,0.000000,0.000000
26160.0,-0.261799,-0.261925,0.015113,-0.040335,0.007523,0.000000,3.206018,0.004802,-0.000846,0.000000
26165.0,-0.261799,-0.261927,-0.005190,-0.039554,0.007648,0.000000,3.206021,0.003443,0.000000,0.000000
26170.0,-0.261799,-0.261925,-0.008977,-0.041116,0.007550,0.000000,3.206020,-0.000970,0.000000,0.000000
26175.0,-0.261799,-0.261926,0.003324,-0.040335,0.007585,0.000000,3.206020,0.010204,-0.001023,0.000000
26180.0,-0.261799,-0.261927,-0.004610,-0.040382,0.007634,0.000000,3.206017,-0.012536,0.000000,0.000000
26185.0,-0.261799,-0.261927,-0.003578,-0.039554,0.007634,0.000000,3.206022,0.012607,-0.000935,0.000000
26190.0,-0.261799,-0.261926,-0.001481,-0.040335,0.007600,0.000000,3.206021,0.020622,0.000758,0.000000
26195.0,-0.261799,-0.261927,-0.005672,-0.038725,0.007646,0.000000,3.206021,0.000267,0.000000,0.000000
26200.0,-0.261799,-0.261926,0.003967,-0.040335,0.007582,0.000000,3.206021,0.005563,0.000000,0.000000
26205.0,-0.261799,-0.261926,-0.006155,-0.039506,0.007623,0.000000,3.206017,-0.021093,0.000000,0.000000
26210.0,-0.261799,-0.261927,0.001745,-0.039506,0.007659,0.000000,3.206017,-0.006158,0.000000,0.000000
26215.0,-0.261799,-0.261926,0.005942,-0.040382,0.007575,0.000000,3.206020,0.000652,0.000000,0.000000
26220.0,-0.261799,-0.261926,0.005546,-0.039506,0.007600,0.000000,3.206025,0.027980,0.000846,0.000000
26225.0,-0.261799,-0.261926,0.004465,-0.039554,0.007600,0.000000,3.206025,0.009703,0.000000,0.000000
26230.0,-0.261799,-0.261927,0.004327,-0.040382,0.007662,0.000000,3.206018,-0.021664,0.000000,0.000000
26235.0,-0.261799,-0.261926,0.003952,-0.040335,0.007605,0.000000,3.206013,-0.025231,-0.000935,0.000000
26240.0,-0.261799,-0.261925,0.011301,-0.039506,0.007551,0.000000,3.206015,-0.006961,0.000000,0.000000
26245.0,-0.261799,-0.261926,0.005124,-0.039506,0.007582,0.000000,3.206019,0.009050,0.000000,0.000000
26250.0,-0.261799,-0.261925,0.004763,-0.040335,0.007564,0.000000,3.206029,0.035348,0.000000,0.000000
26255.0,-0.261799,-0.261926,0.008921,-0.040335,0.007598,0.000000,3.206025,0.005400,0.002539,0.000000
26260.0,-0.261799,-0.261926,0.010508,-0.039554,0.007609,0.000000,3.206019,-0.013420,0.000000,0.000000
26265.0,-0.261799,-0.261926,0.012942,-0.040382,0.007589,0.000000,3.206018,-0.004570,-0.000935,0.000000
26270.0,-0.261799,-0.261926,0.009509,-0.039506,0.007616,0.000000,3.206018,-0.004951,0.000000,0.000000
26275.0,-0.261799,-0.261926,0.008955,-0.040382,0.007619,0.000000,3.206019,0.005944,0.000000,0.000000
26280.0,-0.261799,-0.261925,0.011581,-0.039554,0.007558,0.000000,3.206018,-0.007945,0.000000,0.000000
26285.0,-0.261799,-0.261927,-0.003852,-0.039554,0.007634,0.000000,3.206018,-0.004574,0.000000,0.000000
26290.0,-0.261799,-0.261925,0.008937,-0.039554,0.007566,0.000000,3.206018,-0.011139,0.000000,0.000000
26295.0,-0.261799,-0.261925,0.000658,-0.039506,0.007532,0.000000,3.206020,0.002541,0.000000,0.000000
26300.0,-0.261799,-0.261926,0.017247,-0.038725,0.007569,0.000000,3.206021,0.005006,0.000000,0.000000
26305.0,-0.261799,-0.261925,0.005756,-0.039554,0.007564,0.000000,3.206020,-0.000266,0.000000,0.000000
26310.0,-0.261799,-0.261926,0.004004,-0.039506,0.007591,0.000000,3.206017,-0.011564,0.000000,0.000000
26315.0,-0.261799,-0.261927,-0.010054,-0.038725,0.007643,0.000000,3.206018,-0.001754,0.000000,0.000000
26320.0,-0.261799,-0.261926,0.013150,-0.038725,0.007619,0.000000,3.206020,0.002448,-0.000088,0.000000
26325.0,-0.261799,-0.261927,0.011949,-0.039554,0.007653,0.000000,3.206021,0.004377,0.000000,0.000000
26330.0,-0.261799,-0.261926,0.002484,-0.039554,0.007582,0.000000,3.206021,0.005198,0.000000,0.000000
26335.0,-0.261799,-0.261927,-0.001951,-0.039554,0.007648,0.000000,3.206020,-0.009497,0.000000,0.000000
26340.0,-0.261799,-0.261926,0.003029,-0.039554,0.007617,0.000000,3.206017,-0.015087,0.000000,0.000000
26345.0,-0.261799,-0.261926,0.008185,-0.039554,0.007591,0.000000,3.206017,-0.003042,-0.000846,0.000000
26350.0,-0.261799,-0.261925,0.020298,-0.038678,0.007557,0.000000,3.206019,0.004524,0.000000,0.000000
26355.0,-0.261799,-0.261926,0.007965,-0.038725,0.007596,0.000000,3.206024,0.022869,0.000000,0.000000
26360.0,-0.261799,-0.261926,-0.003903,-0.039554,0.007600,0.000000,3.206028,0.039320,0.000000,0.000000
26365.0,-0.261799,-0.261927,-0.005118,-0.038725,0.007655,0.000000,3.206027,0.010818,0.000000,0.000000
26370.0,-0.261799,-0.261925,0.019878,-0.038725,0.007517,0.000000,3.206021,0.004798,0.000088,0.000000
26375.0,-0.261799,-0.261926,-0.000056,-0.039554,0.007601,0.000000,3.206019,-0.010113,0.000000,0.000000
26380.0,-0.261799,-0.261927,-0.004268,-0.039554,0.007628,0.000000,3.206016,-0.018731,-0.000935,0.000000
26385.0,-0.261799,-0.261926,0.000982,-0.039554,0.007609,0.000000,3.206016,-0.015768,0.000000,0.000000
26390.0,-0.261799,-0.261926,0.007758,-0.038725,0.007598,0.000000,3.206018,-0.007226,0.000000,0.000000
26395.0,-0.261799,-0.261927,-0.003857,-0.039554,0.007650,0.000000,3.206019,0.009078,-0.000935,0.000000
26400.0,-0.261799,-0.261614,0.142622,-0.047602,-0.011095,0.000000,3.206019,-0.000192,0.000000,0.000000
26405.0,-0.261799,-0.261549,0.034236,-0.042773,-0.014999,0.000000,3.206020,-0.002587,0.000000,0.000000
26410.0,-0.261799,-0.261541,0.009967,-0.041945,-0.015516,0.000000,3.206020,-0.001408,0.000000,0.000000
26415.0,-0.261799,-0.261542,0.000269,-0.041990,-0.015448,0.000000,3.206021,0.011283,0.000000,0.000000
26420.0,-0.261799,-0.261542,0.004760,-0.041945,-0.015439,0.000000,3.206019,-0.007074,0.000000,0.000000
26425.0,-0.261799,-0.261542,0.005746,-0.041945,-0.015430,0.000000,3.206017,-0.014265,0.001023,0.000000
26430.0,-0.261799,-0.261543,0.004524,-0.041118,-0.015401,0.000000,3.206023,0.014222,0.000000,0.000000
26435.0,-0.261799,-0.261543,-0.006460,-0.041945,-0.015367,0.000000,3.206023,0.003537,0.000000,0.000000
26440.0,-0.261799,-0.261544,-0.001010,-0.041945,-0.015298,0.000000,3.206019,-0.006533,0.000000,0.000000
26445.0,-0.261799,-0.261545,-0.007851,-0.041990,-0.015242,0.000000,3.206019,0.005925,0.000000,0.000000
26450.0,-0.261799,-0.261544,0.003433,-0.041118,-0.015298,0.000000,3.206020,0.004609,0.000000,0.000000
26455.0,-0.261799,-0.261545,-0.002128,-0.042773,-0.015283,0.000000,3.206020,0.001326,0.000000,0.000000
26460.0,-0.261799,-0.261546,-0.008864,-0.041945,-0.015215,0.000000,3.206020,-0.001538,0.000088,0.000000
26465.0,-0.261799,-0.261545,-0.008138,-0.041945,-0.015242,0.000000,3.206020,-0.002975,0.000000,0.000000
26470.0,-0.261799,-0.261545,-0.009134,-0.042773,-0.015283,0.000000,3.206017,-0.011995,0.000000,0.000000
26475.0,-0.261799,-0.261544,-0.005798,-0.042773,-0.015315,0.000000,3.206020,0.007440,0.000000,0.000000
26480.0,-0.261799,-0.261546,-0.001810,-0.041945,-0.015228,0.000000,3.206023,0.015956,0.000000,0.000000
26485.0,-0.261799,-0.261546,-0.017256,-0.041945,-0.015199,0.000000,3.206023,0.004343,0.000000,0.000000
26490.0,-0.261799,-0.261546,-0.001682,-0.041945,-0.015192,0.000000,3.206017,-0.026209,-0.000846,0.000000
26495.0,-0.261799,-0.261545,0.001929,-0.043600,-0.015267,0.000000,3.206015,-0.014471,0.000088,0.000000
26500.0,-0.261799,-0.261546,-0.014316,-0.042773,-0.015183,0.000000,3.206019,0.005880,-0.000088,0.000000
26505.0,-0.261799,-0.261546,-0.005109,-0.042727,-0.015230,0.000000,3.206023,0.029093,-0.000846,0.000000
26510.0,-0.261799,-0.261544,-0.004529,-0.042773,-0.015298,0.000000,3.206022,0.003235,0.000000,0.000000
26515.0,-0.261799,-0.261546,-0.017590,-0.042773,-0.015176,0.000000,3.206019,-0.013531,0.000000,0.000000
26520.0,-0.261799,-0.261545,-0.002656,-0.042727,-0.015235,0.000000,3.206017,-0.005897,0.000088,0.000000
26525.0,-0.261799,-0.261545,0.001399,-0.043600,-0.015247,0.000000,3.206016,-0.009581,-0.000088,0.000000
26530.0,-0.261799,-0.261546,-0.004665,-0.042773,-0.015228,0.000000,3.206020,0.006734,0.000000,0.000000
26535.0,-0.261799,-0.261546,-0.007781,-0.042727,-0.015231,0.000000,3.206022,0.010549,0.000000,0.000000
26540.0,-0.261799,-0.261547,-0.002776,-0.041945,-0.015144,0.000000,3.206022,-0.008156,-0.000935,0.000000
26545.0,-0.261799,-0.261750,-0.198744,-0.033849,-0.002984,0.000000,3.206018,-0.007948,0.000088,0.000000
26550.0,-0.261799,-0.261921,-0.046025,-0.039554,0.007319,0.000000,3.206019,0.002436,0.000000,0.000000
26555.0,-0.261799,-0.261932,-0.023237,-0.039554,0.007943,0.000000,3.206021,0.003943,0.000088,0.000000
26560.0,-0.261799,-0.261931,-0.006894,-0.040287,0.007882,0.000000,3.206021,0.005120,0.000000,0.000000
26565.0,-0.261799,-0.261931,-0.021242,-0.039506,0.007918,0.000000,3.206021,0.003763,0.000000,0.000000
26570.0,-0.261799,-0.261928,-0.000245,-0.040335,0.007716,0.000000,3.206020,-0.000420,0.000000,0.000000
26575.0,-0.261799,-0.261616,0.126478,-0.047647,-0.010974,0.000000,3.206022,0.007233,0.000000,0.000000
26580.0,-0.261799,-0.261546,0.013166,-0.043555,-0.015174,0.000000,3.206019,-0.013726,0.000088,0.000000
26585.0,-0.261799,-0.261542,0.009156,-0.042773,-0.015473,0.000000,3.206016,-0.020725,0.000846,0.000000
26590.0,-0.261799,-0.261542,0.007633,-0.043555,-0.015448,0.000000,3.206015,-0.013004,0.000088,0.000000
26595.0,-0.261799,-0.261543,-0.000623,-0.043600,-0.015380,0.000000,3.206018,0.003632,0.000000,0.000000
26600.0,-0.261799,-0.261544,-0.009847,-0.043555,-0.015317,0.000000,3.206023,0.015312,0.000088,0.000000
26605.0,-0.261799,-0.261857,-0.127840,-0.037163,0.003428,0.000000,3.206024,0.008955,0.000000,0.000000
26610.0,-0.261799,-0.261926,-0.019876,-0.040335,0.007616,0.000000,3.206024,0.024949,0.000000,0.000000
26615.0,-0.261799,-0.261930,-0.003169,-0.040287,0.007850,0.000000,3.206024,0.006536,0.000000,0.000000
26620.0,-0.261799,-0.261930,-0.020490,-0.040335,0.007866,0.000000,3.206019,-0.013133,0.000000,0.000000
26625.0,-0.261799,-0.261931,-0.005272,-0.040335,0.007875,0.000000,3.206017,-0.012876,0.000088,0.000000
26630.0,-0.261799,-0.261928,-0.003424,-0.040382,0.007744,0.000000,3.206017,-0.006338,0.000000,0.000000
26635.0,-0.261799,-0.261928,-0.003774,-0.039506,0.007700,0.000000,3.206018,-0.017233,-0.000935,0.000000
26640.0,-0.261799,-0.261927,-0.003565,-0.041163,0.007657,0.000000,3.206015,-0.020850,-0.000846,0.000000
26645.0,-0.261799,-0.261928,-0.005192,-0.039554,0.007721,0.000000,3.206017,0.000514,0.000000,0.000000
26650.0,-0.261799,-0.261928,0.008994,-0.039506,0.007696,0.000000,3.206023,0.028909,0.000935,0.000000
26655.0,-0.261799,-0.261926,0.006943,-0.040335,0.007578,0.000000,3.206025,0.021555,0.001693,0.000000
26660.0,-0.261799,-0.261928,-0.012251,-0.040335,0.007709,0.000000,3.206025,0.010321,0.000000,0.000000
26665.0,-0.261799,-0.261927,-0.002351,-0.040335,0.007659,0.000000,3.206023,0.008971,-0.000935,0.000000
26670.0,-0.261799,-0.261927,-0.008813,-0.040335,0.007680,0.000000,3.206020,0.008130,0.000000,0.000000
26675.0,-0.261799,-0.261926,-0.000621,-0.040335,0.007578,0.000000,3.206023,0.005801,0.000000,0.000000
26680.0,-0.261799,-0.261926,0.002370,-0.041211,0.007576,0.000000,3.206019,-0.009866,0.000000,0.000000
26685.0,-0.261799,-0.261926,0.005739,-0.040335,0.007607,0.000000,3.206017,-0.013957,0.000000,0.000000
26690.0,-0.261799,-0.261927,0.006654,-0.039554,0.007655,0.000000,3.206017,-0.010605,0.000088,0.000000
26695.0,-0.261799,-0.261924,0.005503,-0.040382,0.007505,0.000000,3.206018,-0.004533,0.000000,0.000000
26700.0,-0.261799,-0.261926,-0.003423,-0.040335,0.007603,0.000000,3.206018,-0.013720,0.000000,0.000000
26705.0,-0.261799,-0.261926,0.007792,-0.040335,0.007601,0.000000,3.206017,-0.004600,0.000000,0.000000
26710.0,-0.261799,-0.261926,-0.003416,-0.041163,0.007607,0.000000,3.206021,0.019748,0.000846,0.000000
26715.0,-0.261799,-0.261927,-0.006728,-0.039554,0.007643,0.000000,3.206027,0.019034,-0.000935,0.000000
26720.0,-0.261799,-0.261927,-0.002762,-0.040287,0.007650,0.000000,3.206019,-0.010765,0.000000,0.000000
26725.0,-0.261799,-0.261926,0.007479,-0.040382,0.007610,0.000000,3.206019,0.002601,0.000000,0.000000
26730.0,-0.261799,-0.261925,0.014482,-0.039554,0.007532,0.000000,3.206018,-0.009620,0.000000,0.000000
26735.0,-0.261799,-0.261926,0.002581,-0.039506,0.007612,0.000000,3.206018,-0.005991,0.000846,0.000000
26740.0,-0.261799,-0.261927,-0.007266,-0.040382,0.007630,0.000000,3.206019,0.002391,0.000000,0.000000
26745.0,-0.261799,-0.261926,0.006968,-0.039554,0.007603,0.000000,3.206020,0.003375,0.000000,0.000000
26750.0,-0.261799,-0.261927,0.009686,-0.039506,0.007669,0.000000,3.206021,0.004940,0.000000,0.000000
26755.0,-0.261799,-0.261927,0.009989,-0.039506,0.007626,0.000000,3.206021,0.000872,0.000000,0.000000
26760.0,-0.261799,-0.261926,-0.007864,-0.040382,0.007623,0.000000,3.206020,-0.002243,0.000000,0.000000
26765.0,-0.261799,-0.261926,0.013786,-0.040335,0.007592,0.000000,3.206017,-0.015114,0.000000,0.000000
26770.0,-0.261799,-0.261926,-0.007459,-0.040382,0.007594,0.000000,3.206018,-0.001125,0.000000,0.000000
26775.0,-0.261799,-0.261926,0.012328,-0.041163,0.007600,0.000000,3.206020,0.005131,0.000000,0.000000
26780.0,-0.261799,-0.261927,0.002642,-0.039554,0.007668,0.000000,3.206023,0.016885,-0.000846,0.000000
26785.0,-0.261799,-0.261926,0.006511,-0.039506,0.007575,0.000000,3.206023,0.006673,0.000000,0.000000
26790.0,-0.261799,-0.261926,-0.001104,-0.040382,0.007567,0.000000,3.206022,0.004931,0.000000,0.000000
26795.0,-0.261799,-0.261926,-0.002835,-0.040382,0.007607,0.000000,3.206020,-0.004191,0.000000,0.000000
26800.0,-0.261799,-0.261926,0.004823,-0.039506,0.007603,0.000000,3.206016,-0.018378,0.000000,0.000000
26805.0,-0.261799,-0.261926,0.002637,-0.039554,0.007600,0.000000,3.206014,-0.020489,0.000000,0.000000
26810.0,-0.261799,-0.261925,-0.000336,-0.040382,0.007557,0.000000,3.206018,0.003329,0.000000,0.000000
26815.0,-0.261799,-0.261926,0.006990,-0.039506,0.007614,0.000000,3.206021,0.010685,0.000000,0.000000
26820.0,-0.261799,-0.261926,0.001276,-0.039506,0.007616,0.000000,3.206023,0.011543,0.000088,0.000000
26825.0,-0.261799,-0.261926,0.005354,-0.040335,0.007612,0.000000,3.206022,0.005653,0.000000,0.000000
26830.0,-0.261799,-0.261927,0.002871,-0.039459,0.007676,0.000000,3.206019,-0.011219,0.000000,0.000000
26835.0,-0.261799,-0.261926,0.006335,-0.039506,0.007610,0.000000,3.206018,-0.005628,0.000935,0.000000
26840.0,-0.261799,-0.261926,0.009059,-0.038725,0.007625,0.000000,3.206020,0.002769,0.000000,0.000000
26845.0,-0.261799,-0.261925,0.008321,-0.039506,0.007557,0.000000,3.206018,-0.016841,-0.000935,0.000000
26850.0,-0.261799,-0.261926,0.001842,-0.039554,0.007591,0.000000,3.206018,0.000708,0.000000,0.000000
26855.0,-0.261799,-0.261927,-0.001639,-0.039554,0.007650,0.000000,3.206020,0.009404,0.000000,0.000000
26860.0,-0.261799,-0.261926,0.021591,-0.038725,0.007596,0.000000,3.206023,0.012598,0.000088,0.000000
26865.0,-0.261799,-0.261926,0.003551,-0.039459,0.007596,0.000000,3.206024,0.018620,0.000000,0.000000
26870.0,-0.261799,-0.261926,0.007792,-0.039554,0.007600,0.000000,3.206023,0.002541,0.000000,0.000000
26875.0,-0.261799,-0.261926,0.011506,-0.039554,0.007591,0.000000,3.206019,-0.016369,0.000000,0.000000
26880.0,-0.261799,-0.261926,-0.003473,-0.040382,0.007575,0.000000,3.206017,-0.009543,0.000000,0.000000
26885.0,-0.261799,-0.261927,-0.002778,-0.039554,0.007634,0.000000,3.206018,-0.001920,0.000000,0.000000
26890.0,-0.261799,-0.261925,0.003601,-0.039554,0.007562,0.000000,3.206022,0.013987,-0.000935,0.000000
26895.0,-0.261799,-0.261926,0.001287,-0.038725,0.007592,0.000000,3.206023,0.004978,0.000000,0.000000
26900.0,-0.261799,-0.261927,0.002430,-0.038725,0.007664,0.000000,3.206018,-0.008999,0.000000,0.000000
26905.0,-0.261799,-0.261926,-0.000632,-0.039506,0.007609,0.000000,3.206018,-0.002811,0.000000,0.000000
26910.0,-0.261799,-0.261926,0.001918,-0.039506,0.007619,0.000000,3.206020,0.003324,0.000000,0.000000
26915.0,-0.261799,-0.261925,0.005657,-0.039554,0.007528,0.000000,3.206021,0.004807,0.000000,0.000000
26920.0,-0.261799,-0.261926,-0.000664,-0.039554,0.007607,0.000000,3.206026,0.042964,0.000758,0.000000
26925.0,-0.261799,-0.261926,0.000681,-0.038725,0.007569,0.000000,3.206026,0.004759,0.000000,0.000000
26930.0,-0.261799,-0.261615,0.131829,-0.048429,-0.011052,0.000000,3.206018,-0.016446,0.000000,0.000000
26935.0,-0.261799,-0.261551,0.026212,-0.042727,-0.014902,0.000000,3.206014,-0.032176,0.000000,0.000000
26940.0,-0.261799,-0.261540,0.003448,-0.042773,-0.015562,0.000000,3.206018,0.003819,0.000000,0.000000
26945.0,-0.261799,-0.261542,0.006793,-0.041118,-0.015466,0.000000,3.206020,0.001344,0.000000,0.000000
26950.0,-0.261799,-0.261541,0.007779,-0.041945,-0.015482,0.000000,3.206022,0.008438,0.000000,0.000000
26955.0,-0.261799,-0.261541,0.005366,-0.041990,-0.015485,0.000000,3.206021,-0.000805,0.000000,0.000000
26960.0,-0.261799,-0.261544,-0.007028,-0.042773,-0.015310,0.000000,3.206019,-0.008082,0.000000,0.000000
26965.0,-0.261799,-0.261543,-0.006814,-0.041945,-0.015387,0.000000,3.206017,-0.023360,0.000000,0.000000
26970.0,-0.261799,-0.261544,-0.006445,-0.041945,-0.015305,0.000000,3.206013,-0.029062,0.000088,0.000000
26975.0,-0.261799,-0.261748,-0.204196,-0.033068,-0.003054,0.000000,3.206015,-0.005339,0.000000,0.000000
26980.0,-0.261799,-0.261921,-0.041089,-0.037897,0.007299,0.000000,3.206022,0.015119,0.000000,0.000000
26985.0,-0.261799,-0.261930,-0.021855,-0.038725,0.007827,0.000000,3.206020,-0.007797,0.000000,0.000000
26990.0,-0.261799,-0.261930,-0.016042,-0.039554,0.007854,0.000000,3.206023,0.013673,0.000000,0.000000
26995.0,-0.261799,-0.261663,0.168407,-0.046774,-0.008206,0.000000,3.206024,0.036190,0.000000,0.000000
27000.0,-0.261799,-0.261549,0.012566,-0.042727,-0.015006,0.000000,3.206027,0.013087,0.000000,0.000000
27005.0,-0.261799,-0.261544,0.006591,-0.042773,-0.015353,0.000000,3.206022,-0.007635,-0.000088,0.000000
27010.0,-0.261799,-0.261543,0.004777,-0.041945,-0.015364,0.000000,3.206016,-0.017488,0.000000,0.000000
27015.0,-0.261799,-0.261544,0.009069,-0.042773,-0.015298,0.000000,3.206015,-0.027877,0.000000,0.000000
27020.0,-0.261799,-0.261544,-0.002124,-0.042773,-0.015348,0.000000,3.206017,0.007824,0.000000,0.000000
27025.0,-0.261799,-0.261544,0.003047,-0.041945,-0.015342,0.000000,3.206021,0.011729,0.000000,0.000000
27030.0,-0.261799,-0.261544,-0.008060,-0.042727,-0.015296,0.000000,3.206021,0.002056,0.000000,0.000000
27035.0,-0.261799,-0.261545,0.000621,-0.042818,-0.015272,0.000000,3.206019,-0.009502,0.000000,0.000000
27040.0,-0.261799,-0.261857,-0.142896,-0.033896,0.003485,0.000000,3.206019,-0.001277,0.000000,0.000000
27045.0,-0.261799,-0.261921,-0.033429,-0.038725,0.007312,0.000000,3.206020,0.002935,-0.000935,0.000000
27050.0,-0.261799,-0.261931,-0.009359,-0.038725,0.007886,0.000000,3.206019,-0.001248,0.000000,0.000000
27055.0,-0.261799,-0.261930,-0.009029,-0.039506,0.007845,0.000000,3.206020,0.005791,0.000000,0.000000
27060.0,-0.261799,-0.261930,-0.005782,-0.038725,0.007848,0.000000,3.206020,-0.004384,0.000000,0.000000
27065.0,-0.261799,-0.261930,0.012857,-0.040335,0.007827,0.000000,3.206017,-0.008503,-0.000088,0.000000
27070.0,-0.261799,-0.261928,-0.019946,-0.040382,0.007739,0.000000,3.206022,0.014284,0.000000,0.000000
27075.0,-0.261799,-0.261929,-0.002280,-0.039554,0.007748,0.000000,3.206023,0.013036,0.000088,0.000000
27080.0,-0.261799,-0.261617,0.120387,-0.048384,-0.010949,0.000000,3.206024,0.015019,0.000000,0.000000
27085.0,-0.261799,-0.261552,0.033642,-0.043555,-0.014831,0.000000,3.206023,0.002411,0.000000,0.000000
27090.0,-0.261799,-0.261540,0.016713,-0.042773,-0.015573,0.000000,3.206020,-0.000185,0.000000,0.000000
27095.0,-0.261799,-0.261542,-0.004335,-0.041945,-0.015448,0.000000,3.206018,-0.013069,0.000000,0.000000
27100.0,-0.261799,-0.261543,0.005204,-0.041990,-0.015398,0.000000,3.206016,-0.005661,0.000846,0.000000
27105.0,-0.261799,-0.261746,-0.189174,-0.034725,-0.003174,0.000000,3.206018,0.003188,-0.000088,0.000000
27110.0,-0.261799,-0.261920,-0.034438,-0.038678,0.007244,0.000000,3.206020,-0.007188,-0.000846,0.000000
27115.0,-0.261799,-0.261929,-0.014333,-0.039554,0.007761,0.000000,3.206021,0.004833,0.000000,0.000000
27120.0,-0.261799,-0.261930,-0.005693,-0.039506,0.007812,0.000000,3.206021,0.001246,0.000000,0.000000
27125.0,-0.261799,-0.261929,-0.010051,-0.038725,0.007794,0.000000,3.206020,-0.001688,0.000000,0.000000
27130.0,-0.261799,-0.261929,0.004546,-0.038725,0.007802,0.000000,3.206020,-0.002781,0.000000,0.000000
27135.0,-0.261799,-0.261928,0.001239,-0.039506,0.007723,0.000000,3.206020,-0.018618,0.000088,0.000000
27140.0,-0.261799,-0.261813,0.179232,-0.040335,0.000846,0.000000,3.206017,-0.006815,0.000000,0.000000
27145.0,-0.261799,-0.261588,0.087815,-0.044382,-0.012705,0.000000,3.206018,-0.025244,0.000176,0.000000
27150.0,-0.261799,-0.261543,0.010699,-0.042818,-0.015357,0.000000,3.206019,0.011795,0.000000,0.000000
27155.0,-0.261799,-0.261543,0.001591,-0.041945,-0.015412,0.000000,3.206023,0.013586,-0.000758,0.000000
27160.0,-0.261799,-0.261543,-0.002882,-0.042727,-0.015385,0.000000,3.206021,0.004221,0.000000,0.000000
27165.0,-0.261799,-0.261543,0.009104,-0.042773,-0.015389,0.000000,3.206021,0.006375,0.000000,0.000000
27170.0,-0.261799,-0.261658,-0.199881,-0.042773,-0.008470,0.000000,3.206023,0.014629,0.000000,0.000000
27175.0,-0.261799,-0.261884,-0.093914,-0.036335,0.005089,0.000000,3.206023,0.022956,0.000000,0.000000
27180.0,-0.261799,-0.261928,-0.020903,-0.039554,0.007737,0.000000,3.206023,0.001174,0.000000,0.000000
27185.0,-0.261799,-0.261930,-0.007012,-0.039554,0.007845,0.000000,3.206020,-0.010191,0.000000,0.000000
27190.0,-0.261799,-0.261929,0.000878,-0.039554,0.007782,0.000000,3.206017,-0.012376,0.000000,0.000000
27195.0,-0.261799,-0.261930,-0.005952,-0.039554,0.007807,0.000000,3.206017,-0.008371,0.000000,0.000000
27200.0,-0.261799,-0.261929,-0.008165,-0.039554,0.007753,0.000000,3.206019,-0.003220,-0.000846,0.000000
27205.0,-0.261799,-0.261927,0.008642,-0.040335,0.007669,0.000000,3.206020,0.002573,0.000000,0.000000
27210.0,-0.261799,-0.261929,0.010561,-0.038678,0.007752,0.000000,3.206020,0.003264,0.000000,0.000000
27215.0,-0.261799,-0.261925,0.012983,-0.041163,0.007566,0.000000,3.206022,0.012899,0.000000,0.000000
27220.0,-0.261799,-0.261927,-0.005038,-0.040382,0.007662,0.000000,3.206020,-0.008241,0.000000,0.000000
27225.0,-0.261799,-0.261927,0.008698,-0.040382,0.007628,0.000000,3.206016,-0.017588,0.000000,0.000000
27230.0,-0.261799,-0.261927,0.002302,-0.039554,0.007628,0.000000,3.206016,-0.008659,0.000000,0.000000
27235.0,-0.261799,-0.261926,0.000806,-0.040335,0.007582,0.000000,3.206019,0.006023,0.000000,0.000000
27240.0,-0.261799,-0.261926,-0.009382,-0.040382,0.007623,0.000000,3.206024,0.025899,0.000088,0.000000
27245.0,-0.261799,-0.261926,-0.000249,-0.040382,0.007592,0.000000,3.206023,0.006466,0.000000,0.000000
27250.0,-0.261799,-0.261927,0.002218,-0.039506,0.007668,0.000000,3.206021,-0.002324,0.000000,0.000000
27255.0,-0.261799,-0.261926,0.009712,-0.040335,0.007589,0.000000,3.206021,0.009416,0.000000,0.000000
27260.0,-0.261799,-0.261926,0.008031,-0.039506,0.007612,0.000000,3.206021,0.001220,0.000000,0.000000
27265.0,-0.261799,-0.261927,0.000534,-0.039506,0.007637,0.000000,3.206020,-0.003887,0.000000,0.000000
27270.0,-0.261799,-0.261925,0.007051,-0.039506,0.007566,0.000000,3.206020,0.005725,0.000000,0.000000
27275.0,-0.261799,-0.261925,0.007341,-0.040430,0.007557,0.000000,3.206021,0.013994,-0.000935,0.000000
27280.0,-0.261799,-0.261926,0.007468,-0.039554,0.007621,0.000000,3.206017,-0.018276,0.000000,0.000000
27285.0,-0.261799,-0.261926,0.007014,-0.039554,0.007569,0.000000,3.206016,-0.010981,0.000000,0.000000
27290.0,-0.261799,-0.261926,0.005227,-0.039506,0.007619,0.000000,3.206021,0.011011,0.000000,0.000000
27295.0,-0.261799,-0.261926,0.001465,-0.039554,0.007621,0.000000,3.206019,-0.017169,0.000000,0.000000
27300.0,-0.261799,-0.261926,0.008288,-0.038678,0.007607,0.000000,3.206021,0.018099,0.000000,0.000000
27305.0,-0.261799,-0.261925,0.014435,-0.040382,0.007566,0.000000,3.206023,0.011855,0.000000,0.000000
27310.0,-0.261799,-0.261927,0.004475,-0.039506,0.007646,0.000000,3.206019,-0.007771,0.000000,0.000000
27315.0,-0.261799,-0.261928,-0.015352,-0.037897,0.007689,0.000000,3.206021,0.004645,0.000935,0.000000
27320.0,-0.261799,-0.261585,0.098187,-0.046774,-0.012876,0.000000,3.206018,-0.011038,0.000000,0.000000
27325.0,-0.261799,-0.261546,0.030115,-0.042773,-0.015199,0.000000,3.206018,-0.005783,0.000000,0.000000
27330.0,-0.261799,-0.261541,-0.001242,-0.042773,-0.015489,0.000000,3.206018,-0.010433,0.000000,0.000000
27335.0,-0.261799,-0.261542,0.003665,-0.041945,-0.015437,0.000000,3.206016,-0.009424,0.000000,0.000000
27340.0,-0.261799,-0.261900,-0.063588,-0.036335,0.006042,0.000000,3.206022,0.015618,0.000000,0.000000
27345.0,-0.261799,-0.261927,-0.023883,-0.037849,0.007651,0.000000,3.206027,0.029150,0.000000,0.000000
27350.0,-0.261799,-0.261929,-0.007887,-0.039554,0.007748,0.000000,3.206024,-0.003426,0.000000,0.000000
27355.0,-0.261799,-0.261928,-0.008234,-0.038678,0.007712,0.000000,3.206018,-0.014539,0.000000,0.000000
27360.0,-0.261799,-0.261928,-0.003294,-0.039554,0.007687,0.000000,3.206015,-0.025949,0.000000,0.000000
27365.0,-0.261799,-0.261927,-0.004500,-0.039554,0.007671,0.000000,3.206015,-0.013652,0.000176,0.000000
27370.0,-0.261799,-0.261725,0.180253,-0.049212,-0.004440,0.000000,3.206022,0.010171,-0.000846,0.000000
27375.0,-0.261799,-0.261569,0.070230,-0.044382,-0.013835,0.000000,3.206022,0.006291,0.000000,0.000000
27380.0,-0.261799,-0.261542,0.006576,-0.042773,-0.015451,0.000000,3.206018,-0.012354,0.000000,0.000000
27385.0,-0.261799,-0.261541,0.010575,-0.041945,-0.015482,0.000000,3.206016,-0.015841,0.000000,0.000000
27390.0,-0.261799,-0.261542,0.006856,-0.041945,-0.015442,0.000000,3.206019,0.004358,0.000000,0.000000
27395.0,-0.261799,-0.261542,0.007962,-0.042773,-0.015435,0.000000,3.206021,0.009363,0.000000,0.000000
27400.0,-0.261799,-0.261544,0.005025,-0.041945,-0.015353,0.000000,3.206022,0.013771,0.000000,0.000000
27405.0,-0.261799,-0.261747,-0.193833,-0.033896,-0.003152,0.000000,3.206021,0.001279,0.000000,0.000000
27410.0,-0.261799,-0.261920,-0.039927,-0.038773,0.007253,0.000000,3.206020,-0.009856,-0.000935,0.000000
27415.0,-0.261799,-0.261929,-0.023371,-0.038725,0.007759,0.000000,3.206019,-0.003587,0.000935,0.000000
27420.0,-0.261799,-0.261930,-0.016011,-0.039554,0.007852,0.000000,3.206022,0.009435,-0.000088,0.000000
27425.0,-0.261799,-0.261930,-0.009219,-0.039506,0.007841,0.000000,3.206022,0.004527,-0.000758,0.000000
27430.0,-0.261799,-0.261929,-0.005338,-0.039554,0.007761,0.000000,3.206021,0.000953,0.000000,0.000000
27435.0,-0.261799,-0.261929,-0.009930,-0.039554,0.007794,0.000000,3.206019,-0.014703,0.000000,0.000000
27440.0,-0.261799,-0.261928,-0.001056,-0.039554,0.007696,0.000000,3.206016,-0.016263,0.000000,0.000000
27445.0,-0.261799,-0.261659,0.170580,-0.047557,-0.008399,0.000000,3.206019,0.007155,0.000000,0.000000
27450.0,-0.261799,-0.261548,0.017220,-0.042818,-0.015113,0.000000,3.206022,0.009143,0.000000,0.000000
27455.0,-0.261799,-0.261541,0.007771,-0.042773,-0.015478,0.000000,3.206022,0.006765,0.000000,0.000000
27460.0,-0.261799,-0.261542,0.004673,-0.041945,-0.015423,0.000000,3.206021,0.000542,0.000000,0.000000
27465.0,-0.261799,-0.261543,0.002082,-0.042773,-0.015387,0.000000,3.206019,-0.013876,0.000000,0.000000
27470.0,-0.261799,-0.261542,-0.001614,-0.042773,-0.015417,0.000000,3.206018,-0.002434,0.000000,0.000000
27475.0,-0.261799,-0.261811,-0.178348,-0.033896,0.000722,0.000000,3.206020,0.004680,0.000000,0.000000
27480.0,-0.261799,-0.261925,-0.031200,-0.038725,0.007564,0.000000,3.206021,0.005960,0.000000,0.000000
27485.0,-0.261799,-0.261929,-0.013208,-0.039554,0.007802,0.000000,3.206019,-0.005885,0.000000,0.000000
27490.0,-0.261799,-0.261929,-0.000535,-0.039554,0.007803,0.000000,3.206019,0.001604,0.000000,0.000000
27495.0,-0.261799,-0.261928,-0.013568,-0.038773,0.007744,0.000000,3.206018,-0.006667,0.000000,0.000000
27500.0,-0.261799,-0.261928,-0.000314,-0.039506,0.007718,0.000000,3.206020,0.005624,0.000000,0.000000
27505.0,-0.261799,-0.261814,0.190035,-0.049257,0.000857,0.000000,3.206021,0.008037,0.000000,0.000000
27510.0,-0.261799,-0.261559,0.031202,-0.045165,-0.014428,0.000000,3.206017,-0.010115,0.000000,0.000000
27515.0,-0.261799,-0.261543,0.012099,-0.042773,-0.015365,0.000000,3.206018,0.001247,0.000000,0.000000
27520.0,-0.261799,-0.261543,-0.003767,-0.042773,-0.015396,0.000000,3.206020,0.005347,0.000088,0.000000
27525.0,-0.261799,-0.261542,0.001129,-0.042773,-0.015457,0.000000,3.206019,0.000201,0.001693,0.000000
27530.0,-0.261799,-0.261543,-0.005820,-0.042727,-0.015373,0.000000,3.206025,0.020841,0.000000,0.000000
27535.0,-0.261799,-0.261746,-0.190304,-0.034725,-0.003194,0.000000,3.206024,0.008116,0.000000,0.000000
27540.0,-0.261799,-0.262125,-0.243403,-0.029069,0.019553,0.000000,3.206021,0.006538,0.000846,0.000000
27545.0,-0.261799,-0.262288,-0.071596,-0.034726,0.029304,0.000000,3.206018,-0.010359,0.000088,0.000000
27550.0,-0.261799,-0.262314,-0.012851,-0.036286,0.030849,0.000000,3.206018,-0.006226,0.000000,0.000000
27555.0,-0.261799,-0.262112,0.176080,-0.045211,0.018765,0.000000,3.206018,-0.002995,0.000000,0.000000
27560.0,-0.261799,-0.261627,0.162106,-0.049212,-0.010339,0.000000,3.206016,-0.018674,0.000000,0.000000
27565.0,-0.261799,-0.261551,0.035855,-0.043555,-0.014902,0.000000,3.206017,-0.004200,0.000000,0.000000
27570.0,-0.261799,-0.261539,0.011366,-0.042773,-0.015609,0.000000,3.206021,0.021329,0.000846,0.000000
27575.0,-0.261799,-0.261542,0.008398,-0.041945,-0.015464,0.000000,3.206024,0.016339,0.000000,0.000000
27580.0,-0.261799,-0.261541,0.007172,-0.042773,-0.015491,0.000000,3.206023,0.003199,-0.000758,0.000000
27585.0,-0.261799,-0.261542,0.002408,-0.042773,-0.015419,0.000000,3.206021,-0.003372,0.000088,0.000000
27590.0,-0.261799,-0.261542,-0.001147,-0.042773,-0.015428,0.000000,3.206017,-0.014926,0.000000,0.000000
27595.0,-0.261799,-0.261811,-0.159867,-0.035554,0.000672,0.000000,3.206017,-0.005920,0.000000,0.000000
27600.0,-0.261799,-0.261924,-0.031866,-0.039554,0.007474,0.000000,3.206024,0.023066,0.000000,0.000000
27605.0,-0.261799,-0.261930,-0.007418,-0.039554,0.007845,0.000000,3.206022,0.001036,0.000846,0.000000
27610.0,-0.261799,-0.261930,0.000166,-0.038725,0.007811,0.000000,3.206021,0.001576,0.000000,0.000000
27615.0,-0.261799,-0.261929,0.008207,-0.040335,0.007753,0.000000,3.206022,0.006631,0.000000,0.000000
27620.0,-0.261799,-0.261929,-0.004907,-0.039554,0.007787,0.000000,3.206017,-0.022377,0.000000,0.000000
27625.0,-0.261799,-0.261928,0.003555,-0.040287,0.007702,0.000000,3.206016,-0.014207,0.000000,0.000000
27630.0,-0.261799,-0.261927,0.004880,-0.039554,0.007653,0.000000,3.206019,0.012375,0.000846,0.000000
27635.0,-0.261799,-0.261927,-0.001993,-0.039506,0.007685,0.000000,3.206022,0.011948,0.000000,0.000000
27640.0,-0.261799,-0.261927,0.009079,-0.038678,0.007646,0.000000,3.206022,0.001794,0.000000,0.000000
27645.0,-0.261799,-0.261927,0.002695,-0.039506,0.007685,0.000000,3.206021,-0.001515,0.000000,0.000000
27650.0,-0.261799,-0.261927,-0.004088,-0.040382,0.007626,0.000000,3.206018,-0.001746,0.000846,0.000000
27655.0,-0.261799,-0.261927,0.003196,-0.039554,0.007680,0.000000,3.206016,-0.009291,0.000000,0.000000
27660.0,-0.261799,-0.261926,0.008920,-0.038678,0.007625,0.000000,3.206020,0.028052,0.001693,0.000000
27665.0,-0.261799,-0.261927,-0.000108,-0.039554,0.007662,0.000000,3.206021,-0.000529,0.000000,0.000000
27670.0,-0.261799,-0.261926,0.005399,-0.039554,0.007616,0.000000,3.206020,0.001177,0.000000,0.000000
27675.0,-0.261799,-0.261926,0.005267,-0.039554,0.007589,0.000000,3.206021,0.001239,0.000846,0.000000
27680.0,-0.261799,-0.261926,0.003729,-0.039506,0.007605,0.000000,3.206022,-0.008284,-0.000935,0.000000
27685.0,-0.261799,-0.261926,0.013718,-0.041163,0.007596,0.000000,3.206019,-0.006001,0.000000,0.000000
27690.0,-0.261799,-0.261927,0.002266,-0.040335,0.007634,0.000000,3.206021,0.007157,0.000000,0.000000
27695.0,-0.261799,-0.261927,-0.000992,-0.038725,0.007634,0.000000,3.206024,0.004172,0.000088,0.000000
27700.0,-0.261799,-0.261925,0.002217,-0.039506,0.007566,0.000000,3.206021,0.002134,0.000000,0.000000
27705.0,-0.261799,-0.261925,0.007906,-0.040335,0.007541,0.000000,3.206020,-0.005998,0.000000,0.000000
27710.0,-0.261799,-0.261926,0.006359,-0.039554,0.007591,0.000000,3.206018,-0.008666,0.000088,0.000000
27715.0,-0.261799,-0.261926,0.008221,-0.039554,0.007621,0.000000,3.206018,-0.007600,0.000000,0.000000
27720.0,-0.261799,-0.261926,0.001926,-0.039601,0.007598,0.000000,3.206022,0.016980,0.000000,0.000000
27725.0,-0.261799,-0.261813,0.194714,-0.048429,0.000790,0.000000,3.206023,0.005830,0.000000,0.000000
27730.0,-0.261799,-0.261556,0.055270,-0.044337,-0.014580,0.000000,3.206017,-0.016189,0.000000,0.000000
27735.0,-0.261799,-0.261541,0.032484,-0.043600,-0.015525,0.000000,3.206017,-0.010329,0.001693,0.000000
27740.0,-0.261799,-0.261540,-0.000928,-0.042773,-0.015541,0.000000,3.206019,-0.006286,0.000000,0.000000
27745.0,-0.261799,-0.261543,-0.002846,-0.041990,-0.015410,0.000000,3.206020,0.009517,0.000000,0.000000
27750.0,-0.261799,-0.261542,0.014048,-0.041945,-0.015473,0.000000,3.206021,0.003960,0.000000,0.000000
27755.0,-0.261799,-0.261855,-0.141116,-0.033849,0.003310,0.000000,3.206021,-0.000562,0.000088,0.000000
27760.0,-0.261799,-0.261927,-0.026211,-0.038725,0.007646,0.000000,3.206019,-0.028588,-0.001781,0.000000
27765.0,-0.261799,-0.261929,-0.007881,-0.038725,0.007787,0.000000,3.206015,-0.017845,0.000000,0.000000
27770.0,-0.261799,-0.261930,-0.007204,-0.038725,0.007834,0.000000,3.206018,0.002727,0.000000,0.000000
27775.0,-0.261799,-0.261930,-0.021255,-0.038725,0.007818,0.000000,3.206018,-0.015761,0.000000,0.000000
27780.0,-0.261799,-0.261928,-0.002125,-0.039554,0.007707,0.000000,3.206019,0.006186,0.000000,0.000000
27785.0,-0.261799,-0.261725,0.187269,-0.047602,-0.004472,0.000000,3.206022,0.012802,0.000000,0.000000
27790.0,-0.261799,-0.261552,0.030863,-0.043555,-0.014827,0.000000,3.206023,0.011337,0.000000,0.000000
27795.0,-0.261799,-0.261542,0.020458,-0.041900,-0.015423,0.000000,3.206023,0.017007,0.000000,0.000000
27800.0,-0.261799,-0.261542,0.006673,-0.041945,-0.015469,0.000000,3.206023,0.001245,0.000000,0.000000
27805.0,-0.261799,-0.261544,-0.000454,-0.041945,-0.015326,0.000000,3.206020,-0.004354,0.000000,0.000000
27810.0,-0.261799,-0.261543,0.000289,-0.041945,-0.015382,0.000000,3.206018,-0.007294,0.000000,0.000000
27815.0,-0.261799,-0.261657,-0.199470,-0.033115,-0.008533,0.000000,3.206018,-0.005973,0.000000,0.000000
27820.0,-0.261799,-0.261914,-0.062173,-0.037897,0.006854,0.000000,3.206020,0.024051,0.001693,0.000000
27825.0,-0.261799,-0.261928,-0.010164,-0.039554,0.007737,0.000000,3.206026,0.023380,0.000000,0.000000
27830.0,-0.261799,-0.261930,-0.009039,-0.039554,0.007861,0.000000,3.206023,0.007618,0.000846,0.000000
27835.0,-0.261799,-0.261930,-0.000457,-0.039554,0.007832,0.000000,3.206018,-0.017531,0.000000,0.000000
27840.0,-0.261799,-0.261929,-0.006875,-0.039554,0.007753,0.000000,3.206014,-0.023022,0.000000,0.000000
27845.0,-0.261799,-0.261927,0.001114,-0.040335,0.007685,0.000000,3.206014,-0.006189,-0.000935,0.000000
27850.0,-0.261799,-0.261928,-0.003415,-0.039554,0.007728,0.000000,3.206018,0.004485,0.000000,0.000000
27855.0,-0.261799,-0.261928,-0.005169,-0.039554,0.007735,0.000000,3.206023,0.023108,0.000000,0.000000
27860.0,-0.261799,-0.261927,0.002531,-0.038725,0.007655,0.000000,3.206024,0.012421,0.000000,0.000000
27865.0,-0.261799,-0.261927,-0.001505,-0.039506,0.007666,0.000000,3.206020,-0.006394,0.000000,0.000000
27870.0,-0.261799,-0.261657,0.178248,-0.049257,-0.008526,0.000000,3.206018,-0.002251,0.000088,0.000000
27875.0,-0.261799,-0.261558,0.037580,-0.043555,-0.014491,0.000000,3.206019,0.000416,0.000000,0.000000
27880.0,-0.261799,-0.261541,0.010563,-0.042773,-0.015525,0.000000,3.206020,0.002253,0.000000,0.000000
27885.0,-0.261799,-0.261541,0.006086,-0.041945,-0.015503,0.000000,3.206022,0.012931,0.000000,0.000000
27890.0,-0.261799,-0.261746,-0.189373,-0.033849,-0.003203,0.000000,3.206021,0.001729,0.000000,0.000000
27895.0,-0.261799,-0.261901,-0.070428,-0.037116,0.006103,0.000000,3.206020,-0.004665,0.000000,0.000000
27900.0,-0.261799,-0.261928,-0.010822,-0.039506,0.007696,0.000000,3.206018,-0.008061,-0.000088,0.000000
27905.0,-0.261799,-0.261929,-0.009029,-0.038725,0.007771,0.000000,3.206016,-0.013174,0.000088,0.000000
27910.0,-0.261799,-0.261929,-0.011412,-0.039554,0.007761,0.000000,3.206019,0.002628,0.000000,0.000000
27915.0,-0.261799,-0.261929,-0.005129,-0.039554,0.007759,0.000000,3.206021,0.007344,0.000000,0.000000
27920.0,-0.261799,-0.261928,-0.002905,-0.039554,0.007691,0.000000,3.206021,0.005894,0.000000,0.000000
27925.0,-0.261799,-0.261928,0.001938,-0.038725,0.007737,0.000000,3.206020,0.007468,0.000000,0.000000
27930.0,-0.261799,-0.261928,0.004259,-0.038678,0.007710,0.000000,3.206021,0.005421,0.000000,0.000000
27935.0,-0.261799,-0.261814,0.187955,-0.049257,0.000849,0.000000,3.206021,0.000324,0.000000,0.000000
27940.0,-0.261799,-0.261558,0.044803,-0.044427,-0.014495,0.000000,3.206020,-0.002477,0.000000,0.000000
27945.0,-0.261799,-0.261542,0.016960,-0.042773,-0.015460,0.000000,3.206020,-0.002788,0.000000,0.000000
27950.0,-0.261799,-0.261541,0.007342,-0.042773,-0.015519,0.000000,3.206020,-0.002628,0.000000,0.000000
27955.0,-0.261799,-0.261542,0.012647,-0.042773,-0.015466,0.000000,3.206016,-0.023288,0.000000,0.000000
27960.0,-0.261799,-0.261747,-0.198642,-0.033896,-0.003156,0.000000,3.206020,0.012554,-0.000758,0.000000
27965.0,-0.261799,-0.261902,-0.067219,-0.037163,0.006144,0.000000,3.206023,0.013339,0.000000,0.000000
27970.0,-0.261799,-0.261929,-0.006619,-0.038725,0.007786,0.000000,3.206025,0.020133,-0.000088,0.000000
27975.0,-0.261799,-0.261929,-0.001629,-0.039554,0.007805,0.000000,3.206023,0.002334,0.000000,0.000000
27980.0,-0.261799,-0.261928,0.000892,-0.039506,0.007730,0.000000,3.206019,-0.011594,0.000000,0.000000
27985.0,-0.261799,-0.261929,-0.003739,-0.039554,0.007768,0.000000,3.206017,-0.012187,0.000000,0.000000
27990.0,-0.261799,-0.261928,0.001869,-0.039554,0.007721,0.000000,3.206018,-0.003533,0.000088,0.000000
27995.0,-0.261799,-0.261926,0.007259,-0.039506,0.007596,0.000000,3.206019,-0.002353,0.000758,0.000000
28000.0,-0.261799,-0.261928,-0.006542,-0.039554,0.007712,0.000000,3.206018,-0.008422,0.000000,0.000000
28005.0,-0.261799,-0.261927,0.000019,-0.039554,0.007684,0.000000,3.206018,-0.000735,0.000000,0.000000
28010.0,-0.261799,-0.261926,0.000476,-0.039554,0.007612,0.000000,3.206021,0.006446,0.000000,0.000000
28015.0,-0.261799,-0.261928,-0.008006,-0.039554,0.007712,0.000000,3.206023,0.016885,0.000000,0.000000
28020.0,-0.261799,-0.261926,0.005857,-0.039506,0.007583,0.000000,3.206021,-0.010146,0.000088,0.000000
28025.0,-0.261799,-0.261927,-0.004797,-0.039554,0.007659,0.000000,3.206020,-0.000615,0.000000,0.000000
28030.0,-0.261799,-0.261926,0.003941,-0.039554,0.007576,0.000000,3.206017,-0.010949,0.000000,0.000000
28035.0,-0.261799,-0.261927,0.003928,-0.039554,0.007662,0.000000,3.206020,0.004969,0.000000,0.000000
28040.0,-0.261799,-0.261927,-0.001503,-0.039506,0.007643,0.000000,3.206019,-0.003053,0.000000,0.000000
28045.0,-0.261799,-0.261925,0.008576,-0.039554,0.007535,0.000000,3.206017,-0.010597,0.000088,0.000000
28050.0,-0.261799,-0.261927,-0.003978,-0.039554,0.007648,0.000000,3.206021,0.013255,0.000000,0.000000
28055.0,-0.261799,-0.261926,0.005148,-0.039554,0.007609,0.000000,3.206023,0.011810,0.000000,0.000000
28060.0,-0.261799,-0.261925,0.002662,-0.040382,0.007566,0.000000,3.206022,0.002808,0.000000,0.000000
28065.0,-0.261799,-0.261925,0.018859,-0.039506,0.007566,0.000000,3.206021,-0.001860,0.000000,0.000000
28070.0,-0.261799,-0.261926,-0.003234,-0.039554,0.007614,0.000000,3.206019,-0.003915,0.000000,0.000000
28075.0,-0.261799,-0.261926,-0.002092,-0.039554,0.007609,0.000000,3.206018,-0.013857,0.000000,0.000000
28080.0,-0.261799,-0.261927,0.001176,-0.039554,0.007626,0.000000,3.206019,-0.008922,0.000000,0.000000
28085.0,-0.261799,-0.261926,0.000913,-0.039554,0.007607,0.000000,3.206021,0.006286,0.000000,0.000000
28090.0,-0.261799,-0.261926,0.014603,-0.038725,0.007596,0.000000,3.206021,0.001856,0.000000,0.000000
28095.0,-0.261799,-0.261926,-0.002012,-0.038725,0.007571,0.000000,3.206020,-0.000838,0.000000,0.000000
28100.0,-0.261799,-0.261926,0.004221,-0.038678,0.007621,0.000000,3.206020,-0.002100,0.000000,0.000000
28105.0,-0.261799,-0.261926,-0.001743,-0.038725,0.007609,0.000000,3.206021,0.008048,0.000000,0.000000
28110.0,-0.261799,-0.261927,0.003452,-0.038678,0.007671,0.000000,3.206019,-0.012887,0.000000,0.000000
28115.0,-0.261799,-0.261925,-0.003681,-0.038725,0.007550,0.000000,3.206018,-0.008591,0.000000,0.000000
28120.0,-0.261799,-0.261926,0.006944,-0.038725,0.007605,0.000000,3.206023,0.015811,0.000000,0.000000
28125.0,-0.261799,-0.261927,-0.004170,-0.037897,0.007637,0.000000,3.206024,0.015115,0.000000,0.000000
28130.0,-0.261799,-0.261926,0.002698,-0.038678,0.007594,0.000000,3.206021,-0.009422,0.000000,0.000000
28135.0,-0.261799,-0.261925,0.024217,-0.040382,0.007523,0.000000,3.206017,-0.015320,0.000000,0.000000
28140.0,-0.261799,-0.261927,-0.000333,-0.038725,0.007648,0.000000,3.206017,-0.011208,0.000000,0.000000
28145.0,-0.261799,-0.261926,0.007429,-0.038725,0.007612,0.000000,3.206018,-0.010124,0.000000,0.000000
28150.0,-0.261799,-0.261926,0.003857,-0.038725,0.007616,0.000000,3.206016,-0.012874,0.000000,0.000000
28155.0,-0.261799,-0.261927,-0.001755,-0.038725,0.007673,0.000000,3.206018,-0.000798,0.000000,0.000000
28160.0,-0.261799,-0.261926,0.005819,-0.038725,0.007582,0.000000,3.206021,0.008667,0.000000,0.000000
28165.0,-0.261799,-0.261925,0.007576,-0.038725,0.007560,0.000000,3.206020,-0.002483,0.000000,0.000000
28170.0,-0.261799,-0.261927,-0.005513,-0.038725,0.007634,0.000000,3.206018,-0.020165,-0.000935,0.000000
28175.0,-0.261799,-0.261928,-0.002927,-0.038773,0.007705,0.000000,3.206017,-0.004530,0.000000,0.000000
28180.0,-0.261799,-0.261925,0.009456,-0.038725,0.007550,0.000000,3.206022,0.013800,0.000000,0.000000
28185.0,-0.261799,-0.261927,-0.005082,-0.037944,0.007657,0.000000,3.206023,0.013932,0.000000,0.000000
28190.0,-0.261799,-0.261926,0.003733,-0.038725,0.007600,0.000000,3.206020,-0.000516,0.000000,0.000000
28195.0,-0.261799,-0.261927,0.001685,-0.038725,0.007657,0.000000,3.206024,0.021114,0.000000,0.000000
28200.0,-0.261799,-0.261925,0.006921,-0.038725,0.007566,0.000000,3.206021,-0.006163,0.000088,0.000000
28205.0,-0.261799,-0.261926,-0.001455,-0.038773,0.007596,0.000000,3.206019,-0.007991,0.000000,0.000000
28210.0,-0.261799,-0.261926,0.011705,-0.037897,0.007603,0.000000,3.206018,-0.000264,0.000846,0.000000
28215.0,-0.261799,-0.261617,0.118962,-0.044337,-0.010956,0.000000,3.206018,-0.006214,0.000000,0.000000
28220.0,-0.261799,-0.261544,0.020803,-0.041945,-0.015339,0.000000,3.206021,0.013973,0.000000,0.000000
28225.0,-0.261799,-0.261540,0.017215,-0.041990,-0.015584,0.000000,3.206021,0.000850,0.000000,0.000000
28230.0,-0.261799,-0.261541,0.011028,-0.041163,-0.015526,0.000000,3.206023,0.017381,0.000000,0.000000
28235.0,-0.261799,-0.261542,-0.000477,-0.041163,-0.015426,0.000000,3.206023,0.005823,0.000000,0.000000
28240.0,-0.261799,-0.261748,-0.216744,-0.033068,-0.003097,0.000000,3.206019,-0.021817,-0.000935,0.000000
28245.0,-0.261799,-0.261902,-0.062255,-0.036335,0.006142,0.000000,3.206015,-0.018117,0.000000,0.000000
28250.0,-0.261799,-0.261929,-0.008581,-0.037944,0.007780,0.000000,3.206018,-0.007587,0.000000,0.000000
28255.0,-0.261799,-0.261930,-0.006516,-0.037897,0.007850,0.000000,3.206017,-0.010409,0.000000,0.000000
28260.0,-0.261799,-0.261929,-0.009148,-0.038725,0.007752,0.000000,3.206019,0.005436,0.000000,0.000000
28265.0,-0.261799,-0.261930,-0.004171,-0.037897,0.007827,0.000000,3.206021,0.010969,0.000846,0.000000
28270.0,-0.261799,-0.261723,0.210195,-0.046729,-0.004574,0.000000,3.206025,0.015321,0.000000,0.000000
28275.0,-0.261799,-0.261570,0.049446,-0.042727,-0.013763,0.000000,3.206025,0.012577,0.000758,0.000000
28280.0,-0.261799,-0.261544,0.012289,-0.041163,-0.015332,0.000000,3.206020,-0.008483,0.000000,0.000000
28285.0,-0.261799,-0.261541,0.008180,-0.041990,-0.015534,0.000000,3.206018,-0.010957,0.001693,0.000000
28290.0,-0.261799,-0.261542,0.012552,-0.041118,-0.015433,0.000000,3.206021,0.005605,0.000000,0.000000
28295.0,-0.261799,-0.261543,0.007555,-0.041990,-0.015408,0.000000,3.206020,-0.003825,0.000000,0.000000
28300.0,-0.261799,-0.261544,0.001661,-0.041118,-0.015333,0.000000,3.206020,-0.000122,0.000000,0.000000
28305.0,-0.261799,-0.261544,-0.015419,-0.041163,-0.015326,0.000000,3.206020,-0.005233,-0.000935,0.000000
28310.0,-0.261799,-0.261544,-0.006302,-0.041990,-0.015333,0.000000,3.206016,-0.014377,0.000000,0.000000
28315.0,-0.261799,-0.261545,0.005468,-0.042773,-0.015272,0.000000,3.206019,0.002712,0.000000,0.000000
28320.0,-0.261799,-0.261545,-0.003400,-0.041163,-0.015251,0.000000,3.206020,0.002548,-0.000088,0.000000
28325.0,-0.261799,-0.261545,-0.011368,-0.041163,-0.015267,0.000000,3.206021,-0.000124,0.000000,0.000000
28330.0,-0.261799,-0.261545,-0.004385,-0.041163,-0.015240,0.000000,3.206020,-0.001191,0.000088,0.000000
28335.0,-0.261799,-0.261547,-0.007297,-0.041118,-0.015171,0.000000,3.206020,0.011158,0.000000,0.000000
28340.0,-0.261799,-0.261546,-0.002695,-0.041118,-0.015217,0.000000,3.206021,0.001589,0.000000,0.000000
28345.0,-0.261799,-0.261546,-0.015567,-0.041163,-0.015208,0.000000,3.206020,-0.003306,0.000000,0.000000
28350.0,-0.261799,-0.261546,-0.002596,-0.041163,-0.015192,0.000000,3.206015,-0.025666,-0.000088,0.000000
28355.0,-0.261799,-0.261545,-0.009790,-0.041945,-0.015265,0.000000,3.206015,-0.009807,0.000000,0.000000
28360.0,-0.261799,-0.261545,-0.003530,-0.041945,-0.015267,0.000000,3.206020,0.008929,0.000000,0.000000
28365.0,-0.261799,-0.261546,-0.006710,-0.042773,-0.015221,0.000000,3.206022,0.013269,0.000000,0.000000
28370.0,-0.261799,-0.261546,-0.001831,-0.042773,-0.015210,0.000000,3.206024,0.018252,0.000000,0.000000
28375.0,-0.261799,-0.261545,-0.010896,-0.041990,-0.015237,0.000000,3.206023,0.005043,0.000000,0.000000
28380.0,-0.261799,-0.261545,-0.003362,-0.041118,-0.015237,0.000000,3.206020,-0.004714,0.000000,0.000000
28385.0,-0.261799,-0.261545,-0.007219,-0.042773,-0.015244,0.000000,3.206018,-0.009093,0.000000,0.000000
28390.0,-0.261799,-0.261903,-0.069251,-0.036287,0.006219,0.000000,3.206018,-0.005918,0.000000,0.000000
28395.0,-0.261799,-0.261928,-0.023937,-0.038725,0.007725,0.000000,3.206017,-0.017912,0.000000,0.000000
28400.0,-0.261799,-0.261932,-0.022520,-0.039554,0.007964,0.000000,3.206017,-0.001623,0.000000,0.000000
28405.0,-0.261799,-0.261931,-0.006414,-0.039554,0.007916,0.000000,3.206020,0.008203,0.000000,0.000000
28410.0,-0.261799,-0.261929,-0.007128,-0.039506,0.007778,0.000000,3.206022,0.005923,0.000000,0.000000
28415.0,-0.261799,-0.261930,-0.002020,-0.039554,0.007809,0.000000,3.206023,0.011569,0.000000,0.000000
28420.0,-0.261799,-0.261929,-0.010413,-0.039554,0.007796,0.000000,3.206021,-0.003994,0.000000,0.000000
28425.0,-0.261799,-0.261928,-0.001410,-0.039506,0.007743,0.000000,3.206019,-0.007143,0.000000,0.000000
28430.0,-0.261799,-0.261927,0.004832,-0.039506,0.007675,0.000000,3.206017,-0.019400,0.000000,0.000000
28435.0,-0.261799,-0.261927,0.010884,-0.040335,0.007628,0.000000,3.206017,-0.007763,0.000000,0.000000
28440.0,-0.261799,-0.261569,0.062948,-0.045165,-0.013804,0.000000,3.206019,0.004463,0.000000,0.000000
28445.0,-0.261799,-0.261544,0.021343,-0.042773,-0.015333,0.000000,3.206023,0.017744,-0.000088,0.000000
28450.0,-0.261799,-0.261541,0.004124,-0.042773,-0.015480,0.000000,3.206019,-0.011721,0.000000,0.000000
28455.0,-0.261799,-0.261542,-0.001644,-0.041945,-0.015457,0.000000,3.206018,-0.004418,0.000000,0.000000
28460.0,-0.261799,-0.261854,-0.124201,-0.033849,0.003271,0.000000,3.206021,-0.001127,0.000000,0.000000
28465.0,-0.261799,-0.261921,-0.034414,-0.038773,0.007271,0.000000,3.206020,-0.000744,0.000176,0.000000
28470.0,-0.261799,-0.261929,-0.003597,-0.039554,0.007780,0.000000,3.206020,0.002953,0.000000,0.000000
28475.0,-0.261799,-0.261928,0.001344,-0.040335,0.007735,0.000000,3.206020,0.003920,0.000000,0.000000
28480.0,-0.261799,-0.261928,-0.007172,-0.039506,0.007743,0.000000,3.206021,0.002274,0.000000,0.000000
28485.0,-0.261799,-0.261928,-0.001076,-0.039554,0.007714,0.000000,3.206021,0.003586,0.000088,0.000000
28490.0,-0.261799,-0.261927,0.001515,-0.039506,0.007669,0.000000,3.206021,-0.000339,0.000000,0.000000
28495.0,-0.261799,-0.261927,-0.005949,-0.039554,0.007650,0.000000,3.206020,0.009740,-0.000935,0.000000
28500.0,-0.261799,-0.261928,-0.000057,-0.039506,0.007709,0.000000,3.206021,0.005968,-0.000088,0.000000
28505.0,-0.261799,-0.261926,0.006138,-0.039554,0.007610,0.000000,3.206021,0.000267,0.000000,0.000000
28510.0,-0.261799,-0.261927,-0.008347,-0.039554,0.007685,0.000000,3.206019,-0.006283,0.000000,0.000000
28515.0,-0.261799,-0.261928,-0.001175,-0.039554,0.007696,0.000000,3.206017,-0.014270,0.000000,0.000000
28520.0,-0.261799,-0.261927,-0.000872,-0.039554,0.007637,0.000000,3.206018,-0.003370,-0.000176,0.000000
28525.0,-0.261799,-0.261927,0.001963,-0.039554,0.007626,0.000000,3.206022,0.011959,0.000000,0.000000
28530.0,-0.261799,-0.261926,0.010401,-0.038725,0.007596,0.000000,3.206023,0.014523,0.000000,0.000000
28535.0,-0.261799,-0.261927,-0.002179,-0.039554,0.007643,0.000000,3.206022,0.004106,-0.000846,0.000000
28540.0,-0.261799,-0.261927,0.007261,-0.038725,0.007655,0.000000,3.206018,0.004548,0.000935,0.000000
28545.0,-0.261799,-0.261926,0.006119,-0.039506,0.007596,0.000000,3.206021,0.000760,0.000000,0.000000
28550.0,-0.261799,-0.261924,0.004658,-0.039554,0.007501,0.000000,3.206017,-0.000699,0.000846,0.000000
28555.0,-0.261799,-0.261927,-0.002239,-0.039506,0.007634,0.000000,3.206019,0.001138,0.000000,0.000000
28560.0,-0.261799,-0.261927,0.010844,-0.038725,0.007655,0.000000,3.206021,0.012860,0.000846,0.000000
28565.0,-0.261799,-0.261927,0.005348,-0.038725,0.007639,0.000000,3.206022,0.006238,0.000000,0.000000
28570.0,-0.261799,-0.261924,0.008373,-0.039506,0.007498,0.000000,3.206020,-0.014802,-0.000758,0.000000
28575.0,-0.261799,-0.261927,-0.004048,-0.039554,0.007626,0.000000,3.206016,-0.026930,0.000000,0.000000
28580.0,-0.261799,-0.261927,0.001534,-0.039554,0.007630,0.000000,3.206018,0.003084,0.000000,0.000000
28585.0,-0.261799,-0.261926,0.000454,-0.038725,0.007573,0.000000,3.206021,0.006403,0.000000,0.000000
28590.0,-0.261799,-0.261926,0.006846,-0.038725,0.007587,0.000000,3.206021,0.005561,0.000000,0.000000
28595.0,-0.261799,-0.261927,0.003676,-0.038725,0.007662,0.000000,3.206021,0.004320,0.000000,0.000000
28600.0,-0.261799,-0.261926,0.008162,-0.038725,0.007596,0.000000,3.206018,-0.011225,0.000000,0.000000
28605.0,-0.261799,-0.261926,0.001194,-0.038725,0.007589,0.000000,3.206017,-0.002610,0.000000,0.000000
28610.0,-0.261799,-0.261926,0.002028,-0.039554,0.007607,0.000000,3.206016,-0.012927,0.000000,0.000000
28615.0,-0.261799,-0.261926,0.018147,-0.039554,0.007598,0.000000,3.206019,0.013842,0.001693,0.000000
28620.0,-0.261799,-0.261926,0.000185,-0.039554,0.007578,0.000000,3.206022,-0.001680,0.000000,0.000000
28625.0,-0.261799,-0.261926,-0.001905,-0.038773,0.007600,0.000000,3.206020,-0.000357,0.000000,0.000000
28630.0,-0.261799,-0.261926,0.002233,-0.038725,0.007609,0.000000,3.206021,-0.005330,0.000000,0.000000
28635.0,-0.261799,-0.261927,0.000914,-0.038725,0.007659,0.000000,3.206019,-0.003552,0.000000,0.000000
28640.0,-0.261799,-0.261926,0.015724,-0.037897,0.007600,0.000000,3.206020,0.001910,0.000000,0.000000
28645.0,-0.261799,-0.261927,-0.002894,-0.038773,0.007634,0.000000,3.206020,0.002225,0.000000,0.000000
28650.0,-0.261799,-0.261926,0.008345,-0.038725,0.007603,0.000000,3.206019,0.001915,0.000846,0.000000
28655.0,-0.261799,-0.261927,0.000758,-0.037849,0.007628,0.000000,3.206020,0.003609,0.000000,0.000000
28660.0,-0.261799,-0.261926,-0.005567,-0.039554,0.007607,0.000000,3.206023,0.011030,0.000000,0.000000
28665.0,-0.261799,-0.261926,-0.003717,-0.038725,0.007596,0.000000,3.206022,0.001507,-0.000935,0.000000
28670.0,-0.261799,-0.261926,0.026991,-0.037068,0.007600,0.000000,3.206018,-0.009416,0.000000,0.000000
28675.0,-0.261799,-0.261925,-0.001982,-0.037897,0.007523,0.000000,3.206017,-0.014392,-0.000935,0.000000
28680.0,-0.261799,-0.261927,-0.004015,-0.039554,0.007659,0.000000,3.206016,-0.004842,0.000000,0.000000
28685.0,-0.261799,-0.261926,0.008277,-0.038773,0.007600,0.000000,3.206019,0.008106,0.000846,0.000000
28690.0,-0.261799,-0.261926,-0.000099,-0.038725,0.007596,0.000000,3.206023,0.014495,0.000000,0.000000
28695.0,-0.261799,-0.261927,0.007105,-0.037849,0.007659,0.000000,3.206023,0.012353,-0.000088,0.000000
28700.0,-0.261799,-0.261660,0.174821,-0.046774,-0.008392,0.000000,3.206022,0.003176,0.000000,0.000000
28705.0,-0.261799,-0.261557,0.048776,-0.042773,-0.014552,0.000000,3.206019,-0.010678,0.000000,0.000000
28710.0,-0.261799,-0.261542,0.008918,-0.041163,-0.015450,0.000000,3.206018,-0.002627,0.000000,0.000000
28715.0,-0.261799,-0.261540,0.015619,-0.041945,-0.015589,0.000000,3.206020,0.003179,0.000000,0.000000
28720.0,-0.261799,-0.261541,0.004035,-0.041945,-0.015475,0.000000,3.206020,-0.009554,0.000000,0.000000
28725.0,-0.261799,-0.261542,0.021297,-0.041945,-0.015442,0.000000,3.206020,0.004502,0.000000,0.000000
28730.0,-0.261799,-0.261544,-0.006149,-0.041163,-0.015315,0.000000,3.206019,0.008998,0.000846,0.000000
28735.0,-0.261799,-0.261544,-0.011516,-0.040335,-0.015344,0.000000,3.206020,-0.004448,0.000000,0.000000
28740.0,-0.261799,-0.261884,-0.094918,-0.034677,0.005062,0.000000,3.206020,0.001508,0.000000,0.000000
28745.0,-0.261799,-0.261925,-0.019930,-0.037897,0.007523,0.000000,3.206020,0.001990,0.000000,0.000000
28750.0,-0.261799,-0.261930,-0.011208,-0.038725,0.007850,0.000000,3.206019,-0.007360,-0.000846,0.000000
28755.0,-0.261799,-0.261931,-0.015909,-0.037944,0.007886,0.000000,3.206017,-0.009932,0.000000,0.000000
28760.0,-0.261799,-0.261929,-0.007499,-0.038678,0.007759,0.000000,3.206020,0.006226,0.000000,0.000000
28765.0,-0.261799,-0.261618,0.133105,-0.046820,-0.010895,0.000000,3.206021,0.007884,0.000000,0.000000
28770.0,-0.261799,-0.261545,0.022504,-0.041945,-0.015235,0.000000,3.206022,0.007610,0.000088,0.000000
28775.0,-0.261799,-0.261541,0.015500,-0.042773,-0.015475,0.000000,3.206022,0.004984,0.000000,0.000000
28780.0,-0.261799,-0.261542,0.006332,-0.042035,-0.015435,0.000000,3.206025,0.015194,0.000000,0.000000
28785.0,-0.261799,-0.261544,0.008658,-0.041945,-0.015333,0.000000,3.206023,0.011235,0.000000,0.000000
28790.0,-0.261799,-0.261544,0.004534,-0.041163,-0.015301,0.000000,3.206020,-0.011467,-0.000846,0.000000
28795.0,-0.261799,-0.261543,0.008834,-0.042863,-0.015407,0.000000,3.206017,-0.014358,0.000846,0.000000
28800.0,-0.261799,-0.261748,-0.208334,-0.033068,-0.003054,0.000000,3.206019,-0.002700,0.000000,0.000000
28805.0,-0.261799,-0.261904,-0.071814,-0.036335,0.006296,0.000000,3.206019,-0.004547,0.000000,0.000000
28810.0,-0.261799,-0.261931,-0.022567,-0.038725,0.007882,0.000000,3.206019,-0.005292,0.000000,0.000000
28815.0,-0.261799,-0.261931,-0.011344,-0.038725,0.007902,0.000000,3.206016,-0.029588,0.000000,0.000000
28820.0,-0.261799,-0.261929,-0.005355,-0.038725,0.007768,0.000000,3.206014,-0.011647,0.000000,0.000000
28825.0,-0.261799,-0.261929,-0.006679,-0.038725,0.007757,0.000000,3.206021,0.030801,0.000000,0.000000
28830.0,-0.261799,-0.261617,0.126975,-0.047602,-0.010968,0.000000,3.206026,0.007663,-0.000935,0.000000
28835.0,-0.261799,-0.261553,0.022946,-0.041990,-0.014809,0.000000,3.206022,0.002321,0.000000,0.000000
28840.0,-0.261799,-0.261542,0.009914,-0.041945,-0.015455,0.000000,3.206020,-0.001593,0.000000,0.000000
28845.0,-0.261799,-0.261542,0.013210,-0.042727,-0.015455,0.000000,3.206021,0.010412,0.000000,0.000000
28850.0,-0.261799,-0.261541,0.013620,-0.041945,-0.015503,0.000000,3.206019,-0.007515,0.000000,0.000000
28855.0,-0.261799,-0.261542,-0.000215,-0.041945,-0.015448,0.000000,3.206018,-0.005044,0.000000,0.000000
28860.0,-0.261799,-0.261545,-0.014209,-0.041990,-0.015240,0.000000,3.206021,-0.007093,-0.000935,0.000000
28865.0,-0.261799,-0.261545,-0.005906,-0.041945,-0.015246,0.000000,3.206021,0.005220,0.000000,0.000000
28870.0,-0.261799,-0.261544,0.000918,-0.041945,-0.015332,0.000000,3.206020,-0.002660,0.000000,0.000000
28875.0,-0.261799,-0.261657,-0.195627,-0.033992,-0.008529,0.000000,3.206019,-0.003711,0.000000,0.000000
28880.0,-0.261799,-0.261915,-0.047553,-0.036287,0.006958,0.000000,3.206019,-0.001785,0.000000,0.000000
28885.0,-0.261799,-0.261929,-0.026399,-0.038725,0.007780,0.000000,3.206021,-0.002293,0.000000,0.000000
28890.0,-0.261799,-0.261932,-0.014734,-0.038725,0.007929,0.000000,3.206020,-0.003095,0.000000,0.000000
28895.0,-0.261799,-0.261930,-0.011396,-0.038678,0.007820,0.000000,3.206020,0.011298,0.000000,0.000000
28900.0,-0.261799,-0.261929,-0.005138,-0.039554,0.007775,0.000000,3.206021,0.003182,0.000000,0.000000
28905.0,-0.261799,-0.261929,-0.000387,-0.039554,0.007764,0.000000,3.206020,-0.002092,0.000000,0.000000
28910.0,-0.261799,-0.261587,0.095453,-0.046774,-0.012733,0.000000,3.206016,-0.027246,-0.000846,0.000000
28915.0,-0.261799,-0.261547,0.029328,-0.042773,-0.015171,0.000000,3.206017,-0.004676,0.000000,0.000000
28920.0,-0.261799,-0.261542,0.008635,-0.041945,-0.015428,0.000000,3.206019,-0.008947,-0.000935,0.000000
28925.0,-0.261799,-0.261542,0.002597,-0.041945,-0.015435,0.000000,3.206019,0.001774,0.000000,0.000000
28930.0,-0.261799,-0.261543,0.012151,-0.041945,-0.015412,0.000000,3.206021,0.006198,0.000000,0.000000
28935.0,-0.261799,-0.261658,-0.195252,-0.031458,-0.008478,0.000000,3.206021,-0.006321,0.000000,0.000000
28940.0,-0.261799,-0.261913,-0.038826,-0.036287,0.006829,0.000000,3.206020,0.001116,0.000000,0.000000
28945.0,-0.261799,-0.261927,-0.025840,-0.038725,0.007673,0.000000,3.206020,0.004319,0.000000,0.000000
28950.0,-0.261799,-0.261931,-0.015287,-0.039506,0.007896,0.000000,3.206017,-0.008006,0.000088,0.000000
28955.0,-0.261799,-0.261930,-0.004541,-0.039506,0.007846,0.000000,3.206019,0.003839,0.000000,0.000000
28960.0,-0.261799,-0.261928,-0.001792,-0.039554,0.007696,0.000000,3.206022,0.011066,0.000000,0.000000
28965.0,-0.261799,-0.261930,-0.016507,-0.038725,0.007807,0.000000,3.206023,0.009532,0.000000,0.000000
28970.0,-0.261799,-0.261929,-0.009493,-0.039554,0.007755,0.000000,3.206020,-0.022484,-0.000935,0.000000
28975.0,-0.261799,-0.261928,0.005236,-0.039506,0.007714,0.000000,3.206015,-0.023523,0.000000,0.000000
28980.0,-0.261799,-0.261927,-0.002071,-0.039554,0.007635,0.000000,3.206023,0.036668,0.000000,0.000000
28985.0,-0.261799,-0.261929,-0.002152,-0.039554,0.007748,0.000000,3.206026,0.012870,0.000000,0.000000
28990.0,-0.261799,-0.261927,0.005157,-0.039554,0.007626,0.000000,3.206019,-0.023749,-0.000935,0.000000
28995.0,-0.261799,-0.261926,0.001360,-0.039554,0.007596,0.000000,3.206017,-0.001962,0.000000,0.000000
29000.0,-0.261799,-0.261926,0.012765,-0.038678,0.007580,0.000000,3.206019,-0.001103,-0.000088,0.000000
29005.0,-0.261799,-0.261927,-0.006392,-0.038725,0.007643,0.000000,3.206020,0.004501,0.000000,0.000000
29010.0,-0.261799,-0.261927,-0.007547,-0.040382,0.007662,0.000000,3.206020,-0.004556,0.000000,0.000000
29015.0,-0.261799,-0.261926,0.010990,-0.039554,0.007623,0.000000,3.206020,0.000426,0.000000,0.000000
29020.0,-0.261799,-0.261927,0.002080,-0.038725,0.007634,0.000000,3.206020,-0.007288,-0.000846,0.000000
29025.0,-0.261799,-0.261927,-0.005855,-0.038725,0.007646,0.000000,3.206021,0.022433,0.000088,0.000000
29030.0,-0.261799,-0.261927,-0.002347,-0.039554,0.007650,0.000000,3.206021,0.002147,0.000000,0.000000
29035.0,-0.261799,-0.261926,0.014425,-0.039554,0.007621,0.000000,3.206020,-0.000748,0.000000,0.000000
29040.0,-0.261799,-0.261926,0.000228,-0.039601,0.007594,0.000000,3.206018,-0.010400,0.000000,0.000000
29045.0,-0.261799,-0.261926,-0.002715,-0.038725,0.007592,0.000000,3.206019,0.023412,-0.000935,0.000000
29050.0,-0.261799,-0.261927,0.005945,-0.038725,0.007643,0.000000,3.206023,0.011365,0.000000,0.000000
29055.0,-0.261799,-0.261926,0.002529,-0.039554,0.007601,0.000000,3.206021,-0.013272,0.000000,0.000000
29060.0,-0.261799,-0.261926,0.007695,-0.038725,0.007601,0.000000,3.206017,-0.011747,0.000000,0.000000
29065.0,-0.261799,-0.261926,0.002281,-0.038725,0.007625,0.000000,3.206017,-0.005290,0.001693,0.000000
29070.0,-0.261799,-0.261927,0.004020,-0.038725,0.007641,0.000000,3.206022,-0.010344,-0.000846,0.000000
29075.0,-0.261799,-0.261926,-0.005084,-0.038725,0.007605,0.000000,3.206018,-0.010717,0.000000,0.000000
29080.0,-0.261799,-0.261925,0.017626,-0.038678,0.007517,0.000000,3.206018,-0.003305,-0.000088,0.000000
29085.0,-0.261799,-0.261926,0.003075,-0.039554,0.007600,0.000000,3.206019,-0.010830,0.000088,0.000000
29090.0,-0.261799,-0.261926,0.009698,-0.038725,0.007609,0.000000,3.206020,0.001477,0.000000,0.000000
29095.0,-0.261799,-0.261926,0.008005,-0.038725,0.007598,0.000000,3.206020,0.002340,0.000000,0.000000
29100.0,-0.261799,-0.261926,0.005013,-0.038725,0.007567,0.000000,3.206020,0.003740,0.000000,0.000000
29105.0,-0.261799,-0.261927,-0.000576,-0.038725,0.007650,0.000000,3.206021,0.004744,0.000000,0.000000
29110.0,-0.261799,-0.261926,0.009963,-0.038678,0.007575,0.000000,3.206018,-0.002788,0.000088,0.000000
29115.0,-0.261799,-0.261926,0.000022,-0.038773,0.007619,0.000000,3.206020,0.003017,0.000000,0.000000
29120.0,-0.261799,-0.261926,0.004921,-0.038773,0.007612,0.000000,3.206022,0.016397,0.000000,0.000000
29125.0,-0.261799,-0.261926,0.005971,-0.039554,0.007591,0.000000,3.206021,-0.002121,0.000846,0.000000
29130.0,-0.261799,-0.261927,-0.004704,-0.038725,0.007668,0.000000,3.206020,-0.009216,0.000000,0.000000
29135.0,-0.261799,-0.261926,0.007294,-0.038773,0.007582,0.000000,3.206019,0.007604,0.001693,0.000000
29140.0,-0.261799,-0.261722,0.203635,-0.046729,-0.004621,0.000000,3.206025,0.009915,0.000000,0.000000
29145.0,-0.261799,-0.261568,0.061157,-0.042727,-0.013892,0.000000,3.206019,-0.017275,0.000000,0.000000
29150.0,-0.261799,-0.261543,0.012440,-0.041163,-0.015410,0.000000,3.206016,-0.014225,0.000000,0.000000
29155.0,-0.261799,-0.261542,-0.000497,-0.040290,-0.015462,0.000000,3.206017,-0.006768,0.000000,0.000000
29160.0,-0.261799,-0.261656,-0.194129,-0.041944,-0.008610,0.000000,3.206019,0.000948,0.000088,0.000000
29165.0,-0.261799,-0.261882,-0.095479,-0.034677,0.004978,0.000000,3.206023,0.020860,0.000000,0.000000
29170.0,-0.261799,-0.261928,-0.013757,-0.037944,0.007709,0.000000,3.206021,-0.008289,0.000000,0.000000
29175.0,-0.261799,-0.261929,-0.005695,-0.038725,0.007798,0.000000,3.206018,-0.010429,0.000846,0.000000
29180.0,-0.261799,-0.261929,0.000980,-0.037897,0.007761,0.000000,3.206018,-0.004561,0.000000,0.000000
29185.0,-0.261799,-0.261928,-0.003399,-0.038725,0.007714,0.000000,3.206015,-0.018563,0.000000,0.000000
29190.0,-0.261799,-0.261813,0.192053,-0.038725,0.000812,0.000000,3.206016,-0.018847,-0.000935,0.000000
29195.0,-0.261799,-0.261587,0.085568,-0.044382,-0.012728,0.000000,3.206017,-0.012592,0.000088,0.000000
29200.0,-0.261799,-0.261231,0.158333,-0.050039,-0.034077,0.000000,3.206025,0.033760,0.000000,0.000000
29205.0,-0.261799,-0.261164,0.050631,-0.045992,-0.038096,0.000000,3.206032,0.054211,0.000000,0.000000
29210.0,-0.261799,-0.261156,0.012699,-0.045208,-0.038576,0.000000,3.206028,0.015853,0.000000,0.000000
29215.0,-0.261799,-0.261361,-0.173743,-0.036333,-0.026329,0.000000,3.206022,-0.009396,0.000000,0.000000
29220.0,-0.261799,-0.261876,-0.134297,-0.033068,0.004624,0.000000,3.206014,-0.033646,0.000000,0.000000
29225.0,-0.261799,-0.261925,-0.036279,-0.037849,0.007541,0.000000,3.206016,0.012092,0.000000,0.000000
29230.0,-0.261799,-0.261932,-0.019392,-0.038725,0.007950,0.000000,3.206021,0.000805,0.000000,0.000000
29235.0,-0.261799,-0.261932,-0.015601,-0.038725,0.007955,0.000000,3.206019,-0.008387,-0.000935,0.000000
29240.0,-0.261799,-0.261930,-0.007508,-0.039554,0.007807,0.000000,3.206016,-0.016378,0.000000,0.000000
29245.0,-0.261799,-0.261931,-0.011840,-0.038773,0.007880,0.000000,3.206017,-0.007440,-0.000935,0.000000
29250.0,-0.261799,-0.261928,0.003167,-0.038725,0.007727,0.000000,3.206019,0.002437,0.000000,0.000000
29255.0,-0.261799,-0.261929,-0.012889,-0.038773,0.007803,0.000000,3.206020,0.006019,0.000000,0.000000
29260.0,-0.261799,-0.261659,0.181651,-0.047557,-0.008406,0.000000,3.206022,0.017416,0.000846,0.000000
29265.0,-0.261799,-0.261558,0.043895,-0.042727,-0.014496,0.000000,3.206023,0.009323,0.000000,0.000000
29270.0,-0.261799,-0.261543,0.005501,-0.041945,-0.015405,0.000000,3.206021,0.007497,0.000846,0.000000
29275.0,-0.261799,-0.261542,0.007777,-0.041945,-0.015469,0.000000,3.206019,-0.007952,0.000088,0.000000
29280.0,-0.261799,-0.261542,0.000804,-0.042773,-0.015453,0.000000,3.206017,-0.018419,0.000000,0.000000
29285.0,-0.261799,-0.261543,0.000624,-0.041163,-0.015367,0.000000,3.206020,0.011884,0.000846,0.000000
29290.0,-0.261799,-0.261543,-0.003500,-0.042773,-0.015378,0.000000,3.206020,-0.008656,0.000000,0.000000
29295.0,-0.261799,-0.261657,-0.193361,-0.032239,-0.008558,0.000000,3.206016,-0.015563,0.000000,0.000000
29300.0,-0.261799,-0.261914,-0.049026,-0.037116,0.006891,0.000000,3.206018,-0.012194,-0.000846,0.000000
29305.0,-0.261799,-0.261930,-0.022366,-0.037897,0.007845,0.000000,3.206020,0.008341,0.000000,0.000000
29310.0,-0.261799,-0.261931,-0.007703,-0.038678,0.007900,0.000000,3.206022,0.008690,0.000000,0.000000
29315.0,-0.261799,-0.261929,-0.002351,-0.039554,0.007773,0.000000,3.206022,0.005732,0.000088,0.000000
29320.0,-0.261799,-0.261725,0.190033,-0.048429,-0.004454,0.000000,3.206017,-0.012320,0.000000,0.000000
29325.0,-0.261799,-0.261571,0.061779,-0.043555,-0.013711,0.000000,3.206020,0.009937,0.000000,0.000000
29330.0,-0.261799,-0.261544,0.002142,-0.041990,-0.015317,0.000000,3.206023,0.009534,-0.000088,0.000000
29335.0,-0.261799,-0.261542,0.017063,-0.042773,-0.015444,0.000000,3.206022,0.005957,0.000000,0.000000
29340.0,-0.261799,-0.261542,0.001493,-0.042773,-0.015448,0.000000,3.206020,-0.001332,0.000000,0.000000
29345.0,-0.261799,-0.261543,-0.000250,-0.041945,-0.015380,0.000000,3.206020,0.011166,0.000000,0.000000
29350.0,-0.261799,-0.261544,0.000429,-0.041945,-0.015348,0.000000,3.206021,-0.009494,-0.000846,0.000000
29355.0,-0.261799,-0.261657,-0.177998,-0.033849,-0.008547,0.000000,3.206018,-0.009436,0.000000,0.000000
29360.0,-0.261799,-0.261913,-0.046219,-0.037163,0.006832,0.000000,3.206018,-0.002906,-0.000088,0.000000
29365.0,-0.261799,-0.261930,-0.023397,-0.038725,0.007812,0.000000,3.206019,0.000680,0.000000,0.000000
29370.0,-0.261799,-0.261930,-0.010734,-0.039506,0.007823,0.000000,3.206019,-0.006967,0.000088,0.000000
29375.0,-0.261799,-0.261931,-0.006918,-0.039554,0.007884,0.000000,3.206018,-0.014596,0.000000,0.000000
29380.0,-0.261799,-0.261929,0.003217,-0.038725,0.007764,0.000000,3.206018,0.000650,0.000000,0.000000
29385.0,-0.261799,-0.261929,-0.003898,-0.039554,0.007771,0.000000,3.206021,0.005958,0.000088,0.000000
29390.0,-0.261799,-0.261928,-0.004731,-0.039554,0.007719,0.000000,3.206022,0.007350,0.000000,0.000000
29395.0,-0.261799,-0.261929,-0.008817,-0.038725,0.007748,0.000000,3.206022,0.005192,0.000000,0.000000
29400.0,-0.261799,-0.261927,0.003975,-0.038725,0.007671,0.000000,3.206022,0.012606,0.000000,0.000000
29405.0,-0.261799,-0.261926,-0.005140,-0.039554,0.007583,0.000000,3.206019,-0.015396,0.000000,0.000000
29410.0,-0.261799,-0.261927,0.002528,-0.038725,0.007680,0.000000,3.206018,-0.003683,0.000000,0.000000
29415.0,-0.261799,-0.261927,0.008657,-0.039554,0.007673,0.000000,3.206017,-0.007488,0.000000,0.000000
29420.0,-0.261799,-0.261587,0.093862,-0.045992,-0.012721,0.000000,3.206021,0.017473,0.000000,0.000000
29425.0,-0.261799,-0.261546,0.027671,-0.042773,-0.015221,0.000000,3.206023,0.014193,0.000000,0.000000
29430.0,-0.261799,-0.261541,0.007014,-0.042682,-0.015517,0.000000,3.206021,-0.009065,0.000000,0.000000
29435.0,-0.261799,-0.261542,0.000511,-0.041990,-0.015451,0.000000,3.206023,0.012924,0.000000,0.000000
29440.0,-0.261799,-0.261810,-0.166921,-0.033068,0.000631,0.000000,3.206021,-0.001437,0.000000,0.000000
29445.0,-0.261799,-0.261912,-0.044098,-0.037944,0.006745,0.000000,3.206019,-0.007505,0.001693,0.000000
29450.0,-0.261799,-0.261929,-0.007771,-0.038725,0.007761,0.000000,3.206020,-0.004207,0.000000,0.000000
29455.0,-0.261799,-0.261928,-0.008238,-0.038725,0.007718,0.000000,3.206019,-0.006233,0.000000,0.000000
29460.0,-0.261799,-0.261929,-0.005074,-0.039506,0.007757,0.000000,3.206018,-0.005079,0.000000,0.000000
29465.0,-0.261799,-0.261929,-0.014206,-0.038773,0.007769,0.000000,3.206019,0.009140,-0.000846,0.000000
29470.0,-0.261799,-0.261929,-0.006484,-0.039554,0.007753,0.000000,3.206019,-0.000354,0.000000,0.000000
29475.0,-0.261799,-0.261926,-0.002089,-0.039554,0.007625,0.000000,3.206020,0.000200,0.000000,0.000000
29480.0,-0.261799,-0.261927,0.000429,-0.039554,0.007635,0.000000,3.206018,-0.006105,0.000000,0.000000
29485.0,-0.261799,-0.261928,0.004274,-0.039553,0.007702,0.000000,3.206019,-0.000777,0.000000,0.000000
29490.0,-0.261799,-0.261569,0.073552,-0.044337,-0.013837,0.000000,3.206018,-0.004481,0.000000,0.000000
29495.0,-0.261799,-0.261544,0.016301,-0.042727,-0.015321,0.000000,3.206019,0.001885,0.000000,0.000000
29500.0,-0.261799,-0.261541,0.013236,-0.041945,-0.015534,0.000000,3.206021,0.006056,0.000000,0.000000
29505.0,-0.261799,-0.261541,0.000578,-0.041990,-0.015475,0.000000,3.206021,-0.007962,0.000000,0.000000
29510.0,-0.261799,-0.261543,0.003511,-0.041945,-0.015394,0.000000,3.206019,-0.000464,0.000000,0.000000
29515.0,-0.261799,-0.261544,-0.004225,-0.041990,-0.015312,0.000000,3.206020,0.001173,0.000935,0.000000
29520.0,-0.261799,-0.261855,-0.125008,-0.033068,0.003331,0.000000,3.206021,0.002298,0.000000,0.000000
29525.0,-0.261799,-0.261920,-0.040996,-0.038773,0.007213,0.000000,3.206020,0.002579,0.000000,0.000000
29530.0,-0.261799,-0.261930,-0.010033,-0.038725,0.007820,0.000000,3.206018,-0.003144,0.000000,0.000000
29535.0,-0.261799,-0.261930,-0.006691,-0.038725,0.007828,0.000000,3.206019,0.002363,0.000000,0.000000
29540.0,-0.261799,-0.261930,-0.011345,-0.039506,0.007820,0.000000,3.206019,0.000227,0.000000,0.000000
29545.0,-0.261799,-0.261928,-0.005743,-0.039506,0.007727,0.000000,3.206024,0.025497,0.000758,0.000000
29550.0,-0.261799,-0.261928,0.007161,-0.038725,0.007739,0.000000,3.206023,0.006420,0.000000,0.000000
29555.0,-0.261799,-0.261815,0.181399,-0.048429,0.000919,0.000000,3.206021,-0.017260,-0.000088,0.000000
29560.0,-0.261799,-0.261557,0.037443,-0.045210,-0.014516,0.000000,3.206017,-0.011881,0.000000,0.000000
29565.0,-0.261799,-0.261543,0.027117,-0.042773,-0.015394,0.000000,3.206017,-0.005313,-0.000935,0.000000
29570.0,-0.261799,-0.261541,0.007545,-0.042773,-0.015478,0.000000,3.206015,-0.023073,-0.000846,0.000000
29575.0,-0.261799,-0.261543,0.005025,-0.041163,-0.015403,0.000000,3.206017,0.001315,0.000000,0.000000
29580.0,-0.261799,-0.261543,0.005894,-0.041945,-0.015412,0.000000,3.206023,0.017077,0.000000,0.000000
29585.0,-0.261799,-0.261855,-0.136769,-0.034725,0.003360,0.000000,3.206024,0.017691,0.000000,0.000000
29590.0,-0.261799,-0.261927,-0.004887,-0.037897,0.007655,0.000000,3.206021,0.001269,0.000000,0.000000
29595.0,-0.261799,-0.261929,-0.011978,-0.038678,0.007791,0.000000,3.206021,0.000177,0.000000,0.000000
29600.0,-0.261799,-0.261930,-0.007475,-0.038725,0.007848,0.000000,3.206020,0.000606,0.000000,0.000000
29605.0,-0.261799,-0.261929,-0.004852,-0.039554,0.007798,0.000000,3.206022,0.012028,0.000088,0.000000
29610.0,-0.261799,-0.261927,0.002804,-0.039506,0.007655,0.000000,3.206021,-0.009035,0.000000,0.000000
29615.0,-0.261799,-0.261928,-0.010477,-0.039554,0.007727,0.000000,3.206018,-0.008724,0.000000,0.000000
29620.0,-0.261799,-0.261927,0.011715,-0.038725,0.007671,0.000000,3.206017,-0.015402,0.000000,0.000000
29625.0,-0.261799,-0.261659,0.174743,-0.047602,-0.008401,0.000000,3.206016,-0.017466,0.000000,0.000000
29630.0,-0.261799,-0.261547,0.022629,-0.042773,-0.015119,0.000000,3.206019,0.005490,0.000000,0.000000
29635.0,-0.261799,-0.261541,0.020229,-0.042773,-0.015475,0.000000,3.206019,0.001379,0.000000,0.000000
29640.0,-0.261799,-0.261542,0.003614,-0.041945,-0.015448,0.000000,3.206023,0.025485,0.000935,0.000000
29645.0,-0.261799,-0.261543,0.007614,-0.041945,-0.015389,0.000000,3.206027,0.038011,0.000000,0.000000
29650.0,-0.261799,-0.261657,-0.184717,-0.041944,-0.008542,0.000000,3.206025,0.006373,0.000000,0.000000
29655.0,-0.261799,-0.261884,-0.105564,-0.035506,0.005078,0.000000,3.206022,-0.000339,0.000000,0.000000
29660.0,-0.261799,-0.261928,-0.015382,-0.039506,0.007703,0.000000,3.206018,-0.012433,0.000088,0.000000
29665.0,-0.261799,-0.261928,-0.005625,-0.038725,0.007716,0.000000,3.206019,-0.003433,0.000000,0.000000
29670.0,-0.261799,-0.261929,-0.000416,-0.038725,0.007802,0.000000,3.206018,-0.009026,0.000000,0.000000
29675.0,-0.261799,-0.261929,0.002229,-0.039506,0.007791,0.000000,3.206018,-0.010700,0.000000,0.000000
29680.0,-0.261799,-0.261928,-0.010767,-0.040335,0.007728,0.000000,3.206018,0.007554,0.000846,0.000000
29685.0,-0.261799,-0.261928,-0.007560,-0.039554,0.007743,0.000000,3.206019,-0.003456,0.000000,0.000000
29690.0,-0.261799,-0.261927,0.004179,-0.039554,0.007635,0.000000,3.206019,0.000054,0.000000,0.000000
29695.0,-0.261799,-0.261926,0.003883,-0.039554,0.007623,0.000000,3.206022,0.014083,0.000846,0.000000
29700.0,-0.261799,-0.261928,-0.000573,-0.039554,0.007689,0.000000,3.206020,-0.018357,-0.000935,0.000000
29705.0,-0.261799,-0.261927,0.001064,-0.039554,0.007648,0.000000,3.206015,-0.026669,0.000000,0.000000
29710.0,-0.261799,-0.261927,-0.004815,-0.039554,0.007660,0.000000,3.206016,-0.002026,0.000000,0.000000
29715.0,-0.261799,-0.261927,-0.005053,-0.039554,0.007676,0.000000,3.206020,0.010135,0.000000,0.000000
29720.0,-0.261799,-0.261927,0.003155,-0.039554,0.007655,0.000000,3.206024,0.020405,0.000000,0.000000
29725.0,-0.261799,-0.261926,0.002255,-0.038678,0.007610,0.000000,3.206024,0.010793,0.000000,0.000000
29730.0,-0.261799,-0.261927,-0.008008,-0.039554,0.007664,0.000000,3.206021,0.001874,0.000088,0.000000
29735.0,-0.261799,-0.261926,0.001439,-0.039554,0.007617,0.000000,3.206018,-0.001114,0.000000,0.000000
29740.0,-0.261799,-0.261926,-0.000429,-0.039554,0.007580,0.000000,3.206019,-0.005419,0.000000,0.000000
29745.0,-0.261799,-0.261926,0.017388,-0.039554,0.007594,0.000000,3.206017,-0.014513,-0.000846,0.000000
29750.0,-0.261799,-0.261926,0.007527,-0.039554,0.007578,0.000000,3.206017,-0.007840,-0.000935,0.000000
29755.0,-0.261799,-0.261926,0.007799,-0.039554,0.007567,0.000000,3.206018,-0.009431,-0.000088,0.000000
29760.0,-0.261799,-0.261925,0.018828,-0.037897,0.007550,0.000000,3.206019,0.004670,0.000000,0.000000
29765.0,-0.261799,-0.261926,0.002599,-0.038725,0.007619,0.000000,3.206021,0.010295,0.000000,0.000000
29770.0,-0.261799,-0.261927,-0.000865,-0.038725,0.007664,0.000000,3.206027,0.017970,-0.000758,0.000000
29775.0,-0.261799,-0.261927,0.007715,-0.039554,0.007637,0.000000,3.206025,0.014012,0.000000,0.000000
29780.0,-0.261799,-0.261926,-0.000716,-0.039554,0.007607,0.000000,3.206023,-0.005676,0.000000,0.000000
29785.0,-0.261799,-0.261927,0.007363,-0.038725,0.007655,0.000000,3.206019,-0.016921,0.000000,0.000000
29790.0,-0.261799,-0.261926,-0.003854,-0.039554,0.007621,0.000000,3.206014,-0.011819,0.000935,0.000000
29795.0,-0.261799,-0.261927,0.001892,-0.038725,0.007648,0.000000,3.206015,-0.001898,-0.000846,0.000000
29800.0,-0.261799,-0.261927,0.002449,-0.038725,0.007662,0.000000,3.206020,0.007251,0.000000,0.000000
29805.0,-0.261799,-0.261927,0.006719,-0.038725,0.007630,0.000000,3.206022,0.020998,-0.000935,0.000000
29810.0,-0.261799,-0.261926,0.001692,-0.038773,0.007616,0.000000,3.206021,-0.000710,0.000000,0.000000
29815.0,-0.261799,-0.261925,0.001711,-0.039554,0.007566,0.000000,3.206022,0.003778,0.000000,0.000000
29820.0,-0.261799,-0.261926,0.008782,-0.038725,0.007625,0.000000,3.206019,-0.003771,0.000935,0.000000
29825.0,-0.261799,-0.261925,0.005703,-0.039554,0.007562,0.000000,3.206019,-0.003472,0.000846,0.000000
29830.0,-0.261799,-0.261926,0.007026,-0.038725,0.007623,0.000000,3.206019,-0.007241,0.000000,0.000000
29835.0,-0.261799,-0.261614,0.130267,-0.045165,-0.011113,0.000000,3.206018,-0.006814,0.000000,0.000000
29840.0,-0.261799,-0.261543,0.027641,-0.041945,-0.015373,0.000000,3.206017,-0.009490,0.000000,0.000000
29845.0,-0.261799,-0.261541,0.015414,-0.041163,-0.015485,0.000000,3.206022,0.022277,0.000000,0.000000
29850.0,-0.261799,-0.261542,-0.000254,-0.041945,-0.015473,0.000000,3.206023,0.008596,0.000000,0.000000
29855.0,-0.261799,-0.261657,-0.197206,-0.032334,-0.008572,0.000000,3.206021,-0.000977,0.000000,0.000000
29860.0,-0.261799,-0.261912,-0.040460,-0.037116,0.006759,0.000000,3.206019,0.004890,0.000846,0.000000
29865.0,-0.261799,-0.261927,-0.003459,-0.038725,0.007643,0.000000,3.206021,0.024088,0.000000,0.000000
29870.0,-0.261799,-0.261929,0.010088,-0.037068,0.007778,0.000000,3.206023,-0.000321,0.000000,0.000000
29875.0,-0.261799,-0.261928,-0.002465,-0.039554,0.007691,0.000000,3.206019,-0.010811,0.000000,0.000000
29880.0,-0.261799,-0.261930,-0.007393,-0.038773,0.007814,0.000000,3.206017,-0.013222,0.000000,0.000000
29885.0,-0.261799,-0.261928,-0.001531,-0.038678,0.007732,0.000000,3.206017,-0.008530,0.000000,0.000000
29890.0,-0.261799,-0.261815,0.187446,-0.038771,0.000907,0.000000,3.206018,-0.002089,0.000000,0.000000
29895.0,-0.261799,-0.261587,0.104796,-0.045992,-0.012753,0.000000,3.206019,0.000830,0.000000,0.000000
29900.0,-0.261799,-0.261543,0.024495,-0.041990,-0.015408,0.000000,3.206021,0.002921,0.000000,0.000000
29905.0,-0.261799,-0.261541,0.008931,-0.041945,-0.015521,0.000000,3.206018,-0.009632,0.000000,0.000000
29910.0,-0.261799,-0.261543,-0.004692,-0.041990,-0.015389,0.000000,3.206019,0.000779,0.000000,0.000000
29915.0,-0.261799,-0.261542,0.002444,-0.041990,-0.015458,0.000000,3.206018,-0.006093,0.000000,0.000000
29920.0,-0.261799,-0.261544,-0.012590,-0.041990,-0.015317,0.000000,3.206020,0.006381,0.000000,0.000000
29925.0,-0.261799,-0.261657,-0.181498,-0.033068,-0.008524,0.000000,3.206023,0.017862,0.000000,0.000000
29930.0,-0.261799,-0.261914,-0.044353,-0.036335,0.006875,0.000000,3.206018,-0.011837,0.000000,0.000000
29935.0,-0.261799,-0.261928,-0.014815,-0.038725,0.007730,0.000000,3.206020,0.005277,0.000000,0.000000
29940.0,-0.261799,-0.261930,-0.004072,-0.037944,0.007841,0.000000,3.206019,-0.001040,0.000000,0.000000
29945.0,-0.261799,-0.261930,-0.004876,-0.038725,0.007820,0.000000,3.206020,0.002500,0.000000,0.000000
29950.0,-0.261799,-0.261928,-0.000541,-0.038725,0.007746,0.000000,3.206018,-0.002365,0.000935,0.000000
29955.0,-0.261799,-0.261928,0.010202,-0.039554,0.007703,0.000000,3.206018,-0.003604,0.000000,0.000000
29960.0,-0.261799,-0.261929,-0.009244,-0.038678,0.007789,0.000000,3.206021,0.007926,0.000000,0.000000
29965.0,-0.261799,-0.261813,0.195260,-0.048429,0.000831,0.000000,3.206022,0.008393,0.000000,0.000000
29970.0,-0.261799,-0.261558,0.039636,-0.044382,-0.014486,0.000000,3.206020,-0.005129,0.000000,0.000000
29975.0,-0.261799,-0.261543,0.020225,-0.042773,-0.015407,0.000000,3.206019,0.000597,0.000000,0.000000
29980.0,-0.261799,-0.261542,0.007985,-0.041900,-0.015467,0.000000,3.206020,0.003923,0.000000,0.000000
29985.0,-0.261799,-0.261542,-0.002153,-0.041163,-0.015444,0.000000,3.206021,0.003897,0.000000,0.000000
29990.0,-0.261799,-0.261544,-0.003735,-0.041945,-0.015342,0.000000,3.206021,0.004258,0.000088,0.000000
29995.0,-0.261799,-0.261543,0.001175,-0.041945,-0.015367,0.000000,3.206021,0.001188,0.000000,0.000000
30000.0,-0.261799,-0.261883,-0.087823,-0.034677,0.005000,0.000000,3.206021,0.009843,0.000000,0.000000
30005.0,-0.261799,-0.261924,-0.016002,-0.039554,0.007448,0.000000,3.206021,-0.009685,0.000088,0.000000
30010.0,-0.261799,-0.261931,-0.012524,-0.038725,0.007893,0.000000,3.206016,-0.011196,0.000000,0.000000
30015.0,-0.261799,-0.261930,-0.007526,-0.038725,0.007832,0.000000,3.206017,-0.012731,0.001023,0.000000
30020.0,-0.261799,-0.261929,-0.007319,-0.038725,0.007789,0.000000,3.206020,0.007268,-0.000088,0.000000
30025.0,-0.261799,-0.261929,-0.000494,-0.039554,0.007764,0.000000,3.206022,0.011594,0.000000,0.000000
30030.0,-0.261799,-0.261929,-0.007779,-0.038725,0.007782,0.000000,3.206023,0.010128,0.000088,0.000000
30035.0,-0.261799,-0.261928,0.002298,-0.039554,0.007743,0.000000,3.206022,0.004556,0.000846,0.000000
30040.0,-0.261799,-0.261723,0.193982,-0.048429,-0.004585,0.000000,3.206022,0.003698,0.000000,0.000000
30045.0,-0.261799,-0.261570,0.063300,-0.044382,-0.013774,0.000000,3.206018,-0.014455,0.000000,0.000000
30050.0,-0.261799,-0.261541,0.012195,-0.042727,-0.015512,0.000000,3.206016,-0.016975,0.000000,0.000000
30055.0,-0.261799,-0.261541,0.007703,-0.041990,-0.015503,0.000000,3.206019,0.003656,0.000000,0.000000
30060.0,-0.261799,-0.261543,0.000547,-0.041945,-0.015394,0.000000,3.206021,0.007079,0.000000,0.000000
30065.0,-0.261799,-0.261543,-0.002865,-0.041990,-0.015360,0.000000,3.206021,0.006237,0.000000,0.000000
30070.0,-0.261799,-0.261812,-0.169470,-0.032239,0.000744,0.000000,3.206023,0.010805,0.000000,0.000000
30075.0,-0.261799,-0.261912,-0.053407,-0.037116,0.006763,0.000000,3.206023,0.000982,0.000000,0.000000
30080.0,-0.261799,-0.261929,-0.016697,-0.039554,0.007777,0.000000,3.206020,-0.006162,0.000000,0.000000
30085.0,-0.261799,-0.261930,-0.009001,-0.038725,0.007834,0.000000,3.206021,-0.003701,0.000000,0.000000
30090.0,-0.261799,-0.261929,-0.013765,-0.039554,0.007784,0.000000,3.206020,0.002822,0.000000,0.000000
30095.0,-0.261799,-0.261928,-0.002739,-0.038725,0.007719,0.000000,3.206020,-0.002165,-0.000935,0.000000
30100.0,-0.261799,-0.261928,-0.007189,-0.039554,0.007739,0.000000,3.206016,-0.013297,0.000000,0.000000
30105.0,-0.261799,-0.261928,0.004540,-0.039506,0.007718,0.000000,3.206017,-0.003352,0.000000,0.000000
30110.0,-0.261799,-0.261928,-0.010369,-0.039554,0.007700,0.000000,3.206020,0.001584,0.000000,0.000000
30115.0,-0.261799,-0.261928,0.001458,-0.039506,0.007735,0.000000,3.206018,-0.008130,0.000000,0.000000
30120.0,-0.261799,-0.261722,0.226665,-0.046684,-0.004647,0.000000,3.206019,0.002757,0.000000,0.000000
30125.0,-0.261799,-0.261567,0.070164,-0.044382,-0.013915,0.000000,3.206021,0.007666,0.000000,0.000000
30130.0,-0.261799,-0.261542,0.019903,-0.041945,-0.015455,0.000000,3.206021,0.006781,0.000000,0.000000
30135.0,-0.261799,-0.261543,0.009603,-0.041945,-0.015401,0.000000,3.206021,0.004491,0.000000,0.000000
30140.0,-0.261799,-0.261543,-0.003269,-0.041945,-0.015407,0.000000,3.206018,-0.008517,0.000000,0.000000
30145.0,-0.261799,-0.261544,-0.003873,-0.041945,-0.015335,0.000000,3.206016,-0.024216,0.000000,0.000000
30150.0,-0.261799,-0.261900,-0.068435,-0.037116,0.006064,0.000000,3.206017,0.000472,0.000000,0.000000
30155.0,-0.261799,-0.261926,-0.023206,-0.038773,0.007585,0.000000,3.206021,0.009270,0.000088,0.000000
30160.0,-0.261799,-0.261930,-0.006178,-0.038725,0.007807,0.000000,3.206025,0.019163,0.000000,0.000000
30165.0,-0.261799,-0.261930,-0.007979,-0.039554,0.007809,0.000000,3.206024,0.007365,0.000000,0.000000
30170.0,-0.261799,-0.261928,0.005525,-0.038725,0.007728,0.000000,3.206020,-0.003517,0.000000,0.000000
30175.0,-0.261799,-0.261929,0.005464,-0.039554,0.007750,0.000000,3.206019,-0.004335,0.000088,0.000000
30180.0,-0.261799,-0.261813,0.191707,-0.039554,0.000790,0.000000,3.206020,-0.004387,-0.000846,0.000000
30185.0,-0.261799,-0.261587,0.098566,-0.045165,-0.012755,0.000000,3.206019,-0.004532,0.000000,0.000000
30190.0,-0.261799,-0.261544,0.006367,-0.042773,-0.015348,0.000000,3.206020,0.009261,0.000000,0.000000
30195.0,-0.261799,-0.261543,0.010724,-0.041990,-0.015405,0.000000,3.206021,0.004211,0.000000,0.000000
30200.0,-0.261799,-0.261543,0.003848,-0.041945,-0.015391,0.000000,3.206018,-0.029793,-0.000935,0.000000
30205.0,-0.261799,-0.261542,0.003486,-0.041945,-0.015462,0.000000,3.206015,-0.017994,0.000000,0.000000
30210.0,-0.261799,-0.261545,-0.006667,-0.041990,-0.015285,0.000000,3.206018,0.002283,0.000000,0.000000
30215.0,-0.261799,-0.261812,-0.166384,-0.033896,0.000744,0.000000,3.206019,-0.000322,0.000000,0.000000
30220.0,-0.261799,-0.261924,-0.028607,-0.037944,0.007498,0.000000,3.206021,0.010068,0.000000,0.000000
30225.0,-0.261799,-0.261930,-0.017790,-0.038773,0.007837,0.000000,3.206023,0.011916,0.000846,0.000000
30230.0,-0.261799,-0.261930,0.000806,-0.038725,0.007823,0.000000,3.206024,0.011529,0.000000,0.000000
30235.0,-0.261799,-0.261928,-0.008989,-0.039506,0.007723,0.000000,3.206022,0.000660,0.000000,0.000000
30240.0,-0.261799,-0.261929,-0.014295,-0.039554,0.007789,0.000000,3.206021,0.018209,0.000846,0.000000
30245.0,-0.261799,-0.261927,0.003957,-0.039554,0.007675,0.000000,3.206022,0.006261,0.000000,0.000000
30250.0,-0.261799,-0.261928,-0.012494,-0.039554,0.007744,0.000000,3.206016,-0.025255,0.000000,0.000000
30255.0,-0.261799,-0.261927,0.005045,-0.039554,0.007673,0.000000,3.206015,-0.012192,0.000000,0.000000
30260.0,-0.261799,-0.261928,-0.000276,-0.038725,0.007714,0.000000,3.206018,0.000790,0.000000,0.000000
30265.0,-0.261799,-0.261928,-0.007442,-0.038678,0.007689,0.000000,3.206020,0.005541,0.000846,0.000000
30270.0,-0.261799,-0.261928,0.002489,-0.038725,0.007689,0.000000,3.206019,-0.004452,0.000000,0.000000
30275.0,-0.261799,-0.261927,-0.006483,-0.038725,0.007659,0.000000,3.206019,0.001530,0.000000,0.000000
30280.0,-0.261799,-0.261926,-0.001793,-0.039554,0.007616,0.000000,3.206019,-0.004029,0.000000,0.000000
30285.0,-0.261799,-0.261926,-0.000185,-0.038725,0.007614,0.000000,3.206017,-0.005912,0.000000,0.000000
30290.0,-0.261799,-0.261927,0.001272,-0.038725,0.007659,0.000000,3.206021,0.008338,0.000000,0.000000
30295.0,-0.261799,-0.261926,0.013421,-0.039554,0.007571,0.000000,3.206022,0.011193,0.000000,0.000000
30300.0,-0.261799,-0.261927,-0.003264,-0.039554,0.007634,0.000000,3.206023,0.008165,0.000000,0.000000
30305.0,-0.261799,-0.261926,0.006322,-0.038725,0.007614,0.000000,3.206022,0.016378,0.000088,0.000000
30310.0,-0.261799,-0.261927,-0.001860,-0.038725,0.007655,0.000000,3.206020,-0.006139,0.000000,0.000000
30315.0,-0.261799,-0.261927,0.007454,-0.038725,0.007641,0.000000,3.206018,-0.018042,0.000846,0.000000
30320.0,-0.261799,-0.261926,-0.005231,-0.039554,0.007591,0.000000,3.206019,0.000705,0.000000,0.000000
30325.0,-0.261799,-0.261926,-0.002285,-0.038725,0.007603,0.000000,3.206018,-0.006629,0.000000,0.000000
30330.0,-0.261799,-0.261926,0.007772,-0.038725,0.007592,0.000000,3.206019,0.002214,0.000000,0.000000
30335.0,-0.261799,-0.261926,0.007023,-0.039601,0.007583,0.000000,3.206020,0.005329,0.000000,0.000000
30340.0,-0.261799,-0.261925,0.010322,-0.038725,0.007553,0.000000,3.206021,0.005866,0.000000,0.000000
30345.0,-0.261799,-0.261926,0.006307,-0.038725,0.007592,0.000000,3.206021,0.000773,0.000000,0.000000
30350.0,-0.261799,-0.261927,-0.010225,-0.038725,0.007680,0.000000,3.206019,-0.016018,-0.000935,0.000000
30355.0,-0.261799,-0.261928,0.000531,-0.038725,0.007718,0.000000,3.206017,-0.008121,0.000000,0.000000
30360.0,-0.261799,-0.261927,0.003002,-0.038773,0.007666,0.000000,3.206020,0.004645,0.000000,0.000000
30365.0,-0.261799,-0.261927,-0.000943,-0.038773,0.007651,0.000000,3.206021,0.006145,0.000000,0.000000
30370.0,-0.261799,-0.261926,0.009502,-0.038725,0.007580,0.000000,3.206020,-0.006523,0.000000,0.000000
30375.0,-0.261799,-0.261926,0.001118,-0.038678,0.007616,0.000000,3.206018,-0.013483,0.000176,0.000000
30380.0,-0.261799,-0.261926,0.006898,-0.038678,0.007600,0.000000,3.206021,0.010969,0.000000,0.000000
30385.0,-0.261799,-0.261925,0.006416,-0.038725,0.007566,0.000000,3.206022,0.006685,0.000000,0.000000
30390.0,-0.261799,-0.261926,0.003118,-0.038725,0.007585,0.000000,3.206023,0.008478,0.000000,0.000000
30395.0,-0.261799,-0.261926,0.000430,-0.038725,0.007625,0.000000,3.206021,-0.001802,-0.000088,0.000000
30400.0,-0.261799,-0.261927,-0.000487,-0.038773,0.007662,0.000000,3.206019,-0.007663,0.000000,0.000000
30405.0,-0.261799,-0.261927,0.008825,-0.038725,0.007641,0.000000,3.206021,0.001492,0.000000,0.000000
30410.0,-0.261799,-0.261925,0.001852,-0.039554,0.007546,0.000000,3.206017,-0.013165,0.000000,0.000000
30415.0,-0.261799,-0.261925,0.007023,-0.038725,0.007566,0.000000,3.206017,-0.008734,0.000000,0.000000
30420.0,-0.261799,-0.261568,0.070713,-0.044337,-0.013869,0.000000,3.206021,0.015223,0.000000,0.000000
30425.0,-0.261799,-0.261544,0.014446,-0.041118,-0.015308,0.000000,3.206023,0.010988,0.000000,0.000000
30430.0,-0.261799,-0.261541,-0.005546,-0.041163,-0.015512,0.000000,3.206019,-0.012689,0.000088,0.000000
30435.0,-0.261799,-0.261542,0.012643,-0.041163,-0.015453,0.000000,3.206018,0.002267,0.000000,0.000000
30440.0,-0.261799,-0.261810,-0.162255,-0.031458,0.000663,0.000000,3.206024,0.025118,0.000000,0.000000
30445.0,-0.261799,-0.261912,-0.038948,-0.037116,0.006747,0.000000,3.206024,0.008777,-0.000935,0.000000
30450.0,-0.261799,-0.261929,-0.012060,-0.037897,0.007798,0.000000,3.206021,0.004055,0.000000,0.000000
30455.0,-0.261799,-0.261931,-0.009994,-0.037944,0.007871,0.000000,3.206021,0.018821,0.000000,0.000000
30460.0,-0.261799,-0.261928,-0.010664,-0.039554,0.007737,0.000000,3.206018,-0.024853,-0.000935,0.000000
30465.0,-0.261799,-0.261928,-0.006217,-0.038773,0.007735,0.000000,3.206012,-0.044048,0.000000,0.000000
30470.0,-0.261799,-0.261722,0.206931,-0.046729,-0.004629,0.000000,3.206016,0.003202,0.000088,0.000000
30475.0,-0.261799,-0.261569,0.056760,-0.042773,-0.013840,0.000000,3.206021,0.011105,0.000846,0.000000
30480.0,-0.261799,-0.261543,0.009476,-0.041163,-0.015376,0.000000,3.206021,0.005138,0.000000,0.000000
30485.0,-0.261799,-0.261543,0.004050,-0.041118,-0.015410,0.000000,3.206021,-0.006753,0.000000,0.000000
30490.0,-0.261799,-0.261543,0.005874,-0.041163,-0.015399,0.000000,3.206017,-0.008300,-0.000088,0.000000
30495.0,-0.261799,-0.261542,0.008956,-0.041945,-0.015460,0.000000,3.206021,0.017266,0.000088,0.000000
30500.0,-0.261799,-0.261545,-0.002635,-0.041163,-0.015292,0.000000,3.206030,0.043760,0.000176,0.000000
30505.0,-0.261799,-0.261544,0.005770,-0.041945,-0.015332,0.000000,3.206028,0.009868,0.000000,0.000000
