t_ms,M1_speed_ref,M1_speed_fb,M1_iq_ref,M1_iq,M1_mech_angle,M2_speed_ref,M2_speed_fb,M2_iq_ref,M2_iq,M2_mech_angle
0.0,0.007778,-0.000126,-0.036936,-0.037163,0.261927,-0.000072,0.006406,-0.022979,-0.022327,3.141593
5.0,-0.008199,0.168729,-0.045691,-0.045120,0.261544,0.000186,-0.017672,-0.021841,-0.022810,3.141593
10.0,-0.014879,0.030499,-0.040461,-0.041118,0.261544,-0.000029,0.008066,-0.023003,-0.023740,3.141593
15.0,-0.015392,0.017299,-0.040071,-0.039508,0.261544,-0.000029,-0.010230,-0.022207,-0.022327,3.141593
20.0,-0.015433,0.001377,-0.039533,-0.039553,0.261544,0.000014,0.003061,-0.022785,-0.022810,3.141593
25.0,-0.015321,-0.012381,-0.039016,-0.039508,0.261544,0.000014,-0.024289,-0.021596,-0.022810,3.141593
30.0,-0.015298,-0.009696,-0.039223,-0.038725,0.261544,0.000000,0.018215,-0.023476,-0.022327,3.141593
35.0,-0.015314,0.004766,-0.039965,-0.039553,0.261544,-0.000114,0.008730,-0.023126,-0.023740,3.141593
40.0,0.003435,-0.134576,-0.032174,-0.033115,0.261927,-0.000029,-0.001243,-0.022689,-0.021880,3.141593
45.0,0.007482,-0.023859,-0.036524,-0.036287,0.261927,0.000057,-0.000138,-0.022718,-0.022810,3.141593
50.0,0.007916,-0.024349,-0.036324,-0.037163,0.261927,0.000029,-0.010426,-0.022253,-0.022810,3.141593
55.0,0.007887,-0.013083,-0.036694,-0.037116,0.261927,0.000057,0.005705,-0.022929,-0.022327,3.141593
60.0,0.007807,0.002269,-0.037287,-0.037116,0.261927,-0.000086,0.005663,-0.022991,-0.021880,3.141593
65.0,0.007782,0.001944,-0.037207,-0.037116,0.261927,0.000072,-0.001140,-0.022662,-0.022810,3.141593
70.0,0.007800,-0.009733,-0.036612,-0.036378,0.261544,-0.000057,-0.011051,-0.022244,-0.023740,3.141593
75.0,-0.012676,0.091269,-0.042973,-0.042773,0.261544,0.000000,0.003537,-0.022861,-0.023257,3.141593
80.0,-0.015235,0.019463,-0.040231,-0.040335,0.261544,-0.000014,-0.006286,-0.022425,-0.022810,3.141593
85.0,-0.015467,0.019963,-0.040438,-0.040335,0.261544,-0.000014,0.000223,-0.022705,-0.021880,3.141593
90.0,-0.015424,0.002598,-0.039811,-0.039508,0.261544,0.000086,-0.010596,-0.022199,-0.022327,3.141593
95.0,-0.015324,-0.003200,-0.039656,-0.039508,0.261544,0.000057,0.006832,-0.022949,-0.022327,3.141593
100.0,-0.015264,-0.004927,-0.039660,-0.039553,0.261544,-0.000014,-0.003009,-0.022543,-0.023740,3.141593
105.0,-0.003036,-0.194546,-0.030364,-0.029849,0.261927,0.000057,0.000799,-0.022658,-0.022810,3.141593
110.0,0.006891,-0.039467,-0.036113,-0.035458,0.261927,-0.000057,-0.013515,-0.022050,-0.021880,3.141593
115.0,0.007884,-0.029855,-0.036298,-0.036287,0.261927,-0.000014,0.015076,-0.023309,-0.023740,3.141593
120.0,0.007911,-0.012345,-0.036945,-0.037116,0.261927,0.000014,-0.002505,-0.022526,-0.022810,3.141593
125.0,0.007902,-0.001907,-0.037287,-0.037163,0.261927,-0.000086,-0.005029,-0.022442,-0.022810,3.141593
130.0,0.007761,0.008173,-0.037686,-0.037944,0.261927,-0.000072,0.004210,-0.022862,-0.022810,3.141593
135.0,0.007859,-0.022489,-0.036234,-0.036287,0.261927,0.000057,0.007852,-0.022989,-0.022327,3.141593
140.0,-0.010958,0.143876,-0.045256,-0.045300,0.261544,0.000014,-0.024181,-0.021582,-0.022810,3.141593
145.0,-0.015058,0.019034,-0.040319,-0.041163,0.261544,-0.000043,-0.014351,-0.022048,-0.020949,3.141593
150.0,-0.015346,0.012808,-0.040191,-0.040380,0.261544,-0.000014,0.000229,-0.022707,-0.022774,3.141593
155.0,-0.015460,0.011725,-0.040306,-0.040335,0.261544,0.000029,-0.003340,-0.022536,-0.022327,3.141593
160.0,-0.015351,0.007997,-0.040241,-0.040335,0.261544,-0.000014,-0.001534,-0.022632,-0.022327,3.141593
165.0,-0.015290,-0.007633,-0.039634,-0.040335,0.261544,-0.000086,-0.007527,-0.022387,-0.020466,3.141593
170.0,-0.015269,-0.006225,-0.039776,-0.039506,0.261927,0.000000,0.011711,-0.023242,-0.023704,3.141593
175.0,0.005080,-0.095224,-0.034019,-0.033896,0.261927,-0.000072,0.002144,-0.022847,-0.021844,3.141593
180.0,0.007725,-0.023867,-0.036753,-0.036287,0.261927,0.000000,-0.002228,-0.022656,-0.022327,3.141593
185.0,0.007871,-0.010266,-0.037228,-0.036287,0.261927,0.000129,0.006962,-0.023009,-0.024187,3.141593
190.0,0.007830,-0.006456,-0.037314,-0.037068,0.261927,-0.000057,0.032261,-0.024167,-0.023257,3.141593
195.0,0.007914,-0.008210,-0.037105,-0.037116,0.261927,-0.000057,-0.003120,-0.022633,-0.022327,3.141593
200.0,0.007766,0.002354,-0.037521,-0.037944,0.261927,-0.000014,-0.004105,-0.022573,-0.022810,3.141593
205.0,0.007761,0.000860,-0.037384,-0.037068,0.261927,0.000100,-0.015856,-0.021996,-0.022810,3.141593
210.0,0.007752,-0.016166,-0.036577,-0.037163,0.261927,0.000114,-0.001582,-0.022585,-0.021397,3.141593
215.0,0.007741,-0.003141,-0.037083,-0.036287,0.261927,0.000029,-0.026410,-0.021501,-0.022810,3.141593
220.0,0.007596,0.003701,-0.037399,-0.037116,0.261927,-0.000057,0.009288,-0.023092,-0.022327,3.141593
225.0,0.007721,-0.004522,-0.036976,-0.037116,0.261927,0.000114,-0.007653,-0.022292,-0.021397,3.141593
230.0,0.007705,0.003513,-0.037285,-0.036287,0.261927,-0.000157,0.001507,-0.022781,-0.022327,3.141593
235.0,0.007723,-0.004032,-0.036914,-0.036287,0.261927,0.000086,-0.010308,-0.022200,-0.022810,3.141593
240.0,0.007680,0.013067,-0.037645,-0.037944,0.261927,-0.000029,0.010823,-0.023144,-0.023740,3.141593
245.0,0.007668,0.003159,-0.037176,-0.037116,0.261927,-0.000043,-0.002691,-0.022559,-0.022810,3.141593
250.0,0.007753,-0.005899,-0.036710,-0.036287,0.261927,0.000143,-0.017568,-0.021829,-0.022810,3.141593
255.0,0.007719,-0.001796,-0.036855,-0.037116,0.261927,0.000100,-0.001932,-0.022478,-0.022327,3.141593
260.0,0.007609,0.011383,-0.037436,-0.037116,0.261927,-0.000029,0.008144,-0.022955,-0.022810,3.141593
265.0,0.007659,-0.005806,-0.036653,-0.036335,0.261927,0.000014,-0.022404,-0.021598,-0.020949,3.141593
270.0,0.007609,0.001787,-0.036982,-0.037944,0.261927,-0.000100,-0.003380,-0.022482,-0.023740,3.141593
275.0,0.007710,-0.000798,-0.036802,-0.036287,0.261927,-0.000086,0.002229,-0.022731,-0.023740,3.141593
280.0,0.007569,0.004077,-0.037040,-0.037944,0.261927,0.000143,-0.017007,-0.021793,-0.021397,3.141593
285.0,0.007655,0.007433,-0.037146,-0.037163,0.261927,-0.000272,0.007879,-0.023031,-0.023740,3.141593
290.0,0.007685,-0.002127,-0.036685,-0.036287,0.261927,-0.000086,-0.002090,-0.022586,-0.021397,3.141593
295.0,0.007550,0.008034,-0.037168,-0.037116,0.261927,0.000157,-0.021009,-0.021686,-0.021880,3.141593
300.0,0.007716,-0.008464,-0.036374,-0.037163,0.261927,0.000000,0.000741,-0.022658,-0.022810,3.141593
305.0,0.007625,0.003385,-0.036878,-0.037068,0.261927,-0.000114,0.018878,-0.023501,-0.023740,3.141593
310.0,0.007668,0.012731,-0.037253,-0.037163,0.261927,0.000000,0.006871,-0.022949,-0.023740,3.141593
315.0,0.007578,0.005203,-0.036934,-0.036287,0.261927,-0.000057,0.001558,-0.022743,-0.022810,3.141593
320.0,0.007575,0.005258,-0.036939,-0.037116,0.261927,-0.000029,0.010368,-0.023135,-0.022810,3.141593
325.0,0.007710,0.006574,-0.036933,-0.036287,0.261927,-0.000086,0.009623,-0.023132,-0.023257,3.141593
330.0,0.007689,-0.004527,-0.036413,-0.037163,0.261927,0.000029,-0.012715,-0.022119,-0.022810,3.141593
335.0,0.007634,0.008937,-0.036983,-0.037116,0.261927,-0.000014,-0.006775,-0.022363,-0.022810,3.141593
340.0,0.007673,-0.007452,-0.036226,-0.036335,0.261927,-0.000057,-0.003191,-0.022532,-0.022810,3.141593
345.0,0.007598,0.013222,-0.037143,-0.037116,0.261927,0.000057,0.015745,-0.023337,-0.022327,3.141593
350.0,0.007671,0.006572,-0.036810,-0.036335,0.261927,-0.000014,-0.005877,-0.022416,-0.021397,3.141593
355.0,0.007689,0.009633,-0.036918,-0.037116,0.261927,0.000000,0.010062,-0.023129,-0.023257,3.141593
360.0,0.007673,0.004538,-0.036658,-0.037116,0.261927,-0.000057,0.009245,-0.023122,-0.023257,3.141593
365.0,0.007601,0.006878,-0.036756,-0.037116,0.261927,-0.000057,0.000902,-0.022764,-0.022810,3.141593
370.0,0.007666,-0.006204,-0.036139,-0.036287,0.261927,0.000043,-0.005999,-0.022434,-0.022327,3.141593
375.0,0.007592,0.007413,-0.036740,-0.036335,0.261927,0.000057,0.004161,-0.022872,-0.023257,3.141593
380.0,0.007696,0.001120,-0.036416,-0.036287,0.261927,-0.000014,0.006077,-0.022966,-0.023257,3.141593
385.0,0.007591,0.009513,-0.036801,-0.036335,0.261927,-0.000014,-0.001413,-0.022648,-0.021880,3.141593
390.0,0.007639,-0.000414,-0.036334,-0.037116,0.261927,0.000014,-0.008561,-0.022330,-0.022810,3.141593
395.0,0.007702,-0.007202,-0.035974,-0.035506,0.261927,-0.000043,0.024920,-0.023816,-0.024671,3.141593
400.0,0.007644,0.010083,-0.036726,-0.036335,0.261927,-0.000086,0.031509,-0.024139,-0.024187,3.141593
405.0,0.007693,0.010465,-0.036706,-0.036287,0.261927,0.000072,0.000620,-0.022741,-0.022810,3.141593
410.0,0.007634,0.009737,-0.036677,-0.036335,0.261927,0.000072,-0.004724,-0.022498,-0.022810,3.141593
415.0,0.007676,0.003827,-0.036391,-0.036335,0.261927,0.000057,0.000374,-0.022712,-0.022327,3.141593
420.0,0.007562,0.023448,-0.037280,-0.037944,0.261927,0.000014,-0.003329,-0.022558,-0.022810,3.141593
425.0,0.007668,0.001122,-0.036246,-0.036335,0.261927,0.000000,0.016032,-0.023409,-0.023704,3.141593
430.0,0.007646,0.005240,-0.036407,-0.036239,0.261927,-0.000029,-0.002609,-0.022595,-0.021880,3.141593
435.0,0.007646,0.007665,-0.036494,-0.036287,0.261927,-0.000057,0.003784,-0.022903,-0.021844,3.141593
440.0,0.007710,-0.004447,-0.035912,-0.036335,0.261927,0.000072,-0.002008,-0.022613,-0.023740,3.141593
445.0,0.007609,0.007521,-0.036446,-0.035506,0.261927,0.000086,-0.014564,-0.022010,-0.022810,3.141593
450.0,0.007655,0.000995,-0.036129,-0.036287,0.261927,0.000000,-0.014076,-0.022030,-0.022810,3.141593
455.0,0.007580,0.006618,-0.036395,-0.036335,0.261927,-0.000057,0.001226,-0.022714,-0.021880,3.141593
460.0,-0.011013,0.139205,-0.043922,-0.044382,0.261544,0.000014,0.003529,-0.022817,-0.022327,3.141593
465.0,-0.015083,0.011311,-0.038860,-0.038725,0.261544,-0.000043,0.006925,-0.022987,-0.022327,3.141593
470.0,-0.015478,0.008552,-0.038949,-0.039508,0.261544,0.000057,-0.011371,-0.022149,-0.021397,3.141593
475.0,-0.015444,0.011041,-0.039201,-0.038680,0.261544,-0.000057,-0.001492,-0.022620,-0.022810,3.141593
480.0,-0.015423,0.009980,-0.039298,-0.038725,0.261927,0.000029,-0.005462,-0.022425,-0.022810,3.141593
485.0,0.005051,-0.093659,-0.032886,-0.033068,0.261927,-0.000114,0.001416,-0.022794,-0.022327,3.141593
490.0,0.007659,-0.022451,-0.035642,-0.035506,0.261927,-0.000057,0.007421,-0.023060,-0.023740,3.141593
495.0,47.131721,0.007828,1.963853,0.713855,0.261927,-0.000057,0.026218,-0.023815,-0.024671,3.141593
500.0,46.254196,46.187519,0.052490,0.042310,0.242752,0.000029,0.009884,-0.023067,-0.023740,3.141593
505.0,44.771404,46.815929,-0.052044,-0.045156,0.218592,-0.000043,0.008503,-0.023025,-0.023257,3.141593
510.0,43.412811,44.466019,-0.003865,-0.005542,0.196733,-0.000143,-0.001322,-0.022662,-0.023740,3.141593
515.0,42.132191,43.077282,0.011773,0.010231,0.174874,0.000000,0.007532,-0.023025,-0.023740,3.141593
520.0,40.836575,42.061348,0.000130,0.001520,0.153015,-0.000043,-0.012009,-0.022171,-0.021880,3.141593
525.0,39.554928,40.745609,-0.002321,-0.000879,0.131922,0.012259,-0.198498,-0.012916,-0.013954,3.141209
530.0,38.331329,38.988762,0.020881,0.022630,0.111981,0.034318,-0.223458,-0.007463,-0.007929,3.140826
535.0,37.186726,37.648251,0.036733,0.035490,0.093189,0.044560,-0.001038,-0.014812,-0.016300,3.140826
540.0,36.052258,36.753830,0.028565,0.028845,0.074015,0.038724,0.214084,-0.025453,-0.025601,3.141593
545.0,34.933197,35.647907,0.026890,0.027414,0.055223,-0.018554,0.492411,-0.045365,-0.044207,3.142360
550.0,33.828033,34.522438,0.022906,0.023740,0.036816,-0.043702,0.107903,-0.031289,-0.031181,3.142360
555.0,32.786659,33.212524,0.035494,0.034977,0.019558,-0.046105,0.025287,-0.028306,-0.027911,3.142360
560.0,31.755283,32.206604,0.030906,0.030761,0.002301,-0.046334,0.015401,-0.028315,-0.028390,3.142360
565.0,30.763321,31.124863,0.032882,0.034655,6.269380,-0.027180,-0.369212,-0.010150,-0.009786,3.141593
570.0,29.790850,30.289923,0.022708,0.021882,6.252889,0.023003,-0.415382,-0.002014,-0.003278,3.140826
575.0,28.860327,29.150785,0.030164,0.030622,6.237933,0.043845,-0.061966,-0.012803,-0.012579,3.140826
580.0,27.957918,28.218027,0.029590,0.030744,6.222593,0.045462,0.015447,-0.015627,-0.016300,3.140826
585.0,27.069042,27.408819,0.021482,0.021462,6.208020,0.033588,0.188649,-0.025764,-0.024671,3.141593
590.0,26.219183,26.471909,0.022956,0.023759,6.193831,0.003948,0.068939,-0.025490,-0.024671,3.141593
595.0,25.378012,25.764545,0.011373,0.014050,6.180025,0.000572,-0.019136,-0.021863,-0.022810,3.141593
600.0,24.586761,24.722784,0.021309,0.020948,6.166603,0.000257,0.000871,-0.022671,-0.022810,3.141593
605.0,23.787937,24.067276,0.007805,0.006612,6.153564,0.000157,-0.001546,-0.022529,-0.022327,3.141593
610.0,23.018032,23.120476,0.009347,0.009443,6.140909,0.000215,-0.012062,-0.021974,-0.021880,3.141593
615.0,22.278070,22.555891,-0.003622,-0.004509,6.128253,0.000057,-0.006291,-0.022218,-0.021397,3.141593
620.0,21.554016,21.675896,-0.003131,-0.001582,6.116365,0.000000,-0.008561,-0.022146,-0.023293,3.141593
625.0,20.866413,20.960938,-0.005743,-0.004804,6.105244,0.000043,-0.005094,-0.022266,-0.022810,3.141593
630.0,20.220207,20.219656,-0.001614,-0.001610,6.094506,0.000072,-0.015809,-0.021765,-0.021397,3.141593
635.0,19.589725,19.537567,-0.000217,0.000000,6.084151,0.000014,-0.003562,-0.022300,-0.022810,3.141593
640.0,18.970634,18.968365,-0.004828,-0.004907,6.073797,0.000057,-0.002933,-0.022296,-0.022810,3.141593
645.0,18.368200,18.566317,-0.016578,-0.016906,6.063826,-0.000086,0.002322,-0.022565,-0.022327,3.141593
650.0,17.798624,17.743448,-0.005524,-0.004917,6.054239,0.000000,-0.001948,-0.022361,-0.022810,3.141593
655.0,17.230757,17.312943,-0.014798,-0.014608,6.044652,0.000086,-0.016077,-0.021687,-0.021880,3.141593
660.0,16.687994,16.589935,-0.008552,-0.008522,6.035831,0.000014,0.000096,-0.022408,-0.022327,3.141593
665.0,16.150249,16.236822,-0.020709,-0.021069,6.027011,0.000029,0.000519,-0.022420,-0.021880,3.141593
670.0,15.625856,15.773097,-0.027938,-0.027462,6.018190,-0.000043,-0.001932,-0.022345,-0.021397,3.141593
675.0,15.128342,15.070415,-0.021374,-0.021393,6.010137,-0.000057,0.006345,-0.022729,-0.022810,3.141593
680.0,14.642365,14.833001,-0.035688,-0.035110,6.002083,-0.000143,0.007381,-0.022815,-0.022810,3.141593
685.0,14.179763,14.297671,-0.034170,-0.034767,5.994030,-0.000129,-0.005973,-0.022269,-0.022810,3.141593
690.0,13.729774,13.683886,-0.028932,-0.028935,5.987127,0.000014,-0.000975,-0.022464,-0.021880,3.141593
695.0,13.304535,13.163264,-0.024727,-0.023485,5.980224,0.000029,0.000083,-0.022497,-0.022327,3.141593
700.0,12.914944,12.674204,-0.016196,-0.017884,5.973705,0.000057,0.010272,-0.022927,-0.022327,3.141593
705.0,12.553294,12.131528,-0.001129,-0.001395,5.967952,0.000072,-0.019059,-0.021624,-0.021880,3.141593
710.0,12.184487,12.147000,-0.014606,-0.014619,5.961433,-0.000043,0.006082,-0.022750,-0.023257,3.141593
715.0,11.824885,11.620945,-0.004011,-0.004162,5.955680,-0.000057,-0.001672,-0.022411,-0.022327,3.141593
720.0,11.481894,11.325476,-0.001921,-0.001607,5.949928,0.000072,-0.007337,-0.022130,-0.022810,3.141593
725.0,11.152823,10.885759,0.007797,0.006443,5.944559,0.000129,0.001460,-0.022464,-0.022810,3.141593
730.0,10.821133,10.821213,-0.001648,-0.001612,5.939190,-0.000029,0.008218,-0.022788,-0.022327,3.141593
735.0,10.516997,10.383850,0.009915,0.009664,5.934205,0.000057,-0.011003,-0.021925,-0.021880,3.141593
740.0,10.211463,10.112019,0.012048,0.012158,5.928836,0.000114,0.000600,-0.022387,-0.021880,3.141593
745.0,9.906870,9.730017,0.017524,0.017927,5.923851,0.000014,0.008713,-0.022765,-0.022810,3.141593
750.0,9.609978,9.754903,0.004950,0.005516,5.918865,0.000000,0.008604,-0.022760,-0.022810,3.141593
755.0,9.320794,9.329071,0.012493,0.012308,5.913879,-0.000029,0.006807,-0.022704,-0.022327,3.141593
760.0,9.042433,8.963618,0.018168,0.018308,5.909661,-0.000014,-0.003616,-0.022247,-0.022810,3.141593
765.0,8.785361,8.670067,0.023938,0.023463,5.905443,0.000043,-0.009794,-0.021945,-0.021880,3.141593
770.0,8.532067,8.420458,0.027141,0.025692,5.901224,-0.000014,-0.012107,-0.021858,-0.022327,3.141593
775.0,8.269521,8.401546,0.016526,0.017679,5.896622,0.000014,-0.012202,-0.021838,-0.021880,3.141593
780.0,8.016298,8.106016,0.018856,0.018582,5.892404,-0.000072,0.015417,-0.023096,-0.022810,3.141593
785.0,7.778399,7.718573,0.027334,0.027738,5.888569,-0.000057,-0.014003,-0.021813,-0.021880,3.141593
790.0,7.550073,7.524033,0.028064,0.028665,5.884734,0.000057,-0.000694,-0.022362,-0.022327,3.141593
795.0,7.322667,7.364011,0.026163,0.026252,5.880899,-0.000086,0.009848,-0.022880,-0.020913,3.141593
800.0,7.095396,7.162083,0.024863,0.024775,5.877064,-0.000014,-0.007765,-0.022121,-0.022810,3.141593
805.0,6.880470,6.807030,0.031896,0.031676,5.873612,0.000014,-0.004240,-0.022259,-0.022810,3.141593
810.0,6.675014,6.617995,0.032492,0.031677,5.870544,0.000086,0.003463,-0.022551,-0.021844,3.141593
815.0,6.478218,6.589379,0.026791,0.026530,5.867093,-0.000014,-0.007005,-0.022107,-0.020949,3.141593
820.0,6.281209,6.255614,0.033481,0.035359,5.863642,-0.000086,0.022217,-0.023445,-0.024187,3.141593
825.0,6.089405,6.240100,0.026076,0.025602,5.860190,0.000014,0.010567,-0.022896,-0.022327,3.141593
830.0,5.893217,5.916614,0.030267,0.030750,5.857122,0.000014,-0.001716,-0.022347,-0.022810,3.141593
835.0,5.707537,5.664081,0.032589,0.033643,5.854054,0.000014,0.004925,-0.022609,-0.021880,3.141593
840.0,5.543802,5.419729,0.038517,0.038286,5.851370,-0.000086,0.005400,-0.022677,-0.022810,3.141593
845.0,5.373761,5.456354,0.029568,0.028101,5.848685,-0.000014,-0.000071,-0.022417,-0.021397,3.141593
850.0,5.194711,5.373756,0.022900,0.024975,5.845617,-0.000029,-0.009670,-0.022022,-0.021880,3.141593
855.0,5.029423,5.086672,0.027461,0.027406,5.842933,0.000043,-0.007703,-0.022087,-0.022810,3.141593
860.0,4.864517,4.918710,0.025877,0.027414,5.839865,0.000014,0.004425,-0.022612,-0.021844,3.141593
865.0,4.703259,4.741800,0.024575,0.025280,5.837564,0.000000,0.006682,-0.022712,-0.022327,3.141593
870.0,4.550979,4.650946,0.020593,0.021317,5.834879,-0.000072,-0.001372,-0.022393,-0.022810,3.141593
875.0,4.392752,4.551268,0.014771,0.013691,5.832195,0.000043,0.002371,-0.022520,-0.022810,3.141593
880.0,4.259228,4.133783,0.027849,0.026840,5.830277,0.000043,0.000671,-0.022426,-0.022327,3.141593
885.0,4.136601,4.189404,0.021622,0.021683,5.827977,-0.000014,0.004550,-0.022602,-0.022327,3.141593
890.0,3.996229,4.130134,0.015731,0.015872,5.826059,-0.000057,-0.001602,-0.022358,-0.021880,3.141593
895.0,3.891710,3.756199,0.031268,0.030621,5.824142,0.000014,-0.007023,-0.022101,-0.021880,3.141593
900.0,3.779163,3.744653,0.028218,0.028162,5.822224,0.000057,0.004230,-0.022573,-0.022810,3.141593
905.0,3.665595,3.643569,0.028277,0.027270,5.819923,-0.000014,0.015656,-0.023088,-0.023740,3.141593
910.0,3.550449,3.509402,0.028786,0.029727,5.818389,-0.000043,0.010328,-0.022871,-0.022327,3.141593
915.0,3.454070,3.329597,0.034966,0.034467,5.816855,0.000057,-0.011936,-0.021875,-0.020913,3.141593
920.0,3.346766,3.403846,0.026800,0.026204,5.814938,0.000014,-0.003238,-0.022281,-0.021880,3.141593
925.0,3.240447,3.133662,0.033561,0.033585,5.813404,0.000029,-0.002021,-0.022326,-0.022810,3.141593
930.0,3.139692,3.163401,0.027651,0.029381,5.811870,0.000114,-0.010211,-0.021915,-0.022327,3.141593
935.0,3.055868,2.913468,0.037501,0.038217,5.810336,-0.000029,-0.004291,-0.022199,-0.021880,3.141593
940.0,2.965776,2.890275,0.035331,0.035761,5.808802,0.000000,0.013545,-0.022986,-0.022327,3.141593
945.0,2.880283,2.825694,0.035537,0.034047,5.807268,0.000014,-0.004783,-0.022165,-0.022810,3.141593
950.0,2.784723,2.748612,0.033510,0.034902,5.805734,-0.000057,0.015004,-0.023058,-0.022810,3.141593
955.0,2.693335,2.668084,0.032050,0.031597,5.804200,-0.000086,0.002110,-0.022545,-0.022810,3.141593
960.0,2.626235,2.497020,0.039663,0.038773,5.803050,-0.000086,0.034150,-0.023991,-0.023740,3.141593
965.0,2.558214,2.482180,0.039722,0.039699,5.801899,-0.000057,-0.002442,-0.022392,-0.022327,3.141593
970.0,2.471364,2.520859,0.032688,0.033121,5.800365,0.000157,-0.024945,-0.021313,-0.021880,3.141593
975.0,2.381034,2.456289,0.028961,0.027462,5.799214,0.000014,0.002123,-0.022514,-0.022810,3.141593
980.0,2.314151,2.363611,0.031370,0.032234,5.798064,0.000014,-0.002150,-0.022315,-0.022810,3.141593
985.0,2.246017,2.326968,0.030609,0.030677,5.796914,0.000057,-0.006126,-0.022119,-0.022810,3.141593
990.0,2.180988,2.025220,0.041958,0.041121,5.795763,-0.000057,-0.001865,-0.022319,-0.022810,3.141593
995.0,2.110337,2.213150,0.029864,0.031426,5.794612,-0.000086,0.015343,-0.023097,-0.023257,3.141593
1000.0,2.041669,2.161073,0.028506,0.029003,5.793078,0.000014,-0.006379,-0.022121,-0.022327,3.141593
1005.0,1.968488,1.806739,0.026233,0.027411,5.792312,0.000086,-0.012668,-0.021795,-0.023740,3.141593
1010.0,1.914774,1.617615,0.033837,0.035466,5.791544,-0.000186,-0.000809,-0.022392,-0.022810,3.141593
1015.0,1.876189,1.617443,0.034404,0.034654,5.790778,-0.000072,0.014016,-0.023043,-0.022810,3.141593
1020.0,1.819348,1.584760,0.034440,0.034651,5.789627,0.000043,-0.014796,-0.021745,-0.021397,3.141593
1025.0,1.763665,1.683527,0.028554,0.029010,5.788860,0.000029,-0.019049,-0.021549,-0.021880,3.141593
1030.0,1.708628,1.605434,0.030179,0.029820,5.787710,-0.000114,0.005060,-0.022655,-0.022810,3.141593
1035.0,1.660389,1.501634,0.033413,0.033841,5.787326,0.000100,-0.009360,-0.021973,-0.021397,3.141593
1040.0,1.619940,1.447581,0.035076,0.034653,5.786559,0.000072,0.003276,-0.022518,-0.021880,3.141593
1045.0,1.576663,1.467386,0.033206,0.033040,5.785792,0.000014,-0.008648,-0.021998,-0.022327,3.141593
1050.0,1.515082,1.626712,0.023361,0.024193,5.784642,-0.000072,-0.006072,-0.022138,-0.021397,3.141593
1055.0,1.463047,1.461262,0.028280,0.028238,5.783875,0.000000,0.017016,-0.023153,-0.021844,3.141593
1060.0,1.426299,1.272088,0.035539,0.034679,5.783108,0.000043,-0.005548,-0.022159,-0.021880,3.141593
1065.0,1.385862,1.302250,0.032879,0.032287,5.782341,0.000014,-0.002874,-0.022271,-0.022327,3.141593
1070.0,1.340765,1.314312,0.030440,0.030679,5.781574,-0.000057,0.006319,-0.022699,-0.022810,3.141593
1075.0,1.291330,1.255184,0.030558,0.030623,5.781190,-0.000100,0.034044,-0.023957,-0.023257,3.141593
1080.0,1.250939,1.273872,0.028093,0.029070,5.780423,-0.000086,-0.010371,-0.022030,-0.021880,3.141593
1085.0,1.220584,1.122246,0.033816,0.033122,5.779656,0.000114,0.004688,-0.022634,-0.024223,3.141593
1090.0,1.176993,1.142613,0.030817,0.030745,5.779273,0.000100,-0.010115,-0.021931,-0.021880,3.141593
1095.0,1.149341,0.985998,0.036944,0.038014,5.778506,0.000043,0.015464,-0.023066,-0.022327,3.141593
1100.0,1.112469,1.121324,0.029466,0.029906,5.777739,0.000029,-0.012583,-0.021833,-0.021397,3.141593
1105.0,1.067630,1.115064,0.027317,0.026694,5.776972,0.000114,0.010243,-0.022801,-0.022810,3.141593
1110.0,1.021954,1.119526,0.024428,0.023485,5.776588,-0.000129,0.013387,-0.023013,-0.023740,3.141593
1115.0,0.983269,1.119557,0.022257,0.021881,5.775821,0.000057,0.001905,-0.022457,-0.023293,3.141593
1120.0,0.957134,0.982439,0.027197,0.027541,5.775438,0.000014,-0.000041,-0.022370,-0.022327,3.141593
1125.0,0.934374,0.950062,0.027913,0.027541,5.775054,-0.000057,-0.006032,-0.022135,-0.022327,3.141593
1130.0,0.902438,0.913866,0.027906,0.027540,5.774287,-0.000143,0.002377,-0.022542,-0.022327,3.141593
1135.0,0.862266,0.976859,0.022744,0.022734,5.773904,-0.000029,-0.008423,-0.022062,-0.021397,3.141593
1140.0,0.837382,0.877983,0.025956,0.025937,5.773520,-0.000072,0.001903,-0.022560,-0.022810,3.141593
1145.0,0.801340,0.970489,0.019763,0.022736,5.772753,-0.000100,0.004400,-0.022696,-0.024223,3.141593
1150.0,0.782018,0.660777,0.032507,0.032448,5.772753,-0.000029,0.011947,-0.022990,-0.023257,3.141593
1155.0,0.754967,0.917785,0.019891,0.020279,5.771986,0.000029,-0.015042,-0.021792,-0.021880,3.141593
1160.0,0.736545,0.637088,0.031418,0.030847,5.771986,-0.000014,-0.001843,-0.022386,-0.022327,3.141593
1165.0,0.704345,0.887493,0.018633,0.020278,5.771219,0.000086,-0.017251,-0.021670,-0.021397,3.141593
1170.0,0.690583,0.574639,0.031938,0.030846,5.770836,0.000057,-0.008023,-0.022076,-0.021397,3.141593
1175.0,0.653272,0.772800,0.020832,0.021137,5.770452,0.000100,-0.004722,-0.022197,-0.019053,3.141593
1180.0,0.632279,0.729684,0.021615,0.021999,5.770069,-0.000057,-0.007184,-0.022149,-0.022327,3.141593
1185.0,0.622104,0.518115,0.030748,0.030109,5.770069,0.000029,0.009591,-0.022856,-0.022810,3.141593
1190.0,0.598733,0.799052,0.017382,0.017946,5.769302,0.000029,-0.018643,-0.021604,-0.021397,3.141593
1195.0,0.565646,0.713485,0.018862,0.018811,5.768919,0.000086,-0.007020,-0.022091,-0.022327,3.141593
1200.0,0.553901,0.472496,0.028970,0.028514,5.768919,-0.000014,0.005343,-0.022654,-0.020913,3.141593
1205.0,0.534428,0.531903,0.025331,0.025326,5.768535,-0.000014,-0.003833,-0.022274,-0.023293,3.141593
1210.0,0.511969,0.524029,0.024316,0.024460,5.768151,-0.000057,-0.016617,-0.021717,-0.020949,3.141593
1215.0,0.507814,0.404931,0.029795,0.029381,5.767768,0.000072,0.000910,-0.022449,-0.023293,3.141593
1220.0,0.487339,0.454843,0.026427,0.026921,5.767768,0.000043,0.008455,-0.022762,-0.023293,3.141593
1225.0,0.469126,0.536425,0.021916,0.021999,5.767001,-0.000072,0.004240,-0.022613,-0.022327,3.141593
1230.0,0.442350,0.450483,0.023763,0.022868,5.767001,-0.000043,-0.003583,-0.022282,-0.022810,3.141593
1235.0,0.439464,0.340231,0.028872,0.027790,5.767001,0.000086,0.003679,-0.022543,-0.022810,3.141593
1240.0,0.439532,0.318206,0.030525,0.029381,5.767001,0.000014,-0.005481,-0.022142,-0.022810,3.141593
1245.0,0.421078,0.441074,0.024181,0.025330,5.766617,-0.000043,0.001445,-0.022451,-0.022810,3.141593
1250.0,0.398633,0.423806,0.023517,0.024459,5.766234,0.000172,-0.002561,-0.022181,-0.020913,3.141593
1255.0,0.382197,0.511575,0.018752,0.020408,5.765851,-0.000114,-0.003169,-0.022235,-0.022810,3.141593
1260.0,0.372126,0.298166,0.027619,0.027075,5.765851,0.000000,0.008146,-0.022721,-0.022810,3.141593
1265.0,0.371443,0.278781,0.028978,0.029381,5.765851,-0.000043,0.005299,-0.022611,-0.022327,3.141593
1270.0,0.371543,0.258910,0.030504,0.030253,5.765851,-0.000014,-0.006129,-0.022107,-0.022810,3.141593
1275.0,0.353036,0.373411,0.024468,0.025489,5.765083,0.000043,0.010375,-0.022798,-0.023257,3.141593
1280.0,0.316551,0.557691,0.013578,0.013895,5.764700,-0.000014,0.002616,-0.022461,-0.022810,3.141593
1285.0,0.303898,0.314002,0.023306,0.023742,5.764700,0.000072,-0.003480,-0.022154,-0.021880,3.141593
1290.0,0.302850,0.246401,0.026487,0.026203,5.764700,-0.000014,0.011521,-0.022845,-0.022810,3.141593
1295.0,0.303093,0.222994,0.027983,0.027790,5.764700,-0.000043,0.009428,-0.022764,-0.022810,3.141593
1300.0,0.303243,0.213098,0.028941,0.028665,5.764700,-0.000086,-0.010603,-0.021914,-0.021880,3.141593
1305.0,0.284901,0.324962,0.022957,0.023031,5.764317,-0.000014,0.000158,-0.022376,-0.022327,3.141593
1310.0,0.262045,0.353879,0.019934,0.022156,5.763933,-0.000043,-0.004451,-0.022187,-0.022810,3.141593
1315.0,0.250905,0.406675,0.016880,0.017063,5.763549,0.000014,0.016368,-0.023079,-0.021844,3.141593
1320.0,0.236228,0.247747,0.022701,0.023034,5.763549,0.000014,-0.002291,-0.022262,-0.021397,3.141593
1325.0,0.234715,0.180345,0.025730,0.025496,5.763549,-0.000143,-0.001774,-0.022380,-0.022810,3.141593
1330.0,0.234783,0.185510,0.025818,0.026203,5.763549,-0.000114,0.007809,-0.022827,-0.022327,3.141593
1335.0,0.234969,0.164968,0.027108,0.027080,5.763549,-0.000057,-0.000094,-0.022497,-0.022810,3.141593
1340.0,0.235137,0.171801,0.027260,0.026373,5.763549,0.000100,-0.016346,-0.021728,-0.021880,3.141593
1345.0,0.235283,0.156433,0.028459,0.028665,5.763549,0.000086,0.001120,-0.022478,-0.021397,3.141593
1350.0,0.235451,0.147416,0.029429,0.029542,5.763549,0.000114,-0.018516,-0.021588,-0.022327,3.141593
1355.0,0.215081,0.235254,0.024176,0.023913,5.763166,0.000000,0.001222,-0.022468,-0.022327,3.141593
1360.0,0.196395,0.336588,0.018341,0.018816,5.762783,-0.000057,0.001001,-0.022478,-0.022810,3.141593
1365.0,0.171225,0.300935,0.017728,0.018113,5.762399,0.000014,-0.005125,-0.022188,-0.022327,3.141593
1370.0,0.166730,0.153531,0.023839,0.023037,5.762399,-0.000029,-0.010466,-0.021958,-0.021880,3.141593
1375.0,0.166361,0.143998,0.024317,0.023917,5.762399,0.000057,-0.008162,-0.022032,-0.021397,3.141593
1380.0,0.166558,0.124634,0.025374,0.025499,5.762399,0.000100,-0.015551,-0.021661,-0.021397,3.141593
1385.0,0.166690,0.115896,0.026008,0.026201,5.762399,0.000000,0.014610,-0.023002,-0.023257,3.141593
1390.0,0.166823,0.124274,0.025929,0.026201,5.762399,-0.000043,-0.012160,-0.021837,-0.023293,3.141593
1395.0,0.167030,0.117061,0.026621,0.027081,5.762399,0.000014,0.003230,-0.022486,-0.022810,3.141593
1400.0,0.148337,0.224428,0.020514,0.021456,5.762015,0.000029,-0.003954,-0.022152,-0.022810,3.141593
1405.0,0.144303,0.117648,0.024981,0.025500,5.762015,-0.000014,-0.003303,-0.022189,-0.022327,3.141593
1410.0,0.125170,0.248459,0.017587,0.018114,5.761632,0.000043,-0.001665,-0.022235,-0.022810,3.141593
1415.0,0.121289,0.108621,0.023392,0.023919,5.761632,0.000014,0.010195,-0.022748,-0.022810,3.141593
1420.0,0.121068,0.090434,0.024250,0.023038,5.761632,-0.000057,0.002906,-0.022450,-0.022810,3.141593
1425.0,0.121111,0.104176,0.023788,0.022339,5.761632,-0.000014,0.009283,-0.022736,-0.022327,3.141593
1430.0,0.121329,0.100224,0.024189,0.023737,5.761632,-0.000029,-0.008484,-0.021965,-0.021880,3.141593
1435.0,0.121322,0.079275,0.025313,0.024801,5.761632,0.000029,0.000217,-0.022323,-0.020466,3.141593
1440.0,0.121365,0.090903,0.025017,0.024618,5.761632,-0.000014,-0.001299,-0.022272,-0.022810,3.141593
1445.0,0.114720,0.250913,0.017752,0.018115,5.761249,-0.000114,0.008434,-0.022755,-0.022327,3.141593
1450.0,0.100036,0.128512,0.021835,0.022341,5.761249,0.000029,-0.004889,-0.022143,-0.022810,3.141593
1455.0,0.098505,0.077859,0.023961,0.025500,5.761249,0.000014,0.008798,-0.022731,-0.023740,3.141593
1460.0,0.098552,0.075539,0.024187,0.024618,5.761249,-0.000057,0.005650,-0.022615,-0.022810,3.141593
1465.0,0.098580,0.057421,0.025139,0.024618,5.761249,-0.000057,0.008699,-0.022751,-0.022810,3.141593
1470.0,0.098691,0.077864,0.024459,0.024618,5.761249,0.000057,0.013531,-0.022927,-0.022810,3.141593
1475.0,0.098634,0.070219,0.024973,0.023920,5.761249,-0.000057,0.001737,-0.022437,-0.022810,3.141593
1480.0,0.098677,0.077231,0.024876,0.024618,5.761249,-0.000215,0.020730,-0.023358,-0.023257,3.141593
1485.0,0.098795,0.057442,0.026012,0.025500,5.761249,-0.000086,-0.004027,-0.022289,-0.021880,3.141593
1490.0,0.098888,0.041815,0.026992,0.026382,5.761249,0.000014,-0.002920,-0.022327,-0.022810,3.141593
1495.0,0.080177,0.185833,0.019181,0.018998,5.760865,0.000029,-0.004340,-0.022249,-0.021844,3.141593
1500.0,0.076039,0.074136,0.023726,0.024617,5.760865,-0.000014,-0.011210,-0.021976,-0.021844,3.141593
1505.0,0.075731,0.058675,0.024429,0.023922,5.760865,-0.000014,0.037027,-0.024113,-0.024671,3.141593
1510.0,0.075749,0.072788,0.023904,0.023734,5.760865,0.000029,-0.005053,-0.022241,-0.022327,3.141593
1515.0,0.059720,0.233274,0.015508,0.015654,5.760481,-0.000014,-0.008788,-0.022080,-0.022810,3.141593
1520.0,0.053369,0.078252,0.021657,0.020577,5.760481,0.000029,0.005608,-0.022692,-0.021397,3.141593
1525.0,0.052814,0.076315,0.021644,0.022155,5.760481,0.000029,-0.012979,-0.021874,-0.022810,3.141593
1530.0,0.052743,0.069099,0.021894,0.023039,5.760481,0.000043,-0.003683,-0.022264,-0.021880,3.141593
1535.0,0.052915,0.058588,0.022388,0.023039,5.760481,-0.000043,-0.004359,-0.022259,-0.021397,3.141593
1540.0,0.053029,0.031975,0.023625,0.023039,5.760481,0.000014,-0.006901,-0.022142,-0.021844,3.141593
1545.0,0.053126,0.049571,0.022963,0.023039,5.760481,0.000143,-0.012068,-0.021861,-0.021880,3.141593
1550.0,0.053083,0.045258,0.023226,0.023922,5.760481,0.000000,-0.001050,-0.022365,-0.023740,3.141593
1555.0,0.053147,0.039914,0.023560,0.023922,5.760481,0.000072,-0.008143,-0.021998,-0.020913,3.141593
1560.0,0.053158,0.050919,0.023186,0.023039,5.760481,-0.000014,0.001250,-0.022446,-0.022327,3.141593
1565.0,0.053108,0.050558,0.023295,0.023922,5.760481,-0.000157,-0.011006,-0.021988,-0.022810,3.141593
1570.0,0.053269,0.018352,0.024885,0.025311,5.760481,0.000029,-0.017847,-0.021637,-0.021397,3.141593
1575.0,0.053183,0.037029,0.024181,0.023922,5.760481,0.000086,0.002432,-0.022489,-0.021397,3.141593
1580.0,0.053301,0.030437,0.024643,0.025500,5.760481,0.000014,0.000592,-0.022411,-0.021880,3.141593
1585.0,0.053233,0.032350,0.024681,0.024617,5.760481,-0.000029,0.009427,-0.022819,-0.022810,3.141593
1590.0,0.053244,0.011514,0.025741,0.025500,5.760481,-0.000014,-0.004988,-0.022181,-0.022327,3.141593
1595.0,0.053222,0.038450,0.024693,0.025500,5.760481,0.000057,-0.007390,-0.022039,-0.022810,3.141593
1600.0,0.053240,0.025113,0.025412,0.025500,5.760481,0.000014,0.000090,-0.022353,-0.021880,3.141593
1605.0,0.046331,0.228906,0.016010,0.014769,5.760098,0.000043,-0.009944,-0.021898,-0.021397,3.141593
1610.0,0.031908,0.098520,0.020409,0.020577,5.760098,-0.000086,0.006755,-0.022686,-0.022810,3.141593
1615.0,0.030266,0.052727,0.022209,0.023038,5.760098,-0.000057,0.006411,-0.022675,-0.021397,3.141593
1620.0,0.030159,0.031449,0.023094,0.023038,5.760098,0.000043,-0.007398,-0.022048,-0.021880,3.141593
1625.0,0.030180,0.032467,0.023032,0.023038,5.760098,0.000043,-0.002547,-0.022241,-0.022327,3.141593
1630.0,0.030284,0.023514,0.023459,0.023038,5.760098,-0.000114,0.005831,-0.022664,-0.022810,3.141593
1635.0,0.030205,0.030395,0.023143,0.022346,5.760098,0.000072,0.000138,-0.022362,-0.021880,3.141593
1640.0,0.030309,0.039239,0.022806,0.023731,5.760098,-0.000014,0.020414,-0.023266,-0.023740,3.141593
1645.0,0.030323,0.030782,0.023198,0.023038,5.760098,0.000043,0.000141,-0.022358,-0.021880,3.141593
1650.0,0.030370,0.033805,0.023126,0.023230,5.760098,-0.000014,-0.003547,-0.022205,-0.022810,3.141593
1655.0,0.030413,0.021323,0.023751,0.023923,5.760098,0.000129,0.005492,-0.022532,-0.021397,3.141593
1660.0,0.030434,0.009139,0.024365,0.023923,5.760098,-0.000057,0.030369,-0.023694,-0.022327,3.141593
1665.0,0.030502,0.021935,0.023913,0.024615,5.760098,-0.000014,-0.016834,-0.021625,-0.021397,3.141593
1670.0,0.030452,0.021598,0.023992,0.023923,5.760098,0.000043,0.007409,-0.022682,-0.023740,3.141593
1675.0,0.030363,0.029017,0.023711,0.023923,5.760098,0.000043,-0.000173,-0.022322,-0.022327,3.141593
1680.0,0.030348,0.020720,0.024122,0.023923,5.760098,0.000072,-0.007839,-0.021962,-0.019983,3.141593
1685.0,0.030552,0.010874,0.024702,0.025499,5.759715,-0.000100,0.005044,-0.022609,-0.022327,3.141593
1690.0,0.010078,0.098626,0.018963,0.019886,5.759715,0.000043,-0.009117,-0.021955,-0.022810,3.141593
1695.0,0.007499,0.041316,0.021086,0.021462,5.759715,-0.000014,0.005598,-0.022596,-0.022810,3.141593
1700.0,0.007288,0.020836,0.021837,0.021462,5.759715,-0.000014,0.000594,-0.022384,-0.021880,3.141593
1705.0,0.007324,0.022934,0.021651,0.021462,5.759715,0.000057,-0.007690,-0.021978,-0.022327,3.141593
1710.0,0.007528,0.011853,0.022135,0.023038,5.759715,0.000000,0.008290,-0.022688,-0.021880,3.141593
1715.0,0.007478,0.007477,0.022261,0.022152,5.759715,-0.000086,0.002486,-0.022469,-0.022327,3.141593
1720.0,0.007474,0.013986,0.021938,0.021462,5.759715,-0.000114,0.001130,-0.022442,-0.022810,3.141593
1725.0,0.007539,0.018762,0.021714,0.023038,5.759715,-0.000029,0.001116,-0.022435,-0.022810,3.141593
1730.0,0.007625,0.018533,0.021720,0.022152,5.759715,-0.000014,-0.002911,-0.022249,-0.021880,3.141593
1735.0,0.007603,0.009479,0.022103,0.023038,5.759715,0.000029,0.020744,-0.023284,-0.023257,3.141593
1740.0,0.007596,0.024042,0.021443,0.021462,5.759715,-0.000029,-0.008697,-0.022003,-0.022810,3.141593
1745.0,0.007567,-0.004729,0.022697,0.022347,5.759715,0.000043,0.002662,-0.022470,-0.022327,3.141593
1750.0,0.007578,0.008204,0.022133,0.022347,5.759715,0.000014,0.005803,-0.022603,-0.023740,3.141593
1755.0,0.007660,-0.013306,0.023113,0.022347,5.759715,0.000029,0.003613,-0.022490,-0.021397,3.141593
1760.0,0.007542,0.001029,0.022453,0.022347,5.759715,-0.000100,0.007759,-0.022746,-0.022810,3.141593
1765.0,0.007582,-0.007939,0.022858,0.022347,5.759715,0.000100,0.001767,-0.022423,-0.022327,3.141593
1770.0,0.007571,0.015074,0.021844,0.022152,5.759715,0.000000,-0.010093,-0.021910,-0.021397,3.141593
1775.0,0.007732,-0.009789,0.023007,0.023038,5.759715,0.000086,-0.000346,-0.022323,-0.022327,3.141593
1780.0,0.007614,-0.002446,0.022677,0.021462,5.759715,-0.000086,0.010345,-0.022834,-0.023740,3.141593
1785.0,0.007653,0.019818,0.021737,0.023232,5.759715,0.000014,-0.009886,-0.021919,-0.022810,3.141593
1790.0,0.007653,0.014923,0.021969,0.022152,5.759715,-0.000014,-0.007098,-0.022039,-0.021397,3.141593
1795.0,0.007675,0.002008,0.022564,0.022347,5.759715,-0.000014,-0.006614,-0.022071,-0.021880,3.141593
1800.0,0.007625,0.014116,0.022026,0.023038,5.759715,0.000086,-0.000587,-0.022291,-0.022327,3.141593
1805.0,0.007703,-0.000512,0.022712,0.023038,5.759715,-0.000014,-0.002204,-0.022235,-0.022810,3.141593
1810.0,0.007739,-0.006709,0.023035,0.023038,5.759715,0.000000,0.002579,-0.022439,-0.022810,3.141593
1815.0,0.007553,0.001080,0.022660,0.021462,5.759715,0.000000,0.015470,-0.023007,-0.022810,3.141593
1820.0,0.007703,0.010738,0.022307,0.023038,5.759715,-0.000057,-0.005395,-0.022102,-0.021397,3.141593
1825.0,0.007832,-0.000369,0.022880,0.023923,5.759715,0.000014,-0.003287,-0.022182,-0.022810,3.141593
1830.0,0.007789,-0.000547,0.022925,0.023923,5.759715,-0.000014,0.000136,-0.022337,-0.021880,3.141593
1835.0,0.007535,0.014825,0.022177,0.022152,5.759715,-0.000014,0.009989,-0.022781,-0.022810,3.141593
1840.0,0.007725,0.003452,0.022752,0.023038,5.759715,0.000014,0.012332,-0.022881,-0.022810,3.141593
1845.0,0.007671,0.008874,0.022528,0.023038,5.759715,0.000000,0.007102,-0.022654,-0.022810,3.141593
1850.0,0.007689,-0.000180,0.022954,0.023038,5.759715,0.000057,-0.003975,-0.022138,-0.021397,3.141593
1855.0,0.007610,0.009797,0.022506,0.023038,5.759715,-0.000014,-0.009823,-0.021902,-0.022810,3.141593
1860.0,0.007668,0.007913,0.022625,0.022347,5.759715,0.000014,0.009769,-0.022748,-0.022327,3.141593
1865.0,0.007703,0.011064,0.022535,0.023038,5.759715,-0.000072,0.002948,-0.022480,-0.022327,3.141593
1870.0,0.007775,-0.005898,0.023334,0.023923,5.759715,0.000014,-0.009723,-0.021889,-0.022810,3.141593
1875.0,0.007743,0.002930,0.022975,0.023728,5.759715,0.000000,0.002265,-0.022411,-0.021397,3.141593
1880.0,0.007675,0.027956,0.021900,0.021656,5.759715,-0.000086,0.017093,-0.023102,-0.021880,3.141593
1885.0,0.007542,0.006594,0.022809,0.022347,5.759715,-0.000057,0.005685,-0.022616,-0.021844,3.141593
1890.0,0.007625,0.006735,0.022839,0.022347,5.759715,-0.000014,0.010855,-0.022851,-0.022810,3.141593
1895.0,0.007610,0.008487,0.022774,0.022347,5.759715,0.000014,0.008916,-0.022761,-0.022327,3.141593
1900.0,0.007546,0.002391,0.023032,0.022347,5.759715,-0.000029,-0.010659,-0.021922,-0.022810,3.141593
1905.0,0.007743,-0.001201,0.023274,0.023038,5.759715,0.000043,0.003047,-0.022507,-0.022327,3.141593
1910.0,0.007653,0.007368,0.022884,0.023038,5.759715,0.000029,-0.004292,-0.022176,-0.020949,3.141593
1915.0,0.007575,0.007246,0.022865,0.023232,5.759715,-0.000014,-0.008338,-0.022019,-0.022810,3.141593
1920.0,0.007746,-0.003336,0.023409,0.023038,5.759715,0.000057,-0.006287,-0.022070,-0.022327,3.141593
1925.0,0.007657,0.000893,0.023241,0.023038,5.759715,-0.000014,0.033377,-0.023841,-0.023257,3.141593
1930.0,0.007603,0.010758,0.022806,0.022347,5.759715,0.000000,0.001715,-0.022445,-0.021880,3.141593
1935.0,0.007639,0.012005,0.022785,0.023038,5.759715,0.000086,-0.001352,-0.022267,-0.022810,3.141593
1940.0,0.007703,-0.002538,0.023469,0.023038,5.759715,-0.000114,-0.000581,-0.022356,-0.023740,3.141593
1945.0,0.007653,0.004473,0.023176,0.023923,5.759715,0.000000,0.000668,-0.022388,-0.022810,3.141593
1950.0,0.007635,0.009148,0.022974,0.023728,5.759715,0.000157,-0.000780,-0.022258,-0.022327,3.141593
1955.0,0.007643,-0.005744,0.023646,0.023038,5.759715,-0.000086,0.025116,-0.023463,-0.023257,3.141593
1960.0,0.007668,0.006066,0.023161,0.023923,5.759715,-0.000057,-0.015235,-0.021701,-0.020913,3.141593
1965.0,0.007617,0.000200,0.023413,0.023923,5.759715,-0.000014,-0.010783,-0.021906,-0.021880,3.141593
1970.0,0.007596,-0.007083,0.023727,0.023232,5.759715,0.000043,-0.001392,-0.022301,-0.022327,3.141593
1975.0,0.007707,-0.009276,0.023877,0.023038,5.759715,-0.000043,0.006135,-0.022658,-0.022327,3.141593
1980.0,0.007628,0.012128,0.022953,0.023038,5.759715,0.000114,0.008241,-0.022703,-0.022327,3.141593
1985.0,0.007685,0.014707,0.022873,0.023038,5.759715,0.000029,-0.002434,-0.022239,-0.021397,3.141593
1990.0,0.007671,-0.010662,0.024008,0.023923,5.759715,0.000014,0.005558,-0.022606,-0.022810,3.141593
1995.0,0.007646,0.002064,0.023460,0.023038,5.759715,-0.000114,0.011658,-0.022924,-0.022810,3.141593
2000.0,0.007632,0.003666,0.023415,0.023038,5.759715,0.000072,-0.014787,-0.021695,-0.020949,3.141593
2005.0,0.007739,0.003036,0.023510,0.023923,5.759715,-0.000029,-0.007348,-0.022053,-0.022810,3.141593
2010.0,0.007635,-0.002665,0.023753,0.023038,5.759715,-0.000072,0.008726,-0.022780,-0.022810,3.141593
2015.0,0.007721,0.008390,0.023327,0.023923,5.759331,0.000086,-0.001484,-0.022272,-0.021880,3.141593
2020.0,-0.012710,0.094957,0.017599,0.018115,5.759331,-0.000086,0.015102,-0.023056,-0.023740,3.141593
2025.0,-0.015188,0.012906,0.020799,0.020576,5.759331,0.000029,-0.007236,-0.022041,-0.021397,3.141593
2030.0,-0.015521,0.013474,0.020541,0.020576,5.759331,0.000029,0.003248,-0.022503,-0.021844,3.141593
2035.0,-0.015442,0.006239,0.020712,0.019887,5.759331,0.000057,-0.001647,-0.022269,-0.022810,3.141593
2040.0,-0.015503,0.016596,0.020082,0.021462,5.759331,-0.000057,0.002219,-0.022460,-0.022810,3.141593
2045.0,-0.015335,0.002321,0.020602,0.020576,5.759331,0.000029,0.003705,-0.022503,-0.021397,3.141593
2050.0,-0.015303,-0.004192,0.020793,0.020576,5.759331,-0.000114,0.004181,-0.022567,-0.023740,3.141593
2055.0,-0.015260,0.005807,0.020272,0.020576,5.759331,-0.000057,0.005597,-0.022614,-0.022327,3.141593
2060.0,-0.015303,0.007730,0.020074,0.020576,5.759331,-0.000114,0.002767,-0.022536,-0.022810,3.141593
2065.0,-0.015146,-0.005253,0.020613,0.022151,5.759331,-0.000014,-0.008978,-0.022015,-0.022810,3.141593
2070.0,-0.015128,-0.004320,0.020525,0.019887,5.759331,-0.000014,-0.011673,-0.021904,-0.022810,3.141593
2075.0,-0.015181,0.002504,0.020156,0.019690,5.759331,0.000029,-0.011113,-0.021902,-0.022327,3.141593
2080.0,-0.015128,-0.023398,0.021267,0.021462,5.759331,0.000029,0.006027,-0.022653,-0.022810,3.141593
2085.0,-0.015364,0.016784,0.019346,0.018115,5.759331,-0.000043,-0.000264,-0.022385,-0.021880,3.141593
2090.0,-0.015103,-0.011830,0.020626,0.021462,5.759331,0.000014,0.008310,-0.022754,-0.022327,3.141593
2095.0,-0.015188,-0.009488,0.020448,0.019887,5.759331,0.000000,-0.000222,-0.022390,-0.022810,3.141593
2100.0,-0.015199,0.012662,0.019409,0.019001,5.759331,0.000114,0.005647,-0.022588,-0.021397,3.141593
2105.0,-0.015070,-0.011945,0.020496,0.020576,5.759331,-0.000057,-0.008148,-0.022029,-0.020466,3.141593
2110.0,-0.015253,0.000153,0.019862,0.019887,5.759331,0.000029,-0.001889,-0.022297,-0.022810,3.141593
2115.0,-0.015121,-0.006837,0.020151,0.020576,5.759331,-0.000057,0.021000,-0.023339,-0.023257,3.141593
2120.0,-0.015153,-0.001491,0.019863,0.020576,5.759331,0.000086,-0.006565,-0.022072,-0.022810,3.141593
2125.0,-0.015174,-0.023852,0.020786,0.019886,5.759715,-0.000014,0.006212,-0.022648,-0.022810,3.141593
2130.0,0.005282,-0.110636,0.026544,0.025499,5.759715,-0.000086,0.005276,-0.022638,-0.022810,3.141593
2135.0,0.007832,-0.024349,0.023190,0.023038,5.759715,0.000114,0.008799,-0.022735,-0.023257,3.141593
2140.0,0.007989,-0.015491,0.022980,0.022347,5.759715,0.000057,-0.007458,-0.022009,-0.021397,3.141593
2145.0,0.007968,-0.001648,0.022503,0.023038,5.759715,-0.000014,0.003215,-0.022503,-0.022810,3.141593
2150.0,0.007900,-0.008910,0.022910,0.023038,5.759715,-0.000129,0.019870,-0.023281,-0.023740,3.141593
2155.0,0.007789,-0.001326,0.022631,0.022347,5.759715,-0.000029,-0.004635,-0.022194,-0.022327,3.141593
2160.0,-0.008175,0.169267,0.013798,0.014767,5.759331,-0.000043,-0.005561,-0.022168,-0.022810,3.141593
2165.0,-0.014699,0.009683,0.019848,0.019887,5.759331,0.000072,-0.008812,-0.021972,-0.022810,3.141593
2170.0,-0.015264,0.006089,0.019786,0.021265,5.759331,-0.000072,0.010277,-0.022839,-0.022810,3.141593
2175.0,-0.015360,-0.011431,0.020446,0.020576,5.759331,0.000057,0.005013,-0.022571,-0.022327,3.141593
2180.0,-0.015306,-0.005960,0.020119,0.020576,5.759331,0.000014,0.008814,-0.022749,-0.023740,3.141593
2185.0,-0.008547,-0.187504,0.028706,0.029537,5.759715,0.000057,0.009007,-0.022722,-0.022810,3.141593
2190.0,0.006090,-0.059929,0.024523,0.023923,5.759715,-0.000057,0.019842,-0.023239,-0.023257,3.141593
2195.0,0.007832,-0.021221,0.023148,0.022347,5.759715,-0.000057,0.005007,-0.022610,-0.022810,3.141593
2200.0,0.007875,-0.016897,0.023076,0.022347,5.759715,0.000086,0.002830,-0.022456,-0.022327,3.141593
2205.0,0.007850,0.003748,0.022268,0.023038,5.759715,0.000000,0.010752,-0.022820,-0.022810,3.141593
2210.0,0.007929,-0.025528,0.023676,0.023923,5.759715,0.000057,0.001271,-0.022376,-0.022327,3.141593
2215.0,0.007721,0.033521,0.021093,0.020576,5.759715,0.000014,0.007171,-0.022651,-0.022810,3.141593
2220.0,0.007668,0.014636,0.021954,0.020771,5.759715,-0.000057,0.004097,-0.022536,-0.022327,3.141593
2225.0,-0.011047,0.142999,0.014611,0.014964,5.759331,0.000014,-0.000132,-0.022337,-0.021880,3.141593
2230.0,-0.014992,0.022911,0.019030,0.019001,5.759331,-0.000114,0.000183,-0.022404,-0.022327,3.141593
2235.0,-0.015299,-0.004065,0.020068,0.020576,5.759331,-0.000086,0.004430,-0.022618,-0.022810,3.141593
2240.0,-0.015256,0.003623,0.019641,0.020576,5.759331,0.000114,-0.014439,-0.021713,-0.020913,3.141593
2245.0,-0.015242,-0.000258,0.019722,0.019690,5.759331,0.000072,-0.014395,-0.021698,-0.021397,3.141593
2250.0,-0.015256,-0.013110,0.020199,0.019001,5.759331,-0.000014,0.006803,-0.022644,-0.022810,3.141593
2255.0,-0.015292,-0.001735,0.019590,0.019001,5.759331,0.000029,-0.010429,-0.021860,-0.021397,3.141593
2260.0,-0.015221,0.001867,0.019355,0.019690,5.759331,-0.000100,0.009130,-0.022765,-0.023257,3.141593
2265.0,-0.015078,-0.009366,0.019802,0.020576,5.759331,0.000014,0.005862,-0.022587,-0.022327,3.141593
2270.0,-0.015264,-0.004992,0.019472,0.019887,5.759331,-0.000014,0.009970,-0.022777,-0.022327,3.141593
2275.0,-0.015088,-0.017738,0.019994,0.019690,5.759331,0.000072,-0.007039,-0.021993,-0.022810,3.141593
2280.0,0.003380,-0.110636,0.026157,0.025499,5.759715,0.000057,0.002001,-0.022373,-0.022810,3.141593
2285.0,0.007449,-0.014671,0.022442,0.023038,5.759715,0.000014,0.011723,-0.022798,-0.022327,3.141593
2290.0,0.007796,-0.012105,0.022449,0.022347,5.759715,-0.000114,-0.000769,-0.022302,-0.022810,3.141593
2295.0,0.007982,-0.004624,0.022287,0.022152,5.759715,-0.000086,0.000806,-0.022382,-0.021880,3.141593
2300.0,0.007864,0.011684,0.021646,0.021267,5.759715,0.000000,-0.013854,-0.021728,-0.020019,3.141593
2305.0,0.007882,0.001185,0.022219,0.023038,5.759715,-0.000143,-0.002963,-0.022279,-0.022810,3.141593
2310.0,0.007803,-0.017449,0.023100,0.021462,5.759715,-0.000072,0.010199,-0.022859,-0.022810,3.141593
2315.0,0.007660,0.006337,0.022074,0.022152,5.759715,-0.000029,-0.000245,-0.022404,-0.021397,3.141593
2320.0,0.007768,-0.008424,0.022802,0.022347,5.759715,-0.000014,-0.001398,-0.022348,-0.022810,3.141593
2325.0,-0.011065,0.158116,0.013422,0.013881,5.759331,0.000014,-0.003514,-0.022254,-0.022327,3.141593
2330.0,-0.015106,0.015675,0.018760,0.018115,5.759331,0.000086,-0.002979,-0.022254,-0.022327,3.141593
2335.0,-0.015281,0.004773,0.019115,0.019690,5.759331,0.000129,0.003381,-0.022489,-0.021397,3.141593
2340.0,-0.015264,0.003996,0.019063,0.019690,5.759331,-0.000086,0.003995,-0.022589,-0.023293,3.141593
2345.0,0.000747,-0.165434,0.028547,0.028651,5.759715,-0.000014,-0.002374,-0.022288,-0.022327,3.141593
2350.0,0.013980,-0.213868,0.031918,0.032000,5.760098,0.000014,0.016101,-0.023090,-0.022810,3.141593
2355.0,0.029233,-0.078812,0.027681,0.028846,5.760098,-0.000100,-0.015743,-0.021731,-0.021397,3.141593
2360.0,0.030735,-0.019128,0.025444,0.025500,5.760098,0.000086,-0.020376,-0.021462,-0.021880,3.141593
2365.0,0.030996,-0.004451,0.025117,0.025500,5.760098,0.000043,-0.007076,-0.022027,-0.021397,3.141593
2370.0,0.018568,0.202962,0.015123,0.017230,5.759715,-0.000057,-0.005783,-0.022115,-0.022810,3.141593
2375.0,-0.010042,0.148601,0.014507,0.015654,5.759331,-0.000086,0.009496,-0.022804,-0.022327,3.141593
2380.0,-0.014977,0.020008,0.019025,0.018115,5.759331,-0.000057,0.007109,-0.022719,-0.021880,3.141593
2385.0,-0.015364,0.012523,0.019174,0.019001,5.759331,0.000057,-0.010072,-0.021943,-0.022810,3.141593
2390.0,-0.015385,0.001595,0.019559,0.019001,5.759331,0.000086,-0.004215,-0.022167,-0.021880,3.141593
2395.0,-0.015460,0.019384,0.018650,0.019001,5.759331,-0.000014,0.010405,-0.022810,-0.022810,3.141593
2400.0,-0.015299,-0.002810,0.019579,0.019690,5.759331,-0.000072,0.040027,-0.024150,-0.023704,3.141593
2405.0,-0.015374,0.012007,0.018804,0.018115,5.759331,0.000014,-0.006526,-0.022090,-0.021880,3.141593
2410.0,0.003308,-0.133803,0.027484,0.026384,5.759715,-0.000057,0.001227,-0.022450,-0.021397,3.141593
2415.0,0.007406,-0.019654,0.022943,0.023038,5.759715,0.000043,0.000040,-0.022375,-0.021880,3.141593
2420.0,0.007743,0.001614,0.022104,0.021462,5.759715,-0.000029,-0.002334,-0.022301,-0.022810,3.141593
2425.0,0.007846,0.007108,0.021977,0.022152,5.759715,0.000114,0.013698,-0.022926,-0.020466,3.141593
2430.0,0.007814,-0.002021,0.022446,0.023038,5.759715,-0.000043,0.006425,-0.022655,-0.022810,3.141593
2435.0,0.007607,0.010985,0.021850,0.022152,5.759715,-0.000100,0.011932,-0.022927,-0.022810,3.141593
2440.0,0.007811,-0.018398,0.023240,0.023038,5.759715,-0.000014,0.009648,-0.022823,-0.023740,3.141593
2445.0,-0.010968,0.155430,0.013645,0.013881,5.759331,0.000029,-0.003817,-0.022202,-0.021880,3.141593
2450.0,-0.014977,0.018253,0.018759,0.019001,5.759331,-0.000014,-0.002679,-0.022261,-0.022810,3.141593
2455.0,-0.015274,0.003118,0.019273,0.019690,5.759331,-0.000014,-0.008324,-0.022002,-0.021880,3.141593
2460.0,-0.015246,-0.002852,0.019452,0.020576,5.759331,-0.000029,0.004879,-0.022600,-0.022327,3.141593
2465.0,-0.015292,-0.008154,0.019581,0.019001,5.759331,0.000129,-0.012010,-0.021786,-0.022810,3.141593
2470.0,-0.015199,-0.006223,0.019425,0.019690,5.759331,-0.000043,-0.004731,-0.022125,-0.022810,3.141593
2475.0,-0.015146,-0.015254,0.019751,0.019001,5.759331,-0.000014,0.022886,-0.023332,-0.023740,3.141593
2480.0,-0.015206,-0.009803,0.019405,0.019690,5.759331,0.000000,0.004399,-0.022510,-0.022810,3.141593
2485.0,-0.015146,-0.013341,0.019488,0.019001,5.759331,-0.000086,0.008544,-0.022707,-0.021880,3.141593
2490.0,-0.015206,0.006889,0.018484,0.019001,5.759331,-0.000043,0.000872,-0.022382,-0.021397,3.141593
2495.0,-0.015124,-0.015426,0.019410,0.019001,5.759331,0.000029,-0.015069,-0.021674,-0.022810,3.141593
2500.0,-0.015199,-0.007070,0.018930,0.019001,5.759331,0.000043,0.012277,-0.022868,-0.022810,3.141593
2505.0,-0.015156,-0.008256,0.018905,0.019001,5.759331,-0.000086,0.004065,-0.022553,-0.022327,3.141593
2510.0,-0.015153,-0.023611,0.019500,0.019001,5.759331,0.000014,0.003444,-0.022506,-0.022810,3.141593
2515.0,-0.015174,-0.020048,0.019250,0.019001,5.759331,-0.000057,0.002103,-0.022477,-0.022810,3.141593
2520.0,-0.015028,-0.018035,0.019109,0.019001,5.759331,0.000100,-0.002773,-0.022202,-0.021880,3.141593
2525.0,-0.015131,0.010667,0.017718,0.017426,5.759331,0.000029,0.026209,-0.023475,-0.022327,3.141593
2530.0,-0.015142,0.002511,0.017991,0.017426,5.759331,-0.000043,0.002189,-0.022450,-0.022810,3.141593
2535.0,-0.015070,-0.009128,0.018440,0.019001,5.759331,0.000057,-0.010078,-0.021881,-0.022810,3.141593
2540.0,-0.015078,-0.016446,0.018678,0.019001,5.759331,-0.000114,-0.003703,-0.022216,-0.022810,3.141593
2545.0,-0.015117,-0.022460,0.018849,0.019001,5.759331,-0.000014,0.003469,-0.022512,-0.021880,3.141593
2550.0,-0.015056,-0.020657,0.018697,0.018115,5.759331,0.000014,-0.002046,-0.022260,-0.022810,3.141593
2555.0,-0.014935,-0.032332,0.019164,0.019001,5.759331,0.000000,0.008176,-0.022710,-0.022810,3.141593
2560.0,-0.015149,-0.004603,0.017791,0.018115,5.759331,0.000043,-0.011847,-0.021810,-0.020913,3.141593
2565.0,-0.014949,-0.017279,0.018319,0.018115,5.759715,0.000029,-0.016825,-0.021588,-0.020466,3.141593
2570.0,0.004967,-0.071494,0.024154,0.023923,5.759715,0.000043,-0.008516,-0.021959,-0.021880,3.141593
2575.0,0.007446,-0.007685,0.021632,0.020771,5.759715,-0.000057,0.007003,-0.022680,-0.021397,3.141593
2580.0,0.007786,0.000331,0.021404,0.021462,5.759715,-0.000014,-0.009914,-0.021938,-0.022810,3.141593
2585.0,0.007607,0.003213,0.021265,0.021462,5.759715,-0.000043,0.004690,-0.022595,-0.022327,3.141593
2590.0,0.007771,-0.004612,0.021694,0.022843,5.759715,0.000014,-0.011640,-0.021868,-0.022810,3.141593
2595.0,0.007625,0.009848,0.021043,0.020576,5.759715,0.000043,-0.009393,-0.021947,-0.022810,3.141593
2600.0,0.007700,-0.006172,0.021810,0.022152,5.759715,-0.000043,0.007635,-0.022717,-0.022810,3.141593
2605.0,-0.004503,0.179279,0.012221,0.014964,5.759331,0.000114,-0.003625,-0.022162,-0.021880,3.141593
2610.0,-0.014280,0.029175,0.016618,0.015654,5.759331,0.000043,0.009846,-0.022759,-0.022810,3.141593
2615.0,-0.015095,-0.002594,0.017762,0.017426,5.759331,0.000086,0.000924,-0.022336,-0.021397,3.141593
2620.0,-0.015045,-0.008952,0.017973,0.018115,5.759331,-0.000114,0.009609,-0.022797,-0.022810,3.141593
2625.0,-0.015081,-0.015183,0.018157,0.018115,5.759331,-0.000057,-0.017460,-0.021625,-0.021397,3.141593
2630.0,-0.002815,-0.181395,0.028265,0.027075,5.759715,0.000057,-0.002686,-0.022251,-0.021880,3.141593
2635.0,0.013382,-0.205446,0.030841,0.031307,5.760098,-0.000043,0.006560,-0.022674,-0.022327,3.141593
2640.0,0.028936,-0.051753,0.025703,0.025500,5.760098,0.000086,0.000110,-0.022361,-0.021880,3.141593
2645.0,0.030777,-0.014298,0.024504,0.025692,5.760098,-0.000086,0.004247,-0.022607,-0.022810,3.141593
2650.0,0.030838,0.000180,0.024101,0.023923,5.759715,0.000100,-0.007251,-0.022035,-0.021880,3.141593
2655.0,0.003594,0.274320,0.009770,0.010731,5.759331,0.000100,-0.006571,-0.022021,-0.022327,3.141593
2660.0,-0.013436,0.052957,0.016024,0.015654,5.759331,-0.000057,0.013826,-0.022957,-0.022810,3.141593
2665.0,-0.015106,-0.010319,0.018375,0.017229,5.759331,0.000086,0.004101,-0.022478,-0.019983,3.141593
2670.0,-0.015292,-0.002792,0.017905,0.017426,5.759331,-0.000100,-0.004102,-0.022185,-0.021880,3.141593
2675.0,-0.015171,-0.001754,0.017799,0.018115,5.759331,0.000029,0.003756,-0.022508,-0.022327,3.141593
2680.0,-0.015163,-0.001958,0.017719,0.018115,5.759331,-0.000114,0.011889,-0.022903,-0.023740,3.141593
2685.0,-0.015067,-0.006642,0.017864,0.018115,5.759331,-0.000114,0.000865,-0.022436,-0.020913,3.141593
2690.0,0.003251,-0.086185,0.024959,0.023728,5.759715,-0.000086,0.004717,-0.022659,-0.022327,3.141593
2695.0,0.007192,-0.013368,0.022139,0.022152,5.759715,0.000029,-0.001763,-0.022354,-0.021880,3.141593
2700.0,0.007460,0.018489,0.020721,0.021462,5.759715,0.000086,-0.019414,-0.021540,-0.021880,3.141593
2705.0,0.007546,0.020909,0.020598,0.021462,5.759715,0.000157,-0.010283,-0.021903,-0.021880,3.141593
2710.0,0.007671,0.011113,0.021052,0.021462,5.759715,0.000057,0.002451,-0.022460,-0.021397,3.141593
2715.0,0.007710,0.022022,0.020608,0.020576,5.759715,-0.000014,-0.014661,-0.021743,-0.022810,3.141593
2720.0,0.007635,0.000731,0.021546,0.021462,5.759715,-0.000014,0.009829,-0.022814,-0.022327,3.141593
2725.0,0.007571,0.011646,0.021053,0.019886,5.759715,0.000114,-0.002041,-0.022247,-0.021880,3.141593
2730.0,0.007671,0.004194,0.021431,0.021462,5.759715,0.000029,-0.003125,-0.022194,-0.022327,3.141593
2735.0,0.007739,-0.010364,0.022122,0.021462,5.759715,-0.000057,0.021092,-0.023294,-0.023740,3.141593
2740.0,0.007671,0.007960,0.021336,0.020576,5.759715,0.000000,0.008131,-0.022705,-0.022810,3.141593
2745.0,0.007585,0.011542,0.021171,0.020576,5.759715,-0.000157,0.012421,-0.022963,-0.022810,3.141593
2750.0,0.007646,0.005298,0.021480,0.021462,5.759715,0.000086,-0.019654,-0.021501,-0.020466,3.141593
2755.0,-0.008433,0.166159,0.012144,0.012306,5.759331,0.000000,0.004515,-0.022583,-0.022810,3.141593
2760.0,-0.014681,0.045793,0.016011,0.016343,5.759331,0.000043,-0.006618,-0.022066,-0.021880,3.141593
2765.0,-0.015070,-0.025304,0.019005,0.018115,5.759331,-0.000086,0.007798,-0.022748,-0.022327,3.141593
2770.0,-0.015138,-0.003107,0.017913,0.018115,5.759331,0.000057,-0.005892,-0.022106,-0.021397,3.141593
2775.0,0.000744,-0.156521,0.027674,0.026384,5.760098,0.000000,-0.004269,-0.022194,-0.021880,3.141593
2780.0,0.027487,-0.126352,0.028977,0.029538,5.760098,0.000043,0.005349,-0.022605,-0.022810,3.141593
2785.0,0.030456,-0.012643,0.024471,0.023923,5.760098,-0.000014,0.008326,-0.022740,-0.022810,3.141593
2790.0,0.030799,0.001880,0.024108,0.024615,5.760098,-0.000014,-0.005764,-0.022119,-0.022327,3.141593
2795.0,0.030688,-0.005438,0.024586,0.024808,5.759715,0.000014,-0.010558,-0.021898,-0.022810,3.141593
2800.0,0.003594,0.278106,0.009851,0.008467,5.759331,-0.000014,0.008876,-0.022755,-0.020466,3.141593
2805.0,-0.025746,0.258075,0.004536,0.004922,5.758947,0.000014,-0.009446,-0.021966,-0.021397,3.141593
2810.0,-0.036736,0.003190,0.013209,0.013192,5.758947,-0.000100,0.013276,-0.023008,-0.022810,3.141593
2815.0,-0.037640,-0.025376,0.014066,0.014079,5.758947,0.000014,0.004406,-0.022588,-0.022327,3.141593
2820.0,-0.037669,-0.044600,0.014706,0.014078,5.759331,0.000029,-0.002899,-0.022257,-0.021880,3.141593
2825.0,-0.010893,-0.255182,0.030003,0.029731,5.759715,0.000086,0.009265,-0.022751,-0.022810,3.141593
2830.0,0.012227,-0.195588,0.030884,0.030423,5.760098,-0.000029,-0.002593,-0.022249,-0.022810,3.141593
2835.0,0.028718,-0.052635,0.026267,0.026384,5.760098,0.000014,0.000550,-0.022371,-0.022810,3.141593
2840.0,0.030466,-0.004265,0.024466,0.023923,5.760098,0.000057,-0.002687,-0.022200,-0.021397,3.141593
2845.0,0.030574,0.009568,0.024012,0.023923,5.760098,-0.000043,0.035828,-0.023947,-0.024187,3.141593
2850.0,0.023854,0.179552,0.016169,0.016344,5.759715,0.000057,-0.013965,-0.021714,-0.021880,3.141593
2855.0,-0.003079,0.275563,0.008872,0.010731,5.759331,0.000029,0.008065,-0.022670,-0.022327,3.141593
2860.0,-0.014273,0.033128,0.017061,0.016540,5.759331,-0.000057,-0.005726,-0.022095,-0.022810,3.141593
2865.0,-0.015317,0.023244,0.017169,0.018115,5.759331,-0.000029,0.003671,-0.022508,-0.023293,3.141593
2870.0,-0.015421,-0.010625,0.018555,0.018115,5.759331,0.000014,0.006293,-0.022609,-0.021397,3.141593
2875.0,-0.015278,-0.001264,0.018078,0.018115,5.759331,-0.000043,0.003926,-0.022537,-0.022810,3.141593
2880.0,-0.015264,0.002758,0.017809,0.018115,5.759331,-0.000014,0.013438,-0.022950,-0.021880,3.141593
2885.0,-0.008286,-0.211738,0.028856,0.030616,5.759715,-0.000014,-0.002062,-0.022266,-0.022810,3.141593
2890.0,0.005883,-0.043018,0.023452,0.023923,5.759715,-0.000014,0.022855,-0.023364,-0.023740,3.141593
2895.0,0.007417,-0.007686,0.022026,0.021462,5.759715,-0.000057,0.007754,-0.022716,-0.022327,3.141593
2900.0,0.007603,0.018539,0.020908,0.020576,5.759715,-0.000057,-0.003223,-0.022260,-0.021880,3.141593
2905.0,0.007510,0.005895,0.021422,0.021462,5.759715,0.000057,0.004763,-0.022576,-0.023740,3.141593
2910.0,0.007582,0.007810,0.021343,0.021462,5.759715,0.000014,0.000940,-0.022401,-0.021880,3.141593
2915.0,0.007739,-0.001464,0.021821,0.022152,5.759715,0.000000,-0.003598,-0.022192,-0.022327,3.141593
2920.0,0.007635,-0.000914,0.021797,0.020576,5.759715,-0.000086,0.002870,-0.022522,-0.022810,3.141593
2925.0,0.007607,0.011957,0.021243,0.020576,5.759715,0.000086,0.005845,-0.022599,-0.021397,3.141593
2930.0,0.007685,-0.002085,0.021911,0.022152,5.759715,0.000014,-0.015387,-0.021678,-0.021397,3.141593
2935.0,0.007768,0.003544,0.021729,0.022347,5.759715,-0.000086,-0.008739,-0.022015,-0.021880,3.141593
2940.0,-0.011097,0.127547,0.013485,0.014078,5.759331,0.000000,0.006209,-0.022659,-0.022327,3.141593
2945.0,-0.014910,0.001136,0.018167,0.018312,5.759331,-0.000086,0.018647,-0.023244,-0.022327,3.141593
2950.0,-0.015088,-0.016581,0.018829,0.019001,5.759331,0.000029,0.001782,-0.022476,-0.022810,3.141593
2955.0,-0.015103,-0.007373,0.018328,0.019001,5.759331,0.000057,-0.002661,-0.022254,-0.021844,3.141593
2960.0,-0.015203,-0.014293,0.018523,0.017426,5.759331,-0.000057,-0.003562,-0.022257,-0.022810,3.141593
2965.0,-0.015074,-0.005982,0.018098,0.018804,5.759331,0.000043,-0.002465,-0.022273,-0.021880,3.141593
2970.0,-0.008351,-0.207365,0.028500,0.029040,5.759715,0.000086,0.000742,-0.022387,-0.021880,3.141593
2975.0,0.022069,-0.228339,0.032788,0.033577,5.760098,0.000014,-0.011476,-0.021847,-0.022810,3.141593
2980.0,0.030019,-0.033385,0.025209,0.024615,5.760098,-0.000043,0.015583,-0.023045,-0.021397,3.141593
2985.0,0.030895,-0.033247,0.025578,0.024807,5.760098,-0.000072,0.000267,-0.022394,-0.020019,3.141593
2990.0,0.030881,-0.001025,0.024405,0.026192,5.760098,-0.000014,-0.013032,-0.021825,-0.022810,3.141593
2995.0,0.018525,0.208995,0.014279,0.015654,5.759715,0.000014,0.005854,-0.022636,-0.022810,3.141593
3000.0,-0.007589,0.215643,0.010633,0.011617,5.759331,0.000057,-0.005987,-0.022085,-0.022327,3.141593
3005.0,-0.030599,0.157251,0.007914,0.008270,5.758947,-0.000114,0.010392,-0.022862,-0.023740,3.141593
3010.0,-0.037154,-0.015515,0.013926,0.013192,5.758947,0.000114,0.008522,-0.022705,-0.021880,3.141593
3015.0,-0.037755,-0.026863,0.014083,0.014079,5.758947,0.000086,0.000234,-0.022316,-0.022327,3.141593
3020.0,-0.037647,-0.048332,0.014855,0.015654,5.758947,-0.000029,0.006344,-0.022616,-0.020949,3.141593
3025.0,-0.012492,-0.311517,0.032107,0.032193,5.759715,-0.000057,-0.011546,-0.021865,-0.021397,3.141593
3030.0,0.012259,-0.216802,0.031845,0.031307,5.760098,-0.000043,0.003023,-0.022515,-0.022810,3.141593
3035.0,0.028639,-0.066926,0.026893,0.026384,5.760098,0.000014,0.006609,-0.022655,-0.022810,3.141593
3040.0,0.030359,0.015195,0.023570,0.023038,5.760098,-0.000043,-0.001591,-0.022318,-0.021880,3.141593
3045.0,0.030591,0.007485,0.024090,0.023923,5.760098,0.000100,-0.007190,-0.022029,-0.021880,3.141593
3050.0,0.030588,0.026586,0.023381,0.023731,5.760098,-0.000072,0.009945,-0.022823,-0.022810,3.141593
3055.0,0.011973,0.133772,0.017101,0.016540,5.759331,-0.000029,-0.005139,-0.022154,-0.021880,3.141593
3060.0,-0.012438,0.101951,0.014476,0.014964,5.759331,0.000014,0.017112,-0.023136,-0.023740,3.141593
3065.0,-0.033545,0.097827,0.009744,0.010731,5.758947,-0.000014,0.002579,-0.022506,-0.022810,3.141593
3070.0,-0.037519,-0.014991,0.013658,0.014079,5.758947,0.000043,-0.011016,-0.021896,-0.022810,3.141593
3075.0,-0.030845,-0.225400,0.024330,0.025499,5.759331,0.000114,-0.000606,-0.022284,-0.021397,3.141593
3080.0,-0.000862,-0.182787,0.029123,0.027270,5.759715,-0.000086,0.009535,-0.022793,-0.022810,3.141593
3085.0,0.018783,-0.197449,0.031658,0.031307,5.760098,-0.000043,0.002696,-0.022496,-0.021880,3.141593
3090.0,0.029429,-0.026998,0.025303,0.025500,5.760098,0.000086,0.000629,-0.022362,-0.020019,3.141593
3095.0,0.030584,-0.001441,0.024459,0.023923,5.760098,-0.000057,-0.006184,-0.022111,-0.021880,3.141593
3100.0,0.030692,-0.005254,0.024813,0.023923,5.760098,0.000072,0.006435,-0.022621,-0.022810,3.141593
3105.0,0.023750,0.196595,0.015521,0.014768,5.759715,0.000114,-0.007235,-0.021968,-0.021880,3.141593
3110.0,-0.009531,0.187636,0.011418,0.011617,5.759331,-0.000086,0.008211,-0.022685,-0.022327,3.141593
3115.0,-0.014899,0.036484,0.016847,0.016540,5.759331,0.000014,-0.009785,-0.021871,-0.022810,3.141593
3120.0,-0.015314,0.017165,0.017519,0.017229,5.759331,-0.000014,-0.002280,-0.022198,-0.022327,3.141593
3125.0,-0.015349,0.014036,0.017555,0.018804,5.759331,-0.000157,-0.000560,-0.022340,-0.021880,3.141593
3130.0,-0.015339,0.007291,0.017763,0.018115,5.759331,-0.000014,0.005127,-0.022582,-0.022810,3.141593
3135.0,-0.015264,-0.009447,0.018432,0.018115,5.759715,0.000072,0.002381,-0.022422,-0.021880,3.141593
3140.0,0.011673,-0.265826,0.033812,0.033769,5.760098,-0.000057,0.004492,-0.022554,-0.022810,3.141593
3145.0,0.028911,-0.073800,0.027212,0.027961,5.760098,0.000014,0.014851,-0.022990,-0.023740,3.141593
3150.0,0.030638,-0.024387,0.025417,0.025500,5.760098,-0.000072,0.023535,-0.023405,-0.022810,3.141593
3155.0,0.030727,-0.001040,0.024586,0.023923,5.760098,-0.000029,0.006551,-0.022667,-0.022810,3.141593
3160.0,0.018471,0.213144,0.014303,0.014768,5.759715,0.000086,-0.004844,-0.022118,-0.021397,3.141593
3165.0,-0.016962,0.358539,0.002339,0.001574,5.758947,0.000014,-0.017058,-0.021590,-0.020949,3.141593
3170.0,-0.035963,0.034848,0.012276,0.012306,5.758947,0.000057,-0.012931,-0.021746,-0.021397,3.141593
3175.0,-0.037583,-0.029416,0.014562,0.012505,5.758947,-0.000086,0.011131,-0.022851,-0.022810,3.141593
3180.0,-0.025603,-0.202223,0.024769,0.023038,5.759715,-0.000057,0.000745,-0.022413,-0.022810,3.141593
3185.0,0.019948,-0.241391,0.033980,0.032884,5.760098,-0.000086,0.004158,-0.022602,-0.022810,3.141593
3190.0,0.029547,-0.008929,0.024800,0.025500,5.760098,0.000014,0.003045,-0.022532,-0.022327,3.141593
3195.0,0.030441,-0.006096,0.024868,0.024615,5.760098,0.000086,-0.017167,-0.021607,-0.020466,3.141593
3200.0,0.030613,0.008826,0.024375,0.023923,5.760098,0.000043,-0.016131,-0.021668,-0.022810,3.141593
3205.0,0.018443,0.199249,0.015128,0.016539,5.759715,0.000014,-0.002651,-0.022242,-0.021880,3.141593
3210.0,-0.010328,0.171414,0.012267,0.012306,5.758947,-0.000014,0.000861,-0.022394,-0.022810,3.141593
3215.0,-0.035062,0.072536,0.010912,0.011618,5.758947,0.000029,-0.002224,-0.022241,-0.022810,3.141593
3220.0,-0.037644,-0.036795,0.014985,0.015654,5.758947,-0.000014,0.009192,-0.022750,-0.022810,3.141593
3225.0,-0.037823,-0.029660,0.014411,0.014767,5.758947,-0.000086,0.016391,-0.023103,-0.023257,3.141593
3230.0,-0.014895,-0.383188,0.035166,0.035345,5.759715,0.000086,0.005791,-0.022579,-0.022810,3.141593
3235.0,0.023861,-0.161801,0.030841,0.031307,5.760098,0.000014,-0.012245,-0.021785,-0.022810,3.141593
3240.0,0.029901,0.004862,0.024186,0.023923,5.760098,0.000086,0.012473,-0.022830,-0.022810,3.141593
3245.0,0.030581,0.007229,0.024309,0.024615,5.760098,-0.000086,-0.005711,-0.022077,-0.022810,3.141593
3250.0,0.030423,0.019670,0.023817,0.023038,5.760098,-0.000014,-0.001402,-0.022262,-0.022810,3.141593
3255.0,0.023825,0.205441,0.015301,0.014768,5.759715,-0.000100,-0.007253,-0.022045,-0.020949,3.141593
3260.0,-0.013908,0.447629,-0.000831,0.000000,5.758947,0.000000,-0.002411,-0.022259,-0.022810,3.141593
3265.0,-0.035731,0.032794,0.012531,0.012505,5.758947,-0.000029,0.008173,-0.022734,-0.022327,3.141593
3270.0,-0.037719,-0.016664,0.014070,0.014079,5.758947,0.000014,-0.007378,-0.022040,-0.021880,3.141593
3275.0,-0.037873,-0.017122,0.013839,0.013192,5.758947,0.000114,-0.000680,-0.022280,-0.021880,3.141593
3280.0,-0.030967,-0.232603,0.024788,0.025696,5.759331,-0.000014,0.003680,-0.022499,-0.022810,3.141593
3285.0,0.005937,-0.374013,0.038410,0.037999,5.760098,-0.000043,0.013529,-0.022941,-0.023740,3.141593
3290.0,0.028074,-0.061325,0.026842,0.027077,5.760098,-0.000086,-0.001095,-0.022322,-0.022810,3.141593
3295.0,0.030291,-0.001921,0.024550,0.024615,5.760098,0.000029,-0.006458,-0.022051,-0.022810,3.141593
3300.0,0.030509,0.017061,0.023847,0.023038,5.760098,-0.000086,0.009880,-0.022810,-0.022327,3.141593
3305.0,0.030581,0.016548,0.024022,0.023923,5.760098,0.000029,-0.005039,-0.022132,-0.021397,3.141593
3310.0,0.005064,0.334891,0.007869,0.006498,5.759331,0.000114,-0.015420,-0.021633,-0.021880,3.141593
3315.0,-0.029472,0.210579,0.005986,0.005809,5.758947,0.000057,-0.017383,-0.021546,-0.021397,3.141593
3320.0,-0.037150,-0.002916,0.013555,0.013192,5.758947,0.000072,-0.001927,-0.022200,-0.022327,3.141593
3325.0,-0.037851,-0.019166,0.013903,0.014079,5.758947,-0.000114,0.009622,-0.022771,-0.023740,3.141593
3330.0,-0.025631,-0.203559,0.024677,0.023037,5.759331,0.000014,0.014585,-0.022953,-0.023740,3.141593
3335.0,-0.004066,-0.196470,0.029142,0.027269,5.760098,-0.000186,0.058252,-0.024966,-0.023704,3.141593
3340.0,0.026557,-0.097349,0.028209,0.028153,5.760098,-0.000100,0.010360,-0.022894,-0.023257,3.141593
3345.0,0.030237,0.007138,0.024108,0.024615,5.760098,0.000000,0.004860,-0.022645,-0.022327,3.141593
3350.0,0.030602,-0.011161,0.025089,0.024807,5.760098,0.000086,-0.019144,-0.021550,-0.020466,3.141593
3355.0,0.030581,0.005190,0.024497,0.023923,5.760098,0.000157,0.007751,-0.022682,-0.021844,3.141593
3360.0,0.007707,0.378239,0.006248,0.006498,5.759331,-0.000014,-0.005897,-0.022115,-0.021880,3.141593
3365.0,-0.020174,0.269289,0.005467,0.004922,5.758947,0.000057,0.002935,-0.022485,-0.022810,3.141593
3370.0,-0.036246,0.031170,0.012251,0.012505,5.758947,-0.000029,0.014099,-0.022997,-0.022810,3.141593
3375.0,-0.037637,-0.035403,0.014689,0.014767,5.758947,0.000086,-0.006696,-0.022047,-0.021397,3.141593
3380.0,-0.031035,-0.216814,0.024047,0.023923,5.759331,0.000014,0.004015,-0.022530,-0.023257,3.141593
3385.0,-0.004764,-0.227508,0.030352,0.028846,5.759715,-0.000100,-0.001873,-0.022302,-0.022327,3.141593
3390.0,0.022248,-0.170793,0.030885,0.029730,5.760098,0.000114,-0.019721,-0.021451,-0.021880,3.141593
3395.0,0.029826,-0.020991,0.025179,0.025500,5.760098,0.000114,-0.016816,-0.021538,-0.021880,3.141593
3400.0,0.030527,-0.004522,0.024655,0.024807,5.760098,-0.000029,0.012062,-0.022857,-0.023740,3.141593
3405.0,0.030713,0.010765,0.024179,0.025500,5.760098,-0.000043,0.010204,-0.022784,-0.022327,3.141593
3410.0,0.018425,0.194026,0.015214,0.017230,5.759715,0.000043,-0.015815,-0.021617,-0.021880,3.141593
3415.0,-0.022441,0.357266,0.001038,0.003348,5.758947,0.000014,-0.000840,-0.022271,-0.021880,3.141593
3420.0,-0.036614,0.011841,0.013020,0.011618,5.758947,0.000014,-0.010259,-0.021859,-0.021880,3.141593
3425.0,-0.037737,-0.024459,0.014172,0.013192,5.758947,0.000000,0.003848,-0.022489,-0.022327,3.141593
3430.0,-0.030906,-0.210773,0.023806,0.023037,5.759331,0.000114,-0.017205,-0.021517,-0.020949,3.141593
3435.0,-0.000783,-0.195718,0.029864,0.029731,5.759715,-0.000043,-0.002060,-0.022223,-0.022810,3.141593
3440.0,0.022509,-0.156221,0.030314,0.029730,5.760098,-0.000043,-0.004219,-0.022136,-0.022810,3.141593
3445.0,0.029833,-0.004680,0.024498,0.024615,5.760098,-0.000100,0.021260,-0.023297,-0.024671,3.141593
3450.0,0.030520,0.012538,0.023952,0.024807,5.760098,0.000014,0.004762,-0.022536,-0.022810,3.141593
3455.0,0.030627,-0.003849,0.024830,0.023923,5.760098,0.000014,0.011893,-0.022843,-0.022327,3.141593
3460.0,-0.000268,0.328148,0.007340,0.009156,5.759331,-0.000043,0.018378,-0.023151,-0.023740,3.141593
3465.0,-0.030023,0.185667,0.006849,0.007383,5.758947,0.000072,-0.021371,-0.021359,-0.020949,3.141593
3470.0,-0.037193,-0.008532,0.013672,0.014079,5.758947,-0.000043,-0.001450,-0.022266,-0.022810,3.141593
3475.0,-0.037762,-0.035942,0.014549,0.015853,5.758947,-0.000086,0.009068,-0.022754,-0.022810,3.141593
3480.0,-0.037794,-0.026106,0.013889,0.013880,5.758947,-0.000057,0.008868,-0.022756,-0.022327,3.141593
3485.0,-0.007271,-0.298132,0.032754,0.031307,5.759715,-0.000114,0.012679,-0.022971,-0.022327,3.141593
3490.0,0.024648,-0.134369,0.029561,0.029730,5.760098,-0.000043,-0.007854,-0.022074,-0.021397,3.141593
3495.0,0.030009,-0.003101,0.024418,0.024615,5.760098,-0.000114,-0.003265,-0.022340,-0.022810,3.141593
3500.0,0.030552,0.002875,0.024366,0.023923,5.760098,0.000043,0.007009,-0.022756,-0.022810,3.141593
3505.0,0.030695,0.008668,0.024302,0.023038,5.760098,0.000129,-0.007530,-0.022062,-0.021880,3.141593
3510.0,0.018350,0.219621,0.014101,0.015654,5.759331,0.000200,-0.015893,-0.021626,-0.021880,3.141593
3515.0,-0.024126,0.300421,0.003009,0.004235,5.758947,-0.000072,0.002385,-0.022482,-0.022327,3.141593
3520.0,-0.036657,0.000898,0.013320,0.013192,5.758947,-0.000014,0.010083,-0.022817,-0.022810,3.141593
3525.0,-0.037651,-0.019662,0.013800,0.013192,5.758947,0.000029,-0.010792,-0.021889,-0.022327,3.141593
3530.0,-0.037762,-0.023244,0.013721,0.014079,5.758947,-0.000114,0.010890,-0.022897,-0.022327,3.141593
3535.0,-0.015110,-0.351849,0.033296,0.032193,5.759715,0.000072,-0.004303,-0.022182,-0.021880,3.141593
3540.0,0.005139,-0.035469,0.023499,0.023923,5.759715,0.000086,-0.005835,-0.022079,-0.022327,3.141593
3545.0,0.013894,-0.196534,0.031189,0.032192,5.760098,0.000029,0.009231,-0.022739,-0.022810,3.141593
3550.0,0.028839,-0.055446,0.026500,0.026384,5.760098,0.000000,0.013602,-0.022934,-0.021844,3.141593
3555.0,0.030363,0.010871,0.023836,0.023230,5.760098,-0.000057,0.007495,-0.022695,-0.022327,3.141593
3560.0,0.030577,0.014949,0.023830,0.023038,5.760098,0.000000,0.008174,-0.022725,-0.023257,3.141593
3565.0,0.005103,0.335957,0.007583,0.008073,5.759331,0.000029,0.013505,-0.022939,-0.022810,3.141593
3570.0,-0.029368,0.214857,0.005384,0.006496,5.758947,-0.000029,-0.005413,-0.022107,-0.021397,3.141593
3575.0,-0.037129,-0.018913,0.013838,0.013192,5.758947,-0.000014,-0.012541,-0.021795,-0.022810,3.141593
3580.0,-0.037748,-0.043841,0.014594,0.015654,5.758947,-0.000014,0.006729,-0.022639,-0.022810,3.141593
3585.0,-0.037844,-0.025985,0.013558,0.013192,5.759331,-0.000014,-0.004142,-0.022153,-0.021880,3.141593
3590.0,0.000737,-0.165607,0.028416,0.027269,5.760098,0.000086,0.009409,-0.022712,-0.022327,3.141593
3595.0,0.026965,-0.070007,0.026860,0.027961,5.760098,0.000000,-0.000328,-0.022303,-0.022810,3.141593
3600.0,0.030252,0.005780,0.023963,0.024615,5.760098,-0.000057,-0.001898,-0.022239,-0.020949,3.141593
3605.0,0.030606,0.010741,0.023923,0.023038,5.760098,0.000072,-0.015633,-0.021615,-0.020019,3.141593
3610.0,0.023804,0.198675,0.015277,0.014768,5.759715,-0.000014,-0.004089,-0.022145,-0.021880,3.141593
3615.0,-0.013908,0.431942,-0.000843,0.000000,5.758947,0.000057,-0.006919,-0.021997,-0.020949,3.141593
3620.0,-0.035731,0.047745,0.011153,0.010731,5.758947,0.000043,-0.001350,-0.022238,-0.021880,3.141593
3625.0,-0.037565,-0.043034,0.014573,0.014079,5.758947,-0.000086,0.001234,-0.022397,-0.022810,3.141593
3630.0,-0.037855,-0.016611,0.013114,0.013192,5.758947,0.000029,-0.003567,-0.022159,-0.021397,3.141593
3635.0,-0.025628,-0.212094,0.024386,0.023923,5.759715,0.000014,-0.006986,-0.022009,-0.022327,3.141593
3640.0,0.019902,-0.258265,0.034439,0.033577,5.760098,0.000086,0.015292,-0.022962,-0.023740,3.141593
3645.0,0.029476,-0.001536,0.024168,0.023923,5.760098,-0.000014,-0.014105,-0.021670,-0.021880,3.141593
3650.0,0.030459,0.010590,0.023859,0.024615,5.760098,-0.000014,-0.000928,-0.022257,-0.022810,3.141593
3655.0,0.030459,0.020702,0.023489,0.023923,5.760098,-0.000057,-0.007169,-0.022009,-0.022810,3.141593
3660.0,0.023761,0.206037,0.014937,0.014078,5.759715,0.000029,-0.002151,-0.022200,-0.022327,3.141593
3665.0,-0.003194,0.296716,0.007542,0.009156,5.759331,0.000000,-0.003334,-0.022151,-0.021880,3.141593
3670.0,-0.014420,0.054179,0.015723,0.015654,5.759331,-0.000043,-0.002309,-0.022217,-0.022810,3.141593
3675.0,-0.015256,0.008890,0.017458,0.017229,5.759331,-0.000072,-0.000669,-0.022302,-0.021397,3.141593
3680.0,-0.015274,0.005541,0.017511,0.018115,5.759331,-0.000014,-0.016668,-0.021600,-0.021880,3.141593
3685.0,-0.015135,-0.004890,0.017919,0.018115,5.759331,0.000014,0.030608,-0.023679,-0.023740,3.141593
3690.0,-0.015242,-0.000090,0.017588,0.017426,5.759331,0.000057,-0.005161,-0.022086,-0.021880,3.141593
3695.0,-0.002993,-0.207239,0.029508,0.028155,5.759715,-0.000143,0.006848,-0.022695,-0.022810,3.141593
3700.0,0.022463,-0.176345,0.030790,0.030423,5.760098,0.000000,-0.003322,-0.022225,-0.021880,3.141593
3705.0,0.029987,-0.017250,0.024730,0.024807,5.760098,-0.000014,0.002733,-0.022502,-0.021880,3.141593
3710.0,0.030699,-0.005462,0.024476,0.024615,5.760098,0.000014,0.018762,-0.023202,-0.024671,3.141593
3715.0,0.030731,0.006336,0.024144,0.023923,5.759715,0.000029,-0.014559,-0.021692,-0.021880,3.141593
3720.0,-0.005740,0.275765,0.008037,0.008270,5.758947,-0.000086,0.001031,-0.022408,-0.022810,3.141593
3725.0,-0.034572,0.084224,0.009893,0.010731,5.758947,0.000043,-0.004360,-0.022131,-0.021397,3.141593
3730.0,-0.037537,-0.027877,0.014005,0.013192,5.758947,0.000000,-0.001927,-0.022240,-0.020466,3.141593
3735.0,-0.037766,-0.022142,0.013485,0.013192,5.758947,0.000143,-0.003907,-0.022103,-0.021397,3.141593
3740.0,-0.025656,-0.197983,0.023854,0.022152,5.759715,-0.000100,0.023540,-0.023372,-0.022810,3.141593
3745.0,0.016147,-0.289636,0.035449,0.033769,5.760098,-0.000057,0.000138,-0.022352,-0.022327,3.141593
3750.0,0.029047,-0.025761,0.025158,0.025500,5.760098,-0.000014,-0.006602,-0.022056,-0.021880,3.141593
3755.0,0.030202,0.018957,0.023341,0.023038,5.760098,0.000086,-0.018084,-0.021511,-0.020466,3.141593
3760.0,0.030595,-0.008853,0.024764,0.023923,5.760098,-0.000100,0.004093,-0.022560,-0.022810,3.141593
3765.0,0.030670,0.004618,0.024349,0.023923,5.760098,-0.000057,-0.002041,-0.022273,-0.022810,3.141593
3770.0,0.030620,0.025806,0.023552,0.024614,5.759715,0.000029,-0.006782,-0.022039,-0.022810,3.141593
3775.0,-0.002182,0.305690,0.007659,0.008270,5.758947,-0.000014,0.003994,-0.022523,-0.022810,3.141593
3780.0,-0.034350,0.092988,0.009705,0.010044,5.758947,0.000072,0.001376,-0.022363,-0.021397,3.141593
3785.0,-0.037533,-0.029019,0.014210,0.013192,5.758947,-0.000029,-0.003074,-0.022193,-0.022327,3.141593
3790.0,-0.037740,-0.019983,0.013550,0.013880,5.758947,-0.000029,-0.010926,-0.021863,-0.021397,3.141593
3795.0,-0.025635,-0.223956,0.025172,0.023923,5.759715,-0.000129,-0.000372,-0.022388,-0.022327,3.141593
3800.0,0.019805,-0.245402,0.033976,0.032384,5.760098,0.000043,-0.014700,-0.021709,-0.021880,3.141593
3805.0,0.029494,-0.024937,0.025336,0.024807,5.760098,0.000000,0.023879,-0.023417,-0.023257,3.141593
3810.0,0.030380,0.006421,0.024134,0.024615,5.760098,-0.000057,-0.006174,-0.022108,-0.022810,3.141593
3815.0,0.030473,0.005620,0.024275,0.023923,5.760098,-0.000029,0.010283,-0.022819,-0.021844,3.141593
3820.0,0.030659,-0.000214,0.024717,0.025500,5.760098,0.000014,-0.006333,-0.022087,-0.022810,3.141593
3825.0,0.004992,0.328438,0.008055,0.008270,5.759331,-0.000014,0.010334,-0.022819,-0.023257,3.141593
3830.0,-0.029544,0.220987,0.005187,0.004922,5.758947,0.000014,-0.003939,-0.022183,-0.022810,3.141593
3835.0,-0.037172,-0.003661,0.013264,0.012306,5.758947,0.000043,0.009121,-0.022727,-0.022810,3.141593
3840.0,-0.037698,-0.038491,0.014486,0.014767,5.758947,-0.000114,0.023905,-0.023438,-0.023740,3.141593
3845.0,-0.012521,-0.308784,0.032058,0.031307,5.759715,-0.000057,-0.001328,-0.022326,-0.022327,3.141593
3850.0,0.021390,-0.198867,0.032103,0.032692,5.760098,-0.000057,-0.003933,-0.022230,-0.022810,3.141593
3855.0,0.029547,-0.005767,0.024456,0.023731,5.760098,0.000057,0.013294,-0.022950,-0.022327,3.141593
3860.0,0.030563,-0.007644,0.024805,0.023923,5.760098,0.000014,-0.006423,-0.022075,-0.021880,3.141593
3865.0,0.030520,0.015568,0.023897,0.023923,5.760098,-0.000014,0.009876,-0.022797,-0.022810,3.141593
3870.0,0.014516,0.176462,0.015508,0.015654,5.759331,0.000029,0.004552,-0.022548,-0.021397,3.141593
3875.0,-0.019054,0.312570,0.003562,0.004723,5.758947,0.000057,-0.016495,-0.021612,-0.021397,3.141593
3880.0,-0.036188,0.032408,0.011979,0.010731,5.758947,-0.000043,0.000138,-0.022374,-0.020949,3.141593
3885.0,-0.037644,-0.011749,0.013406,0.013192,5.758947,0.000072,-0.015513,-0.021662,-0.021397,3.141593
3890.0,-0.037787,-0.024645,0.013733,0.012505,5.758947,0.000057,0.012554,-0.022887,-0.022327,3.141593
3895.0,-0.014960,-0.375353,0.034340,0.034654,5.759715,-0.000057,-0.010615,-0.021912,-0.021880,3.141593
3900.0,0.021175,-0.203186,0.032233,0.032000,5.760098,0.000086,-0.016079,-0.021628,-0.021397,3.141593
3905.0,0.029644,0.003495,0.024067,0.024615,5.760098,0.000072,-0.003661,-0.022166,-0.021397,3.141593
3910.0,0.030452,0.018046,0.023610,0.023923,5.760098,-0.000014,-0.014948,-0.021691,-0.021880,3.141593
3915.0,0.030470,0.002276,0.024402,0.024615,5.760098,0.000000,-0.003181,-0.022202,-0.021397,3.141593
3920.0,0.030624,0.000125,0.024661,0.023923,5.759715,-0.000029,-0.011396,-0.021864,-0.021397,3.141593
3925.0,-0.005733,0.278571,0.008090,0.008958,5.758947,0.000086,-0.008833,-0.021944,-0.021880,3.141593
3930.0,-0.034604,0.083485,0.010093,0.009157,5.758947,0.000029,0.005380,-0.022560,-0.022810,3.141593
3935.0,-0.037587,-0.024332,0.014009,0.014767,5.758947,0.000014,-0.004100,-0.022132,-0.022810,3.141593
3940.0,-0.037730,-0.019446,0.013546,0.013192,5.758947,-0.000014,0.008464,-0.022692,-0.022327,3.141593
3945.0,-0.037830,-0.024912,0.013551,0.013881,5.759331,-0.000029,-0.019450,-0.021476,-0.020949,3.141593
3950.0,0.000651,-0.176893,0.028934,0.027269,5.760098,0.000086,-0.002431,-0.022169,-0.022327,3.141593
3955.0,0.027001,-0.066141,0.026841,0.027077,5.760098,-0.000057,0.004977,-0.022527,-0.022810,3.141593
3960.0,0.030184,-0.000952,0.024377,0.024807,5.760098,-0.000057,0.002110,-0.022404,-0.021397,3.141593
3965.0,0.030491,0.005397,0.024232,0.023923,5.760098,-0.000014,-0.003157,-0.022180,-0.023257,3.141593
3970.0,0.030531,0.024988,0.023490,0.023923,5.760098,-0.000057,-0.000267,-0.022330,-0.022810,3.141593
3975.0,0.014402,0.188195,0.014932,0.015654,5.759715,0.000043,0.005590,-0.022547,-0.022327,3.141593
3980.0,-0.010589,0.140258,0.013030,0.013192,5.759331,-0.000014,-0.003724,-0.022149,-0.021880,3.141593
3985.0,-0.014899,0.009871,0.017776,0.017229,5.759331,-0.000014,0.000369,-0.022329,-0.022810,3.141593
3990.0,-0.015332,-0.009654,0.018454,0.017426,5.759331,-0.000029,-0.002060,-0.022224,-0.021880,3.141593
3995.0,-0.015317,0.008987,0.017534,0.017229,5.759331,0.000043,-0.012510,-0.021743,-0.021880,3.141593
4000.0,-0.015206,0.002375,0.017764,0.017426,5.759331,-0.000014,-0.001741,-0.022238,-0.022810,3.141593
4005.0,-0.015188,-0.008389,0.018158,0.017426,5.759331,-0.000014,0.010664,-0.022785,-0.022810,3.141593
4010.0,0.004910,-0.055617,0.024103,0.023728,5.759715,-0.000057,0.004382,-0.022527,-0.022327,3.141593
4015.0,0.007128,0.004996,0.021571,0.020771,5.759715,0.000014,-0.008479,-0.021945,-0.020949,3.141593
4020.0,0.007485,0.014436,0.021167,0.021462,5.759715,-0.000043,-0.001646,-0.022275,-0.021397,3.141593
4025.0,0.007628,-0.003456,0.021970,0.021462,5.759715,-0.000057,0.003102,-0.022511,-0.022327,3.141593
4030.0,0.007614,0.020376,0.020924,0.022152,5.759715,-0.000043,0.000745,-0.022417,-0.022810,3.141593
4035.0,0.007564,-0.008933,0.022180,0.021462,5.759715,0.000057,0.002819,-0.022469,-0.021397,3.141593
4040.0,-0.008429,0.206863,0.010283,0.009845,5.759331,0.000100,-0.010746,-0.021851,-0.021880,3.141593
4045.0,-0.014620,-0.001728,0.018094,0.019001,5.759331,-0.000014,-0.000834,-0.022310,-0.022327,3.141593
4050.0,-0.015156,-0.012375,0.018356,0.017426,5.759331,-0.000029,-0.014876,-0.021699,-0.021880,3.141593
4055.0,-0.015103,-0.006275,0.018010,0.018115,5.759331,-0.000057,0.020552,-0.023283,-0.023257,3.141593
4060.0,-0.015253,-0.009271,0.018017,0.017426,5.759331,-0.000014,-0.004058,-0.022198,-0.020466,3.141593
4065.0,-0.015149,-0.000163,0.017548,0.018115,5.759331,0.000014,0.003148,-0.022513,-0.022327,3.141593
4070.0,-0.015056,-0.012593,0.018037,0.018804,5.759331,0.000086,0.013118,-0.022931,-0.022810,3.141593
4075.0,0.003369,-0.107140,0.025723,0.025499,5.759715,0.000014,0.000534,-0.022379,-0.021880,3.141593
4080.0,0.007156,-0.003015,0.021494,0.021462,5.759715,-0.000029,0.013797,-0.022992,-0.022810,3.141593
4085.0,0.007578,-0.012736,0.021979,0.021462,5.759715,0.000114,0.000787,-0.022373,-0.021880,3.141593
4090.0,0.007664,-0.003555,0.021619,0.021462,5.759715,-0.000014,-0.005451,-0.022131,-0.021880,3.141593
4095.0,0.007643,0.010095,0.021034,0.020576,5.759715,-0.000029,0.001032,-0.022426,-0.022810,3.141593
4100.0,0.007771,-0.001227,0.021619,0.021462,5.759715,0.000043,0.002344,-0.022464,-0.022327,3.141593
4105.0,0.007632,0.009699,0.021134,0.021462,5.759715,-0.000100,0.015478,-0.023099,-0.023740,3.141593
4110.0,0.007628,0.001395,0.021513,0.021462,5.759715,0.000014,0.005756,-0.022652,-0.023740,3.141593
4115.0,0.007703,-0.005809,0.021867,0.022152,5.759715,0.000014,0.000618,-0.022409,-0.021844,3.141593
4120.0,-0.010972,0.129904,0.012911,0.014078,5.759331,0.000000,0.002250,-0.022482,-0.022810,3.141593
4125.0,-0.014802,-0.006453,0.018035,0.017229,5.759331,-0.000057,0.019671,-0.023253,-0.023740,3.141593
4130.0,-0.015153,-0.002747,0.017703,0.018115,5.759331,-0.000014,-0.008965,-0.021978,-0.021397,3.141593
4135.0,-0.014999,-0.021517,0.018491,0.019001,5.759331,0.000014,0.008073,-0.022716,-0.022810,3.141593
4140.0,-0.015239,0.012944,0.016808,0.015654,5.759331,0.000029,0.003307,-0.022493,-0.021397,3.141593
4145.0,-0.015196,0.000498,0.017284,0.017426,5.759331,0.000014,0.005974,-0.022606,-0.022810,3.141593
4150.0,-0.015070,-0.030204,0.018595,0.018804,5.759331,-0.000057,0.013701,-0.022972,-0.022810,3.141593
4155.0,-0.015156,0.002121,0.017048,0.017230,5.759715,0.000072,-0.001240,-0.022287,-0.021880,3.141593
4160.0,0.004960,-0.059729,0.023609,0.023923,5.759715,0.000043,-0.006119,-0.022074,-0.022810,3.141593
4165.0,0.026157,-0.140219,0.029170,0.029538,5.760098,-0.000014,0.006002,-0.022610,-0.022327,3.141593
4170.0,0.030427,-0.019631,0.024517,0.025500,5.760098,-0.000014,-0.013757,-0.021732,-0.021397,3.141593
4175.0,0.030831,-0.019238,0.024784,0.024807,5.760098,0.000043,-0.010613,-0.021847,-0.021397,3.141593
4180.0,0.030774,-0.003846,0.024308,0.024615,5.760098,-0.000114,0.024545,-0.023471,-0.023740,3.141593
4185.0,0.018393,0.200232,0.014413,0.015654,5.759715,0.000072,-0.012188,-0.021803,-0.022810,3.141593
4190.0,-0.016887,0.340970,0.002389,0.002461,5.758947,-0.000043,0.019987,-0.023247,-0.023257,3.141593
4195.0,-0.035874,0.031850,0.011685,0.012306,5.758947,-0.000043,0.003797,-0.022546,-0.022327,3.141593
4200.0,-0.037565,-0.040557,0.014318,0.014079,5.758947,-0.000086,-0.010455,-0.021965,-0.021880,3.141593
4205.0,-0.037787,-0.029587,0.013566,0.013192,5.758947,0.000114,0.007187,-0.022675,-0.021397,3.141593
4210.0,-0.021751,-0.190868,0.024198,0.023037,5.759331,-0.000043,0.006290,-0.022676,-0.022810,3.141593
4215.0,0.014877,-0.301321,0.035718,0.034461,5.760098,0.000086,-0.012802,-0.021778,-0.022810,3.141593
4220.0,0.028936,-0.034417,0.025410,0.025500,5.760098,-0.000043,0.029429,-0.023654,-0.023257,3.141593
4225.0,0.030384,0.003280,0.024003,0.023923,5.760098,0.000043,-0.007068,-0.022026,-0.020466,3.141593
4230.0,0.030534,0.020871,0.023363,0.023038,5.760098,0.000057,-0.003862,-0.022151,-0.021397,3.141593
4235.0,0.023736,0.203539,0.014923,0.015654,5.759715,0.000029,0.015854,-0.023023,-0.022327,3.141593
4240.0,0.009102,0.060122,0.019795,0.020576,5.759715,-0.000057,-0.005656,-0.022100,-0.021880,3.141593
4245.0,-0.004649,0.239061,0.009665,0.010731,5.759331,0.000086,0.003925,-0.022477,-0.022810,3.141593
4250.0,-0.014323,0.022687,0.017038,0.018312,5.759331,-0.000029,0.008937,-0.022720,-0.022327,3.141593
4255.0,-0.015289,0.004815,0.017520,0.017229,5.759331,-0.000014,0.016194,-0.023050,-0.022810,3.141593
4260.0,-0.015210,0.000950,0.017620,0.018115,5.759331,-0.000100,0.004972,-0.022603,-0.022810,3.141593
4265.0,-0.015335,0.014748,0.016884,0.016540,5.759331,0.000029,0.004559,-0.022552,-0.021880,3.141593
4270.0,-0.015095,-0.017282,0.018281,0.017426,5.759331,0.000086,0.006135,-0.022598,-0.022327,3.141593
4275.0,-0.015256,-0.005874,0.017646,0.018115,5.759331,0.000014,0.000696,-0.022370,-0.022810,3.141593
4280.0,-0.008368,-0.201250,0.027819,0.027960,5.759715,-0.000029,0.017427,-0.023123,-0.022774,3.141593
4285.0,0.005865,-0.030863,0.022753,0.023038,5.759715,-0.000014,0.003026,-0.022490,-0.021397,3.141593
4290.0,0.014373,-0.196515,0.030780,0.031307,5.760098,-0.000129,0.007187,-0.022732,-0.022327,3.141593
4295.0,0.029047,-0.054581,0.026080,0.025500,5.760098,-0.000014,-0.012143,-0.021864,-0.021880,3.141593
4300.0,0.030624,-0.012076,0.024579,0.023923,5.760098,0.000043,-0.006344,-0.022106,-0.020913,3.141593
4305.0,0.030756,0.020191,0.023373,0.023923,5.760098,0.000100,-0.016683,-0.021604,-0.021397,3.141593
4310.0,0.012048,0.127909,0.017070,0.017426,5.759331,-0.000029,0.009580,-0.022781,-0.022810,3.141593
4315.0,-0.024641,0.293568,0.002749,0.004035,5.758947,0.000014,-0.011944,-0.021819,-0.019983,3.141593
4320.0,-0.036711,0.001155,0.012848,0.012306,5.758947,0.000086,-0.003201,-0.022190,-0.020949,3.141593
4325.0,-0.037576,-0.034264,0.014023,0.014079,5.758947,0.000043,-0.008143,-0.021978,-0.022327,3.141593
4330.0,-0.037783,-0.020148,0.013133,0.013192,5.758947,0.000057,-0.001681,-0.022236,-0.022810,3.141593
4335.0,-0.019265,-0.133685,0.022217,0.021462,5.759715,-0.000014,0.012730,-0.022882,-0.022810,3.141593
4340.0,0.004488,-0.062537,0.024369,0.024615,5.760098,-0.000014,0.007472,-0.022656,-0.022810,3.141593
4345.0,0.027376,-0.079145,0.027158,0.027269,5.760098,0.000000,0.011651,-0.022838,-0.022810,3.141593
4350.0,0.030334,-0.011093,0.024602,0.023923,5.760098,0.000029,0.001863,-0.022386,-0.022327,3.141593
4355.0,0.030502,0.032885,0.022804,0.022154,5.760098,0.000114,-0.019269,-0.021399,-0.020466,3.141593
4360.0,0.018357,0.205846,0.014301,0.014078,5.759715,-0.000057,0.008922,-0.022689,-0.022810,3.141593
4365.0,-0.017016,0.353811,0.001625,0.001774,5.758947,-0.000014,0.005629,-0.022539,-0.022810,3.141593
4370.0,-0.035974,0.025743,0.011769,0.011618,5.758947,0.000057,-0.008413,-0.021880,-0.021880,3.141593
4375.0,-0.037562,-0.024144,0.013423,0.013192,5.758947,-0.000086,0.010972,-0.022781,-0.021844,3.141593
4380.0,-0.037597,-0.038944,0.013867,0.014078,5.759331,-0.000086,0.002101,-0.022426,-0.022810,3.141593
4385.0,-0.005604,-0.269097,0.031226,0.029731,5.759715,0.000086,0.006431,-0.022562,-0.021397,3.141593
4390.0,0.022166,-0.163352,0.030388,0.029730,5.760098,0.000000,0.004378,-0.022473,-0.022810,3.141593
4395.0,0.029655,-0.001124,0.024052,0.024615,5.760098,-0.000114,0.013474,-0.022918,-0.023740,3.141593
4400.0,0.030470,0.000195,0.024197,0.023923,5.760098,-0.000029,-0.008436,-0.021943,-0.021397,3.141593
4405.0,0.030588,0.001716,0.024282,0.023038,5.759715,-0.000014,0.008837,-0.022704,-0.022327,3.141593
4410.0,0.003351,0.295198,0.008775,0.010534,5.759331,-0.000100,-0.001857,-0.022281,-0.021880,3.141593
4415.0,-0.013715,0.044706,0.016003,0.015654,5.759331,0.000014,0.000447,-0.022381,-0.021397,3.141593
4420.0,-0.015156,0.006103,0.017307,0.018115,5.759331,0.000000,-0.011444,-0.021879,-0.021397,3.141593
4425.0,-0.015185,-0.018685,0.018313,0.018115,5.759331,0.000014,0.000624,-0.022410,-0.021397,3.141593
4430.0,-0.015360,0.009399,0.016926,0.016540,5.759331,0.000100,-0.008186,-0.021995,-0.021880,3.141593
4435.0,-0.008286,-0.211562,0.028283,0.028846,5.759715,0.000157,-0.011221,-0.021811,-0.021880,3.141593
4440.0,0.021951,-0.200170,0.031784,0.030423,5.760098,0.000029,0.001415,-0.022378,-0.021397,3.141593
4445.0,0.030001,-0.033057,0.025438,0.026384,5.760098,-0.000129,0.013976,-0.022997,-0.022810,3.141593
4450.0,0.030581,-0.003662,0.024351,0.024615,5.760098,0.000000,-0.012202,-0.021836,-0.021880,3.141593
4455.0,0.030638,0.004122,0.024165,0.023923,5.760098,-0.000014,-0.006516,-0.022096,-0.022810,3.141593
4460.0,0.023768,0.212159,0.014603,0.013192,5.759331,0.000029,0.003140,-0.022504,-0.021397,3.141593
4465.0,-0.023282,0.314801,0.002186,0.003348,5.758947,0.000029,-0.003820,-0.022198,-0.022327,3.141593
4470.0,-0.036410,-0.008819,0.013442,0.013192,5.758947,0.000014,0.012533,-0.022920,-0.022810,3.141593
4475.0,-0.037601,-0.043321,0.014501,0.013192,5.758947,0.000114,-0.013765,-0.021716,-0.021397,3.141593
4480.0,-0.037873,-0.018818,0.013131,0.013192,5.758947,0.000100,-0.012820,-0.021728,-0.022810,3.141593
4485.0,-0.015092,-0.353343,0.033000,0.031307,5.759715,0.000043,-0.003058,-0.022146,-0.022810,3.141593
4490.0,0.012066,-0.212633,0.031759,0.031307,5.760098,-0.000114,0.017220,-0.023098,-0.023740,3.141593
4495.0,0.028503,-0.046298,0.026031,0.026384,5.760098,0.000086,0.002845,-0.022397,-0.022327,3.141593
4500.0,0.030302,0.010977,0.023780,0.023923,5.760098,0.000014,0.012012,-0.022812,-0.022327,3.141593
4505.0,0.030527,0.004367,0.024209,0.023923,5.760098,-0.000029,0.001380,-0.022364,-0.021397,3.141593
4510.0,0.018350,0.209474,0.014279,0.014768,5.759715,-0.000086,-0.006638,-0.022057,-0.022810,3.141593
4515.0,-0.010185,0.165968,0.011632,0.011617,5.759331,0.000057,0.005136,-0.022543,-0.021880,3.141593
4520.0,-0.027215,0.208843,0.005768,0.006696,5.758947,0.000072,-0.005014,-0.022078,-0.021880,3.141593
4525.0,-0.036803,-0.018537,0.013530,0.013192,5.758947,0.000086,0.003310,-0.022423,-0.020466,3.141593
4530.0,-0.037755,-0.020560,0.013188,0.013192,5.758947,0.000000,-0.008897,-0.021926,-0.022363,3.141593
4535.0,-0.030917,-0.219462,0.023384,0.023234,5.759331,0.000000,0.012482,-0.022856,-0.022810,3.141593
4540.0,0.001731,-0.137877,0.027068,0.025500,5.760098,-0.000043,-0.006966,-0.022015,-0.022810,3.141593
4545.0,0.027158,-0.089365,0.027687,0.027269,5.760098,0.000057,0.007427,-0.022617,-0.023257,3.141593
4550.0,0.030223,-0.000353,0.024184,0.024615,5.760098,0.000014,-0.000814,-0.022256,-0.021397,3.141593
4555.0,0.030477,0.016700,0.023559,0.023923,5.760098,0.000000,-0.001070,-0.022240,-0.021397,3.141593
4560.0,0.023575,0.212993,0.014435,0.013883,5.759715,-0.000086,0.007750,-0.022680,-0.022327,3.141593
4565.0,-0.007042,0.253306,0.008323,0.008270,5.759331,0.000043,-0.005075,-0.022089,-0.020019,3.141593
4570.0,-0.014580,0.011404,0.017313,0.016540,5.759331,-0.000057,0.003299,-0.022499,-0.022810,3.141593
4575.0,-0.015188,-0.014843,0.018256,0.018115,5.759331,-0.000086,0.001872,-0.022463,-0.021844,3.141593
4580.0,-0.015210,-0.012888,0.018072,0.018115,5.759331,0.000043,0.000833,-0.022398,-0.021880,3.141593
4585.0,-0.015314,-0.014238,0.018014,0.016540,5.759331,-0.000086,0.009329,-0.022810,-0.023740,3.141593
4590.0,-0.015203,0.007739,0.016971,0.018115,5.759331,0.000043,-0.004099,-0.022174,-0.021880,3.141593
4595.0,-0.015178,0.003634,0.017069,0.017230,5.759715,-0.000086,0.003277,-0.022535,-0.022810,3.141593
4600.0,0.004781,-0.056291,0.023793,0.023038,5.759715,0.000072,-0.002707,-0.022224,-0.021880,3.141593
4605.0,0.007199,0.002681,0.021386,0.020576,5.759715,-0.000029,-0.001576,-0.022303,-0.020466,3.141593
4610.0,0.007507,0.018372,0.020708,0.019886,5.759715,0.000000,-0.009832,-0.021942,-0.021880,3.141593
4615.0,0.007496,0.006570,0.021196,0.020576,5.759715,0.000072,-0.006563,-0.022049,-0.022810,3.141593
4620.0,0.007539,0.017129,0.020724,0.020576,5.759715,-0.000043,0.006666,-0.022640,-0.022810,3.141593
4625.0,0.007653,0.000121,0.021500,0.021462,5.759715,-0.000057,-0.000010,-0.022354,-0.021844,3.141593
4630.0,0.007550,0.008718,0.021093,0.020576,5.759715,0.000043,-0.014456,-0.021703,-0.021880,3.141593
4635.0,0.007678,0.013715,0.020919,0.020771,5.759715,-0.000114,-0.002513,-0.022293,-0.022327,3.141593
4640.0,0.007567,0.002506,0.021386,0.020576,5.759715,0.000057,-0.004423,-0.022176,-0.021397,3.141593
4645.0,-0.008433,0.146526,0.012540,0.013192,5.759331,0.000000,0.001635,-0.022468,-0.022327,3.141593
4650.0,-0.014595,-0.000217,0.017605,0.017426,5.759331,0.000114,-0.018642,-0.021528,-0.020949,3.141593
4655.0,-0.015156,-0.003079,0.017519,0.016540,5.759331,0.000072,-0.015789,-0.021648,-0.021397,3.141593
4660.0,-0.015067,-0.004936,0.017538,0.018115,5.759331,-0.000100,-0.001078,-0.022354,-0.021397,3.141593
4665.0,-0.015063,-0.019515,0.018102,0.018804,5.759331,0.000057,-0.008864,-0.021974,-0.021880,3.141593
4670.0,0.000923,-0.164259,0.027912,0.026384,5.759715,0.000057,0.002908,-0.022470,-0.022810,3.141593
4675.0,0.006909,0.008456,0.020870,0.022152,5.759715,0.000014,0.002570,-0.022441,-0.022810,3.141593
4680.0,0.007542,-0.009886,0.021734,0.021462,5.759715,-0.000043,0.006126,-0.022621,-0.022327,3.141593
4685.0,0.007725,-0.010484,0.021831,0.021462,5.759715,-0.000029,-0.008010,-0.022002,-0.021880,3.141593
4690.0,0.007635,-0.000757,0.021407,0.020576,5.759715,0.000014,-0.006691,-0.022047,-0.021397,3.141593
4695.0,0.007621,0.006865,0.021075,0.021462,5.759715,-0.000014,0.001329,-0.022416,-0.022810,3.141593
4700.0,0.007653,-0.011326,0.021893,0.022347,5.759715,0.000086,0.007109,-0.022621,-0.021397,3.141593
4705.0,0.007592,0.002049,0.021298,0.020576,5.759715,-0.000086,0.007061,-0.022682,-0.022810,3.141593
4710.0,0.007703,0.006119,0.021178,0.020576,5.759715,-0.000143,-0.004586,-0.022211,-0.021880,3.141593
4715.0,0.007685,0.008597,0.021110,0.020576,5.759715,-0.000057,0.003287,-0.022572,-0.022327,3.141593
4720.0,-0.004535,0.220679,0.010144,0.012306,5.759331,0.000000,-0.010089,-0.021978,-0.021880,3.141593
4725.0,-0.014366,0.024913,0.016561,0.015654,5.759331,0.000043,0.004396,-0.022594,-0.022810,3.141593
4730.0,-0.014884,-0.009408,0.017894,0.018115,5.759331,-0.000014,-0.025552,-0.021267,-0.021397,3.141593
4735.0,-0.015024,-0.015182,0.018035,0.017229,5.759331,0.000057,-0.009437,-0.021945,-0.021397,3.141593
4740.0,-0.015078,-0.014826,0.017920,0.018115,5.759331,-0.000043,-0.000770,-0.022351,-0.021880,3.141593
4745.0,-0.015067,-0.020584,0.018094,0.018115,5.759331,-0.000086,0.017576,-0.023197,-0.022810,3.141593
4750.0,-0.015121,-0.003773,0.017245,0.017426,5.759331,0.000014,-0.011273,-0.021923,-0.022810,3.141593
4755.0,0.000880,-0.161009,0.027713,0.026384,5.760098,0.000086,0.000915,-0.022403,-0.022810,3.141593
4760.0,0.027391,-0.120958,0.028522,0.027961,5.760098,0.000014,0.004470,-0.022557,-0.022327,3.141593
4765.0,0.030456,-0.009947,0.024137,0.023731,5.760098,-0.000043,0.002944,-0.022517,-0.022810,3.141593
4770.0,0.030634,0.006545,0.023597,0.023038,5.760098,0.000029,-0.002875,-0.022235,-0.021397,3.141593
4775.0,0.030720,0.011953,0.023572,0.023923,5.759715,-0.000100,-0.016315,-0.021710,-0.022810,3.141593
4780.0,0.003501,0.288758,0.009081,0.009845,5.759331,-0.000057,0.009682,-0.022858,-0.022327,3.141593
4785.0,-0.031943,0.133119,0.007947,0.008958,5.758947,0.000072,-0.015905,-0.021696,-0.020019,3.141593
4790.0,-0.037193,-0.033589,0.013983,0.013192,5.758947,-0.000029,0.008258,-0.022809,-0.022327,3.141593
4795.0,-0.037476,-0.054721,0.014657,0.014079,5.758947,0.000072,-0.001337,-0.022350,-0.022810,3.141593
4800.0,-0.030874,-0.230730,0.023779,0.024809,5.759331,0.000014,0.000381,-0.022419,-0.022810,3.141593
4805.0,-0.004588,-0.228943,0.029538,0.027960,5.759715,0.000057,0.008982,-0.022784,-0.022810,3.141593
4810.0,0.024862,-0.146067,0.029824,0.029730,5.760098,0.000014,-0.004634,-0.022183,-0.022327,3.141593
4815.0,0.030073,-0.010784,0.024513,0.023923,5.760098,-0.000014,-0.003361,-0.022244,-0.021397,3.141593
4820.0,0.030420,0.013969,0.023554,0.023923,5.760098,0.000114,-0.008947,-0.021954,-0.021880,3.141593
4825.0,0.030509,0.015085,0.023621,0.023038,5.760098,-0.000057,0.014869,-0.023055,-0.022810,3.141593
4830.0,0.007668,0.387083,0.005401,0.004922,5.759331,0.000014,-0.000707,-0.022354,-0.022327,3.141593
4835.0,-0.025456,0.268388,0.003340,0.004235,5.758947,-0.000057,0.007544,-0.022739,-0.023740,3.141593
4840.0,-0.036653,-0.005858,0.012831,0.013192,5.758947,0.000043,-0.012694,-0.021815,-0.021880,3.141593
4845.0,-0.037576,-0.037128,0.013807,0.014079,5.758947,-0.000072,-0.006022,-0.022152,-0.023293,3.141593
4850.0,-0.030874,-0.225748,0.023514,0.023234,5.759331,0.000000,-0.013005,-0.021823,-0.021397,3.141593
4855.0,0.008590,-0.318568,0.036013,0.034653,5.760098,0.000014,0.001543,-0.022470,-0.022810,3.141593
4860.0,0.028156,-0.043866,0.025802,0.025500,5.760098,-0.000086,0.017019,-0.023181,-0.023740,3.141593
4865.0,0.030216,0.011785,0.023630,0.023038,5.760098,0.000014,-0.000235,-0.022404,-0.021397,3.141593
4870.0,0.030527,0.005972,0.024051,0.023923,5.760098,-0.000014,0.007145,-0.022739,-0.022327,3.141593
4875.0,0.023704,0.203210,0.014927,0.014078,5.759715,0.000072,-0.013621,-0.021786,-0.022810,3.141593
4880.0,-0.003201,0.284732,0.007683,0.008270,5.759331,-0.000086,0.010890,-0.022903,-0.023740,3.141593
4885.0,-0.026371,0.214311,0.005492,0.007383,5.758947,0.000072,-0.002118,-0.022277,-0.022810,3.141593
4890.0,-0.036782,-0.007451,0.012818,0.012306,5.758947,0.000029,0.003715,-0.022529,-0.021397,3.141593
4895.0,-0.037705,-0.026134,0.013231,0.013192,5.758947,-0.000014,-0.003258,-0.022239,-0.022327,3.141593
4900.0,-0.030874,-0.233646,0.023812,0.023923,5.759715,-0.000014,0.006228,-0.022654,-0.022327,3.141593
4905.0,0.019298,-0.256500,0.034273,0.033769,5.760098,0.000014,-0.001017,-0.022336,-0.021880,3.141593
4910.0,0.029351,-0.013637,0.024627,0.024615,5.760098,0.000043,0.014980,-0.023036,-0.022327,3.141593
4915.0,0.030248,0.019974,0.023285,0.023038,5.760098,-0.000072,-0.002240,-0.022324,-0.022810,3.141593
4920.0,0.030452,-0.007084,0.024572,0.023923,5.760098,0.000014,0.013218,-0.022989,-0.023257,3.141593
4925.0,0.030649,0.005394,0.024205,0.024615,5.760098,0.000072,-0.014705,-0.021734,-0.021880,3.141593
4930.0,0.007557,0.385152,0.005560,0.006498,5.759331,0.000072,0.007057,-0.022655,-0.022810,3.141593
4935.0,-0.020059,0.256460,0.005180,0.004922,5.758947,-0.000029,-0.004064,-0.022184,-0.022810,3.141593
4940.0,-0.036120,-0.000566,0.012814,0.013192,5.758947,0.000014,0.002553,-0.022445,-0.021880,3.141593
4945.0,-0.037637,-0.033851,0.013742,0.013192,5.758947,-0.000072,-0.004390,-0.022180,-0.022810,3.141593
4950.0,-0.021758,-0.177199,0.023541,0.023038,5.759715,-0.000029,0.005109,-0.022596,-0.023293,3.141593
4955.0,0.016522,-0.253901,0.033919,0.033769,5.760098,0.000057,-0.004060,-0.022148,-0.022810,3.141593
4960.0,0.047779,-0.153021,0.032486,0.032885,5.760481,-0.000014,0.001997,-0.022426,-0.022327,3.141593
4965.0,0.053154,-0.004667,0.026794,0.027268,5.760481,0.000000,0.013728,-0.022944,-0.022327,3.141593
4970.0,0.041460,0.216656,0.016392,0.017424,5.759715,0.000014,0.001525,-0.022409,-0.022810,3.141593
4975.0,-0.004878,0.317553,0.006223,0.005809,5.759331,-0.000100,0.002675,-0.022500,-0.021880,3.141593
4980.0,-0.033002,0.113769,0.008805,0.009157,5.758947,-0.000100,0.017807,-0.023185,-0.022810,3.141593
4985.0,-0.037540,-0.019962,0.013524,0.013192,5.758947,0.000086,-0.020119,-0.021463,-0.021880,3.141593
4990.0,-0.037887,-0.023276,0.013376,0.013880,5.758947,0.000029,0.000007,-0.022338,-0.022327,3.141593
4995.0,-0.031085,-0.205980,0.022835,0.023037,5.759331,0.000000,0.004195,-0.022522,-0.022810,3.141593
5000.0,0.013804,-0.335305,0.037406,0.035347,5.760481,-0.000029,0.007062,-0.022651,-0.022327,3.141593
5005.0,0.049188,-0.119634,0.031380,0.032001,5.760481,0.000043,0.001722,-0.022399,-0.021880,3.141593
5010.0,0.053154,0.013369,0.026176,0.025500,5.760481,0.000086,0.002056,-0.022367,-0.021397,3.141593
5015.0,0.046703,0.200811,0.017694,0.016538,5.760098,-0.000114,0.032817,-0.023799,-0.023740,3.141593
5020.0,0.016065,0.250373,0.012806,0.013192,5.759331,-0.000029,-0.007718,-0.022017,-0.021397,3.141593
5025.0,-0.012281,0.121815,0.013431,0.013881,5.759331,-0.000014,0.006225,-0.022634,-0.022810,3.141593
5030.0,-0.015292,0.014658,0.017424,0.017426,5.759331,0.000014,0.000843,-0.022386,-0.022810,3.141593
5035.0,-0.015382,0.008714,0.017571,0.016540,5.759331,-0.000086,0.001368,-0.022443,-0.022810,3.141593
5040.0,-0.015357,-0.007539,0.018204,0.018115,5.759331,0.000014,-0.004588,-0.022151,-0.021880,3.141593
5045.0,-0.015349,0.000586,0.017749,0.018115,5.759331,0.000129,-0.007256,-0.021985,-0.021880,3.141593
5050.0,-0.015242,-0.005350,0.017944,0.018804,5.759331,-0.000014,-0.003229,-0.022186,-0.021880,3.141593
5055.0,0.000658,-0.149626,0.027861,0.027766,5.759715,-0.000057,0.026362,-0.023528,-0.024187,3.141593
5060.0,0.006741,0.000045,0.021771,0.022347,5.759715,-0.000100,-0.005748,-0.022137,-0.022810,3.141593
5065.0,0.007356,0.018204,0.020954,0.020576,5.759715,0.000057,0.010644,-0.022820,-0.022327,3.141593
5070.0,0.007535,0.020698,0.020849,0.021462,5.759715,-0.000100,0.007605,-0.022743,-0.022327,3.141593
5075.0,0.007592,0.005814,0.021499,0.021462,5.759715,0.000057,-0.008313,-0.022002,-0.022810,3.141593
5080.0,0.007550,0.016004,0.021023,0.020576,5.759715,0.000014,-0.005163,-0.022131,-0.022810,3.141593
5085.0,0.007628,0.016890,0.020995,0.021462,5.759715,0.000014,0.006545,-0.022632,-0.022810,3.141593
5090.0,0.007668,-0.006791,0.022054,0.021462,5.759715,-0.000157,-0.000944,-0.022354,-0.022810,3.141593
5095.0,-0.004606,0.195506,0.011633,0.013192,5.759331,-0.000029,0.005982,-0.022645,-0.022810,3.141593
5100.0,-0.014209,0.021901,0.017119,0.016540,5.759331,0.000057,-0.008092,-0.022003,-0.021397,3.141593
5105.0,-0.015038,0.000513,0.017798,0.019001,5.759331,-0.000086,0.019908,-0.023299,-0.023257,3.141593
5110.0,-0.015149,-0.026602,0.018891,0.018115,5.759331,0.000014,-0.004144,-0.022224,-0.021880,3.141593
5115.0,-0.015224,0.005278,0.017364,0.017229,5.759331,0.000057,-0.000857,-0.022341,-0.022327,3.141593
5120.0,-0.015167,-0.015579,0.018219,0.018115,5.759331,-0.000014,-0.007865,-0.022052,-0.022810,3.141593
5125.0,-0.015038,-0.023194,0.018503,0.018115,5.759331,-0.000072,0.014005,-0.023043,-0.022810,3.141593
5130.0,-0.015185,-0.006311,0.017630,0.016540,5.759331,-0.000043,0.003834,-0.022606,-0.021844,3.141593
5135.0,-0.015092,-0.001735,0.017361,0.018115,5.759331,0.000114,-0.009860,-0.021956,-0.020949,3.141593
5140.0,0.000923,-0.183104,0.028812,0.027960,5.759715,0.000014,0.009659,-0.022823,-0.023257,3.141593
5145.0,0.006902,-0.010061,0.021754,0.022152,5.759715,0.000029,-0.010442,-0.021932,-0.021880,3.141593
5150.0,0.007460,0.023523,0.020289,0.019691,5.759715,0.000086,0.003215,-0.022495,-0.021880,3.141593
5155.0,0.007592,0.013651,0.020752,0.020576,5.759715,0.000014,-0.007532,-0.022033,-0.020913,3.141593
5160.0,0.007671,0.007851,0.021046,0.020576,5.759715,-0.000100,0.006823,-0.022724,-0.022810,3.141593
5165.0,0.007610,0.023403,0.020366,0.020576,5.759715,-0.000014,0.035754,-0.023999,-0.023257,3.141593
5170.0,0.007678,0.012645,0.020870,0.021462,5.759715,-0.000072,-0.013534,-0.021862,-0.021880,3.141593
5175.0,0.007660,-0.013858,0.022056,0.022152,5.759715,0.000057,0.003359,-0.022566,-0.022810,3.141593
5180.0,-0.010818,0.100659,0.013989,0.014767,5.759331,0.000014,-0.000630,-0.022381,-0.022810,3.141593
5185.0,-0.014809,0.004318,0.017296,0.016540,5.759331,0.000043,-0.003026,-0.022252,-0.021880,3.141593
5190.0,-0.015113,-0.008701,0.017722,0.017426,5.759331,-0.000014,-0.000632,-0.022369,-0.021397,3.141593
5195.0,-0.015121,-0.013983,0.017869,0.017229,5.759331,-0.000014,-0.016727,-0.021668,-0.021397,3.141593
5200.0,-0.015088,-0.014094,0.017795,0.018115,5.759331,0.000014,-0.000804,-0.022368,-0.022810,3.141593
5205.0,-0.015078,-0.005429,0.017324,0.018115,5.759331,0.000057,-0.010890,-0.021887,-0.020949,3.141593
5210.0,-0.008247,-0.228201,0.028707,0.029731,5.759715,0.000000,0.005708,-0.022641,-0.022327,3.141593
5215.0,0.018207,-0.234082,0.032431,0.031307,5.760098,-0.000014,-0.008819,-0.022011,-0.023740,3.141593
5220.0,0.029565,-0.037116,0.025060,0.025500,5.760098,0.000043,0.012573,-0.022922,-0.022327,3.141593
5225.0,0.030727,-0.012309,0.024299,0.023923,5.760098,0.000043,-0.005217,-0.022122,-0.022327,3.141593
5230.0,0.030767,0.001427,0.023910,0.023923,5.760098,0.000014,-0.013413,-0.021745,-0.021397,3.141593
5235.0,0.007868,0.373091,0.005769,0.005809,5.759331,0.000029,-0.006677,-0.022026,-0.022810,3.141593
5240.0,-0.019988,0.261432,0.004902,0.003348,5.758947,-0.000057,0.008400,-0.022701,-0.022810,3.141593
5245.0,-0.036077,0.027282,0.011508,0.011618,5.758947,0.000086,-0.007291,-0.021958,-0.021880,3.141593
5250.0,-0.037540,-0.044855,0.014184,0.013192,5.758947,-0.000057,0.020568,-0.023234,-0.022810,3.141593
5255.0,-0.037676,-0.013995,0.012570,0.012306,5.758947,0.000014,-0.014866,-0.021664,-0.020913,3.141593
5260.0,-0.014931,-0.380338,0.033854,0.034654,5.759715,-0.000086,0.011318,-0.022856,-0.022810,3.141593
5265.0,0.012131,-0.218489,0.031713,0.032192,5.760098,0.000014,-0.009277,-0.021927,-0.021397,3.141593
5270.0,0.028653,-0.053177,0.026080,0.026384,5.760098,-0.000086,-0.001867,-0.022285,-0.022327,3.141593
5275.0,0.030366,0.008714,0.023633,0.023923,5.760098,0.000014,0.000984,-0.022376,-0.022810,3.141593
5280.0,0.030584,-0.000497,0.024188,0.023038,5.760098,0.000000,0.004351,-0.022519,-0.022327,3.141593
5285.0,0.030545,0.016782,0.023561,0.023923,5.759715,0.000000,-0.000585,-0.022309,-0.022327,3.141593
5290.0,0.003222,0.295149,0.008640,0.008270,5.759331,0.000029,0.017316,-0.023096,-0.023740,3.141593
5295.0,-0.013597,0.069952,0.014804,0.014078,5.759331,-0.000129,0.011799,-0.022898,-0.022810,3.141593
5300.0,-0.031096,0.141477,0.007540,0.007383,5.758947,-0.000186,0.016609,-0.023190,-0.023257,3.141593
5305.0,-0.037172,-0.022957,0.013287,0.013880,5.758947,0.000086,-0.001888,-0.022312,-0.021880,3.141593
5310.0,-0.037590,-0.051427,0.014253,0.014079,5.758947,0.000086,0.006404,-0.022659,-0.022327,3.141593
5315.0,-0.021737,-0.186650,0.023683,0.023038,5.759715,0.000043,0.007709,-0.022717,-0.022810,3.141593
5320.0,0.020281,-0.227331,0.032957,0.032192,5.760098,0.000057,-0.013523,-0.021767,-0.021397,3.141593
5325.0,0.029469,-0.010335,0.024379,0.023923,5.760098,-0.000057,-0.001280,-0.022358,-0.022810,3.141593
5330.0,0.030380,0.017274,0.023354,0.024615,5.760098,0.000114,-0.004832,-0.022133,-0.021397,3.141593
5335.0,0.030445,0.015616,0.023502,0.023038,5.760098,-0.000129,0.000146,-0.022436,-0.022327,3.141593
5340.0,0.014462,0.191177,0.014464,0.014078,5.759715,-0.000057,-0.000511,-0.022430,-0.022810,3.141593
5345.0,-0.007957,0.197129,0.010383,0.010731,5.759331,0.000086,-0.007081,-0.022085,-0.022810,3.141593
5350.0,-0.014784,0.029825,0.016204,0.014964,5.759331,0.000086,0.005631,-0.022612,-0.021880,3.141593
5355.0,-0.015196,0.002338,0.017246,0.016540,5.759331,-0.000014,-0.000839,-0.022351,-0.022327,3.141593
5360.0,-0.015113,-0.006685,0.017580,0.018115,5.759331,0.000014,0.009222,-0.022779,-0.022327,3.141593
5365.0,-0.015156,0.001202,0.017129,0.017426,5.759331,0.000029,-0.012311,-0.021834,-0.022810,3.141593
5370.0,-0.015349,-0.020175,0.017943,0.018115,5.759331,0.000043,-0.007011,-0.022037,-0.020949,3.141593
5375.0,-0.015231,-0.004556,0.017182,0.017229,5.759331,-0.000100,0.014158,-0.023038,-0.022327,3.141593
5380.0,0.000722,-0.144107,0.026946,0.025499,5.759715,0.000029,-0.001956,-0.022303,-0.021880,3.141593
5385.0,0.006849,0.005532,0.021191,0.021462,5.759715,0.000057,-0.014057,-0.021754,-0.021397,3.141593
5390.0,0.007510,0.007487,0.021148,0.022152,5.759715,-0.000086,0.001033,-0.022459,-0.023740,3.141593
5395.0,0.007524,-0.003742,0.021594,0.021462,5.759715,0.000000,-0.005997,-0.022127,-0.022327,3.141593
5400.0,0.007499,0.011123,0.020898,0.020576,5.759715,0.000043,-0.024890,-0.021265,-0.021880,3.141593
5405.0,0.007499,0.017294,0.020595,0.021462,5.759715,-0.000057,-0.000595,-0.022360,-0.022810,3.141593
5410.0,0.007514,0.008429,0.020953,0.020576,5.759715,0.000014,0.009508,-0.022780,-0.020913,3.141593
5415.0,0.007739,-0.017624,0.022176,0.021462,5.759715,0.000000,0.001901,-0.022457,-0.022327,3.141593
5420.0,-0.008386,0.178634,0.010786,0.011617,5.759331,-0.000043,-0.013430,-0.021794,-0.021397,3.141593
5425.0,-0.014502,0.003674,0.017120,0.017426,5.759331,0.000014,0.000380,-0.022402,-0.021880,3.141593
5430.0,-0.014999,-0.003585,0.017247,0.017229,5.759331,0.000086,0.013690,-0.022953,-0.022810,3.141593
5435.0,-0.015053,-0.004724,0.017200,0.017426,5.759331,-0.000029,0.010908,-0.022850,-0.022810,3.141593
5440.0,-0.015131,-0.007890,0.017236,0.016540,5.759331,0.000000,-0.007821,-0.022014,-0.021397,3.141593
5445.0,-0.008157,-0.212276,0.027837,0.028846,5.759715,0.000100,-0.017941,-0.021528,-0.020949,3.141593
5450.0,0.005897,-0.044854,0.023053,0.022347,5.759715,-0.000014,0.015340,-0.023030,-0.023740,3.141593
5455.0,0.007399,-0.011634,0.021720,0.022347,5.759715,0.000014,0.003923,-0.022516,-0.023740,3.141593
5460.0,0.007589,0.004216,0.021042,0.020576,5.759715,0.000000,-0.005452,-0.022096,-0.022810,3.141593
5465.0,0.007542,0.014731,0.020554,0.021462,5.759715,-0.000057,0.001035,-0.022386,-0.022810,3.141593
5470.0,0.007571,0.018721,0.020363,0.020576,5.759715,-0.000086,0.009258,-0.022780,-0.022810,3.141593
5475.0,0.007675,0.011742,0.020701,0.021462,5.759715,0.000014,-0.011674,-0.021831,-0.021880,3.141593
5480.0,0.007678,-0.005091,0.021475,0.020576,5.759715,-0.000029,0.005457,-0.022606,-0.022810,3.141593
5485.0,0.007643,0.017979,0.020482,0.020576,5.759715,0.000014,0.008951,-0.022741,-0.023257,3.141593
5490.0,0.007589,-0.000357,0.021270,0.020576,5.759715,0.000043,-0.002382,-0.022228,-0.022327,3.141593
5495.0,-0.004535,0.202809,0.010547,0.012306,5.759331,-0.000014,0.015602,-0.023041,-0.023257,3.141593
5500.0,-0.014201,0.023101,0.016293,0.015654,5.759331,0.000029,-0.005137,-0.022119,-0.021880,3.141593
5505.0,-0.015024,0.001341,0.016993,0.017229,5.759331,-0.000086,0.003132,-0.022516,-0.022810,3.141593
5510.0,-0.015038,-0.014854,0.017625,0.016540,5.759331,-0.000057,-0.003986,-0.022204,-0.022810,3.141593
5515.0,-0.015081,0.003222,0.016726,0.016343,5.759331,0.000014,0.005532,-0.022603,-0.022810,3.141593
5520.0,-0.014992,-0.006308,0.017090,0.017229,5.759331,0.000014,-0.006268,-0.022065,-0.022327,3.141593
5525.0,-0.008125,-0.216572,0.027930,0.029537,5.759715,-0.000043,-0.004603,-0.022156,-0.022810,3.141593
5530.0,0.005912,-0.036390,0.022630,0.023038,5.759715,-0.000014,-0.002835,-0.022221,-0.022810,3.141593
5535.0,0.007474,-0.010663,0.021655,0.021462,5.759715,-0.000057,0.034556,-0.023893,-0.023257,3.141593
5540.0,0.014434,-0.190492,0.030136,0.031307,5.760098,-0.000014,0.000228,-0.022394,-0.021397,3.141593
5545.0,0.028986,-0.060117,0.025924,0.025500,5.760098,0.000114,-0.004044,-0.022145,-0.021397,3.141593
5550.0,0.030552,-0.002050,0.023711,0.024807,5.760098,-0.000057,-0.002170,-0.022273,-0.021397,3.141593
5555.0,0.030760,0.010913,0.023351,0.023038,5.759715,0.000129,-0.008005,-0.021966,-0.021880,3.141593
5560.0,-0.001835,0.290027,0.007490,0.008270,5.759331,-0.000014,-0.003985,-0.022162,-0.021880,3.141593
5565.0,-0.020878,0.205066,0.006894,0.007383,5.758947,-0.000014,-0.002348,-0.022233,-0.022327,3.141593
5570.0,-0.036077,0.001193,0.012357,0.011618,5.758947,-0.000129,0.011013,-0.022875,-0.022327,3.141593
5575.0,-0.037426,-0.035348,0.013476,0.013880,5.758947,-0.000057,-0.002017,-0.022318,-0.021880,3.141593
5580.0,-0.037622,-0.045099,0.013656,0.013192,5.758947,0.000029,0.002165,-0.022489,-0.022810,3.141593
5585.0,-0.007085,-0.306753,0.032072,0.030422,5.759715,0.000057,0.018447,-0.023188,-0.023740,3.141593
5590.0,0.024601,-0.128266,0.028834,0.028654,5.760098,-0.000086,-0.011651,-0.021895,-0.021880,3.141593
5595.0,0.029851,0.005231,0.023538,0.023038,5.760098,0.000043,0.004039,-0.022544,-0.022810,3.141593
5600.0,0.030463,0.002426,0.023843,0.023923,5.760098,0.000014,-0.003250,-0.022224,-0.021880,3.141593
5605.0,0.030602,0.005441,0.023861,0.024615,5.760098,0.000057,0.001994,-0.022415,-0.021397,3.141593
5610.0,0.018314,0.208061,0.014007,0.014768,5.759715,-0.000014,-0.019437,-0.021489,-0.020949,3.141593
5615.0,-0.010178,0.171821,0.010811,0.010731,5.759331,0.000057,-0.002154,-0.022232,-0.021397,3.141593
5620.0,-0.014949,0.012584,0.016736,0.016540,5.759331,-0.000057,0.003925,-0.022544,-0.022810,3.141593
5625.0,-0.015181,0.014832,0.016493,0.016343,5.759331,0.000043,-0.009753,-0.021918,-0.021397,3.141593
5630.0,-0.015231,-0.016719,0.017796,0.016540,5.759331,0.000014,0.007413,-0.022678,-0.022810,3.141593
5635.0,-0.015110,-0.005657,0.017247,0.017229,5.759331,0.000014,0.001658,-0.022431,-0.022810,3.141593
5640.0,-0.015117,-0.011995,0.017440,0.019001,5.759331,0.000057,0.006087,-0.022596,-0.022327,3.141593
5645.0,-0.015178,-0.018140,0.017609,0.016539,5.759715,0.000000,-0.006021,-0.022076,-0.021880,3.141593
5650.0,0.004824,-0.044154,0.023208,0.023038,5.759715,0.000014,0.011865,-0.022855,-0.022327,3.141593
5655.0,0.007188,0.001681,0.021351,0.021462,5.759715,0.000014,-0.001206,-0.022278,-0.021880,3.141593
5660.0,0.007428,0.009973,0.020948,0.020576,5.759715,0.000014,0.010873,-0.022802,-0.023257,3.141593
5665.0,0.007417,0.027332,0.020107,0.019886,5.759715,0.000029,0.009248,-0.022711,-0.022327,3.141593
5670.0,0.007567,-0.007163,0.021639,0.020576,5.759715,-0.000086,0.001970,-0.022439,-0.021844,3.141593
5675.0,0.007535,0.026029,0.020156,0.020576,5.759715,0.000072,-0.017749,-0.021518,-0.021880,3.141593
5680.0,0.007696,-0.000505,0.021371,0.021462,5.759715,0.000000,-0.006885,-0.022011,-0.022327,3.141593
5685.0,0.007617,0.002169,0.021240,0.022152,5.759715,-0.000014,0.002902,-0.022456,-0.021880,3.141593
5690.0,0.007592,0.012632,0.020776,0.021267,5.759715,-0.000100,0.021806,-0.023347,-0.023257,3.141593
5695.0,0.007660,0.002065,0.021261,0.021462,5.759715,-0.000086,0.006843,-0.022724,-0.022327,3.141593
5700.0,0.007550,0.004118,0.021137,0.020576,5.759331,0.000000,0.008553,-0.022797,-0.022327,3.141593
5705.0,-0.012478,0.066336,0.014808,0.014078,5.759331,0.000043,-0.002244,-0.022314,-0.021880,3.141593
5710.0,-0.014838,0.009568,0.016722,0.016540,5.759331,0.000014,0.003428,-0.022562,-0.022327,3.141593
5715.0,-0.015103,-0.000917,0.017042,0.017229,5.759331,0.000086,0.004421,-0.022571,-0.022810,3.141593
5720.0,-0.015085,0.001442,0.016855,0.017229,5.759331,0.000114,-0.005740,-0.022083,-0.021880,3.141593
5725.0,-0.015010,-0.030129,0.018196,0.019001,5.759331,-0.000029,-0.005362,-0.022147,-0.022810,3.141593
5730.0,-0.002908,-0.186951,0.027843,0.026384,5.759715,0.000057,-0.007301,-0.022015,-0.022810,3.141593
5735.0,0.013418,-0.211841,0.030983,0.031307,5.760098,-0.000072,0.012441,-0.022903,-0.023257,3.141593
5740.0,0.028939,-0.042340,0.025146,0.024615,5.760098,0.000029,-0.000576,-0.022309,-0.020949,3.141593
5745.0,0.030584,-0.001265,0.023695,0.023923,5.760098,-0.000114,0.004115,-0.022582,-0.022810,3.141593
5750.0,0.030788,0.003701,0.023710,0.024615,5.760098,0.000029,0.004939,-0.022583,-0.022327,3.141593
5755.0,0.030724,-0.007827,0.024379,0.023923,5.760098,0.000043,0.007775,-0.022702,-0.022327,3.141593
5760.0,0.018353,0.197977,0.014400,0.015654,5.759331,-0.000014,0.001891,-0.022455,-0.022810,3.141593
5765.0,-0.023936,0.306569,0.001972,0.003348,5.758947,0.000072,0.007145,-0.022648,-0.022810,3.141593
5770.0,-0.036553,-0.007273,0.012904,0.013192,5.758947,0.000072,-0.001131,-0.022261,-0.021880,3.141593
5775.0,-0.037515,-0.051737,0.014461,0.014079,5.758947,-0.000057,-0.007375,-0.022028,-0.022810,3.141593
5780.0,-0.025477,-0.207918,0.023941,0.023037,5.759331,-0.000029,0.002643,-0.022460,-0.022327,3.141593
5785.0,-0.009305,-0.221635,0.028105,0.028155,5.759715,0.000014,-0.009786,-0.021899,-0.022327,3.141593
5790.0,0.024376,-0.146128,0.029755,0.027961,5.760098,-0.000014,0.017165,-0.023091,-0.022810,3.141593
5795.0,0.029987,-0.012954,0.024588,0.023923,5.760098,-0.000114,0.007139,-0.022708,-0.022327,3.141593
5800.0,0.030488,0.018332,0.023375,0.023923,5.760098,0.000057,-0.012008,-0.021845,-0.021880,3.141593
5805.0,0.030520,0.009761,0.023858,0.023923,5.760098,0.000014,0.020412,-0.023274,-0.022327,3.141593
5810.0,0.030563,0.013490,0.023825,0.023923,5.759715,0.000057,-0.003303,-0.022227,-0.021433,3.141593
5815.0,-0.002110,0.309210,0.006936,0.007384,5.759331,0.000100,0.006424,-0.022629,-0.022810,3.141593
5820.0,-0.014291,0.042701,0.015975,0.015654,5.759331,-0.000086,0.008409,-0.022758,-0.022810,3.141593
5825.0,-0.015274,0.022162,0.016574,0.016343,5.759331,-0.000029,0.022031,-0.023359,-0.023740,3.141593
5830.0,-0.015167,0.002749,0.017376,0.017229,5.759331,0.000000,0.005331,-0.022625,-0.022810,3.141593
5835.0,-0.015310,0.008318,0.017001,0.016540,5.759331,0.000114,-0.019116,-0.021490,-0.021880,3.141593
5840.0,-0.015171,-0.002667,0.017432,0.017918,5.759331,0.000086,0.002986,-0.022445,-0.021880,3.141593
5845.0,-0.008290,-0.197557,0.027584,0.027270,5.759715,0.000000,-0.008069,-0.021976,-0.021880,3.141593
5850.0,0.005833,-0.032585,0.022968,0.023728,5.759715,-0.000072,0.024626,-0.023447,-0.024671,3.141593
5855.0,0.007339,0.012255,0.021090,0.021462,5.759715,0.000029,-0.000836,-0.022288,-0.022810,3.141593
5860.0,0.007453,0.004694,0.021375,0.022152,5.759715,0.000000,-0.008961,-0.021915,-0.022327,3.141593
5865.0,0.007575,0.006682,0.021278,0.021462,5.759715,-0.000043,0.003925,-0.022497,-0.022810,3.141593
5870.0,0.007457,0.003305,0.021363,0.020576,5.759715,-0.000014,0.001408,-0.022372,-0.022810,3.141593
5875.0,0.007607,-0.000591,0.021565,0.020576,5.759715,0.000014,0.014463,-0.022940,-0.022810,3.141593
5880.0,0.007635,0.014798,0.020914,0.021462,5.759715,-0.000014,-0.002211,-0.022207,-0.021880,3.141593
5885.0,0.007510,0.001828,0.021431,0.019886,5.759715,-0.000014,0.010717,-0.022782,-0.022810,3.141593
5890.0,-0.010897,0.134983,0.012452,0.013192,5.759331,-0.000043,-0.000594,-0.022292,-0.022810,3.141593
5895.0,-0.014845,0.014451,0.016843,0.016540,5.759331,0.000014,-0.011569,-0.021788,-0.021397,3.141593
5900.0,-0.014995,-0.012924,0.017944,0.018115,5.759331,-0.000086,0.011414,-0.022856,-0.022327,3.141593
5905.0,-0.015131,-0.023520,0.018296,0.016540,5.759331,-0.000072,0.007730,-0.022716,-0.022810,3.141593
5910.0,-0.015074,0.000615,0.017152,0.018312,5.759331,0.000114,-0.019995,-0.021437,-0.020949,3.141593
5915.0,-0.015070,-0.010849,0.017578,0.018115,5.759331,0.000014,0.004935,-0.022552,-0.021397,3.141593
5920.0,-0.015181,0.000818,0.016942,0.016540,5.759331,-0.000100,0.008090,-0.022751,-0.021397,3.141593
5925.0,0.000862,-0.161528,0.027749,0.026384,5.759715,0.000000,-0.007542,-0.022074,-0.021880,3.141593
5930.0,0.006831,0.000740,0.021179,0.021462,5.759715,0.000029,-0.010160,-0.021945,-0.020949,3.141593
5935.0,0.007585,-0.010116,0.021750,0.021462,5.759715,0.000000,0.001219,-0.022461,-0.022810,3.141593
5940.0,0.007557,-0.002856,0.021411,0.020576,5.759715,0.000086,0.011264,-0.022851,-0.022327,3.141593
5945.0,0.007646,0.007283,0.020995,0.022152,5.759715,-0.000072,0.012590,-0.022941,-0.022810,3.141593
5950.0,0.007542,0.007042,0.020967,0.020576,5.759715,-0.000086,0.007562,-0.022754,-0.022327,3.141593
5955.0,0.007660,-0.003148,0.021462,0.021462,5.759715,0.000014,0.003055,-0.022543,-0.022810,3.141593
5960.0,0.007628,-0.001574,0.021399,0.021267,5.759715,0.000072,-0.000513,-0.022343,-0.022810,3.141593
5965.0,-0.010954,0.106705,0.013400,0.013192,5.759331,0.000043,0.019236,-0.023203,-0.022810,3.141593
5970.0,-0.014788,0.003517,0.017047,0.016540,5.759331,-0.000029,-0.001831,-0.022296,-0.021880,3.141593
5975.0,-0.015121,-0.009701,0.017474,0.018115,5.759331,0.000057,0.014193,-0.022988,-0.023257,3.141593
5980.0,-0.015092,-0.003839,0.017133,0.018115,5.759331,-0.000014,0.003053,-0.022505,-0.022327,3.141593
5985.0,-0.014988,-0.015778,0.017605,0.018115,5.759331,-0.000029,0.025999,-0.023532,-0.021880,3.141593
5990.0,-0.015028,-0.035147,0.018374,0.018804,5.759331,-0.000114,0.004108,-0.022625,-0.023740,3.141593
5995.0,-0.014910,-0.038522,0.018471,0.019001,5.759331,-0.000014,0.002600,-0.022539,-0.022810,3.141593
6000.0,0.003272,-0.105700,0.025387,0.025499,5.759715,0.000014,-0.006058,-0.022148,-0.021880,3.141593
6005.0,0.007163,-0.005121,0.021317,0.020576,5.759715,-0.000029,0.035579,-0.024013,-0.024671,3.141593
6010.0,0.019748,-0.170975,0.029691,0.028846,5.760098,-0.000029,0.001863,-0.022535,-0.022810,3.141593
6015.0,0.029751,-0.050901,0.025603,0.024615,5.760098,0.000143,-0.002789,-0.022258,-0.021880,3.141593
6020.0,0.030620,0.005585,0.023401,0.023038,5.760098,0.000029,0.009389,-0.022792,-0.022810,3.141593
6025.0,0.023979,0.176565,0.015576,0.015459,5.759715,0.000086,-0.016236,-0.021631,-0.021880,3.141593
6030.0,-0.006745,0.224900,0.009223,0.009844,5.758947,-0.000029,-0.003400,-0.022213,-0.021397,3.141593
6035.0,-0.034472,0.069125,0.009740,0.008958,5.758947,-0.000072,-0.006881,-0.022100,-0.022810,3.141593
6040.0,-0.037383,-0.041005,0.013785,0.013880,5.758947,-0.000072,-0.007268,-0.022096,-0.021397,3.141593
6045.0,-0.030777,-0.230578,0.023516,0.023232,5.759715,0.000086,-0.007300,-0.022055,-0.021880,3.141593
6050.0,0.003401,-0.099828,0.025380,0.024808,5.759715,0.000072,-0.010160,-0.021908,-0.022810,3.141593
6055.0,0.007006,0.008633,0.021210,0.021462,5.759715,0.000000,-0.013617,-0.021764,-0.021880,3.141593
6060.0,0.007206,0.015767,0.020773,0.019886,5.759715,-0.000014,-0.004202,-0.022185,-0.022327,3.141593
6065.0,0.007457,0.037310,0.019809,0.019000,5.759715,0.000000,0.005717,-0.022624,-0.021880,3.141593
6070.0,0.007496,0.016228,0.020707,0.021462,5.759715,-0.000014,-0.001578,-0.022311,-0.022810,3.141593
6075.0,0.007542,0.016189,0.020690,0.020576,5.759715,0.000000,0.010197,-0.022817,-0.022327,3.141593
6080.0,0.007535,0.012246,0.020839,0.019886,5.759715,-0.000014,0.005673,-0.022619,-0.021881,3.141209
6085.0,0.007539,0.010278,0.020908,0.021462,5.759715,0.027223,-0.303163,-0.004985,-0.004651,3.140826
6090.0,0.007607,-0.002777,0.021484,0.021462,5.759715,0.043917,-0.011958,-0.013948,-0.014883,3.140826
6095.0,0.007635,-0.001991,0.021461,0.021462,5.759715,0.045362,0.037908,-0.015580,-0.014883,3.140826
6100.0,0.007567,0.008827,0.020964,0.020576,5.759715,0.014763,0.293450,-0.033389,-0.030701,3.141976
6105.0,0.007610,-0.000662,0.021396,0.021462,5.759715,-0.018926,0.152255,-0.030395,-0.030701,3.141976
6110.0,0.007578,0.003689,0.021198,0.021462,5.759331,-0.041471,0.153268,-0.032744,-0.032563,3.142360
6115.0,-0.012571,0.047333,0.015644,0.015654,5.759331,-0.045891,0.019888,-0.027711,-0.028390,3.142360
6120.0,-0.033317,0.075249,0.009575,0.010044,5.758947,-0.046277,0.014313,-0.027884,-0.027910,3.141976
6125.0,-0.037154,-0.046584,0.013936,0.013192,5.758947,-0.002990,-0.446921,-0.004043,-0.004651,3.141209
6130.0,-0.037515,-0.050102,0.013807,0.014079,5.758947,0.020785,-0.098083,-0.015776,-0.015814,3.141209
6135.0,-0.025388,-0.225995,0.024190,0.023038,5.759715,0.022988,-0.017430,-0.018725,-0.017674,3.141209
6140.0,0.016236,-0.279248,0.034418,0.032884,5.760098,0.023232,-0.025112,-0.018182,-0.017674,3.141209
6145.0,0.029200,-0.030493,0.024855,0.025500,5.760098,0.023189,-0.008286,-0.018790,-0.018119,3.141209
6150.0,0.030409,0.011778,0.023222,0.023038,5.760098,0.023117,-0.008235,-0.018667,-0.019090,3.141209
6155.0,0.030588,0.004575,0.023707,0.024615,5.760098,0.004578,0.101032,-0.026023,-0.025601,3.141593
6160.0,0.030645,0.006244,0.023781,0.023923,5.760098,0.000315,0.003041,-0.022170,-0.022810,3.141593
6165.0,0.030520,0.019428,0.023290,0.023728,5.759715,0.000100,-0.007931,-0.021677,-0.021397,3.141593
6170.0,-0.002139,0.283381,0.007705,0.008270,5.759331,0.000014,-0.001792,-0.021961,-0.021880,3.141593
6175.0,-0.030055,0.193213,0.005302,0.005809,5.758947,0.000057,0.003263,-0.022170,-0.021397,3.141593
6180.0,-0.037090,-0.030338,0.013467,0.013192,5.758947,-0.000014,0.000920,-0.022090,-0.021880,3.141593
6185.0,-0.037576,-0.038452,0.013512,0.013192,5.758947,0.000086,0.000779,-0.022044,-0.021880,3.141593
6190.0,-0.037733,-0.027794,0.012791,0.013192,5.758947,-0.000114,-0.006492,-0.021805,-0.022327,3.141593
6195.0,-0.025556,-0.230192,0.024362,0.023037,5.759331,0.000029,-0.009767,-0.021619,-0.022810,3.141593
6200.0,0.009230,-0.311344,0.035601,0.036230,5.760098,-0.000029,0.012879,-0.022618,-0.021880,3.141593
6205.0,0.028110,-0.045761,0.025670,0.025500,5.760098,-0.000014,-0.004449,-0.021852,-0.021880,3.141593
6210.0,0.030241,0.014375,0.023315,0.023038,5.760098,-0.000114,0.006106,-0.022352,-0.021880,3.141593
6215.0,0.030570,0.009910,0.023679,0.023923,5.760098,-0.000072,0.011200,-0.022595,-0.022327,3.141593
6220.0,0.030448,0.014661,0.023533,0.023038,5.760098,0.000100,-0.008211,-0.021680,-0.021397,3.141593
6225.0,0.030499,0.014183,0.023669,0.023038,5.759715,0.000014,0.004970,-0.022273,-0.022810,3.141593
6230.0,-0.012764,0.461634,-0.002719,-0.000887,5.758947,-0.000072,-0.000422,-0.022063,-0.022810,3.141593
6235.0,-0.035655,0.032031,0.011060,0.010731,5.758947,-0.000014,0.009689,-0.022496,-0.022810,3.141593
6240.0,-0.037515,-0.029955,0.013195,0.013192,5.758947,0.000014,-0.007655,-0.021716,-0.021880,3.141593
6245.0,-0.037665,-0.039922,0.013394,0.013192,5.758947,-0.000014,0.010738,-0.022539,-0.023257,3.141593
6250.0,-0.037712,-0.047840,0.013526,0.014078,5.759331,0.000114,-0.003622,-0.021848,-0.022810,3.141593
6255.0,-0.001802,-0.224023,0.029385,0.028846,5.760098,0.000014,-0.007553,-0.021672,-0.022810,3.141593
6260.0,0.026797,-0.098018,0.027961,0.027269,5.760098,-0.000057,0.015921,-0.022718,-0.021397,3.141593
6265.0,0.030034,0.015860,0.023325,0.023923,5.760098,-0.000086,0.040028,-0.023826,-0.024671,3.141593
6270.0,0.030295,0.022634,0.023084,0.023038,5.760098,-0.000043,0.004013,-0.022238,-0.020949,3.141593
6275.0,0.030359,0.026554,0.022977,0.022346,5.760098,0.000029,-0.016301,-0.021329,-0.021397,3.141593
6280.0,0.018286,0.216912,0.013693,0.015654,5.759715,-0.000043,0.003863,-0.022223,-0.021880,3.141593
6285.0,-0.007718,0.213839,0.009336,0.009156,5.759331,-0.000057,-0.002286,-0.021963,-0.021397,3.141593
6290.0,-0.014613,0.010902,0.016737,0.015654,5.759331,-0.000043,0.004306,-0.022263,-0.021880,3.141593
6295.0,-0.015231,-0.006024,0.017258,0.016540,5.759331,-0.000086,0.012532,-0.022642,-0.022327,3.141593
6300.0,-0.015203,0.009180,0.016497,0.017229,5.759331,0.000057,0.004488,-0.022254,-0.022327,3.141593
6305.0,-0.015138,-0.025043,0.017948,0.019493,5.759331,-0.000086,0.003727,-0.022265,-0.022810,3.141593
6310.0,-0.003093,-0.174986,0.027268,0.025499,5.759715,0.000000,0.004491,-0.022275,-0.021880,3.141593
6315.0,0.006405,-0.012043,0.021976,0.022152,5.759715,0.000014,0.015585,-0.022751,-0.022327,3.141593
6320.0,0.007131,0.026480,0.020203,0.020576,5.759715,-0.000043,0.001563,-0.022147,-0.022327,3.141593
6325.0,0.007467,0.011680,0.020845,0.020576,5.759715,0.000000,0.002533,-0.022175,-0.022810,3.141593
6330.0,0.007578,0.005158,0.021136,0.021462,5.759715,0.000000,0.006560,-0.022338,-0.022327,3.141593
6335.0,0.007535,0.016480,0.020596,0.020576,5.759715,-0.000014,0.016376,-0.022776,-0.022810,3.141593
6340.0,0.007542,0.020699,0.020389,0.020576,5.759715,0.000114,-0.008973,-0.021604,-0.021880,3.141593
6345.0,-0.004638,0.187647,0.010996,0.013192,5.759331,-0.000043,-0.002315,-0.021921,-0.021397,3.141593
6350.0,-0.014023,0.002810,0.017041,0.016540,5.759331,0.000000,-0.006633,-0.021724,-0.022810,3.141593
6355.0,-0.015038,0.013746,0.016239,0.016540,5.759331,-0.000014,-0.008772,-0.021619,-0.021397,3.141593
6360.0,-0.015113,-0.011019,0.017238,0.017426,5.759331,-0.000057,0.007034,-0.022350,-0.021397,3.141593
6365.0,-0.014985,-0.001821,0.016775,0.017918,5.759331,0.000029,-0.001341,-0.021970,-0.021880,3.141593
6370.0,0.005018,-0.068776,0.023991,0.025499,5.759715,-0.000014,0.016996,-0.022784,-0.024223,3.141593
6375.0,0.007188,0.003490,0.020937,0.020576,5.759715,-0.000057,0.020368,-0.022937,-0.023740,3.141593
6380.0,0.007557,0.008838,0.020744,0.020576,5.759715,0.000086,-0.014152,-0.021361,-0.021397,3.141593
6385.0,0.007664,0.018037,0.020371,0.019691,5.759715,-0.000029,-0.002189,-0.021907,-0.021397,3.141593
6390.0,0.007653,-0.003208,0.021319,0.022347,5.759715,-0.000029,0.007912,-0.022358,-0.021880,3.141593
6395.0,0.007617,-0.001282,0.021224,0.020576,5.759715,-0.000029,0.001220,-0.022077,-0.022327,3.141593
6400.0,-0.010915,0.115569,0.012650,0.012306,5.759331,0.000000,0.003373,-0.022160,-0.021397,3.141593
6405.0,-0.030649,0.162220,0.005999,0.006496,5.758947,-0.000029,0.010549,-0.022506,-0.022810,3.141593
6410.0,-0.036914,-0.042942,0.013527,0.013192,5.758947,-0.000057,0.008508,-0.022431,-0.022327,3.141593
6415.0,-0.037397,-0.038015,0.012997,0.013880,5.758947,-0.000057,-0.004309,-0.021890,-0.021880,3.141593
6420.0,-0.014795,-0.393848,0.033785,0.033769,5.759715,0.000072,-0.005737,-0.021786,-0.021397,3.141593
6425.0,0.021483,-0.205641,0.031594,0.029538,5.760098,0.000114,-0.003032,-0.021875,-0.021397,3.141593
6430.0,0.029730,-0.013773,0.024101,0.024807,5.760098,0.000014,-0.000719,-0.021989,-0.021880,3.141593
6435.0,0.030391,0.016522,0.022913,0.023038,5.760098,-0.000072,-0.003522,-0.021901,-0.022810,3.141593
6440.0,0.030552,0.013606,0.023189,0.023038,5.760098,0.000014,0.005184,-0.022256,-0.021880,3.141593
6445.0,0.030649,0.001081,0.023912,0.023923,5.760098,-0.000029,0.001800,-0.022138,-0.021880,3.141593
6450.0,0.014409,0.204289,0.013594,0.014078,5.759331,-0.000057,0.002368,-0.022195,-0.022327,3.141593
6455.0,-0.012167,0.113820,0.012622,0.012306,5.759331,0.000072,-0.014675,-0.021405,-0.020466,3.141593
6460.0,-0.014942,0.009252,0.016567,0.016540,5.759331,0.000043,-0.016225,-0.021339,-0.021880,3.141593
6465.0,-0.015128,-0.016356,0.017576,0.017426,5.759331,-0.000086,0.020394,-0.022987,-0.023257,3.141593
6470.0,-0.015031,-0.019457,0.017651,0.017229,5.759331,0.000086,-0.004206,-0.021856,-0.021397,3.141593
6475.0,-0.015121,-0.011906,0.017205,0.017229,5.759331,0.000014,-0.006133,-0.021788,-0.021880,3.141593
6480.0,-0.015181,-0.014773,0.017228,0.016540,5.759331,0.000000,0.000434,-0.022082,-0.022810,3.141593
6485.0,-0.003058,-0.183452,0.027409,0.024808,5.759715,-0.000043,0.007810,-0.022413,-0.020466,3.141593
6490.0,0.006423,0.008400,0.020929,0.022347,5.759715,0.000043,-0.013537,-0.021479,-0.021880,3.141593
