t_ms,M1_speed_ref,M1_speed_fb,M1_iq_ref,M1_iq,M1_mech_angle,M2_speed_ref,M2_speed_fb,M2_iq_ref,M2_iq,M2_mech_angle
0.0,0.000000,0.008935,0.000000,-0.000575,0.159534,-0.000014,0.012685,-0.022923,-0.023293,3.141593
5.0,0.000000,-0.004962,0.000000,0.000000,0.159534,-0.000100,0.020775,-0.023312,-0.023740,3.141593
10.0,0.000000,-0.001260,0.000000,-0.000575,0.159534,0.000057,0.000309,-0.022365,-0.021880,3.141593
15.0,0.000000,-0.002980,0.000000,-0.000575,0.159534,0.000000,0.004345,-0.022552,-0.022810,3.141593
20.0,0.000000,-0.003947,0.000000,0.000000,0.159534,-0.000043,-0.001272,-0.022314,-0.022810,3.141593
25.0,0.000000,0.002586,0.000000,0.000000,0.159534,0.000043,-0.004073,-0.022150,-0.022810,3.141593
30.0,0.000000,-0.007759,0.000000,0.000000,0.159534,0.000014,-0.004188,-0.022130,-0.022810,3.141593
35.0,0.000000,-0.006498,0.000000,0.000000,0.159534,-0.000057,0.002567,-0.022441,-0.021880,3.141593
40.0,0.000000,0.004468,0.000000,0.000000,0.159534,-0.000043,0.003013,-0.022477,-0.022810,3.141593
45.0,0.000000,0.008908,0.000000,0.000000,0.159534,0.000086,0.015186,-0.022977,-0.022810,3.141593
50.0,0.000000,0.007289,0.000000,0.000575,0.159534,-0.000057,-0.004180,-0.022156,-0.021397,3.141593
55.0,0.000000,0.018139,0.000000,0.000000,0.159534,-0.000072,0.014897,-0.023043,-0.024187,3.141593
60.0,0.000000,-0.014577,0.000000,0.000000,0.159534,-0.000057,-0.002721,-0.022287,-0.022810,3.141593
65.0,0.000000,-0.012618,0.000000,0.000000,0.159534,-0.000014,0.011636,-0.022908,-0.022810,3.141593
70.0,0.000000,-0.002927,0.000000,0.000000,0.159534,0.000100,-0.007197,-0.022027,-0.020913,3.141593
75.0,0.000000,0.003954,0.000000,0.000000,0.159534,-0.000014,-0.007438,-0.022059,-0.021880,3.141593
80.0,0.000000,0.017527,0.000000,0.000000,0.159534,0.000014,0.000875,-0.022416,-0.022327,3.141593
85.0,0.000000,0.003843,0.000000,0.000000,0.159534,-0.000043,-0.005392,-0.022153,-0.021397,3.141593
90.0,0.000000,-0.005455,0.000000,0.000000,0.159534,0.000014,-0.006247,-0.022111,-0.022810,3.141593
95.0,0.000000,-0.006303,0.000000,0.000000,0.159534,0.000057,-0.002413,-0.022253,-0.021880,3.141593
100.0,0.000000,-0.010827,0.000000,0.000000,0.159534,-0.000043,-0.002859,-0.022268,-0.022810,3.141593
105.0,0.000000,-0.002394,0.000000,0.000000,0.159534,0.000143,-0.003133,-0.022170,-0.021880,3.141593
110.0,0.000000,-0.002010,0.000000,-0.000921,0.159534,-0.000014,0.002107,-0.022437,-0.021397,3.141593
115.0,0.000000,-0.002902,0.000000,-0.000347,0.159534,-0.000057,-0.006178,-0.022103,-0.021880,3.141593
120.0,0.000000,-0.002869,0.000000,0.000347,0.159534,-0.000086,-0.002298,-0.022316,-0.022810,3.141593
125.0,0.000000,0.008853,0.000000,0.000000,0.159534,0.000057,0.015263,-0.023041,-0.023740,3.141593
130.0,0.000000,0.019718,0.000000,0.000575,0.159534,0.000043,-0.002891,-0.022225,-0.021397,3.141593
135.0,0.000000,0.011849,0.000000,0.000347,0.159534,-0.000057,0.018857,-0.023224,-0.022327,3.141593
140.0,0.000000,-0.004774,0.000000,0.000347,0.159534,-0.000014,-0.007366,-0.022085,-0.021880,3.141593
145.0,0.000000,-0.015346,0.000000,0.000347,0.159534,0.000129,-0.005220,-0.022130,-0.021397,3.141593
150.0,0.000000,-0.019050,0.000000,0.000000,0.159534,0.000014,0.004795,-0.022591,-0.022810,3.141593
155.0,0.000000,-0.010539,0.000000,0.000000,0.159534,0.000014,-0.016765,-0.021646,-0.020430,3.141593
160.0,0.000000,0.009190,0.000000,0.000000,0.159534,0.000014,0.000551,-0.022412,-0.022327,3.141593
165.0,0.000000,0.013976,0.000000,0.000000,0.159534,0.000043,-0.010947,-0.021883,-0.021880,3.141593
170.0,0.000000,-0.000828,0.000000,0.000000,0.159534,0.000057,-0.012546,-0.021791,-0.022810,3.141593
175.0,0.000000,-0.006370,0.000000,0.000000,0.159534,-0.000086,-0.000710,-0.022343,-0.022810,3.141593
180.0,0.000000,-0.013719,0.000000,0.000000,0.159534,0.000043,-0.019727,-0.021468,-0.021397,3.141593
185.0,0.000000,-0.006706,0.000000,0.000000,0.159534,0.000014,0.001300,-0.022397,-0.021880,3.141593
190.0,0.000000,0.004103,0.000000,0.000000,0.159534,0.000043,-0.002661,-0.022213,-0.021880,3.141593
195.0,0.000000,0.008173,0.000000,0.000000,0.159534,0.000014,-0.008332,-0.021981,-0.020913,3.141593
200.0,0.000000,0.000675,0.000000,0.000000,0.159534,-0.000086,-0.001717,-0.022315,-0.022327,3.141593
205.0,0.000000,0.015476,0.000000,0.000000,0.159534,-0.000014,0.002986,-0.022535,-0.022810,3.141593
210.0,0.000000,0.006907,0.000000,0.000000,0.159534,0.000014,-0.002911,-0.022260,-0.021880,3.141593
215.0,0.000000,0.003657,0.000000,0.000000,0.159534,-0.000129,0.015068,-0.023119,-0.022810,3.141593
220.0,0.000000,0.000066,0.000000,0.000000,0.159534,0.000057,-0.018480,-0.021597,-0.021397,3.141593
225.0,0.000000,0.002287,0.000000,0.000575,0.159534,0.000129,-0.023546,-0.021334,-0.021397,3.141593
230.0,0.000000,0.002900,0.000000,0.000000,0.159534,0.000072,-0.001178,-0.022294,-0.022810,3.141593
235.0,0.000000,-0.004485,0.000000,0.000000,0.159534,0.000014,-0.003180,-0.022203,-0.022810,3.141593
240.0,0.000000,-0.006469,0.000000,0.000000,0.159534,-0.000057,0.000151,-0.022366,-0.022810,3.141593
245.0,0.000000,-0.000298,0.000000,-0.000347,0.159534,-0.000057,0.009705,-0.022797,-0.022327,3.141593
250.0,0.000000,-0.006906,0.000000,0.000000,0.159534,-0.000014,-0.014699,-0.021735,-0.022810,3.141593
255.0,0.000000,-0.002716,0.000000,0.000000,0.159534,0.000029,-0.001579,-0.022277,-0.022810,3.141593
260.0,0.000000,0.003296,0.000000,0.000000,0.159534,0.000014,-0.007527,-0.022020,-0.021397,3.141593
265.0,0.000000,0.003650,0.000000,-0.000575,0.159534,0.000014,0.002419,-0.022456,-0.021880,3.141593
270.0,0.000000,0.002702,0.000000,0.000000,0.159534,0.000057,0.006823,-0.022632,-0.022327,3.141593
275.0,0.000000,-0.003166,0.000000,0.000000,0.159534,0.000000,0.003866,-0.022518,-0.022327,3.141593
280.0,0.000000,-0.000683,0.000000,0.000000,0.159534,-0.000100,0.010452,-0.022847,-0.021844,3.141593
285.0,0.000000,0.008959,0.000000,0.000000,0.159534,0.000057,-0.005324,-0.022130,-0.021397,3.141593
290.0,0.000000,-0.001704,0.000000,0.000000,0.159534,-0.000086,0.004965,-0.022660,-0.022327,3.141593
295.0,0.000000,-0.004825,0.000000,0.000000,0.159534,0.000043,-0.006853,-0.022119,-0.021397,3.141593
300.0,0.000000,-0.010528,0.000000,0.000000,0.159534,0.000072,-0.015302,-0.021733,-0.022810,3.141593
305.0,0.000000,0.005880,0.000000,0.000000,0.159534,-0.000014,0.008411,-0.022787,-0.023257,3.141593
310.0,0.000000,-0.001436,0.000000,0.000000,0.159534,0.000143,-0.009595,-0.021924,-0.021397,3.141593
315.0,0.000000,0.004210,0.000000,0.000000,0.159534,0.000072,0.002191,-0.022448,-0.020430,3.141593
320.0,0.000000,-0.006135,0.000000,0.000000,0.159534,-0.000029,-0.006552,-0.022103,-0.022810,3.141593
325.0,0.000000,-0.018057,0.000000,0.000000,0.159534,0.000129,-0.007732,-0.021977,-0.021397,3.141593
330.0,0.000000,0.004441,0.000000,0.000000,0.159534,0.000086,0.014929,-0.022967,-0.022810,3.141593
335.0,0.000000,0.008812,0.000000,0.000000,0.159534,0.000000,-0.002123,-0.022232,-0.022327,3.141593
340.0,0.000000,0.011786,0.000000,-0.000347,0.159534,-0.000014,-0.011336,-0.021817,-0.022810,3.141593
345.0,0.000000,0.003522,0.000000,0.000000,0.159534,0.000114,-0.000193,-0.022243,-0.021880,3.141593
350.0,0.000000,0.001340,0.000000,0.000000,0.159534,-0.000186,0.011667,-0.022863,-0.023257,3.141593
355.0,0.000000,0.008851,0.000000,0.000000,0.159534,0.000072,-0.015157,-0.021622,-0.021880,3.141593
360.0,0.000000,0.001852,0.000000,0.000000,0.159534,0.000114,-0.010438,-0.021784,-0.020949,3.141593
365.0,0.000000,-0.006453,0.000000,0.000000,0.159534,-0.000014,-0.001599,-0.022202,-0.022810,3.141593
370.0,0.000000,0.000644,0.000000,0.000000,0.159534,-0.000157,0.019303,-0.023175,-0.022810,3.141593
375.0,0.000000,-0.010430,0.000000,0.000921,0.159534,-0.000057,-0.002362,-0.022218,-0.022810,3.141593
380.0,0.000000,-0.003327,0.000000,0.000000,0.159534,-0.000129,0.004523,-0.022566,-0.022810,3.141593
385.0,0.000000,0.000599,0.000000,0.000000,0.159534,0.000000,-0.012265,-0.021812,-0.020913,3.141593
390.0,0.000000,0.001680,0.000000,0.000347,0.159534,0.000057,0.003498,-0.022501,-0.021397,3.141593
395.0,0.000000,0.005399,0.000000,0.000000,0.159534,0.000000,-0.005687,-0.022123,-0.021397,3.141593
400.0,0.000000,-0.003682,0.000000,0.000000,0.159534,0.000057,-0.004707,-0.022146,-0.022810,3.141593
405.0,0.000000,-0.007373,0.000000,0.000000,0.159534,-0.000057,0.006006,-0.022636,-0.022810,3.141593
410.0,0.000000,-0.001677,0.000000,0.000000,0.159534,-0.000057,0.013023,-0.022955,-0.022327,3.141593
415.0,0.000000,0.007344,0.000000,0.000000,0.159534,0.000057,-0.018041,-0.021562,-0.021880,3.141593
420.0,0.000000,0.007174,0.000000,0.000000,0.159534,-0.000014,0.027935,-0.023606,-0.023740,3.141593
425.0,0.000000,-0.008103,0.000000,0.000000,0.159534,-0.000186,-0.002234,-0.022362,-0.021880,3.141593
430.0,0.000000,-0.000685,0.000000,-0.000347,0.159534,-0.000014,0.008415,-0.022802,-0.022810,3.141593
435.0,0.000000,-0.011212,0.000000,-0.000575,0.159534,0.000057,0.007082,-0.022713,-0.021397,3.141593
440.0,0.000000,0.009504,0.000000,-0.000575,0.159534,-0.000072,0.008314,-0.022824,-0.022810,3.141593
445.0,0.000000,0.001947,0.000000,0.000000,0.159534,0.000086,-0.018681,-0.021593,-0.022810,3.141593
450.0,0.000000,0.009533,0.000000,-0.000575,0.159534,-0.000014,-0.005520,-0.022193,-0.022327,3.141593
455.0,0.000000,-0.009147,0.000000,0.000000,0.159534,0.000029,-0.000813,-0.022390,-0.022810,3.141593
460.0,0.000000,-0.016781,0.000000,0.000000,0.159534,0.000129,0.011150,-0.022858,-0.022327,3.141593
465.0,0.000000,0.002685,0.000000,0.000575,0.159534,0.000086,-0.015165,-0.021689,-0.021880,3.141593
470.0,0.000000,0.021846,0.000000,0.000000,0.159534,0.000000,0.010531,-0.022836,-0.022327,3.141593
475.0,0.000000,0.011738,0.000000,0.000000,0.159534,-0.000072,0.000660,-0.022444,-0.022810,3.141593
480.0,0.000000,-0.009061,0.000000,-0.000347,0.159534,-0.000100,0.012933,-0.023020,-0.022810,3.141593
485.0,0.000000,-0.008271,0.000000,0.000000,0.159534,0.000057,-0.005233,-0.022186,-0.021844,3.141593
490.0,0.000000,0.002704,0.000000,0.000000,0.159534,0.000029,0.003928,-0.022583,-0.022810,3.141593
495.0,2.874023,-54044009167050506240.000000,0.000000,-106245499354349568.000000,0.000000,0.000000,590295810358705651712.000000,-0.011447,-0.022327,3.141593
500.0,25.255978,10.600348,0.695232,0.545154,0.158767,-0.000072,-0.001750,-0.022350,-0.022810,3.141593
505.0,24.624668,26.045927,0.007099,0.011492,0.145728,0.000014,-0.000058,-0.022397,-0.021397,3.141593
510.0,23.815035,25.166080,0.000686,0.004924,0.133073,0.000157,-0.016892,-0.021590,-0.021397,3.141593
515.0,23.088055,23.816584,0.029618,0.029140,0.121184,0.000014,-0.003105,-0.022215,-0.022810,3.141593
520.0,22.407097,23.114796,0.036210,0.037079,0.110063,-0.000043,0.010600,-0.022818,-0.022327,3.141593
525.0,21.740185,22.393265,0.043040,0.042770,0.098558,-0.000114,0.001077,-0.022454,-0.022810,3.141593
530.0,21.076061,21.705908,0.045202,0.044615,0.087437,0.000072,-0.010507,-0.021886,-0.022811,3.141209
535.0,20.405487,21.283337,0.030372,0.031495,0.075932,0.020370,-0.084622,-0.016274,-0.016299,3.141209
540.0,19.741993,20.556246,0.026914,0.026840,0.065194,0.022874,-0.029769,-0.018013,-0.018160,3.141209
545.0,19.113274,19.756802,0.030925,0.031678,0.054840,0.022974,0.012159,-0.019716,-0.020020,3.141209
550.0,18.496725,19.110540,0.027352,0.029405,0.044869,0.010800,0.190536,-0.029101,-0.028872,3.141976
555.0,17.934450,18.260717,0.041786,0.040974,0.035282,-0.019526,0.141996,-0.029931,-0.029321,3.141976
560.0,17.351965,17.958929,0.024010,0.025602,0.025311,-0.022974,0.015084,-0.024947,-0.024670,3.141976
565.0,16.794615,17.179455,0.029932,0.029948,0.016490,-0.023189,0.009479,-0.024945,-0.025600,3.141976
570.0,16.275694,16.443785,0.039565,0.040195,0.007670,-0.023189,0.005164,-0.024959,-0.024189,3.141976
575.0,15.761874,16.085844,0.030601,0.031094,6.282419,-0.023246,0.020692,-0.025897,-0.026530,3.141976
580.0,15.252791,15.574872,0.026620,0.027493,6.273982,-0.010800,-0.200520,-0.015251,-0.016745,3.141593
585.0,14.770781,15.030424,0.027449,0.027961,6.265928,0.011473,-0.257261,-0.010624,-0.011163,3.141209
590.0,14.305572,14.457861,0.030624,0.030971,6.258258,0.022159,-0.049427,-0.017683,-0.018645,3.141209
595.0,13.875711,13.765891,0.044564,0.043675,6.251355,0.023074,-0.020343,-0.018631,-0.017229,3.141209
600.0,13.455199,13.547476,0.037126,0.036329,6.244452,0.023074,-0.007528,-0.019065,-0.020505,3.141209
605.0,13.035614,13.120344,0.036802,0.037075,6.237550,0.010772,0.214678,-0.030542,-0.029322,3.141593
610.0,12.630946,12.775063,0.033863,0.033897,6.230263,0.001030,0.026024,-0.023180,-0.022810,3.141593
615.0,12.213167,12.378373,0.027878,0.027541,6.223360,0.000172,-0.009654,-0.021669,-0.020949,3.141593
620.0,11.806165,12.044074,0.019237,0.020407,6.216841,-0.000215,0.006559,-0.022516,-0.022810,3.141593
625.0,11.420503,11.619964,0.017165,0.018813,6.210321,-0.000100,-0.002870,-0.022101,-0.021880,3.141593
630.0,11.043958,11.166609,0.016290,0.015868,6.204185,0.000014,-0.011107,-0.021718,-0.021397,3.141593
635.0,10.701500,10.789368,0.017715,0.019227,6.198433,-0.000014,0.003241,-0.022372,-0.021880,3.141593
640.0,10.370060,10.270101,0.025995,0.026202,6.193064,-0.000014,0.002068,-0.022326,-0.022327,3.141593
645.0,10.050605,10.012102,0.023507,0.024068,6.188079,0.000000,-0.012260,-0.021690,-0.021880,3.141593
650.0,9.743210,9.671947,0.025630,0.027174,6.182710,0.000100,-0.009604,-0.021769,-0.021880,3.141593
655.0,9.447675,9.345769,0.028064,0.026629,6.178108,-0.000014,0.002618,-0.022318,-0.021397,3.141593
660.0,9.172403,9.056747,0.031819,0.031263,6.173122,0.000000,0.002586,-0.022322,-0.021880,3.141593
665.0,8.881588,8.972035,0.021328,0.020460,6.168520,-0.000072,0.015188,-0.022918,-0.023257,3.141593
670.0,8.601444,8.672406,0.021216,0.021868,6.163918,-0.000043,-0.010278,-0.021797,-0.022810,3.141593
675.0,8.325494,8.402029,0.019157,0.019091,6.159317,0.000014,0.014048,-0.022847,-0.023257,3.141593
680.0,8.064732,7.983561,0.025583,0.024660,6.154715,0.000014,0.008196,-0.022584,-0.021397,3.141593
685.0,7.796349,7.852656,0.015982,0.017213,6.150113,-0.000100,-0.003711,-0.022110,-0.022810,3.141593
690.0,7.540063,7.497129,0.017606,0.017744,6.146278,0.000072,-0.003296,-0.022078,-0.022810,3.141593
695.0,7.293695,7.382596,0.009347,0.010362,6.142059,0.000029,-0.006919,-0.021906,-0.021880,3.141593
700.0,7.044125,7.194646,0.002214,0.002746,6.137841,-0.000072,0.006708,-0.022546,-0.022327,3.141593
705.0,6.826219,6.696343,0.014711,0.014322,6.134389,0.000057,-0.001090,-0.022171,-0.021397,3.141593
710.0,6.616666,6.487814,0.014979,0.013419,6.130938,0.000043,0.000414,-0.022235,-0.021397,3.141593
715.0,6.399319,6.491888,0.002819,0.004008,6.127486,0.000014,-0.008815,-0.021843,-0.021880,3.141593
720.0,6.205162,6.108257,0.011976,0.011622,6.124418,0.000014,0.015268,-0.022901,-0.023740,3.141593
725.0,6.022206,5.957236,0.012247,0.011621,6.121350,-0.000043,0.000960,-0.022282,-0.021397,3.141593
730.0,5.843801,5.850026,0.010563,0.011614,6.118282,0.000086,-0.014437,-0.021571,-0.021880,3.141593
735.0,5.651449,5.661535,0.008255,0.010015,6.114831,0.000057,-0.002302,-0.022097,-0.021880,3.141593
740.0,5.466169,5.412694,0.009159,0.009843,6.111763,-0.000129,0.034568,-0.023792,-0.021397,3.141593
745.0,5.298911,5.125508,0.014843,0.014623,6.109079,0.000000,-0.017682,-0.021491,-0.021880,3.141593
750.0,5.132160,5.179949,0.004498,0.004056,6.106394,-0.000057,-0.003728,-0.022115,-0.021880,3.141593
755.0,4.960296,4.949846,0.004685,0.003962,6.103326,0.000072,0.004049,-0.022418,-0.022810,3.141593
760.0,4.798278,4.732912,0.005557,0.005584,6.100642,-0.000014,-0.001745,-0.022173,-0.021880,3.141593
765.0,4.639126,4.593434,0.002720,0.003217,6.098341,-0.000029,0.002558,-0.022378,-0.022810,3.141593
770.0,4.499971,4.430028,0.004634,0.004783,6.095656,-0.000086,0.006236,-0.022564,-0.021880,3.141593
775.0,4.346926,4.408702,-0.003769,-0.003222,6.093355,0.000072,-0.013807,-0.021653,-0.021880,3.141593
780.0,4.220833,4.045783,0.008337,0.008871,6.091438,0.000086,-0.011456,-0.021721,-0.020949,3.141593
785.0,4.093662,4.138618,-0.000795,-0.000001,6.088753,0.000014,0.010164,-0.022695,-0.021880,3.141593
790.0,3.950232,3.923533,-0.000715,-0.000813,6.086836,-0.000057,-0.011137,-0.021800,-0.021880,3.141593
795.0,3.851830,3.648264,0.011571,0.011278,6.085302,-0.000129,-0.007217,-0.022041,-0.022810,3.141593
800.0,3.726774,3.814847,-0.002484,-0.001649,6.083001,0.000057,0.003112,-0.022443,-0.021880,3.141593
805.0,3.606206,3.577768,0.001734,0.002388,6.081083,0.000014,-0.006293,-0.022025,-0.021880,3.141593
810.0,3.510410,3.395015,0.008525,0.008041,6.079549,0.000157,-0.018451,-0.021412,-0.021880,3.141593
815.0,3.400391,3.417080,0.002390,0.002447,6.077632,0.000029,0.009504,-0.022649,-0.023257,3.141593
820.0,3.287045,3.337150,-0.000600,-0.000759,6.075715,0.000000,-0.002362,-0.022117,-0.022810,3.141593
825.0,3.173502,3.250890,-0.003997,-0.004808,6.073797,-0.000114,0.006498,-0.022543,-0.021397,3.141593
830.0,3.075926,3.007620,0.002598,0.002455,6.072263,-0.000029,0.009333,-0.022676,-0.023740,3.141593
835.0,2.968481,3.067291,-0.007095,-0.006632,6.070729,0.000057,-0.002708,-0.022109,-0.022327,3.141593
840.0,2.875560,2.935920,-0.005556,-0.005780,6.069195,0.000086,0.000582,-0.022229,-0.020913,3.141593
845.0,2.781959,2.821363,-0.005462,-0.005061,6.067278,-0.000072,0.007827,-0.022605,-0.023293,3.141593
850.0,2.691760,2.744668,-0.006809,-0.006661,6.066127,0.000014,-0.011926,-0.021738,-0.021397,3.141593
855.0,2.609324,2.526431,-0.000589,0.000000,6.064593,-0.000029,-0.019188,-0.021418,-0.021880,3.141593
860.0,2.543287,2.421185,0.003870,0.002627,6.063443,0.000014,0.026076,-0.023405,-0.023740,3.141593
865.0,2.463123,2.568959,-0.006535,-0.005802,6.062292,0.000043,-0.001090,-0.022186,-0.022810,3.141593
870.0,2.381634,2.366274,-0.002107,-0.000882,6.060758,-0.000029,-0.001314,-0.022202,-0.021397,3.141593
875.0,2.301216,2.373304,-0.007237,-0.007385,6.059608,-0.000086,0.011097,-0.022781,-0.022327,3.141593
880.0,2.227744,2.246897,-0.005291,-0.004922,6.058074,0.000014,-0.015311,-0.021600,-0.021880,3.141593
885.0,2.157413,2.124968,-0.003257,-0.003349,6.057307,-0.000014,0.003119,-0.022432,-0.021844,3.141593
890.0,2.101314,1.960267,0.003553,0.002672,6.056156,-0.000114,-0.002950,-0.022206,-0.021880,3.141593
895.0,2.023989,2.117177,-0.009143,-0.008270,6.055006,0.000086,0.000481,-0.022301,-0.021880,3.141593
900.0,1.958265,2.063097,-0.010218,-0.010727,6.053855,0.000072,0.000341,-0.022278,-0.022327,3.141593
905.0,1.890439,2.014137,-0.012377,-0.012518,6.052705,0.000014,0.007523,-0.022599,-0.022774,3.141593
910.0,1.829227,1.762833,-0.004410,-0.004253,6.051938,0.000114,0.003165,-0.022359,-0.020913,3.141593
915.0,1.771477,1.841587,-0.010676,-0.010718,6.050787,0.000014,-0.004332,-0.022053,-0.021880,3.141593
920.0,1.714949,1.665744,-0.005674,-0.005158,6.050020,0.000014,0.002069,-0.022340,-0.022810,3.141593
925.0,1.668375,1.607060,-0.003920,-0.004258,6.049253,0.000014,0.012107,-0.022769,-0.022810,3.141593
930.0,1.628033,1.578230,-0.002344,-0.003092,6.048103,0.000014,-0.009313,-0.021822,-0.021397,3.141593
935.0,1.576139,1.533797,-0.002968,-0.003087,6.047336,-0.000043,-0.004232,-0.022073,-0.022810,3.141593
940.0,1.513928,1.611908,-0.011694,-0.010064,6.046569,0.000029,-0.010152,-0.021787,-0.021880,3.141593
945.0,1.464069,1.458540,-0.007634,-0.007339,6.045802,0.000057,-0.015268,-0.021540,-0.021397,3.141593
950.0,1.423617,1.421178,-0.006866,-0.007617,6.045035,0.000000,0.009520,-0.022650,-0.022327,3.141593
955.0,1.378786,1.406484,-0.008345,-0.009150,6.044268,-0.000072,0.014646,-0.022914,-0.023740,3.141593
960.0,1.330446,1.420141,-0.012132,-0.011586,6.043118,-0.000014,0.013217,-0.022845,-0.022810,3.141593
965.0,1.280510,1.266840,-0.009155,-0.008528,6.042734,-0.000043,-0.002214,-0.022167,-0.020949,3.141593
970.0,1.244195,1.323099,-0.012640,-0.013404,6.041967,0.000072,-0.011874,-0.021719,-0.021880,3.141593
975.0,1.197132,1.273041,-0.014084,-0.014012,6.041200,0.000014,0.003966,-0.022423,-0.022810,3.141593
980.0,1.158476,1.039103,-0.005693,-0.005179,6.040433,0.000072,-0.006942,-0.021904,-0.022363,3.141593
985.0,1.125561,1.125462,-0.010462,-0.012189,6.040050,0.000000,-0.002222,-0.022109,-0.021880,3.141593
990.0,1.101428,1.076083,-0.007358,-0.007011,6.039666,0.000057,0.001930,-0.022269,-0.021397,3.141593
995.0,1.078483,1.068057,-0.005964,-0.006694,6.038899,-0.000057,0.025211,-0.023346,-0.024671,3.141593
1000.0,1.030226,1.097904,-0.012202,-0.011278,6.038516,-0.000114,0.011142,-0.022748,-0.022810,3.141593
1005.0,0.982291,1.050140,-0.015170,-0.014624,6.037748,0.000014,0.002910,-0.022363,-0.020949,3.141593
1010.0,0.952705,0.848177,-0.007346,-0.007936,6.037365,-0.000143,0.002704,-0.022434,-0.022810,3.141593
1015.0,0.941014,0.914922,-0.007533,-0.009699,6.036982,-0.000014,0.005333,-0.022534,-0.022327,3.141593
1020.0,0.913839,0.948160,-0.009858,-0.009442,6.036214,-0.000029,-0.006003,-0.022044,-0.022363,3.141593
1025.0,0.870459,0.964974,-0.015336,-0.015543,6.035831,0.000072,-0.015187,-0.021597,-0.021880,3.141593
1030.0,0.839251,0.768271,-0.008759,-0.008180,6.035448,0.000014,-0.007545,-0.021935,-0.021880,3.141593
1035.0,0.818211,0.783063,-0.009429,-0.009675,6.035064,0.000014,0.008968,-0.022647,-0.022810,3.141593
1040.0,0.786202,0.913585,-0.017887,-0.017731,6.034297,0.000057,-0.004691,-0.022021,-0.021880,3.141593
1045.0,0.767506,0.635181,-0.005295,-0.005402,6.033914,-0.000029,0.004420,-0.022441,-0.022810,3.141593
1050.0,0.745465,0.643527,-0.006347,-0.006102,6.033530,0.000057,-0.007389,-0.021890,-0.021880,3.141593
1055.0,0.722753,0.631023,-0.006753,-0.007024,6.033530,-0.000129,-0.000565,-0.022254,-0.020466,3.141593
1060.0,0.701619,0.662485,-0.008868,-0.009436,6.032763,-0.000086,-0.010658,-0.021847,-0.022810,3.141593
1065.0,0.677483,0.595766,-0.007436,-0.007024,6.032763,0.000000,0.018211,-0.023092,-0.022327,3.141593
1070.0,0.656192,0.616618,-0.009373,-0.008871,6.032380,0.000014,-0.016130,-0.021572,-0.021880,3.141593
1075.0,0.636152,0.647303,-0.011571,-0.010918,6.031996,0.000057,-0.001024,-0.022209,-0.021880,3.141593
1080.0,0.617360,0.673550,-0.013398,-0.012567,6.031612,-0.000014,-0.009616,-0.021841,-0.020466,3.141593
1085.0,0.595000,0.683132,-0.015414,-0.014416,6.031229,0.000000,-0.014193,-0.021650,-0.019536,3.141593
1090.0,0.568669,0.618053,-0.015146,-0.015530,6.030846,0.000014,0.012440,-0.022831,-0.022810,3.141593
1095.0,0.561547,0.439718,-0.005590,-0.005733,6.030846,-0.000043,0.001905,-0.022382,-0.023293,3.141593
1100.0,0.544757,0.592933,-0.013041,-0.013126,6.030462,0.000057,0.006872,-0.022571,-0.021880,3.141593
1105.0,0.522637,0.579860,-0.014407,-0.014423,6.030078,-0.000086,0.009275,-0.022728,-0.022327,3.141593
1110.0,0.516012,0.404731,-0.005144,-0.005725,6.029695,0.000057,-0.003258,-0.022141,-0.021397,3.141593
1115.0,0.495227,0.464660,-0.009645,-0.009800,6.029695,0.000086,-0.005551,-0.022017,-0.021880,3.141593
1120.0,0.474324,0.470032,-0.011843,-0.012199,6.029312,-0.000029,0.008066,-0.022639,-0.022327,3.141593
1125.0,0.458080,0.550960,-0.016440,-0.015521,6.028928,-0.000043,0.003858,-0.022462,-0.023293,3.141593
1130.0,0.448177,0.363011,-0.007732,-0.007405,6.028928,-0.000014,-0.001436,-0.022224,-0.022810,3.141593
1135.0,0.440361,0.542422,-0.014935,-0.015901,6.028544,0.000000,0.004568,-0.022474,-0.023257,3.141593
1140.0,0.425917,0.358362,-0.007549,-0.007950,6.028544,0.000072,0.005026,-0.022457,-0.021397,3.141593
1145.0,0.406079,0.412268,-0.012059,-0.011655,6.027778,0.000057,0.005070,-0.022453,-0.022327,3.141593
1150.0,0.382072,0.355637,-0.012735,-0.012582,6.027778,0.000029,-0.000804,-0.022187,-0.022810,3.141593
1155.0,0.379327,0.295656,-0.008508,-0.008876,6.027778,-0.000014,0.007986,-0.022578,-0.022327,3.141593
1160.0,0.378969,0.289691,-0.006155,-0.006486,6.027394,0.000014,-0.016578,-0.021489,-0.021397,3.141593
1165.0,0.358763,0.347598,-0.011216,-0.010730,6.027394,0.000086,-0.007261,-0.021870,-0.021880,3.141593
1170.0,0.337978,0.369518,-0.014904,-0.014293,6.027011,-0.000100,0.006600,-0.022535,-0.022810,3.141593
1175.0,0.313843,0.314851,-0.016086,-0.016826,6.026627,0.000057,0.004144,-0.022396,-0.021880,3.141593
1180.0,0.311317,0.225092,-0.010865,-0.010730,6.026627,0.000057,-0.010679,-0.021738,-0.021397,3.141593
1185.0,0.310864,0.229683,-0.009392,-0.009803,6.026627,0.000086,0.007893,-0.022537,-0.021397,3.141593
1190.0,0.310755,0.236952,-0.007962,-0.007949,6.026627,0.000000,-0.012654,-0.021647,-0.020019,3.141593
1195.0,0.310593,0.236667,-0.006215,-0.006095,6.026627,-0.000114,0.004048,-0.022452,-0.022810,3.141593
1200.0,0.310489,0.244903,-0.004838,-0.004635,6.026627,0.000043,0.002702,-0.022349,-0.021880,3.141593
1205.0,0.294467,0.406353,-0.013921,-0.013512,6.026244,0.000014,0.009458,-0.022653,-0.021880,3.141593
1210.0,0.272450,0.393804,-0.016723,-0.016295,6.025860,0.000043,0.009463,-0.022644,-0.021397,3.141593
1215.0,0.253753,0.406643,-0.020008,-0.019207,6.025477,0.000014,-0.003602,-0.022063,-0.022327,3.141593
1220.0,0.243700,0.203370,-0.011817,-0.012059,6.025477,0.000043,-0.002066,-0.022122,-0.021880,3.141593
1225.0,0.230616,0.358867,-0.020320,-0.018679,6.025093,0.000000,-0.008161,-0.021865,-0.020949,3.141593
1230.0,0.221030,0.174911,-0.013012,-0.012587,6.025093,-0.000014,0.019439,-0.023114,-0.023257,3.141593
1235.0,0.220059,0.157662,-0.011199,-0.011659,6.025093,-0.000014,-0.005565,-0.022023,-0.022327,3.141593
1240.0,0.219891,0.163937,-0.010256,-0.010329,6.025093,0.000000,0.001861,-0.022342,-0.022327,3.141593
1245.0,0.219730,0.177227,-0.009631,-0.010329,6.025093,0.000014,-0.000441,-0.022243,-0.021397,3.141593
1250.0,0.219682,0.172646,-0.008184,-0.008350,6.025093,0.000014,0.004714,-0.022476,-0.022810,3.141593
1255.0,0.212785,0.375428,-0.017529,-0.018155,6.024710,0.000072,-0.015173,-0.021561,-0.021397,3.141593
1260.0,0.186360,0.381905,-0.022653,-0.022390,6.024326,0.000057,-0.012220,-0.021680,-0.021397,3.141593
1265.0,0.175670,0.145276,-0.013506,-0.013923,6.024326,-0.000072,0.010018,-0.022701,-0.023257,3.141593
1270.0,0.174640,0.116483,-0.011450,-0.011252,6.024326,-0.000014,-0.005851,-0.021994,-0.022363,3.141593
1275.0,0.174454,0.121717,-0.010725,-0.010731,6.024326,0.000129,-0.009796,-0.021758,-0.021397,3.141593
1280.0,0.174301,0.133442,-0.010288,-0.010731,6.024326,0.000029,-0.010710,-0.021714,-0.020949,3.141593
1285.0,0.174319,0.141315,-0.009638,-0.008875,6.024326,-0.000057,-0.002589,-0.022112,-0.021397,3.141593
1290.0,0.174311,0.130854,-0.008179,-0.007832,6.024326,-0.000029,-0.002601,-0.022112,-0.021397,3.141593
1295.0,0.167313,0.328793,-0.017592,-0.018268,6.023943,-0.000086,-0.005321,-0.022024,-0.022327,3.141593
1300.0,0.146227,0.368149,-0.023223,-0.024247,6.023559,-0.000057,0.006285,-0.022545,-0.022810,3.141593
1305.0,0.130699,0.141611,-0.015870,-0.016302,6.023559,-0.000157,-0.008026,-0.021954,-0.022810,3.141593
1310.0,0.129254,0.085075,-0.012930,-0.013516,6.023559,-0.000043,0.009734,-0.022719,-0.023740,3.141593
1315.0,0.129071,0.096016,-0.012714,-0.012588,6.023559,0.000143,-0.002103,-0.022113,-0.021880,3.141593
1320.0,0.128978,0.092708,-0.011848,-0.011659,6.023559,-0.000129,0.010722,-0.022757,-0.021880,3.141593
1325.0,0.128880,0.091799,-0.011093,-0.011142,6.023559,-0.000072,0.008871,-0.022696,-0.023740,3.141593
1330.0,0.128846,0.107186,-0.011051,-0.010731,6.023559,-0.000014,-0.003188,-0.022145,-0.021397,3.141593
1335.0,0.128800,0.094587,-0.009767,-0.009802,6.023559,0.000086,-0.024127,-0.021199,-0.020466,3.141593
1340.0,0.128730,0.108450,-0.009668,-0.009802,6.023559,0.000086,-0.003505,-0.022094,-0.022363,3.141593
1345.0,0.128767,0.106358,-0.008834,-0.008357,6.023559,0.000043,-0.003033,-0.022105,-0.022327,3.141593
1350.0,0.110312,0.195571,-0.016303,-0.015889,6.023176,0.000014,-0.003440,-0.022086,-0.021397,3.141593
1355.0,0.106573,0.083811,-0.011556,-0.011659,6.023176,-0.000086,-0.001806,-0.022204,-0.023293,3.141593
1360.0,0.106198,0.073293,-0.010565,-0.010730,6.023176,0.000029,-0.002278,-0.022136,-0.021397,3.141593
1365.0,0.087706,0.172004,-0.018588,-0.018673,6.022792,-0.000129,-0.019408,-0.021460,-0.021880,3.141593
1370.0,0.084007,0.061107,-0.013994,-0.014958,6.022792,0.000014,-0.010374,-0.021826,-0.022810,3.141593
1375.0,0.083708,0.054256,-0.013268,-0.013516,6.022792,-0.000086,-0.000641,-0.022289,-0.022810,3.141593
1380.0,0.083558,0.059104,-0.013037,-0.012588,6.022792,0.000057,-0.004608,-0.022068,-0.022327,3.141593
1385.0,0.083504,0.063587,-0.012771,-0.013516,6.022792,0.000129,-0.008504,-0.021829,-0.021880,3.141593
1390.0,0.083424,0.064587,-0.012356,-0.012588,6.022792,-0.000057,-0.001303,-0.022187,-0.022810,3.141593
1395.0,0.083368,0.067436,-0.012020,-0.012588,6.022792,0.000057,-0.008629,-0.021822,-0.022810,3.141593
1400.0,0.083442,0.057738,-0.011094,-0.011146,6.022792,-0.000057,0.007563,-0.022560,-0.022810,3.141593
1405.0,0.083374,0.078960,-0.011580,-0.011243,6.022792,0.000014,-0.021335,-0.021258,-0.021880,3.141593
1410.0,0.083225,0.068538,-0.010681,-0.011659,6.022792,0.000086,0.012464,-0.022717,-0.022810,3.141593
1415.0,0.083300,0.082878,-0.010829,-0.010730,6.022792,0.000000,0.016507,-0.022911,-0.020949,3.141593
1420.0,0.071098,0.241394,-0.020191,-0.019090,6.022409,0.000043,0.000774,-0.022220,-0.021880,3.141593
1425.0,0.061685,0.068849,-0.014270,-0.014027,6.022409,0.000043,0.003574,-0.022340,-0.021397,3.141593
1430.0,0.060890,0.041216,-0.012867,-0.012587,6.022409,-0.000014,-0.001151,-0.022140,-0.022810,3.141593
1435.0,0.060816,0.047130,-0.012796,-0.013516,6.022409,0.000114,0.007860,-0.022473,-0.021397,3.141593
1440.0,0.060722,0.047017,-0.012465,-0.012587,6.022409,-0.000072,0.004052,-0.022360,-0.022810,3.141593
1445.0,0.060754,0.054440,-0.012440,-0.012169,6.022409,-0.000086,0.017020,-0.022971,-0.022810,3.141593
1450.0,0.060638,0.050298,-0.011939,-0.012077,6.022409,0.000014,0.003173,-0.022339,-0.022327,3.141593
1455.0,0.060704,0.049950,-0.011561,-0.011658,6.022409,-0.000043,0.012091,-0.022752,-0.022810,3.141593
1460.0,0.060670,0.042449,-0.010889,-0.011148,6.022409,-0.000014,0.020016,-0.023105,-0.023257,3.141593
1465.0,0.060555,0.054663,-0.011117,-0.011658,6.022409,0.000014,0.004870,-0.022432,-0.021880,3.141593
1470.0,0.060632,0.052665,-0.010666,-0.010219,6.022409,0.000057,-0.016027,-0.021486,-0.021397,3.141593
1475.0,0.060582,0.052688,-0.010336,-0.010729,6.022409,0.000057,-0.012720,-0.021625,-0.021880,3.141593
1480.0,0.060593,0.053704,-0.010036,-0.009801,6.022409,0.000043,-0.007419,-0.021853,-0.022810,3.141593
1485.0,0.053793,0.238147,-0.019449,-0.020020,6.022025,0.000057,-0.007864,-0.021812,-0.022327,3.141593
1490.0,0.039566,0.079381,-0.015346,-0.015375,6.022025,-0.000057,0.005420,-0.022424,-0.022327,3.141593
1495.0,0.038227,0.017598,-0.012672,-0.012587,6.022025,-0.000014,0.009846,-0.022621,-0.022327,3.141593
1500.0,0.038003,0.017289,-0.012491,-0.013008,6.022025,0.000114,-0.021063,-0.021215,-0.020949,3.141593
1505.0,0.038030,0.029563,-0.012811,-0.012587,6.022025,-0.000043,0.008936,-0.022570,-0.022810,3.141593
1510.0,0.037991,0.018408,-0.012104,-0.012079,6.022025,0.000114,-0.004353,-0.021925,-0.021397,3.141593
1515.0,0.038010,0.035763,-0.012654,-0.013096,6.022025,-0.000186,0.018662,-0.023063,-0.023740,3.141593
1520.0,0.037951,0.046083,-0.012910,-0.012587,6.022025,-0.000057,0.009551,-0.022666,-0.022327,3.141593
1525.0,0.037894,0.038860,-0.012386,-0.012587,6.022025,0.000014,-0.013238,-0.021652,-0.020466,3.141593
1530.0,0.037939,0.035821,-0.012024,-0.011658,6.022025,-0.000043,-0.008373,-0.021904,-0.021880,3.141593
1535.0,0.037889,0.030694,-0.011592,-0.011658,6.022025,0.000086,-0.006914,-0.021931,-0.021880,3.141593
1540.0,0.038014,0.022039,-0.010959,-0.011150,6.022025,0.000100,-0.016863,-0.021464,-0.021880,3.141593
1545.0,0.037926,0.040600,-0.011590,-0.011658,6.022025,0.000057,0.006646,-0.022484,-0.022810,3.141593
1550.0,0.037848,0.038478,-0.011300,-0.011658,6.022025,-0.000043,0.003506,-0.022373,-0.022810,3.141593
1555.0,0.037880,0.037526,-0.011036,-0.011238,6.022025,0.000072,0.001287,-0.022244,-0.021880,3.141593
1560.0,0.037896,0.028054,-0.010395,-0.010729,6.022025,-0.000100,0.010022,-0.022690,-0.023740,3.141593
1565.0,0.025676,0.219721,-0.021497,-0.020528,6.021642,0.000000,-0.002211,-0.022136,-0.022363,3.141593
1570.0,0.016304,0.022537,-0.014725,-0.014868,6.021642,-0.000086,0.009894,-0.022724,-0.023740,3.141593
1575.0,0.015512,0.004196,-0.013991,-0.013939,6.021642,-0.000086,-0.004450,-0.022128,-0.022810,3.141593
1580.0,0.015385,-0.003374,-0.013590,-0.013093,6.021642,0.000100,-0.003282,-0.022117,-0.021880,3.141593
1585.0,0.015401,0.002426,-0.013752,-0.013516,6.021642,0.000072,-0.006393,-0.021956,-0.021397,3.141593
1590.0,0.015365,-0.003798,-0.013392,-0.013516,6.021642,-0.000029,0.008366,-0.022637,-0.023293,3.141593
1595.0,0.015274,0.017369,-0.014266,-0.013939,6.021642,0.000072,-0.026289,-0.021063,-0.021397,3.141593
1600.0,0.015342,0.014100,-0.014014,-0.014023,6.021642,-0.000029,0.008957,-0.022635,-0.021397,3.141593
1605.0,0.015305,0.005985,-0.013571,-0.013010,6.021642,-0.000029,0.000763,-0.022297,-0.022810,3.141593
1610.0,0.015274,0.009708,-0.013655,-0.013516,6.021642,0.000029,-0.004401,-0.022052,-0.020466,3.141593
1615.0,0.015230,0.013130,-0.013731,-0.013939,6.021642,-0.000157,0.014339,-0.022958,-0.022810,3.141593
1620.0,0.015326,0.001006,-0.013078,-0.013516,6.021642,-0.000014,0.001708,-0.022391,-0.022810,3.141593
1625.0,0.015253,0.005316,-0.013199,-0.013516,6.021642,0.000114,-0.009500,-0.021829,-0.023293,3.141593
1630.0,0.015272,0.004990,-0.013091,-0.013010,6.021642,-0.000086,0.013745,-0.022904,-0.022327,3.141593
1635.0,0.015253,0.016982,-0.013543,-0.013516,6.021642,0.000029,-0.009926,-0.021835,-0.022810,3.141593
1640.0,0.015242,0.013167,-0.013289,-0.014023,6.021642,-0.000014,0.002008,-0.022392,-0.022363,3.141593
1645.0,0.015280,0.015577,-0.013298,-0.013600,6.021642,-0.000100,-0.001157,-0.022285,-0.021397,3.141593
1650.0,0.015194,0.017008,-0.013296,-0.013516,6.021642,-0.000014,-0.010617,-0.021886,-0.022363,3.141593
1655.0,0.008376,0.204062,-0.023085,-0.023818,6.021258,0.000114,0.003904,-0.022476,-0.022327,3.141593
1660.0,-0.005831,0.023211,-0.018252,-0.018163,6.021258,-0.000072,-0.007508,-0.022014,-0.021844,3.141593
1665.0,-0.007131,-0.018869,-0.016703,-0.016729,6.021258,-0.000072,-0.014838,-0.021710,-0.022810,3.141593
1670.0,-0.007260,-0.015172,-0.016931,-0.016808,6.021258,0.000100,0.008347,-0.022660,-0.023293,3.141593
1675.0,-0.007129,-0.034651,-0.016063,-0.015879,6.021258,-0.000014,0.009481,-0.022720,-0.022327,3.141593
1680.0,-0.000383,-0.204530,-0.007002,-0.006505,6.021642,-0.000072,0.004715,-0.022537,-0.022810,3.141593
1685.0,0.013602,-0.020248,-0.011994,-0.012587,6.021642,0.000014,-0.000222,-0.022299,-0.022327,3.141593
1690.0,0.014972,0.014701,-0.013160,-0.013516,6.021642,0.000100,0.007140,-0.022587,-0.020949,3.141593
1695.0,0.015095,0.017752,-0.013186,-0.013516,6.021642,-0.000057,-0.003947,-0.022148,-0.021880,3.141593
1700.0,0.015069,0.012569,-0.012879,-0.013010,6.021642,-0.000057,0.006828,-0.022637,-0.024223,3.141593
1705.0,0.015137,0.008349,-0.012592,-0.013010,6.021642,-0.000043,0.004147,-0.022508,-0.022810,3.141593
1710.0,0.015117,0.019236,-0.012999,-0.013516,6.021258,0.000057,-0.006155,-0.022018,-0.021397,3.141593
1715.0,-0.017071,0.242544,-0.030228,-0.028387,6.020875,-0.000057,0.011151,-0.022823,-0.022327,3.141593
1720.0,-0.028716,-0.013059,-0.021616,-0.022308,6.020875,0.000029,-0.002835,-0.022192,-0.022327,3.141593
1725.0,-0.029592,-0.046970,-0.020454,-0.020022,6.020875,0.000057,-0.003779,-0.022118,-0.021880,3.141593
1730.0,-0.013797,-0.196827,-0.010331,-0.010728,6.021642,0.000057,-0.013368,-0.021690,-0.021880,3.141593
1735.0,0.024274,-0.253178,0.000828,-0.000509,6.022025,-0.000057,0.013930,-0.022927,-0.022327,3.141593
1740.0,0.036287,0.026252,-0.008723,-0.008362,6.022025,0.000029,-0.014194,-0.021673,-0.020466,3.141593
1745.0,0.037340,0.053780,-0.009516,-0.009800,6.022025,0.000043,-0.010876,-0.021812,-0.021397,3.141593
1750.0,0.025336,0.232080,-0.019986,-0.018585,6.021642,0.000114,-0.009525,-0.021821,-0.021880,3.141593
1755.0,-0.002337,0.127122,-0.021522,-0.020526,6.021258,-0.000057,-0.002037,-0.022183,-0.021844,3.141593
1760.0,-0.019062,0.172740,-0.027378,-0.026101,6.020875,0.000086,-0.000394,-0.022204,-0.020913,3.141593
1765.0,-0.028791,-0.023484,-0.020978,-0.021454,6.020875,-0.000057,-0.007642,-0.021921,-0.022810,3.141593
1770.0,-0.029696,-0.041963,-0.020515,-0.019595,6.020875,-0.000086,0.004737,-0.022486,-0.022327,3.141593
1775.0,-0.029846,-0.042124,-0.020702,-0.020951,6.020875,0.000086,-0.018882,-0.021395,-0.021880,3.141593
1780.0,0.000764,-0.318175,-0.001576,-0.003211,6.021642,-0.000029,0.002359,-0.022359,-0.022327,3.141593
1785.0,0.013876,-0.013846,-0.012105,-0.011658,6.021642,-0.000100,-0.001560,-0.022220,-0.020949,3.141593
1790.0,0.014884,0.019873,-0.013304,-0.013010,6.021642,-0.000029,-0.014958,-0.021627,-0.021880,3.141593
1795.0,0.015079,0.020301,-0.013198,-0.013516,6.021642,0.000029,0.005263,-0.022506,-0.022810,3.141593
1800.0,0.015042,0.026961,-0.013423,-0.012587,6.021642,-0.000114,0.009038,-0.022710,-0.022327,3.141593
1805.0,0.015069,0.022167,-0.013124,-0.012587,6.021642,0.000114,-0.000352,-0.022230,-0.021397,3.141593
1810.0,0.002911,0.204590,-0.023932,-0.022810,6.021258,0.000000,-0.010096,-0.021822,-0.021880,3.141593
1815.0,-0.022389,0.156397,-0.027562,-0.027031,6.020875,-0.000057,0.007439,-0.022620,-0.022810,3.141593
1820.0,-0.029207,-0.031068,-0.020902,-0.020951,6.020875,-0.000029,-0.003810,-0.022118,-0.023293,3.141593
1825.0,-0.029753,-0.055386,-0.020098,-0.020022,6.020875,0.000000,0.011832,-0.022785,-0.022810,3.141593
1830.0,-0.029830,-0.044811,-0.020570,-0.020022,6.020875,-0.000043,-0.005977,-0.022012,-0.022363,3.141593
1835.0,-0.011444,-0.133781,-0.012733,-0.013516,6.021642,-0.000072,0.004324,-0.022487,-0.022327,3.141593
1840.0,0.024374,-0.233308,-0.000161,-0.001858,6.022025,0.000029,0.008407,-0.022639,-0.021844,3.141593
1845.0,0.036288,0.036033,-0.009285,-0.008871,6.022025,0.000043,0.004197,-0.022453,-0.021880,3.141593
1850.0,0.037279,0.047296,-0.009369,-0.008871,6.022025,-0.000014,-0.018042,-0.021502,-0.021397,3.141593
1855.0,0.025268,0.222632,-0.019712,-0.018588,6.021258,0.000014,-0.001878,-0.022214,-0.021397,3.141593
1860.0,-0.004048,0.098495,-0.020791,-0.020449,6.020875,0.000014,0.000012,-0.022301,-0.021397,3.141593
1865.0,-0.027038,0.035983,-0.023311,-0.023313,6.020875,0.000057,-0.020532,-0.021379,-0.022363,3.141593
1870.0,-0.029420,-0.056656,-0.019870,-0.020022,6.020875,0.000129,-0.011117,-0.021731,-0.021880,3.141593
1875.0,-0.029774,-0.055254,-0.020169,-0.020022,6.020875,0.000000,-0.002728,-0.022116,-0.022810,3.141593
1880.0,-0.023038,-0.231894,-0.010936,-0.010728,6.021258,-0.000086,0.006681,-0.022574,-0.023293,3.141593
1885.0,0.007136,-0.203168,-0.005423,-0.005576,6.021642,-0.000072,-0.000527,-0.022272,-0.022810,3.141593
1890.0,0.026459,-0.165146,-0.002669,-0.003717,6.022025,0.000043,0.001771,-0.022343,-0.020949,3.141593
1895.0,0.036446,0.029449,-0.008897,-0.008871,6.022025,-0.000172,-0.008633,-0.021961,-0.021880,3.141593
1900.0,0.037306,0.062313,-0.009973,-0.009800,6.022025,-0.000072,0.013605,-0.022965,-0.023740,3.141593
1905.0,0.014724,0.392286,-0.029612,-0.029740,6.021258,0.000129,-0.008246,-0.021930,-0.020913,3.141593
1910.0,-0.005334,0.047136,-0.018775,-0.019172,6.021258,0.000172,-0.031831,-0.020838,-0.020466,3.141593
1915.0,-0.025608,0.080635,-0.024938,-0.024242,6.020875,0.000086,-0.000154,-0.022219,-0.021397,3.141593
1920.0,-0.029440,-0.042660,-0.020464,-0.020951,6.020875,0.000014,-0.015477,-0.021544,-0.021880,3.141593
1925.0,-0.029776,-0.052517,-0.020257,-0.020524,6.020875,0.000029,0.006081,-0.022486,-0.022810,3.141593
1930.0,-0.023072,-0.225785,-0.011181,-0.010303,6.021258,0.000057,0.015814,-0.022896,-0.023776,3.141593
1935.0,0.003317,-0.249014,-0.004230,-0.005576,6.021642,-0.000057,-0.008828,-0.021845,-0.022327,3.141593
1940.0,0.014014,-0.007676,-0.012499,-0.012080,6.021642,-0.000072,-0.011575,-0.021743,-0.021397,3.141593
1945.0,0.014879,0.025135,-0.013689,-0.013939,6.021642,-0.000043,0.006089,-0.022529,-0.022327,3.141593
1950.0,0.014945,0.024530,-0.013570,-0.013939,6.021642,-0.000086,0.013629,-0.022895,-0.022327,3.141593
1955.0,0.015031,0.020559,-0.013294,-0.013516,6.021642,-0.000029,-0.009859,-0.021863,-0.023293,3.141593
1960.0,0.015081,0.026601,-0.013472,-0.013516,6.021642,0.000057,-0.004209,-0.022067,-0.021397,3.141593
1965.0,-0.003417,0.120122,-0.021793,-0.021378,6.020875,0.000114,-0.012349,-0.021665,-0.021880,3.141593
1970.0,-0.027063,0.038499,-0.023612,-0.023237,6.020875,-0.000029,-0.013704,-0.021633,-0.021397,3.141593
1975.0,-0.029533,-0.049759,-0.020391,-0.020524,6.020875,0.000057,-0.013720,-0.021596,-0.021880,3.141593
1980.0,-0.029803,-0.045427,-0.020554,-0.020449,6.020875,0.000029,0.004416,-0.022377,-0.022810,3.141593
1985.0,-0.030001,-0.031447,-0.021159,-0.020951,6.021258,0.000014,0.007290,-0.022498,-0.022846,3.141593
1990.0,-0.003060,-0.290812,-0.004074,-0.004224,6.021642,0.000014,0.008382,-0.022548,-0.021397,3.141593
1995.0,0.031714,-0.121098,-0.003670,-0.003717,6.022025,0.000014,-0.008122,-0.021828,-0.020913,3.141593
2000.0,0.036939,0.046801,-0.009780,-0.009291,6.022025,0.000029,-0.016176,-0.021472,-0.020466,3.141593
2005.0,0.037318,0.063360,-0.010239,-0.010220,6.022025,-0.000057,-0.005367,-0.021992,-0.021880,3.141593
2010.0,0.006847,0.344081,-0.029500,-0.027961,6.021258,0.000057,-0.000426,-0.022186,-0.022327,3.141593
2015.0,-0.024494,0.108554,-0.026164,-0.026603,6.020875,0.000072,-0.004533,-0.021976,-0.021397,3.141593
2020.0,-0.029277,-0.044382,-0.020579,-0.020951,6.020875,-0.000014,0.000486,-0.022234,-0.021397,3.141593
2025.0,-0.029731,-0.048370,-0.020504,-0.020951,6.020875,-0.000014,0.001149,-0.022251,-0.023293,3.141593
2030.0,-0.029899,-0.042030,-0.020723,-0.020524,6.020875,-0.000029,0.009850,-0.022629,-0.022327,3.141593
2035.0,-0.014067,-0.191736,-0.011025,-0.011658,6.021642,-0.000114,0.010042,-0.022697,-0.022327,3.141593
2040.0,0.011979,-0.072836,-0.010408,-0.010812,6.021642,-0.000014,-0.004499,-0.022050,-0.023776,3.141593
2045.0,0.014729,0.016668,-0.013701,-0.014023,6.021642,-0.000014,-0.000718,-0.022214,-0.021880,3.141593
2050.0,0.015017,0.019835,-0.013697,-0.013939,6.021642,0.000014,-0.005550,-0.021994,-0.021397,3.141593
2055.0,0.015035,0.035185,-0.014297,-0.013516,6.021642,-0.000014,0.000315,-0.022284,-0.022810,3.141593
2060.0,0.014994,0.026479,-0.013841,-0.014023,6.021642,0.000114,-0.016517,-0.021484,-0.020913,3.141593
2065.0,0.008227,0.216557,-0.023760,-0.025093,6.021258,-0.000114,0.006959,-0.022591,-0.022327,3.141593
2070.0,-0.021812,0.180154,-0.028974,-0.029317,6.020875,0.000086,-0.007775,-0.021892,-0.020913,3.141593
2075.0,-0.029181,-0.026412,-0.021512,-0.021454,6.020875,0.000057,-0.019022,-0.021397,-0.021397,3.141593
2080.0,-0.029798,-0.042267,-0.020784,-0.020951,6.020875,0.000029,0.014651,-0.022880,-0.022327,3.141593
2085.0,-0.030014,-0.030609,-0.021286,-0.021378,6.020875,-0.000014,0.010070,-0.022690,-0.023293,3.141593
2090.0,0.000676,-0.330152,-0.001726,-0.003717,6.021642,0.000014,-0.018317,-0.021432,-0.021880,3.141593
2095.0,0.013844,-0.017429,-0.012615,-0.012587,6.022025,0.000014,0.002147,-0.022322,-0.021397,3.141593
2100.0,0.034879,-0.016422,-0.007754,-0.007942,6.022025,0.000043,0.003764,-0.022391,-0.023293,3.141593
2105.0,0.037229,0.057285,-0.010312,-0.010220,6.022025,-0.000057,0.001445,-0.022301,-0.021880,3.141593
2110.0,0.030583,0.245272,-0.019994,-0.020950,6.021642,0.000057,-0.026850,-0.021031,-0.021880,3.141593
2115.0,-0.008640,0.340593,-0.033055,-0.032180,6.020875,0.000057,0.012621,-0.022747,-0.022810,3.141593
2120.0,-0.027829,0.004940,-0.022565,-0.021956,6.020875,-0.000057,-0.005221,-0.021990,-0.020466,3.141593
2125.0,-0.029633,-0.041057,-0.020959,-0.021378,6.020875,-0.000086,0.016822,-0.022994,-0.023257,3.141593
2130.0,-0.029805,-0.043925,-0.020737,-0.020951,6.020875,-0.000043,0.032336,-0.023686,-0.023257,3.141593
2135.0,-0.023087,-0.225892,-0.011681,-0.011657,6.021258,-0.000014,0.002973,-0.022392,-0.022327,3.141593
2140.0,0.007070,-0.212932,-0.005472,-0.005576,6.021642,0.000057,0.006336,-0.022513,-0.022327,3.141593
2145.0,0.014369,0.008056,-0.013595,-0.013516,6.021642,-0.000043,0.023356,-0.023293,-0.023257,3.141593
2150.0,0.014872,0.012412,-0.013601,-0.013939,6.021642,-0.000014,-0.009089,-0.021880,-0.022363,3.141593
2155.0,0.014954,0.031726,-0.014365,-0.014445,6.021642,-0.000057,0.033987,-0.023804,-0.024187,3.141593
2160.0,0.015042,0.019806,-0.013733,-0.013939,6.021642,-0.000114,0.007866,-0.022684,-0.024223,3.141593
2165.0,0.002815,0.223221,-0.025495,-0.024748,6.021258,0.000057,0.008406,-0.022659,-0.023257,3.141593
2170.0,-0.006461,0.012066,-0.018209,-0.019092,6.021258,0.000029,-0.002323,-0.022166,-0.023293,3.141593
2175.0,-0.007278,-0.014397,-0.017252,-0.017233,6.021258,-0.000043,-0.005876,-0.022006,-0.020913,3.141593
2180.0,-0.007428,-0.006043,-0.017699,-0.017658,6.021258,0.000072,-0.012995,-0.021667,-0.022363,3.141593
2185.0,-0.007401,-0.008130,-0.017640,-0.016808,6.021258,-0.000029,-0.001017,-0.022201,-0.022327,3.141593
2190.0,-0.007403,-0.009299,-0.017629,-0.018163,6.021258,0.000014,-0.005351,-0.021995,-0.020466,3.141593
2195.0,-0.007351,-0.005516,-0.017823,-0.018163,6.021258,0.000014,-0.002302,-0.022124,-0.021880,3.141593
2200.0,-0.007417,-0.005758,-0.017866,-0.018163,6.021258,-0.000014,-0.006641,-0.021933,-0.022810,3.141593
2205.0,-0.007340,-0.017437,-0.017365,-0.017738,6.021258,0.000014,-0.009561,-0.021787,-0.021880,3.141593
2210.0,0.004728,-0.194641,-0.006770,-0.007941,6.021642,0.000029,0.002200,-0.022297,-0.020913,3.141593
2215.0,0.014101,-0.005253,-0.013022,-0.013010,6.021642,-0.000114,0.009459,-0.022675,-0.023740,3.141593
2220.0,0.014924,0.013176,-0.013579,-0.013516,6.021642,-0.000057,0.008946,-0.022654,-0.021844,3.141593
2225.0,0.015008,0.023905,-0.013959,-0.013516,6.021642,0.000057,-0.004778,-0.022019,-0.022363,3.141593
2230.0,0.008217,0.218896,-0.024103,-0.024668,6.021258,0.000086,-0.006083,-0.021925,-0.022363,3.141593
2235.0,-0.005906,0.034151,-0.019080,-0.019172,6.021258,-0.000129,0.010559,-0.022725,-0.023740,3.141593
2240.0,-0.007267,0.000251,-0.017915,-0.017738,6.021258,0.000043,-0.017353,-0.021449,-0.021397,3.141593
2245.0,-0.007351,-0.011269,-0.017458,-0.017233,6.021258,0.000000,0.015247,-0.022901,-0.023257,3.141593
2250.0,-0.007401,-0.010182,-0.017557,-0.018163,6.021258,0.000157,-0.014829,-0.021504,-0.021880,3.141593
2255.0,-0.007398,-0.018690,-0.017215,-0.017233,6.021258,-0.000057,-0.000409,-0.022179,-0.022327,3.141593
2260.0,-0.007421,-0.011070,-0.017601,-0.017738,6.021258,0.000014,-0.019847,-0.021308,-0.021397,3.141593
2265.0,-0.007342,-0.017998,-0.017311,-0.017738,6.021258,0.000029,-0.005991,-0.021909,-0.021880,3.141593
2270.0,-0.007457,-0.007230,-0.017860,-0.017658,6.021258,0.000043,0.000032,-0.022166,-0.022363,3.141593
2275.0,-0.007383,-0.005922,-0.017940,-0.017233,6.021258,0.000000,0.001849,-0.022239,-0.019536,3.141593
2280.0,-0.007435,-0.010031,-0.017810,-0.017738,6.021258,0.000000,-0.018068,-0.021370,-0.021397,3.141593
2285.0,-0.007355,-0.016183,-0.017556,-0.016729,6.021258,0.000072,-0.018346,-0.021330,-0.021433,3.141593
2290.0,-0.007448,-0.008839,-0.017947,-0.018163,6.021258,-0.000072,0.002573,-0.022286,-0.021880,3.141593
2295.0,-0.007415,0.002588,-0.018488,-0.018667,6.021258,0.000000,0.020160,-0.023066,-0.022810,3.141593
2300.0,-0.007401,-0.004494,-0.018209,-0.017738,6.021258,0.000014,0.000914,-0.022217,-0.022810,3.141593
2305.0,-0.007499,-0.012663,-0.017911,-0.018163,6.021258,-0.000029,0.004487,-0.022389,-0.022810,3.141593
2310.0,-0.007401,-0.013583,-0.017887,-0.017738,6.021258,-0.000029,0.000444,-0.022215,-0.023293,3.141593
2315.0,-0.007424,-0.009522,-0.018114,-0.017658,6.021258,0.000129,0.002815,-0.022248,-0.022327,3.141593
2320.0,-0.007485,-0.004697,-0.018386,-0.018163,6.021258,-0.000086,0.016291,-0.022907,-0.022810,3.141593
2325.0,-0.007423,-0.010667,-0.018147,-0.018163,6.021258,-0.000100,0.009864,-0.022649,-0.023293,3.141593
2330.0,-0.007296,-0.020770,-0.017704,-0.017233,6.021258,0.000014,0.012728,-0.022751,-0.022327,3.141593
2335.0,-0.007462,-0.000532,-0.018685,-0.019092,6.021258,0.000000,0.021224,-0.023138,-0.023740,3.141593
2340.0,-0.007428,-0.017768,-0.017950,-0.017233,6.021258,-0.000057,-0.000566,-0.022199,-0.022327,3.141593
2345.0,-0.007478,-0.006308,-0.018514,-0.018163,6.021258,-0.000072,0.013279,-0.022834,-0.022810,3.141593
2350.0,-0.007483,-0.016893,-0.018086,-0.018163,6.021258,0.000086,-0.000083,-0.022195,-0.022363,3.141593
2355.0,-0.007485,-0.005780,-0.018624,-0.019596,6.021258,-0.000072,0.015545,-0.022932,-0.023293,3.141593
2360.0,-0.007437,-0.005102,-0.018684,-0.019092,6.021258,0.000057,-0.005063,-0.021981,-0.022327,3.141593
2365.0,0.004742,-0.187331,-0.007840,-0.008870,6.021642,-0.000057,0.007371,-0.022543,-0.022327,3.141593
2370.0,0.014098,-0.001936,-0.013919,-0.013516,6.021642,-0.000029,-0.001665,-0.022157,-0.021397,3.141593
2375.0,0.014933,0.018812,-0.014578,-0.014445,6.021642,0.000000,0.004425,-0.022426,-0.023293,3.141593
2380.0,0.014911,0.029640,-0.014990,-0.014952,6.021642,0.000014,-0.017029,-0.021465,-0.022363,3.141593
2385.0,0.015058,0.019588,-0.014429,-0.014445,6.021642,-0.000014,0.008891,-0.022599,-0.022810,3.141593
2390.0,0.008224,0.207757,-0.024278,-0.025173,6.021258,-0.000014,-0.004116,-0.022024,-0.023293,3.141593
2395.0,-0.005867,0.037120,-0.019875,-0.020021,6.021258,0.000086,0.002503,-0.022263,-0.022327,3.141593
2400.0,-0.007271,-0.003413,-0.018424,-0.017738,6.021258,-0.000072,-0.001002,-0.022150,-0.021880,3.141593
2405.0,-0.007428,-0.018983,-0.017807,-0.018163,6.021258,-0.000057,-0.002318,-0.022116,-0.020913,3.141593
2410.0,-0.007342,-0.012936,-0.018095,-0.018163,6.021258,0.000057,-0.007576,-0.021850,-0.021880,3.141593
2415.0,-0.007381,-0.007858,-0.018368,-0.017738,6.021258,-0.000086,-0.016673,-0.021496,-0.021433,3.141593
2420.0,-0.007371,-0.007438,-0.018423,-0.017738,6.021258,-0.000014,0.011042,-0.022720,-0.022327,3.141593
2425.0,-0.007374,-0.009212,-0.018384,-0.018163,6.021642,-0.000114,0.006278,-0.022569,-0.022810,3.141593
2430.0,0.012551,-0.049787,-0.012040,-0.013010,6.021642,0.000014,0.001812,-0.022341,-0.023293,3.141593
2435.0,0.014777,0.021913,-0.014655,-0.014445,6.021642,0.000057,0.003968,-0.022398,-0.021880,3.141593
2440.0,0.015035,0.017651,-0.014328,-0.014445,6.021642,-0.000086,0.006304,-0.022562,-0.022810,3.141593
2445.0,0.015065,0.020337,-0.014360,-0.014023,6.021642,-0.000014,-0.004842,-0.022047,-0.021397,3.141593
2450.0,0.015038,0.016882,-0.014133,-0.014445,6.021642,-0.000014,-0.008493,-0.021886,-0.023293,3.141593
2455.0,0.002993,0.189689,-0.024483,-0.023739,6.021258,-0.000043,-0.001688,-0.022188,-0.022327,3.141593
2460.0,-0.006452,0.012180,-0.018736,-0.019092,6.021258,-0.000100,-0.007199,-0.021975,-0.023776,3.141593
2465.0,-0.007272,-0.008966,-0.018017,-0.018163,6.021258,0.000057,0.006633,-0.022528,-0.022810,3.141593
2470.0,-0.007408,-0.000084,-0.018483,-0.018163,6.021258,0.000143,-0.005097,-0.021958,-0.023293,3.141593
2475.0,-0.007351,-0.018886,-0.017670,-0.017658,6.021258,0.000000,0.009625,-0.022603,-0.022327,3.141593
2480.0,-0.007358,-0.005180,-0.018321,-0.018163,6.021258,0.000014,-0.011073,-0.021692,-0.020019,3.141593
2485.0,-0.007419,-0.006315,-0.018325,-0.018163,6.021258,0.000043,-0.010885,-0.021698,-0.021397,3.141593
2490.0,-0.007406,-0.010244,-0.018187,-0.018667,6.021258,0.000057,0.000228,-0.022177,-0.023293,3.141593
2495.0,-0.007389,-0.002255,-0.018578,-0.018163,6.021258,0.000043,0.005237,-0.022391,-0.021880,3.141593
2500.0,0.008479,-0.158119,-0.008057,-0.009376,6.021642,-0.000014,0.016639,-0.022907,-0.022327,3.141593
2505.0,0.014534,0.006335,-0.013940,-0.014362,6.021642,-0.000029,-0.005669,-0.021946,-0.022327,3.141593
2510.0,0.014942,0.026824,-0.014684,-0.015375,6.021642,-0.000215,0.001480,-0.022358,-0.021397,3.141593
2515.0,0.015087,0.023934,-0.014440,-0.013939,6.021642,-0.000072,-0.008508,-0.021919,-0.021397,3.141593
2520.0,0.015002,0.028509,-0.014586,-0.014445,6.021642,0.000157,-0.018027,-0.021423,-0.021397,3.141593
2525.0,0.015104,0.011339,-0.013716,-0.013939,6.021642,0.000014,-0.000773,-0.022197,-0.022327,3.141593
2530.0,-0.000835,0.171602,-0.024408,-0.023739,6.021258,-0.000057,0.003759,-0.022423,-0.023293,3.141593
2535.0,-0.006791,0.001241,-0.018196,-0.018163,6.021258,0.000043,-0.011541,-0.021710,-0.022810,3.141593
2540.0,-0.007326,-0.000873,-0.018260,-0.017736,6.020875,0.000072,-0.016174,-0.021477,-0.021397,3.141593
2545.0,-0.027378,0.024697,-0.023604,-0.023740,6.020875,-0.000029,0.007959,-0.022561,-0.025118,3.141593
2550.0,-0.029751,-0.025164,-0.021596,-0.021881,6.020875,0.000029,-0.004229,-0.022008,-0.022810,3.141593
2555.0,-0.030116,-0.023031,-0.021743,-0.021455,6.021258,0.000014,0.013209,-0.022772,-0.022810,3.141593
2560.0,0.002275,-0.272809,-0.004491,-0.006082,6.021642,0.000072,0.002278,-0.022264,-0.021880,3.141593
2565.0,0.013987,-0.011463,-0.013420,-0.013432,6.021642,-0.000043,0.008135,-0.022575,-0.021397,3.141593
2570.0,0.014961,0.018588,-0.014459,-0.014445,6.021642,-0.000043,-0.011365,-0.021738,-0.021880,3.141593
2575.0,0.014963,0.034452,-0.015089,-0.014868,6.021642,-0.000215,0.002607,-0.022439,-0.024223,3.141593
2580.0,0.015024,0.018469,-0.014283,-0.014445,6.021642,0.000057,-0.008624,-0.021877,-0.020019,3.141593
2585.0,0.015087,0.017162,-0.014129,-0.013939,6.021642,0.000029,-0.012683,-0.021700,-0.020466,3.141593
2590.0,-0.003290,0.110453,-0.022410,-0.021880,6.021258,0.000014,0.005732,-0.022527,-0.021397,3.141593
2595.0,-0.007031,-0.004950,-0.018148,-0.018163,6.021258,-0.000014,-0.007125,-0.021967,-0.021397,3.141593
2600.0,-0.007296,-0.011448,-0.017954,-0.017738,6.021258,0.000086,-0.001826,-0.022169,-0.021880,3.141593
2605.0,-0.007406,-0.013867,-0.017912,-0.017738,6.021258,-0.000014,0.003358,-0.022420,-0.023293,3.141593
2610.0,-0.007305,-0.015457,-0.017855,-0.017738,6.021258,-0.000014,0.011139,-0.022748,-0.022327,3.141593
2615.0,-0.007412,-0.013698,-0.017997,-0.018163,6.021258,0.000057,0.001816,-0.022313,-0.023293,3.141593
2620.0,-0.007424,-0.005398,-0.018410,-0.018163,6.021258,0.000100,0.008031,-0.022537,-0.021397,3.141593
2625.0,-0.007430,-0.010937,-0.018205,-0.018163,6.021258,0.000029,-0.012286,-0.021646,-0.022810,3.141593
2630.0,-0.007423,-0.020532,-0.017815,-0.018163,6.021258,0.000114,-0.002498,-0.022012,-0.022327,3.141593
2635.0,-0.007389,-0.005044,-0.018536,-0.018163,6.021258,0.000000,0.007244,-0.022442,-0.022327,3.141593
2640.0,-0.007372,-0.008389,-0.018422,-0.018667,6.021258,-0.000014,0.004616,-0.022337,-0.022810,3.141593
2645.0,-0.007433,-0.016930,-0.018096,-0.017233,6.021258,-0.000029,0.002692,-0.022258,-0.021397,3.141593
2650.0,-0.007405,-0.013310,-0.018291,-0.017738,6.021258,-0.000086,0.002920,-0.022307,-0.022810,3.141593
2655.0,0.010990,-0.089620,-0.010721,-0.012080,6.021642,-0.000014,-0.002336,-0.022062,-0.022327,3.141593
2660.0,0.014711,0.010096,-0.014246,-0.014445,6.021642,0.000014,-0.004393,-0.021948,-0.022363,3.141593
2665.0,0.014945,0.025241,-0.014789,-0.015375,6.021642,-0.000086,0.005049,-0.022405,-0.022327,3.141593
2670.0,0.014974,0.025798,-0.014730,-0.015375,6.021642,0.000057,-0.023300,-0.021119,-0.021397,3.141593
2675.0,0.008215,0.216358,-0.024667,-0.024668,6.021258,-0.000014,0.010746,-0.022633,-0.021397,3.141593
2680.0,-0.018033,0.204497,-0.030100,-0.029317,6.020875,0.000086,-0.015380,-0.021443,-0.020949,3.141593
2685.0,-0.028895,0.007781,-0.023015,-0.022383,6.020875,-0.000114,0.015084,-0.022859,-0.022327,3.141593
2690.0,-0.030003,-0.021170,-0.021863,-0.021881,6.020875,-0.000057,-0.012609,-0.021655,-0.022363,3.141593
2695.0,-0.030105,-0.025207,-0.021708,-0.021881,6.020875,-0.000057,0.011610,-0.022753,-0.022810,3.141593
2700.0,-0.007271,-0.385835,-0.001986,-0.001859,6.021642,0.000000,0.007781,-0.022577,-0.022810,3.141593
2705.0,0.019877,-0.235253,-0.002506,-0.001858,6.022025,0.000043,-0.007485,-0.021875,-0.022810,3.141593
2710.0,0.035827,0.006855,-0.009514,-0.009291,6.022025,0.000043,0.001821,-0.022265,-0.021397,3.141593
2715.0,0.037395,0.055227,-0.011117,-0.010729,6.022025,0.000043,-0.011200,-0.021681,-0.021880,3.141593
2720.0,0.030652,0.239108,-0.020636,-0.021457,6.021642,-0.000114,-0.007014,-0.021924,-0.023293,3.141593
2725.0,0.004395,0.255693,-0.027218,-0.026527,6.021258,0.000086,-0.013079,-0.021596,-0.020466,3.141593
2730.0,-0.006300,0.019053,-0.019114,-0.020021,6.021258,-0.000057,-0.000569,-0.022201,-0.021880,3.141593
2735.0,-0.007151,-0.013177,-0.017902,-0.018163,6.021258,0.000029,0.005907,-0.022464,-0.022810,3.141593
2740.0,-0.007278,-0.001718,-0.018476,-0.018163,6.021258,-0.000029,-0.006905,-0.021935,-0.021880,3.141593
2745.0,-0.007290,-0.023317,-0.017552,-0.016808,6.021258,-0.000086,0.015905,-0.022987,-0.022810,3.141593
2750.0,-0.007319,-0.009515,-0.018211,-0.018163,6.021258,0.000000,-0.019634,-0.021392,-0.021397,3.141593
2755.0,-0.007367,-0.019269,-0.017825,-0.018163,6.021258,0.000000,-0.000265,-0.022249,-0.022810,3.141593
2760.0,-0.007364,-0.008578,-0.018339,-0.017738,6.021258,0.000000,-0.002238,-0.022145,-0.022810,3.141593
2765.0,-0.007394,-0.025651,-0.017625,-0.018163,6.021258,0.000072,-0.008635,-0.021820,-0.022327,3.141593
2770.0,-0.007410,-0.012708,-0.018244,-0.018163,6.021258,-0.000014,-0.008228,-0.021856,-0.022810,3.141593
2775.0,-0.007446,-0.004566,-0.018656,-0.019092,6.021258,0.000057,-0.005238,-0.021955,-0.021397,3.141593
2780.0,-0.000595,-0.197655,-0.008544,-0.007518,6.021642,0.000157,-0.029795,-0.020812,-0.021433,3.141593
2785.0,0.013618,-0.026806,-0.012885,-0.012587,6.021642,0.000057,0.002746,-0.022231,-0.021397,3.141593
2790.0,0.014938,0.015725,-0.014403,-0.014445,6.021642,-0.000014,-0.008305,-0.021769,-0.020466,3.141593
2795.0,0.015028,0.023709,-0.014661,-0.014445,6.021642,-0.000215,0.015790,-0.022955,-0.022810,3.141593
2800.0,0.014999,0.021768,-0.014503,-0.015375,6.021642,0.000057,-0.004091,-0.022033,-0.021397,3.141593
2805.0,0.015063,0.028100,-0.014689,-0.014868,6.021642,0.000043,-0.003865,-0.022046,-0.020949,3.141593
2810.0,-0.003347,0.102028,-0.022115,-0.021376,6.021258,0.000114,-0.009858,-0.021747,-0.021397,3.141593
2815.0,-0.006947,-0.014023,-0.017790,-0.016806,6.020875,0.000043,-0.015232,-0.021514,-0.022363,3.141593
2820.0,-0.027407,0.033660,-0.024080,-0.023740,6.020875,0.000072,-0.007687,-0.021804,-0.021397,3.141593
2825.0,-0.029798,-0.025472,-0.021686,-0.021454,6.020875,0.000014,-0.011601,-0.021644,-0.022363,3.141593
2830.0,-0.030094,-0.030099,-0.021522,-0.021881,6.020875,-0.000057,-0.024418,-0.021101,-0.020949,3.141593
2835.0,-0.004647,-0.330444,-0.003728,-0.002872,6.021642,0.000014,-0.005110,-0.021928,-0.021880,3.141593
2840.0,0.013247,-0.036752,-0.012716,-0.012587,6.021642,-0.000086,0.002274,-0.022301,-0.021880,3.141593
2845.0,0.014913,0.009351,-0.014315,-0.013939,6.021642,0.000014,0.001549,-0.022255,-0.021880,3.141593
2850.0,0.015072,0.013037,-0.014363,-0.014445,6.021642,0.000086,0.004755,-0.022360,-0.024223,3.141593
2855.0,0.015033,0.024731,-0.014813,-0.014868,6.021642,0.000143,0.000472,-0.022111,-0.021397,3.141593
2860.0,0.015146,0.015683,-0.014300,-0.014445,6.021642,-0.000043,-0.000682,-0.022105,-0.021397,3.141593
2865.0,0.015097,0.018490,-0.014355,-0.014445,6.021642,-0.000057,0.000081,-0.022165,-0.022327,3.141593
2870.0,-0.000831,0.170419,-0.024674,-0.024243,6.021258,0.000029,0.005747,-0.022385,-0.023293,3.141593
2875.0,-0.006729,-0.005179,-0.018213,-0.018163,6.021258,-0.000157,0.020389,-0.023107,-0.023740,3.141593
2880.0,-0.007251,-0.015803,-0.017894,-0.017233,6.021258,0.000072,-0.016447,-0.021425,-0.021433,3.141593
2885.0,-0.007396,-0.012177,-0.018129,-0.018163,6.021258,-0.000014,0.009439,-0.022582,-0.022327,3.141593
2890.0,-0.007301,-0.020852,-0.017758,-0.018163,6.021258,0.000029,0.005909,-0.022406,-0.023293,3.141593
2895.0,-0.007428,0.005772,-0.019013,-0.019596,6.021258,-0.000086,0.014799,-0.022830,-0.022327,3.141593
2900.0,-0.007351,-0.015208,-0.018097,-0.018163,6.021258,-0.000014,0.041225,-0.024018,-0.024671,3.141593
2905.0,-0.007439,-0.017709,-0.018047,-0.018588,6.021258,-0.000086,-0.000148,-0.022232,-0.022327,3.141593
2910.0,-0.007398,-0.006461,-0.018577,-0.018667,6.021258,-0.000186,0.000009,-0.022294,-0.022810,3.141593
2915.0,-0.007410,-0.021320,-0.017958,-0.018163,6.021258,-0.000014,0.000576,-0.022292,-0.022327,3.141593
2920.0,-0.007419,-0.017307,-0.018179,-0.019092,6.021258,0.000029,0.011113,-0.022742,-0.022327,3.141593
2925.0,-0.007410,-0.005819,-0.018728,-0.019092,6.021258,0.000057,0.009536,-0.022651,-0.024223,3.141593
2930.0,0.008495,-0.158780,-0.008327,-0.008870,6.021642,0.000014,-0.003454,-0.022058,-0.021397,3.141593
2935.0,0.014482,0.003890,-0.014148,-0.013516,6.021642,0.000043,-0.006285,-0.021934,-0.021397,3.141593
2940.0,0.014965,0.022468,-0.014789,-0.014868,6.021642,-0.000086,0.004428,-0.022460,-0.024223,3.141593
2945.0,0.015010,0.024615,-0.014795,-0.014952,6.021642,0.000000,0.017846,-0.023027,-0.022810,3.141593
2950.0,0.015049,0.017510,-0.014389,-0.014445,6.021642,0.000000,-0.006924,-0.021926,-0.021880,3.141593
2955.0,-0.000858,0.158826,-0.024232,-0.023314,6.021258,0.000029,0.005631,-0.022471,-0.022327,3.141593
2960.0,-0.006838,0.000013,-0.018541,-0.018667,6.021258,0.000014,-0.009475,-0.021795,-0.021397,3.141593
2965.0,-0.007339,-0.011559,-0.018176,-0.018163,6.021258,-0.000057,0.002770,-0.022361,-0.022327,3.141593
2970.0,-0.007410,-0.012305,-0.018200,-0.018163,6.021258,0.000043,-0.007126,-0.021900,-0.021397,3.141593
2975.0,-0.007365,-0.014112,-0.018147,-0.018163,6.021258,-0.000014,0.005559,-0.022475,-0.022810,3.141593
2980.0,-0.007367,-0.017308,-0.018043,-0.017738,6.021258,0.000029,-0.011848,-0.021694,-0.020466,3.141593
2985.0,-0.007349,-0.015434,-0.018161,-0.018163,6.021258,-0.000014,0.007098,-0.022545,-0.022327,3.141593
2990.0,0.004789,-0.187327,-0.007785,-0.008786,6.021642,0.000000,0.011253,-0.022733,-0.022810,3.141593
2995.0,0.014153,-0.004797,-0.013732,-0.014445,6.021642,-0.000057,-0.001992,-0.022175,-0.022327,3.141593
3000.0,0.015008,0.025170,-0.014794,-0.014445,6.021642,-0.000043,-0.001350,-0.022219,-0.022810,3.141593
3005.0,0.015042,0.026414,-0.014762,-0.014445,6.021642,-0.000043,0.008598,-0.022659,-0.022327,3.141593
3010.0,0.015031,0.024096,-0.014582,-0.013939,6.021642,-0.000057,-0.006988,-0.021989,-0.023776,3.141593
3015.0,0.015042,0.026693,-0.014616,-0.014445,6.021642,0.000100,0.008351,-0.022595,-0.021397,3.141593
3020.0,0.015069,0.014118,-0.013968,-0.014023,6.021642,-0.000072,0.010615,-0.022746,-0.023740,3.141593
3025.0,-0.003385,0.120587,-0.022856,-0.022810,6.021258,0.000100,-0.004357,-0.022016,-0.021880,3.141593
3030.0,-0.006968,-0.008756,-0.017935,-0.018163,6.021258,0.000029,-0.001907,-0.022118,-0.021397,3.141593
3035.0,-0.007263,-0.013350,-0.017832,-0.017233,6.021258,-0.000043,0.005543,-0.022466,-0.022810,3.141593
3040.0,-0.007283,-0.023271,-0.017431,-0.017233,6.021258,-0.000086,0.019285,-0.023088,-0.023257,3.141593
3045.0,-0.007342,-0.011996,-0.017984,-0.017658,6.021258,-0.000043,-0.016263,-0.021528,-0.021880,3.141593
3050.0,-0.007385,-0.004350,-0.018375,-0.017738,6.021258,0.000086,-0.002100,-0.022112,-0.021397,3.141593
3055.0,-0.007364,-0.014602,-0.017952,-0.018163,6.021258,0.000029,-0.000766,-0.022174,-0.022327,3.141593
3060.0,-0.007372,-0.012004,-0.018107,-0.018163,6.021258,0.000129,-0.001640,-0.022066,-0.022327,3.141593
3065.0,-0.007444,-0.005426,-0.018457,-0.018163,6.021258,-0.000057,0.002448,-0.022291,-0.020466,3.141593
3070.0,-0.007419,-0.011558,-0.018219,-0.018163,6.021258,-0.000100,-0.004482,-0.022040,-0.022327,3.141593
3075.0,-0.007387,-0.011106,-0.018272,-0.018163,6.021642,0.000014,-0.005693,-0.021965,-0.021397,3.141593
3080.0,0.012578,-0.053642,-0.011830,-0.011658,6.021642,0.000114,-0.010536,-0.021707,-0.021397,3.141593
3085.0,0.014843,0.008668,-0.014016,-0.014445,6.021642,-0.000057,-0.003750,-0.022050,-0.022810,3.141593
3090.0,0.015070,0.023422,-0.014541,-0.014445,6.021642,0.000000,-0.002559,-0.022081,-0.021397,3.141593
3095.0,0.014995,0.027752,-0.014673,-0.014445,6.021642,0.000057,-0.024319,-0.021102,-0.021880,3.141593
3100.0,0.015067,0.029393,-0.014649,-0.014952,6.021642,0.000057,-0.000968,-0.022094,-0.021880,3.141593
3105.0,-0.000755,0.148449,-0.023476,-0.023313,6.020875,0.000043,0.005131,-0.022351,-0.023293,3.141593
3110.0,-0.026845,0.055771,-0.024938,-0.024669,6.020875,-0.000057,0.003044,-0.022283,-0.022327,3.141593
3115.0,-0.029714,-0.023855,-0.021680,-0.021454,6.020875,-0.000057,-0.001762,-0.022082,-0.022327,3.141593
3120.0,-0.030066,-0.017486,-0.022000,-0.021881,6.020875,-0.000100,0.028770,-0.023463,-0.023740,3.141593
3125.0,-0.017910,-0.237132,-0.010766,-0.012082,6.021258,-0.000100,0.000958,-0.022272,-0.021397,3.141593
3130.0,0.026091,-0.276379,0.000964,0.000000,6.022025,0.000129,0.009861,-0.022605,-0.022810,3.141593
3135.0,0.036532,0.036196,-0.010415,-0.010309,6.022025,0.000029,0.007791,-0.022511,-0.023740,3.141593
3140.0,0.037331,0.060146,-0.011106,-0.010729,6.022025,-0.000086,-0.004335,-0.021999,-0.021397,3.141593
3145.0,0.037601,0.046720,-0.010244,-0.009799,6.021642,0.000014,-0.012215,-0.021642,-0.020949,3.141593
3150.0,0.005347,0.285523,-0.028063,-0.027458,6.020875,0.000029,0.018685,-0.023003,-0.022810,3.141593
3155.0,-0.026150,0.057537,-0.025118,-0.025599,6.020875,0.000043,0.012870,-0.022740,-0.022327,3.141593
3160.0,-0.029424,-0.032476,-0.021426,-0.021881,6.020875,0.000000,0.006611,-0.022469,-0.023257,3.141593
3165.0,-0.029919,-0.024097,-0.021788,-0.020951,6.020875,-0.000057,0.036774,-0.023823,-0.024223,3.141593
3170.0,-0.023169,-0.233506,-0.011954,-0.011232,6.021258,-0.000057,-0.005022,-0.022002,-0.022810,3.141593
3175.0,0.009633,-0.165594,-0.007571,-0.007857,6.021642,-0.000014,-0.004622,-0.021997,-0.021397,3.141593
3180.0,0.014589,0.015479,-0.014444,-0.013939,6.021642,-0.000100,0.013872,-0.022857,-0.022810,3.141593
3185.0,0.015001,0.021306,-0.014532,-0.014445,6.021642,0.000100,-0.010898,-0.021711,-0.021880,3.141593
3190.0,0.015061,0.024187,-0.014566,-0.014952,6.021642,0.000029,-0.009498,-0.021777,-0.021880,3.141593
3195.0,0.015072,0.019615,-0.014279,-0.014445,6.021642,-0.000114,0.009868,-0.022689,-0.022327,3.141593
3200.0,0.015033,0.021592,-0.014296,-0.014023,6.021642,0.000114,0.001745,-0.022274,-0.021397,3.141593
3205.0,-0.000869,0.162517,-0.024119,-0.023739,6.021258,-0.000057,-0.023058,-0.021229,-0.022363,3.141593
3210.0,-0.006779,0.002034,-0.018335,-0.017658,6.021258,-0.000057,0.013495,-0.022841,-0.023257,3.141593
3215.0,-0.025742,0.079151,-0.025960,-0.024744,6.020875,0.000014,0.011657,-0.022744,-0.022327,3.141593
3220.0,-0.029583,-0.029889,-0.021501,-0.021881,6.020875,-0.000014,-0.021342,-0.021297,-0.021433,3.141593
3225.0,-0.030041,-0.033045,-0.021391,-0.021880,6.021258,0.000014,0.013179,-0.022819,-0.022846,3.141593
3230.0,0.002385,-0.287824,-0.003835,-0.005069,6.021642,0.000029,0.011906,-0.022755,-0.022327,3.141593
3235.0,0.013976,-0.010290,-0.013512,-0.012587,6.021642,-0.000086,-0.007256,-0.021951,-0.021397,3.141593
3240.0,0.014915,0.020896,-0.014613,-0.014952,6.021642,-0.000014,-0.013814,-0.021660,-0.020949,3.141593
3245.0,0.015113,0.008445,-0.013930,-0.013939,6.021642,0.000057,-0.002298,-0.022144,-0.022810,3.141593
3250.0,0.015076,0.034055,-0.015000,-0.015797,6.021642,0.000057,-0.017060,-0.021460,-0.021880,3.141593
3255.0,0.015065,0.018821,-0.014243,-0.014445,6.021642,0.000014,0.014130,-0.022828,-0.022810,3.141593
3260.0,-0.000814,0.164552,-0.024274,-0.023739,6.021258,-0.000029,0.005135,-0.022445,-0.023293,3.141593
3265.0,-0.013633,0.195426,-0.028579,-0.029317,6.020875,0.000072,0.008246,-0.022537,-0.022327,3.141593
3270.0,-0.028279,0.000307,-0.022694,-0.022810,6.020875,0.000043,-0.004585,-0.021968,-0.022327,3.141593
3275.0,-0.029860,-0.022191,-0.021833,-0.021881,6.020875,0.000029,-0.001272,-0.022109,-0.020466,3.141593
3280.0,-0.030096,-0.029717,-0.021531,-0.021881,6.020875,0.000029,-0.001665,-0.022098,-0.021397,3.141593
3285.0,-0.004697,-0.336749,-0.003424,-0.002788,6.021642,-0.000014,-0.016033,-0.021476,-0.020949,3.141593
3290.0,0.020113,-0.226465,-0.002673,-0.001858,6.022025,-0.000029,0.013227,-0.022773,-0.022327,3.141593
3295.0,0.035863,0.006294,-0.009309,-0.008871,6.022025,-0.000057,-0.004372,-0.022017,-0.021880,3.141593
3300.0,0.037327,0.051578,-0.010800,-0.011150,6.022025,0.000057,-0.012248,-0.021633,-0.022810,3.141593
3305.0,0.030785,0.240870,-0.020509,-0.021373,6.021642,0.000072,0.003234,-0.022268,-0.022327,3.141593
3310.0,-0.008656,0.345728,-0.034044,-0.033964,6.020875,-0.000143,0.008166,-0.022568,-0.023293,3.141593
3315.0,-0.027832,0.001453,-0.022879,-0.022383,6.020875,-0.000086,0.010518,-0.022692,-0.022810,3.141593
3320.0,-0.029660,-0.040352,-0.021131,-0.020951,6.020875,0.000057,-0.021341,-0.021246,-0.022363,3.141593
3325.0,-0.029960,-0.033508,-0.021420,-0.021881,6.020875,0.000014,-0.004454,-0.021986,-0.021397,3.141593
3330.0,-0.023240,-0.224181,-0.012487,-0.012161,6.021258,-0.000029,-0.002885,-0.022062,-0.023293,3.141593
3335.0,0.016433,-0.348127,0.001921,0.002367,6.022025,0.000043,-0.008326,-0.021796,-0.021880,3.141593
3340.0,0.035630,-0.008389,-0.008703,-0.008871,6.022025,0.000014,0.002224,-0.022258,-0.022810,3.141593
3345.0,0.037311,0.054317,-0.010919,-0.010729,6.022025,-0.000072,0.012474,-0.022723,-0.022810,3.141593
3350.0,0.037542,0.048234,-0.010394,-0.010220,6.022025,0.000000,0.005644,-0.022407,-0.021397,3.141593
3355.0,0.012263,0.330276,-0.028527,-0.028890,6.021258,0.000029,0.001642,-0.022222,-0.021880,3.141593
3360.0,-0.021440,0.190458,-0.029957,-0.029744,6.020875,-0.000057,0.000823,-0.022224,-0.022810,3.141593
3365.0,-0.029077,-0.026778,-0.021773,-0.021881,6.020875,-0.000043,-0.007623,-0.021854,-0.020466,3.141593
3370.0,-0.029790,-0.038652,-0.021238,-0.020951,6.020875,-0.000057,-0.004567,-0.022017,-0.022327,3.141593
3375.0,-0.029957,-0.031963,-0.021507,-0.020951,6.020875,-0.000114,0.009176,-0.022678,-0.022810,3.141593
3380.0,-0.023190,-0.219267,-0.012712,-0.011658,6.021642,0.000000,0.002941,-0.022377,-0.023293,3.141593
3385.0,0.018037,-0.306585,0.000490,0.001438,6.022025,-0.000014,-0.004445,-0.022063,-0.021397,3.141593
3390.0,0.035711,0.006299,-0.009281,-0.009379,6.022025,0.000014,0.005727,-0.022501,-0.022810,3.141593
3395.0,0.037270,0.056282,-0.010960,-0.011658,6.022025,0.000215,-0.005904,-0.021884,-0.022327,3.141593
3400.0,0.030701,0.236290,-0.020263,-0.020950,6.021642,0.000000,0.006696,-0.022463,-0.022810,3.141593
3405.0,-0.001799,0.163419,-0.024309,-0.023818,6.021258,0.000057,0.003020,-0.022270,-0.021880,3.141593
3410.0,-0.025202,0.078817,-0.025911,-0.025599,6.020875,0.000000,-0.014859,-0.021486,-0.020466,3.141593
3415.0,-0.029402,-0.026178,-0.021754,-0.022383,6.020875,-0.000014,0.009550,-0.022577,-0.022327,3.141593
3420.0,-0.029883,-0.038287,-0.021201,-0.020951,6.020875,-0.000129,-0.001839,-0.022130,-0.023293,3.141593
3425.0,-0.030014,-0.032088,-0.021465,-0.021454,6.020875,0.000000,0.011884,-0.022713,-0.023257,3.141593
3430.0,-0.004655,-0.337842,-0.003289,-0.002365,6.021642,-0.000029,-0.017969,-0.021401,-0.022363,3.141593
3435.0,0.020092,-0.231262,-0.002388,-0.001350,6.022025,0.000014,-0.001756,-0.022106,-0.022327,3.141593
3440.0,0.035838,0.001924,-0.009045,-0.008871,6.022025,-0.000157,0.008511,-0.022628,-0.022810,3.141593
3445.0,0.037369,0.040258,-0.010209,-0.010729,6.022025,0.000057,-0.008187,-0.021833,-0.022810,3.141593
3450.0,0.025356,0.241294,-0.021691,-0.020528,6.021642,0.000057,0.011510,-0.022669,-0.022327,3.141593
3455.0,-0.002498,0.135357,-0.023228,-0.022885,6.020875,-0.000057,-0.013406,-0.021613,-0.021880,3.141593
3460.0,-0.026847,0.040010,-0.024520,-0.024167,6.020875,-0.000057,-0.002149,-0.022123,-0.021397,3.141593
3465.0,-0.029520,-0.026701,-0.021730,-0.021881,6.020875,0.000029,-0.012458,-0.021647,-0.021880,3.141593
3470.0,-0.029948,-0.023790,-0.021854,-0.021454,6.020875,-0.000014,-0.006232,-0.021925,-0.021880,3.141593
3475.0,-0.030060,-0.031038,-0.021536,-0.021455,6.021258,-0.000100,0.003809,-0.022416,-0.022810,3.141593
3480.0,0.006133,-0.250769,-0.004713,-0.005575,6.022025,-0.000057,0.006614,-0.022536,-0.022810,3.141593
3485.0,0.034357,-0.040647,-0.007547,-0.007433,6.022025,0.000029,0.004262,-0.022396,-0.020019,3.141593
3490.0,0.037177,0.058428,-0.011130,-0.011658,6.022025,-0.000014,-0.010611,-0.021765,-0.021397,3.141593
3495.0,0.037479,0.050467,-0.010506,-0.010729,6.022025,0.000029,-0.014221,-0.021588,-0.021880,3.141593
3500.0,0.006986,0.331060,-0.029763,-0.028890,6.021258,-0.000014,0.004328,-0.022416,-0.022810,3.141593
3505.0,-0.024587,0.113237,-0.027271,-0.027031,6.020875,0.000100,-0.009849,-0.021731,-0.021397,3.141593
3510.0,-0.029295,-0.034479,-0.021428,-0.021378,6.020875,0.000014,0.005064,-0.022405,-0.023293,3.141593
3515.0,-0.029812,-0.043426,-0.020999,-0.020951,6.020875,0.000000,-0.001147,-0.022114,-0.021844,3.141593
3520.0,-0.029942,-0.045412,-0.020874,-0.021378,6.020875,-0.000014,0.007393,-0.022497,-0.022327,3.141593
3525.0,-0.007203,-0.384090,-0.001786,-0.002365,6.021642,0.000043,-0.007330,-0.021828,-0.022810,3.141593
3530.0,0.019893,-0.233202,-0.002329,-0.001350,6.022025,0.000057,-0.001860,-0.022035,-0.021397,3.141593
3535.0,0.035858,0.006859,-0.009243,-0.009291,6.022025,-0.000043,0.014500,-0.022784,-0.022810,3.141593
3540.0,0.037404,0.041151,-0.010222,-0.010220,6.022025,-0.000100,0.004897,-0.022400,-0.022810,3.141593
3545.0,0.037526,0.052100,-0.010481,-0.010728,6.021642,0.000086,0.000023,-0.022122,-0.021880,3.141593
3550.0,0.005350,0.285524,-0.028039,-0.027031,6.020875,-0.000086,0.001730,-0.022250,-0.022327,3.141593
3555.0,-0.026243,0.059494,-0.025208,-0.024594,6.020875,0.000014,0.001762,-0.022230,-0.021397,3.141593
3560.0,-0.029436,-0.050270,-0.020737,-0.020951,6.020875,-0.000072,0.006598,-0.022485,-0.022810,3.141593
3565.0,-0.029876,-0.034350,-0.021409,-0.021881,6.020875,0.000057,-0.009589,-0.021736,-0.021397,3.141593
3570.0,-0.029982,-0.024567,-0.021804,-0.021378,6.020875,0.000014,0.014714,-0.022812,-0.023740,3.141593
3575.0,-0.014046,-0.200302,-0.011485,-0.012587,6.021642,0.000114,-0.007791,-0.021749,-0.021880,3.141593
3580.0,0.024294,-0.241355,-0.000945,-0.001858,6.022025,-0.000057,0.025474,-0.023263,-0.023740,3.141593
3585.0,0.036355,0.021110,-0.009728,-0.009291,6.022025,-0.000129,0.005247,-0.022428,-0.022810,3.141593
3590.0,0.037376,0.053843,-0.010759,-0.010729,6.022025,-0.000043,-0.005941,-0.021931,-0.021880,3.141593
3595.0,0.037587,0.053420,-0.010489,-0.010222,6.021642,0.000100,-0.004750,-0.021931,-0.021880,3.141593
3600.0,0.001609,0.240614,-0.026867,-0.026101,6.020875,0.000086,-0.000976,-0.022081,-0.022363,3.141593
3605.0,-0.026543,0.053916,-0.025014,-0.025599,6.020875,0.000086,-0.011281,-0.021600,-0.019536,3.141593
3610.0,-0.029435,-0.033504,-0.021441,-0.021454,6.020875,-0.000086,-0.006058,-0.021895,-0.022810,3.141593
3615.0,-0.029815,-0.031462,-0.021482,-0.021454,6.020875,-0.000029,0.008766,-0.022546,-0.022810,3.141593
3620.0,-0.030053,-0.030583,-0.021529,-0.021881,6.020875,0.000057,-0.005191,-0.021902,-0.019536,3.141593
3625.0,0.000735,-0.323082,-0.002622,-0.003717,6.021642,-0.000114,0.000925,-0.022269,-0.022327,3.141593
3630.0,0.026089,-0.200542,-0.002269,-0.003208,6.022025,-0.000014,0.008786,-0.022611,-0.022327,3.141593
3635.0,0.036521,0.025880,-0.009812,-0.009800,6.022025,-0.000057,-0.004193,-0.022057,-0.022810,3.141593
3640.0,0.037460,0.053237,-0.010618,-0.010220,6.022025,0.000114,0.003665,-0.022331,-0.021397,3.141593
3645.0,0.025358,0.227674,-0.020937,-0.019517,6.021258,0.000014,-0.011954,-0.021651,-0.022363,3.141593
3650.0,-0.022452,0.193732,-0.030267,-0.029744,6.020875,0.000100,-0.009338,-0.021714,-0.022363,3.141593
3655.0,-0.029073,-0.037036,-0.021238,-0.021454,6.020875,0.000057,-0.010971,-0.021616,-0.020466,3.141593
3660.0,-0.029823,-0.039509,-0.021120,-0.021881,6.020875,-0.000014,-0.002513,-0.022018,-0.021397,3.141593
3665.0,-0.029984,-0.037496,-0.021177,-0.021454,6.020875,-0.000014,-0.011461,-0.021637,-0.022363,3.141593
3670.0,-0.017867,-0.228702,-0.011028,-0.012080,6.021642,0.000086,-0.008401,-0.021732,-0.021880,3.141593
3675.0,0.018586,-0.280933,-0.000433,0.000000,6.022025,-0.000014,0.011401,-0.022614,-0.021880,3.141593
3680.0,0.035715,0.000456,-0.008926,-0.008362,6.022025,0.000014,-0.011632,-0.021609,-0.021880,3.141593
3685.0,0.037299,0.056679,-0.010877,-0.010729,6.022025,-0.000057,0.004962,-0.022360,-0.022810,3.141593
3690.0,0.037479,0.047727,-0.010238,-0.010641,6.022025,0.000043,-0.001153,-0.022066,-0.021880,3.141593
3695.0,0.006986,0.327050,-0.029437,-0.027960,6.020875,0.000057,-0.013302,-0.021521,-0.021397,3.141593
3700.0,-0.026101,0.062453,-0.025224,-0.025096,6.020875,0.000029,-0.010458,-0.021648,-0.022363,3.141593
3705.0,-0.029406,-0.037553,-0.021254,-0.020951,6.020875,-0.000086,0.007327,-0.022459,-0.020949,3.141593
3710.0,-0.029873,-0.034795,-0.021356,-0.021956,6.020875,-0.000114,0.002114,-0.022274,-0.020466,3.141593
3715.0,-0.029955,-0.022279,-0.021858,-0.021881,6.020875,0.000000,-0.011215,-0.021678,-0.022327,3.141593
3720.0,-0.004601,-0.336237,-0.003179,-0.002788,6.021642,0.000043,-0.002178,-0.022055,-0.022810,3.141593
3725.0,0.031552,-0.120798,-0.004502,-0.004225,6.022025,-0.000086,0.004651,-0.022387,-0.021880,3.141593
3730.0,0.036941,0.048512,-0.010636,-0.010220,6.022025,0.000043,0.002090,-0.022256,-0.022810,3.141593
3735.0,0.037487,0.045278,-0.010169,-0.010220,6.022025,0.000057,0.003094,-0.022289,-0.021880,3.141593
3740.0,0.025399,0.223329,-0.020645,-0.019517,6.021258,0.000029,0.009877,-0.022596,-0.022327,3.141593
3745.0,-0.010843,0.291508,-0.031857,-0.032105,6.020875,-0.000029,0.009383,-0.022593,-0.024223,3.141593
3750.0,-0.027999,0.004998,-0.023099,-0.024242,6.020875,0.000014,0.002772,-0.022288,-0.022327,3.141593
3755.0,-0.029642,-0.043276,-0.021023,-0.020951,6.020875,0.000014,0.002427,-0.022280,-0.022327,3.141593
3760.0,-0.029898,-0.043381,-0.020978,-0.021378,6.020875,-0.000014,0.024659,-0.023270,-0.023257,3.141593
3765.0,-0.023124,-0.222101,-0.012356,-0.012082,6.021258,0.000029,0.008278,-0.022540,-0.022810,3.141593
3770.0,0.003360,-0.254514,-0.004972,-0.006082,6.021642,-0.000029,0.008836,-0.022576,-0.022327,3.141593
3775.0,0.020918,-0.200817,-0.003325,-0.001858,6.022025,-0.000072,-0.005236,-0.022000,-0.021397,3.141593
3780.0,0.035850,0.016993,-0.009482,-0.010220,6.022025,0.000014,-0.012138,-0.021687,-0.021880,3.141593
3785.0,0.037390,0.052455,-0.010514,-0.010220,6.022025,-0.000057,0.005772,-0.022507,-0.022810,3.141593
3790.0,0.021647,0.192304,-0.020133,-0.020021,6.021258,0.000014,-0.006061,-0.021956,-0.021880,3.141593
3795.0,-0.016546,0.267924,-0.032135,-0.030749,6.020875,0.000086,0.009270,-0.022599,-0.022810,3.141593
3800.0,-0.028617,-0.019363,-0.022007,-0.022810,6.020875,0.000014,-0.014051,-0.021575,-0.022363,3.141593
3805.0,-0.029737,-0.029440,-0.021569,-0.021454,6.020875,0.000057,-0.005265,-0.021940,-0.021880,3.141593
3810.0,-0.029989,-0.031367,-0.021471,-0.021378,6.020875,0.000072,0.003342,-0.022298,-0.023293,3.141593
3815.0,-0.017819,-0.230599,-0.010825,-0.012082,6.021258,-0.000029,0.013112,-0.022748,-0.022810,3.141593
3820.0,0.007687,-0.180201,-0.007322,-0.007434,6.021642,-0.000014,-0.002295,-0.022066,-0.021397,3.141593
3825.0,0.014421,0.003874,-0.013929,-0.014023,6.021642,-0.000057,0.017477,-0.022971,-0.023257,3.141593
3830.0,0.014958,0.024521,-0.014650,-0.015375,6.021642,0.000000,0.000097,-0.022194,-0.021397,3.141593
3835.0,0.015085,0.019551,-0.014318,-0.014445,6.021642,0.000072,-0.014132,-0.021536,-0.022810,3.141593
3840.0,0.015085,0.022028,-0.014346,-0.014445,6.021642,0.000057,0.004993,-0.022361,-0.021397,3.141593
3845.0,0.015038,0.026378,-0.014470,-0.014445,6.021642,0.000086,-0.014553,-0.021473,-0.020913,3.141593
3850.0,-0.001005,0.169243,-0.024416,-0.023313,6.020875,-0.000143,0.023443,-0.023222,-0.022810,3.141593
3855.0,-0.026795,0.041031,-0.024449,-0.024669,6.020875,0.000014,0.005805,-0.022424,-0.021397,3.141593
3860.0,-0.029587,-0.040209,-0.021052,-0.020951,6.020875,-0.000186,0.020984,-0.023191,-0.023257,3.141593
3865.0,-0.029978,-0.034315,-0.021323,-0.020951,6.020875,-0.000086,0.002064,-0.022371,-0.022810,3.141593
3870.0,-0.030053,-0.036799,-0.021220,-0.020951,6.020875,0.000000,-0.015213,-0.021599,-0.021397,3.141593
3875.0,0.000662,-0.327683,-0.002590,-0.003717,6.021642,0.000014,-0.007874,-0.021925,-0.023293,3.141593
3880.0,0.026060,-0.194768,-0.002691,-0.003296,6.022025,0.000014,0.025189,-0.023366,-0.023740,3.141593
3885.0,0.036500,0.031324,-0.010219,-0.010220,6.022025,-0.000029,-0.004291,-0.022083,-0.022810,3.141593
3890.0,0.037340,0.059582,-0.011091,-0.010729,6.022025,0.000072,-0.000014,-0.022219,-0.021880,3.141593
3895.0,0.014799,0.397979,-0.031094,-0.030324,6.021258,0.000014,-0.016952,-0.021465,-0.020466,3.141593
3900.0,-0.005359,0.042884,-0.019839,-0.019519,6.020875,0.000086,-0.019336,-0.021320,-0.021433,3.141593
3905.0,-0.027046,0.022150,-0.023709,-0.022810,6.020875,-0.000057,0.023701,-0.023255,-0.023257,3.141593
3910.0,-0.029579,-0.033835,-0.021401,-0.021026,6.020875,-0.000014,-0.002803,-0.022089,-0.023293,3.141593
3915.0,-0.030016,-0.021798,-0.021960,-0.021378,6.020875,0.000072,0.004906,-0.022389,-0.021397,3.141593
3920.0,-0.030064,-0.016674,-0.022182,-0.021880,6.021258,-0.000057,0.015737,-0.022917,-0.022810,3.141593
3925.0,0.006130,-0.245850,-0.005024,-0.005998,6.021642,-0.000014,-0.003995,-0.022036,-0.021397,3.141593
3930.0,0.014344,0.000671,-0.014078,-0.013939,6.021642,0.000086,-0.006417,-0.021896,-0.021397,3.141593
3935.0,0.014974,0.025509,-0.014963,-0.015375,6.021642,0.000100,-0.011387,-0.021644,-0.022327,3.141593
3940.0,0.015117,0.017157,-0.014476,-0.014868,6.021642,0.000000,-0.001181,-0.022103,-0.021880,3.141593
3945.0,0.015092,0.024608,-0.014731,-0.014445,6.021642,0.000072,0.002264,-0.022226,-0.022846,3.141593
3950.0,0.015106,0.014036,-0.014175,-0.014445,6.021642,0.000029,0.006325,-0.022399,-0.022327,3.141593
3955.0,0.008311,0.209984,-0.024359,-0.025093,6.021258,-0.000057,-0.000848,-0.022112,-0.022810,3.141593
3960.0,-0.018024,0.209513,-0.030316,-0.029317,6.020875,0.000000,0.014234,-0.022770,-0.023704,3.141593
3965.0,-0.028871,-0.009781,-0.022352,-0.022810,6.020875,0.000014,0.002459,-0.022235,-0.023293,3.141593
3970.0,-0.029874,-0.024000,-0.021779,-0.021454,6.020875,-0.000057,-0.002451,-0.022032,-0.022327,3.141593
3975.0,-0.030078,-0.022783,-0.021861,-0.021881,6.020875,0.000057,0.016205,-0.022820,-0.022327,3.141593
3980.0,-0.017924,-0.221779,-0.011712,-0.012586,6.021258,-0.000086,0.007365,-0.022481,-0.022810,3.141593
3985.0,0.010133,-0.129787,-0.009465,-0.010220,6.022025,0.000000,0.007910,-0.022485,-0.023293,3.141593
3990.0,0.034617,-0.033237,-0.008084,-0.007854,6.022025,-0.000043,0.003409,-0.022287,-0.021880,3.141593
3995.0,0.037240,0.046596,-0.010852,-0.010729,6.022025,-0.000243,0.006980,-0.022532,-0.021880,3.141593
4000.0,0.030692,0.235385,-0.020542,-0.021880,6.021642,0.000043,-0.021293,-0.021226,-0.021880,3.141593
4005.0,0.004485,0.243393,-0.026727,-0.025598,6.021258,0.000086,0.004648,-0.022330,-0.023293,3.141593
4010.0,-0.024646,0.087633,-0.026371,-0.025674,6.020875,-0.000100,-0.001876,-0.022087,-0.022363,3.141593
4015.0,-0.029413,-0.028235,-0.021667,-0.022383,6.020875,0.000072,-0.010172,-0.021677,-0.022363,3.141593
4020.0,-0.029982,-0.029090,-0.021646,-0.021454,6.020875,0.000029,0.000717,-0.022146,-0.022810,3.141593
4025.0,-0.030109,-0.031684,-0.021555,-0.021880,6.021258,0.000086,-0.002053,-0.021995,-0.021397,3.141593
4030.0,0.006078,-0.243409,-0.005292,-0.005998,6.021642,-0.000014,-0.014167,-0.021480,-0.020949,3.141593
4035.0,0.030284,-0.133310,-0.004620,-0.005066,6.022025,-0.000114,0.007104,-0.022468,-0.022810,3.141593
4040.0,0.036862,0.039657,-0.010648,-0.010729,6.022025,-0.000029,-0.001585,-0.022075,-0.022810,3.141593
4045.0,0.037460,0.056042,-0.011044,-0.010729,6.022025,0.000043,0.002115,-0.022209,-0.021397,3.141593
4050.0,0.021608,0.198438,-0.020801,-0.020444,6.021642,-0.000072,-0.008103,-0.021805,-0.022327,3.141593
4055.0,-0.014958,0.306586,-0.033862,-0.032105,6.020875,0.000057,-0.014124,-0.021506,-0.020466,3.141593
4060.0,-0.028499,-0.009951,-0.022544,-0.023313,6.020875,0.000014,-0.006132,-0.021872,-0.021397,3.141593
4065.0,-0.029719,-0.039599,-0.021259,-0.021378,6.020875,0.000043,-0.010700,-0.021649,-0.021433,3.141593
4070.0,-0.029942,-0.036542,-0.021368,-0.020524,6.020875,0.000086,0.002172,-0.022193,-0.020949,3.141593
4075.0,-0.023208,-0.224938,-0.012539,-0.013091,6.021258,-0.000072,0.008575,-0.022538,-0.022810,3.141593
4080.0,0.003317,-0.246497,-0.005764,-0.007011,6.021642,-0.000057,0.014565,-0.022815,-0.022810,3.141593
4085.0,0.026236,-0.180923,-0.003424,-0.004646,6.022025,0.000029,-0.025035,-0.021054,-0.021397,3.141593
4090.0,0.036526,0.016049,-0.009686,-0.009800,6.022025,-0.000057,0.006772,-0.022469,-0.022810,3.141593
4095.0,0.037383,0.050240,-0.010817,-0.010729,6.022025,0.000057,0.007677,-0.022475,-0.022810,3.141593
4100.0,0.018547,0.417452,-0.031247,-0.030749,6.021258,0.000129,-0.006519,-0.021792,-0.022846,3.141593
4105.0,-0.020837,0.200655,-0.030522,-0.029317,6.020875,-0.000072,-0.000829,-0.022081,-0.022810,3.141593
4110.0,-0.028998,-0.028624,-0.021720,-0.021454,6.020875,-0.000014,-0.006419,-0.021834,-0.021397,3.141593
4115.0,-0.029858,-0.024662,-0.021923,-0.022885,6.020875,-0.000114,0.029854,-0.023489,-0.024187,3.141593
4120.0,-0.030048,-0.028364,-0.021750,-0.021881,6.020875,0.000072,0.000386,-0.022141,-0.024223,3.141593
4125.0,-0.017835,-0.228361,-0.011354,-0.012586,6.021258,-0.000057,0.006415,-0.022416,-0.022810,3.141593
4130.0,0.010182,-0.127262,-0.009520,-0.010728,6.021642,0.000000,0.000816,-0.022159,-0.021397,3.141593
4135.0,0.014688,0.019194,-0.014950,-0.014868,6.021642,-0.000086,0.008568,-0.022540,-0.022327,3.141593
4140.0,0.015031,0.016998,-0.014694,-0.014445,6.021642,0.000100,-0.019383,-0.021255,-0.020466,3.141593
4145.0,0.015128,0.018294,-0.014647,-0.014445,6.021642,-0.000086,-0.006104,-0.021906,-0.021880,3.141593
4150.0,0.015153,0.022489,-0.014745,-0.014868,6.021642,0.000000,-0.007322,-0.021840,-0.021397,3.141593
4155.0,0.015124,0.020745,-0.014590,-0.014445,6.021258,-0.000057,-0.000527,-0.022158,-0.021397,3.141593
4160.0,-0.011736,0.247743,-0.030769,-0.030749,6.020875,-0.000057,0.003119,-0.022338,-0.022327,3.141593
4165.0,-0.028160,0.019098,-0.023618,-0.023313,6.020875,-0.000086,-0.002296,-0.022129,-0.022327,3.141593
4170.0,-0.029871,-0.027118,-0.021730,-0.021881,6.020875,0.000072,-0.003179,-0.022036,-0.021397,3.141593
4175.0,-0.030044,-0.032221,-0.021508,-0.020951,6.020875,-0.000143,-0.002681,-0.022137,-0.020913,3.141593
4180.0,-0.007244,-0.391041,-0.001890,-0.002365,6.021642,-0.000043,0.009017,-0.022664,-0.022810,3.141593
4185.0,0.013098,-0.050056,-0.012430,-0.011658,6.021642,0.000000,-0.004381,-0.022050,-0.022327,3.141593
4190.0,0.014874,0.018377,-0.014999,-0.014868,6.021642,-0.000014,-0.000809,-0.022196,-0.022810,3.141593
4195.0,0.015072,0.024916,-0.015164,-0.014868,6.021642,-0.000014,-0.006136,-0.021965,-0.021880,3.141593
4200.0,0.015085,0.017097,-0.014730,-0.014952,6.021642,-0.000057,-0.015205,-0.021589,-0.021397,3.141593
4205.0,0.015088,0.013790,-0.014501,-0.014445,6.021642,0.000057,-0.003833,-0.022047,-0.020949,3.141593
4210.0,0.015081,0.024475,-0.014898,-0.014445,6.021258,0.000043,0.005938,-0.022480,-0.021880,3.141593
4215.0,-0.017112,0.245837,-0.032044,-0.030673,6.020875,0.000086,-0.012000,-0.021663,-0.021397,3.141593
4220.0,-0.028803,-0.004279,-0.022700,-0.023313,6.020875,0.000057,-0.014635,-0.021537,-0.021880,3.141593
4225.0,-0.029883,-0.024215,-0.021885,-0.022383,6.020875,0.000072,-0.005881,-0.021897,-0.021880,3.141593
4230.0,-0.030144,-0.016727,-0.022263,-0.021881,6.020875,-0.000029,-0.000590,-0.022164,-0.021880,3.141593
4235.0,-0.007306,-0.389773,-0.002124,-0.002365,6.021642,0.000114,-0.009045,-0.021747,-0.021880,3.141593
4240.0,0.013154,-0.056672,-0.012284,-0.012671,6.021642,0.000043,-0.013675,-0.021546,-0.020949,3.141593
4245.0,0.014865,0.019399,-0.015208,-0.015375,6.021642,-0.000114,-0.001069,-0.022154,-0.022810,3.141593
4250.0,0.015088,0.017168,-0.014975,-0.014952,6.021642,-0.000029,-0.003120,-0.022053,-0.021880,3.141593
4255.0,0.015110,0.026716,-0.015314,-0.015797,6.021642,0.000014,0.001871,-0.022269,-0.021397,3.141593
4260.0,0.015087,0.020994,-0.014981,-0.015375,6.021642,-0.000014,-0.023538,-0.021158,-0.020913,3.141593
4265.0,0.015144,0.006857,-0.014254,-0.013516,6.021258,0.000000,0.011789,-0.022716,-0.022327,3.141593
4270.0,-0.004919,0.068358,-0.021523,-0.020951,6.020875,0.000086,-0.004935,-0.021949,-0.022810,3.141593
4275.0,-0.027212,0.051048,-0.024998,-0.025599,6.020875,-0.000029,0.018804,-0.023016,-0.021880,3.141593
4280.0,-0.029753,-0.021473,-0.022022,-0.021881,6.020875,0.000014,0.023351,-0.023212,-0.023257,3.141593
4285.0,-0.030166,-0.021278,-0.022113,-0.021881,6.020875,-0.000086,0.012065,-0.022755,-0.022327,3.141593
4290.0,-0.014130,-0.195953,-0.012409,-0.013516,6.021642,-0.000100,0.011295,-0.022760,-0.020949,3.141593
4295.0,0.018974,-0.272223,-0.001494,-0.000929,6.022025,0.000057,-0.019978,-0.021351,-0.020466,3.141593
4300.0,0.035786,0.001272,-0.009705,-0.009800,6.022025,0.000057,-0.006692,-0.021912,-0.021397,3.141593
4305.0,0.037377,0.041891,-0.010956,-0.011150,6.022025,0.000014,-0.018216,-0.021404,-0.021880,3.141593
4310.0,0.030749,0.239910,-0.021074,-0.021880,6.021642,0.000072,0.005384,-0.022405,-0.022327,3.141593
4315.0,-0.001731,0.155676,-0.024605,-0.024164,6.021258,-0.000043,0.011002,-0.022689,-0.023740,3.141593
4320.0,-0.022729,0.143608,-0.028732,-0.028890,6.020875,-0.000014,-0.004164,-0.022005,-0.022327,3.141593
4325.0,-0.029293,-0.016047,-0.022288,-0.022810,6.020875,0.000029,0.010558,-0.022636,-0.021880,3.141593
4330.0,-0.029939,-0.031507,-0.021633,-0.021881,6.020875,-0.000114,0.004145,-0.022422,-0.022327,3.141593
4335.0,-0.030112,-0.025003,-0.021947,-0.022385,6.021258,-0.000043,0.005787,-0.022495,-0.022810,3.141593
4340.0,0.002310,-0.295659,-0.004200,-0.005575,6.022025,0.000014,0.002887,-0.022344,-0.023293,3.141593
4345.0,0.034100,-0.059410,-0.007394,-0.007013,6.022025,0.000086,-0.003479,-0.022017,-0.021880,3.141593
4350.0,0.037186,0.053792,-0.011545,-0.011150,6.022025,0.000029,-0.016620,-0.021434,-0.021880,3.141593
4355.0,0.037488,0.059866,-0.011547,-0.011658,6.021642,-0.000072,-0.008622,-0.021810,-0.021880,3.141593
4360.0,0.005504,0.265960,-0.027839,-0.026527,6.021258,0.000057,0.005879,-0.022422,-0.021880,3.141593
4365.0,-0.012918,0.192238,-0.028738,-0.028814,6.020875,0.000057,-0.008479,-0.021780,-0.021880,3.141593
4370.0,-0.028188,-0.003716,-0.022694,-0.022885,6.020875,0.000014,0.009712,-0.022581,-0.023293,3.141593
4375.0,-0.029837,-0.022923,-0.021967,-0.021881,6.020875,0.000000,0.013740,-0.022754,-0.022327,3.141593
4380.0,-0.030091,-0.028110,-0.021773,-0.021881,6.020875,-0.000014,-0.001044,-0.022116,-0.021397,3.141593
4385.0,-0.014105,-0.196607,-0.012276,-0.012587,6.021642,-0.000072,0.011316,-0.022703,-0.021433,3.141593
4390.0,0.012118,-0.086164,-0.011238,-0.010812,6.021642,-0.000014,-0.009924,-0.021771,-0.021397,3.141593
4395.0,0.014817,0.006710,-0.014688,-0.014445,6.021642,0.000057,0.004314,-0.022376,-0.023293,3.141593
4400.0,0.015113,0.007121,-0.014556,-0.014868,6.021642,0.000086,-0.013845,-0.021534,-0.022363,3.141593
4405.0,0.015110,0.014605,-0.014807,-0.014952,6.021642,0.000014,-0.000978,-0.022094,-0.023293,3.141593
4410.0,0.015047,0.024092,-0.015163,-0.015375,6.021642,-0.000014,-0.004591,-0.021936,-0.021397,3.141593
4415.0,0.015140,0.011138,-0.014481,-0.014868,6.021642,-0.000043,-0.013876,-0.021557,-0.021880,3.141593
4420.0,0.002977,0.191384,-0.025189,-0.023739,6.021258,-0.000029,0.000709,-0.022204,-0.023293,3.141593
4425.0,-0.022364,0.152770,-0.028986,-0.028387,6.020875,0.000000,-0.007392,-0.021847,-0.021397,3.141593
4430.0,-0.029302,-0.014108,-0.022285,-0.023388,6.020875,0.000114,-0.004024,-0.021943,-0.021880,3.141593
4435.0,-0.030044,-0.024275,-0.021909,-0.022383,6.020875,0.000057,0.007762,-0.022456,-0.023740,3.141593
4440.0,-0.023353,-0.210767,-0.013209,-0.012161,6.021258,0.000057,0.007401,-0.022425,-0.022363,3.141593
4445.0,0.007067,-0.216904,-0.006654,-0.006505,6.021642,0.000029,-0.003239,-0.021963,-0.021880,3.141593
4450.0,0.030296,-0.136592,-0.004879,-0.005066,6.022025,-0.000157,0.004809,-0.022428,-0.022810,3.141593
4455.0,0.036873,0.036183,-0.010899,-0.011150,6.022025,0.000057,0.003614,-0.022334,-0.021397,3.141593
4460.0,0.037537,0.042918,-0.010847,-0.011150,6.022025,0.000000,0.003338,-0.022328,-0.021397,3.141593
4465.0,0.014824,0.390110,-0.031279,-0.030245,6.021258,0.000086,-0.010691,-0.021681,-0.021397,3.141593
4470.0,-0.017501,0.230187,-0.031481,-0.030749,6.020875,0.000086,-0.013892,-0.021513,-0.021880,3.141593
4475.0,-0.028728,-0.010226,-0.022584,-0.022810,6.020875,0.000043,-0.014887,-0.021454,-0.021397,3.141593
4480.0,-0.029812,-0.035490,-0.021511,-0.021881,6.020875,0.000086,-0.000361,-0.022069,-0.022810,3.141593
4485.0,-0.030044,-0.028609,-0.021822,-0.021378,6.020875,0.000000,0.006799,-0.022397,-0.022327,3.141593
4490.0,-0.014112,-0.193477,-0.012444,-0.012587,6.021642,-0.000029,-0.013759,-0.021514,-0.022363,3.141593
4495.0,0.024303,-0.262357,-0.000648,-0.001858,6.022025,0.000014,-0.008134,-0.021750,-0.021397,3.141593
4500.0,0.036380,0.022139,-0.010407,-0.010309,6.022025,0.000014,0.006198,-0.022374,-0.021397,3.141593
4505.0,0.037358,0.054131,-0.011414,-0.011658,6.022025,0.000072,-0.003188,-0.021940,-0.021397,3.141593
4510.0,0.037630,0.041951,-0.010605,-0.010728,6.021642,-0.000129,0.012953,-0.022731,-0.022327,3.141593
4515.0,0.001625,0.244807,-0.027686,-0.027458,6.020875,0.000157,-0.013525,-0.021482,-0.021880,3.141593
4520.0,-0.026531,0.047057,-0.024993,-0.025096,6.020875,0.000014,-0.004352,-0.021898,-0.021880,3.141593
4525.0,-0.029476,-0.035262,-0.021537,-0.021454,6.020875,0.000014,-0.004582,-0.021877,-0.020502,3.141593
4530.0,-0.029980,-0.031624,-0.021718,-0.021881,6.020875,-0.000072,0.003769,-0.022297,-0.021880,3.141593
4535.0,-0.030055,-0.030469,-0.021761,-0.020951,6.020875,0.000100,-0.021394,-0.021133,-0.019536,3.141593
4540.0,-0.014089,-0.190851,-0.012544,-0.013516,6.021258,-0.000014,0.012565,-0.022663,-0.020913,3.141593
4545.0,0.017399,-0.314678,0.000101,0.000509,6.022025,-0.000129,-0.006106,-0.021912,-0.021397,3.141593
4550.0,0.035720,-0.003409,-0.009450,-0.008871,6.022025,0.000029,-0.001785,-0.022087,-0.021397,3.141593
4555.0,0.037413,0.040435,-0.010822,-0.010729,6.022025,-0.000014,-0.009893,-0.021744,-0.020913,3.141593
4560.0,0.037483,0.059113,-0.011438,-0.011658,6.022025,-0.000043,-0.006604,-0.021914,-0.022810,3.141593
4565.0,0.014917,0.388504,-0.031040,-0.031174,6.021258,0.000000,-0.017578,-0.021419,-0.021397,3.141593
4570.0,-0.005284,0.042444,-0.020195,-0.021376,6.021258,0.000072,0.005836,-0.022422,-0.021397,3.141593
4575.0,-0.022861,0.117717,-0.027580,-0.027031,6.020875,-0.000014,0.006779,-0.022482,-0.022810,3.141593
4580.0,-0.029234,-0.019946,-0.022114,-0.021956,6.020875,-0.000100,0.011281,-0.022718,-0.023257,3.141593
4585.0,-0.029946,-0.028613,-0.021775,-0.021378,6.020875,0.000114,-0.004352,-0.021966,-0.020913,3.141593
4590.0,-0.017815,-0.231078,-0.011367,-0.013011,6.021258,0.000086,-0.001467,-0.022078,-0.021397,3.141593
4595.0,0.010169,-0.134667,-0.009333,-0.009799,6.021642,0.000014,-0.006340,-0.021866,-0.023293,3.141593
4600.0,0.021501,-0.171303,-0.005061,-0.003717,6.022025,-0.000086,0.010479,-0.022639,-0.022810,3.141593
4605.0,0.036054,0.006538,-0.009518,-0.009291,6.022025,-0.000014,-0.004901,-0.021947,-0.023293,3.141593
4610.0,0.037470,0.042657,-0.010605,-0.010220,6.022025,0.000014,0.001300,-0.022184,-0.021397,3.141593
4615.0,0.025386,0.228352,-0.021422,-0.020950,6.021642,0.000014,0.009698,-0.022564,-0.022810,3.141593
4620.0,-0.014577,0.326122,-0.034782,-0.033537,6.020875,0.000100,0.016013,-0.022801,-0.022327,3.141593
4625.0,-0.028474,-0.014010,-0.022391,-0.022383,6.020875,-0.000029,-0.000839,-0.022078,-0.021397,3.141593
4630.0,-0.029726,-0.042541,-0.021163,-0.020951,6.020875,-0.000057,0.013193,-0.022735,-0.022810,3.141593
4635.0,-0.029976,-0.033926,-0.021532,-0.021881,6.020875,0.000000,0.006179,-0.022415,-0.023293,3.141593
4640.0,-0.017833,-0.245451,-0.010665,-0.011578,6.021258,-0.000072,0.006655,-0.022464,-0.022327,3.141593
4645.0,0.010216,-0.132053,-0.009372,-0.009376,6.021642,-0.000086,0.016549,-0.022944,-0.023740,3.141593
4650.0,0.014697,0.005832,-0.014425,-0.014445,6.021642,0.000014,0.006288,-0.022472,-0.022810,3.141593
4655.0,0.015054,0.021673,-0.014969,-0.014868,6.021642,-0.000100,0.006552,-0.022539,-0.022810,3.141593
4660.0,0.015108,0.016285,-0.014635,-0.014868,6.021642,-0.000086,-0.017633,-0.021489,-0.020913,3.141593
4665.0,0.015076,0.016767,-0.014583,-0.015375,6.021642,0.000000,0.012116,-0.022794,-0.022327,3.141593
4670.0,0.015146,0.025108,-0.014855,-0.014445,6.021642,-0.000014,0.003538,-0.022431,-0.022810,3.141593
4675.0,-0.000885,0.163749,-0.024607,-0.024243,6.021258,0.000029,0.007031,-0.022555,-0.022810,3.141593
4680.0,-0.006750,0.000910,-0.018707,-0.018667,6.021258,0.000186,-0.006533,-0.021875,-0.021397,3.141593
4685.0,-0.007251,-0.006813,-0.018511,-0.018163,6.021258,-0.000057,-0.008515,-0.021838,-0.021397,3.141593
4690.0,-0.007333,-0.017043,-0.018111,-0.018163,6.021258,-0.000043,0.008842,-0.022622,-0.022327,3.141593
4695.0,-0.007339,-0.012590,-0.018348,-0.018588,6.021258,0.000029,-0.009067,-0.021808,-0.021397,3.141593
4700.0,-0.007319,-0.008850,-0.018547,-0.019092,6.021258,0.000114,-0.006815,-0.021853,-0.024223,3.141593
4705.0,-0.007371,-0.021086,-0.018052,-0.017738,6.021258,0.000072,0.003183,-0.022247,-0.022327,3.141593
4710.0,-0.007385,-0.006468,-0.018745,-0.019172,6.021258,0.000029,0.008736,-0.022488,-0.023293,3.141593
4715.0,-0.000535,-0.207567,-0.008273,-0.007941,6.021642,0.000000,0.008605,-0.022466,-0.022810,3.141593
4720.0,0.013599,-0.020778,-0.013341,-0.013516,6.021642,-0.000143,0.000352,-0.022164,-0.023293,3.141593
4725.0,0.014902,0.019780,-0.014776,-0.014868,6.021642,0.000086,0.006621,-0.022370,-0.021397,3.141593
4730.0,0.014999,0.019964,-0.014683,-0.014952,6.021642,0.000043,-0.011402,-0.021579,-0.020913,3.141593
4735.0,0.015061,0.018439,-0.014521,-0.014445,6.021642,-0.000086,0.014890,-0.022780,-0.022327,3.141593
4740.0,0.015067,0.015682,-0.014316,-0.014445,6.021642,0.000157,-0.003613,-0.021899,-0.021397,3.141593
4745.0,-0.010176,0.295938,-0.032481,-0.032608,6.020875,0.000014,-0.003388,-0.021932,-0.021880,3.141593
4750.0,-0.028034,0.012011,-0.023203,-0.023313,6.020875,-0.000129,0.009849,-0.022589,-0.022810,3.141593
4755.0,-0.029874,-0.022143,-0.021862,-0.021881,6.020875,-0.000057,-0.001218,-0.022118,-0.021844,3.141593
4760.0,-0.030109,-0.023258,-0.021850,-0.021026,6.020875,0.000086,0.003220,-0.022259,-0.023293,3.141593
4765.0,-0.007305,-0.381797,-0.002238,-0.002788,6.021642,-0.000029,0.016545,-0.022859,-0.022810,3.141593
4770.0,0.013059,-0.055212,-0.012132,-0.011658,6.021642,-0.000014,0.011003,-0.022614,-0.022810,3.141593
4775.0,0.014831,0.011358,-0.014622,-0.014868,6.021642,-0.000057,0.026872,-0.023335,-0.023740,3.141593
4780.0,0.015053,0.019250,-0.014843,-0.015375,6.021642,-0.000157,0.008907,-0.022599,-0.022327,3.141593
4785.0,0.015101,0.021148,-0.014833,-0.015375,6.021642,0.000014,-0.017474,-0.021402,-0.020949,3.141593
4790.0,0.015020,0.021109,-0.014770,-0.015375,6.021642,0.000014,0.003462,-0.022327,-0.022810,3.141593
4795.0,0.015124,0.020779,-0.014647,-0.014445,6.021258,0.000029,0.004818,-0.022368,-0.022327,3.141593
4800.0,-0.004905,0.068521,-0.021295,-0.020951,6.020875,0.000100,0.001928,-0.022192,-0.021397,3.141593
4805.0,-0.027128,0.032366,-0.024087,-0.024242,6.020875,-0.000057,0.002008,-0.022252,-0.022810,3.141593
4810.0,-0.029733,-0.021360,-0.021939,-0.021378,6.020875,-0.000057,0.008838,-0.022564,-0.022810,3.141593
4815.0,-0.030134,-0.025698,-0.021821,-0.021881,6.020875,0.000014,0.000989,-0.022196,-0.022810,3.141593
4820.0,-0.007274,-0.392395,-0.001868,-0.002365,6.021642,-0.000072,0.000480,-0.022203,-0.023257,3.141593
4825.0,0.013075,-0.036640,-0.013065,-0.012587,6.021642,0.000043,0.002674,-0.022260,-0.022327,3.141593
4830.0,0.014852,0.016311,-0.014946,-0.015375,6.021642,0.000014,-0.011540,-0.021637,-0.021397,3.141593
4835.0,0.015087,0.015779,-0.014787,-0.015375,6.021642,0.000086,-0.008944,-0.021719,-0.021397,3.141593
4840.0,0.015072,0.016449,-0.014738,-0.015375,6.021642,-0.000014,-0.015466,-0.021459,-0.021880,3.141593
4845.0,0.015078,0.025053,-0.015038,-0.015375,6.021642,-0.000143,0.034509,-0.023724,-0.024223,3.141593
4850.0,0.008297,0.207662,-0.024624,-0.025598,6.021258,-0.000072,0.000107,-0.022211,-0.022327,3.141593
4855.0,-0.021780,0.180593,-0.030126,-0.029317,6.020875,0.000043,-0.017136,-0.021418,-0.020019,3.141593
4860.0,-0.029247,-0.022248,-0.021902,-0.022383,6.020875,-0.000029,-0.005710,-0.021950,-0.022363,3.141593
4865.0,-0.029946,-0.013085,-0.022351,-0.021881,6.020875,0.000057,0.001624,-0.022241,-0.021397,3.141593
4870.0,-0.030173,-0.029716,-0.021680,-0.021376,6.021258,0.000043,-0.015559,-0.021493,-0.021880,3.141593
4875.0,-0.003043,-0.289129,-0.005674,-0.005153,6.021642,-0.000100,0.019511,-0.023091,-0.023740,3.141593
4880.0,0.013363,-0.032264,-0.013355,-0.013516,6.021642,-0.000057,0.005284,-0.022469,-0.022327,3.141593
4885.0,0.014997,0.024142,-0.015417,-0.015375,6.021642,0.000114,-0.011050,-0.021683,-0.021397,3.141593
4890.0,0.015110,0.015089,-0.014906,-0.014445,6.021642,0.000072,0.000149,-0.022160,-0.021397,3.141593
4895.0,0.015069,0.017799,-0.014956,-0.015375,6.021642,-0.000086,-0.003492,-0.022060,-0.021433,3.141593
4900.0,0.015094,0.013212,-0.014663,-0.014952,6.021642,0.000129,-0.011671,-0.021632,-0.021880,3.141593
4905.0,-0.000867,0.166139,-0.025036,-0.024668,6.021258,-0.000014,-0.000945,-0.022125,-0.022810,3.141593
4910.0,-0.025204,0.092675,-0.026622,-0.026101,6.020875,-0.000114,0.006166,-0.022467,-0.022810,3.141593
4915.0,-0.029579,-0.020887,-0.022033,-0.021881,6.020875,-0.000014,0.019765,-0.023049,-0.023740,3.141593
4920.0,-0.030014,-0.033433,-0.021518,-0.020951,6.020875,0.000072,0.000109,-0.022138,-0.021880,3.141593
4925.0,-0.014087,-0.198140,-0.012338,-0.012587,6.021642,-0.000114,0.035836,-0.023785,-0.024187,3.141593
4930.0,0.012163,-0.091352,-0.011129,-0.010728,6.021642,-0.000014,-0.012673,-0.021634,-0.020949,3.141593
4935.0,0.030681,-0.131987,-0.005026,-0.005154,6.022025,-0.000086,-0.004248,-0.022052,-0.020913,3.141593
4940.0,0.036930,0.034950,-0.010858,-0.011150,6.022025,0.000043,0.005980,-0.022477,-0.021397,3.141593
4945.0,0.037565,0.049802,-0.011172,-0.011150,6.022025,0.000057,0.004999,-0.022413,-0.022810,3.141593
4950.0,0.014888,0.378950,-0.030790,-0.030749,6.021258,0.000014,0.004159,-0.022379,-0.021844,3.141593
4955.0,-0.021214,0.190932,-0.030611,-0.030246,6.020875,0.000072,0.003011,-0.022310,-0.021880,3.141593
4960.0,-0.029057,-0.022675,-0.021990,-0.022308,6.020875,0.000072,-0.010065,-0.021711,-0.021397,3.141593
4965.0,-0.029950,-0.024424,-0.021974,-0.021454,6.020875,0.000029,-0.001368,-0.022101,-0.023293,3.141593
4970.0,-0.030091,-0.025077,-0.021970,-0.021881,6.020875,0.000086,-0.003294,-0.021970,-0.022363,3.141593
4975.0,-0.017983,-0.216898,-0.012348,-0.013516,6.021642,0.000000,0.009818,-0.022554,-0.022327,3.141593
4980.0,0.011811,-0.092218,-0.011139,-0.011658,6.021642,-0.000057,-0.003469,-0.021993,-0.021397,3.141593
4985.0,0.033193,-0.077153,-0.006847,-0.007013,6.022025,0.000043,-0.002103,-0.022030,-0.021880,3.141593
4990.0,0.037249,0.039029,-0.010908,-0.010220,6.022025,-0.000014,0.007136,-0.022461,-0.022327,3.141593
4995.0,0.037558,0.036954,-0.010544,-0.010220,6.022025,0.000014,0.001070,-0.022187,-0.022810,3.141593
5000.0,0.007063,0.317097,-0.029779,-0.028386,6.021258,0.000014,-0.008631,-0.021739,-0.022363,3.141593
5005.0,-0.021966,0.161774,-0.029471,-0.029317,6.020875,-0.000057,0.001589,-0.022213,-0.022363,3.141593
5010.0,-0.029136,-0.021867,-0.022073,-0.021881,6.020875,-0.000043,-0.006299,-0.021873,-0.021880,3.141593
5015.0,-0.029887,-0.038171,-0.021387,-0.021454,6.020875,0.000114,-0.008021,-0.021733,-0.022810,3.141593
5020.0,-0.030109,-0.023960,-0.022048,-0.021881,6.020875,-0.000014,-0.000809,-0.022064,-0.022327,3.141593
5025.0,-0.014132,-0.196241,-0.012365,-0.013516,6.021642,-0.000114,0.007342,-0.022465,-0.022810,3.141593
5030.0,0.018965,-0.271403,-0.001501,-0.000509,6.022025,-0.000157,0.010783,-0.022671,-0.022327,3.141593
5035.0,0.035822,0.003638,-0.009770,-0.010220,6.022025,-0.000014,0.005195,-0.022418,-0.022810,3.141593
5040.0,0.037413,0.055294,-0.011511,-0.011238,6.022025,-0.000057,0.004202,-0.022413,-0.023257,3.141593
5045.0,0.037576,0.046056,-0.010860,-0.011151,6.021642,0.000043,-0.011662,-0.021669,-0.021880,3.141593
5050.0,-0.005162,0.425549,-0.037332,-0.037255,6.020875,0.000086,-0.002464,-0.022040,-0.022810,3.141593
5055.0,-0.027591,0.024717,-0.024100,-0.024744,6.020875,0.000072,-0.005282,-0.021891,-0.022363,3.141593
5060.0,-0.029680,-0.032443,-0.021701,-0.021454,6.020875,0.000043,0.006402,-0.022399,-0.022327,3.141593
5065.0,-0.029971,-0.043843,-0.021204,-0.021881,6.020875,-0.000114,0.013178,-0.022755,-0.021397,3.141593
5070.0,-0.030037,-0.028218,-0.021879,-0.021880,6.021258,-0.000057,-0.000705,-0.022163,-0.022327,3.141593
5075.0,-0.009844,-0.101310,-0.015615,-0.015797,6.021642,-0.000086,-0.006176,-0.021948,-0.023293,3.141593
5080.0,0.028338,-0.214258,-0.001886,-0.001858,6.022025,0.000014,0.005600,-0.022440,-0.021397,3.141593
5085.0,0.036762,0.035943,-0.010938,-0.010729,6.022025,-0.000043,-0.008869,-0.021832,-0.020949,3.141593
5090.0,0.037490,0.056119,-0.011470,-0.011150,6.022025,0.000114,-0.001253,-0.022103,-0.021880,3.141593
5095.0,0.030797,0.235157,-0.020758,-0.021880,6.021642,0.000014,-0.000163,-0.022161,-0.021880,3.141593
5100.0,0.000706,0.209547,-0.026343,-0.026603,6.020875,0.000086,0.008738,-0.022524,-0.022327,3.141593
5105.0,-0.026556,0.048577,-0.025010,-0.025172,6.020875,0.000057,-0.011322,-0.021632,-0.021397,3.141593
5110.0,-0.029579,-0.030793,-0.021726,-0.021454,6.020875,0.000072,-0.006545,-0.021824,-0.021397,3.141593
5115.0,-0.029985,-0.034604,-0.021573,-0.021454,6.020875,-0.000086,0.008053,-0.022518,-0.023257,3.141593
5120.0,-0.023180,-0.227399,-0.012523,-0.012161,6.021258,-0.000014,-0.006553,-0.021860,-0.021397,3.141593
5125.0,0.007099,-0.211753,-0.006739,-0.007011,6.021642,-0.000157,0.001213,-0.022281,-0.023293,3.141593
5130.0,0.032859,-0.090738,-0.006181,-0.006504,6.022025,0.000100,0.005998,-0.022429,-0.022327,3.141593
5135.0,0.037127,0.051039,-0.011337,-0.011238,6.022025,0.000072,0.001187,-0.022201,-0.022327,3.141593
5140.0,0.037512,0.051217,-0.011056,-0.010729,6.022025,-0.000100,0.008382,-0.022556,-0.022810,3.141593
5145.0,0.025411,0.230035,-0.021569,-0.020950,6.021642,0.000114,-0.006988,-0.021823,-0.021880,3.141593
5150.0,-0.009148,0.334633,-0.033997,-0.034039,6.020875,0.000057,-0.001385,-0.022058,-0.022810,3.141593
5155.0,-0.027832,0.006064,-0.023245,-0.023313,6.020875,-0.000086,0.012269,-0.022711,-0.023257,3.141593
5160.0,-0.029665,-0.025525,-0.021941,-0.022383,6.020875,-0.000043,0.011617,-0.022682,-0.022810,3.141593
5165.0,-0.030001,-0.027384,-0.021857,-0.022383,6.020875,0.000014,-0.005043,-0.021937,-0.021880,3.141593
5170.0,-0.017778,-0.234841,-0.011173,-0.012161,6.021258,-0.000057,-0.000855,-0.022156,-0.022327,3.141593
5175.0,0.017012,-0.319902,0.000486,0.001438,6.022025,0.000057,0.006530,-0.022443,-0.020913,3.141593
5180.0,0.035613,-0.001434,-0.009326,-0.008871,6.022025,-0.000014,0.003853,-0.022351,-0.022810,3.141593
5185.0,0.037329,0.047731,-0.010932,-0.011658,6.022025,0.000072,-0.001162,-0.022092,-0.022810,3.141593
5190.0,0.030695,0.248190,-0.021162,-0.021457,6.021642,-0.000057,0.007507,-0.022499,-0.022327,3.141593
5195.0,0.000697,0.209840,-0.026159,-0.024744,6.020875,0.000057,0.007406,-0.022471,-0.023293,3.141593
5200.0,-0.026665,0.051604,-0.025157,-0.025599,6.020875,-0.000072,0.000312,-0.022187,-0.022810,3.141593
5205.0,-0.029486,-0.040678,-0.021243,-0.020524,6.020875,-0.000043,0.005508,-0.022419,-0.021880,3.141593
5210.0,-0.029953,-0.033736,-0.021565,-0.021881,6.020875,-0.000014,-0.006216,-0.021910,-0.021880,3.141593
5215.0,-0.030044,-0.031096,-0.021669,-0.021880,6.021258,0.000014,0.007399,-0.022501,-0.022327,3.141593
5220.0,0.002353,-0.296610,-0.003876,-0.005576,6.021642,-0.000086,0.002764,-0.022342,-0.022327,3.141593
5225.0,0.014026,-0.013996,-0.013759,-0.013516,6.021642,0.000057,0.004863,-0.022416,-0.022810,3.141593
5230.0,0.014999,0.018307,-0.014898,-0.014868,6.021642,0.000029,0.020532,-0.023096,-0.022810,3.141593
5235.0,0.015158,0.018452,-0.014784,-0.014952,6.021642,-0.000014,0.000706,-0.022234,-0.022327,3.141593
5240.0,0.015088,0.017445,-0.014673,-0.014868,6.021642,0.000057,0.009523,-0.022583,-0.023257,3.141593
5245.0,0.015119,0.023622,-0.014858,-0.014868,6.021642,0.000043,0.005438,-0.022386,-0.022810,3.141593
5250.0,0.002929,0.204303,-0.025595,-0.024668,6.021258,-0.000100,-0.007255,-0.021890,-0.021880,3.141593
5255.0,-0.006441,0.015385,-0.019321,-0.019596,6.021258,0.000043,-0.032967,-0.020716,-0.021433,3.141593
5260.0,-0.007215,-0.013172,-0.018257,-0.018242,6.021258,0.000072,-0.006085,-0.021864,-0.022810,3.141593
5265.0,-0.007326,-0.009800,-0.018469,-0.018163,6.021258,0.000000,-0.001348,-0.022068,-0.022810,3.141593
5270.0,-0.007394,-0.004131,-0.018777,-0.018667,6.021258,-0.000057,-0.004058,-0.021944,-0.021880,3.141593
5275.0,-0.007333,-0.021533,-0.018025,-0.018163,6.021258,0.000043,-0.015440,-0.021413,-0.021880,3.141593
5280.0,-0.007389,-0.009140,-0.018629,-0.019092,6.021258,-0.000014,-0.003046,-0.021968,-0.021880,3.141593
5285.0,-0.007376,-0.005145,-0.018841,-0.018667,6.021258,-0.000029,-0.009652,-0.021688,-0.021844,3.141593
5290.0,-0.007385,-0.007205,-0.018790,-0.018588,6.021258,-0.000086,0.004712,-0.022355,-0.022363,3.141593
5295.0,0.008587,-0.159962,-0.008380,-0.008870,6.021642,0.000014,-0.012212,-0.021597,-0.022363,3.141593
5300.0,0.014554,-0.000638,-0.014054,-0.014445,6.021642,0.000043,0.005946,-0.022377,-0.020913,3.141593
5305.0,0.014974,0.035021,-0.015469,-0.015291,6.021642,0.000014,-0.008703,-0.021741,-0.020949,3.141593
5310.0,0.015017,0.023646,-0.014874,-0.015375,6.021642,0.000057,0.014928,-0.022774,-0.022327,3.141593
5315.0,0.015054,0.033920,-0.015242,-0.014868,6.021642,-0.000043,0.007563,-0.022476,-0.023293,3.141593
5320.0,0.008186,0.216376,-0.024846,-0.025173,6.021258,0.000043,-0.011459,-0.021601,-0.021880,3.141593
5325.0,-0.005890,0.028788,-0.019686,-0.020021,6.020875,-0.000186,0.024429,-0.023261,-0.023740,3.141593
5330.0,-0.027228,0.054872,-0.025006,-0.024669,6.020875,-0.000057,-0.018479,-0.021358,-0.021880,3.141593
5335.0,-0.029873,-0.018528,-0.022052,-0.021881,6.020875,0.000029,-0.003067,-0.022001,-0.022810,3.141593
5340.0,-0.030105,-0.025136,-0.021800,-0.021454,6.020875,0.000014,-0.000234,-0.022118,-0.022810,3.141593
5345.0,-0.004669,-0.338629,-0.003596,-0.003717,6.021642,0.000000,-0.001277,-0.022077,-0.023293,3.141593
5350.0,0.013300,-0.034866,-0.013013,-0.013010,6.021642,-0.000157,0.033297,-0.023662,-0.023257,3.141593
5355.0,0.033279,-0.075790,-0.006545,-0.006083,6.022025,-0.000057,0.009623,-0.022634,-0.021397,3.141593
5360.0,0.037163,0.043484,-0.010786,-0.010729,6.022025,-0.000100,0.013125,-0.022845,-0.022810,3.141593
5365.0,0.030688,0.235616,-0.020608,-0.021880,6.021642,0.000114,-0.021824,-0.021225,-0.021397,3.141593
5370.0,0.004454,0.245320,-0.026875,-0.026603,6.020875,-0.000014,0.012466,-0.022763,-0.023740,3.141593
5375.0,-0.026277,0.060459,-0.025370,-0.025599,6.020875,0.000100,-0.003126,-0.022018,-0.021844,3.141593
5380.0,-0.029583,-0.030251,-0.021626,-0.021881,6.020875,0.000014,-0.004749,-0.021954,-0.022363,3.141593
5385.0,-0.029987,-0.025190,-0.021859,-0.021378,6.020875,0.000072,-0.005141,-0.021911,-0.021397,3.141593
5390.0,-0.030132,-0.015543,-0.022317,-0.022383,6.020875,-0.000072,0.013618,-0.022792,-0.022810,3.141593
5395.0,0.000728,-0.321861,-0.003130,-0.004646,6.021642,0.000057,-0.011366,-0.021647,-0.021880,3.141593
5400.0,0.032247,-0.107031,-0.005460,-0.006083,6.022025,-0.000057,0.009899,-0.022617,-0.022327,3.141593
5405.0,0.037016,0.052488,-0.011295,-0.011150,6.022025,0.000029,-0.017095,-0.021411,-0.021880,3.141593
5410.0,0.037494,0.053987,-0.011054,-0.010729,6.022025,0.000029,0.006452,-0.022428,-0.022810,3.141593
5415.0,0.021733,0.187141,-0.020375,-0.019598,6.021642,0.000000,-0.008801,-0.021751,-0.022327,3.141593
5420.0,-0.020174,0.217611,-0.031219,-0.030749,6.020875,-0.000043,-0.000939,-0.022112,-0.022327,3.141593
5425.0,-0.028886,-0.029681,-0.021647,-0.021454,6.020875,-0.000086,-0.004939,-0.021975,-0.020949,3.141593
5430.0,-0.029803,-0.027909,-0.021732,-0.021454,6.020875,-0.000057,-0.010406,-0.021744,-0.021397,3.141593
5435.0,-0.029971,-0.028922,-0.021671,-0.021454,6.020875,0.000057,-0.006983,-0.021872,-0.021397,3.141593
5440.0,-0.017937,-0.216523,-0.011994,-0.013011,6.021258,-0.000014,-0.011289,-0.021708,-0.020466,3.141593
5445.0,0.007623,-0.184931,-0.007642,-0.007857,6.021642,-0.000114,0.016729,-0.023001,-0.022810,3.141593
5450.0,0.014454,0.007899,-0.014615,-0.014445,6.021642,0.000029,-0.006062,-0.021962,-0.022810,3.141593
5455.0,0.015008,0.009898,-0.014499,-0.015375,6.021642,-0.000014,0.012810,-0.022793,-0.022327,3.141593
5460.0,0.015072,0.019213,-0.014817,-0.015375,6.021642,-0.000086,0.011610,-0.022775,-0.022810,3.141593
5465.0,0.015122,0.025543,-0.015004,-0.014868,6.021642,0.000072,0.006086,-0.022481,-0.021880,3.141593
5470.0,0.015083,0.021685,-0.014760,-0.014868,6.021642,0.000014,-0.006477,-0.021930,-0.021880,3.141593
5475.0,0.015106,0.015633,-0.014403,-0.014952,6.021642,0.000057,-0.002945,-0.022063,-0.022327,3.141593
5480.0,-0.015519,0.292718,-0.033654,-0.032608,6.020875,-0.000043,-0.006914,-0.021908,-0.022363,3.141593
5485.0,-0.028642,0.004107,-0.023080,-0.023740,6.020875,0.000029,0.012475,-0.022740,-0.022327,3.141593
5490.0,-0.029873,-0.032179,-0.021553,-0.021881,6.020875,0.000057,-0.011840,-0.021653,-0.022327,3.141593
5495.0,-0.030093,-0.009086,-0.022589,-0.022810,6.020875,-0.000014,-0.013222,-0.021601,-0.021397,3.141593
5500.0,-0.014207,-0.190782,-0.012428,-0.013516,6.021258,-0.000057,0.007280,-0.022519,-0.022327,3.141593
5505.0,0.008018,-0.184476,-0.007697,-0.007942,6.022025,0.000086,-0.016379,-0.021426,-0.019500,3.141593
5510.0,0.034418,-0.038335,-0.008094,-0.007942,6.022025,-0.000100,0.014120,-0.022855,-0.022810,3.141593
5515.0,0.037258,0.052540,-0.011305,-0.010729,6.022025,-0.000100,-0.002656,-0.022143,-0.021880,3.141593
5520.0,0.037503,0.057426,-0.011267,-0.011658,6.022025,0.000086,-0.008416,-0.021829,-0.021397,3.141593
5525.0,0.003226,0.290945,-0.029300,-0.029315,6.021258,-0.000086,0.008471,-0.022622,-0.023257,3.141593
5530.0,-0.006402,0.000503,-0.018560,-0.019092,6.021258,0.000114,0.007553,-0.022501,-0.022810,3.141593
5535.0,-0.019357,0.169718,-0.029073,-0.027960,6.020875,0.000114,0.002164,-0.022235,-0.021397,3.141593
5540.0,-0.028903,-0.012626,-0.022397,-0.022383,6.020875,-0.000072,-0.000443,-0.022171,-0.022327,3.141593
5545.0,-0.029840,-0.037767,-0.021322,-0.021454,6.020875,-0.000057,0.003974,-0.022371,-0.022327,3.141593
5550.0,-0.023283,-0.221482,-0.012740,-0.012161,6.021258,-0.000114,-0.011792,-0.021721,-0.021880,3.141593
5555.0,0.009618,-0.168248,-0.007946,-0.007941,6.021642,0.000000,0.002977,-0.022356,-0.022327,3.141593
5560.0,0.014584,0.020836,-0.015174,-0.014952,6.021642,0.000086,-0.006774,-0.021884,-0.020466,3.141593
5565.0,0.015070,0.016930,-0.014809,-0.014868,6.021642,0.000029,-0.010057,-0.021741,-0.022363,3.141593
5570.0,0.015149,0.015620,-0.014649,-0.014023,6.021642,0.000057,-0.008857,-0.021760,-0.021880,3.141593
5575.0,0.015142,0.019842,-0.014756,-0.014445,6.021642,0.000014,-0.002447,-0.022050,-0.023293,3.141593
5580.0,0.015053,0.022197,-0.014801,-0.015375,6.021258,0.000057,0.002217,-0.022209,-0.022327,3.141593
5585.0,-0.011668,0.251111,-0.031031,-0.030824,6.020875,-0.000014,0.005106,-0.022357,-0.022327,3.141593
5590.0,-0.028135,0.016167,-0.023506,-0.023740,6.020875,-0.000057,0.005552,-0.022395,-0.021844,3.141593
5595.0,-0.029857,-0.025053,-0.021830,-0.021881,6.020875,-0.000057,0.002825,-0.022301,-0.022327,3.141593
5600.0,-0.030087,-0.021931,-0.021999,-0.021881,6.020875,0.000043,0.010027,-0.022593,-0.022363,3.141593
5605.0,-0.014144,-0.199878,-0.012098,-0.013091,6.021258,0.000014,-0.005188,-0.021929,-0.021880,3.141593
5610.0,0.004288,-0.223776,-0.006897,-0.007434,6.021642,-0.000143,0.005775,-0.022468,-0.022327,3.141593
5615.0,0.014148,-0.003265,-0.014424,-0.014023,6.021642,0.000057,-0.027340,-0.020955,-0.021397,3.141593
5620.0,0.015029,0.009462,-0.014709,-0.014868,6.021642,-0.000014,0.014023,-0.022808,-0.022810,3.141593
5625.0,0.015044,0.013464,-0.014803,-0.014952,6.021642,-0.000157,0.004476,-0.022459,-0.022327,3.141593
5630.0,0.015094,0.014727,-0.014766,-0.014868,6.021642,0.000014,0.011736,-0.022751,-0.022774,3.141593
5635.0,0.015054,0.032587,-0.015490,-0.015797,6.021642,0.000043,0.000484,-0.022232,-0.022327,3.141593
5640.0,-0.003303,0.096414,-0.022452,-0.021454,6.020875,0.000100,-0.013557,-0.021570,-0.020949,3.141593
5645.0,-0.027065,0.057897,-0.025239,-0.025096,6.020875,0.000143,-0.025287,-0.021010,-0.021433,3.141593
5650.0,-0.029781,-0.007243,-0.022626,-0.022810,6.020875,0.000000,0.001531,-0.022205,-0.022327,3.141593
5655.0,-0.030125,-0.023381,-0.021974,-0.021881,6.020875,0.000043,0.012268,-0.022662,-0.022810,3.141593
5660.0,-0.014164,-0.199341,-0.012311,-0.013516,6.021642,-0.000057,0.005292,-0.022386,-0.022327,3.141593
5665.0,0.028097,-0.219884,-0.001776,-0.002367,6.022025,-0.000057,-0.003407,-0.022014,-0.021397,3.141593
5670.0,0.036712,0.038595,-0.011155,-0.010729,6.022025,-0.000057,-0.008110,-0.021823,-0.021880,3.141593
5675.0,0.037415,0.045816,-0.011120,-0.012079,6.022025,-0.000029,0.010569,-0.022653,-0.022810,3.141593
5680.0,0.030745,0.244970,-0.021298,-0.021880,6.021642,0.000043,0.017010,-0.022913,-0.022810,3.141593
5685.0,-0.001783,0.158271,-0.024732,-0.024164,6.021258,0.000086,0.002344,-0.022243,-0.022327,3.141593
5690.0,-0.022736,0.142894,-0.028741,-0.028387,6.020875,-0.000057,0.014846,-0.022846,-0.023740,3.141593
5695.0,-0.029240,-0.019677,-0.022151,-0.021881,6.020875,0.000057,-0.009033,-0.021757,-0.023293,3.141593
5700.0,-0.029951,-0.031779,-0.021662,-0.021454,6.020875,0.000014,-0.005530,-0.021890,-0.020913,3.141593
5705.0,-0.030136,-0.024355,-0.022035,-0.021881,6.020875,-0.000072,-0.001871,-0.022090,-0.022810,3.141593
5710.0,-0.004631,-0.344345,-0.003638,-0.004140,6.021642,0.000029,-0.003185,-0.022002,-0.021880,3.141593
5715.0,0.020158,-0.223611,-0.003355,-0.002367,6.022025,-0.000014,0.010910,-0.022639,-0.021397,3.141593
5720.0,0.035865,-0.000180,-0.009585,-0.009291,6.022025,0.000086,-0.017852,-0.021325,-0.021397,3.141593
5725.0,0.037385,0.046868,-0.011139,-0.010729,6.022025,0.000014,0.021982,-0.023093,-0.022810,3.141593
5730.0,0.030751,0.237913,-0.020948,-0.021457,6.021642,-0.000029,-0.008914,-0.021738,-0.020949,3.141593
5735.0,0.004483,0.245271,-0.027119,-0.026528,6.020875,0.000043,-0.003079,-0.021991,-0.021880,3.141593
5740.0,-0.026259,0.055520,-0.025306,-0.024242,6.020875,0.000043,-0.002795,-0.021994,-0.021397,3.141593
5745.0,-0.029538,-0.035921,-0.021523,-0.021378,6.020875,0.000057,-0.009383,-0.021696,-0.021397,3.141593
5750.0,-0.029966,-0.035347,-0.021560,-0.021881,6.020875,-0.000086,-0.004239,-0.021975,-0.022327,3.141593
5755.0,-0.023253,-0.215186,-0.013116,-0.012586,6.021258,-0.000100,-0.001924,-0.022109,-0.023293,3.141593
5760.0,0.009681,-0.154494,-0.008720,-0.009799,6.021642,-0.000086,0.025029,-0.023304,-0.022327,3.141593
5765.0,0.030563,-0.136487,-0.004694,-0.005154,6.022025,-0.000157,0.005816,-0.022530,-0.022810,3.141593
5770.0,0.036941,0.036876,-0.010783,-0.010729,6.022025,-0.000014,0.002119,-0.022346,-0.023740,3.141593
5775.0,0.037563,0.038751,-0.010522,-0.010220,6.022025,0.000014,-0.001102,-0.022169,-0.021880,3.141593
5780.0,0.012345,0.334910,-0.029268,-0.028890,6.021258,0.000029,-0.006272,-0.021922,-0.022810,3.141593
5785.0,-0.023947,0.129110,-0.028333,-0.027031,6.020875,0.000029,-0.024720,-0.021094,-0.020949,3.141593
5790.0,-0.029410,-0.029611,-0.021831,-0.022383,6.020875,0.000029,-0.005001,-0.021953,-0.022810,3.141593
5795.0,-0.029871,-0.035541,-0.021544,-0.021881,6.020875,0.000086,-0.010817,-0.021650,-0.021397,3.141593
5800.0,-0.030053,-0.020888,-0.022190,-0.021881,6.020875,0.000057,-0.002193,-0.022022,-0.021880,3.141593
5805.0,-0.004579,-0.348846,-0.003280,-0.003294,6.021642,0.000057,-0.014475,-0.021457,-0.022363,3.141593
5810.0,0.020233,-0.225438,-0.003108,-0.001438,6.022025,-0.000014,0.010084,-0.022552,-0.021397,3.141593
5815.0,0.035858,0.003558,-0.009606,-0.009800,6.022025,-0.000143,-0.003433,-0.022022,-0.021880,3.141593
5820.0,0.037392,0.049738,-0.011117,-0.011150,6.022025,-0.000086,-0.013047,-0.021630,-0.021880,3.141593
5825.0,0.037621,0.042069,-0.010519,-0.010728,6.021642,0.000014,0.012952,-0.022749,-0.022327,3.141593
5830.0,-0.013021,0.391544,-0.037472,-0.036326,6.020875,0.000014,-0.004313,-0.021977,-0.021844,3.141593
5835.0,-0.028308,-0.014650,-0.022358,-0.022308,6.020875,0.000072,-0.023434,-0.021113,-0.020466,3.141593
5840.0,-0.029722,-0.039312,-0.021324,-0.021881,6.020875,0.000014,0.011782,-0.022678,-0.021844,3.141593
5845.0,-0.029989,-0.035621,-0.021472,-0.021454,6.020875,0.000043,0.011594,-0.022649,-0.022327,3.141593
5850.0,-0.030010,-0.036271,-0.021416,-0.020526,6.021258,-0.000014,-0.005993,-0.021893,-0.021397,3.141593
5855.0,-0.003006,-0.288560,-0.005615,-0.005576,6.021642,-0.000057,0.019220,-0.023036,-0.023257,3.141593
5860.0,0.013422,-0.030847,-0.013327,-0.013010,6.021642,0.000029,-0.013800,-0.021548,-0.021880,3.141593
5865.0,0.014935,0.000509,-0.014302,-0.013939,6.021642,-0.000057,0.012674,-0.022742,-0.023257,3.141593
5870.0,0.015156,0.021259,-0.015093,-0.014445,6.021642,0.000000,0.000935,-0.022213,-0.020913,3.141593
5875.0,0.015067,0.017502,-0.014865,-0.014952,6.021642,-0.000086,0.014434,-0.022869,-0.023257,3.141593
5880.0,0.015153,0.019063,-0.014831,-0.014868,6.021642,0.000029,-0.019606,-0.021326,-0.021433,3.141593
5885.0,0.008279,0.209246,-0.024777,-0.026102,6.021258,0.000086,-0.004988,-0.021932,-0.022327,3.141593
5890.0,-0.005853,0.028609,-0.019938,-0.020446,6.021258,0.000057,-0.002258,-0.022033,-0.022810,3.141593
5895.0,-0.007151,-0.018928,-0.018146,-0.018667,6.021258,-0.000086,0.021280,-0.023099,-0.022327,3.141593
5900.0,-0.007355,-0.004917,-0.018854,-0.019092,6.021258,-0.000014,-0.000476,-0.022150,-0.021880,3.141593
5905.0,-0.007355,-0.015562,-0.018416,-0.019092,6.021258,0.000100,-0.009046,-0.021729,-0.021880,3.141593
5910.0,-0.007419,0.000040,-0.019165,-0.020021,6.021258,-0.000129,0.017809,-0.022989,-0.022327,3.141593
5915.0,-0.007308,-0.014347,-0.018535,-0.018667,6.021258,-0.000014,0.008985,-0.022598,-0.023740,3.141593
5920.0,-0.007398,-0.014523,-0.018586,-0.019092,6.021258,0.000114,-0.006214,-0.021866,-0.022363,3.141593
5925.0,-0.007385,-0.018210,-0.018458,-0.018667,6.021258,0.000014,0.002327,-0.022250,-0.022810,3.141593
5930.0,0.004746,-0.184230,-0.008346,-0.010222,6.021642,-0.000043,0.013806,-0.022781,-0.022810,3.141593
5935.0,0.014189,-0.007770,-0.014003,-0.013516,6.021642,-0.000014,-0.004641,-0.021966,-0.020466,3.141593
5940.0,0.014969,0.014330,-0.014733,-0.014445,6.021642,-0.000114,-0.010245,-0.021793,-0.021397,3.141593
5945.0,0.015036,0.014054,-0.014625,-0.014868,6.021642,0.000114,-0.017474,-0.021414,-0.020949,3.141593
5950.0,0.015067,0.022541,-0.014915,-0.014868,6.021642,0.000057,0.011322,-0.022673,-0.022810,3.141593
5955.0,0.008177,0.214482,-0.024947,-0.026102,6.021258,0.000014,0.000002,-0.022178,-0.022327,3.141593
5960.0,-0.005862,0.030273,-0.019927,-0.020021,6.021258,0.000014,-0.010798,-0.021699,-0.020913,3.141593
5965.0,-0.019416,0.179523,-0.029689,-0.027960,6.020875,0.000057,-0.020949,-0.021234,-0.020466,3.141593
5970.0,-0.029055,-0.008290,-0.022403,-0.022383,6.020875,0.000014,-0.007488,-0.021829,-0.021397,3.141593
5975.0,-0.030030,-0.021163,-0.021946,-0.021881,6.020875,0.000014,-0.001940,-0.022074,-0.022327,3.141593
5980.0,-0.018016,-0.213231,-0.012353,-0.013939,6.021642,-0.000057,0.002465,-0.022287,-0.020019,3.141593
5985.0,0.011775,-0.096133,-0.010808,-0.011151,6.021642,-0.000057,-0.016461,-0.021495,-0.020502,3.141593
5990.0,0.014790,0.015916,-0.015041,-0.014868,6.021642,-0.000114,0.000100,-0.022276,-0.021844,3.141593
5995.0,0.015006,0.021210,-0.015149,-0.015375,6.021642,-0.000014,0.011476,-0.022760,-0.022810,3.141593
6000.0,0.015128,0.019677,-0.014970,-0.014868,6.021642,0.000072,-0.010341,-0.021757,-0.020466,3.141593
6005.0,0.015144,0.015869,-0.014713,-0.014445,6.021642,0.000043,-0.011399,-0.021715,-0.021397,3.141593
6010.0,0.015085,0.010472,-0.014405,-0.015375,6.021642,0.000057,-0.017898,-0.021413,-0.022363,3.141593
6015.0,0.002913,0.199119,-0.025492,-0.024243,6.021258,0.000043,0.008597,-0.022559,-0.022327,3.141593
6020.0,-0.006410,0.007995,-0.019109,-0.019092,6.021258,-0.000014,-0.010609,-0.021717,-0.021880,3.141593
6025.0,-0.007240,-0.007958,-0.018620,-0.018163,6.021258,0.000200,-0.007574,-0.021754,-0.021880,3.141593
6030.0,-0.007378,-0.012909,-0.018470,-0.018163,6.021258,0.000172,-0.014336,-0.021401,-0.021880,3.141593
6035.0,-0.007360,-0.016567,-0.018341,-0.018163,6.021258,-0.000057,0.027461,-0.023297,-0.023257,3.141593
6040.0,-0.007321,0.000613,-0.019135,-0.019596,6.021258,-0.000014,0.005206,-0.022321,-0.022327,3.141593
6045.0,-0.007387,-0.015173,-0.018485,-0.018163,6.021258,0.000043,0.007341,-0.022398,-0.024707,3.141593
6050.0,-0.007364,-0.012137,-0.018653,-0.018667,6.021258,0.000014,-0.000341,-0.022035,-0.022327,3.141593
6055.0,-0.007381,-0.015071,-0.018564,-0.018667,6.021258,0.000014,0.003782,-0.022213,-0.021880,3.141593
6060.0,-0.007440,-0.009512,-0.018866,-0.018588,6.021258,-0.000014,0.014112,-0.022685,-0.022327,3.141593
6065.0,-0.007333,-0.018085,-0.018497,-0.017738,6.021258,-0.000086,0.012995,-0.022680,-0.022810,3.141593
6070.0,0.010972,-0.103302,-0.010553,-0.010728,6.021642,0.000000,-0.001455,-0.022020,-0.020466,3.141593
6075.0,0.014732,0.007224,-0.014551,-0.014023,6.021642,0.000043,0.003803,-0.022258,-0.021397,3.141593
6080.0,0.014969,0.026766,-0.015292,-0.015375,6.021642,-0.000014,0.009361,-0.022531,-0.022327,3.141593
6085.0,0.015042,0.019725,-0.014882,-0.014868,6.021642,0.000086,-0.005371,-0.021852,-0.021397,3.141593
6090.0,0.008250,0.203419,-0.024521,-0.025173,6.021258,0.000057,0.003365,-0.022236,-0.022327,3.141593
6095.0,-0.005906,0.037143,-0.020329,-0.020446,6.021258,0.000100,-0.020690,-0.021132,-0.021433,3.141593
6100.0,-0.007246,-0.011398,-0.018505,-0.019092,6.021258,-0.000057,0.005775,-0.022330,-0.022327,3.141593
6105.0,-0.007371,-0.001670,-0.019004,-0.019092,6.021258,-0.000057,-0.002612,-0.021976,-0.022363,3.141593
6110.0,-0.007367,-0.004840,-0.018900,-0.019092,6.021258,0.000043,0.006300,-0.022351,-0.022810,3.141593
6115.0,-0.007406,-0.017167,-0.018399,-0.019092,6.021258,-0.000029,0.015618,-0.022777,-0.022810,3.141593
6120.0,-0.007376,-0.001725,-0.019118,-0.018667,6.021258,-0.000072,0.020653,-0.023029,-0.022774,3.141593
6125.0,-0.007419,-0.005775,-0.018987,-0.019092,6.021258,-0.000072,0.008497,-0.022525,-0.022810,3.141593
6130.0,-0.007385,-0.018398,-0.018455,-0.018588,6.021258,-0.000014,-0.003348,-0.021990,-0.022327,3.141593
6135.0,-0.007435,-0.009619,-0.018897,-0.019092,6.021258,0.000029,-0.012695,-0.021558,-0.021397,3.141593
6140.0,-0.007410,-0.013670,-0.018751,-0.018588,6.021258,0.000029,0.008920,-0.022511,-0.022810,3.141593
6145.0,0.008460,-0.142452,-0.009437,-0.010306,6.021642,0.000086,-0.004236,-0.021889,-0.022363,3.141593
6150.0,0.014545,0.003166,-0.014473,-0.014445,6.021642,-0.000072,0.011796,-0.022629,-0.022327,3.141593
6155.0,0.014938,0.025148,-0.015287,-0.015375,6.021642,-0.000072,-0.016523,-0.021406,-0.022363,3.141593
6160.0,0.015088,0.023974,-0.015119,-0.014868,6.021642,-0.000014,-0.001854,-0.022036,-0.021880,3.141593
6165.0,0.015026,0.029526,-0.015302,-0.015375,6.021642,0.000014,0.010327,-0.022570,-0.022327,3.141593
6170.0,-0.000858,0.159657,-0.024640,-0.024243,6.021258,-0.000114,0.013392,-0.022753,-0.022327,3.141593
6175.0,-0.006831,0.001073,-0.018957,-0.019092,6.021258,0.000100,-0.013520,-0.021510,-0.021397,3.141593
6180.0,-0.007333,-0.012716,-0.018493,-0.019092,6.021258,0.000014,-0.005960,-0.021855,-0.022363,3.141593
6185.0,-0.007414,-0.013577,-0.018513,-0.019092,6.021258,-0.000072,0.005469,-0.022388,-0.022327,3.141593
6190.0,-0.007374,-0.018716,-0.018312,-0.018588,6.021258,0.000057,-0.011545,-0.021602,-0.021433,3.141593
6195.0,-0.007369,-0.016673,-0.018441,-0.018163,6.021258,0.000014,-0.012443,-0.021560,-0.022363,3.141593
6200.0,-0.007390,-0.015903,-0.018520,-0.019092,6.021258,-0.000029,0.017048,-0.022869,-0.023740,3.141593
6205.0,-0.007432,0.003648,-0.019440,-0.019596,6.021258,-0.000043,-0.007298,-0.021797,-0.022327,3.141593
6210.0,-0.007415,-0.011836,-0.018787,-0.019092,6.021258,0.000014,-0.009850,-0.021672,-0.021880,3.141593
6215.0,0.004740,-0.187529,-0.008239,-0.009293,6.021642,-0.000100,0.007106,-0.022463,-0.022810,3.141593
6220.0,0.014169,-0.006964,-0.014083,-0.013939,6.021642,0.000043,0.002568,-0.022228,-0.023293,3.141593
6225.0,0.014935,0.019365,-0.015005,-0.015375,6.021642,-0.000014,-0.006456,-0.021835,-0.022846,3.141593
6230.0,0.015017,0.025574,-0.015184,-0.015375,6.021642,-0.000057,-0.015620,-0.021424,-0.020466,3.141593
6235.0,0.015072,0.015372,-0.014635,-0.015375,6.021642,-0.000057,0.007235,-0.022463,-0.022327,3.141593
6240.0,0.008227,0.208427,-0.024703,-0.025598,6.021258,-0.000014,-0.013470,-0.021546,-0.020466,3.141593
6245.0,-0.012723,0.221910,-0.030055,-0.031678,6.020875,-0.000072,0.008600,-0.022554,-0.022810,3.141593
6250.0,-0.028304,0.029708,-0.023895,-0.023740,6.020875,0.000014,0.000988,-0.022194,-0.022327,3.141593
6255.0,-0.029987,-0.018707,-0.021957,-0.021881,6.020875,0.000072,-0.002593,-0.022009,-0.021397,3.141593
6260.0,-0.030289,-0.006482,-0.022609,-0.022810,6.020875,0.000029,-0.013271,-0.021539,-0.021880,3.141593
6265.0,-0.018114,-0.214942,-0.012452,-0.013516,6.021258,-0.000014,-0.008699,-0.021739,-0.020949,3.141593
6270.0,0.007655,-0.186928,-0.007892,-0.008363,6.021642,-0.000172,0.003590,-0.022355,-0.022327,3.141593
6275.0,0.021234,-0.186246,-0.004781,-0.003717,6.022025,-0.000057,0.015534,-0.022878,-0.023257,3.141593
6280.0,0.035988,0.003055,-0.009703,-0.009712,6.022025,0.000057,-0.007624,-0.021827,-0.023293,3.141593
6285.0,0.037367,0.048210,-0.011205,-0.011658,6.022025,-0.000086,0.029614,-0.023516,-0.024671,3.141593
6290.0,0.030777,0.247800,-0.021383,-0.021373,6.021642,0.000000,-0.000391,-0.022164,-0.022810,3.141593
6295.0,-0.001820,0.153127,-0.024481,-0.023739,6.021258,-0.000057,-0.000479,-0.022170,-0.022810,3.141593
6300.0,-0.022724,0.133829,-0.028297,-0.027960,6.020875,0.000014,-0.006673,-0.021867,-0.021880,3.141593
6305.0,-0.029261,-0.027970,-0.021749,-0.022383,6.020875,0.000014,-0.011732,-0.021630,-0.021397,3.141593
6310.0,-0.029914,-0.031210,-0.021631,-0.021454,6.020875,0.000014,0.011446,-0.022655,-0.022327,3.141593
6315.0,-0.030110,-0.028114,-0.021802,-0.021881,6.020875,-0.000086,-0.003825,-0.022013,-0.021397,3.141593
6320.0,-0.017962,-0.217042,-0.012338,-0.013516,6.021642,-0.000086,0.014514,-0.022856,-0.022327,3.141593
6325.0,0.011798,-0.096502,-0.010953,-0.011235,6.021642,0.000072,-0.009631,-0.021755,-0.020466,3.141593
6330.0,0.014754,0.020487,-0.015421,-0.015375,6.021642,0.000114,-0.009262,-0.021753,-0.022810,3.141593
6335.0,0.015063,0.024818,-0.015462,-0.014952,6.021642,0.000086,0.011847,-0.022661,-0.022327,3.141593
6340.0,0.015083,0.024060,-0.015343,-0.015375,6.021642,0.000000,0.007036,-0.022465,-0.022810,3.141593
6345.0,0.015160,0.017021,-0.014928,-0.014445,6.021642,-0.000072,-0.000927,-0.022144,-0.022327,3.141593
6350.0,0.008345,0.204131,-0.024721,-0.025173,6.021258,0.000029,0.007417,-0.022485,-0.021844,3.141593
6355.0,-0.005870,0.037090,-0.020508,-0.020526,6.021258,0.000029,0.003242,-0.022286,-0.022327,3.141593
6360.0,-0.007178,-0.020542,-0.018270,-0.018588,6.021258,-0.000043,0.005824,-0.022417,-0.022327,3.141593
6365.0,-0.007292,-0.024397,-0.018160,-0.018667,6.021258,-0.000086,-0.002226,-0.022082,-0.022810,3.141593
6370.0,-0.007330,-0.006761,-0.018991,-0.019517,6.021258,0.000072,0.015190,-0.022800,-0.023740,3.141593
6375.0,-0.007347,-0.007909,-0.018981,-0.018588,6.021258,0.000057,-0.008887,-0.021719,-0.021397,3.141593
6380.0,-0.007346,-0.009566,-0.018945,-0.019092,6.021258,-0.000014,-0.013540,-0.021537,-0.021397,3.141593
6385.0,-0.007292,-0.015974,-0.018682,-0.018588,6.021258,-0.000114,0.008059,-0.022546,-0.022327,3.141593
6390.0,-0.007383,-0.011161,-0.018957,-0.019172,6.021258,0.000057,-0.014689,-0.021500,-0.020430,3.141593
6395.0,-0.007342,-0.016861,-0.018731,-0.018588,6.021258,0.000086,-0.018426,-0.021318,-0.021397,3.141593
6400.0,-0.007428,-0.008813,-0.019149,-0.019092,6.021258,0.000000,-0.005447,-0.021891,-0.022363,3.141593
6405.0,-0.007390,-0.011611,-0.019054,-0.019092,6.021258,-0.000029,-0.008959,-0.021736,-0.021397,3.141593
6410.0,-0.007390,-0.016797,-0.018862,-0.019092,6.021258,0.000014,-0.013146,-0.021541,-0.020913,3.141593
6415.0,-0.007446,-0.010331,-0.019203,-0.019092,6.021258,-0.000057,0.009604,-0.022587,-0.022327,3.141593
6420.0,-0.007405,-0.025141,-0.018573,-0.018163,6.021258,-0.000086,0.008823,-0.022567,-0.022810,3.141593
6425.0,-0.007444,-0.011637,-0.019224,-0.019092,6.021258,-0.000086,0.028299,-0.023455,-0.023740,3.141593
6430.0,-0.007371,-0.022581,-0.018760,-0.018163,6.021642,0.000000,0.017344,-0.022967,-0.022810,3.141593
6435.0,0.012615,-0.060632,-0.012512,-0.012587,6.021642,0.000043,-0.030951,-0.020821,-0.020466,3.141593
6440.0,0.014797,0.026618,-0.015829,-0.015881,6.021642,-0.000086,0.010949,-0.022719,-0.022810,3.141593
6445.0,0.014927,0.022072,-0.015520,-0.015797,6.021642,0.000100,-0.013250,-0.021592,-0.021397,3.141593
6450.0,0.015013,0.024000,-0.015508,-0.015375,6.021642,0.000029,-0.004445,-0.021979,-0.021433,3.141593
6455.0,-0.003365,0.110658,-0.023496,-0.023235,6.021258,0.000029,0.011458,-0.022672,-0.022327,3.141593
6460.0,-0.007042,-0.007789,-0.019084,-0.019092,6.021258,0.000043,-0.010952,-0.021673,-0.021880,3.141593
6465.0,-0.007321,-0.005784,-0.019273,-0.019092,6.021258,0.000057,-0.014641,-0.021481,-0.021880,3.141593
6470.0,-0.007410,-0.011174,-0.019092,-0.019092,6.021258,-0.000043,0.004647,-0.022345,-0.022327,3.141593
6475.0,-0.007390,-0.011974,-0.019091,-0.019092,6.021258,-0.000072,-0.002624,-0.022039,-0.022327,3.141593
6480.0,-0.007406,-0.007967,-0.019312,-0.019092,6.021258,0.000043,-0.023552,-0.021081,-0.020466,3.141593
6485.0,-0.007464,-0.009098,-0.019315,-0.019596,6.021258,-0.000014,-0.001517,-0.022081,-0.022810,3.141593
6490.0,-0.007432,-0.005235,-0.019519,-0.019092,6.021258,0.000014,-0.006196,-0.021857,-0.021397,3.141593
6495.0,0.011013,-0.099645,-0.011132,-0.011574,6.021642,0.000086,-0.009157,-0.021688,-0.021880,3.141593
6500.0,15.722666,0.020039,0.694062,0.632730,6.021642,0.000043,0.005162,-0.022308,-0.022810,3.141593
6505.0,15.436827,15.627874,0.023516,0.023262,6.014739,0.000043,-0.002875,-0.021938,-0.021880,3.141593
6510.0,14.858578,16.382339,-0.054795,-0.049835,6.005151,0.000000,-0.003544,-0.021909,-0.022363,3.141593
6515.0,14.331769,15.234458,-0.039853,-0.039743,5.996715,0.000057,-0.002224,-0.021936,-0.021880,3.141593
6520.0,13.847362,14.512797,-0.037089,-0.037175,5.989045,0.000014,-0.001941,-0.021956,-0.021397,3.141593
6525.0,13.417382,13.722088,-0.021518,-0.022574,5.982142,-0.000072,0.001779,-0.022163,-0.021880,3.141593
6530.0,13.017383,13.168296,-0.012054,-0.012287,5.975239,0.000086,-0.021942,-0.021066,-0.020949,3.141593
6535.0,12.617741,12.924090,-0.018564,-0.018999,5.968719,-0.000029,0.010100,-0.022493,-0.022810,3.141593
6540.0,12.236897,12.363987,-0.008977,-0.008973,5.962584,-0.000014,0.010345,-0.022503,-0.022327,3.141593
6545.0,11.875602,12.050083,-0.008016,-0.008112,5.956448,-0.000114,0.003917,-0.022276,-0.020466,3.141593
6550.0,11.517771,11.782666,-0.010397,-0.011247,5.950695,0.000014,-0.008877,-0.021689,-0.021880,3.141593
6555.0,11.181928,11.264244,0.001401,0.001574,5.944942,0.000029,-0.010726,-0.021590,-0.021880,3.141593
6560.0,10.848848,10.824023,0.008418,0.009670,5.939574,-0.000086,0.000251,-0.022118,-0.022810,3.141593
6565.0,10.534565,10.550755,0.010417,0.009698,5.934205,-0.000043,0.002878,-0.022226,-0.020913,3.141593
6570.0,10.220772,10.329319,0.008435,0.008038,5.929219,-0.000114,-0.000503,-0.022134,-0.022810,3.141593
6575.0,9.923288,10.036525,0.011593,0.011317,5.924234,0.000057,-0.013880,-0.021491,-0.020949,3.141593
6580.0,9.634518,9.622114,0.020449,0.021136,5.919249,-0.000114,0.005792,-0.022426,-0.022810,3.141593
6585.0,9.340190,9.410359,0.017362,0.018979,5.914647,-0.000100,-0.002339,-0.022103,-0.021397,3.141593
6590.0,9.058272,9.299660,0.010974,0.010731,5.909661,0.000000,-0.001094,-0.022149,-0.021880,3.141593
6595.0,8.783471,8.748604,0.024176,0.023244,5.905443,0.000114,-0.001015,-0.022100,-0.021880,3.141593
6600.0,8.524305,8.657774,0.018942,0.018079,5.900841,-0.000029,0.005265,-0.022411,-0.022810,3.141593
6605.0,8.271524,8.383386,0.021853,0.020127,5.896622,0.000057,-0.011324,-0.021655,-0.021397,3.141593
6610.0,8.012256,8.133921,0.020728,0.021321,5.892404,0.000086,-0.002505,-0.022022,-0.021880,3.141593
6615.0,7.765254,7.915075,0.019593,0.019805,5.888186,0.000057,-0.007470,-0.021787,-0.022810,3.141593
6620.0,7.511993,7.695907,0.015624,0.016462,5.884350,-0.000086,0.001498,-0.022207,-0.022810,3.141593
6625.0,7.277815,7.329749,0.021122,0.021448,5.880516,0.000014,-0.003531,-0.021943,-0.021844,3.141593
6630.0,7.072905,6.808444,0.038884,0.038287,5.877064,0.000000,0.008328,-0.022454,-0.022327,3.141593
6635.0,6.871229,6.963319,0.026146,0.026104,5.873612,0.000000,0.003284,-0.022230,-0.022810,3.141593
6640.0,6.661139,6.807530,0.024155,0.024671,5.870161,0.000043,0.002548,-0.022175,-0.021397,3.141593
6645.0,6.468127,6.444788,0.034075,0.033493,5.867093,-0.000114,-0.003762,-0.021954,-0.021880,3.141593
6650.0,6.271584,6.410191,0.027491,0.026984,5.863642,0.000000,0.003829,-0.022275,-0.022810,3.141593
6655.0,6.088529,5.935603,0.042444,0.043275,5.860574,-0.000086,-0.002926,-0.022001,-0.021880,3.141593
6660.0,5.894816,5.973208,0.031129,0.032608,5.857122,0.000057,0.006963,-0.022399,-0.022327,3.141593
6665.0,5.707358,5.677978,0.034941,0.035905,5.854054,0.000086,-0.002613,-0.021947,-0.021880,3.141593
6670.0,5.525254,5.524613,0.032605,0.033653,5.851370,0.000014,0.010408,-0.022528,-0.022327,3.141593
6675.0,5.352984,5.487600,0.026330,0.026252,5.848302,0.000014,-0.001952,-0.021984,-0.021880,3.141593
6680.0,5.177500,5.122728,0.032897,0.032353,5.845617,-0.000014,-0.012059,-0.021536,-0.021880,3.141593
6685.0,5.025955,4.989946,0.033633,0.032587,5.842933,0.000014,-0.000669,-0.022029,-0.021880,3.141593
6690.0,4.864050,4.946420,0.027173,0.028331,5.839865,-0.000014,-0.003125,-0.021926,-0.022810,3.141593
6695.0,4.692414,4.905663,0.017429,0.019494,5.837181,0.000057,-0.002785,-0.021900,-0.022327,3.141593
6700.0,4.536376,4.466265,0.028022,0.027399,5.834496,-0.000014,-0.003442,-0.021884,-0.021880,3.141593
6705.0,4.384314,4.465446,0.019129,0.018586,5.832195,-0.000014,-0.005115,-0.021810,-0.021880,3.141593
6710.0,4.258259,4.101397,0.031493,0.030195,5.830277,-0.000043,0.027593,-0.023280,-0.022810,3.141593
6715.0,4.123269,4.057847,0.026810,0.026592,5.827977,-0.000100,0.010069,-0.022565,-0.022327,3.141593
6720.0,3.997804,4.046579,0.022119,0.019890,5.825675,-0.000043,0.014946,-0.022787,-0.023740,3.141593
6725.0,3.887817,3.678401,0.036123,0.036433,5.823758,-0.000057,0.000826,-0.022162,-0.022810,3.141593
6730.0,3.758742,3.768819,0.024709,0.025492,5.822224,0.000014,0.002000,-0.022184,-0.021397,3.141593
6735.0,3.663163,3.588656,0.032306,0.031996,5.820307,0.000014,-0.006095,-0.021836,-0.021397,3.141593
6740.0,3.551676,3.555860,0.029137,0.028843,5.818006,0.000029,-0.005996,-0.021838,-0.021880,3.141593
6745.0,3.436729,3.446090,0.027949,0.029543,5.816472,0.000057,-0.018504,-0.021254,-0.021397,3.141593
6750.0,3.324543,3.383511,0.024651,0.024616,5.814554,0.000014,0.016885,-0.022814,-0.023740,3.141593
6755.0,3.229605,3.200634,0.030025,0.030252,5.813404,0.000057,0.000318,-0.022054,-0.021397,3.141593
6760.0,3.139889,3.182442,0.028736,0.028513,5.811870,-0.000014,0.002941,-0.022195,-0.022810,3.141593
6765.0,3.048964,3.104496,0.029316,0.028383,5.809952,0.000057,-0.013767,-0.021420,-0.021880,3.141593
6770.0,2.937956,3.102330,0.021384,0.021876,5.808418,-0.000043,0.015130,-0.022711,-0.022810,3.141593
6775.0,2.860835,2.795764,0.034144,0.032447,5.807268,-0.000172,0.006980,-0.022408,-0.022810,3.141593
6780.0,2.787845,2.707182,0.037700,0.037357,5.805734,-0.000043,-0.001390,-0.022018,-0.022810,3.141593
6785.0,2.698942,2.687595,0.034102,0.034049,5.804200,-0.000014,0.001223,-0.022124,-0.022810,3.141593
6790.0,2.614569,2.712198,0.029086,0.029144,5.803050,0.000057,-0.003286,-0.021894,-0.021397,3.141593
6795.0,2.538151,2.524707,0.034848,0.034726,5.801516,0.000014,-0.014649,-0.021396,-0.021397,3.141593
6800.0,2.452896,2.540015,0.029116,0.030745,5.800365,-0.000057,0.002754,-0.022186,-0.023257,3.141593
6805.0,2.378862,2.388750,0.032889,0.032287,5.799214,-0.000014,0.013603,-0.022658,-0.022810,3.141593
6810.0,2.313974,2.367383,0.032568,0.032288,5.798064,0.000072,-0.004827,-0.021812,-0.021880,3.141593
6815.0,2.236875,2.267896,0.032549,0.034679,5.796530,-0.000086,0.011432,-0.022577,-0.022810,3.141593
6820.0,2.163666,2.104835,0.035788,0.035466,5.795763,-0.000014,0.002720,-0.022192,-0.021880,3.141593
6825.0,2.099129,2.114120,0.032960,0.035469,5.794229,-0.000043,-0.013853,-0.021482,-0.020019,3.141593
6830.0,2.035067,2.046459,0.033269,0.032247,5.793462,0.000000,-0.015972,-0.021388,-0.021880,3.141593
6835.0,1.969430,1.863263,0.023975,0.024172,5.792312,0.000057,0.001654,-0.022127,-0.022327,3.141593
6840.0,1.911079,1.599666,0.034411,0.033853,5.791161,-0.000057,0.001571,-0.022152,-0.022327,3.141593
6845.0,1.862419,1.495401,0.038554,0.038685,5.790394,-0.000072,-0.010782,-0.021638,-0.021880,3.141593
6850.0,1.820188,1.495559,0.038529,0.038681,5.789627,-0.000086,-0.000550,-0.022107,-0.022810,3.141593
6855.0,1.761489,1.628263,0.030942,0.029819,5.788860,0.000014,0.005628,-0.022348,-0.022810,3.141593
6860.0,1.701908,1.759295,0.023189,0.022561,5.787710,0.000000,-0.003332,-0.021948,-0.020913,3.141593
6865.0,1.653035,1.386509,0.038038,0.038673,5.786942,-0.000057,0.002552,-0.022221,-0.021880,3.141593
6870.0,1.609964,1.399605,0.036456,0.036263,5.786176,-0.000057,0.004542,-0.022323,-0.022363,3.141593
6875.0,1.557831,1.578758,0.026723,0.028206,5.785408,-0.000014,-0.002262,-0.022033,-0.020949,3.141593
6880.0,1.508510,1.478099,0.029222,0.029025,5.784642,0.000000,-0.006251,-0.021845,-0.022810,3.141593
6885.0,1.472036,1.296142,0.036356,0.034680,5.783875,0.000014,0.009536,-0.022516,-0.022327,3.141593
6890.0,1.421036,1.493295,0.025631,0.025802,5.782724,0.000029,-0.005883,-0.021819,-0.021880,3.141593
6895.0,1.364633,1.377584,0.027720,0.028239,5.782341,0.000014,-0.006454,-0.021792,-0.022810,3.141593
6900.0,1.331795,1.138413,0.037247,0.036337,5.781574,-0.000057,0.023368,-0.023128,-0.022810,3.141593
6905.0,1.294506,1.251216,0.031059,0.030679,5.780807,-0.000072,-0.004461,-0.021928,-0.022810,3.141593
6910.0,1.242853,1.444771,0.019928,0.020131,5.780040,-0.000014,0.001725,-0.022176,-0.022327,3.141593
6915.0,1.199144,1.173403,0.029540,0.029069,5.779273,0.000000,-0.008401,-0.021721,-0.021880,3.141593
6920.0,1.158028,1.185719,0.027009,0.025854,5.778889,0.000000,-0.000256,-0.022067,-0.023293,3.141593
6925.0,1.133173,1.087478,0.030758,0.030747,5.778506,0.000000,0.007550,-0.022403,-0.023257,3.141593
6930.0,1.091784,1.177117,0.024769,0.025852,5.777739,0.000014,-0.003320,-0.021896,-0.021397,3.141593
6935.0,1.051877,1.145439,0.024068,0.024245,5.776972,-0.000014,0.004506,-0.022251,-0.022810,3.141593
6940.0,1.013839,0.957000,0.030279,0.030749,5.776588,-0.000057,0.020541,-0.022967,-0.023740,3.141593
6945.0,0.992167,0.938029,0.030588,0.029992,5.775821,0.000057,0.006993,-0.022333,-0.023293,3.141593
6950.0,0.953325,1.011580,0.025322,0.026692,5.775438,0.000014,0.017674,-0.022808,-0.021397,3.141593
6955.0,0.915223,1.055717,0.021207,0.021882,5.774671,-0.000086,-0.008779,-0.021697,-0.020466,3.141593
6960.0,0.877097,0.875779,0.026688,0.026789,5.774287,-0.000057,0.006615,-0.022411,-0.021397,3.141593
6965.0,0.855650,0.844153,0.027324,0.027538,5.773520,0.000014,-0.004474,-0.021908,-0.021397,3.141593
6970.0,0.816518,0.949564,0.020247,0.021989,5.773137,0.000143,-0.008304,-0.021671,-0.021880,3.141593
6975.0,0.803951,0.649489,0.033205,0.033303,5.773137,-0.000043,0.016139,-0.022780,-0.023257,3.141593
6980.0,0.791237,0.785577,0.027386,0.029248,5.772370,-0.000014,-0.005541,-0.021818,-0.022327,3.141593
6985.0,0.754420,0.869192,0.021496,0.021994,5.771986,-0.000057,0.002542,-0.022183,-0.022810,3.141593
6990.0,0.729926,0.808744,0.022948,0.022736,5.771603,-0.000114,0.004590,-0.022320,-0.023740,3.141593
6995.0,0.701669,0.794966,0.022001,0.021997,5.771219,0.000014,-0.005507,-0.021844,-0.022327,3.141593
7000.0,0.690454,0.559040,0.032228,0.030846,5.770836,0.000029,-0.013452,-0.021475,-0.021397,3.141593
7005.0,0.662717,0.778190,0.021196,0.020401,5.770452,0.000014,0.000989,-0.022110,-0.021397,3.141593
7010.0,0.638934,0.752732,0.021040,0.021871,5.770069,0.000072,-0.006022,-0.021776,-0.021880,3.141593
7015.0,0.606748,0.703330,0.021046,0.021137,5.769685,0.000014,0.011054,-0.022539,-0.021880,3.141593
7020.0,0.586864,0.662199,0.021837,0.022000,5.769302,0.000014,0.004742,-0.022252,-0.022327,3.141593
7025.0,0.557942,0.621759,0.021617,0.021271,5.768919,-0.000029,0.004688,-0.022265,-0.021397,3.141593
7030.0,0.553154,0.438459,0.029858,0.029243,5.768919,-0.000086,0.013257,-0.022690,-0.022810,3.141593
7035.0,0.546466,0.589073,0.023575,0.022866,5.768535,-0.000014,-0.006557,-0.021813,-0.021880,3.141593
7040.0,0.519948,0.645758,0.019522,0.018814,5.768151,0.000000,0.006310,-0.022377,-0.021880,3.141593
7045.0,0.508690,0.426704,0.028750,0.028514,5.768151,0.000014,-0.012336,-0.021551,-0.021880,3.141593
7050.0,0.489339,0.486330,0.025171,0.026198,5.767385,0.000057,-0.011184,-0.021571,-0.021880,3.141593
7055.0,0.464970,0.476422,0.023959,0.024460,5.767385,0.000029,-0.001683,-0.021974,-0.021880,3.141593
7060.0,0.441885,0.451880,0.023420,0.021277,5.767001,-0.000086,0.018223,-0.022894,-0.023740,3.141593
7065.0,0.439546,0.349760,0.028258,0.028512,5.767001,0.000114,-0.002942,-0.021894,-0.021397,3.141593
7070.0,0.439553,0.324613,0.030019,0.030251,5.767001,0.000029,0.002390,-0.022118,-0.021397,3.141593
7075.0,0.439961,0.284112,0.032668,0.032712,5.766617,-0.000114,0.003705,-0.022250,-0.021880,3.141593
7080.0,0.412906,0.551645,0.019317,0.019536,5.766234,-0.000072,0.010589,-0.022572,-0.022327,3.141593
7085.0,0.395948,0.345140,0.027383,0.027073,5.766234,-0.000014,0.004106,-0.022290,-0.021880,3.141593
7090.0,0.387522,0.491960,0.020849,0.020408,5.765851,0.000157,0.006288,-0.022308,-0.022327,3.141593
7095.0,0.356870,0.511237,0.017732,0.017945,5.765467,-0.000043,0.014078,-0.022688,-0.022810,3.141593
7100.0,0.349041,0.294591,0.026871,0.026203,5.765467,0.000072,-0.015177,-0.021352,-0.020466,3.141593
7105.0,0.329812,0.397863,0.021008,0.021994,5.765083,0.000043,-0.006744,-0.021724,-0.021880,3.141593
7110.0,0.325881,0.272945,0.026460,0.026203,5.765083,0.000014,0.003131,-0.022155,-0.021880,3.141593
7115.0,0.309702,0.412870,0.019294,0.020405,5.764700,0.000043,0.003040,-0.022140,-0.021880,3.141593
7120.0,0.303572,0.240897,0.026633,0.027078,5.764700,-0.000014,-0.004521,-0.021828,-0.021397,3.141593
7125.0,0.303090,0.226041,0.027643,0.027078,5.764700,0.000014,0.003985,-0.022194,-0.022327,3.141593
7130.0,0.303319,0.215610,0.028656,0.028665,5.764700,-0.000057,0.002908,-0.022173,-0.021880,3.141593
7135.0,0.284793,0.321640,0.022849,0.023031,5.764317,0.000057,0.002657,-0.022134,-0.022327,3.141593
7140.0,0.273986,0.403809,0.018726,0.018818,5.763933,-0.000057,0.011197,-0.022531,-0.022810,3.141593
7145.0,0.259252,0.244625,0.024677,0.024618,5.763933,0.000057,-0.010478,-0.021532,-0.021880,3.141593
7150.0,0.245529,0.400045,0.017002,0.017233,5.763549,0.000014,-0.000493,-0.021974,-0.021880,3.141593
7155.0,0.235569,0.236246,0.023447,0.023034,5.763549,-0.000072,0.012673,-0.022596,-0.021397,3.141593
7160.0,0.234858,0.189486,0.025723,0.025326,5.763549,0.000086,-0.000359,-0.021971,-0.021880,3.141593
7165.0,0.234908,0.164523,0.027156,0.027788,5.763549,0.000072,-0.012532,-0.021423,-0.021880,3.141593
7170.0,0.235080,0.161380,0.027712,0.028664,5.763166,-0.000086,0.002860,-0.022156,-0.022810,3.141593
7175.0,0.214884,0.254752,0.022146,0.022157,5.763166,-0.000029,0.003159,-0.022158,-0.022327,3.141593
7180.0,0.205679,0.346161,0.017666,0.018641,5.762783,-0.000100,0.014809,-0.022705,-0.023740,3.141593
7185.0,0.190827,0.210905,0.022369,0.022157,5.762783,-0.000014,-0.011574,-0.021533,-0.021880,3.141593
7190.0,0.189593,0.148972,0.025231,0.024619,5.762783,-0.000100,-0.000908,-0.022040,-0.021880,3.141593
7195.0,0.189303,0.148117,0.025449,0.026377,5.762783,0.000000,0.000236,-0.022083,-0.022810,3.141593
7200.0,0.189546,0.124040,0.026836,0.027960,5.762783,0.000100,0.009657,-0.022446,-0.022327,3.141593
7205.0,0.189747,0.117641,0.027499,0.027081,5.762783,-0.000014,-0.005724,-0.021789,-0.021880,3.141593
7210.0,0.177555,0.336693,0.017223,0.018816,5.762399,0.000029,0.008910,-0.022421,-0.021880,3.141593
7215.0,0.167681,0.160426,0.024218,0.023037,5.762399,0.000072,-0.007758,-0.021633,-0.021880,3.141593
7220.0,0.166798,0.143241,0.025127,0.023917,5.762399,-0.000014,0.010274,-0.022442,-0.021397,3.141593
7225.0,0.148180,0.251566,0.018925,0.018994,5.762015,-0.000086,0.014853,-0.022683,-0.022810,3.141593
7230.0,0.144153,0.128086,0.024075,0.023038,5.762015,-0.000029,-0.010529,-0.021561,-0.021880,3.141593
7235.0,0.144002,0.119619,0.024636,0.026380,5.762015,0.000129,0.000399,-0.021977,-0.020913,3.141593
7240.0,0.143970,0.107101,0.025358,0.025320,5.762015,-0.000057,-0.008454,-0.021650,-0.021397,3.141593
7245.0,0.144224,0.082359,0.026767,0.027081,5.762015,0.000057,0.007727,-0.022326,-0.021397,3.141593
7250.0,0.137415,0.280228,0.017810,0.017932,5.761632,-0.000172,0.002279,-0.022176,-0.021880,3.141593
7255.0,0.122809,0.157182,0.021982,0.021457,5.761632,-0.000029,-0.011409,-0.021553,-0.020019,3.141593
7260.0,0.114462,0.299918,0.015138,0.014073,5.761249,-0.000029,-0.003433,-0.021924,-0.022810,3.141593
7265.0,0.099750,0.156259,0.020059,0.018997,5.761249,0.000114,-0.002326,-0.021910,-0.021397,3.141593
7270.0,0.098298,0.082331,0.023168,0.022341,5.761249,-0.000057,0.002865,-0.022181,-0.022327,3.141593
7275.0,0.098391,0.077620,0.023448,0.023736,5.761249,0.000000,-0.008065,-0.021692,-0.020949,3.141593
7280.0,0.098391,0.086228,0.023130,0.022341,5.761249,0.000129,0.006622,-0.022295,-0.022810,3.141593
7285.0,0.098501,0.071396,0.023927,0.023038,5.761249,-0.000029,0.022653,-0.023031,-0.022774,3.141593
7290.0,0.098516,0.088310,0.023326,0.023038,5.761249,-0.000029,-0.008979,-0.021636,-0.022363,3.141593
7295.0,0.098591,0.063797,0.024575,0.024618,5.761249,-0.000014,0.004216,-0.022219,-0.023740,3.141593
7300.0,0.098795,0.061320,0.024923,0.025500,5.761249,0.000014,0.007148,-0.022313,-0.021844,3.141593
7305.0,0.098859,0.048658,0.025719,0.025500,5.761249,0.000014,0.007649,-0.022336,-0.022810,3.141593
7310.0,0.098802,0.066146,0.025174,0.026382,5.761249,0.000000,0.000789,-0.022031,-0.021397,3.141593
7315.0,0.098888,0.054527,0.025940,0.026197,5.761249,0.000057,-0.021604,-0.021026,-0.020949,3.141593
7320.0,0.082827,0.231169,0.016985,0.018115,5.760865,0.000014,0.002527,-0.022091,-0.022363,3.141593
7325.0,0.076336,0.086148,0.022764,0.022156,5.760865,-0.000057,0.002207,-0.022096,-0.021880,3.141593
7330.0,0.075799,0.076286,0.023222,0.023039,5.760865,-0.000157,0.012643,-0.022606,-0.022327,3.141593
7335.0,0.075778,0.058081,0.024105,0.023922,5.760865,0.000072,-0.028184,-0.020747,-0.020949,3.141593
7340.0,0.075914,0.057258,0.024290,0.023922,5.760865,-0.000043,0.017410,-0.022774,-0.022810,3.141593
7345.0,0.075885,0.074638,0.023651,0.024617,5.760865,0.000000,0.000074,-0.021998,-0.021880,3.141593
7350.0,0.059860,0.228846,0.015559,0.016348,5.760481,-0.000014,0.006052,-0.022266,-0.021880,3.141593
7355.0,0.053419,0.086239,0.021142,0.022155,5.760481,0.000014,-0.013467,-0.021405,-0.021880,3.141593
7360.0,0.052868,0.062985,0.022066,0.021271,5.760481,0.000000,-0.006022,-0.021732,-0.021880,3.141593
7365.0,0.053015,0.036043,0.023316,0.023039,5.760481,-0.000014,-0.000887,-0.021959,-0.021397,3.141593
7370.0,0.053015,0.039545,0.023210,0.023922,5.760481,0.000014,0.001991,-0.022089,-0.021397,3.141593
7375.0,0.053122,0.026216,0.023877,0.023039,5.760481,-0.000014,-0.007560,-0.021674,-0.020949,3.141593
7380.0,0.053022,0.048883,0.022926,0.022345,5.760481,0.000014,-0.002079,-0.021905,-0.022810,3.141593
7385.0,0.053229,0.039231,0.023508,0.023922,5.760481,-0.000014,0.006077,-0.022258,-0.021880,3.141593
7390.0,0.053154,0.035698,0.023750,0.025500,5.760481,0.000057,-0.001498,-0.021883,-0.021880,3.141593
7395.0,0.053204,0.023924,0.024372,0.023922,5.760481,-0.000114,-0.005922,-0.021756,-0.022327,3.141593
7400.0,0.046420,0.234386,0.014712,0.014577,5.760098,-0.000043,0.004942,-0.022235,-0.022810,3.141593
7405.0,0.031736,0.103025,0.019026,0.018307,5.760098,0.000029,0.004780,-0.022200,-0.021880,3.141593
7410.0,0.030144,0.034059,0.021809,0.021461,5.760098,-0.000086,0.008882,-0.022408,-0.022327,3.141593
7415.0,0.030105,0.043921,0.021317,0.021461,5.760098,0.000057,-0.001425,-0.021917,-0.021397,3.141593
7420.0,0.030216,0.038483,0.021549,0.020577,5.760098,-0.000014,0.012562,-0.022546,-0.022327,3.141593
7425.0,0.030266,0.029254,0.021980,0.021461,5.760098,0.000057,-0.017780,-0.021181,-0.019983,3.141593
7430.0,0.030266,0.030580,0.021939,0.022846,5.760098,0.000014,-0.006213,-0.021714,-0.021880,3.141593
7435.0,0.030309,0.014017,0.022672,0.022346,5.760098,-0.000072,0.011992,-0.022551,-0.022327,3.141593
7440.0,0.049074,-0.108753,0.029880,0.030424,5.760481,0.000014,-0.001683,-0.021950,-0.021397,3.141593
7445.0,0.053176,0.012974,0.025179,0.024806,5.760481,0.000143,-0.009108,-0.021574,-0.021397,3.141593
7450.0,0.053551,0.012923,0.025488,0.026384,5.760481,-0.000057,0.020642,-0.022933,-0.022810,3.141593
7455.0,0.053558,0.009789,0.025868,0.026194,5.760481,0.000057,0.003913,-0.022173,-0.021880,3.141593
7460.0,0.034736,0.156794,0.017841,0.017231,5.760098,0.000072,-0.017536,-0.021206,-0.020949,3.141593
7465.0,0.012041,0.170390,0.015100,0.015654,5.759715,-0.000014,0.005226,-0.022224,-0.021880,3.141593
7470.0,0.007442,0.052874,0.019324,0.019691,5.759715,-0.000057,0.008368,-0.022391,-0.022327,3.141593
7475.0,0.007213,0.039062,0.019912,0.019000,5.759715,-0.000043,0.005265,-0.022267,-0.022327,3.141593
7480.0,0.007410,0.017404,0.020930,0.020576,5.759715,0.000057,0.004645,-0.022210,-0.021397,3.141593
7485.0,0.007328,0.036330,0.019972,0.019886,5.759715,0.000000,-0.004613,-0.021817,-0.021880,3.141593
7490.0,0.007399,0.018164,0.020688,0.021267,5.759715,-0.000057,0.013671,-0.022655,-0.022327,3.141593
7495.0,0.007457,0.016844,0.020685,0.020576,5.759715,0.000014,0.003387,-0.022192,-0.021880,3.141593
7500.0,0.019709,-0.198999,0.031169,0.028846,5.760098,-0.000057,0.009361,-0.022477,-0.022810,3.141593
7505.0,0.029547,-0.004386,0.023700,0.023230,5.760098,-0.000014,0.004191,-0.022251,-0.023740,3.141593
7510.0,0.030663,-0.004666,0.024020,0.023923,5.760098,0.000000,0.007053,-0.022385,-0.022327,3.141593
7515.0,0.030717,-0.003203,0.024136,0.023038,5.760098,0.000114,0.001626,-0.022089,-0.021397,3.141593
7520.0,0.030652,0.005883,0.023889,0.023038,5.760098,0.000043,0.010533,-0.022490,-0.021880,3.141593
7525.0,0.014645,0.174412,0.015212,0.015654,5.759715,-0.000100,0.014193,-0.022703,-0.022810,3.141593
7530.0,-0.010554,0.154596,0.011795,0.012306,5.759331,-0.000014,-0.006432,-0.021792,-0.022327,3.141593
7535.0,-0.014881,0.002362,0.017508,0.016540,5.759331,0.000086,-0.007191,-0.021728,-0.021397,3.141593
7540.0,-0.015163,0.012610,0.016899,0.018804,5.759331,-0.000186,-0.009133,-0.021744,-0.021880,3.141593
7545.0,-0.015149,0.003029,0.017237,0.018115,5.759331,-0.000014,0.010786,-0.022611,-0.023740,3.141593
7550.0,-0.015035,-0.015324,0.017993,0.018115,5.759331,0.000100,-0.005399,-0.021845,-0.021397,3.141593
7555.0,-0.003029,-0.190380,0.028426,0.027075,5.759715,0.000014,-0.000606,-0.022063,-0.021880,3.141593
7560.0,0.006580,-0.003999,0.021725,0.023038,5.760098,-0.000072,0.000779,-0.022158,-0.022327,3.141593
7565.0,0.027745,-0.077601,0.026892,0.026384,5.760098,0.000057,-0.002488,-0.021972,-0.021397,3.141593
7570.0,0.030470,0.002455,0.023821,0.023038,5.760098,0.000114,-0.002284,-0.021942,-0.021880,3.141593
7575.0,0.030735,0.009478,0.023737,0.023923,5.760098,0.000014,-0.002616,-0.021936,-0.020466,3.141593
7580.0,0.023850,0.193987,0.015226,0.014768,5.759715,-0.000029,0.000881,-0.022114,-0.021880,3.141593
7585.0,-0.006852,0.251557,0.008607,0.009156,5.759331,-0.000043,0.005581,-0.022335,-0.022810,3.141593
7590.0,-0.014491,0.009947,0.017561,0.017229,5.759331,0.000057,-0.009902,-0.021615,-0.021880,3.141593
7595.0,-0.015213,-0.007980,0.018104,0.017229,5.759331,0.000014,0.006798,-0.022344,-0.022810,3.141593
7600.0,-0.015103,-0.020848,0.018616,0.018115,5.759331,-0.000057,-0.002044,-0.021979,-0.022810,3.141593
7605.0,-0.015203,0.009469,0.017149,0.016540,5.759331,-0.000014,-0.005634,-0.021820,-0.020913,3.141593
7610.0,-0.015249,0.001238,0.017413,0.017229,5.759331,0.000072,-0.006780,-0.021742,-0.021397,3.141593
7615.0,0.000726,-0.143629,0.027308,0.027075,5.759715,-0.000072,0.020522,-0.022987,-0.023740,3.141593
7620.0,0.025613,-0.137096,0.029331,0.029538,5.760098,0.000072,-0.008931,-0.021637,-0.021880,3.141593
7625.0,0.030327,-0.020926,0.024886,0.023923,5.760098,-0.000057,-0.002244,-0.021964,-0.021397,3.141593
7630.0,0.030663,0.008134,0.023816,0.023923,5.760098,-0.000014,-0.005397,-0.021824,-0.022327,3.141593
7635.0,0.023975,0.197000,0.015179,0.013883,5.759715,-0.000072,0.022245,-0.023061,-0.022810,3.141593
7640.0,0.002367,0.270151,0.009992,0.009845,5.759331,0.000014,-0.002318,-0.021957,-0.020949,3.141593
7645.0,-0.025824,0.243512,0.004799,0.005809,5.758947,0.000086,-0.004011,-0.021862,-0.021880,3.141593
7650.0,-0.036696,0.007397,0.012660,0.013192,5.758947,0.000043,-0.010919,-0.021554,-0.022810,3.141593
7655.0,-0.037665,-0.034231,0.014083,0.014079,5.758947,0.000057,0.000007,-0.022008,-0.021397,3.141593
7660.0,-0.021694,-0.186153,0.024284,0.023038,5.759715,-0.000014,0.007253,-0.022350,-0.021880,3.141593
7665.0,0.022935,-0.174264,0.031001,0.029730,5.760098,-0.000043,0.011496,-0.022563,-0.021880,3.141593
7670.0,0.029905,-0.015104,0.024817,0.025500,5.760098,-0.000029,-0.008978,-0.021673,-0.021880,3.141593
7675.0,0.030534,0.013970,0.023708,0.024615,5.760098,0.000014,-0.003020,-0.021918,-0.021880,3.141593
7680.0,0.030588,0.016578,0.023721,0.024615,5.760098,0.000057,-0.019158,-0.021188,-0.019089,3.141593
7685.0,0.030638,0.000782,0.024554,0.025500,5.760098,0.000014,0.009705,-0.022473,-0.022810,3.141593
7690.0,0.011863,0.152164,0.016235,0.016539,5.759715,0.000057,-0.009552,-0.021592,-0.021880,3.141593
7695.0,-0.010793,0.147483,0.012733,0.012306,5.759331,-0.000014,0.007099,-0.022333,-0.021880,3.141593
7700.0,-0.014856,0.001532,0.018229,0.018115,5.759331,-0.000014,-0.000916,-0.021984,-0.019536,3.141593
7705.0,-0.015217,-0.006440,0.018410,0.018115,5.759331,-0.000014,0.002315,-0.022147,-0.021397,3.141593
7710.0,-0.015321,0.004074,0.017822,0.017426,5.759331,0.000114,-0.005188,-0.021775,-0.021880,3.141593
7715.0,-0.015228,0.000398,0.017914,0.018804,5.759331,-0.000014,-0.004057,-0.021841,-0.021880,3.141593
7720.0,-0.015174,-0.002801,0.017975,0.018115,5.759331,-0.000086,-0.004445,-0.021847,-0.021397,3.141593
7725.0,0.003226,-0.116261,0.026483,0.025500,5.760098,-0.000057,0.004568,-0.022267,-0.021880,3.141593
7730.0,0.027452,-0.073977,0.026892,0.027077,5.760098,0.000057,0.001155,-0.022096,-0.021880,3.141593
7735.0,0.030402,-0.022524,0.025086,0.024615,5.760098,-0.000014,-0.009165,-0.021659,-0.021880,3.141593
7740.0,0.030792,-0.005278,0.024587,0.023923,5.760098,-0.000043,-0.003494,-0.021919,-0.021397,3.141593
7745.0,0.014709,0.180284,0.015167,0.016343,5.759331,0.000129,-0.010027,-0.021572,-0.021880,3.141593
7750.0,-0.024347,0.303783,0.002796,0.004035,5.758947,0.000057,-0.005292,-0.021766,-0.021880,3.141593
7755.0,-0.036635,0.000465,0.013330,0.013192,5.758947,0.000014,0.012818,-0.022562,-0.022810,3.141593
7760.0,-0.037612,-0.012081,0.013458,0.013880,5.758947,0.000014,0.007795,-0.022330,-0.021397,3.141593
7765.0,-0.037776,-0.028481,0.013936,0.014966,5.758947,-0.000086,-0.001925,-0.021948,-0.022810,3.141593
7770.0,-0.014895,-0.398339,0.035408,0.035346,5.760098,-0.000014,0.006619,-0.022304,-0.022810,3.141593
7775.0,0.025424,-0.114906,0.028649,0.027269,5.760098,-0.000072,0.004785,-0.022245,-0.021397,3.141593
7780.0,0.030173,-0.003659,0.024369,0.025500,5.760098,-0.000029,0.001421,-0.022095,-0.021880,3.141593
7785.0,0.030702,-0.009607,0.024853,0.024615,5.760098,-0.000057,-0.002324,-0.021946,-0.022327,3.141593
7790.0,0.030566,0.012379,0.023982,0.023923,5.760098,0.000129,-0.006639,-0.021677,-0.021880,3.141593
7795.0,0.018393,0.221998,0.013854,0.014768,5.759715,-0.000057,0.002360,-0.022113,-0.022810,3.141593
7800.0,-0.010210,0.180986,0.011432,0.012306,5.759331,-0.000014,0.009919,-0.022442,-0.021880,3.141593
7805.0,-0.014917,0.024138,0.017264,0.017229,5.759331,0.000029,-0.004975,-0.021772,-0.021397,3.141593
7810.0,-0.015235,-0.021272,0.019121,0.018115,5.759331,-0.000072,0.000557,-0.022057,-0.022810,3.141593
7815.0,-0.015281,-0.000799,0.018106,0.018115,5.759331,-0.000043,0.007470,-0.022362,-0.022810,3.141593
7820.0,-0.015321,0.012250,0.017419,0.016540,5.759331,-0.000057,0.018669,-0.022883,-0.022327,3.141593
7825.0,-0.015135,-0.008070,0.018278,0.018115,5.759331,-0.000014,-0.006181,-0.021775,-0.022810,3.141593
7830.0,-0.008429,-0.210662,0.028728,0.029040,5.759715,-0.000057,0.015975,-0.022755,-0.022810,3.141593
7835.0,0.024694,-0.167563,0.030737,0.030615,5.760098,0.000014,-0.001533,-0.021960,-0.021880,3.141593
7840.0,0.030209,-0.028258,0.025341,0.025500,5.760098,0.000072,0.000954,-0.022037,-0.022810,3.141593
7845.0,0.030710,-0.006443,0.024614,0.023923,5.760098,-0.000043,0.016943,-0.022769,-0.022810,3.141593
7850.0,0.030831,0.018085,0.023770,0.024615,5.760098,0.000014,0.014309,-0.022656,-0.021880,3.141593
7855.0,0.014663,0.181529,0.015282,0.016539,5.759715,0.000000,0.009824,-0.022485,-0.021880,3.141593
7860.0,-0.008000,0.209697,0.010886,0.010731,5.759331,0.000043,0.006644,-0.022336,-0.022810,3.141593
7865.0,-0.021501,0.197251,0.008301,0.007383,5.758947,0.000057,0.007108,-0.022344,-0.021880,3.141593
7870.0,-0.036206,0.024576,0.012481,0.012505,5.758947,-0.000086,0.003008,-0.022210,-0.020466,3.141593
7875.0,-0.037594,-0.026285,0.014222,0.014966,5.758947,0.000086,-0.007948,-0.021693,-0.021397,3.141593
7880.0,-0.025599,-0.230389,0.025823,0.023923,5.759331,0.000029,0.006717,-0.022346,-0.022810,3.141593
7885.0,0.014502,-0.322343,0.036778,0.034461,5.760098,-0.000072,-0.012206,-0.021547,-0.021397,3.141593
7890.0,0.029114,-0.029890,0.025468,0.025500,5.760098,-0.000043,0.012171,-0.022634,-0.023740,3.141593
7895.0,0.030563,-0.010604,0.024917,0.025500,5.760098,0.000086,-0.001742,-0.021966,-0.021397,3.141593
7900.0,0.030777,-0.012035,0.025203,0.025500,5.760098,0.000086,0.000807,-0.022056,-0.021397,3.141593
7905.0,0.030606,-0.002073,0.024870,0.023923,5.760098,-0.000114,0.011992,-0.022618,-0.022810,3.141593
7910.0,-0.000236,0.340098,0.006920,0.008270,5.759331,-0.000043,0.008215,-0.022446,-0.022810,3.141593
7915.0,-0.014205,0.054101,0.016419,0.016540,5.758947,0.000029,0.006850,-0.022363,-0.022810,3.141593
7920.0,-0.035212,0.041055,0.012085,0.012505,5.758947,0.000057,0.008244,-0.022399,-0.022810,3.141593
7925.0,-0.037558,-0.016821,0.013920,0.014079,5.758947,0.000072,-0.004183,-0.021828,-0.021397,3.141593
7930.0,-0.037884,-0.021468,0.013834,0.013192,5.759331,0.000114,-0.004973,-0.021741,-0.020913,3.141593
7935.0,0.010382,-0.398990,0.039879,0.037115,5.760098,-0.000029,-0.001093,-0.021949,-0.022810,3.141593
7940.0,0.028474,-0.032356,0.025557,0.025500,5.760098,0.000014,-0.011701,-0.021461,-0.020949,3.141593
7945.0,0.030606,-0.017810,0.025321,0.024807,5.760098,-0.000086,0.004180,-0.022198,-0.022810,3.141593
7950.0,0.030581,-0.003022,0.024792,0.025500,5.760098,0.000000,-0.001823,-0.021914,-0.022810,3.141593
7955.0,0.030577,0.003349,0.024619,0.023923,5.759715,0.000057,0.002652,-0.022085,-0.021880,3.141593
7960.0,-0.001849,0.301958,0.008249,0.009845,5.759331,-0.000086,-0.003886,-0.021842,-0.021880,3.141593
7965.0,-0.032687,0.132943,0.008672,0.009157,5.758947,0.000057,0.011217,-0.022476,-0.022810,3.141593
7970.0,-0.037390,-0.016558,0.014061,0.013880,5.758947,0.000014,-0.001408,-0.021919,-0.021397,3.141593
7975.0,-0.037819,-0.017548,0.013791,0.013192,5.758947,0.000014,-0.000153,-0.021979,-0.021880,3.141593
7980.0,-0.037748,-0.040874,0.014632,0.014078,5.759331,-0.000057,-0.001908,-0.021935,-0.021880,3.141593
7985.0,-0.005579,-0.272937,0.032115,0.031998,5.759715,0.000086,-0.001714,-0.021904,-0.021880,3.141593
7990.0,0.024737,-0.130454,0.029468,0.028846,5.760098,0.000000,0.000536,-0.022014,-0.022810,3.141593
7995.0,0.029941,0.007888,0.023968,0.024615,5.760098,-0.000072,0.008991,-0.022409,-0.022327,3.141593
8000.0,0.030606,-0.007973,0.024877,0.024807,5.760098,0.000000,0.022459,-0.022996,-0.022810,3.141593
8005.0,0.030609,0.021551,0.023709,0.023923,5.760098,-0.000057,-0.011439,-0.021530,-0.020949,3.141593
8010.0,0.023736,0.201002,0.015380,0.014768,5.759715,-0.000029,0.016155,-0.022748,-0.022810,3.141593
8015.0,0.002371,0.262839,0.010723,0.010731,5.759331,0.000100,0.009500,-0.022413,-0.022327,3.141593
8020.0,-0.029669,0.213609,0.005739,0.006496,5.758947,-0.000029,-0.005148,-0.021791,-0.022810,3.141593
8025.0,-0.037200,-0.002191,0.013442,0.013192,5.758947,0.000100,0.008719,-0.022340,-0.021880,3.141593
8030.0,-0.037733,-0.032224,0.014446,0.014079,5.758947,-0.000014,-0.011746,-0.021460,-0.020466,3.141593
8035.0,-0.030931,-0.227395,0.024465,0.024809,5.759331,0.000057,-0.011247,-0.021467,-0.021880,3.141593
8040.0,-0.000762,-0.197573,0.029871,0.028846,5.759715,-0.000014,0.013680,-0.022582,-0.022327,3.141593
8045.0,0.032136,-0.317796,0.038305,0.037809,5.760481,0.000029,0.000581,-0.021994,-0.021397,3.141593
8050.0,0.051631,-0.059368,0.029101,0.028656,5.760481,-0.000086,0.004102,-0.022209,-0.022810,3.141593
8055.0,0.053673,-0.004789,0.027270,0.027962,5.760481,-0.000057,0.008402,-0.022404,-0.021880,3.141593
8060.0,0.015957,0.528451,0.000786,0.001575,5.759331,-0.000029,0.004144,-0.022215,-0.021880,3.141593
8065.0,-0.028557,0.248128,0.004591,0.004922,5.758947,-0.000057,-0.000720,-0.022019,-0.022810,3.141593
8070.0,-0.037118,-0.001366,0.013560,0.013192,5.758947,0.000029,0.005652,-0.022270,-0.022327,3.141593
8075.0,-0.037848,-0.022430,0.014116,0.013192,5.758947,0.000043,0.006140,-0.022273,-0.021880,3.141593
8080.0,-0.037787,-0.028194,0.014173,0.014079,5.758947,0.000086,-0.007630,-0.021631,-0.021880,3.141593
8085.0,-0.018843,-0.409304,0.035230,0.035539,5.759715,-0.000029,0.002510,-0.022092,-0.022810,3.141593
8090.0,0.020703,-0.182471,0.031520,0.030423,5.760098,-0.000072,0.009819,-0.022433,-0.022810,3.141593
8095.0,0.029522,-0.000854,0.024449,0.024615,5.760098,-0.000072,0.005529,-0.022255,-0.021880,3.141593
8100.0,0.030488,0.015894,0.023922,0.023923,5.760098,0.000029,-0.004623,-0.021780,-0.021880,3.141593
8105.0,0.030549,0.003066,0.024608,0.023923,5.760098,0.000014,0.010154,-0.022429,-0.022327,3.141593
8110.0,0.023693,0.207777,0.015163,0.016344,5.759715,0.000014,-0.004944,-0.021762,-0.022810,3.141593
8115.0,-0.013955,0.441720,-0.000842,0.000687,5.758947,-0.000014,-0.003698,-0.021812,-0.022810,3.141593
8120.0,-0.035605,0.043296,0.011831,0.011618,5.758947,-0.000057,-0.001606,-0.021911,-0.021397,3.141593
8125.0,-0.037748,-0.016408,0.013788,0.013192,5.758947,0.000043,-0.011170,-0.021473,-0.021880,3.141593
8130.0,-0.037762,-0.035579,0.014424,0.014079,5.758947,-0.000114,0.009547,-0.022441,-0.022810,3.141593
8135.0,-0.025610,-0.207359,0.024620,0.023923,5.759715,-0.000014,0.000182,-0.022012,-0.022810,3.141593
8140.0,0.016122,-0.259973,0.034333,0.033769,5.760098,-0.000014,-0.014982,-0.021335,-0.020949,3.141593
8145.0,0.029132,-0.020782,0.025148,0.025500,5.760098,0.000029,-0.017160,-0.021234,-0.020949,3.141593
8150.0,0.030470,-0.003483,0.024642,0.023923,5.760098,0.000029,0.020769,-0.022901,-0.022327,3.141593
8155.0,0.030566,0.023451,0.023598,0.023038,5.760098,-0.000014,0.002159,-0.022100,-0.021844,3.141593
8160.0,0.030656,0.009451,0.024365,0.023923,5.760098,-0.000100,0.010966,-0.022542,-0.022810,3.141593
8165.0,-0.004152,0.320600,0.006720,0.008270,5.758947,-0.000043,0.005836,-0.022308,-0.022327,3.141593
8170.0,-0.034554,0.087897,0.010049,0.009157,5.758947,0.000014,-0.007501,-0.021714,-0.021880,3.141593
8175.0,-0.037504,-0.021225,0.014032,0.013880,5.758947,0.000014,-0.004376,-0.021853,-0.021880,3.141593
8180.0,-0.037837,-0.043342,0.014725,0.014767,5.758947,0.000057,0.002884,-0.022144,-0.021880,3.141593
8185.0,-0.037787,-0.024145,0.013666,0.014079,5.758947,0.000043,-0.004966,-0.021795,-0.022363,3.141593
8190.0,-0.021783,-0.189282,0.024460,0.023923,5.759715,0.000057,-0.002988,-0.021856,-0.022810,3.141593
8195.0,0.020227,-0.234228,0.033579,0.032884,5.760098,0.000029,-0.006766,-0.021668,-0.021397,3.141593
8200.0,0.029522,-0.010048,0.024698,0.025500,5.760098,-0.000014,0.008356,-0.022351,-0.022327,3.141593
8205.0,0.030441,-0.000930,0.024484,0.023923,5.760098,0.000014,0.002590,-0.022080,-0.022810,3.141593
8210.0,0.030599,0.011777,0.024077,0.024615,5.760098,-0.000072,0.025453,-0.023114,-0.022810,3.141593
8215.0,0.018396,0.217391,0.014118,0.015654,5.759715,-0.000029,-0.008066,-0.021642,-0.021397,3.141593
8220.0,-0.010221,0.159924,0.012201,0.011617,5.759331,0.000000,-0.003572,-0.021841,-0.021880,3.141593
8225.0,-0.014781,0.004663,0.018001,0.018804,5.759331,0.000014,-0.006077,-0.021726,-0.021880,3.141593
8230.0,-0.015296,-0.012773,0.018566,0.018804,5.759331,-0.000014,-0.015299,-0.021322,-0.020949,3.141593
8235.0,-0.015285,0.011419,0.017394,0.017229,5.759331,-0.000086,0.009166,-0.022435,-0.022810,3.141593
8240.0,-0.015231,-0.005202,0.018054,0.017426,5.759331,0.000114,-0.005765,-0.021711,-0.021397,3.141593
8245.0,-0.015235,0.005502,0.017483,0.018115,5.759331,-0.000086,-0.016344,-0.021301,-0.021880,3.141593
8250.0,-0.015153,-0.013166,0.018240,0.018115,5.759331,-0.000057,0.016262,-0.022747,-0.022810,3.141593
8255.0,-0.003108,-0.174068,0.028049,0.027075,5.759715,-0.000014,-0.005013,-0.021812,-0.021880,3.141593
8260.0,0.006487,-0.007455,0.021899,0.021462,5.759715,-0.000057,0.009989,-0.022500,-0.022810,3.141593
8265.0,0.007428,0.007961,0.021275,0.020576,5.759715,-0.000043,0.009559,-0.022488,-0.022774,3.141593
8270.0,0.007557,0.017930,0.020832,0.021462,5.759715,0.000014,-0.011153,-0.021556,-0.022810,3.141593
8275.0,0.007682,0.001055,0.021598,0.021462,5.759715,0.000043,0.010122,-0.022466,-0.021397,3.141593
8280.0,0.007628,0.012370,0.021094,0.020576,5.759715,0.000086,-0.005841,-0.021736,-0.020466,3.141593
8285.0,0.007710,0.006719,0.021389,0.021462,5.759715,0.000043,-0.009247,-0.021601,-0.020949,3.141593
8290.0,0.007628,-0.004191,0.021858,0.022152,5.759715,-0.000129,0.007600,-0.022404,-0.022810,3.141593
8295.0,-0.008372,0.180694,0.011336,0.012306,5.759331,0.000043,-0.016195,-0.021332,-0.021397,3.141593
8300.0,-0.014577,0.012575,0.017340,0.018115,5.759331,0.000029,0.003708,-0.022200,-0.021880,3.141593
8305.0,-0.015113,-0.012017,0.018225,0.018115,5.759331,-0.000029,-0.005656,-0.021789,-0.021397,3.141593
8310.0,-0.015078,-0.020498,0.018525,0.018115,5.759331,0.000014,-0.007692,-0.021682,-0.020949,3.141593
8315.0,-0.015006,-0.011858,0.018073,0.018804,5.759331,0.000129,-0.020784,-0.021054,-0.019536,3.141593
8320.0,-0.015049,-0.011193,0.017948,0.018115,5.759331,-0.000086,0.001905,-0.022111,-0.021880,3.141593
8325.0,-0.015235,-0.004490,0.017515,0.017229,5.759331,0.000043,0.007314,-0.022318,-0.021880,3.141593
8330.0,-0.014967,-0.022574,0.018299,0.018115,5.759331,-0.000057,-0.004076,-0.021852,-0.021880,3.141593
8335.0,-0.015042,-0.032549,0.018641,0.017426,5.759331,0.000057,-0.011469,-0.021484,-0.021397,3.141593
8340.0,-0.008301,-0.183119,0.026785,0.026579,5.759715,-0.000072,0.015646,-0.022725,-0.022810,3.141593
8345.0,0.006022,-0.046338,0.023173,0.023923,5.759715,0.000000,-0.003592,-0.021873,-0.020949,3.141593
8350.0,0.007467,-0.006003,0.021524,0.020576,5.759715,0.000029,0.003643,-0.022176,-0.021880,3.141593
8355.0,0.007703,0.011243,0.020831,0.020576,5.759715,-0.000029,-0.007440,-0.021700,-0.021397,3.141593
8360.0,0.007639,0.010422,0.020873,0.020576,5.759715,0.000057,-0.000803,-0.021965,-0.021397,3.141593
8365.0,0.007589,0.033034,0.019864,0.020576,5.759331,0.000014,-0.009464,-0.021593,-0.020949,3.141593
8370.0,-0.012592,0.080262,0.014227,0.014078,5.759331,-0.000014,0.010485,-0.022496,-0.022810,3.141593
8375.0,-0.014763,-0.017454,0.018011,0.019001,5.759331,0.000014,0.013411,-0.022637,-0.021880,3.141593
8380.0,-0.014949,-0.010786,0.017588,0.018115,5.759331,-0.000086,0.005265,-0.022330,-0.021397,3.141593
8385.0,-0.015067,-0.026724,0.018185,0.017229,5.759331,0.000129,-0.023316,-0.021018,-0.021880,3.141593
8390.0,-0.014956,-0.013287,0.017529,0.017426,5.759331,0.000100,0.004337,-0.022195,-0.022810,3.141593
8395.0,-0.015045,0.001091,0.016783,0.017229,5.759331,-0.000100,0.009984,-0.022496,-0.022327,3.141593
8400.0,-0.015060,0.002968,0.016612,0.016540,5.759331,0.000014,0.000741,-0.022057,-0.021880,3.141593
8405.0,-0.014935,-0.023691,0.017747,0.017424,5.759715,0.000000,-0.002022,-0.021948,-0.021880,3.141593
8410.0,0.004953,-0.051701,0.023198,0.022347,5.759715,0.000057,-0.001083,-0.021956,-0.021880,3.141593
8415.0,0.007367,0.021194,0.020221,0.020576,5.759715,0.000072,-0.006943,-0.021676,-0.022810,3.141593
8420.0,0.007682,0.005918,0.020952,0.020576,5.759715,-0.000029,0.002359,-0.022110,-0.021397,3.141593
8425.0,0.007596,0.020226,0.020306,0.021267,5.759715,-0.000057,0.004550,-0.022241,-0.021880,3.141593
8430.0,0.007571,0.011344,0.020669,0.020576,5.759715,-0.000086,0.003471,-0.022238,-0.022810,3.141593
8435.0,0.007646,0.015500,0.020502,0.020576,5.759715,0.000086,0.024479,-0.023108,-0.021844,3.141593
8440.0,0.007639,0.013800,0.020576,0.020576,5.759715,0.000014,0.019643,-0.022925,-0.022327,3.141593
8445.0,-0.008301,0.173205,0.010724,0.010731,5.759331,0.000014,0.007541,-0.022395,-0.021880,3.141593
8450.0,-0.014445,0.015135,0.016301,0.016540,5.759331,-0.000072,0.008572,-0.022478,-0.022327,3.141593
8455.0,-0.015024,0.008351,0.016387,0.015654,5.759331,-0.000014,0.010832,-0.022564,-0.022327,3.141593
8460.0,-0.015028,0.012543,0.016115,0.016540,5.759331,0.000014,-0.008593,-0.021692,-0.022810,3.141593
8465.0,-0.014906,-0.013791,0.017234,0.018115,5.759331,0.000000,-0.002393,-0.021955,-0.022810,3.141593
8470.0,-0.015088,-0.017812,0.017285,0.016540,5.759331,0.000057,-0.003383,-0.021890,-0.021397,3.141593
8475.0,-0.015035,-0.012789,0.016991,0.016540,5.759331,-0.000072,-0.009921,-0.021656,-0.021880,3.141593
8480.0,0.000919,-0.153298,0.026806,0.027270,5.759715,0.000014,-0.007219,-0.021763,-0.022810,3.141593
8485.0,0.006834,0.007019,0.020670,0.021462,5.759715,0.000100,0.001120,-0.022085,-0.022810,3.141593
8490.0,0.007553,0.004854,0.020831,0.020576,5.759715,-0.000014,0.009497,-0.022472,-0.022810,3.141593
8495.0,0.007639,0.002878,0.020929,0.020576,5.759715,-0.000029,0.016832,-0.022802,-0.022810,3.141593
8500.0,0.007696,-0.000879,0.021127,0.020576,5.759715,0.000029,0.000180,-0.022053,-0.021880,3.141593
8505.0,0.007739,0.011120,0.020643,0.021462,5.759715,-0.000014,0.008579,-0.022429,-0.022327,3.141593
8510.0,0.007696,-0.005075,0.021359,0.021462,5.759715,0.000000,-0.001206,-0.021997,-0.021880,3.141593
8515.0,0.007639,-0.003489,0.021275,0.021462,5.759715,-0.000057,0.002965,-0.022209,-0.021880,3.141593
8520.0,0.000708,0.209363,0.010927,0.008959,5.759331,0.000057,-0.013901,-0.021432,-0.021397,3.141593
8525.0,-0.013418,0.028833,0.015722,0.015654,5.759331,0.000014,-0.013623,-0.021434,-0.020466,3.141593
8530.0,-0.014956,-0.009577,0.017002,0.016540,5.759331,-0.000014,-0.005936,-0.021779,-0.021880,3.141593
8535.0,-0.014981,-0.007174,0.016806,0.016540,5.759331,-0.000043,0.006616,-0.022344,-0.021844,3.141593
8540.0,-0.014902,-0.010246,0.016881,0.018115,5.759331,0.000114,-0.013066,-0.021406,-0.020949,3.141593
8545.0,-0.014963,-0.019984,0.017216,0.018115,5.759331,-0.000086,0.007840,-0.022400,-0.021880,3.141593
8550.0,-0.014906,-0.032714,0.017714,0.018115,5.759331,-0.000014,-0.019354,-0.021200,-0.020949,3.141593
8555.0,-0.015131,-0.000236,0.016127,0.017426,5.759331,0.000000,-0.006945,-0.021742,-0.022327,3.141593
8560.0,0.003412,-0.107207,0.025053,0.024614,5.759715,0.000014,0.000843,-0.022072,-0.021880,3.141593
8565.0,0.007135,0.004515,0.020769,0.020576,5.759715,-0.000086,0.010901,-0.022565,-0.022810,3.141593
8570.0,0.007528,0.011312,0.020485,0.020771,5.759715,0.000014,-0.008265,-0.021702,-0.021397,3.141593
8575.0,0.026236,-0.125897,0.028227,0.027961,5.760098,0.000100,-0.001585,-0.021963,-0.021880,3.141593
8580.0,0.030459,-0.015872,0.024038,0.023230,5.760098,-0.000014,0.006636,-0.022335,-0.021880,3.141593
8585.0,0.030692,0.019198,0.022702,0.023731,5.760098,-0.000014,0.025957,-0.023199,-0.023740,3.141593
8590.0,-0.000139,0.329189,0.005468,0.005809,5.759331,-0.000114,-0.001529,-0.022029,-0.021397,3.141593
8595.0,-0.025971,0.216573,0.004564,0.005809,5.758947,0.000029,-0.006693,-0.021780,-0.021880,3.141593
8600.0,-0.036592,-0.009872,0.012056,0.011419,5.758947,0.000086,-0.006903,-0.021742,-0.021880,3.141593
8605.0,-0.037397,-0.043787,0.013185,0.013192,5.758947,-0.000072,-0.001350,-0.022030,-0.022810,3.141593
8610.0,-0.025331,-0.231033,0.024061,0.022348,5.759331,-0.000043,-0.004987,-0.021874,-0.021880,3.141593
8615.0,0.009238,-0.297366,0.034685,0.034461,5.760098,0.000086,-0.021243,-0.021112,-0.021880,3.141593
8620.0,0.028281,-0.032488,0.024859,0.024615,5.760098,0.000043,-0.001162,-0.021977,-0.021880,3.141593
8625.0,0.030330,0.014649,0.023089,0.024615,5.760098,-0.000057,0.012444,-0.022617,-0.022810,3.141593
8630.0,0.030456,0.010494,0.023346,0.023038,5.760098,0.000029,-0.011141,-0.021562,-0.021880,3.141593
8635.0,0.030491,0.034501,0.022385,0.022154,5.760098,0.000029,0.012986,-0.022609,-0.021880,3.141593
8640.0,0.018303,0.215987,0.013456,0.013883,5.759715,-0.000014,-0.011485,-0.021542,-0.020466,3.141593
8645.0,-0.003834,0.248360,0.008379,0.009845,5.759331,0.000014,0.001296,-0.022113,-0.021397,3.141593
8650.0,-0.014155,0.006401,0.016751,0.017426,5.759331,0.000143,-0.008478,-0.021618,-0.021397,3.141593
8655.0,-0.015006,0.003420,0.016603,0.016540,5.759331,-0.000029,0.002592,-0.022140,-0.022810,3.141593
8660.0,-0.015146,0.000539,0.016610,0.016540,5.759331,0.000000,-0.009017,-0.021609,-0.021397,3.141593
8665.0,-0.015078,-0.018304,0.017379,0.017229,5.759331,-0.000029,-0.001178,-0.021975,-0.021880,3.141593
8670.0,-0.015081,-0.000343,0.016490,0.016540,5.759331,0.000014,0.001493,-0.022083,-0.021880,3.141593
8675.0,-0.002936,-0.185717,0.027417,0.026384,5.759715,-0.000114,0.007866,-0.022405,-0.022810,3.141593
8680.0,0.006452,-0.016637,0.022027,0.022152,5.759715,-0.000029,-0.002063,-0.021957,-0.022810,3.141593
8685.0,0.007292,0.034637,0.019775,0.019886,5.759715,-0.000014,-0.000280,-0.022021,-0.022810,3.141593
8690.0,0.007510,0.018416,0.020466,0.020576,5.759715,0.000014,-0.011411,-0.021504,-0.021880,3.141593
8695.0,0.007614,0.002256,0.021176,0.021462,5.759715,-0.000072,0.018881,-0.022867,-0.022810,3.141593
8700.0,0.007442,0.002076,0.021092,0.020576,5.759715,-0.000014,0.010259,-0.022487,-0.022810,3.141593
8705.0,0.007532,0.022328,0.020177,0.019691,5.759715,0.000072,-0.002190,-0.021897,-0.021880,3.141593
8710.0,0.007528,0.007050,0.020825,0.021462,5.759715,-0.000100,0.011912,-0.022576,-0.021397,3.141593
8715.0,0.007560,0.002217,0.021012,0.020576,5.759715,0.000057,-0.014616,-0.021390,-0.021880,3.141593
8720.0,-0.004542,0.196738,0.010333,0.012503,5.759331,0.000029,-0.005675,-0.021780,-0.021880,3.141593
8725.0,-0.014087,0.018968,0.016023,0.015654,5.759331,0.000057,-0.003828,-0.021830,-0.021880,3.141593
8730.0,-0.014917,-0.016413,0.017328,0.018115,5.759331,-0.000100,-0.004319,-0.021857,-0.020949,3.141593
8735.0,-0.014870,-0.013379,0.017122,0.018115,5.759331,-0.000014,0.000904,-0.022082,-0.021397,3.141593
8740.0,-0.015085,-0.010893,0.016875,0.016540,5.759331,0.000014,-0.002184,-0.021955,-0.021880,3.141593
8745.0,-0.008050,-0.206521,0.027102,0.027960,5.759715,0.000057,-0.001078,-0.021972,-0.022327,3.141593
8750.0,0.006030,-0.033191,0.022430,0.022152,5.759715,-0.000043,0.015616,-0.022726,-0.021880,3.141593
8755.0,0.007410,0.001140,0.021018,0.020576,5.759715,0.000014,-0.011952,-0.021509,-0.021880,3.141593
8760.0,0.007510,0.012222,0.020501,0.020576,5.759715,-0.000043,0.009644,-0.022470,-0.022327,3.141593
8765.0,0.007625,0.008150,0.020690,0.020576,5.759715,-0.000014,-0.002401,-0.021954,-0.022810,3.141593
8770.0,0.007653,0.020326,0.020175,0.020576,5.759715,-0.000014,-0.004501,-0.021858,-0.022810,3.141593
8775.0,0.007600,0.013327,0.020455,0.019691,5.759715,-0.000114,0.014142,-0.022720,-0.022810,3.141593
8780.0,0.007596,0.016387,0.020321,0.020576,5.759715,0.000072,-0.003971,-0.021877,-0.022810,3.141593
8785.0,0.007650,-0.000339,0.021068,0.019886,5.759715,-0.000014,0.009839,-0.022509,-0.022327,3.141593
8790.0,0.007689,0.015581,0.020406,0.020576,5.759715,0.000072,0.004528,-0.022221,-0.022810,3.141593
8795.0,0.007696,0.017016,0.020367,0.021462,5.759715,-0.000029,-0.001412,-0.021973,-0.021397,3.141593
8800.0,0.007510,0.003467,0.020891,0.020576,5.759715,-0.000043,0.001526,-0.022133,-0.022327,3.141593
8805.0,0.007671,0.005231,0.020858,0.020576,5.759715,0.000014,-0.000933,-0.022013,-0.021880,3.141593
8810.0,-0.010786,0.107097,0.012981,0.013389,5.759331,-0.000029,0.004930,-0.022280,-0.021880,3.141593
8815.0,-0.014588,-0.016689,0.017559,0.017229,5.759331,0.000129,-0.017698,-0.021227,-0.021880,3.141593
8820.0,-0.014935,-0.008338,0.017027,0.017229,5.759331,0.000000,0.007421,-0.022343,-0.021397,3.141593
8825.0,-0.014942,-0.016840,0.017322,0.018115,5.759331,-0.000086,0.002220,-0.022164,-0.022810,3.141593
8830.0,-0.014942,-0.028170,0.017744,0.017426,5.759331,0.000072,0.002979,-0.022142,-0.022327,3.141593
8835.0,-0.015002,-0.007420,0.016722,0.017230,5.759715,-0.000072,0.002259,-0.022155,-0.022810,3.141593
8840.0,0.004864,-0.054444,0.023185,0.023923,5.759715,0.000057,-0.012151,-0.021473,-0.021397,3.141593
8845.0,0.007260,0.011163,0.020490,0.020576,5.759715,-0.000086,-0.004115,-0.021863,-0.021880,3.141593
8850.0,0.007550,0.012702,0.020426,0.019886,5.759715,-0.000043,-0.000763,-0.022014,-0.021880,3.141593
8855.0,0.007628,-0.003854,0.021174,0.021462,5.759715,0.000114,-0.009057,-0.021600,-0.021397,3.141593
8860.0,0.007621,0.007466,0.020660,0.020576,5.759715,-0.000086,0.003765,-0.022224,-0.021880,3.141593
8865.0,0.007671,0.004809,0.020800,0.019886,5.759715,-0.000129,0.006189,-0.022359,-0.023740,3.141593
8870.0,0.007707,-0.001799,0.021129,0.020576,5.759715,-0.000014,-0.007564,-0.021743,-0.022810,3.141593
8875.0,0.007725,-0.000930,0.021129,0.021462,5.759715,-0.000057,-0.005050,-0.021875,-0.022810,3.141593
8880.0,0.007668,0.007493,0.020746,0.021462,5.759715,0.000086,-0.006228,-0.021770,-0.020019,3.141593
8885.0,-0.010929,0.106766,0.012862,0.012503,5.759331,-0.000029,-0.004908,-0.021871,-0.021880,3.141593
8890.0,-0.014627,-0.014887,0.017370,0.017918,5.759331,-0.000043,-0.003263,-0.021957,-0.021880,3.141593
8895.0,-0.014874,-0.028127,0.017825,0.017426,5.759331,0.000029,-0.006154,-0.021802,-0.022810,3.141593
8900.0,-0.014967,-0.026125,0.017631,0.017426,5.759331,-0.000029,0.021380,-0.023031,-0.023257,3.141593
8905.0,-0.015002,-0.015093,0.017049,0.016540,5.759331,0.000029,-0.010369,-0.021608,-0.022810,3.141593
8910.0,-0.014974,-0.019480,0.017168,0.016540,5.759331,0.000029,0.016132,-0.022747,-0.022810,3.141593
8915.0,-0.002893,-0.193986,0.027603,0.027270,5.759715,-0.000086,-0.000433,-0.022046,-0.022810,3.141593
8920.0,0.006577,-0.027916,0.022178,0.022152,5.759715,-0.000114,0.017787,-0.022883,-0.022810,3.141593
8925.0,0.007560,-0.000735,0.021080,0.021462,5.759715,0.000072,-0.008251,-0.021693,-0.021880,3.141593
8930.0,0.007567,0.002834,0.020893,0.021462,5.759715,-0.000057,-0.002400,-0.021984,-0.020466,3.141593
8935.0,0.007621,0.017987,0.020219,0.019691,5.759715,0.000114,-0.013350,-0.021460,-0.021397,3.141593
8940.0,0.007778,-0.000107,0.021083,0.022152,5.759715,0.000043,-0.011601,-0.021536,-0.021880,3.141593
8945.0,0.007589,0.011534,0.020519,0.020576,5.759715,-0.000043,0.011196,-0.022550,-0.022327,3.141593
8950.0,0.007614,0.020920,0.020098,0.019000,5.759715,0.000057,-0.010525,-0.021557,-0.020019,3.141593
8955.0,0.000869,0.191163,0.011618,0.011617,5.759331,0.000000,-0.010961,-0.021563,-0.020949,3.141593
8960.0,-0.013518,0.043013,0.014905,0.015654,5.759331,0.000057,-0.019403,-0.021176,-0.021880,3.141593
8965.0,-0.014842,-0.025425,0.017574,0.017426,5.759331,0.000014,-0.007198,-0.021696,-0.020949,3.141593
8970.0,-0.014859,-0.022030,0.017339,0.017229,5.759331,0.000057,-0.006933,-0.021703,-0.021397,3.141593
8975.0,-0.015138,-0.008394,0.016580,0.017229,5.759331,-0.000029,-0.014593,-0.021390,-0.020949,3.141593
8980.0,-0.014945,-0.029258,0.017471,0.016540,5.759331,-0.000043,0.013934,-0.022662,-0.022810,3.141593
8985.0,-0.014977,-0.006558,0.016371,0.016540,5.759331,-0.000029,0.011327,-0.022553,-0.022810,3.141593
8990.0,0.003544,-0.117552,0.025475,0.025499,5.759715,-0.000114,0.012550,-0.022662,-0.022810,3.141593
8995.0,0.025817,-0.129597,0.028418,0.027961,5.760098,0.000014,0.000806,-0.022110,-0.022810,3.141593
9000.0,0.030198,-0.005057,0.023513,0.023038,5.760098,-0.000014,-0.016985,-0.021331,-0.021880,3.141593
9005.0,0.030706,0.006928,0.023223,0.023038,5.760098,0.000072,-0.000766,-0.022004,-0.021880,3.141593
9010.0,0.030699,0.009128,0.023286,0.024615,5.760098,-0.000100,-0.005015,-0.021870,-0.021397,3.141593
9015.0,0.014516,0.185629,0.014167,0.014078,5.759715,0.000043,0.005785,-0.022318,-0.021880,3.141593
9020.0,-0.010432,0.126312,0.012228,0.013881,5.759331,0.000114,-0.000849,-0.021993,-0.021880,3.141593
9025.0,-0.014738,0.018222,0.015985,0.015654,5.759331,-0.000014,-0.007739,-0.021710,-0.021880,3.141593
9030.0,-0.015060,-0.001067,0.016686,0.017229,5.759331,0.000043,0.000357,-0.022035,-0.021880,3.141593
9035.0,-0.015095,-0.013706,0.017151,0.018115,5.759331,0.000057,-0.003354,-0.021848,-0.021880,3.141593
9040.0,-0.015085,-0.019444,0.017321,0.016540,5.759331,0.000057,0.003105,-0.022105,-0.021397,3.141593
9045.0,0.000890,-0.150104,0.026701,0.026190,5.759715,-0.000029,0.003227,-0.022153,-0.021880,3.141593
9050.0,0.006816,0.010821,0.020728,0.020576,5.759715,-0.000086,0.010137,-0.022482,-0.021880,3.141593
9055.0,0.026093,-0.126957,0.028523,0.029538,5.760098,-0.000086,-0.013283,-0.021456,-0.020466,3.141593
9060.0,0.030313,-0.025511,0.024642,0.023923,5.760098,0.000014,0.004112,-0.022231,-0.021397,3.141593
9065.0,0.030699,-0.004411,0.023937,0.023923,5.760098,-0.000043,0.018402,-0.022880,-0.023740,3.141593
9070.0,0.005214,0.335222,0.006668,0.005809,5.759331,0.000029,-0.012072,-0.021500,-0.021880,3.141593
9075.0,-0.029322,0.194081,0.005054,0.005809,5.758947,0.000043,0.005408,-0.022249,-0.022810,3.141593
9080.0,-0.036843,-0.036319,0.013421,0.014079,5.758947,-0.000043,-0.000811,-0.021983,-0.022810,3.141593
9085.0,-0.037551,-0.039799,0.013207,0.013192,5.758947,-0.000057,0.014044,-0.022645,-0.023257,3.141593
9090.0,-0.030745,-0.236744,0.023313,0.024809,5.759331,-0.000014,-0.016315,-0.021299,-0.020019,3.141593
9095.0,0.008740,-0.341179,0.036654,0.036230,5.760098,-0.000043,0.010747,-0.022518,-0.022810,3.141593
9100.0,0.028210,-0.038558,0.025209,0.025500,5.760098,0.000000,-0.006394,-0.021754,-0.021880,3.141593
9105.0,0.030341,-0.003850,0.023991,0.023923,5.760098,0.000043,-0.004354,-0.021817,-0.022327,3.141593
9110.0,0.030549,0.006793,0.023653,0.023923,5.760098,-0.000043,0.011875,-0.022545,-0.022810,3.141593
9115.0,0.030488,0.010967,0.023542,0.023038,5.760098,0.000157,-0.004084,-0.021752,-0.021397,3.141593
9120.0,0.005046,0.348838,0.006043,0.005809,5.759331,-0.000100,-0.002726,-0.021889,-0.022810,3.141593
9125.0,-0.025563,0.246237,0.003617,0.003348,5.758947,0.000000,0.014091,-0.022607,-0.021880,3.141593
9130.0,-0.036525,-0.016309,0.012643,0.014966,5.758947,-0.000072,-0.010171,-0.021567,-0.021397,3.141593
9135.0,-0.037565,-0.035345,0.013043,0.013392,5.758947,-0.000029,0.001799,-0.022101,-0.022810,3.141593
9140.0,-0.037676,-0.049675,0.013444,0.013192,5.759331,0.000086,-0.002003,-0.021879,-0.021397,3.141593
9145.0,0.005143,-0.420208,0.039529,0.039576,5.760098,0.000000,-0.016324,-0.021269,-0.021880,3.141593
9150.0,0.027952,-0.069342,0.026680,0.026384,5.760098,-0.000057,0.000537,-0.022021,-0.021397,3.141593
9155.0,0.030180,0.009824,0.023468,0.023038,5.760098,-0.000072,-0.003138,-0.021896,-0.022810,3.141593
9160.0,0.030459,0.025585,0.022889,0.023038,5.760098,-0.000057,0.009837,-0.022471,-0.022810,3.141593
9165.0,0.030431,0.018409,0.023254,0.023038,5.760098,-0.000057,0.014658,-0.022700,-0.021880,3.141593
9170.0,0.014523,0.194428,0.014204,0.015654,5.759715,0.000057,-0.008754,-0.021630,-0.021880,3.141593
9175.0,-0.010586,0.126348,0.012406,0.012503,5.759331,-0.000072,0.004946,-0.022265,-0.022810,3.141593
9180.0,-0.014831,0.010773,0.016508,0.016540,5.758947,-0.000014,0.002203,-0.022127,-0.021880,3.141593
9185.0,-0.035169,0.053070,0.009861,0.009157,5.758947,0.000000,0.001611,-0.022092,-0.021397,3.141593
9190.0,-0.037508,-0.037827,0.013173,0.012306,5.758947,-0.000029,0.014027,-0.022651,-0.022327,3.141593
9195.0,-0.014727,-0.370007,0.032950,0.032883,5.759715,0.000086,-0.008770,-0.021605,-0.020949,3.141593
9200.0,0.021290,-0.205667,0.031974,0.032192,5.760098,-0.000057,-0.002424,-0.021924,-0.021880,3.141593
9205.0,0.029533,-0.004991,0.023989,0.023923,5.760098,-0.000114,-0.006865,-0.021755,-0.021880,3.141593
9210.0,0.030277,0.023159,0.022863,0.023038,5.760098,0.000043,-0.018730,-0.021199,-0.021880,3.141593
9215.0,0.030599,0.010965,0.023565,0.023230,5.760098,0.000014,0.013728,-0.022616,-0.021880,3.141593
9220.0,0.030595,0.005867,0.023914,0.023731,5.760098,0.000014,-0.019331,-0.021166,-0.020949,3.141593
9225.0,0.011812,0.144613,0.016155,0.014963,5.759715,-0.000014,0.001121,-0.022078,-0.021880,3.141593
9230.0,-0.017663,0.331637,0.001848,0.001574,5.758947,0.000086,0.002980,-0.022119,-0.021397,3.141593
9235.0,-0.035949,0.026338,0.011130,0.010731,5.758947,0.000057,-0.010760,-0.021509,-0.021397,3.141593
9240.0,-0.037490,-0.046984,0.013842,0.014767,5.758947,0.000029,0.006893,-0.022287,-0.019536,3.141593
9245.0,-0.037540,-0.030221,0.012874,0.013192,5.759331,-0.000086,0.005260,-0.022258,-0.022363,3.141593
9250.0,-0.001652,-0.220965,0.029381,0.028654,5.760098,-0.000086,0.008443,-0.022425,-0.021880,3.141593
9255.0,0.026793,-0.090212,0.027512,0.027269,5.760098,0.000014,-0.009839,-0.021598,-0.022810,3.141593
9260.0,0.030055,0.018232,0.023106,0.023038,5.760098,0.000014,-0.001505,-0.021953,-0.021880,3.141593
9265.0,0.030355,0.022535,0.023004,0.023038,5.760098,0.000029,0.004232,-0.022208,-0.023740,3.141593
9270.0,0.030502,0.015279,0.023438,0.023038,5.760098,0.000057,0.009571,-0.022408,-0.021397,3.141593
9275.0,0.018357,0.208705,0.014034,0.014963,5.759715,-0.000057,0.008846,-0.022412,-0.022810,3.141593
9280.0,-0.007600,0.202188,0.009997,0.011617,5.759331,-0.000014,-0.000733,-0.021981,-0.021397,3.141593
9285.0,-0.033106,0.112540,0.008085,0.009157,5.758947,-0.000043,0.004442,-0.022226,-0.022810,3.141593
9290.0,-0.037200,-0.032077,0.013398,0.013192,5.758947,0.000014,-0.011233,-0.021520,-0.021397,3.141593
9295.0,-0.037608,-0.033109,0.013144,0.012505,5.758947,0.000014,0.005214,-0.022235,-0.022327,3.141593
9300.0,-0.030788,-0.223647,0.022968,0.023234,5.759331,0.000014,-0.002050,-0.021903,-0.021880,3.141593
9305.0,0.001760,-0.139099,0.026499,0.026384,5.760098,-0.000043,0.005377,-0.022248,-0.022810,3.141593
9310.0,0.026990,-0.056819,0.026067,0.025500,5.760098,0.000014,-0.002002,-0.021899,-0.021880,3.141593
9315.0,0.030144,0.004187,0.023767,0.023923,5.760098,-0.000014,-0.009001,-0.021591,-0.021880,3.141593
9320.0,0.030499,0.004189,0.023896,0.023038,5.760098,0.000000,-0.002526,-0.021879,-0.021880,3.141593
9325.0,0.030570,0.022420,0.023223,0.023923,5.760098,0.000072,-0.009153,-0.021559,-0.021397,3.141593
9330.0,0.014391,0.195593,0.014211,0.014078,5.759715,-0.000143,0.014171,-0.022642,-0.022810,3.141593
9335.0,-0.008082,0.212847,0.009374,0.009845,5.759331,0.000072,-0.001702,-0.021885,-0.021880,3.141593
9340.0,-0.014527,0.008766,0.016928,0.016540,5.759331,-0.000072,0.004531,-0.022199,-0.023257,3.141593
9345.0,-0.015181,0.009335,0.016663,0.016540,5.759331,0.000000,0.004472,-0.022177,-0.022810,3.141593
9350.0,-0.015210,-0.000116,0.016986,0.016540,5.759331,0.000086,-0.006894,-0.021630,-0.021880,3.141593
9355.0,-0.015196,-0.014805,0.017555,0.016540,5.759331,-0.000072,0.000986,-0.022018,-0.021880,3.141593
9360.0,-0.015142,-0.013207,0.017409,0.016540,5.759331,-0.000086,-0.010774,-0.021527,-0.021880,3.141593
9365.0,0.000780,-0.144966,0.026821,0.026384,5.759715,0.000014,-0.004246,-0.021783,-0.021397,3.141593
9370.0,0.006791,0.004853,0.021224,0.021267,5.759715,-0.000057,0.010143,-0.022439,-0.022810,3.141593
9375.0,0.007467,-0.003897,0.021652,0.020771,5.759715,0.000000,0.008284,-0.022347,-0.022810,3.141593
9380.0,0.007453,0.032960,0.019967,0.019691,5.759715,-0.000014,0.007894,-0.022328,-0.022810,3.141593
9385.0,0.007435,0.011376,0.020838,0.020576,5.759715,-0.000014,0.014825,-0.022629,-0.022810,3.141593
9390.0,0.007600,0.018451,0.020536,0.020576,5.759715,-0.000072,0.011582,-0.022516,-0.023293,3.141593
9395.0,0.007539,0.017332,0.020542,0.020576,5.759715,0.000029,-0.006858,-0.021684,-0.021880,3.141593
9400.0,0.000765,0.190357,0.012135,0.010731,5.759331,0.000014,-0.000255,-0.021976,-0.021880,3.141593
9405.0,-0.013475,0.040908,0.015516,0.015654,5.759331,0.000100,-0.007506,-0.021620,-0.021880,3.141593
9410.0,-0.014809,-0.018279,0.017771,0.017426,5.759331,-0.000029,0.015293,-0.022652,-0.022810,3.141593
9415.0,-0.015124,-0.016308,0.017525,0.016540,5.759331,-0.000029,0.013829,-0.022595,-0.022810,3.141593
9420.0,-0.014974,-0.034760,0.018298,0.018115,5.759331,-0.000057,0.011570,-0.022513,-0.022810,3.141593
9425.0,-0.014949,-0.033511,0.018167,0.017426,5.759331,0.000000,0.024467,-0.023072,-0.022810,3.141593
9430.0,-0.015121,-0.002896,0.016676,0.016540,5.759331,-0.000014,-0.016910,-0.021259,-0.018606,3.141593
9435.0,-0.008193,-0.196430,0.026781,0.026384,5.759715,0.000000,-0.001820,-0.021952,-0.021880,3.141593
9440.0,0.005962,-0.005902,0.021298,0.020576,5.759715,-0.000043,0.007185,-0.022374,-0.022810,3.141593
9445.0,0.007335,0.009080,0.020726,0.019886,5.759715,-0.000014,-0.006140,-0.021782,-0.021880,3.141593
9450.0,0.007553,0.020233,0.020250,0.020576,5.759715,0.000100,-0.000367,-0.021993,-0.021880,3.141593
9455.0,0.007614,-0.001816,0.021214,0.020576,5.759715,-0.000057,0.029480,-0.023338,-0.023740,3.141593
9460.0,0.007535,0.027243,0.019893,0.019691,5.759715,0.000029,-0.019734,-0.021148,-0.020913,3.141593
9465.0,0.007560,0.007145,0.020763,0.020576,5.759715,0.000014,-0.014891,-0.021367,-0.020949,3.141593
9470.0,-0.008454,0.164565,0.010856,0.011617,5.759331,0.000000,0.003251,-0.022176,-0.022810,3.141593
9475.0,-0.014445,0.002454,0.016646,0.016540,5.759331,-0.000029,-0.007922,-0.021693,-0.020949,3.141593
9480.0,-0.014870,-0.021871,0.017554,0.017426,5.759331,0.000072,-0.001649,-0.021936,-0.021880,3.141593
9485.0,-0.014910,-0.022637,0.017499,0.019001,5.759331,-0.000086,0.002987,-0.022217,-0.021880,3.141593
9490.0,-0.014999,-0.010846,0.016868,0.015654,5.759331,0.000014,0.002602,-0.022192,-0.022327,3.141593
9495.0,-0.014899,-0.009182,0.016739,0.017229,5.759331,0.000072,-0.006183,-0.021766,-0.022810,3.141593
9500.0,-0.014985,-0.026556,0.017410,0.017229,5.759331,-0.000029,0.000247,-0.022061,-0.021880,3.141593
9505.0,-0.002789,-0.185607,0.027183,0.026384,5.759715,-0.000029,0.006376,-0.022329,-0.022810,3.141593
9510.0,0.006577,-0.010641,0.021433,0.021462,5.759715,0.000029,-0.009932,-0.021587,-0.021880,3.141593
9515.0,0.007349,0.012256,0.020427,0.019691,5.759715,-0.000043,0.010396,-0.022510,-0.023257,3.141593
9520.0,0.007596,-0.004378,0.021181,0.021462,5.759715,0.000086,-0.011270,-0.021496,-0.021880,3.141593
9525.0,0.007653,0.024768,0.019903,0.020576,5.759715,0.000000,-0.016281,-0.021282,-0.022810,3.141593
9530.0,0.007592,0.001240,0.020902,0.021267,5.759715,0.000057,0.002179,-0.022059,-0.021397,3.141593
9535.0,0.007510,0.042564,0.019011,0.018115,5.759715,0.000014,-0.002914,-0.021839,-0.021397,3.141593
9540.0,0.007635,0.008833,0.020531,0.020576,5.759715,-0.000029,0.004954,-0.022200,-0.021880,3.141593
9545.0,0.007643,0.001364,0.020869,0.019886,5.759715,0.000029,0.008388,-0.022328,-0.022810,3.141593
9550.0,0.007714,-0.005506,0.021216,0.022347,5.759715,0.000057,-0.002182,-0.021838,-0.021880,3.141593
9555.0,-0.008379,0.153354,0.011176,0.011617,5.759331,-0.000029,0.007133,-0.022275,-0.021397,3.141593
9560.0,-0.014398,0.011532,0.016058,0.015654,5.759331,-0.000014,-0.002214,-0.021880,-0.021397,3.141593
9565.0,-0.014924,-0.002897,0.016502,0.016540,5.759331,0.000000,-0.011206,-0.021490,-0.021880,3.141593
9570.0,-0.014910,-0.020624,0.017215,0.018115,5.759331,-0.000057,0.003860,-0.022171,-0.022810,3.141593
9575.0,-0.014884,-0.024443,0.017309,0.017229,5.759331,-0.000129,-0.002357,-0.021942,-0.021397,3.141593
9580.0,-0.014856,-0.029126,0.017445,0.016540,5.759331,-0.000014,-0.010773,-0.021573,-0.021880,3.141593
9585.0,-0.015038,-0.005774,0.016279,0.016540,5.759331,-0.000014,0.007708,-0.022398,-0.021361,3.141593
9590.0,0.000991,-0.159958,0.026722,0.026384,5.759715,-0.000029,-0.000464,-0.022067,-0.021397,3.141593
9595.0,0.006952,0.004698,0.020763,0.020576,5.759715,0.000029,-0.008947,-0.021690,-0.021397,3.141593
9600.0,0.007381,0.020462,0.020049,0.019000,5.759715,0.000043,-0.014058,-0.021452,-0.021397,3.141593
9605.0,0.007553,0.015709,0.020259,0.020576,5.759715,-0.000014,-0.004516,-0.021888,-0.022810,3.141593
9610.0,0.007596,0.013680,0.020324,0.020576,5.759715,0.000057,0.010112,-0.022490,-0.022327,3.141593
9615.0,0.007617,0.009954,0.020481,0.020576,5.759715,-0.000014,-0.014894,-0.021400,-0.021880,3.141593
9620.0,0.007732,-0.000940,0.021008,0.020576,5.759715,-0.000029,0.005768,-0.022314,-0.021880,3.141593
9625.0,0.007546,0.019212,0.020067,0.020576,5.759715,0.000043,-0.010135,-0.021586,-0.021397,3.141593
9630.0,0.007621,0.004428,0.020708,0.020576,5.759715,-0.000072,0.015441,-0.022762,-0.022810,3.141593
9635.0,-0.010850,0.100424,0.012746,0.013192,5.759331,-0.000043,0.010112,-0.022530,-0.021397,3.141593
9640.0,-0.014559,-0.003189,0.016448,0.016540,5.759331,0.000086,-0.007636,-0.021710,-0.022810,3.141593
9645.0,-0.014902,0.008555,0.015766,0.016540,5.759331,0.000143,-0.009331,-0.021569,-0.021880,3.141593
9650.0,-0.014867,-0.013323,0.016667,0.017229,5.759331,-0.000072,0.000042,-0.022027,-0.021397,3.141593
9655.0,-0.014942,-0.016803,0.016723,0.017229,5.759331,-0.000114,0.030330,-0.023415,-0.023257,3.141593
9660.0,-0.008068,-0.204735,0.026571,0.027270,5.759715,-0.000014,0.003552,-0.022221,-0.021880,3.141593
9665.0,0.005879,-0.022175,0.021602,0.021461,5.760098,-0.000043,-0.010449,-0.021630,-0.021397,3.141593
9670.0,0.027716,-0.063163,0.025612,0.025500,5.760098,0.000086,-0.020590,-0.021143,-0.020949,3.141593
9675.0,0.030538,-0.007564,0.023640,0.023923,5.760098,0.000172,-0.006247,-0.021702,-0.021397,3.141593
9680.0,0.030684,0.000290,0.023474,0.023038,5.760098,0.000114,-0.020245,-0.021060,-0.020949,3.141593
9685.0,0.030692,0.008869,0.023258,0.022346,5.760098,-0.000014,0.006410,-0.022269,-0.020913,3.141593
9690.0,0.005118,0.342198,0.005996,0.005809,5.759331,0.000029,0.000514,-0.022013,-0.021880,3.141593
9695.0,-0.025517,0.244136,0.003362,0.004235,5.758947,-0.000114,0.009189,-0.022440,-0.022810,3.141593
9700.0,-0.036471,-0.011933,0.012103,0.012505,5.758947,0.000000,0.001815,-0.022094,-0.021880,3.141593
9705.0,-0.037447,-0.052610,0.013490,0.014079,5.758947,0.000014,-0.012937,-0.021434,-0.021397,3.141593
9710.0,-0.037544,-0.034709,0.012464,0.013192,5.759331,-0.000057,0.001584,-0.022099,-0.021880,3.141593
9715.0,-0.001570,-0.238907,0.029594,0.028846,5.760098,0.000086,0.003011,-0.022120,-0.021397,3.141593
9720.0,0.026861,-0.083411,0.027001,0.027269,5.760098,0.000014,0.006432,-0.022279,-0.022810,3.141593
9725.0,0.030055,0.009708,0.023256,0.023038,5.760098,-0.000086,-0.001596,-0.021953,-0.022327,3.141593
9730.0,0.030481,0.022541,0.022827,0.022154,5.760098,0.000000,0.005088,-0.022232,-0.022327,3.141593
9735.0,0.030502,0.014785,0.023271,0.023038,5.760098,0.000000,-0.008744,-0.021613,-0.022810,3.141593
9740.0,0.030506,0.011048,0.023533,0.023230,5.760098,-0.000129,0.003837,-0.022223,-0.021880,3.141593
9745.0,0.014344,0.206699,0.013528,0.014078,5.759715,0.000114,-0.011827,-0.021463,-0.021397,3.141593
9750.0,-0.007886,0.198229,0.009648,0.010731,5.759331,-0.000057,-0.011606,-0.021511,-0.021397,3.141593
9755.0,-0.014588,0.019373,0.016017,0.016343,5.759331,0.000014,-0.005351,-0.021777,-0.021397,3.141593
9760.0,-0.015078,0.014159,0.016049,0.016540,5.759331,0.000000,-0.006346,-0.021733,-0.022810,3.141593
9765.0,-0.015153,-0.007130,0.016890,0.017229,5.759331,0.000000,-0.005367,-0.021778,-0.020949,3.141593
9770.0,-0.015053,-0.015654,0.017205,0.017229,5.759331,0.000000,0.000191,-0.022027,-0.021397,3.141593
9775.0,-0.015113,-0.000690,0.016435,0.017229,5.759331,-0.000043,-0.009753,-0.021610,-0.019536,3.141593
9780.0,0.000751,-0.147904,0.026520,0.025499,5.759715,-0.000057,-0.003031,-0.021949,-0.021880,3.141593
9785.0,0.006827,0.001383,0.021269,0.020576,5.759715,-0.000014,0.006116,-0.022355,-0.022810,3.141593
9790.0,0.007346,0.023443,0.020276,0.020576,5.759715,0.000000,0.000772,-0.022120,-0.022327,3.141593
9795.0,0.007424,0.017698,0.020453,0.020576,5.759715,0.000072,-0.000044,-0.022054,-0.022327,3.141593
9800.0,0.007503,0.006851,0.020883,0.019886,5.759715,0.000157,-0.016853,-0.021245,-0.020019,3.141593
9805.0,0.007528,0.015394,0.020495,0.019691,5.759715,-0.000072,0.006326,-0.022322,-0.022327,3.141593
9810.0,0.007621,-0.001994,0.021251,0.021462,5.759715,-0.000100,0.016940,-0.022818,-0.023257,3.141593
9815.0,0.007514,0.014898,0.020443,0.020576,5.759715,0.000000,-0.017246,-0.021296,-0.020949,3.141593
9820.0,0.007757,-0.004647,0.021368,0.021462,5.759715,0.000014,0.002576,-0.022169,-0.020913,3.141593
9825.0,0.007560,0.008345,0.020740,0.020576,5.759715,0.000014,-0.001829,-0.021982,-0.021397,3.141593
9830.0,-0.008368,0.175219,0.010407,0.010731,5.759331,0.000114,-0.002556,-0.021919,-0.021880,3.141593
9835.0,-0.014323,-0.002931,0.016926,0.016540,5.759331,-0.000043,0.003669,-0.022228,-0.021880,3.141593
9840.0,-0.015002,0.011185,0.016058,0.016540,5.759331,0.000014,0.007911,-0.022413,-0.022810,3.141593
9845.0,-0.014995,-0.027626,0.017703,0.016540,5.759331,0.000072,-0.001712,-0.021969,-0.021880,3.141593
9850.0,-0.014981,-0.010134,0.016846,0.016540,5.759331,-0.000086,0.016274,-0.022810,-0.023740,3.141593
9855.0,-0.015078,-0.022989,0.017312,0.019001,5.759331,0.000114,-0.012840,-0.021454,-0.021397,3.141593
9860.0,-0.015002,-0.002603,0.016334,0.017229,5.759331,0.000014,-0.011382,-0.021531,-0.021880,3.141593
9865.0,-0.014960,-0.015487,0.016834,0.016540,5.759331,-0.000157,0.007578,-0.022441,-0.022810,3.141593
9870.0,0.000912,-0.168554,0.027189,0.027077,5.760098,-0.000014,-0.012552,-0.021538,-0.021397,3.141593
9875.0,0.027151,-0.085088,0.026587,0.026384,5.760098,0.000029,-0.007709,-0.021743,-0.021880,3.141593
9880.0,0.030370,-0.008745,0.023703,0.023923,5.760098,0.000086,-0.013982,-0.021435,-0.021880,3.141593
9885.0,0.030749,-0.002477,0.023652,0.023923,5.760098,0.000000,0.003860,-0.022223,-0.022327,3.141593
9890.0,0.030724,0.011618,0.023198,0.023038,5.760098,-0.000043,-0.005071,-0.021843,-0.022327,3.141593
9895.0,0.011966,0.150637,0.015481,0.015654,5.759715,-0.000014,0.010998,-0.022541,-0.022810,3.141593
9900.0,-0.010664,0.138124,0.011685,0.011617,5.759331,0.000172,-0.010845,-0.021482,-0.021397,3.141593
9905.0,-0.014734,0.007879,0.016486,0.016540,5.759331,0.000000,-0.003056,-0.021842,-0.021397,3.141593
9910.0,-0.015067,-0.012947,0.017251,0.017229,5.759331,0.000043,0.002847,-0.022092,-0.021880,3.141593
9915.0,-0.015163,-0.001699,0.016638,0.015654,5.759331,-0.000057,-0.005893,-0.021727,-0.021880,3.141593
9920.0,-0.015028,-0.002188,0.016606,0.016540,5.759331,-0.000100,0.003992,-0.022185,-0.022327,3.141593
9925.0,-0.015095,-0.002350,0.016510,0.016540,5.759331,-0.000086,0.003068,-0.022175,-0.022327,3.141593
9930.0,-0.015010,-0.005105,0.016569,0.017229,5.759331,-0.000014,-0.011034,-0.021544,-0.021397,3.141593
9935.0,-0.015121,-0.008850,0.016621,0.016540,5.759331,-0.000014,-0.010645,-0.021567,-0.021880,3.141593
9940.0,-0.002911,-0.192588,0.027491,0.025499,5.759715,-0.000014,0.012814,-0.022603,-0.022327,3.141593
9945.0,0.006495,0.008377,0.020687,0.020576,5.759715,-0.000100,0.002241,-0.022185,-0.022810,3.141593
9950.0,0.007263,0.025623,0.019992,0.019000,5.759715,-0.000014,-0.000628,-0.022040,-0.021880,3.141593
9955.0,0.007517,0.017859,0.020336,0.020576,5.759715,-0.000014,0.002741,-0.022206,-0.022327,3.141593
9960.0,0.007499,0.025569,0.019934,0.019691,5.759715,0.000014,0.002343,-0.022167,-0.022810,3.141593
9965.0,0.007617,0.017976,0.020276,0.019886,5.759715,0.000014,-0.012224,-0.021514,-0.021880,3.141593
9970.0,0.007653,0.001291,0.021022,0.022347,5.759715,-0.000072,0.009172,-0.022483,-0.022327,3.141593
9975.0,0.007521,0.010480,0.020545,0.020576,5.759715,0.000086,-0.018797,-0.021229,-0.021880,3.141593
9980.0,-0.004492,0.194637,0.010166,0.010731,5.759331,0.000043,0.015324,-0.022716,-0.022327,3.141593
9985.0,-0.014080,0.019456,0.015730,0.015654,5.759331,-0.000143,0.010537,-0.022578,-0.022810,3.141593
9990.0,-0.014981,-0.002701,0.016430,0.016540,5.759331,0.000043,-0.016483,-0.021351,-0.021880,3.141593
9995.0,-0.014899,-0.025613,0.017389,0.019001,5.759331,-0.000057,0.020737,-0.023006,-0.021397,3.141593
10000.0,-0.015045,-0.013702,0.016740,0.016540,5.759331,0.000014,0.002255,-0.022185,-0.023293,3.141593
10005.0,-0.014949,-0.012412,0.016623,0.016540,5.759331,0.000086,0.018860,-0.022879,-0.021397,3.141593
10010.0,-0.014981,-0.008052,0.016337,0.016540,5.759331,-0.000057,-0.006014,-0.021828,-0.021880,3.141593
10015.0,-0.002747,-0.199256,0.027556,0.026384,5.759715,0.000014,0.012856,-0.022659,-0.023257,3.141593
10020.0,0.022745,-0.194041,0.030954,0.032000,5.760098,-0.000043,0.002153,-0.022207,-0.021880,3.141593
10025.0,0.029851,-0.005530,0.023461,0.023038,5.760098,0.000057,-0.008747,-0.021701,-0.021880,3.141593
10030.0,0.030663,-0.017279,0.024231,0.023923,5.760098,-0.000014,0.005576,-0.022345,-0.022327,3.141593
10035.0,0.030617,0.018553,0.022789,0.022154,5.760098,0.000072,-0.010464,-0.021617,-0.021880,3.141593
10040.0,0.014555,0.192478,0.013841,0.014078,5.759715,0.000129,-0.005278,-0.021794,-0.021397,3.141593
10045.0,-0.010360,0.133792,0.011739,0.011618,5.758947,-0.000014,0.003577,-0.022211,-0.021880,3.141593
10050.0,-0.034733,0.048290,0.009881,0.009157,5.758947,-0.000029,0.018074,-0.022862,-0.023740,3.141593
10055.0,-0.037379,-0.028436,0.012496,0.014079,5.758947,-0.000072,-0.006472,-0.021799,-0.022810,3.141593
10060.0,-0.037501,-0.032093,0.012424,0.012505,5.758947,0.000000,-0.003152,-0.021907,-0.020466,3.141593
10065.0,-0.025409,-0.218633,0.023273,0.022151,5.759331,-0.000029,0.009044,-0.022470,-0.022327,3.141593
10070.0,0.014627,-0.312836,0.035841,0.033769,5.760098,0.000043,-0.011330,-0.021533,-0.020913,3.141593
10075.0,0.029004,-0.025796,0.024697,0.025500,5.760098,-0.000072,0.003236,-0.022210,-0.021397,3.141593
10080.0,0.030305,0.021722,0.022790,0.023923,5.760098,0.000100,-0.011627,-0.021507,-0.021880,3.141593
10085.0,0.030402,0.023230,0.022786,0.023038,5.760098,-0.000014,0.014066,-0.022660,-0.022810,3.141593
10090.0,0.030527,0.010059,0.023478,0.023038,5.760098,-0.000029,-0.000057,-0.022038,-0.022810,3.141593
10095.0,0.018232,0.217021,0.013405,0.014078,5.759331,-0.000014,0.009308,-0.022439,-0.021880,3.141593
10100.0,-0.018497,0.282265,0.003298,0.004035,5.758947,-0.000086,-0.010404,-0.021614,-0.021397,3.141593
10105.0,-0.035895,0.001188,0.011703,0.011618,5.758947,-0.000057,0.000555,-0.022109,-0.022810,3.141593
10110.0,-0.037440,-0.044683,0.013191,0.013192,5.758947,0.000014,0.007055,-0.022374,-0.022810,3.141593
10115.0,-0.037615,-0.028327,0.012212,0.013192,5.759331,0.000000,0.008210,-0.022422,-0.021880,3.141593
10120.0,0.005128,-0.418758,0.039165,0.037807,5.760098,0.000086,0.001945,-0.022112,-0.021397,3.141593
10125.0,0.027838,-0.036919,0.025177,0.024617,5.760481,0.000000,-0.006455,-0.021764,-0.021880,3.141593
10130.0,0.050483,-0.075460,0.029080,0.028846,5.760481,-0.000014,0.000382,-0.022070,-0.021880,3.141593
10135.0,0.053498,-0.016566,0.027118,0.027772,5.760481,-0.000029,0.001635,-0.022116,-0.022810,3.141593
10140.0,0.028027,0.335397,0.009595,0.008960,5.759715,-0.000057,-0.008150,-0.021707,-0.021397,3.141593
10145.0,-0.006720,0.249816,0.007699,0.007384,5.759331,-0.000014,0.011632,-0.022588,-0.023293,3.141593
10150.0,-0.026700,0.203114,0.005168,0.005809,5.758947,0.000114,-0.008533,-0.021634,-0.021397,3.141593
10155.0,-0.036768,0.002947,0.011611,0.011618,5.758947,0.000029,0.003132,-0.022152,-0.021880,3.141593
10160.0,-0.037665,-0.023058,0.012355,0.012306,5.758947,-0.000043,0.011159,-0.022524,-0.023740,3.141593
10165.0,-0.018643,-0.398431,0.033180,0.033769,5.759715,-0.000114,0.011283,-0.022562,-0.022810,3.141593
10170.0,0.030191,-0.338649,0.038775,0.037114,5.760481,0.000043,-0.005401,-0.021789,-0.021397,3.141593
10175.0,0.051069,-0.043944,0.027985,0.028846,5.760481,-0.000014,-0.005116,-0.021818,-0.021880,3.141593
10180.0,0.053226,0.008164,0.026112,0.026384,5.760481,0.000057,-0.004878,-0.021801,-0.021880,3.141593
10185.0,0.030634,0.371721,0.008408,0.008960,5.759715,0.000043,0.005272,-0.022237,-0.022810,3.141593
10190.0,-0.009037,0.203381,0.009466,0.010534,5.759331,0.000014,-0.007221,-0.021685,-0.021880,3.141593
10195.0,-0.034761,0.042185,0.010672,0.011618,5.758947,-0.000157,-0.008874,-0.021672,-0.021880,3.141593
10200.0,-0.037504,-0.034332,0.013249,0.012306,5.758947,-0.000014,0.018464,-0.022858,-0.023740,3.141593
10205.0,-0.037676,-0.037415,0.013138,0.013192,5.758947,0.000014,0.003224,-0.022173,-0.021880,3.141593
10210.0,-0.014888,-0.373467,0.033080,0.032193,5.759715,0.000029,0.010092,-0.022474,-0.022327,3.141593
10215.0,0.028074,-0.373530,0.040281,0.039386,5.760481,0.000000,-0.006143,-0.021765,-0.021397,3.141593
10220.0,0.050805,-0.042841,0.028032,0.027268,5.760481,0.000014,-0.000591,-0.022009,-0.021880,3.141593
10225.0,0.053219,0.008370,0.026236,0.027078,5.760481,0.000043,-0.000340,-0.021997,-0.021844,3.141593
10230.0,0.046631,0.212998,0.016934,0.017038,5.760098,0.000014,-0.005284,-0.021769,-0.022810,3.141593
10235.0,0.013286,0.194258,0.014660,0.014963,5.759715,-0.000029,-0.005668,-0.021757,-0.020913,3.141593
10240.0,-0.017542,0.324834,0.002417,0.002461,5.758947,0.000029,-0.006515,-0.021704,-0.021880,3.141593
10245.0,-0.035956,0.019475,0.011670,0.011419,5.758947,0.000043,-0.004774,-0.021762,-0.022810,3.141593
10250.0,-0.037637,-0.027940,0.013190,0.012306,5.758947,-0.000043,0.012655,-0.022554,-0.021397,3.141593
10255.0,-0.037748,-0.028687,0.012985,0.013192,5.759331,-0.000114,0.013250,-0.022639,-0.024223,3.141593
10260.0,0.012757,-0.351084,0.037945,0.035346,5.760098,0.000086,-0.000148,-0.021971,-0.020949,3.141593
10265.0,0.028617,-0.020667,0.024956,0.025500,5.760098,-0.000086,0.009290,-0.022457,-0.023257,3.141593
10270.0,0.030137,0.019803,0.023316,0.023731,5.760098,0.000029,0.000238,-0.022023,-0.021880,3.141593
10275.0,0.030359,0.031023,0.022879,0.023731,5.760098,-0.000029,0.005417,-0.022266,-0.021880,3.141593
10280.0,0.030470,0.016261,0.023614,0.023731,5.760098,-0.000157,0.004410,-0.022288,-0.022810,3.141593
10285.0,-0.000386,0.334460,0.005938,0.006695,5.759331,0.000000,0.019490,-0.022937,-0.022810,3.141593
10290.0,-0.014040,0.049407,0.015472,0.015654,5.759331,0.000029,0.005770,-0.022328,-0.022327,3.141593
10295.0,-0.033520,0.092879,0.008989,0.009157,5.758947,0.000100,0.005308,-0.022264,-0.021880,3.141593
10300.0,-0.037369,-0.017898,0.012847,0.013192,5.758947,0.000014,0.012249,-0.022587,-0.022810,3.141593
10305.0,-0.037726,-0.034892,0.013309,0.013192,5.758947,-0.000029,0.002138,-0.022156,-0.023293,3.141593
10310.0,-0.014863,-0.374851,0.033447,0.032193,5.759715,0.000057,0.002992,-0.022151,-0.021880,3.141593
10315.0,0.023832,-0.150773,0.029984,0.029730,5.760098,0.000057,-0.004830,-0.021795,-0.021880,3.141593
10320.0,0.029837,0.014795,0.023342,0.023038,5.760098,-0.000014,-0.005288,-0.021784,-0.021397,3.141593
10325.0,0.030441,0.003937,0.023971,0.024615,5.760098,0.000014,0.010030,-0.022452,-0.021880,3.141593
10330.0,0.030531,0.011265,0.023757,0.023038,5.760098,0.000014,0.002418,-0.022115,-0.021397,3.141593
10335.0,0.014445,0.207140,0.013772,0.013881,5.759331,0.000043,0.011292,-0.022496,-0.021880,3.141593
10340.0,-0.012220,0.098195,0.013645,0.012306,5.759331,-0.000014,0.005517,-0.022241,-0.021880,3.141593
10345.0,-0.014856,-0.011705,0.017862,0.018804,5.759331,-0.000029,0.006193,-0.022274,-0.022810,3.141593
10350.0,-0.015110,-0.007980,0.017548,0.018115,5.759331,0.000043,0.001028,-0.022017,-0.021397,3.141593
10355.0,-0.015210,-0.017863,0.017875,0.018804,5.759331,0.000029,0.007671,-0.022296,-0.023293,3.141593
10360.0,-0.015228,0.006849,0.016676,0.017229,5.759331,-0.000043,0.011856,-0.022495,-0.021880,3.141593
10365.0,-0.015228,-0.008223,0.017255,0.017229,5.759331,-0.000014,0.004327,-0.022178,-0.022327,3.141593
10370.0,-0.015196,-0.018517,0.017632,0.017229,5.759331,-0.000086,0.010312,-0.022480,-0.023257,3.141593
10375.0,-0.002832,-0.184044,0.027729,0.027270,5.759715,-0.000014,-0.012460,-0.021454,-0.020466,3.141593
10380.0,0.006477,-0.000685,0.021422,0.022152,5.759715,-0.000029,0.001978,-0.022103,-0.021397,3.141593
10385.0,0.007313,0.027291,0.020173,0.020576,5.759715,-0.000043,-0.019113,-0.021200,-0.021397,3.141593
10390.0,0.007474,0.008178,0.020971,0.020576,5.759715,0.000086,-0.018731,-0.021172,-0.021880,3.141593
10395.0,0.007553,0.029258,0.020023,0.020576,5.759715,-0.000029,0.006803,-0.022309,-0.022327,3.141593
10400.0,0.007621,0.012735,0.020745,0.022152,5.759715,0.000000,0.004563,-0.022217,-0.021880,3.141593
10405.0,0.007492,0.018743,0.020410,0.019886,5.759715,-0.000100,0.006711,-0.022363,-0.022327,3.141593
10410.0,0.007553,0.013770,0.020622,0.020576,5.759715,0.000143,-0.008778,-0.021613,-0.021880,3.141593
10415.0,-0.010915,0.107125,0.013164,0.014767,5.759331,-0.000057,0.014478,-0.022673,-0.022327,3.141593
10420.0,-0.014738,-0.014470,0.017632,0.018115,5.759331,0.000072,-0.015338,-0.021321,-0.020949,3.141593
10425.0,-0.014874,-0.029820,0.018205,0.018115,5.759331,-0.000057,0.006753,-0.022332,-0.022810,3.141593
10430.0,-0.015088,-0.020225,0.017643,0.018115,5.759331,-0.000043,0.014497,-0.022671,-0.022327,3.141593
10435.0,-0.014892,-0.014074,0.017333,0.018115,5.759331,-0.000072,-0.009199,-0.021678,-0.021880,3.141593
10440.0,-0.015103,-0.025012,0.017683,0.016539,5.759715,-0.000014,-0.005984,-0.021807,-0.022810,3.141593
10445.0,0.005046,-0.053488,0.023241,0.022152,5.759715,0.000014,0.009813,-0.022479,-0.022810,3.141593
10450.0,0.007378,0.005040,0.020886,0.020576,5.759715,0.000086,-0.019600,-0.021149,-0.020466,3.141593
10455.0,0.007535,0.012369,0.020555,0.021267,5.759715,-0.000014,0.002800,-0.022164,-0.022327,3.141593
10460.0,0.007585,0.005460,0.020843,0.020576,5.759715,-0.000043,0.004841,-0.022289,-0.020949,3.141593
10465.0,0.007668,-0.001169,0.021160,0.022347,5.759715,0.000000,-0.001845,-0.022004,-0.022327,3.141593
10470.0,0.007499,0.023646,0.019996,0.019691,5.759715,0.000129,0.001032,-0.022067,-0.021880,3.141593
10475.0,-0.004460,0.206140,0.010020,0.012995,5.759331,-0.000029,0.002664,-0.022169,-0.021844,3.141593
10480.0,-0.014094,0.013432,0.016355,0.015654,5.759331,0.000072,-0.012669,-0.021465,-0.021397,3.141593
10485.0,-0.014856,-0.007941,0.017056,0.018115,5.759331,-0.000100,-0.010301,-0.021638,-0.021397,3.141593
10490.0,-0.014992,-0.001977,0.016675,0.016540,5.759331,0.000043,-0.013662,-0.021468,-0.020466,3.141593
10495.0,-0.014874,-0.029303,0.017841,0.018115,5.759331,0.000057,-0.000245,-0.022056,-0.021397,3.141593
10500.0,-0.014924,-0.030053,0.017781,0.018115,5.759331,-0.000043,0.011532,-0.022605,-0.022327,3.141593
10505.0,-0.008183,-0.204318,0.026984,0.027270,5.759715,0.000000,-0.001730,-0.022023,-0.021880,3.141593
10510.0,0.018225,-0.232639,0.032217,0.030423,5.760098,0.000100,-0.000351,-0.022033,-0.021880,3.141593
10515.0,0.029511,-0.019391,0.024108,0.023923,5.760098,-0.000014,-0.000267,-0.022051,-0.022810,3.141593
10520.0,0.030688,-0.003706,0.023737,0.023038,5.760098,0.000029,-0.004284,-0.021838,-0.020466,3.141593
10525.0,0.018454,0.182816,0.014663,0.015654,5.759715,-0.000014,0.007512,-0.022385,-0.021880,3.141593
10530.0,-0.007342,0.194339,0.009992,0.010731,5.759331,0.000072,-0.012388,-0.021467,-0.022810,3.141593
10535.0,-0.030366,0.151514,0.006585,0.007383,5.758947,0.000029,0.001626,-0.022071,-0.022810,3.141593
10540.0,-0.036979,-0.034965,0.013198,0.013192,5.758947,0.000043,0.014145,-0.022606,-0.022327,3.141593
10545.0,-0.037615,-0.032651,0.012742,0.012993,5.758947,-0.000014,0.001445,-0.022065,-0.022810,3.141593
10550.0,-0.021579,-0.196154,0.023477,0.023037,5.759331,0.000086,-0.007558,-0.021620,-0.021397,3.141593
10555.0,0.007067,-0.345608,0.036547,0.037115,5.760098,0.000000,-0.001114,-0.021912,-0.021880,3.141593
10560.0,0.034965,-0.242851,0.034672,0.035347,5.760481,-0.000086,0.006904,-0.022312,-0.022810,3.141593
10565.0,0.051781,-0.056242,0.028322,0.027962,5.760481,-0.000043,0.000780,-0.022043,-0.021397,3.141593
10570.0,0.053487,-0.007791,0.026656,0.026384,5.760098,-0.000014,-0.015512,-0.021322,-0.020949,3.141593
10575.0,0.014294,0.484601,0.001811,0.002461,5.759331,0.000057,0.004101,-0.022157,-0.021880,3.141593
10580.0,-0.028560,0.236722,0.003432,0.004922,5.758947,-0.000014,0.013343,-0.022591,-0.022327,3.141593
10585.0,-0.036854,-0.031073,0.013288,0.013192,5.758947,0.000000,0.002400,-0.022096,-0.021397,3.141593
10590.0,-0.037694,-0.034536,0.013039,0.012306,5.758947,-0.000029,-0.012377,-0.021461,-0.022327,3.141593
10595.0,-0.037726,-0.028327,0.012543,0.012503,5.759331,0.000057,0.001131,-0.022007,-0.020913,3.141593
10600.0,0.005064,-0.410775,0.039149,0.038884,5.760098,-0.000129,-0.003128,-0.021870,-0.022810,3.141593
10605.0,0.027770,-0.057712,0.026367,0.027269,5.760098,0.000000,0.014366,-0.022615,-0.021397,3.141593
10610.0,0.030066,0.012512,0.023501,0.024615,5.760098,-0.000086,0.002470,-0.022142,-0.020949,3.141593
10615.0,0.030445,0.004477,0.023955,0.024615,5.760098,-0.000043,0.003985,-0.022235,-0.021880,3.141593
10620.0,0.030373,0.015683,0.023480,0.023038,5.760098,-0.000072,0.006482,-0.022371,-0.021397,3.141593
10625.0,0.014452,0.191281,0.014426,0.015654,5.759331,-0.000014,-0.000826,-0.022057,-0.022810,3.141593
10630.0,-0.012159,0.099144,0.013277,0.012503,5.759331,0.000100,0.001393,-0.022095,-0.022810,3.141593
10635.0,-0.030817,0.141264,0.007067,0.007383,5.758947,0.000000,0.018245,-0.022842,-0.022327,3.141593
10640.0,-0.037075,-0.022745,0.012756,0.012306,5.758947,0.000029,-0.013065,-0.021449,-0.021397,3.141593
10645.0,-0.037651,-0.030415,0.012756,0.013192,5.758947,0.000014,-0.004069,-0.021843,-0.022810,3.141593
10650.0,-0.014795,-0.384053,0.033503,0.033078,5.759715,0.000043,-0.000418,-0.021974,-0.021397,3.141593
10655.0,0.017463,-0.218499,0.032285,0.031115,5.760098,-0.000057,0.012609,-0.022591,-0.022810,3.141593
10660.0,0.029132,-0.015925,0.024527,0.025500,5.760098,-0.000029,0.010854,-0.022512,-0.020466,3.141593
10665.0,0.030241,0.022033,0.022984,0.022154,5.760098,0.000043,-0.002688,-0.021925,-0.021880,3.141593
10670.0,0.030441,0.014337,0.023426,0.023038,5.760098,0.000014,0.002669,-0.022166,-0.022810,3.141593
10675.0,0.030520,0.021604,0.023213,0.023923,5.760098,0.000143,0.000857,-0.022015,-0.021397,3.141593
10680.0,-0.000511,0.344300,0.005070,0.005809,5.759331,-0.000057,-0.000109,-0.022032,-0.021880,3.141593
10685.0,-0.032444,0.125454,0.007472,0.006696,5.758947,0.000029,0.005618,-0.022271,-0.021880,3.141593
10690.0,-0.037150,-0.027513,0.013021,0.013192,5.758947,0.000014,0.005810,-0.022278,-0.021880,3.141593
10695.0,-0.037633,-0.029869,0.012806,0.013192,5.758947,0.000086,-0.007468,-0.021655,-0.021397,3.141593
10700.0,-0.037673,-0.023835,0.012317,0.012306,5.758947,-0.000014,-0.013538,-0.021406,-0.021880,3.141593
10705.0,-0.007060,-0.314697,0.032050,0.030423,5.760098,0.000029,0.011998,-0.022511,-0.022810,3.141593
10710.0,0.026329,-0.079384,0.027014,0.027269,5.760098,-0.000014,-0.008600,-0.021614,-0.021880,3.141593
10715.0,0.030066,0.006295,0.023662,0.023923,5.760098,-0.000057,-0.010067,-0.021575,-0.021880,3.141593
10720.0,0.030330,-0.001155,0.024051,0.023038,5.760098,-0.000086,0.010247,-0.022494,-0.022810,3.141593
10725.0,0.030406,0.011717,0.023556,0.023038,5.760098,-0.000014,-0.008808,-0.021653,-0.021880,3.141593
10730.0,0.023646,0.211526,0.014321,0.013192,5.759715,-0.000057,0.017860,-0.022848,-0.022810,3.141593
10735.0,-0.003247,0.269884,0.007703,0.009845,5.758947,0.000086,-0.006666,-0.021725,-0.021880,3.141593
10740.0,-0.034279,0.062857,0.009756,0.010044,5.758947,-0.000014,0.003893,-0.022196,-0.020949,3.141593
10745.0,-0.037243,-0.046228,0.013743,0.013192,5.758947,-0.000043,-0.001953,-0.021968,-0.021880,3.141593
10750.0,-0.030752,-0.218974,0.022700,0.023037,5.759331,-0.000014,-0.005272,-0.021822,-0.020913,3.141593
10755.0,0.001709,-0.134579,0.026214,0.025500,5.760098,0.000072,0.000137,-0.022040,-0.021880,3.141593
10760.0,0.027133,-0.055256,0.026017,0.024615,5.760098,0.000043,-0.015594,-0.021344,-0.020949,3.141593
10765.0,0.030109,0.002848,0.023821,0.023038,5.760098,0.000114,0.008207,-0.022358,-0.022327,3.141593
10770.0,0.030409,0.022353,0.023072,0.023038,5.760098,-0.000057,-0.005552,-0.021782,-0.021880,3.141593
10775.0,0.030549,0.022344,0.023187,0.023923,5.760098,0.000000,0.008054,-0.022366,-0.021880,3.141593
10780.0,-0.000383,0.338190,0.005415,0.006695,5.759331,0.000043,-0.011716,-0.021460,-0.021880,3.141593
10785.0,-0.029916,0.188690,0.005291,0.004922,5.758947,-0.000057,-0.002368,-0.021895,-0.022810,3.141593
10790.0,-0.037072,-0.014626,0.012529,0.012306,5.758947,0.000057,0.001063,-0.022001,-0.022810,3.141593
10795.0,-0.037587,-0.032937,0.013021,0.014079,5.758947,-0.000100,-0.007066,-0.021695,-0.020949,3.141593
10800.0,-0.030777,-0.235385,0.023372,0.023923,5.759331,-0.000043,0.011241,-0.022512,-0.021880,3.141593
10805.0,0.001774,-0.130173,0.025982,0.024808,5.759715,-0.000029,-0.007425,-0.021691,-0.021397,3.141593
10810.0,0.025499,-0.109588,0.028261,0.027961,5.760098,-0.000100,0.000797,-0.022097,-0.022327,3.141593
10815.0,0.029958,0.006174,0.023657,0.023923,5.760098,0.000057,0.005808,-0.022278,-0.021397,3.141593
10820.0,0.030413,0.026676,0.022867,0.023038,5.760098,-0.000057,0.007128,-0.022376,-0.021844,3.141593
10825.0,0.030524,0.005053,0.023926,0.023923,5.760098,-0.000029,0.006580,-0.022366,-0.022327,3.141593
10830.0,0.018375,0.208755,0.014044,0.013883,5.759715,0.000057,0.010972,-0.022529,-0.021880,3.141593
10835.0,-0.003870,0.262276,0.008029,0.009157,5.758947,0.000029,-0.006912,-0.021736,-0.021880,3.141593
10840.0,-0.034214,0.084978,0.008916,0.008270,5.758947,0.000057,0.006504,-0.022313,-0.022810,3.141593
10845.0,-0.037440,-0.019806,0.012646,0.012306,5.758947,-0.000043,0.019940,-0.022929,-0.023740,3.141593
10850.0,-0.037644,-0.029019,0.012800,0.013192,5.758947,-0.000086,-0.004343,-0.021870,-0.021880,3.141593
10855.0,-0.007063,-0.298584,0.031577,0.029731,5.759715,0.000043,0.001340,-0.022088,-0.020913,3.141593
10860.0,0.012853,-0.179650,0.030095,0.029730,5.760098,-0.000086,-0.010948,-0.021598,-0.020466,3.141593
10865.0,0.028603,-0.027462,0.024916,0.024615,5.760098,0.000000,-0.016077,-0.021361,-0.021397,3.141593
10870.0,0.030241,0.002771,0.023818,0.023923,5.760098,-0.000043,0.002616,-0.022202,-0.021397,3.141593
10875.0,0.030506,0.015481,0.023377,0.023923,5.760098,0.000114,-0.026956,-0.020829,-0.021397,3.141593
10880.0,0.030506,0.034855,0.022602,0.022154,5.760098,0.000000,-0.000133,-0.022014,-0.022810,3.141593
10885.0,0.011834,0.127841,0.016882,0.016540,5.759331,-0.000086,-0.001907,-0.021963,-0.022810,3.141593
10890.0,-0.012342,0.091689,0.013761,0.013192,5.759331,0.000000,0.013592,-0.022624,-0.021397,3.141593
10895.0,-0.015024,0.001597,0.017080,0.017229,5.759331,0.000072,-0.000389,-0.021981,-0.021880,3.141593
10900.0,-0.015196,-0.000892,0.017062,0.018115,5.759331,0.000086,-0.012357,-0.021422,-0.020466,3.141593
10905.0,-0.015056,-0.008564,0.017347,0.018804,5.759331,-0.000114,0.000314,-0.022045,-0.022810,3.141593
10910.0,-0.015178,-0.003271,0.016993,0.016540,5.759331,-0.000114,-0.005466,-0.021819,-0.022810,3.141593
10915.0,-0.015142,0.000540,0.016743,0.017229,5.759331,0.000043,0.001064,-0.022061,-0.020430,3.141593
10920.0,-0.002947,-0.186378,0.027750,0.026384,5.760098,0.000043,-0.007573,-0.021681,-0.021880,3.141593
10925.0,0.026872,-0.114978,0.028382,0.028846,5.760098,-0.000086,0.004842,-0.022272,-0.021880,3.141593
10930.0,0.030384,-0.009754,0.024264,0.023923,5.760098,-0.000014,0.006076,-0.022328,-0.022327,3.141593
10935.0,0.030549,0.006930,0.023671,0.023038,5.760098,0.000029,-0.021058,-0.021121,-0.021880,3.141593
10940.0,0.018386,0.222507,0.013285,0.014078,5.759715,0.000114,0.005622,-0.022240,-0.021397,3.141593
10945.0,-0.016923,0.360293,0.000868,0.000887,5.758947,-0.000072,0.005286,-0.022270,-0.022810,3.141593
10950.0,-0.035727,0.007954,0.012134,0.011618,5.758947,-0.000014,0.003436,-0.022186,-0.022327,3.141593
10955.0,-0.037601,-0.018719,0.012686,0.013192,5.758947,0.000014,-0.003701,-0.021857,-0.021880,3.141593
10960.0,-0.037658,-0.037667,0.013306,0.012505,5.758947,-0.000172,0.012838,-0.022664,-0.022810,3.141593
10965.0,-0.006977,-0.305323,0.032024,0.031307,5.760098,-0.000014,-0.008408,-0.021702,-0.021880,3.141593
10970.0,0.026311,-0.090704,0.027472,0.027961,5.760098,-0.000072,0.014755,-0.022761,-0.022810,3.141593
10975.0,0.030009,0.012429,0.023339,0.023923,5.760098,0.000072,-0.004621,-0.021864,-0.020913,3.141593
10980.0,0.030499,0.014327,0.023403,0.023923,5.760098,0.000014,0.007475,-0.022407,-0.021397,3.141593
10985.0,0.030495,0.014940,0.023452,0.023038,5.760098,-0.000043,0.007734,-0.022450,-0.021880,3.141593
10990.0,0.030556,0.014952,0.023582,0.023038,5.760098,0.000057,-0.019173,-0.021235,-0.020466,3.141593
10995.0,0.018464,0.209405,0.014152,0.016539,5.759715,0.000000,0.007205,-0.022414,-0.021880,3.141593
11000.0,-0.010210,0.154831,0.011751,0.012306,5.759331,0.000100,-0.002321,-0.021958,-0.020913,3.141593
11005.0,-0.014802,0.008176,0.017158,0.017229,5.759331,0.000114,-0.007195,-0.021708,-0.021880,3.141593
11010.0,-0.015206,0.002846,0.017211,0.017426,5.759331,0.000029,0.001825,-0.022117,-0.021397,3.141593
11015.0,-0.015281,0.002428,0.017120,0.016540,5.759331,-0.000014,-0.012371,-0.021496,-0.020949,3.141593
11020.0,-0.015206,-0.000684,0.017186,0.017229,5.759331,0.000086,-0.017962,-0.021207,-0.021397,3.141593
11025.0,-0.015206,0.002625,0.016947,0.015654,5.759331,-0.000057,0.010098,-0.022461,-0.021880,3.141593
11030.0,-0.003015,-0.197538,0.028544,0.026384,5.759715,-0.000114,-0.001072,-0.022013,-0.022810,3.141593
11035.0,0.006469,-0.001675,0.021539,0.023038,5.759715,-0.000043,-0.002192,-0.021950,-0.022810,3.141593
11040.0,0.007449,0.003062,0.021384,0.022347,5.759715,-0.000014,-0.000682,-0.022008,-0.021880,3.141593
11045.0,0.007542,0.006475,0.021203,0.020576,5.759715,-0.000072,-0.004113,-0.021888,-0.021397,3.141593
11050.0,0.007464,0.017202,0.020655,0.020576,5.759715,0.000086,-0.004475,-0.021826,-0.021880,3.141593
11055.0,0.007553,0.009793,0.020969,0.022347,5.759715,-0.000100,0.010010,-0.022510,-0.022327,3.141593
11060.0,0.007646,0.000081,0.021391,0.022347,5.759715,-0.000014,-0.000533,-0.022028,-0.021397,3.141593
11065.0,0.007571,0.038732,0.019647,0.019691,5.759715,-0.000014,-0.002861,-0.021922,-0.021397,3.141593
11070.0,-0.017824,0.304038,0.003084,0.004035,5.758947,0.000072,-0.004268,-0.021838,-0.021880,3.141593
11075.0,-0.035745,0.012719,0.011832,0.010731,5.758947,0.000014,-0.011534,-0.021522,-0.021880,3.141593
11080.0,-0.037372,-0.047622,0.013951,0.014966,5.758947,0.000000,0.011543,-0.022535,-0.023740,3.141593
11085.0,-0.025249,-0.242404,0.025179,0.023037,5.759331,0.000057,0.008210,-0.022355,-0.021397,3.141593
11090.0,0.002550,-0.111115,0.025572,0.023923,5.760098,-0.000072,-0.007967,-0.021686,-0.021880,3.141593
11095.0,0.027323,-0.092344,0.027303,0.027269,5.760098,-0.000100,0.010721,-0.022541,-0.022327,3.141593
11100.0,0.030352,-0.013971,0.024309,0.023923,5.760098,0.000057,-0.006994,-0.021724,-0.021880,3.141593
11105.0,0.030513,0.023922,0.022768,0.023038,5.760098,0.000086,-0.004425,-0.021800,-0.022810,3.141593
11110.0,0.018464,0.221325,0.013214,0.014767,5.759331,-0.000057,-0.005217,-0.021808,-0.021880,3.141593
11115.0,-0.023947,0.304581,0.001662,0.002461,5.758947,0.000029,0.000573,-0.022045,-0.021880,3.141593
11120.0,-0.036356,-0.011987,0.012770,0.012993,5.758947,-0.000072,-0.003082,-0.021917,-0.022810,3.141593
11125.0,-0.037533,-0.038606,0.013482,0.013192,5.758947,-0.000043,0.009607,-0.022476,-0.022810,3.141593
11130.0,-0.037580,-0.031722,0.012956,0.013192,5.758947,0.000014,-0.001622,-0.021971,-0.021397,3.141593
11135.0,-0.012352,-0.315473,0.031144,0.030615,5.760098,0.000000,0.002866,-0.022185,-0.022810,3.141593
11140.0,0.025703,-0.118001,0.028550,0.028153,5.760098,-0.000014,0.001697,-0.022130,-0.021880,3.141593
11145.0,0.030009,0.006200,0.023582,0.023038,5.760098,0.000129,-0.004384,-0.021802,-0.021880,3.141593
11150.0,0.030538,0.016802,0.023292,0.023038,5.760098,-0.000114,0.009354,-0.022474,-0.023293,3.141593
11155.0,0.030556,0.021539,0.023195,0.023923,5.760098,0.000000,0.006499,-0.022327,-0.022810,3.141593
11160.0,0.023696,0.204148,0.014700,0.013883,5.759715,-0.000014,0.000207,-0.022041,-0.021880,3.141593
11165.0,0.009059,0.074880,0.018916,0.018115,5.759331,0.000014,-0.002018,-0.021943,-0.021880,3.141593
11170.0,-0.019523,0.289890,0.003360,0.002461,5.758947,-0.000014,0.005677,-0.022289,-0.022810,3.141593
11175.0,-0.035899,0.010024,0.011945,0.012306,5.758947,-0.000043,0.004850,-0.022260,-0.021880,3.141593
11180.0,-0.037555,-0.029709,0.013131,0.013192,5.758947,-0.000014,0.009972,-0.022487,-0.022363,3.141593
11185.0,-0.037715,-0.047184,0.013661,0.014078,5.759331,-0.000057,0.004013,-0.022258,-0.021880,3.141593
11190.0,0.005136,-0.431938,0.040385,0.038692,5.760098,-0.000114,0.004642,-0.022326,-0.022810,3.141593
11195.0,0.027963,-0.042470,0.025566,0.025500,5.760098,0.000057,0.023332,-0.023111,-0.022810,3.141593
11200.0,0.030134,0.009943,0.023508,0.023038,5.760098,-0.000014,0.004540,-0.022300,-0.021880,3.141593
11205.0,0.030463,0.014288,0.023446,0.023038,5.760098,0.000043,0.001455,-0.022149,-0.021880,3.141593
11210.0,0.030527,0.006326,0.023908,0.023923,5.760098,0.000057,-0.008471,-0.021699,-0.021880,3.141593
11215.0,0.023689,0.197139,0.015064,0.014078,5.759331,0.000014,-0.011846,-0.021561,-0.021880,3.141593
11220.0,-0.011158,0.140840,0.012003,0.012306,5.758947,-0.000086,0.006013,-0.022385,-0.022810,3.141593
11225.0,-0.034897,0.041401,0.010904,0.010731,5.758947,0.000043,0.003095,-0.022221,-0.021880,3.141593
11230.0,-0.037562,-0.011062,0.012427,0.012306,5.758947,0.000000,-0.018972,-0.021243,-0.021397,3.141593
11235.0,-0.037676,-0.033452,0.013188,0.013192,5.758947,-0.000014,0.000603,-0.022116,-0.021880,3.141593
11240.0,-0.021719,-0.192231,0.023689,0.023038,5.759715,0.000072,0.011669,-0.022561,-0.021880,3.141593
11245.0,0.016479,-0.253947,0.033753,0.032884,5.760098,0.000043,-0.018438,-0.021232,-0.021880,3.141593
11250.0,0.029107,-0.032179,0.025270,0.025692,5.760098,0.000014,0.015694,-0.022722,-0.022810,3.141593
11255.0,0.030409,0.019129,0.023224,0.023923,5.760098,-0.000100,0.019765,-0.022957,-0.023257,3.141593
11260.0,0.030524,0.015678,0.023476,0.023923,5.760098,0.000029,-0.005061,-0.021833,-0.021397,3.141593
11265.0,0.005000,0.331050,0.007029,0.007384,5.759331,0.000057,-0.020695,-0.021133,-0.020949,3.141593
11270.0,-0.013357,0.064436,0.014692,0.014078,5.759331,0.000157,0.001402,-0.022042,-0.021397,3.141593
11275.0,-0.015053,0.011791,0.016566,0.017229,5.759331,-0.000014,-0.019400,-0.021167,-0.021397,3.141593
11280.0,-0.015224,-0.002159,0.017056,0.018115,5.759331,-0.000057,-0.009527,-0.021612,-0.021880,3.141593
11285.0,-0.015067,-0.019935,0.017795,0.018804,5.759331,0.000014,0.006847,-0.022321,-0.021397,3.141593
11290.0,-0.015124,-0.009521,0.017228,0.016540,5.759331,-0.000057,-0.010081,-0.021607,-0.022810,3.141593
11295.0,-0.015020,-0.013662,0.017350,0.018115,5.759331,0.000014,0.007521,-0.022355,-0.021880,3.141593
11300.0,0.003304,-0.101418,0.025366,0.024808,5.759715,-0.000014,0.007834,-0.022381,-0.021880,3.141593
11305.0,0.007002,0.011214,0.020940,0.020576,5.759715,-0.000086,0.011632,-0.022589,-0.022810,3.141593
11310.0,0.007414,0.016832,0.020669,0.019886,5.759715,-0.000100,-0.001968,-0.022023,-0.022810,3.141593
11315.0,0.007560,-0.008428,0.021776,0.022152,5.759715,0.000057,-0.001890,-0.021977,-0.022810,3.141593
11320.0,0.007560,0.010085,0.020926,0.020576,5.759715,0.000014,0.016106,-0.022765,-0.021844,3.141593
11325.0,0.007403,0.033353,0.019805,0.019691,5.759715,0.000057,-0.007586,-0.021711,-0.021397,3.141593
11330.0,0.007603,0.008173,0.020926,0.020576,5.759331,0.000029,-0.014958,-0.021386,-0.021880,3.141593
11335.0,-0.012528,0.061048,0.014736,0.014767,5.759331,-0.000014,0.003055,-0.022173,-0.021844,3.141593
11340.0,-0.014842,-0.003680,0.017015,0.017229,5.759331,0.000014,-0.010796,-0.021548,-0.020019,3.141593
11345.0,-0.015028,-0.000147,0.016730,0.016540,5.759331,-0.000086,0.015774,-0.022772,-0.022810,3.141593
11350.0,-0.014999,-0.010522,0.017116,0.018115,5.759331,0.000014,-0.001220,-0.021998,-0.021397,3.141593
11355.0,-0.015028,0.001780,0.016476,0.016343,5.759331,0.000057,-0.015967,-0.021328,-0.020019,3.141593
11360.0,-0.014935,-0.013336,0.017090,0.016540,5.759331,-0.000086,0.033105,-0.023552,-0.024671,3.141593
11365.0,-0.014963,0.001688,0.016331,0.016343,5.759331,-0.000057,0.004344,-0.022294,-0.022810,3.141593
11370.0,-0.015049,0.010726,0.015825,0.014768,5.759715,-0.000057,0.015313,-0.022786,-0.022810,3.141593
11375.0,0.004942,-0.077469,0.024263,0.023923,5.759715,0.000057,-0.016839,-0.021328,-0.020466,3.141593
11380.0,0.007231,0.014675,0.020452,0.020576,5.759715,0.000129,-0.007646,-0.021690,-0.021397,3.141593
11385.0,0.007507,0.016266,0.020373,0.020576,5.759715,-0.000072,-0.008094,-0.021724,-0.021397,3.141593
11390.0,0.007503,0.017182,0.020280,0.019000,5.759715,0.000057,-0.010856,-0.021579,-0.021397,3.141593
11395.0,0.007592,0.014388,0.020408,0.021267,5.759715,0.000114,-0.000033,-0.022022,-0.021880,3.141593
11400.0,0.007646,-0.005484,0.021278,0.020576,5.759715,0.000014,0.001373,-0.022094,-0.021880,3.141593
11405.0,0.007632,0.013039,0.020468,0.020576,5.759715,0.000043,-0.000953,-0.021963,-0.021397,3.141593
11410.0,0.007589,-0.000733,0.021056,0.020576,5.759715,0.000086,-0.004733,-0.021782,-0.021880,3.141593
11415.0,0.007603,0.012048,0.020496,0.020576,5.759331,-0.000057,-0.008718,-0.021634,-0.020949,3.141593
11420.0,-0.012571,0.051142,0.014858,0.015654,5.759331,-0.000029,0.013642,-0.022626,-0.022327,3.141593
11425.0,-0.014663,-0.023606,0.017635,0.017426,5.759331,0.000000,-0.016067,-0.021308,-0.021880,3.141593
11430.0,-0.014945,-0.012145,0.016979,0.016540,5.759331,-0.000057,0.013876,-0.022651,-0.021397,3.141593
11435.0,-0.014985,-0.015551,0.017041,0.017229,5.759331,0.000014,0.005449,-0.022267,-0.021397,3.141593
11440.0,-0.014863,-0.006975,0.016606,0.017229,5.759331,-0.000057,-0.003946,-0.021875,-0.022810,3.141593
11445.0,-0.014985,-0.021643,0.017147,0.016540,5.759331,-0.000100,0.024267,-0.023150,-0.023740,3.141593
11450.0,0.003533,-0.096620,0.024646,0.024614,5.759715,0.000086,-0.005900,-0.021758,-0.021397,3.141593
11455.0,0.007113,0.004241,0.020815,0.020576,5.759715,0.000072,-0.002451,-0.021885,-0.021880,3.141593
11460.0,0.007460,-0.005044,0.021203,0.019691,5.759715,0.000043,0.010466,-0.022442,-0.022810,3.141593
11465.0,0.007603,0.001511,0.020922,0.020576,5.759715,-0.000114,0.033991,-0.023525,-0.023740,3.141593
11470.0,0.007553,0.014344,0.020315,0.020576,5.759715,-0.000029,-0.009302,-0.021628,-0.021880,3.141593
11475.0,0.007743,0.005583,0.020756,0.022152,5.759715,0.000043,0.012354,-0.022563,-0.022810,3.141593
11480.0,0.007621,-0.019013,0.021811,0.022152,5.759715,-0.000029,0.012405,-0.022586,-0.021880,3.141593
11485.0,0.007650,0.002324,0.020881,0.020576,5.759715,-0.000014,0.009462,-0.022466,-0.022810,3.141593
11490.0,0.007721,-0.013296,0.021611,0.021462,5.759715,-0.000014,-0.000290,-0.022033,-0.021880,3.141593
11495.0,0.007603,0.005000,0.020772,0.020576,5.759715,-0.000057,0.013424,-0.022646,-0.022810,3.141593
11500.0,0.007646,-0.005663,0.021255,0.020771,5.759715,0.000100,-0.014036,-0.021378,-0.020949,3.141593
11505.0,0.007689,0.012551,0.020478,0.020576,5.759715,0.000100,-0.002872,-0.021839,-0.020913,3.141593
11510.0,-0.012428,0.048229,0.015003,0.015654,5.759331,-0.000100,0.018228,-0.022841,-0.022810,3.141593
11515.0,-0.014738,-0.008428,0.016925,0.017229,5.759331,0.000043,-0.006110,-0.021738,-0.021397,3.141593
11520.0,-0.015002,-0.008170,0.016770,0.016540,5.759331,-0.000072,0.020225,-0.022948,-0.023257,3.141593
11525.0,-0.015078,-0.012284,0.016851,0.015654,5.759331,0.000014,-0.021100,-0.021106,-0.020019,3.141593
11530.0,-0.014831,-0.015221,0.016960,0.017424,5.759715,-0.000057,0.011093,-0.022560,-0.022810,3.141593
11535.0,0.005000,-0.052463,0.023077,0.024808,5.759715,-0.000057,0.006127,-0.022356,-0.023740,3.141593
11540.0,0.014030,-0.182587,0.029459,0.029730,5.760098,0.000114,-0.009203,-0.021617,-0.021880,3.141593
11545.0,0.029036,-0.057676,0.025553,0.026192,5.760098,0.000057,0.000778,-0.022048,-0.021880,3.141593
11550.0,0.030695,-0.008760,0.023769,0.024807,5.760098,0.000014,-0.014906,-0.021360,-0.021880,3.141593
11555.0,0.030681,-0.017044,0.024271,0.023923,5.760098,-0.000057,0.021653,-0.023002,-0.023740,3.141593
11560.0,0.030860,-0.015999,0.024476,0.025499,5.759715,-0.000057,0.001549,-0.022133,-0.021880,3.141593
11565.0,-0.005693,0.263532,0.007404,0.009156,5.759331,0.000172,-0.021650,-0.021036,-0.021397,3.141593
11570.0,-0.032773,0.100506,0.008414,0.009357,5.758947,0.000014,-0.009171,-0.021598,-0.020466,3.141593
11575.0,-0.037118,-0.032647,0.013164,0.013880,5.758947,-0.000029,0.003446,-0.022182,-0.021880,3.141593
11580.0,-0.037608,-0.038959,0.013124,0.013192,5.758947,0.000086,-0.002637,-0.021876,-0.020019,3.141593
11585.0,-0.021669,-0.175127,0.022618,0.022347,5.759715,-0.000057,-0.005931,-0.021781,-0.020913,3.141593
11590.0,0.020324,-0.216783,0.032226,0.031307,5.760098,0.000057,-0.007287,-0.021698,-0.021880,3.141593
11595.0,0.029440,-0.008727,0.024003,0.023923,5.760098,-0.000029,0.007698,-0.022374,-0.021880,3.141593
11600.0,0.030463,-0.003916,0.024004,0.023923,5.760098,-0.000043,0.015345,-0.022726,-0.022327,3.141593
11605.0,0.030506,0.009838,0.023494,0.023038,5.760098,-0.000014,-0.010207,-0.021600,-0.021880,3.141593
11610.0,0.030524,0.007012,0.023719,0.023923,5.760098,-0.000014,0.003256,-0.022189,-0.021880,3.141593
11615.0,0.030481,0.010083,0.023659,0.023038,5.760098,0.000014,0.013770,-0.022628,-0.022327,3.141593
11620.0,0.014455,0.204524,0.013768,0.014078,5.759331,-0.000057,0.003832,-0.022209,-0.021880,3.141593
11625.0,-0.012174,0.095261,0.013706,0.013389,5.759331,0.000000,0.001501,-0.022101,-0.021397,3.141593
11630.0,-0.030860,0.132908,0.007687,0.008958,5.758947,-0.000043,-0.001579,-0.021983,-0.022810,3.141593
11635.0,-0.037100,-0.023825,0.013054,0.013192,5.758947,0.000114,0.002322,-0.022085,-0.021880,3.141593
11640.0,-0.037569,-0.043078,0.013598,0.013192,5.758947,-0.000157,0.013862,-0.022678,-0.022810,3.141593
11645.0,-0.019222,-0.125014,0.021238,0.020576,5.759715,0.000014,0.008021,-0.022403,-0.021397,3.141593
11650.0,0.004495,-0.081361,0.024634,0.024808,5.759715,0.000029,-0.004173,-0.021868,-0.021880,3.141593
11655.0,0.023106,-0.147348,0.029533,0.027961,5.760098,0.000114,-0.011910,-0.021493,-0.021397,3.141593
11660.0,0.029798,-0.004461,0.023991,0.023923,5.760098,0.000014,0.004553,-0.022229,-0.021397,3.141593
11665.0,0.030466,0.007775,0.023624,0.025500,5.760098,-0.000014,0.009808,-0.022481,-0.021880,3.141593
11670.0,0.030520,0.021206,0.023107,0.023728,5.759715,0.000014,0.000663,-0.022067,-0.022327,3.141593
11675.0,0.003287,0.290078,0.008486,0.008959,5.759331,0.000029,0.001998,-0.022108,-0.020466,3.141593
11680.0,-0.013511,0.048833,0.015371,0.015654,5.759331,-0.000072,0.025520,-0.023205,-0.023740,3.141593
11685.0,-0.015078,-0.000759,0.017137,0.017426,5.759331,0.000029,-0.006516,-0.021765,-0.020949,3.141593
11690.0,-0.015146,0.000623,0.016970,0.016540,5.759331,-0.000029,0.006527,-0.022361,-0.021880,3.141593
11695.0,-0.015056,0.007431,0.016600,0.016540,5.759331,-0.000014,-0.003438,-0.021917,-0.022810,3.141593
11700.0,-0.015131,-0.023317,0.017865,0.019001,5.759331,-0.000072,0.008809,-0.022477,-0.022327,3.141593
11705.0,-0.002940,-0.190201,0.027980,0.027960,5.759715,0.000014,-0.016989,-0.021321,-0.021880,3.141593
11710.0,0.006355,0.012336,0.020737,0.020576,5.759715,0.000000,0.013340,-0.022647,-0.022810,3.141593
11715.0,0.007435,0.001782,0.021277,0.020576,5.759715,0.000014,0.012835,-0.022615,-0.023293,3.141593
11720.0,0.007489,0.000820,0.021289,0.022347,5.759715,-0.000029,0.001517,-0.022139,-0.021397,3.141593
11725.0,0.007560,0.006538,0.021007,0.020576,5.759715,0.000029,0.005982,-0.022329,-0.021880,3.141593
11730.0,0.007546,0.010244,0.020815,0.020576,5.759715,-0.000072,0.001680,-0.022176,-0.022810,3.141593
11735.0,0.007603,-0.003819,0.021438,0.021462,5.759715,-0.000014,-0.000573,-0.022058,-0.022810,3.141593
11740.0,0.007646,-0.007493,0.021600,0.021462,5.759715,-0.000086,0.010918,-0.022592,-0.022810,3.141593
11745.0,0.007589,0.004247,0.021067,0.019886,5.759715,0.000000,-0.009692,-0.021671,-0.021880,3.141593
11750.0,0.007700,0.003538,0.021153,0.020576,5.759715,0.000114,-0.000677,-0.022014,-0.021397,3.141593
11755.0,0.007578,0.005141,0.021056,0.021462,5.759715,-0.000029,0.005618,-0.022319,-0.021880,3.141593
11760.0,0.007646,-0.010266,0.021746,0.020771,5.759715,0.000057,-0.008616,-0.021658,-0.022327,3.141593
11765.0,0.007714,0.006654,0.021047,0.021462,5.759715,0.000014,-0.007332,-0.021714,-0.020949,3.141593
11770.0,0.007671,0.003624,0.021178,0.021462,5.759715,-0.000029,0.008492,-0.022419,-0.023257,3.141593
11775.0,0.000812,0.202105,0.011896,0.010731,5.759331,0.000014,0.002625,-0.022137,-0.022810,3.141593
11780.0,-0.013504,0.023961,0.016553,0.015654,5.759331,-0.000029,0.014167,-0.022644,-0.022327,3.141593
11785.0,-0.014845,-0.003062,0.017371,0.017229,5.759331,-0.000014,0.008236,-0.022376,-0.022810,3.141593
11790.0,-0.015010,-0.024647,0.018211,0.018115,5.759331,-0.000057,0.006993,-0.022345,-0.021397,3.141593
11795.0,-0.015035,-0.017534,0.017803,0.018115,5.759331,-0.000029,0.004653,-0.022249,-0.021880,3.141593
11800.0,-0.015020,-0.003334,0.017088,0.017426,5.759331,0.000014,-0.012354,-0.021489,-0.020949,3.141593
11805.0,-0.002843,-0.179787,0.027630,0.027075,5.759715,0.000029,-0.004276,-0.021825,-0.021880,3.141593
11810.0,0.025145,-0.156212,0.029663,0.028846,5.760098,0.000014,0.003159,-0.022163,-0.021880,3.141593
11815.0,0.030327,-0.029855,0.024841,0.024615,5.760098,-0.000014,0.009574,-0.022454,-0.022327,3.141593
11820.0,0.030856,0.018386,0.023005,0.022154,5.760098,-0.000029,-0.000144,-0.022042,-0.020466,3.141593
11825.0,0.030752,0.010919,0.023512,0.023923,5.759715,-0.000072,-0.001417,-0.022037,-0.021880,3.141593
11830.0,-0.001928,0.298655,0.007250,0.008270,5.759331,0.000014,-0.000027,-0.022089,-0.020913,3.141593
11835.0,-0.030066,0.182718,0.005945,0.004922,5.758947,0.000043,-0.004874,-0.021872,-0.021880,3.141593
11840.0,-0.036989,-0.024182,0.013398,0.013192,5.758947,0.000186,-0.002578,-0.021904,-0.022810,3.141593
11845.0,-0.037583,-0.047334,0.014085,0.014079,5.758947,-0.000014,-0.006136,-0.021768,-0.022810,3.141593
11850.0,-0.037533,-0.055089,0.014237,0.014079,5.758947,0.000057,0.001599,-0.022086,-0.022810,3.141593
11855.0,-0.007070,-0.309248,0.032300,0.031307,5.759715,-0.000029,-0.003686,-0.021869,-0.021880,3.141593
11860.0,0.024741,-0.142595,0.029591,0.030423,5.760098,-0.000057,0.009828,-0.022485,-0.020949,3.141593
11865.0,0.029905,0.006692,0.023579,0.023923,5.760098,0.000014,-0.017480,-0.021289,-0.021880,3.141593
11870.0,0.030531,-0.000452,0.024067,0.023923,5.760098,0.000014,0.014674,-0.022689,-0.022327,3.141593
11875.0,0.030617,0.012829,0.023626,0.023731,5.760098,-0.000043,-0.003672,-0.021908,-0.021397,3.141593
11880.0,0.030488,0.015266,0.023580,0.023923,5.760098,0.000014,-0.013874,-0.021457,-0.021880,3.141593
11885.0,0.011859,0.149708,0.016036,0.016539,5.759715,0.000043,0.002405,-0.022147,-0.021880,3.141593
11890.0,-0.010718,0.127986,0.012880,0.014078,5.759331,-0.000029,0.000766,-0.022097,-0.022810,3.141593
11895.0,-0.014802,-0.005534,0.017819,0.018115,5.759331,-0.000086,0.012494,-0.022650,-0.021880,3.141593
11900.0,-0.015160,-0.004569,0.017603,0.018115,5.759331,-0.000072,0.007070,-0.022424,-0.022810,3.141593
11905.0,-0.015167,-0.007807,0.017654,0.018115,5.759331,-0.000057,-0.005200,-0.021890,-0.021880,3.141593
11910.0,-0.015196,0.002770,0.017085,0.016540,5.759331,0.000100,0.008119,-0.022437,-0.022810,3.141593
11915.0,-0.015228,0.001294,0.017052,0.016540,5.759331,0.000057,0.001922,-0.022157,-0.021880,3.141593
11920.0,-0.015006,-0.012809,0.017648,0.018115,5.759331,0.000000,0.008726,-0.022460,-0.021880,3.141593
11925.0,0.003269,-0.077607,0.024573,0.023923,5.759715,0.000000,-0.009138,-0.021678,-0.021880,3.141593
11930.0,0.007085,0.001934,0.021382,0.021462,5.759715,-0.000014,-0.010321,-0.021620,-0.021397,3.141593
11935.0,0.007542,0.017243,0.020729,0.020576,5.759715,-0.000014,-0.014260,-0.021458,-0.021880,3.141593
11940.0,0.007564,0.006260,0.021193,0.021462,5.759715,0.000086,-0.012064,-0.021503,-0.021397,3.141593
11945.0,0.007564,0.002897,0.021308,0.021462,5.759715,-0.000086,-0.003210,-0.021935,-0.021397,3.141593
11950.0,0.007632,-0.003083,0.021575,0.021462,5.759715,0.000114,-0.009966,-0.021578,-0.021880,3.141593
11955.0,0.007614,0.003002,0.021297,0.020576,5.759715,-0.000072,-0.000459,-0.022037,-0.021880,3.141593
11960.0,-0.004556,0.194216,0.011011,0.012306,5.759331,-0.000014,0.002334,-0.022173,-0.020019,3.141593
11965.0,-0.014234,0.020725,0.016474,0.016343,5.759331,-0.000114,0.006261,-0.022424,-0.021844,3.141593
11970.0,-0.014902,-0.010242,0.017621,0.018115,5.759331,0.000057,-0.008092,-0.021758,-0.021880,3.141593
11975.0,-0.015017,-0.020720,0.017976,0.018115,5.759331,0.000100,0.000052,-0.022073,-0.021880,3.141593
11980.0,-0.014920,-0.017084,0.017754,0.018115,5.759331,0.000014,0.007646,-0.022422,-0.022327,3.141593
11985.0,-0.015163,-0.009037,0.017252,0.016540,5.759331,-0.000043,0.005789,-0.022358,-0.021880,3.141593
11990.0,-0.014999,-0.000322,0.016819,0.017229,5.759331,-0.000043,-0.002000,-0.022040,-0.021880,3.141593
11995.0,-0.014960,-0.013772,0.017343,0.018115,5.759331,0.000000,-0.002631,-0.021987,-0.022810,3.141593
12000.0,-0.015053,-0.012281,0.017170,0.017426,5.759331,0.000057,0.006654,-0.022356,-0.021880,3.141593
12005.0,-0.015053,-0.019284,0.017395,0.017426,5.759331,-0.000057,-0.001611,-0.022017,-0.021880,3.141593
12010.0,0.003455,-0.111204,0.025643,0.025499,5.759715,-0.000086,0.016138,-0.022832,-0.023293,3.141593
12015.0,0.007149,-0.001042,0.021224,0.021462,5.759715,0.000014,-0.016172,-0.021383,-0.020949,3.141593
12020.0,0.007467,0.000738,0.021124,0.020576,5.759715,0.000029,-0.003444,-0.021942,-0.021397,3.141593
12025.0,0.007596,0.033164,0.019701,0.020576,5.759715,0.000057,-0.010079,-0.021621,-0.021880,3.141593
12030.0,0.007657,0.010168,0.020713,0.020576,5.759715,-0.000014,0.005710,-0.022325,-0.021397,3.141593
12035.0,0.007585,0.024849,0.020041,0.020576,5.759715,0.000057,-0.010309,-0.021598,-0.020949,3.141593
12040.0,0.007578,0.005287,0.020873,0.019886,5.759715,0.000072,-0.007181,-0.021715,-0.021397,3.141593
12045.0,0.000930,0.190912,0.011889,0.010731,5.759331,0.000014,0.012081,-0.022566,-0.022810,3.141593
12050.0,-0.013511,0.030046,0.015732,0.015654,5.759331,-0.000100,0.004489,-0.022268,-0.021397,3.141593
12055.0,-0.027004,0.164463,0.006600,0.007383,5.758947,-0.000029,0.000342,-0.022093,-0.022810,3.141593
12060.0,-0.036535,-0.024710,0.012683,0.013192,5.758947,0.000014,-0.012538,-0.021505,-0.020019,3.141593
12065.0,-0.037358,-0.054309,0.013614,0.013880,5.758947,-0.000014,-0.005189,-0.021834,-0.021880,3.141593
12070.0,-0.030727,-0.229318,0.022706,0.022348,5.759331,0.000014,0.001850,-0.022135,-0.021397,3.141593
12075.0,0.001956,-0.158792,0.026899,0.026384,5.759715,-0.000143,0.010125,-0.022581,-0.023293,3.141593
12080.0,0.025613,-0.105775,0.027569,0.027269,5.760098,0.000029,0.007564,-0.022421,-0.022810,3.141593
12085.0,0.030116,-0.002253,0.023573,0.023923,5.760098,0.000114,-0.018729,-0.021206,-0.021397,3.141593
12090.0,0.030531,0.006497,0.023349,0.023923,5.760098,-0.000029,-0.000329,-0.022033,-0.022810,3.141593
12095.0,0.030606,0.002175,0.023672,0.023038,5.760098,-0.000072,0.002901,-0.022170,-0.022810,3.141593
12100.0,0.030463,0.021761,0.022884,0.022347,5.759715,-0.000057,0.017660,-0.022831,-0.023740,3.141593
12105.0,-0.005801,0.258176,0.007430,0.008467,5.759331,-0.000014,0.000286,-0.022073,-0.021397,3.141593
12110.0,-0.014334,0.017228,0.016157,0.015654,5.759331,0.000129,-0.005929,-0.021749,-0.021880,3.141593
12115.0,-0.015045,-0.009060,0.017081,0.017229,5.759331,-0.000100,0.002299,-0.022175,-0.022327,3.141593
12120.0,-0.015035,-0.002151,0.016689,0.017229,5.759331,0.000072,-0.003654,-0.021858,-0.021880,3.141593
12125.0,-0.015146,-0.024272,0.017559,0.018115,5.759331,-0.000057,0.004253,-0.022239,-0.020466,3.141593
12130.0,-0.015078,-0.012693,0.016971,0.016540,5.759331,-0.000057,-0.000231,-0.022067,-0.022810,3.141593
12135.0,-0.015163,-0.011298,0.016800,0.016540,5.759331,0.000129,-0.002321,-0.021891,-0.021880,3.141593
12140.0,-0.015017,-0.000397,0.016264,0.016343,5.759331,-0.000114,0.003276,-0.022215,-0.021880,3.141593
12145.0,-0.015045,-0.014964,0.016821,0.016540,5.759331,-0.000057,-0.004967,-0.021875,-0.021397,3.141593
12150.0,0.000694,-0.125305,0.025235,0.023923,5.759715,0.000014,-0.000524,-0.022059,-0.021397,3.141593
12155.0,0.006802,0.020681,0.020139,0.019691,5.759715,0.000029,-0.001763,-0.021994,-0.021397,3.141593
12160.0,0.007371,0.010777,0.020710,0.020576,5.759715,0.000157,0.000921,-0.022064,-0.021397,3.141593
12165.0,0.007535,0.010546,0.020696,0.021462,5.759715,0.000057,-0.002641,-0.021904,-0.021397,3.141593
12170.0,0.007485,0.002300,0.020985,0.020576,5.759715,-0.000043,-0.003582,-0.021903,-0.021397,3.141593
12175.0,0.007521,0.014000,0.020441,0.020576,5.759715,0.000086,0.004829,-0.022237,-0.021880,3.141593
12180.0,0.007496,0.017089,0.020249,0.020576,5.759715,-0.000100,-0.004518,-0.021877,-0.021397,3.141593
12185.0,-0.004646,0.203811,0.009603,0.010731,5.759331,0.000114,-0.010894,-0.021529,-0.021397,3.141593
12190.0,-0.014058,0.009671,0.016056,0.015654,5.759331,-0.000029,-0.009180,-0.021634,-0.022810,3.141593
12195.0,-0.014867,0.001888,0.016138,0.016540,5.759331,-0.000043,0.013050,-0.022631,-0.022327,3.141593
12200.0,-0.014935,-0.014384,0.016764,0.017426,5.759331,0.000043,-0.001965,-0.021944,-0.021880,3.141593
12205.0,-0.014956,-0.009965,0.016480,0.016540,5.759331,-0.000043,0.011539,-0.022563,-0.021880,3.141593
12210.0,-0.015017,-0.012618,0.016499,0.016540,5.759331,0.000029,-0.011978,-0.021506,-0.022810,3.141593
12215.0,-0.014977,-0.019596,0.016737,0.015654,5.759715,0.000014,-0.000651,-0.021993,-0.022327,3.141593
12220.0,0.011984,-0.268091,0.033144,0.032192,5.760098,0.000014,-0.013225,-0.021425,-0.021397,3.141593
12225.0,0.028778,-0.048427,0.025195,0.024615,5.760098,-0.000014,-0.012162,-0.021478,-0.021880,3.141593
12230.0,0.030481,0.004804,0.023165,0.023038,5.760098,-0.000029,0.011651,-0.022532,-0.022327,3.141593
12235.0,0.030627,0.000130,0.023520,0.023038,5.760098,-0.000086,0.000210,-0.022072,-0.021880,3.141593
12240.0,0.030742,-0.000525,0.023736,0.023923,5.760098,0.000014,-0.009185,-0.021636,-0.021880,3.141593
12245.0,0.018389,0.203716,0.013817,0.016344,5.759715,0.000000,0.013740,-0.022646,-0.022327,3.141593
12250.0,-0.010132,0.160606,0.010659,0.010731,5.759331,0.000014,0.004678,-0.022244,-0.021397,3.141593
12255.0,-0.033045,0.072520,0.009272,0.010044,5.758947,0.000057,-0.011822,-0.021508,-0.021397,3.141593
12260.0,-0.037286,-0.022581,0.012343,0.012505,5.758947,0.000072,-0.017178,-0.021249,-0.021880,3.141593
12265.0,-0.037487,-0.039683,0.012856,0.013192,5.758947,0.000014,-0.013601,-0.021398,-0.020949,3.141593
12270.0,-0.014795,-0.381879,0.033055,0.033078,5.759715,-0.000043,0.016703,-0.022754,-0.023740,3.141593
12275.0,0.030667,-0.327672,0.037992,0.037809,5.760481,0.000029,-0.010397,-0.021525,-0.021397,3.141593
12280.0,0.051295,-0.062414,0.028520,0.027962,5.760481,-0.000029,0.014007,-0.022620,-0.022327,3.141593
12285.0,0.053451,0.002591,0.026165,0.026384,5.760481,-0.000014,0.005483,-0.022255,-0.020949,3.141593
12290.0,0.037612,0.178578,0.017300,0.018115,5.759715,-0.000057,0.008812,-0.022431,-0.022327,3.141593
12295.0,-0.014863,0.422984,-0.001841,0.000000,5.758947,0.000057,0.001265,-0.022064,-0.021397,3.141593
12300.0,-0.035713,0.031819,0.010686,0.009844,5.758947,0.000057,-0.005947,-0.021735,-0.020913,3.141593
12305.0,-0.037576,-0.030530,0.012833,0.013192,5.758947,0.000029,-0.005476,-0.021767,-0.021880,3.141593
12310.0,-0.030903,-0.233283,0.023162,0.024120,5.759331,-0.000072,-0.000794,-0.022018,-0.022810,3.141593
12315.0,0.008608,-0.355431,0.037474,0.037807,5.760098,-0.000114,0.010882,-0.022558,-0.023740,3.141593
12320.0,0.040276,-0.240178,0.035361,0.035347,5.760481,-0.000043,-0.001584,-0.022001,-0.021880,3.141593
12325.0,0.052310,-0.031611,0.027600,0.027962,5.760481,0.000029,0.010662,-0.022526,-0.022327,3.141593
12330.0,0.053544,0.000174,0.026601,0.026384,5.760481,0.000029,0.001364,-0.022112,-0.021880,3.141593
12335.0,0.018790,0.327255,0.009273,0.010731,5.759715,-0.000029,-0.009339,-0.021659,-0.022810,3.141593
12340.0,-0.017141,0.342892,0.001510,0.002461,5.758947,-0.000057,0.006434,-0.022348,-0.021880,3.141593
12345.0,-0.035931,0.034880,0.010796,0.010044,5.758947,0.000000,0.002900,-0.022187,-0.021880,3.141593
12350.0,-0.037551,-0.021252,0.012720,0.013192,5.758947,0.000143,-0.001485,-0.021930,-0.020913,3.141593
12355.0,-0.037644,-0.028389,0.012806,0.013192,5.758947,0.000043,0.001003,-0.022053,-0.021880,3.141593
12360.0,-0.003355,-0.284832,0.031852,0.030423,5.760098,0.000086,-0.010774,-0.021502,-0.021397,3.141593
12365.0,0.026500,-0.081154,0.027318,0.027269,5.760098,0.000014,0.001394,-0.022048,-0.022327,3.141593
12370.0,0.048580,-0.110428,0.030674,0.030424,5.760481,-0.000057,-0.011165,-0.021516,-0.020949,3.141593
12375.0,0.053186,0.004359,0.026351,0.025500,5.760481,-0.000014,0.004998,-0.022222,-0.021880,3.141593
12380.0,0.041399,0.211085,0.016559,0.018115,5.759715,-0.000057,-0.003099,-0.021888,-0.022327,3.141593
12385.0,-0.005100,0.318286,0.005599,0.006498,5.759331,0.000072,-0.014846,-0.021327,-0.020949,3.141593
12390.0,-0.033016,0.124479,0.007780,0.006696,5.758947,-0.000029,0.003325,-0.022152,-0.022810,3.141593
12395.0,-0.037347,-0.026162,0.013305,0.013192,5.758947,-0.000129,0.014735,-0.022718,-0.023293,3.141593
12400.0,-0.037698,-0.031881,0.013268,0.013192,5.758947,-0.000043,0.002599,-0.022172,-0.022810,3.141593
12405.0,-0.025588,-0.200026,0.023293,0.021462,5.759715,0.000000,-0.013910,-0.021434,-0.020949,3.141593
12410.0,0.003837,-0.085898,0.024830,0.024614,5.759715,-0.000057,0.013106,-0.022649,-0.022810,3.141593
12415.0,0.019015,-0.154187,0.029708,0.030423,5.760098,-0.000029,-0.006027,-0.021807,-0.021880,3.141593
12420.0,0.029236,-0.020358,0.024819,0.024615,5.760098,0.000057,0.015156,-0.022722,-0.021397,3.141593
12425.0,0.030402,-0.003493,0.024289,0.023923,5.760098,0.000000,-0.000828,-0.022028,-0.021397,3.141593
12430.0,0.030495,0.014988,0.023580,0.023038,5.760098,0.000057,-0.002063,-0.021950,-0.022327,3.141593
12435.0,0.018300,0.242948,0.012609,0.013881,5.759331,-0.000029,0.005999,-0.022319,-0.021880,3.141593
12440.0,-0.018818,0.310163,0.002725,0.003148,5.758947,0.000086,-0.001455,-0.021954,-0.021397,3.141593
12445.0,-0.035974,0.020338,0.011574,0.011618,5.758947,-0.000043,0.019110,-0.022908,-0.022327,3.141593
12450.0,-0.037440,-0.041251,0.013781,0.013192,5.758947,0.000014,0.004262,-0.022234,-0.022810,3.141593
12455.0,-0.037751,-0.033995,0.013176,0.013192,5.758947,-0.000086,0.003937,-0.022243,-0.021397,3.141593
12460.0,-0.007056,-0.306647,0.032115,0.030422,5.759715,0.000086,-0.020750,-0.021112,-0.020949,3.141593
12465.0,0.022030,-0.177296,0.030892,0.030423,5.760098,0.000014,0.002768,-0.022154,-0.022810,3.141593
12470.0,0.029701,0.007020,0.023600,0.023230,5.760098,-0.000043,0.004875,-0.022250,-0.021397,3.141593
12475.0,0.030470,-0.002164,0.024184,0.023923,5.760098,-0.000014,0.002170,-0.022140,-0.022810,3.141593
12480.0,0.023711,0.198528,0.014926,0.016344,5.759715,0.000057,-0.009058,-0.021603,-0.022363,3.141593
12485.0,-0.021808,0.361173,-0.000416,0.002461,5.758947,-0.000014,0.002859,-0.022129,-0.022810,3.141593
12490.0,-0.036417,-0.002163,0.012270,0.011618,5.758947,0.000114,-0.003911,-0.021761,-0.020466,3.141593
12495.0,-0.037515,-0.036756,0.013356,0.013192,5.758947,-0.000157,0.001690,-0.022111,-0.021880,3.141593
12500.0,15.670374,-0.031024,0.723733,0.661305,5.758947,-0.000114,0.003868,-0.022242,-0.022810,3.141593
12505.0,15.390551,15.435849,0.060521,0.061035,5.752811,-0.000114,0.012361,-0.022647,-0.023740,3.141593
12510.0,14.864970,16.183405,-0.005657,-0.000912,5.743608,0.000000,0.000099,-0.022089,-0.020949,3.141593
12515.0,14.345527,15.281517,0.000042,0.000921,5.735171,-0.000029,-0.007376,-0.021786,-0.021880,3.141593
12520.0,13.864038,14.619732,0.000870,0.001854,5.727501,0.000000,0.010103,-0.022555,-0.022810,3.141593
12525.0,13.431952,13.774647,0.018448,0.017233,5.720214,0.000086,0.015871,-0.022771,-0.021844,3.141593
12530.0,13.001336,13.404605,0.012775,0.012096,5.713312,-0.000014,0.004192,-0.022291,-0.021397,3.141593
12535.0,12.600907,12.828531,0.020763,0.020531,5.706409,0.000000,-0.000218,-0.022097,-0.021397,3.141593
12540.0,12.186699,12.707253,0.003084,0.003325,5.699506,-0.000014,-0.015127,-0.021456,-0.020949,3.141593
12545.0,11.784310,12.123268,0.006360,0.007353,5.692603,0.000114,-0.002072,-0.021983,-0.021397,3.141593
12550.0,11.389164,11.607703,0.005954,0.006088,5.686467,-0.000057,-0.013145,-0.021534,-0.020466,3.141593
12555.0,11.025091,11.257194,0.003120,0.004258,5.680331,0.000014,-0.005122,-0.021883,-0.021880,3.141593
12560.0,10.677828,10.792813,0.007130,0.006705,5.674579,-0.000014,-0.003534,-0.021966,-0.022810,3.141593
12565.0,10.336436,10.525979,0.001715,0.000697,5.668826,0.000114,-0.002216,-0.021962,-0.021880,3.141593
12570.0,10.011786,10.084225,0.005974,0.004922,5.663457,-0.000014,0.018367,-0.022903,-0.022327,3.141593
12575.0,9.689412,9.776850,0.002922,0.003316,5.658472,-0.000014,-0.000889,-0.022061,-0.022327,3.141593
12580.0,9.401546,9.305617,0.013248,0.012924,5.653486,0.000000,0.003057,-0.022235,-0.021880,3.141593
12585.0,9.115162,9.176228,0.007053,0.006435,5.648884,0.000057,0.003758,-0.022239,-0.021880,3.141593
12590.0,8.820791,8.961926,0.001171,0.001611,5.643899,0.000057,0.005603,-0.022295,-0.023740,3.141593
12595.0,8.545632,8.667626,0.001591,0.001612,5.639297,0.000029,-0.011714,-0.021507,-0.021880,3.141593
12600.0,8.270402,8.404479,-0.000968,-0.001575,5.634695,-0.000072,-0.004036,-0.021881,-0.021880,3.141593
12605.0,8.006887,8.035940,0.002283,0.001671,5.630476,0.000057,-0.017904,-0.021229,-0.021880,3.141593
12610.0,7.753082,7.740508,0.003001,0.004055,5.626258,0.000072,-0.002901,-0.021851,-0.021397,3.141593
12615.0,7.502686,7.527656,-0.000625,0.000000,5.622040,0.000029,0.009897,-0.022427,-0.022810,3.141593
12620.0,7.271358,7.230853,0.002434,0.002460,5.618205,-0.000043,0.001193,-0.022044,-0.022327,3.141593
12625.0,7.043667,7.050542,-0.000179,-0.000709,5.614370,-0.000057,-0.003743,-0.021836,-0.022327,3.141593
12630.0,6.823250,6.686365,0.005749,0.006312,5.610919,-0.000086,-0.002025,-0.021935,-0.021880,3.141593
12635.0,6.610304,6.677470,-0.003663,-0.003351,5.607083,-0.000057,-0.005855,-0.021790,-0.022810,3.141593
12640.0,6.382910,6.498618,-0.010062,-0.009826,5.603632,-0.000029,0.040173,-0.023816,-0.024671,3.141593
12645.0,6.189655,6.106111,-0.000403,-0.000646,5.600181,-0.000072,0.001634,-0.022132,-0.022810,3.141593
12650.0,6.005116,5.907135,0.001525,0.000908,5.597113,-0.000086,0.006585,-0.022364,-0.021880,3.141593
12655.0,5.822944,5.775324,-0.000053,-0.000912,5.594045,0.000086,-0.009771,-0.021592,-0.021880,3.141593
12660.0,5.640983,5.640387,-0.002486,-0.002746,5.591360,-0.000014,0.012548,-0.022603,-0.022327,3.141593
12665.0,5.453868,5.480159,-0.006007,-0.004593,5.588292,-0.000029,0.009819,-0.022498,-0.022327,3.141593
12670.0,5.287432,5.179760,0.000374,0.000572,5.585224,0.000057,-0.006205,-0.021762,-0.020949,3.141593
12675.0,5.117150,5.196875,-0.009196,-0.009989,5.582540,-0.000029,0.013477,-0.022658,-0.021880,3.141593
12680.0,4.954015,4.992603,-0.008253,-0.008876,5.579855,0.000043,-0.006305,-0.021781,-0.021397,3.141593
12685.0,4.794610,4.852030,-0.010215,-0.011261,5.577171,0.000072,-0.005907,-0.021776,-0.021880,3.141593
12690.0,4.638043,4.765224,-0.014818,-0.014445,5.574486,-0.000043,0.001052,-0.022106,-0.022327,3.141593
12695.0,4.483573,4.401573,-0.007534,-0.007862,5.572186,-0.000029,0.000265,-0.022076,-0.022327,3.141593
12700.0,4.363890,4.159235,0.001451,0.000490,5.569884,0.000014,-0.000799,-0.022016,-0.021880,3.141593
12705.0,4.229375,4.142668,-0.003717,-0.003721,5.567967,-0.000014,-0.002099,-0.021968,-0.022810,3.141593
12710.0,4.106330,4.171892,-0.009038,-0.009772,5.565666,0.000072,0.014222,-0.022657,-0.020913,3.141593
12715.0,3.971297,4.112803,-0.013891,-0.014431,5.563748,0.000014,-0.003947,-0.021879,-0.022327,3.141593
12720.0,3.855160,3.952475,-0.010660,-0.011162,5.561448,0.000014,-0.018066,-0.021244,-0.020019,3.141593
12725.0,3.740233,3.542643,0.003244,0.001860,5.559914,0.000000,-0.005190,-0.021817,-0.021397,3.141593
12730.0,3.634647,3.595475,-0.001929,-0.001859,5.557996,-0.000229,-0.006067,-0.021877,-0.020949,3.141593
12735.0,3.528439,3.355231,0.005172,0.006087,5.556462,0.000114,-0.015132,-0.021418,-0.020466,3.141593
12740.0,3.429090,3.430648,-0.000791,-0.000928,5.554544,0.000043,-0.032858,-0.020634,-0.020949,3.141593
12745.0,3.326014,3.427753,-0.004701,-0.005561,5.552627,0.000014,0.013459,-0.022662,-0.021880,3.141593
12750.0,3.216630,3.146304,0.001729,0.000926,5.551093,0.000057,0.004109,-0.022239,-0.021397,3.141593
12755.0,3.111674,3.206424,-0.006621,-0.006472,5.549176,0.000043,0.002538,-0.022172,-0.022327,3.141593
12760.0,3.014885,2.975686,-0.000769,-0.001288,5.548025,0.000000,0.003007,-0.022196,-0.021880,3.141593
12765.0,2.934455,2.808978,0.005450,0.005747,5.546491,0.000157,-0.007540,-0.021661,-0.021880,3.141593
12770.0,2.837895,2.985880,-0.007785,-0.007368,5.544957,-0.000014,0.004417,-0.022214,-0.020913,3.141593
12775.0,2.746089,2.871589,-0.007515,-0.007019,5.543040,-0.000014,-0.003776,-0.021867,-0.020949,3.141593
12780.0,2.647408,2.655123,-0.004822,-0.005181,5.541506,-0.000014,-0.004127,-0.021861,-0.021880,3.141593
12785.0,2.574302,2.470084,0.001778,0.001197,5.540355,0.000100,-0.008416,-0.021622,-0.021880,3.141593
12790.0,2.505587,2.418469,0.003027,0.001830,5.539205,-0.000100,-0.007433,-0.021721,-0.022810,3.141593
12795.0,2.422546,2.494761,-0.005089,-0.004876,5.537671,0.000014,-0.012109,-0.021473,-0.020949,3.141593
12800.0,2.328694,2.407718,-0.008897,-0.008851,5.536520,0.000057,-0.002702,-0.021878,-0.021880,3.141593
12805.0,2.276073,2.172426,0.002828,0.001820,5.535370,-0.000029,-0.014132,-0.021384,-0.021880,3.141593
12810.0,2.201893,2.133201,0.000560,0.001537,5.534219,0.000014,0.005500,-0.022231,-0.021880,3.141593
12815.0,2.128676,2.287514,-0.010499,-0.010064,5.533069,-0.000100,0.004425,-0.022240,-0.022810,3.141593
12820.0,2.064024,1.978199,0.000608,0.001279,5.531919,-0.000014,-0.004622,-0.021823,-0.023740,3.141593
12825.0,2.008824,1.746444,0.010043,0.009161,5.531151,0.000014,-0.012256,-0.021447,-0.021880,3.141593
12830.0,1.943303,2.089503,-0.008759,-0.008261,5.530001,-0.000029,0.022417,-0.022984,-0.023740,3.141593
12835.0,1.881799,1.836950,-0.000516,0.000000,5.529234,0.000014,0.013108,-0.022549,-0.021844,3.141593
12840.0,1.834742,1.747177,0.003453,0.003355,5.528467,-0.000014,0.007054,-0.022307,-0.021397,3.141593
12845.0,1.782192,1.920419,-0.005805,-0.005149,5.527317,-0.000043,-0.002216,-0.021928,-0.021880,3.141593
12850.0,1.727725,1.728682,0.000411,-0.000665,5.526549,0.000014,-0.006702,-0.021706,-0.021397,3.141593
12855.0,1.676191,1.648416,0.002045,0.002683,5.525399,0.000029,-0.002653,-0.021868,-0.021880,3.141593
12860.0,1.628408,1.562533,0.004479,0.004918,5.524632,-0.000114,0.011585,-0.022549,-0.022810,3.141593
12865.0,1.572096,1.672840,-0.004041,-0.004028,5.523865,-0.000100,0.020686,-0.022985,-0.023740,3.141593
12870.0,1.532074,1.403207,0.007761,0.008061,5.523098,0.000029,0.002982,-0.022172,-0.022327,3.141593
12875.0,1.491251,1.447405,0.005180,0.005810,5.522331,-0.000114,0.044235,-0.024055,-0.024671,3.141593
12880.0,1.446226,1.414419,0.004834,0.004922,5.521564,-0.000114,-0.002926,-0.022008,-0.021880,3.141593
12885.0,1.390235,1.538891,-0.005284,-0.005118,5.520797,-0.000014,-0.013173,-0.021549,-0.021880,3.141593
12890.0,1.340986,1.404942,-0.002672,-0.002965,5.520030,0.000029,0.005227,-0.022342,-0.022327,3.141593
12895.0,1.302098,1.158125,0.007051,0.006690,5.519647,0.000086,0.004788,-0.022276,-0.021880,3.141593
12900.0,1.277679,1.100866,0.011440,0.011611,5.518879,0.000000,0.008500,-0.022461,-0.022810,3.141593
12905.0,1.236949,1.190871,0.005382,0.005102,5.518113,0.000000,0.004876,-0.022305,-0.021880,3.141593
12910.0,1.185282,1.357693,-0.006819,-0.006507,5.517345,-0.000014,0.004255,-0.022271,-0.022810,3.141593
12915.0,1.154902,1.145674,0.002422,0.001585,5.516579,-0.000143,-0.001595,-0.022066,-0.022810,3.141593
12920.0,1.118238,0.981346,0.007903,0.008094,5.516579,0.000114,0.003701,-0.022222,-0.021397,3.141593
12925.0,1.088809,1.146150,0.000221,0.000875,5.515811,0.000057,-0.003974,-0.021880,-0.022363,3.141593
12930.0,1.051708,0.962221,0.006107,0.006511,5.515045,0.000157,-0.006968,-0.021695,-0.021880,3.141593
12935.0,1.026081,0.864985,0.010553,0.009845,5.514661,-0.000057,-0.004041,-0.021860,-0.021880,3.141593
12940.0,0.996165,1.050741,0.001282,0.000872,5.514277,-0.000014,0.008761,-0.022435,-0.022327,3.141593
12945.0,0.960617,0.907777,0.005172,0.005643,5.513511,0.000014,0.009430,-0.022447,-0.022327,3.141593
12950.0,0.922887,0.989571,-0.001630,-0.001592,5.513127,0.000086,-0.010285,-0.021541,-0.021880,3.141593
12955.0,0.892096,0.823717,0.003963,0.002604,5.512743,0.000014,-0.005345,-0.021763,-0.021880,3.141593
12960.0,0.871046,0.836810,0.003665,0.003327,5.512360,-0.000029,0.002997,-0.022148,-0.021397,3.141593
12965.0,0.845958,0.785390,0.005175,0.004054,5.511593,-0.000100,0.000105,-0.022061,-0.022810,3.141593
12970.0,0.821414,0.718306,0.007351,0.007379,5.511593,0.000100,-0.003941,-0.021811,-0.020913,3.141593
12975.0,0.795618,0.976939,-0.005363,-0.005650,5.510826,-0.000086,0.010214,-0.022493,-0.022327,3.141593
12980.0,0.762795,0.839503,-0.002222,-0.001596,5.510443,0.000014,0.002304,-0.022128,-0.022327,3.141593
12985.0,0.735333,0.755594,-0.000420,-0.000862,5.510059,0.000014,-0.011781,-0.021498,-0.022810,3.141593
12990.0,0.709809,0.664810,0.001975,0.001721,5.509676,0.000014,0.021905,-0.022971,-0.023257,3.141593
12995.0,0.705124,0.546450,0.010225,0.008971,5.509676,-0.000100,0.004834,-0.022265,-0.022810,3.141593
13000.0,0.692385,0.746179,0.002458,0.003439,5.509292,0.000029,-0.010238,-0.021567,-0.021880,3.141593
13005.0,0.664372,0.643625,0.004549,0.004797,5.508525,-0.000014,-0.008821,-0.021636,-0.021880,3.141593
13010.0,0.639489,0.579318,0.005482,0.004914,5.508525,-0.000072,-0.002786,-0.021929,-0.022810,3.141593
13015.0,0.620770,0.641165,0.002103,0.003085,5.508142,0.000014,-0.003829,-0.021867,-0.021880,3.141593
13020.0,0.607502,0.669123,0.001370,0.000744,5.507758,-0.000086,0.007915,-0.022420,-0.022327,3.141593
13025.0,0.576729,0.639953,-0.000914,-0.000855,5.507375,0.000014,0.005963,-0.022315,-0.022327,3.141593
13030.0,0.553229,0.587028,-0.000637,-0.000854,5.506991,0.000014,-0.010093,-0.021596,-0.021880,3.141593
13035.0,0.546380,0.436278,0.007664,0.007365,5.506991,-0.000086,0.008592,-0.022459,-0.022810,3.141593
13040.0,0.529636,0.569585,0.001023,0.001704,5.506224,0.000000,0.004705,-0.022276,-0.022810,3.141593
13045.0,0.503386,0.476438,0.002160,0.001704,5.506224,0.000129,-0.014396,-0.021367,-0.021397,3.141593
13050.0,0.500457,0.380211,0.008651,0.008112,5.506224,0.000072,-0.008743,-0.021594,-0.020949,3.141593
13055.0,0.487819,0.590804,-0.000749,0.000752,5.505841,-0.000057,0.006776,-0.022324,-0.021397,3.141593
13060.0,0.471375,0.595574,-0.001944,-0.001796,5.505457,0.000014,0.006828,-0.022320,-0.021880,3.141593
13065.0,0.456297,0.394021,0.006253,0.007262,5.505457,0.000014,-0.007647,-0.021670,-0.022810,3.141593
13070.0,0.454677,0.368910,0.009598,0.008961,5.505457,0.000000,0.010054,-0.022443,-0.022810,3.141593
13075.0,0.436013,0.466988,0.003546,0.003301,5.505074,-0.000057,0.018447,-0.022839,-0.022327,3.141593
13080.0,0.432115,0.345719,0.010536,0.010471,5.504690,-0.000029,-0.005914,-0.021762,-0.021880,3.141593
13085.0,0.411623,0.413657,0.005257,0.004903,5.504690,-0.000057,-0.001053,-0.021996,-0.021880,3.141593
13090.0,0.390877,0.424143,0.002385,0.001693,5.504307,-0.000100,0.014115,-0.022708,-0.021397,3.141593
13095.0,0.368335,0.399295,0.000554,0.000759,5.503923,0.000014,-0.017758,-0.021301,-0.021397,3.141593
13100.0,0.364333,0.275847,0.007242,0.006505,5.503923,0.000086,-0.011110,-0.021557,-0.022810,3.141593
13105.0,0.351645,0.466956,-0.002073,-0.001605,5.503540,0.000029,0.015325,-0.022701,-0.021397,3.141593
13110.0,0.341978,0.285802,0.005777,0.005660,5.503156,-0.000057,-0.010863,-0.021576,-0.021397,3.141593
13115.0,0.321039,0.311864,0.001756,0.002367,5.503156,0.000014,0.000860,-0.022091,-0.021880,3.141593
13120.0,0.318693,0.236232,0.006423,0.005742,5.503156,-0.000014,-0.000382,-0.022047,-0.022810,3.141593
13125.0,0.318303,0.246752,0.007685,0.008027,5.503156,0.000014,-0.007847,-0.021697,-0.021880,3.141593
13130.0,0.305943,0.427039,-0.001341,0.000000,5.502773,0.000014,-0.001994,-0.021954,-0.022810,3.141593
13135.0,0.296456,0.247972,0.006193,0.005660,5.502773,0.000029,-0.006293,-0.021736,-0.020466,3.141593
13140.0,0.295637,0.237396,0.008170,0.008872,5.502773,-0.000043,-0.009451,-0.021640,-0.021880,3.141593
13145.0,0.288566,0.433318,-0.000476,0.000000,5.502389,-0.000029,0.003667,-0.022215,-0.021880,3.141593
13150.0,0.274304,0.246919,0.006184,0.005660,5.502389,0.000014,-0.005371,-0.021803,-0.021880,3.141593
13155.0,0.256981,0.360819,-0.001279,-0.000840,5.502006,0.000086,-0.019056,-0.021165,-0.020466,3.141593
13160.0,0.250751,0.206281,0.005637,0.004894,5.502006,-0.000014,-0.010505,-0.021559,-0.021880,3.141593
13165.0,0.250196,0.195855,0.007409,0.007341,5.502006,-0.000014,0.010869,-0.022507,-0.022810,3.141593
13170.0,0.231600,0.297527,0.000048,0.000000,5.501622,-0.000014,0.025393,-0.023152,-0.023740,3.141593
13175.0,0.227830,0.172994,0.006054,0.006428,5.501622,-0.000186,0.001259,-0.022172,-0.022327,3.141593
13180.0,0.227419,0.167717,0.007497,0.007267,5.501622,0.000000,-0.013883,-0.021473,-0.021880,3.141593
13185.0,0.227387,0.173754,0.008521,0.008106,5.501622,0.000000,-0.001447,-0.022008,-0.022327,3.141593
13190.0,0.220335,0.383347,-0.001122,-0.000138,5.501239,-0.000057,0.010226,-0.022542,-0.022810,3.141593
13195.0,0.199302,0.392546,-0.005096,-0.005660,5.500855,0.000014,-0.002697,-0.021957,-0.022327,3.141593
13200.0,0.183781,0.185414,0.001699,0.001608,5.500855,0.000114,-0.000973,-0.021971,-0.021880,3.141593
13205.0,0.182247,0.126927,0.005007,0.004823,5.500855,0.000000,0.006501,-0.022319,-0.021397,3.141593
13210.0,0.182058,0.139527,0.005447,0.005593,5.500855,0.000043,-0.001274,-0.021958,-0.021880,3.141593
13215.0,0.181911,0.146381,0.006145,0.005660,5.500855,0.000086,-0.013546,-0.021387,-0.021880,3.141593
13220.0,0.181897,0.143961,0.007287,0.007267,5.500855,-0.000014,0.019968,-0.022883,-0.022810,3.141593
13225.0,0.181818,0.150028,0.008034,0.008103,5.500472,-0.000029,0.011993,-0.022545,-0.022810,3.141593
13230.0,0.145744,0.341169,-0.007712,-0.006494,5.500088,0.000029,-0.000992,-0.021950,-0.022810,3.141593
13235.0,0.137511,0.110888,0.001484,0.001608,5.500088,-0.000014,0.023687,-0.023045,-0.022810,3.141593
13240.0,0.136836,0.082488,0.003389,0.003216,5.500088,-0.000100,-0.003207,-0.021906,-0.021880,3.141593
13245.0,0.136678,0.091789,0.003728,0.003278,5.500088,-0.000086,0.005927,-0.022330,-0.022810,3.141593
13250.0,0.136467,0.098271,0.004172,0.003278,5.500088,-0.000014,0.002073,-0.022151,-0.023293,3.141593
13255.0,0.136528,0.101863,0.004809,0.004824,5.500088,0.000014,-0.006592,-0.021749,-0.022327,3.141593
13260.0,0.136456,0.108757,0.005265,0.004886,5.500088,0.000043,-0.006891,-0.021721,-0.021880,3.141593
13265.0,0.136435,0.094574,0.006672,0.006433,5.500088,-0.000072,0.010653,-0.022539,-0.022327,3.141593
13270.0,0.136331,0.103646,0.007020,0.006556,5.500088,0.000014,-0.000956,-0.022010,-0.021397,3.141593
13275.0,0.120245,0.266536,-0.003134,-0.001665,5.499321,-0.000057,0.008974,-0.022482,-0.022810,3.141593
13280.0,0.094357,0.133932,-0.002496,-0.002441,5.499321,0.000057,-0.001355,-0.021992,-0.021880,3.141593
13285.0,0.091610,0.048843,0.001211,0.000833,5.499321,0.000014,0.015178,-0.022713,-0.022774,3.141593
13290.0,0.091345,0.055951,0.001365,0.001609,5.499321,0.000014,-0.000472,-0.022007,-0.020949,3.141593
13295.0,0.091242,0.057150,0.001816,0.000833,5.499321,-0.000100,0.014686,-0.022735,-0.022810,3.141593
13300.0,0.091181,0.068190,0.001836,0.001665,5.499321,0.000029,-0.020738,-0.021145,-0.020949,3.141593
13305.0,0.091102,0.061135,0.002656,0.002441,5.499321,-0.000057,0.005112,-0.022310,-0.022810,3.141593
13310.0,0.091041,0.075575,0.002520,0.003217,5.499321,-0.000029,0.008388,-0.022451,-0.022810,3.141593
13315.0,0.091023,0.066587,0.003435,0.003217,5.499321,0.000029,-0.010038,-0.021620,-0.020949,3.141593
13320.0,0.091009,0.077990,0.003443,0.003217,5.499321,-0.000086,0.028024,-0.023346,-0.023740,3.141593
13325.0,0.090923,0.067872,0.004391,0.004826,5.499321,0.000029,0.007920,-0.022436,-0.021397,3.141593
13330.0,0.090913,0.075296,0.004574,0.004050,5.499321,-0.000057,-0.002755,-0.022017,-0.021397,3.141593
13335.0,0.090920,0.076889,0.005022,0.004883,5.499321,0.000086,-0.009809,-0.021662,-0.021880,3.141593
13340.0,0.090902,0.082915,0.005265,0.004883,5.499321,0.000100,-0.001509,-0.021985,-0.022327,3.141593
13345.0,0.090841,0.089676,0.005463,0.005659,5.499321,-0.000014,0.005292,-0.022300,-0.022810,3.141593
13350.0,0.072337,0.167113,-0.001712,-0.001609,5.498938,0.000014,-0.010502,-0.021586,-0.021880,3.141593
13355.0,0.050229,0.143936,-0.005334,-0.004828,5.498554,0.000029,-0.009768,-0.021600,-0.020949,3.141593
13360.0,0.046188,0.018028,-0.000363,-0.000830,5.498554,-0.000057,-0.005473,-0.021821,-0.021880,3.141593
13365.0,0.045834,0.016455,-0.000101,0.000000,5.498554,-0.000072,0.024977,-0.023199,-0.023740,3.141593
13370.0,0.061802,-0.124437,0.010090,0.009708,5.498938,0.000014,-0.003782,-0.021921,-0.021397,3.141593
13375.0,0.067677,0.035856,0.004656,0.004827,5.498938,-0.000086,0.004419,-0.022322,-0.022327,3.141593
13380.0,0.068125,0.056016,0.004245,0.004050,5.498938,0.000072,-0.007918,-0.021733,-0.021880,3.141593
13385.0,0.068071,0.066791,0.004137,0.003995,5.498938,0.000014,-0.011432,-0.021581,-0.021880,3.141593
13390.0,0.068132,0.062063,0.004747,0.004881,5.498938,0.000100,-0.020107,-0.021161,-0.020949,3.141593
13395.0,0.068117,0.056449,0.005377,0.006436,5.498938,0.000057,0.003147,-0.022183,-0.021397,3.141593
13400.0,0.055836,0.257296,-0.005979,-0.004879,5.498554,0.000029,0.003932,-0.022213,-0.021880,3.141593
13405.0,0.046452,0.060368,0.000946,0.000830,5.498554,0.000072,-0.018994,-0.021183,-0.020019,3.141593
13410.0,0.045726,0.030836,0.002366,0.002440,5.498554,-0.000043,0.001651,-0.022128,-0.022327,3.141593
13415.0,0.045598,0.039478,0.002214,0.001609,5.498554,-0.000014,0.016356,-0.022776,-0.022327,3.141593
13420.0,0.045590,0.033669,0.002734,0.001661,5.498554,-0.000043,0.006261,-0.022352,-0.022810,3.141593
13425.0,0.045544,0.038791,0.002755,0.003218,5.498554,-0.000014,0.003121,-0.022213,-0.022327,3.141593
13430.0,0.045555,0.035163,0.003180,0.003218,5.498554,-0.000014,0.001663,-0.022146,-0.022327,3.141593
13435.0,0.045547,0.031724,0.003592,0.003218,5.498554,0.000000,-0.000798,-0.022030,-0.022810,3.141593
13440.0,0.045497,0.035842,0.003656,0.003218,5.498554,-0.000014,0.005711,-0.022312,-0.022810,3.141593
13445.0,0.045508,0.037519,0.003843,0.004049,5.498554,-0.000029,0.010947,-0.022546,-0.022327,3.141593
13450.0,0.045458,0.033525,0.004268,0.003997,5.498554,-0.000057,-0.000708,-0.022051,-0.020949,3.141593
13455.0,0.045472,0.051045,0.003749,0.003997,5.498554,-0.000014,-0.007004,-0.021777,-0.021880,3.141593
13460.0,0.045415,0.047484,0.004151,0.004101,5.498554,0.000000,-0.018499,-0.021265,-0.020949,3.141593
13465.0,0.045455,0.041361,0.004690,0.004828,5.498554,0.000114,-0.012672,-0.021482,-0.020949,3.141593
13470.0,0.045426,0.039824,0.005008,0.004828,5.498554,0.000086,-0.007967,-0.021665,-0.021397,3.141593
13475.0,0.045455,0.036404,0.005424,0.005658,5.498554,0.000029,0.015900,-0.022731,-0.022810,3.141593
13480.0,0.045490,0.039197,0.005565,0.005658,5.498554,-0.000014,0.014456,-0.022682,-0.022810,3.141593
13485.0,0.045404,0.038515,0.005832,0.004879,5.498554,-0.000014,-0.005880,-0.021809,-0.021880,3.141593
13490.0,0.045497,0.045460,0.005803,0.006437,5.498554,0.000114,-0.011551,-0.021509,-0.020949,3.141593
13495.0,0.045404,0.046860,0.005974,0.005658,5.498554,-0.000029,-0.006134,-0.021793,-0.021397,3.141593
13500.0,0.026951,0.136894,-0.002006,-0.000879,5.498171,0.000057,-0.007039,-0.021723,-0.020949,3.141593
13505.0,0.023292,0.014303,0.002766,0.003219,5.498171,-0.000029,-0.011001,-0.021583,-0.022810,3.141593
13510.0,0.023060,0.016789,0.002740,0.002439,5.498171,0.000014,-0.001797,-0.021961,-0.021880,3.141593
13515.0,0.022906,0.020619,0.002667,0.002439,5.498171,-0.000086,0.002253,-0.022177,-0.022327,3.141593
13520.0,0.022867,0.016726,0.002964,0.003219,5.498171,0.000029,-0.000914,-0.022015,-0.022363,3.141593
13525.0,0.022849,0.005188,0.003606,0.003219,5.498171,-0.000043,0.008980,-0.022486,-0.022327,3.141593
13530.0,0.022881,0.015752,0.003277,0.003219,5.498171,0.000100,-0.016077,-0.021336,-0.021880,3.141593
13535.0,0.022856,0.020230,0.003204,0.003219,5.498171,0.000043,-0.006289,-0.021753,-0.021397,3.141593
13540.0,0.022874,0.004028,0.004062,0.004048,5.498171,0.000014,0.001490,-0.022097,-0.021880,3.141593
13545.0,0.022860,0.019016,0.003522,0.003268,5.498171,-0.000057,-0.002141,-0.021964,-0.022327,3.141593
13550.0,0.022874,0.017374,0.003731,0.003999,5.498171,-0.000072,0.008979,-0.022476,-0.022810,3.141593
13555.0,0.022820,0.015356,0.003938,0.003999,5.498171,0.000014,-0.009155,-0.021660,-0.021880,3.141593
13560.0,0.022852,0.020807,0.003833,0.004048,5.498171,-0.000129,0.009663,-0.022539,-0.023257,3.141593
13565.0,0.022813,0.004239,0.004692,0.004828,5.498171,-0.000014,-0.013770,-0.021500,-0.021880,3.141593
13570.0,0.022810,0.018346,0.004191,0.004048,5.498171,0.000057,0.007273,-0.022396,-0.023740,3.141593
13575.0,0.022742,0.023121,0.004090,0.003999,5.498171,0.000029,-0.000646,-0.022040,-0.022327,3.141593
13580.0,0.022731,0.014930,0.004582,0.004828,5.498171,0.000014,-0.001405,-0.022002,-0.021880,3.141593
13585.0,0.022770,0.023732,0.004327,0.004828,5.498171,0.000086,-0.015845,-0.021333,-0.020949,3.141593
13590.0,0.022781,0.024852,0.004407,0.004828,5.498171,-0.000014,0.007678,-0.022390,-0.022810,3.141593
13595.0,0.022810,0.004722,0.005440,0.004828,5.498171,0.000014,0.000995,-0.022083,-0.022327,3.141593
13600.0,0.022774,0.029883,0.004439,0.004828,5.498171,0.000057,0.015782,-0.022693,-0.022810,3.141593
13605.0,0.022767,0.015018,0.005228,0.005658,5.498171,0.000000,0.004162,-0.022186,-0.021880,3.141593
13610.0,0.022774,0.031597,0.004619,0.004927,5.498171,0.000000,-0.002040,-0.021924,-0.021880,3.141593
13615.0,0.022774,0.027931,0.004912,0.005658,5.498171,0.000057,0.000905,-0.022038,-0.021397,3.141593
13620.0,0.022763,0.027613,0.005052,0.004828,5.498171,-0.000029,0.009704,-0.022460,-0.022810,3.141593
13625.0,0.022670,0.023853,0.005323,0.004878,5.498171,-0.000057,-0.005537,-0.021804,-0.022810,3.141593
13630.0,0.022817,0.004320,0.006358,0.006438,5.498171,0.000100,-0.007627,-0.021642,-0.021397,3.141593
13635.0,0.006795,0.167542,-0.004439,-0.004001,5.497787,-0.000057,-0.004294,-0.021826,-0.021880,3.141593
13640.0,0.000819,0.006173,0.001414,0.000875,5.497787,-0.000072,0.002463,-0.022150,-0.022327,3.141593
13645.0,0.000343,-0.007298,0.001916,0.002391,5.497787,0.000000,0.002536,-0.022138,-0.022327,3.141593
13650.0,0.000322,-0.013215,0.002182,0.002438,5.497787,-0.000014,0.004240,-0.022211,-0.021880,3.141593
13655.0,0.000250,-0.015746,0.002284,0.002391,5.497787,-0.000114,0.009877,-0.022504,-0.021397,3.141593
13660.0,0.000261,-0.013754,0.002203,0.002391,5.497787,-0.000014,-0.004699,-0.021872,-0.021880,3.141593
13665.0,0.000143,-0.001170,0.001617,0.001610,5.497787,0.000100,-0.018461,-0.021213,-0.020466,3.141593
13670.0,0.000175,-0.022768,0.002591,0.003219,5.497787,0.000086,0.000831,-0.022045,-0.023740,3.141593
13675.0,0.000250,-0.002674,0.001718,0.002391,5.497787,-0.000014,0.022346,-0.023005,-0.022774,3.141593
13680.0,0.000190,-0.017457,0.002364,0.002438,5.497787,0.000029,-0.013552,-0.021409,-0.021880,3.141593
13685.0,0.000190,-0.017863,0.002386,0.003173,5.497787,-0.000029,0.006561,-0.022298,-0.022810,3.141593
13690.0,0.000139,0.006182,0.001306,0.001610,5.497787,0.000014,-0.005045,-0.021765,-0.020949,3.141593
13695.0,0.000229,-0.004039,0.001786,0.001656,5.497787,-0.000057,-0.005234,-0.021782,-0.022810,3.141593
13700.0,0.000143,0.002041,0.001498,0.001610,5.497787,0.000014,-0.000451,-0.021964,-0.021397,3.141593
13705.0,0.000211,-0.003861,0.001781,0.002344,5.497787,0.000043,0.001877,-0.022061,-0.021880,3.141593
13710.0,0.000236,-0.006547,0.001910,0.002391,5.497787,-0.000086,0.002366,-0.022123,-0.022327,3.141593
13715.0,0.000157,-0.009128,0.002009,0.001610,5.497787,0.000114,-0.017032,-0.021208,-0.020949,3.141593
13720.0,0.000111,0.000639,0.001565,0.001610,5.497787,0.000000,-0.004588,-0.021774,-0.020949,3.141593
13725.0,0.000125,-0.002703,0.001716,0.001656,5.497787,-0.000014,-0.004470,-0.021796,-0.022810,3.141593
13730.0,0.000068,0.007994,0.001227,0.001610,5.497787,-0.000043,-0.001769,-0.021919,-0.022810,3.141593
13735.0,0.000143,0.003661,0.001438,0.001610,5.497787,-0.000014,0.001071,-0.022035,-0.021880,3.141593
13740.0,0.000122,-0.009620,0.002026,0.001610,5.497787,-0.000014,-0.006775,-0.021695,-0.020913,3.141593
13745.0,0.000132,-0.007811,0.001949,0.002438,5.497787,0.000014,-0.007934,-0.021650,-0.020466,3.141593
13750.0,0.000068,0.002132,0.001491,0.001610,5.497787,0.000014,-0.008328,-0.021634,-0.021397,3.141593
13755.0,0.000089,-0.001120,0.001642,0.001610,5.497787,-0.000086,0.017635,-0.022830,-0.022327,3.141593
13760.0,0.000122,-0.002572,0.001717,0.001610,5.497787,0.000072,-0.006484,-0.021723,-0.021880,3.141593
13765.0,0.000125,-0.000910,0.001644,0.001610,5.497787,0.000100,-0.018224,-0.021172,-0.021880,3.141593
13770.0,0.000111,-0.000756,0.001636,0.000828,5.497787,0.000014,-0.006446,-0.021689,-0.021397,3.141593
13775.0,0.000161,-0.007068,0.001933,0.002391,5.497787,-0.000043,0.009032,-0.022401,-0.022810,3.141593
13780.0,0.000093,-0.004849,0.001820,0.000828,5.497787,0.000129,-0.015175,-0.021252,-0.021397,3.141593
13785.0,0.000043,-0.003947,0.001766,0.001610,5.497787,0.000014,0.007276,-0.022247,-0.022327,3.141593
13790.0,0.000129,-0.002161,0.001708,0.001610,5.497787,-0.000072,0.016970,-0.022716,-0.021397,3.141593
13795.0,0.000075,0.001377,0.001540,0.001610,5.497787,0.000072,-0.005304,-0.021711,-0.022810,3.141593
13800.0,0.000075,0.001958,0.001511,0.001610,5.497787,0.000014,0.008805,-0.022329,-0.021880,3.141593
13805.0,0.000072,0.001792,0.001515,0.001610,5.497787,-0.000057,0.016897,-0.022721,-0.022327,3.141593
13810.0,0.000075,0.001038,0.001549,0.001610,5.497787,0.000029,-0.004844,-0.021746,-0.021880,3.141593
13815.0,0.000086,0.000147,0.001592,0.001610,5.497787,0.000086,0.006496,-0.022226,-0.022810,3.141593
13820.0,0.000093,-0.000288,0.001614,0.001610,5.497787,-0.000086,0.008574,-0.022360,-0.022810,3.141593
13825.0,0.000107,0.015120,0.000932,0.000828,5.497787,-0.000029,0.009413,-0.022388,-0.021397,3.141593
13830.0,0.000086,0.002584,0.001487,0.001610,5.497787,-0.000086,-0.009817,-0.021586,-0.021880,3.141593
13835.0,0.000175,-0.006244,0.001905,0.002391,5.497787,0.000014,-0.011849,-0.021476,-0.020466,3.141593
13840.0,0.000043,0.005508,0.001349,0.001610,5.497787,0.000014,-0.007556,-0.021678,-0.021880,3.141593
13845.0,0.000150,-0.005332,0.001859,0.002391,5.497787,0.000000,-0.001731,-0.021937,-0.021397,3.141593
13850.0,0.000125,-0.003912,0.001791,0.001610,5.497787,-0.000114,0.022692,-0.023073,-0.023740,3.141593
13855.0,0.000125,-0.000314,0.001632,0.001610,5.497787,0.000000,-0.012164,-0.021517,-0.020019,3.141593
13860.0,0.000043,0.001927,0.001511,0.001610,5.497787,-0.000014,-0.012505,-0.021522,-0.021880,3.141593
13865.0,0.000072,0.001153,0.001550,0.001610,5.497787,0.000086,-0.000452,-0.022021,-0.021880,3.141593
13870.0,0.000082,0.000617,0.001576,0.001610,5.497787,-0.000029,-0.004325,-0.021876,-0.021844,3.141593
13875.0,0.000086,0.000087,0.001602,0.001610,5.497787,-0.000014,0.006486,-0.022358,-0.021844,3.141593
13880.0,0.000093,-0.000205,0.001618,0.000828,5.497787,0.000057,-0.004295,-0.021860,-0.021880,3.141593
13885.0,0.000093,0.001740,0.001534,0.001610,5.497787,-0.000086,-0.000507,-0.022068,-0.022327,3.141593
13890.0,0.000079,0.001041,0.001561,0.001656,5.497787,-0.000014,0.009056,-0.022482,-0.022327,3.141593
13895.0,0.000079,0.000306,0.001596,0.001610,5.497787,0.000029,-0.008046,-0.021701,-0.022810,3.141593
13900.0,0.000097,-0.000783,0.001650,0.001610,5.497787,0.000029,0.007532,-0.022369,-0.022327,3.141593
13905.0,0.000100,-0.000472,0.001638,0.001610,5.497787,0.000100,-0.004922,-0.021778,-0.022810,3.141593
13910.0,0.000143,0.000092,0.001626,0.001610,5.497787,-0.000114,0.004175,-0.022233,-0.022810,3.141593
13915.0,0.000093,0.001670,0.001545,0.001656,5.497787,0.000014,-0.005722,-0.021771,-0.021880,3.141593
13920.0,0.000150,-0.004399,0.001834,0.001610,5.497787,-0.000014,0.000249,-0.022039,-0.020466,3.141593
13925.0,0.000054,0.011211,0.001116,0.001610,5.497787,-0.000057,-0.006376,-0.021789,-0.022810,3.141593
13930.0,0.000093,0.000266,0.001613,0.001610,5.497787,0.000043,-0.000285,-0.022026,-0.022810,3.141593
13935.0,0.000068,0.001827,0.001537,0.000047,5.497787,-0.000086,0.017812,-0.022873,-0.023740,3.141593
13940.0,0.000132,0.007746,0.001290,0.001610,5.497787,-0.000043,-0.018640,-0.021268,-0.021397,3.141593
13945.0,0.000032,0.007122,0.001293,0.001610,5.497787,-0.000057,0.002751,-0.022239,-0.021880,3.141593
13950.0,0.000129,-0.004758,0.001846,0.001703,5.497787,0.000000,-0.004236,-0.021918,-0.022810,3.141593
13955.0,0.000057,0.010450,0.001151,0.000828,5.497787,0.000072,-0.012931,-0.021491,-0.021397,3.141593
13960.0,0.000079,-0.002073,0.001715,0.001610,5.497787,0.000057,0.001516,-0.022118,-0.021880,3.141593
13965.0,0.000107,-0.000444,0.001649,0.000828,5.497787,0.000029,-0.001096,-0.022012,-0.021880,3.141593
13970.0,0.000061,0.002558,0.001506,0.001610,5.497787,0.000029,0.003876,-0.022224,-0.019983,3.141593
13975.0,0.000057,0.002094,0.001525,0.001610,5.497787,0.000014,-0.016835,-0.021330,-0.019536,3.141593
13980.0,0.000089,0.001875,0.001542,0.000875,5.497787,0.000014,-0.006700,-0.021787,-0.021880,3.141593
13985.0,0.000072,-0.009809,0.002058,0.001610,5.497787,-0.000043,0.011101,-0.022599,-0.021880,3.141593
13990.0,0.000079,-0.010135,0.002074,0.001656,5.497787,0.000057,-0.010005,-0.021644,-0.022810,3.141593
13995.0,0.000043,0.002168,0.001518,0.001610,5.497787,0.000014,0.005489,-0.022316,-0.022810,3.141593
14000.0,0.000082,-0.000663,0.001653,0.001656,5.497787,0.000014,-0.009550,-0.021641,-0.022810,3.141593
14005.0,0.000104,-0.001368,0.001691,0.001610,5.497787,0.000000,0.005952,-0.022316,-0.022327,3.141593
14010.0,0.000125,0.000485,0.001616,0.001610,5.497787,0.000029,-0.000588,-0.022012,-0.022810,3.141593
14015.0,0.000093,0.000526,0.001607,0.001610,5.497787,-0.000014,0.014865,-0.022705,-0.022810,3.141593
14020.0,0.000093,-0.000035,0.001633,0.000828,5.497787,-0.000043,0.006052,-0.022325,-0.022810,3.141593
14025.0,0.000118,0.001595,0.001567,0.001610,5.497787,0.000000,0.017824,-0.022852,-0.022810,3.141593
14030.0,0.000072,0.001709,0.001552,0.001610,5.497787,0.000000,-0.006121,-0.021801,-0.021880,3.141593
14035.0,0.000082,0.000091,0.001626,0.001610,5.497787,-0.000129,0.025856,-0.023264,-0.023257,3.141593
14040.0,0.000100,-0.000904,0.001676,0.001610,5.497787,0.000014,-0.011766,-0.021593,-0.020466,3.141593
14045.0,0.000118,0.001232,0.001587,0.001610,5.497787,0.000029,-0.008898,-0.021717,-0.022810,3.141593
14050.0,0.000086,0.001219,0.001579,0.001610,5.497787,0.000072,0.000319,-0.022082,-0.021844,3.141593
14055.0,0.000082,0.000274,0.001621,0.001610,5.497787,-0.000014,0.015001,-0.022745,-0.022327,3.141593
14060.0,0.000111,0.001019,0.001596,0.001610,5.497787,0.000057,-0.010253,-0.021619,-0.022810,3.141593
14065.0,0.000093,0.015470,0.000949,0.000828,5.497787,0.000072,0.002407,-0.022141,-0.022810,3.141593
14070.0,0.000057,0.001355,0.001570,0.001610,5.497787,0.000000,0.012706,-0.022599,-0.021880,3.141593
14075.0,0.000111,-0.010715,0.002120,0.002438,5.497787,-0.000014,0.002967,-0.022185,-0.022327,3.141593
14080.0,0.000082,0.001299,0.001579,0.000828,5.497787,-0.000014,0.003098,-0.022194,-0.022810,3.141593
14085.0,0.000093,0.000744,0.001609,0.001610,5.497787,-0.000086,0.016147,-0.022807,-0.023293,3.141593
14090.0,0.000068,0.011523,0.001121,0.001610,5.497787,-0.000086,-0.003693,-0.021943,-0.021880,3.141593
14095.0,0.000097,-0.000863,0.001680,0.001610,5.497787,0.000057,0.002856,-0.022196,-0.021880,3.141593
14100.0,0.000118,-0.012083,0.002187,0.001610,5.497787,0.000000,-0.016363,-0.021378,-0.021880,3.141593
14105.0,0.000100,0.002760,0.001523,0.001610,5.497787,0.000057,0.000773,-0.022099,-0.021397,3.141593
14110.0,0.000089,0.005159,0.001414,0.001610,5.497787,0.000086,-0.005314,-0.021809,-0.021397,3.141593
14115.0,0.000050,0.002300,0.001531,0.001610,5.497787,0.000072,-0.001154,-0.021975,-0.021880,3.141593
14120.0,0.000114,0.003083,0.001512,0.001610,5.497787,-0.000014,0.001247,-0.022096,-0.020913,3.141593
14125.0,0.000132,-0.008246,0.002023,0.001656,5.497787,0.000029,-0.004357,-0.021833,-0.021397,3.141593
14130.0,0.000061,-0.007480,0.001972,0.002391,5.497787,-0.000014,-0.010941,-0.021557,-0.020949,3.141593
14135.0,0.000165,-0.006026,0.001934,0.002391,5.497787,-0.000057,0.001697,-0.022139,-0.022327,3.141593
14140.0,0.000061,-0.005955,0.001906,0.000828,5.497787,0.000014,-0.004474,-0.021842,-0.022810,3.141593
14145.0,0.000136,-0.002755,0.001782,0.001610,5.497787,-0.000014,-0.011847,-0.021517,-0.020466,3.141593
14150.0,0.000086,-0.000750,0.001682,0.001656,5.497787,0.000057,-0.004558,-0.021822,-0.021880,3.141593
14155.0,0.000082,0.001536,0.001579,0.001610,5.497787,-0.000157,0.007264,-0.022418,-0.022810,3.141593
14160.0,0.000075,-0.009942,0.002090,0.002391,5.497787,-0.000057,0.000313,-0.022119,-0.021880,3.141593
14165.0,0.000100,0.002948,0.001522,0.001610,5.497787,0.000072,-0.023203,-0.021034,-0.020949,3.141593
14170.0,0.000064,0.002224,0.001545,0.001610,5.497787,0.000157,0.003956,-0.022178,-0.021397,3.141593
14175.0,0.000186,0.004122,0.001491,0.000875,5.497787,0.000043,-0.014644,-0.021365,-0.020949,3.141593
14180.0,0.000143,-0.000357,0.001683,0.001610,5.497787,0.000057,0.003383,-0.022150,-0.021397,3.141593
14185.0,0.000054,0.002286,0.001543,0.001610,5.497787,0.000014,0.005746,-0.022267,-0.021880,3.141593
14190.0,0.000057,0.002377,0.001538,0.001610,5.497787,-0.000014,0.003077,-0.022177,-0.022810,3.141593
14195.0,0.000057,0.002349,0.001539,0.001610,5.497787,-0.000100,0.002719,-0.022186,-0.022363,3.141593
14200.0,0.000100,-0.011227,0.002155,0.001656,5.497787,0.000029,-0.006593,-0.021749,-0.021397,3.141593
14205.0,0.000089,0.002804,0.001528,0.000047,5.497787,0.000172,-0.000287,-0.021961,-0.020019,3.141593
14210.0,0.000114,-0.004760,0.001873,0.001610,5.497787,0.000029,-0.011296,-0.021492,-0.021880,3.141593
14215.0,0.000125,-0.000168,0.001672,0.001610,5.497787,0.000086,-0.003614,-0.021792,-0.021433,3.141593
14220.0,0.000068,0.002853,0.001523,0.001610,5.497787,0.000029,-0.004302,-0.021765,-0.021433,3.141593
14225.0,0.000057,0.002834,0.001519,0.001610,5.497787,-0.000014,-0.000526,-0.021956,-0.021880,3.141593
14230.0,0.000057,0.001716,0.001568,0.001656,5.497787,-0.000014,-0.019955,-0.021105,-0.020949,3.141593
14235.0,0.000072,0.000659,0.001618,0.001610,5.497787,-0.000029,0.004873,-0.022213,-0.022327,3.141593
14240.0,0.000093,-0.000574,0.001679,0.001656,5.497787,0.000000,0.000326,-0.022007,-0.021397,3.141593
14245.0,0.000086,-0.001981,0.001741,0.001610,5.497787,-0.000014,-0.004810,-0.021791,-0.022810,3.141593
14250.0,0.000097,0.009344,0.001240,0.000828,5.497787,-0.000014,0.007219,-0.022310,-0.021397,3.141593
14255.0,0.000100,0.008785,0.001267,0.001610,5.497787,0.000014,-0.012805,-0.021423,-0.022810,3.141593
14260.0,0.000018,0.003552,0.001479,0.001610,5.497787,-0.000014,0.008797,-0.022368,-0.023257,3.141593
14265.0,0.000082,-0.002113,0.001747,0.001610,5.497787,-0.000014,0.004047,-0.022163,-0.022327,3.141593
14270.0,0.000046,0.005425,0.001400,0.000828,5.497787,-0.000043,0.006790,-0.022296,-0.023740,3.141593
14275.0,0.000157,0.004825,0.001454,0.001610,5.497787,-0.000086,-0.001405,-0.021962,-0.021880,3.141593
14280.0,0.000072,0.001173,0.001596,0.001610,5.497787,0.000000,-0.002302,-0.021914,-0.020949,3.141593
14285.0,0.000107,-0.001911,0.001741,0.000828,5.497787,-0.000014,0.004869,-0.022241,-0.022810,3.141593
14290.0,0.000150,-0.001616,0.001743,0.002485,5.497787,0.000000,-0.009931,-0.021582,-0.021880,3.141593
14295.0,0.000043,-0.003546,0.001803,0.001610,5.497787,-0.000057,0.019521,-0.022903,-0.022810,3.141593
14300.0,0.000129,0.006853,0.001360,0.002344,5.497787,0.000086,-0.017524,-0.021219,-0.021880,3.141593
14305.0,0.000061,0.000073,0.001644,0.001610,5.497787,0.000100,0.012310,-0.022497,-0.022810,3.141593
14310.0,0.000093,0.008337,0.001283,0.001610,5.497787,-0.000086,-0.000509,-0.021982,-0.022327,3.141593
14315.0,0.000050,0.000670,0.001613,0.001610,5.497787,-0.000057,0.013652,-0.022619,-0.022327,3.141593
14320.0,0.000100,-0.004327,0.001848,0.001610,5.497787,-0.000029,-0.004156,-0.021844,-0.022810,3.141593
14325.0,0.000168,-0.004782,0.001886,0.001610,5.497787,0.000043,-0.000446,-0.021974,-0.021880,3.141593
14330.0,0.000061,0.002047,0.001557,0.001610,5.497787,-0.000057,0.001035,-0.022056,-0.022810,3.141593
14335.0,0.000097,0.010801,0.001175,0.001610,5.497787,0.000000,0.000695,-0.022035,-0.021880,3.141593
14340.0,0.000168,-0.007413,0.002006,0.002391,5.497787,0.000029,-0.013958,-0.021373,-0.021880,3.141593
14345.0,0.000079,0.001508,0.001588,0.001610,5.497787,0.000000,0.011275,-0.022493,-0.021397,3.141593
14350.0,0.000118,-0.013641,0.002274,0.002438,5.497787,-0.000172,-0.002813,-0.021955,-0.022810,3.141593
14355.0,0.000129,-0.001876,0.001753,0.001610,5.497787,-0.000029,0.016363,-0.022783,-0.022810,3.141593
14360.0,0.000107,0.009582,0.001239,0.001610,5.497787,0.000057,0.015107,-0.022701,-0.022327,3.141593
14365.0,0.000061,0.006140,0.001382,0.001610,5.497787,0.000072,-0.006507,-0.021725,-0.021880,3.141593
14370.0,0.000125,-0.010258,0.002128,0.002391,5.497787,0.000057,0.004998,-0.022217,-0.021397,3.141593
14375.0,0.000075,-0.003948,0.001834,0.001610,5.497787,-0.000057,0.009683,-0.022471,-0.022810,3.141593
14380.0,0.000068,0.003774,0.001489,0.001610,5.497787,-0.000014,-0.000221,-0.022029,-0.021880,3.141593
14385.0,0.000093,-0.001408,0.001725,0.001563,5.497787,0.000014,-0.010219,-0.021575,-0.022810,3.141593
14390.0,0.000079,-0.007123,0.001977,0.002391,5.497787,0.000029,-0.000473,-0.021987,-0.020949,3.141593
14395.0,0.000114,-0.001195,0.001722,0.002438,5.497787,-0.000029,0.003278,-0.022183,-0.022810,3.141593
14400.0,0.000111,0.005927,0.001405,0.001563,5.497787,0.000086,0.006047,-0.022257,-0.022810,3.141593
14405.0,0.000157,0.002465,0.001572,0.002391,5.497787,0.000086,-0.004365,-0.021779,-0.021880,3.141593
14410.0,0.000093,-0.002255,0.001769,0.001610,5.497787,0.000014,0.005553,-0.022230,-0.021880,3.141593
14415.0,0.000150,-0.004930,0.001904,0.002438,5.497787,-0.000114,-0.014723,-0.021406,-0.021397,3.141593
14420.0,0.000054,0.002709,0.001539,0.001610,5.497787,0.000057,-0.000827,-0.021976,-0.021397,3.141593
14425.0,0.000107,-0.003007,0.001805,0.002391,5.497787,-0.000014,-0.001611,-0.021964,-0.021397,3.141593
14430.0,0.000129,-0.007919,0.002031,0.001656,5.497787,-0.000014,-0.003312,-0.021899,-0.021880,3.141593
14435.0,0.000057,0.000165,0.001655,0.001656,5.497787,0.000072,-0.011513,-0.021507,-0.021880,3.141593
14440.0,0.000122,-0.003440,0.001831,0.003173,5.497787,0.000000,-0.001659,-0.021937,-0.021880,3.141593
14445.0,0.000032,-0.002314,0.001756,0.001656,5.497787,-0.000057,-0.002671,-0.021911,-0.021397,3.141593
14450.0,0.000136,0.004350,0.001484,0.002391,5.497787,-0.000057,0.015926,-0.022755,-0.021880,3.141593
14455.0,0.000089,-0.001574,0.001739,0.001610,5.497787,-0.000014,0.005610,-0.022296,-0.022810,3.141593
14460.0,0.000079,0.005317,0.001431,0.001610,5.497787,0.000157,-0.005420,-0.021739,-0.021397,3.141593
14465.0,0.000086,-0.002827,0.001797,0.001610,5.497787,0.000014,0.007368,-0.022314,-0.023257,3.141593
14470.0,0.000125,-0.007788,0.002030,0.002391,5.497787,0.000014,0.004638,-0.022177,-0.022810,3.141593
14475.0,0.000093,-0.000946,0.001718,0.001656,5.497787,-0.000043,0.000154,-0.021996,-0.022810,3.141593
14480.0,0.000186,-0.003986,0.001878,0.002391,5.497787,-0.000114,0.006737,-0.022327,-0.022327,3.141593
14485.0,0.000068,0.004074,0.001491,0.001610,5.497787,-0.000100,0.008262,-0.022425,-0.022810,3.141593
14490.0,0.000086,-0.001770,0.001755,0.001656,5.497787,-0.000057,-0.004013,-0.021880,-0.022327,3.141593
14495.0,0.000139,-0.004348,0.001884,0.001610,5.497787,0.000029,0.002205,-0.022129,-0.021880,3.141593
14500.0,0.000093,0.006492,0.001391,0.001610,5.497787,0.000014,0.019590,-0.022884,-0.021844,3.141593
14505.0,0.000068,0.002010,0.001585,0.001610,5.497787,-0.000014,-0.021235,-0.021102,-0.021880,3.141593
14510.0,0.000061,0.009504,0.001250,0.000828,5.497787,0.000086,0.017779,-0.022782,-0.022810,3.141593
14515.0,0.000122,0.005805,0.001429,0.002391,5.497787,-0.000057,0.024734,-0.023134,-0.024671,3.141593
14520.0,0.000086,0.001365,0.001619,0.001610,5.497787,0.000072,-0.018615,-0.021175,-0.020466,3.141593
14525.0,0.000118,-0.002975,0.001820,0.001656,5.497787,-0.000057,0.019863,-0.022904,-0.022810,3.141593
14530.0,0.000061,0.005161,0.001445,0.001610,5.497787,-0.000057,0.007808,-0.022398,-0.022327,3.141593
14535.0,0.000079,-0.002001,0.001768,0.001610,5.497787,-0.000057,-0.005035,-0.021852,-0.022327,3.141593
14540.0,0.000111,0.005188,0.001456,0.001610,5.497787,-0.000014,-0.015536,-0.021372,-0.021880,3.141593
14545.0,0.000057,-0.000730,0.001707,0.001610,5.497787,0.000043,0.006705,-0.022334,-0.021880,3.141593
14550.0,0.000118,0.005925,0.001425,0.001610,5.497787,0.000000,-0.010704,-0.021574,-0.021880,3.141593
14555.0,0.000075,-0.000169,0.001686,0.001610,5.497787,-0.000029,0.009717,-0.022494,-0.022363,3.141593
14560.0,0.000114,0.006329,0.001407,0.001610,5.497787,-0.000029,0.005452,-0.022315,-0.021880,3.141593
14565.0,0.000075,-0.000364,0.001695,0.001610,5.497787,-0.000014,-0.008129,-0.021726,-0.021397,3.141593
14570.0,0.000136,-0.004319,0.001889,0.002391,5.497787,0.000043,-0.011632,-0.021558,-0.021880,3.141593
14575.0,0.000061,0.001293,0.001621,0.001610,5.497787,-0.000072,0.028882,-0.023385,-0.023257,3.141593
14580.0,0.000100,0.007033,0.001375,0.001610,5.497787,-0.000029,-0.003905,-0.021954,-0.021880,3.141593
14585.0,0.000075,-0.001665,0.001756,0.001610,5.497787,0.000043,0.000296,-0.022106,-0.021397,3.141593
14590.0,0.000050,0.013576,0.001071,0.000828,5.497787,-0.000014,-0.013531,-0.021513,-0.021880,3.141593
14595.0,0.000125,-0.006683,0.001994,0.001656,5.497787,-0.000043,0.010893,-0.022608,-0.023257,3.141593
14600.0,0.000072,-0.000987,0.001728,0.001610,5.497787,0.000086,-0.022039,-0.021105,-0.021880,3.141593
14605.0,0.000136,0.004842,0.001485,0.002391,5.497787,0.000057,-0.005522,-0.021813,-0.022810,3.141593
14610.0,0.000093,-0.006275,0.001970,0.002438,5.497787,0.000029,0.005329,-0.022263,-0.020466,3.141593
14615.0,0.000139,-0.001360,0.001762,0.001610,5.497787,-0.000086,0.005512,-0.022338,-0.023293,3.141593
14620.0,0.000050,0.004188,0.001494,0.001610,5.497787,-0.000029,0.023092,-0.023110,-0.023740,3.141593
14625.0,0.000118,-0.005286,0.001932,0.002391,5.497787,0.000072,-0.014133,-0.021425,-0.020466,3.141593
14630.0,0.000082,-0.003740,0.001854,0.002438,5.497787,-0.000014,-0.001370,-0.022014,-0.022810,3.141593
14635.0,0.000075,-0.004389,0.001879,0.001610,5.497787,-0.000014,0.005459,-0.022306,-0.021880,3.141593
14640.0,0.000057,-0.000882,0.001719,0.001610,5.497787,0.000057,-0.002195,-0.021941,-0.021397,3.141593
14645.0,0.000111,0.004094,0.001509,0.002391,5.497787,-0.000014,0.012928,-0.022626,-0.022810,3.141593
14650.0,0.000107,-0.020937,0.002624,0.003173,5.497787,0.000014,0.012836,-0.022611,-0.023740,3.141593
14655.0,0.000068,0.005213,0.001450,0.001610,5.497787,-0.000014,0.021916,-0.023011,-0.022327,3.141593
14660.0,0.000122,-0.006237,0.001973,0.001656,5.497787,0.000057,-0.006546,-0.021727,-0.021880,3.141593
14665.0,0.000046,0.008816,0.001285,0.000828,5.497787,-0.000014,0.009814,-0.022463,-0.020466,3.141593
14670.0,0.000161,0.000766,0.001674,0.002391,5.497787,-0.000057,-0.003816,-0.021909,-0.021397,3.141593
14675.0,0.000122,0.004277,0.001510,0.001610,5.497787,0.000000,-0.001036,-0.022033,-0.022810,3.141593
14680.0,0.000125,-0.004266,0.001892,0.001656,5.497787,-0.000043,0.012097,-0.022622,-0.023740,3.141593
14685.0,0.000100,-0.000923,0.001738,0.002391,5.497787,0.000014,0.025598,-0.023206,-0.023740,3.141593
14690.0,0.000061,-0.001296,0.001744,0.001610,5.497787,-0.000043,-0.002101,-0.022012,-0.021397,3.141593
14695.0,0.000179,-0.008933,0.002114,0.001656,5.497787,0.000000,-0.000967,-0.022068,-0.020949,3.141593
14700.0,0.000089,-0.000407,0.001715,0.001610,5.497787,0.000043,0.004294,-0.022282,-0.022810,3.141593
14705.0,0.000046,0.001407,0.001624,0.001610,5.497787,0.000043,-0.017070,-0.021315,-0.021880,3.141593
14710.0,0.000114,0.004945,0.001482,0.001656,5.497787,0.000072,0.010336,-0.022479,-0.023257,3.141593
14715.0,0.000107,-0.003662,0.001863,0.001610,5.497787,-0.000057,0.004477,-0.022248,-0.021880,3.141593
14720.0,0.000097,0.001045,0.001652,0.002391,5.497787,0.000057,0.005123,-0.022245,-0.021880,3.141593
14725.0,0.000036,0.002923,0.001553,0.000828,5.497787,0.000014,0.007062,-0.022334,-0.021397,3.141593
14730.0,0.000100,-0.004713,0.001912,0.002391,5.497787,-0.000043,-0.010021,-0.021619,-0.020466,3.141593
14735.0,0.000089,-0.002108,0.001792,0.001610,5.497787,0.000043,-0.004614,-0.021844,-0.022810,3.141593
14740.0,0.000086,0.001081,0.001650,0.001610,5.497787,-0.000043,0.004623,-0.022262,-0.022810,3.141593
14745.0,0.000154,-0.006683,0.002012,0.001656,5.497787,-0.000014,0.011112,-0.022546,-0.022810,3.141593
14750.0,0.000093,0.000981,0.001657,0.001610,5.497787,-0.000014,0.018464,-0.022876,-0.023293,3.141593
14755.0,0.000093,0.006832,0.001398,0.001610,5.497787,0.000029,0.002822,-0.022168,-0.021880,3.141593
14760.0,0.000122,-0.012683,0.002277,0.002438,5.497787,-0.000014,0.008496,-0.022440,-0.022327,3.141593
14765.0,0.000147,-0.004519,0.001922,0.001610,5.497787,0.000057,0.001794,-0.022114,-0.021880,3.141593
14770.0,0.000100,0.005985,0.001445,0.001610,5.497787,-0.000029,0.002131,-0.022145,-0.022810,3.141593
14775.0,0.000075,-0.000985,0.001749,0.002391,5.497787,0.000086,-0.011570,-0.021505,-0.021880,3.141593
14780.0,0.000032,0.001022,0.001648,0.001610,5.497787,0.000043,-0.007832,-0.021667,-0.022363,3.141593
14785.0,0.000139,-0.006676,0.002018,0.002391,5.497787,0.000000,0.002195,-0.022109,-0.021880,3.141593
14790.0,0.000097,-0.001447,0.001775,0.001610,5.497787,0.000014,-0.003351,-0.021857,-0.021880,3.141593
14795.0,0.000150,-0.004948,0.001945,0.001610,5.497787,0.000143,-0.009928,-0.021494,-0.019983,3.141593
14800.0,0.000075,0.002083,0.001613,0.001656,5.497787,0.000014,-0.005471,-0.021724,-0.021397,3.141593
14805.0,0.000086,0.007832,0.001360,0.001610,5.497787,-0.000086,-0.003738,-0.021842,-0.021880,3.141593
14810.0,0.000064,0.012026,0.001167,0.000828,5.497787,-0.000086,0.002076,-0.022124,-0.022327,3.141593
14815.0,0.000046,0.003279,0.001551,0.001610,5.497787,0.000014,-0.003517,-0.021846,-0.021880,3.141593
14820.0,0.000175,-0.002830,0.001856,0.000875,5.497787,-0.000086,0.009964,-0.022475,-0.022327,3.141593
14825.0,0.000061,0.003358,0.001554,0.001610,5.497787,-0.000086,0.005948,-0.022329,-0.023293,3.141593
14830.0,0.000118,-0.004732,0.001929,0.001610,5.497787,-0.000014,0.003330,-0.022202,-0.022327,3.141593
14835.0,0.000093,0.015241,0.001034,0.000828,5.497787,-0.000043,-0.007819,-0.021729,-0.021880,3.141593
14840.0,0.000082,0.007873,0.001361,0.000828,5.497787,-0.000086,0.022929,-0.023126,-0.023740,3.141593
14845.0,0.000100,-0.011853,0.002245,0.002391,5.497787,0.000086,-0.017013,-0.021314,-0.021397,3.141593
14850.0,0.000114,-0.005457,0.001964,0.001610,5.497787,-0.000014,-0.003269,-0.021934,-0.021880,3.141593
14855.0,0.000068,0.000808,0.001675,0.001610,5.497787,0.000057,0.008973,-0.022458,-0.022810,3.141593
14860.0,0.000104,0.006766,0.001417,0.001610,5.497787,-0.000014,0.001456,-0.022123,-0.021397,3.141593
14865.0,0.000136,-0.011947,0.002259,0.001610,5.497787,-0.000014,-0.002773,-0.021948,-0.022327,3.141593
14870.0,0.000036,0.008717,0.001314,0.001610,5.497787,0.000057,-0.009988,-0.021600,-0.021880,3.141593
14875.0,0.000057,-0.001969,0.001795,0.001610,5.497787,0.000086,-0.003320,-0.021843,-0.021880,3.141593
14880.0,0.000161,-0.006572,0.002027,0.001656,5.497787,-0.000014,0.013033,-0.022592,-0.022810,3.141593
14885.0,0.000132,0.002194,0.001631,0.001656,5.497787,-0.000129,0.002415,-0.022166,-0.022327,3.141593
14890.0,0.000097,-0.003858,0.001893,0.002391,5.497787,-0.000057,-0.003181,-0.021930,-0.021880,3.141593
14895.0,0.000093,-0.011703,0.002241,0.003173,5.497787,0.000057,0.002286,-0.022144,-0.020913,3.141593
14900.0,0.000057,-0.009684,0.002141,0.002438,5.497787,-0.000072,0.011618,-0.022612,-0.022810,3.141593
14905.0,0.000136,-0.003463,0.001885,0.001610,5.497787,-0.000072,0.005884,-0.022375,-0.022810,3.141593
14910.0,0.000000,0.014754,0.001041,0.000781,5.497787,0.000086,0.010381,-0.022526,-0.022810,3.141593
14915.0,0.000122,-0.007262,0.002053,0.002438,5.497787,0.000014,0.011301,-0.022565,-0.022810,3.141593
14920.0,0.000097,-0.002026,0.001814,0.001610,5.497787,-0.000057,0.022167,-0.023070,-0.022327,3.141593
14925.0,0.000100,0.003310,0.001579,0.000828,5.497787,0.000014,0.007480,-0.022429,-0.023740,3.141593
14930.0,0.000079,-0.002929,0.001854,0.001656,5.497787,0.000057,0.009356,-0.022474,-0.022810,3.141593
14935.0,0.000068,0.014786,0.001063,0.000781,5.497787,0.000057,0.011465,-0.022551,-0.023293,3.141593
14940.0,0.000021,0.017164,0.000945,0.000828,5.497787,0.000043,-0.008272,-0.021662,-0.021397,3.141593
14945.0,0.000075,0.005687,0.001467,0.000828,5.497787,-0.000072,-0.003069,-0.021939,-0.021880,3.141593
14950.0,0.000075,-0.002744,0.001846,0.002391,5.497787,0.000014,0.010628,-0.022522,-0.021880,3.141593
14955.0,0.000175,-0.012241,0.002294,0.003173,5.497787,0.000014,-0.004826,-0.021830,-0.021880,3.141593
14960.0,0.000061,0.003635,0.001559,0.001610,5.497787,-0.000086,0.014480,-0.022720,-0.022810,3.141593
14965.0,0.000057,0.004559,0.001516,0.001610,5.497787,0.000086,-0.001919,-0.021951,-0.021880,3.141593
14970.0,0.000150,-0.017836,0.002537,0.003219,5.497787,0.000000,-0.002612,-0.021929,-0.021880,3.141593
14975.0,0.000100,-0.001052,0.001777,0.001656,5.497787,0.000057,-0.001822,-0.021937,-0.022810,3.141593
14980.0,0.000072,0.002214,0.001624,0.001610,5.497787,0.000014,-0.011686,-0.021485,-0.020949,3.141593
14985.0,0.000186,-0.005237,0.001984,0.002438,5.497787,0.000072,-0.008930,-0.021584,-0.021880,3.141593
14990.0,0.000082,0.000104,0.001721,0.001610,5.497787,-0.000029,-0.007452,-0.021677,-0.021397,3.141593
14995.0,0.000061,0.002675,0.001600,0.001610,5.497787,-0.000014,0.005963,-0.022281,-0.022810,3.141593
15000.0,0.000125,0.007555,0.001398,0.001610,5.497787,-0.000072,0.004772,-0.022248,-0.022327,3.141593
15005.0,0.000089,-0.002332,0.001829,0.001656,5.497787,0.000000,0.011871,-0.022549,-0.022810,3.141593
15010.0,0.000107,0.002853,0.001602,0.001610,5.497787,0.000057,-0.001050,-0.021948,-0.022810,3.141593
15015.0,0.000100,0.007105,0.001412,0.001610,5.497787,-0.000100,0.013058,-0.022610,-0.022327,3.141593
15020.0,0.000082,-0.002569,0.001840,0.001610,5.497787,0.000014,-0.003303,-0.021866,-0.022810,3.141593
15025.0,0.000089,0.013709,0.001116,0.001610,5.497787,-0.000014,-0.001432,-0.021946,-0.021880,3.141593
15030.0,0.000136,-0.008370,0.002112,0.002438,5.497787,0.000014,-0.010378,-0.021544,-0.021880,3.141593
15035.0,0.000093,0.008329,0.001357,0.001610,5.497787,-0.000029,-0.002735,-0.021893,-0.021880,3.141593
15040.0,0.000029,0.008704,0.001324,0.001610,5.497787,0.000014,-0.004521,-0.021806,-0.021880,3.141593
15045.0,0.000093,-0.002590,0.001840,0.001610,5.497787,-0.000057,-0.000221,-0.022025,-0.021880,3.141593
15050.0,0.000100,0.000375,0.001711,0.001610,5.497787,-0.000029,-0.004188,-0.021850,-0.021844,3.141593
15055.0,0.000061,0.002730,0.001596,0.001610,5.497787,-0.000057,0.013675,-0.022662,-0.022810,3.141593
15060.0,0.000136,-0.006088,0.002007,0.002438,5.497787,0.000114,-0.002103,-0.021910,-0.021880,3.141593
15065.0,0.000104,-0.002901,0.001857,0.001610,5.497787,0.000014,-0.006517,-0.021717,-0.020913,3.141593
15070.0,0.000179,-0.006879,0.002055,0.002391,5.497787,0.000072,-0.005219,-0.021743,-0.021880,3.141593
15075.0,0.000100,-0.001641,0.001806,0.001610,5.497787,0.000072,-0.000947,-0.021913,-0.021880,3.141593
15080.0,0.000050,0.001643,0.001648,0.001563,5.497787,0.000000,0.008367,-0.022338,-0.022327,3.141593
15085.0,0.000136,-0.005367,0.001982,0.001610,5.497787,-0.000114,0.014480,-0.022655,-0.022810,3.141593
15090.0,0.000122,0.003563,0.001583,0.002391,5.497787,-0.000086,0.017998,-0.022831,-0.021880,3.141593
15095.0,0.000039,0.005993,0.001454,0.000828,5.497787,-0.000014,-0.010479,-0.021577,-0.021397,3.141593
15100.0,0.000100,0.012326,0.001187,0.001563,5.497787,0.000086,-0.004869,-0.021800,-0.021397,3.141593
15105.0,0.000043,-0.000370,0.001738,0.001610,5.497787,0.000014,0.001192,-0.022081,-0.021880,3.141593
15110.0,0.000190,-0.005226,0.001991,0.002391,5.497787,0.000114,-0.019619,-0.021112,-0.020949,3.141593
15115.0,0.000082,-0.000840,0.001774,0.001610,5.497787,-0.000043,-0.007957,-0.021681,-0.021880,3.141593
15120.0,0.000157,-0.006548,0.002049,0.002391,5.497787,-0.000157,0.012018,-0.022636,-0.022810,3.141593
15125.0,0.000097,-0.001167,0.001796,0.001610,5.497787,-0.000029,-0.005308,-0.021869,-0.021880,3.141593
15130.0,0.000075,0.005645,0.001488,0.001563,5.497787,0.000086,-0.009384,-0.021650,-0.020949,3.141593
15135.0,0.000100,-0.002948,0.001877,0.002391,5.497787,0.000029,0.009412,-0.022491,-0.022810,3.141593
15140.0,0.000061,-0.000877,0.001776,0.001610,5.497787,0.000000,0.028625,-0.023344,-0.024223,3.141593
15145.0,0.000061,0.002248,0.001638,0.001610,5.497787,0.000043,-0.010992,-0.021573,-0.020949,3.141593
15150.0,0.000082,0.005670,0.001490,0.001610,5.497787,-0.000014,0.000393,-0.022096,-0.022810,3.141593
15155.0,0.000100,-0.003557,0.001905,0.002391,5.497787,0.000057,0.000821,-0.022078,-0.021397,3.141593
15160.0,0.000093,0.012659,0.001179,0.000828,5.497787,0.000000,0.014320,-0.022686,-0.022810,3.141593
15165.0,0.000125,0.004243,0.001563,0.001610,5.497787,-0.000057,0.005446,-0.022310,-0.022810,3.141593
15170.0,0.000111,-0.002695,0.001870,0.001610,5.497787,0.000072,-0.001200,-0.021973,-0.022810,3.141593
15175.0,0.000036,0.001588,0.001662,0.000828,5.497787,-0.000014,0.002404,-0.022135,-0.021880,3.141593
15180.0,0.000036,0.002212,0.001634,0.001610,5.497787,0.000000,0.000800,-0.022072,-0.020466,3.141593
15185.0,0.000143,-0.007046,0.002073,0.002438,5.497787,0.000057,-0.000921,-0.021990,-0.022810,3.141593
15190.0,0.000111,-0.002973,0.001884,0.001610,5.497787,-0.000086,-0.001653,-0.021997,-0.021397,3.141593
15195.0,0.000100,-0.011139,0.002245,0.003173,5.497787,0.000057,-0.005327,-0.021819,-0.020466,3.141593
15200.0,0.000054,0.001953,0.001650,0.001610,5.497787,0.000000,0.007405,-0.022396,-0.022327,3.141593
15205.0,0.000143,-0.007001,0.002070,0.002391,5.497787,-0.000114,0.004196,-0.022297,-0.022810,3.141593
15210.0,0.000111,-0.002793,0.001876,0.001610,5.497787,-0.000014,0.004437,-0.022309,-0.021397,3.141593
15215.0,0.000046,0.010430,0.001270,0.001610,5.497787,0.000014,-0.000932,-0.022069,-0.022810,3.141593
15220.0,0.000100,-0.001832,0.001828,0.001610,5.497787,0.000014,-0.009155,-0.021689,-0.021397,3.141593
15225.0,0.000175,-0.007503,0.002103,0.001656,5.497787,0.000014,-0.012796,-0.021529,-0.020019,3.141593
15230.0,0.000014,0.004965,0.001509,0.001610,5.497787,0.000057,-0.015253,-0.021407,-0.021880,3.141593
15235.0,0.000100,0.003983,0.001571,0.001610,5.497787,-0.000014,-0.000924,-0.022055,-0.022810,3.141593
15240.0,0.000075,0.005936,0.001479,0.001610,5.497787,0.000057,0.000011,-0.022054,-0.021397,3.141593
15245.0,0.000111,-0.005838,0.002014,0.002391,5.497787,-0.000143,0.010062,-0.022574,-0.022810,3.141593
15250.0,0.000107,-0.004019,0.001933,0.002391,5.497787,0.000086,0.000728,-0.022104,-0.021397,3.141593
15255.0,0.000007,0.005274,0.001493,0.001610,5.497787,0.000086,-0.003635,-0.021882,-0.020913,3.141593
15260.0,0.000136,-0.008658,0.002145,0.001656,5.497787,0.000043,-0.008851,-0.021647,-0.020949,3.141593
15265.0,0.000136,-0.005990,0.002027,0.001656,5.497787,-0.000072,0.005993,-0.022333,-0.021397,3.141593
15270.0,0.000118,-0.003802,0.001928,0.001610,5.497787,0.000014,-0.011705,-0.021545,-0.020466,3.141593
15275.0,0.000029,0.011055,0.001245,0.001563,5.497787,-0.000100,-0.009526,-0.021692,-0.020949,3.141593
15280.0,0.000082,-0.005740,0.002006,0.001656,5.497787,-0.000086,-0.002541,-0.022020,-0.022810,3.141593
15285.0,0.000089,-0.005040,0.001977,0.001610,5.497787,0.000129,-0.000836,-0.022008,-0.021397,3.141593
15290.0,0.000114,0.009674,0.001327,0.000828,5.497787,-0.000086,0.001040,-0.022168,-0.022810,3.141593
15295.0,0.000172,0.001645,0.001701,0.002391,5.497787,0.000000,-0.008837,-0.021707,-0.021397,3.141593
15300.0,0.000111,-0.010022,0.002207,0.001656,5.497787,0.000043,-0.004038,-0.021914,-0.021880,3.141593
15305.0,0.000050,0.005368,0.001507,0.001610,5.497787,0.000057,-0.003464,-0.021924,-0.021397,3.141593
15310.0,0.000150,-0.004306,0.001962,0.002391,5.497787,0.000086,-0.009132,-0.021656,-0.021880,3.141593
15315.0,0.000100,-0.002878,0.001887,0.001610,5.497787,-0.000014,0.007614,-0.022405,-0.022810,3.141593
15320.0,0.000100,0.000480,0.001739,0.001610,5.497787,0.000014,0.001196,-0.022118,-0.021880,3.141593
15325.0,0.000132,0.004465,0.001569,0.001610,5.497787,0.000000,-0.015414,-0.021395,-0.020466,3.141593
15330.0,0.000097,0.007103,0.001442,0.001610,5.497787,0.000057,-0.000642,-0.022036,-0.020019,3.141593
15335.0,0.000093,-0.003241,0.001902,0.001656,5.497787,-0.000057,0.009569,-0.022541,-0.022327,3.141593
15340.0,0.000082,-0.001002,0.001800,0.001610,5.497787,0.000057,0.007322,-0.022414,-0.021844,3.141593
15345.0,0.000036,-0.000048,0.001746,0.001610,5.497787,-0.000043,0.011959,-0.022652,-0.022810,3.141593
15350.0,0.000075,-0.000059,0.001756,0.001610,5.497787,0.000029,-0.006466,-0.021824,-0.021880,3.141593
15355.0,0.000100,0.002184,0.001663,0.001610,5.497787,0.000000,-0.007384,-0.021787,-0.022327,3.141593
15360.0,0.000075,0.004013,0.001576,0.000828,5.497787,0.000000,0.001185,-0.022151,-0.022327,3.141593
15365.0,0.000039,0.003944,0.001570,0.001563,5.497787,0.000029,0.002896,-0.022203,-0.021880,3.141593
15370.0,0.000111,0.004088,0.001581,0.001610,5.497787,-0.000057,-0.007864,-0.021767,-0.020949,3.141593
15375.0,0.000150,0.007380,0.001447,0.001563,5.497787,-0.000057,0.009817,-0.022561,-0.022327,3.141593
15380.0,0.000118,-0.014486,0.002415,0.002438,5.497787,-0.000100,0.003496,-0.022315,-0.022327,3.141593
15385.0,0.000082,0.002084,0.001670,0.001610,5.497787,0.000029,-0.009216,-0.021722,-0.021397,3.141593
15390.0,0.000150,-0.004178,0.001968,0.001610,5.497787,0.000014,-0.003770,-0.021961,-0.021880,3.141593
15395.0,0.000082,0.000185,0.001760,0.001610,5.497787,-0.000057,-0.002234,-0.022063,-0.021880,3.141593
15400.0,0.000129,0.004811,0.001568,0.001610,5.497787,-0.000043,-0.009639,-0.021749,-0.021397,3.141593
15405.0,0.000032,0.007277,0.001437,0.001610,5.497787,0.000057,0.010725,-0.022609,-0.022327,3.141593
15410.0,0.000100,-0.002466,0.001887,0.002391,5.497787,0.000043,0.001035,-0.022177,-0.021880,3.141593
15415.0,0.000072,-0.001880,0.001854,0.001610,5.497787,0.000057,-0.007063,-0.021804,-0.022810,3.141593
15420.0,0.000046,-0.000534,0.001787,0.001610,5.497787,0.000057,0.004973,-0.022300,-0.022810,3.141593
15425.0,-0.000011,0.009880,0.001307,0.000047,5.497787,0.000043,-0.000040,-0.022075,-0.021397,3.141593
15430.0,0.000093,-0.002855,0.001899,0.001610,5.497787,-0.000057,-0.017431,-0.021341,-0.021397,3.141593
15435.0,0.000100,0.012259,0.001229,0.000828,5.497787,-0.000057,-0.011368,-0.021613,-0.021880,3.141593
15440.0,0.000104,0.001236,0.001722,0.001656,5.497787,-0.000029,0.002067,-0.022201,-0.023293,3.141593
15445.0,0.000154,-0.006958,0.002102,0.003173,5.497787,0.000000,-0.014059,-0.021480,-0.021880,3.141593
15450.0,0.000039,0.003775,0.001595,0.001610,5.497787,0.000043,0.016673,-0.022821,-0.022327,3.141593
15455.0,0.000114,0.003653,0.001619,0.002391,5.497787,-0.000029,-0.007296,-0.021794,-0.022810,3.141593
15460.0,0.000061,0.003075,0.001631,0.001610,5.497787,-0.000014,0.002671,-0.022216,-0.021880,3.141593
15465.0,0.000154,-0.008458,0.002169,0.002438,5.497787,0.000000,-0.007169,-0.021788,-0.021880,3.141593
15470.0,0.000111,0.004197,0.001595,0.001610,5.497787,-0.000029,-0.000865,-0.022074,-0.022810,3.141593
15475.0,0.000136,-0.006300,0.002071,0.003954,5.497787,0.000086,0.008575,-0.022450,-0.022810,3.141593
15480.0,0.000011,-0.000026,0.001759,0.001610,5.497787,0.000100,0.005961,-0.022304,-0.021397,3.141593
15485.0,0.000089,-0.004666,0.001983,0.002438,5.497787,0.000057,0.010030,-0.022482,-0.022327,3.141593
15490.0,0.000114,-0.008535,0.002161,0.003173,5.497787,0.000014,0.006641,-0.022340,-0.021397,3.141593
15495.0,0.000072,-0.001410,0.001833,0.001656,5.497787,-0.000057,-0.000299,-0.022063,-0.022810,3.141593
15500.0,0.000107,-0.005181,0.002010,0.001610,5.497787,0.000014,0.010074,-0.022498,-0.021397,3.141593
15505.0,0.000068,-0.008137,0.002135,0.002391,5.497787,0.000014,-0.013869,-0.021452,-0.021880,3.141593
15510.0,0.000161,0.001504,0.001728,0.001610,5.497787,0.000043,0.005058,-0.022268,-0.022810,3.141593
15515.0,0.000182,-0.008395,0.002177,0.002438,5.497787,-0.000057,0.013606,-0.022672,-0.023740,3.141593
15520.0,0.000068,0.003141,0.001636,0.001610,5.497787,0.000057,-0.011799,-0.021501,-0.021397,3.141593
15525.0,0.000136,0.001757,0.001716,0.002391,5.497787,-0.000086,0.011600,-0.022582,-0.023293,3.141593
15530.0,0.000057,-0.002450,0.001885,0.000828,5.497787,0.000057,-0.000236,-0.022008,-0.021397,3.141593
15535.0,0.000175,0.001480,0.001741,0.001563,5.497787,-0.000014,0.002717,-0.022159,-0.022810,3.141593
15540.0,0.000136,0.004985,0.001579,0.002391,5.497787,-0.000072,0.004197,-0.022252,-0.021880,3.141593
15545.0,0.000050,0.004009,0.001600,0.000828,5.497787,0.000000,0.003280,-0.022193,-0.021397,3.141593
15550.0,0.000079,0.003848,0.001614,0.001610,5.497787,-0.000057,-0.006779,-0.021782,-0.021880,3.141593
15555.0,0.000118,0.004210,0.001608,0.001610,5.497787,-0.000014,-0.001138,-0.022025,-0.022327,3.141593
15560.0,0.000114,0.004644,0.001588,0.002391,5.497787,0.000029,-0.001019,-0.022012,-0.021880,3.141593
15565.0,0.000064,0.001351,0.001721,0.001563,5.497787,0.000029,0.007788,-0.022389,-0.022327,3.141593
15570.0,0.000150,0.002055,0.001712,0.002391,5.497787,-0.000014,0.006539,-0.022354,-0.022327,3.141593
15575.0,0.000064,0.013533,0.001181,0.000828,5.497787,0.000014,-0.000132,-0.022047,-0.022810,3.141593
15580.0,0.000111,0.002146,0.001700,0.001656,5.497787,0.000057,-0.003544,-0.021862,-0.022327,3.141593
15585.0,0.000079,0.003119,0.001651,0.001610,5.497787,-0.000086,0.021126,-0.022993,-0.022810,3.141593
15590.0,0.000193,0.006292,0.001539,0.001610,5.497787,-0.000072,0.017608,-0.022857,-0.022810,3.141593
15595.0,0.000111,-0.003095,0.001939,0.002391,5.497787,0.000000,0.007607,-0.022412,-0.022810,3.141593
15600.0,0.000082,-0.002655,0.001913,0.001610,5.497787,0.000057,-0.004567,-0.021846,-0.021397,3.141593
15605.0,0.000061,-0.000211,0.001801,0.001656,5.497787,-0.000129,0.021635,-0.023072,-0.023740,3.141593
15610.0,0.000089,0.002936,0.001669,0.001610,5.497787,0.000000,0.010342,-0.022552,-0.021397,3.141593
15615.0,0.000111,0.005565,0.001557,0.002391,5.497787,-0.000072,-0.005084,-0.021912,-0.022327,3.141593
15620.0,0.000093,0.006081,0.001530,0.001656,5.497787,0.000043,0.029609,-0.023414,-0.023740,3.141593
15625.0,0.000111,-0.005431,0.002049,0.002438,5.497787,-0.000014,0.026106,-0.023274,-0.020949,3.141593
15630.0,0.000104,-0.003630,0.001967,0.001610,5.497787,0.000014,-0.015179,-0.021478,-0.021880,3.141593
15635.0,0.000064,-0.004776,0.002008,0.003173,5.497787,0.000086,-0.002448,-0.022004,-0.021397,3.141593
15640.0,0.000007,0.000126,0.001773,0.001610,5.497787,-0.000114,0.003078,-0.022331,-0.022363,3.141593
15645.0,0.000032,0.006806,0.001479,0.000828,5.497787,0.000157,-0.008972,-0.021719,-0.021397,3.141593
15650.0,0.000082,0.003873,0.001624,0.001610,5.497787,0.000057,0.007234,-0.022424,-0.021880,3.141593
15655.0,0.000132,0.002133,0.001715,0.000828,5.497787,0.000043,0.019727,-0.022984,-0.023257,3.141593
15660.0,0.000068,-0.000052,0.001798,0.001610,5.497787,0.000000,0.002813,-0.022249,-0.022810,3.141593
15665.0,0.000100,-0.001628,0.001875,0.000828,5.497787,0.000072,0.002052,-0.022190,-0.023257,3.141593
15670.0,0.000118,0.009911,0.001367,0.001610,5.497787,0.000014,0.013975,-0.022696,-0.023257,3.141593
15675.0,0.000100,-0.005652,0.002056,0.003219,5.497787,0.000043,0.010948,-0.022537,-0.022810,3.141593
15680.0,0.000057,0.001951,0.001707,0.001610,5.497787,0.000029,-0.001185,-0.021990,-0.021397,3.141593
15685.0,0.000086,-0.001727,0.001876,0.001656,5.497787,0.000000,-0.006453,-0.021769,-0.020949,3.141593
15690.0,0.000175,0.000511,0.001801,0.002391,5.497787,0.000014,0.001686,-0.022123,-0.021844,3.141593
15695.0,0.000036,-0.003645,0.001953,0.002391,5.497787,-0.000029,-0.011293,-0.021562,-0.021397,3.141593
15700.0,0.000111,-0.009245,0.002219,0.002391,5.497787,-0.000114,0.030268,-0.023448,-0.023257,3.141593
15705.0,0.000075,-0.002321,0.001902,0.001610,5.497787,0.000043,-0.019065,-0.021252,-0.021397,3.141593
15710.0,0.000150,-0.001894,0.001902,0.002391,5.497787,0.000086,0.006748,-0.022354,-0.022327,3.141593
15715.0,0.000068,0.004705,0.001589,0.001610,5.497787,-0.000014,-0.000074,-0.022077,-0.021880,3.141593
15720.0,0.000111,0.012921,0.001233,0.001610,5.497787,-0.000014,-0.000546,-0.022054,-0.021880,3.141593
15725.0,0.000082,-0.005369,0.002041,0.001610,5.497787,-0.000014,-0.010395,-0.021626,-0.021397,3.141593
15730.0,0.000097,0.004693,0.001597,0.001610,5.497787,0.000014,0.004070,-0.022258,-0.022327,3.141593
15735.0,0.000100,0.001102,0.001759,0.001610,5.497787,-0.000057,0.001482,-0.022166,-0.022810,3.141593
15740.0,0.000125,-0.000725,0.001848,0.001610,5.497787,0.000014,-0.000578,-0.022055,-0.021880,3.141593
15745.0,0.000097,-0.003434,0.001963,0.002438,5.497787,0.000014,-0.008509,-0.021698,-0.022327,3.141593
15750.0,0.000118,-0.006836,0.002119,0.003219,5.497787,0.000029,0.008104,-0.022412,-0.022810,3.141593
15755.0,0.000111,0.000282,0.001800,0.002391,5.497787,0.000014,0.000961,-0.022086,-0.022327,3.141593
15760.0,0.000093,-0.005789,0.002066,0.001656,5.497787,-0.000029,-0.006226,-0.021780,-0.022810,3.141593
15765.0,0.000082,0.005654,0.001556,0.001610,5.497787,0.000014,0.004684,-0.022234,-0.022810,3.141593
15770.0,0.000079,0.001839,0.001724,0.001610,5.497787,-0.000100,0.011640,-0.022586,-0.022327,3.141593
15775.0,0.000082,0.011026,0.001317,0.000828,5.497787,0.000057,-0.003444,-0.021874,-0.021880,3.141593
15780.0,0.000104,-0.005540,0.002061,0.002438,5.497787,-0.000114,0.002821,-0.022208,-0.021880,3.141593
15785.0,0.000118,0.000448,0.001797,0.002391,5.497787,0.000014,-0.002800,-0.021949,-0.022327,3.141593
15790.0,0.000061,-0.004730,0.002015,0.001610,5.497787,0.000014,-0.010492,-0.021601,-0.020466,3.141593
15795.0,0.000093,0.002411,0.001704,0.001610,5.497787,-0.000043,-0.005860,-0.021833,-0.020466,3.141593
15800.0,0.000161,0.000629,0.001801,0.001610,5.497787,-0.000014,0.002808,-0.022234,-0.022810,3.141593
15805.0,0.000032,0.010589,0.001327,0.001610,5.497787,0.000100,-0.012154,-0.021529,-0.021880,3.141593
15810.0,0.000107,-0.008336,0.002187,0.001610,5.497787,-0.000029,0.003956,-0.022258,-0.022810,3.141593
15815.0,0.000082,0.000919,0.001770,0.001610,5.497787,-0.000014,0.010236,-0.022538,-0.023740,3.141593
15820.0,0.000129,-0.000702,0.001854,0.002391,5.497787,0.000057,-0.009257,-0.021641,-0.021880,3.141593
15825.0,0.000125,-0.003773,0.001991,0.001610,5.497787,0.000057,-0.005712,-0.021780,-0.021397,3.141593
15830.0,0.000036,0.004112,0.001617,0.001610,5.497787,-0.000057,0.008463,-0.022448,-0.022810,3.141593
15835.0,0.000118,0.011329,0.001315,0.001610,5.497787,-0.000043,-0.001476,-0.022017,-0.022810,3.141593
15840.0,0.000072,0.006215,0.001531,0.001610,5.497787,0.000043,0.008046,-0.022404,-0.020949,3.141593
15845.0,0.000157,-0.010767,0.002309,0.003219,5.497787,-0.000014,0.004473,-0.022276,-0.023740,3.141593
15850.0,0.000082,-0.003529,0.001968,0.001610,5.497787,-0.000129,0.000638,-0.022158,-0.021397,3.141593
15855.0,0.000068,-0.009190,0.002217,0.002438,5.497787,0.000043,-0.011318,-0.021597,-0.021880,3.141593
15860.0,0.000054,0.009291,0.001390,0.001610,5.497787,0.000043,-0.009744,-0.021646,-0.021880,3.141593
15865.0,0.000157,-0.020815,0.002757,0.003219,5.497787,0.000000,-0.009496,-0.021664,-0.022810,3.141593
15870.0,0.000150,0.002959,0.001698,0.002391,5.497787,-0.000029,0.015726,-0.022768,-0.022327,3.141593
15875.0,0.000100,-0.000331,0.001834,0.001610,5.497787,0.000014,0.000084,-0.022071,-0.021880,3.141593
15880.0,0.000136,-0.013828,0.002446,0.003173,5.497787,0.000014,-0.013970,-0.021443,-0.020466,3.141593
15885.0,0.000168,-0.001539,0.001908,0.002391,5.497787,0.000000,0.008890,-0.022456,-0.022810,3.141593
15890.0,0.000093,-0.003281,0.001969,0.001656,5.497787,0.000029,0.004170,-0.022221,-0.021397,3.141593
15895.0,0.000122,-0.003724,0.001995,0.001656,5.497787,0.000000,0.011001,-0.022539,-0.022810,3.141593
15900.0,0.000050,0.006484,0.001524,0.001610,5.497787,-0.000014,-0.002725,-0.021934,-0.020466,3.141593
15905.0,0.000125,-0.006888,0.002138,0.002391,5.497787,0.000086,-0.010169,-0.021570,-0.020949,3.141593
15910.0,0.000068,0.001710,0.001741,0.001656,5.497787,0.000014,-0.006210,-0.021736,-0.021880,3.141593
15915.0,0.000082,-0.001346,0.001880,0.001610,5.497787,0.000043,0.004050,-0.022177,-0.022810,3.141593
15920.0,0.000118,0.012140,0.001290,0.000828,5.497787,-0.000086,0.005819,-0.022287,-0.021880,3.141593
15925.0,0.000118,0.000482,0.001810,0.000828,5.497787,0.000043,-0.001430,-0.021940,-0.021880,3.141593
15930.0,0.000097,0.000242,0.001816,0.002391,5.497787,0.000086,-0.004017,-0.021795,-0.021880,3.141593
15935.0,0.000068,-0.003079,0.001957,0.001610,5.497787,0.000043,0.000803,-0.022011,-0.021880,3.141593
15940.0,0.000054,0.005470,0.001575,0.000875,5.497787,-0.000029,0.010337,-0.022457,-0.022327,3.141593
15945.0,0.000050,0.001525,0.001750,0.001610,5.497787,0.000014,0.011777,-0.022525,-0.022810,3.141593
15950.0,0.000093,0.011214,0.001328,0.000828,5.497787,-0.000014,-0.002363,-0.021908,-0.021880,3.141593
15955.0,0.000100,0.011376,0.001323,0.001563,5.497787,-0.000100,-0.010265,-0.021593,-0.021880,3.141593
15960.0,0.000097,-0.006059,0.002100,0.002391,5.497787,0.000000,-0.010068,-0.021576,-0.022327,3.141593
15965.0,0.000054,0.001272,0.001763,0.002391,5.497787,0.000014,-0.001636,-0.021942,-0.021880,3.141593
15970.0,0.000050,-0.005583,0.002068,0.001610,5.497787,0.000000,-0.008779,-0.021627,-0.020466,3.141593
15975.0,0.000068,0.000209,0.001813,0.001610,5.497787,0.000014,0.004553,-0.022224,-0.022363,3.141593
15980.0,0.000050,0.006537,0.001527,0.001610,5.497787,-0.000014,-0.010480,-0.021572,-0.021397,3.141593
15985.0,0.000132,0.000321,0.001824,0.001610,5.497787,0.000014,-0.004044,-0.021858,-0.021880,3.141593
15990.0,0.000136,-0.016076,0.002558,0.003219,5.497787,-0.000043,0.004266,-0.022233,-0.021844,3.141593
15995.0,0.000175,-0.005272,0.002087,0.002391,5.497787,-0.000029,0.009422,-0.022470,-0.021880,3.141593
16000.0,0.000114,0.004817,0.001625,0.001610,5.497787,-0.000100,-0.013993,-0.021497,-0.021880,3.141593
16005.0,0.000182,-0.007003,0.002170,0.002391,5.497787,-0.000029,-0.005377,-0.021873,-0.020949,3.141593
16010.0,0.000043,0.001531,0.001756,0.001610,5.497787,-0.000014,0.010085,-0.022566,-0.021397,3.141593
16015.0,0.000150,0.000420,0.001833,0.002391,5.497787,0.000086,-0.000204,-0.022076,-0.022327,3.141593
16020.0,0.000057,0.007849,0.001479,0.000828,5.497787,0.000072,0.009727,-0.022486,-0.021880,3.141593
16025.0,0.000075,0.004681,0.001625,0.001610,5.497787,-0.000057,-0.005303,-0.021847,-0.021880,3.141593
16030.0,0.000125,0.002111,0.001752,0.001610,5.497787,0.000057,-0.007725,-0.021708,-0.021880,3.141593
16035.0,0.000082,0.012699,0.001271,0.001610,5.497787,0.000014,0.000209,-0.022058,-0.022327,3.141593
16040.0,0.000107,-0.004401,0.002038,0.001656,5.497787,-0.000029,0.000954,-0.022099,-0.022810,3.141593
16045.0,0.000172,-0.000806,0.001897,0.001610,5.497787,0.000014,-0.014334,-0.021409,-0.020949,3.141593
16050.0,0.000175,-0.007276,0.002190,0.002391,5.497787,0.000057,-0.013766,-0.021414,-0.020913,3.141593
16055.0,0.000114,-0.005698,0.002107,0.002391,5.497787,0.000057,0.005019,-0.022225,-0.022810,3.141593
16060.0,0.000089,-0.004902,0.002065,0.001610,5.497787,0.000057,0.002828,-0.022107,-0.020949,3.141593
16065.0,0.000032,0.017495,0.001051,0.000828,5.497787,-0.000014,-0.010044,-0.021556,-0.020949,3.141593
16070.0,0.000039,0.012575,0.001272,0.001610,5.497787,-0.000057,-0.002872,-0.021893,-0.021880,3.141593
16075.0,0.000107,-0.017172,0.002612,0.002438,5.497787,-0.000086,0.003923,-0.022210,-0.022810,3.141593
16080.0,0.000107,0.006791,0.001546,0.002391,5.497787,-0.000072,-0.000164,-0.022049,-0.021880,3.141593
16085.0,0.000136,-0.007251,0.002178,0.003173,5.497787,-0.000029,0.011495,-0.022566,-0.023257,3.141593
16090.0,0.000125,0.004654,0.001646,0.002391,5.497787,-0.000086,0.013170,-0.022677,-0.022810,3.141593
16095.0,0.000079,0.001114,0.001794,0.001656,5.497787,-0.000029,-0.000571,-0.022072,-0.022810,3.141593
16100.0,0.000114,0.004111,0.001671,0.001610,5.497787,0.000086,-0.007600,-0.021707,-0.022810,3.141593
16105.0,0.000114,0.004091,0.001674,0.002391,5.497787,-0.000029,0.015043,-0.022723,-0.022327,3.141593
16110.0,0.000007,0.012826,0.001260,0.001656,5.497787,-0.000014,-0.002914,-0.021931,-0.020019,3.141593
16115.0,0.000093,-0.004220,0.002039,0.001610,5.497787,-0.000072,0.002020,-0.022204,-0.021880,3.141593
16120.0,0.000032,0.004011,0.001657,0.001610,5.497787,-0.000043,0.000878,-0.022168,-0.022327,3.141593
16125.0,0.000136,0.001166,0.001808,0.002391,5.497787,-0.000014,0.009066,-0.022527,-0.021397,3.141593
16130.0,0.000122,-0.014487,0.002504,0.002438,5.497787,0.000057,0.002388,-0.022222,-0.022327,3.141593
16135.0,0.000100,-0.002874,0.001982,0.001610,5.497787,0.000057,-0.007611,-0.021759,-0.021397,3.141593
16140.0,0.000068,0.007725,0.001502,0.001610,5.497787,0.000014,-0.002356,-0.021991,-0.022810,3.141593
16145.0,0.000061,0.002093,0.001750,0.002391,5.497787,0.000043,0.005207,-0.022301,-0.022327,3.141593
16150.0,0.000079,0.006922,0.001538,0.001610,5.497787,0.000072,0.008075,-0.022395,-0.022810,3.141593
16155.0,0.000057,0.011925,0.001309,0.000828,5.497787,0.000014,-0.012169,-0.021500,-0.020019,3.141593
16160.0,0.000100,0.005672,0.001598,0.000875,5.497787,-0.000057,0.005606,-0.022321,-0.021880,3.141593
16165.0,0.000168,0.005209,0.001636,0.000828,5.497787,0.000057,-0.010923,-0.021558,-0.021397,3.141593
16170.0,0.000068,0.002087,0.001753,0.001656,5.497787,0.000043,-0.016145,-0.021312,-0.020949,3.141593
16175.0,0.000086,-0.002474,0.001962,0.001656,5.497787,-0.000014,0.000568,-0.022057,-0.021880,3.141593
16180.0,0.000122,0.009467,0.001440,0.001610,5.497787,-0.000057,0.005514,-0.022307,-0.021880,3.141593
16185.0,0.000086,0.005134,0.001626,0.000828,5.497787,0.000057,-0.002600,-0.021918,-0.021397,3.141593
16190.0,0.000068,0.000758,0.001817,0.001656,5.497787,0.000000,0.013913,-0.022656,-0.022327,3.141593
16195.0,0.000057,-0.001213,0.001903,0.001656,5.497787,0.000000,-0.001764,-0.021967,-0.021880,3.141593
16200.0,0.000118,0.009306,0.001450,0.001610,5.497787,-0.000057,0.009822,-0.022514,-0.022327,3.141593
16205.0,0.000100,-0.006726,0.002161,0.002438,5.497787,0.000014,0.000087,-0.022070,-0.022810,3.141593
16210.0,0.000082,0.002268,0.001755,0.001610,5.497787,0.000014,-0.006171,-0.021782,-0.021880,3.141593
16215.0,0.000147,0.002084,0.001780,0.002391,5.497787,0.000014,-0.006434,-0.021767,-0.022327,3.141593
16220.0,0.000072,-0.003172,0.001995,0.001610,5.497787,0.000114,-0.011102,-0.021514,-0.021397,3.141593
16225.0,0.000032,0.003165,0.001702,0.001610,5.497787,-0.000057,-0.000769,-0.022012,-0.021397,3.141593
16230.0,0.000143,0.000411,0.001852,0.002391,5.497787,0.000000,-0.002522,-0.021929,-0.021880,3.141593
16235.0,0.000097,-0.005152,0.002090,0.002391,5.497787,-0.000043,0.019683,-0.022922,-0.023257,3.141593
16240.0,0.000111,0.003423,0.001712,0.002391,5.497787,-0.000086,-0.006204,-0.021803,-0.021880,3.141593
16245.0,0.000093,0.009228,0.001447,0.001610,5.497787,-0.000029,0.003982,-0.022248,-0.021397,3.141593
16250.0,0.000111,0.005524,0.001617,0.001610,5.497787,-0.000014,0.015147,-0.022752,-0.023257,3.141593
16255.0,0.000089,0.000709,0.001827,0.001610,5.497787,-0.000057,0.024617,-0.023196,-0.023740,3.141593
16260.0,0.000111,0.009666,0.001434,0.000875,5.497787,-0.000014,0.001377,-0.022183,-0.021397,3.141593
16265.0,0.000057,-0.007634,0.002193,0.002438,5.497787,0.000114,-0.010037,-0.021636,-0.020913,3.141593
16270.0,0.000143,0.000949,0.001832,0.002391,5.497787,0.000014,0.001510,-0.022167,-0.022810,3.141593
16275.0,0.000089,-0.004703,0.002072,0.001656,5.497787,0.000072,0.002485,-0.022166,-0.023740,3.141593
16280.0,0.000143,-0.006957,0.002187,0.001610,5.497787,0.000129,0.010753,-0.022464,-0.021880,3.141593
16285.0,0.000064,0.003434,0.001705,0.001610,5.497787,-0.000029,0.004108,-0.022214,-0.020913,3.141593
16290.0,0.000036,-0.003061,0.001989,0.001656,5.497787,0.000000,-0.014029,-0.021432,-0.020949,3.141593
16295.0,0.000118,-0.006573,0.002166,0.002391,5.497787,-0.000029,0.013149,-0.022652,-0.022327,3.141593
16300.0,0.000150,-0.010201,0.002336,0.002438,5.497787,0.000057,-0.016573,-0.021308,-0.021880,3.141593
16305.0,0.000100,-0.012800,0.002441,0.002438,5.497787,0.000043,-0.007230,-0.021716,-0.021880,3.141593
16310.0,0.000086,-0.003670,0.002033,0.002391,5.497787,-0.000057,-0.000147,-0.022061,-0.021397,3.141593
16315.0,0.000025,-0.000219,0.001863,0.001656,5.497787,0.000043,-0.002892,-0.021921,-0.021880,3.141593
16320.0,0.000111,0.008240,0.001508,0.001610,5.497787,0.000072,-0.015797,-0.021328,-0.020949,3.141593
16325.0,0.000093,-0.009599,0.002300,0.003219,5.497787,0.000043,0.002532,-0.022124,-0.021397,3.141593
16330.0,0.000097,0.010505,0.001405,0.001610,5.497787,-0.000057,0.004546,-0.022240,-0.021880,3.141593
16335.0,0.000086,0.003584,0.001711,0.002391,5.497787,-0.000072,-0.003513,-0.021896,-0.022327,3.141593
16340.0,0.000050,0.005310,0.001624,0.002391,5.497787,0.000000,0.021514,-0.022975,-0.022810,3.141593
16345.0,0.000072,-0.006612,0.002159,0.002438,5.497787,-0.000014,0.006226,-0.022308,-0.023740,3.141593
16350.0,0.000107,-0.016842,0.002624,0.003219,5.497787,0.000057,0.002663,-0.022119,-0.022810,3.141593
16355.0,0.000118,0.001297,0.001819,0.001610,5.497787,-0.000129,0.048514,-0.024205,-0.024187,3.141593
16360.0,0.000114,-0.019113,0.002727,0.003173,5.497787,-0.000029,-0.007213,-0.021741,-0.022810,3.141593
16365.0,0.000107,-0.014366,0.002514,0.003266,5.497787,0.000057,0.002146,-0.022120,-0.021880,3.141593
16370.0,0.000093,0.003513,0.001715,0.001610,5.497787,0.000000,-0.003503,-0.021875,-0.021880,3.141593
16375.0,0.000104,0.008537,0.001494,0.001610,5.497787,-0.000086,0.009000,-0.022465,-0.021880,3.141593
16380.0,0.000122,0.002215,0.001779,0.002391,5.497787,0.000014,-0.017230,-0.021297,-0.021880,3.141593
16385.0,0.000139,-0.006149,0.002157,0.002391,5.497787,0.000014,0.005625,-0.022299,-0.022810,3.141593
16390.0,0.000107,0.000004,0.001877,0.001610,5.497787,-0.000072,0.003647,-0.022237,-0.021880,3.141593
16395.0,0.000064,0.003832,0.001696,0.001610,5.497787,0.000029,0.007966,-0.022405,-0.022810,3.141593
16400.0,0.000093,-0.003144,0.002014,0.001610,5.497787,0.000043,-0.008168,-0.021684,-0.021397,3.141593
16405.0,0.000057,0.000753,0.001831,0.001610,5.497787,-0.000029,0.012957,-0.022637,-0.022810,3.141593
16410.0,0.000050,0.003504,0.001705,0.000875,5.497787,0.000072,-0.001618,-0.021954,-0.021880,3.141593
16415.0,0.000111,-0.005917,0.002139,0.002391,5.497787,0.000014,-0.008446,-0.021657,-0.020949,3.141593
16420.0,0.000043,0.007761,0.001512,0.001610,5.497787,-0.000129,-0.008392,-0.021733,-0.022327,3.141593
16425.0,0.000075,0.008610,0.001483,0.000875,5.497787,0.000072,-0.011435,-0.021551,-0.021880,3.141593
16430.0,0.000125,-0.000484,0.001902,0.001656,5.497787,-0.000072,0.009760,-0.022520,-0.023293,3.141593
16435.0,0.000139,0.006862,0.001581,0.000828,5.497787,0.000014,-0.001990,-0.021987,-0.022327,3.141593
16440.0,0.000186,0.003328,0.001752,0.001610,5.497787,0.000114,-0.008012,-0.021671,-0.021880,3.141593
16445.0,0.000104,-0.004121,0.002067,0.002391,5.497787,-0.000043,0.008351,-0.022421,-0.022327,3.141593
16450.0,0.000111,0.001189,0.001832,0.002391,5.497787,0.000014,-0.006979,-0.021729,-0.021880,3.141593
16455.0,0.000107,-0.007835,0.002234,0.002438,5.497787,0.000029,-0.009285,-0.021626,-0.021880,3.141593
16460.0,0.000054,0.007332,0.001545,0.001610,5.497787,0.000014,0.001223,-0.022079,-0.020949,3.141593
16465.0,0.000139,-0.000479,0.001914,0.002391,5.497787,-0.000029,-0.008744,-0.021666,-0.021880,3.141593
16470.0,0.000104,0.002672,0.001766,0.001610,5.497787,-0.000072,0.018523,-0.022890,-0.023257,3.141593
16475.0,0.000104,-0.005857,0.002147,0.001656,5.497787,-0.000014,0.006814,-0.022372,-0.021880,3.141593
16480.0,0.000100,0.000929,0.001845,0.001610,5.497787,0.000014,-0.009744,-0.021631,-0.021880,3.141593
16485.0,0.000025,0.002399,0.001761,0.001610,5.497787,0.000043,0.003637,-0.022217,-0.022810,3.141593
16490.0,0.000150,-0.005769,0.002156,0.002391,5.497787,0.000014,-0.010935,-0.021573,-0.020466,3.141593
16495.0,0.000111,0.000227,0.001879,0.001610,5.497787,0.000043,-0.013527,-0.021459,-0.020466,3.141593
16500.0,0.000136,0.009630,0.001470,0.002391,5.497787,0.000043,0.010102,-0.022491,-0.021880,3.141593
16505.0,0.000118,-0.022657,0.002905,0.003219,5.497787,-0.000057,-0.007621,-0.021750,-0.020949,3.141593
16510.0,0.000114,0.011090,0.001401,0.001610,5.497787,0.000000,0.003514,-0.022238,-0.022810,3.141593
16515.0,0.000093,0.003043,0.001755,0.002438,5.497787,0.000014,-0.004223,-0.021881,-0.021880,3.141593
16520.0,0.000043,-0.004045,0.002057,0.001656,5.497787,-0.000086,0.001472,-0.022160,-0.023293,3.141593
16525.0,0.000086,0.003513,0.001731,0.001610,5.497787,0.000086,-0.005625,-0.021783,-0.021880,3.141593
16530.0,0.000093,-0.005138,0.002118,0.001656,5.497787,-0.000114,-0.000234,-0.022082,-0.021880,3.141593
16535.0,0.000068,0.000195,0.001875,0.002391,5.497787,-0.000072,-0.004128,-0.021911,-0.021397,3.141593
16540.0,0.000075,0.003251,0.001740,0.000828,5.497787,0.000086,-0.006758,-0.021758,-0.021397,3.141593
16545.0,0.000107,0.008356,0.001520,0.001610,5.497787,-0.000100,-0.001409,-0.022046,-0.021880,3.141593
16550.0,0.000118,0.002142,0.001801,0.002391,5.497787,-0.000014,0.008566,-0.022481,-0.022327,3.141593
16555.0,0.000032,0.001524,0.001806,0.001610,5.497787,0.000114,-0.005830,-0.021791,-0.021880,3.141593
16560.0,0.000143,-0.005368,0.002140,0.002438,5.497787,0.000029,0.011548,-0.022561,-0.022327,3.141593
16565.0,0.000068,0.011764,0.001360,0.001610,5.497787,-0.000086,0.000228,-0.022109,-0.021880,3.141593
16570.0,0.000143,0.002685,0.001781,0.001610,5.497787,0.000014,-0.004421,-0.021891,-0.021880,3.141593
16575.0,0.000168,-0.001808,0.001992,0.002391,5.497787,0.000014,-0.005441,-0.021841,-0.021397,3.141593
16580.0,0.000150,-0.018530,0.002736,0.003219,5.497787,0.000000,0.000885,-0.022118,-0.020949,3.141593
16585.0,0.000075,0.000461,0.001872,0.001610,5.497787,-0.000014,0.004199,-0.022281,-0.022810,3.141593
16590.0,0.000147,-0.003367,0.002063,0.002438,5.497787,0.000043,-0.004689,-0.021871,-0.021880,3.141593
16595.0,0.000061,0.003239,0.001749,0.001656,5.497787,-0.000072,0.000090,-0.022114,-0.021397,3.141593
16600.0,0.000093,0.009503,0.001477,0.000828,5.497787,0.000057,0.006081,-0.022345,-0.022810,3.141593
16605.0,0.000032,0.002128,0.001790,0.000828,5.497787,0.000072,0.000099,-0.022060,-0.022810,3.141593
16610.0,0.000139,-0.003186,0.002053,0.002391,5.497787,0.000014,-0.007717,-0.021725,-0.022327,3.141593
16615.0,0.000139,-0.007200,0.002232,0.002438,5.497787,0.000100,-0.001740,-0.021931,-0.021880,3.141593
16620.0,0.000082,0.014585,0.001249,0.001563,5.497787,-0.000072,0.001249,-0.022101,-0.022810,3.141593
16625.0,0.000054,0.006934,0.001583,0.001610,5.497787,0.000000,-0.011979,-0.021492,-0.021397,3.141593
16630.0,0.000050,0.011689,0.001370,0.001610,5.497787,-0.000114,-0.006601,-0.021783,-0.021880,3.141593
16635.0,0.000093,0.001915,0.001816,0.001610,5.497787,0.000000,-0.001647,-0.021990,-0.021397,3.141593
16640.0,0.000122,-0.004495,0.002109,0.001656,5.497787,0.000000,-0.009855,-0.021632,-0.022810,3.141593
16645.0,0.000097,0.015773,0.001201,0.000781,5.497787,0.000057,0.010567,-0.022489,-0.022810,3.141593
16650.0,0.000129,-0.002536,0.002027,0.001610,5.497787,-0.000014,0.026669,-0.023221,-0.023257,3.141593
16655.0,0.000082,0.005592,0.001655,0.001610,5.497787,-0.000014,0.012147,-0.022594,-0.022810,3.141593
16660.0,0.000064,0.011672,0.001380,0.001610,5.497787,-0.000043,-0.012202,-0.021528,-0.021397,3.141593
16665.0,0.000114,-0.008937,0.002311,0.002438,5.497787,0.000014,-0.011155,-0.021553,-0.020949,3.141593
16670.0,0.000111,0.010302,0.001454,0.001610,5.497787,-0.000057,-0.014135,-0.021453,-0.020949,3.141593
16675.0,0.000097,0.003359,0.001762,0.001563,5.497787,0.000014,0.006469,-0.022352,-0.022327,3.141593
16680.0,0.000050,0.008963,0.001501,0.001610,5.497787,0.000043,-0.009644,-0.021630,-0.021880,3.141593
16685.0,0.000082,0.000743,0.001877,0.001610,5.497787,-0.000157,-0.000535,-0.022101,-0.020913,3.141593
16690.0,0.000086,0.004561,0.001708,0.002391,5.497787,0.000043,-0.008290,-0.021733,-0.021397,3.141593
16695.0,0.000086,-0.007299,0.002234,0.002391,5.497787,0.000029,-0.012738,-0.021541,-0.019536,3.141593
16700.0,0.000079,-0.004280,0.002099,0.002438,5.497787,0.000043,-0.004186,-0.021930,-0.021880,3.141593
16705.0,0.000075,0.010158,0.001454,0.001610,5.497787,0.000100,-0.018958,-0.021239,-0.020949,3.141593
16710.0,0.000104,0.010842,0.001429,0.001610,5.497787,0.000057,0.005146,-0.022291,-0.021397,3.141593
16715.0,0.000036,-0.003186,0.002037,0.001610,5.497787,-0.000014,0.002293,-0.022199,-0.021880,3.141593
16720.0,0.000054,0.005634,0.001646,0.001610,5.497787,0.000014,-0.006625,-0.021793,-0.022810,3.141593
16725.0,0.000114,0.005239,0.001679,0.001610,5.497787,-0.000014,-0.000876,-0.022046,-0.022810,3.141593
16730.0,0.000125,-0.006012,0.002184,0.002438,5.497787,0.000029,-0.000238,-0.022043,-0.021397,3.141593
16735.0,0.000097,-0.006909,0.002218,0.002438,5.497787,0.000043,0.000723,-0.022076,-0.021397,3.141593
16740.0,0.000107,-0.007380,0.002242,0.002438,5.497787,0.000014,-0.000796,-0.022026,-0.021880,3.141593
16745.0,0.000061,0.002033,0.001812,0.001656,5.497787,0.000100,-0.015088,-0.021359,-0.020949,3.141593
16750.0,0.000147,0.003849,0.001753,0.000828,5.497787,-0.000057,0.014581,-0.022709,-0.022327,3.141593
16755.0,0.000122,-0.006366,0.002204,0.002391,5.497787,0.000057,0.007524,-0.022366,-0.022810,3.141593
16760.0,0.000100,-0.005650,0.002167,0.001610,5.497787,0.000086,0.004794,-0.022215,-0.021880,3.141593
16765.0,0.000075,0.008596,0.001528,0.001563,5.497787,0.000086,-0.005179,-0.021749,-0.020466,3.141593
16770.0,0.000093,-0.005765,0.002173,0.002391,5.497787,0.000000,-0.002276,-0.021895,-0.021880,3.141593
16775.0,0.000172,-0.001908,0.002021,0.001656,5.497787,-0.000014,0.006793,-0.022307,-0.022810,3.141593
16780.0,0.000089,0.001572,0.001849,0.001610,5.497787,-0.000029,0.000629,-0.022047,-0.022327,3.141593
16785.0,0.000118,-0.007797,0.002276,0.002391,5.497787,0.000072,-0.018955,-0.021145,-0.020949,3.141593
16790.0,0.000168,-0.002873,0.002069,0.002391,5.497787,0.000014,0.006377,-0.022267,-0.022810,3.141593
16795.0,0.000086,0.001911,0.001837,0.001610,5.497787,-0.000043,0.008467,-0.022375,-0.022363,3.141593
16800.0,0.000114,-0.005727,0.002185,0.002438,5.497787,-0.000043,-0.007006,-0.021697,-0.021397,3.141593
16805.0,0.000068,-0.003639,0.002080,0.001656,5.497787,-0.000057,-0.009103,-0.021627,-0.021397,3.141593
16810.0,0.000057,-0.002570,0.002028,0.001610,5.497787,-0.000014,-0.012035,-0.021507,-0.021880,3.141593
16815.0,0.000104,0.000129,0.001919,0.002391,5.497787,-0.000114,0.021504,-0.023033,-0.022291,3.141593
16820.0,0.000111,0.001573,0.001856,0.001656,5.497787,-0.000029,-0.007966,-0.021738,-0.021397,3.141593
16825.0,0.000175,-0.004341,0.002136,0.002438,5.497787,0.000014,-0.014593,-0.021450,-0.021397,3.141593
16830.0,0.000111,-0.010742,0.002407,0.002391,5.497787,-0.000014,-0.012430,-0.021556,-0.021880,3.141593
16835.0,0.000079,-0.006697,0.002220,0.002391,5.497787,-0.000043,-0.012189,-0.021579,-0.021880,3.141593
16840.0,0.000021,0.008064,0.001547,0.001610,5.497787,0.000072,-0.000329,-0.022062,-0.022327,3.141593
16845.0,0.000136,-0.001956,0.002020,0.002438,5.497787,0.000057,-0.015414,-0.021377,-0.021880,3.141593
16850.0,0.000086,0.000999,0.001877,0.002391,5.497787,0.000086,0.003098,-0.022162,-0.022810,3.141593
16855.0,0.000125,-0.010254,0.002388,0.002438,5.497787,-0.000014,-0.000778,-0.021994,-0.022810,3.141593
16860.0,0.000118,-0.006490,0.002221,0.002438,5.497787,-0.000057,-0.000098,-0.022035,-0.022327,3.141593
16865.0,0.000093,0.009742,0.001492,0.001610,5.497787,0.000072,0.001687,-0.022077,-0.021880,3.141593
16870.0,0.000064,0.009857,0.001479,0.001610,5.497787,-0.000057,0.008501,-0.022420,-0.021397,3.141593
16875.0,0.000122,-0.002651,0.002048,0.002391,5.497787,-0.000129,-0.007676,-0.021769,-0.020466,3.141593
16880.0,0.000072,0.011848,0.001391,0.000828,5.497787,0.000072,-0.003834,-0.021892,-0.021880,3.141593
16885.0,0.000075,-0.002087,0.002013,0.000922,5.497787,0.000000,-0.011125,-0.021577,-0.020949,3.141593
16890.0,0.000100,0.003058,0.001792,0.001610,5.497787,-0.000014,0.009989,-0.022508,-0.022810,3.141593
16895.0,0.000118,0.007329,0.001607,0.001610,5.497787,-0.000029,0.014896,-0.022743,-0.022327,3.141593
16900.0,0.000075,-0.005139,0.002151,0.001656,5.497787,0.000029,0.004741,-0.022275,-0.022810,3.141593
16905.0,0.000089,0.010331,0.001466,0.002344,5.497787,-0.000014,-0.003582,-0.021911,-0.020949,3.141593
16910.0,0.000129,-0.000256,0.001948,0.002391,5.497787,-0.000072,-0.002873,-0.021989,-0.022327,3.141593
16915.0,0.000079,0.004142,0.001743,0.001610,5.497787,-0.000100,0.006228,-0.022419,-0.022810,3.141593
16920.0,0.000111,0.007298,0.001611,0.001610,5.497787,0.000000,0.002011,-0.022205,-0.022327,3.141593
16925.0,0.000072,0.010252,0.001471,0.001610,5.497787,0.000114,-0.004909,-0.021843,-0.022810,3.141593
16930.0,0.000161,0.000778,0.001916,0.002391,5.497787,-0.000129,0.012026,-0.022637,-0.022810,3.141593
16935.0,0.000122,-0.007654,0.002284,0.003173,5.497787,-0.000014,0.007545,-0.022430,-0.021880,3.141593
16940.0,0.000097,-0.006669,0.002234,0.002438,5.497787,-0.000014,0.006401,-0.022378,-0.023740,3.141593
16945.0,0.000100,-0.013596,0.002545,0.003219,5.497787,-0.000014,-0.001631,-0.022018,-0.022810,3.141593
16950.0,0.000043,0.012343,0.001376,0.001656,5.497787,-0.000057,-0.003710,-0.021940,-0.022810,3.141593
16955.0,0.000143,-0.021862,0.002923,0.003219,5.497787,0.000072,-0.001705,-0.021970,-0.021397,3.141593
16960.0,0.000050,0.007261,0.001604,0.000828,5.497787,0.000057,-0.008562,-0.021668,-0.021880,3.141593
16965.0,0.000050,0.007004,0.001615,0.001563,5.497787,0.000000,0.001261,-0.022104,-0.022810,3.141593
16970.0,0.000104,0.009498,0.001518,0.001610,5.497787,-0.000029,-0.004044,-0.021870,-0.022810,3.141593
16975.0,0.000068,-0.003219,0.002075,0.002391,5.497787,-0.000029,0.026752,-0.023236,-0.022810,3.141593
16980.0,0.000086,0.007961,0.001581,0.002391,5.497787,-0.000086,-0.006768,-0.021787,-0.021397,3.141593
16985.0,0.000104,0.008422,0.001564,0.001610,5.497787,-0.000057,-0.002600,-0.021979,-0.021880,3.141593
16990.0,0.000082,0.008529,0.001555,0.001610,5.497787,-0.000029,0.000298,-0.022108,-0.022327,3.141593
16995.0,0.000154,-0.002709,0.002075,0.002391,5.497787,0.000014,-0.020363,-0.021202,-0.020949,3.141593
17000.0,0.000136,-0.001118,0.002000,0.001610,5.497787,-0.000014,0.020147,-0.023002,-0.023257,3.141593
17005.0,0.000079,0.002048,0.001847,0.001610,5.497787,0.000014,-0.011738,-0.021577,-0.022327,3.141593
17010.0,0.000154,-0.007521,0.002293,0.002438,5.497787,-0.000072,-0.001875,-0.022044,-0.022810,3.141593
17015.0,0.000104,0.009730,0.001515,0.001610,5.497787,0.000057,-0.004711,-0.021881,-0.021880,3.141593
17020.0,0.000157,0.001542,0.001892,0.001656,5.497787,0.000000,0.001108,-0.022150,-0.022327,3.141593
17025.0,0.000082,0.005572,0.001697,0.000828,5.497787,0.000029,-0.000578,-0.022066,-0.021880,3.141593
17030.0,0.000179,-0.000502,0.001993,0.001656,5.497787,0.000043,0.014675,-0.022717,-0.023740,3.141593
17035.0,0.000061,0.006454,0.001658,0.001610,5.497787,-0.000029,0.001737,-0.022152,-0.022810,3.141593
17040.0,0.000118,0.010413,0.001495,0.001610,5.497787,0.000029,-0.010494,-0.021585,-0.020019,3.141593
17045.0,0.000068,0.000583,0.001921,0.002391,5.497787,-0.000043,-0.004840,-0.021864,-0.021880,3.141593
17050.0,0.000125,-0.006690,0.002260,0.002438,5.497787,0.000014,-0.005995,-0.021801,-0.021880,3.141593
17055.0,0.000086,0.010317,0.001494,0.001610,5.497787,0.000014,0.004142,-0.022237,-0.021433,3.141593
17060.0,0.000046,0.011145,0.001446,0.001610,5.497787,-0.000014,-0.013569,-0.021481,-0.020949,3.141593
17065.0,0.000125,-0.010737,0.002440,0.003173,5.497787,0.000086,-0.010594,-0.021566,-0.020949,3.141593
17070.0,0.000086,0.003110,0.001813,0.000828,5.497787,-0.000014,0.000616,-0.022074,-0.022327,3.141593
17075.0,0.000118,0.007762,0.001615,0.001610,5.497787,-0.000014,-0.004717,-0.021834,-0.020949,3.141593
17080.0,0.000114,0.011564,0.001446,0.001610,5.497787,-0.000043,-0.015676,-0.021381,-0.021880,3.141593
17085.0,0.000111,0.000650,0.001932,0.002391,5.497787,0.000014,-0.005966,-0.021780,-0.022327,3.141593
17090.0,0.000104,0.002140,0.001864,0.002391,5.497787,-0.000014,0.004046,-0.022225,-0.021397,3.141593
17095.0,0.000025,0.012385,0.001387,0.000828,5.497787,0.000043,-0.017149,-0.021270,-0.021880,3.141593
17100.0,0.000107,0.000773,0.001925,0.002391,5.497787,0.000000,0.010256,-0.022475,-0.022327,3.141593
17105.0,0.000118,0.000453,0.001942,0.002391,5.497787,-0.000072,0.002297,-0.022157,-0.021880,3.141593
17110.0,0.000111,-0.013879,0.002579,0.003219,5.497787,0.000029,-0.005716,-0.021780,-0.020466,3.141593
17115.0,0.000118,0.010940,0.001475,0.001563,5.497787,0.000000,-0.001189,-0.022007,-0.022810,3.141593
17120.0,0.000011,0.005370,0.001698,0.001610,5.497787,-0.000014,0.015798,-0.022750,-0.023740,3.141593
17125.0,0.000129,0.003948,0.001789,0.002438,5.497787,0.000043,0.011508,-0.022532,-0.023740,3.141593
17130.0,0.000136,-0.009379,0.002386,0.002391,5.497787,-0.000014,0.002174,-0.022118,-0.021880,3.141593
17135.0,0.000050,0.000087,0.001943,0.000828,5.497787,0.000014,-0.009340,-0.021596,-0.021397,3.141593
17140.0,0.000147,0.003190,0.001829,0.002391,5.497787,0.000014,-0.006729,-0.021707,-0.021880,3.141593
17145.0,0.000093,0.002412,0.001851,0.001610,5.497787,-0.000014,0.009629,-0.022441,-0.022810,3.141593
17150.0,0.000043,-0.000398,0.001964,0.001610,5.497787,0.000014,-0.003111,-0.021872,-0.022810,3.141593
17155.0,0.000072,0.009213,0.001541,0.001610,5.497787,-0.000014,-0.005920,-0.021740,-0.022810,3.141593
17160.0,0.000079,-0.006778,0.002256,0.003219,5.497787,-0.000100,0.010041,-0.022483,-0.022810,3.141593
17165.0,0.000054,0.002095,0.001853,0.001610,5.497787,0.000014,0.018632,-0.022841,-0.022810,3.141593
17170.0,0.000057,-0.003478,0.002102,0.002391,5.497787,0.000014,0.004994,-0.022242,-0.021397,3.141593
17175.0,0.000097,-0.009071,0.002360,0.001610,5.497787,-0.000014,-0.009631,-0.021603,-0.020949,3.141593
17180.0,0.000161,-0.010507,0.002442,0.003219,5.497787,-0.000057,-0.010747,-0.021572,-0.020949,3.141593
17185.0,0.000089,-0.001451,0.002022,0.002438,5.497787,0.000057,-0.002914,-0.021888,-0.020949,3.141593
17190.0,0.000075,-0.007659,0.002294,0.003219,5.497787,0.000014,0.004459,-0.022222,-0.021397,3.141593
17195.0,0.000000,0.006805,0.001629,0.001610,5.497787,0.000014,0.003617,-0.022190,-0.021880,3.141593
17200.0,0.000139,0.000838,0.001929,0.001610,5.497787,-0.000057,-0.008773,-0.021679,-0.022810,3.141593
17205.0,0.000093,0.008001,0.001601,0.001610,5.497787,-0.000086,0.000924,-0.022136,-0.021880,3.141593
17210.0,0.000125,0.003354,0.001818,0.001610,5.497787,0.000057,-0.002009,-0.021973,-0.021397,3.141593
17215.0,0.000114,-0.002872,0.002094,0.001656,5.497787,0.000014,-0.001220,-0.022009,-0.022810,3.141593
17220.0,0.000129,0.008402,0.001595,0.001610,5.497787,0.000000,0.000740,-0.022087,-0.022810,3.141593
17225.0,0.000118,0.005358,0.001730,0.002391,5.497787,0.000014,0.010315,-0.022495,-0.022810,3.141593
17230.0,0.000118,-0.011208,0.002469,0.002438,5.497787,0.000014,0.012588,-0.022586,-0.021880,3.141593
17235.0,0.000168,0.001170,0.001931,0.002391,5.497787,0.000043,-0.010180,-0.021573,-0.021880,3.141593
17240.0,0.000161,-0.009229,0.002396,0.003173,5.497787,0.000000,-0.009773,-0.021595,-0.021397,3.141593
17245.0,0.000075,-0.000134,0.001970,0.001610,5.497787,-0.000043,-0.003312,-0.021900,-0.020949,3.141593
17250.0,0.000097,0.000360,0.001955,0.001656,5.497787,0.000000,0.008384,-0.022423,-0.021880,3.141593
17255.0,0.000068,0.012896,0.001391,0.001610,5.497787,0.000043,-0.010191,-0.021602,-0.021880,3.141593
17260.0,0.000057,-0.004664,0.002170,0.001656,5.497787,-0.000014,0.004384,-0.022248,-0.022810,3.141593
17265.0,0.000114,-0.005349,0.002215,0.001656,5.497787,0.000014,-0.011378,-0.021549,-0.020949,3.141593
17270.0,0.000161,0.008817,0.001597,0.002438,5.497787,-0.000014,0.014818,-0.022730,-0.023740,3.141593
17275.0,0.000111,-0.005425,0.002220,0.002485,5.497787,0.000029,-0.000892,-0.022016,-0.023740,3.141593
17280.0,0.000100,-0.006637,0.002269,0.003173,5.497787,0.000057,0.003700,-0.022176,-0.022327,3.141593
17285.0,0.000075,0.004097,0.001785,0.000828,5.497787,-0.000014,-0.002159,-0.021934,-0.021880,3.141593
17290.0,0.000064,0.004076,0.001783,0.001610,5.497787,-0.000029,0.012411,-0.022591,-0.022327,3.141593
17295.0,0.000061,0.002375,0.001858,0.001610,5.497787,0.000029,-0.003158,-0.021885,-0.021880,3.141593
17300.0,0.000136,0.001040,0.001936,0.002438,5.497787,0.000086,-0.016334,-0.021276,-0.020466,3.141593
17305.0,0.000143,0.001461,0.001921,0.002438,5.497787,0.000072,0.001670,-0.022061,-0.022327,3.141593
17310.0,0.000050,0.010558,0.001494,0.000828,5.497787,-0.000072,0.009941,-0.022468,-0.022810,3.141593
17315.0,0.000147,-0.001009,0.002032,0.002391,5.497787,-0.000014,0.007985,-0.022390,-0.022810,3.141593
17320.0,0.000136,-0.000203,0.001996,0.002344,5.497787,-0.000043,0.015446,-0.022726,-0.022327,3.141593
17325.0,0.000132,-0.000788,0.002023,0.002438,5.497787,0.000086,-0.012555,-0.021439,-0.021397,3.141593
17330.0,0.000064,0.010104,0.001521,0.001610,5.497787,0.000057,-0.000103,-0.021975,-0.021880,3.141593
17335.0,0.000075,0.007928,0.001621,0.002391,5.497787,-0.000043,-0.006324,-0.021728,-0.021880,3.141593
17340.0,0.000093,-0.010338,0.002438,0.002438,5.497787,-0.000072,-0.000020,-0.022028,-0.022327,3.141593
17345.0,0.000118,0.001175,0.001931,0.002438,5.497787,-0.000057,-0.001335,-0.021975,-0.022327,3.141593
17350.0,0.000075,-0.003681,0.002136,0.002391,5.497787,0.000014,-0.009011,-0.021615,-0.021880,3.141593
17355.0,0.000104,0.003963,0.001802,0.001656,5.497787,0.000072,-0.006266,-0.021703,-0.021880,3.141593
17360.0,0.000161,0.004836,0.001781,0.002391,5.497787,0.000000,-0.002962,-0.021862,-0.020949,3.141593
17365.0,0.000139,-0.004016,0.002173,0.002438,5.497787,-0.000014,0.002519,-0.022122,-0.022810,3.141593
17370.0,0.000161,-0.001610,0.002073,0.002391,5.497787,-0.000014,0.009375,-0.022428,-0.021397,3.141593
17375.0,0.000161,0.003127,0.001862,0.002391,5.497787,-0.000057,-0.010596,-0.021590,-0.021880,3.141593
17380.0,0.000111,-0.007853,0.002340,0.002438,5.497787,0.000114,-0.010641,-0.021527,-0.021880,3.141593
17385.0,0.000068,0.005933,0.001715,0.001610,5.497787,0.000057,-0.000118,-0.021985,-0.021397,3.141593
17390.0,0.000061,-0.006923,0.002287,0.002438,5.497787,0.000029,0.001727,-0.022064,-0.022327,3.141593
17395.0,0.000111,0.006553,0.001700,0.001610,5.497787,0.000014,0.005971,-0.022243,-0.022810,3.141593
17400.0,0.000122,-0.003338,0.002146,0.003173,5.497787,-0.000057,0.007565,-0.022334,-0.022810,3.141593
17405.0,0.000039,-0.005938,0.002241,0.002391,5.497787,0.000057,0.003600,-0.022120,-0.021880,3.141593
17410.0,0.000036,0.001803,0.001893,0.001610,5.497787,-0.000086,0.004620,-0.022209,-0.022810,3.141593
17415.0,0.000100,0.001621,0.001919,0.001610,5.497787,0.000029,-0.016876,-0.021232,-0.021880,3.141593
17420.0,0.000107,-0.009239,0.002406,0.003219,5.497787,-0.000014,0.003148,-0.022112,-0.022810,3.141593
17425.0,0.000093,0.003751,0.001824,0.001610,5.497787,0.000029,-0.008255,-0.021593,-0.020466,3.141593
17430.0,0.000032,0.001981,0.001890,0.001656,5.497787,-0.000043,-0.007208,-0.021667,-0.020949,3.141593
17435.0,0.000050,0.013232,0.001392,0.001610,5.497787,-0.000043,-0.016897,-0.021266,-0.021880,3.141593
17440.0,0.000093,-0.002041,0.002083,0.001610,5.497787,0.000057,0.001258,-0.022022,-0.021397,3.141593
17445.0,0.000082,-0.002929,0.002120,0.002438,5.497787,-0.000086,0.024179,-0.023088,-0.023740,3.141593
17450.0,0.000100,-0.004866,0.002211,0.003219,5.497787,-0.000014,0.007936,-0.022359,-0.022810,3.141593
17455.0,0.000093,-0.009238,0.002403,0.002391,5.497787,-0.000043,-0.010041,-0.021589,-0.020466,3.141593
17460.0,0.000050,-0.001277,0.002037,0.001610,5.497787,0.000029,-0.018603,-0.021192,-0.021397,3.141593
17465.0,0.000161,-0.000979,0.002054,0.001610,5.497787,0.000014,0.004896,-0.022219,-0.021880,3.141593
17470.0,0.000014,0.008840,0.001582,0.001656,5.497787,0.000072,-0.000444,-0.021961,-0.022810,3.141593
17475.0,0.000097,0.004541,0.001793,0.001610,5.497787,-0.000014,-0.003560,-0.021825,-0.022810,3.141593
17480.0,0.000082,0.003415,0.001842,0.001656,5.497787,-0.000029,0.003350,-0.022144,-0.022327,3.141593
17485.0,0.000075,0.001977,0.001904,0.001610,5.497787,-0.000057,0.004112,-0.022195,-0.022327,3.141593
17490.0,0.000075,0.011671,0.001472,0.001610,5.497787,-0.000057,0.024223,-0.023102,-0.022810,3.141593
17495.0,0.000075,0.007628,0.001651,0.001610,5.497787,0.000014,-0.011721,-0.021522,-0.021880,3.141593
17500.0,0.000086,0.003713,0.001829,0.002391,5.497787,-0.000057,0.009589,-0.022480,-0.023293,3.141593
17505.0,0.000143,0.000004,0.002009,0.002438,5.497787,-0.000057,-0.015943,-0.021349,-0.020949,3.141593
17510.0,0.000147,-0.001924,0.002096,0.002438,5.497787,-0.000014,0.000982,-0.022100,-0.022810,3.141593
17515.0,0.000086,0.008956,0.001597,0.001610,5.497787,0.000086,-0.005450,-0.021765,-0.021397,3.141593
17520.0,0.000100,0.006046,0.001731,0.001610,5.497787,-0.000143,0.050608,-0.024325,-0.024187,3.141593
17525.0,0.000064,0.002163,0.001897,0.001610,5.497787,-0.000086,0.001802,-0.022200,-0.022327,3.141593
17530.0,0.000068,-0.003957,0.002170,0.001610,5.497787,0.000057,-0.011426,-0.021579,-0.022327,3.141593
17535.0,0.000050,0.004527,0.001786,0.001610,5.497787,0.000129,-0.001253,-0.021971,-0.021880,3.141593
17540.0,0.000075,-0.000012,0.001996,0.001610,5.497787,0.000086,0.001403,-0.022081,-0.022363,3.141593
17545.0,0.000129,0.009113,0.001603,0.001610,5.497787,0.000043,-0.011000,-0.021525,-0.022363,3.141593
17550.0,0.000036,0.003550,0.001829,0.001610,5.497787,0.000000,0.007252,-0.022323,-0.021880,3.141593
17555.0,0.000054,-0.004377,0.002187,0.002391,5.497787,-0.000014,-0.000564,-0.021986,-0.022810,3.141593
17560.0,0.000125,-0.011507,0.002523,0.002438,5.497787,-0.000086,0.007882,-0.022374,-0.022810,3.141593
17565.0,0.000097,0.009633,0.001575,0.001610,5.497787,-0.000029,0.006829,-0.022325,-0.023293,3.141593
17570.0,0.000100,-0.008466,0.002384,0.002438,5.497787,0.000000,0.014678,-0.022660,-0.022327,3.141593
17575.0,0.000100,0.000041,0.002005,0.001610,5.497787,-0.000014,-0.008963,-0.021624,-0.021880,3.141593
17580.0,0.000093,0.007725,0.001661,0.002391,5.497787,-0.000100,0.002568,-0.022171,-0.021880,3.141593
17585.0,0.000029,-0.001306,0.002047,0.001610,5.497787,-0.000057,0.002702,-0.022200,-0.021844,3.141593
17590.0,0.000004,0.012457,0.001427,0.000828,5.497787,0.000129,-0.027206,-0.020811,-0.020466,3.141593
17595.0,0.000118,0.006060,0.001738,0.001610,5.497787,-0.000014,0.005640,-0.022273,-0.022810,3.141593
17600.0,0.000075,-0.002584,0.002112,0.001656,5.497787,-0.000043,-0.002449,-0.021925,-0.021397,3.141593
17605.0,0.000118,-0.007134,0.002328,0.002391,5.497787,0.000057,-0.004536,-0.021820,-0.021880,3.141593
17610.0,0.000068,-0.003739,0.002164,0.002391,5.497787,-0.000014,-0.004835,-0.021818,-0.021880,3.141593
17615.0,0.000097,0.000472,0.001983,0.002391,5.497787,0.000043,-0.011580,-0.021497,-0.021397,3.141593
17620.0,0.000168,-0.005288,0.002258,0.002438,5.497787,-0.000014,0.002652,-0.022145,-0.021880,3.141593
17625.0,0.000136,-0.010472,0.002484,0.003219,5.497787,-0.000086,0.036012,-0.023661,-0.023257,3.141593
17630.0,0.000043,0.005926,0.001731,0.001610,5.497787,-0.000014,-0.007435,-0.021744,-0.022810,3.141593
17635.0,0.000057,0.009915,0.001556,0.001610,5.497787,0.000086,0.000715,-0.022062,-0.021880,3.141593
17640.0,0.000122,0.003028,0.001878,0.001610,5.497787,0.000043,-0.007440,-0.021706,-0.020913,3.141593
17645.0,0.000093,0.010029,0.001559,0.002391,5.497787,-0.000014,-0.001864,-0.021975,-0.022810,3.141593
17650.0,0.000097,0.000245,0.001995,0.002438,5.497787,-0.000043,0.013089,-0.022636,-0.023257,3.141593
17655.0,0.000093,-0.010259,0.002462,0.002485,5.497787,0.000014,-0.009600,-0.021613,-0.021880,3.141593
17660.0,0.000061,0.005837,0.001738,0.001610,5.497787,-0.000086,0.023556,-0.023126,-0.022774,3.141593
17665.0,0.000079,-0.004529,0.002204,0.001656,5.497787,-0.000029,-0.013205,-0.021515,-0.020949,3.141593
17670.0,0.000079,0.001327,0.001944,0.001610,5.497787,0.000100,-0.014572,-0.021411,-0.020949,3.141593
17675.0,0.000104,0.004859,0.001794,0.001610,5.497787,-0.000057,-0.008562,-0.021706,-0.020466,3.141593
17680.0,0.000175,0.000753,0.001997,0.002438,5.497787,-0.000029,-0.023548,-0.021070,-0.021880,3.141593
17685.0,0.000075,0.005502,0.001762,0.000828,5.497787,0.000057,0.008285,-0.022429,-0.022363,3.141593
17690.0,0.000179,0.002451,0.001926,0.001610,5.497787,0.000043,0.001966,-0.022133,-0.021880,3.141593
17695.0,0.000132,-0.000569,0.002051,0.002438,5.497787,0.000057,-0.012519,-0.021478,-0.020019,3.141593
17700.0,0.000093,-0.004664,0.002224,0.002438,5.497787,-0.000086,0.012036,-0.022625,-0.023293,3.141593
17705.0,0.000018,-0.000829,0.002034,0.001610,5.497787,0.000086,0.004431,-0.022236,-0.021880,3.141593
17710.0,0.000111,0.006773,0.001721,0.001610,5.497787,0.000014,0.005756,-0.022294,-0.022810,3.141593
17715.0,0.000125,0.000491,0.002006,0.002438,5.497787,-0.000057,-0.003439,-0.021914,-0.021880,3.141593
17720.0,0.000139,-0.004625,0.002238,0.002391,5.497787,0.000057,0.002143,-0.022142,-0.021880,3.141593
17725.0,0.000032,-0.000444,0.002026,0.001610,5.497787,0.000057,-0.003807,-0.021861,-0.022810,3.141593
17730.0,0.000039,0.003411,0.001854,0.001610,5.497787,-0.000043,0.028172,-0.023292,-0.023257,3.141593
17735.0,0.000111,-0.002545,0.002136,0.002391,5.497787,-0.000014,-0.003518,-0.021898,-0.021397,3.141593
17740.0,0.000093,0.000924,0.001977,0.002391,5.497787,0.000000,-0.013238,-0.021473,-0.022363,3.141593
17745.0,0.000125,-0.006468,0.002315,0.002438,5.497787,0.000072,0.004199,-0.022209,-0.021397,3.141593
17750.0,0.000057,-0.003250,0.002155,0.001610,5.497787,0.000014,0.013423,-0.022624,-0.022327,3.141593
17755.0,0.000068,0.001522,0.001945,0.001610,5.497787,-0.000057,0.011462,-0.022565,-0.021397,3.141593
17760.0,0.000032,0.002823,0.001879,0.000828,5.497787,0.000000,0.006928,-0.022371,-0.022810,3.141593
17765.0,0.000132,-0.003669,0.002194,0.002391,5.497787,0.000072,-0.005228,-0.021793,-0.021397,3.141593
17770.0,0.000136,0.004412,0.001836,0.002391,5.497787,-0.000086,0.007269,-0.022402,-0.022810,3.141593
17775.0,0.000089,-0.003566,0.002180,0.002391,5.497787,-0.000057,0.010362,-0.022550,-0.022810,3.141593
17780.0,0.000132,-0.012081,0.002570,0.002485,5.497787,-0.000043,0.007230,-0.022418,-0.022810,3.141593
17785.0,0.000143,-0.003367,0.002185,0.001610,5.497787,0.000014,0.004572,-0.022288,-0.021880,3.141593
17790.0,0.000089,-0.007228,0.002347,0.002391,5.497787,0.000086,-0.012802,-0.021498,-0.021880,3.141593
17795.0,0.000111,0.001580,0.001960,0.002391,5.497787,0.000014,-0.012017,-0.021534,-0.021880,3.141593
17800.0,0.000025,0.005826,0.001750,0.001610,5.497787,0.000000,0.011009,-0.022550,-0.022363,3.141593
17805.0,0.000143,0.002061,0.001947,0.002391,5.497787,-0.000057,0.016019,-0.022789,-0.022810,3.141593
17810.0,0.000143,-0.002350,0.002145,0.002391,5.497787,0.000072,0.006936,-0.022357,-0.022327,3.141593
17815.0,0.000072,0.003778,0.001855,0.002391,5.497787,-0.000014,0.007556,-0.022400,-0.021880,3.141593
17820.0,0.000061,0.006770,0.001718,0.002438,5.497787,-0.000086,-0.005246,-0.021876,-0.021844,3.141593
17825.0,0.000111,-0.003660,0.002195,0.002391,5.497787,0.000014,-0.001043,-0.022038,-0.022327,3.141593
17830.0,0.000143,0.003131,0.001901,0.002391,5.497787,0.000029,-0.002392,-0.021967,-0.022810,3.141593
17835.0,0.000165,-0.014650,0.002700,0.002391,5.497787,-0.000014,0.013440,-0.022658,-0.021397,3.141593
17840.0,0.000057,0.005265,0.001788,0.001656,5.497787,0.000057,-0.018978,-0.021214,-0.021880,3.141593
17845.0,0.000046,0.011070,0.001526,0.001610,5.497787,0.000014,0.007151,-0.022355,-0.021880,3.141593
17850.0,0.000129,-0.007365,0.002367,0.002438,5.497787,0.000014,0.007260,-0.022357,-0.022810,3.141593
17855.0,0.000054,-0.002546,0.002135,0.001610,5.497787,0.000000,0.014690,-0.022687,-0.022327,3.141593
17860.0,0.000129,-0.007338,0.002367,0.002391,5.497787,-0.000072,-0.010062,-0.021628,-0.021397,3.141593
17865.0,0.000086,-0.014148,0.002662,0.003219,5.497787,0.000000,0.015671,-0.022764,-0.022810,3.141593
17870.0,0.000161,-0.005111,0.002280,0.001610,5.497787,0.000100,0.002499,-0.022142,-0.021397,3.141593
17875.0,0.000032,0.001371,0.001961,0.001656,5.497787,0.000014,0.003424,-0.022197,-0.022810,3.141593
17880.0,0.000079,0.006802,0.001730,0.001656,5.497787,0.000057,-0.001453,-0.021955,-0.021397,3.141593
17885.0,0.000097,-0.011484,0.002550,0.002438,5.497787,-0.000057,0.000111,-0.022056,-0.022327,3.141593
17890.0,0.000046,0.006958,0.001718,0.001610,5.497787,0.000000,0.001366,-0.022095,-0.022810,3.141593
17895.0,0.000050,0.010388,0.001566,0.001610,5.497787,-0.000014,0.007114,-0.022361,-0.022327,3.141593
17900.0,0.000122,0.004716,0.001837,0.001610,5.497787,0.000014,0.007495,-0.022368,-0.022327,3.141593
17905.0,0.000118,0.000963,0.002006,0.001656,5.497787,0.000029,-0.012958,-0.021446,-0.020949,3.141593
17910.0,0.000082,-0.003682,0.002205,0.002391,5.497787,-0.000014,-0.005896,-0.021776,-0.021397,3.141593
17915.0,0.000129,0.003340,0.001905,0.002391,5.497787,-0.000043,-0.000767,-0.022023,-0.022810,3.141593
17920.0,0.000039,0.007057,0.001716,0.001610,5.497787,-0.000057,0.020625,-0.022979,-0.022327,3.141593
17925.0,0.000068,-0.000374,0.002055,0.001610,5.497787,-0.000029,0.008305,-0.022453,-0.022810,3.141593
17930.0,0.000122,0.007292,0.001727,0.002391,5.497787,-0.000029,0.006468,-0.022372,-0.022810,3.141593
17935.0,0.000032,0.009128,0.001623,0.001610,5.497787,0.000043,-0.008294,-0.021686,-0.021397,3.141593
17940.0,0.000068,-0.001461,0.002104,0.002391,5.497787,0.000000,-0.002046,-0.021980,-0.021397,3.141593
17945.0,0.000118,0.003048,0.001916,0.000828,5.497787,0.000029,-0.003833,-0.021898,-0.021397,3.141593
17950.0,0.000132,0.010042,0.001609,0.001610,5.497787,-0.000043,0.014417,-0.022733,-0.022810,3.141593
17955.0,0.000118,0.004013,0.001875,0.002391,5.497787,-0.000086,0.008949,-0.022520,-0.022327,3.141593
17960.0,0.000104,0.008299,0.001680,0.001610,5.497787,0.000143,-0.006670,-0.021760,-0.021397,3.141593
17965.0,0.000050,-0.001851,0.002119,0.002391,5.497787,0.000029,-0.012568,-0.021507,-0.021880,3.141593
17970.0,0.000082,0.000261,0.002032,0.002438,5.497787,0.000014,0.004342,-0.022237,-0.021880,3.141593
17975.0,0.000043,0.001033,0.001986,0.001656,5.497787,-0.000057,0.003451,-0.022218,-0.021880,3.141593
17980.0,0.000118,-0.009123,0.002456,0.003219,5.497787,-0.000057,0.007724,-0.022424,-0.022327,3.141593
17985.0,0.000118,-0.005713,0.002305,0.002438,5.497787,-0.000014,-0.002778,-0.021960,-0.021397,3.141593
17990.0,0.000136,-0.002063,0.002147,0.002391,5.497787,0.000029,0.001031,-0.022130,-0.021397,3.141593
17995.0,0.000086,-0.000300,0.002057,0.001656,5.497787,-0.000014,-0.005094,-0.021892,-0.022327,3.141593
18000.0,0.000082,-0.009736,0.002477,0.002438,5.497787,0.000000,0.006270,-0.022386,-0.022327,3.141593
18005.0,0.000118,-0.004641,0.002259,0.002391,5.497787,0.000043,-0.002056,-0.021996,-0.022810,3.141593
18010.0,0.000136,0.002168,0.001962,0.001610,5.497787,0.000014,-0.002607,-0.021969,-0.021880,3.141593
18015.0,0.000093,-0.003590,0.002210,0.001703,5.497787,0.000000,-0.013483,-0.021498,-0.021880,3.141593
18020.0,0.000111,-0.009168,0.002465,0.002391,5.497787,0.000043,0.002271,-0.022164,-0.021880,3.141593
18025.0,0.000068,-0.002944,0.002179,0.002438,5.497787,0.000029,-0.012609,-0.021504,-0.021397,3.141593
18030.0,0.000089,0.000460,0.002030,0.002438,5.497787,0.000014,-0.011136,-0.021559,-0.021880,3.141593
18035.0,0.000093,-0.010232,0.002506,0.002438,5.497787,0.000072,0.000697,-0.022041,-0.022810,3.141593
18040.0,0.000107,0.006866,0.001747,0.000828,5.497787,-0.000014,0.011509,-0.022532,-0.022810,3.141593
18045.0,0.000125,-0.000435,0.002079,0.002438,5.497787,-0.000086,0.012763,-0.022614,-0.022810,3.141593
18050.0,0.000114,-0.005929,0.002322,0.002438,5.497787,0.000029,-0.001574,-0.021948,-0.021880,3.141593
18055.0,0.000104,0.001878,0.001973,0.002391,5.497787,-0.000014,0.027792,-0.023271,-0.023257,3.141593
18060.0,0.000093,0.004246,0.001863,0.001610,5.497787,0.000014,-0.003207,-0.021900,-0.021880,3.141593
18065.0,0.000107,-0.001686,0.002130,0.000828,5.497787,0.000057,-0.000864,-0.021971,-0.020949,3.141593
18070.0,0.000111,0.008187,0.001694,0.001610,5.497787,-0.000043,-0.000442,-0.022017,-0.022810,3.141593
18075.0,0.000082,0.003109,0.001913,0.001610,5.497787,-0.000029,-0.010530,-0.021577,-0.021397,3.141593
18080.0,0.000072,-0.004283,0.002241,0.001610,5.497787,0.000014,0.018198,-0.022844,-0.022810,3.141593
18085.0,0.000100,0.002181,0.001960,0.002391,5.497787,0.000000,0.009932,-0.022482,-0.021880,3.141593
18090.0,0.000118,0.007858,0.001713,0.001610,5.497787,-0.000086,0.004273,-0.022271,-0.022810,3.141593
18095.0,0.000043,0.011708,0.001525,0.001656,5.497787,0.000043,-0.004915,-0.021832,-0.021880,3.141593
18100.0,0.000050,-0.010575,0.002520,0.003219,5.497787,0.000014,-0.008928,-0.021675,-0.021880,3.141593
18105.0,0.000136,0.006046,0.001800,0.002391,5.497787,0.000000,-0.002115,-0.021973,-0.022810,3.141593
18110.0,0.000082,-0.004135,0.002242,0.001656,5.497787,0.000043,-0.016604,-0.021311,-0.020466,3.141593
18115.0,0.000118,0.002190,0.001971,0.002391,5.497787,0.000100,-0.006315,-0.021729,-0.021880,3.141593
18120.0,0.000082,0.005656,0.001808,0.000828,5.497787,0.000029,-0.003210,-0.021860,-0.021397,3.141593
18125.0,0.000132,-0.000810,0.002110,0.001610,5.497787,0.000000,-0.008729,-0.021623,-0.021880,3.141593
18130.0,0.000014,0.011904,0.001513,0.001610,5.497787,-0.000014,0.015483,-0.022698,-0.022810,3.141593
18135.0,0.000147,0.002680,0.001956,0.002438,5.497787,-0.000014,-0.005700,-0.021756,-0.022327,3.141593
18140.0,0.000082,0.006694,0.001762,0.002391,5.497787,0.000014,-0.010548,-0.021533,-0.021880,3.141593
18145.0,0.000129,-0.004722,0.002282,0.002438,5.497787,0.000014,0.001073,-0.022032,-0.021397,3.141593
18150.0,0.000143,-0.012261,0.002623,0.003219,5.497787,-0.000043,-0.005910,-0.021754,-0.022810,3.141593
18155.0,0.000043,0.002698,0.001932,0.001610,5.497787,0.000057,-0.001230,-0.021918,-0.021397,3.141593
18160.0,0.000147,-0.002821,0.002205,0.001610,5.497787,0.000000,0.000567,-0.022017,-0.022327,3.141593
18165.0,0.000204,0.007598,0.001757,0.002391,5.497787,-0.000057,0.016761,-0.022763,-0.022810,3.141593
18170.0,0.000086,-0.010151,0.002522,0.003173,5.497787,-0.000057,-0.014089,-0.021413,-0.020949,3.141593
18175.0,0.000107,-0.003922,0.002249,0.002391,5.497787,0.000000,-0.008879,-0.021642,-0.021397,3.141593
18180.0,0.000018,-0.000393,0.002070,0.001610,5.497787,-0.000029,0.006272,-0.022320,-0.022810,3.141593
18185.0,0.000072,0.001455,0.001999,0.002438,5.497787,-0.000072,0.004249,-0.022248,-0.022327,3.141593
18190.0,0.000097,0.004343,0.001876,0.002438,5.497787,0.000100,-0.003831,-0.021842,-0.021880,3.141593
18195.0,0.000129,-0.003699,0.002243,0.002391,5.497787,0.000014,-0.009658,-0.021590,-0.021880,3.141593
18200.0,0.000118,-0.000612,0.002103,0.002391,5.497787,-0.000072,0.002870,-0.022172,-0.021397,3.141593
18205.0,0.000057,0.000613,0.002035,0.001656,5.497787,-0.000143,0.024173,-0.023177,-0.022774,3.141593
18210.0,0.000054,0.001877,0.001977,0.002391,5.497787,-0.000072,-0.015711,-0.021429,-0.021880,3.141593
18215.0,0.000100,-0.011787,0.002595,0.002438,5.497787,-0.000014,0.016270,-0.022829,-0.022810,3.141593
18220.0,0.000122,0.004741,0.001865,0.002391,5.497787,-0.000086,0.006972,-0.022456,-0.023740,3.141593
18225.0,0.000086,0.004291,0.001877,0.002391,5.497787,0.000029,0.017047,-0.022867,-0.022810,3.141593
18230.0,0.000086,0.004156,0.001883,0.001610,5.497787,0.000057,-0.000664,-0.022061,-0.022810,3.141593
18235.0,0.000097,0.007808,0.001724,0.001610,5.497787,-0.000057,0.012035,-0.022636,-0.022810,3.141593
18240.0,0.000068,0.008760,0.001676,0.002391,5.497787,0.000043,0.001002,-0.022124,-0.021397,3.141593
18245.0,0.000072,0.008115,0.001705,0.001610,5.497787,-0.000014,-0.002495,-0.021984,-0.021880,3.141593
18250.0,0.000075,0.007343,0.001740,0.000875,5.497787,-0.000072,0.006568,-0.022414,-0.022810,3.141593
18255.0,0.000122,-0.000252,0.002092,0.001610,5.497787,0.000072,-0.009453,-0.021653,-0.021397,3.141593
18260.0,0.000125,-0.010600,0.002556,0.002438,5.497787,0.000100,-0.007219,-0.021716,-0.021397,3.141593
18265.0,0.000111,-0.007051,0.002396,0.002438,5.497787,0.000014,0.003315,-0.022187,-0.021397,3.141593
18270.0,0.000100,0.008655,0.001696,0.001610,5.497787,-0.000086,0.008541,-0.022463,-0.022810,3.141593
18275.0,0.000057,0.009224,0.001661,0.001610,5.497787,0.000072,-0.006561,-0.021749,-0.020913,3.141593
18280.0,0.000143,0.000799,0.002058,0.002391,5.497787,0.000014,-0.005587,-0.021802,-0.021880,3.141593
18285.0,0.000064,0.003610,0.001913,0.002391,5.497787,0.000014,0.003139,-0.022175,-0.021397,3.141593
18290.0,0.000122,-0.008498,0.002466,0.003219,5.497787,-0.000029,0.018143,-0.022859,-0.023740,3.141593
18295.0,0.000018,0.003370,0.001911,0.001610,5.497787,0.000000,0.003650,-0.022208,-0.021880,3.141593
18300.0,0.000118,0.003789,0.001915,0.002391,5.497787,0.000014,-0.011655,-0.021516,-0.019089,3.141593
18305.0,0.000190,-0.003145,0.002244,0.002391,5.497787,-0.000072,-0.001761,-0.022001,-0.022327,3.141593
18310.0,0.000150,0.002810,0.001973,0.002391,5.497787,-0.000014,-0.005387,-0.021841,-0.021880,3.141593
18315.0,0.000100,0.007501,0.001753,0.001610,5.497787,-0.000014,-0.008200,-0.021719,-0.021397,3.141593
18320.0,0.000111,-0.000853,0.002127,0.002391,5.497787,0.000129,-0.015222,-0.021357,-0.020949,3.141593
18325.0,0.000143,-0.007329,0.002424,0.002391,5.497787,0.000043,0.001146,-0.022093,-0.022327,3.141593
18330.0,0.000107,0.011089,0.001596,0.001610,5.497787,0.000043,-0.003783,-0.021856,-0.021397,3.141593
18335.0,0.000043,0.002400,0.001965,0.001610,5.497787,-0.000072,-0.004650,-0.021853,-0.020949,3.141593
18340.0,0.000093,0.007419,0.001755,0.002438,5.497787,0.000014,-0.008016,-0.021700,-0.021880,3.141593
18345.0,0.000100,-0.002721,0.002209,0.002438,5.497787,-0.000014,0.013853,-0.022678,-0.022327,3.141593
18350.0,0.000100,-0.000843,0.002125,0.002391,5.497787,-0.000014,0.018394,-0.022891,-0.023740,3.141593
18355.0,0.000086,0.000634,0.002054,0.002391,5.497787,0.000000,0.002222,-0.022162,-0.022810,3.141593
18360.0,0.000079,-0.000053,0.002083,0.001656,5.497787,0.000000,-0.005421,-0.021821,-0.021397,3.141593
18365.0,0.000082,0.000480,0.002060,0.002438,5.497787,0.000057,0.000612,-0.022071,-0.021880,3.141593
18370.0,0.000107,-0.011899,0.002619,0.002391,5.497787,-0.000014,-0.006170,-0.021773,-0.021880,3.141593
18375.0,0.000125,0.004200,0.001907,0.002391,5.497787,-0.000029,0.008507,-0.022426,-0.022327,3.141593
18380.0,0.000046,0.003626,0.001914,0.001610,5.497787,0.000014,0.002651,-0.022142,-0.021880,3.141593
18385.0,0.000032,0.001351,0.002012,0.001656,5.497787,0.000072,0.005468,-0.022234,-0.023740,3.141593
18390.0,0.000104,0.002370,0.001985,0.002391,5.497787,-0.000043,-0.007048,-0.021706,-0.020949,3.141593
18395.0,0.000043,0.012992,0.001496,0.001610,5.497787,-0.000100,-0.003474,-0.021908,-0.020913,3.141593
18400.0,0.000129,-0.000656,0.002125,0.002391,5.497787,-0.000014,-0.017623,-0.021296,-0.021880,3.141593
18405.0,0.000118,-0.002379,0.002200,0.002438,5.497787,0.000000,-0.006573,-0.021785,-0.022327,3.141593
18410.0,0.000136,-0.014882,0.002764,0.002391,5.497787,0.000057,-0.004707,-0.021829,-0.021397,3.141593
18415.0,0.000093,0.000256,0.002083,0.001610,5.497787,0.000014,-0.006011,-0.021785,-0.021880,3.141593
18420.0,0.000057,0.001177,0.002034,0.001610,5.497787,0.000000,-0.007213,-0.021727,-0.021397,3.141593
18425.0,0.000079,0.002012,0.002002,0.001656,5.497787,-0.000014,0.004730,-0.022272,-0.021397,3.141593
18430.0,0.000093,0.001790,0.002016,0.002391,5.497787,-0.000014,-0.000557,-0.022057,-0.021880,3.141593
18435.0,0.000086,0.001763,0.002016,0.002391,5.497787,0.000057,0.005406,-0.022297,-0.022810,3.141593
18440.0,0.000118,0.002456,0.001993,0.002391,5.497787,0.000029,-0.008616,-0.021663,-0.021880,3.141593
18445.0,0.000111,0.002842,0.001977,0.002391,5.497787,-0.000029,0.003977,-0.022242,-0.022810,3.141593
18450.0,0.000100,0.003396,0.001951,0.002391,5.497787,0.000029,0.013274,-0.022626,-0.021844,3.141593
18455.0,0.000100,0.003419,0.001950,0.001610,5.497787,0.000014,-0.003600,-0.021886,-0.021880,3.141593
18460.0,0.000111,0.006198,0.001831,0.002391,5.497787,0.000043,0.002897,-0.022163,-0.022810,3.141593
18465.0,0.000118,0.005687,0.001856,0.001610,5.497787,0.000000,0.011064,-0.022530,-0.023293,3.141593
18470.0,0.000025,0.003458,0.001933,0.001656,5.497787,0.000000,-0.011517,-0.021522,-0.021397,3.141593
18475.0,0.000118,-0.008611,0.002494,0.002391,5.497787,-0.000129,-0.001013,-0.022042,-0.022810,3.141593
18480.0,0.000050,0.002356,0.001987,0.002391,5.497787,0.000000,-0.003197,-0.021915,-0.020466,3.141593
18485.0,0.000079,-0.001362,0.002159,0.002438,5.497787,0.000014,0.000448,-0.022084,-0.022810,3.141593
18490.0,0.000122,-0.003766,0.002277,0.002438,5.497787,-0.000014,0.006907,-0.022373,-0.021397,3.141593
18495.0,0.000111,-0.006253,0.002385,0.002391,5.497787,0.000000,-0.006250,-0.021813,-0.022810,3.141593
18500.0,0.000193,-0.004064,0.002310,0.002438,5.497787,0.000114,-0.025054,-0.020913,-0.020949,3.141593
18505.0,15.557781,14.133848,0.102734,0.091140,5.494336,0.000014,-0.005984,-0.021753,-0.022363,3.141593
18510.0,15.044779,16.423555,-0.028188,-0.023407,5.484748,-0.000072,0.001225,-0.022093,-0.022810,3.141593
18515.0,14.525538,15.432202,-0.017447,-0.017826,5.476312,0.000057,-0.011792,-0.021471,-0.020466,3.141593
18520.0,14.058008,14.403135,0.003925,0.004053,5.469025,-0.000014,-0.004338,-0.021830,-0.022363,3.141593
18525.0,13.632607,13.974055,0.005628,0.006503,5.461739,-0.000057,0.002942,-0.022172,-0.022810,3.141593
18530.0,13.204608,13.686581,-0.001975,-0.001792,5.454836,0.000029,-0.003604,-0.021855,-0.021880,3.141593
18535.0,12.798021,13.025754,0.009510,0.010063,5.447933,-0.000043,0.004738,-0.022236,-0.021397,3.141593
18540.0,12.379704,12.848264,-0.005500,-0.005180,5.441413,-0.000072,0.008361,-0.022431,-0.022810,3.141593
18545.0,12.011139,12.011135,0.017871,0.016461,5.435277,0.000014,-0.000802,-0.022004,-0.022810,3.141593
18550.0,11.667756,11.689548,0.021983,0.021072,5.429525,0.000000,0.015731,-0.022727,-0.021844,3.141593
18555.0,11.326593,11.412669,0.022651,0.022388,5.423773,-0.000057,0.002454,-0.022186,-0.021397,3.141593
18560.0,10.985781,11.137938,0.021360,0.020469,5.418020,0.000086,0.000966,-0.022076,-0.021880,3.141593
18565.0,10.661077,10.722996,0.028053,0.027461,5.412652,0.000014,-0.000021,-0.022039,-0.021397,3.141593
18570.0,10.338842,10.396110,0.029547,0.028891,5.407666,-0.000043,-0.010039,-0.021617,-0.021880,3.141593
18575.0,10.050982,9.928768,0.043345,0.042530,5.402680,0.000129,-0.001181,-0.021938,-0.021880,3.141593
18580.0,9.749804,9.942443,0.031038,0.030869,5.397695,0.000014,-0.006320,-0.021719,-0.022810,3.141593
18585.0,9.468284,9.540187,0.040034,0.039277,5.393093,0.000086,-0.015278,-0.021275,-0.020466,3.141593
18590.0,9.192142,9.260555,0.043189,0.041728,5.388491,0.000014,0.004725,-0.022166,-0.021880,3.141593
18595.0,8.919247,9.020054,0.043777,0.044515,5.383889,-0.000014,0.000190,-0.021980,-0.021880,3.141593
18600.0,8.646690,8.814758,0.041319,0.040911,5.379287,-0.000072,0.014744,-0.022661,-0.022327,3.141593
18605.0,8.381063,8.375300,0.049316,0.050514,5.375069,-0.000014,0.014407,-0.022647,-0.021397,3.141593
18610.0,8.132129,8.202745,0.047764,0.046961,5.370467,-0.000029,0.002193,-0.022143,-0.021880,3.141593
18615.0,7.871365,8.116356,0.038233,0.038349,5.366249,0.000029,-0.006696,-0.021727,-0.021880,3.141593
18620.0,7.627090,7.652369,0.047805,0.046461,5.362797,0.000057,-0.003230,-0.021848,-0.022810,3.141593
18625.0,7.409885,7.524240,0.047265,0.047071,5.358579,-0.000057,-0.001591,-0.021941,-0.022363,3.141593
18630.0,7.172055,7.262838,0.046668,0.047726,5.354743,-0.000057,-0.003325,-0.021876,-0.021880,3.141593
18635.0,6.969127,6.776320,0.062732,0.062259,5.351676,-0.000072,0.000147,-0.022049,-0.022327,3.141593
18640.0,6.759868,6.869535,0.050409,0.050040,5.347841,0.000043,-0.007842,-0.021663,-0.020949,3.141593
18645.0,6.565150,6.481365,0.061622,0.061272,5.344773,0.000014,-0.016480,-0.021282,-0.020949,3.141593
18650.0,6.347762,6.535058,0.046881,0.046739,5.341321,-0.000029,-0.005047,-0.021810,-0.021397,3.141593
18655.0,6.170650,6.070917,0.063188,0.062863,5.338637,0.000057,-0.009548,-0.021601,-0.021880,3.141593
18660.0,5.995063,5.955400,0.063302,0.062094,5.335569,0.000014,0.013444,-0.022614,-0.022810,3.141593
18665.0,5.815372,5.901998,0.058715,0.059693,5.332118,0.000000,0.014478,-0.022658,-0.022810,3.141593
18670.0,5.626838,5.705405,0.057437,0.057443,5.329050,-0.000014,-0.001374,-0.021966,-0.022810,3.141593
18675.0,5.442134,5.453074,0.058449,0.058385,5.325982,0.000057,-0.000632,-0.021970,-0.021880,3.141593
18680.0,5.268077,5.369356,0.053351,0.054325,5.323297,0.000029,-0.000537,-0.021980,-0.022327,3.141593
18685.0,5.099351,5.153782,0.054355,0.054568,5.320229,0.000029,0.002278,-0.022084,-0.021397,3.141593
18690.0,4.921846,5.083577,0.045923,0.046610,5.317161,0.000014,0.009348,-0.022409,-0.022810,3.141593
18695.0,4.756626,4.794117,0.049046,0.048191,5.314860,0.000014,-0.004334,-0.021795,-0.020019,3.141593
18700.0,4.610935,4.509134,0.055511,0.055042,5.312559,-0.000157,0.009879,-0.022511,-0.022327,3.141593
18705.0,4.469315,4.621077,0.044436,0.044499,5.309875,0.000014,-0.011220,-0.021545,-0.021880,3.141593
18710.0,4.322555,4.407888,0.045824,0.047163,5.307574,-0.000014,-0.006425,-0.021761,-0.021880,3.141593
18715.0,4.197268,4.066317,0.057001,0.057214,5.305656,0.000072,-0.023354,-0.020988,-0.020466,3.141593
18720.0,4.064116,4.048432,0.051262,0.050975,5.303355,0.000043,-0.009103,-0.021613,-0.021397,3.141593
18725.0,3.944070,3.800688,0.057986,0.057939,5.301054,-0.000086,0.017356,-0.022830,-0.021880,3.141593
18730.0,3.812131,3.834190,0.048771,0.048142,5.299137,-0.000100,-0.008663,-0.021723,-0.022810,3.141593
18735.0,3.696338,3.680696,0.050845,0.051498,5.297219,-0.000057,0.014739,-0.022752,-0.022327,3.141593
18740.0,3.582544,3.549172,0.051740,0.051784,5.295302,-0.000057,-0.002321,-0.022021,-0.022810,3.141593
18745.0,3.468976,3.475252,0.049474,0.049342,5.293385,0.000057,0.009349,-0.022493,-0.021397,3.141593
18750.0,3.367410,3.227744,0.057015,0.055431,5.291851,0.000057,-0.003535,-0.021924,-0.021880,3.141593
18755.0,3.256423,3.494436,0.038966,0.039284,5.289933,0.000086,0.004387,-0.022241,-0.021397,3.141593
18760.0,3.141789,3.075008,0.049945,0.049969,5.288015,-0.000014,0.007643,-0.022420,-0.022327,3.141593
18765.0,3.060286,3.032337,0.051126,0.050308,5.286481,0.000000,-0.006691,-0.021801,-0.021880,3.141593
18770.0,2.958437,2.915583,0.050445,0.049737,5.284947,0.000043,0.006739,-0.022370,-0.022327,3.141593
18775.0,2.869059,2.840549,0.050211,0.050658,5.283413,0.000029,-0.009428,-0.021650,-0.021880,3.141593
18780.0,2.763526,2.920510,0.038866,0.039751,5.281879,-0.000014,0.013207,-0.022648,-0.022810,3.141593
18785.0,2.683103,2.582579,0.051278,0.050479,5.280729,0.000029,-0.003312,-0.021903,-0.021397,3.141593
18790.0,2.613666,2.531319,0.052989,0.052332,5.279579,0.000000,0.010510,-0.022525,-0.022327,3.141593
18795.0,2.539759,2.486032,0.053011,0.054185,5.278045,0.000057,-0.006247,-0.021767,-0.021397,3.141593
18800.0,2.456117,2.479947,0.048611,0.047565,5.276511,0.000057,-0.004216,-0.021842,-0.022810,3.141593
18805.0,2.379262,2.325741,0.051889,0.051280,5.275360,0.000000,-0.009969,-0.021589,-0.020466,3.141593
18810.0,2.310176,2.245204,0.053235,0.054065,5.274209,0.000100,-0.015668,-0.021309,-0.020019,3.141593
18815.0,2.228723,2.298702,0.045378,0.045194,5.273059,-0.000029,-0.008465,-0.021669,-0.021880,3.141593
18820.0,2.162719,2.222186,0.046405,0.046553,5.271909,-0.000086,0.011704,-0.022585,-0.022810,3.141593
18825.0,2.090964,2.147903,0.045627,0.044693,5.270375,0.000014,-0.005168,-0.021819,-0.021880,3.141593
18830.0,2.015684,2.006931,0.046601,0.046997,5.269224,0.000129,0.001870,-0.022051,-0.021880,3.141593
18835.0,1.966989,1.279299,0.050651,0.049789,5.268841,-0.000043,-0.008667,-0.021615,-0.021880,3.141593
18840.0,1.918273,1.560868,0.039692,0.040010,5.267690,-0.000043,0.007177,-0.022318,-0.023740,3.141593
18845.0,1.860073,1.522220,0.041158,0.042334,5.266923,-0.000014,-0.010149,-0.021536,-0.022810,3.141593
18850.0,1.822014,1.250575,0.054152,0.053970,5.266156,0.000114,0.008375,-0.022276,-0.020913,3.141593
18855.0,1.783712,1.369065,0.049939,0.050247,5.265389,-0.000114,0.010737,-0.022463,-0.021880,3.141593
18860.0,1.734481,1.383075,0.048912,0.048384,5.264622,-0.000029,0.001825,-0.022071,-0.022810,3.141593
18865.0,1.688046,1.370708,0.049010,0.048859,5.264239,-0.000057,0.001058,-0.022059,-0.022327,3.141593
18870.0,1.647592,1.428025,0.046418,0.046997,5.263088,-0.000014,-0.000347,-0.021998,-0.021880,3.141593
18875.0,1.612880,1.192817,0.056890,0.055370,5.262705,0.000000,0.006406,-0.022299,-0.022327,3.141593
18880.0,1.566231,1.490077,0.043042,0.041902,5.261938,-0.000043,-0.003062,-0.021898,-0.022810,3.141593
18885.0,1.517100,1.431128,0.044136,0.042834,5.261171,0.000057,-0.008250,-0.021626,-0.021397,3.141593
18890.0,1.477883,1.218496,0.052658,0.052629,5.260404,-0.000014,-0.008007,-0.021655,-0.021880,3.141593
18895.0,1.439610,1.287561,0.048922,0.048912,5.259637,-0.000114,0.012043,-0.022579,-0.022327,3.141593
18900.0,1.390922,1.270122,0.047848,0.047983,5.259254,-0.000014,-0.006782,-0.021739,-0.022810,3.141593
18905.0,1.350274,1.324148,0.044242,0.044265,5.258486,-0.000029,0.007753,-0.022384,-0.022810,3.141593
18910.0,1.313145,1.320851,0.043396,0.043336,5.257720,-0.000143,0.009629,-0.022523,-0.022810,3.141593
18915.0,1.279113,1.174627,0.048953,0.049422,5.256952,-0.000114,0.001643,-0.022193,-0.021880,3.141593
18920.0,1.231112,1.178578,0.046527,0.046637,5.256569,-0.000086,-0.001635,-0.022072,-0.022810,3.141593
18925.0,1.202881,1.021140,0.052847,0.053134,5.255802,0.000100,-0.006392,-0.021805,-0.021880,3.141593
18930.0,1.171346,1.114686,0.047951,0.046637,5.255418,0.000057,-0.007312,-0.021749,-0.021397,3.141593
18935.0,1.138222,1.041096,0.050103,0.049945,5.255035,-0.000014,-0.014320,-0.021472,-0.021880,3.141593
18940.0,1.107595,1.176635,0.043354,0.043850,5.253884,0.000057,-0.000263,-0.022058,-0.022810,3.141593
18945.0,1.059194,1.117084,0.043301,0.042921,5.253501,0.000029,0.015681,-0.022748,-0.023257,3.141593
18950.0,1.028051,1.027629,0.045988,0.046236,5.253118,0.000014,0.009531,-0.022463,-0.021397,3.141593
18955.0,0.998104,0.893897,0.050658,0.050480,5.252734,0.000057,-0.005208,-0.021797,-0.022327,3.141593
18960.0,0.986660,0.903493,0.050875,0.049169,5.252350,0.000057,0.007958,-0.022348,-0.021397,3.141593
18965.0,0.946620,1.056542,0.042180,0.042528,5.251584,0.000014,0.003372,-0.022153,-0.022363,3.141593
18970.0,0.910621,0.925884,0.046001,0.046776,5.251200,-0.000014,-0.001966,-0.021929,-0.022810,3.141593
18975.0,0.877097,0.996613,0.041194,0.041600,5.250433,0.000086,-0.002856,-0.021841,-0.021880,3.141593
18980.0,0.839560,0.825705,0.046420,0.046774,5.250050,-0.000014,0.000484,-0.022006,-0.020913,3.141593
18985.0,0.827122,0.842213,0.045785,0.044186,5.249666,-0.000086,-0.004962,-0.021827,-0.021397,3.141593
18990.0,0.812466,0.640390,0.054533,0.054353,5.249282,-0.000014,-0.016379,-0.021328,-0.021397,3.141593
18995.0,0.778770,0.857566,0.043282,0.043998,5.248899,0.000014,0.012062,-0.022583,-0.023257,3.141593
19000.0,0.759816,0.794846,0.045479,0.044558,5.248516,0.000000,-0.004411,-0.021865,-0.021880,3.141593
19005.0,0.732214,0.788256,0.044432,0.044558,5.248132,0.000029,0.001838,-0.022133,-0.021397,3.141593
19010.0,0.708861,0.762054,0.044554,0.044558,5.247748,0.000029,0.009705,-0.022474,-0.021880,3.141593
19015.0,0.682161,0.723121,0.044824,0.045480,5.247365,-0.000057,0.014324,-0.022713,-0.022810,3.141593
19020.0,0.659029,0.683213,0.045421,0.045477,5.246598,0.000029,-0.002379,-0.021946,-0.021880,3.141593
19025.0,0.631807,0.603701,0.047216,0.047892,5.246598,0.000014,-0.017575,-0.021268,-0.021397,3.141593
19030.0,0.610549,0.596221,0.046488,0.046049,5.246214,-0.000014,0.012470,-0.022596,-0.022774,3.141593
19035.0,0.599692,0.655658,0.043798,0.042018,5.245831,0.000029,0.006581,-0.022318,-0.021880,3.141593
19040.0,0.578184,0.680462,0.041624,0.040524,5.245448,-0.000029,0.004598,-0.022250,-0.022810,3.141593
19045.0,0.550168,0.680032,0.039904,0.040867,5.245064,-0.000014,0.018841,-0.022885,-0.023257,3.141593
19050.0,0.526657,0.643583,0.040048,0.040526,5.244680,-0.000029,0.015970,-0.022778,-0.023740,3.141593
19055.0,0.497239,0.573280,0.040943,0.041447,5.244297,0.000086,-0.010301,-0.021562,-0.021880,3.141593
19060.0,0.492468,0.403192,0.048465,0.048467,5.244297,0.000014,0.000357,-0.022030,-0.021397,3.141593
19065.0,0.492489,0.368902,0.050671,0.050889,5.244297,0.000014,-0.008550,-0.021642,-0.021397,3.141593
19070.0,0.476754,0.524123,0.043261,0.044205,5.243914,0.000014,-0.015723,-0.021318,-0.021880,3.141593
19075.0,0.447578,0.736218,0.032034,0.031674,5.243146,-0.000114,0.003688,-0.022229,-0.022327,3.141593
19080.0,0.426235,0.423373,0.044224,0.043284,5.243146,0.000114,-0.004714,-0.021800,-0.021880,3.141593
19085.0,0.412209,0.512346,0.039678,0.040528,5.242763,-0.000086,-0.011605,-0.021536,-0.020466,3.141593
19090.0,0.402267,0.358979,0.045895,0.044790,5.242763,0.000100,-0.013256,-0.021425,-0.019536,3.141593
19095.0,0.401759,0.291883,0.049430,0.049644,5.242763,-0.000014,-0.007701,-0.021703,-0.020949,3.141593
19100.0,0.376203,0.616531,0.033500,0.032272,5.241996,-0.000043,-0.003506,-0.021908,-0.022810,3.141593
19105.0,0.350962,0.538535,0.035019,0.034428,5.241612,-0.000057,-0.006110,-0.021801,-0.021880,3.141593
19110.0,0.334668,0.332461,0.042828,0.042635,5.241612,0.000057,-0.007225,-0.021720,-0.020949,3.141593
19115.0,0.333266,0.269348,0.045834,0.045385,5.241612,0.000029,-0.002669,-0.021937,-0.021880,3.141593
19120.0,0.333345,0.254066,0.046973,0.047219,5.241612,-0.000057,0.000908,-0.022115,-0.022327,3.141593
19125.0,0.326743,0.421843,0.039611,0.039607,5.241229,0.000000,0.006682,-0.022358,-0.022327,3.141593
19130.0,0.305386,0.467204,0.036104,0.035942,5.240846,0.000043,0.006285,-0.022323,-0.021880,3.141593
19135.0,0.289471,0.289883,0.042723,0.042037,5.240462,0.000057,-0.008576,-0.021649,-0.021397,3.141593
19140.0,0.267634,0.320776,0.039668,0.039291,5.240462,-0.000057,-0.001663,-0.021980,-0.021397,3.141593
19145.0,0.265017,0.222251,0.043964,0.044157,5.240462,-0.000114,-0.010496,-0.021643,-0.021397,3.141593
19150.0,0.265045,0.199297,0.045289,0.045386,5.240462,0.000057,-0.030349,-0.020727,-0.020949,3.141593
19155.0,0.258336,0.389302,0.036773,0.035943,5.240078,-0.000029,0.004644,-0.022296,-0.022810,3.141593
19160.0,0.243938,0.253241,0.041687,0.042037,5.240078,0.000029,-0.004582,-0.021862,-0.021397,3.141593
19165.0,0.223875,0.319641,0.037213,0.037771,5.239695,-0.000129,-0.003403,-0.021974,-0.021880,3.141593
19170.0,0.219870,0.177064,0.043291,0.042641,5.239695,-0.000014,0.004027,-0.022291,-0.021397,3.141593
19175.0,0.207567,0.358893,0.034561,0.035941,5.239312,0.000057,-0.003417,-0.021955,-0.021844,3.141593
19180.0,0.197725,0.183207,0.041467,0.041727,5.239312,0.000043,0.002285,-0.022190,-0.021880,3.141593
19185.0,0.196946,0.158027,0.042707,0.042335,5.239312,-0.000014,-0.001277,-0.022037,-0.022810,3.141593
19190.0,0.196931,0.165301,0.042626,0.042641,5.239312,-0.000086,0.037573,-0.023793,-0.024671,3.141593
19195.0,0.197082,0.132997,0.044368,0.044469,5.239312,-0.000072,0.010202,-0.022622,-0.023740,3.141593
19200.0,0.197182,0.138760,0.044461,0.044469,5.238928,0.000072,-0.001056,-0.022068,-0.021880,3.141593
19205.0,0.176961,0.221952,0.039284,0.039901,5.238928,0.000086,-0.003222,-0.021956,-0.021397,3.141593
19210.0,0.174544,0.139321,0.042918,0.042641,5.238928,0.000143,-0.025452,-0.020932,-0.020949,3.141593
19215.0,0.174422,0.126599,0.043757,0.043555,5.238928,-0.000014,-0.000587,-0.022043,-0.022810,3.141593
19220.0,0.174487,0.121674,0.044297,0.044166,5.238544,-0.000072,0.003773,-0.022261,-0.020949,3.141593
19225.0,0.154130,0.209849,0.038811,0.037774,5.238544,-0.000014,-0.009842,-0.021665,-0.022810,3.141593
19230.0,0.139561,0.321912,0.032809,0.034113,5.238161,0.000014,0.011877,-0.022604,-0.021397,3.141593
19235.0,0.129447,0.163568,0.038782,0.038991,5.238161,0.000014,-0.007450,-0.021763,-0.021880,3.141593
19240.0,0.128710,0.109525,0.041176,0.040816,5.238161,0.000072,-0.006900,-0.021756,-0.021880,3.141593
19245.0,0.128689,0.119165,0.040860,0.041115,5.238161,-0.000029,0.000172,-0.022085,-0.022810,3.141593
19250.0,0.128839,0.098870,0.041939,0.042641,5.238161,-0.000014,0.007682,-0.022409,-0.022810,3.141593
19255.0,0.128839,0.095925,0.042242,0.041729,5.238161,0.000014,0.001155,-0.022100,-0.021880,3.141593
19260.0,0.112917,0.263471,0.033682,0.034112,5.237778,-0.000057,-0.009232,-0.021678,-0.021880,3.141593
19265.0,0.106487,0.121179,0.039344,0.039288,5.237778,-0.000043,-0.004740,-0.021880,-0.021361,3.141593
19270.0,0.106037,0.092734,0.040642,0.040816,5.237778,-0.000043,-0.000448,-0.022084,-0.022810,3.141593
19275.0,0.106087,0.088634,0.040951,0.040816,5.237778,-0.000014,-0.010664,-0.021629,-0.020949,3.141593
19280.0,0.106223,0.077615,0.041629,0.041728,5.237778,0.000043,0.000954,-0.022131,-0.021397,3.141593
19285.0,0.090008,0.262752,0.032162,0.031993,5.237394,0.000072,-0.013355,-0.021477,-0.020466,3.141593
19290.0,0.083764,0.089852,0.039170,0.038698,5.237394,0.000100,-0.012315,-0.021503,-0.021880,3.141593
19295.0,0.083313,0.078899,0.039673,0.039904,5.237394,-0.000014,-0.002088,-0.021967,-0.021880,3.141593
19300.0,0.083277,0.070374,0.040106,0.039904,5.237394,-0.000029,0.004572,-0.022265,-0.021880,3.141593
19305.0,0.083270,0.081084,0.039710,0.038992,5.237394,0.000100,-0.007571,-0.021676,-0.021880,3.141593
19310.0,0.076554,0.256052,0.031604,0.030465,5.237010,-0.000029,0.009996,-0.022476,-0.022327,3.141593
19315.0,0.061991,0.117099,0.036312,0.035348,5.237010,-0.000072,-0.005809,-0.021797,-0.020949,3.141593
19320.0,0.060446,0.081835,0.037665,0.037170,5.237010,0.000029,0.002605,-0.022138,-0.022810,3.141593
19325.0,0.060368,0.054718,0.038818,0.038081,5.237010,0.000114,0.002877,-0.022088,-0.021397,3.141593
19330.0,0.060632,0.045555,0.039325,0.038993,5.237010,-0.000014,0.004131,-0.022193,-0.022810,3.141593
19335.0,0.060546,0.058232,0.038794,0.038373,5.237010,-0.000057,0.005852,-0.022286,-0.022810,3.141593
19340.0,0.060689,0.047090,0.039396,0.038993,5.237010,-0.000043,0.012562,-0.022589,-0.022327,3.141593
19345.0,0.060668,0.042289,0.039696,0.038081,5.237010,-0.000014,0.011483,-0.022542,-0.023257,3.141593
19350.0,0.060782,0.034487,0.040201,0.038993,5.237010,-0.000029,-0.012100,-0.021517,-0.022810,3.141593
19355.0,0.060840,0.044623,0.039908,0.039904,5.237010,-0.000043,-0.003632,-0.021886,-0.022327,3.141593
19360.0,0.060782,0.051093,0.039738,0.039904,5.237010,0.000014,-0.003523,-0.021876,-0.021397,3.141593
19365.0,0.060840,0.039873,0.040380,0.040815,5.237010,0.000057,-0.003414,-0.021873,-0.021880,3.141593
19370.0,0.054023,0.227162,0.031739,0.032287,5.236627,-0.000043,0.010803,-0.022527,-0.022327,3.141593
19375.0,0.039432,0.092400,0.036280,0.036551,5.236627,-0.000014,-0.000731,-0.022033,-0.021880,3.141593
19380.0,0.037773,0.055992,0.037641,0.037461,5.236627,-0.000014,-0.002305,-0.021962,-0.022810,3.141593
19385.0,0.037715,0.044863,0.038093,0.038082,5.236627,-0.000029,0.012930,-0.022632,-0.022810,3.141593
19390.0,0.037851,0.033178,0.038637,0.037793,5.236627,0.000043,0.005278,-0.022271,-0.022810,3.141593
19395.0,0.037916,0.030703,0.038791,0.038993,5.236627,0.000043,-0.000949,-0.021988,-0.021397,3.141593
19400.0,0.037901,0.032747,0.038730,0.038993,5.236627,0.000000,-0.000701,-0.022014,-0.021880,3.141593
19405.0,0.037973,0.021758,0.039274,0.039283,5.236627,-0.000057,0.003214,-0.022210,-0.022810,3.141593
19410.0,0.037987,0.024961,0.039199,0.038993,5.236627,-0.000014,0.002493,-0.022167,-0.022327,3.141593
19415.0,0.038009,0.038353,0.038687,0.038993,5.236627,0.000057,-0.003832,-0.021858,-0.021397,3.141593
19420.0,0.038073,0.010932,0.039993,0.039904,5.236627,-0.000057,0.010166,-0.022511,-0.022810,3.141593
19425.0,0.038016,0.014610,0.039888,0.039904,5.236627,0.000057,-0.010728,-0.021552,-0.019536,3.141593
19430.0,0.038080,0.025123,0.039530,0.039904,5.236627,-0.000057,0.001799,-0.022151,-0.021397,3.141593
19435.0,0.031257,0.197231,0.031514,0.029269,5.236244,-0.000057,-0.011411,-0.021585,-0.021880,3.141593
19440.0,0.016651,0.098998,0.034395,0.034107,5.236244,0.000072,-0.011285,-0.021548,-0.021880,3.141593
19445.0,0.015113,0.034757,0.036981,0.037173,5.236244,-0.000057,0.003491,-0.022228,-0.021397,3.141593
19450.0,0.014920,0.021957,0.037411,0.037173,5.236244,-0.000014,0.006708,-0.022374,-0.022810,3.141593
19455.0,0.015078,0.029973,0.037027,0.037460,5.236244,0.000100,0.001634,-0.022093,-0.021397,3.141593
19460.0,0.015078,0.013259,0.037713,0.037173,5.236244,-0.000057,0.006443,-0.022360,-0.022327,3.141593
19465.0,0.015128,0.027271,0.037089,0.037173,5.236244,0.000043,-0.001955,-0.021957,-0.022810,3.141593
19470.0,0.015142,0.031295,0.036905,0.036550,5.236244,0.000086,-0.012628,-0.021443,-0.021397,3.141593
19475.0,0.015171,0.020221,0.037387,0.038083,5.236244,-0.000100,0.010124,-0.022501,-0.023740,3.141593
19480.0,0.015242,0.014869,0.037644,0.038083,5.236244,-0.000014,0.009651,-0.022466,-0.022327,3.141593
19485.0,0.015149,0.025744,0.037135,0.038083,5.236244,0.000029,-0.012814,-0.021469,-0.021880,3.141593
19490.0,0.015206,0.015008,0.037619,0.038083,5.236244,-0.000029,0.003365,-0.022192,-0.022327,3.141593
19495.0,0.015335,-0.001127,0.038397,0.038083,5.236244,-0.000114,0.006548,-0.022383,-0.022810,3.141593
19500.0,0.015306,0.002791,0.038273,0.038993,5.236244,0.000057,-0.001723,-0.021964,-0.021880,3.141593
19505.0,0.015278,0.019147,0.037578,0.038083,5.236244,-0.000086,0.009313,-0.022510,-0.022327,3.141593
19510.0,0.015342,0.002298,0.038374,0.038083,5.236244,0.000000,-0.012160,-0.021565,-0.021880,3.141593
19515.0,0.015349,-0.003553,0.038697,0.038993,5.236244,-0.000086,0.011436,-0.022651,-0.022327,3.141593
19520.0,0.015256,0.012970,0.037982,0.038083,5.236244,0.000057,-0.001000,-0.022064,-0.022810,3.141593
19525.0,0.015299,0.008368,0.038223,0.038993,5.236244,0.000057,-0.001545,-0.022024,-0.021397,3.141593
19530.0,0.015328,0.006203,0.038364,0.038083,5.236244,0.000057,-0.002031,-0.021990,-0.021880,3.141593
19535.0,0.015292,0.001673,0.038602,0.038993,5.236244,0.000057,-0.015867,-0.021360,-0.020466,3.141593
19540.0,0.015292,0.015556,0.038022,0.038083,5.236244,-0.000014,0.004929,-0.022294,-0.022810,3.141593
19545.0,0.015349,-0.001505,0.038837,0.038993,5.236244,-0.000029,0.002995,-0.022225,-0.022327,3.141593
19550.0,0.015271,0.005575,0.038543,0.038083,5.236244,-0.000086,0.021010,-0.023055,-0.023740,3.141593
19555.0,0.015256,0.003372,0.038675,0.038370,5.236244,0.000086,-0.010120,-0.021634,-0.021397,3.141593
19560.0,0.015321,0.012942,0.038312,0.038993,5.236244,0.000000,-0.002662,-0.021978,-0.021880,3.141593
19565.0,0.015306,0.007516,0.038583,0.038993,5.236244,0.000057,-0.003444,-0.021920,-0.021397,3.141593
19570.0,0.015221,0.018314,0.038102,0.038083,5.236244,-0.000029,-0.003686,-0.021929,-0.022327,3.141593
19575.0,0.015378,0.005740,0.038745,0.038993,5.236244,-0.000043,-0.004794,-0.021892,-0.021880,3.141593
19580.0,0.015306,0.015655,0.038342,0.038993,5.236244,0.000086,-0.005217,-0.021841,-0.020466,3.141593
19585.0,0.015306,0.008801,0.038683,0.038993,5.236244,-0.000029,-0.007511,-0.021777,-0.021880,3.141593
19590.0,0.015357,-0.000275,0.039141,0.038706,5.236244,0.000014,-0.001321,-0.022040,-0.021880,3.141593
19595.0,0.015271,0.024174,0.038096,0.038083,5.236244,0.000029,-0.010369,-0.021633,-0.021397,3.141593
19600.0,0.015342,-0.005216,0.039464,0.039903,5.236244,0.000014,-0.011449,-0.021590,-0.021880,3.141593
19605.0,0.015321,0.010329,0.038818,0.038993,5.236244,-0.000043,0.002239,-0.022212,-0.022810,3.141593
19610.0,0.015314,0.002255,0.039214,0.038993,5.236244,-0.000014,-0.006034,-0.021837,-0.020949,3.141593
19615.0,0.015335,0.007683,0.039035,0.038993,5.236244,0.000014,-0.000777,-0.022065,-0.022810,3.141593
19620.0,0.015342,0.005934,0.039172,0.038993,5.236244,0.000057,0.010223,-0.022520,-0.022810,3.141593
19625.0,0.015206,0.015404,0.038747,0.038083,5.236244,0.000057,-0.017592,-0.021272,-0.021880,3.141593
19630.0,0.015285,0.005996,0.039214,0.038706,5.236244,0.000072,-0.003658,-0.021854,-0.021397,3.141593
19635.0,0.015264,0.015006,0.038860,0.038993,5.236244,-0.000043,0.014572,-0.022691,-0.022327,3.141593
19640.0,0.015256,0.011934,0.039023,0.038706,5.236244,0.000014,-0.001007,-0.022008,-0.021880,3.141593
19645.0,0.015328,0.003391,0.039464,0.039903,5.236244,0.000057,0.002587,-0.022142,-0.021397,3.141593
19650.0,-0.003369,0.136571,0.031911,0.032285,5.235860,-0.000172,0.007273,-0.022433,-0.022810,3.141593
19655.0,-0.007460,0.024234,0.036296,0.036549,5.235860,0.000014,-0.002146,-0.021973,-0.022810,3.141593
19660.0,-0.007875,0.019536,0.036289,0.036549,5.235860,0.000000,0.005740,-0.022329,-0.021880,3.141593
19665.0,-0.007868,0.000664,0.036974,0.037173,5.235860,0.000114,-0.015325,-0.021358,-0.021880,3.141593
19670.0,-0.007718,0.001665,0.036854,0.037173,5.235860,-0.000029,0.012334,-0.022601,-0.022810,3.141593
19675.0,-0.007718,0.006122,0.036565,0.037458,5.235860,-0.000014,0.006921,-0.022355,-0.020949,3.141593
19680.0,-0.007689,0.017709,0.035964,0.035639,5.235860,0.000014,-0.016419,-0.021324,-0.021880,3.141593
19685.0,-0.007639,0.005496,0.036447,0.036264,5.235860,-0.000014,0.001157,-0.022101,-0.021880,3.141593
19690.0,-0.007660,0.017986,0.035826,0.034445,5.235860,-0.000072,-0.007741,-0.021732,-0.022810,3.141593
19695.0,-0.007589,-0.000376,0.036616,0.036264,5.235860,0.000014,0.008183,-0.022415,-0.022327,3.141593
19700.0,-0.007560,-0.004634,0.036772,0.037173,5.235860,-0.000043,0.007831,-0.022418,-0.023740,3.141593
19705.0,-0.007689,0.006404,0.036182,0.036264,5.235860,-0.000029,0.020156,-0.022975,-0.022327,3.141593
19710.0,-0.007625,-0.002654,0.036543,0.036549,5.235860,-0.000029,-0.022998,-0.021086,-0.020949,3.141593
19715.0,-0.007553,0.007292,0.036085,0.035354,5.235860,-0.000072,0.001559,-0.022200,-0.021880,3.141593
19720.0,-0.007524,-0.007939,0.036746,0.036264,5.235860,0.000100,-0.016600,-0.021349,-0.021880,3.141593
19725.0,-0.007553,-0.003992,0.036534,0.037173,5.235860,-0.000057,0.005118,-0.022339,-0.022810,3.141593
19730.0,-0.007567,0.005322,0.036085,0.036264,5.235860,0.000014,0.012722,-0.022649,-0.022327,3.141593
19735.0,-0.007417,-0.022469,0.037345,0.037173,5.235860,0.000014,0.004387,-0.022275,-0.021880,3.141593
19740.0,-0.007539,-0.018436,0.037134,0.038083,5.235860,0.000057,-0.004297,-0.021876,-0.022327,3.141593
19745.0,-0.007503,-0.018051,0.037116,0.036549,5.235860,0.000114,0.000033,-0.022026,-0.022810,3.141593
19750.0,-0.007603,0.001980,0.036179,0.036264,5.235860,-0.000014,0.003192,-0.022187,-0.021397,3.141593
19755.0,-0.007460,-0.003939,0.036456,0.036264,5.235860,0.000086,-0.003268,-0.021873,-0.021397,3.141593
19760.0,-0.007575,-0.008607,0.036615,0.036264,5.235860,0.000014,-0.000568,-0.022003,-0.021397,3.141593
19765.0,-0.007539,0.002876,0.036092,0.036549,5.235860,-0.000043,0.005920,-0.022322,-0.021880,3.141593
19770.0,-0.007560,-0.021762,0.037135,0.036549,5.235860,0.000072,-0.000955,-0.021985,-0.021880,3.141593
19775.0,-0.007539,0.019057,0.035329,0.035354,5.235860,0.000014,-0.014480,-0.021390,-0.021397,3.141593
19780.0,-0.007553,-0.014863,0.036795,0.037173,5.235860,-0.000057,0.008546,-0.022432,-0.022327,3.141593
19785.0,-0.007639,-0.003188,0.036209,0.035639,5.235860,-0.000057,-0.004451,-0.021894,-0.022810,3.141593
19790.0,-0.007482,-0.004599,0.036295,0.036549,5.235860,0.000057,-0.018304,-0.021234,-0.021880,3.141593
19795.0,-0.007603,0.001698,0.035952,0.036549,5.235860,-0.000014,-0.009888,-0.021609,-0.021880,3.141593
19800.0,-0.007510,-0.026354,0.037173,0.037173,5.235860,0.000014,0.006442,-0.022317,-0.021397,3.141593
19805.0,-0.007517,0.000260,0.035979,0.035354,5.235860,0.000014,0.003962,-0.022220,-0.022810,3.141593
19810.0,-0.007482,-0.005309,0.036217,0.036549,5.235860,-0.000114,0.015537,-0.022781,-0.022810,3.141593
19815.0,-0.007524,0.005951,0.035693,0.036264,5.235860,-0.000014,0.003154,-0.022226,-0.021397,3.141593
19820.0,-0.007489,-0.015328,0.036625,0.036549,5.235860,0.000057,-0.005699,-0.021817,-0.021397,3.141593
19825.0,-0.007482,-0.013776,0.036550,0.036264,5.235860,-0.000043,0.014643,-0.022750,-0.022810,3.141593
19830.0,-0.007503,-0.008357,0.036300,0.035354,5.235860,0.000086,-0.015150,-0.021391,-0.021397,3.141593
19835.0,-0.007503,-0.002771,0.036055,0.036549,5.235860,-0.000072,0.004965,-0.022332,-0.022810,3.141593
19840.0,-0.007553,-0.011473,0.036393,0.036549,5.235860,-0.000057,0.004481,-0.022339,-0.022327,3.141593
19845.0,-0.007582,-0.009605,0.036269,0.036264,5.235860,-0.000014,-0.017107,-0.021387,-0.021880,3.141593
19850.0,-0.007560,0.001965,0.035725,0.036549,5.235860,0.000029,0.018984,-0.022957,-0.023740,3.141593
19855.0,-0.007603,-0.002412,0.035862,0.034729,5.235860,-0.000086,0.001607,-0.022218,-0.022327,3.141593
19860.0,-0.007503,0.006038,0.035503,0.034729,5.235860,0.000014,0.004791,-0.022347,-0.022327,3.141593
19865.0,-0.007553,-0.004219,0.035928,0.035639,5.235860,0.000057,0.018763,-0.022950,-0.023740,3.141593
19870.0,-0.007575,0.011025,0.035225,0.035639,5.235860,0.000057,-0.010235,-0.021647,-0.021880,3.141593
19875.0,-0.007539,-0.008776,0.036077,0.036264,5.235860,0.000029,-0.008855,-0.021696,-0.021397,3.141593
19880.0,-0.007539,0.009568,0.035244,0.035639,5.235860,-0.000057,0.004644,-0.022327,-0.021844,3.141593
19885.0,-0.007517,-0.015305,0.036324,0.036264,5.235860,0.000057,-0.002659,-0.021964,-0.021880,3.141593
19890.0,-0.007510,-0.010148,0.036092,0.035639,5.235860,0.000029,0.008165,-0.022428,-0.022327,3.141593
19895.0,-0.007560,0.008549,0.035230,0.034445,5.235860,-0.000029,0.000605,-0.022112,-0.022810,3.141593
19900.0,-0.007467,-0.016290,0.036341,0.036549,5.235860,-0.000072,0.015497,-0.022786,-0.023257,3.141593
19905.0,-0.007503,-0.005455,0.035843,0.035639,5.235860,-0.000186,0.045470,-0.024182,-0.024671,3.141593
19910.0,-0.007517,0.006480,0.035289,0.035354,5.235860,-0.000086,0.004509,-0.022396,-0.021844,3.141593
19915.0,-0.007503,-0.008686,0.035946,0.036549,5.235860,0.000000,-0.006892,-0.021898,-0.021880,3.141593
19920.0,-0.007546,-0.016384,0.036239,0.036549,5.235860,0.000014,0.022214,-0.023182,-0.023740,3.141593
19925.0,-0.007575,-0.006024,0.035752,0.035354,5.235860,-0.000014,0.005464,-0.022460,-0.022810,3.141593
19930.0,-0.007496,-0.005678,0.035744,0.035639,5.235860,0.000086,-0.012801,-0.021596,-0.021397,3.141593
19935.0,-0.007575,0.013059,0.034868,0.035639,5.235860,0.000014,0.006625,-0.022458,-0.021397,3.141593
19940.0,-0.007596,-0.005410,0.035628,0.035069,5.235860,0.000100,-0.010852,-0.021649,-0.021880,3.141593
19945.0,-0.007610,0.002893,0.035217,0.035639,5.235860,-0.000014,0.004483,-0.022371,-0.023293,3.141593
19950.0,-0.007503,-0.006982,0.035650,0.034729,5.235860,-0.000014,0.002373,-0.022262,-0.020466,3.141593
19955.0,-0.007546,0.005170,0.035097,0.034729,5.235860,0.000014,-0.003912,-0.021989,-0.020466,3.141593
19960.0,-0.007489,-0.013364,0.035908,0.035639,5.235860,0.000086,0.008701,-0.022525,-0.023740,3.141593
19965.0,-0.007582,-0.000747,0.035302,0.035639,5.235860,0.000014,0.008970,-0.022536,-0.022810,3.141593
19970.0,-0.007625,0.007957,0.034859,0.035639,5.235860,-0.000043,-0.001227,-0.022100,-0.022327,3.141593
19975.0,-0.007453,-0.008754,0.035611,0.035354,5.235860,0.000029,-0.009850,-0.021695,-0.021397,3.141593
19980.0,0.008533,-0.174167,0.044297,0.044167,5.236244,0.000057,-0.016504,-0.021376,-0.021880,3.141593
19985.0,0.015056,-0.033976,0.038961,0.038993,5.236244,-0.000029,0.000425,-0.022134,-0.022327,3.141593
19990.0,0.015671,-0.016674,0.038463,0.038993,5.236244,-0.000057,-0.008052,-0.021778,-0.021880,3.141593
19995.0,0.015650,-0.005382,0.038129,0.038993,5.236244,0.000057,-0.009427,-0.021690,-0.021880,3.141593
20000.0,0.015514,0.010111,0.037546,0.037460,5.236244,0.000114,-0.004509,-0.021861,-0.020466,3.141593
20005.0,0.003276,0.188820,0.028773,0.029557,5.235860,-0.000086,-0.004830,-0.021910,-0.020466,3.141593
20010.0,-0.006652,0.035045,0.034494,0.034729,5.235860,-0.000043,-0.009450,-0.021726,-0.020913,3.141593
20015.0,-0.007689,0.017303,0.035048,0.035639,5.235860,-0.000057,0.000755,-0.022202,-0.022810,3.141593
20020.0,-0.007789,0.014541,0.035025,0.034729,5.235860,0.000029,0.000793,-0.022176,-0.020949,3.141593
20025.0,-0.007696,-0.002531,0.035713,0.036549,5.235860,0.000057,-0.015490,-0.021444,-0.021880,3.141593
20030.0,-0.007689,0.012187,0.034980,0.035639,5.235860,0.000014,-0.012794,-0.021551,-0.020466,3.141593
20035.0,-0.007675,0.005476,0.035202,0.035640,5.236244,0.000072,-0.003718,-0.021935,-0.021880,3.141593
20040.0,0.012853,-0.096618,0.041611,0.041436,5.236244,0.000014,0.006411,-0.022389,-0.020466,3.141593
20045.0,0.015342,-0.021552,0.038717,0.038083,5.236244,-0.000114,0.000842,-0.022215,-0.022810,3.141593
20050.0,0.015564,-0.011973,0.038478,0.038993,5.236244,0.000014,0.000342,-0.022153,-0.021880,3.141593
20055.0,0.015507,0.001024,0.038018,0.038083,5.236244,-0.000014,0.014560,-0.022791,-0.023740,3.141593
20060.0,0.015600,-0.018783,0.039065,0.038993,5.236244,-0.000014,-0.014465,-0.021497,-0.020949,3.141593
20065.0,0.015514,-0.002432,0.038456,0.038083,5.236244,0.000043,0.000838,-0.022151,-0.022327,3.141593
20070.0,-0.003340,0.140801,0.030477,0.030466,5.235860,0.000057,-0.003995,-0.021924,-0.022810,3.141593
20075.0,-0.007453,0.024077,0.035060,0.034729,5.235860,-0.000114,0.021603,-0.023089,-0.022810,3.141593
20080.0,-0.007818,0.014617,0.035307,0.034445,5.235860,-0.000014,-0.011361,-0.021633,-0.020913,3.141593
20085.0,-0.007739,0.010418,0.035419,0.035639,5.235860,0.000029,-0.005593,-0.021881,-0.021397,3.141593
20090.0,-0.007775,0.019221,0.034919,0.035354,5.235860,0.000000,0.000239,-0.022144,-0.021880,3.141593
20095.0,-0.007653,0.022182,0.034723,0.033820,5.235860,0.000043,-0.015680,-0.021427,-0.021880,3.141593
20100.0,-0.007653,0.012789,0.035080,0.035639,5.235860,0.000186,-0.009428,-0.021627,-0.020949,3.141593
20105.0,-0.007617,-0.001106,0.035626,0.034445,5.235860,0.000086,-0.000233,-0.022020,-0.021397,3.141593
20110.0,-0.007560,0.006892,0.035253,0.035639,5.235860,-0.000086,0.012202,-0.022616,-0.021880,3.141593
20115.0,-0.007575,0.013025,0.034936,0.033820,5.235860,0.000057,-0.001673,-0.021983,-0.021880,3.141593
20120.0,-0.007553,0.004532,0.035297,0.035639,5.235860,-0.000072,0.008299,-0.022465,-0.022810,3.141593
20125.0,-0.007625,0.001335,0.035371,0.035639,5.235860,0.000043,-0.004475,-0.021872,-0.022810,3.141593
20130.0,-0.007632,-0.008764,0.035757,0.035639,5.235860,0.000014,0.002222,-0.022149,-0.021397,3.141593
20135.0,-0.007517,-0.008825,0.035759,0.035639,5.235860,-0.000129,0.015984,-0.022831,-0.022810,3.141593
20140.0,-0.007625,0.005577,0.035062,0.034729,5.235860,0.000057,-0.008320,-0.021730,-0.021880,3.141593
20145.0,-0.007560,0.005947,0.035020,0.035354,5.235860,-0.000057,0.000449,-0.022141,-0.022810,3.141593
20150.0,-0.007632,0.010650,0.034747,0.034729,5.235860,0.000000,0.001901,-0.022183,-0.021880,3.141593
20155.0,-0.007517,0.008352,0.034847,0.034445,5.235860,-0.000072,-0.009570,-0.021716,-0.021397,3.141593
20160.0,-0.007432,-0.004925,0.035459,0.035639,5.235860,-0.000029,0.001462,-0.022208,-0.021880,3.141593
20165.0,-0.007603,-0.001389,0.035236,0.034445,5.235860,0.000029,-0.000545,-0.022099,-0.022810,3.141593
20170.0,-0.007632,-0.009160,0.035535,0.036549,5.235860,0.000086,-0.018791,-0.021248,-0.020913,3.141593
20175.0,-0.007424,-0.017677,0.035940,0.035354,5.235860,-0.000043,0.011239,-0.022608,-0.022810,3.141593
20180.0,-0.007539,0.009460,0.034712,0.035639,5.235860,0.000029,-0.012512,-0.021539,-0.021880,3.141593
20185.0,-0.007517,-0.010352,0.035563,0.035354,5.235860,-0.000057,0.002106,-0.022202,-0.022810,3.141593
20190.0,-0.007560,-0.016804,0.035817,0.035354,5.235860,-0.000057,0.015344,-0.022804,-0.022327,3.141593
20195.0,-0.007589,0.011724,0.034521,0.033820,5.235860,-0.000057,-0.005263,-0.021916,-0.021397,3.141593
20200.0,-0.007517,0.000012,0.035042,0.035354,5.235860,0.000014,0.000501,-0.022145,-0.022810,3.141593
20205.0,-0.007539,0.003079,0.034878,0.035639,5.235860,0.000000,0.007703,-0.022458,-0.022810,3.141593
20210.0,-0.007546,-0.004088,0.035157,0.035639,5.235860,0.000086,-0.004883,-0.021864,-0.020019,3.141593
20215.0,-0.007539,-0.025554,0.036075,0.035639,5.235860,-0.000057,-0.013352,-0.021526,-0.022810,3.141593
20220.0,-0.007560,0.001601,0.034854,0.034729,5.235860,0.000043,0.004588,-0.022286,-0.021397,3.141593
20225.0,-0.007460,-0.011471,0.035448,0.035639,5.235860,-0.000029,0.004105,-0.022278,-0.022810,3.141593
20230.0,-0.007496,-0.001651,0.034998,0.035639,5.235860,0.000000,-0.003027,-0.021954,-0.021397,3.141593
20235.0,-0.007567,-0.001155,0.034917,0.035639,5.235860,-0.000114,0.008114,-0.022503,-0.022810,3.141593
20240.0,-0.007546,-0.006909,0.035151,0.034729,5.235860,0.000072,-0.002001,-0.022014,-0.022810,3.141593
20245.0,-0.007567,-0.006266,0.035092,0.035639,5.235860,-0.000014,0.000307,-0.022118,-0.022327,3.141593
20250.0,-0.007532,-0.001076,0.034840,0.035354,5.235860,0.000086,-0.013591,-0.021468,-0.020949,3.141593
20255.0,-0.007524,-0.012351,0.035316,0.035639,5.235860,-0.000072,0.001866,-0.022185,-0.022810,3.141593
20260.0,-0.007560,-0.001450,0.034806,0.034445,5.235860,0.000000,0.008965,-0.022478,-0.021397,3.141593
20265.0,-0.007560,-0.008082,0.035078,0.034729,5.235860,-0.000029,0.013670,-0.022706,-0.023740,3.141593
20270.0,-0.000672,-0.201561,0.044138,0.044790,5.236244,0.000029,0.007446,-0.022410,-0.022810,3.141593
20275.0,0.014040,-0.062285,0.039583,0.038993,5.236244,-0.000029,0.008505,-0.022467,-0.022810,3.141593
20280.0,0.015578,-0.019646,0.038069,0.038083,5.236244,0.000029,0.001991,-0.022161,-0.022810,3.141593
20285.0,0.015593,-0.015104,0.038030,0.038083,5.236244,0.000014,0.014601,-0.022695,-0.022327,3.141593
20290.0,-0.000572,0.182379,0.028003,0.028022,5.235860,-0.000014,-0.008156,-0.021702,-0.020019,3.141593
20295.0,-0.007074,0.020847,0.034388,0.033820,5.235860,-0.000157,-0.006269,-0.021859,-0.021880,3.141593
20300.0,-0.007653,0.029389,0.033873,0.033535,5.235860,-0.000014,-0.004338,-0.021931,-0.022327,3.141593
20305.0,-0.007718,-0.004927,0.035293,0.035639,5.235860,0.000014,-0.006053,-0.021846,-0.020949,3.141593
20310.0,-0.007589,-0.009395,0.035460,0.035354,5.235860,-0.000029,-0.016756,-0.021389,-0.020949,3.141593
20315.0,-0.007703,0.008029,0.034589,0.034729,5.235860,0.000072,-0.003997,-0.021922,-0.021880,3.141593
20320.0,-0.007675,-0.001216,0.034935,0.033820,5.235860,0.000014,0.003502,-0.022259,-0.021880,3.141593
20325.0,0.004542,-0.192334,0.044294,0.042969,5.236244,-0.000157,0.004634,-0.022373,-0.022810,3.141593
20330.0,0.014634,-0.051494,0.039272,0.038993,5.236244,0.000072,-0.022233,-0.021132,-0.021880,3.141593
20335.0,0.015492,-0.006149,0.037514,0.037173,5.236244,0.000157,0.000299,-0.022045,-0.022810,3.141593
20340.0,0.015600,0.000150,0.037418,0.038370,5.236244,-0.000043,0.004457,-0.022259,-0.022810,3.141593
20345.0,0.015621,-0.017020,0.038320,0.038083,5.236244,-0.000014,-0.012255,-0.021532,-0.022810,3.141593
20350.0,0.015450,0.001623,0.037582,0.036886,5.236244,-0.000086,0.002231,-0.022190,-0.021880,3.141593
20355.0,0.015421,0.004321,0.037559,0.038370,5.236244,0.000000,0.014315,-0.022712,-0.023257,3.141593
20360.0,0.015421,0.008081,0.037472,0.037173,5.236244,-0.000014,0.008078,-0.022443,-0.022810,3.141593
20365.0,0.003254,0.207488,0.027779,0.028647,5.235860,-0.000014,-0.007753,-0.021738,-0.021880,3.141593
20370.0,-0.006845,0.070919,0.032642,0.032910,5.235860,0.000000,0.007027,-0.022386,-0.020913,3.141593
20375.0,-0.007775,0.013623,0.034921,0.034729,5.235860,0.000057,-0.002891,-0.021942,-0.020913,3.141593
20380.0,-0.007811,0.026346,0.034230,0.034729,5.235860,0.000043,0.004493,-0.022276,-0.023740,3.141593
20385.0,-0.007789,0.016947,0.034521,0.034729,5.235860,0.000086,0.011649,-0.022545,-0.021397,3.141593
20390.0,-0.007639,-0.004301,0.035411,0.035639,5.235860,0.000000,-0.008965,-0.021655,-0.020949,3.141593
20395.0,0.004656,-0.221291,0.045960,0.045987,5.236244,0.000014,-0.023843,-0.020995,-0.021880,3.141593
20400.0,0.014548,-0.028890,0.038598,0.038993,5.236244,-0.000014,0.002371,-0.022146,-0.022327,3.141593
20405.0,0.015514,-0.016525,0.038306,0.038083,5.236244,0.000057,-0.000171,-0.021999,-0.021880,3.141593
20410.0,0.015535,0.000152,0.037708,0.038083,5.236244,0.000000,0.004049,-0.022185,-0.023740,3.141593
20415.0,0.015392,-0.003408,0.037926,0.037796,5.236244,-0.000043,0.003733,-0.022164,-0.022327,3.141593
20420.0,0.015578,-0.007357,0.038261,0.038992,5.235860,-0.000100,0.011296,-0.022537,-0.022810,3.141593
20425.0,-0.004992,0.086889,0.032223,0.032285,5.235860,-0.000072,-0.006250,-0.021769,-0.021397,3.141593
20430.0,-0.007489,0.014330,0.035065,0.034729,5.235860,-0.000014,-0.000203,-0.022033,-0.022810,3.141593
20435.0,-0.007739,0.000430,0.035542,0.035639,5.235860,-0.000086,0.005037,-0.022298,-0.022327,3.141593
20440.0,-0.007832,0.006589,0.035137,0.035639,5.235860,0.000000,-0.014687,-0.021428,-0.022810,3.141593
20445.0,-0.007610,0.001459,0.035327,0.035639,5.235860,-0.000029,0.001061,-0.022111,-0.022327,3.141593
20450.0,-0.007739,0.000383,0.035261,0.034729,5.235860,0.000057,-0.007193,-0.021719,-0.021880,3.141593
20455.0,-0.007703,0.007394,0.034883,0.034729,5.235860,0.000014,0.008401,-0.022412,-0.022327,3.141593
20460.0,-0.007567,-0.014137,0.035810,0.035354,5.235860,-0.000057,0.006434,-0.022350,-0.022810,3.141593
20465.0,-0.007553,0.004133,0.034979,0.035639,5.235860,0.000000,-0.001787,-0.021968,-0.022810,3.141593
20470.0,-0.007567,-0.014837,0.035767,0.035639,5.235860,0.000129,-0.014658,-0.021349,-0.020913,3.141593
20475.0,-0.007610,0.001339,0.035003,0.034729,5.235860,-0.000143,0.014678,-0.022722,-0.023740,3.141593
20480.0,-0.007603,-0.001130,0.035073,0.035639,5.235860,-0.000014,0.005766,-0.022301,-0.022810,3.141593
20485.0,-0.007567,-0.000414,0.035003,0.034729,5.235860,0.000086,0.006657,-0.022311,-0.022327,3.141593
20490.0,-0.007539,0.001252,0.034917,0.034445,5.235860,0.000000,0.005215,-0.022280,-0.022810,3.141593
20495.0,-0.007589,0.001684,0.034849,0.035639,5.235860,-0.000029,-0.002792,-0.021933,-0.021397,3.141593
20500.0,-0.007575,-0.010215,0.035328,0.034729,5.235860,-0.000029,0.015529,-0.022763,-0.022810,3.141593
20505.0,-0.007567,-0.003087,0.034986,0.034729,5.235860,-0.000029,-0.003073,-0.021955,-0.021397,3.141593
20510.0,-0.007553,0.006690,0.034529,0.034729,5.235860,-0.000057,-0.001660,-0.022040,-0.022810,3.141593
20515.0,-0.007510,-0.012527,0.035363,0.035354,5.235860,0.000057,-0.009576,-0.021645,-0.021880,3.141593
20520.0,-0.007539,-0.009501,0.035197,0.034729,5.235860,0.000014,0.004753,-0.022282,-0.022327,3.141593
20525.0,-0.007539,0.005140,0.034528,0.035354,5.235860,0.000072,-0.010283,-0.021599,-0.020019,3.141593
20530.0,-0.007496,-0.013585,0.035343,0.035639,5.235860,-0.000086,-0.009980,-0.021684,-0.022810,3.141593
20535.0,-0.007567,0.013936,0.034086,0.034729,5.235860,0.000029,0.004469,-0.022280,-0.022810,3.141593
20540.0,-0.007575,-0.000629,0.034685,0.034729,5.235860,0.000043,-0.009981,-0.021625,-0.021397,3.141593
20545.0,-0.007446,-0.009424,0.035090,0.034729,5.235860,-0.000043,-0.004678,-0.021886,-0.022810,3.141593
20550.0,-0.007439,-0.004111,0.034874,0.033820,5.235860,0.000086,-0.010850,-0.021563,-0.021880,3.141593
20555.0,-0.007589,0.006394,0.034342,0.032910,5.235860,-0.000043,0.011704,-0.022590,-0.022810,3.141593
20560.0,-0.007517,-0.008588,0.035009,0.036549,5.235860,-0.000014,0.004865,-0.022274,-0.022327,3.141593
20565.0,-0.007567,-0.008501,0.034946,0.034729,5.235860,0.000000,-0.017005,-0.021304,-0.020019,3.141593
20570.0,-0.007617,0.002565,0.034403,0.034729,5.235860,0.000100,-0.006413,-0.021723,-0.021880,3.141593
20575.0,-0.007553,-0.005161,0.034721,0.034729,5.235860,0.000043,-0.001160,-0.021945,-0.021880,3.141593
20580.0,-0.007532,-0.004307,0.034668,0.034729,5.235860,0.000014,-0.007403,-0.021687,-0.021880,3.141593
20585.0,-0.007510,0.009161,0.034060,0.032910,5.235860,-0.000043,0.002030,-0.022121,-0.021880,3.141593
20590.0,-0.007460,-0.011809,0.034997,0.035639,5.235860,-0.000014,0.009017,-0.022430,-0.021397,3.141593
20595.0,-0.007503,-0.006420,0.034738,0.034729,5.235860,-0.000014,-0.008600,-0.021670,-0.022810,3.141593
20600.0,-0.007582,0.003091,0.034272,0.034729,5.235860,0.000057,0.003255,-0.022153,-0.021880,3.141593
20605.0,-0.007489,-0.016701,0.035142,0.035639,5.235860,-0.000029,0.004437,-0.022226,-0.022810,3.141593
20610.0,-0.007474,-0.006380,0.034680,0.034729,5.235860,-0.000086,-0.010375,-0.021587,-0.020466,3.141593
20615.0,-0.007567,-0.000077,0.034356,0.035299,5.235860,0.000043,-0.004977,-0.021807,-0.021880,3.141593
20620.0,-0.007546,-0.002931,0.034446,0.034729,5.235860,-0.000057,-0.005193,-0.021817,-0.021880,3.141593
20625.0,-0.007460,-0.002275,0.034429,0.033820,5.235860,-0.000029,0.007057,-0.022368,-0.022810,3.141593
20630.0,-0.007503,-0.001725,0.034393,0.033820,5.235860,-0.000057,0.011560,-0.022586,-0.022810,3.141593
20635.0,-0.007532,-0.004187,0.034490,0.034729,5.235860,0.000043,-0.012980,-0.021479,-0.020949,3.141593
20640.0,-0.007560,-0.004957,0.034483,0.034729,5.235860,0.000072,-0.008080,-0.021657,-0.021880,3.141593
20645.0,-0.007503,-0.012974,0.034827,0.035639,5.235860,0.000000,-0.005062,-0.021791,-0.022327,3.141593
20650.0,-0.007467,-0.001334,0.034310,0.034729,5.235860,-0.000014,-0.009917,-0.021576,-0.021397,3.141593
20655.0,-0.007524,-0.008413,0.034591,0.033820,5.235860,0.000014,0.006334,-0.022288,-0.020019,3.141593
20660.0,-0.007446,-0.017015,0.035003,0.035639,5.235860,-0.000143,-0.000493,-0.022072,-0.022810,3.141593
20665.0,-0.007546,0.006380,0.033923,0.034729,5.235860,0.000029,-0.001626,-0.021977,-0.021880,3.141593
20670.0,-0.007553,-0.001320,0.034223,0.034729,5.235860,-0.000029,-0.003421,-0.021912,-0.022810,3.141593
20675.0,-0.007617,0.018676,0.033278,0.033820,5.235860,0.000029,-0.003623,-0.021878,-0.022327,3.141593
20680.0,-0.007567,-0.020657,0.034976,0.034730,5.236244,0.000072,-0.000225,-0.021998,-0.021880,3.141593
20685.0,0.012903,-0.110773,0.040888,0.040526,5.236244,-0.000014,-0.014451,-0.021385,-0.020949,3.141593
20690.0,0.015543,-0.012832,0.037059,0.035640,5.236244,-0.000029,0.011736,-0.022574,-0.023740,3.141593
20695.0,0.015571,-0.010915,0.037142,0.036263,5.236244,0.000014,0.020586,-0.022951,-0.022810,3.141593
20700.0,0.015664,-0.005646,0.037107,0.037460,5.236244,0.000014,-0.001740,-0.021966,-0.021397,3.141593
20705.0,0.015471,-0.000323,0.036948,0.037173,5.236244,0.000043,-0.001381,-0.021970,-0.020949,3.141593
20710.0,0.015471,0.014311,0.036409,0.037460,5.236244,-0.000157,0.010549,-0.022569,-0.021397,3.141593
20715.0,-0.003233,0.122844,0.029992,0.029842,5.235860,-0.000029,-0.005157,-0.021878,-0.021397,3.141593
20720.0,-0.007339,0.032382,0.033464,0.032910,5.235860,-0.000014,-0.010394,-0.021649,-0.021880,3.141593
20725.0,-0.007775,0.026768,0.033543,0.034105,5.235860,-0.000014,-0.006591,-0.021821,-0.022810,3.141593
20730.0,-0.007739,0.013787,0.034011,0.034729,5.235860,0.000129,0.012780,-0.022606,-0.021880,3.141593
20735.0,-0.007739,-0.003949,0.034685,0.035354,5.235860,0.000014,0.007521,-0.022379,-0.021880,3.141593
20740.0,-0.007732,0.008762,0.034014,0.034729,5.235860,-0.000014,0.013887,-0.022676,-0.021844,3.141593
20745.0,-0.007603,-0.000950,0.034403,0.034729,5.235860,0.000043,-0.009384,-0.021630,-0.021880,3.141593
20750.0,-0.007610,-0.009847,0.034735,0.034730,5.236244,0.000000,-0.008717,-0.021669,-0.021880,3.141593
20755.0,0.012867,-0.100221,0.040647,0.039903,5.236244,-0.000172,0.022732,-0.023139,-0.023257,3.141593
20760.0,0.015292,-0.010443,0.037078,0.037173,5.236244,0.000014,0.002334,-0.022205,-0.022810,3.141593
20765.0,0.015557,-0.001042,0.036840,0.037460,5.236244,0.000086,-0.006271,-0.021795,-0.021880,3.141593
20770.0,0.015564,-0.024244,0.038007,0.038083,5.236244,-0.000014,0.002586,-0.022194,-0.021880,3.141593
20775.0,0.015557,-0.011017,0.037556,0.037173,5.236244,0.000086,-0.012054,-0.021512,-0.020949,3.141593
20780.0,0.015364,0.011237,0.036637,0.036549,5.235860,0.000086,-0.000175,-0.022011,-0.022327,3.141593
20785.0,-0.004985,0.105586,0.030636,0.031661,5.235860,-0.000057,0.016781,-0.022794,-0.023740,3.141593
20790.0,-0.007589,0.024936,0.033789,0.033820,5.235860,0.000043,0.006417,-0.022299,-0.021880,3.141593
20795.0,-0.007753,0.023055,0.033747,0.034105,5.235860,-0.000143,0.034748,-0.023623,-0.023257,3.141593
20800.0,-0.007675,0.011303,0.034188,0.033820,5.235860,0.000129,-0.010324,-0.021570,-0.021397,3.141593
20805.0,-0.007653,0.006961,0.034315,0.034729,5.235860,-0.000014,0.014224,-0.022685,-0.024223,3.141593
20810.0,0.004578,-0.188261,0.043867,0.042346,5.236244,0.000014,0.009721,-0.022468,-0.022327,3.141593
20815.0,0.014513,-0.044084,0.038632,0.038993,5.236244,-0.000057,-0.005158,-0.021833,-0.022810,3.141593
20820.0,0.015442,-0.011576,0.037433,0.038370,5.236244,-0.000014,0.002257,-0.022146,-0.022327,3.141593
20825.0,0.015578,-0.010958,0.037563,0.038370,5.236244,0.000014,-0.010704,-0.021558,-0.020949,3.141593
20830.0,0.015478,0.006660,0.036880,0.036886,5.236244,0.000057,-0.008355,-0.021643,-0.020913,3.141593
20835.0,0.015450,0.002245,0.037165,0.037173,5.236244,0.000086,-0.010622,-0.021517,-0.021880,3.141593
20840.0,0.015478,-0.005268,0.037607,0.038370,5.236244,-0.000129,0.013896,-0.022664,-0.022327,3.141593
20845.0,-0.003362,0.143925,0.029328,0.029842,5.235860,-0.000086,0.013912,-0.022704,-0.022327,3.141593
20850.0,-0.007517,0.020614,0.034174,0.033820,5.235860,-0.000072,-0.008662,-0.021739,-0.021880,3.141593
20855.0,-0.007739,0.002609,0.034844,0.035639,5.235860,-0.000072,0.006771,-0.022442,-0.022810,3.141593
20860.0,-0.007753,0.010229,0.034392,0.034729,5.235860,-0.000014,-0.007744,-0.021797,-0.021397,3.141593
20865.0,-0.007732,0.008319,0.034374,0.034729,5.235860,0.000072,-0.005176,-0.021883,-0.021880,3.141593
20870.0,-0.007589,-0.011927,0.035229,0.035014,5.235860,0.000014,0.013542,-0.022722,-0.021397,3.141593
20875.0,-0.007567,-0.004450,0.034856,0.034445,5.235860,0.000100,-0.006648,-0.021807,-0.021880,3.141593
20880.0,0.004570,-0.185670,0.043784,0.043257,5.236244,-0.000086,0.010602,-0.022628,-0.023740,3.141593
20885.0,0.014541,-0.045726,0.038738,0.037173,5.236244,0.000029,-0.010481,-0.021670,-0.021880,3.141593
20890.0,0.015585,-0.006051,0.037302,0.038083,5.236244,0.000086,-0.010985,-0.021612,-0.022810,3.141593
20895.0,0.015464,0.012947,0.036549,0.036263,5.236244,0.000014,0.006628,-0.022381,-0.022810,3.141593
20900.0,0.015578,-0.006502,0.037570,0.037173,5.236244,0.000000,0.000970,-0.022126,-0.022327,3.141593
20905.0,0.008676,0.204457,0.027867,0.028022,5.235860,-0.000043,0.007669,-0.022437,-0.022810,3.141593
20910.0,-0.006115,0.056977,0.032846,0.032625,5.235860,-0.000114,-0.007365,-0.021829,-0.022810,3.141593
20915.0,-0.007610,0.024351,0.034029,0.034729,5.235860,0.000014,-0.002559,-0.022005,-0.022327,3.141593
20920.0,-0.007675,0.008416,0.034636,0.034729,5.235860,0.000000,-0.004571,-0.021914,-0.021880,3.141593
20925.0,-0.007703,0.007346,0.034586,0.034445,5.235860,0.000014,-0.003486,-0.021945,-0.021397,3.141593
20930.0,-0.007753,0.016683,0.034065,0.033820,5.235860,0.000029,-0.004568,-0.021888,-0.021880,3.141593
20935.0,-0.007668,0.007185,0.034432,0.034729,5.235860,0.000029,-0.004922,-0.021861,-0.021397,3.141593
20940.0,-0.007596,-0.002432,0.034811,0.034729,5.235860,-0.000014,0.002549,-0.022207,-0.022327,3.141593
20945.0,-0.007646,-0.007341,0.034957,0.035639,5.235860,0.000014,-0.005373,-0.021851,-0.021880,3.141593
20950.0,-0.007682,0.001526,0.034478,0.034729,5.235860,0.000086,-0.019079,-0.021211,-0.021880,3.141593
20955.0,-0.007639,-0.008553,0.034870,0.033820,5.235860,0.000014,0.008974,-0.022437,-0.022327,3.141593
20960.0,-0.007546,0.003442,0.034344,0.034729,5.235860,-0.000014,-0.020656,-0.021145,-0.020466,3.141593
20965.0,-0.007539,0.001219,0.034420,0.033820,5.236244,-0.000014,-0.013595,-0.021462,-0.020949,3.141593
20970.0,0.012903,-0.090935,0.040425,0.039616,5.236244,-0.000086,0.006277,-0.022375,-0.022810,3.141593
20975.0,0.015328,-0.011729,0.037344,0.036263,5.236244,-0.000057,0.024936,-0.023217,-0.023740,3.141593
20980.0,0.015578,-0.006048,0.037291,0.036263,5.236244,0.000000,0.000130,-0.022104,-0.021397,3.141593
20985.0,0.015528,0.000272,0.037151,0.036550,5.236244,0.000086,-0.012717,-0.021496,-0.021880,3.141593
20990.0,0.015571,-0.002144,0.037403,0.038083,5.236244,0.000072,-0.029658,-0.020717,-0.020949,3.141593
20995.0,-0.003197,0.127190,0.030078,0.030181,5.235860,-0.000100,0.010324,-0.022525,-0.022810,3.141593
21000.0,-0.007396,0.020978,0.034216,0.033820,5.235860,0.000114,-0.001377,-0.021943,-0.021397,3.141593
21005.0,-0.007718,0.002878,0.034882,0.034729,5.235860,0.000029,0.012300,-0.022547,-0.022327,3.141593
21010.0,-0.007696,0.015817,0.034223,0.035639,5.235860,-0.000057,0.007149,-0.022348,-0.021880,3.141593
21015.0,-0.007725,0.015502,0.034110,0.033820,5.235860,0.000029,-0.007288,-0.021697,-0.021880,3.141593
21020.0,-0.007603,-0.015523,0.035438,0.035639,5.235860,-0.000043,0.002855,-0.022167,-0.021880,3.141593
21025.0,-0.007675,0.011498,0.034158,0.034729,5.235860,0.000072,0.005342,-0.022241,-0.022327,3.141593
21030.0,-0.007675,0.005274,0.034355,0.033820,5.235860,-0.000100,-0.009289,-0.021653,-0.022810,3.141593
21035.0,-0.007596,0.002181,0.034462,0.034729,5.235860,0.000043,-0.016040,-0.021318,-0.021880,3.141593
21040.0,-0.007474,-0.001352,0.034621,0.034730,5.236244,-0.000072,0.007100,-0.022367,-0.022327,3.141593
21045.0,0.012875,-0.098142,0.040796,0.041724,5.236244,-0.000014,-0.001841,-0.021972,-0.020949,3.141593
21050.0,0.015385,-0.030831,0.038245,0.037796,5.236244,-0.000057,0.007969,-0.022440,-0.022810,3.141593
21055.0,0.015543,-0.005822,0.037310,0.037173,5.236244,-0.000029,-0.003695,-0.021933,-0.021880,3.141593
21060.0,0.015564,-0.004556,0.037404,0.037173,5.236244,0.000086,-0.027500,-0.020846,-0.021397,3.141593
21065.0,0.015521,0.008962,0.036932,0.037173,5.236244,0.000043,-0.008379,-0.021673,-0.022810,3.141593
21070.0,0.003133,0.221434,0.026582,0.027113,5.235860,-0.000057,-0.000547,-0.022038,-0.022327,3.141593
21075.0,-0.006809,0.046235,0.033190,0.032001,5.235860,-0.000057,0.005239,-0.022303,-0.022810,3.141593
21080.0,-0.007660,0.014989,0.034388,0.033820,5.235860,-0.000014,0.003913,-0.022235,-0.022810,3.141593
21085.0,-0.007653,-0.006604,0.035274,0.035639,5.235860,-0.000057,0.007740,-0.022437,-0.022327,3.141593
21090.0,-0.007753,0.013830,0.034251,0.034729,5.235860,0.000014,0.005397,-0.022316,-0.021844,3.141593
21095.0,-0.007668,-0.022284,0.035778,0.035639,5.235860,0.000086,-0.016129,-0.021334,-0.021880,3.141593
21100.0,-0.007603,0.004514,0.034559,0.034729,5.235860,0.000043,0.010330,-0.022482,-0.022327,3.141593
21105.0,-0.007589,-0.002196,0.034813,0.034729,5.235860,-0.000114,-0.008213,-0.021726,-0.022810,3.141593
21110.0,0.011036,-0.123160,0.041788,0.041436,5.236244,0.000072,-0.007668,-0.021700,-0.021880,3.141593
21115.0,0.015242,-0.022347,0.037954,0.038083,5.236244,0.000057,-0.005291,-0.021784,-0.021880,3.141593
21120.0,0.015600,-0.022931,0.038181,0.038370,5.236244,-0.000057,0.002115,-0.022148,-0.022810,3.141593
21125.0,0.015492,0.000312,0.037255,0.037460,5.236244,-0.000086,-0.000550,-0.022056,-0.021880,3.141593
21130.0,0.015507,0.005929,0.037133,0.038083,5.236244,-0.000014,0.003367,-0.022226,-0.021397,3.141593
21135.0,0.008726,0.186521,0.028788,0.028932,5.235860,0.000014,0.000849,-0.022106,-0.021880,3.141593
21140.0,-0.006166,0.072497,0.032278,0.032910,5.235860,-0.000029,-0.018529,-0.021279,-0.021397,3.141593
21145.0,-0.007603,0.004848,0.035013,0.034729,5.235860,0.000143,-0.009422,-0.021613,-0.021880,3.141593
21150.0,-0.007775,0.016832,0.034352,0.034729,5.235860,0.000000,0.007243,-0.022370,-0.023257,3.141593
21155.0,-0.007782,0.004128,0.034787,0.034729,5.235860,-0.000072,0.003292,-0.022232,-0.022810,3.141593
21160.0,-0.007703,0.005788,0.034639,0.034729,5.235860,-0.000057,0.000817,-0.022126,-0.022327,3.141593
21165.0,-0.007660,-0.007438,0.035155,0.035639,5.235860,0.000057,-0.001101,-0.022015,-0.020949,3.141593
21170.0,-0.007675,-0.008727,0.035128,0.034729,5.235860,-0.000029,0.003587,-0.022238,-0.020949,3.141593
21175.0,-0.007496,-0.006211,0.035012,0.035639,5.235860,0.000043,-0.008524,-0.021693,-0.021880,3.141593
21180.0,-0.000715,-0.195916,0.043858,0.044790,5.236244,-0.000057,0.010855,-0.022582,-0.021844,3.141593
21185.0,0.013905,-0.050435,0.038975,0.038419,5.236244,0.000000,0.006117,-0.022365,-0.022327,3.141593
21190.0,0.015578,-0.024106,0.038187,0.038083,5.236244,0.000000,0.017749,-0.022878,-0.023293,3.141593
21195.0,0.015585,-0.013412,0.037868,0.038370,5.236244,-0.000057,0.011692,-0.022632,-0.022810,3.141593
21200.0,0.015578,-0.015554,0.038099,0.038083,5.236244,-0.000072,0.010657,-0.022621,-0.022327,3.141593
21205.0,0.015514,0.010546,0.037041,0.037460,5.236244,0.000057,-0.003795,-0.021953,-0.021397,3.141593
21210.0,0.003269,0.184824,0.028441,0.029842,5.235860,0.000014,0.005599,-0.022380,-0.022810,3.141593
21215.0,-0.006723,0.047643,0.033384,0.032285,5.235860,0.000014,0.009202,-0.022533,-0.022327,3.141593
21220.0,-0.007653,0.019145,0.034457,0.034729,5.235860,-0.000114,-0.000857,-0.022147,-0.022327,3.141593
21225.0,-0.007710,0.013156,0.034608,0.034729,5.235860,0.000100,0.002512,-0.022225,-0.021397,3.141593
21230.0,-0.007811,0.014619,0.034402,0.034729,5.235860,0.000143,-0.013628,-0.021473,-0.021880,3.141593
21235.0,-0.007725,-0.017729,0.035743,0.035639,5.235860,0.000029,0.004641,-0.022275,-0.022327,3.141593
21240.0,-0.007589,-0.006253,0.035204,0.034729,5.235860,0.000000,0.004339,-0.022265,-0.021397,3.141593
21245.0,-0.007653,-0.002545,0.034978,0.035639,5.235860,0.000014,-0.004353,-0.021875,-0.022810,3.141593
21250.0,-0.007560,-0.005050,0.035057,0.035639,5.235860,-0.000072,0.000038,-0.022100,-0.022810,3.141593
21255.0,0.008512,-0.165305,0.043499,0.043257,5.236244,-0.000057,0.020449,-0.023003,-0.022810,3.141593
21260.0,0.014927,-0.035612,0.038572,0.038083,5.236244,0.000014,-0.012606,-0.021529,-0.022327,3.141593
21265.0,0.015593,-0.019954,0.038134,0.038083,5.236244,-0.000086,0.002607,-0.022221,-0.022810,3.141593
21270.0,0.015521,0.001891,0.037299,0.037460,5.236244,0.000000,0.007828,-0.022429,-0.022810,3.141593
21275.0,0.015593,-0.008880,0.037927,0.038083,5.236244,0.000072,0.000169,-0.022063,-0.021397,3.141593
21280.0,-0.003247,0.130423,0.030143,0.030466,5.235860,0.000086,-0.013045,-0.021457,-0.021880,3.141593
21285.0,-0.023324,0.201103,0.025113,0.026486,5.235476,0.000014,-0.010165,-0.021591,-0.021397,3.141593
21290.0,-0.030327,0.031352,0.031532,0.032002,5.235476,0.000000,0.014963,-0.022701,-0.022327,3.141593
21295.0,-0.030856,0.019361,0.031695,0.032002,5.235476,0.000000,-0.008707,-0.021665,-0.022327,3.141593
21300.0,-0.030792,0.002672,0.032162,0.031093,5.235476,-0.000072,0.005949,-0.022337,-0.022810,3.141593
21305.0,-0.005200,-0.307447,0.047865,0.048717,5.236244,0.000014,-0.009384,-0.021636,-0.021880,3.141593
21310.0,0.013618,-0.075537,0.039643,0.039903,5.236244,0.000029,0.008675,-0.022412,-0.020502,3.141593
21315.0,0.015585,-0.032470,0.038164,0.038083,5.236244,-0.000057,-0.005020,-0.021860,-0.021880,3.141593
21320.0,0.015764,-0.012525,0.037522,0.038370,5.236244,0.000014,-0.007282,-0.021743,-0.022810,3.141593
21325.0,0.015635,-0.008299,0.037477,0.037173,5.236244,0.000086,-0.011384,-0.021515,-0.021880,3.141593
21330.0,0.015593,0.000943,0.037227,0.037460,5.236244,0.000043,0.016787,-0.022738,-0.023257,3.141593
21335.0,0.015500,-0.008019,0.037728,0.037173,5.236244,0.000014,-0.001250,-0.021938,-0.021880,3.141593
21340.0,-0.003133,0.115640,0.030690,0.031376,5.235860,-0.000014,0.001037,-0.022050,-0.021397,3.141593
21345.0,-0.007367,0.020309,0.034345,0.034729,5.235860,0.000029,0.004520,-0.022191,-0.021880,3.141593
21350.0,-0.007775,0.018395,0.034254,0.034729,5.235860,-0.000072,-0.001602,-0.021959,-0.021880,3.141593
21355.0,-0.007689,-0.000479,0.035014,0.034729,5.235860,-0.000043,-0.003092,-0.021904,-0.022810,3.141593
21360.0,-0.007682,-0.010991,0.035401,0.035639,5.235860,-0.000014,0.014300,-0.022660,-0.022810,3.141593
21365.0,-0.007603,-0.009772,0.035307,0.034729,5.235860,0.000029,-0.006867,-0.021709,-0.022327,3.141593
21370.0,-0.007682,0.017291,0.034040,0.033820,5.235860,0.000014,0.002661,-0.022131,-0.021397,3.141593
21375.0,-0.007739,0.001590,0.034630,0.033820,5.235860,0.000014,0.002422,-0.022126,-0.022810,3.141593
21380.0,-0.007589,-0.002750,0.034812,0.034729,5.235860,-0.000129,0.009841,-0.022497,-0.022363,3.141593
21385.0,-0.007567,-0.023703,0.035715,0.036549,5.235860,-0.000157,0.009101,-0.022517,-0.022810,3.141593
21390.0,-0.007589,0.009102,0.034225,0.034729,5.235860,-0.000143,-0.000250,-0.022139,-0.021880,3.141593
21395.0,-0.007596,0.012947,0.033992,0.032910,5.235860,-0.000014,-0.017652,-0.021361,-0.020949,3.141593
21400.0,-0.007625,0.005696,0.034265,0.033820,5.236244,0.000057,0.006174,-0.022393,-0.022810,3.141593
21405.0,0.012875,-0.099890,0.040859,0.040526,5.236244,-0.000029,-0.005034,-0.021911,-0.021397,3.141593
21410.0,0.015500,-0.037762,0.038602,0.038083,5.236244,0.000086,-0.002440,-0.021995,-0.022810,3.141593
21415.0,0.015564,-0.004586,0.037298,0.037460,5.236244,0.000143,-0.014474,-0.021411,-0.020949,3.141593
21420.0,0.015543,-0.013288,0.037820,0.038083,5.236244,-0.000057,0.006815,-0.022396,-0.022810,3.141593
21425.0,0.008669,0.184139,0.028708,0.027738,5.235860,-0.000014,0.004564,-0.022285,-0.022810,3.141593
21430.0,-0.012889,0.235759,0.024437,0.023476,5.235476,-0.000014,0.001661,-0.022159,-0.022810,3.141593
21435.0,-0.029061,0.101091,0.028559,0.028931,5.235476,-0.000057,0.004541,-0.022312,-0.021880,3.141593
21440.0,-0.030777,0.027258,0.031306,0.031375,5.235476,0.000086,-0.005528,-0.021831,-0.021880,3.141593
21445.0,-0.030856,0.029342,0.030912,0.031375,5.235476,0.000057,-0.005292,-0.021836,-0.021880,3.141593
21450.0,-0.018475,-0.201017,0.041874,0.040526,5.236244,0.000057,-0.012239,-0.021516,-0.020949,3.141593
21455.0,0.011837,-0.136369,0.041924,0.042346,5.236244,-0.000043,-0.006230,-0.021814,-0.022810,3.141593
21460.0,0.034125,-0.163752,0.045451,0.044788,5.236627,-0.000086,0.006659,-0.022405,-0.022810,3.141593
21465.0,0.038502,-0.042830,0.040993,0.040525,5.236627,-0.000014,-0.002124,-0.022038,-0.021397,3.141593
21470.0,0.038774,-0.010475,0.039979,0.039904,5.236627,0.000086,-0.004553,-0.021901,-0.021880,3.141593
21475.0,0.006030,0.281001,0.024474,0.025294,5.235860,0.000029,-0.002509,-0.021982,-0.022327,3.141593
21480.0,-0.006487,0.056888,0.032997,0.032628,5.235476,0.000029,0.008511,-0.022448,-0.021880,3.141593
21485.0,-0.028138,0.123314,0.027859,0.027112,5.235476,0.000057,-0.006101,-0.021781,-0.021880,3.141593
21490.0,-0.030763,0.033975,0.031188,0.031375,5.235476,0.000014,-0.001362,-0.021980,-0.022327,3.141593
21495.0,-0.030799,0.013066,0.031835,0.032002,5.235476,-0.000029,-0.000197,-0.022049,-0.021880,3.141593
21500.0,-0.018582,-0.177065,0.040968,0.039617,5.235860,-0.000043,0.006901,-0.022370,-0.020913,3.141593
21505.0,0.007374,-0.204763,0.044525,0.042969,5.236244,-0.000100,-0.008899,-0.021735,-0.021397,3.141593
21510.0,0.015020,-0.033730,0.037982,0.038370,5.236244,0.000086,-0.009829,-0.021640,-0.021880,3.141593
21515.0,0.015557,0.001785,0.036640,0.036263,5.236244,0.000014,0.006916,-0.022374,-0.022810,3.141593
21520.0,0.015757,-0.017239,0.037717,0.038083,5.236244,-0.000057,0.013295,-0.022682,-0.022810,3.141593
21525.0,0.015628,-0.003252,0.037246,0.038083,5.236244,0.000014,-0.002487,-0.021971,-0.021880,3.141593
21530.0,0.008655,0.204298,0.027664,0.027113,5.235860,-0.000057,0.003027,-0.022241,-0.022810,3.141593
21535.0,-0.005994,0.063887,0.032402,0.032285,5.235860,0.000072,-0.010808,-0.021583,-0.021880,3.141593
21540.0,-0.007539,0.012567,0.034424,0.034105,5.235860,0.000000,0.013844,-0.022678,-0.022810,3.141593
21545.0,-0.007761,0.013065,0.034260,0.034729,5.235860,0.000000,-0.009502,-0.021651,-0.021880,3.141593
21550.0,-0.007639,0.000308,0.034767,0.034729,5.235860,-0.000057,0.019199,-0.022940,-0.023740,3.141593
21555.0,-0.007739,0.015007,0.034009,0.034729,5.235860,-0.000029,0.003339,-0.022238,-0.021844,3.141593
21560.0,-0.007696,0.009998,0.034146,0.033820,5.235860,-0.000029,0.008743,-0.022482,-0.021880,3.141593
21565.0,-0.007539,-0.004246,0.034763,0.035639,5.235860,-0.000029,0.004536,-0.022307,-0.022810,3.141593
21570.0,-0.007653,0.008974,0.034088,0.034445,5.235860,0.000014,-0.004193,-0.021907,-0.022810,3.141593
21575.0,-0.007517,0.005865,0.034215,0.033820,5.235860,-0.000057,0.010531,-0.022565,-0.022810,3.141593
21580.0,-0.007482,-0.005027,0.034697,0.034729,5.235860,-0.000057,0.008462,-0.022478,-0.022810,3.141593
21585.0,-0.007560,-0.012839,0.034998,0.034729,5.235860,0.000029,0.006841,-0.022384,-0.021880,3.141593
21590.0,-0.007603,0.008302,0.034019,0.034729,5.235860,0.000057,-0.006877,-0.021759,-0.021397,3.141593
21595.0,-0.007539,-0.015383,0.035040,0.035354,5.235860,-0.000086,-0.000705,-0.022073,-0.021880,3.141593
21600.0,-0.007524,-0.007658,0.034671,0.034729,5.235860,-0.000114,0.007691,-0.022481,-0.022810,3.141593
21605.0,-0.007539,-0.010839,0.034789,0.034729,5.235860,-0.000100,-0.004932,-0.021926,-0.021880,3.141593
21610.0,-0.007610,-0.006674,0.034547,0.034445,5.235860,0.000043,-0.008706,-0.021723,-0.021397,3.141593
21615.0,-0.007567,-0.001104,0.034272,0.034729,5.235860,0.000072,-0.002136,-0.021998,-0.022810,3.141593
21620.0,-0.007567,-0.005306,0.034417,0.033820,5.235860,0.000014,-0.009204,-0.021688,-0.022327,3.141593
21625.0,-0.007546,-0.004806,0.034381,0.033820,5.235860,-0.000086,0.014131,-0.022735,-0.022810,3.141593
21630.0,-0.007560,-0.002475,0.034252,0.033820,5.235860,-0.000143,-0.003043,-0.022036,-0.021397,3.141593
21635.0,-0.007503,0.004105,0.033969,0.034729,5.235860,0.000100,0.006719,-0.022412,-0.022810,3.141593
21640.0,-0.007446,0.000212,0.034158,0.033820,5.235860,0.000000,-0.001366,-0.022065,-0.021844,3.141593
21645.0,-0.007575,0.016460,0.033390,0.033195,5.235860,0.000014,-0.012584,-0.021573,-0.020949,3.141593
21650.0,-0.007617,0.000322,0.034051,0.033820,5.235860,0.000043,0.016267,-0.022824,-0.023257,3.141593
21655.0,-0.007539,0.007778,0.033715,0.033535,5.235860,0.000014,-0.008057,-0.021758,-0.021397,3.141593
21660.0,-0.007553,-0.004270,0.034212,0.033820,5.235860,0.000000,-0.008556,-0.021730,-0.021397,3.141593
21665.0,-0.007567,-0.004332,0.034182,0.033820,5.235860,0.000043,-0.003924,-0.021930,-0.021880,3.141593
21670.0,-0.007524,-0.000043,0.033989,0.033820,5.235860,-0.000043,0.001777,-0.022202,-0.021880,3.141593
21675.0,-0.007524,-0.009171,0.034379,0.034729,5.235860,0.000014,-0.002169,-0.022020,-0.021880,3.141593
21680.0,-0.007575,-0.004396,0.034124,0.033820,5.235860,-0.000086,-0.007627,-0.021826,-0.020466,3.141593
21685.0,-0.007575,0.007205,0.033585,0.034105,5.235860,-0.000014,-0.008997,-0.021769,-0.021880,3.141593
21690.0,-0.007532,-0.007862,0.034218,0.034729,5.235860,0.000029,-0.006240,-0.021877,-0.021880,3.141593
21695.0,-0.007517,0.000510,0.033823,0.034729,5.235860,0.000114,-0.007919,-0.021769,-0.021880,3.141593
21700.0,-0.007489,-0.013018,0.034407,0.033820,5.235860,0.000057,0.003367,-0.022251,-0.022327,3.141593
21705.0,-0.007517,0.002103,0.033717,0.033535,5.235860,0.000000,-0.003141,-0.021966,-0.021880,3.141593
21710.0,-0.007539,-0.007849,0.034127,0.034105,5.235860,-0.000014,-0.012168,-0.021570,-0.020949,3.141593
21715.0,-0.007503,-0.003777,0.033945,0.033820,5.235860,0.000014,0.000881,-0.022141,-0.021397,3.141593
21720.0,-0.007582,0.015918,0.033034,0.032001,5.235860,-0.000014,0.012481,-0.022674,-0.022327,3.141593
21725.0,-0.007596,0.004906,0.033481,0.033820,5.235860,0.000100,-0.007385,-0.021742,-0.021880,3.141593
21730.0,-0.007482,-0.005535,0.033958,0.033820,5.235860,-0.000014,-0.004902,-0.021866,-0.020949,3.141593
21735.0,-0.007539,0.000342,0.033667,0.033820,5.235860,-0.000100,-0.002190,-0.022034,-0.022327,3.141593
21740.0,-0.007439,-0.013129,0.034289,0.034105,5.235860,0.000014,-0.017088,-0.021380,-0.021880,3.141593
21745.0,-0.007567,0.002772,0.033540,0.033820,5.235860,0.000072,0.006054,-0.022375,-0.022327,3.141593
21750.0,-0.007503,-0.025225,0.034766,0.035639,5.235860,0.000114,-0.014139,-0.021444,-0.021880,3.141593
21755.0,-0.007489,-0.005127,0.033868,0.033820,5.235860,0.000014,-0.001632,-0.021986,-0.021397,3.141593
21760.0,-0.007603,-0.000413,0.033603,0.033535,5.235860,0.000000,-0.013457,-0.021465,-0.020949,3.141593
21765.0,-0.007575,-0.009984,0.033994,0.033535,5.235860,-0.000043,0.003571,-0.022224,-0.022810,3.141593
21770.0,-0.007560,0.002719,0.033409,0.033820,5.235860,-0.000086,0.030735,-0.023459,-0.022774,3.141593
21775.0,-0.007539,-0.004375,0.033687,0.033820,5.235860,-0.000143,-0.000468,-0.022139,-0.021880,3.141593
21780.0,-0.007467,-0.006671,0.033795,0.033820,5.235860,0.000072,-0.027776,-0.020881,-0.020466,3.141593
21785.0,-0.007617,0.009858,0.032996,0.032001,5.235860,-0.000043,-0.007517,-0.021799,-0.022810,3.141593
21790.0,-0.007396,0.000724,0.033463,0.034105,5.235860,0.000057,0.001619,-0.022148,-0.022810,3.141593
21795.0,-0.007567,0.003337,0.033279,0.033820,5.235860,0.000057,-0.009731,-0.021616,-0.021880,3.141593
21800.0,-0.007589,0.003605,0.033216,0.033820,5.235860,-0.000057,0.005290,-0.022317,-0.022810,3.141593
21805.0,-0.007467,-0.010847,0.033860,0.033820,5.235860,0.000029,0.007242,-0.022366,-0.022810,3.141593
21810.0,-0.007539,0.012543,0.032795,0.032285,5.235860,0.000043,0.003889,-0.022196,-0.021880,3.141593
21815.0,-0.007546,-0.004595,0.033519,0.033820,5.235860,0.000086,0.000135,-0.022010,-0.021880,3.141593
21820.0,0.011165,-0.131992,0.040836,0.039616,5.236244,-0.000057,0.016848,-0.022791,-0.022810,3.141593
21825.0,0.015378,-0.025996,0.036829,0.037173,5.236244,-0.000086,-0.000151,-0.022078,-0.021880,3.141593
21830.0,0.015614,-0.008807,0.036262,0.036550,5.236244,-0.000014,0.010266,-0.022543,-0.023257,3.141593
21835.0,0.015543,-0.007956,0.036350,0.036263,5.236244,0.000086,-0.010227,-0.021587,-0.021880,3.141593
21840.0,0.015585,0.008251,0.035788,0.034730,5.236244,0.000014,-0.006749,-0.021738,-0.021880,3.141593
21845.0,0.008669,0.192977,0.027234,0.026203,5.235860,-0.000057,-0.006534,-0.021766,-0.020466,3.141593
21850.0,-0.006101,0.074396,0.030962,0.030466,5.235860,0.000014,-0.024882,-0.020961,-0.020019,3.141593
21855.0,-0.007668,0.019090,0.033110,0.033820,5.235860,-0.000114,0.012862,-0.022707,-0.021880,3.141593
21860.0,-0.007811,0.017417,0.033048,0.032910,5.235860,0.000014,-0.010044,-0.021684,-0.020019,3.141593
21865.0,-0.007739,0.021078,0.032803,0.032910,5.235860,0.000000,0.005019,-0.022366,-0.022810,3.141593
21870.0,-0.007603,0.001951,0.033606,0.033820,5.235860,-0.000057,-0.009592,-0.021740,-0.021880,3.141593
21875.0,-0.000701,-0.196147,0.042826,0.044454,5.236244,0.000057,-0.013626,-0.021525,-0.021397,3.141593
21880.0,0.013819,-0.060341,0.038310,0.038083,5.236244,0.000057,-0.001552,-0.022052,-0.021880,3.141593
21885.0,0.015478,-0.023928,0.037041,0.037173,5.236244,0.000086,-0.000641,-0.022064,-0.022327,3.141593
21890.0,0.015557,-0.003135,0.036273,0.036550,5.236244,-0.000043,0.005940,-0.022384,-0.022363,3.141593
21895.0,0.015485,-0.010785,0.036719,0.036550,5.236244,0.000057,-0.019897,-0.021215,-0.020019,3.141593
21900.0,0.015528,-0.009534,0.036808,0.036550,5.236244,0.000000,0.006942,-0.022419,-0.022327,3.141593
21905.0,0.015514,-0.001923,0.036593,0.037460,5.236244,-0.000057,0.011787,-0.022653,-0.022810,3.141593
21910.0,0.015314,0.011565,0.036013,0.035640,5.236244,0.000014,0.000723,-0.022158,-0.022810,3.141593
21915.0,0.015392,-0.000660,0.036647,0.036264,5.235860,0.000043,-0.005125,-0.021872,-0.021880,3.141593
21920.0,-0.005000,0.095885,0.030548,0.031661,5.235860,-0.000057,0.007082,-0.022448,-0.022810,3.141593
21925.0,-0.007625,0.016793,0.033603,0.032910,5.235860,-0.000014,-0.018450,-0.021317,-0.021880,3.141593
21930.0,-0.007732,0.009519,0.033809,0.033820,5.235860,0.000057,-0.009305,-0.021680,-0.021880,3.141593
21935.0,-0.007889,0.015085,0.033394,0.032910,5.235860,0.000100,-0.011718,-0.021530,-0.021880,3.141593
21940.0,-0.007710,0.010236,0.033547,0.033820,5.235860,-0.000014,-0.000575,-0.022042,-0.022327,3.141593
21945.0,-0.007596,-0.002609,0.034071,0.033820,5.235860,0.000043,-0.005183,-0.021816,-0.021880,3.141593
21950.0,0.011022,-0.122245,0.040984,0.040813,5.236244,0.000000,-0.009284,-0.021644,-0.021880,3.141593
21955.0,0.015256,-0.023687,0.037238,0.038083,5.236244,-0.000014,0.022462,-0.023050,-0.023257,3.141593
21960.0,0.015528,-0.001785,0.036441,0.036550,5.236244,-0.000057,0.001039,-0.022116,-0.021880,3.141593
21965.0,0.015543,-0.003764,0.036660,0.036263,5.236244,0.000043,0.007616,-0.022393,-0.022327,3.141593
21970.0,0.015457,0.006472,0.036312,0.036263,5.236244,-0.000057,0.001557,-0.022150,-0.022327,3.141593
21975.0,0.003276,0.183364,0.027616,0.028932,5.235860,-0.000029,-0.006637,-0.021785,-0.021880,3.141593
21980.0,-0.006788,0.055710,0.032109,0.032285,5.235860,-0.000072,-0.001835,-0.022021,-0.021880,3.141593
21985.0,-0.007653,-0.001325,0.034429,0.033820,5.235860,0.000029,-0.004360,-0.021882,-0.021880,3.141593
21990.0,-0.007710,0.009535,0.033850,0.033820,5.235860,-0.000014,0.001678,-0.022164,-0.023740,3.141593
21995.0,-0.007825,0.006165,0.033854,0.033820,5.235860,-0.000014,0.004849,-0.022283,-0.022327,3.141593
22000.0,-0.007725,0.009384,0.033631,0.033820,5.235860,-0.000057,0.003422,-0.022240,-0.022810,3.141593
22005.0,-0.007675,0.008707,0.033594,0.034105,5.235860,-0.000072,0.013219,-0.022705,-0.023257,3.141593
22010.0,-0.007553,0.011742,0.033417,0.033820,5.235860,0.000014,0.002664,-0.022226,-0.023293,3.141593
22015.0,-0.007603,-0.003000,0.033999,0.033820,5.235860,0.000029,0.003248,-0.022226,-0.022810,3.141593
22020.0,-0.007567,-0.000935,0.033875,0.033820,5.235860,-0.000014,0.004322,-0.022273,-0.021397,3.141593
22025.0,-0.007567,-0.012092,0.034333,0.034729,5.235860,0.000014,-0.012908,-0.021510,-0.021397,3.141593
22030.0,-0.007489,-0.015585,0.034484,0.033820,5.235860,-0.000057,0.007533,-0.022439,-0.022810,3.141593
22035.0,-0.007596,0.003059,0.033608,0.033195,5.235860,0.000029,-0.000465,-0.022054,-0.020913,3.141593
22040.0,-0.007575,0.000672,0.033681,0.033820,5.235860,-0.000086,-0.012712,-0.021564,-0.020949,3.141593
22045.0,-0.007567,-0.002527,0.033780,0.033820,5.235860,0.000072,0.000367,-0.022098,-0.022327,3.141593
22050.0,-0.007567,-0.000187,0.033636,0.034105,5.235860,0.000072,-0.003295,-0.021907,-0.021397,3.141593
22055.0,-0.007560,-0.001470,0.033660,0.033820,5.235860,0.000057,-0.007630,-0.021697,-0.021880,3.141593
22060.0,-0.007625,-0.004815,0.033743,0.033535,5.235860,-0.000229,0.004720,-0.022341,-0.021397,3.141593
22065.0,-0.007632,-0.003340,0.033630,0.033820,5.235860,0.000057,-0.008788,-0.021706,-0.021397,3.141593
22070.0,-0.007474,-0.010734,0.033976,0.034105,5.235860,0.000014,-0.009864,-0.021656,-0.022327,3.141593
22075.0,-0.007610,-0.004295,0.033629,0.032910,5.235860,-0.000057,0.016983,-0.022873,-0.023740,3.141593
22080.0,-0.007453,0.002692,0.033349,0.033195,5.235860,0.000014,-0.001180,-0.022054,-0.022810,3.141593
22085.0,-0.007553,-0.013963,0.034042,0.033820,5.235860,0.000057,0.007930,-0.022425,-0.022327,3.141593
22090.0,-0.007517,0.006659,0.033118,0.034105,5.235860,-0.000057,0.004597,-0.022314,-0.022810,3.141593
22095.0,-0.007489,-0.006819,0.033698,0.033820,5.235860,-0.000072,-0.008278,-0.021768,-0.022810,3.141593
22100.0,-0.007467,-0.011014,0.033880,0.033820,5.235860,-0.000072,-0.006493,-0.021859,-0.022810,3.141593
22105.0,-0.007575,0.001634,0.033278,0.032001,5.235860,-0.000014,0.013310,-0.022717,-0.022327,3.141593
22110.0,-0.007560,-0.006803,0.033624,0.033195,5.235860,-0.000014,-0.006219,-0.021858,-0.022810,3.141593
22115.0,-0.007553,-0.002541,0.033411,0.033195,5.235860,0.000043,0.001524,-0.022168,-0.022810,3.141593
22120.0,-0.000615,-0.194649,0.042424,0.043257,5.236244,0.000057,-0.002964,-0.021936,-0.021397,3.141593
22125.0,0.013983,-0.053024,0.037714,0.037173,5.236244,0.000029,0.000040,-0.022062,-0.021397,3.141593
22130.0,0.015535,-0.008099,0.036087,0.036263,5.236244,0.000014,0.022534,-0.023065,-0.023740,3.141593
22135.0,0.015621,-0.005058,0.036128,0.036550,5.236244,-0.000043,0.007074,-0.022401,-0.022810,3.141593
22140.0,0.015528,-0.001039,0.036063,0.036550,5.236244,-0.000072,-0.003390,-0.021967,-0.022810,3.141593
22145.0,-0.003219,0.117719,0.029207,0.029557,5.235860,0.000043,-0.010234,-0.021631,-0.021397,3.141593
22150.0,-0.007432,0.024446,0.032754,0.032001,5.235860,-0.000057,0.017596,-0.022894,-0.023257,3.141593
22155.0,-0.007839,0.020148,0.032760,0.032001,5.235860,0.000014,0.000922,-0.022141,-0.022810,3.141593
22160.0,-0.007639,0.006617,0.033320,0.032910,5.235860,0.000100,-0.002180,-0.021948,-0.021397,3.141593
22165.0,-0.007653,-0.002801,0.033679,0.032910,5.235860,0.000057,-0.006045,-0.021770,-0.021397,3.141593
22170.0,0.004599,-0.185685,0.042713,0.041436,5.236244,-0.000014,0.012238,-0.022600,-0.022810,3.141593
22175.0,0.014520,-0.045385,0.037651,0.038083,5.236244,0.000029,0.012031,-0.022592,-0.023257,3.141593
22180.0,0.015578,-0.008081,0.036294,0.036263,5.236244,0.000014,-0.000157,-0.022052,-0.021397,3.141593
22185.0,0.015564,0.001236,0.036028,0.036550,5.236244,-0.000057,0.006582,-0.022377,-0.021844,3.141593
22190.0,0.015585,-0.018252,0.037032,0.037173,5.236244,-0.000014,-0.010462,-0.021630,-0.022810,3.141593
22195.0,0.015428,0.007931,0.035962,0.035640,5.236244,-0.000043,-0.002256,-0.021998,-0.022810,3.141593
22200.0,0.015342,0.011885,0.035846,0.035640,5.236244,0.000014,-0.023923,-0.021019,-0.020466,3.141593
22205.0,0.015471,-0.000544,0.036527,0.036263,5.236244,0.000014,-0.006993,-0.021767,-0.020466,3.141593
22210.0,0.015392,0.010736,0.036102,0.036550,5.236244,0.000000,-0.021373,-0.021135,-0.021880,3.141593
22215.0,0.015357,-0.013874,0.037244,0.037173,5.236244,0.000057,0.014446,-0.022681,-0.023740,3.141593
22220.0,0.015421,-0.003630,0.036881,0.036550,5.236244,-0.000014,-0.001394,-0.021983,-0.021397,3.141593
22225.0,0.015378,0.005917,0.036528,0.036263,5.236244,-0.000014,-0.006660,-0.021759,-0.019983,3.141593
22230.0,0.015371,0.013046,0.036273,0.037173,5.236244,0.000100,-0.008857,-0.021621,-0.021880,3.141593
22235.0,0.015242,0.009041,0.036444,0.036263,5.236244,-0.000014,-0.012400,-0.021494,-0.021397,3.141593
22240.0,0.003026,0.214307,0.026412,0.028932,5.235860,0.000043,-0.000540,-0.022006,-0.021880,3.141593
22245.0,-0.006902,0.031523,0.033302,0.034105,5.235860,-0.000014,-0.005050,-0.021835,-0.021880,3.141593
22250.0,-0.007775,0.007148,0.034136,0.033820,5.235860,0.000000,0.019539,-0.022924,-0.021880,3.141593
22255.0,-0.007768,0.012364,0.033795,0.033820,5.235860,-0.000086,0.000792,-0.022146,-0.022810,3.141593
22260.0,-0.007818,0.015272,0.033532,0.033820,5.235860,0.000100,-0.002606,-0.021931,-0.021880,3.141593
22265.0,-0.007753,0.024438,0.033026,0.032910,5.235860,-0.000086,0.005632,-0.022348,-0.022327,3.141593
22270.0,-0.007675,0.009994,0.033602,0.034105,5.235860,0.000014,0.004811,-0.022302,-0.022810,3.141593
22275.0,-0.000737,-0.211289,0.043842,0.044167,5.236244,0.000114,-0.004272,-0.021846,-0.021880,3.141593
22280.0,0.014033,-0.062545,0.038855,0.038993,5.236244,-0.000043,0.007751,-0.022411,-0.022327,3.141593
22285.0,0.015550,-0.019392,0.037301,0.037173,5.236244,0.000057,-0.012364,-0.021493,-0.022810,3.141593
22290.0,0.015464,0.001079,0.036497,0.036550,5.236244,0.000014,0.002905,-0.022149,-0.021397,3.141593
22295.0,0.015543,-0.007064,0.036998,0.037173,5.236244,0.000014,-0.008188,-0.021665,-0.021880,3.141593
22300.0,-0.000608,0.182934,0.027279,0.028022,5.235860,-0.000014,-0.009410,-0.021611,-0.020949,3.141593
22305.0,-0.007224,0.037532,0.032877,0.032001,5.235860,-0.000014,0.008133,-0.022397,-0.022810,3.141593
22310.0,-0.007653,0.002595,0.034291,0.034105,5.235860,0.000057,-0.000070,-0.021997,-0.021397,3.141593
22315.0,-0.007696,0.001479,0.034248,0.034105,5.235860,-0.000100,0.002492,-0.022166,-0.022810,3.141593
22320.0,-0.007796,-0.002197,0.034278,0.034729,5.235860,-0.000043,0.011076,-0.022553,-0.023293,3.141593
22325.0,-0.007739,0.000106,0.034085,0.034729,5.235860,0.000114,-0.004312,-0.021804,-0.021880,3.141593
22330.0,-0.007553,-0.008738,0.034456,0.035639,5.235860,-0.000043,0.008559,-0.022411,-0.022810,3.141593
22335.0,-0.007632,0.001037,0.033941,0.034105,5.235860,-0.000029,0.004193,-0.022219,-0.021397,3.141593
22340.0,-0.007639,0.001587,0.033861,0.035014,5.235860,-0.000072,-0.002670,-0.021946,-0.021397,3.141593
22345.0,-0.007610,-0.001239,0.033926,0.034105,5.235860,0.000043,-0.000744,-0.022004,-0.022810,3.141593
22350.0,-0.007546,-0.003577,0.034010,0.033820,5.235860,0.000014,0.005610,-0.022277,-0.022810,3.141593
22355.0,-0.007539,0.006919,0.033521,0.033820,5.235860,-0.000057,0.000539,-0.022076,-0.021880,3.141593
22360.0,-0.007646,0.003516,0.033587,0.033820,5.235860,0.000029,0.003492,-0.022178,-0.022327,3.141593
22365.0,-0.007532,0.006014,0.033459,0.034105,5.235860,-0.000072,-0.002992,-0.021934,-0.022810,3.141593
22370.0,-0.007517,-0.013272,0.034283,0.033820,5.235860,-0.000057,-0.000797,-0.022020,-0.021880,3.141593
22375.0,-0.007553,0.001805,0.033597,0.033820,5.235860,-0.000014,0.005697,-0.022313,-0.022810,3.141593
22380.0,-0.007582,-0.016532,0.034361,0.034729,5.235860,0.000072,-0.005378,-0.021778,-0.021880,3.141593
22385.0,-0.007553,-0.008934,0.033992,0.032910,5.235860,-0.000114,0.016252,-0.022800,-0.022810,3.141593
22390.0,-0.007610,-0.002779,0.033684,0.033820,5.235860,0.000057,-0.005997,-0.021772,-0.021880,3.141593
22395.0,-0.007489,-0.010805,0.034042,0.033820,5.235860,0.000000,0.011233,-0.022543,-0.022810,3.141593
22400.0,-0.007489,-0.002197,0.033658,0.033820,5.235860,0.000029,-0.000364,-0.022011,-0.021880,3.141593
22405.0,-0.007503,-0.006729,0.033842,0.034105,5.235860,-0.000057,0.008664,-0.022436,-0.022810,3.141593
22410.0,-0.007532,-0.006632,0.033805,0.033820,5.235860,0.000014,0.002956,-0.022159,-0.022810,3.141593
22415.0,-0.007532,-0.018626,0.034320,0.034729,5.235860,0.000014,-0.001395,-0.021953,-0.021880,3.141593
22420.0,-0.007489,-0.002684,0.033616,0.033820,5.235860,-0.000100,0.027394,-0.023272,-0.022327,3.141593
22425.0,-0.007524,0.000672,0.033443,0.034105,5.235860,-0.000014,-0.014908,-0.021417,-0.021397,3.141593
22430.0,-0.007489,-0.011631,0.033968,0.033820,5.235860,0.000057,-0.015181,-0.021387,-0.021397,3.141593
22435.0,-0.007510,-0.004066,0.033614,0.033820,5.235860,0.000057,0.000517,-0.022077,-0.021397,3.141593
22440.0,-0.007639,-0.000883,0.033396,0.032910,5.235860,0.000014,0.008744,-0.022446,-0.022327,3.141593
22445.0,-0.007517,-0.012313,0.033909,0.033820,5.235860,-0.000014,-0.005904,-0.021804,-0.022810,3.141593
22450.0,-0.007567,-0.008346,0.033700,0.033820,5.235860,-0.000114,0.028870,-0.023384,-0.022327,3.141593
22455.0,-0.007467,-0.011337,0.033839,0.033820,5.235860,0.000000,-0.001796,-0.022036,-0.021880,3.141593
22460.0,-0.007603,0.000242,0.033265,0.033195,5.235860,-0.000014,0.001990,-0.022214,-0.022327,3.141593
22465.0,-0.007510,-0.009609,0.033701,0.033820,5.235860,-0.000086,-0.004087,-0.021978,-0.022810,3.141593
22470.0,-0.007553,-0.007609,0.033580,0.032910,5.235860,0.000014,-0.007426,-0.021798,-0.021880,3.141593
22475.0,-0.007532,0.006468,0.032943,0.032910,5.235860,0.000014,0.021242,-0.023048,-0.023740,3.141593
22480.0,-0.007503,-0.001029,0.033270,0.033195,5.235860,0.000000,-0.003757,-0.021952,-0.022810,3.141593
22485.0,-0.007553,0.001400,0.033129,0.033820,5.235860,0.000014,0.011958,-0.022625,-0.022810,3.141593
22490.0,-0.007560,0.000914,0.033125,0.033195,5.235860,-0.000086,0.015389,-0.022817,-0.022327,3.141593
22495.0,-0.007482,-0.020096,0.034067,0.033820,5.235860,0.000086,-0.002709,-0.021982,-0.021880,3.141593
22500.0,-0.007503,-0.003512,0.033318,0.033820,5.235860,0.000072,-0.007181,-0.021759,-0.020949,3.141593
22505.0,-0.007553,-0.010832,0.033589,0.033820,5.235860,0.000100,-0.012676,-0.021493,-0.021880,3.141593
22510.0,0.004671,-0.202924,0.043037,0.041436,5.236244,0.000014,0.013452,-0.022666,-0.021397,3.141593
22515.0,0.014648,-0.034839,0.036812,0.036263,5.236244,-0.000072,0.001423,-0.022181,-0.022810,3.141593
22520.0,0.015528,-0.009644,0.035972,0.036550,5.236244,-0.000043,-0.008608,-0.021738,-0.022327,3.141593
22525.0,0.015607,-0.008687,0.036095,0.036263,5.236244,0.000029,0.005934,-0.022357,-0.021397,3.141593
22530.0,0.015564,-0.009141,0.036245,0.035976,5.236244,0.000057,-0.012132,-0.021564,-0.021397,3.141593
22535.0,0.015543,0.003605,0.035815,0.035353,5.236244,0.000100,-0.008626,-0.021670,-0.020949,3.141593
22540.0,0.015435,-0.010548,0.036526,0.036550,5.236244,0.000043,-0.006267,-0.021776,-0.021880,3.141593
22545.0,0.015407,0.010829,0.035663,0.034730,5.236244,0.000072,-0.002465,-0.021925,-0.021880,3.141593
22550.0,-0.000679,0.177655,0.026976,0.027113,5.235860,-0.000014,-0.007473,-0.021720,-0.021880,3.141593
22555.0,-0.007267,0.036436,0.032378,0.032001,5.235860,-0.000014,-0.005829,-0.021788,-0.022810,3.141593
22560.0,-0.007682,0.024125,0.032776,0.033195,5.235860,-0.000043,-0.005408,-0.021822,-0.021880,3.141593
22565.0,-0.007739,-0.000724,0.033751,0.033820,5.235860,-0.000014,-0.006257,-0.021791,-0.021880,3.141593
22570.0,0.010958,-0.131476,0.041135,0.040526,5.236244,0.000014,0.001712,-0.022140,-0.021397,3.141593
22575.0,0.031185,-0.190823,0.045741,0.045699,5.236627,-0.000014,-0.005890,-0.021814,-0.021397,3.141593
22580.0,0.038044,-0.041672,0.040206,0.039904,5.236627,0.000043,0.001757,-0.022139,-0.021880,3.141593
22585.0,0.038581,-0.018262,0.039545,0.039904,5.236627,0.000014,-0.004860,-0.021844,-0.021880,3.141593
22590.0,0.026422,0.178987,0.030138,0.031377,5.236244,0.000114,-0.007581,-0.021666,-0.021880,3.141593
22595.0,-0.002303,0.173960,0.027704,0.028022,5.235860,-0.000014,0.004503,-0.022222,-0.022810,3.141593
22600.0,-0.007496,0.024828,0.033552,0.034105,5.235860,0.000086,-0.004129,-0.021796,-0.021880,3.141593
22605.0,-0.007889,0.022060,0.033459,0.032910,5.235860,-0.000043,-0.006811,-0.021705,-0.021880,3.141593
22610.0,-0.007946,0.018328,0.033444,0.034105,5.235860,-0.000029,0.008288,-0.022391,-0.023740,3.141593
22615.0,-0.007746,-0.003658,0.034323,0.033820,5.235860,-0.000014,-0.001557,-0.021937,-0.021880,3.141593
22620.0,-0.007782,0.019088,0.033208,0.033195,5.235860,0.000000,0.008273,-0.022369,-0.022810,3.141593
22625.0,-0.007775,0.008535,0.033552,0.033820,5.235860,-0.000086,0.016180,-0.022751,-0.022327,3.141593
22630.0,-0.007689,0.008615,0.033476,0.033820,5.236244,-0.000129,0.003816,-0.022257,-0.022810,3.141593
22635.0,0.012646,-0.096810,0.039950,0.039616,5.236244,0.000014,0.009505,-0.022481,-0.022810,3.141593
22640.0,0.015357,-0.022735,0.037123,0.037173,5.236244,0.000029,0.003905,-0.022219,-0.022810,3.141593
22645.0,0.015528,-0.001854,0.036356,0.036550,5.236244,-0.000057,-0.004041,-0.021880,-0.022810,3.141593
22650.0,0.015521,-0.016984,0.037150,0.035976,5.236244,-0.000014,0.004099,-0.022232,-0.022810,3.141593
22655.0,0.015485,0.014233,0.035907,0.035640,5.236244,-0.000029,-0.004402,-0.021863,-0.022327,3.141593
22660.0,0.008647,0.174147,0.028446,0.028362,5.235860,-0.000057,0.008787,-0.022461,-0.022810,3.141593
22665.0,-0.006065,0.086680,0.030803,0.030466,5.235860,0.000014,-0.009070,-0.021660,-0.021880,3.141593
22670.0,-0.007703,0.024828,0.033225,0.033820,5.235860,-0.000029,0.012019,-0.022604,-0.022327,3.141593
22675.0,-0.007768,0.008200,0.033825,0.033820,5.235860,-0.000057,0.006332,-0.022383,-0.022810,3.141593
22680.0,-0.007775,0.012560,0.033517,0.034105,5.235860,0.000014,0.026480,-0.023256,-0.023257,3.141593
22685.0,-0.007632,-0.008940,0.034414,0.034729,5.235860,-0.000057,-0.021592,-0.021191,-0.021880,3.141593
22690.0,-0.007553,-0.004758,0.034207,0.034730,5.236244,0.000000,0.004270,-0.022317,-0.021880,3.141593
22695.0,0.012753,-0.079711,0.039368,0.039903,5.236244,0.000000,-0.000678,-0.022097,-0.021397,3.141593
22700.0,0.015256,-0.008216,0.036586,0.036550,5.236244,-0.000086,0.000069,-0.022160,-0.021880,3.141593
22705.0,0.015614,-0.002443,0.036533,0.037173,5.236244,-0.000029,-0.016368,-0.021435,-0.021880,3.141593
22710.0,0.015543,-0.015134,0.037211,0.037460,5.236244,0.000014,0.001620,-0.022209,-0.021880,3.141593
22715.0,0.015528,-0.013473,0.037257,0.037173,5.236244,0.000100,-0.009933,-0.021669,-0.021880,3.141593
22720.0,0.015492,-0.004870,0.036987,0.037460,5.236244,0.000014,-0.003985,-0.021940,-0.022810,3.141593
22725.0,0.015428,-0.004994,0.037068,0.037173,5.236244,0.000057,0.019904,-0.022964,-0.022327,3.141593
22730.0,-0.003390,0.126703,0.029576,0.030466,5.235860,0.000000,-0.005912,-0.021850,-0.021397,3.141593
22735.0,-0.007489,0.020196,0.033703,0.033820,5.235860,0.000086,-0.007252,-0.021769,-0.021397,3.141593
22740.0,-0.007725,0.006747,0.034159,0.033820,5.235860,-0.000057,0.004529,-0.022333,-0.021880,3.141593
22745.0,-0.007682,-0.010484,0.034842,0.034445,5.235860,0.000100,-0.010780,-0.021601,-0.021397,3.141593
22750.0,-0.007782,0.003365,0.034114,0.034105,5.235860,0.000043,0.006397,-0.022357,-0.021397,3.141593
22755.0,-0.007718,0.002224,0.034088,0.033820,5.235860,-0.000014,-0.002620,-0.021977,-0.022810,3.141593
22760.0,0.004635,-0.197453,0.043883,0.042346,5.236244,0.000014,-0.006696,-0.021773,-0.019536,3.141593
22765.0,0.014470,-0.037479,0.037936,0.038083,5.236244,0.000014,-0.016450,-0.021354,-0.020913,3.141593
22770.0,0.015407,-0.000618,0.036540,0.036550,5.236244,-0.000014,0.004648,-0.022297,-0.022327,3.141593
22775.0,0.015471,-0.013138,0.037223,0.036550,5.236244,0.000057,-0.017274,-0.021311,-0.020466,3.141593
22780.0,-0.000465,0.166621,0.028052,0.028932,5.235860,0.000114,0.003129,-0.022172,-0.022327,3.141593
22785.0,-0.007167,0.024932,0.033487,0.033820,5.235860,-0.000014,0.009130,-0.022451,-0.022810,3.141593
22790.0,-0.007710,0.008010,0.034061,0.033820,5.235860,-0.000100,0.001538,-0.022152,-0.022810,3.141593
22795.0,-0.007653,0.012282,0.033804,0.035014,5.235860,0.000100,-0.006384,-0.021728,-0.020949,3.141593
22800.0,-0.007617,0.004815,0.034061,0.034729,5.235860,-0.000029,-0.003901,-0.021877,-0.022363,3.141593
22805.0,-0.007689,-0.000740,0.034205,0.033820,5.235860,-0.000114,0.000345,-0.022118,-0.022810,3.141593
22810.0,-0.007610,0.001933,0.034057,0.033820,5.235860,-0.000043,-0.002163,-0.022006,-0.022327,3.141593
22815.0,-0.007675,0.006889,0.033762,0.033820,5.235860,-0.000029,-0.011485,-0.021601,-0.021880,3.141593
22820.0,-0.007575,-0.007624,0.034372,0.034729,5.235860,-0.000043,-0.006954,-0.021812,-0.022327,3.141593
22825.0,-0.007575,-0.001174,0.034042,0.034105,5.235860,0.000043,-0.007106,-0.021774,-0.021397,3.141593
22830.0,-0.007596,-0.021033,0.034863,0.034729,5.235860,-0.000057,0.007092,-0.022422,-0.022810,3.141593
22835.0,-0.007567,-0.003618,0.034065,0.033820,5.235860,0.000014,-0.000657,-0.022057,-0.022810,3.141593
22840.0,-0.007703,0.018950,0.032969,0.031376,5.235860,-0.000014,0.008686,-0.022466,-0.022810,3.141593
22845.0,-0.007539,-0.004049,0.033988,0.034729,5.235860,-0.000086,0.006389,-0.022398,-0.022327,3.141593
22850.0,-0.007503,0.000757,0.033760,0.033820,5.235860,-0.000014,0.000984,-0.022158,-0.021397,3.141593
22855.0,-0.007510,-0.003052,0.033925,0.034105,5.235860,0.000014,-0.009945,-0.021676,-0.021880,3.141593
22860.0,-0.007625,0.002620,0.033603,0.032910,5.235860,0.000072,-0.010065,-0.021649,-0.021397,3.141593
22865.0,-0.007546,0.012799,0.033146,0.033820,5.235860,0.000072,-0.009002,-0.021682,-0.021397,3.141593
22870.0,-0.007517,-0.002950,0.033832,0.033820,5.235860,0.000000,-0.007643,-0.021748,-0.021397,3.141593
22875.0,-0.007539,-0.003347,0.033823,0.033820,5.235860,-0.000114,-0.003505,-0.021987,-0.021397,3.141593
22880.0,-0.007453,-0.001189,0.033735,0.032625,5.235860,-0.000057,0.011228,-0.022658,-0.022810,3.141593
22885.0,-0.007532,-0.007763,0.034004,0.033820,5.235860,0.000086,-0.010345,-0.021653,-0.022810,3.141593
22890.0,-0.007639,0.010001,0.033150,0.032910,5.235860,-0.000057,0.011715,-0.022660,-0.023740,3.141593
22895.0,-0.007489,-0.015654,0.034301,0.035014,5.235860,0.000000,-0.006932,-0.021831,-0.021880,3.141593
22900.0,-0.007489,-0.001508,0.033651,0.033820,5.235860,-0.000014,0.006106,-0.022411,-0.022810,3.141593
22905.0,-0.007546,0.003019,0.033407,0.032910,5.235860,0.000100,0.003238,-0.022222,-0.022810,3.141593
22910.0,-0.007489,-0.009509,0.033978,0.033820,5.235860,0.000014,-0.007105,-0.021754,-0.021397,3.141593
22915.0,-0.007589,0.005736,0.033256,0.032910,5.235860,0.000057,0.004509,-0.022243,-0.022327,3.141593
22920.0,-0.007532,-0.004679,0.033694,0.033820,5.235860,-0.000043,-0.006881,-0.021760,-0.021397,3.141593
22925.0,-0.007553,-0.013198,0.034036,0.033820,5.235860,-0.000014,0.001294,-0.022125,-0.021880,3.141593
22930.0,-0.000737,-0.181730,0.041954,0.042346,5.236244,-0.000086,-0.006813,-0.021804,-0.021880,3.141593
22935.0,0.013955,-0.049776,0.037687,0.037173,5.236244,0.000086,-0.003906,-0.021871,-0.021397,3.141593
22940.0,0.015564,-0.023133,0.036887,0.036263,5.236244,0.000043,-0.005906,-0.021771,-0.021397,3.141593
22945.0,0.015550,0.001930,0.035932,0.036550,5.236244,0.000014,0.005216,-0.022275,-0.022810,3.141593
22950.0,0.015585,-0.031062,0.037542,0.037173,5.235860,0.000072,-0.011342,-0.021513,-0.021397,3.141593
22955.0,-0.004871,0.087614,0.030509,0.031376,5.235860,0.000086,0.003854,-0.022167,-0.021844,3.141593
22960.0,-0.007503,0.009744,0.033564,0.032910,5.235860,-0.000072,-0.007924,-0.021703,-0.022810,3.141593
22965.0,-0.007753,0.010658,0.033395,0.032910,5.235860,0.000000,0.012786,-0.022594,-0.022810,3.141593
22970.0,-0.007775,0.012354,0.033213,0.032625,5.235860,-0.000014,0.001483,-0.022100,-0.022327,3.141593
22975.0,-0.007639,0.006635,0.033429,0.033820,5.235860,0.000043,-0.001158,-0.021971,-0.021397,3.141593
22980.0,-0.007675,0.006871,0.033333,0.033820,5.235860,0.000057,-0.002327,-0.021906,-0.022363,3.141593
22985.0,-0.007539,0.010997,0.033133,0.032910,5.236244,-0.000186,0.014069,-0.022712,-0.023740,3.141593
22990.0,0.012832,-0.102154,0.040025,0.039903,5.236244,-0.000086,0.013048,-0.022665,-0.022327,3.141593
22995.0,0.015457,-0.034695,0.037516,0.038083,5.236244,0.000014,-0.003562,-0.021921,-0.021397,3.141593
23000.0,0.015650,-0.014652,0.036832,0.036263,5.236244,0.000029,-0.002372,-0.021963,-0.021880,3.141593
23005.0,0.015435,0.006442,0.035978,0.035640,5.236244,0.000029,-0.009094,-0.021654,-0.021880,3.141593
23010.0,0.015435,0.003718,0.036197,0.036550,5.236244,0.000029,-0.013381,-0.021447,-0.021397,3.141593
23015.0,0.003204,0.186404,0.027209,0.027738,5.235860,-0.000086,0.002450,-0.022182,-0.021880,3.141593
23020.0,-0.006723,0.046790,0.032284,0.032285,5.235860,0.000043,-0.021591,-0.021094,-0.020949,3.141593
23025.0,-0.023704,0.188910,0.024390,0.025012,5.235476,-0.000014,-0.006479,-0.021776,-0.022810,3.141593
23030.0,-0.030248,0.050160,0.029529,0.030184,5.235476,0.000014,0.004664,-0.022249,-0.022810,3.141593
23035.0,-0.030863,0.013211,0.030779,0.030466,5.235476,0.000072,0.000791,-0.022052,-0.022327,3.141593
23040.0,-0.005286,-0.302751,0.046707,0.046897,5.236244,-0.000086,0.013859,-0.022690,-0.022327,3.141593
23045.0,0.029619,-0.265816,0.048481,0.048431,5.236627,-0.000100,-0.007705,-0.021777,-0.022327,3.141593
23050.0,0.038087,-0.060687,0.040708,0.040814,5.236627,-0.000014,0.012597,-0.022659,-0.021397,3.141593
23055.0,0.038688,-0.032833,0.039906,0.039904,5.236627,-0.000186,-0.006255,-0.021920,-0.022327,3.141593
23060.0,0.031872,0.172508,0.030665,0.030466,5.236244,0.000072,-0.019793,-0.021265,-0.020913,3.141593
23065.0,0.004935,0.251540,0.024901,0.026203,5.235860,0.000043,0.000251,-0.022146,-0.021880,3.141593
23070.0,-0.006659,0.050387,0.032466,0.032001,5.235860,-0.000014,0.005052,-0.022370,-0.022810,3.141593
23075.0,-0.007832,0.037199,0.032755,0.032001,5.235860,0.000086,-0.009553,-0.021678,-0.021880,3.141593
23080.0,-0.007861,-0.000375,0.034271,0.033820,5.235860,0.000057,0.000808,-0.022115,-0.022810,3.141593
23085.0,-0.007875,0.028057,0.032875,0.032910,5.235860,-0.000100,-0.006929,-0.021817,-0.020949,3.141593
23090.0,-0.007746,0.006101,0.033762,0.032910,5.235860,0.000029,0.005950,-0.022361,-0.022810,3.141593
23095.0,-0.007639,0.001966,0.033898,0.033820,5.235860,-0.000014,0.005182,-0.022338,-0.021880,3.141593
23100.0,-0.007746,0.002846,0.033748,0.033535,5.235860,-0.000029,-0.003196,-0.021973,-0.022810,3.141593
23105.0,0.004485,-0.178960,0.042687,0.042634,5.236244,0.000072,-0.000457,-0.022042,-0.021397,3.141593
23110.0,0.014591,-0.055708,0.038407,0.038083,5.236244,-0.000014,0.007760,-0.022427,-0.022327,3.141593
23115.0,0.015442,-0.014706,0.036828,0.036550,5.236244,-0.000043,0.007055,-0.022409,-0.022810,3.141593
23120.0,0.015478,0.003938,0.036143,0.036550,5.236244,0.000057,0.001122,-0.022109,-0.022810,3.141593
23125.0,0.015578,-0.003483,0.036629,0.036837,5.236244,0.000000,0.002503,-0.022178,-0.022327,3.141593
23130.0,0.015564,0.007003,0.036293,0.037460,5.236244,0.000029,-0.019620,-0.021190,-0.021880,3.141593
23135.0,0.003226,0.201052,0.026790,0.027113,5.235860,-0.000014,-0.010396,-0.021603,-0.021880,3.141593
23140.0,-0.006824,0.045265,0.032521,0.032285,5.235860,0.000143,-0.013724,-0.021397,-0.020949,3.141593
23145.0,-0.007617,0.009071,0.033956,0.033820,5.235860,-0.000029,0.012966,-0.022614,-0.022327,3.141593
23150.0,-0.007753,0.018810,0.033406,0.033820,5.235860,-0.000114,-0.007109,-0.021788,-0.021880,3.141593
23155.0,-0.007710,0.007241,0.033825,0.033820,5.235860,0.000043,0.004010,-0.022263,-0.020019,3.141593
23160.0,-0.007689,0.005097,0.033837,0.033820,5.235860,0.000086,-0.004474,-0.021876,-0.021397,3.141593
23165.0,-0.007625,-0.011144,0.034503,0.034729,5.235860,-0.000072,0.002975,-0.022240,-0.021397,3.141593
23170.0,-0.007617,0.008101,0.033601,0.034105,5.235860,0.000043,0.000224,-0.022101,-0.022810,3.141593
23175.0,-0.007603,-0.004748,0.034108,0.034105,5.235860,0.000014,0.009975,-0.022525,-0.022810,3.141593
23180.0,-0.007546,-0.002965,0.034010,0.033820,5.235860,0.000014,-0.004435,-0.021881,-0.021880,3.141593
23185.0,-0.007682,0.010950,0.033308,0.033820,5.235860,0.000057,-0.018231,-0.021254,-0.020949,3.141593
23190.0,-0.007639,0.005537,0.033488,0.033195,5.235860,-0.000029,0.013899,-0.022689,-0.021397,3.141593
23195.0,-0.007503,-0.007706,0.034079,0.033820,5.235860,0.000057,-0.008748,-0.021677,-0.022810,3.141593
23200.0,-0.007553,-0.003241,0.033847,0.033820,5.235860,-0.000057,-0.007687,-0.021747,-0.021880,3.141593
23205.0,-0.007524,0.001374,0.033621,0.034105,5.235860,-0.000029,-0.016642,-0.021351,-0.020949,3.141593
23210.0,-0.007489,-0.012664,0.034223,0.033820,5.235860,-0.000014,-0.007335,-0.021754,-0.021880,3.141593
23215.0,-0.007567,0.002430,0.033523,0.034105,5.235860,0.000014,-0.000427,-0.022054,-0.022810,3.141593
23220.0,-0.007575,-0.007800,0.033917,0.033820,5.235860,0.000043,0.003303,-0.022192,-0.021397,3.141593
23225.0,-0.007567,0.001007,0.033499,0.033820,5.235860,-0.000014,-0.004357,-0.021869,-0.021880,3.141593
23230.0,-0.007575,-0.006354,0.033780,0.034105,5.235860,-0.000014,0.001498,-0.022140,-0.021397,3.141593
23235.0,-0.007560,0.005444,0.033218,0.033820,5.235860,0.000057,-0.000073,-0.022060,-0.022810,3.141593
23240.0,-0.007424,-0.029205,0.034776,0.034729,5.235860,-0.000043,0.009843,-0.022513,-0.022810,3.141593
23245.0,-0.007460,-0.009843,0.033916,0.033820,5.235860,0.000014,0.002110,-0.022158,-0.022327,3.141593
23250.0,-0.007596,0.003685,0.033264,0.032910,5.235860,-0.000086,0.000792,-0.022133,-0.022327,3.141593
23255.0,-0.007603,0.005808,0.033127,0.033195,5.235860,0.000043,0.001440,-0.022126,-0.021397,3.141593
23260.0,-0.007639,0.010411,0.032863,0.032910,5.235860,0.000100,-0.018220,-0.021226,-0.021880,3.141593
23265.0,-0.007424,-0.011911,0.033887,0.033820,5.235860,-0.000029,0.001482,-0.022107,-0.022810,3.141593
23270.0,-0.007510,-0.010546,0.033803,0.033820,5.235860,-0.000086,0.008462,-0.022443,-0.022810,3.141593
23275.0,-0.007575,-0.004696,0.033504,0.033195,5.235860,-0.000114,0.012175,-0.022640,-0.022327,3.141593
23280.0,-0.007489,-0.012533,0.033850,0.033535,5.235860,0.000014,-0.005356,-0.021835,-0.021880,3.141593
23285.0,-0.007646,0.009140,0.032823,0.033195,5.235860,0.000029,-0.012771,-0.021500,-0.019983,3.141593
23290.0,-0.007517,-0.004071,0.033396,0.033820,5.235860,0.000043,-0.021209,-0.021124,-0.019536,3.141593
23295.0,-0.007517,0.001866,0.033110,0.032910,5.235860,-0.000029,0.013297,-0.022687,-0.022810,3.141593
23300.0,-0.007539,0.000981,0.033128,0.033195,5.235860,0.000014,-0.016617,-0.021347,-0.020466,3.141593
23305.0,-0.007589,-0.000254,0.033143,0.033195,5.235860,0.000057,0.000680,-0.022083,-0.022810,3.141593
23310.0,-0.007446,-0.006454,0.033442,0.034105,5.235860,0.000043,-0.001146,-0.021974,-0.022810,3.141593
23315.0,-0.007524,-0.012655,0.033677,0.032910,5.235860,-0.000057,0.035990,-0.023657,-0.022327,3.141593
23320.0,-0.007517,-0.012703,0.033677,0.034105,5.235860,-0.000014,0.001296,-0.022148,-0.021397,3.141593
23325.0,-0.007510,-0.015195,0.033762,0.033820,5.235860,0.000000,-0.007883,-0.021743,-0.021397,3.141593
23330.0,-0.007553,0.001473,0.032994,0.032285,5.235860,0.000014,-0.011675,-0.021582,-0.021880,3.141593
23335.0,-0.007489,-0.003787,0.033231,0.033820,5.235860,-0.000014,-0.005024,-0.021874,-0.022327,3.141593
23340.0,-0.007582,0.011441,0.032516,0.031091,5.235860,0.000086,-0.013669,-0.021459,-0.021397,3.141593
23345.0,-0.007567,-0.004890,0.033224,0.033820,5.235860,-0.000043,-0.007007,-0.021788,-0.021397,3.141593
23350.0,-0.007575,-0.013792,0.033581,0.033820,5.235860,0.000014,-0.009690,-0.021658,-0.021397,3.141593
23355.0,0.008569,-0.176788,0.042187,0.041436,5.236244,0.000014,-0.010868,-0.021604,-0.021880,3.141593
23360.0,0.015035,-0.030484,0.036576,0.037460,5.236244,0.000029,0.005114,-0.022289,-0.022810,3.141593
23365.0,0.015650,-0.030176,0.036822,0.036263,5.236244,0.000114,-0.004782,-0.021806,-0.021880,3.141593
23370.0,0.015571,0.009696,0.035212,0.035640,5.236244,0.000057,-0.007883,-0.021659,-0.021880,3.141593
23375.0,0.015564,-0.006807,0.036072,0.036550,5.236244,-0.000043,0.010190,-0.022479,-0.022810,3.141593
23380.0,0.008655,0.193363,0.026822,0.025918,5.235860,0.000029,-0.002624,-0.021891,-0.021880,3.141593
23385.0,-0.006094,0.069919,0.030778,0.029272,5.235860,0.000029,0.002238,-0.022096,-0.021880,3.141593
23390.0,-0.007610,0.011997,0.033075,0.031716,5.235860,0.000000,0.012757,-0.022569,-0.023740,3.141593
23395.0,-0.007739,0.015761,0.032798,0.033195,5.235860,-0.000086,-0.005925,-0.021755,-0.022810,3.141593
23400.0,-0.007803,-0.001896,0.033445,0.032910,5.235860,-0.000043,-0.003923,-0.021832,-0.021880,3.141593
23405.0,-0.007653,0.007665,0.032979,0.033820,5.235860,-0.000057,-0.004433,-0.021830,-0.021397,3.141593
23410.0,-0.007710,-0.003593,0.033366,0.032910,5.236244,-0.000057,-0.000419,-0.022040,-0.022810,3.141593
23415.0,0.012889,-0.091618,0.039203,0.038083,5.236244,-0.000057,0.006274,-0.022342,-0.021880,3.141593
23420.0,0.015371,-0.008494,0.035968,0.036550,5.236244,0.000072,0.004026,-0.022219,-0.022810,3.141593
23425.0,0.015528,-0.001067,0.035789,0.036550,5.236244,-0.000086,0.010581,-0.022550,-0.021880,3.141593
23430.0,0.015607,-0.016243,0.036612,0.036550,5.236244,0.000014,-0.016277,-0.021353,-0.020466,3.141593
23435.0,0.015528,0.000641,0.035980,0.036550,5.236244,-0.000029,-0.011216,-0.021586,-0.021397,3.141593
23440.0,0.003140,0.202114,0.026115,0.027113,5.235860,-0.000043,0.007720,-0.022433,-0.023740,3.141593
23445.0,-0.006745,0.048359,0.031801,0.031376,5.235860,0.000100,-0.012549,-0.021477,-0.021880,3.141593
23450.0,-0.007646,0.018573,0.032922,0.032910,5.235860,0.000029,-0.000643,-0.021998,-0.021397,3.141593
23455.0,-0.007739,0.008012,0.033274,0.032910,5.235860,0.000029,0.015556,-0.022712,-0.021880,3.141593
23460.0,-0.007696,-0.000587,0.033572,0.033820,5.235860,-0.000029,-0.001355,-0.021994,-0.022327,3.141593
23465.0,-0.007725,0.015667,0.032750,0.032285,5.235860,0.000000,-0.001150,-0.021994,-0.021397,3.141593
23470.0,-0.007660,0.000723,0.033340,0.033820,5.235860,-0.000043,-0.010177,-0.021614,-0.022327,3.141593
23475.0,-0.000801,-0.190981,0.042252,0.042969,5.236244,0.000057,-0.001579,-0.021955,-0.021397,3.141593
23480.0,0.013905,-0.069846,0.038449,0.038083,5.236244,-0.000029,0.005346,-0.022291,-0.021880,3.141593
23485.0,0.015528,-0.012869,0.036285,0.037460,5.236244,-0.000029,-0.007847,-0.021730,-0.021880,3.141593
23490.0,0.015528,-0.001835,0.035918,0.034730,5.236244,-0.000043,0.012017,-0.022613,-0.022810,3.141593
23495.0,0.015628,-0.015500,0.036701,0.036263,5.236244,0.000057,0.003606,-0.022208,-0.020913,3.141593
23500.0,0.015478,-0.005682,0.036361,0.036550,5.236244,-0.000043,-0.001738,-0.022017,-0.021880,3.141593
23505.0,0.003169,0.201178,0.026288,0.027738,5.235860,0.000086,-0.002473,-0.021944,-0.021880,3.141593
23510.0,-0.006723,0.042425,0.032195,0.031376,5.235860,0.000086,-0.000655,-0.022005,-0.021880,3.141593
23515.0,-0.007725,0.017896,0.033052,0.033195,5.235860,0.000014,-0.007934,-0.021693,-0.021397,3.141593
23520.0,-0.007746,0.011559,0.033213,0.032910,5.235860,-0.000129,0.015277,-0.022792,-0.023740,3.141593
23525.0,-0.007775,0.022654,0.032613,0.032001,5.235860,0.000157,-0.013133,-0.021439,-0.021880,3.141593
23530.0,-0.007725,0.021414,0.032589,0.032285,5.235860,0.000029,-0.001730,-0.021946,-0.021880,3.141593
23535.0,-0.007653,0.007411,0.033135,0.032001,5.235860,-0.000086,0.004298,-0.022249,-0.021880,3.141593
23540.0,-0.007567,-0.010506,0.033902,0.033820,5.235860,-0.000014,0.008369,-0.022438,-0.022810,3.141593
23545.0,0.008397,-0.181304,0.042772,0.041436,5.236244,0.000014,0.000953,-0.022090,-0.021880,3.141593
23550.0,0.015006,-0.020471,0.036543,0.037173,5.236244,-0.000057,0.007130,-0.022386,-0.022810,3.141593
23555.0,0.015543,-0.015365,0.036521,0.036263,5.236244,-0.000057,0.017691,-0.022865,-0.023740,3.141593
23560.0,0.015578,0.003079,0.035862,0.036263,5.236244,-0.000114,-0.012336,-0.021583,-0.021880,3.141593
23565.0,0.015464,0.006155,0.035819,0.035640,5.236244,0.000100,-0.014553,-0.021422,-0.021397,3.141593
23570.0,0.008540,0.191380,0.027198,0.026828,5.235860,0.000029,-0.028928,-0.020785,-0.020466,3.141593
23575.0,-0.006030,0.067736,0.031191,0.031376,5.235860,0.000043,0.001566,-0.022123,-0.021880,3.141593
23580.0,-0.007582,-0.000918,0.033963,0.034729,5.235860,-0.000014,-0.000028,-0.022068,-0.022810,3.141593
23585.0,-0.007725,-0.001752,0.033878,0.033820,5.235860,0.000000,-0.007292,-0.021731,-0.021397,3.141593
23590.0,-0.007753,0.006591,0.033399,0.034105,5.235860,0.000029,0.001372,-0.022106,-0.020949,3.141593
23595.0,-0.007646,-0.007322,0.033949,0.033820,5.235860,0.000000,0.008971,-0.022442,-0.022327,3.141593
23600.0,0.008497,-0.171504,0.042571,0.042346,5.236244,0.000029,0.001252,-0.022093,-0.021880,3.141593
23605.0,0.014935,-0.027414,0.037020,0.036550,5.236244,-0.000029,0.009622,-0.022469,-0.022327,3.141593
23610.0,0.015550,-0.024620,0.037132,0.037460,5.236244,-0.000043,-0.000011,-0.022062,-0.021880,3.141593
23615.0,0.015571,0.003246,0.036040,0.036550,5.236244,-0.000014,0.005560,-0.022308,-0.021880,3.141593
23620.0,0.015464,-0.005398,0.036504,0.036263,5.236244,-0.000014,0.019075,-0.022908,-0.023257,3.141593
23625.0,0.015435,0.005305,0.036130,0.036550,5.236244,0.000029,-0.002304,-0.021940,-0.021880,3.141593
23630.0,0.015435,-0.004384,0.036656,0.036263,5.236244,-0.000014,0.026281,-0.023220,-0.023740,3.141593
23635.0,0.015414,0.001793,0.036480,0.037460,5.236244,-0.000129,0.005971,-0.022379,-0.022327,3.141593
23640.0,0.015328,0.000856,0.036566,0.036263,5.236244,-0.000029,0.005776,-0.022374,-0.022810,3.141593
23645.0,0.015378,0.018840,0.035850,0.036549,5.235860,-0.000014,0.008021,-0.022471,-0.022810,3.141593
23650.0,-0.005100,0.104409,0.030178,0.029557,5.235860,0.000129,-0.006377,-0.021769,-0.020466,3.141593
23655.0,-0.007639,0.024223,0.033304,0.032910,5.235860,-0.000043,-0.005407,-0.021876,-0.021397,3.141593
23660.0,-0.007789,0.018099,0.033441,0.033820,5.235860,0.000057,-0.009660,-0.021660,-0.020949,3.141593
23665.0,-0.007846,0.004136,0.033901,0.034105,5.235860,-0.000029,0.007108,-0.022431,-0.022810,3.141593
23670.0,-0.007725,-0.007280,0.034322,0.034729,5.235860,0.000057,-0.010646,-0.021622,-0.020466,3.141593
23675.0,-0.007689,-0.004073,0.034098,0.034729,5.235860,-0.000043,-0.000629,-0.022102,-0.022810,3.141593
23680.0,-0.000815,-0.190652,0.042785,0.043544,5.236244,0.000043,0.004366,-0.022295,-0.022327,3.141593
23685.0,0.013890,-0.066955,0.038865,0.038993,5.236244,0.000057,0.006182,-0.022345,-0.021880,3.141593
23690.0,0.015450,-0.006373,0.036501,0.037460,5.236244,-0.000029,0.003346,-0.022235,-0.022810,3.141593
23695.0,0.015442,-0.003458,0.036461,0.036550,5.236244,-0.000029,0.003663,-0.022245,-0.022810,3.141593
23700.0,0.015578,-0.001763,0.036548,0.036263,5.236244,-0.000086,0.013505,-0.022717,-0.023740,3.141593
23705.0,0.015514,0.014501,0.035953,0.035640,5.236244,0.000014,0.003905,-0.022266,-0.023740,3.141593
23710.0,0.015500,-0.000651,0.036734,0.037173,5.236244,-0.000014,0.004827,-0.022302,-0.022327,3.141593
23715.0,0.015450,-0.009605,0.037213,0.037173,5.236244,-0.000029,0.009198,-0.022508,-0.021880,3.141593
23720.0,-0.000672,0.173572,0.027784,0.028022,5.235860,-0.000086,0.002579,-0.022252,-0.022810,3.141593
23725.0,-0.007181,0.028890,0.033377,0.032910,5.235860,0.000014,0.006349,-0.022398,-0.021844,3.141593
23730.0,-0.007732,0.007021,0.034166,0.033535,5.235860,-0.000086,0.003878,-0.022344,-0.022327,3.141593
23735.0,-0.007789,0.015878,0.033652,0.033820,5.235860,0.000014,-0.002508,-0.022039,-0.022327,3.141593
23740.0,-0.007818,0.011298,0.033721,0.033820,5.235860,-0.000043,-0.017327,-0.021402,-0.022363,3.141593
23745.0,-0.007696,-0.009000,0.034545,0.034729,5.235860,0.000057,-0.005586,-0.021876,-0.021361,3.141593
23750.0,-0.007682,0.002418,0.033975,0.034105,5.235860,0.000114,0.003951,-0.022247,-0.021880,3.141593
23755.0,-0.007696,0.018812,0.033163,0.034105,5.235860,-0.000014,0.003818,-0.022263,-0.022810,3.141593
23760.0,-0.007668,0.012155,0.033379,0.032910,5.235860,0.000014,-0.012358,-0.021531,-0.021880,3.141593
23765.0,-0.007668,-0.003596,0.034007,0.033820,5.235860,-0.000043,0.001430,-0.022154,-0.021880,3.141593
23770.0,-0.007567,0.005379,0.033596,0.033820,5.235860,0.000057,0.001109,-0.022103,-0.021880,3.141593
23775.0,-0.007553,-0.015442,0.034478,0.033820,5.235860,0.000043,0.003767,-0.022210,-0.021880,3.141593
23780.0,-0.007589,0.011562,0.033251,0.032910,5.235860,0.000057,-0.011174,-0.021536,-0.021397,3.141593
23785.0,0.011144,-0.136956,0.041499,0.041724,5.236244,-0.000043,0.004196,-0.022244,-0.022810,3.141593
23790.0,0.015278,-0.030205,0.037401,0.037173,5.236244,-0.000100,0.002578,-0.022197,-0.021397,3.141593
23795.0,0.015664,-0.006711,0.036598,0.037460,5.236244,-0.000014,-0.010120,-0.021637,-0.022810,3.141593
23800.0,0.015614,-0.006175,0.036715,0.036263,5.236244,0.000014,-0.009127,-0.021648,-0.020466,3.141593
23805.0,0.015500,-0.003992,0.036730,0.036550,5.236244,-0.000014,-0.002487,-0.021954,-0.021880,3.141593
23810.0,-0.003183,0.124797,0.029459,0.029842,5.235860,-0.000014,0.004251,-0.022242,-0.022327,3.141593
23815.0,-0.007353,0.019280,0.033576,0.033820,5.235860,0.000014,-0.011249,-0.021555,-0.021880,3.141593
23820.0,-0.007782,0.014401,0.033609,0.033820,5.235860,0.000029,-0.001785,-0.021953,-0.021880,3.141593
23825.0,-0.007696,0.013356,0.033580,0.033820,5.235860,-0.000057,0.003799,-0.022233,-0.022810,3.141593
23830.0,-0.007675,-0.001882,0.034179,0.034729,5.235860,0.000000,0.025905,-0.023193,-0.023740,3.141593
23835.0,-0.007725,0.012906,0.033427,0.034105,5.235860,-0.000043,0.011156,-0.022546,-0.022327,3.141593
23840.0,-0.007603,-0.004346,0.034140,0.033535,5.235860,0.000029,0.003176,-0.022175,-0.022327,3.141593
23845.0,-0.007589,0.004163,0.033729,0.034105,5.235860,0.000029,-0.026288,-0.020860,-0.020949,3.141593
23850.0,0.011044,-0.131882,0.041376,0.041436,5.236244,-0.000057,0.004091,-0.022225,-0.022327,3.141593
23855.0,0.015306,-0.032228,0.037604,0.037173,5.236244,-0.000086,0.005317,-0.022322,-0.022810,3.141593
23860.0,0.015550,0.003215,0.036221,0.036550,5.236244,0.000186,-0.013740,-0.021372,-0.021397,3.141593
23865.0,0.015528,0.001092,0.036432,0.037460,5.236244,-0.000057,0.005034,-0.022253,-0.022810,3.141593
23870.0,0.015507,0.003755,0.036417,0.036263,5.236244,-0.000057,0.012448,-0.022587,-0.022327,3.141593
23875.0,-0.003226,0.131582,0.029168,0.029842,5.235860,-0.000114,0.000653,-0.022106,-0.021844,3.141593
23880.0,-0.007417,0.029174,0.033121,0.032625,5.235860,0.000014,-0.003879,-0.021888,-0.021397,3.141593
23885.0,-0.007732,0.011852,0.033746,0.033820,5.235860,-0.000014,-0.006810,-0.021770,-0.021397,3.141593
23890.0,-0.007725,0.005318,0.033937,0.033820,5.235860,0.000086,-0.001316,-0.021983,-0.021880,3.141593
23895.0,-0.007639,-0.000698,0.034150,0.033820,5.235860,0.000086,-0.005792,-0.021760,-0.021880,3.141593
23900.0,-0.007739,0.009312,0.033603,0.032910,5.235860,-0.000086,-0.002981,-0.021949,-0.021880,3.141593
23905.0,-0.007632,0.000918,0.033940,0.033820,5.235860,0.000014,-0.004969,-0.021837,-0.021397,3.141593
23910.0,0.008419,-0.172803,0.042954,0.042346,5.236244,-0.000014,-0.001310,-0.022019,-0.021880,3.141593
23915.0,0.014884,-0.017866,0.036909,0.036550,5.236244,0.000000,-0.023723,-0.021045,-0.020913,3.141593
23920.0,0.015650,-0.008392,0.036769,0.036263,5.236244,0.000086,-0.017408,-0.021293,-0.021880,3.141593
23925.0,0.015628,-0.001131,0.036623,0.036550,5.236244,-0.000057,-0.003858,-0.021923,-0.021397,3.141593
23930.0,0.015421,0.009479,0.036221,0.037460,5.236244,0.000029,-0.009287,-0.021680,-0.021880,3.141593
23935.0,0.015442,-0.009177,0.037134,0.037173,5.236244,-0.000086,-0.004847,-0.021905,-0.022810,3.141593
23940.0,0.015492,-0.014598,0.037489,0.037173,5.236244,0.000014,0.000477,-0.022105,-0.022327,3.141593
23945.0,-0.003362,0.158766,0.028169,0.028022,5.235860,0.000100,-0.021967,-0.021076,-0.021397,3.141593
23950.0,-0.007403,0.016700,0.033903,0.034729,5.235860,0.000057,0.013057,-0.022614,-0.021397,3.141593
23955.0,-0.007718,0.006917,0.034191,0.033820,5.235860,-0.000043,-0.002439,-0.021960,-0.022327,3.141593
23960.0,-0.007753,0.024364,0.033316,0.033820,5.235860,0.000086,-0.008181,-0.021662,-0.021880,3.141593
23965.0,-0.007718,0.001204,0.034242,0.034105,5.235860,-0.000057,0.008740,-0.022446,-0.022810,3.141593
23970.0,-0.007739,0.002327,0.034103,0.034729,5.235860,0.000029,-0.007628,-0.021713,-0.021880,3.141593
23975.0,-0.007603,-0.003742,0.034323,0.034729,5.235860,0.000057,-0.005561,-0.021780,-0.021397,3.141593
23980.0,-0.007632,0.002516,0.033988,0.033820,5.235860,0.000057,-0.010842,-0.021538,-0.020466,3.141593
23985.0,-0.007625,0.014081,0.033426,0.033820,5.235860,-0.000057,0.003244,-0.022213,-0.022327,3.141593
23990.0,-0.007617,-0.006452,0.034273,0.034729,5.235860,0.000057,-0.010528,-0.021568,-0.020949,3.141593
23995.0,-0.007553,0.000061,0.033956,0.033820,5.235860,-0.000029,-0.011739,-0.021539,-0.020466,3.141593
24000.0,-0.007653,0.001929,0.033806,0.034729,5.235860,0.000086,-0.010806,-0.021554,-0.020466,3.141593
24005.0,-0.007603,0.010471,0.033379,0.033820,5.235860,-0.000043,0.004483,-0.022268,-0.022327,3.141593
24010.0,-0.007589,-0.005099,0.034024,0.034729,5.235860,0.000000,-0.004719,-0.021855,-0.021880,3.141593
24015.0,-0.007510,-0.011707,0.034303,0.034729,5.235860,-0.000029,-0.006376,-0.021794,-0.020019,3.141593
24020.0,-0.007575,-0.001016,0.033797,0.033820,5.235860,-0.000057,-0.006029,-0.021851,-0.021880,3.141593
24025.0,-0.007474,-0.001483,0.033827,0.033820,5.235860,0.000014,-0.009340,-0.021695,-0.021880,3.141593
24030.0,-0.007496,-0.008293,0.034116,0.033820,5.235860,0.000114,-0.006874,-0.021747,-0.020913,3.141593
24035.0,-0.007517,-0.001176,0.033791,0.032910,5.235860,0.000014,-0.013014,-0.021498,-0.021880,3.141593
24040.0,-0.007510,0.006433,0.033440,0.033820,5.235860,0.000057,-0.011142,-0.021557,-0.021880,3.141593
24045.0,-0.007517,-0.010452,0.034162,0.034729,5.235860,-0.000029,-0.001810,-0.021984,-0.022810,3.141593
24050.0,-0.007589,0.004973,0.033422,0.032910,5.235860,0.000043,-0.012810,-0.021462,-0.020949,3.141593
24055.0,-0.007503,-0.009708,0.034069,0.033820,5.235860,-0.000014,0.004939,-0.022259,-0.021397,3.141593
24060.0,-0.007539,0.004972,0.033403,0.033820,5.235860,-0.000014,-0.004287,-0.021867,-0.021880,3.141593
24065.0,-0.007553,0.002656,0.033471,0.034105,5.235860,-0.000114,-0.000091,-0.022101,-0.022327,3.141593
24070.0,-0.007482,-0.002162,0.033675,0.033820,5.235860,0.000072,-0.007556,-0.021724,-0.021880,3.141593
24075.0,-0.007453,-0.005879,0.033841,0.033820,5.235860,0.000014,-0.013062,-0.021471,-0.021880,3.141593
24080.0,-0.007503,-0.009989,0.034014,0.033195,5.235860,-0.000014,0.010890,-0.022536,-0.022327,3.141593
24085.0,-0.007503,0.001617,0.033495,0.033820,5.235860,0.000000,-0.003890,-0.021879,-0.019053,3.141593
24090.0,-0.007603,0.010751,0.033030,0.033195,5.235860,-0.000157,0.007387,-0.022475,-0.023257,3.141593
24095.0,-0.007546,-0.010979,0.033960,0.033820,5.235860,0.000057,-0.002330,-0.021989,-0.021880,3.141593
24100.0,-0.007567,0.005681,0.033185,0.032001,5.235860,0.000114,0.006207,-0.022340,-0.022327,3.141593
24105.0,-0.007453,-0.014093,0.034090,0.033820,5.235860,-0.000029,0.021429,-0.023044,-0.023257,3.141593
24110.0,-0.007617,0.013395,0.032813,0.033195,5.235860,-0.000072,0.009239,-0.022536,-0.021880,3.141593
24115.0,-0.007503,-0.016326,0.034135,0.035014,5.235860,0.000043,-0.001202,-0.022052,-0.022327,3.141593
24120.0,-0.007482,-0.010415,0.033861,0.034105,5.235860,0.000057,0.001328,-0.022129,-0.020949,3.141593
24125.0,-0.007625,0.000612,0.033304,0.032910,5.235860,0.000014,0.014951,-0.022744,-0.022327,3.141593
24130.0,-0.007553,-0.006612,0.033615,0.032910,5.235860,0.000000,-0.002169,-0.021994,-0.022810,3.141593
24135.0,-0.007653,0.003999,0.033075,0.032910,5.235860,0.000057,0.000744,-0.022080,-0.021880,3.141593
24140.0,-0.007510,-0.000870,0.033299,0.032910,5.235860,-0.000086,0.000101,-0.022100,-0.020913,3.141593
24145.0,-0.007553,-0.002276,0.033334,0.032910,5.235860,-0.000014,0.003837,-0.022265,-0.022810,3.141593
24150.0,-0.007510,0.010536,0.032774,0.032001,5.235860,-0.000057,0.007778,-0.022453,-0.022810,3.141593
24155.0,-0.007539,-0.006732,0.033513,0.032910,5.235860,0.000043,0.000147,-0.022078,-0.022810,3.141593
24160.0,-0.007453,-0.007363,0.033564,0.032910,5.235860,-0.000086,0.005722,-0.022364,-0.021397,3.141593
24165.0,0.011158,-0.137888,0.041010,0.040526,5.236244,0.000086,-0.004768,-0.021858,-0.021880,3.141593
24170.0,0.015292,-0.018187,0.036345,0.036550,5.236244,0.000014,-0.003972,-0.021897,-0.021880,3.141593
24175.0,0.015528,0.001389,0.035655,0.035353,5.236244,0.000057,0.005835,-0.022300,-0.021844,3.141593
24180.0,0.015686,-0.016174,0.036638,0.036263,5.236244,0.000086,-0.019401,-0.021147,-0.020949,3.141593
24185.0,-0.003126,0.131526,0.028531,0.028932,5.235860,-0.000086,0.003297,-0.022200,-0.021880,3.141593
24190.0,-0.007403,0.029229,0.032474,0.032285,5.235860,-0.000014,-0.013844,-0.021443,-0.019983,3.141593
24195.0,-0.007710,0.003307,0.033482,0.033820,5.235860,-0.000043,-0.001148,-0.022027,-0.020466,3.141593
24200.0,-0.007653,0.005876,0.033296,0.034105,5.235860,-0.000043,0.000997,-0.022139,-0.022810,3.141593
24205.0,-0.007646,-0.003571,0.033637,0.033820,5.235860,0.000000,-0.006327,-0.021802,-0.021880,3.141593
24210.0,-0.007660,-0.004133,0.033586,0.033820,5.235860,0.000043,-0.000179,-0.022062,-0.020019,3.141593
24215.0,-0.007718,0.005312,0.033073,0.032910,5.235860,0.000000,-0.004718,-0.021887,-0.021397,3.141593
24220.0,-0.007625,0.003112,0.033139,0.032910,5.235860,0.000100,-0.013299,-0.021476,-0.021397,3.141593
24225.0,0.011244,-0.134296,0.040944,0.040526,5.236244,0.000000,0.018192,-0.022876,-0.023257,3.141593
24230.0,0.015371,-0.032461,0.037083,0.036886,5.236244,0.000057,0.004277,-0.022231,-0.020913,3.141593
24235.0,0.015514,-0.001954,0.035889,0.035353,5.236244,-0.000057,0.008295,-0.022456,-0.021397,3.141593
24240.0,0.015628,-0.005756,0.036238,0.036550,5.236244,0.000029,-0.002934,-0.021947,-0.022327,3.141593
24245.0,0.015464,0.008810,0.035681,0.036550,5.236244,-0.000014,-0.003415,-0.021928,-0.021397,3.141593
24250.0,0.015392,0.001436,0.036070,0.036549,5.235860,0.000014,0.010379,-0.022527,-0.021397,3.141593
24255.0,-0.005000,0.099018,0.029910,0.029557,5.235860,0.000057,-0.003938,-0.021868,-0.022810,3.141593
24260.0,-0.007496,0.016755,0.033180,0.033195,5.235860,0.000057,-0.008651,-0.021638,-0.021397,3.141593
24265.0,-0.007789,0.016618,0.033035,0.032910,5.235860,-0.000043,0.000685,-0.022073,-0.022810,3.141593
24270.0,-0.007725,0.014717,0.033031,0.032910,5.235860,0.000014,0.010000,-0.022465,-0.022327,3.141593
24275.0,-0.007832,0.021354,0.032600,0.032001,5.235860,0.000029,-0.017879,-0.021223,-0.021397,3.141593
24280.0,-0.007789,-0.008319,0.033802,0.033820,5.235860,0.000114,0.009894,-0.022415,-0.021397,3.141593
24285.0,-0.007596,-0.018500,0.034235,0.034160,5.235860,-0.000029,0.003928,-0.022199,-0.022810,3.141593
24290.0,0.008490,-0.177562,0.042631,0.041149,5.236244,-0.000057,0.004627,-0.022243,-0.022810,3.141593
24295.0,0.014906,-0.020857,0.036521,0.037460,5.236244,0.000086,-0.024221,-0.020930,-0.020949,3.141593
24300.0,0.015614,-0.020596,0.036767,0.037460,5.236244,0.000057,-0.003921,-0.021813,-0.021397,3.141593
24305.0,0.015514,0.004280,0.035779,0.036550,5.236244,-0.000057,0.005155,-0.022249,-0.021880,3.141593
24310.0,0.015550,-0.006887,0.036420,0.036263,5.236244,-0.000072,0.009420,-0.022476,-0.022810,3.141593
24315.0,0.015464,0.011804,0.035693,0.036550,5.236244,-0.000014,0.006314,-0.022330,-0.023740,3.141593
24320.0,0.015528,-0.015481,0.037018,0.037173,5.236244,0.000029,0.009406,-0.022435,-0.021880,3.141593
24325.0,0.015385,-0.008752,0.036784,0.037460,5.236244,0.000043,-0.004967,-0.021795,-0.021880,3.141593
24330.0,-0.000672,0.177578,0.027224,0.028307,5.235860,-0.000043,0.003013,-0.022168,-0.022810,3.141593
24335.0,-0.007238,0.041952,0.032380,0.032001,5.235860,-0.000014,-0.011712,-0.021510,-0.021880,3.141593
24340.0,-0.007703,0.011749,0.033556,0.034105,5.235860,-0.000072,0.009701,-0.022482,-0.022810,3.141593
24345.0,-0.007889,0.010073,0.033438,0.032910,5.235860,0.000014,0.001561,-0.022104,-0.021880,3.141593
24350.0,-0.007782,0.016496,0.033061,0.032001,5.235860,0.000129,-0.010786,-0.021506,-0.021880,3.141593
24355.0,-0.007675,0.011118,0.033243,0.033820,5.235860,-0.000014,-0.006602,-0.021712,-0.022327,3.141593
24360.0,-0.007675,0.011571,0.033139,0.034105,5.235860,-0.000014,0.004814,-0.022217,-0.022810,3.141593
24365.0,0.011058,-0.135167,0.041269,0.040526,5.236244,0.000043,0.002084,-0.022068,-0.021880,3.141593
24370.0,0.015206,-0.026195,0.037046,0.036550,5.236244,0.000000,0.014089,-0.022611,-0.023257,3.141593
24375.0,0.015543,-0.010602,0.036544,0.036550,5.236244,-0.000100,0.000865,-0.022067,-0.022327,3.141593
24380.0,0.015535,0.000188,0.036208,0.035353,5.236244,-0.000057,0.006991,-0.022346,-0.020466,3.141593
24385.0,0.015442,0.005033,0.036091,0.036263,5.236244,-0.000157,-0.001513,-0.022052,-0.022810,3.141593
24390.0,0.015492,-0.010080,0.036880,0.036550,5.236244,-0.000029,0.000744,-0.022135,-0.022327,3.141593
24395.0,0.015492,0.006908,0.036250,0.036550,5.236244,0.000029,0.005856,-0.022344,-0.021880,3.141593
24400.0,0.015371,-0.016112,0.037323,0.037173,5.236244,0.000029,0.003142,-0.022223,-0.022327,3.141593
24405.0,0.003211,0.193121,0.027182,0.028932,5.235860,-0.000029,0.007673,-0.022445,-0.021880,3.141593
24410.0,-0.006859,0.049589,0.032341,0.031376,5.235860,0.000014,0.004251,-0.022290,-0.023740,3.141593
24415.0,-0.007689,0.013330,0.033743,0.033820,5.235860,0.000029,-0.002215,-0.021982,-0.021880,3.141593
24420.0,-0.007839,0.010922,0.033699,0.032910,5.235860,-0.000014,0.003359,-0.022236,-0.021397,3.141593
24425.0,-0.007782,0.012744,0.033515,0.033820,5.235860,0.000057,-0.019646,-0.021199,-0.021880,3.141593
24430.0,-0.007703,0.010205,0.033537,0.033820,5.235860,0.000029,-0.008196,-0.021681,-0.021397,3.141593
24435.0,-0.000844,-0.193777,0.042976,0.043257,5.236244,0.000000,0.006379,-0.022338,-0.022810,3.141593
24440.0,0.013847,-0.053950,0.038321,0.038083,5.236244,-0.000014,-0.000850,-0.022015,-0.022327,3.141593
24445.0,0.015442,-0.009387,0.036676,0.036550,5.236244,0.000014,-0.012921,-0.021468,-0.022810,3.141593
24450.0,0.015564,-0.014791,0.037079,0.035976,5.236244,-0.000014,0.006808,-0.022324,-0.022810,3.141593
24455.0,0.015464,-0.002857,0.036658,0.036263,5.236244,-0.000057,-0.007967,-0.021683,-0.022327,3.141593
24460.0,0.015507,0.005553,0.036418,0.036263,5.236244,-0.000072,0.010768,-0.022540,-0.021880,3.141593
24465.0,0.015442,0.003836,0.036590,0.036550,5.236244,-0.000014,-0.002688,-0.021961,-0.022810,3.141593
24470.0,0.015407,0.014250,0.036208,0.036263,5.236244,-0.000129,0.000386,-0.022137,-0.020949,3.141593
24475.0,0.015342,0.020179,0.035995,0.037460,5.236244,-0.000057,-0.003343,-0.021992,-0.022327,3.141593
24480.0,-0.003283,0.126910,0.029636,0.030466,5.235860,0.000100,-0.004813,-0.021864,-0.021880,3.141593
24485.0,-0.007467,0.028872,0.033374,0.033195,5.235860,0.000014,0.000835,-0.022127,-0.021397,3.141593
24490.0,-0.007768,0.009298,0.034081,0.033820,5.235860,-0.000057,0.000493,-0.022157,-0.022810,3.141593
24495.0,-0.007725,0.016653,0.033662,0.034729,5.235860,0.000014,0.004619,-0.022317,-0.021880,3.141593
24500.0,-0.007668,0.005067,0.034088,0.033820,5.235860,0.000000,-0.007336,-0.021793,-0.021397,3.141593
24505.0,-78.193718,-45.558846,-1.447186,-1.187620,5.246598,-0.000057,0.008049,-0.022505,-0.022327,3.141593
24510.0,-75.964897,-78.509071,0.083625,0.075568,5.288399,0.006824,-0.189874,-0.013248,-0.013994,3.141209
24515.0,-73.489288,-75.370506,0.078394,0.073755,5.326748,0.021544,-0.070137,-0.016009,-0.015814,3.141209
24520.0,-71.273399,-71.945900,0.014757,0.017080,5.362797,0.022931,0.004992,-0.018904,-0.019090,3.141209
24525.0,-69.145546,-69.850716,0.002691,0.004254,5.398846,-0.012059,0.544464,-0.046498,-0.046067,3.142743
24530.0,-67.021202,-68.035042,0.014381,0.013126,5.434511,-0.088978,0.560890,-0.054837,-0.054898,3.143510
24535.0,-64.913452,-66.262512,0.036263,0.036897,5.469409,-0.113454,0.125986,-0.039161,-0.039552,3.143510
24540.0,-62.898987,-63.503448,0.004862,0.006425,5.502389,-0.061913,-0.644548,-0.001763,-0.002791,3.141593
24545.0,-60.999199,-61.277847,-0.017657,-0.016772,5.533453,0.009913,-0.403350,-0.005346,-0.005581,3.140826
24550.0,-59.158360,-59.656929,-0.015978,-0.013958,5.564516,0.058322,-0.250925,-0.000939,-0.000441,3.140442
24555.0,-57.310452,-58.133423,0.002154,0.000291,5.595195,0.067377,0.030540,-0.011055,-0.011210,3.140442
24560.0,-55.546036,-55.977974,-0.016458,-0.016973,5.624341,0.068192,0.042319,-0.011003,-0.010719,3.140826
24565.0,-53.798019,-54.572063,0.004545,0.003296,5.653870,0.017524,0.376081,-0.037077,-0.034457,3.141593
24570.0,-52.096046,-52.713341,0.004810,0.004260,5.681865,-0.009956,0.188638,-0.032316,-0.032112,3.141976
24575.0,-50.462639,-50.988422,0.004978,0.003718,5.709093,-0.021358,0.019889,-0.025957,-0.026530,3.141976
24580.0,-48.892349,-49.230476,-0.001480,-0.000922,5.734787,-0.022588,-0.005029,-0.025001,-0.024670,3.141976
24585.0,-47.361305,-47.803715,0.006745,0.007385,5.760481,-0.022717,-0.024342,-0.024210,-0.023739,3.141976
24590.0,-45.863831,-46.284588,0.011896,0.011276,5.785408,-0.022659,-0.034668,-0.023769,-0.024189,3.141976
24595.0,-44.412197,-44.794327,0.016338,0.017082,5.809569,-0.022817,-0.007921,-0.025025,-0.024189,3.141976
24600.0,-42.989853,-43.351589,0.024463,0.024389,5.832579,-0.022888,-0.021196,-0.024538,-0.024189,3.141976
24605.0,-41.643040,-41.768444,0.017116,0.017229,5.855205,-0.022931,-0.025400,-0.024464,-0.023258,3.141976
24610.0,-40.323837,-40.555031,0.027590,0.028484,5.876680,-0.022788,-0.007559,-0.025294,-0.025600,3.141976
24615.0,-39.078392,-38.963287,0.011837,0.011333,5.897389,-0.022759,-0.015619,-0.024971,-0.025119,3.141976
24620.0,-37.871010,-37.835022,0.015110,0.016355,5.917331,-0.022745,-0.023486,-0.024654,-0.024189,3.141976
24625.0,-36.713295,-36.599468,0.009101,0.008853,5.936506,0.000172,-0.378577,-0.007089,-0.007927,3.141209
24630.0,-35.601044,-35.332661,-0.002060,-0.000949,5.954914,0.021071,-0.087322,-0.016849,-0.015814,3.141209
24635.0,-34.553398,-34.096703,-0.020314,-0.019001,5.971787,0.023060,-0.020885,-0.019209,-0.018605,3.141209
24640.0,-33.561974,-33.072487,-0.036019,-0.035027,5.988277,0.023232,-0.007011,-0.019635,-0.019535,3.141209
24645.0,-32.593575,-32.240307,-0.042788,-0.042924,6.004385,0.023217,-0.016432,-0.019073,-0.018119,3.141209
24650.0,-31.649204,-31.313883,-0.053694,-0.053559,6.020108,0.023174,-0.007099,-0.019349,-0.019089,3.141593
24655.0,-30.701197,-30.721275,-0.043517,-0.044206,6.036214,0.002804,0.062485,-0.024862,-0.025119,3.141976
24660.0,-29.745741,-29.943390,-0.034448,-0.035760,6.052321,-0.020070,0.101401,-0.028742,-0.029321,3.141976
24665.0,-28.805372,-29.048735,-0.028591,-0.028650,6.068045,-0.022931,0.023755,-0.025815,-0.025600,3.141976
24670.0,-27.889143,-28.131626,-0.023906,-0.024194,6.083385,-0.023117,0.001106,-0.025025,-0.024670,3.141976
24675.0,-26.982630,-27.412766,-0.007432,-0.008876,6.098341,-0.023017,0.014281,-0.025749,-0.025119,3.141976
24680.0,-26.106728,-26.424231,-0.004817,-0.004923,6.112914,-0.010772,-0.196321,-0.015590,-0.015815,3.141593
24685.0,-25.271578,-25.446964,-0.006061,-0.006952,6.126719,-0.001030,-0.035773,-0.021715,-0.021880,3.141593
24690.0,-24.455116,-24.548639,-0.003302,-0.005507,6.140142,0.000072,-0.024055,-0.022041,-0.022810,3.141593
24695.0,-23.666862,-23.904936,0.008964,0.007947,6.153181,0.000086,0.007185,-0.023380,-0.024671,3.141593
24700.0,-22.908665,-23.083788,0.010935,0.012096,6.165836,0.000200,-0.013014,-0.022390,-0.021880,3.141593
24705.0,-22.170332,-22.294790,0.014118,0.014431,6.178108,0.000186,-0.014394,-0.022267,-0.021844,3.141593
24710.0,-21.467592,-21.408474,0.009026,0.007925,6.189613,0.000114,-0.004299,-0.022672,-0.022810,3.141593
24715.0,-20.790377,-20.633410,0.007057,0.006463,6.200350,0.000029,0.011709,-0.023378,-0.023257,3.141593
24720.0,-20.154984,-20.031624,0.007058,0.007386,6.211088,0.000086,-0.010082,-0.022388,-0.023257,3.141593
24725.0,-19.529131,-19.440420,0.008992,0.008855,6.221059,0.000072,-0.004735,-0.022592,-0.022810,3.141593
24730.0,-18.932518,-18.840042,0.007392,0.006487,6.231030,0.000100,-0.004037,-0.022583,-0.022810,3.141593
24735.0,-18.354645,-18.235773,0.004737,0.004834,6.241001,0.000029,-0.002352,-0.022650,-0.023740,3.141593
24740.0,-17.774574,-17.892063,0.017496,0.018586,6.250588,0.000057,0.008115,-0.023080,-0.022810,3.141593
24745.0,-17.214300,-17.276749,0.016931,0.017947,6.259792,0.000014,0.009285,-0.023133,-0.023740,3.141593
24750.0,-16.667387,-16.791342,0.022272,0.022348,6.268996,0.000043,0.005362,-0.022938,-0.022810,3.141593
24755.0,-16.134087,-16.201204,0.022973,0.023485,6.277817,-0.000057,0.012688,-0.023300,-0.024187,3.141593
24760.0,-15.635699,-15.468868,0.012391,0.011879,0.002684,0.000014,0.013467,-0.023316,-0.023740,3.141593
24765.0,-15.156162,-15.062154,0.014826,0.015540,0.011121,-0.000014,0.007452,-0.023051,-0.022327,3.141593
24770.0,-14.674562,-14.603385,0.018182,0.018680,0.018791,0.000029,0.014919,-0.023371,-0.024671,3.141593
24775.0,-14.216861,-14.185938,0.020635,0.020951,0.026461,-0.000014,0.002654,-0.022828,-0.022327,3.141593
24780.0,-13.754286,-13.746947,0.025861,0.024184,0.034131,0.000014,0.002396,-0.022820,-0.022327,3.141593
24785.0,-13.337598,-13.152320,0.016287,0.016823,0.041034,0.000043,-0.005670,-0.022457,-0.022810,3.141593
24790.0,-12.922307,-12.832410,0.021000,0.020152,0.047553,0.000014,-0.004075,-0.022527,-0.021844,3.141593
24795.0,-12.529916,-12.398539,0.017761,0.017052,0.054456,-0.000014,0.001825,-0.022812,-0.022327,3.141593
24800.0,-12.141236,-12.074183,0.020808,0.021315,0.060592,-0.000014,-0.015685,-0.022041,-0.022810,3.141593
24805.0,-11.786860,-11.523639,0.008145,0.008262,0.066345,0.000057,-0.000271,-0.022692,-0.022327,3.141593
24810.0,-11.444362,-11.268028,0.007918,0.007805,0.072097,0.000000,0.000370,-0.022723,-0.023740,3.141593
24815.0,-11.109814,-10.824442,-0.000520,0.000178,0.077466,-0.000057,0.016197,-0.023432,-0.023740,3.141593
24820.0,-10.764547,-10.835212,0.015614,0.014621,0.083602,-0.000086,-0.002085,-0.022645,-0.022327,3.141593
24825.0,-10.421170,-10.496730,0.017756,0.016868,0.088971,-0.000157,0.018991,-0.023645,-0.023257,3.141593
24830.0,-10.107115,-9.984553,0.007398,0.006429,0.094340,0.000000,-0.013520,-0.022201,-0.022810,3.141593
24835.0,-9.795063,-9.770672,0.011662,0.012097,0.099325,0.000100,-0.007223,-0.022429,-0.022810,3.141593
24840.0,-9.501336,-9.531090,0.012348,0.012085,0.104311,0.000014,0.007882,-0.023101,-0.022810,3.141593
24845.0,-9.198067,-9.189018,0.012378,0.012888,0.109296,-0.000014,0.011252,-0.023267,-0.022810,3.141593
24850.0,-8.916846,-8.853830,0.009356,0.008934,0.113898,-0.000014,-0.014531,-0.022165,-0.022810,3.141593
24855.0,-8.648444,-8.650027,0.010858,0.012078,0.118500,0.000014,0.006012,-0.023046,-0.022810,3.141593
24860.0,-8.394634,-8.365070,0.006940,0.008112,0.122718,0.000143,-0.021906,-0.021741,-0.021397,3.141593
24865.0,-8.144170,-8.163108,0.007402,0.007381,0.126937,-0.000014,-0.012940,-0.022160,-0.021397,3.141593
24870.0,-7.907162,-7.877687,0.002494,0.001752,0.130772,-0.000014,0.008184,-0.023106,-0.022810,3.141593
24875.0,-7.672395,-7.609212,-0.000798,-0.000884,0.134607,-0.000029,0.003604,-0.022920,-0.023257,3.141593
24880.0,-7.444364,-7.412333,-0.001112,-0.001782,0.138058,0.000057,-0.011867,-0.022208,-0.021880,3.141593
24885.0,-7.237000,-7.189977,-0.006007,-0.005576,0.141893,-0.000014,0.003499,-0.022889,-0.022327,3.141593
24890.0,-7.030389,-6.999367,-0.008455,-0.008517,0.145345,0.000014,-0.010102,-0.022304,-0.022810,3.141593
24895.0,-6.823099,-6.783671,-0.010672,-0.010343,0.148796,-0.000057,-0.011156,-0.022268,-0.022810,3.141593
24900.0,-6.609187,-6.577649,-0.009758,-0.010053,0.152248,0.000029,0.002213,-0.022832,-0.022327,3.141593
24905.0,-6.415330,-6.484216,-0.007228,-0.007014,0.155316,0.000043,-0.027643,-0.021499,-0.022327,3.141593
24910.0,-6.229443,-6.256104,-0.011408,-0.011523,0.158384,0.000057,-0.000579,-0.022665,-0.022327,3.141593
24915.0,-6.038070,-6.060366,-0.011827,-0.012564,0.161835,-0.000057,-0.007887,-0.022374,-0.020949,3.141593
24920.0,-5.859119,-5.852077,-0.014549,-0.013501,0.164519,-0.000029,0.001423,-0.022801,-0.022327,3.141593
24925.0,-5.686062,-5.593339,-0.019844,-0.019212,0.167587,-0.000057,0.004775,-0.022964,-0.023740,3.141593
24930.0,-5.517068,-5.574837,-0.014395,-0.013409,0.170272,-0.000014,0.002153,-0.022840,-0.022327,3.141593
24935.0,-5.354125,-5.365632,-0.017850,-0.016304,0.172956,-0.000014,-0.010146,-0.022302,-0.021397,3.141593
24940.0,-5.201503,-5.048849,-0.027518,-0.026971,0.175257,-0.000057,0.000709,-0.022797,-0.023257,3.141593
24945.0,-5.056649,-5.074775,-0.022863,-0.023282,0.177942,0.000100,0.000515,-0.022728,-0.022327,3.141593
24950.0,-4.908261,-4.871858,-0.026741,-0.027453,0.180626,-0.000086,-0.003087,-0.022626,-0.022327,3.141593
24955.0,-4.759645,-4.837743,-0.022197,-0.020949,0.182927,0.000114,-0.012786,-0.022139,-0.021397,3.141593
24960.0,-4.616513,-4.662870,-0.024346,-0.024671,0.185228,-0.000043,0.002858,-0.022860,-0.022810,3.141593
24965.0,-4.479389,-4.542641,-0.024624,-0.025683,0.187529,-0.000014,-0.000861,-0.022698,-0.021844,3.141593
24970.0,-4.343062,-4.425820,-0.024155,-0.024767,0.189830,0.000000,-0.004576,-0.022533,-0.022327,3.141593
24975.0,-4.206701,-4.320618,-0.022381,-0.023709,0.192131,0.000143,-0.011006,-0.022196,-0.021880,3.141593
24980.0,-4.082623,-4.030841,-0.030844,-0.029949,0.194049,-0.000086,0.006450,-0.023045,-0.021844,3.141593
24985.0,-3.952144,-4.066882,-0.022652,-0.023480,0.196350,0.000043,-0.006100,-0.022468,-0.023293,3.141593
24990.0,-3.839118,-3.615976,-0.039363,-0.040303,0.197884,-0.000029,0.027192,-0.023962,-0.023740,3.141593
24995.0,-3.735325,-3.664457,-0.035331,-0.035689,0.199801,-0.000057,0.003588,-0.022952,-0.022327,3.141593
25000.0,-3.618510,-3.586509,-0.033340,-0.034764,0.201718,-0.000029,0.010542,-0.023268,-0.023740,3.141593
25005.0,-3.507153,-3.536508,-0.030706,-0.032919,0.203636,0.000143,-0.013728,-0.022127,-0.022810,3.141593
25010.0,-3.405909,-3.268467,-0.039440,-0.039606,0.205170,0.000043,0.003373,-0.022873,-0.022327,3.141593
25015.0,-3.307195,-3.367319,-0.031865,-0.031678,0.206704,-0.000186,-0.004492,-0.022617,-0.022810,3.141593
25020.0,-3.215105,-3.262542,-0.034312,-0.035023,0.208621,0.000014,0.011090,-0.023275,-0.023257,3.141593
25025.0,-3.122499,-3.142901,-0.036761,-0.037173,0.209772,0.000014,-0.015324,-0.022101,-0.021880,3.141593
25030.0,-3.027657,-3.106178,-0.034498,-0.035359,0.211689,-0.000029,-0.000429,-0.022782,-0.023740,3.141593
25035.0,-2.933787,-2.913403,-0.038828,-0.037809,0.213223,-0.000057,-0.008031,-0.022457,-0.023740,3.141593
25040.0,-2.846534,-2.859185,-0.037985,-0.037551,0.214757,0.000057,-0.013098,-0.022203,-0.022810,3.141593
25045.0,-2.752374,-2.746361,-0.037663,-0.036902,0.216291,0.000000,-0.000992,-0.022739,-0.021880,3.141593
25050.0,-2.674278,-2.575817,-0.043064,-0.043786,0.217442,-0.000057,0.007273,-0.023130,-0.022810,3.141593
25055.0,-2.595556,-2.638823,-0.037479,-0.037553,0.218976,0.000200,-0.020099,-0.021814,-0.021397,3.141593
25060.0,-2.520691,-2.463303,-0.042935,-0.041794,0.220126,0.000129,0.000928,-0.022713,-0.022810,3.141593
25065.0,-2.444019,-2.338624,-0.045284,-0.046271,0.221277,0.000014,-0.008962,-0.022280,-0.020949,3.141593
25070.0,-2.374815,-2.273048,-0.046277,-0.046274,0.222427,0.000014,0.006333,-0.022970,-0.022810,3.141593
25075.0,-2.314500,-2.258585,-0.046648,-0.045386,0.223578,-0.000014,-0.015265,-0.022024,-0.022363,3.141593
25080.0,-2.239155,-2.201178,-0.045124,-0.046076,0.224728,0.000057,-0.012972,-0.022096,-0.022810,3.141593
25085.0,-2.170308,-2.107628,-0.046277,-0.046077,0.225495,0.000000,-0.000505,-0.022650,-0.023740,3.141593
25090.0,-2.115316,-2.191318,-0.042352,-0.042033,0.226646,0.000043,-0.007961,-0.022280,-0.023740,3.141593
25095.0,-2.057775,-2.039910,-0.047980,-0.049239,0.227796,-0.000014,0.007779,-0.022970,-0.022810,3.141593
25100.0,-1.988443,-1.981709,-0.020834,-0.019695,0.228563,-0.000129,0.008154,-0.023044,-0.023257,3.141593
25105.0,-1.942189,-1.391842,-0.047744,-0.048197,0.229714,-0.000086,-0.000533,-0.022670,-0.023740,3.141593
25110.0,-1.888148,-1.560645,-0.040479,-0.040814,0.230481,-0.000014,-0.015486,-0.021995,-0.021397,3.141593
25115.0,-1.838037,-1.506162,-0.042815,-0.042558,0.231248,0.000114,-0.009564,-0.022199,-0.021397,3.141593
25120.0,-1.794144,-1.536867,-0.041731,-0.041109,0.232015,-0.000014,-0.004632,-0.022436,-0.021397,3.141593
25125.0,-1.740466,-1.508888,-0.042037,-0.043133,0.232782,-0.000129,0.000075,-0.022711,-0.023740,3.141593
25130.0,-1.712235,-1.340728,-0.050542,-0.050514,0.233549,0.000014,-0.013340,-0.022073,-0.022810,3.141593
25135.0,-1.664808,-1.374973,-0.048280,-0.048919,0.233932,-0.000057,-0.006312,-0.022412,-0.022810,3.141593
25140.0,-1.620531,-1.393996,-0.046816,-0.047191,0.235083,0.000086,-0.010368,-0.022178,-0.022810,3.141593
25145.0,-1.576925,-1.375455,-0.046826,-0.046329,0.235466,0.000014,0.004058,-0.022807,-0.023740,3.141593
25150.0,-1.533138,-1.412855,-0.044252,-0.043992,0.236233,-0.000043,0.014627,-0.023289,-0.023740,3.141593
25155.0,-1.492934,-1.385942,-0.044640,-0.044615,0.237000,-0.000086,0.009315,-0.023075,-0.022810,3.141593
25160.0,-1.457375,-1.238580,-0.050604,-0.051127,0.237767,0.000029,0.009743,-0.023074,-0.023257,3.141593
25165.0,-1.406195,-1.451975,-0.039288,-0.039063,0.238534,0.000014,-0.001679,-0.022573,-0.022327,3.141593
25170.0,-1.370195,-1.243878,-0.047566,-0.047820,0.239301,-0.000043,0.014565,-0.023314,-0.023740,3.141593
25175.0,-1.325918,-1.256969,-0.045343,-0.046217,0.239685,-0.000043,0.013465,-0.023281,-0.023740,3.141593
25180.0,-1.294152,-1.095032,-0.051716,-0.051875,0.240068,-0.000057,0.005267,-0.022929,-0.023740,3.141593
25185.0,-1.261208,-1.269405,-0.043437,-0.043761,0.240835,0.000129,-0.012417,-0.022069,-0.020466,3.141593
25190.0,-1.219518,-1.246653,-0.042769,-0.042829,0.241602,-0.000086,0.005917,-0.022961,-0.022327,3.141593
25195.0,-1.183723,-1.082480,-0.048691,-0.049335,0.241985,-0.000014,-0.006732,-0.022408,-0.022810,3.141593
25200.0,-1.150341,-1.174757,-0.043624,-0.042910,0.242752,-0.000129,0.050503,-0.024983,-0.025601,3.141593
25205.0,-1.112649,-1.008001,-0.049263,-0.049334,0.243519,-0.000029,-0.008102,-0.022385,-0.022327,3.141593
25210.0,-1.086854,-0.884762,-0.054077,-0.054154,0.243903,-0.000057,-0.005774,-0.022503,-0.022810,3.141593
25215.0,-1.057068,-1.046206,-0.046099,-0.044508,0.244286,-0.000014,0.005509,-0.022995,-0.022810,3.141593
25220.0,-1.021651,-0.918415,-0.050172,-0.050100,0.245053,0.000000,-0.014769,-0.022105,-0.022810,3.141593
25225.0,-0.989071,-1.012685,-0.044738,-0.044440,0.245437,0.000043,0.011764,-0.023268,-0.023257,3.141593
25230.0,-0.971828,-0.771294,-0.055256,-0.054147,0.245820,-0.000057,0.014618,-0.023431,-0.023740,3.141593
25235.0,-0.937997,-0.952335,-0.045934,-0.046822,0.246204,0.000014,0.003087,-0.022903,-0.022810,3.141593
25240.0,-0.907187,-0.830137,-0.049906,-0.050041,0.246971,0.000043,-0.006934,-0.022450,-0.022327,3.141593
25245.0,-0.875206,-0.927894,-0.044156,-0.044335,0.247354,0.000172,-0.009744,-0.022253,-0.021397,3.141593
25250.0,-0.841976,-0.855654,-0.045571,-0.045992,0.247738,-0.000014,-0.009080,-0.022316,-0.020019,3.141593
25255.0,-0.821994,-0.819709,-0.046625,-0.046818,0.248121,-0.000114,-0.003594,-0.022625,-0.021880,3.141593
25260.0,-0.795781,-0.796435,-0.046494,-0.047563,0.248888,-0.000043,-0.012680,-0.022236,-0.021397,3.141593
25265.0,-0.761414,-0.883182,-0.040668,-0.041122,0.249272,-0.000072,-0.007159,-0.022513,-0.023257,3.141593
25270.0,-0.731837,-0.819326,-0.041798,-0.041943,0.249655,-0.000014,0.001754,-0.022892,-0.022810,3.141593
25275.0,-0.720608,-0.568940,-0.052710,-0.052397,0.249655,0.000043,0.005387,-0.023027,-0.023257,3.141593
25280.0,-0.713210,-0.710898,-0.047049,-0.045984,0.250039,0.000029,0.002228,-0.022876,-0.023740,3.141593
25285.0,-0.680160,-0.693998,-0.045851,-0.045982,0.250422,0.000014,0.008058,-0.023125,-0.023257,3.141593
25290.0,-0.656312,-0.616984,-0.048096,-0.047541,0.250806,0.000014,0.022120,-0.023729,-0.023740,3.141593
25295.0,-0.633291,-0.610827,-0.047204,-0.047565,0.251189,0.000014,-0.012006,-0.022227,-0.020949,3.141593
25300.0,-0.617033,-0.677147,-0.043803,-0.044341,0.251573,-0.000057,-0.006123,-0.022534,-0.021880,3.141593
25305.0,-0.594823,-0.679091,-0.042592,-0.042742,0.252340,0.000086,-0.009945,-0.022321,-0.022327,3.141593
25310.0,-0.563947,-0.560589,-0.045688,-0.045936,0.252340,0.000029,-0.010348,-0.022297,-0.021880,3.141593
25315.0,-0.560759,-0.434840,-0.051679,-0.051583,0.252340,-0.000014,0.010546,-0.023232,-0.023740,3.141593
25320.0,-0.544758,-0.582624,-0.044664,-0.045135,0.253107,0.000000,-0.006532,-0.022472,-0.022327,3.141593
25325.0,-0.518097,-0.512716,-0.045983,-0.045125,0.253107,0.000014,-0.016190,-0.022042,-0.020466,3.141593
25330.0,-0.496607,-0.522455,-0.044275,-0.045133,0.253490,0.000014,-0.005352,-0.022529,-0.022810,3.141593
25335.0,-0.492697,-0.366501,-0.051447,-0.051580,0.253490,0.000014,-0.001232,-0.022710,-0.023257,3.141593
25340.0,-0.476536,-0.518703,-0.044100,-0.044321,0.254257,0.000043,-0.010488,-0.022288,-0.021397,3.141593
25345.0,-0.449926,-0.462590,-0.044719,-0.044321,0.254257,0.000086,0.012439,-0.023285,-0.022810,3.141593
25350.0,-0.447126,-0.341595,-0.050398,-0.049965,0.254257,0.000143,-0.006445,-0.022400,-0.022327,3.141593
25355.0,-0.434881,-0.507868,-0.042774,-0.043516,0.254641,0.000000,0.006897,-0.023007,-0.022810,3.141593
25360.0,-0.409078,-0.527038,-0.040154,-0.040292,0.255024,-0.000043,-0.015800,-0.022023,-0.022810,3.141593
25365.0,-0.401965,-0.327099,-0.048766,-0.049159,0.255408,-0.000014,-0.008409,-0.022341,-0.022810,3.141593
25370.0,-0.381196,-0.390142,-0.044633,-0.044324,0.255408,-0.000043,0.007868,-0.023069,-0.022810,3.141593
25375.0,-0.378900,-0.283665,-0.049626,-0.049160,0.255791,-0.000014,0.013602,-0.023326,-0.023740,3.141593
25380.0,-0.358517,-0.359311,-0.044984,-0.044325,0.255791,-0.000072,-0.002268,-0.022648,-0.021880,3.141593
25385.0,-0.349308,-0.469050,-0.039876,-0.039489,0.256175,-0.000014,0.006531,-0.023049,-0.023257,3.141593
25390.0,-0.334674,-0.318400,-0.045533,-0.045936,0.256175,0.000114,-0.014771,-0.022055,-0.021880,3.141593
25395.0,-0.317259,-0.431481,-0.039442,-0.039489,0.256558,-0.000057,0.008785,-0.023124,-0.023740,3.141593
25400.0,-0.310827,-0.268473,-0.046313,-0.045923,0.256558,0.000014,-0.000892,-0.022687,-0.023740,3.141593
25405.0,-0.310548,-0.225287,-0.048640,-0.048359,0.256558,-0.000043,0.007508,-0.023060,-0.023740,3.141593
25410.0,-0.294589,-0.396649,-0.040169,-0.041115,0.256942,-0.000057,-0.009219,-0.022329,-0.022327,3.141593
25415.0,-0.288379,-0.225079,-0.047498,-0.047546,0.256942,-0.000114,0.013354,-0.023381,-0.023740,3.141593
25420.0,-0.287991,-0.201647,-0.048963,-0.049158,0.256942,0.000057,-0.011690,-0.022221,-0.021880,3.141593
25425.0,-0.269376,-0.328536,-0.042168,-0.042729,0.257325,0.000000,0.001158,-0.022800,-0.022810,3.141593
25430.0,-0.249349,-0.393361,-0.037848,-0.038712,0.257709,0.000086,-0.000046,-0.022707,-0.021397,3.141593
25435.0,-0.242726,-0.214498,-0.045308,-0.045137,0.257709,0.000100,-0.014918,-0.022028,-0.021880,3.141593
25440.0,-0.242237,-0.184800,-0.046868,-0.046729,0.257709,-0.000057,0.015785,-0.023420,-0.023257,3.141593
25445.0,-0.242456,-0.162246,-0.048288,-0.048360,0.257709,0.000086,0.002244,-0.022771,-0.022327,3.141593
25450.0,-0.235675,-0.362885,-0.039340,-0.037852,0.258092,0.000143,-0.022937,-0.021613,-0.021880,3.141593
25455.0,-0.221227,-0.215679,-0.044777,-0.045954,0.258476,-0.000100,0.023187,-0.023723,-0.023257,3.141593
25460.0,-0.199379,-0.260929,-0.041011,-0.040278,0.258476,0.000014,-0.008940,-0.022290,-0.021397,3.141593
25465.0,-0.196862,-0.174858,-0.044736,-0.045136,0.258476,-0.000072,0.009250,-0.023144,-0.022810,3.141593
25470.0,-0.184590,-0.349253,-0.036265,-0.037108,0.258859,0.000100,-0.013926,-0.022064,-0.021397,3.141593
25475.0,-0.174674,-0.192373,-0.042263,-0.041913,0.258859,0.000057,0.009868,-0.023115,-0.023257,3.141593
25480.0,-0.173918,-0.137084,-0.044770,-0.044344,0.258859,-0.000043,-0.011935,-0.022171,-0.022810,3.141593
25485.0,-0.174056,-0.141352,-0.044816,-0.045135,0.258859,-0.000029,0.018424,-0.023509,-0.022810,3.141593
25490.0,-0.174179,-0.115688,-0.046220,-0.045927,0.258859,-0.000043,0.001165,-0.022763,-0.022810,3.141593
25495.0,-0.174372,-0.119912,-0.046394,-0.046746,0.258859,-0.000086,0.011001,-0.023226,-0.022810,3.141593
25500.0,-0.174397,-0.114173,-0.046995,-0.047566,0.258859,0.000014,0.005625,-0.022977,-0.022327,3.141593
25505.0,-0.155774,-0.236124,-0.040262,-0.041153,0.259243,0.000014,-0.014552,-0.022093,-0.021880,3.141593
25510.0,-0.139588,-0.333537,-0.034753,-0.035468,0.259626,0.000057,-0.016825,-0.021971,-0.022810,3.141593
25515.0,-0.129316,-0.156642,-0.041557,-0.041944,0.259626,0.000000,-0.010328,-0.022260,-0.021880,3.141593
25520.0,-0.128497,-0.114140,-0.043415,-0.043522,0.259626,0.000114,0.006047,-0.022932,-0.021880,3.141593
25525.0,-0.128501,-0.102157,-0.044053,-0.043522,0.259626,-0.000057,-0.004917,-0.022501,-0.022774,3.141593
25530.0,-0.128626,-0.100511,-0.044309,-0.044344,0.259626,0.000014,0.001508,-0.022756,-0.023740,3.141593
25535.0,-0.128746,-0.099735,-0.044568,-0.044344,0.259626,-0.000014,0.001398,-0.022746,-0.022810,3.141593
25540.0,-0.128894,-0.090390,-0.045260,-0.045987,0.259626,-0.000029,-0.000135,-0.022681,-0.022327,3.141593
25545.0,-0.128955,-0.071387,-0.046388,-0.045954,0.259626,0.000057,-0.008047,-0.022306,-0.022810,3.141593
25550.0,-0.128925,-0.069995,-0.046725,-0.045954,0.259626,-0.000072,0.012364,-0.023250,-0.023740,3.141593
25555.0,-0.112896,-0.250276,-0.037665,-0.038723,0.260010,-0.000057,0.015243,-0.023393,-0.024187,3.141593
25560.0,-0.106471,-0.115286,-0.043064,-0.043555,0.260010,0.000014,-0.012000,-0.022175,-0.022810,3.141593
25565.0,-0.093722,-0.273497,-0.035129,-0.035466,0.260393,0.000043,-0.005220,-0.022450,-0.022810,3.141593
25570.0,-0.083901,-0.116550,-0.041063,-0.041121,0.260393,-0.000029,-0.005952,-0.022424,-0.022810,3.141593
25575.0,-0.083004,-0.075056,-0.042797,-0.042731,0.260393,-0.000057,0.012242,-0.023250,-0.023257,3.141593
25580.0,-0.083016,-0.075706,-0.042800,-0.042731,0.260393,-0.000157,0.009944,-0.023218,-0.022810,3.141593
25585.0,-0.083084,-0.074038,-0.042946,-0.042731,0.260393,-0.000043,-0.009706,-0.022354,-0.022810,3.141593
25590.0,-0.083165,-0.070289,-0.043217,-0.043555,0.260393,0.000057,-0.014101,-0.022114,-0.022327,3.141593
25595.0,-0.083225,-0.051780,-0.044155,-0.044379,0.260393,0.000086,-0.009027,-0.022312,-0.022810,3.141593
25600.0,-0.083347,-0.049662,-0.044412,-0.044342,0.260393,-0.000043,0.004264,-0.022916,-0.022327,3.141593
25605.0,-0.083470,-0.054892,-0.044398,-0.044342,0.260393,-0.000100,0.004399,-0.022953,-0.022810,3.141593
25610.0,-0.083395,-0.061207,-0.044285,-0.044379,0.260393,0.000072,0.006756,-0.023019,-0.023740,3.141593
25615.0,-0.083290,-0.053130,-0.044770,-0.044342,0.260393,-0.000014,-0.001868,-0.022646,-0.022810,3.141593
25620.0,-0.083456,-0.049274,-0.045169,-0.045166,0.260393,0.000086,0.004894,-0.022896,-0.023740,3.141593
25625.0,-0.067447,-0.216977,-0.036582,-0.037900,0.260777,-0.000014,0.019737,-0.023571,-0.022327,3.141593
25630.0,-0.060949,-0.069484,-0.042427,-0.041946,0.260777,0.000014,-0.008864,-0.022316,-0.022327,3.141593
25635.0,-0.060393,-0.054999,-0.043030,-0.042731,0.260777,0.000100,-0.001012,-0.022621,-0.023740,3.141593
25640.0,-0.060389,-0.047702,-0.043399,-0.043596,0.260777,-0.000057,0.000906,-0.022727,-0.022810,3.141593
25645.0,-0.060486,-0.047605,-0.043491,-0.043556,0.260777,-0.000072,0.019973,-0.023589,-0.023740,3.141593
25650.0,-0.060537,-0.042937,-0.043799,-0.043556,0.260777,-0.000014,0.005967,-0.022979,-0.021397,3.141593
25655.0,-0.060503,-0.057615,-0.043239,-0.043596,0.260777,-0.000014,-0.010305,-0.022282,-0.022810,3.141593
25660.0,-0.060602,-0.041728,-0.044073,-0.044381,0.260777,0.000057,-0.011089,-0.022203,-0.021880,3.141593
25665.0,-0.053877,-0.227337,-0.035529,-0.036332,0.261160,-0.000043,-0.000771,-0.022678,-0.022810,3.141593
25670.0,-0.039158,-0.103863,-0.039513,-0.039552,0.261160,0.000000,0.001578,-0.022773,-0.022810,3.141593
25675.0,-0.037622,-0.039985,-0.042097,-0.041903,0.261160,-0.000014,0.019332,-0.023568,-0.022327,3.141593
25680.0,-0.037594,-0.039944,-0.042076,-0.041946,0.261160,0.000114,-0.008316,-0.022321,-0.019983,3.141593
25685.0,-0.037535,-0.047077,-0.041722,-0.041946,0.261160,-0.000057,0.006276,-0.023029,-0.023740,3.141593
25690.0,-0.037662,-0.038332,-0.042129,-0.042772,0.261160,-0.000100,-0.002855,-0.022655,-0.023740,3.141593
25695.0,-0.037789,-0.031158,-0.042503,-0.042772,0.261160,0.000057,-0.013734,-0.022119,-0.019983,3.141593
25700.0,-0.037787,-0.014062,-0.043305,-0.043556,0.261160,-0.000057,-0.017963,-0.021990,-0.021397,3.141593
25705.0,-0.037841,-0.024353,-0.042930,-0.041903,0.261160,0.000043,-0.000389,-0.022728,-0.023740,3.141593
25710.0,-0.037832,-0.040535,-0.042299,-0.042772,0.261160,0.000114,-0.006425,-0.022396,-0.021397,3.141593
25715.0,-0.037860,-0.017273,-0.043403,-0.042730,0.261160,0.000014,-0.010343,-0.022256,-0.022327,3.141593
25720.0,-0.037946,-0.014593,-0.043658,-0.044382,0.261160,0.000057,-0.003635,-0.022527,-0.022327,3.141593
25725.0,-0.037842,-0.024104,-0.043289,-0.043556,0.261160,-0.000129,0.014306,-0.023374,-0.023257,3.141593
25730.0,-0.037884,-0.008759,-0.044057,-0.043556,0.261160,-0.000043,-0.007111,-0.022427,-0.023740,3.141593
25735.0,-0.031101,-0.216626,-0.034482,-0.034723,0.261544,0.000043,-0.000188,-0.022691,-0.021880,3.141593
25740.0,-0.016465,-0.085483,-0.038795,-0.037898,0.261544,0.000014,-0.009805,-0.022266,-0.022810,3.141593
25745.0,-0.014918,-0.023455,-0.041283,-0.041163,0.261544,0.000114,-0.015419,-0.021966,-0.022810,3.141593
25750.0,-0.014797,-0.027430,-0.041009,-0.041163,0.261544,-0.000086,0.009088,-0.023091,-0.023257,3.141593
25755.0,-0.014822,-0.020352,-0.041250,-0.041163,0.261544,0.000086,-0.006437,-0.022359,-0.021397,3.141593
25760.0,-0.014908,-0.017888,-0.041333,-0.040335,0.261544,0.000014,0.012123,-0.023182,-0.021880,3.141593
25765.0,-0.014842,-0.021576,-0.041113,-0.040335,0.261544,0.000057,0.002989,-0.022778,-0.021397,3.141593
25770.0,-0.014924,-0.016816,-0.041314,-0.041163,0.261544,-0.000014,-0.021996,-0.021707,-0.021880,3.141593
25775.0,-0.014981,-0.007578,-0.041730,-0.041945,0.261544,-0.000043,0.013108,-0.023275,-0.023257,3.141593
25780.0,-0.015124,-0.007098,-0.041807,-0.041990,0.261544,0.000072,-0.016100,-0.021936,-0.022327,3.141593
25785.0,-0.015019,-0.017316,-0.041343,-0.041945,0.261544,-0.000143,0.023474,-0.023769,-0.023740,3.141593
25790.0,-0.015017,-0.014331,-0.041468,-0.041118,0.261544,-0.000014,0.002214,-0.022821,-0.023740,3.141593
25795.0,-0.015067,-0.011452,-0.041629,-0.041990,0.261544,-0.000086,0.010098,-0.023207,-0.022810,3.141593
25800.0,-0.015115,-0.002614,-0.042057,-0.041945,0.261544,0.000072,-0.003655,-0.022567,-0.022810,3.141593
25805.0,-0.015097,-0.004090,-0.042029,-0.041945,0.261544,-0.000014,0.016176,-0.023460,-0.024671,3.141593
25810.0,-0.015072,-0.015023,-0.041572,-0.041163,0.261544,0.000057,0.002292,-0.022795,-0.024671,3.141593
25815.0,-0.015101,-0.010638,-0.041812,-0.041945,0.261544,-0.000014,0.011590,-0.023205,-0.022327,3.141593
25820.0,-0.015063,-0.012228,-0.041760,-0.041990,0.261544,0.000057,-0.011777,-0.022156,-0.022327,3.141593
25825.0,-0.015169,0.001280,-0.042424,-0.041945,0.261544,0.000000,-0.004863,-0.022471,-0.023293,3.141593
25830.0,-0.015058,-0.022350,-0.041402,-0.041118,0.261544,-0.000157,0.004929,-0.022966,-0.022810,3.141593
25835.0,-0.015147,-0.001061,-0.042409,-0.041945,0.261544,-0.000129,0.000367,-0.022805,-0.022810,3.141593
25840.0,-0.015079,-0.017556,-0.041704,-0.041900,0.261544,0.000143,-0.012864,-0.022149,-0.021397,3.141593
25845.0,-0.015124,-0.000543,-0.042502,-0.042727,0.261544,-0.000043,0.004866,-0.022981,-0.022810,3.141593
25850.0,-0.015101,-0.020095,-0.041673,-0.041945,0.261544,0.000043,0.001042,-0.022786,-0.022810,3.141593
25855.0,-0.015119,-0.009062,-0.042198,-0.042773,0.261544,0.000086,0.001161,-0.022758,-0.022810,3.141593
25860.0,-0.015078,-0.020755,-0.041706,-0.040335,0.261544,0.000114,-0.018845,-0.021833,-0.021880,3.141593
25865.0,-0.015097,-0.002091,-0.042574,-0.042727,0.261544,-0.000029,0.005039,-0.022910,-0.021844,3.141593
25870.0,-0.015119,-0.006124,-0.042447,-0.041945,0.261544,0.000114,-0.016530,-0.021910,-0.021880,3.141593
25875.0,-0.015103,-0.007558,-0.042430,-0.041945,0.261544,0.000000,0.001948,-0.022732,-0.022810,3.141593
25880.0,-0.015106,-0.005475,-0.042572,-0.041945,0.261544,-0.000029,0.002806,-0.022787,-0.022810,3.141593
25885.0,-0.015121,-0.014407,-0.042233,-0.041945,0.261544,-0.000114,0.013723,-0.023324,-0.022810,3.141593
25890.0,-0.015053,-0.017586,-0.042109,-0.041945,0.261544,0.000086,-0.000329,-0.022634,-0.022810,3.141593
25895.0,-0.015074,-0.015512,-0.042239,-0.041945,0.261544,-0.000086,-0.000770,-0.022659,-0.023740,3.141593
25900.0,-0.015142,-0.000098,-0.042990,-0.043555,0.261544,-0.000114,0.017782,-0.023500,-0.023740,3.141593
25905.0,-0.015176,-0.006351,-0.042768,-0.042727,0.261544,0.000057,-0.008193,-0.022315,-0.022327,3.141593
25910.0,-0.015147,-0.013664,-0.042503,-0.041945,0.261544,-0.000057,-0.002171,-0.022613,-0.023740,3.141593
25915.0,-0.015176,0.008632,-0.043560,-0.043510,0.261544,-0.000114,0.028591,-0.024011,-0.024671,3.141593
25920.0,-0.015174,-0.002372,-0.043133,-0.042727,0.261544,-0.000086,0.013234,-0.023347,-0.024671,3.141593
25925.0,-0.015094,-0.013611,-0.042669,-0.042773,0.261544,0.000014,-0.000650,-0.022709,-0.022327,3.141593
25930.0,-0.015178,0.005849,-0.043595,-0.043555,0.261544,0.000057,-0.006010,-0.022455,-0.022327,3.141593
25935.0,-0.015135,-0.024782,-0.042290,-0.041990,0.261544,-0.000014,-0.004403,-0.022546,-0.021397,3.141593
25940.0,-0.015129,-0.011579,-0.042917,-0.042727,0.261544,0.000086,-0.026185,-0.021560,-0.020949,3.141593
25945.0,-0.015042,-0.007160,-0.043127,-0.042773,0.261544,0.000014,-0.007014,-0.022414,-0.022810,3.141593
25950.0,-0.008211,-0.212924,-0.033550,-0.033896,0.261927,-0.000100,0.008457,-0.023146,-0.022810,3.141593
25955.0,0.006409,-0.068005,-0.038393,-0.037897,0.261927,0.000043,-0.005977,-0.022482,-0.022327,3.141593
25960.0,0.007995,-0.035189,-0.039485,-0.039459,0.261927,-0.000057,0.002676,-0.022893,-0.023740,3.141593
25965.0,0.007972,-0.009851,-0.040476,-0.041163,0.261927,0.000029,0.014086,-0.023359,-0.023257,3.141593
25970.0,0.007968,-0.008100,-0.040418,-0.040335,0.261927,0.000043,0.004087,-0.022906,-0.023740,3.141593
25975.0,0.007875,-0.004183,-0.040511,-0.040335,0.261927,0.000215,-0.014066,-0.022015,-0.021880,3.141593
25980.0,0.007896,-0.013261,-0.040016,-0.040335,0.261927,-0.000100,0.010186,-0.023159,-0.023257,3.141593
25985.0,0.007932,-0.006269,-0.040218,-0.039506,0.261927,0.000086,0.001511,-0.022735,-0.023257,3.141593
25990.0,0.007782,0.004209,-0.040642,-0.041163,0.261927,-0.000014,0.004545,-0.022879,-0.022810,3.141593
25995.0,0.007816,-0.001543,-0.040312,-0.040335,0.261927,0.000057,-0.008351,-0.022277,-0.022810,3.141593
26000.0,0.007820,-0.003628,-0.040155,-0.040335,0.261927,-0.000072,-0.004454,-0.022473,-0.021880,3.141593
26005.0,0.007655,0.002310,-0.040426,-0.040382,0.261927,-0.000014,-0.021645,-0.021720,-0.022810,3.141593
26010.0,0.007803,-0.006193,-0.039975,-0.040335,0.261927,-0.000257,0.024152,-0.023837,-0.023740,3.141593
26015.0,0.007714,0.012510,-0.040774,-0.040335,0.261927,0.000057,-0.014602,-0.022080,-0.022810,3.141593
26020.0,0.007714,0.001776,-0.040276,-0.040335,0.261927,0.000114,-0.010381,-0.022205,-0.021397,3.141593
26025.0,0.007723,0.002447,-0.040272,-0.040335,0.261927,-0.000129,0.007024,-0.023051,-0.023257,3.141593
26030.0,0.007714,0.002684,-0.040255,-0.040382,0.261927,-0.000014,0.004514,-0.022907,-0.022810,3.141593
26035.0,0.007732,0.001505,-0.040164,-0.039506,0.261927,0.000014,-0.006299,-0.022416,-0.022327,3.141593
26040.0,0.007619,0.008221,-0.040487,-0.040335,0.261927,0.000129,-0.011323,-0.022137,-0.022810,3.141593
26045.0,0.007714,-0.001992,-0.039998,-0.040335,0.261927,-0.000086,0.004278,-0.022871,-0.023740,3.141593
26050.0,0.007678,0.002708,-0.040183,-0.040335,0.261927,-0.000157,0.012086,-0.023270,-0.023257,3.141593
26055.0,0.007696,0.007224,-0.040351,-0.039506,0.261927,0.000029,-0.003468,-0.022564,-0.022810,3.141593
26060.0,0.007619,0.004106,-0.040238,-0.040335,0.261927,0.000043,0.009510,-0.023126,-0.022810,3.141593
26065.0,0.007710,0.013162,-0.040596,-0.040335,0.261927,-0.000072,0.003045,-0.022885,-0.023740,3.141593
26070.0,0.007702,0.007368,-0.040323,-0.040335,0.261927,0.000086,-0.006198,-0.022416,-0.022810,3.141593
26075.0,0.007793,-0.008791,-0.039544,-0.039554,0.261927,-0.000043,0.000284,-0.022723,-0.023257,3.141593
26080.0,0.007743,0.013825,-0.040508,-0.039506,0.261927,0.000057,0.007142,-0.022993,-0.023257,3.141593
26085.0,0.007727,-0.004339,-0.039680,-0.039554,0.261927,-0.000014,-0.001360,-0.022628,-0.022327,3.141593
26090.0,0.007660,-0.001551,-0.039805,-0.039506,0.261927,0.000043,-0.009799,-0.022232,-0.022810,3.141593
26095.0,0.007668,-0.002065,-0.039774,-0.039554,0.261927,-0.000014,0.005471,-0.022913,-0.022810,3.141593
26100.0,0.007710,-0.005891,-0.039578,-0.039554,0.261927,-0.000014,-0.004794,-0.022457,-0.022810,3.141593
26105.0,0.007646,0.017067,-0.040594,-0.041163,0.261927,0.000057,0.004025,-0.022816,-0.022810,3.141593
26110.0,0.007718,0.000539,-0.039815,-0.040382,0.261927,0.000029,0.007370,-0.022957,-0.022327,3.141593
26115.0,0.007668,-0.005019,-0.039557,-0.040335,0.261927,0.000057,0.019663,-0.023480,-0.022810,3.141593
26120.0,0.007676,0.014322,-0.040386,-0.040382,0.261927,-0.000072,0.014467,-0.023290,-0.022327,3.141593
26125.0,0.007753,0.003472,-0.039857,-0.039554,0.261927,-0.000072,0.003952,-0.022851,-0.023740,3.141593
26130.0,0.007696,-0.006546,-0.039403,-0.039554,0.261927,0.000000,-0.004346,-0.022467,-0.022327,3.141593
26135.0,0.007673,0.005611,-0.039928,-0.039506,0.261927,-0.000043,-0.007926,-0.022336,-0.020949,3.141593
26140.0,0.007730,0.003729,-0.039809,-0.039554,0.261927,-0.000086,0.012655,-0.023298,-0.021397,3.141593
26145.0,0.007735,-0.000782,-0.039583,-0.039459,0.261927,-0.000157,-0.002604,-0.022696,-0.021844,3.141593
26150.0,0.007689,-0.004150,-0.039421,-0.039554,0.261927,0.000029,-0.022964,-0.021768,-0.021397,3.141593
26155.0,0.007702,0.000769,-0.039614,-0.039506,0.261927,0.000014,0.015415,-0.023449,-0.023704,3.141593
26160.0,0.007714,0.004945,-0.039771,-0.039506,0.261927,0.000014,0.001861,-0.022837,-0.022810,3.141593
26165.0,0.007694,0.019564,-0.040409,-0.040382,0.261927,0.000000,0.008724,-0.023150,-0.023257,3.141593
26170.0,0.007705,0.004692,-0.039725,-0.039554,0.261927,0.000072,0.005235,-0.022960,-0.022810,3.141593
26175.0,0.007635,0.001867,-0.039608,-0.039506,0.261927,-0.000043,0.014382,-0.023400,-0.023740,3.141593
26180.0,0.007805,-0.001608,-0.039382,-0.039554,0.261927,0.000129,-0.003567,-0.022548,-0.021397,3.141593
26185.0,0.007702,0.009274,-0.039849,-0.039554,0.261927,-0.000057,0.004479,-0.022965,-0.022810,3.141593
26190.0,0.007689,0.014788,-0.040076,-0.040382,0.261927,0.000043,0.005400,-0.022985,-0.022327,3.141593
26195.0,0.007685,0.005993,-0.039668,-0.039506,0.261927,-0.000043,-0.018312,-0.021973,-0.022810,3.141593
26200.0,0.007735,-0.005332,-0.039132,-0.039506,0.261927,0.000014,0.007331,-0.023081,-0.023257,3.141593
26205.0,0.007678,0.010341,-0.039807,-0.039554,0.261927,0.000072,0.000331,-0.022727,-0.022810,3.141593
26210.0,0.007675,0.009398,-0.039749,-0.038725,0.261927,0.000043,-0.015562,-0.022016,-0.022810,3.141593
26215.0,0.007709,-0.008825,-0.038933,-0.038630,0.261927,0.000157,0.005848,-0.022879,-0.022327,3.141593
26220.0,0.007709,0.012140,-0.039834,-0.040382,0.261927,0.000000,0.001775,-0.022721,-0.022810,3.141593
26225.0,0.007689,0.005786,-0.039528,-0.039554,0.261927,0.000072,0.013943,-0.023226,-0.022810,3.141593
26230.0,0.007669,0.009452,-0.039676,-0.039506,0.261927,-0.000057,-0.003190,-0.022520,-0.021397,3.141593
26235.0,0.007707,-0.002037,-0.039141,-0.039554,0.261927,-0.000114,0.013554,-0.023312,-0.023257,3.141593
26240.0,0.007653,0.008901,-0.039623,-0.039554,0.261927,0.000014,0.001848,-0.022775,-0.022327,3.141593
26245.0,0.007668,0.006207,-0.039487,-0.039554,0.261927,-0.000014,0.006216,-0.022978,-0.022327,3.141593
26250.0,0.007814,-0.007969,-0.038776,-0.038725,0.261927,-0.000086,0.009219,-0.023138,-0.023740,3.141593
26255.0,0.007782,0.006608,-0.039374,-0.038678,0.261927,0.000129,-0.011876,-0.022120,-0.022810,3.141593
26260.0,0.007657,0.001258,-0.039155,-0.039554,0.261927,-0.000029,0.010977,-0.023157,-0.022327,3.141593
26265.0,0.007625,0.004637,-0.039311,-0.039554,0.261927,0.000114,-0.019931,-0.021747,-0.022810,3.141593
26270.0,0.007748,-0.005073,-0.038822,-0.038725,0.261927,-0.000029,0.014355,-0.023280,-0.023740,3.141593
26275.0,0.007739,-0.002839,-0.038897,-0.038725,0.261927,-0.000057,0.006131,-0.022935,-0.022327,3.141593
26280.0,0.007703,-0.002382,-0.038902,-0.039601,0.261927,0.000014,-0.001431,-0.022579,-0.022810,3.141593
26285.0,0.007614,0.006911,-0.039324,-0.039554,0.261927,0.000000,-0.006942,-0.022325,-0.022810,3.141593
26290.0,0.007702,0.000516,-0.039009,-0.038725,0.261927,-0.000072,0.009251,-0.023060,-0.021880,3.141593
26295.0,0.007732,0.007662,-0.039288,-0.038725,0.261927,-0.000043,0.014733,-0.023313,-0.021844,3.141593
26300.0,0.007734,0.000641,-0.038953,-0.038725,0.261927,0.000000,-0.004213,-0.022479,-0.022810,3.141593
26305.0,0.007589,0.000373,-0.038972,-0.039554,0.261927,0.000072,-0.001763,-0.022537,-0.022810,3.141593
26310.0,0.007705,0.000919,-0.038946,-0.039554,0.261927,-0.000114,0.020419,-0.023571,-0.023257,3.141593
26315.0,0.007694,0.000154,-0.038886,-0.038725,0.261927,-0.000100,-0.004047,-0.022530,-0.021397,3.141593
26320.0,0.007753,-0.002310,-0.038734,-0.038725,0.261927,0.000057,-0.010450,-0.022223,-0.021880,3.141593
26325.0,0.007676,0.007216,-0.039151,-0.038725,0.261927,-0.000014,-0.016637,-0.021975,-0.022810,3.141593
26330.0,0.007750,0.001297,-0.038845,-0.038725,0.261927,0.000057,0.013192,-0.023257,-0.022327,3.141593
26335.0,0.007619,0.006511,-0.039093,-0.039554,0.261927,0.000000,0.000779,-0.022730,-0.022327,3.141593
26340.0,0.007714,-0.003771,-0.038591,-0.037068,0.261927,-0.000086,0.026081,-0.023880,-0.024671,3.141593
26345.0,0.007668,0.007669,-0.039100,-0.038725,0.261927,0.000100,-0.006858,-0.022377,-0.021397,3.141593
26350.0,0.007702,0.005130,-0.038961,-0.038725,0.261927,-0.000072,0.009283,-0.023151,-0.023257,3.141593
26355.0,0.007725,-0.011996,-0.038175,-0.038773,0.261927,0.000057,-0.002750,-0.022590,-0.023740,3.141593
26360.0,0.007728,0.010797,-0.039139,-0.038725,0.261927,-0.000014,0.010598,-0.023180,-0.022810,3.141593
26365.0,0.007750,-0.007565,-0.038298,-0.037944,0.261927,0.000100,-0.011577,-0.022144,-0.022810,3.141593
26370.0,0.007655,0.010064,-0.039082,-0.038725,0.261927,0.000072,-0.001606,-0.022567,-0.021844,3.141593
26375.0,0.007716,-0.002228,-0.038509,-0.038725,0.261927,-0.000057,0.002033,-0.022776,-0.023257,3.141593
26380.0,0.007723,0.013762,-0.039181,-0.038678,0.261927,-0.000100,0.017613,-0.023512,-0.023257,3.141593
26385.0,0.007709,0.001393,-0.038615,-0.038725,0.261927,0.000157,-0.021789,-0.021695,-0.021397,3.141593
26390.0,0.007727,0.002387,-0.038623,-0.038725,0.261927,0.000043,0.004536,-0.022850,-0.022810,3.141593
26395.0,0.007634,0.008933,-0.038924,-0.038725,0.261927,0.000057,-0.024546,-0.021551,-0.021880,3.141593
26400.0,0.007793,-0.010279,-0.038007,-0.038773,0.261927,0.000014,-0.004667,-0.022412,-0.021397,3.141593
26405.0,0.007655,0.010380,-0.038923,-0.038725,0.261927,0.000086,-0.002409,-0.022493,-0.022327,3.141593
26410.0,0.007689,0.003500,-0.038580,-0.038725,0.261927,-0.000014,0.000071,-0.022622,-0.023740,3.141593
26415.0,0.007643,0.005360,-0.038663,-0.038725,0.261927,-0.000057,0.009715,-0.023070,-0.022810,3.141593
26420.0,0.007762,-0.005210,-0.038137,-0.037116,0.261927,-0.000014,-0.004933,-0.022418,-0.022810,3.141593
26425.0,0.007655,0.004678,-0.038586,-0.038725,0.261927,-0.000114,0.009257,-0.023091,-0.022810,3.141593
26430.0,0.007650,0.000658,-0.038394,-0.038820,0.261927,0.000057,0.000653,-0.022671,-0.022327,3.141593
26435.0,-0.004503,0.194907,-0.047939,-0.046820,0.261544,-0.000057,-0.008803,-0.022294,-0.023740,3.141593
26440.0,-0.014428,0.047525,-0.042602,-0.041945,0.261544,0.000000,0.024431,-0.023726,-0.023257,3.141593
26445.0,-0.015410,0.002842,-0.040934,-0.041990,0.261544,-0.000057,-0.000485,-0.022656,-0.021880,3.141593
26450.0,-0.015410,0.019941,-0.041832,-0.041945,0.261544,-0.000057,0.013889,-0.023331,-0.024671,3.141593
26455.0,-0.015367,0.010189,-0.041534,-0.041118,0.261544,0.000014,-0.007780,-0.022333,-0.021397,3.141593
26460.0,-0.015362,0.008610,-0.041602,-0.041990,0.261544,0.000057,-0.001585,-0.022594,-0.022327,3.141593
26465.0,-0.015272,0.009934,-0.041742,-0.041945,0.261544,-0.000014,0.004652,-0.022886,-0.022810,3.141593
26470.0,0.003471,-0.139412,-0.033505,-0.033068,0.261927,0.000043,-0.012245,-0.022123,-0.022810,3.141593
26475.0,0.007566,-0.027725,-0.037897,-0.037944,0.261927,-0.000057,0.004796,-0.022884,-0.022327,3.141593
26480.0,0.007900,-0.015170,-0.038301,-0.037897,0.261927,-0.000072,-0.001138,-0.022651,-0.022810,3.141593
26485.0,0.007989,-0.020748,-0.037918,-0.037068,0.261927,0.000014,0.003550,-0.022834,-0.023740,3.141593
26490.0,0.007870,-0.008729,-0.038384,-0.038725,0.261544,0.000014,-0.004190,-0.022469,-0.022810,3.141593
26495.0,-0.012513,0.095111,-0.044807,-0.045210,0.261544,-0.000043,0.017335,-0.023430,-0.023740,3.141593
26500.0,-0.015147,0.013531,-0.041628,-0.041945,0.261544,-0.000014,-0.000782,-0.022626,-0.023740,3.141593
26505.0,-0.015380,0.002840,-0.041328,-0.041163,0.261544,0.000057,0.002230,-0.022716,-0.022327,3.141593
26510.0,-0.015296,-0.000287,-0.041300,-0.041163,0.261544,0.000029,-0.027110,-0.021420,-0.021880,3.141593
26515.0,-0.015332,0.009844,-0.041878,-0.041990,0.261544,0.000014,0.005436,-0.022852,-0.022810,3.141593
26520.0,-0.015258,-0.005150,-0.041298,-0.041990,0.261544,-0.000072,-0.011542,-0.022135,-0.022810,3.141593
26525.0,-0.015264,0.007426,-0.041947,-0.042818,0.261544,0.000114,0.000131,-0.022572,-0.021880,3.141593
26530.0,-0.015144,0.001192,-0.041700,-0.041163,0.261544,-0.000057,0.007723,-0.022963,-0.022327,3.141593
26535.0,0.000923,-0.182599,-0.032239,-0.032239,0.261927,-0.000100,-0.009162,-0.022281,-0.022810,3.141593
26540.0,0.007392,-0.032201,-0.038073,-0.037897,0.261927,-0.000086,-0.001242,-0.022648,-0.023740,3.141593
26545.0,0.007930,-0.017959,-0.038517,-0.038773,0.261927,-0.000129,0.020104,-0.023630,-0.023740,3.141593
26550.0,0.008002,-0.003510,-0.039006,-0.038725,0.261927,0.000057,-0.000992,-0.022654,-0.022327,3.141593
26555.0,0.007904,-0.012483,-0.038529,-0.038725,0.261927,0.000086,-0.010885,-0.022191,-0.021397,3.141593
26560.0,0.007891,-0.004751,-0.038772,-0.038725,0.261927,0.000014,-0.007194,-0.022366,-0.021880,3.141593
26565.0,0.007794,0.001606,-0.039005,-0.038725,0.261544,0.000014,-0.010491,-0.022217,-0.022810,3.141593
26570.0,-0.012544,0.097066,-0.045071,-0.044337,0.261544,-0.000057,0.008142,-0.023065,-0.023740,3.141593
26575.0,-0.015197,0.018993,-0.042076,-0.041990,0.261544,-0.000043,-0.004190,-0.022527,-0.023740,3.141593
26580.0,-0.015365,0.012012,-0.041934,-0.041163,0.261544,-0.000057,0.005944,-0.022980,-0.023257,3.141593
26585.0,-0.015283,0.001997,-0.041602,-0.041118,0.261544,0.000014,0.009586,-0.023123,-0.022810,3.141593
26590.0,-0.015276,-0.005230,-0.041394,-0.041945,0.261544,-0.000072,0.010003,-0.023181,-0.023740,3.141593
26595.0,-0.015274,-0.000107,-0.041716,-0.041945,0.261544,-0.000029,-0.009421,-0.022305,-0.022810,3.141593
26600.0,-0.015287,0.005637,-0.042069,-0.041945,0.261544,-0.000014,0.017398,-0.023481,-0.023257,3.141593
26605.0,-0.015196,-0.001245,-0.041833,-0.041163,0.261544,-0.000072,-0.004108,-0.022558,-0.021844,3.141593
26610.0,-0.015131,-0.004576,-0.041738,-0.041118,0.261544,-0.000072,0.008232,-0.023131,-0.022810,3.141593
26615.0,-0.015142,-0.016754,-0.041268,-0.040335,0.261544,0.000043,-0.005678,-0.022481,-0.022810,3.141593
26620.0,-0.015133,0.001667,-0.042133,-0.041945,0.261544,0.000114,-0.006085,-0.022412,-0.022810,3.141593
26625.0,-0.015187,-0.005504,-0.041896,-0.041163,0.261544,-0.000029,0.000426,-0.022721,-0.021880,3.141593
26630.0,-0.015215,0.000460,-0.042237,-0.042773,0.261544,0.000086,-0.003369,-0.022524,-0.021397,3.141593
26635.0,-0.015169,-0.003229,-0.042122,-0.042773,0.261544,-0.000072,0.011722,-0.023251,-0.023257,3.141593
26640.0,-0.015060,-0.011800,-0.041748,-0.041990,0.261544,0.000114,-0.005245,-0.022437,-0.021880,3.141593
26645.0,-0.015124,-0.004085,-0.042141,-0.041945,0.261544,-0.000014,0.007273,-0.023019,-0.023257,3.141593
26650.0,-0.015228,0.002517,-0.042530,-0.041900,0.261544,0.000057,-0.010314,-0.022220,-0.020949,3.141593
26655.0,-0.015067,-0.011594,-0.041909,-0.041990,0.261544,0.000014,0.013520,-0.023304,-0.023740,3.141593
26660.0,-0.015162,-0.007299,-0.042167,-0.041945,0.261544,-0.000057,-0.007196,-0.022413,-0.021880,3.141593
26665.0,-0.015078,-0.015553,-0.041830,-0.041990,0.261544,0.000057,-0.014145,-0.022083,-0.022810,3.141593
26670.0,-0.015165,-0.005903,-0.042322,-0.042727,0.261544,-0.000072,0.011920,-0.023268,-0.022327,3.141593
26675.0,-0.015160,-0.006390,-0.042356,-0.041945,0.261544,-0.000014,-0.018441,-0.021924,-0.022810,3.141593
26680.0,-0.002993,-0.195792,-0.033069,-0.033896,0.261927,0.000057,0.009346,-0.023123,-0.022810,3.141593
26685.0,0.007036,-0.051508,-0.038273,-0.038725,0.261927,0.000057,-0.000278,-0.022693,-0.021880,3.141593
26690.0,0.008056,-0.032344,-0.038819,-0.038725,0.261927,0.000057,-0.009866,-0.022258,-0.022810,3.141593
26695.0,0.007966,-0.018475,-0.039314,-0.039554,0.261927,0.000014,0.019099,-0.023539,-0.022810,3.141593
26700.0,0.007972,0.000278,-0.040012,-0.039554,0.261927,-0.000057,0.007036,-0.023039,-0.022810,3.141593
26705.0,0.007864,0.005543,-0.040171,-0.039506,0.261927,-0.000057,-0.001534,-0.022684,-0.022327,3.141593
26710.0,0.007852,-0.003411,-0.039701,-0.039506,0.261927,0.000086,-0.020215,-0.021817,-0.021397,3.141593
26715.0,0.007784,0.000751,-0.039837,-0.040335,0.261927,0.000229,-0.020765,-0.021698,-0.020466,3.141593
26720.0,0.007855,-0.004644,-0.039503,-0.039506,0.261927,-0.000014,0.021879,-0.023618,-0.022327,3.141593
26725.0,0.007816,0.004322,-0.039842,-0.039554,0.261927,0.000072,-0.015921,-0.021932,-0.022327,3.141593
26730.0,0.007807,-0.013160,-0.039001,-0.038725,0.261927,-0.000086,0.007889,-0.023035,-0.023740,3.141593
26735.0,0.007712,0.007123,-0.039881,-0.040382,0.261927,-0.000043,0.005890,-0.022952,-0.021880,3.141593
26740.0,0.007771,0.001467,-0.039569,-0.039506,0.261927,0.000014,0.009647,-0.023117,-0.023257,3.141593
26745.0,0.007676,-0.006813,-0.039192,-0.039554,0.261927,-0.000014,-0.005923,-0.022436,-0.022810,3.141593
26750.0,0.007698,0.008675,-0.039841,-0.039554,0.261927,-0.000114,0.009844,-0.023186,-0.022327,3.141593
26755.0,0.007744,-0.003964,-0.039240,-0.039554,0.261927,0.000014,-0.003272,-0.022587,-0.021844,3.141593
26760.0,0.007651,0.009940,-0.039855,-0.040382,0.261927,-0.000043,0.007280,-0.023065,-0.023740,3.141593
26765.0,0.007782,-0.003772,-0.039176,-0.038725,0.261927,-0.000072,0.010347,-0.023216,-0.024187,3.141593
26770.0,0.007680,0.005088,-0.039566,-0.039506,0.261927,0.000057,0.003703,-0.022866,-0.022810,3.141593
26775.0,0.007716,0.000059,-0.039312,-0.039554,0.261927,-0.000014,0.000875,-0.022758,-0.023257,3.141593
26780.0,0.007782,-0.003090,-0.039110,-0.039554,0.261927,0.000057,-0.005338,-0.022444,-0.021880,3.141593
26785.0,0.007669,0.017563,-0.040021,-0.040335,0.261927,-0.000029,0.007775,-0.023042,-0.023740,3.141593
26790.0,0.007714,0.008665,-0.039594,-0.038678,0.261927,0.000114,-0.011560,-0.022121,-0.021397,3.141593
26795.0,0.007703,-0.004772,-0.038992,-0.038678,0.261927,0.000057,-0.001498,-0.022568,-0.021844,3.141593
26800.0,0.007643,0.007120,-0.039521,-0.039554,0.261927,-0.000129,0.009619,-0.023130,-0.022327,3.141593
26805.0,0.007748,0.004033,-0.039332,-0.038725,0.261927,0.000114,-0.024254,-0.021582,-0.020949,3.141593
26810.0,0.007710,-0.000051,-0.039133,-0.039506,0.261927,-0.000072,-0.003894,-0.022532,-0.021880,3.141593
26815.0,0.007750,-0.001264,-0.039027,-0.038725,0.261927,-0.000057,-0.003460,-0.022571,-0.023740,3.141593
26820.0,0.007728,0.006695,-0.039353,-0.038678,0.261927,0.000000,-0.005253,-0.022471,-0.022810,3.141593
26825.0,0.007685,0.010942,-0.039538,-0.039554,0.261927,0.000029,-0.006252,-0.022399,-0.021397,3.141593
26830.0,0.007685,0.013057,-0.039614,-0.039506,0.261927,-0.000014,0.003983,-0.022878,-0.022810,3.141593
26835.0,0.007678,0.011658,-0.039539,-0.039554,0.261927,0.000157,-0.016689,-0.021884,-0.021397,3.141593
26840.0,0.007705,0.010740,-0.039470,-0.039554,0.261927,-0.000186,0.015591,-0.023424,-0.022810,3.141593
26845.0,0.007732,0.008180,-0.039319,-0.038725,0.261927,0.000029,-0.007825,-0.022362,-0.022327,3.141593
26850.0,0.007714,0.002819,-0.039067,-0.038725,0.261927,0.000014,0.005291,-0.022932,-0.023740,3.141593
26855.0,0.007691,-0.005482,-0.038690,-0.038725,0.261927,-0.000014,0.011831,-0.023217,-0.023257,3.141593
26860.0,0.007684,-0.001789,-0.038835,-0.038725,0.261927,0.000014,0.018001,-0.023484,-0.023740,3.141593
26865.0,0.007662,-0.001553,-0.038838,-0.038725,0.261927,0.000014,-0.006579,-0.022387,-0.022810,3.141593
26870.0,0.007668,-0.002592,-0.038779,-0.038725,0.261927,-0.000057,0.014013,-0.023315,-0.023257,3.141593
26875.0,0.007705,-0.006069,-0.038596,-0.038725,0.261927,0.000043,-0.011785,-0.022156,-0.022810,3.141593
26880.0,0.007676,0.002913,-0.038975,-0.038725,0.261927,-0.000157,0.011583,-0.023268,-0.023740,3.141593
26885.0,0.007685,0.009948,-0.039265,-0.039554,0.261927,0.000043,0.000024,-0.022713,-0.022810,3.141593
26890.0,0.007755,0.004719,-0.038978,-0.038678,0.261927,0.000057,-0.000747,-0.022656,-0.022810,3.141593
26895.0,0.007669,0.009007,-0.039170,-0.038725,0.261927,0.000014,-0.015285,-0.022004,-0.022810,3.141593
26900.0,0.007786,0.001249,-0.038753,-0.038725,0.261927,0.000172,-0.000714,-0.022557,-0.022327,3.141593
26905.0,0.007651,0.015078,-0.039384,-0.039554,0.261927,-0.000086,0.016414,-0.023380,-0.023257,3.141593
26910.0,0.007655,-0.001285,-0.038650,-0.038725,0.261927,0.000086,-0.011669,-0.022093,-0.021880,3.141593
26915.0,0.007680,0.007747,-0.039026,-0.038725,0.261927,-0.000014,0.006135,-0.022903,-0.022327,3.141593
26920.0,0.007712,-0.013087,-0.038080,-0.037897,0.261927,-0.000014,0.016106,-0.023347,-0.023257,3.141593
26925.0,0.007714,0.005782,-0.038884,-0.038725,0.261927,-0.000057,-0.005707,-0.022400,-0.023740,3.141593
26930.0,0.007723,-0.002901,-0.038473,-0.038773,0.261927,-0.000014,0.012933,-0.023209,-0.022774,3.141593
26935.0,0.007675,0.013900,-0.039200,-0.038725,0.261927,0.000043,-0.006134,-0.022340,-0.020949,3.141593
26940.0,0.007741,0.000196,-0.038564,-0.038678,0.261927,-0.000043,-0.013967,-0.022030,-0.021880,3.141593
26945.0,0.007730,0.002748,-0.038642,-0.038773,0.261927,-0.000029,0.008243,-0.023020,-0.022810,3.141593
26950.0,0.007730,0.001844,-0.038566,-0.038725,0.261927,0.000057,-0.007739,-0.022293,-0.021880,3.141593
26955.0,0.007705,0.013159,-0.039043,-0.037944,0.261927,0.000014,0.009544,-0.023053,-0.023740,3.141593
26960.0,0.007634,0.004165,-0.038667,-0.038725,0.261927,-0.000114,0.000241,-0.022696,-0.022810,3.141593
26965.0,0.007753,-0.004417,-0.038232,-0.037944,0.261927,-0.000100,0.045338,-0.024727,-0.025601,3.141593
26970.0,0.007723,0.000821,-0.038439,-0.038725,0.261927,-0.000072,0.008605,-0.023120,-0.022810,3.141593
26975.0,0.007718,0.006837,-0.038669,-0.038725,0.261927,0.000000,0.008060,-0.023097,-0.022327,3.141593
26980.0,0.007714,0.009286,-0.038752,-0.038773,0.261927,0.000043,0.000216,-0.022751,-0.022327,3.141593
26985.0,0.007680,0.021139,-0.039267,-0.039554,0.261927,0.000014,-0.005937,-0.022487,-0.022327,3.141593
26990.0,0.007657,0.016763,-0.039067,-0.038725,0.261927,0.000043,0.002830,-0.022866,-0.023740,3.141593
26995.0,0.007662,0.008939,-0.038718,-0.038725,0.261544,0.000014,0.008535,-0.023106,-0.023740,3.141593
27000.0,-0.012744,0.100060,-0.044678,-0.045210,0.261544,0.000029,0.006529,-0.023000,-0.022810,3.141593
27005.0,-0.015187,0.019453,-0.041536,-0.041990,0.261544,0.000215,-0.012033,-0.022084,-0.021397,3.141593
27010.0,-0.015475,0.013128,-0.041466,-0.041945,0.261544,-0.000014,-0.001571,-0.022587,-0.022810,3.141593
27015.0,-0.015385,0.012844,-0.041578,-0.041163,0.261544,-0.000186,0.004203,-0.022939,-0.022327,3.141593
27020.0,-0.015271,0.001465,-0.041167,-0.041163,0.261544,0.000057,0.005342,-0.022948,-0.022810,3.141593
27025.0,0.005055,-0.087196,-0.035459,-0.036335,0.261927,0.000000,-0.006427,-0.022442,-0.022810,3.141593
27030.0,0.007689,-0.016739,-0.038171,-0.037944,0.261927,0.000114,-0.013171,-0.022081,-0.022810,3.141593
27035.0,0.007886,-0.006703,-0.038499,-0.037897,0.261927,0.000000,0.013757,-0.023266,-0.022327,3.141593
27040.0,0.007907,-0.016694,-0.037961,-0.038773,0.261927,-0.000086,-0.005732,-0.022453,-0.023740,3.141593
27045.0,0.007891,-0.007344,-0.038270,-0.037849,0.261927,0.000043,0.002558,-0.022779,-0.020466,3.141593
27050.0,-0.010875,0.127284,-0.045886,-0.045165,0.261544,-0.000014,0.002226,-0.022816,-0.022810,3.141593
27055.0,-0.015033,0.025664,-0.041995,-0.041945,0.261544,0.000000,0.005830,-0.022973,-0.022327,3.141593
27060.0,-0.015339,0.011219,-0.041532,-0.041118,0.261544,0.000057,-0.021206,-0.021768,-0.020913,3.141593
27065.0,-0.015330,0.015223,-0.041840,-0.041990,0.261544,-0.000043,-0.004217,-0.022553,-0.021844,3.141593
27070.0,-0.015339,0.019920,-0.042173,-0.041945,0.261544,-0.000057,0.002622,-0.022873,-0.022810,3.141593
27075.0,-0.015301,-0.005224,-0.041171,-0.041945,0.261544,0.000157,0.002807,-0.022793,-0.020949,3.141593
27080.0,-0.015221,0.014116,-0.042089,-0.041163,0.261544,-0.000114,0.015244,-0.023446,-0.023257,3.141593
27085.0,-0.015258,-0.004652,-0.041360,-0.041945,0.261544,0.000086,-0.005282,-0.022493,-0.022810,3.141593
27090.0,-0.008402,-0.203061,-0.032173,-0.033163,0.261927,0.000014,-0.000033,-0.022725,-0.022327,3.141593
27095.0,0.006389,-0.061185,-0.036857,-0.037116,0.261927,-0.000014,0.011842,-0.023248,-0.023740,3.141593
27100.0,0.007900,-0.019765,-0.038377,-0.037897,0.261927,0.000057,-0.004444,-0.022494,-0.021844,3.141593
27105.0,0.007964,-0.015189,-0.038450,-0.038725,0.261927,0.000057,0.001262,-0.022739,-0.023257,3.141593
27110.0,0.007993,-0.003536,-0.038826,-0.038725,0.261927,0.000057,-0.004022,-0.022477,-0.022327,3.141593
27115.0,0.007827,-0.005227,-0.038702,-0.038725,0.261544,0.000000,-0.018544,-0.021844,-0.020466,3.141593
27120.0,-0.012526,0.082073,-0.044400,-0.044382,0.261544,-0.000057,0.006476,-0.022989,-0.023740,3.141593
27125.0,-0.015212,0.021894,-0.042198,-0.041945,0.261544,-0.000057,0.005083,-0.022927,-0.022810,3.141593
27130.0,-0.015299,0.009844,-0.041795,-0.041163,0.261544,-0.000100,-0.010218,-0.022295,-0.021880,3.141593
27135.0,-0.015367,0.006277,-0.041783,-0.041118,0.261544,0.000000,0.005373,-0.022977,-0.022810,3.141593
27140.0,-0.015262,-0.011348,-0.041101,-0.041990,0.261544,0.000014,0.015982,-0.023444,-0.022810,3.141593
27145.0,0.000880,-0.172198,-0.032639,-0.032239,0.261927,-0.000057,0.003147,-0.022901,-0.023257,3.141593
27150.0,0.007333,-0.030877,-0.038105,-0.037944,0.261927,0.000029,-0.009189,-0.022336,-0.022810,3.141593
27155.0,0.007886,-0.014556,-0.038657,-0.038725,0.261927,0.000057,0.006447,-0.022997,-0.022810,3.141593
27160.0,0.007959,0.004721,-0.039371,-0.038725,0.261927,-0.000086,-0.008691,-0.022385,-0.022810,3.141593
27165.0,0.007898,-0.015963,-0.038382,-0.037897,0.261927,0.000000,0.002037,-0.022839,-0.022327,3.141593
27170.0,0.007784,0.002867,-0.039173,-0.038725,0.261927,0.000000,0.004426,-0.022947,-0.022810,3.141593
27175.0,0.007820,-0.006093,-0.038712,-0.038725,0.261927,0.000100,-0.009508,-0.022276,-0.022810,3.141593
27180.0,0.007778,-0.012254,-0.038383,-0.037897,0.261927,0.000057,0.002060,-0.022762,-0.021880,3.141593
27185.0,0.007766,-0.008617,-0.038497,-0.039554,0.261927,-0.000057,-0.006204,-0.022422,-0.022810,3.141593
27190.0,0.007887,-0.008751,-0.038366,-0.037897,0.261927,-0.000043,0.014987,-0.023360,-0.021844,3.141593
27195.0,0.007660,0.012023,-0.039303,-0.039554,0.261927,0.000057,0.002381,-0.022796,-0.023257,3.141593
27200.0,0.007794,-0.008839,-0.038310,-0.037944,0.261927,-0.000043,0.008526,-0.023094,-0.023740,3.141593
27205.0,0.007791,-0.002782,-0.038528,-0.038678,0.261927,-0.000129,-0.004866,-0.022543,-0.021880,3.141593
27210.0,0.007664,0.003067,-0.038782,-0.039554,0.261927,-0.000014,0.000972,-0.022801,-0.023257,3.141593
27215.0,0.007698,0.004925,-0.038829,-0.038725,0.261927,-0.000014,0.019065,-0.023600,-0.024671,3.141593
27220.0,0.007714,-0.007667,-0.038242,-0.038725,0.261927,0.000014,-0.006942,-0.022441,-0.022327,3.141593
27225.0,0.007723,0.006432,-0.038822,-0.038725,0.261927,0.000086,-0.023856,-0.021658,-0.021880,3.141593
27230.0,0.007676,0.004885,-0.038745,-0.038725,0.261927,0.000114,-0.013961,-0.022050,-0.022810,3.141593
27235.0,0.007687,0.012644,-0.039069,-0.039554,0.261927,-0.000029,0.004494,-0.022881,-0.024223,3.141593
27240.0,0.007730,-0.006766,-0.038174,-0.038725,0.261927,-0.000057,-0.004136,-0.022518,-0.022327,3.141593
27245.0,0.007668,-0.000930,-0.038416,-0.037897,0.261927,0.000014,-0.005086,-0.022461,-0.022810,3.141593
27250.0,0.007684,0.001194,-0.038495,-0.038725,0.261927,-0.000086,-0.008002,-0.022360,-0.023740,3.141593
27255.0,0.007743,0.002756,-0.038513,-0.038725,0.261927,-0.000029,0.006490,-0.022984,-0.023740,3.141593
27260.0,0.007671,0.003880,-0.038559,-0.038725,0.261927,0.000000,0.007404,-0.023004,-0.023257,3.141593
27265.0,0.007694,0.015146,-0.039028,-0.039554,0.261927,0.000029,-0.005018,-0.022429,-0.022327,3.141593
27270.0,0.007762,0.002103,-0.038401,-0.037944,0.261927,-0.000114,0.007841,-0.023049,-0.022327,3.141593
27275.0,0.007709,-0.001521,-0.038227,-0.038773,0.261927,0.000057,-0.024353,-0.021585,-0.020949,3.141593
27280.0,0.007716,0.005993,-0.038527,-0.038725,0.261927,-0.000086,0.001625,-0.022782,-0.022327,3.141593
27285.0,0.007777,0.002413,-0.038313,-0.037944,0.261927,0.000043,-0.002174,-0.022585,-0.021397,3.141593
27290.0,0.007628,0.006644,-0.038523,-0.038725,0.261927,0.000014,-0.005892,-0.022430,-0.020913,3.141593
27295.0,0.007689,0.008044,-0.038549,-0.038725,0.261927,-0.000014,-0.004231,-0.022527,-0.022810,3.141593
27300.0,0.007643,0.009170,-0.038594,-0.038725,0.261927,-0.000014,-0.008649,-0.022336,-0.020949,3.141593
27305.0,0.007684,0.007820,-0.038505,-0.038725,0.261927,-0.000014,-0.009814,-0.022307,-0.021880,3.141593
27310.0,0.007601,0.016460,-0.038896,-0.038773,0.261927,-0.000057,-0.005823,-0.022484,-0.021397,3.141593
27315.0,0.007696,-0.006875,-0.037833,-0.037897,0.261927,0.000043,-0.013126,-0.022146,-0.022810,3.141593
27320.0,0.007741,0.011885,-0.038622,-0.038725,0.261927,-0.000143,0.011608,-0.023286,-0.023740,3.141593
27325.0,0.007725,0.003021,-0.038196,-0.037944,0.261927,-0.000072,-0.005079,-0.022550,-0.023740,3.141593
27330.0,0.007703,0.018999,-0.038884,-0.039601,0.261927,0.000114,-0.008778,-0.022322,-0.022810,3.141593
27335.0,0.007628,0.006711,-0.038343,-0.038725,0.261927,-0.000014,0.004137,-0.022911,-0.022327,3.141593
27340.0,0.007750,0.005378,-0.038221,-0.037897,0.261927,-0.000057,0.003363,-0.022912,-0.022327,3.141593
27345.0,0.007691,0.002292,-0.038082,-0.037944,0.261927,0.000072,-0.009094,-0.022329,-0.022810,3.141593
27350.0,0.007802,-0.000625,-0.037883,-0.037068,0.261927,0.000057,-0.003766,-0.022554,-0.022810,3.141593
27355.0,0.007668,0.019956,-0.038808,-0.038725,0.261544,-0.000029,-0.000146,-0.022737,-0.023293,3.141593
27360.0,-0.012714,0.086855,-0.043679,-0.043555,0.261544,-0.000014,0.001914,-0.022834,-0.022327,3.141593
27365.0,-0.015283,0.032385,-0.041739,-0.041163,0.261544,0.000057,-0.000257,-0.022710,-0.022327,3.141593
27370.0,-0.015435,0.008168,-0.040857,-0.041163,0.261544,-0.000043,0.004411,-0.022938,-0.022810,3.141593
27375.0,-0.015394,0.007836,-0.040981,-0.041163,0.261544,0.000057,-0.008673,-0.022334,-0.021880,3.141593
27380.0,-0.015296,0.007066,-0.041049,-0.040335,0.261544,0.000000,0.002359,-0.022827,-0.022327,3.141593
27385.0,0.003378,-0.124145,-0.033663,-0.033896,0.261927,-0.000014,-0.018954,-0.021906,-0.021880,3.141593
27390.0,0.007460,-0.004190,-0.038452,-0.037944,0.261927,0.000086,-0.010129,-0.022239,-0.022810,3.141593
27395.0,0.007938,-0.014863,-0.037819,-0.037897,0.261927,-0.000072,0.034375,-0.024240,-0.024671,3.141593
27400.0,0.007870,-0.000676,-0.038362,-0.038773,0.261927,0.000114,-0.017989,-0.021869,-0.021397,3.141593
27405.0,0.007945,-0.007488,-0.037932,-0.037944,0.261927,-0.000129,0.007961,-0.023094,-0.022327,3.141593
27410.0,0.000926,0.188747,-0.047076,-0.047602,0.261544,0.000014,0.008835,-0.023122,-0.022327,3.141593
27415.0,-0.013754,0.062175,-0.043039,-0.043600,0.261544,0.000086,-0.023075,-0.021682,-0.020913,3.141593
27420.0,-0.015224,0.014662,-0.041228,-0.041118,0.261544,0.000043,-0.015245,-0.022023,-0.021397,3.141593
27425.0,-0.015414,0.019793,-0.041639,-0.042773,0.261544,-0.000029,-0.010963,-0.022236,-0.023740,3.141593
27430.0,-0.015376,0.020112,-0.041778,-0.041945,0.261544,-0.000114,0.002512,-0.022856,-0.021880,3.141593
27435.0,-0.015323,0.006591,-0.041287,-0.041163,0.261544,-0.000014,-0.019060,-0.021906,-0.022810,3.141593
27440.0,-0.015242,-0.006188,-0.040807,-0.041163,0.261544,0.000186,0.003525,-0.022797,-0.022327,3.141593
27445.0,-0.015178,-0.000886,-0.041094,-0.041163,0.261544,-0.000072,0.012459,-0.023260,-0.023740,3.141593
27450.0,-0.002952,-0.207770,-0.031015,-0.031458,0.261927,-0.000029,0.003754,-0.022876,-0.022327,3.141593
27455.0,0.006918,-0.044752,-0.037113,-0.037116,0.261927,0.000086,-0.020109,-0.021787,-0.021397,3.141593
27460.0,0.007845,-0.000236,-0.038869,-0.038725,0.261927,-0.000157,0.012158,-0.023310,-0.023257,3.141593
27465.0,0.007941,-0.003769,-0.038582,-0.038773,0.261927,0.000143,-0.018512,-0.021865,-0.021880,3.141593
27470.0,0.007982,-0.013376,-0.038015,-0.038773,0.261927,0.000000,0.007164,-0.023011,-0.023740,3.141593
27475.0,0.007916,-0.004726,-0.038298,-0.037897,0.261927,0.000029,0.017572,-0.023452,-0.022327,3.141593
27480.0,0.007836,0.002254,-0.038545,-0.037944,0.261927,-0.000072,0.006141,-0.023002,-0.022327,3.141593
27485.0,-0.010892,0.136339,-0.046138,-0.045992,0.261544,-0.000057,-0.013304,-0.022149,-0.020949,3.141593
27490.0,-0.015010,0.032407,-0.042140,-0.041945,0.261544,0.000014,0.013597,-0.023326,-0.022810,3.141593
27495.0,-0.015360,0.004055,-0.041073,-0.041163,0.261544,-0.000014,0.000732,-0.022779,-0.022810,3.141593
27500.0,-0.015385,0.019785,-0.041915,-0.041945,0.261544,0.000086,-0.023300,-0.021682,-0.021397,3.141593
27505.0,-0.015253,-0.003178,-0.040981,-0.041163,0.261544,0.000057,-0.006291,-0.022414,-0.021844,3.141593
27510.0,-0.015246,0.002185,-0.041309,-0.041073,0.261544,0.000157,-0.008373,-0.022258,-0.021880,3.141593
27515.0,-0.008487,-0.185223,-0.032651,-0.032239,0.261927,-0.000014,-0.007331,-0.022348,-0.022327,3.141593
27520.0,0.006339,-0.077797,-0.035851,-0.035506,0.261927,-0.000057,0.016338,-0.023408,-0.022810,3.141593
27525.0,0.007841,-0.018481,-0.038184,-0.037897,0.261927,-0.000072,-0.011100,-0.022227,-0.022327,3.141593
27530.0,0.007913,-0.009519,-0.038460,-0.038725,0.261927,0.000029,-0.003967,-0.022511,-0.023257,3.141593
27535.0,0.007884,0.004689,-0.038989,-0.039554,0.261927,0.000014,-0.003691,-0.022519,-0.022810,3.141593
27540.0,0.007834,0.008797,-0.039090,-0.039506,0.261927,-0.000086,0.009952,-0.023155,-0.023740,3.141593
27545.0,0.007861,-0.013379,-0.038024,-0.037897,0.261927,-0.000029,0.007540,-0.023045,-0.022810,3.141593
27550.0,-0.008208,0.168559,-0.047395,-0.046820,0.261544,0.000086,0.015527,-0.023356,-0.022810,3.141593
27555.0,-0.014765,0.020438,-0.041678,-0.041990,0.261544,-0.000086,0.021713,-0.023678,-0.023740,3.141593
27560.0,-0.015385,0.007739,-0.041344,-0.041990,0.261544,-0.000029,0.000778,-0.022756,-0.022327,3.141593
27565.0,-0.015348,0.011241,-0.041619,-0.041118,0.261544,0.000172,-0.019580,-0.021783,-0.022810,3.141593
27570.0,-0.015330,-0.000650,-0.041229,-0.041163,0.261544,-0.000029,-0.003431,-0.022535,-0.021844,3.141593
27575.0,-0.015321,-0.001453,-0.041311,-0.041945,0.261544,0.000086,-0.009786,-0.022220,-0.022810,3.141593
27580.0,-0.002999,-0.198031,-0.031684,-0.033068,0.261927,-0.000043,-0.000552,-0.022654,-0.021880,3.141593
27585.0,0.006891,-0.035873,-0.037741,-0.037944,0.261927,-0.000029,0.017322,-0.023465,-0.022810,3.141593
27590.0,0.007882,-0.009375,-0.038676,-0.038725,0.261927,-0.000014,-0.019201,-0.021873,-0.021397,3.141593
27595.0,0.007932,0.000851,-0.039005,-0.038725,0.261927,0.000029,0.000315,-0.022718,-0.022810,3.141593
27600.0,0.007877,-0.001741,-0.038811,-0.038773,0.261927,0.000000,0.005785,-0.022955,-0.021844,3.141593
27605.0,0.007884,-0.015133,-0.038127,-0.037944,0.261927,-0.000057,-0.007882,-0.022378,-0.022810,3.141593
27610.0,0.007898,-0.013159,-0.038122,-0.038725,0.261927,-0.000014,0.016748,-0.023467,-0.023740,3.141593
27615.0,0.007761,0.004450,-0.038859,-0.038725,0.261927,0.000000,0.011411,-0.023235,-0.022810,3.141593
27620.0,0.007803,-0.007797,-0.038253,-0.038773,0.261927,-0.000043,-0.012341,-0.022219,-0.022810,3.141593
27625.0,0.007786,0.008053,-0.038897,-0.038725,0.261927,0.000057,-0.001559,-0.022660,-0.022810,3.141593
27630.0,0.007732,0.007881,-0.038865,-0.038725,0.261927,0.000100,-0.009130,-0.022285,-0.022327,3.141593
27635.0,0.007830,-0.004390,-0.038244,-0.037943,0.261544,-0.000014,0.005128,-0.022935,-0.022327,3.141593
27640.0,-0.012664,0.096913,-0.044641,-0.045210,0.261544,-0.000043,0.007200,-0.023049,-0.023257,3.141593
27645.0,-0.015237,0.026038,-0.041950,-0.041945,0.261544,-0.000086,0.006203,-0.023043,-0.024671,3.141593
27650.0,-0.015405,0.014821,-0.041633,-0.041163,0.261544,0.000086,-0.018388,-0.021896,-0.021880,3.141593
27655.0,-0.015451,0.004173,-0.041345,-0.041118,0.261544,-0.000014,0.009338,-0.023138,-0.022810,3.141593
27660.0,-0.015330,0.007214,-0.041588,-0.041944,0.261927,0.000029,-0.003941,-0.022540,-0.022810,3.141593
27665.0,0.005148,-0.087333,-0.035561,-0.035506,0.261927,0.000057,-0.003288,-0.022545,-0.022327,3.141593
27670.0,0.007718,-0.021427,-0.038087,-0.037116,0.261927,-0.000057,0.023147,-0.023750,-0.024671,3.141593
27675.0,0.007873,-0.004285,-0.038742,-0.038725,0.261927,0.000114,-0.013696,-0.022052,-0.021397,3.141593
27680.0,0.007852,-0.008063,-0.038487,-0.037897,0.261927,-0.000086,0.013901,-0.023333,-0.023257,3.141593
27685.0,0.007862,0.001566,-0.038833,-0.038725,0.261927,-0.000014,-0.013588,-0.022113,-0.021880,3.141593
27690.0,0.007875,-0.012190,-0.038139,-0.038773,0.261927,-0.000029,0.003861,-0.022890,-0.023740,3.141593
27695.0,0.007755,0.013860,-0.039249,-0.038725,0.261927,0.000129,0.005526,-0.022893,-0.021397,3.141593
27700.0,0.007816,-0.000418,-0.038553,-0.038725,0.261927,-0.000086,-0.004871,-0.022496,-0.021397,3.141593
27705.0,0.007755,0.013872,-0.039142,-0.039554,0.261927,0.000114,-0.015680,-0.021970,-0.021880,3.141593
27710.0,-0.008268,0.175717,-0.047640,-0.046774,0.261544,0.000000,-0.003662,-0.022534,-0.021397,3.141593
27715.0,-0.014802,0.019694,-0.041592,-0.041118,0.261544,-0.000043,-0.003987,-0.022561,-0.022327,3.141593
27720.0,-0.015355,-0.001010,-0.040903,-0.041118,0.261544,-0.000029,0.020892,-0.023669,-0.023257,3.141593
27725.0,-0.015349,-0.002229,-0.040980,-0.041163,0.261544,0.000086,-0.018416,-0.021886,-0.021880,3.141593
27730.0,-0.015376,0.004964,-0.041437,-0.041945,0.261544,0.000057,0.005244,-0.022911,-0.022327,3.141593
27735.0,-0.015319,-0.000035,-0.041321,-0.041945,0.261544,-0.000029,-0.013455,-0.022119,-0.023740,3.141593
27740.0,-0.008449,-0.182554,-0.032842,-0.032239,0.261927,0.000029,-0.006812,-0.022386,-0.021880,3.141593
27745.0,0.006201,-0.074601,-0.036141,-0.036335,0.261927,0.000114,-0.002902,-0.022505,-0.021880,3.141593
27750.0,0.007861,-0.014425,-0.038480,-0.038773,0.261927,0.000029,-0.010600,-0.022177,-0.022810,3.141593
27755.0,0.008000,-0.012548,-0.038402,-0.037944,0.261927,-0.000114,0.017136,-0.023457,-0.023740,3.141593
27760.0,0.007936,-0.005604,-0.038610,-0.038725,0.261927,-0.000086,0.011080,-0.023210,-0.023740,3.141593
27765.0,0.007882,0.001635,-0.038847,-0.039506,0.261927,0.000114,0.005054,-0.022870,-0.021397,3.141593
27770.0,0.007832,0.011722,-0.039216,-0.039554,0.261927,0.000000,-0.003181,-0.022532,-0.023740,3.141593
27775.0,0.007811,-0.004548,-0.038433,-0.038725,0.261544,0.000114,-0.013098,-0.022031,-0.022810,3.141593
27780.0,-0.012651,0.093640,-0.044666,-0.044382,0.261544,-0.000057,0.022460,-0.023633,-0.023740,3.141593
27785.0,-0.015281,0.011778,-0.041529,-0.041945,0.261544,-0.000014,0.007086,-0.022955,-0.023740,3.141593
27790.0,-0.015333,0.006838,-0.041448,-0.041118,0.261544,0.000014,0.018100,-0.023425,-0.022810,3.141593
27795.0,-0.015285,-0.002472,-0.041155,-0.041163,0.261544,0.000014,-0.006384,-0.022358,-0.021397,3.141593
27800.0,-0.015324,0.001679,-0.041465,-0.041945,0.261544,-0.000143,0.019001,-0.023550,-0.023740,3.141593
27805.0,-0.015306,-0.006855,-0.041192,-0.041990,0.261544,-0.000215,0.006489,-0.023070,-0.023740,3.141593
27810.0,-0.015323,0.010788,-0.042087,-0.041945,0.261544,0.000086,0.008690,-0.023097,-0.022810,3.141593
27815.0,-0.002906,-0.222913,-0.030790,-0.032287,0.261927,-0.000043,-0.000020,-0.022760,-0.022327,3.141593
27820.0,0.007029,-0.052715,-0.037146,-0.037116,0.261927,-0.000014,0.004876,-0.022993,-0.022810,3.141593
27825.0,0.007880,-0.015232,-0.038586,-0.038725,0.261927,-0.000057,0.009803,-0.023235,-0.023257,3.141593
27830.0,0.007986,0.001926,-0.039193,-0.038725,0.261927,0.000072,-0.021660,-0.021813,-0.022810,3.141593
27835.0,0.007946,-0.002551,-0.038895,-0.038725,0.261927,0.000014,0.003627,-0.022926,-0.023740,3.141593
27840.0,0.007800,-0.008253,-0.038599,-0.038725,0.261927,0.000100,-0.014223,-0.022091,-0.022363,3.141593
27845.0,0.007816,-0.000471,-0.038871,-0.038725,0.261927,-0.000029,0.004972,-0.022962,-0.023257,3.141593
27850.0,0.007830,-0.018746,-0.037994,-0.038773,0.261927,-0.000057,-0.002528,-0.022656,-0.022810,3.141593
27855.0,-0.008336,0.181389,-0.048204,-0.047647,0.261544,-0.000043,0.003887,-0.022955,-0.022810,3.141593
27860.0,-0.014856,0.031851,-0.042450,-0.042773,0.261544,-0.000014,0.001965,-0.022877,-0.023740,3.141593
27865.0,-0.015355,0.007040,-0.041558,-0.041945,0.261544,0.000129,0.008404,-0.023089,-0.023740,3.141593
27870.0,-0.015448,0.011242,-0.041918,-0.041945,0.261544,0.000086,0.001259,-0.022757,-0.022810,3.141593
27875.0,-0.015339,-0.001093,-0.041486,-0.041990,0.261544,-0.000243,-0.001452,-0.022756,-0.023740,3.141593
27880.0,-0.015262,0.002777,-0.041736,-0.041945,0.261544,0.000072,-0.015627,-0.022061,-0.022810,3.141593
27885.0,0.000742,-0.169771,-0.032830,-0.033068,0.261927,-0.000029,-0.003156,-0.022621,-0.023740,3.141593
27890.0,0.007346,-0.036580,-0.037897,-0.037849,0.261927,0.000000,0.009081,-0.023149,-0.022810,3.141593
27895.0,0.007904,-0.013772,-0.038725,-0.038725,0.261927,0.000100,0.001314,-0.022762,-0.022810,3.141593
27900.0,0.007870,0.007544,-0.039579,-0.039554,0.261927,-0.000014,0.007631,-0.023060,-0.022327,3.141593
27905.0,0.007891,-0.008534,-0.038774,-0.038725,0.261927,0.000000,-0.003530,-0.022574,-0.022327,3.141593
27910.0,0.007839,0.001694,-0.039164,-0.038725,0.261927,0.000043,-0.020726,-0.021800,-0.021880,3.141593
27915.0,0.007870,-0.011677,-0.038485,-0.039554,0.261927,-0.000014,0.001582,-0.022793,-0.022810,3.141593
27920.0,0.007794,0.002986,-0.039070,-0.038725,0.261927,0.000029,0.016699,-0.023440,-0.022327,3.141593
27925.0,0.007718,0.000777,-0.038956,-0.038725,0.261927,-0.000014,-0.002508,-0.022611,-0.022810,3.141593
27930.0,0.007828,-0.000497,-0.038814,-0.038773,0.261927,0.000000,-0.011937,-0.022189,-0.022810,3.141593
27935.0,0.007723,-0.002772,-0.038692,-0.038725,0.261927,0.000172,-0.013703,-0.022018,-0.021397,3.141593
27940.0,0.007714,0.006345,-0.039064,-0.039554,0.261927,-0.000043,-0.005173,-0.022444,-0.021397,3.141593
27945.0,0.007723,0.015273,-0.039419,-0.040382,0.261927,0.000014,0.001506,-0.022735,-0.023740,3.141593
27950.0,0.007709,0.009611,-0.039135,-0.038725,0.261927,-0.000057,0.001869,-0.022769,-0.022810,3.141593
27955.0,0.007727,-0.011755,-0.038157,-0.038725,0.261927,0.000000,-0.021340,-0.021730,-0.021397,3.141593
27960.0,0.007714,0.007119,-0.038956,-0.038725,0.261927,0.000086,0.003500,-0.022796,-0.023740,3.141593
27965.0,0.007703,0.011041,-0.039095,-0.038725,0.261927,-0.000114,0.003859,-0.022867,-0.022810,3.141593
27970.0,0.007728,0.000964,-0.038616,-0.038725,0.261927,0.000014,0.017130,-0.023426,-0.023740,3.141593
27975.0,0.007723,0.003340,-0.038689,-0.038725,0.261927,-0.000014,0.002942,-0.022794,-0.022810,3.141593
27980.0,0.007643,0.013728,-0.039150,-0.038725,0.261927,-0.000057,-0.010155,-0.022245,-0.022327,3.141593
27985.0,0.007625,0.005290,-0.038788,-0.038725,0.261927,0.000086,-0.011366,-0.022150,-0.020466,3.141593
27990.0,0.007748,0.012373,-0.039041,-0.038725,0.261927,-0.000072,-0.007737,-0.022369,-0.020949,3.141593
27995.0,0.007782,-0.005202,-0.038212,-0.037897,0.261927,-0.000014,-0.000718,-0.022686,-0.022327,3.141593
28000.0,0.007727,0.000759,-0.038453,-0.037897,0.261927,0.000086,-0.011790,-0.022173,-0.022810,3.141593
28005.0,0.007673,0.001664,-0.038492,-0.038725,0.261927,0.000086,-0.001889,-0.022572,-0.021844,3.141593
28010.0,0.007723,0.005038,-0.038597,-0.038725,0.261927,-0.000086,0.009036,-0.023112,-0.022810,3.141593
28015.0,0.007637,0.015451,-0.039067,-0.039554,0.261927,0.000057,-0.007898,-0.022325,-0.021397,3.141593
28020.0,0.007718,0.011746,-0.038858,-0.038725,0.261927,0.000014,-0.001616,-0.022605,-0.022327,3.141593
28025.0,0.007680,0.007491,-0.038669,-0.039601,0.261927,-0.000029,-0.007785,-0.022365,-0.022327,3.141593
28030.0,0.007752,0.001899,-0.038365,-0.037944,0.261927,-0.000086,-0.014040,-0.022114,-0.022810,3.141593
28035.0,0.007748,-0.005417,-0.038009,-0.037897,0.261927,0.000086,-0.008135,-0.022316,-0.022327,3.141593
28040.0,0.007691,0.000141,-0.038245,-0.038725,0.261927,-0.000057,0.011818,-0.023237,-0.022327,3.141593
28045.0,0.007668,0.000230,-0.038239,-0.037944,0.261927,0.000057,-0.000222,-0.022691,-0.022810,3.141593
28050.0,0.007650,0.009416,-0.038648,-0.038725,0.261927,0.000029,0.006354,-0.022976,-0.022327,3.141593
28055.0,0.007710,-0.006430,-0.037915,-0.037944,0.261927,-0.000029,0.010919,-0.023200,-0.022810,3.141593
28060.0,0.007769,-0.009389,-0.037731,-0.037944,0.261927,0.000014,-0.006536,-0.022406,-0.022810,3.141593
28065.0,0.007632,0.011698,-0.038672,-0.038725,0.261927,0.000000,0.000006,-0.022689,-0.023257,3.141593
28070.0,0.007680,0.002309,-0.038231,-0.038773,0.261927,-0.000057,-0.010543,-0.022236,-0.021880,3.141593
28075.0,0.007723,0.005414,-0.038327,-0.037944,0.261927,-0.000014,0.000057,-0.022701,-0.021844,3.141593
28080.0,0.007702,0.006273,-0.038353,-0.037897,0.261927,0.000000,0.000963,-0.022762,-0.022327,3.141593
28085.0,0.007714,0.005688,-0.038302,-0.037944,0.261927,0.000086,-0.009005,-0.022294,-0.022810,3.141593
28090.0,0.007634,0.014586,-0.038705,-0.038725,0.261927,0.000114,0.002076,-0.022729,-0.021844,3.141593
28095.0,0.007691,0.007599,-0.038367,-0.038725,0.261927,-0.000186,-0.004858,-0.022531,-0.022774,3.141593
28100.0,0.007769,0.003735,-0.038133,-0.037068,0.261927,0.000072,-0.008973,-0.022289,-0.022810,3.141593
28105.0,0.007680,0.007824,-0.038327,-0.037944,0.261927,-0.000114,0.008639,-0.023123,-0.023257,3.141593
28110.0,0.007682,0.008034,-0.038321,-0.038725,0.261927,-0.000072,0.005954,-0.023030,-0.023740,3.141593
28115.0,0.007675,0.009519,-0.038367,-0.037944,0.261927,0.000129,-0.010563,-0.022219,-0.022810,3.141593
28120.0,0.007748,-0.005314,-0.037663,-0.038725,0.261927,0.000000,-0.003631,-0.022539,-0.022327,3.141593
28125.0,0.007750,0.010280,-0.038298,-0.037897,0.261927,0.000014,0.000842,-0.022729,-0.022327,3.141593
28130.0,0.007746,0.010089,-0.038260,-0.037944,0.261927,0.000129,-0.022256,-0.021667,-0.021880,3.141593
28135.0,0.007718,0.007827,-0.038137,-0.037944,0.261927,-0.000029,0.001027,-0.022722,-0.022810,3.141593
28140.0,0.007714,0.004427,-0.037961,-0.037944,0.261927,0.000043,-0.007196,-0.022331,-0.022810,3.141593
28145.0,0.007644,-0.003199,-0.037628,-0.037116,0.261927,-0.000072,0.006174,-0.022960,-0.023257,3.141593
28150.0,0.007651,0.010598,-0.038233,-0.037897,0.261927,0.000086,-0.007540,-0.022297,-0.022810,3.141593
28155.0,0.007659,-0.005310,-0.037524,-0.037944,0.261927,-0.000129,0.024758,-0.023807,-0.023740,3.141593
28160.0,0.007775,0.009509,-0.038110,-0.037897,0.261927,-0.000057,0.027781,-0.023976,-0.024187,3.141593
28165.0,0.007659,0.006529,-0.037987,-0.037897,0.261927,-0.000014,-0.011093,-0.022265,-0.022810,3.141593
28170.0,0.007700,0.000696,-0.037703,-0.037944,0.261927,0.000086,0.017256,-0.023471,-0.023257,3.141593
28175.0,0.007753,0.008536,-0.037999,-0.037897,0.261927,-0.000043,-0.011606,-0.022236,-0.023740,3.141593
28180.0,0.007693,0.002235,-0.037711,-0.037944,0.261927,-0.000014,0.008616,-0.023095,-0.023740,3.141593
28185.0,0.007755,0.007315,-0.037884,-0.037944,0.261927,0.000014,0.007020,-0.022998,-0.022327,3.141593
28190.0,0.007628,0.009561,-0.037999,-0.037944,0.261927,-0.000114,0.014304,-0.023381,-0.022327,3.141593
28195.0,0.007702,-0.005827,-0.037288,-0.037116,0.261927,0.000157,-0.020205,-0.021784,-0.021397,3.141593
28200.0,-0.011036,0.131933,-0.045090,-0.044382,0.261544,-0.000086,0.012930,-0.023311,-0.024671,3.141593
28205.0,-0.015101,0.019485,-0.040734,-0.041118,0.261544,0.000086,-0.003278,-0.022534,-0.022810,3.141593
28210.0,-0.015437,0.006799,-0.040383,-0.039508,0.261544,-0.000014,0.003069,-0.022823,-0.022810,3.141593
28215.0,-0.015462,0.008638,-0.040641,-0.041118,0.261544,0.000057,-0.014885,-0.022016,-0.021397,3.141593
28220.0,-0.015312,-0.002013,-0.040273,-0.039508,0.261544,0.000043,0.000601,-0.022698,-0.022810,3.141593
28225.0,0.000815,-0.175979,-0.031278,-0.031458,0.261927,0.000114,-0.011932,-0.022097,-0.021880,3.141593
28230.0,0.007272,-0.029365,-0.036987,-0.036335,0.261927,-0.000086,-0.004369,-0.022478,-0.022810,3.141593
28235.0,0.007882,-0.010648,-0.037643,-0.037068,0.261927,-0.000086,0.000388,-0.022706,-0.023740,3.141593
28240.0,0.007932,-0.016306,-0.037284,-0.037116,0.261927,-0.000057,-0.002248,-0.022592,-0.021844,3.141593
28245.0,0.007836,-0.007006,-0.037633,-0.037116,0.261927,-0.000086,0.003353,-0.022892,-0.022810,3.141593
28250.0,0.007875,0.002927,-0.037980,-0.037944,0.261927,0.000057,-0.017427,-0.021948,-0.022810,3.141593
28255.0,-0.010902,0.128205,-0.045180,-0.044337,0.261544,0.000014,0.005501,-0.022946,-0.023257,3.141593
28260.0,-0.015040,0.016964,-0.040864,-0.041163,0.261544,0.000000,0.003460,-0.022858,-0.022810,3.141593
28265.0,-0.015391,0.004717,-0.040517,-0.040380,0.261544,0.000057,0.008522,-0.023062,-0.022810,3.141593
28270.0,-0.015358,-0.004054,-0.040263,-0.041163,0.261544,-0.000014,-0.018147,-0.021908,-0.022327,3.141593
28275.0,-0.015294,-0.007651,-0.040189,-0.040335,0.261544,-0.000086,0.013847,-0.023357,-0.023257,3.141593
28280.0,-0.015258,0.001466,-0.040684,-0.041163,0.261544,0.000057,-0.006987,-0.022404,-0.021880,3.141593
28285.0,-0.015172,0.001263,-0.040724,-0.040335,0.261544,0.000086,-0.002472,-0.022590,-0.022327,3.141593
28290.0,-0.003049,-0.203179,-0.030816,-0.032287,0.261927,0.000114,0.000156,-0.022661,-0.021397,3.141593
28295.0,0.006952,-0.047480,-0.036554,-0.036335,0.261927,-0.000086,0.011143,-0.023208,-0.022810,3.141593
28300.0,0.007900,-0.024029,-0.037364,-0.037116,0.261927,0.000014,-0.009091,-0.022295,-0.022327,3.141593
28305.0,0.007891,-0.008800,-0.037941,-0.037944,0.261927,0.000057,0.014624,-0.023304,-0.023257,3.141593
28310.0,0.007938,-0.003024,-0.038078,-0.037944,0.261927,-0.000014,-0.011739,-0.022169,-0.022810,3.141593
28315.0,0.007936,-0.017108,-0.037351,-0.037944,0.261927,0.000043,0.003891,-0.022821,-0.022327,3.141593
28320.0,0.007839,-0.004392,-0.037843,-0.037068,0.261927,-0.000143,0.020282,-0.023622,-0.023740,3.141593
28325.0,0.007832,-0.006448,-0.037687,-0.037944,0.261927,-0.000043,-0.004197,-0.022548,-0.022810,3.141593
28330.0,0.007828,0.006476,-0.038185,-0.037026,0.261544,0.000100,-0.005660,-0.022432,-0.022810,3.141593
28335.0,-0.012637,0.097623,-0.044102,-0.043555,0.261544,-0.000029,0.000668,-0.022725,-0.022327,3.141593
28340.0,-0.015174,0.024689,-0.041313,-0.041990,0.261544,0.000100,-0.015528,-0.021965,-0.021880,3.141593
28345.0,-0.015382,0.013210,-0.040981,-0.040335,0.261544,-0.000057,0.013056,-0.023270,-0.022327,3.141593
28350.0,-0.015403,0.007132,-0.040868,-0.041163,0.261544,0.000057,-0.013398,-0.022079,-0.022810,3.141593
28355.0,-0.015330,0.012841,-0.041228,-0.041163,0.261544,-0.000114,0.013533,-0.023313,-0.023740,3.141593
28360.0,-0.015208,-0.003959,-0.040557,-0.040335,0.261544,-0.000014,-0.002610,-0.022604,-0.022327,3.141593
28365.0,-0.015357,0.003795,-0.041052,-0.041163,0.261544,-0.000057,0.012900,-0.023313,-0.023740,3.141593
28370.0,-0.008347,-0.190998,-0.031982,-0.031458,0.261927,-0.000014,-0.016634,-0.021999,-0.020466,3.141593
28375.0,0.006275,-0.064823,-0.036053,-0.035506,0.261927,0.000000,-0.009419,-0.022318,-0.023740,3.141593
28380.0,0.007812,-0.015591,-0.037938,-0.037897,0.261927,0.000029,-0.002649,-0.022582,-0.021397,3.141593
28385.0,0.007966,-0.013712,-0.037874,-0.037944,0.261927,-0.000014,-0.001138,-0.022666,-0.021397,3.141593
28390.0,0.007948,-0.017866,-0.037572,-0.038725,0.261927,0.000100,-0.012335,-0.022132,-0.022810,3.141593
28395.0,0.007871,-0.004627,-0.038066,-0.038773,0.261927,0.000014,0.009820,-0.023119,-0.022327,3.141593
28400.0,0.007896,-0.004076,-0.037982,-0.037897,0.261927,-0.000086,-0.005325,-0.022498,-0.023257,3.141593
28405.0,-0.008274,0.173648,-0.047200,-0.046820,0.261544,-0.000029,-0.012717,-0.022164,-0.022810,3.141593
28410.0,-0.014775,0.030369,-0.041698,-0.041990,0.261544,0.000029,-0.016511,-0.021973,-0.022810,3.141593
28415.0,-0.015310,0.014687,-0.041203,-0.041990,0.261544,0.000000,0.004816,-0.022901,-0.022327,3.141593
28420.0,-0.015308,0.003549,-0.040825,-0.041118,0.261544,0.000014,0.000221,-0.022701,-0.022810,3.141593
28425.0,-0.015369,0.012760,-0.041386,-0.041163,0.261544,0.000014,-0.002945,-0.022559,-0.022810,3.141593
28430.0,-0.015285,-0.004603,-0.040722,-0.041163,0.261544,0.000057,-0.009506,-0.022234,-0.022810,3.141593
28435.0,-0.015292,0.005685,-0.041279,-0.041990,0.261544,-0.000014,0.021265,-0.023596,-0.023740,3.141593
28440.0,-0.015169,-0.005940,-0.040811,-0.040290,0.261544,0.000086,-0.009711,-0.022197,-0.022327,3.141593
28445.0,0.000953,-0.190843,-0.031283,-0.032287,0.261927,0.000014,-0.006761,-0.022318,-0.020466,3.141593
28450.0,0.007312,-0.028413,-0.037678,-0.037116,0.261927,0.000014,-0.016147,-0.021908,-0.021880,3.141593
28455.0,0.007968,-0.017590,-0.037944,-0.037944,0.261927,-0.000014,-0.001561,-0.022560,-0.021844,3.141593
28460.0,0.007877,-0.007440,-0.038305,-0.038725,0.261927,0.000014,-0.012163,-0.022097,-0.021880,3.141593
28465.0,0.007870,-0.008272,-0.038171,-0.038725,0.261927,-0.000014,0.015412,-0.023321,-0.023257,3.141593
28470.0,0.007834,0.004810,-0.038669,-0.038725,0.261927,-0.000029,-0.003716,-0.022497,-0.022327,3.141593
28475.0,0.007830,-0.007485,-0.038050,-0.037116,0.261927,-0.000057,0.013844,-0.023287,-0.023293,3.141593
28480.0,-0.010931,0.133259,-0.045951,-0.045992,0.261544,0.000057,-0.011730,-0.022124,-0.021397,3.141593
28485.0,-0.014976,0.014213,-0.041257,-0.041163,0.261544,0.000043,0.001150,-0.022692,-0.023740,3.141593
28490.0,-0.015392,0.018859,-0.041673,-0.041945,0.261544,-0.000057,0.006666,-0.022953,-0.021844,3.141593
28495.0,-0.015335,0.005915,-0.041216,-0.041118,0.261544,0.000014,0.015348,-0.023341,-0.024187,3.141593
28500.0,-0.015326,0.003588,-0.041236,-0.041163,0.261544,0.000043,0.004857,-0.022855,-0.022810,3.141593
28505.0,-0.015255,0.001895,-0.041249,-0.041945,0.261544,0.000100,0.003412,-0.022766,-0.022810,3.141593
28510.0,-0.015187,0.007057,-0.041534,-0.041990,0.261544,-0.000014,0.002378,-0.022736,-0.022327,3.141593
28515.0,0.005146,-0.090510,-0.035386,-0.035458,0.261927,-0.000057,-0.002390,-0.022553,-0.022810,3.141593
28520.0,0.007798,-0.014001,-0.038333,-0.038725,0.261927,-0.000072,0.013936,-0.023292,-0.023257,3.141593
28525.0,0.007855,-0.007429,-0.038508,-0.037897,0.261927,0.000114,-0.002822,-0.022494,-0.022810,3.141593
28530.0,0.007909,-0.012322,-0.038192,-0.037897,0.261927,-0.000043,0.004046,-0.022822,-0.023257,3.141593
28535.0,0.007902,-0.000698,-0.038607,-0.037944,0.261927,0.000043,0.010173,-0.023063,-0.022810,3.141593
28540.0,0.007879,-0.000047,-0.038554,-0.038773,0.261927,-0.000057,-0.001949,-0.022562,-0.022810,3.141593
28545.0,0.007780,0.002044,-0.038594,-0.038725,0.261927,0.000086,-0.001548,-0.022523,-0.021880,3.141593
28550.0,-0.008283,0.179357,-0.047778,-0.046820,0.261544,-0.000014,-0.003039,-0.022475,-0.022810,3.141593
28555.0,-0.014820,0.033976,-0.042212,-0.041945,0.261544,0.000057,-0.011520,-0.022082,-0.020913,3.141593
28560.0,-0.015305,0.003822,-0.041075,-0.041163,0.261544,-0.000086,0.003815,-0.022832,-0.022810,3.141593
28565.0,-0.015369,0.001856,-0.041133,-0.041118,0.261544,0.000086,-0.000189,-0.022599,-0.021397,3.141593
28570.0,-0.015314,-0.003127,-0.041033,-0.041163,0.261544,-0.000014,-0.005739,-0.022392,-0.022810,3.141593
28575.0,-0.015299,0.006971,-0.041586,-0.041118,0.261544,-0.000086,0.002061,-0.022771,-0.022327,3.141593
28580.0,-0.015212,-0.010881,-0.040881,-0.041163,0.261927,-0.000014,0.015418,-0.023363,-0.022810,3.141593
28585.0,0.005177,-0.085545,-0.035726,-0.035506,0.261927,0.000100,-0.012444,-0.022101,-0.022810,3.141593
28590.0,0.007732,-0.026815,-0.037922,-0.038678,0.261927,-0.000043,-0.000693,-0.022639,-0.023740,3.141593
28595.0,0.007980,-0.010424,-0.038479,-0.037944,0.261927,-0.000014,0.019890,-0.023527,-0.023257,3.141593
28600.0,0.007934,-0.015438,-0.038157,-0.038773,0.261927,-0.000057,-0.001289,-0.022616,-0.023257,3.141593
28605.0,0.007848,-0.003479,-0.038606,-0.038725,0.261927,0.000043,-0.019295,-0.021788,-0.021880,3.141593
28610.0,0.007832,-0.008488,-0.038314,-0.038725,0.261927,0.000114,-0.003080,-0.022454,-0.022327,3.141593
28615.0,0.007854,-0.008854,-0.038212,-0.038725,0.261927,-0.000114,0.016084,-0.023374,-0.024671,3.141593
28620.0,-0.008354,0.166582,-0.047344,-0.045120,0.261544,0.000157,-0.009382,-0.022142,-0.022810,3.141593
28625.0,-0.014738,0.020150,-0.041686,-0.041945,0.261544,-0.000086,0.008915,-0.023001,-0.023740,3.141593
28630.0,-0.015385,0.015269,-0.041697,-0.041945,0.261544,0.000057,-0.027336,-0.021352,-0.020466,3.141593
28635.0,-0.015358,-0.001143,-0.041100,-0.041163,0.261544,-0.000086,0.009108,-0.023013,-0.022327,3.141593
28640.0,-0.015389,0.005814,-0.041551,-0.041945,0.261544,-0.000086,0.001295,-0.022715,-0.022810,3.141593
28645.0,-0.015330,-0.001166,-0.041349,-0.041118,0.261544,0.000043,-0.003257,-0.022488,-0.022810,3.141593
28650.0,-0.015221,-0.006154,-0.041207,-0.041163,0.261544,0.000000,0.001142,-0.022697,-0.022327,3.141593
28655.0,0.003487,-0.136828,-0.033795,-0.034677,0.261927,-0.000014,-0.011312,-0.022155,-0.022810,3.141593
28660.0,0.007594,-0.028137,-0.038030,-0.037944,0.261927,-0.000014,0.009695,-0.023071,-0.022327,3.141593
28665.0,0.007955,-0.019179,-0.038257,-0.038773,0.261927,0.000000,-0.018071,-0.021850,-0.021397,3.141593
28670.0,0.007871,-0.002604,-0.038900,-0.038725,0.261927,-0.000014,-0.015380,-0.021975,-0.022810,3.141593
28675.0,0.007857,-0.011375,-0.038434,-0.038725,0.261927,-0.000043,0.003829,-0.022828,-0.021844,3.141593
28680.0,0.007850,-0.002821,-0.038724,-0.038773,0.261927,0.000014,-0.009841,-0.022222,-0.022810,3.141593
28685.0,0.007870,-0.008007,-0.038406,-0.038725,0.261927,-0.000057,-0.000165,-0.022674,-0.022810,3.141593
28690.0,0.007780,0.003219,-0.038851,-0.038725,0.261927,-0.000072,0.014656,-0.023347,-0.022810,3.141593
28695.0,0.007780,-0.002962,-0.038527,-0.038725,0.261927,-0.000057,-0.005729,-0.022481,-0.023740,3.141593
28700.0,0.007768,0.019685,-0.039480,-0.039554,0.261927,0.000086,-0.010322,-0.022228,-0.021397,3.141593
28705.0,0.007694,0.000234,-0.038600,-0.037897,0.261927,0.000014,0.004520,-0.022912,-0.022327,3.141593
28710.0,0.007680,-0.012092,-0.038046,-0.037944,0.261927,-0.000072,0.010066,-0.023193,-0.023740,3.141593
28715.0,0.007761,0.003093,-0.038657,-0.038725,0.261927,0.000072,-0.010135,-0.022254,-0.020949,3.141593
28720.0,0.007691,0.004775,-0.038716,-0.038725,0.261927,-0.000029,-0.003392,-0.022579,-0.023740,3.141593
28725.0,0.007782,-0.006151,-0.038170,-0.037849,0.261927,0.000143,-0.013360,-0.022070,-0.020913,3.141593
28730.0,0.007651,0.005313,-0.038690,-0.038725,0.261927,-0.000114,0.016202,-0.023459,-0.023257,3.141593
28735.0,0.007773,0.002206,-0.038490,-0.037897,0.261927,-0.000057,0.004697,-0.022963,-0.022810,3.141593
28740.0,0.007714,-0.002057,-0.038288,-0.038725,0.261927,0.000157,-0.012754,-0.022107,-0.022810,3.141593
28745.0,0.007668,0.005253,-0.038598,-0.038773,0.261927,0.000172,-0.014111,-0.021988,-0.022810,3.141593
28750.0,0.007734,0.011399,-0.038823,-0.038773,0.261927,-0.000072,-0.004195,-0.022472,-0.022810,3.141593
28755.0,0.007761,0.003144,-0.038415,-0.037897,0.261927,-0.000043,0.008929,-0.023053,-0.022810,3.141593
28760.0,0.007637,0.018171,-0.039096,-0.038725,0.261927,-0.000014,0.002644,-0.022797,-0.022327,3.141593
28765.0,0.007734,-0.010297,-0.037799,-0.037944,0.261927,0.000014,-0.001721,-0.022603,-0.022810,3.141593
28770.0,0.007662,0.014220,-0.038878,-0.038678,0.261927,0.000000,-0.004472,-0.022480,-0.022327,3.141593
28775.0,0.007685,0.009911,-0.038668,-0.038773,0.261927,0.000057,0.010911,-0.023128,-0.023257,3.141593
28780.0,0.007764,-0.008130,-0.037813,-0.037068,0.261927,-0.000057,-0.013708,-0.022073,-0.021397,3.141593
28785.0,0.007691,0.011439,-0.038672,-0.037897,0.261927,0.000072,-0.014940,-0.021982,-0.021397,3.141593
28790.0,0.007675,0.003107,-0.038286,-0.037897,0.261927,0.000043,-0.015631,-0.021957,-0.022327,3.141593
28795.0,0.007680,-0.009548,-0.037718,-0.037068,0.261927,-0.000014,0.015392,-0.023336,-0.023257,3.141593
28800.0,0.007662,0.000354,-0.038152,-0.038773,0.261927,-0.000057,0.022460,-0.023655,-0.022810,3.141593
28805.0,0.007702,-0.003060,-0.037961,-0.037944,0.261927,-0.000029,-0.006542,-0.022389,-0.021880,3.141593
28810.0,0.007732,-0.007798,-0.037713,-0.037897,0.261927,0.000072,0.005799,-0.022911,-0.022327,3.141593
28815.0,0.007714,-0.009087,-0.037621,-0.037944,0.261927,-0.000086,0.000376,-0.022725,-0.022810,3.141593
28820.0,0.007789,0.001891,-0.038039,-0.037944,0.261927,0.000086,-0.001416,-0.022594,-0.022810,3.141593
28825.0,0.007684,-0.003482,-0.037799,-0.037944,0.261927,-0.000057,0.024890,-0.023798,-0.022810,3.141593
28830.0,0.007657,0.012781,-0.038509,-0.037897,0.261927,0.000072,-0.012248,-0.022142,-0.021397,3.141593
28835.0,0.007702,0.014379,-0.038554,-0.038725,0.261927,-0.000043,0.019236,-0.023576,-0.024187,3.141593
28840.0,0.007626,0.015368,-0.038602,-0.038725,0.261927,-0.000029,-0.002709,-0.022612,-0.023740,3.141593
28845.0,0.007721,0.012680,-0.038440,-0.037944,0.261927,-0.000014,0.014486,-0.023371,-0.022327,3.141593
28850.0,0.007660,0.008868,-0.038274,-0.037944,0.261927,0.000072,-0.014777,-0.022065,-0.022810,3.141593
28855.0,0.007730,0.003715,-0.037998,-0.037944,0.261927,-0.000072,-0.004266,-0.022558,-0.023740,3.141593
28860.0,0.007696,-0.004251,-0.037626,-0.037897,0.261927,-0.000014,0.013229,-0.023318,-0.023740,3.141593
28865.0,0.007696,0.003016,-0.037915,-0.038725,0.261927,-0.000086,0.005537,-0.023013,-0.023740,3.141593
28870.0,0.007755,0.007375,-0.038061,-0.037944,0.261927,0.000014,-0.000791,-0.022713,-0.022810,3.141593
28875.0,0.007655,0.008169,-0.038103,-0.038773,0.261927,0.000029,0.011303,-0.023230,-0.022327,3.141593
28880.0,0.007702,0.006425,-0.037990,-0.037944,0.261927,0.000014,-0.015757,-0.022034,-0.022810,3.141593
28885.0,0.007684,0.003525,-0.037847,-0.037944,0.261927,0.000057,-0.006827,-0.022388,-0.021880,3.141593
28890.0,0.007727,0.013698,-0.038258,-0.038773,0.261927,-0.000043,-0.002033,-0.022625,-0.022810,3.141593
28895.0,0.007734,-0.002834,-0.037493,-0.037116,0.261927,0.000043,-0.011522,-0.022181,-0.022810,3.141593
28900.0,0.007696,0.002032,-0.037695,-0.037944,0.261927,-0.000057,-0.005350,-0.022474,-0.023740,3.141593
28905.0,0.007702,0.007416,-0.037902,-0.037068,0.261927,0.000072,0.009132,-0.023070,-0.022327,3.141593
28910.0,0.000790,0.185653,-0.046307,-0.046820,0.261544,-0.000143,0.008213,-0.023124,-0.022327,3.141593
28915.0,-0.013772,0.058022,-0.042207,-0.041945,0.261544,0.000057,-0.006613,-0.022435,-0.022810,3.141593
28920.0,-0.015265,0.008232,-0.040327,-0.040335,0.261544,-0.000014,-0.001160,-0.022678,-0.023740,3.141593
28925.0,-0.015389,0.008981,-0.040532,-0.040335,0.261544,0.000014,0.004233,-0.022902,-0.022327,3.141593
28930.0,-0.015416,0.003758,-0.040465,-0.040335,0.261544,0.000072,-0.005215,-0.022463,-0.022810,3.141593
28935.0,-0.015348,0.010298,-0.040875,-0.040335,0.261544,0.000086,-0.009659,-0.022226,-0.022810,3.141593
28940.0,0.000762,-0.162115,-0.031967,-0.033115,0.261927,0.000029,-0.020931,-0.021712,-0.022810,3.141593
28945.0,0.007274,-0.026054,-0.037195,-0.036239,0.261927,0.000000,-0.000298,-0.022606,-0.021844,3.141593
28950.0,0.007923,-0.016470,-0.037434,-0.037116,0.261927,-0.000029,-0.009165,-0.022237,-0.022810,3.141593
28955.0,0.007871,0.004655,-0.038294,-0.038773,0.261927,-0.000057,-0.011020,-0.022185,-0.022810,3.141593
28960.0,0.007875,-0.011327,-0.037496,-0.037116,0.261927,-0.000100,0.017691,-0.023474,-0.023257,3.141593
28965.0,0.007870,-0.010055,-0.037469,-0.037068,0.261927,0.000000,-0.002576,-0.022574,-0.022810,3.141593
28970.0,0.007805,-0.009818,-0.037423,-0.037944,0.261927,0.000014,0.005812,-0.022931,-0.023740,3.141593
28975.0,-0.010906,0.145613,-0.045947,-0.044337,0.261544,-0.000086,-0.004037,-0.022523,-0.022327,3.141593
28980.0,-0.015092,0.019930,-0.041037,-0.041163,0.261544,0.000029,-0.007188,-0.022358,-0.022810,3.141593
28985.0,-0.015330,-0.003602,-0.040161,-0.040335,0.261544,0.000057,-0.022602,-0.021666,-0.022810,3.141593
28990.0,-0.015380,0.006299,-0.040741,-0.041163,0.261544,-0.000057,-0.009318,-0.022276,-0.022327,3.141593
28995.0,-0.015340,0.001253,-0.040633,-0.041163,0.261544,-0.000100,0.014763,-0.023381,-0.024671,3.141593
29000.0,-0.015196,-0.013738,-0.040025,-0.040335,0.261544,0.000000,0.004727,-0.022909,-0.022327,3.141593
29005.0,-0.015212,0.003160,-0.040842,-0.040335,0.261544,0.000086,-0.011293,-0.022166,-0.021397,3.141593
29010.0,0.003521,-0.134899,-0.033101,-0.033944,0.261927,-0.000014,-0.007140,-0.022381,-0.022327,3.141593
29015.0,0.007660,-0.017858,-0.037678,-0.037116,0.261927,-0.000057,0.003663,-0.022875,-0.023293,3.141593
29020.0,0.007936,-0.017386,-0.037554,-0.037944,0.261927,0.000000,0.000558,-0.022719,-0.023257,3.141593
29025.0,0.007891,0.007572,-0.038558,-0.038725,0.261927,0.000086,-0.013772,-0.022043,-0.022810,3.141593
29030.0,0.007816,-0.008310,-0.037790,-0.037944,0.261927,0.000014,0.012514,-0.023189,-0.022327,3.141593
29035.0,0.007882,-0.008008,-0.037701,-0.037897,0.261927,0.000000,-0.019078,-0.021795,-0.020949,3.141593
29040.0,-0.004481,0.206215,-0.048144,-0.046774,0.261544,-0.000114,0.014016,-0.023308,-0.023257,3.141593
29045.0,-0.014386,0.046353,-0.042236,-0.042727,0.261544,-0.000114,0.005491,-0.022965,-0.022327,3.141593
29050.0,-0.015301,0.011000,-0.040909,-0.041163,0.261544,0.000172,-0.010316,-0.022178,-0.022327,3.141593
29055.0,-0.015414,0.022499,-0.041579,-0.041163,0.261544,-0.000014,-0.016957,-0.021908,-0.022363,3.141593
29060.0,-0.015289,-0.008108,-0.040327,-0.039508,0.261544,0.000072,-0.001698,-0.022551,-0.022810,3.141593
29065.0,-0.015247,0.000264,-0.040796,-0.040335,0.261544,0.000072,0.010074,-0.023048,-0.024223,3.141593
29070.0,-0.015258,-0.002228,-0.040789,-0.041163,0.261544,0.000014,0.008154,-0.022960,-0.023293,3.141593
29075.0,-0.015240,0.011598,-0.041478,-0.041990,0.261544,-0.000029,0.009914,-0.023052,-0.022327,3.141593
29080.0,-0.015230,-0.000280,-0.041028,-0.041163,0.261544,0.000086,-0.003176,-0.022443,-0.021397,3.141593
29085.0,-0.002977,-0.198232,-0.031347,-0.032287,0.261927,-0.000057,-0.003760,-0.022466,-0.022810,3.141593
29090.0,0.006922,-0.036903,-0.037359,-0.037116,0.261927,-0.000057,-0.004330,-0.022452,-0.022327,3.141593
29095.0,0.007925,-0.023827,-0.037692,-0.037944,0.261927,-0.000114,0.005611,-0.022933,-0.022327,3.141593
29100.0,0.007997,-0.009361,-0.038178,-0.037897,0.261927,-0.000072,-0.011499,-0.022203,-0.022810,3.141593
29105.0,0.007982,-0.007698,-0.038136,-0.037944,0.261927,-0.000057,0.021944,-0.023683,-0.024671,3.141593
29110.0,0.007946,-0.013612,-0.037771,-0.037944,0.261927,-0.000014,0.002475,-0.022818,-0.023740,3.141593
29115.0,0.000973,0.198604,-0.047603,-0.048429,0.261544,0.000014,0.001620,-0.022755,-0.023740,3.141593
29120.0,-0.013699,0.048698,-0.042511,-0.041118,0.261544,0.000014,0.008287,-0.023039,-0.022327,3.141593
29125.0,-0.015285,0.011939,-0.041232,-0.041163,0.261544,0.000114,0.000649,-0.022662,-0.021844,3.141593
29130.0,-0.015349,0.004841,-0.041062,-0.041118,0.261544,-0.000029,0.007417,-0.022998,-0.022327,3.141593
29135.0,-0.015287,0.008170,-0.041311,-0.041163,0.261544,-0.000057,0.008810,-0.023094,-0.023740,3.141593
29140.0,-0.015274,-0.002649,-0.040939,-0.041163,0.261544,0.000114,-0.013358,-0.022043,-0.021880,3.141593
29145.0,-0.015187,0.003208,-0.041257,-0.041163,0.261544,0.000000,0.002915,-0.022780,-0.022810,3.141593
29150.0,0.000840,-0.178116,-0.031931,-0.033068,0.261927,0.000000,-0.005347,-0.022413,-0.022810,3.141593
29155.0,0.007347,-0.038987,-0.037269,-0.037116,0.261927,0.000014,0.010819,-0.023114,-0.024223,3.141593
29160.0,0.007939,-0.014093,-0.038179,-0.037944,0.261927,0.000029,0.016254,-0.023322,-0.022327,3.141593
29165.0,0.007921,-0.013806,-0.038087,-0.037897,0.261927,-0.000143,0.019133,-0.023535,-0.023257,3.141593
29170.0,0.007941,-0.010585,-0.038119,-0.037897,0.261927,-0.000057,-0.010735,-0.022232,-0.021880,3.141593
29175.0,0.007821,0.006563,-0.038817,-0.038725,0.261927,0.000114,-0.011753,-0.022131,-0.022810,3.141593
29180.0,0.007929,-0.012452,-0.037864,-0.037897,0.261927,-0.000057,0.019779,-0.023548,-0.023740,3.141593
29185.0,0.007859,-0.001803,-0.038265,-0.037897,0.261927,-0.000043,0.009106,-0.023080,-0.023257,3.141593
29190.0,0.007707,0.004471,-0.038532,-0.038725,0.261927,-0.000072,0.013984,-0.023308,-0.023740,3.141593
29195.0,0.007803,-0.002684,-0.038135,-0.038725,0.261927,0.000000,-0.004546,-0.022471,-0.022810,3.141593
29200.0,0.007709,0.005651,-0.038476,-0.038678,0.261927,-0.000114,0.018129,-0.023526,-0.023257,3.141593
29205.0,0.007732,0.010425,-0.038642,-0.037897,0.261927,-0.000114,0.007617,-0.023094,-0.023740,3.141593
29210.0,0.007768,-0.014299,-0.037510,-0.037116,0.261927,0.000014,0.000753,-0.022761,-0.022327,3.141593
29215.0,0.007734,0.013050,-0.038695,-0.038725,0.261927,0.000086,-0.009921,-0.022251,-0.022327,3.141593
29220.0,0.007727,0.001974,-0.038169,-0.038725,0.261927,-0.000072,0.015750,-0.023426,-0.023257,3.141593
29225.0,0.007680,0.013489,-0.038659,-0.038725,0.261927,0.000057,0.010105,-0.023146,-0.022810,3.141593
29230.0,0.007678,0.011126,-0.038536,-0.037849,0.261927,-0.000057,-0.002333,-0.022630,-0.022810,3.141593
29235.0,0.007709,0.003156,-0.038162,-0.037944,0.261927,0.000057,-0.005998,-0.022433,-0.022810,3.141593
29240.0,0.007794,-0.000903,-0.037918,-0.037116,0.261927,0.000029,0.001706,-0.022764,-0.023740,3.141593
29245.0,0.007773,0.005399,-0.038165,-0.038725,0.261927,-0.000057,-0.010663,-0.022244,-0.022810,3.141593
29250.0,0.007687,0.012665,-0.038471,-0.037897,0.261927,0.000114,-0.002763,-0.022526,-0.021880,3.141593
29255.0,0.007714,0.002262,-0.037989,-0.037944,0.261927,-0.000043,0.009802,-0.023125,-0.022327,3.141593
29260.0,0.007659,0.000219,-0.037894,-0.038725,0.261927,0.000014,-0.012802,-0.022139,-0.022327,3.141593
29265.0,0.007675,-0.001334,-0.037805,-0.037944,0.261927,0.000029,0.009130,-0.023087,-0.022327,3.141593
29270.0,0.007687,0.007832,-0.038187,-0.037944,0.261927,-0.000072,0.010275,-0.023187,-0.022327,3.141593
29275.0,0.007759,0.003242,-0.037933,-0.037944,0.261927,0.000129,-0.016136,-0.021965,-0.021397,3.141593
29280.0,0.007743,0.013499,-0.038349,-0.038773,0.261927,-0.000014,0.001920,-0.022799,-0.023740,3.141593
29285.0,0.007693,0.006188,-0.038009,-0.037897,0.261927,0.000014,0.001070,-0.022734,-0.022810,3.141593
29290.0,0.007625,0.009837,-0.038183,-0.037944,0.261927,-0.000057,-0.006428,-0.022451,-0.022327,3.141593
29295.0,0.007746,-0.002140,-0.037601,-0.037116,0.261927,0.000100,-0.017106,-0.021936,-0.022327,3.141593
29300.0,0.007641,0.008033,-0.038067,-0.037944,0.261927,0.000014,-0.016501,-0.021965,-0.022810,3.141593
29305.0,0.007709,-0.010194,-0.037227,-0.037116,0.261927,-0.000014,0.006584,-0.022976,-0.023740,3.141593
29310.0,0.007748,0.000370,-0.037649,-0.037897,0.261927,-0.000086,-0.003272,-0.022562,-0.023740,3.141593
29315.0,0.007655,0.010067,-0.038075,-0.037897,0.261927,-0.000086,0.021229,-0.023668,-0.023740,3.141593
29320.0,0.007764,0.001921,-0.037664,-0.037068,0.261927,-0.000057,0.000782,-0.022768,-0.022327,3.141593
29325.0,0.007660,0.003749,-0.037757,-0.037944,0.261927,-0.000014,0.011057,-0.023224,-0.023257,3.141593
29330.0,0.007657,0.002921,-0.037712,-0.037944,0.261927,0.000000,0.008239,-0.023086,-0.023740,3.141593
29335.0,0.007705,0.015745,-0.038242,-0.037897,0.261927,-0.000043,-0.001994,-0.022644,-0.020913,3.141593
29340.0,0.007687,0.011465,-0.038045,-0.038725,0.261544,0.000014,-0.001814,-0.022662,-0.022327,3.141593
29345.0,-0.012696,0.097318,-0.043735,-0.043555,0.261544,-0.000029,0.008945,-0.023157,-0.023257,3.141593
29350.0,-0.015258,0.021101,-0.040824,-0.041163,0.261544,0.000172,-0.018555,-0.021848,-0.022810,3.141593
29355.0,-0.015416,0.017514,-0.040841,-0.040290,0.261544,0.000029,0.001676,-0.022736,-0.022810,3.141593
29360.0,-0.015389,0.007986,-0.040573,-0.040335,0.261544,-0.000086,-0.000112,-0.022705,-0.021880,3.141593
29365.0,-0.015389,0.008852,-0.040758,-0.040335,0.261544,0.000000,0.024271,-0.023783,-0.024671,3.141593
29370.0,0.003376,-0.132657,-0.032903,-0.033944,0.261927,0.000029,-0.003068,-0.022546,-0.023740,3.141593
29375.0,0.007557,-0.022763,-0.037187,-0.037116,0.261927,-0.000086,-0.014661,-0.022081,-0.022810,3.141593
29380.0,0.007929,-0.010606,-0.037568,-0.037116,0.261927,-0.000029,-0.002872,-0.022586,-0.022327,3.141593
29385.0,0.007936,-0.016684,-0.037193,-0.037116,0.261927,0.000114,-0.018312,-0.021857,-0.021397,3.141593
29390.0,0.007841,-0.006011,-0.037601,-0.037116,0.261927,-0.000072,0.011500,-0.023215,-0.023257,3.141593
29395.0,0.007821,0.000952,-0.037849,-0.037944,0.261927,0.000014,0.000457,-0.022719,-0.022327,3.141593
29400.0,0.007832,0.010913,-0.038218,-0.037943,0.261544,0.000100,-0.005222,-0.022425,-0.022810,3.141593
29405.0,-0.012617,0.083281,-0.043310,-0.042727,0.261544,-0.000057,0.016723,-0.023433,-0.022810,3.141593
29410.0,-0.015210,0.033287,-0.041548,-0.041945,0.261544,-0.000057,-0.003057,-0.022576,-0.022810,3.141593
29415.0,-0.015324,-0.008064,-0.039867,-0.039508,0.261544,0.000014,-0.007100,-0.022378,-0.022810,3.141593
29420.0,-0.015351,0.012648,-0.040917,-0.041163,0.261544,-0.000086,-0.019161,-0.021882,-0.021397,3.141593
29425.0,-0.015308,-0.008218,-0.040107,-0.040335,0.261544,0.000072,-0.017663,-0.021923,-0.022810,3.141593
29430.0,-0.015348,0.010626,-0.041069,-0.041163,0.261544,-0.000057,-0.012672,-0.022170,-0.022327,3.141593
29435.0,-0.015249,0.003006,-0.040810,-0.040335,0.261544,-0.000029,-0.008960,-0.022331,-0.022810,3.141593
29440.0,-0.015317,-0.006194,-0.040535,-0.040335,0.261927,-0.000043,0.008227,-0.023100,-0.022810,3.141593
29445.0,0.005295,-0.111811,-0.033948,-0.033896,0.261927,-0.000014,0.008419,-0.023121,-0.022327,3.141593
29450.0,0.007805,-0.014238,-0.037837,-0.037944,0.261927,0.000072,0.011645,-0.023240,-0.023257,3.141593
29455.0,0.008023,-0.011183,-0.037797,-0.037068,0.261927,0.000072,-0.002524,-0.022590,-0.022327,3.141593
29460.0,0.007939,-0.015934,-0.037490,-0.037116,0.261927,-0.000029,0.010771,-0.023198,-0.024671,3.141593
29465.0,0.007887,-0.008242,-0.037746,-0.037897,0.261927,0.000014,0.004333,-0.022884,-0.022327,3.141593
29470.0,0.007891,-0.007407,-0.037686,-0.037116,0.261544,-0.000043,-0.007086,-0.022405,-0.023257,3.141593
29475.0,-0.012637,0.090817,-0.043935,-0.044382,0.261544,-0.000014,0.007935,-0.023052,-0.022810,3.141593
29480.0,-0.015137,0.003922,-0.040499,-0.040335,0.261544,-0.000057,0.011272,-0.023219,-0.022774,3.141593
29485.0,-0.015371,0.002674,-0.040620,-0.041118,0.261544,-0.000157,0.039608,-0.024535,-0.025601,3.141593
29490.0,-0.015253,0.001219,-0.040639,-0.040335,0.261544,0.000057,-0.005922,-0.022487,-0.022810,3.141593
29495.0,-0.015337,-0.003240,-0.040580,-0.040335,0.261544,-0.000114,0.038149,-0.024496,-0.025601,3.141593
29500.0,-0.015260,-0.009048,-0.040418,-0.040335,0.261544,0.000057,-0.004979,-0.022538,-0.021397,3.141593
29505.0,-0.015206,-0.009942,-0.040453,-0.040335,0.261544,-0.000014,0.013999,-0.023417,-0.023257,3.141593
29510.0,-0.015197,-0.009473,-0.040552,-0.040335,0.261544,0.000000,-0.018171,-0.021995,-0.022327,3.141593
29515.0,-0.015237,-0.010377,-0.040609,-0.041163,0.261544,0.000014,-0.009938,-0.022347,-0.022327,3.141593
29520.0,-0.002838,-0.230113,-0.029895,-0.028973,0.261927,-0.000029,-0.002027,-0.022702,-0.023740,3.141593
29525.0,0.006986,-0.051585,-0.036660,-0.036287,0.261927,0.000100,0.002654,-0.022852,-0.022810,3.141593
29530.0,0.007936,-0.005230,-0.038461,-0.037849,0.261927,-0.000086,0.005248,-0.023012,-0.023740,3.141593
29535.0,0.007852,-0.005958,-0.038353,-0.038773,0.261927,0.000100,-0.017028,-0.021985,-0.021880,3.141593
29540.0,0.007918,-0.005391,-0.038257,-0.037897,0.261927,0.000057,0.004304,-0.022917,-0.022327,3.141593
29545.0,0.007857,-0.013713,-0.037813,-0.038773,0.261927,0.000043,-0.006253,-0.022448,-0.022810,3.141593
29550.0,0.007857,-0.007469,-0.037993,-0.038773,0.261927,-0.000014,0.009917,-0.023193,-0.022327,3.141593
29555.0,-0.008272,0.175299,-0.047412,-0.046774,0.261544,0.000043,-0.002588,-0.022634,-0.022327,3.141593
29560.0,-0.014791,0.026643,-0.041680,-0.041945,0.261544,-0.000043,0.015794,-0.023466,-0.023257,3.141593
29565.0,-0.015283,0.005111,-0.040909,-0.041163,0.261544,0.000014,-0.010965,-0.022264,-0.022810,3.141593
29570.0,-0.015373,0.010628,-0.041304,-0.041163,0.261544,0.000086,-0.017540,-0.021932,-0.022810,3.141593
29575.0,-0.015360,-0.000725,-0.040939,-0.041163,0.261544,0.000057,-0.011894,-0.022148,-0.022810,3.141593
29580.0,-0.015339,0.001669,-0.041156,-0.041118,0.261544,-0.000086,0.018853,-0.023543,-0.023740,3.141593
29585.0,-0.015221,-0.006316,-0.040872,-0.040290,0.261544,-0.000014,-0.000352,-0.022696,-0.022810,3.141593
29590.0,-0.015246,-0.002549,-0.041139,-0.041163,0.261544,0.000072,-0.005602,-0.022419,-0.022810,3.141593
29595.0,-0.008360,-0.199019,-0.032021,-0.032287,0.261927,0.000014,-0.002234,-0.022566,-0.022810,3.141593
29600.0,0.006314,-0.059945,-0.036636,-0.036287,0.261927,0.000000,-0.000525,-0.022635,-0.022810,3.141593
29605.0,0.007836,-0.024692,-0.037902,-0.038773,0.261927,0.000057,0.009968,-0.023075,-0.023740,3.141593
29610.0,0.007936,-0.010480,-0.038387,-0.037897,0.261927,0.000000,0.009876,-0.023054,-0.022327,3.141593
29615.0,0.007959,-0.017002,-0.037977,-0.037897,0.261927,-0.000057,0.007940,-0.023018,-0.022810,3.141593
29620.0,0.007972,-0.004979,-0.038380,-0.037897,0.261927,0.000072,-0.014024,-0.022010,-0.022327,3.141593
29625.0,0.007884,-0.004182,-0.038343,-0.037897,0.261927,0.000014,-0.018101,-0.021831,-0.022810,3.141593
29630.0,0.007743,0.005184,-0.038742,-0.038725,0.261544,0.000057,0.002640,-0.022725,-0.022327,3.141593
29635.0,-0.012569,0.103723,-0.044944,-0.045165,0.261544,-0.000114,0.010001,-0.023122,-0.022327,3.141593
29640.0,-0.015165,0.020321,-0.041682,-0.041990,0.261544,-0.000072,0.009790,-0.023156,-0.023257,3.141593
29645.0,-0.015403,0.022503,-0.041954,-0.041990,0.261544,-0.000100,0.018400,-0.023569,-0.023257,3.141593
29650.0,-0.015353,0.002999,-0.041221,-0.041163,0.261544,0.000029,0.000028,-0.022717,-0.022810,3.141593
29655.0,-0.015333,-0.003212,-0.041067,-0.041163,0.261544,-0.000072,0.007910,-0.023108,-0.022810,3.141593
29660.0,-0.015285,0.004740,-0.041517,-0.041990,0.261544,0.000129,-0.012916,-0.022097,-0.022810,3.141593
29665.0,0.003462,-0.126614,-0.034073,-0.035554,0.261927,-0.000029,0.017762,-0.023484,-0.024671,3.141593
29670.0,0.007587,-0.020516,-0.038199,-0.037944,0.261927,0.000029,0.002589,-0.022787,-0.022810,3.141593
29675.0,0.007934,-0.012685,-0.038390,-0.037944,0.261927,0.000029,-0.004674,-0.022456,-0.022327,3.141593
29680.0,0.008014,-0.007652,-0.038464,-0.038725,0.261927,-0.000057,0.008999,-0.023086,-0.022810,3.141593
29685.0,0.007839,0.002057,-0.038828,-0.038725,0.261927,0.000043,0.000494,-0.022674,-0.022327,3.141593
29690.0,0.007868,-0.003169,-0.038511,-0.037944,0.261927,-0.000029,0.005855,-0.022938,-0.022810,3.141593
29695.0,0.007791,0.003680,-0.038773,-0.037897,0.261927,0.000100,-0.016220,-0.021910,-0.022810,3.141593
29700.0,0.007862,-0.012572,-0.037966,-0.037944,0.261927,-0.000014,0.009990,-0.023077,-0.022327,3.141593
29705.0,0.007827,-0.001255,-0.038397,-0.038725,0.261927,-0.000014,0.001103,-0.022697,-0.022327,3.141593
29710.0,0.007764,-0.001665,-0.038328,-0.037897,0.261927,-0.000072,0.004902,-0.022899,-0.022327,3.141593
29715.0,0.007728,0.007612,-0.038714,-0.037897,0.261927,0.000057,-0.010360,-0.022182,-0.022810,3.141593
29720.0,-0.004570,0.185792,-0.047593,-0.045120,0.261544,0.000086,0.016995,-0.023350,-0.022327,3.141593
29725.0,-0.014428,0.056173,-0.043045,-0.043600,0.261544,-0.000086,0.007138,-0.022986,-0.024223,3.141593
29730.0,-0.015306,0.011369,-0.041309,-0.040335,0.261544,0.000057,-0.007323,-0.022305,-0.023740,3.141593
29735.0,-0.015424,0.011349,-0.041495,-0.041163,0.261544,-0.000057,0.001690,-0.022724,-0.023740,3.141593
29740.0,-0.015405,0.005231,-0.041381,-0.041944,0.261927,-0.000014,0.007421,-0.022978,-0.022327,3.141593
29745.0,0.005085,-0.073177,-0.036080,-0.036336,0.262311,-0.000072,0.001787,-0.022768,-0.023740,3.141593
29750.0,0.028077,-0.120680,-0.031665,-0.031458,0.262311,-0.000029,0.008086,-0.023034,-0.023257,3.141593
29755.0,0.030849,-0.026627,-0.035205,-0.035506,0.262311,0.000000,-0.001763,-0.022586,-0.023740,3.141593
29760.0,0.031006,-0.013899,-0.035464,-0.035556,0.262311,-0.000057,0.005407,-0.022914,-0.023257,3.141593
29765.0,0.018650,0.215685,-0.046393,-0.045163,0.261927,-0.000100,0.005881,-0.022975,-0.023257,3.141593
29770.0,-0.010026,0.176051,-0.047358,-0.045992,0.261544,0.000057,-0.011870,-0.022146,-0.022810,3.141593
29775.0,-0.015115,0.031191,-0.041727,-0.042818,0.261544,0.000086,-0.000884,-0.022577,-0.022810,3.141593
29780.0,-0.015482,0.024513,-0.041655,-0.041990,0.261544,-0.000086,-0.003492,-0.022513,-0.022327,3.141593
29785.0,-0.015525,0.015064,-0.041439,-0.041118,0.261544,-0.000057,-0.001202,-0.022617,-0.022327,3.141593
29790.0,-0.015378,0.004581,-0.041104,-0.041163,0.261544,0.000029,-0.013788,-0.022049,-0.021880,3.141593
29795.0,-0.015355,0.007319,-0.041353,-0.041118,0.261544,0.000014,0.007743,-0.022992,-0.022327,3.141593
29800.0,-0.015303,-0.003613,-0.040985,-0.041163,0.261927,-0.000086,-0.007070,-0.022384,-0.022810,3.141593
29805.0,0.005139,-0.090663,-0.035298,-0.035458,0.261927,0.000143,-0.014248,-0.021982,-0.022327,3.141593
29810.0,0.007761,-0.026986,-0.037698,-0.037944,0.261927,-0.000072,0.007237,-0.022987,-0.022327,3.141593
29815.0,0.007880,0.002685,-0.038890,-0.038725,0.261927,0.000029,-0.006402,-0.022383,-0.021397,3.141593
29820.0,0.007932,0.000010,-0.038662,-0.038773,0.261927,-0.000157,0.014521,-0.023389,-0.023740,3.141593
29825.0,0.007759,-0.004217,-0.038438,-0.038725,0.261927,0.000114,-0.011465,-0.022166,-0.022327,3.141593
29830.0,0.007755,-0.008583,-0.038189,-0.038725,0.261927,-0.000057,-0.001306,-0.022662,-0.023740,3.141593
29835.0,0.007854,-0.011082,-0.037978,-0.037897,0.261927,0.000057,-0.003223,-0.022538,-0.022810,3.141593
29840.0,0.007682,-0.000977,-0.038420,-0.038725,0.261927,-0.000057,-0.006060,-0.022436,-0.023740,3.141593
29845.0,0.007709,-0.006715,-0.038124,-0.037944,0.261927,0.000057,0.001518,-0.022727,-0.022327,3.141593
29850.0,0.007836,0.000392,-0.038349,-0.037897,0.261927,-0.000014,-0.001774,-0.022602,-0.022810,3.141593
29855.0,0.007809,-0.001884,-0.038198,-0.037897,0.261927,0.000057,-0.008861,-0.022256,-0.022810,3.141593
29860.0,0.007757,0.007534,-0.038579,-0.038773,0.261927,0.000014,0.008394,-0.023009,-0.022810,3.141593
29865.0,0.007759,0.003835,-0.038371,-0.038725,0.261927,-0.000057,0.005110,-0.022891,-0.022810,3.141593
29870.0,0.007730,0.000046,-0.038169,-0.037116,0.261927,-0.000057,0.007296,-0.023009,-0.023740,3.141593
29875.0,0.007703,-0.009260,-0.037739,-0.037116,0.261927,0.000086,0.000483,-0.022657,-0.022810,3.141593
29880.0,0.007575,0.001336,-0.038243,-0.038725,0.261927,-0.000072,0.006013,-0.022935,-0.022810,3.141593
29885.0,0.007709,-0.001310,-0.038071,-0.038725,0.261927,-0.000014,-0.007813,-0.022326,-0.022810,3.141593
29890.0,0.007694,-0.003227,-0.037960,-0.037944,0.261927,-0.000029,0.004313,-0.022859,-0.022327,3.141593
29895.0,0.007730,-0.007409,-0.037736,-0.037068,0.261927,-0.000086,-0.009273,-0.022286,-0.021397,3.141593
29900.0,0.007634,0.009176,-0.038492,-0.038725,0.261927,-0.000014,-0.009106,-0.022295,-0.022327,3.141593
29905.0,0.007764,-0.010382,-0.037561,-0.037897,0.261927,0.000100,-0.019204,-0.021803,-0.022810,3.141593
29910.0,0.007777,-0.002641,-0.037852,-0.037116,0.261927,-0.000086,0.000735,-0.022723,-0.022810,3.141593
29915.0,0.007737,0.001605,-0.038010,-0.037897,0.261927,0.000043,0.010983,-0.023154,-0.022810,3.141593
29920.0,0.007630,0.004264,-0.038140,-0.038773,0.261927,-0.000057,-0.010665,-0.022230,-0.021880,3.141593
29925.0,0.007721,0.003103,-0.038042,-0.037944,0.261927,0.000086,-0.023288,-0.021631,-0.022810,3.141593
29930.0,0.000819,0.192317,-0.046910,-0.047602,0.261544,0.000014,0.000989,-0.022696,-0.023740,3.141593
29935.0,-0.013688,0.065505,-0.042811,-0.042727,0.261544,0.000057,-0.010628,-0.022146,-0.022327,3.141593
29940.0,-0.015376,0.027895,-0.041524,-0.041208,0.261544,-0.000086,-0.004058,-0.022477,-0.021397,3.141593
29945.0,-0.015401,0.007868,-0.040807,-0.040290,0.261544,-0.000072,-0.002562,-0.022576,-0.023740,3.141593
29950.0,-0.015373,-0.000373,-0.040587,-0.041163,0.261544,-0.000114,0.007146,-0.023030,-0.023257,3.141593
29955.0,-0.003160,-0.184789,-0.031574,-0.033115,0.261927,0.000086,-0.010904,-0.022181,-0.022327,3.141593
29960.0,0.006850,-0.037057,-0.036995,-0.036287,0.261927,-0.000086,-0.000007,-0.022709,-0.022810,3.141593
29965.0,0.007870,-0.011850,-0.037890,-0.037116,0.261927,0.000057,-0.004905,-0.022457,-0.021397,3.141593
29970.0,0.007879,-0.006084,-0.038057,-0.037944,0.261927,-0.000086,0.010080,-0.023179,-0.022327,3.141593
29975.0,0.007914,-0.009855,-0.037786,-0.037068,0.261927,-0.000014,-0.000526,-0.022722,-0.023740,3.141593
29980.0,0.007802,-0.000454,-0.038163,-0.037897,0.261927,-0.000057,-0.012330,-0.022194,-0.021880,3.141593
29985.0,0.007800,-0.006840,-0.037825,-0.037944,0.261927,0.000014,-0.020241,-0.021834,-0.022810,3.141593
29990.0,0.007794,0.001533,-0.038133,-0.037897,0.261927,0.000043,0.008232,-0.023066,-0.021880,3.141593
29995.0,-0.004460,0.197350,-0.047751,-0.046820,0.261544,-0.000057,-0.001773,-0.022672,-0.022327,3.141593
30000.0,-0.014364,0.036947,-0.041806,-0.041945,0.261544,0.000186,-0.028090,-0.021432,-0.021880,3.141593
30005.0,-0.015349,0.011713,-0.040953,-0.040335,0.261544,0.000000,0.025054,-0.023796,-0.023740,3.141593
30010.0,-0.015410,0.003179,-0.040748,-0.039508,0.261544,0.000029,-0.009340,-0.022271,-0.022810,3.141593
30015.0,-0.015317,0.003594,-0.040890,-0.040335,0.261544,0.000014,-0.021177,-0.021757,-0.022810,3.141593
30020.0,-0.015271,-0.006737,-0.040539,-0.039508,0.261544,-0.000114,0.013394,-0.023323,-0.022327,3.141593
30025.0,-0.003072,-0.193717,-0.031395,-0.032239,0.261927,0.000014,-0.024771,-0.021628,-0.021880,3.141593
30030.0,0.006891,-0.047660,-0.036736,-0.036287,0.261927,0.000057,-0.004995,-0.022478,-0.022327,3.141593
30035.0,0.007909,-0.018934,-0.037762,-0.037944,0.261927,0.000014,-0.015207,-0.022026,-0.022810,3.141593
30040.0,0.007989,-0.008117,-0.038103,-0.038773,0.261927,0.000086,-0.006490,-0.022361,-0.021880,3.141593
30045.0,0.007939,-0.004078,-0.038167,-0.037897,0.261927,-0.000014,-0.008546,-0.022300,-0.021397,3.141593
30050.0,0.007925,0.001693,-0.038323,-0.037944,0.261927,0.000000,0.009886,-0.023125,-0.022810,3.141593
30055.0,0.007816,0.004191,-0.038392,-0.038773,0.261927,-0.000014,-0.000782,-0.022651,-0.021880,3.141593
30060.0,0.007709,0.008068,-0.038531,-0.038725,0.261927,-0.000057,-0.015153,-0.022043,-0.021397,3.141593
30065.0,0.000967,0.200798,-0.047480,-0.048429,0.261544,0.000086,-0.010775,-0.022193,-0.022810,3.141593
30070.0,-0.013795,0.070959,-0.043336,-0.043555,0.261544,0.000057,0.000185,-0.022642,-0.020913,3.141593
30075.0,-0.015296,0.019995,-0.041402,-0.041118,0.261544,-0.000057,-0.001140,-0.022614,-0.023740,3.141593
30080.0,-0.015398,0.004741,-0.040899,-0.041118,0.261544,-0.000029,-0.003035,-0.022517,-0.022327,3.141593
30085.0,-0.015298,0.002786,-0.040908,-0.041118,0.261544,-0.000057,0.007144,-0.022997,-0.023257,3.141593
30090.0,-0.015246,0.001861,-0.040956,-0.040335,0.261544,-0.000043,-0.005049,-0.022459,-0.023740,3.141593
30095.0,0.000889,-0.186437,-0.031297,-0.031458,0.261927,0.000057,-0.008020,-0.022288,-0.021397,3.141593
30100.0,0.007321,-0.027797,-0.037519,-0.037944,0.261927,0.000029,0.005101,-0.022875,-0.023740,3.141593
30105.0,0.007871,-0.020630,-0.037654,-0.037944,0.261927,-0.000114,0.011407,-0.023183,-0.023740,3.141593
30110.0,0.007820,-0.002521,-0.038376,-0.038725,0.261927,-0.000114,0.004760,-0.022911,-0.023740,3.141593
30115.0,0.007925,-0.018773,-0.037531,-0.037944,0.261927,-0.000057,-0.000298,-0.022680,-0.022810,3.141593
30120.0,0.007834,0.006470,-0.038575,-0.037897,0.261927,0.000000,0.017242,-0.023449,-0.022774,3.141593
30125.0,0.007845,-0.009347,-0.037811,-0.037116,0.261927,-0.000029,-0.020163,-0.021818,-0.020466,3.141593
30130.0,0.007768,-0.000409,-0.038169,-0.038773,0.261927,-0.000043,0.010354,-0.023177,-0.023293,3.141593
30135.0,-0.012690,0.097207,-0.044383,-0.045165,0.261544,0.000029,-0.002179,-0.022594,-0.022327,3.141593
30140.0,-0.015181,0.021827,-0.041471,-0.041118,0.261544,0.000100,0.003973,-0.022832,-0.022810,3.141593
30145.0,-0.015450,0.015575,-0.041405,-0.041163,0.261544,-0.000057,0.022418,-0.023684,-0.023740,3.141593
30150.0,-0.015382,0.002676,-0.040974,-0.041118,0.261544,-0.000086,-0.008523,-0.022349,-0.022810,3.141593
30155.0,-0.015264,-0.006133,-0.040670,-0.041163,0.261544,-0.000029,-0.004739,-0.022536,-0.022810,3.141593
30160.0,0.000831,-0.174527,-0.031900,-0.032287,0.261927,0.000029,-0.014407,-0.022105,-0.021397,3.141593
30165.0,0.007269,-0.026726,-0.037662,-0.037116,0.261927,-0.000072,-0.002982,-0.022648,-0.023740,3.141593
30170.0,0.007828,-0.007007,-0.038385,-0.037897,0.261927,-0.000014,0.001457,-0.022839,-0.022810,3.141593
30175.0,0.007966,-0.012039,-0.038027,-0.037944,0.261927,-0.000029,-0.010192,-0.022338,-0.022810,3.141593
30180.0,0.007921,0.000521,-0.038489,-0.038773,0.261927,0.000100,0.006741,-0.023029,-0.023740,3.141593
30185.0,0.007862,-0.010964,-0.037898,-0.037897,0.261927,0.000143,-0.000166,-0.022666,-0.022810,3.141593
30190.0,0.007748,0.002521,-0.038466,-0.039554,0.261927,-0.000057,0.006263,-0.022984,-0.022327,3.141593
30195.0,0.007823,0.003610,-0.038421,-0.037897,0.261927,0.000014,-0.007429,-0.022373,-0.022810,3.141593
30200.0,0.007769,0.003352,-0.038373,-0.037944,0.261927,0.000000,0.005715,-0.022947,-0.023740,3.141593
30205.0,0.007820,-0.008192,-0.037789,-0.037944,0.261927,0.000057,-0.000471,-0.022638,-0.021844,3.141593
30210.0,0.007769,0.006653,-0.038401,-0.037897,0.261927,-0.000014,0.010976,-0.023177,-0.022327,3.141593
30215.0,0.007655,0.003506,-0.038269,-0.038725,0.261927,0.000014,-0.009550,-0.022280,-0.022810,3.141593
30220.0,0.007753,0.002123,-0.038139,-0.037897,0.261927,-0.000057,0.026201,-0.023869,-0.024223,3.141593
30225.0,0.007755,-0.002402,-0.037905,-0.037897,0.261927,-0.000029,-0.001273,-0.022647,-0.022327,3.141593
30230.0,0.007655,0.003579,-0.038171,-0.038773,0.261927,0.000129,-0.017150,-0.021887,-0.022810,3.141593
30235.0,0.007714,0.008262,-0.038333,-0.037897,0.261927,-0.000057,0.009185,-0.023069,-0.022327,3.141593
30240.0,0.007752,0.001337,-0.037987,-0.037068,0.261927,-0.000057,0.009502,-0.023123,-0.022810,3.141593
30245.0,0.007709,0.003987,-0.038094,-0.037897,0.261927,-0.000072,0.008255,-0.023097,-0.022810,3.141593
30250.0,0.007641,0.001368,-0.037983,-0.038725,0.261927,0.000072,-0.012013,-0.022161,-0.020019,3.141593
30255.0,0.007700,0.013405,-0.038470,-0.038773,0.261927,-0.000100,0.016664,-0.023493,-0.024187,3.141593
30260.0,0.007705,0.011406,-0.038348,-0.037944,0.261927,0.000086,-0.011281,-0.022206,-0.022327,3.141593
30265.0,0.007777,-0.003861,-0.037622,-0.037116,0.261927,-0.000043,0.005770,-0.022986,-0.022810,3.141593
30270.0,0.007709,0.005323,-0.038008,-0.037944,0.261927,0.000072,0.008789,-0.023086,-0.022810,3.141593
30275.0,0.007639,0.010274,-0.038233,-0.037897,0.261927,0.000129,-0.013390,-0.022057,-0.022810,3.141593
30280.0,0.007727,-0.000368,-0.037723,-0.037944,0.261927,0.000057,-0.002466,-0.022518,-0.021880,3.141593
30285.0,0.007614,0.012159,-0.038295,-0.038773,0.261927,0.000014,0.005109,-0.022856,-0.023257,3.141593
30290.0,0.007752,-0.002192,-0.037598,-0.037944,0.261927,-0.000014,-0.016465,-0.021897,-0.022810,3.141593
30295.0,0.000862,0.199949,-0.047019,-0.047602,0.261544,-0.000086,0.013128,-0.023223,-0.022810,3.141593
30300.0,-0.013781,0.069323,-0.042809,-0.043645,0.261544,0.000014,-0.012997,-0.022060,-0.022327,3.141593
30305.0,-0.015296,0.017599,-0.040843,-0.041118,0.261544,-0.000014,0.014940,-0.023307,-0.024671,3.141593
30310.0,-0.015519,0.023692,-0.041339,-0.041163,0.261544,0.000057,0.002851,-0.022729,-0.022327,3.141593
30315.0,-0.015408,0.011018,-0.040923,-0.041118,0.261544,-0.000186,0.004697,-0.022907,-0.022810,3.141593
30320.0,-0.015342,0.012283,-0.041095,-0.041116,0.261927,0.000114,-0.014186,-0.021995,-0.021880,3.141593
30325.0,0.005091,-0.088478,-0.034822,-0.035506,0.261927,0.000029,0.008631,-0.023001,-0.022810,3.141593
30330.0,0.007702,-0.015852,-0.037631,-0.037944,0.261927,-0.000043,-0.002478,-0.022535,-0.022810,3.141593
30335.0,0.007932,-0.012671,-0.037622,-0.037897,0.261927,0.000086,-0.002869,-0.022474,-0.022810,3.141593
30340.0,0.007846,-0.003317,-0.037963,-0.037944,0.261927,-0.000043,0.004332,-0.022809,-0.021397,3.141593
30345.0,0.007875,-0.008931,-0.037624,-0.037944,0.261927,-0.000029,0.005511,-0.022889,-0.022810,3.141593
30350.0,0.007748,0.013265,-0.038574,-0.038773,0.261927,-0.000057,0.014758,-0.023321,-0.023740,3.141593
30355.0,0.000908,0.185162,-0.046626,-0.046774,0.261544,0.000072,0.013803,-0.023233,-0.022810,3.141593
30360.0,-0.013704,0.065744,-0.042873,-0.043600,0.261544,0.000072,-0.018000,-0.021816,-0.022810,3.141593
30365.0,-0.015253,0.011925,-0.040806,-0.041163,0.261544,-0.000072,0.033926,-0.024140,-0.024671,3.141593
30370.0,-0.015423,0.006739,-0.040755,-0.040335,0.261544,-0.000129,-0.003510,-0.022532,-0.021397,3.141593
30375.0,-0.015342,0.009279,-0.040991,-0.040335,0.261544,-0.000057,0.006101,-0.022992,-0.022327,3.141593
30380.0,-0.015349,-0.002486,-0.040609,-0.040290,0.261544,-0.000114,-0.007273,-0.022449,-0.021880,3.141593
30385.0,-0.015289,-0.002293,-0.040726,-0.040335,0.261544,0.000014,-0.004837,-0.022538,-0.022810,3.141593
30390.0,0.000876,-0.175718,-0.031720,-0.031458,0.261927,0.000129,-0.008737,-0.022303,-0.020913,3.141593
30395.0,0.007362,-0.039773,-0.036922,-0.037116,0.261927,0.000000,-0.014591,-0.022067,-0.023293,3.141593
30400.0,0.007913,-0.013893,-0.037878,-0.037897,0.261927,0.000114,0.007141,-0.022970,-0.023257,3.141593
30405.0,0.007977,-0.013097,-0.037777,-0.037897,0.261927,-0.000014,0.007429,-0.022991,-0.021880,3.141593
30410.0,0.007864,0.002761,-0.038397,-0.038725,0.261927,0.000014,-0.016096,-0.021974,-0.022810,3.141593
30415.0,0.007868,-0.005832,-0.037926,-0.037944,0.261927,0.000057,0.000483,-0.022663,-0.022810,3.141593
30420.0,0.007818,-0.001430,-0.038056,-0.037944,0.261927,-0.000057,0.012383,-0.023224,-0.022327,3.141593
30425.0,-0.004367,0.193752,-0.047602,-0.046820,0.261544,0.000129,-0.020458,-0.021727,-0.021397,3.141593
30430.0,-0.014407,0.044159,-0.042160,-0.041990,0.261544,-0.000100,0.014380,-0.023332,-0.023740,3.141593
30435.0,-0.015332,0.011557,-0.040977,-0.041163,0.261544,0.000043,-0.004071,-0.022478,-0.022327,3.141593
30440.0,-0.015383,0.004539,-0.040809,-0.040335,0.261544,-0.000086,0.005797,-0.022961,-0.023740,3.141593
30445.0,-0.015398,0.000981,-0.040811,-0.041163,0.261544,0.000072,0.006058,-0.022909,-0.022327,3.141593
30450.0,-0.015305,0.014713,-0.041512,-0.041945,0.261544,-0.000014,-0.003176,-0.022528,-0.023740,3.141593
30455.0,-0.015208,0.004861,-0.041140,-0.041163,0.261544,-0.000057,0.012540,-0.023219,-0.022810,3.141593
30460.0,-0.003031,-0.203198,-0.031043,-0.032287,0.261927,-0.000057,0.007149,-0.023004,-0.023740,3.141593
30465.0,0.006881,-0.043617,-0.036987,-0.037116,0.261927,0.000057,-0.001005,-0.022599,-0.022810,3.141593
30470.0,0.007879,-0.016982,-0.037927,-0.037897,0.261927,0.000043,0.008792,-0.023015,-0.022327,3.141593
30475.0,0.007939,-0.008496,-0.038176,-0.037944,0.261927,0.000057,-0.007311,-0.022299,-0.021397,3.141593
30480.0,0.007936,-0.005779,-0.038184,-0.037992,0.261927,0.000057,-0.016308,-0.021903,-0.022810,3.141593
30485.0,0.007959,-0.016987,-0.037576,-0.037116,0.261927,-0.000014,0.008533,-0.023003,-0.023740,3.141593
30490.0,0.007879,0.001306,-0.038314,-0.037897,0.261927,-0.000114,-0.011344,-0.022169,-0.022810,3.141593
30495.0,0.007821,-0.007407,-0.037879,-0.037944,0.261927,-0.000172,0.011348,-0.023217,-0.022810,3.141593
30500.0,0.007741,0.008564,-0.038551,-0.038725,0.261927,-0.000014,0.002621,-0.022814,-0.021844,3.141593
