t_ms,M1_speed_ref,M1_speed_fb,M1_iq_ref,M1_iq,M1_mech_angle,M2_speed_ref,M2_speed_fb,M2_iq_ref,M2_iq,M2_mech_angle
0.0,-0.015162,0.003550,-0.041008,-0.041118,0.261544,-0.000014,-0.012734,-0.022399,-0.021397,3.141593
5.0,0.000923,-0.181603,-0.031452,-0.031458,0.261927,-0.000057,-0.009923,-0.022573,-0.022810,3.141593
10.0,0.007351,-0.033234,-0.037195,-0.037116,0.261927,-0.000029,-0.005477,-0.022767,-0.021880,3.141593
15.0,0.007920,-0.022795,-0.037449,-0.037116,0.261927,0.000086,-0.000315,-0.022970,-0.022327,3.141593
20.0,0.007973,-0.009389,-0.037893,-0.037944,0.261927,-0.000057,0.006628,-0.023316,-0.022810,3.141593
25.0,0.007930,-0.004876,-0.037971,-0.037944,0.261927,-0.000014,0.017762,-0.023812,-0.024671,3.141593
30.0,0.001003,0.193717,-0.047172,-0.047647,0.261544,0.000114,-0.015734,-0.022270,-0.022810,3.141593
35.0,-0.013738,0.059569,-0.042775,-0.042773,0.261544,-0.000029,0.002051,-0.023076,-0.023740,3.141593
40.0,-0.015260,0.016610,-0.041171,-0.041163,0.261544,-0.000043,0.017368,-0.023759,-0.023257,3.141593
45.0,-0.015371,0.011773,-0.041096,-0.041163,0.261544,-0.000072,0.005561,-0.023270,-0.023740,3.141593
50.0,-0.015333,0.007370,-0.041004,-0.040335,0.261927,-0.000086,-0.007313,-0.022729,-0.023740,3.141593
55.0,0.005089,-0.087559,-0.034977,-0.034725,0.261927,0.000029,-0.007137,-0.022695,-0.023740,3.141593
60.0,0.007617,-0.012605,-0.037921,-0.037944,0.261927,0.000157,-0.007298,-0.022608,-0.021397,3.141593
65.0,0.007880,-0.006418,-0.038044,-0.037944,0.261927,0.000072,-0.010992,-0.022452,-0.022810,3.141593
70.0,0.007873,-0.005787,-0.037971,-0.037897,0.261927,0.000029,0.016720,-0.023673,-0.022774,3.141593
75.0,0.007778,0.007942,-0.038519,-0.038725,0.261927,-0.000114,0.009069,-0.023395,-0.024671,3.141593
80.0,0.007723,0.007758,-0.038455,-0.038725,0.261927,-0.000014,-0.013262,-0.022390,-0.022327,3.141593
85.0,0.007768,-0.004720,-0.037828,-0.037944,0.261927,0.000014,0.004276,-0.023144,-0.023740,3.141593
90.0,0.007773,-0.002256,-0.037866,-0.037944,0.261927,-0.000057,0.015188,-0.023634,-0.022327,3.141593
95.0,0.007714,0.011877,-0.038450,-0.038725,0.261927,-0.000014,0.004183,-0.023164,-0.021844,3.141593
100.0,0.007705,-0.000403,-0.037862,-0.037944,0.261927,0.000014,-0.013371,-0.022394,-0.021397,3.141593
105.0,0.007723,-0.000678,-0.037796,-0.037897,0.261927,0.000029,-0.014866,-0.022327,-0.021880,3.141593
110.0,0.007700,-0.001591,-0.037720,-0.037897,0.261927,-0.000057,0.020418,-0.023915,-0.023257,3.141593
115.0,0.007616,0.007302,-0.038111,-0.037897,0.261927,-0.000014,-0.007056,-0.022709,-0.022327,3.141593
120.0,0.007693,0.014743,-0.038399,-0.038725,0.261927,0.000000,0.005212,-0.023248,-0.023740,3.141593
125.0,0.007710,-0.002228,-0.037601,-0.037116,0.261927,-0.000057,0.011918,-0.023560,-0.023257,3.141593
130.0,0.007651,0.001604,-0.037759,-0.037944,0.261927,-0.000057,-0.001253,-0.022997,-0.023740,3.141593
135.0,0.007723,-0.004248,-0.037440,-0.037116,0.261927,0.000014,0.001144,-0.023098,-0.022327,3.141593
140.0,0.007666,-0.001383,-0.037553,-0.037944,0.261927,0.000114,-0.016044,-0.022303,-0.022810,3.141593
145.0,0.007664,0.000855,-0.037622,-0.037116,0.261927,-0.000072,0.013089,-0.023624,-0.023740,3.141593
150.0,0.007671,-0.000170,-0.037561,-0.037944,0.261927,0.000072,0.003395,-0.023153,-0.023257,3.141593
155.0,0.007680,0.011818,-0.038054,-0.037944,0.261927,0.000014,-0.002251,-0.022899,-0.022810,3.141593
160.0,0.007689,-0.004743,-0.037289,-0.037116,0.261927,-0.000043,-0.004611,-0.022821,-0.022810,3.141593
165.0,0.007603,0.003452,-0.037658,-0.037944,0.261927,0.000029,-0.013923,-0.022387,-0.019983,3.141593
170.0,0.007675,-0.016181,-0.036739,-0.036239,0.261927,0.000014,-0.004707,-0.022787,-0.023740,3.141593
175.0,0.007641,0.015596,-0.038128,-0.037897,0.261927,0.000057,-0.016308,-0.022237,-0.020913,3.141593
180.0,0.007576,0.016776,-0.038194,-0.038773,0.261927,0.000086,-0.006340,-0.022661,-0.022327,3.141593
185.0,0.007625,-0.010927,-0.036943,-0.037116,0.261927,-0.000143,0.014270,-0.023650,-0.023740,3.141593
190.0,0.007646,-0.000615,-0.037369,-0.037116,0.261927,-0.000014,-0.012673,-0.022444,-0.022810,3.141593
195.0,0.007651,-0.005207,-0.037148,-0.037116,0.261927,-0.000043,0.000978,-0.023056,-0.022810,3.141593
200.0,0.007616,0.000717,-0.037402,-0.037944,0.261927,0.000029,0.008078,-0.023351,-0.023257,3.141593
205.0,0.007630,0.004643,-0.037547,-0.037944,0.261927,-0.000086,-0.003353,-0.022890,-0.022810,3.141593
210.0,0.007676,0.010482,-0.037759,-0.037116,0.261927,0.000043,-0.008048,-0.022664,-0.021880,3.141593
215.0,0.007660,-0.013259,-0.036691,-0.036335,0.261927,0.000014,0.001247,-0.023086,-0.024671,3.141593
220.0,0.007698,0.002223,-0.037327,-0.037944,0.261927,0.000057,0.008673,-0.023391,-0.024187,3.141593
225.0,0.007600,0.004105,-0.037408,-0.037944,0.261927,-0.000100,-0.001299,-0.022991,-0.023740,3.141593
230.0,0.007603,0.001227,-0.037265,-0.037116,0.261927,0.000014,-0.006914,-0.022735,-0.023740,3.141593
235.0,0.007625,0.008356,-0.037565,-0.037116,0.261927,0.000014,-0.000288,-0.023010,-0.023293,3.141593
240.0,0.007696,0.001283,-0.037211,-0.037116,0.261927,0.000057,-0.009023,-0.022606,-0.022810,3.141593
245.0,0.007655,-0.006801,-0.036836,-0.037116,0.261927,-0.000086,0.011890,-0.023566,-0.024671,3.141593
250.0,0.007700,-0.001437,-0.037031,-0.037116,0.261927,0.000029,-0.004687,-0.022798,-0.023257,3.141593
255.0,0.007596,0.013537,-0.037698,-0.037944,0.261927,0.000014,0.002680,-0.023123,-0.023740,3.141593
260.0,0.007675,0.000533,-0.037078,-0.037163,0.261927,0.000072,-0.008624,-0.022578,-0.022810,3.141593
265.0,0.007637,-0.001173,-0.036986,-0.037944,0.261927,0.000057,0.004032,-0.023118,-0.022327,3.141593
270.0,0.007637,0.009736,-0.037438,-0.037116,0.261927,0.000014,-0.009433,-0.022538,-0.021397,3.141593
275.0,0.007676,0.005810,-0.037229,-0.036287,0.261927,-0.000014,0.006100,-0.023241,-0.021880,3.141593
280.0,0.007680,-0.000813,-0.036915,-0.036287,0.261927,-0.000057,0.001120,-0.023059,-0.021361,3.141593
285.0,0.007628,0.016017,-0.037656,-0.037944,0.261927,0.000014,-0.008857,-0.022611,-0.022810,3.141593
290.0,0.007625,0.005462,-0.037174,-0.037116,0.261927,0.000100,0.001236,-0.023012,-0.022327,3.141593
295.0,0.007626,0.004752,-0.037128,-0.037116,0.261927,-0.000029,0.002122,-0.023078,-0.022810,3.141593
300.0,0.007643,0.003173,-0.037036,-0.037116,0.261927,0.000072,0.010609,-0.023417,-0.023740,3.141593
305.0,0.007671,0.001278,-0.036918,-0.037116,0.261927,-0.000086,0.003531,-0.023139,-0.022327,3.141593
310.0,0.007567,0.021715,-0.037828,-0.037944,0.261927,-0.000014,-0.007615,-0.022641,-0.022810,3.141593
315.0,0.007598,0.011436,-0.037361,-0.037068,0.261927,0.000129,0.004743,-0.023118,-0.023740,3.141593
320.0,0.007646,-0.000830,-0.036795,-0.036287,0.261927,0.000057,-0.011406,-0.022390,-0.022810,3.141593
325.0,0.007664,-0.001548,-0.036739,-0.037116,0.261927,-0.000057,0.022339,-0.023911,-0.023257,3.141593
330.0,0.007617,0.012160,-0.037326,-0.037116,0.261927,-0.000057,0.003434,-0.023113,-0.022810,3.141593
335.0,0.007651,0.020739,-0.037682,-0.037944,0.261927,-0.000043,0.015901,-0.023674,-0.024187,3.141593
340.0,0.007637,0.003700,-0.036905,-0.037163,0.261927,-0.000014,-0.009013,-0.022573,-0.023740,3.141593
345.0,0.007641,0.009440,-0.037139,-0.037163,0.261927,0.000057,-0.012367,-0.022380,-0.023740,3.141593
350.0,0.007727,0.001366,-0.036724,-0.036287,0.261927,0.000029,0.001116,-0.022958,-0.023740,3.141593
355.0,0.007659,0.004715,-0.036868,-0.036335,0.261927,-0.000057,-0.003307,-0.022780,-0.021844,3.141593
360.0,0.007623,0.005802,-0.036905,-0.037116,0.261927,-0.000014,0.009874,-0.023368,-0.023257,3.141593
365.0,0.007628,0.006405,-0.036908,-0.037116,0.261927,-0.000114,0.007529,-0.023308,-0.023740,3.141593
370.0,0.007632,0.005505,-0.036843,-0.037116,0.261927,-0.000057,0.010195,-0.023426,-0.023740,3.141593
375.0,0.007689,-0.009472,-0.036129,-0.036287,0.261927,0.000086,-0.004235,-0.022737,-0.022810,3.141593
380.0,0.007721,-0.011856,-0.035973,-0.035506,0.261927,-0.000014,0.011147,-0.023434,-0.023257,3.141593
385.0,0.007617,-0.002281,-0.036395,-0.036287,0.261927,-0.000043,-0.012683,-0.022394,-0.021880,3.141593
390.0,0.007657,0.003422,-0.036622,-0.036335,0.261927,-0.000014,0.008305,-0.023314,-0.023257,3.141593
395.0,0.007648,0.019774,-0.037327,-0.036287,0.261927,0.000014,-0.016468,-0.022217,-0.021880,3.141593
400.0,0.007539,0.003804,-0.036663,-0.037116,0.261927,-0.000057,0.002009,-0.023065,-0.023740,3.141593
405.0,0.007625,0.013964,-0.037073,-0.037116,0.261927,-0.000029,0.005313,-0.023217,-0.023740,3.141593
410.0,0.007675,-0.006453,-0.036152,-0.036335,0.261927,0.000086,0.000052,-0.022928,-0.023740,3.141593
415.0,0.007628,-0.000312,-0.036408,-0.036239,0.261927,-0.000072,0.007992,-0.023319,-0.023740,3.141593
420.0,0.007741,-0.006488,-0.036073,-0.036287,0.261927,0.000029,-0.012411,-0.022412,-0.021844,3.141593
425.0,0.007628,0.013867,-0.036965,-0.037116,0.261927,-0.000029,0.006253,-0.023266,-0.023257,3.141593
430.0,0.007684,0.004046,-0.036487,-0.037163,0.261927,-0.000014,0.001926,-0.023080,-0.023257,3.141593
435.0,0.007632,0.005637,-0.036544,-0.036287,0.261927,0.000043,-0.009993,-0.022538,-0.021397,3.141593
440.0,0.007567,0.002500,-0.036418,-0.036239,0.261927,-0.000086,0.004940,-0.023251,-0.022810,3.141593
445.0,0.007689,-0.000340,-0.036245,-0.035506,0.261927,0.000157,-0.012963,-0.022382,-0.022810,3.141593
450.0,0.007676,0.006500,-0.036522,-0.036287,0.261927,-0.000072,0.002341,-0.023101,-0.020466,3.141593
455.0,0.007655,0.002640,-0.036335,-0.036287,0.261927,-0.000043,-0.002683,-0.022925,-0.022810,3.141593
460.0,0.007643,0.005131,-0.036426,-0.036335,0.261927,-0.000043,-0.010296,-0.022599,-0.022327,3.141593
465.0,0.007650,0.008588,-0.036559,-0.036287,0.261927,0.000043,-0.016606,-0.022300,-0.023740,3.141593
470.0,0.007723,-0.000529,-0.036094,-0.036287,0.261927,-0.000014,0.008413,-0.023408,-0.023257,3.141593
475.0,0.007684,0.003787,-0.036254,-0.036287,0.261927,-0.000072,0.016084,-0.023768,-0.024671,3.141593
480.0,0.007646,0.004809,-0.036281,-0.035506,0.261927,-0.000057,-0.007665,-0.022727,-0.022810,3.141593
485.0,-0.008372,0.177289,-0.045278,-0.044382,0.261544,0.000000,0.006314,-0.023335,-0.024187,3.141593
490.0,-0.014940,0.044953,-0.040309,-0.040335,0.261544,0.000000,-0.014583,-0.022406,-0.023740,3.141593
495.0,-0.015489,0.008312,-0.038938,-0.038725,0.261544,0.000086,0.001834,-0.023067,-0.021397,3.141593
500.0,-0.000000,589243.750000,-0.000000,-0.040380,0.261544,0.000000,0.005592,-0.023251,-0.023740,3.141593
505.0,31.291645,22.270744,0.437277,0.312430,0.258859,0.000057,-0.009456,-0.022554,-0.022810,3.141593
510.0,30.422386,32.379322,-0.033651,-0.029144,0.241602,0.000057,-0.006551,-0.022660,-0.022810,3.141593
515.0,29.420235,31.047625,-0.031127,-0.027776,0.225879,0.000057,-0.003600,-0.022768,-0.022810,3.141593
520.0,28.501329,29.965839,-0.026176,-0.027113,0.210539,-0.000086,0.010940,-0.023459,-0.024671,3.141593
525.0,27.610922,28.697012,-0.011577,-0.012201,0.195966,0.000014,-0.004689,-0.022741,-0.022327,3.141593
530.0,26.770952,27.531088,0.004994,0.004200,0.182160,0.006909,-0.206138,-0.013297,-0.013064,3.141209
535.0,25.958416,26.830935,0.002406,0.002783,0.168354,0.021501,-0.059803,-0.018182,-0.017674,3.141209
540.0,25.142559,25.868799,0.006084,0.007611,0.154932,0.023017,-0.012491,-0.019909,-0.019050,3.141209
545.0,24.373928,25.053453,0.009454,0.009402,0.141893,0.023088,-0.024518,-0.019201,-0.020020,3.141209
550.0,23.606121,24.163641,0.011961,0.013022,0.129621,0.010886,0.201308,-0.030002,-0.029805,3.141593
555.0,22.877630,23.404039,0.013353,0.013010,0.117733,-0.024533,0.372837,-0.040827,-0.040937,3.142360
560.0,22.215719,22.347359,0.039094,0.037878,0.106612,-0.044560,0.111884,-0.031791,-0.030251,3.142360
565.0,21.560965,21.848003,0.037904,0.037112,0.095874,-0.046334,0.017630,-0.028303,-0.029321,3.142360
570.0,20.917418,21.198460,0.042232,0.041540,0.085136,-0.034232,-0.182429,-0.018897,-0.018606,3.141593
575.0,20.275478,20.623463,0.039963,0.041351,0.074015,0.012345,-0.320534,-0.008619,-0.008817,3.141209
580.0,19.629826,20.223089,0.025431,0.025934,0.063660,0.038495,-0.195473,-0.008757,-0.010719,3.140826
585.0,19.023731,19.361862,0.036811,0.036266,0.053306,0.045190,0.007307,-0.016012,-0.016300,3.140826
590.0,18.438858,18.643595,0.043249,0.042530,0.043718,0.045633,0.018243,-0.016126,-0.017230,3.140826
595.0,17.849314,18.181370,0.033888,0.033973,0.034131,0.011401,0.262048,-0.033220,-0.031630,3.141593
600.0,17.295103,17.492907,0.039350,0.040044,0.024927,-0.019355,0.133817,-0.030551,-0.030701,3.141976
605.0,16.758730,16.889534,0.041968,0.042529,0.016107,-0.022745,0.007700,-0.025505,-0.025119,3.141976
610.0,16.221762,16.530312,0.030533,0.031675,0.006903,-0.023088,0.011068,-0.025875,-0.025119,3.141976
615.0,15.684600,15.910293,0.027596,0.028017,6.281268,-0.022988,-0.004842,-0.025308,-0.025600,3.141976
620.0,15.192640,15.446802,0.025045,0.026597,6.272831,-0.023046,0.001813,-0.025767,-0.026530,3.141976
625.0,14.700719,14.889303,0.023865,0.023911,6.264778,-0.010815,-0.207891,-0.015640,-0.016745,3.141593
630.0,14.245225,14.100867,0.038508,0.040677,6.257491,-0.000873,-0.038380,-0.022064,-0.022810,3.141593
635.0,13.816317,13.765576,0.036474,0.036408,6.250205,0.000257,-0.020484,-0.022610,-0.022327,3.141593
640.0,13.403388,13.313811,0.040839,0.039544,6.243302,0.000315,-0.015670,-0.022714,-0.022810,3.141593
645.0,12.988489,13.015567,0.035561,0.036266,6.236399,0.000143,-0.013988,-0.022741,-0.023740,3.141593
650.0,12.578956,12.660124,0.031701,0.033121,6.229496,0.000172,0.005735,-0.023531,-0.023257,3.141593
655.0,12.175264,12.335846,0.025450,0.025836,6.222977,0.000114,-0.004022,-0.023067,-0.022810,3.141593
660.0,11.779290,11.927303,0.022431,0.022000,6.216457,0.000100,0.002220,-0.023313,-0.022810,3.141593
665.0,11.404375,11.369740,0.028610,0.027962,6.210321,0.000057,0.002504,-0.023313,-0.022810,3.141593
670.0,11.038211,11.021556,0.025327,0.025703,6.203802,0.000157,0.001044,-0.023179,-0.022327,3.141593
675.0,10.674564,10.722595,0.018346,0.019226,6.198050,-0.000072,-0.014200,-0.022571,-0.022810,3.141593
680.0,10.331141,10.392368,0.015337,0.016144,6.192297,0.000157,-0.000235,-0.023088,-0.022327,3.141593
685.0,10.012869,9.764460,0.029359,0.030166,6.187695,0.000057,-0.008989,-0.022701,-0.022327,3.141593
690.0,9.710666,9.749335,0.018002,0.017383,6.182326,-0.000029,-0.005482,-0.022882,-0.023740,3.141593
695.0,9.418509,9.236666,0.029351,0.029408,6.177724,0.000029,0.001539,-0.023161,-0.023257,3.141593
700.0,9.142016,8.952691,0.032428,0.033120,6.172739,-0.000029,0.005800,-0.023371,-0.023257,3.141593
705.0,8.858159,8.921453,0.020989,0.020951,6.168137,0.000086,-0.009964,-0.022628,-0.022810,3.141593
710.0,8.581511,8.621795,0.021528,0.020471,6.163535,-0.000157,0.009060,-0.023537,-0.022810,3.141593
715.0,8.308397,8.401448,0.017770,0.016302,6.158933,-0.000029,-0.014562,-0.022484,-0.022327,3.141593
720.0,8.045222,8.035521,0.021218,0.020945,6.154715,-0.000057,-0.006807,-0.022849,-0.023740,3.141593
725.0,7.784413,7.932426,0.012012,0.011655,6.150113,0.000057,0.012136,-0.023650,-0.023257,3.141593
730.0,7.531553,7.654280,0.010924,0.011280,6.145894,-0.000029,-0.000540,-0.023116,-0.023740,3.141593
735.0,7.275978,7.477260,0.003275,0.004599,6.141676,0.000057,-0.010331,-0.022640,-0.022810,3.141593
740.0,7.043243,7.047010,0.010669,0.009443,6.137841,-0.000086,0.008648,-0.023519,-0.023740,3.141593
745.0,6.810246,6.840362,0.006732,0.006706,6.134389,0.000057,-0.002378,-0.022993,-0.022810,3.141593
750.0,6.609265,6.408264,0.018845,0.019492,6.130554,0.000043,-0.004166,-0.022911,-0.023257,3.141593
755.0,6.396742,6.434253,0.006753,0.006955,6.127103,0.000043,0.003476,-0.023242,-0.022810,3.141593
760.0,6.203284,6.065259,0.015390,0.014975,6.124035,0.000029,0.001270,-0.023150,-0.022810,3.141593
765.0,6.015041,5.890275,0.015496,0.017430,6.120967,-0.000086,0.010383,-0.023600,-0.023740,3.141593
770.0,5.829693,5.694480,0.016096,0.016723,6.117899,0.000057,-0.014377,-0.022463,-0.022810,3.141593
775.0,5.636982,5.700484,0.004979,0.004759,6.114448,0.000000,0.013193,-0.023692,-0.024671,3.141593
780.0,5.452299,5.460446,0.005551,0.004774,6.111380,-0.000029,0.004276,-0.023297,-0.024671,3.141593
785.0,5.280911,5.162807,0.010677,0.010568,6.108695,-0.000057,-0.007417,-0.022796,-0.023740,3.141593
790.0,5.116686,4.986214,0.011075,0.010457,6.106011,-0.000014,0.005077,-0.023334,-0.023257,3.141593
795.0,4.950238,5.042821,-0.000337,-0.000848,6.103326,0.000057,0.004326,-0.023271,-0.022810,3.141593
800.0,4.787576,4.843432,-0.000444,-0.000765,6.100642,0.000072,-0.011344,-0.022557,-0.022327,3.141593
805.0,4.637525,4.566411,0.004869,0.003992,6.097957,0.000014,-0.010771,-0.022589,-0.022810,3.141593
810.0,4.495632,4.324683,0.009604,0.009658,6.095656,0.000072,-0.000743,-0.023006,-0.023740,3.141593
815.0,4.358619,4.217780,0.008643,0.008874,6.093355,-0.000043,-0.006401,-0.022775,-0.022810,3.141593
820.0,4.210016,4.290264,-0.003724,-0.003236,6.091054,-0.000029,-0.007697,-0.022727,-0.022363,3.141593
825.0,4.084216,3.949991,0.006653,0.007253,6.089137,-0.000086,0.010313,-0.023560,-0.023257,3.141593
830.0,3.953458,3.993809,-0.001906,-0.001612,6.086836,-0.000014,-0.002182,-0.023006,-0.023257,3.141593
835.0,3.851923,3.671891,0.011748,0.011277,6.084918,-0.000029,0.002349,-0.023211,-0.023257,3.141593
840.0,3.709106,3.912964,-0.009698,-0.008876,6.083001,0.000029,-0.000423,-0.023072,-0.023740,3.141593
845.0,3.597232,3.728399,-0.005898,-0.005658,6.081083,0.000086,0.003653,-0.023205,-0.023740,3.141593
850.0,3.470627,3.510659,-0.004670,-0.004052,6.079166,-0.000086,0.018168,-0.023888,-0.023257,3.141593
855.0,3.375792,3.334205,0.001307,0.000841,6.077249,-0.000014,0.005335,-0.023330,-0.023740,3.141593
860.0,3.264317,3.302126,-0.003514,-0.003209,6.075331,-0.000014,-0.005610,-0.022850,-0.023257,3.141593
865.0,3.165515,3.093689,0.001772,0.001603,6.073797,-0.000157,0.003324,-0.023300,-0.023257,3.141593
870.0,3.071404,2.966567,0.003945,0.002347,6.072263,0.000072,-0.008670,-0.022715,-0.022327,3.141593
875.0,2.967925,3.070837,-0.006848,-0.007253,6.070729,-0.000014,0.011861,-0.023637,-0.024223,3.141593
880.0,2.875416,2.938953,-0.005194,-0.004789,6.069195,0.000014,-0.005446,-0.022864,-0.024223,3.141593
885.0,2.784289,2.874958,-0.006778,-0.006514,6.067661,0.000057,-0.011319,-0.022573,-0.021397,3.141593
890.0,2.705598,2.620750,0.002420,0.001739,6.066127,0.000014,-0.003955,-0.022900,-0.023740,3.141593
895.0,2.620043,2.641967,-0.002671,-0.003176,6.064593,0.000014,0.004108,-0.023252,-0.021397,3.141593
900.0,2.529626,2.593996,-0.006291,-0.005965,6.063443,-0.000014,-0.016128,-0.022383,-0.020949,3.141593
905.0,2.455134,2.420032,-0.001156,-0.002286,6.061909,0.000014,-0.015011,-0.022441,-0.021844,3.141593
910.0,2.372507,2.495026,-0.009387,-0.008966,6.060758,-0.000014,0.011931,-0.023646,-0.023257,3.141593
915.0,2.290815,2.286674,-0.005267,-0.004038,6.059224,0.000043,-0.006629,-0.022811,-0.020949,3.141593
920.0,2.225089,2.161657,-0.001673,-0.002461,6.058074,-0.000114,0.005237,-0.023409,-0.022810,3.141593
925.0,2.151815,2.135077,-0.004566,-0.004239,6.056923,0.000000,0.002446,-0.023274,-0.023257,3.141593
930.0,2.073649,2.189808,-0.012614,-0.013190,6.055773,-0.000029,0.017417,-0.023944,-0.023740,3.141593
935.0,2.016446,1.928962,-0.002264,-0.003133,6.055006,0.000014,-0.012757,-0.022600,-0.022810,3.141593
940.0,1.953835,2.012936,-0.008812,-0.008269,6.053855,-0.000014,-0.003072,-0.023020,-0.023740,3.141593
945.0,1.896761,1.800512,-0.001266,-0.001326,6.052705,0.000057,-0.014434,-0.022482,-0.021844,3.141593
950.0,1.837853,1.858812,-0.006521,-0.006709,6.051554,0.000000,-0.003656,-0.022964,-0.022327,3.141593
955.0,1.770673,1.838835,-0.010531,-0.010310,6.050787,0.000014,0.006123,-0.023389,-0.023740,3.141593
960.0,1.720135,1.677198,-0.004799,-0.005808,6.050020,0.000057,-0.010099,-0.022639,-0.021397,3.141593
965.0,1.668889,1.619766,-0.004148,-0.003613,6.048870,0.000014,-0.011887,-0.022553,-0.021880,3.141593
970.0,1.610534,1.683732,-0.010830,-0.010970,6.048103,0.000100,-0.002321,-0.022929,-0.022810,3.141593
975.0,1.560907,1.551441,-0.007112,-0.008253,6.047336,-0.000014,0.007462,-0.023379,-0.023740,3.141593
980.0,1.515102,1.513301,-0.006989,-0.007974,6.046185,0.000014,0.000606,-0.023061,-0.022810,3.141593
985.0,1.452077,1.581764,-0.015823,-0.016770,6.045418,0.000043,-0.013638,-0.022418,-0.022327,3.141593
990.0,1.415124,1.320387,-0.004350,-0.004890,6.045035,-0.000086,-0.000089,-0.023061,-0.022810,3.141593
995.0,1.372404,1.381063,-0.008740,-0.007903,6.044268,0.000000,-0.011347,-0.022553,-0.022810,3.141593
1000.0,1.327133,1.346318,-0.009715,-0.010058,6.043501,0.000029,-0.010544,-0.022572,-0.021397,3.141593
1005.0,1.289549,1.374763,-0.011994,-0.012792,6.042734,0.000014,0.003371,-0.023192,-0.023740,3.141593
1010.0,1.255521,1.200394,-0.004656,-0.005177,6.041967,0.000000,0.003634,-0.023201,-0.022810,3.141593
1015.0,1.201054,1.353264,-0.016763,-0.016448,6.041200,-0.000029,0.000963,-0.023105,-0.023257,3.141593
1020.0,1.177130,0.947910,0.002649,0.001222,6.040816,-0.000014,-0.000440,-0.023044,-0.023740,3.141593
1025.0,1.138624,1.107770,-0.006569,-0.007010,6.040050,0.000029,0.000747,-0.023077,-0.023257,3.141593
1030.0,1.093765,1.088045,-0.009473,-0.008528,6.039666,0.000057,0.004279,-0.023213,-0.023740,3.141593
1035.0,1.053789,1.128030,-0.014151,-0.013707,6.038899,0.000029,-0.005476,-0.022766,-0.023740,3.141593
1040.0,1.021197,0.909565,-0.005876,-0.006692,6.038516,-0.000014,0.014720,-0.023656,-0.023740,3.141593
1045.0,0.997496,0.864399,-0.003458,-0.003345,6.037748,-0.000014,0.002979,-0.023141,-0.023257,3.141593
1050.0,0.960711,1.000210,-0.012235,-0.011280,6.037365,-0.000114,0.024878,-0.024159,-0.024671,3.141593
1055.0,0.929985,0.841549,-0.006729,-0.006431,6.036982,0.000043,-0.020612,-0.022115,-0.021880,3.141593
1060.0,0.899668,1.004542,-0.015605,-0.015295,6.036214,0.000000,0.012159,-0.023563,-0.023257,3.141593
1065.0,0.874107,0.912925,-0.012244,-0.013121,6.035831,0.000072,-0.015065,-0.022332,-0.021880,3.141593
1070.0,0.845820,0.877573,-0.012149,-0.011623,6.035448,0.000086,0.007030,-0.023281,-0.022327,3.141593
1075.0,0.834633,0.664987,-0.000424,-0.000920,6.035448,-0.000100,-0.001084,-0.022994,-0.023740,3.141593
1080.0,0.802830,0.919964,-0.014277,-0.013469,6.034680,-0.000072,0.010667,-0.023539,-0.023740,3.141593
1085.0,0.764015,0.923161,-0.018725,-0.018877,6.033914,-0.000014,-0.001218,-0.023016,-0.021844,3.141593
1090.0,0.744810,0.610636,-0.004856,-0.005402,6.033914,-0.000057,-0.006422,-0.022818,-0.023740,3.141593
1095.0,0.724342,0.669173,-0.007894,-0.007593,6.033530,0.000000,0.000526,-0.023098,-0.023740,3.141593
1100.0,0.694885,0.852881,-0.018672,-0.018871,6.032763,0.000014,-0.006947,-0.022753,-0.023257,3.141593
1105.0,0.676491,0.555021,-0.005665,-0.004615,6.032380,0.000014,-0.006535,-0.022766,-0.023740,3.141593
1110.0,0.654552,0.558419,-0.006993,-0.006666,6.032380,-0.000029,0.008057,-0.023418,-0.022810,3.141593
1115.0,0.635980,0.652446,-0.011683,-0.012203,6.031996,0.000057,0.006094,-0.023321,-0.023293,3.141593
1120.0,0.617326,0.671560,-0.013159,-0.012203,6.031612,0.000014,-0.007930,-0.022700,-0.022810,3.141593
1125.0,0.588786,0.578492,-0.012035,-0.012011,6.031229,0.000086,0.002181,-0.023110,-0.023740,3.141593
1130.0,0.577118,0.651179,-0.014568,-0.015530,6.030846,0.000029,0.008644,-0.023382,-0.023740,3.141593
1135.0,0.555571,0.662118,-0.016691,-0.016824,6.030462,-0.000086,0.016039,-0.023753,-0.023740,3.141593
1140.0,0.539734,0.462011,-0.008250,-0.008874,6.030462,0.000014,-0.009106,-0.022637,-0.022810,3.141593
1145.0,0.531340,0.601106,-0.013266,-0.014423,6.030078,-0.000157,0.017682,-0.023881,-0.023740,3.141593
1150.0,0.509983,0.635276,-0.016646,-0.016825,6.029695,-0.000086,-0.000925,-0.023081,-0.023257,3.141593
1155.0,0.478388,0.557108,-0.017489,-0.016996,6.029312,0.000086,-0.003612,-0.022900,-0.022810,3.141593
1160.0,0.470758,0.364353,-0.007921,-0.008498,6.029312,0.000029,0.003677,-0.023220,-0.022810,3.141593
1165.0,0.470007,0.347678,-0.004655,-0.005174,6.029312,0.000057,-0.018912,-0.022197,-0.022810,3.141593
1170.0,0.444360,0.656434,-0.021583,-0.021456,6.028544,-0.000014,-0.003705,-0.022883,-0.022327,3.141593
1175.0,0.426427,0.361565,-0.010035,-0.010889,6.028544,0.000014,-0.004114,-0.022855,-0.022327,3.141593
1180.0,0.417767,0.520118,-0.016625,-0.017753,6.028161,0.000043,-0.004341,-0.022835,-0.022810,3.141593
1185.0,0.391088,0.540371,-0.021245,-0.020532,6.027778,-0.000014,-0.005479,-0.022794,-0.022810,3.141593
1190.0,0.380158,0.297064,-0.010686,-0.011269,6.027778,0.000014,-0.006744,-0.022732,-0.022327,3.141593
1195.0,0.379094,0.287997,-0.008350,-0.008103,6.027778,0.000029,0.008142,-0.023390,-0.024223,3.141593
1200.0,0.378851,0.293318,-0.006477,-0.007024,6.027778,-0.000072,-0.000168,-0.023044,-0.023740,3.141593
1205.0,0.371879,0.497712,-0.015000,-0.015900,6.027394,0.000014,-0.016002,-0.022319,-0.021880,3.141593
1210.0,0.345374,0.511776,-0.019575,-0.018289,6.027011,-0.000114,0.001744,-0.023156,-0.023740,3.141593
1215.0,0.334559,0.281297,-0.009828,-0.010730,6.026627,-0.000014,-0.010489,-0.022605,-0.022810,3.141593
1220.0,0.313464,0.311575,-0.014113,-0.014438,6.026627,-0.000086,0.006655,-0.023400,-0.023740,3.141593
1225.0,0.311031,0.228771,-0.009189,-0.008876,6.026627,0.000057,-0.003165,-0.022917,-0.023740,3.141593
1230.0,0.310716,0.242228,-0.008083,-0.007556,6.026627,-0.000086,0.000376,-0.023113,-0.021880,3.141593
1235.0,0.310543,0.247320,-0.006578,-0.006489,6.026627,-0.000043,0.015732,-0.023801,-0.023740,3.141593
1240.0,0.291996,0.348784,-0.013577,-0.012981,6.026244,0.000072,-0.002862,-0.022938,-0.022327,3.141593
1245.0,0.276057,0.409465,-0.018249,-0.017223,6.025860,0.000029,-0.014155,-0.022445,-0.022810,3.141593
1250.0,0.266288,0.220206,-0.010492,-0.010333,6.025860,-0.000057,0.003593,-0.023248,-0.022810,3.141593
1255.0,0.265401,0.205574,-0.008520,-0.007949,6.025860,0.000014,0.008607,-0.023442,-0.023257,3.141593
1260.0,0.265136,0.210355,-0.007281,-0.007021,6.025860,-0.000029,-0.006519,-0.022804,-0.022810,3.141593
1265.0,0.249190,0.359245,-0.016040,-0.015897,6.025477,0.000014,0.002415,-0.023187,-0.023740,3.141593
1270.0,0.236202,0.384011,-0.018686,-0.019484,6.025093,0.000057,0.008365,-0.023412,-0.022327,3.141593
1275.0,0.221474,0.201423,-0.012594,-0.011659,6.025093,-0.000057,-0.004474,-0.022885,-0.021844,3.141593
1280.0,0.220036,0.154443,-0.009563,-0.009803,6.025093,-0.000057,-0.014742,-0.022458,-0.022327,3.141593
1285.0,0.219787,0.169550,-0.009034,-0.008876,6.025093,-0.000029,-0.010072,-0.022680,-0.023293,3.141593
1290.0,0.207530,0.353686,-0.018767,-0.017750,6.024710,0.000029,-0.008498,-0.022724,-0.022327,3.141593
1295.0,0.198024,0.176427,-0.011877,-0.012587,6.024710,-0.000043,-0.008217,-0.022754,-0.021880,3.141593
1300.0,0.197126,0.153820,-0.009943,-0.010208,6.024710,0.000014,-0.001191,-0.023051,-0.023740,3.141593
1305.0,0.178540,0.244459,-0.017111,-0.016707,6.024326,-0.000014,-0.001119,-0.023061,-0.022327,3.141593
1310.0,0.174851,0.130370,-0.011853,-0.012180,6.024326,0.000057,-0.006199,-0.022805,-0.022810,3.141593
1315.0,0.174503,0.127458,-0.010800,-0.010324,6.024326,0.000129,-0.009443,-0.022624,-0.023293,3.141593
1320.0,0.174286,0.129179,-0.009930,-0.009689,6.024326,0.000043,0.014152,-0.023660,-0.023740,3.141593
1325.0,0.174247,0.136289,-0.009262,-0.009282,6.024326,-0.000057,-0.004062,-0.022884,-0.021397,3.141593
1330.0,0.167427,0.325146,-0.018224,-0.019086,6.023943,-0.000086,-0.005752,-0.022844,-0.022810,3.141593
1335.0,0.153117,0.157791,-0.013111,-0.013107,6.023943,-0.000100,0.000364,-0.023130,-0.023740,3.141593
1340.0,0.151774,0.114697,-0.010624,-0.010731,6.023559,0.000086,-0.003604,-0.022895,-0.022327,3.141593
1345.0,0.131530,0.156481,-0.016270,-0.016302,6.023559,0.000000,-0.000365,-0.023050,-0.023740,3.141593
1350.0,0.129247,0.092775,-0.013201,-0.013516,6.023559,0.000086,-0.001673,-0.022943,-0.022810,3.141593
1355.0,0.128996,0.099187,-0.012800,-0.012693,6.023559,-0.000014,0.010001,-0.023477,-0.022810,3.141593
1360.0,0.128857,0.088191,-0.011604,-0.011659,6.023559,-0.000014,-0.001554,-0.022968,-0.022810,3.141593
1365.0,0.128843,0.101935,-0.011483,-0.011142,6.023559,-0.000029,-0.006046,-0.022781,-0.023740,3.141593
1370.0,0.128826,0.094319,-0.010411,-0.010731,6.023559,0.000057,0.023304,-0.024032,-0.024671,3.141593
1375.0,0.128755,0.108790,-0.010338,-0.010214,6.023559,-0.000057,-0.000506,-0.023004,-0.023740,3.141593
1380.0,0.128671,0.105720,-0.009490,-0.010319,6.023559,0.000014,0.006632,-0.023284,-0.023740,3.141593
1385.0,0.128621,0.112884,-0.009091,-0.009802,6.023176,-0.000029,-0.001134,-0.022950,-0.022810,3.141593
1390.0,0.108649,0.150750,-0.014637,-0.014859,6.023176,-0.000057,-0.006217,-0.022747,-0.022810,3.141593
1395.0,0.106307,0.096923,-0.012158,-0.011659,6.023176,0.000014,0.005573,-0.023257,-0.023740,3.141593
1400.0,0.106112,0.087494,-0.011176,-0.010730,6.023176,-0.000057,0.009210,-0.023435,-0.022810,3.141593
1405.0,0.106058,0.079705,-0.010237,-0.010317,6.023176,-0.000086,0.001491,-0.023125,-0.022327,3.141593
1410.0,0.106108,0.078835,-0.009580,-0.009802,6.023176,0.000014,-0.021805,-0.022087,-0.021397,3.141593
1415.0,0.093809,0.284826,-0.020949,-0.019602,6.022792,0.000057,-0.019777,-0.022162,-0.021880,3.141593
1420.0,0.084343,0.084155,-0.013658,-0.014445,6.022792,0.000057,0.001405,-0.023075,-0.022327,3.141593
1425.0,0.083587,0.057153,-0.012143,-0.012172,6.022792,-0.000057,0.002023,-0.023139,-0.023740,3.141593
1430.0,0.083513,0.060122,-0.011810,-0.011659,6.022792,-0.000014,-0.013603,-0.022449,-0.022810,3.141593
1435.0,0.083427,0.069765,-0.011782,-0.011659,6.022792,0.000029,-0.011142,-0.022533,-0.022810,3.141593
1440.0,0.083290,0.075350,-0.011588,-0.011659,6.022792,0.000000,-0.006670,-0.022723,-0.022810,3.141593
1445.0,0.083293,0.072106,-0.010970,-0.010730,6.022792,-0.000057,0.003502,-0.023190,-0.023740,3.141593
1450.0,0.083306,0.066787,-0.010256,-0.010217,6.022792,-0.000172,0.009745,-0.023510,-0.022810,3.141593
1455.0,0.083313,0.063221,-0.009622,-0.009801,6.022792,-0.000029,-0.003749,-0.022917,-0.022327,3.141593
1460.0,0.083258,0.071461,-0.009530,-0.009385,6.022792,0.000072,0.001077,-0.023108,-0.023257,3.141593
1465.0,0.083265,0.076540,-0.009284,-0.008872,6.022792,0.000114,-0.008157,-0.022652,-0.022327,3.141593
1470.0,0.071048,0.259477,-0.019738,-0.018161,6.022409,-0.000072,0.013081,-0.023646,-0.023740,3.141593
1475.0,0.061660,0.061416,-0.012674,-0.013516,6.022409,0.000014,0.004202,-0.023244,-0.022327,3.141593
1480.0,0.060840,0.039328,-0.011523,-0.012077,6.022409,0.000029,0.001911,-0.023150,-0.023740,3.141593
1485.0,0.060681,0.045875,-0.011504,-0.011148,6.022409,0.000157,-0.005453,-0.022747,-0.022810,3.141593
1490.0,0.060707,0.041816,-0.010969,-0.011240,6.022409,-0.000114,0.003774,-0.023226,-0.022810,3.141593
1495.0,0.060629,0.046178,-0.010834,-0.011148,6.022409,-0.000029,0.005931,-0.023338,-0.023740,3.141593
1500.0,0.060622,0.049277,-0.010628,-0.010729,6.022409,-0.000014,0.022106,-0.024047,-0.024187,3.141593
1505.0,0.060609,0.038766,-0.009817,-0.009382,6.022409,0.000014,0.006730,-0.023360,-0.023740,3.141593
1510.0,0.048416,0.229037,-0.020719,-0.019091,6.022025,0.000043,0.010260,-0.023487,-0.023257,3.141593
1515.0,0.038905,0.049174,-0.014624,-0.014357,6.022025,-0.000014,0.003761,-0.023208,-0.023257,3.141593
1520.0,0.038213,0.016953,-0.013118,-0.013516,6.022025,0.000057,0.006928,-0.023323,-0.022810,3.141593
1525.0,0.038059,0.024495,-0.013266,-0.013516,6.022025,-0.000014,0.000518,-0.023055,-0.022810,3.141593
1530.0,0.038021,0.026070,-0.013123,-0.013096,6.022025,-0.000029,-0.007333,-0.022720,-0.022810,3.141593
1535.0,0.038041,0.025363,-0.012865,-0.012587,6.022025,0.000072,-0.004196,-0.022818,-0.022810,3.141593
1540.0,0.037926,0.026741,-0.012734,-0.013008,6.022025,0.000057,0.009092,-0.023390,-0.022327,3.141593
1545.0,0.037977,0.021013,-0.012249,-0.012587,6.022025,0.000086,-0.007620,-0.022626,-0.022810,3.141593
1550.0,0.037944,0.028836,-0.012387,-0.012079,6.022025,-0.000086,0.010086,-0.023462,-0.022810,3.141593
1555.0,0.037914,0.030176,-0.012236,-0.012079,6.022025,0.000000,-0.003575,-0.022847,-0.023740,3.141593
1560.0,0.037907,0.028487,-0.011947,-0.011658,6.022025,0.000057,0.012050,-0.023495,-0.023740,3.141593
1565.0,0.037884,0.022087,-0.011451,-0.011658,6.022025,-0.000029,0.004006,-0.023155,-0.023293,3.141593
1570.0,0.037830,0.037640,-0.011942,-0.011658,6.022025,-0.000014,-0.022315,-0.021994,-0.021880,3.141593
1575.0,0.037851,0.029473,-0.011359,-0.011238,6.022025,-0.000057,-0.006135,-0.022738,-0.022810,3.141593
1580.0,0.019505,0.118974,-0.019328,-0.019598,6.021642,0.000000,-0.001695,-0.022917,-0.023740,3.141593
1585.0,0.015762,0.010666,-0.015250,-0.015375,6.021642,0.000000,0.002697,-0.023109,-0.022774,3.141593
1590.0,0.015466,0.004344,-0.014938,-0.014445,6.021642,-0.000057,-0.002741,-0.022898,-0.022327,3.141593
1595.0,0.015324,0.005480,-0.014929,-0.015375,6.021642,-0.000014,0.005071,-0.023243,-0.024223,3.141593
1600.0,0.015399,0.005636,-0.014825,-0.014445,6.021642,-0.000043,-0.008930,-0.022636,-0.021844,3.141593
1605.0,0.015298,0.009213,-0.014918,-0.014445,6.021642,0.000000,-0.018748,-0.022209,-0.020019,3.141593
1610.0,0.015326,0.010399,-0.014873,-0.014868,6.021642,-0.000072,0.008757,-0.023462,-0.023740,3.141593
1615.0,0.015255,0.010330,-0.014795,-0.015375,6.021642,0.000014,0.017622,-0.023860,-0.024187,3.141593
1620.0,0.015230,0.004194,-0.014439,-0.014445,6.021642,-0.000014,-0.000949,-0.023049,-0.024223,3.141593
1625.0,0.015219,0.002015,-0.014255,-0.014445,6.021642,0.000043,-0.015669,-0.022364,-0.021880,3.141593
1630.0,0.015196,0.017376,-0.014857,-0.014445,6.021642,-0.000014,0.004090,-0.023257,-0.021844,3.141593
1635.0,0.015228,0.012995,-0.014566,-0.014445,6.021642,-0.000029,0.006150,-0.023373,-0.024223,3.141593
1640.0,0.015190,0.009907,-0.014349,-0.014445,6.021642,-0.000086,0.013958,-0.023752,-0.025601,3.141593
1645.0,0.015169,0.009744,-0.014260,-0.014445,6.021642,0.000157,-0.009564,-0.022630,-0.022810,3.141593
1650.0,0.015181,0.025463,-0.014871,-0.014868,6.021642,0.000014,0.007648,-0.023410,-0.023740,3.141593
1655.0,0.015199,0.015491,-0.014337,-0.014445,6.021642,0.000057,-0.006614,-0.022756,-0.023293,3.141593
1660.0,0.015226,0.016256,-0.014276,-0.013516,6.021642,0.000014,0.011331,-0.023538,-0.023740,3.141593
1665.0,0.015187,0.017544,-0.014257,-0.013939,6.021642,-0.000014,-0.001164,-0.022986,-0.022774,3.141593
1670.0,0.015174,0.004289,-0.013583,-0.013093,6.021642,0.000043,-0.007145,-0.022708,-0.022810,3.141593
1675.0,0.015129,0.021153,-0.014261,-0.014445,6.021642,0.000114,-0.023017,-0.021963,-0.020949,3.141593
1680.0,0.015121,0.016645,-0.013977,-0.014445,6.021642,-0.000014,-0.001983,-0.022911,-0.022810,3.141593
1685.0,0.015162,0.016712,-0.013885,-0.013093,6.021642,-0.000014,0.016207,-0.023723,-0.024223,3.141593
1690.0,0.015140,0.014429,-0.013703,-0.013516,6.021642,0.000172,0.003173,-0.023070,-0.022327,3.141593
1695.0,0.015151,0.004445,-0.013170,-0.013516,6.021642,0.000043,0.003244,-0.023100,-0.024223,3.141593
1700.0,0.015208,0.016985,-0.013628,-0.013516,6.021642,-0.000114,0.010203,-0.023447,-0.023740,3.141593
1705.0,0.015144,0.014432,-0.013443,-0.014023,6.021642,-0.000043,-0.002620,-0.022885,-0.024707,3.141593
1710.0,0.015140,0.010952,-0.013204,-0.013516,6.021642,0.000014,0.003205,-0.023118,-0.023740,3.141593
1715.0,0.015097,0.018457,-0.013464,-0.013516,6.021642,0.000043,-0.001307,-0.022884,-0.022327,3.141593
1720.0,0.015171,0.009836,-0.012977,-0.013010,6.021642,-0.000129,0.008819,-0.023407,-0.024223,3.141593
1725.0,0.015188,0.012978,-0.013026,-0.013093,6.021642,-0.000014,0.004178,-0.023180,-0.022810,3.141593
1730.0,0.015162,0.009969,-0.012813,-0.013010,6.021642,0.000086,-0.000005,-0.022972,-0.023257,3.141593
1735.0,0.015140,0.019954,-0.013179,-0.012587,6.021642,-0.000114,0.031143,-0.024421,-0.024187,3.141593
1740.0,0.015178,0.008989,-0.012597,-0.012587,6.021642,-0.000086,0.012375,-0.023619,-0.023740,3.141593
1745.0,0.015104,0.014988,-0.012797,-0.013010,6.021642,0.000029,-0.003020,-0.022908,-0.023293,3.141593
1750.0,0.015101,0.019961,-0.012935,-0.012587,6.021642,0.000072,0.024002,-0.024067,-0.024187,3.141593
1755.0,0.015097,0.016250,-0.012687,-0.013010,6.021642,-0.000157,0.007483,-0.023417,-0.022810,3.141593
1760.0,0.015176,0.007148,-0.012178,-0.012587,6.021642,0.000100,-0.018229,-0.022227,-0.022810,3.141593
1765.0,0.015124,0.015083,-0.012460,-0.012587,6.021642,0.000086,0.002006,-0.023081,-0.022810,3.141593
1770.0,0.015156,0.009882,-0.012134,-0.012080,6.021642,-0.000014,-0.002316,-0.022902,-0.022327,3.141593
1775.0,0.015181,0.014906,-0.012267,-0.012080,6.021642,0.000014,0.000024,-0.022997,-0.022327,3.141593
1780.0,0.015115,0.011526,-0.012047,-0.012587,6.021642,-0.000057,0.013627,-0.023635,-0.023257,3.141593
1785.0,-0.000826,0.158237,-0.022134,-0.021880,6.021258,-0.000014,0.004199,-0.023222,-0.022810,3.141593
1790.0,-0.006779,-0.012895,-0.015884,-0.015879,6.021258,-0.000014,0.020795,-0.023943,-0.023740,3.141593
1795.0,-0.007276,-0.020452,-0.015694,-0.015375,6.021258,0.000000,-0.012437,-0.022485,-0.022327,3.141593
1800.0,-0.007237,-0.022683,-0.015618,-0.016304,6.021258,0.000014,0.010152,-0.023477,-0.023257,3.141593
1805.0,-0.007312,-0.017629,-0.015894,-0.016304,6.021258,-0.000100,-0.002008,-0.022995,-0.024223,3.141593
1810.0,-0.007405,-0.015262,-0.016058,-0.016304,6.021258,0.000086,-0.008564,-0.022640,-0.023293,3.141593
1815.0,-0.007401,-0.007073,-0.016460,-0.016304,6.021258,0.000014,0.015365,-0.023706,-0.022774,3.141593
1820.0,0.011008,-0.104015,-0.007966,-0.008363,6.021642,0.000014,0.000950,-0.023060,-0.022810,3.141593
1825.0,0.014700,0.010393,-0.012152,-0.012587,6.021642,-0.000043,0.008029,-0.023389,-0.023257,3.141593
1830.0,0.015004,0.018783,-0.012375,-0.012587,6.021642,0.000014,-0.014758,-0.022374,-0.022327,3.141593
1835.0,0.015085,0.015454,-0.012126,-0.012080,6.021642,0.000086,-0.007466,-0.022671,-0.021397,3.141593
1840.0,0.015047,0.019362,-0.012228,-0.012080,6.021642,-0.000014,-0.006442,-0.022741,-0.022327,3.141593
1845.0,-0.003424,0.119939,-0.020858,-0.020951,6.021258,-0.000057,-0.003768,-0.022895,-0.022810,3.141593
1850.0,-0.023035,0.137139,-0.026125,-0.025674,6.020875,0.000057,0.003639,-0.023190,-0.023257,3.141593
1855.0,-0.029206,-0.032170,-0.020125,-0.020022,6.020875,0.000014,0.013434,-0.023620,-0.023257,3.141593
1860.0,-0.029781,-0.043888,-0.019889,-0.020022,6.020875,0.000014,0.004997,-0.023246,-0.023257,3.141593
1865.0,-0.029849,-0.043128,-0.020096,-0.020022,6.020875,-0.000014,0.012421,-0.023588,-0.024223,3.141593
1870.0,-0.014024,-0.177384,-0.010667,-0.011578,6.021258,-0.000014,0.004160,-0.023218,-0.023257,3.141593
1875.0,-0.001214,-0.217304,-0.006039,-0.005153,6.021642,0.000057,-0.001061,-0.022963,-0.022810,3.141593
1880.0,0.013386,-0.024233,-0.011288,-0.010728,6.021642,0.000072,-0.022065,-0.022015,-0.023293,3.141593
1885.0,0.014808,0.025165,-0.013092,-0.012587,6.021642,0.000057,-0.004145,-0.022770,-0.022810,3.141593
1890.0,0.015022,0.005607,-0.012092,-0.012587,6.021642,-0.000086,0.005593,-0.023246,-0.024223,3.141593
1895.0,0.014983,0.019134,-0.012624,-0.013093,6.021642,-0.000057,0.008582,-0.023377,-0.023740,3.141593
1900.0,0.014986,0.018695,-0.012524,-0.012587,6.021642,-0.000100,0.028577,-0.024301,-0.024671,3.141593
1905.0,0.002850,0.206606,-0.023572,-0.022810,6.021258,0.000014,0.005592,-0.023266,-0.023740,3.141593
1910.0,-0.022434,0.155616,-0.027074,-0.026528,6.020875,0.000057,0.002399,-0.023092,-0.022327,3.141593
1915.0,-0.029247,-0.026205,-0.020665,-0.020951,6.020875,0.000057,0.004135,-0.023170,-0.022810,3.141593
1920.0,-0.029778,-0.048103,-0.019964,-0.020022,6.020875,-0.000014,0.004928,-0.023229,-0.022810,3.141593
1925.0,-0.029933,-0.040545,-0.020496,-0.020951,6.020875,0.000057,-0.002815,-0.022876,-0.022327,3.141593
1930.0,0.000790,-0.322137,-0.001095,-0.002365,6.021642,0.000014,-0.000580,-0.022975,-0.022810,3.141593
1935.0,0.013717,-0.010575,-0.011992,-0.012080,6.021642,-0.000129,0.003515,-0.023222,-0.023257,3.141593
1940.0,0.014825,0.030981,-0.013518,-0.013010,6.021642,-0.000014,0.001651,-0.023121,-0.023257,3.141593
1945.0,0.014902,0.033582,-0.013540,-0.013600,6.021642,0.000086,-0.003496,-0.022843,-0.021844,3.141593
1950.0,0.014886,0.029230,-0.013274,-0.013010,6.021642,-0.000086,0.014057,-0.023661,-0.023257,3.141593
1955.0,0.014960,0.024556,-0.012971,-0.012587,6.021642,-0.000057,-0.005978,-0.022797,-0.023740,3.141593
1960.0,-0.003485,0.120897,-0.021408,-0.020951,6.021258,0.000086,0.003942,-0.023181,-0.021844,3.141593
1965.0,-0.007104,-0.004673,-0.016665,-0.016304,6.021258,0.000014,-0.013457,-0.022442,-0.021397,3.141593
1970.0,-0.007426,-0.011728,-0.016463,-0.016304,6.021258,0.000014,0.005421,-0.023288,-0.023740,3.141593
1975.0,-0.007347,-0.020197,-0.016104,-0.015799,6.021258,-0.000057,0.013652,-0.023666,-0.023257,3.141593
1980.0,-0.007444,-0.016199,-0.016344,-0.016304,6.021258,0.000014,0.002650,-0.023176,-0.022810,3.141593
1985.0,-0.007457,-0.008904,-0.016711,-0.016729,6.021258,-0.000014,0.031340,-0.024450,-0.024187,3.141593
1990.0,-0.007392,-0.024992,-0.016018,-0.016304,6.021258,-0.000014,-0.010260,-0.022623,-0.022327,3.141593
1995.0,-0.007469,-0.006751,-0.016889,-0.017658,6.021258,0.000014,0.009560,-0.023494,-0.023740,3.141593
2000.0,-0.007433,-0.018597,-0.016391,-0.015799,6.021258,-0.000086,-0.004322,-0.022927,-0.022810,3.141593
2005.0,0.004690,-0.188743,-0.006099,-0.007941,6.021642,0.000172,-0.019634,-0.022160,-0.021880,3.141593
2010.0,0.014019,0.004327,-0.012526,-0.012080,6.021642,0.000100,-0.007108,-0.022693,-0.022810,3.141593
2015.0,0.014849,0.015232,-0.012749,-0.013516,6.021642,0.000014,0.003872,-0.023187,-0.024223,3.141593
2020.0,0.014929,0.023818,-0.013035,-0.013516,6.021642,-0.000043,-0.000981,-0.022975,-0.022810,3.141593
2025.0,0.015019,0.016486,-0.012607,-0.013010,6.021642,-0.000072,0.004917,-0.023262,-0.023257,3.141593
2030.0,0.002800,0.217676,-0.024266,-0.022889,6.021258,-0.000043,-0.012586,-0.022493,-0.022327,3.141593
2035.0,-0.006571,0.008106,-0.017076,-0.017233,6.021258,0.000100,-0.011548,-0.022500,-0.021361,3.141593
2040.0,-0.007355,-0.017222,-0.016162,-0.016304,6.021258,0.000043,-0.016970,-0.022271,-0.023293,3.141593
2045.0,-0.007405,-0.010444,-0.016513,-0.016304,6.021258,0.000057,0.012198,-0.023530,-0.022810,3.141593
2050.0,-0.007465,-0.010072,-0.016585,-0.016729,6.021258,-0.000029,-0.005880,-0.022784,-0.022327,3.141593
2055.0,-0.007337,-0.028131,-0.015787,-0.015879,6.021258,0.000072,0.004074,-0.023187,-0.022327,3.141593
2060.0,-0.007440,-0.011101,-0.016609,-0.017233,6.021258,-0.000043,0.010455,-0.023516,-0.024671,3.141593
2065.0,-0.007517,-0.007951,-0.016809,-0.017233,6.021258,0.000029,-0.002995,-0.022900,-0.023257,3.141593
2070.0,-0.007440,-0.008333,-0.016814,-0.016304,6.021258,-0.000029,-0.017662,-0.022260,-0.021397,3.141593
2075.0,-0.007415,-0.015653,-0.016521,-0.016304,6.021258,-0.000072,0.002575,-0.023182,-0.022327,3.141593
2080.0,-0.007512,-0.013699,-0.016672,-0.016729,6.021258,0.000057,-0.024015,-0.021991,-0.021880,3.141593
2085.0,0.008479,-0.157724,-0.006648,-0.007011,6.021642,0.000129,0.001914,-0.023091,-0.023740,3.141593
2090.0,0.014443,0.014111,-0.012883,-0.013516,6.021642,0.000014,0.006222,-0.023290,-0.022810,3.141593
2095.0,0.014942,0.022005,-0.013041,-0.013010,6.021642,-0.000086,0.019127,-0.023906,-0.024671,3.141593
2100.0,0.014992,0.019990,-0.012861,-0.013010,6.021642,0.000057,-0.002018,-0.022926,-0.023740,3.141593
2105.0,0.015028,0.032541,-0.013330,-0.013091,6.021258,-0.000043,0.001363,-0.023083,-0.022810,3.141593
2110.0,-0.017163,0.232994,-0.029545,-0.028890,6.020875,0.000014,-0.015027,-0.022349,-0.023293,3.141593
2115.0,-0.044759,0.147583,-0.030461,-0.029819,6.020491,-0.000014,0.011705,-0.023516,-0.023257,3.141593
2120.0,-0.052217,-0.015223,-0.024091,-0.024670,6.020491,0.000029,-0.015774,-0.022283,-0.023293,3.141593
2125.0,-0.046248,-0.214240,-0.015006,-0.015375,6.021258,-0.000057,0.010058,-0.023442,-0.023740,3.141593
2130.0,0.000744,-0.334627,-0.001075,-0.002365,6.021642,-0.000014,-0.013292,-0.022414,-0.022327,3.141593
2135.0,0.020728,-0.204957,-0.002265,-0.001438,6.022025,0.000086,-0.003746,-0.022808,-0.023257,3.141593
2140.0,0.035816,0.008427,-0.008189,-0.008362,6.022025,0.000000,0.007601,-0.023324,-0.023257,3.141593
2145.0,0.037304,0.051032,-0.009553,-0.009291,6.022025,-0.000014,0.009739,-0.023420,-0.023257,3.141593
2150.0,0.030650,0.237115,-0.019148,-0.020444,6.021642,-0.000086,0.015408,-0.023705,-0.023740,3.141593
2155.0,0.000638,0.208470,-0.024581,-0.023739,6.021258,0.000014,0.006223,-0.023283,-0.022327,3.141593
2160.0,-0.025105,0.093568,-0.025361,-0.024669,6.020875,-0.000114,0.016031,-0.023780,-0.023257,3.141593
2165.0,-0.029376,-0.043383,-0.020374,-0.020022,6.020875,0.000029,-0.013555,-0.022465,-0.022327,3.141593
2170.0,-0.029789,-0.046499,-0.020485,-0.020449,6.020875,0.000072,-0.022774,-0.022030,-0.020949,3.141593
2175.0,-0.029824,-0.045564,-0.020672,-0.020449,6.020875,-0.000014,-0.003129,-0.022920,-0.021844,3.141593
2180.0,-0.011478,-0.135073,-0.012663,-0.013091,6.021258,0.000143,-0.020350,-0.022111,-0.022363,3.141593
2185.0,0.017468,-0.290927,0.000833,0.000929,6.022025,0.000086,0.006641,-0.023284,-0.022327,3.141593
2190.0,0.035552,0.005483,-0.008115,-0.008362,6.022025,-0.000057,0.021494,-0.023981,-0.023740,3.141593
2195.0,0.037218,0.054338,-0.009720,-0.009800,6.022025,0.000086,-0.007132,-0.022665,-0.022810,3.141593
2200.0,0.025265,0.240576,-0.020532,-0.019092,6.021258,0.000114,-0.016373,-0.022221,-0.022327,3.141593
2205.0,-0.010899,0.292146,-0.030988,-0.032180,6.020875,0.000086,-0.009079,-0.022523,-0.022810,3.141593
2210.0,-0.028076,0.003740,-0.022150,-0.022810,6.020875,-0.000057,-0.003846,-0.022788,-0.022327,3.141593
2215.0,-0.029608,-0.040134,-0.020693,-0.020449,6.020875,-0.000172,0.006210,-0.023316,-0.023257,3.141593
2220.0,-0.029892,-0.054105,-0.020268,-0.020449,6.020875,-0.000057,-0.000354,-0.023035,-0.022810,3.141593
2225.0,-0.014071,-0.185974,-0.010974,-0.011657,6.021258,-0.000057,-0.007964,-0.022723,-0.023293,3.141593
2230.0,0.010414,-0.115514,-0.008572,-0.008447,6.021642,-0.000114,0.014450,-0.023748,-0.023740,3.141593
2235.0,0.014568,0.018459,-0.013529,-0.013600,6.021642,0.000086,-0.005691,-0.022809,-0.021397,3.141593
2240.0,0.014940,0.025074,-0.013660,-0.013516,6.021642,-0.000057,-0.004651,-0.022892,-0.022327,3.141593
2245.0,0.014954,0.019721,-0.013341,-0.013516,6.021642,0.000043,-0.017810,-0.022283,-0.022327,3.141593
2250.0,0.015028,0.020932,-0.013297,-0.013516,6.021642,0.000072,-0.003177,-0.022895,-0.024223,3.141593
2255.0,0.002838,0.204126,-0.024146,-0.023314,6.021258,0.000086,-0.006541,-0.022704,-0.022327,3.141593
2260.0,-0.022473,0.161276,-0.028018,-0.027458,6.020875,-0.000057,0.007196,-0.023347,-0.023257,3.141593
2265.0,-0.029197,-0.026047,-0.021341,-0.020951,6.020875,0.000043,0.006174,-0.023281,-0.022327,3.141593
2270.0,-0.029792,-0.041819,-0.020748,-0.020951,6.020875,0.000000,0.003839,-0.023200,-0.022810,3.141593
2275.0,-0.029942,-0.035217,-0.020983,-0.020951,6.020875,-0.000043,-0.000870,-0.023019,-0.023740,3.141593
2280.0,-0.007235,-0.380881,-0.001017,-0.000929,6.021642,-0.000014,0.004553,-0.023254,-0.023740,3.141593
2285.0,0.012944,-0.041990,-0.011505,-0.010728,6.021642,0.000072,-0.004185,-0.022841,-0.023740,3.141593
2290.0,0.014693,0.023486,-0.013955,-0.014445,6.021642,0.000000,0.006791,-0.023317,-0.021397,3.141593
2295.0,0.014902,0.025146,-0.013903,-0.014445,6.021642,0.000000,0.002862,-0.023159,-0.022810,3.141593
2300.0,0.014988,0.029241,-0.013987,-0.013516,6.021642,0.000014,-0.006304,-0.022748,-0.023293,3.141593
2305.0,0.015038,0.030238,-0.013940,-0.014445,6.021642,0.000029,-0.005904,-0.022753,-0.023740,3.141593
2310.0,0.008141,0.211553,-0.023499,-0.024243,6.021258,-0.000014,0.004761,-0.023212,-0.023740,3.141593
2315.0,-0.012798,0.226097,-0.028898,-0.030246,6.020875,0.000000,-0.009370,-0.022576,-0.021397,3.141593
2320.0,-0.028281,0.006940,-0.022768,-0.022810,6.020875,-0.000072,-0.003866,-0.022849,-0.022810,3.141593
2325.0,-0.029783,-0.037981,-0.020967,-0.020951,6.020875,0.000014,-0.020754,-0.022085,-0.021397,3.141593
2330.0,-0.029967,-0.037271,-0.020955,-0.020951,6.020875,0.000029,0.009246,-0.023405,-0.023740,3.141593
2335.0,-0.004671,-0.319376,-0.003318,-0.002788,6.021642,-0.000014,-0.013831,-0.022400,-0.022327,3.141593
2340.0,0.013177,-0.034450,-0.011926,-0.012080,6.021642,-0.000014,0.006556,-0.023315,-0.024187,3.141593
2345.0,0.014772,0.016570,-0.013763,-0.013516,6.021642,0.000029,-0.014633,-0.022352,-0.022810,3.141593
2350.0,0.014958,0.014676,-0.013558,-0.013093,6.021642,-0.000029,0.008180,-0.023364,-0.024223,3.141593
2355.0,0.014990,0.018275,-0.013633,-0.013516,6.021642,-0.000029,0.006441,-0.023297,-0.023257,3.141593
2360.0,0.015029,0.013298,-0.013321,-0.013010,6.021642,-0.000100,0.016911,-0.023798,-0.023740,3.141593
2365.0,0.015004,0.021837,-0.013627,-0.013516,6.021258,-0.000057,-0.004904,-0.022851,-0.022327,3.141593
2370.0,-0.017154,0.251362,-0.031129,-0.030749,6.020875,-0.000014,-0.012713,-0.022510,-0.022327,3.141593
2375.0,-0.028807,-0.005849,-0.022399,-0.022383,6.020875,0.000029,-0.008344,-0.022682,-0.022810,3.141593
2380.0,-0.029806,-0.049732,-0.020475,-0.020524,6.020875,-0.000086,0.008401,-0.023465,-0.022810,3.141593
2385.0,-0.030034,-0.029031,-0.021373,-0.020951,6.021258,0.000072,0.008860,-0.023455,-0.023257,3.141593
2390.0,0.015323,-0.377730,0.003738,0.003208,6.022025,0.000114,-0.024743,-0.021939,-0.021397,3.141593
2395.0,0.035486,-0.018894,-0.007519,-0.006924,6.022025,0.000057,-0.018128,-0.022229,-0.021880,3.141593
2400.0,0.037118,0.058682,-0.010415,-0.011150,6.022025,0.000043,-0.005231,-0.022796,-0.022810,3.141593
2405.0,0.037424,0.063769,-0.010373,-0.009800,6.022025,-0.000072,0.051299,-0.025334,-0.026531,3.141593
2410.0,0.012152,0.336487,-0.028092,-0.027961,6.021258,0.000086,-0.011806,-0.022504,-0.022327,3.141593
2415.0,-0.024009,0.128347,-0.027056,-0.027031,6.020875,0.000029,0.004726,-0.023223,-0.023740,3.141593
2420.0,-0.029258,-0.044678,-0.020680,-0.021454,6.020875,0.000014,-0.005467,-0.022775,-0.022327,3.141593
2425.0,-0.029747,-0.043717,-0.020810,-0.020524,6.020875,-0.000029,-0.004984,-0.022802,-0.022327,3.141593
2430.0,-0.029969,-0.029421,-0.021404,-0.021454,6.020875,0.000000,0.007937,-0.023368,-0.022810,3.141593
2435.0,-0.011483,-0.136944,-0.012975,-0.014020,6.021258,0.000072,0.001392,-0.023047,-0.023293,3.141593
2440.0,0.022836,-0.299475,0.002047,0.000929,6.022025,-0.000072,-0.002102,-0.022942,-0.023257,3.141593
2445.0,0.036187,0.030709,-0.009462,-0.009291,6.022025,-0.000043,0.011350,-0.023527,-0.023740,3.141593
2450.0,0.037252,0.058402,-0.010261,-0.010729,6.022025,0.000014,0.010517,-0.023472,-0.023257,3.141593
2455.0,0.037395,0.062275,-0.010203,-0.010728,6.021642,-0.000014,-0.015737,-0.022332,-0.022810,3.141593
2460.0,0.005332,0.279319,-0.027006,-0.026102,6.021258,0.000072,-0.005923,-0.022723,-0.023293,3.141593
2465.0,-0.022228,0.165308,-0.028212,-0.027885,6.020875,0.000057,0.005286,-0.023203,-0.022327,3.141593
2470.0,-0.029107,-0.037295,-0.020886,-0.021454,6.020875,0.000029,0.004765,-0.023194,-0.022810,3.141593
2475.0,-0.029705,-0.038254,-0.021004,-0.020951,6.020875,0.000043,-0.002718,-0.022864,-0.022810,3.141593
2480.0,-0.029878,-0.045524,-0.020607,-0.020951,6.021258,-0.000014,-0.026593,-0.021828,-0.021880,3.141593
2485.0,-0.003063,-0.282607,-0.004464,-0.004646,6.021642,-0.000014,0.009647,-0.023440,-0.024187,3.141593
2490.0,0.013281,-0.019243,-0.012451,-0.013093,6.021642,0.000186,-0.007179,-0.022618,-0.022327,3.141593
2495.0,0.014790,0.028426,-0.014158,-0.014445,6.021642,-0.000029,0.018228,-0.023792,-0.023740,3.141593
2500.0,0.014961,0.023022,-0.013798,-0.013516,6.021642,-0.000114,-0.000634,-0.023011,-0.023740,3.141593
2505.0,0.014979,0.024575,-0.013786,-0.013516,6.021642,0.000043,0.006569,-0.023288,-0.022327,3.141593
2510.0,0.015061,0.017094,-0.013353,-0.013516,6.021642,0.000057,-0.021218,-0.022044,-0.022363,3.141593
2515.0,0.002791,0.209551,-0.024635,-0.023314,6.021258,0.000014,0.012099,-0.023514,-0.024671,3.141593
2520.0,-0.018697,0.190629,-0.028689,-0.027885,6.020875,-0.000029,0.006368,-0.023275,-0.024671,3.141593
2525.0,-0.028832,-0.022775,-0.021606,-0.021454,6.020875,-0.000043,0.008200,-0.023368,-0.023740,3.141593
2530.0,-0.029819,-0.035125,-0.021074,-0.020951,6.020875,0.000014,-0.006633,-0.022699,-0.022327,3.141593
2535.0,-0.030032,-0.032171,-0.021189,-0.020951,6.021258,0.000014,-0.011578,-0.022475,-0.022327,3.141593
2540.0,0.002242,-0.278766,-0.003583,-0.005153,6.021642,0.000057,-0.023527,-0.021920,-0.022327,3.141593
2545.0,0.013881,-0.006764,-0.013005,-0.013516,6.021642,0.000000,-0.002829,-0.022830,-0.023257,3.141593
2550.0,0.014813,0.021202,-0.013965,-0.014445,6.021642,-0.000014,0.000366,-0.022977,-0.021880,3.141593
2555.0,0.014965,0.024084,-0.013979,-0.013939,6.021642,0.000014,-0.014366,-0.022325,-0.022810,3.141593
2560.0,0.014990,0.019904,-0.013707,-0.013516,6.021642,-0.000043,-0.002965,-0.022838,-0.023293,3.141593
2565.0,0.014988,0.027266,-0.013956,-0.013516,6.021642,-0.000086,0.010892,-0.023477,-0.023257,3.141593
2570.0,0.014992,0.009733,-0.013093,-0.013516,6.021258,-0.000029,-0.005536,-0.022748,-0.022774,3.141593
2575.0,-0.004975,0.071562,-0.020354,-0.020526,6.021258,0.000029,-0.004632,-0.022763,-0.022327,3.141593
2580.0,-0.007226,-0.009315,-0.017296,-0.017233,6.021258,-0.000029,0.002997,-0.023120,-0.023740,3.141593
2585.0,-0.007398,-0.013155,-0.017202,-0.017233,6.021258,-0.000072,0.009716,-0.023436,-0.024223,3.141593
2590.0,-0.007414,-0.014088,-0.017203,-0.017233,6.021258,0.000072,-0.012577,-0.022405,-0.023740,3.141593
2595.0,-0.007437,-0.009694,-0.017443,-0.017233,6.021258,0.000014,0.008488,-0.023329,-0.023740,3.141593
2600.0,-0.007451,-0.010023,-0.017472,-0.017233,6.021258,0.000014,0.004031,-0.023133,-0.022810,3.141593
2605.0,-0.007421,-0.013139,-0.017365,-0.017233,6.021258,-0.000014,0.005328,-0.023203,-0.023293,3.141593
2610.0,0.004799,-0.210424,-0.005838,-0.006505,6.021642,-0.000114,-0.004931,-0.022801,-0.022327,3.141593
2615.0,0.014098,-0.001744,-0.012966,-0.013010,6.021642,-0.000057,0.005679,-0.023274,-0.023293,3.141593
2620.0,0.014924,0.023083,-0.013807,-0.013939,6.021642,-0.000014,-0.018789,-0.022183,-0.022327,3.141593
2625.0,0.014976,0.018536,-0.013514,-0.013516,6.021642,0.000100,-0.007992,-0.022600,-0.023293,3.141593
2630.0,0.015001,0.013298,-0.013195,-0.013010,6.021642,0.000029,-0.003619,-0.022791,-0.022810,3.141593
2635.0,0.008147,0.211174,-0.023482,-0.023739,6.021258,-0.000057,-0.000932,-0.022930,-0.022327,3.141593
2640.0,-0.005906,0.043457,-0.019202,-0.019092,6.021258,0.000057,0.000103,-0.022947,-0.022810,3.141593
2645.0,-0.007217,-0.019980,-0.016705,-0.016304,6.021258,-0.000100,0.016110,-0.023704,-0.023740,3.141593
2650.0,-0.007333,-0.014937,-0.016992,-0.017233,6.021258,0.000014,-0.007449,-0.022636,-0.022810,3.141593
2655.0,-0.007451,0.000569,-0.017750,-0.017233,6.021258,0.000014,-0.005865,-0.022691,-0.023257,3.141593
2660.0,-0.007489,-0.006984,-0.017464,-0.017233,6.021258,-0.000157,0.003498,-0.023187,-0.023257,3.141593
2665.0,-0.007390,-0.015533,-0.017098,-0.017233,6.021258,-0.000114,0.011665,-0.023571,-0.023257,3.141593
2670.0,-0.007440,-0.007930,-0.017488,-0.017233,6.021258,0.000014,-0.007994,-0.022679,-0.022810,3.141593
2675.0,-0.007498,-0.013160,-0.017309,-0.018163,6.021258,0.000014,0.003837,-0.023203,-0.023257,3.141593
2680.0,-0.007451,-0.004165,-0.017737,-0.018588,6.021258,0.000057,0.011156,-0.023501,-0.022327,3.141593
2685.0,-0.007448,-0.005084,-0.017734,-0.017233,6.021258,-0.000057,0.008309,-0.023406,-0.022810,3.141593
2690.0,0.008463,-0.154227,-0.007502,-0.007941,6.021642,-0.000057,0.001837,-0.023138,-0.023740,3.141593
2695.0,0.014477,0.006372,-0.013224,-0.013093,6.021642,-0.000029,-0.000933,-0.023007,-0.022327,3.141593
2700.0,0.014892,0.022331,-0.013765,-0.013939,6.021642,0.000057,0.003810,-0.023193,-0.022810,3.141593
2705.0,0.014976,0.020005,-0.013564,-0.013516,6.021642,-0.000057,0.007238,-0.023377,-0.023740,3.141593
2710.0,0.015004,0.022970,-0.013610,-0.013516,6.021642,0.000100,-0.003144,-0.022877,-0.022327,3.141593
2715.0,0.014983,0.023569,-0.013563,-0.013516,6.021642,0.000114,-0.000453,-0.022964,-0.022327,3.141593
2720.0,-0.000821,0.154847,-0.022933,-0.021881,6.020875,0.000000,-0.001308,-0.022954,-0.022327,3.141593
2725.0,-0.026852,0.043891,-0.023980,-0.023740,6.020875,-0.000086,0.001518,-0.023115,-0.022810,3.141593
2730.0,-0.029595,-0.036365,-0.021068,-0.020951,6.020875,-0.000014,0.003289,-0.023195,-0.022810,3.141593
2735.0,-0.029889,-0.043181,-0.020712,-0.020524,6.020875,-0.000072,-0.013715,-0.022489,-0.022810,3.141593
2740.0,-0.030025,-0.033066,-0.021131,-0.020951,6.021258,0.000000,-0.006763,-0.022786,-0.022327,3.141593
2745.0,0.008492,-0.177857,-0.006623,-0.007854,6.022025,0.000114,-0.002237,-0.022942,-0.022327,3.141593
2750.0,0.034463,-0.035591,-0.006942,-0.007013,6.022025,-0.000029,0.008806,-0.023464,-0.022774,3.141593
2755.0,0.037133,0.068409,-0.010778,-0.010729,6.022025,-0.000014,-0.014053,-0.022463,-0.022810,3.141593
2760.0,0.037388,0.053560,-0.009860,-0.009800,6.022025,0.000043,0.012287,-0.023603,-0.023257,3.141593
2765.0,0.012133,0.334152,-0.027927,-0.028386,6.021258,0.000000,0.000102,-0.023074,-0.022810,3.141593
2770.0,-0.012419,0.228398,-0.028777,-0.030246,6.020875,0.000100,0.011004,-0.023524,-0.024187,3.141593
2775.0,-0.028169,0.001213,-0.022344,-0.022383,6.020875,-0.000057,0.024560,-0.024152,-0.024187,3.141593
2780.0,-0.029692,-0.046868,-0.020669,-0.020951,6.020875,0.000014,-0.004076,-0.022880,-0.023740,3.141593
2785.0,-0.029926,-0.033900,-0.021182,-0.020951,6.020875,0.000029,0.010035,-0.023484,-0.023257,3.141593
2790.0,-0.023153,-0.226984,-0.011518,-0.010223,6.021258,0.000014,-0.002017,-0.022961,-0.022810,3.141593
2795.0,0.003237,-0.240347,-0.005009,-0.005576,6.021642,0.000043,-0.019499,-0.022175,-0.022327,3.141593
2800.0,0.013935,-0.007955,-0.012880,-0.013010,6.021642,-0.000057,0.007301,-0.023387,-0.022810,3.141593
2805.0,0.014870,0.024973,-0.014059,-0.013939,6.021642,-0.000100,0.006793,-0.023402,-0.023740,3.141593
2810.0,0.014942,0.022068,-0.013834,-0.013939,6.021642,0.000014,0.001086,-0.023128,-0.023740,3.141593
2815.0,0.014992,0.028057,-0.014010,-0.013516,6.021642,0.000029,0.014277,-0.023693,-0.023740,3.141593
2820.0,0.014961,0.027728,-0.013924,-0.013516,6.021258,-0.000157,0.012216,-0.023678,-0.023740,3.141593
2825.0,-0.004996,0.064393,-0.020065,-0.020021,6.021258,0.000043,-0.016449,-0.022363,-0.021880,3.141593
2830.0,-0.007213,-0.004575,-0.017529,-0.017738,6.021258,0.000086,-0.003120,-0.022919,-0.022327,3.141593
2835.0,-0.007442,-0.007442,-0.017492,-0.017233,6.021258,0.000014,0.000809,-0.023109,-0.024223,3.141593
2840.0,-0.007371,-0.005756,-0.017589,-0.017658,6.021258,0.000057,0.001964,-0.023122,-0.023257,3.141593
2845.0,-0.007426,-0.011184,-0.017399,-0.017233,6.021258,0.000143,-0.005758,-0.022713,-0.022327,3.141593
2850.0,-0.007389,-0.013430,-0.017329,-0.017233,6.021258,0.000000,0.013405,-0.023583,-0.024223,3.141593
2855.0,-0.007510,-0.011738,-0.017473,-0.018163,6.021258,-0.000014,0.017579,-0.023767,-0.023740,3.141593
2860.0,0.004728,-0.193446,-0.006637,-0.008363,6.021642,0.000086,-0.008254,-0.022581,-0.021844,3.141593
2865.0,0.014085,-0.000383,-0.013054,-0.012587,6.021642,-0.000057,0.002815,-0.023104,-0.021844,3.141593
2870.0,0.014859,0.015805,-0.013524,-0.014445,6.021642,-0.000072,-0.006699,-0.022722,-0.022810,3.141593
2875.0,0.014967,0.021510,-0.013673,-0.013516,6.021642,0.000043,-0.001542,-0.022935,-0.022810,3.141593
2880.0,0.015029,0.026936,-0.013820,-0.013516,6.021642,0.000057,-0.015838,-0.022287,-0.023293,3.141593
2885.0,-0.000942,0.156045,-0.023135,-0.022305,6.021258,-0.000029,0.003454,-0.023142,-0.022327,3.141593
2890.0,-0.006893,0.002938,-0.017692,-0.018163,6.021258,-0.000014,-0.007583,-0.022672,-0.022810,3.141593
2895.0,-0.007296,-0.009041,-0.017284,-0.017233,6.021258,-0.000014,-0.000190,-0.023004,-0.022810,3.141593
2900.0,-0.007403,-0.013983,-0.017127,-0.017233,6.021258,-0.000100,0.011063,-0.023537,-0.023740,3.141593
2905.0,-0.007462,-0.007648,-0.017462,-0.017233,6.021258,-0.000057,0.014095,-0.023677,-0.023257,3.141593
2910.0,-0.007464,-0.021618,-0.016880,-0.017154,6.021258,-0.000086,-0.000829,-0.023047,-0.022810,3.141593
2915.0,-0.007403,-0.002536,-0.017754,-0.017233,6.021258,-0.000029,-0.000299,-0.023073,-0.023257,3.141593
2920.0,-0.007439,-0.012619,-0.017353,-0.017233,6.021258,0.000057,-0.011452,-0.022551,-0.022810,3.141593
2925.0,-0.007512,-0.004069,-0.017793,-0.017738,6.021258,-0.000029,0.008967,-0.023461,-0.023257,3.141593
2930.0,-0.007453,-0.006381,-0.017717,-0.017233,6.021258,0.000029,-0.003178,-0.022915,-0.023293,3.141593
2935.0,0.011006,-0.103050,-0.009224,-0.009715,6.021642,0.000086,0.012815,-0.023582,-0.023740,3.141593
2940.0,0.014661,0.022640,-0.013922,-0.013516,6.021642,0.000057,-0.009310,-0.022597,-0.023293,3.141593
2945.0,0.014988,0.013692,-0.013369,-0.013939,6.021642,-0.000086,0.005047,-0.023263,-0.022810,3.141593
2950.0,0.014906,0.024746,-0.013804,-0.014445,6.021642,0.000000,0.001045,-0.023079,-0.023740,3.141593
2955.0,0.015056,0.022413,-0.013584,-0.013516,6.021642,0.000014,0.002917,-0.023147,-0.023740,3.141593
2960.0,-0.003408,0.110070,-0.021635,-0.021376,6.021258,0.000000,-0.004300,-0.022830,-0.024223,3.141593
2965.0,-0.007029,-0.012708,-0.017015,-0.016808,6.021258,-0.000014,0.005768,-0.023268,-0.024223,3.141593
2970.0,-0.007406,-0.009744,-0.017272,-0.017233,6.021258,0.000029,-0.001153,-0.022944,-0.022810,3.141593
2975.0,-0.007406,-0.005702,-0.017490,-0.017233,6.021258,-0.000057,0.021651,-0.023980,-0.025118,3.141593
2980.0,-0.007460,-0.019993,-0.016905,-0.016808,6.021258,0.000014,0.000515,-0.023014,-0.023293,3.141593
2985.0,-0.007440,-0.015603,-0.017135,-0.016729,6.021258,-0.000014,0.001581,-0.023068,-0.024223,3.141593
2990.0,-0.007405,-0.010584,-0.017389,-0.017233,6.021258,-0.000029,0.011257,-0.023489,-0.023257,3.141593
2995.0,-0.007423,-0.015650,-0.017208,-0.017233,6.021258,-0.000057,0.002415,-0.023121,-0.024223,3.141593
3000.0,-0.007483,-0.003033,-0.017824,-0.017658,6.021258,-0.000072,0.007426,-0.023360,-0.023293,3.141593
3005.0,0.008574,-0.165365,-0.006968,-0.008024,6.021642,-0.000014,0.004632,-0.023224,-0.023257,3.141593
3010.0,0.014459,0.006625,-0.013227,-0.013093,6.021642,-0.000043,0.002621,-0.023150,-0.022810,3.141593
3015.0,0.014888,0.032020,-0.014184,-0.014023,6.021642,-0.000029,-0.011646,-0.022539,-0.021397,3.141593
3020.0,0.014958,0.030284,-0.014012,-0.013939,6.021642,-0.000057,-0.005637,-0.022835,-0.023257,3.141593
3025.0,0.014967,0.019978,-0.013472,-0.013516,6.021642,0.000086,-0.001171,-0.022987,-0.022810,3.141593
3030.0,0.015029,0.022744,-0.013500,-0.013516,6.021642,0.000072,-0.007588,-0.022681,-0.022810,3.141593
3035.0,-0.000830,0.162825,-0.023274,-0.022385,6.021258,0.000114,-0.011794,-0.022448,-0.022327,3.141593
3040.0,-0.022813,0.154565,-0.027940,-0.027458,6.020875,0.000029,-0.016870,-0.022228,-0.021880,3.141593
3045.0,-0.029315,-0.029397,-0.021366,-0.020951,6.020875,-0.000057,-0.001809,-0.022919,-0.022327,3.141593
3050.0,-0.029830,-0.046283,-0.020596,-0.020951,6.020875,0.000014,-0.004029,-0.022823,-0.022327,3.141593
3055.0,-0.029998,-0.032700,-0.021155,-0.020951,6.020875,-0.000043,-0.005084,-0.022797,-0.022327,3.141593
3060.0,0.000712,-0.335784,-0.001345,-0.002788,6.021642,-0.000086,0.011128,-0.023561,-0.024671,3.141593
3065.0,0.032138,-0.098830,-0.004682,-0.004225,6.022025,-0.000014,0.001305,-0.023104,-0.023740,3.141593
3070.0,0.036902,0.052943,-0.010177,-0.009800,6.022025,0.000129,0.012654,-0.023537,-0.022327,3.141593
3075.0,0.037363,0.058156,-0.010110,-0.009800,6.022025,0.000043,-0.010064,-0.022552,-0.022810,3.141593
3080.0,0.025315,0.220112,-0.019861,-0.018667,6.021258,-0.000043,0.004500,-0.023216,-0.023257,3.141593
3085.0,-0.010911,0.286996,-0.031012,-0.030673,6.020875,-0.000014,-0.003744,-0.022850,-0.022810,3.141593
3090.0,-0.028042,-0.005321,-0.021991,-0.021454,6.020875,0.000043,0.005509,-0.023236,-0.023740,3.141593
3095.0,-0.029631,-0.039792,-0.020969,-0.020524,6.020875,0.000043,0.001975,-0.023057,-0.023293,3.141593
3100.0,-0.029826,-0.048317,-0.020523,-0.020951,6.020875,0.000057,-0.003441,-0.022809,-0.024223,3.141593
3105.0,-0.030025,-0.029030,-0.021345,-0.021378,6.020875,-0.000114,0.005710,-0.023263,-0.022810,3.141593
3110.0,0.000688,-0.336559,-0.001311,-0.002788,6.021642,-0.000100,-0.000843,-0.023013,-0.023740,3.141593
3115.0,0.013776,-0.014286,-0.012646,-0.012164,6.021642,0.000029,-0.008956,-0.022613,-0.023293,3.141593
3120.0,0.014797,0.023696,-0.014033,-0.013939,6.021642,0.000014,0.007697,-0.023343,-0.022327,3.141593
3125.0,0.015022,0.032758,-0.014306,-0.013516,6.021642,-0.000014,-0.013824,-0.022392,-0.022327,3.141593
3130.0,0.014926,0.022540,-0.013796,-0.013939,6.021642,0.000072,-0.013154,-0.022395,-0.022810,3.141593
3135.0,0.014947,0.023937,-0.013776,-0.014445,6.021642,0.000043,-0.000680,-0.022928,-0.022810,3.141593
3140.0,-0.000932,0.169739,-0.023813,-0.023739,6.021258,-0.000029,0.017059,-0.023729,-0.022810,3.141593
3145.0,-0.022808,0.153308,-0.028090,-0.028462,6.020875,-0.000086,-0.000290,-0.023003,-0.021880,3.141593
3150.0,-0.029207,-0.033488,-0.021177,-0.021454,6.020875,-0.000043,-0.005787,-0.022779,-0.024223,3.141593
3155.0,-0.029917,-0.034390,-0.021139,-0.020524,6.020875,0.000057,-0.019234,-0.022141,-0.021397,3.141593
3160.0,-0.030010,-0.032515,-0.021189,-0.020951,6.020875,0.000057,-0.004025,-0.022809,-0.023257,3.141593
3165.0,-0.004790,-0.330123,-0.003064,-0.002788,6.021642,0.000014,-0.002571,-0.022874,-0.023257,3.141593
3170.0,0.013154,-0.026552,-0.012480,-0.013010,6.021642,-0.000086,0.018261,-0.023835,-0.023257,3.141593
3175.0,0.014781,0.023183,-0.014253,-0.014445,6.021642,-0.000057,-0.001937,-0.022957,-0.024223,3.141593
3180.0,0.014974,0.033815,-0.014604,-0.014868,6.021642,0.000057,0.005462,-0.023248,-0.024223,3.141593
3185.0,0.014956,0.019262,-0.013881,-0.014023,6.021642,-0.000100,0.025127,-0.024168,-0.023257,3.141593
3190.0,0.015078,0.020465,-0.013824,-0.013939,6.021642,0.000043,-0.008454,-0.022659,-0.022810,3.141593
3195.0,0.002820,0.202191,-0.024624,-0.023739,6.021258,0.000014,-0.001403,-0.022973,-0.022327,3.141593
3200.0,-0.006528,-0.001574,-0.017685,-0.017658,6.021258,-0.000014,0.004283,-0.023228,-0.023257,3.141593
3205.0,-0.014125,0.185455,-0.027771,-0.028387,6.020875,-0.000014,0.025098,-0.024150,-0.023257,3.141593
3210.0,-0.028397,0.007410,-0.022885,-0.022810,6.020875,0.000014,-0.010327,-0.022594,-0.023293,3.141593
3215.0,-0.029925,-0.035311,-0.021127,-0.021881,6.020875,-0.000057,0.001527,-0.023137,-0.022327,3.141593
3220.0,-0.023289,-0.226714,-0.011944,-0.011657,6.021258,0.000100,-0.008802,-0.022641,-0.021397,3.141593
3225.0,0.009415,-0.160322,-0.007521,-0.007434,6.021642,-0.000057,0.008757,-0.023470,-0.023740,3.141593
3230.0,0.014543,0.007345,-0.013757,-0.013516,6.021642,0.000043,-0.008450,-0.022678,-0.023257,3.141593
3235.0,0.014947,0.017705,-0.014049,-0.014445,6.021642,-0.000029,0.027774,-0.024297,-0.024671,3.141593
3240.0,0.014976,0.026384,-0.014349,-0.014445,6.021642,0.000014,0.002120,-0.023161,-0.022774,3.141593
3245.0,0.014992,0.022476,-0.014092,-0.013939,6.021642,0.000014,-0.007321,-0.022742,-0.022327,3.141593
3250.0,0.015040,0.026765,-0.014191,-0.014445,6.021642,0.000057,-0.006892,-0.022731,-0.021844,3.141593
3255.0,0.002809,0.201561,-0.024676,-0.023314,6.021258,-0.000043,-0.001319,-0.023005,-0.023257,3.141593
3260.0,-0.022434,0.159384,-0.028562,-0.027885,6.020875,-0.000014,0.003938,-0.023231,-0.023740,3.141593
3265.0,-0.029277,-0.028345,-0.021497,-0.021454,6.020875,0.000114,-0.008065,-0.022638,-0.022810,3.141593
3270.0,-0.029969,-0.030774,-0.021413,-0.020951,6.020875,0.000029,0.002260,-0.023104,-0.022810,3.141593
3275.0,-0.017833,-0.225528,-0.010838,-0.012080,6.021642,0.000029,-0.017361,-0.022224,-0.022810,3.141593
3280.0,0.011705,-0.091145,-0.010122,-0.010222,6.021642,0.000029,-0.003163,-0.022830,-0.023293,3.141593
3285.0,0.014750,0.014963,-0.014084,-0.013516,6.021642,-0.000014,0.007191,-0.023298,-0.022327,3.141593
3290.0,0.014977,0.035260,-0.014858,-0.014952,6.021642,-0.000229,0.008067,-0.023445,-0.024223,3.141593
3295.0,0.014963,0.034121,-0.014731,-0.014952,6.021642,0.000000,-0.012317,-0.022508,-0.021844,3.141593
3300.0,0.015053,0.017116,-0.013871,-0.013939,6.021642,0.000000,-0.001139,-0.023011,-0.022810,3.141593
3305.0,0.015053,0.016376,-0.013757,-0.013516,6.021642,0.000086,-0.001387,-0.022975,-0.022327,3.141593
3310.0,-0.015686,0.302667,-0.033448,-0.031251,6.020875,0.000129,-0.006678,-0.022710,-0.022810,3.141593
3315.0,-0.028664,-0.018936,-0.021921,-0.021881,6.020875,0.000086,-0.002123,-0.022896,-0.023257,3.141593
3320.0,-0.029830,-0.026794,-0.021613,-0.021881,6.020875,0.000014,-0.011713,-0.022466,-0.022810,3.141593
3325.0,-0.023194,-0.230345,-0.011864,-0.011657,6.021258,-0.000014,0.000657,-0.023012,-0.022810,3.141593
3330.0,0.003274,-0.235534,-0.005698,-0.007011,6.021642,0.000000,-0.020107,-0.022096,-0.021433,3.141593
3335.0,0.026186,-0.186583,-0.002619,-0.003296,6.022025,-0.000186,0.020570,-0.023980,-0.024671,3.141593
3340.0,0.036449,0.025116,-0.009546,-0.009291,6.022025,-0.000057,-0.005831,-0.022806,-0.023257,3.141593
3345.0,0.037347,0.050145,-0.010261,-0.010220,6.022025,-0.000057,-0.001305,-0.023014,-0.022810,3.141593
3350.0,0.018538,0.425562,-0.031050,-0.031253,6.021258,0.000043,-0.011900,-0.022530,-0.022327,3.141593
3355.0,-0.020957,0.221566,-0.030923,-0.030673,6.020875,-0.000057,0.007223,-0.023404,-0.023740,3.141593
3360.0,-0.029120,-0.034036,-0.021350,-0.021881,6.020875,0.000057,-0.016269,-0.022320,-0.021880,3.141593
3365.0,-0.029808,-0.040393,-0.021026,-0.020951,6.020875,0.000057,-0.015300,-0.022344,-0.022327,3.141593
3370.0,-0.030010,-0.030837,-0.021422,-0.021454,6.020875,-0.000014,-0.014511,-0.022392,-0.022327,3.141593
3375.0,-0.014096,-0.192069,-0.011544,-0.012080,6.021642,0.000086,0.002904,-0.023126,-0.022810,3.141593
3380.0,0.024238,-0.249884,-0.000260,-0.001017,6.022025,-0.000043,-0.003049,-0.022885,-0.023740,3.141593
3385.0,0.036263,0.020813,-0.009421,-0.009291,6.022025,-0.000014,0.004424,-0.023205,-0.022327,3.141593
3390.0,0.037272,0.058332,-0.010669,-0.010729,6.022025,0.000057,-0.000172,-0.022972,-0.022327,3.141593
3395.0,0.037453,0.057424,-0.010388,-0.010729,6.022025,0.000057,-0.011279,-0.022466,-0.022810,3.141593
3400.0,0.019124,0.138864,-0.018007,-0.018083,6.021258,-0.000043,-0.001703,-0.022914,-0.023257,3.141593
3405.0,-0.020531,0.224179,-0.030793,-0.030321,6.020875,0.000029,0.000473,-0.022996,-0.023257,3.141593
3410.0,-0.029086,-0.025440,-0.021753,-0.022383,6.020875,-0.000072,0.010743,-0.023478,-0.023740,3.141593
3415.0,-0.029717,-0.043225,-0.020969,-0.020524,6.020875,0.000057,-0.011943,-0.022444,-0.022810,3.141593
3420.0,-0.029907,-0.042304,-0.020951,-0.020951,6.020875,-0.000086,0.007184,-0.023318,-0.022774,3.141593
3425.0,-0.017808,-0.228580,-0.010617,-0.012586,6.021258,0.000029,-0.000709,-0.022952,-0.023293,3.141593
3430.0,0.007657,-0.189491,-0.006618,-0.006082,6.021642,0.000000,0.016231,-0.023704,-0.023257,3.141593
3435.0,0.030271,-0.140693,-0.003578,-0.003717,6.022025,-0.000114,-0.009245,-0.022633,-0.023257,3.141593
3440.0,0.036859,0.036667,-0.009800,-0.009800,6.022025,-0.000029,0.011296,-0.023527,-0.023740,3.141593
3445.0,0.037417,0.066952,-0.010825,-0.010220,6.022025,0.000014,-0.003451,-0.022863,-0.022810,3.141593
3450.0,0.021588,0.190045,-0.019718,-0.019092,6.021258,0.000114,-0.001697,-0.022900,-0.024223,3.141593
3455.0,-0.016555,0.262058,-0.031547,-0.029819,6.020875,0.000014,0.005230,-0.023201,-0.022810,3.141593
3460.0,-0.028617,-0.024876,-0.021630,-0.022383,6.020875,-0.000014,-0.013937,-0.022354,-0.023293,3.141593
3465.0,-0.029708,-0.048154,-0.020682,-0.020951,6.020875,0.000057,-0.000731,-0.022902,-0.023293,3.141593
3470.0,-0.029955,-0.027694,-0.021537,-0.020524,6.020875,-0.000057,0.001820,-0.023054,-0.022810,3.141593
3475.0,-0.023187,-0.236624,-0.011447,-0.010728,6.021258,0.000057,-0.003050,-0.022816,-0.022810,3.141593
3480.0,0.003279,-0.248869,-0.004968,-0.006504,6.022025,-0.000100,0.011154,-0.023504,-0.023740,3.141593
3485.0,0.033896,-0.042674,-0.007096,-0.006924,6.022025,-0.000072,-0.006953,-0.022718,-0.022327,3.141593
3490.0,0.037115,0.052816,-0.010430,-0.009800,6.022025,0.000000,0.004727,-0.023236,-0.023740,3.141593
3495.0,0.037426,0.052462,-0.010145,-0.010220,6.022025,0.000014,-0.002647,-0.022895,-0.022810,3.141593
3500.0,0.003262,0.279215,-0.027850,-0.027456,6.021258,0.000043,-0.010453,-0.022539,-0.022327,3.141593
3505.0,-0.024962,0.103918,-0.026500,-0.026101,6.020875,0.000086,0.002347,-0.023062,-0.021844,3.141593
3510.0,-0.029388,-0.040152,-0.021075,-0.020951,6.020875,-0.000014,-0.019913,-0.022110,-0.023293,3.141593
3515.0,-0.029814,-0.041616,-0.020939,-0.020951,6.020875,0.000043,0.007677,-0.023300,-0.023257,3.141593
3520.0,-0.030030,-0.028713,-0.021489,-0.021881,6.020875,0.000000,0.003998,-0.023140,-0.022810,3.141593
3525.0,-0.004656,-0.322268,-0.003500,-0.003294,6.021642,-0.000043,0.006051,-0.023246,-0.023740,3.141593
3530.0,0.020022,-0.232976,-0.001845,-0.000509,6.022025,-0.000014,-0.007385,-0.022640,-0.021397,3.141593
3535.0,0.035843,-0.004369,-0.008279,-0.008362,6.022025,-0.000057,-0.002304,-0.022903,-0.022810,3.141593
3540.0,0.037245,0.053186,-0.010331,-0.010729,6.022025,-0.000014,0.019982,-0.023887,-0.022774,3.141593
3545.0,0.025218,0.242994,-0.021321,-0.020526,6.021258,-0.000014,-0.000159,-0.023022,-0.022327,3.141593
3550.0,-0.016247,0.266879,-0.031752,-0.030749,6.020875,-0.000029,0.012116,-0.023573,-0.023257,3.141593
3555.0,-0.028605,-0.014966,-0.022128,-0.022383,6.020875,0.000057,-0.018540,-0.022188,-0.021880,3.141593
3560.0,-0.029676,-0.038921,-0.021051,-0.021378,6.020875,-0.000014,-0.005868,-0.022771,-0.023257,3.141593
3565.0,-0.030009,-0.027118,-0.021557,-0.020951,6.020875,0.000057,-0.004400,-0.022801,-0.022327,3.141593
3570.0,-0.023246,-0.231972,-0.011732,-0.011232,6.021258,0.000014,-0.016962,-0.022238,-0.021397,3.141593
3575.0,0.007022,-0.204158,-0.006158,-0.006505,6.021642,0.000014,-0.001558,-0.022912,-0.023740,3.141593
3580.0,0.026450,-0.171952,-0.003119,-0.004646,6.022025,0.000057,0.010744,-0.023424,-0.023740,3.141593
3585.0,0.036439,0.043914,-0.010293,-0.010220,6.022025,0.000014,0.007041,-0.023263,-0.022327,3.141593
3590.0,0.037276,0.051116,-0.010229,-0.010220,6.022025,-0.000143,0.007644,-0.023375,-0.023740,3.141593
3595.0,0.014686,0.392463,-0.030375,-0.030749,6.021258,0.000057,0.007422,-0.023318,-0.022327,3.141593
3600.0,-0.023825,0.140155,-0.027901,-0.027031,6.020875,0.000000,-0.007854,-0.022655,-0.021397,3.141593
3605.0,-0.029263,-0.044368,-0.020918,-0.020951,6.020875,-0.000057,0.004544,-0.023237,-0.023257,3.141593
3610.0,-0.029840,-0.037683,-0.021174,-0.020951,6.020875,-0.000215,0.019926,-0.023985,-0.024671,3.141593
3615.0,-0.029951,-0.041022,-0.020975,-0.021454,6.020875,-0.000043,0.011473,-0.023597,-0.023257,3.141593
3620.0,-0.017876,-0.216867,-0.011270,-0.012586,6.021258,-0.000086,0.011593,-0.023622,-0.023740,3.141593
3625.0,0.010078,-0.127499,-0.008931,-0.008870,6.021642,0.000043,-0.008689,-0.022690,-0.021844,3.141593
3630.0,0.014566,0.012687,-0.014089,-0.014445,6.021642,0.000057,-0.004321,-0.022869,-0.022327,3.141593
3635.0,0.014958,0.020051,-0.014248,-0.014445,6.021642,0.000100,-0.005675,-0.022783,-0.022810,3.141593
3640.0,0.015049,0.018751,-0.014087,-0.014445,6.021642,0.000014,0.015079,-0.023717,-0.024187,3.141593
3645.0,0.015015,0.031623,-0.014588,-0.013939,6.021642,0.000029,-0.001385,-0.022979,-0.022327,3.141593
3650.0,0.015029,0.009408,-0.013515,-0.013939,6.021642,0.000086,-0.009701,-0.022596,-0.022327,3.141593
3655.0,-0.000983,0.166190,-0.024072,-0.023739,6.021258,0.000086,-0.012221,-0.022449,-0.019983,3.141593
3660.0,-0.025368,0.090064,-0.026280,-0.025172,6.020875,-0.000114,0.014568,-0.023707,-0.023740,3.141593
3665.0,-0.029472,-0.038013,-0.021119,-0.021378,6.020875,0.000057,0.003622,-0.023193,-0.023740,3.141593
3670.0,-0.030032,-0.033706,-0.021329,-0.021881,6.020875,0.000114,-0.006947,-0.022679,-0.020949,3.141593
3675.0,-0.017862,-0.228010,-0.010881,-0.012082,6.021258,-0.000029,-0.005455,-0.022777,-0.022810,3.141593
3680.0,0.010098,-0.129736,-0.008937,-0.009799,6.021642,-0.000072,0.000110,-0.023048,-0.023740,3.141593
3685.0,0.014541,0.013040,-0.014220,-0.014445,6.021642,0.000014,-0.009952,-0.022592,-0.021397,3.141593
3690.0,0.014970,0.029357,-0.014771,-0.014952,6.021642,0.000014,0.003300,-0.023188,-0.022810,3.141593
3695.0,0.015026,0.018251,-0.014182,-0.014445,6.021642,0.000014,-0.011651,-0.022519,-0.021844,3.141593
3700.0,0.014963,0.029027,-0.014597,-0.014445,6.021642,-0.000043,-0.005459,-0.022810,-0.022327,3.141593
3705.0,0.015002,0.018869,-0.014055,-0.014445,6.021642,0.000014,-0.006965,-0.022727,-0.022810,3.141593
3710.0,0.002945,0.202517,-0.024891,-0.023815,6.020875,-0.000072,-0.002640,-0.022951,-0.022327,3.141593
3715.0,-0.026516,0.065133,-0.025423,-0.025599,6.020875,0.000086,-0.004926,-0.022814,-0.022327,3.141593
3720.0,-0.029590,-0.029973,-0.021442,-0.020951,6.020875,0.000029,-0.012867,-0.022470,-0.022327,3.141593
3725.0,-0.030044,-0.022288,-0.021813,-0.021881,6.020875,0.000043,-0.012126,-0.022487,-0.022327,3.141593
3730.0,-0.030050,-0.025246,-0.021649,-0.020951,6.021258,0.000014,0.003896,-0.023197,-0.023740,3.141593
3735.0,0.002237,-0.286837,-0.003911,-0.005576,6.021642,0.000057,-0.007324,-0.022665,-0.021397,3.141593
3740.0,0.013931,-0.005143,-0.013749,-0.013516,6.021642,0.000014,-0.007313,-0.022675,-0.022810,3.141593
3745.0,0.014818,0.016832,-0.014453,-0.015375,6.021642,-0.000014,0.000404,-0.023027,-0.023257,3.141593
3750.0,0.015013,0.024391,-0.014663,-0.014445,6.021642,-0.000029,-0.007711,-0.022681,-0.022327,3.141593
3755.0,0.014954,0.024950,-0.014624,-0.014868,6.021642,0.000000,-0.012120,-0.022493,-0.022327,3.141593
3760.0,0.015020,0.021084,-0.014355,-0.014445,6.021642,0.000157,-0.017126,-0.022212,-0.022327,3.141593
3765.0,0.015072,0.017126,-0.014084,-0.013939,6.021642,-0.000043,0.010605,-0.023470,-0.024223,3.141593
3770.0,0.008233,0.202588,-0.023813,-0.024243,6.021258,0.000086,-0.015852,-0.022256,-0.023293,3.141593
3775.0,-0.005940,0.037360,-0.019670,-0.019596,6.021258,-0.000186,0.009436,-0.023447,-0.023257,3.141593
3780.0,-0.007290,-0.014183,-0.017716,-0.018163,6.021258,-0.000072,-0.004681,-0.022836,-0.024223,3.141593
3785.0,-0.007362,-0.018624,-0.017570,-0.017658,6.021258,0.000014,-0.012420,-0.022468,-0.022810,3.141593
3790.0,-0.007312,-0.021128,-0.017482,-0.017233,6.021258,0.000072,-0.002070,-0.022890,-0.023293,3.141593
3795.0,-0.007389,-0.020784,-0.017553,-0.018163,6.021258,0.000014,-0.005401,-0.022738,-0.022810,3.141593
3800.0,-0.007478,-0.015687,-0.017840,-0.018163,6.021258,0.000057,-0.001972,-0.022875,-0.022327,3.141593
3805.0,-0.007435,0.000980,-0.018612,-0.018163,6.021258,-0.000100,-0.010177,-0.022572,-0.023257,3.141593
3810.0,-0.007451,-0.014854,-0.017950,-0.017738,6.021258,-0.000057,-0.004516,-0.022833,-0.021397,3.141593
3815.0,-0.007449,-0.003581,-0.018492,-0.018667,6.021258,-0.000114,-0.011586,-0.022570,-0.022810,3.141593
3820.0,-0.007473,-0.003960,-0.018520,-0.018588,6.021258,-0.000043,0.001668,-0.023171,-0.024223,3.141593
3825.0,-0.007462,-0.006190,-0.018458,-0.018163,6.021258,0.000129,-0.021183,-0.022096,-0.022810,3.141593
3830.0,-0.000629,-0.204629,-0.008113,-0.007434,6.021642,0.000057,-0.009053,-0.022611,-0.023293,3.141593
3835.0,0.013518,-0.022116,-0.012989,-0.013010,6.021642,-0.000057,-0.001675,-0.022961,-0.023257,3.141593
3840.0,0.014886,0.017976,-0.014388,-0.014445,6.021642,-0.000072,0.025480,-0.024188,-0.023740,3.141593
3845.0,0.014981,0.022273,-0.014478,-0.014868,6.021642,0.000014,-0.016154,-0.022344,-0.022327,3.141593
3850.0,0.014979,0.030324,-0.014757,-0.014445,6.021642,0.000100,-0.015817,-0.022318,-0.023293,3.141593
3855.0,0.002856,0.205536,-0.025235,-0.023739,6.021258,-0.000086,0.005200,-0.023297,-0.023257,3.141593
3860.0,-0.022477,0.147679,-0.028444,-0.027960,6.020875,-0.000014,0.010057,-0.023503,-0.022327,3.141593
3865.0,-0.029333,-0.013774,-0.022081,-0.021881,6.020875,0.000029,-0.007405,-0.022719,-0.022327,3.141593
3870.0,-0.029998,-0.028768,-0.021462,-0.021454,6.020875,-0.000014,-0.018840,-0.022230,-0.020949,3.141593
3875.0,-0.030164,-0.013826,-0.022150,-0.022385,6.021258,0.000029,0.007307,-0.023382,-0.023257,3.141593
3880.0,0.005985,-0.248365,-0.004909,-0.005576,6.021642,0.000014,-0.001354,-0.022998,-0.022810,3.141593
3885.0,0.032714,-0.086880,-0.005937,-0.006083,6.022025,0.000043,-0.002468,-0.022934,-0.022810,3.141593
3890.0,0.036961,0.048471,-0.010816,-0.010729,6.022025,0.000014,-0.011075,-0.022562,-0.023740,3.141593
3895.0,0.037381,0.052169,-0.010687,-0.011150,6.022025,-0.000029,0.012694,-0.023607,-0.024671,3.141593
3900.0,0.014770,0.391306,-0.030739,-0.030749,6.021258,0.000072,-0.013403,-0.022398,-0.022327,3.141593
3905.0,-0.005414,0.052776,-0.020228,-0.020951,6.021258,-0.000114,0.009081,-0.023455,-0.022327,3.141593
3910.0,-0.007129,-0.016361,-0.017566,-0.017738,6.021258,0.000057,-0.000170,-0.023012,-0.022810,3.141593
3915.0,-0.007339,-0.012160,-0.017836,-0.018163,6.021258,-0.000043,0.038239,-0.024736,-0.025118,3.141593
3920.0,-0.007421,-0.010334,-0.017973,-0.017658,6.021258,-0.000014,-0.010470,-0.022594,-0.021361,3.141593
3925.0,-0.007412,-0.004720,-0.018261,-0.018163,6.021258,-0.000057,0.015325,-0.023756,-0.023740,3.141593
3930.0,-0.007417,-0.016833,-0.017760,-0.018163,6.021258,0.000014,0.005021,-0.023283,-0.023257,3.141593
3935.0,-0.007439,-0.007396,-0.018223,-0.018163,6.021258,0.000072,-0.000971,-0.022988,-0.021397,3.141593
3940.0,-0.007367,-0.019896,-0.017687,-0.018163,6.021258,-0.000029,0.010968,-0.023556,-0.023257,3.141593
3945.0,-0.007494,-0.004936,-0.018423,-0.018242,6.021258,-0.000072,0.006249,-0.023375,-0.023740,3.141593
3950.0,-0.007464,-0.012697,-0.018111,-0.018163,6.021258,0.000014,0.002279,-0.023184,-0.024223,3.141593
3955.0,-0.007428,-0.013239,-0.018117,-0.017738,6.021258,-0.000086,-0.002498,-0.023006,-0.023257,3.141593
3960.0,-0.007462,-0.010325,-0.018295,-0.018588,6.021258,0.000014,0.003656,-0.023232,-0.022810,3.141593
3965.0,0.008499,-0.157129,-0.008153,-0.008363,6.021642,-0.000014,0.006104,-0.023364,-0.022327,3.141593
3970.0,0.014439,0.004296,-0.013930,-0.013939,6.021642,0.000072,0.005794,-0.023317,-0.022810,3.141593
3975.0,0.014906,0.019935,-0.014444,-0.014952,6.021642,0.000000,0.003224,-0.023225,-0.022327,3.141593
3980.0,0.014997,0.027296,-0.014670,-0.014445,6.021642,-0.000057,0.005305,-0.023349,-0.022327,3.141593
3985.0,0.014967,0.022577,-0.014388,-0.014445,6.021258,0.000100,-0.004441,-0.022876,-0.024671,3.141593
3990.0,-0.005009,0.079287,-0.021426,-0.021030,6.021258,0.000014,0.005413,-0.023297,-0.022810,3.141593
3995.0,-0.025653,0.072505,-0.025595,-0.025599,6.020875,-0.000014,-0.001646,-0.022987,-0.021880,3.141593
4000.0,-0.029588,-0.020574,-0.021825,-0.021454,6.020875,0.000014,0.011082,-0.023545,-0.022291,3.141593
4005.0,-0.030132,-0.024670,-0.021713,-0.021881,6.020875,-0.000043,0.006810,-0.023387,-0.023257,3.141593
4010.0,-0.017990,-0.213239,-0.011897,-0.012587,6.021642,0.000014,-0.017104,-0.022313,-0.023293,3.141593
4015.0,0.018502,-0.281464,-0.000583,0.000088,6.022025,-0.000057,0.001865,-0.023181,-0.023257,3.141593
4020.0,0.035688,0.007716,-0.009409,-0.009291,6.022025,0.000000,-0.010279,-0.022637,-0.021397,3.141593
4025.0,0.037236,0.055395,-0.010989,-0.010729,6.022025,-0.000057,0.012575,-0.023684,-0.024671,3.141593
4030.0,0.037515,0.045790,-0.010295,-0.010729,6.022025,0.000057,0.002762,-0.023207,-0.024223,3.141593
4035.0,0.014752,0.390776,-0.030641,-0.030749,6.021258,0.000072,-0.009298,-0.022640,-0.021397,3.141593
4040.0,-0.023773,0.133522,-0.027948,-0.026955,6.020875,0.000014,-0.001639,-0.022985,-0.022327,3.141593
4045.0,-0.029279,-0.043159,-0.021041,-0.020951,6.020875,0.000057,0.006727,-0.023343,-0.023257,3.141593
4050.0,-0.029883,-0.039124,-0.021200,-0.022308,6.020875,0.000157,-0.017076,-0.022223,-0.021397,3.141593
4055.0,-0.023144,-0.238972,-0.011678,-0.011153,6.021258,-0.000057,0.008083,-0.023395,-0.023257,3.141593
4060.0,0.003335,-0.232657,-0.006021,-0.007434,6.021642,-0.000057,0.008141,-0.023412,-0.023257,3.141593
4065.0,0.014030,-0.012399,-0.013347,-0.013010,6.021642,0.000000,-0.001146,-0.022998,-0.022327,3.141593
4070.0,0.014913,0.017767,-0.014414,-0.014952,6.021642,-0.000186,0.007658,-0.023471,-0.023740,3.141593
4075.0,0.014988,0.018386,-0.014345,-0.014445,6.021642,0.000086,-0.008751,-0.022681,-0.022327,3.141593
4080.0,0.015024,0.024143,-0.014511,-0.014445,6.021642,-0.000072,-0.003635,-0.022954,-0.020949,3.141593
4085.0,0.015029,0.019630,-0.014228,-0.014445,6.021642,-0.000043,-0.011447,-0.022627,-0.023293,3.141593
4090.0,0.002849,0.218149,-0.025759,-0.024243,6.021258,0.000057,0.010640,-0.023558,-0.024187,3.141593
4095.0,-0.006545,0.008161,-0.018554,-0.018163,6.021258,0.000014,0.011738,-0.023599,-0.023257,3.141593
4100.0,-0.027305,0.023884,-0.023684,-0.023313,6.020875,0.000000,-0.013018,-0.022518,-0.023293,3.141593
4105.0,-0.029767,-0.029148,-0.021541,-0.021881,6.020875,0.000086,-0.000458,-0.023021,-0.024223,3.141593
4110.0,-0.030017,-0.021112,-0.021875,-0.021454,6.020875,0.000057,0.007798,-0.023350,-0.022774,3.141593
4115.0,-0.017962,-0.218182,-0.011641,-0.013011,6.021258,-0.000014,0.003710,-0.023191,-0.024223,3.141593
4120.0,0.010051,-0.125044,-0.009457,-0.010728,6.021642,-0.000072,-0.001063,-0.023001,-0.022327,3.141593
4125.0,0.014554,0.007514,-0.014270,-0.014023,6.021642,0.000086,-0.006389,-0.022728,-0.021844,3.141593
4130.0,0.014940,0.018998,-0.014616,-0.014952,6.021642,0.000029,0.005140,-0.023251,-0.022810,3.141593
4135.0,0.014995,0.026939,-0.014876,-0.014445,6.021642,-0.000057,-0.001627,-0.022983,-0.023257,3.141593
4140.0,0.015011,0.018360,-0.014410,-0.014868,6.021642,-0.000072,-0.001496,-0.023000,-0.023740,3.141593
4145.0,0.015049,0.019159,-0.014354,-0.014445,6.021642,-0.000014,0.005570,-0.023308,-0.023257,3.141593
4150.0,-0.003319,0.105276,-0.022312,-0.021455,6.021258,-0.000029,0.005268,-0.023305,-0.023740,3.141593
4155.0,-0.007043,-0.010271,-0.018040,-0.017658,6.021258,0.000014,-0.023192,-0.022021,-0.022363,3.141593
4160.0,-0.007356,-0.017908,-0.017807,-0.017738,6.021258,0.000029,0.001302,-0.023090,-0.021880,3.141593
4165.0,-0.007383,-0.017997,-0.017847,-0.017233,6.021258,0.000029,0.010756,-0.023504,-0.023257,3.141593
4170.0,-0.007367,-0.018933,-0.017839,-0.017738,6.021258,0.000014,-0.011581,-0.022524,-0.022327,3.141593
4175.0,-0.007462,-0.008898,-0.018348,-0.018163,6.021258,-0.000014,-0.004434,-0.022850,-0.023257,3.141593
4180.0,-0.007439,-0.016473,-0.018045,-0.018163,6.021258,0.000014,-0.003541,-0.022884,-0.021844,3.141593
4185.0,-0.007385,-0.016515,-0.018068,-0.018242,6.021258,-0.000057,0.000982,-0.023126,-0.022327,3.141593
4190.0,-0.007424,-0.012370,-0.018301,-0.018163,6.021258,0.000100,-0.014804,-0.022385,-0.022810,3.141593
4195.0,-0.007480,-0.018003,-0.018103,-0.017738,6.021258,0.000043,-0.008546,-0.022641,-0.022810,3.141593
4200.0,-0.000592,-0.195847,-0.008659,-0.008786,6.021642,0.000029,0.003391,-0.023158,-0.022810,3.141593
4205.0,0.013493,-0.017102,-0.013383,-0.013516,6.021642,0.000029,0.007799,-0.023343,-0.023740,3.141593
4210.0,0.014827,0.022946,-0.014789,-0.015375,6.021642,0.000086,0.000150,-0.022967,-0.021880,3.141593
4215.0,0.015010,0.018031,-0.014448,-0.014445,6.021642,0.000000,0.004369,-0.023181,-0.024223,3.141593
4220.0,0.015001,0.025157,-0.014688,-0.014868,6.021642,0.000057,0.005943,-0.023208,-0.022327,3.141593
4225.0,0.015013,0.026341,-0.014657,-0.014445,6.021258,-0.000043,0.009535,-0.023404,-0.025154,3.141593
4230.0,-0.004985,0.066938,-0.020981,-0.020951,6.021258,0.000057,0.009455,-0.023364,-0.023257,3.141593
4235.0,-0.007156,-0.010552,-0.018053,-0.017738,6.021258,-0.000029,0.002206,-0.023056,-0.023740,3.141593
4240.0,-0.025878,0.076551,-0.025744,-0.025096,6.020875,-0.000086,0.007403,-0.023314,-0.023740,3.141593
4245.0,-0.029758,-0.025171,-0.021647,-0.021454,6.020875,-0.000057,0.001756,-0.023081,-0.024671,3.141593
4250.0,-0.030107,-0.026038,-0.021647,-0.021454,6.020875,-0.000072,0.005517,-0.023257,-0.022810,3.141593
4255.0,-0.004762,-0.333303,-0.003667,-0.003294,6.021642,0.000057,-0.007969,-0.022639,-0.023293,3.141593
4260.0,0.025379,-0.215285,-0.002046,-0.002367,6.022025,0.000043,0.006914,-0.023282,-0.022810,3.141593
4265.0,0.036401,0.029886,-0.010294,-0.009800,6.022025,0.000086,-0.013313,-0.022347,-0.021880,3.141593
4270.0,0.037360,0.054584,-0.010980,-0.011150,6.022025,0.000029,-0.004955,-0.022727,-0.021397,3.141593
4275.0,0.037469,0.058496,-0.010929,-0.010729,6.022025,-0.000043,-0.002750,-0.022868,-0.022810,3.141593
4280.0,0.006834,0.325476,-0.029615,-0.028386,6.021258,0.000014,0.002415,-0.023076,-0.023257,3.141593
4285.0,-0.006167,0.017875,-0.018870,-0.018667,6.021258,-0.000014,0.009397,-0.023391,-0.024187,3.141593
4290.0,-0.007147,-0.024813,-0.017220,-0.016808,6.021258,-0.000057,-0.002923,-0.022877,-0.022327,3.141593
4295.0,-0.007331,-0.023476,-0.017357,-0.017233,6.021258,-0.000014,-0.003195,-0.022879,-0.023293,3.141593
4300.0,-0.007398,-0.005542,-0.018209,-0.018163,6.021258,0.000086,0.012587,-0.023517,-0.023740,3.141593
4305.0,-0.007342,-0.008404,-0.018104,-0.017738,6.021258,-0.000057,-0.004019,-0.022812,-0.022327,3.141593
4310.0,-0.007364,-0.011968,-0.017988,-0.018163,6.021258,-0.000014,0.003086,-0.023143,-0.022327,3.141593
4315.0,-0.007442,-0.005886,-0.018316,-0.018163,6.021258,-0.000057,0.000345,-0.023062,-0.022327,3.141593
4320.0,-0.007437,-0.007388,-0.018288,-0.018242,6.021258,-0.000029,-0.017056,-0.022313,-0.023293,3.141593
4325.0,-0.007401,-0.011672,-0.018127,-0.018163,6.021258,0.000029,0.001472,-0.023097,-0.022810,3.141593
4330.0,-0.007385,-0.009576,-0.018254,-0.018163,6.021258,0.000029,0.002167,-0.023128,-0.022327,3.141593
4335.0,-0.007457,-0.009334,-0.018322,-0.018163,6.021258,0.000014,-0.004030,-0.022853,-0.022810,3.141593
4340.0,0.010968,-0.104489,-0.009905,-0.010390,6.021642,0.000014,0.013420,-0.023615,-0.023740,3.141593
4345.0,0.014715,0.018254,-0.014450,-0.014868,6.021642,-0.000043,-0.000612,-0.023006,-0.023257,3.141593
4350.0,0.014956,0.024739,-0.014606,-0.014445,6.021642,-0.000014,-0.000298,-0.023016,-0.023257,3.141593
4355.0,0.014969,0.022172,-0.014410,-0.014445,6.021642,-0.000014,0.017515,-0.023802,-0.023257,3.141593
4360.0,0.015047,0.021390,-0.014276,-0.013939,6.021642,-0.000029,-0.006947,-0.022744,-0.023740,3.141593
4365.0,0.008290,0.204203,-0.023866,-0.024668,6.021258,0.000029,0.001953,-0.023115,-0.022327,3.141593
4370.0,-0.018173,0.214736,-0.030346,-0.029317,6.020875,0.000129,-0.016283,-0.022257,-0.020913,3.141593
4375.0,-0.028912,-0.013659,-0.022134,-0.022308,6.020875,-0.000029,0.007601,-0.023359,-0.022810,3.141593
4380.0,-0.029946,-0.036507,-0.021191,-0.021378,6.020875,0.000000,-0.015238,-0.022349,-0.021397,3.141593
4385.0,-0.030171,-0.029383,-0.021545,-0.021881,6.020875,0.000043,0.001201,-0.023062,-0.022810,3.141593
4390.0,0.000658,-0.319908,-0.002844,-0.004646,6.021642,-0.000043,0.003702,-0.023195,-0.022327,3.141593
4395.0,0.013849,-0.016048,-0.013332,-0.012587,6.021642,-0.000029,0.007672,-0.023396,-0.023257,3.141593
4400.0,0.014802,0.027209,-0.014970,-0.014446,6.022025,0.000057,-0.004725,-0.022811,-0.022810,3.141593
4405.0,0.035014,-0.023050,-0.008008,-0.007942,6.022025,-0.000014,-0.011581,-0.022523,-0.022810,3.141593
4410.0,0.037274,0.050873,-0.010592,-0.010729,6.022025,0.000029,-0.000057,-0.023006,-0.020913,3.141593
4415.0,0.030565,0.244478,-0.020537,-0.022386,6.021642,-0.000057,0.013197,-0.023633,-0.024671,3.141593
4420.0,0.000705,0.209234,-0.025638,-0.025173,6.021258,0.000043,0.000731,-0.023043,-0.023257,3.141593
4425.0,-0.022686,0.149796,-0.028340,-0.028387,6.020875,0.000014,0.013953,-0.023618,-0.023740,3.141593
4430.0,-0.029166,-0.033415,-0.021417,-0.020876,6.020875,-0.000043,-0.000533,-0.022999,-0.022810,3.141593
4435.0,-0.029885,-0.038911,-0.021172,-0.021454,6.020875,-0.000072,0.011409,-0.023559,-0.023740,3.141593
4440.0,-0.030030,-0.041812,-0.021015,-0.020951,6.020875,-0.000014,-0.005660,-0.022794,-0.022327,3.141593
4445.0,-0.014055,-0.204778,-0.011194,-0.012080,6.021642,0.000043,-0.006803,-0.022728,-0.022327,3.141593
4450.0,0.012088,-0.079940,-0.010814,-0.010220,6.022025,-0.000043,0.005345,-0.023298,-0.023740,3.141593
4455.0,0.034745,-0.040784,-0.007287,-0.007521,6.022025,0.000114,-0.005841,-0.022733,-0.022327,3.141593
4460.0,0.037145,0.053946,-0.010771,-0.010729,6.022025,-0.000029,-0.012422,-0.022473,-0.021880,3.141593
4465.0,0.037394,0.056963,-0.010651,-0.010728,6.021642,0.000014,-0.007501,-0.022690,-0.021844,3.141593
4470.0,0.001532,0.247859,-0.027168,-0.027536,6.021258,-0.000043,-0.001211,-0.022986,-0.022810,3.141593
4475.0,-0.006618,0.003656,-0.018157,-0.018163,6.021258,0.000014,-0.002793,-0.022899,-0.022327,3.141593
4480.0,-0.007271,-0.014345,-0.017537,-0.017738,6.021258,-0.000043,-0.007197,-0.022738,-0.022327,3.141593
4485.0,-0.007340,-0.019557,-0.017356,-0.017233,6.021258,0.000000,0.002923,-0.023191,-0.023257,3.141593
4490.0,-0.007360,-0.024691,-0.017168,-0.016729,6.021258,0.000086,-0.003473,-0.022862,-0.022810,3.141593
4495.0,-0.007392,-0.019629,-0.017440,-0.017658,6.021258,-0.000014,0.006183,-0.023298,-0.023257,3.141593
4500.0,-0.007390,-0.013225,-0.017762,-0.018163,6.021258,0.000014,0.007990,-0.023358,-0.023257,3.141593
4505.0,-0.007398,-0.005662,-0.018137,-0.017658,6.021258,-0.000086,0.005804,-0.023293,-0.023257,3.141593
4510.0,-0.007448,-0.013857,-0.017824,-0.018163,6.021258,-0.000114,0.006797,-0.023371,-0.024223,3.141593
4515.0,-0.007462,-0.015029,-0.017814,-0.018163,6.021258,0.000057,0.003749,-0.023195,-0.022327,3.141593
4520.0,-0.007451,-0.010516,-0.018052,-0.018242,6.021258,0.000000,0.008080,-0.023409,-0.024223,3.141593
4525.0,0.008567,-0.154373,-0.008027,-0.008870,6.021642,-0.000057,0.004045,-0.023253,-0.023257,3.141593
4530.0,0.014432,0.007800,-0.013855,-0.014023,6.021642,0.000014,-0.005590,-0.022805,-0.021844,3.141593
4535.0,0.014954,0.026883,-0.014507,-0.014445,6.021642,-0.000043,-0.013428,-0.022490,-0.022327,3.141593
4540.0,0.015017,0.021747,-0.014184,-0.013939,6.021642,0.000057,-0.016912,-0.022305,-0.021397,3.141593
4545.0,0.002854,0.203839,-0.024978,-0.023739,6.021258,0.000114,-0.009316,-0.022601,-0.022810,3.141593
4550.0,-0.006495,0.018611,-0.018866,-0.019092,6.021258,-0.000072,-0.004063,-0.022879,-0.022810,3.141593
4555.0,-0.007321,0.001234,-0.018315,-0.018590,6.020875,-0.000100,0.009919,-0.023542,-0.022774,3.141593
4560.0,-0.027448,0.045140,-0.024473,-0.024242,6.020875,0.000000,-0.007404,-0.022780,-0.024223,3.141593
4565.0,-0.029787,-0.037847,-0.021008,-0.021956,6.020875,0.000072,0.008456,-0.023424,-0.024223,3.141593
4570.0,-0.030162,-0.019542,-0.021867,-0.021880,6.021258,0.000029,-0.005726,-0.022784,-0.022327,3.141593
4575.0,0.005958,-0.236849,-0.005207,-0.006505,6.021642,-0.000014,-0.009481,-0.022643,-0.022327,3.141593
4580.0,0.032669,-0.085160,-0.005803,-0.006083,6.022025,-0.000014,0.015029,-0.023746,-0.023740,3.141593
4585.0,0.036936,0.048149,-0.010588,-0.010729,6.022025,0.000143,-0.014017,-0.022395,-0.022810,3.141593
4590.0,0.037426,0.050946,-0.010402,-0.010220,6.022025,-0.000057,0.017573,-0.023820,-0.023257,3.141593
4595.0,0.021547,0.190677,-0.020049,-0.020021,6.021642,-0.000029,0.013512,-0.023652,-0.023257,3.141593
4600.0,-0.000270,0.179281,-0.024414,-0.023739,6.021258,0.000000,0.009178,-0.023465,-0.024187,3.141593
4605.0,-0.006754,-0.009636,-0.017491,-0.018163,6.021258,0.000072,-0.006362,-0.022749,-0.022810,3.141593
4610.0,-0.014121,0.176327,-0.027477,-0.027533,6.020875,0.000014,-0.006989,-0.022728,-0.022810,3.141593
4615.0,-0.028369,0.003200,-0.022858,-0.022383,6.020875,-0.000043,0.005569,-0.023289,-0.023740,3.141593
4620.0,-0.029866,-0.034609,-0.021291,-0.021378,6.020875,-0.000014,-0.011438,-0.022538,-0.023293,3.141593
4625.0,-0.017842,-0.220313,-0.011093,-0.012161,6.021258,0.000000,-0.003550,-0.022871,-0.022327,3.141593
4630.0,0.010148,-0.133513,-0.008628,-0.009293,6.021642,0.000086,-0.017515,-0.022221,-0.022810,3.141593
4635.0,0.014552,0.008047,-0.013865,-0.013516,6.021642,-0.000029,0.016359,-0.023729,-0.023740,3.141593
4640.0,0.014979,0.020339,-0.014236,-0.014529,6.021642,-0.000086,-0.000590,-0.023008,-0.024223,3.141593
4645.0,0.014988,0.022276,-0.014239,-0.014023,6.021642,0.000029,-0.000516,-0.022983,-0.022327,3.141593
4650.0,0.015076,0.015280,-0.013826,-0.013516,6.021642,0.000043,0.008269,-0.023360,-0.022810,3.141593
4655.0,0.014976,0.019143,-0.013942,-0.014445,6.021642,0.000014,0.015247,-0.023674,-0.023257,3.141593
4660.0,0.002809,0.209864,-0.025122,-0.024243,6.021258,0.000057,0.000756,-0.023018,-0.022810,3.141593
4665.0,-0.006525,0.010642,-0.018383,-0.019092,6.021258,-0.000086,0.015042,-0.023688,-0.025154,3.141593
4670.0,-0.007263,-0.010821,-0.017628,-0.017233,6.021258,0.000000,0.007288,-0.023317,-0.023740,3.141593
4675.0,-0.007401,-0.025522,-0.017043,-0.017738,6.021258,-0.000057,-0.002892,-0.022899,-0.022810,3.141593
4680.0,-0.007448,0.001776,-0.018309,-0.018667,6.021258,-0.000014,0.022006,-0.024006,-0.023257,3.141593
4685.0,-0.007435,-0.003264,-0.018121,-0.018163,6.021258,-0.000043,-0.007214,-0.022748,-0.022327,3.141593
4690.0,-0.007383,-0.009585,-0.017864,-0.017658,6.021258,0.000029,0.004107,-0.023230,-0.023257,3.141593
4695.0,-0.007435,-0.008788,-0.017951,-0.017233,6.021258,-0.000086,-0.000976,-0.023040,-0.023257,3.141593
4700.0,-0.007439,-0.012624,-0.017820,-0.018163,6.021258,0.000057,-0.000365,-0.023038,-0.024223,3.141593
4705.0,-0.007415,-0.002203,-0.018318,-0.018163,6.021258,0.000114,0.010296,-0.023450,-0.023740,3.141593
4710.0,-0.007448,-0.010525,-0.017994,-0.018163,6.021258,-0.000057,-0.005717,-0.022779,-0.024223,3.141593
4715.0,-0.007439,-0.012788,-0.017931,-0.017658,6.021258,0.000029,0.001801,-0.023081,-0.022810,3.141593
4720.0,0.010933,-0.095994,-0.010061,-0.010222,6.021642,0.000057,0.008716,-0.023374,-0.023257,3.141593
4725.0,0.014654,0.007992,-0.013776,-0.013939,6.021642,0.000014,0.002646,-0.023105,-0.022810,3.141593
4730.0,0.014994,0.017040,-0.014023,-0.013939,6.021642,0.000157,-0.001039,-0.022880,-0.023293,3.141593
4735.0,0.014942,0.017596,-0.013982,-0.013432,6.021642,0.000057,0.020107,-0.023817,-0.023740,3.141593
4740.0,0.015036,0.027471,-0.014319,-0.013941,6.021258,-0.000057,-0.006856,-0.022652,-0.023293,3.141593
4745.0,-0.017231,0.250991,-0.031582,-0.030749,6.020875,-0.000014,-0.004465,-0.022748,-0.022327,3.141593
4750.0,-0.028766,-0.004115,-0.022468,-0.022383,6.020875,-0.000157,0.022457,-0.024006,-0.021880,3.141593
4755.0,-0.030007,-0.028126,-0.021514,-0.022383,6.020875,0.000014,-0.016688,-0.022273,-0.022327,3.141593
4760.0,-0.030082,-0.032964,-0.021284,-0.020951,6.020875,-0.000057,0.003706,-0.023193,-0.022327,3.141593
4765.0,-0.017974,-0.223369,-0.011247,-0.012503,6.021642,-0.000029,-0.009824,-0.022604,-0.022810,3.141593
4770.0,0.011601,-0.080701,-0.010897,-0.011658,6.021642,-0.000057,-0.007728,-0.022707,-0.022810,3.141593
4775.0,0.014607,0.016493,-0.014475,-0.014445,6.021642,-0.000057,0.015272,-0.023741,-0.023257,3.141593
4780.0,0.014992,0.014521,-0.014220,-0.014445,6.021642,0.000014,0.001426,-0.023116,-0.023257,3.141593
4785.0,0.015020,0.027687,-0.014719,-0.014445,6.021642,0.000014,0.006955,-0.023343,-0.022810,3.141593
4790.0,0.014992,0.020204,-0.014313,-0.014445,6.021642,-0.000086,0.001086,-0.023121,-0.023740,3.141593
4795.0,0.015072,0.012529,-0.013871,-0.014445,6.021642,0.000057,-0.016941,-0.022276,-0.023293,3.141593
4800.0,0.015083,0.017939,-0.014026,-0.013939,6.021642,0.000057,-0.001293,-0.022944,-0.022327,3.141593
4805.0,0.002807,0.205105,-0.025073,-0.023739,6.021258,0.000000,0.005197,-0.023240,-0.023740,3.141593
4810.0,-0.022432,0.163666,-0.028991,-0.028890,6.020875,0.000057,-0.002948,-0.022863,-0.021397,3.141593
4815.0,-0.029190,-0.032177,-0.021372,-0.021881,6.020875,-0.000114,0.014026,-0.023681,-0.023740,3.141593
4820.0,-0.030000,-0.033827,-0.021342,-0.021881,6.020875,-0.000029,0.005469,-0.023309,-0.022327,3.141593
4825.0,-0.030100,-0.033334,-0.021350,-0.021881,6.020875,0.000029,-0.000078,-0.023056,-0.022810,3.141593
4830.0,-0.011537,-0.132495,-0.013919,-0.014445,6.021642,-0.000057,-0.016760,-0.022355,-0.022810,3.141593
4835.0,0.024408,-0.248176,-0.000595,-0.001858,6.022025,0.000014,0.021999,-0.024045,-0.025118,3.141593
4840.0,0.036317,0.031398,-0.010175,-0.009379,6.022025,-0.000014,0.000352,-0.023098,-0.022810,3.141593
4845.0,0.037233,0.048761,-0.010548,-0.010729,6.022025,0.000129,-0.023619,-0.021974,-0.022810,3.141593
4850.0,0.030663,0.246157,-0.020626,-0.021373,6.021642,0.000029,0.024678,-0.024095,-0.024187,3.141593
4855.0,0.000599,0.212484,-0.025848,-0.025173,6.021258,0.000086,-0.004509,-0.022778,-0.022327,3.141593
4860.0,-0.018861,0.185770,-0.029097,-0.027960,6.020875,-0.000014,0.003944,-0.023169,-0.022810,3.141593
4865.0,-0.028850,-0.028140,-0.021636,-0.022885,6.020875,-0.000014,-0.001112,-0.022969,-0.022810,3.141593
4870.0,-0.029824,-0.041015,-0.021066,-0.020951,6.020875,0.000000,0.003352,-0.023174,-0.022810,3.141593
4875.0,-0.030014,-0.042030,-0.020999,-0.020951,6.021258,0.000057,0.017734,-0.023795,-0.024671,3.141593
4880.0,0.008508,-0.187331,-0.006786,-0.007857,6.021642,0.000043,-0.003688,-0.022831,-0.022810,3.141593
4885.0,0.014482,0.012871,-0.014280,-0.014445,6.021642,-0.000057,0.002725,-0.023148,-0.023257,3.141593
4890.0,0.014979,0.018930,-0.014357,-0.014445,6.021642,0.000072,0.003824,-0.023155,-0.022327,3.141593
4895.0,0.015051,0.017475,-0.014194,-0.014445,6.021642,-0.000057,0.001734,-0.023104,-0.023257,3.141593
4900.0,0.015056,0.016730,-0.014078,-0.013939,6.021642,0.000014,0.000835,-0.023049,-0.024223,3.141593
4905.0,0.015047,0.014186,-0.013885,-0.013516,6.021642,0.000029,0.009831,-0.023429,-0.024671,3.141593
4910.0,-0.000896,0.152425,-0.023598,-0.022810,6.020875,-0.000057,0.006326,-0.023277,-0.023740,3.141593
4915.0,-0.026801,0.044839,-0.024555,-0.024242,6.020875,-0.000043,0.011623,-0.023516,-0.024187,3.141593
4920.0,-0.029638,-0.035790,-0.021202,-0.021881,6.020875,-0.000057,0.010627,-0.023490,-0.022774,3.141593
4925.0,-0.030060,-0.027721,-0.021573,-0.021454,6.020875,0.000014,-0.009322,-0.022609,-0.023293,3.141593
4930.0,-0.017915,-0.215708,-0.011622,-0.012161,6.021258,0.000014,-0.010645,-0.022551,-0.021844,3.141593
4935.0,0.016910,-0.321311,0.000958,0.000420,6.022025,-0.000186,0.010380,-0.023566,-0.023257,3.141593
4940.0,0.035559,0.001964,-0.009059,-0.009291,6.022025,0.000086,-0.011619,-0.022535,-0.022810,3.141593
4945.0,0.037276,0.049223,-0.010580,-0.010220,6.022025,0.000143,-0.011190,-0.022505,-0.022327,3.141593
4950.0,0.025238,0.240028,-0.021617,-0.020444,6.021642,-0.000086,-0.008463,-0.022698,-0.022810,3.141593
4955.0,-0.009309,0.329622,-0.033379,-0.033537,6.020875,-0.000029,0.003201,-0.023207,-0.022810,3.141593
4960.0,-0.027934,0.007259,-0.023136,-0.023313,6.020875,0.000057,0.000508,-0.023065,-0.022327,3.141593
4965.0,-0.029703,-0.044625,-0.020921,-0.020951,6.020875,-0.000043,0.011017,-0.023567,-0.023740,3.141593
4970.0,-0.030017,-0.029742,-0.021572,-0.021454,6.020875,0.000086,0.002238,-0.023135,-0.022810,3.141593
4975.0,-0.013964,-0.204376,-0.011216,-0.012080,6.021642,0.000043,0.001955,-0.023128,-0.022327,3.141593
4980.0,0.028002,-0.211905,-0.001331,-0.002367,6.022025,0.000014,-0.000736,-0.023022,-0.023257,3.141593
4985.0,0.036576,0.045128,-0.010658,-0.010220,6.022025,0.000072,0.001639,-0.023091,-0.023293,3.141593
4990.0,0.037369,0.048833,-0.010446,-0.010729,6.022025,-0.000014,0.024692,-0.024127,-0.024671,3.141593
4995.0,0.037426,0.056873,-0.010591,-0.010222,6.021642,0.000014,-0.012646,-0.022469,-0.023776,3.141593
5000.0,-0.013118,0.360938,-0.035503,-0.034391,6.020875,0.000000,0.013610,-0.023610,-0.024671,3.141593
5005.0,-0.028408,-0.013539,-0.022349,-0.022810,6.020875,-0.000157,0.011166,-0.023564,-0.023257,3.141593
5010.0,-0.029665,-0.050051,-0.020729,-0.020951,6.020875,0.000029,-0.008115,-0.022683,-0.022327,3.141593
5015.0,-0.029967,-0.036353,-0.021297,-0.021378,6.020875,0.000129,0.003271,-0.023141,-0.023257,3.141593
5020.0,-0.030037,-0.035397,-0.021302,-0.021880,6.021258,0.000072,-0.005295,-0.022747,-0.022810,3.141593
5025.0,0.002246,-0.266915,-0.004747,-0.006505,6.021642,0.000057,-0.005351,-0.022719,-0.022810,3.141593
5030.0,0.013933,-0.004380,-0.013735,-0.013516,6.021642,-0.000057,0.018572,-0.023827,-0.023740,3.141593
5035.0,0.014892,0.015414,-0.014323,-0.014445,6.021642,-0.000057,-0.004548,-0.022822,-0.022327,3.141593
5040.0,0.015029,0.020337,-0.014430,-0.014445,6.021642,-0.000014,0.010896,-0.023501,-0.022810,3.141593
5045.0,0.015044,0.019588,-0.014312,-0.013939,6.021642,0.000029,-0.019925,-0.022138,-0.023293,3.141593
5050.0,0.015035,0.029583,-0.014679,-0.014868,6.021642,-0.000014,0.005131,-0.023241,-0.023740,3.141593
5055.0,0.015063,0.019396,-0.014135,-0.014445,6.021642,0.000043,0.000164,-0.023006,-0.023293,3.141593
5060.0,0.008224,0.222400,-0.024644,-0.024668,6.021258,-0.000043,-0.004837,-0.022801,-0.023257,3.141593
5065.0,-0.021881,0.175507,-0.029408,-0.028387,6.020875,0.000057,-0.015654,-0.022285,-0.022810,3.141593
5070.0,-0.029193,-0.028033,-0.021595,-0.022308,6.020875,0.000014,-0.009625,-0.022543,-0.022327,3.141593
5075.0,-0.029851,-0.032946,-0.021353,-0.020524,6.020875,0.000114,-0.010419,-0.022464,-0.022810,3.141593
5080.0,-0.030103,-0.041494,-0.021000,-0.021376,6.021258,-0.000086,0.008577,-0.023364,-0.023740,3.141593
5085.0,0.006019,-0.236040,-0.005294,-0.006082,6.021642,0.000014,-0.003173,-0.022824,-0.022810,3.141593
5090.0,0.014302,0.007356,-0.014194,-0.013516,6.021642,-0.000043,0.007088,-0.023298,-0.023257,3.141593
5095.0,0.014849,0.018437,-0.014489,-0.014952,6.021642,-0.000043,0.009255,-0.023402,-0.023257,3.141593
5100.0,0.014970,0.030404,-0.014915,-0.014445,6.021642,0.000086,-0.008445,-0.022578,-0.021844,3.141593
5105.0,0.015017,0.021659,-0.014434,-0.014445,6.021642,-0.000014,-0.004100,-0.022794,-0.022327,3.141593
5110.0,0.015031,0.020846,-0.014313,-0.014023,6.021642,-0.000043,-0.011090,-0.022509,-0.022327,3.141593
5115.0,0.015063,0.023187,-0.014329,-0.014445,6.021642,-0.000157,-0.001857,-0.022989,-0.024223,3.141593
5120.0,-0.000862,0.165327,-0.024211,-0.023314,6.021258,0.000014,0.009949,-0.023479,-0.023257,3.141593
5125.0,-0.022867,0.147470,-0.028455,-0.028387,6.020875,0.000029,-0.019812,-0.022155,-0.023293,3.141593
5130.0,-0.029292,-0.027766,-0.021617,-0.022308,6.020875,0.000072,-0.001087,-0.022942,-0.023293,3.141593
5135.0,-0.029939,-0.033746,-0.021367,-0.021454,6.020875,-0.000114,0.016708,-0.023805,-0.023740,3.141593
5140.0,-0.014058,-0.200498,-0.011406,-0.011657,6.021258,0.000072,-0.007689,-0.022687,-0.022810,3.141593
5145.0,0.007941,-0.169736,-0.007818,-0.008362,6.022025,0.000057,-0.006116,-0.022742,-0.022327,3.141593
5150.0,0.034413,-0.039531,-0.007488,-0.008450,6.022025,-0.000114,-0.004482,-0.022894,-0.024671,3.141593
5155.0,0.037202,0.042830,-0.010330,-0.010729,6.022025,0.000014,0.004105,-0.023225,-0.022810,3.141593
5160.0,0.037436,0.054127,-0.010581,-0.010729,6.022025,0.000043,-0.010025,-0.022583,-0.022327,3.141593
5165.0,0.014740,0.390238,-0.030517,-0.029820,6.021258,0.000072,-0.022265,-0.022015,-0.021916,3.141593
5170.0,-0.023802,0.140786,-0.028175,-0.027960,6.020875,0.000057,-0.005400,-0.022752,-0.023740,3.141593
5175.0,-0.029241,-0.035699,-0.021350,-0.021454,6.020875,-0.000014,0.013133,-0.023582,-0.023257,3.141593
5180.0,-0.029853,-0.037158,-0.021260,-0.020951,6.020875,0.000014,0.007303,-0.023320,-0.022810,3.141593
5185.0,-0.030034,-0.036127,-0.021288,-0.020951,6.020875,0.000014,-0.015587,-0.022318,-0.022327,3.141593
5190.0,0.000740,-0.333755,-0.002053,-0.002788,6.021642,-0.000086,-0.000836,-0.023005,-0.023293,3.141593
5195.0,0.032269,-0.108291,-0.004851,-0.005066,6.022025,-0.000029,0.002942,-0.023177,-0.022327,3.141593
5200.0,0.036961,0.050922,-0.010691,-0.010220,6.022025,-0.000014,0.010670,-0.023510,-0.022810,3.141593
5205.0,0.037419,0.047056,-0.010216,-0.010222,6.021642,-0.000029,0.034695,-0.024607,-0.025118,3.141593
5210.0,0.001557,0.246807,-0.027127,-0.026527,6.021258,-0.000057,-0.003066,-0.022979,-0.022810,3.141593
5215.0,-0.013492,0.191061,-0.028075,-0.028890,6.020875,-0.000114,0.001360,-0.023222,-0.024223,3.141593
5220.0,-0.028215,-0.009396,-0.022370,-0.022383,6.020875,0.000043,-0.003382,-0.022958,-0.022810,3.141593
5225.0,-0.029692,-0.035866,-0.021237,-0.020951,6.020875,0.000086,-0.011192,-0.022570,-0.023293,3.141593
5230.0,-0.029991,-0.036646,-0.021192,-0.020951,6.020875,0.000086,0.000043,-0.023027,-0.022810,3.141593
5235.0,-0.004715,-0.338350,-0.003062,-0.002788,6.021642,-0.000014,-0.006200,-0.022763,-0.024223,3.141593
5240.0,0.020068,-0.225511,-0.002431,-0.001858,6.022025,0.000057,0.006226,-0.023268,-0.022810,3.141593
5245.0,0.035781,0.002653,-0.008871,-0.008362,6.022025,-0.000014,-0.006041,-0.022743,-0.021880,3.141593
5250.0,0.037308,0.054665,-0.010647,-0.009379,6.022025,-0.000014,0.000192,-0.023030,-0.022810,3.141593
5255.0,0.030652,0.239605,-0.020193,-0.020444,6.021258,0.000100,0.004285,-0.023162,-0.022327,3.141593
5260.0,-0.015643,0.291459,-0.032951,-0.031678,6.020875,-0.000014,0.002301,-0.023084,-0.024223,3.141593
5265.0,-0.028557,-0.010798,-0.022389,-0.022885,6.020875,-0.000114,0.020693,-0.023929,-0.023257,3.141593
5270.0,-0.029760,-0.038002,-0.021199,-0.021454,6.020875,-0.000014,-0.004218,-0.022826,-0.022810,3.141593
5275.0,-0.030001,-0.038933,-0.021129,-0.021378,6.020875,-0.000014,0.006224,-0.023279,-0.023740,3.141593
5280.0,-0.023214,-0.233330,-0.011903,-0.010728,6.021258,0.000029,-0.013206,-0.022398,-0.022810,3.141593
5285.0,0.016412,-0.344898,0.002019,0.001858,6.022025,0.000029,0.018173,-0.023752,-0.023257,3.141593
5290.0,0.035511,0.005257,-0.009093,-0.008871,6.022025,-0.000086,0.002026,-0.023093,-0.022327,3.141593
5295.0,0.037243,0.047966,-0.010409,-0.009800,6.022025,-0.000014,-0.007534,-0.022672,-0.022327,3.141593
5300.0,0.037453,0.055603,-0.010503,-0.010729,6.022025,0.000057,-0.011962,-0.022445,-0.023293,3.141593
5305.0,0.014824,0.390651,-0.030374,-0.030670,6.021258,-0.000014,0.005856,-0.023245,-0.023740,3.141593
5310.0,-0.021266,0.192389,-0.029737,-0.029242,6.020875,0.000014,0.002615,-0.023080,-0.022327,3.141593
5315.0,-0.029066,-0.034839,-0.021351,-0.021378,6.020875,-0.000057,-0.013275,-0.022414,-0.022327,3.141593
5320.0,-0.029758,-0.041703,-0.020998,-0.021454,6.020875,-0.000014,-0.013163,-0.022416,-0.022810,3.141593
5325.0,-0.029984,-0.028698,-0.021534,-0.021881,6.020875,-0.000029,-0.004263,-0.022815,-0.021397,3.141593
5330.0,-0.017908,-0.225547,-0.010974,-0.012586,6.021258,0.000029,-0.019861,-0.022119,-0.021397,3.141593
5335.0,0.010114,-0.121664,-0.009265,-0.009799,6.021642,-0.000072,-0.000295,-0.023035,-0.022327,3.141593
5340.0,0.014534,0.019895,-0.014501,-0.013939,6.021642,-0.000157,0.002486,-0.023246,-0.021397,3.141593
5345.0,0.014910,0.012251,-0.013999,-0.014023,6.021642,0.000014,-0.007942,-0.022768,-0.022327,3.141593
5350.0,0.015042,0.017576,-0.014125,-0.013516,6.021642,0.000100,-0.013300,-0.022501,-0.021397,3.141593
5355.0,0.014935,0.025919,-0.014443,-0.014445,6.021642,-0.000072,0.002765,-0.023259,-0.022774,3.141593
5360.0,0.008193,0.209453,-0.024065,-0.024164,6.021258,0.000057,0.002789,-0.023235,-0.022327,3.141593
5365.0,-0.005924,0.020968,-0.018874,-0.018667,6.021258,0.000057,-0.016429,-0.022377,-0.022327,3.141593
5370.0,-0.007244,-0.021070,-0.017334,-0.017738,6.021258,0.000043,-0.004910,-0.022881,-0.023293,3.141593
5375.0,-0.007308,-0.007711,-0.017978,-0.017233,6.021258,0.000100,-0.003859,-0.022876,-0.023293,3.141593
5380.0,-0.007406,-0.014193,-0.017750,-0.017738,6.021258,0.000157,-0.013708,-0.022384,-0.021361,3.141593
5385.0,-0.007398,-0.012313,-0.017870,-0.017658,6.021258,-0.000057,-0.005414,-0.022808,-0.023740,3.141593
5390.0,-0.007412,-0.013840,-0.017844,-0.017738,6.021258,-0.000014,0.002809,-0.023158,-0.023257,3.141593
5395.0,-0.007383,-0.008960,-0.018093,-0.017658,6.021258,-0.000014,0.001653,-0.023112,-0.022810,3.141593
5400.0,-0.007464,-0.008159,-0.018188,-0.018163,6.021258,-0.000014,0.007595,-0.023379,-0.024223,3.141593
5405.0,-0.007469,-0.011286,-0.018089,-0.018163,6.021258,0.000029,0.009571,-0.023445,-0.023257,3.141593
5410.0,0.010951,-0.101540,-0.009893,-0.009799,6.021642,-0.000014,-0.012129,-0.022491,-0.021397,3.141593
5415.0,0.014622,0.008203,-0.013878,-0.014445,6.021642,-0.000114,0.011910,-0.023615,-0.024223,3.141593
5420.0,0.014995,0.018267,-0.014161,-0.013939,6.021642,0.000043,0.011250,-0.023539,-0.025154,3.141593
5425.0,0.014970,0.021210,-0.014220,-0.014445,6.021642,0.000043,-0.009024,-0.022624,-0.022810,3.141593
5430.0,0.014974,0.015007,-0.013863,-0.013939,6.021642,0.000057,0.000940,-0.023042,-0.022810,3.141593
5435.0,-0.000951,0.174940,-0.024540,-0.023739,6.021258,0.000000,-0.012385,-0.022460,-0.022327,3.141593
5440.0,-0.025263,0.094102,-0.026519,-0.027031,6.020875,0.000057,-0.002703,-0.022869,-0.022810,3.141593
5445.0,-0.029549,-0.022002,-0.021799,-0.021881,6.020875,-0.000014,0.005905,-0.023276,-0.022327,3.141593
5450.0,-0.029994,-0.025598,-0.021643,-0.021454,6.020875,-0.000014,-0.004456,-0.022836,-0.023740,3.141593
5455.0,-0.011060,-0.426035,-0.000605,-0.000929,6.021642,0.000072,0.000158,-0.022988,-0.023293,3.141593
5460.0,0.012714,-0.055927,-0.011671,-0.011235,6.021642,-0.000057,0.017004,-0.023765,-0.024187,3.141593
5465.0,0.033138,-0.065480,-0.006503,-0.006083,6.022025,-0.000043,0.002386,-0.023128,-0.023740,3.141593
5470.0,0.037065,0.049444,-0.010542,-0.010220,6.022025,0.000057,-0.000465,-0.022957,-0.022327,3.141593
5475.0,0.037426,0.050557,-0.010310,-0.010220,6.022025,-0.000043,-0.006472,-0.022719,-0.022810,3.141593
5480.0,0.006911,0.327468,-0.029410,-0.028465,6.021258,-0.000029,0.008076,-0.023373,-0.022363,3.141593
5485.0,-0.018362,0.193391,-0.029183,-0.028387,6.020875,0.000029,-0.001938,-0.022929,-0.024223,3.141593
5490.0,-0.028732,-0.019254,-0.021986,-0.021454,6.020875,-0.000014,-0.005917,-0.022740,-0.023740,3.141593
5495.0,-0.029810,-0.035699,-0.021285,-0.020951,6.020875,0.000043,-0.003985,-0.022808,-0.023257,3.141593
5500.0,-0.023117,-0.236352,-0.011570,-0.011657,6.021258,-0.000029,-0.015080,-0.022323,-0.021880,3.141593
5505.0,0.007133,-0.211898,-0.005849,-0.006505,6.021642,-0.000043,0.027243,-0.024225,-0.025637,3.141593
5510.0,0.032766,-0.082879,-0.005679,-0.005663,6.022025,0.000043,-0.014822,-0.022327,-0.022810,3.141593
5515.0,0.037070,0.034696,-0.009750,-0.009800,6.022025,-0.000029,0.011352,-0.023490,-0.023740,3.141593
5520.0,0.037394,0.052321,-0.010264,-0.010222,6.021642,-0.000072,-0.026664,-0.021839,-0.021397,3.141593
5525.0,0.005288,0.280188,-0.027561,-0.026527,6.021258,0.000057,-0.009419,-0.022561,-0.022810,3.141593
5530.0,-0.024712,0.104281,-0.026581,-0.026528,6.020875,0.000086,-0.003143,-0.022799,-0.022327,3.141593
5535.0,-0.029395,-0.024224,-0.021798,-0.020951,6.020875,-0.000014,0.008787,-0.023355,-0.024223,3.141593
5540.0,-0.029912,-0.039468,-0.021107,-0.021378,6.020875,0.000043,-0.019174,-0.022105,-0.020913,3.141593
5545.0,-0.030035,-0.045612,-0.020803,-0.021454,6.020875,0.000014,-0.000625,-0.022936,-0.022810,3.141593
5550.0,-0.014015,-0.202596,-0.011096,-0.011658,6.021642,0.000043,-0.005597,-0.022709,-0.022327,3.141593
5555.0,0.018917,-0.272826,-0.000489,0.000000,6.022025,0.000014,0.005893,-0.023224,-0.022327,3.141593
5560.0,0.035711,0.011679,-0.009196,-0.009291,6.022025,-0.000100,-0.014504,-0.022394,-0.021397,3.141593
5565.0,0.037217,0.056295,-0.010648,-0.011238,6.022025,0.000000,0.004738,-0.023233,-0.023740,3.141593
5570.0,0.030586,0.247925,-0.020486,-0.020950,6.021642,0.000014,-0.000081,-0.023005,-0.022810,3.141593
5575.0,-0.008765,0.343198,-0.033576,-0.033537,6.020875,-0.000057,-0.000874,-0.022990,-0.022810,3.141593
5580.0,-0.027888,0.005546,-0.022983,-0.023237,6.020875,-0.000014,-0.003280,-0.022885,-0.023740,3.141593
5585.0,-0.029676,-0.035303,-0.021302,-0.021378,6.020875,0.000043,-0.008812,-0.022607,-0.022810,3.141593
5590.0,-0.029892,-0.042714,-0.020913,-0.020951,6.020875,-0.000043,0.006725,-0.023309,-0.023257,3.141593
5595.0,-0.030069,-0.032128,-0.021371,-0.021454,6.020875,0.000029,-0.017759,-0.022222,-0.020949,3.141593
5600.0,0.000603,-0.319163,-0.002654,-0.004646,6.021642,0.000014,0.004571,-0.023203,-0.022327,3.141593
5605.0,0.032188,-0.106911,-0.004853,-0.006083,6.022025,-0.000014,-0.005678,-0.022770,-0.022810,3.141593
5610.0,0.036925,0.045774,-0.010393,-0.010220,6.022025,0.000072,-0.020814,-0.022069,-0.021397,3.141593
5615.0,0.037365,0.052062,-0.010376,-0.010220,6.022025,-0.000086,0.012025,-0.023582,-0.023740,3.141593
5620.0,0.014652,0.389866,-0.030394,-0.030245,6.021258,-0.000014,-0.007262,-0.022725,-0.022810,3.141593
5625.0,-0.017558,0.216110,-0.029955,-0.028890,6.020875,-0.000014,0.011955,-0.023579,-0.023740,3.141593
5630.0,-0.028716,-0.018451,-0.022099,-0.022383,6.020875,-0.000014,-0.006202,-0.022777,-0.022327,3.141593
5635.0,-0.029801,-0.034601,-0.021401,-0.021454,6.020875,-0.000057,0.005854,-0.023325,-0.023257,3.141593
5640.0,-0.029874,-0.042264,-0.020973,-0.021454,6.020875,-0.000014,0.007625,-0.023407,-0.024671,3.141593
5645.0,-0.014006,-0.192130,-0.011550,-0.012503,6.021642,0.000086,-0.010301,-0.022547,-0.022327,3.141593
5650.0,0.012023,-0.083403,-0.010480,-0.009799,6.021642,0.000000,-0.001030,-0.022966,-0.022810,3.141593
5655.0,0.014740,0.010680,-0.013981,-0.014445,6.021642,0.000029,-0.000940,-0.022962,-0.022810,3.141593
5660.0,0.014947,0.016558,-0.014117,-0.014445,6.021642,-0.000057,0.003904,-0.023202,-0.023257,3.141593
5665.0,0.014954,0.023520,-0.014348,-0.014445,6.021642,0.000014,0.003451,-0.023164,-0.022810,3.141593
5670.0,0.015038,0.029682,-0.014521,-0.014868,6.021642,0.000014,0.011887,-0.023525,-0.023257,3.141593
5675.0,0.008254,0.214300,-0.024198,-0.023739,6.021258,0.000014,-0.010956,-0.022517,-0.022327,3.141593
5680.0,-0.018173,0.220292,-0.030472,-0.029317,6.020875,0.000043,-0.010715,-0.022522,-0.022327,3.141593
5685.0,-0.028893,-0.016546,-0.022087,-0.021881,6.020875,-0.000057,-0.003074,-0.022880,-0.022327,3.141593
5690.0,-0.029828,-0.036167,-0.021236,-0.020951,6.020875,-0.000029,0.001716,-0.023097,-0.023740,3.141593
5695.0,-0.030078,-0.036608,-0.021229,-0.022383,6.020875,-0.000029,0.007067,-0.023337,-0.023257,3.141593
5700.0,-0.014125,-0.190538,-0.011857,-0.012586,6.021258,-0.000057,-0.003087,-0.022899,-0.022327,3.141593
5705.0,0.010448,-0.122945,-0.009307,-0.009293,6.021642,-0.000029,0.008155,-0.023398,-0.024223,3.141593
5710.0,0.014589,0.025126,-0.014893,-0.015375,6.021642,-0.000157,0.009071,-0.023493,-0.022810,3.141593
5715.0,0.014958,0.031944,-0.015035,-0.015375,6.021642,-0.000029,-0.008365,-0.022719,-0.022327,3.141593
5720.0,0.015010,0.021665,-0.014484,-0.014445,6.021642,0.000029,-0.008117,-0.022721,-0.022810,3.141593
5725.0,0.015024,0.025410,-0.014568,-0.013516,6.021642,0.000114,0.005674,-0.023285,-0.023740,3.141593
5730.0,0.015063,0.020287,-0.014249,-0.014445,6.021642,-0.000057,0.004692,-0.023268,-0.022810,3.141593
5735.0,0.008249,0.199275,-0.023682,-0.024243,6.021258,0.000014,-0.010039,-0.022616,-0.024223,3.141593
5740.0,-0.018141,0.228289,-0.030969,-0.029317,6.020875,0.000043,0.014095,-0.023642,-0.022774,3.141593
5745.0,-0.028868,-0.017836,-0.022008,-0.021454,6.020875,-0.000043,0.001222,-0.023112,-0.022327,3.141593
5750.0,-0.029894,-0.042550,-0.020972,-0.020951,6.020875,0.000029,-0.005415,-0.022815,-0.022327,3.141593
5755.0,-0.023244,-0.223765,-0.012456,-0.011657,6.021258,0.000014,0.021108,-0.023985,-0.024187,3.141593
5760.0,0.003290,-0.250511,-0.005315,-0.005576,6.021642,-0.000014,-0.014561,-0.022426,-0.023293,3.141593
5765.0,0.014023,-0.010818,-0.013500,-0.013010,6.021642,0.000014,-0.000926,-0.023003,-0.022327,3.141593
5770.0,0.014918,0.008657,-0.014088,-0.013939,6.021642,-0.000014,0.009243,-0.023466,-0.023740,3.141593
5775.0,0.015047,0.015672,-0.014289,-0.014445,6.021642,0.000057,-0.010409,-0.022580,-0.022327,3.141593
5780.0,0.015011,0.020730,-0.014443,-0.014445,6.021642,0.000000,-0.005626,-0.022801,-0.022327,3.141593
5785.0,0.015060,0.017853,-0.014222,-0.013939,6.021642,0.000043,-0.004711,-0.022808,-0.023293,3.141593
5790.0,0.002807,0.207883,-0.025392,-0.024243,6.021258,-0.000029,0.002396,-0.023132,-0.023257,3.141593
5795.0,-0.006503,0.005685,-0.018514,-0.018667,6.021258,0.000029,-0.011291,-0.022499,-0.021880,3.141593
5800.0,-0.007246,-0.024954,-0.017351,-0.017738,6.021258,0.000000,-0.011580,-0.022488,-0.022327,3.141593
5805.0,-0.007401,-0.001674,-0.018462,-0.018667,6.021258,0.000086,0.013970,-0.023585,-0.023257,3.141593
5810.0,-0.007417,-0.013844,-0.017962,-0.018163,6.021258,-0.000043,-0.007266,-0.022675,-0.022327,3.141593
5815.0,-0.007351,-0.017910,-0.017803,-0.017658,6.021258,0.000029,-0.005669,-0.022727,-0.022327,3.141593
5820.0,-0.007410,-0.015214,-0.017975,-0.017738,6.021258,-0.000100,-0.008405,-0.022661,-0.022810,3.141593
5825.0,-0.007491,-0.004576,-0.018508,-0.018163,6.021258,0.000086,-0.009024,-0.022584,-0.022810,3.141593
5830.0,-0.007446,-0.012390,-0.018190,-0.018163,6.021258,-0.000143,-0.004676,-0.022852,-0.023257,3.141593
5835.0,-0.007462,-0.014109,-0.018157,-0.018667,6.021258,0.000072,-0.004828,-0.022785,-0.022810,3.141593
5840.0,-0.007421,-0.017499,-0.018035,-0.018667,6.021258,-0.000114,0.007246,-0.023381,-0.023257,3.141593
5845.0,-0.007392,-0.012893,-0.018270,-0.018163,6.021258,0.000129,-0.008647,-0.022615,-0.021397,3.141593
5850.0,0.008504,-0.162868,-0.008003,-0.008870,6.021642,-0.000057,0.010843,-0.023530,-0.024187,3.141593
5855.0,0.014459,0.012902,-0.014414,-0.014445,6.021642,-0.000014,-0.006816,-0.022745,-0.022810,3.141593
5860.0,0.014935,0.022358,-0.014649,-0.014445,6.021642,-0.000014,0.005095,-0.023281,-0.023740,3.141593
5865.0,0.014935,0.027005,-0.014779,-0.014445,6.021642,0.000072,-0.000341,-0.022994,-0.021844,3.141593
5870.0,0.014992,0.021798,-0.014455,-0.014023,6.021642,-0.000029,0.012750,-0.023613,-0.023740,3.141593
5875.0,0.002841,0.200939,-0.025116,-0.024243,6.021258,-0.000086,0.031338,-0.024468,-0.024187,3.141593
5880.0,-0.006486,0.008979,-0.018697,-0.019092,6.021258,0.000029,-0.004092,-0.022891,-0.022810,3.141593
5885.0,-0.023394,0.148478,-0.028671,-0.027960,6.020875,0.000029,0.009712,-0.023496,-0.023740,3.141593
5890.0,-0.029481,-0.018682,-0.021889,-0.021881,6.020875,0.000129,-0.002315,-0.022912,-0.022810,3.141593
5895.0,-0.030105,-0.015025,-0.022122,-0.022885,6.020875,-0.000057,0.004409,-0.023249,-0.023257,3.141593
5900.0,-0.018017,-0.219109,-0.011696,-0.013091,6.021258,0.000014,-0.011490,-0.022523,-0.022327,3.141593
5905.0,0.007635,-0.188444,-0.007280,-0.007521,6.022025,0.000000,0.011552,-0.023544,-0.023740,3.141593
5910.0,0.034411,-0.047107,-0.007376,-0.007013,6.022025,-0.000043,-0.003725,-0.022881,-0.021880,3.141593
5915.0,0.037133,0.055622,-0.011144,-0.011238,6.022025,0.000072,-0.010179,-0.022557,-0.021880,3.141593
5920.0,0.037454,0.044467,-0.010375,-0.010729,6.022025,0.000057,-0.001895,-0.022923,-0.022810,3.141593
5925.0,0.021603,0.198068,-0.020631,-0.020021,6.021258,-0.000014,-0.001345,-0.022968,-0.023740,3.141593
5930.0,-0.004309,0.076311,-0.021045,-0.020446,6.021258,0.000029,0.009160,-0.023405,-0.022810,3.141593
5935.0,-0.025474,0.073022,-0.025743,-0.026101,6.020875,-0.000029,-0.006112,-0.022753,-0.023740,3.141593
5940.0,-0.029481,-0.025582,-0.021695,-0.021454,6.020875,0.000014,0.005254,-0.023229,-0.023740,3.141593
5945.0,-0.030005,-0.040438,-0.021062,-0.021378,6.020875,-0.000043,-0.006841,-0.022699,-0.022810,3.141593
5950.0,-0.030164,-0.026512,-0.021696,-0.021881,6.020875,-0.000086,-0.001281,-0.022978,-0.023257,3.141593
5955.0,0.000679,-0.327226,-0.002604,-0.004224,6.021642,-0.000129,0.006988,-0.023399,-0.023740,3.141593
5960.0,0.013812,-0.019119,-0.013297,-0.013010,6.021642,0.000014,0.011515,-0.023577,-0.023257,3.141593
5965.0,0.014822,0.024423,-0.014932,-0.015375,6.021642,0.000157,-0.018163,-0.022205,-0.023293,3.141593
5970.0,0.014972,0.027986,-0.014977,-0.014445,6.021642,0.000072,-0.001059,-0.022922,-0.021844,3.141593
5975.0,0.015015,0.016634,-0.014381,-0.014868,6.021642,-0.000057,0.014654,-0.023664,-0.023740,3.141593
5980.0,0.015040,0.028090,-0.014804,-0.014445,6.021642,0.000014,0.008869,-0.023392,-0.024671,3.141593
5985.0,0.015063,0.014778,-0.014124,-0.014445,6.021642,-0.000029,0.005039,-0.023224,-0.023257,3.141593
5990.0,0.015049,0.016788,-0.014135,-0.014445,6.021258,-0.000057,0.020998,-0.023940,-0.023257,3.141593
5995.0,-0.004971,0.056320,-0.020415,-0.019517,6.021258,-0.000072,-0.014882,-0.022404,-0.022810,3.141593
6000.0,-0.007215,-0.013877,-0.017831,-0.018163,6.021258,0.000057,0.001072,-0.023065,-0.022810,3.141593
6005.0,-0.007321,-0.016453,-0.017774,-0.017738,6.021258,0.000100,0.005254,-0.023212,-0.022810,3.141593
6010.0,-0.007415,-0.017551,-0.017784,-0.017658,6.021258,0.000029,0.001143,-0.023034,-0.022327,3.141593
6015.0,-0.007405,-0.012397,-0.018050,-0.018163,6.021258,0.000057,-0.004956,-0.022758,-0.023776,3.141593
6020.0,-0.007406,-0.018459,-0.017818,-0.017658,6.021258,0.000086,0.001657,-0.023013,-0.022810,3.141593
6025.0,-0.007403,-0.008550,-0.018296,-0.018163,6.021258,-0.000014,-0.001643,-0.022888,-0.021844,3.141593
6030.0,-0.007394,-0.016554,-0.017975,-0.018163,6.021258,0.000000,-0.000686,-0.022941,-0.021397,3.141593
6035.0,-0.007478,-0.005422,-0.018531,-0.018585,6.021642,-0.000014,0.013694,-0.023595,-0.023740,3.141593
6040.0,0.012587,-0.060154,-0.011521,-0.011658,6.021642,-0.000086,0.004583,-0.023225,-0.022810,3.141593
6045.0,0.014788,0.014202,-0.014259,-0.013939,6.021642,-0.000072,0.002840,-0.023196,-0.022810,3.141593
6050.0,0.014990,0.022397,-0.014499,-0.014445,6.021642,0.000000,-0.001718,-0.022991,-0.021397,3.141593
6055.0,0.015013,0.025914,-0.014569,-0.014445,6.021642,-0.000157,0.024977,-0.024257,-0.025154,3.141593
6060.0,0.015015,0.018434,-0.014156,-0.014445,6.021642,-0.000014,-0.007592,-0.022803,-0.023293,3.141593
6065.0,0.008236,0.204143,-0.023879,-0.024668,6.021258,0.000114,0.002349,-0.023192,-0.022810,3.141593
6070.0,-0.005949,0.036939,-0.019653,-0.020022,6.020875,0.000014,-0.002380,-0.022996,-0.022810,3.141593
6075.0,-0.027323,0.040063,-0.024329,-0.024242,6.020875,-0.000014,-0.000337,-0.023089,-0.023740,3.141593
6080.0,-0.029744,-0.031949,-0.021333,-0.020524,6.020875,0.000043,0.004736,-0.023281,-0.023740,3.141593
6085.0,-0.030110,-0.027164,-0.021581,-0.021881,6.020875,-0.000029,-0.006294,-0.022808,-0.022327,3.141593
6090.0,-0.017964,-0.225269,-0.011280,-0.012586,6.021258,0.000100,-0.009872,-0.022616,-0.022327,3.141593
6095.0,0.010058,-0.131246,-0.009133,-0.009293,6.021642,0.000029,0.003786,-0.023228,-0.023257,3.141593
6100.0,0.014572,0.015799,-0.014591,-0.013939,6.021642,0.000057,0.005181,-0.023261,-0.024223,3.141593
6105.0,0.014956,0.020286,-0.014625,-0.014445,6.021642,-0.000043,0.019774,-0.023935,-0.024671,3.141593
6110.0,0.014942,0.018518,-0.014471,-0.015375,6.021642,-0.000057,0.000528,-0.023107,-0.022327,3.141593
6115.0,0.015072,0.029468,-0.014846,-0.015459,6.021642,-0.000014,-0.004050,-0.022906,-0.023740,3.141593
6120.0,0.015047,0.023399,-0.014499,-0.014445,6.021642,0.000129,-0.015139,-0.022342,-0.023293,3.141593
6125.0,0.008215,0.213583,-0.024436,-0.024668,6.021258,0.000043,-0.009604,-0.022579,-0.021397,3.141593
6130.0,-0.005938,0.044151,-0.020102,-0.020021,6.021258,-0.000072,0.005143,-0.023275,-0.023257,3.141593
6135.0,-0.007262,-0.017107,-0.017708,-0.018667,6.021258,0.000072,-0.000228,-0.022996,-0.022810,3.141593
6140.0,-0.025849,0.084214,-0.026137,-0.025599,6.020875,-0.000072,-0.008926,-0.022661,-0.023293,3.141593
6145.0,-0.029694,-0.018795,-0.021959,-0.021881,6.020875,-0.000014,-0.009825,-0.022614,-0.022327,3.141593
6150.0,-0.030026,-0.033607,-0.021316,-0.020951,6.020875,-0.000100,0.006066,-0.023372,-0.022810,3.141593
6155.0,-0.023409,-0.214873,-0.012864,-0.012082,6.021258,-0.000029,0.006520,-0.023400,-0.024671,3.141593
6160.0,0.003245,-0.249749,-0.005606,-0.006505,6.021642,0.000086,-0.000015,-0.023059,-0.023740,3.141593
6165.0,0.029891,-0.144490,-0.004175,-0.004646,6.022025,-0.000043,0.007977,-0.023432,-0.023740,3.141593
6170.0,0.036820,0.042163,-0.010733,-0.010729,6.022025,0.000043,-0.008816,-0.022666,-0.022327,3.141593
6175.0,0.037369,0.054533,-0.010962,-0.011150,6.022025,0.000143,-0.011995,-0.022469,-0.022327,3.141593
6180.0,0.030735,0.248032,-0.020880,-0.021373,6.021642,0.000000,0.005969,-0.023290,-0.022810,3.141593
6185.0,0.000649,0.207691,-0.025808,-0.024668,6.021258,0.000014,-0.007956,-0.022668,-0.022810,3.141593
6190.0,-0.006711,-0.001587,-0.018177,-0.018665,6.020875,-0.000014,-0.007443,-0.022700,-0.022327,3.141593
6195.0,-0.027235,0.029043,-0.023995,-0.024242,6.020875,0.000000,-0.007947,-0.022682,-0.021844,3.141593
6200.0,-0.029726,-0.027812,-0.021669,-0.021454,6.020875,-0.000057,0.012785,-0.023626,-0.023740,3.141593
6205.0,-0.029975,-0.033496,-0.021397,-0.020951,6.020875,-0.000014,-0.004162,-0.022877,-0.021397,3.141593
6210.0,-0.023237,-0.228420,-0.012275,-0.012507,6.021258,0.000029,0.007109,-0.023384,-0.025154,3.141593
6215.0,0.007010,-0.203526,-0.006703,-0.007434,6.021642,0.000029,-0.012262,-0.022496,-0.021397,3.141593
6220.0,0.014357,0.006192,-0.014313,-0.014023,6.021642,-0.000129,0.013180,-0.023690,-0.023740,3.141593
6225.0,0.014924,0.026306,-0.015002,-0.014868,6.021642,0.000000,0.006916,-0.023403,-0.024187,3.141593
6230.0,0.015031,0.025728,-0.014872,-0.014445,6.021642,0.000057,0.001417,-0.023109,-0.022810,3.141593
6235.0,0.015115,0.019210,-0.014478,-0.014445,6.021642,-0.000072,0.021489,-0.024033,-0.023257,3.141593
6240.0,0.015053,0.026329,-0.014728,-0.014445,6.021642,0.000043,0.003542,-0.023220,-0.022810,3.141593
6245.0,0.014997,0.020849,-0.014417,-0.014445,6.021642,0.000129,0.006436,-0.023294,-0.024223,3.141593
6250.0,0.002870,0.202246,-0.025171,-0.023739,6.021258,-0.000172,0.012922,-0.023665,-0.023740,3.141593
6255.0,-0.006491,0.002292,-0.018405,-0.018588,6.021258,0.000057,-0.005509,-0.022806,-0.022810,3.141593
6260.0,-0.007254,-0.012473,-0.017953,-0.018163,6.021258,0.000029,0.002142,-0.023138,-0.024671,3.141593
6265.0,-0.007351,-0.016020,-0.017853,-0.017738,6.021258,-0.000014,0.028086,-0.024277,-0.025154,3.141593
6270.0,-0.007376,-0.016982,-0.017853,-0.017738,6.021258,0.000014,0.006689,-0.023321,-0.023740,3.141593
6275.0,-0.007401,-0.004332,-0.018461,-0.018083,6.021258,0.000014,-0.006948,-0.022713,-0.022327,3.141593
6280.0,-0.007435,-0.009500,-0.018277,-0.018667,6.021258,0.000086,-0.006405,-0.022718,-0.023740,3.141593
6285.0,-0.007423,-0.008860,-0.018341,-0.018163,6.021258,0.000072,0.009644,-0.023392,-0.023257,3.141593
6290.0,-0.007444,-0.009796,-0.018344,-0.018163,6.021258,-0.000057,0.006429,-0.023280,-0.023740,3.141593
6295.0,0.010979,-0.100211,-0.010138,-0.010222,6.021642,-0.000014,-0.013175,-0.022409,-0.022327,3.141593
6300.0,0.014654,0.019386,-0.014561,-0.014445,6.021642,-0.000086,0.010255,-0.023479,-0.023740,3.141593
6305.0,0.014915,0.026332,-0.014734,-0.015375,6.021642,-0.000014,-0.005028,-0.022799,-0.023293,3.141593
6310.0,0.015029,0.023237,-0.014488,-0.014445,6.021642,0.000100,-0.022144,-0.021986,-0.022363,3.141593
6315.0,0.014988,0.033031,-0.014854,-0.015375,6.021642,-0.000086,-0.008404,-0.022625,-0.021880,3.141593
6320.0,0.014990,0.018698,-0.014135,-0.014445,6.021642,0.000057,0.001450,-0.023032,-0.023740,3.141593
6325.0,0.002933,0.185824,-0.024235,-0.023314,6.021258,-0.000072,0.006280,-0.023281,-0.024223,3.141593
6330.0,-0.018674,0.189231,-0.029310,-0.028387,6.020875,-0.000057,0.006825,-0.023320,-0.022327,3.141593
6335.0,-0.028923,-0.007792,-0.022379,-0.022383,6.020875,0.000014,-0.016850,-0.022272,-0.022327,3.141593
6340.0,-0.029919,-0.037250,-0.021135,-0.020951,6.020875,0.000014,0.007214,-0.023333,-0.022810,3.141593
6345.0,-0.030075,-0.034685,-0.021252,-0.020951,6.021258,-0.000014,-0.007720,-0.022683,-0.022327,3.141593
6350.0,0.006017,-0.241837,-0.005054,-0.005998,6.021642,-0.000143,0.004613,-0.023279,-0.022810,3.141593
6355.0,0.032671,-0.079123,-0.006155,-0.005663,6.022025,-0.000043,-0.002183,-0.022984,-0.023740,3.141593
6360.0,0.037018,0.047467,-0.010620,-0.010729,6.022025,0.000072,-0.017642,-0.022261,-0.022810,3.141593
6365.0,0.037308,0.062391,-0.011023,-0.011150,6.022025,0.000014,0.007562,-0.023360,-0.024187,3.141593
6370.0,0.006925,0.318359,-0.029157,-0.027456,6.021258,0.000029,-0.011300,-0.022507,-0.022810,3.141593
6375.0,-0.022062,0.154876,-0.028478,-0.027960,6.020875,-0.000043,-0.009625,-0.022594,-0.022327,3.141593
6380.0,-0.029175,-0.023934,-0.021831,-0.021881,6.020875,-0.000014,0.005218,-0.023259,-0.023257,3.141593
6385.0,-0.029837,-0.038234,-0.021171,-0.021881,6.020875,0.000014,-0.002542,-0.022920,-0.022810,3.141593
6390.0,-0.030039,-0.033039,-0.021376,-0.021455,6.021258,-0.000014,0.002591,-0.023167,-0.023740,3.141593
6395.0,-0.009985,-0.085926,-0.015579,-0.015881,6.021642,-0.000072,0.016356,-0.023801,-0.023740,3.141593
6400.0,0.012390,-0.066666,-0.011345,-0.012080,6.021642,0.000057,-0.013606,-0.022436,-0.022327,3.141593
6405.0,0.014784,0.012934,-0.014273,-0.014445,6.021642,0.000014,0.003718,-0.023198,-0.023740,3.141593
6410.0,0.014945,0.027093,-0.014789,-0.014868,6.021642,0.000014,0.006069,-0.023288,-0.023740,3.141593
6415.0,0.015013,0.021493,-0.014444,-0.014445,6.021642,0.000014,-0.005567,-0.022762,-0.022810,3.141593
6420.0,0.015063,0.015457,-0.014082,-0.014529,6.021642,0.000114,-0.011507,-0.022436,-0.023293,3.141593
6425.0,0.015049,0.024898,-0.014424,-0.013939,6.021642,-0.000057,0.010155,-0.023428,-0.022327,3.141593
6430.0,0.002927,0.191767,-0.024527,-0.022810,6.021258,-0.000114,-0.006540,-0.022744,-0.022810,3.141593
6435.0,-0.006507,0.013061,-0.018726,-0.018667,6.021258,0.000057,-0.012828,-0.022428,-0.022327,3.141593
6440.0,-0.007312,-0.009816,-0.017924,-0.018667,6.021258,0.000186,-0.010489,-0.022449,-0.021397,3.141593
6445.0,-0.007417,-0.012370,-0.017873,-0.018163,6.021258,-0.000086,0.000292,-0.023005,-0.022810,3.141593
6450.0,-0.007435,-0.005062,-0.018240,-0.018163,6.021258,-0.000014,0.016648,-0.023729,-0.024671,3.141593
6455.0,-0.007376,-0.020094,-0.017594,-0.016729,6.021258,-0.000029,-0.001710,-0.022923,-0.024223,3.141593
6460.0,-0.007489,-0.011170,-0.018059,-0.017738,6.021258,-0.000043,0.017661,-0.023785,-0.024671,3.141593
6465.0,-0.007405,-0.019659,-0.017700,-0.018163,6.021258,-0.000114,0.003806,-0.023204,-0.022774,3.141593
6470.0,-0.007437,-0.011875,-0.018092,-0.018163,6.021258,-0.000114,0.021745,-0.024033,-0.025154,3.141593
6475.0,-0.007439,-0.008364,-0.018288,-0.018163,6.021258,-0.000043,-0.005981,-0.022812,-0.022327,3.141593
6480.0,-0.007482,-0.008466,-0.018334,-0.018163,6.021258,-0.000057,0.005697,-0.023342,-0.023740,3.141593
6485.0,-0.007464,-0.013115,-0.018163,-0.018163,6.021258,0.000014,-0.004158,-0.022884,-0.022327,3.141593
6490.0,-0.007460,-0.018660,-0.017955,-0.018588,6.021258,0.000057,0.002777,-0.023176,-0.022774,3.141593
6495.0,-0.007455,-0.011485,-0.018313,-0.018163,6.021642,0.000200,-0.022231,-0.021989,-0.021880,3.141593
6500.0,0.012528,-0.058382,-0.011673,-0.011658,6.021642,-0.000057,0.003704,-0.023194,-0.023257,3.141593
6505.0,15.658397,11.572616,0.202045,0.168973,6.020491,0.000029,-0.002844,-0.022882,-0.022810,3.141593
6510.0,15.185870,16.635220,-0.042380,-0.038181,6.010137,-0.000014,0.011994,-0.023558,-0.023740,3.141593
6515.0,14.618674,15.827191,-0.050031,-0.048090,6.001317,-0.000029,-0.003609,-0.022870,-0.021397,3.141593
6520.0,14.115012,14.740816,-0.033875,-0.034767,5.993647,-0.000043,0.025412,-0.024163,-0.024671,3.141593
6525.0,13.681953,13.911254,-0.015779,-0.016144,5.986360,-0.000157,0.018994,-0.023944,-0.024671,3.141593
6530.0,13.264209,13.684939,-0.023454,-0.023743,5.979457,0.000014,-0.000393,-0.023055,-0.023740,3.141593
6535.0,12.861120,13.117607,-0.014970,-0.014081,5.972554,0.000114,-0.004831,-0.022797,-0.022327,3.141593
6540.0,12.465661,12.617952,-0.010061,-0.010552,5.966418,0.000100,-0.014207,-0.022345,-0.020949,3.141593
6545.0,12.092108,12.405420,-0.015118,-0.016217,5.959899,0.000014,0.003803,-0.023155,-0.023257,3.141593
6550.0,11.723274,11.992289,-0.012312,-0.012167,5.954146,0.000029,0.008524,-0.023349,-0.023740,3.141593
6555.0,11.373155,11.295926,0.005272,0.005659,5.948394,0.000014,0.005927,-0.023234,-0.022810,3.141593
6560.0,11.060919,10.992700,0.012066,0.011302,5.943025,-0.000043,-0.007448,-0.022662,-0.022810,3.141593
6565.0,10.727428,10.929144,0.001539,0.000785,5.937273,0.000014,0.010184,-0.023426,-0.023740,3.141593
6570.0,10.403454,10.508445,0.007183,0.006439,5.931904,0.000043,0.000613,-0.022977,-0.021880,3.141593
6575.0,10.099638,10.112484,0.014499,0.013690,5.927302,0.000014,0.004879,-0.023167,-0.023740,3.141593
6580.0,9.815784,9.744123,0.023445,0.022736,5.922317,0.000014,-0.003965,-0.022774,-0.022327,3.141593
6585.0,9.524249,9.607254,0.018705,0.019683,5.917331,-0.000043,0.000148,-0.022976,-0.023740,3.141593
6590.0,9.220068,9.515406,0.007404,0.008265,5.912345,-0.000043,0.003417,-0.023127,-0.023740,3.141593
6595.0,8.930454,9.046479,0.014493,0.015173,5.907743,-0.000057,-0.003587,-0.022833,-0.023257,3.141593
6600.0,8.671027,8.638227,0.024160,0.023908,5.903525,0.000072,0.017195,-0.023706,-0.023740,3.141593
6605.0,8.420101,8.436388,0.025110,0.025293,5.898923,-0.000215,0.009811,-0.023470,-0.023740,3.141593
6610.0,8.149965,8.286180,0.017912,0.018586,5.894705,-0.000057,0.005714,-0.023274,-0.023257,3.141593
6615.0,7.895358,7.961912,0.020491,0.019802,5.890486,-0.000014,0.011271,-0.023520,-0.023257,3.141593
6620.0,7.663751,7.625388,0.027450,0.026488,5.886652,-0.000086,0.007793,-0.023393,-0.023257,3.141593
6625.0,7.429597,7.376037,0.028599,0.028663,5.882816,0.000043,-0.002006,-0.022929,-0.024187,3.141593
6630.0,7.220222,7.092447,0.035620,0.034578,5.879365,0.000057,-0.000431,-0.022974,-0.022810,3.141593
6635.0,7.021392,7.013308,0.034779,0.034976,5.875914,-0.000014,-0.007252,-0.022686,-0.021880,3.141593
6640.0,6.798794,6.971926,0.025661,0.026610,5.872078,0.000014,0.006864,-0.023302,-0.023257,3.141593
6645.0,6.590769,6.668893,0.030271,0.031182,5.869010,0.000057,-0.014502,-0.022340,-0.022810,3.141593
6650.0,6.403545,6.428780,0.035665,0.033040,5.865942,0.000057,-0.017945,-0.022156,-0.021880,3.141593
6655.0,6.205305,6.416716,0.027332,0.027460,5.862108,0.000029,-0.015254,-0.022273,-0.021880,3.141593
6660.0,5.993573,6.132180,0.026869,0.026530,5.858656,0.000114,0.000816,-0.022930,-0.022810,3.141593
6665.0,5.807074,5.831533,0.031714,0.030748,5.855972,0.000043,0.001691,-0.022972,-0.022810,3.141593
6670.0,5.637241,5.572774,0.037466,0.037359,5.852904,0.000014,0.000376,-0.022911,-0.023257,3.141593
6675.0,5.446268,5.633844,0.023160,0.022926,5.849836,0.000000,-0.007546,-0.022564,-0.022810,3.141593
6680.0,5.263376,5.436178,0.021149,0.020713,5.846768,-0.000072,-0.004878,-0.022713,-0.022327,3.141593
6685.0,5.107021,4.993578,0.035074,0.033846,5.844083,-0.000186,0.011195,-0.023514,-0.024187,3.141593
6690.0,4.948552,4.880437,0.032953,0.032921,5.841399,-0.000014,0.000686,-0.023019,-0.023257,3.141593
6695.0,4.789454,4.775881,0.029396,0.029246,5.839098,-0.000043,0.000906,-0.023037,-0.023740,3.141593
6700.0,4.635808,4.719725,0.024051,0.024672,5.836413,-0.000014,0.000591,-0.023019,-0.023740,3.141593
6705.0,4.477467,4.585181,0.020246,0.021941,5.833729,0.000014,-0.011686,-0.022452,-0.021397,3.141593
6710.0,4.330832,4.272985,0.026114,0.026200,5.831428,-0.000029,-0.006037,-0.022723,-0.023740,3.141593
6715.0,4.205139,4.253440,0.022936,0.022330,5.829127,0.000014,0.003312,-0.023113,-0.023257,3.141593
6720.0,4.076600,3.997034,0.028906,0.028392,5.827209,-0.000086,0.008310,-0.023380,-0.022810,3.141593
6725.0,3.942945,3.970457,0.022748,0.023244,5.824909,-0.000072,-0.007531,-0.022711,-0.022810,3.141593
6730.0,3.825331,3.765915,0.027425,0.027271,5.822991,0.000114,-0.007902,-0.022633,-0.022810,3.141593
6735.0,3.711351,3.670700,0.027400,0.027272,5.821074,-0.000072,-0.008501,-0.022640,-0.022810,3.141593
6740.0,3.597613,3.571949,0.026935,0.027268,5.819156,0.000000,-0.004201,-0.022824,-0.022810,3.141593
6745.0,3.483905,3.511654,0.024110,0.023739,5.817239,0.000043,0.010177,-0.023444,-0.021397,3.141593
6750.0,3.388765,3.317848,0.030838,0.030418,5.815705,0.000000,-0.000786,-0.022986,-0.022327,3.141593
6755.0,3.294838,3.185948,0.034530,0.034302,5.814171,-0.000057,0.001289,-0.023112,-0.023740,3.141593
6760.0,3.205957,3.192127,0.032700,0.032564,5.812637,0.000086,-0.000923,-0.022969,-0.023740,3.141593
6765.0,3.103543,3.026467,0.034896,0.035893,5.811103,0.000043,0.000310,-0.023007,-0.022810,3.141593
6770.0,3.011534,2.911692,0.036639,0.036623,5.809569,0.000014,0.000378,-0.023005,-0.023740,3.141593
6775.0,2.929577,2.903377,0.035419,0.034163,5.808035,0.000029,0.002993,-0.023097,-0.023740,3.141593
6780.0,2.842099,2.901199,0.032198,0.033303,5.806501,-0.000014,-0.001902,-0.022876,-0.021844,3.141593
6785.0,2.745203,2.748317,0.033003,0.032447,5.805350,-0.000072,0.002040,-0.023092,-0.022810,3.141593
6790.0,2.677726,2.649644,0.037618,0.036408,5.803816,0.000000,-0.002427,-0.022887,-0.022327,3.141593
6795.0,2.591935,2.703439,0.030854,0.032355,5.802282,0.000057,-0.002467,-0.022855,-0.022774,3.141593
6800.0,2.495186,2.550417,0.030271,0.029907,5.801132,0.000014,0.016051,-0.023664,-0.024187,3.141593
6805.0,2.418705,2.400901,0.033663,0.033122,5.799598,-0.000014,-0.006047,-0.022703,-0.022810,3.141593
6810.0,2.347966,2.279824,0.036654,0.037114,5.798448,0.000000,0.001760,-0.023037,-0.022810,3.141593
6815.0,2.279536,2.220738,0.037011,0.037116,5.797297,-0.000014,-0.000136,-0.022958,-0.023740,3.141593
6820.0,2.202013,2.327590,0.027506,0.027413,5.796146,-0.000014,0.000256,-0.022978,-0.023257,3.141593
6825.0,2.141924,2.088749,0.036951,0.037900,5.794996,0.000000,-0.007180,-0.022643,-0.021844,3.141593
6830.0,2.080178,2.074521,0.035659,0.034678,5.794229,-0.000057,-0.001317,-0.022927,-0.023740,3.141593
6835.0,2.014316,2.087636,0.031867,0.031430,5.793078,-0.000043,0.005512,-0.023227,-0.023740,3.141593
6840.0,1.953793,1.616696,0.034618,0.037065,5.791928,0.000114,0.004243,-0.023100,-0.022327,3.141593
6845.0,1.898603,1.618389,0.033797,0.033043,5.791161,-0.000086,-0.004396,-0.022782,-0.023740,3.141593
6850.0,1.835877,1.720546,0.027779,0.028204,5.790010,0.000014,-0.011248,-0.022458,-0.023293,3.141593
6855.0,1.785833,1.645856,0.030142,0.029818,5.789244,-0.000057,-0.009298,-0.022557,-0.022810,3.141593
6860.0,1.731741,1.571723,0.031933,0.031431,5.788476,0.000014,0.006191,-0.023225,-0.023740,3.141593
6865.0,1.678233,1.714455,0.024127,0.024969,5.787326,-0.000029,-0.000143,-0.022955,-0.022327,3.141593
6870.0,1.625860,1.583012,0.028114,0.029024,5.786559,-0.000057,0.004328,-0.023170,-0.022810,3.141593
6875.0,1.579708,1.531704,0.029075,0.028999,5.785792,0.000057,-0.004128,-0.022766,-0.023293,3.141593
6880.0,1.540620,1.356197,0.035846,0.035469,5.785025,0.000057,-0.007727,-0.022586,-0.022810,3.141593
6885.0,1.496163,1.338614,0.035222,0.034716,5.784258,-0.000086,0.007903,-0.023312,-0.023740,3.141593
6890.0,1.454576,1.366909,0.032773,0.032245,5.783875,-0.000043,0.005432,-0.023206,-0.022810,3.141593
6895.0,1.411139,1.359127,0.031696,0.033069,5.783108,0.000086,0.008624,-0.023302,-0.024671,3.141593
6900.0,1.365516,1.365794,0.029560,0.029849,5.782341,0.000014,-0.000896,-0.022880,-0.022810,3.141593
6905.0,1.319808,1.348204,0.028316,0.028238,5.781190,-0.000029,-0.000881,-0.022906,-0.022810,3.141593
6910.0,1.268620,1.244039,0.030164,0.029904,5.780807,-0.000029,0.012438,-0.023509,-0.024671,3.141593
6915.0,1.226345,1.242291,0.028266,0.028298,5.780040,0.000057,0.001647,-0.022995,-0.022327,3.141593
6920.0,1.190897,1.273423,0.025584,0.025016,5.779273,0.000043,-0.002252,-0.022819,-0.022810,3.141593
6925.0,1.150500,1.078691,0.032089,0.033121,5.778506,0.000057,-0.014463,-0.022266,-0.021844,3.141593
6930.0,1.117587,1.127604,0.028642,0.029066,5.778122,-0.000014,-0.006221,-0.022656,-0.022327,3.141593
6935.0,1.072444,1.225729,0.021954,0.021879,5.776972,-0.000072,-0.001179,-0.022925,-0.022774,3.141593
6940.0,1.022208,1.144433,0.022328,0.022639,5.776588,-0.000014,-0.004232,-0.022788,-0.022810,3.141593
6945.0,1.001891,0.992202,0.028516,0.028387,5.776205,-0.000014,0.000466,-0.023004,-0.023293,3.141593
6950.0,0.967999,0.906908,0.030548,0.030748,5.775821,-0.000043,0.005497,-0.023231,-0.023740,3.141593
6955.0,0.946655,0.902003,0.030209,0.030747,5.775054,0.000072,-0.017563,-0.022176,-0.022327,3.141593
6960.0,0.913085,0.981385,0.025043,0.024335,5.774671,-0.000014,0.006328,-0.023241,-0.023740,3.141593
6965.0,0.864969,1.054602,0.018710,0.018678,5.773904,-0.000043,0.011190,-0.023472,-0.022810,3.141593
6970.0,0.837446,0.916861,0.023294,0.024336,5.773520,0.000014,-0.006688,-0.022676,-0.023740,3.141593
6975.0,0.814469,0.881418,0.023858,0.025082,5.773137,-0.000043,0.010137,-0.023416,-0.023740,3.141593
6980.0,0.803972,0.635717,0.034741,0.034048,5.772753,-0.000043,0.000046,-0.022980,-0.022327,3.141593
6985.0,0.770935,0.857854,0.023274,0.022736,5.772370,-0.000029,0.011263,-0.023488,-0.023257,3.141593
6990.0,0.742822,0.766669,0.025777,0.025192,5.771986,-0.000057,-0.000455,-0.022991,-0.022327,3.141593
6995.0,0.716858,0.687933,0.027823,0.029369,5.771219,0.000043,-0.004937,-0.022776,-0.023740,3.141593
7000.0,0.685315,0.838015,0.019304,0.018679,5.770836,0.000014,-0.003063,-0.022838,-0.022810,3.141593
7005.0,0.655986,0.770520,0.020431,0.021137,5.770452,0.000014,-0.004525,-0.022767,-0.022810,3.141593
7010.0,0.644742,0.537849,0.030354,0.030109,5.770069,0.000057,0.003840,-0.023117,-0.022810,3.141593
7015.0,0.616894,0.756223,0.019160,0.018678,5.769685,-0.000086,-0.001063,-0.022961,-0.022810,3.141593
7020.0,0.599978,0.532353,0.028134,0.027781,5.769685,0.000072,-0.002179,-0.022863,-0.021844,3.141593
7025.0,0.586331,0.651624,0.022550,0.023595,5.769302,0.000014,0.003561,-0.023135,-0.023293,3.141593
7030.0,0.560775,0.622930,0.022298,0.022000,5.768919,-0.000014,-0.004721,-0.022770,-0.021397,3.141593
7035.0,0.546838,0.629275,0.021530,0.022000,5.768535,0.000057,0.000409,-0.022988,-0.022327,3.141593
7040.0,0.515753,0.626542,0.019481,0.018814,5.768151,-0.000014,-0.001885,-0.022912,-0.022327,3.141593
7045.0,0.508128,0.429074,0.028062,0.028514,5.768151,-0.000029,-0.005211,-0.022779,-0.022810,3.141593
7050.0,0.507785,0.377096,0.031092,0.030974,5.767768,-0.000029,0.013964,-0.023635,-0.024223,3.141593
7055.0,0.487622,0.429676,0.027750,0.028513,5.767385,-0.000043,0.009461,-0.023454,-0.023740,3.141593
7060.0,0.464991,0.458790,0.025092,0.024460,5.767385,0.000072,0.001415,-0.023058,-0.022327,3.141593
7065.0,0.462438,0.358669,0.029935,0.029381,5.767001,-0.000057,0.019423,-0.023899,-0.024671,3.141593
7070.0,0.426103,0.589606,0.017230,0.017076,5.766617,0.000086,-0.011945,-0.022468,-0.022810,3.141593
7075.0,0.417219,0.348562,0.027441,0.026920,5.766617,-0.000014,-0.013740,-0.022415,-0.022810,3.141593
7080.0,0.416744,0.316633,0.029407,0.029381,5.766234,0.000000,-0.006858,-0.022712,-0.022810,3.141593
7085.0,0.396545,0.373592,0.025674,0.025330,5.766234,0.000072,-0.007136,-0.022669,-0.022327,3.141593
7090.0,0.375599,0.424607,0.022074,0.021280,5.765851,0.000043,0.003492,-0.023131,-0.022327,3.141593
7095.0,0.371536,0.284768,0.028332,0.029379,5.765467,-0.000057,0.002629,-0.023127,-0.022810,3.141593
7100.0,0.338745,0.561623,0.013694,0.014769,5.765083,-0.000014,-0.008850,-0.022626,-0.022810,3.141593
7105.0,0.326407,0.310900,0.023752,0.022868,5.765083,0.000086,-0.009229,-0.022573,-0.022810,3.141593
7110.0,0.325584,0.262338,0.026178,0.026203,5.765083,0.000014,-0.006911,-0.022666,-0.022810,3.141593
7115.0,0.325806,0.230185,0.028104,0.028665,5.765083,-0.000043,0.008579,-0.023366,-0.022327,3.141593
7120.0,0.313804,0.416281,0.019467,0.020405,5.764700,-0.000057,0.003751,-0.023179,-0.022810,3.141593
7125.0,0.304070,0.266752,0.025540,0.025329,5.764700,0.000000,0.021524,-0.023967,-0.023704,3.141593
7130.0,0.303236,0.217791,0.028096,0.027790,5.764700,-0.000029,-0.004830,-0.022818,-0.022810,3.141593
7135.0,0.284747,0.323826,0.022306,0.022156,5.764317,-0.000014,-0.010272,-0.022581,-0.022327,3.141593
7140.0,0.268557,0.424397,0.016871,0.019695,5.763933,0.000072,-0.011044,-0.022510,-0.022810,3.141593
7145.0,0.258418,0.233134,0.024551,0.025495,5.763933,-0.000057,0.003480,-0.023171,-0.023740,3.141593
7150.0,0.257660,0.193040,0.026587,0.026204,5.763933,-0.000014,0.008841,-0.023392,-0.023257,3.141593
7155.0,0.257753,0.201227,0.026660,0.027080,5.763933,-0.000014,0.014251,-0.023634,-0.023257,3.141593
7160.0,0.257789,0.178001,0.028126,0.027957,5.763933,0.000000,0.003981,-0.023178,-0.023257,3.141593
7165.0,0.245858,0.359744,0.019687,0.019695,5.763549,-0.000029,0.000447,-0.023036,-0.023740,3.141593
7170.0,0.217248,0.335683,0.018405,0.018817,5.763166,0.000129,-0.010243,-0.022491,-0.022810,3.141593
7175.0,0.212295,0.191563,0.024435,0.023741,5.763166,-0.000014,0.008748,-0.023342,-0.023740,3.141593
7180.0,0.212116,0.169305,0.025685,0.026203,5.763166,0.000057,-0.009332,-0.022501,-0.022810,3.141593
7185.0,0.199946,0.347990,0.017104,0.017937,5.762783,-0.000029,0.023367,-0.023966,-0.023740,3.141593
7190.0,0.190187,0.202303,0.022725,0.023036,5.762783,-0.000014,0.000575,-0.022969,-0.022363,3.141593
7195.0,0.189414,0.139170,0.025656,0.025498,5.762783,-0.000014,-0.007592,-0.022616,-0.021880,3.141593
7200.0,0.189428,0.150258,0.025444,0.026202,5.762783,0.000072,-0.006499,-0.022631,-0.022810,3.141593
7205.0,0.189557,0.141064,0.026183,0.026202,5.762783,-0.000086,0.000871,-0.022999,-0.023740,3.141593
7210.0,0.170968,0.259122,0.019630,0.019695,5.762399,-0.000014,-0.007080,-0.022632,-0.022327,3.141593
7215.0,0.167041,0.142196,0.024611,0.024619,5.762399,-0.000043,0.012403,-0.023521,-0.023740,3.141593
7220.0,0.166640,0.113046,0.026068,0.025499,5.762399,-0.000014,0.002744,-0.023091,-0.022327,3.141593
7225.0,0.166776,0.118127,0.026143,0.026379,5.762399,0.000100,-0.006070,-0.022670,-0.022810,3.141593
7230.0,0.148222,0.242995,0.019257,0.018994,5.762015,-0.000014,0.001466,-0.023018,-0.023740,3.141593
7235.0,0.144206,0.124850,0.024207,0.023738,5.762015,0.000100,-0.002781,-0.022780,-0.022810,3.141593
7240.0,0.143992,0.103850,0.025322,0.024619,5.762015,0.000014,0.014147,-0.023540,-0.024671,3.141593
7245.0,0.144056,0.103593,0.025591,0.025500,5.762015,0.000000,0.003409,-0.023055,-0.022810,3.141593
7250.0,0.144103,0.097640,0.026117,0.027081,5.762015,-0.000014,0.003342,-0.023073,-0.023740,3.141593
7255.0,0.144120,0.088031,0.026800,0.026381,5.761632,0.000086,0.000845,-0.022914,-0.023293,3.141593
7260.0,0.123922,0.175580,0.021367,0.021457,5.761632,-0.000043,0.003815,-0.023079,-0.022327,3.141593
7265.0,0.114652,0.282051,0.016066,0.017232,5.761249,0.000114,-0.007251,-0.022544,-0.022327,3.141593
7270.0,0.099789,0.133220,0.021188,0.020576,5.761249,-0.000057,0.011150,-0.023398,-0.023740,3.141593
7275.0,0.098330,0.094472,0.022761,0.023038,5.761249,0.000043,-0.017351,-0.022119,-0.021880,3.141593
7280.0,0.098155,0.082289,0.023283,0.023038,5.761249,0.000000,-0.000661,-0.022874,-0.022810,3.141593
7285.0,0.098441,0.078758,0.023585,0.023920,5.761249,-0.000100,0.014215,-0.023569,-0.023257,3.141593
7290.0,0.098398,0.079434,0.023649,0.023038,5.761249,-0.000014,-0.013258,-0.022369,-0.022327,3.141593
7295.0,0.098526,0.064507,0.024483,0.023920,5.761249,-0.000014,-0.014094,-0.022328,-0.022810,3.141593
7300.0,0.091782,0.263944,0.015359,0.015653,5.760865,0.000057,-0.005195,-0.022688,-0.022810,3.141593
7305.0,0.077090,0.129005,0.019894,0.021460,5.760865,-0.000057,0.016637,-0.023687,-0.024223,3.141593
7310.0,0.075735,0.066697,0.022512,0.022343,5.760865,0.000086,0.003963,-0.023076,-0.022810,3.141593
7315.0,0.075631,0.078120,0.022028,0.022156,5.760865,0.000043,-0.009041,-0.022500,-0.021880,3.141593
7320.0,0.075796,0.053566,0.023233,0.023039,5.760865,-0.000114,0.010773,-0.023435,-0.023740,3.141593
7325.0,0.075767,0.058553,0.023104,0.023039,5.760865,0.000014,0.001243,-0.022986,-0.021880,3.141593
7330.0,0.075856,0.042701,0.023943,0.023039,5.760865,0.000029,-0.006028,-0.022644,-0.022327,3.141593
7335.0,0.075928,0.050609,0.023775,0.023039,5.760865,0.000014,0.001102,-0.022957,-0.022810,3.141593
7340.0,0.075871,0.045838,0.024127,0.023039,5.760865,0.000000,0.001544,-0.022984,-0.023740,3.141593
7345.0,0.076021,0.032408,0.024929,0.025500,5.760865,0.000057,-0.010472,-0.022417,-0.021397,3.141593
7350.0,0.076100,0.045032,0.024588,0.023922,5.760865,-0.000057,-0.002784,-0.022788,-0.022810,3.141593
7355.0,0.076028,0.053696,0.024406,0.024617,5.760865,-0.000014,-0.013144,-0.022337,-0.022810,3.141593
7360.0,0.057421,0.162771,0.018103,0.020387,5.760481,-0.000014,0.000940,-0.022964,-0.021880,3.141593
7365.0,0.053229,0.067975,0.021814,0.021461,5.760481,-0.000057,0.002097,-0.023054,-0.022810,3.141593
7370.0,0.045995,0.246528,0.013358,0.013000,5.760098,0.000086,-0.006549,-0.022635,-0.023740,3.141593
7375.0,0.031550,0.101323,0.017556,0.018115,5.760098,0.000014,-0.002558,-0.022790,-0.021880,3.141593
7380.0,0.030134,0.057327,0.019354,0.019692,5.760098,0.000086,-0.012359,-0.022311,-0.022327,3.141593
7385.0,0.029958,0.031598,0.020620,0.019884,5.760098,-0.000086,-0.001133,-0.022845,-0.022327,3.141593
7390.0,0.030102,0.059968,0.019555,0.019692,5.760098,0.000043,0.001041,-0.022906,-0.021880,3.141593
7395.0,0.046098,-0.142659,0.029976,0.028846,5.760481,-0.000043,-0.004540,-0.022678,-0.022810,3.141593
7400.0,0.052636,0.013688,0.023910,0.023039,5.760481,-0.000029,-0.012829,-0.022326,-0.022810,3.141593
7405.0,0.053290,0.018997,0.023949,0.023922,5.760481,0.000014,-0.001934,-0.022782,-0.022327,3.141593
7410.0,0.053262,0.034302,0.023434,0.023039,5.760481,0.000057,-0.007063,-0.022539,-0.022327,3.141593
7415.0,0.053355,0.014574,0.024508,0.023922,5.760481,-0.000014,0.016197,-0.023602,-0.023740,3.141593
7420.0,0.053304,0.031527,0.023923,0.023922,5.760481,-0.000014,-0.014694,-0.022245,-0.022327,3.141593
7425.0,0.034626,0.145796,0.017332,0.017231,5.760098,0.000057,0.003639,-0.023024,-0.022810,3.141593
7430.0,0.023711,0.247350,0.011884,0.011422,5.759715,-0.000086,0.009680,-0.023344,-0.023257,3.141593
7435.0,0.008887,0.085275,0.015863,0.015654,5.759715,-0.000086,-0.001916,-0.022853,-0.023740,3.141593
7440.0,0.007428,0.033838,0.017860,0.018115,5.759715,-0.000014,0.012488,-0.023471,-0.023740,3.141593
7445.0,0.007510,0.007572,0.019087,0.019000,5.759715,-0.000014,-0.005932,-0.022668,-0.022327,3.141593
7450.0,0.007478,0.019764,0.018573,0.019000,5.759715,0.000014,-0.016757,-0.022194,-0.021880,3.141593
7455.0,0.007421,0.003386,0.019328,0.019886,5.759715,0.000014,-0.011879,-0.022411,-0.021880,3.141593
7460.0,0.026007,-0.102359,0.026959,0.026384,5.760098,0.000014,0.010878,-0.023395,-0.023740,3.141593
7465.0,0.030037,0.005293,0.022699,0.023038,5.760098,0.000014,-0.006575,-0.022630,-0.021880,3.141593
7470.0,0.030402,0.025464,0.021913,0.023038,5.760098,-0.000014,-0.001622,-0.022862,-0.022810,3.141593
7475.0,0.030420,0.013894,0.022490,0.023038,5.760098,-0.000114,0.014799,-0.023642,-0.024671,3.141593
7480.0,0.030574,0.002548,0.023125,0.023038,5.760098,0.000072,-0.002165,-0.022841,-0.022327,3.141593
7485.0,0.030423,0.023864,0.022235,0.023923,5.760098,0.000014,-0.011374,-0.022445,-0.022810,3.141593
7490.0,0.030355,0.001582,0.023254,0.022346,5.760098,-0.000100,0.001827,-0.023057,-0.022810,3.141593
7495.0,0.030488,0.021614,0.022499,0.023038,5.760098,0.000000,0.003061,-0.023103,-0.022810,3.141593
7500.0,0.030420,0.026136,0.022364,0.022152,5.759715,-0.000029,0.008634,-0.023356,-0.023740,3.141593
7505.0,0.010117,0.105853,0.016960,0.017230,5.759715,-0.000043,0.012941,-0.023554,-0.022810,3.141593
7510.0,0.007596,0.027654,0.019909,0.020576,5.759715,0.000057,0.001239,-0.023021,-0.023740,3.141593
7515.0,0.007385,0.000594,0.021100,0.020576,5.759715,-0.000014,-0.007564,-0.022642,-0.022810,3.141593
7520.0,0.007446,0.019375,0.020317,0.020576,5.759715,0.000014,-0.009497,-0.022546,-0.023257,3.141593
7525.0,0.007346,0.029604,0.019789,0.019691,5.759715,-0.000043,0.008981,-0.023391,-0.021880,3.141593
7530.0,0.007410,0.015466,0.020349,0.020576,5.759715,-0.000057,-0.008196,-0.022662,-0.022327,3.141593
7535.0,0.007460,0.010339,0.020527,0.020576,5.759715,0.000086,-0.004579,-0.022781,-0.022810,3.141593
7540.0,0.007632,0.013042,0.020439,0.021462,5.759715,-0.000014,0.000506,-0.023028,-0.023257,3.141593
7545.0,0.007546,0.011071,0.020489,0.020576,5.759715,0.000114,0.002162,-0.023047,-0.022810,3.141593
7550.0,0.007485,0.010680,0.020466,0.020576,5.759715,0.000029,-0.005348,-0.022724,-0.022810,3.141593
7555.0,0.007521,0.002965,0.020781,0.020576,5.759715,0.000000,0.015477,-0.023651,-0.023257,3.141593
7560.0,0.007646,-0.002656,0.021067,0.021462,5.759715,0.000014,-0.006560,-0.022666,-0.023740,3.141593
7565.0,0.007625,0.005127,0.020736,0.020576,5.759715,-0.000014,0.004154,-0.023131,-0.023740,3.141593
7570.0,0.007553,0.005857,0.020693,0.020576,5.759715,0.000129,-0.006960,-0.022581,-0.022810,3.141593
7575.0,0.007668,-0.006362,0.021276,0.022152,5.759715,-0.000072,0.004089,-0.023114,-0.023740,3.141593
7580.0,0.007553,0.004914,0.020749,0.021462,5.759715,-0.000014,0.006099,-0.023188,-0.022810,3.141593
7585.0,0.007632,-0.012082,0.021524,0.020576,5.759715,0.000014,-0.000527,-0.022888,-0.023257,3.141593
7590.0,0.007614,0.013446,0.020424,0.021462,5.759715,-0.000014,-0.005837,-0.022652,-0.022810,3.141593
7595.0,0.007643,0.002423,0.020916,0.021462,5.759715,-0.000014,-0.003365,-0.022762,-0.022810,3.141593
7600.0,0.007685,-0.007332,0.021383,0.021462,5.759715,-0.000014,0.018754,-0.023752,-0.024671,3.141593
7605.0,0.007553,0.016443,0.020297,0.019886,5.759715,0.000043,-0.001801,-0.022822,-0.023740,3.141593
7610.0,0.007617,0.007387,0.020733,0.020576,5.759715,-0.000100,-0.015134,-0.022267,-0.021880,3.141593
7615.0,0.007710,-0.007111,0.021433,0.021462,5.759715,0.000057,-0.012113,-0.022351,-0.021397,3.141593
7620.0,0.007600,0.003600,0.020953,0.020576,5.759715,0.000029,-0.017370,-0.022124,-0.022810,3.141593
7625.0,0.007696,0.010269,0.020708,0.021462,5.759715,0.000043,-0.005443,-0.022630,-0.020466,3.141593
7630.0,0.007639,0.006882,0.020867,0.020576,5.759715,-0.000057,0.008133,-0.023277,-0.023257,3.141593
7635.0,0.007735,-0.012899,0.021805,0.021462,5.759715,-0.000029,0.014131,-0.023542,-0.023257,3.141593
7640.0,0.007585,0.022488,0.020231,0.019691,5.759715,-0.000029,0.005322,-0.023164,-0.023740,3.141593
7645.0,0.007671,-0.003344,0.021409,0.022347,5.759715,-0.000029,-0.003837,-0.022769,-0.022810,3.141593
7650.0,0.007700,0.002236,0.021213,0.020576,5.759715,-0.000014,-0.018542,-0.022113,-0.021397,3.141593
7655.0,0.007510,0.024373,0.020200,0.019691,5.759715,-0.000072,0.007510,-0.023292,-0.022327,3.141593
7660.0,0.007682,0.008773,0.020953,0.021462,5.759715,0.000043,-0.018667,-0.022116,-0.022810,3.141593
7665.0,0.007718,0.004099,0.021199,0.022152,5.759715,0.000014,0.005784,-0.023180,-0.022810,3.141593
7670.0,0.007628,-0.003505,0.021534,0.021462,5.759715,-0.000043,0.003340,-0.023092,-0.023740,3.141593
7675.0,0.007600,0.003231,0.021244,0.020576,5.759715,0.000000,0.025665,-0.024069,-0.023257,3.141593
7680.0,0.007646,0.010024,0.020982,0.020576,5.759715,-0.000072,0.005049,-0.023203,-0.022810,3.141593
7685.0,0.007603,-0.004897,0.021644,0.020576,5.759715,0.000014,0.002053,-0.023051,-0.022327,3.141593
7690.0,0.007707,0.023643,0.020451,0.020576,5.759715,-0.000014,-0.001824,-0.022897,-0.022327,3.141593
7695.0,0.007664,-0.003553,0.021664,0.022347,5.759715,-0.000029,0.009077,-0.023390,-0.023740,3.141593
7700.0,0.007632,0.018532,0.020686,0.019886,5.759715,0.000043,-0.016029,-0.022261,-0.022327,3.141593
7705.0,0.007600,-0.002212,0.021616,0.022347,5.759715,-0.000157,0.015443,-0.023725,-0.023740,3.141593
7710.0,0.007675,0.003934,0.021372,0.021462,5.759715,0.000000,-0.000917,-0.022985,-0.022810,3.141593
7715.0,0.007707,-0.001677,0.021665,0.020576,5.759715,-0.000057,0.013981,-0.023667,-0.024671,3.141593
7720.0,0.007689,0.006328,0.021358,0.021462,5.759715,0.000072,0.003437,-0.023153,-0.022810,3.141593
7725.0,0.007639,-0.015976,0.022359,0.022152,5.759715,0.000086,0.002715,-0.023092,-0.022327,3.141593
7730.0,0.007639,-0.007122,0.021990,0.021462,5.759715,0.000000,0.007921,-0.023343,-0.023740,3.141593
7735.0,0.007746,0.009594,0.021316,0.022152,5.759715,0.000100,-0.004196,-0.022753,-0.022810,3.141593
7740.0,0.007664,-0.006840,0.022041,0.021462,5.759715,-0.000014,0.010862,-0.023445,-0.024671,3.141593
7745.0,0.007639,0.009585,0.021343,0.021462,5.759715,-0.000057,0.016834,-0.023729,-0.023740,3.141593
7750.0,0.007600,0.005613,0.021516,0.021462,5.759715,-0.000014,0.006502,-0.023266,-0.022810,3.141593
7755.0,0.007585,0.003484,0.021615,0.022152,5.759715,-0.000029,-0.007876,-0.022622,-0.021397,3.141593
7760.0,0.007564,0.002169,0.021661,0.020771,5.759715,0.000057,-0.009924,-0.022513,-0.022327,3.141593
7765.0,0.007832,-0.012400,0.022434,0.023038,5.759715,-0.000057,0.003018,-0.023113,-0.022774,3.141593
7770.0,0.007614,0.000957,0.021816,0.021462,5.759715,0.000000,-0.000778,-0.022949,-0.023740,3.141593
7775.0,0.007550,0.010703,0.021369,0.021462,5.759715,0.000043,-0.016133,-0.022245,-0.022810,3.141593
7780.0,0.007646,0.007328,0.021550,0.022152,5.759715,-0.000057,0.020805,-0.023898,-0.023257,3.141593
7785.0,0.007750,0.003711,0.021774,0.021462,5.759715,0.000014,0.000046,-0.022987,-0.023740,3.141593
7790.0,0.007685,0.007302,0.021637,0.021462,5.759715,0.000043,0.001781,-0.023041,-0.023740,3.141593
7795.0,0.007542,0.011446,0.021429,0.022152,5.759715,-0.000014,-0.005088,-0.022738,-0.022327,3.141593
7800.0,0.007664,-0.001923,0.022059,0.021462,5.759715,-0.000014,0.006803,-0.023274,-0.023740,3.141593
7805.0,0.007707,0.005539,0.021781,0.021958,5.759715,0.000029,0.000428,-0.022965,-0.022810,3.141593
7810.0,0.007603,0.012365,0.021466,0.021462,5.759715,0.000072,0.000378,-0.022952,-0.021880,3.141593
7815.0,0.007571,0.025870,0.020873,0.021267,5.759715,-0.000057,0.004582,-0.023190,-0.023740,3.141593
7820.0,0.007585,0.011316,0.021523,0.021462,5.759715,0.000014,-0.010748,-0.022492,-0.022810,3.141593
7825.0,0.007639,-0.005976,0.022306,0.023038,5.759715,0.000057,-0.009047,-0.022539,-0.022810,3.141593
7830.0,0.007721,-0.001810,0.022171,0.022347,5.759715,-0.000029,0.006743,-0.023260,-0.022810,3.141593
7835.0,0.007725,-0.010320,0.022590,0.023038,5.759715,0.000086,-0.004501,-0.022704,-0.022327,3.141593
7840.0,0.007610,0.001331,0.022063,0.021462,5.759715,-0.000029,-0.001437,-0.022865,-0.022810,3.141593
7845.0,0.007607,0.010287,0.021694,0.022152,5.759715,-0.000029,-0.002589,-0.022820,-0.022810,3.141593
7850.0,0.007610,0.000577,0.022124,0.022152,5.759715,-0.000100,0.000571,-0.023004,-0.022327,3.141593
7855.0,0.007857,-0.016299,0.022985,0.023038,5.759715,-0.000014,-0.005536,-0.022729,-0.023740,3.141593
7860.0,0.007675,-0.004684,0.022477,0.022152,5.759715,0.000043,-0.005247,-0.022714,-0.022327,3.141593
7865.0,0.007617,0.000250,0.022276,0.022152,5.759715,0.000057,0.001362,-0.022995,-0.023740,3.141593
7870.0,0.007671,0.006146,0.022054,0.022347,5.759715,-0.000014,0.017704,-0.023726,-0.024187,3.141593
7875.0,0.007635,0.006395,0.022055,0.022152,5.759715,-0.000029,-0.006924,-0.022645,-0.022327,3.141593
7880.0,0.007614,-0.005450,0.022581,0.022347,5.759715,-0.000057,-0.004405,-0.022778,-0.022810,3.141593
7885.0,0.007603,-0.000029,0.022337,0.023038,5.759715,0.000086,-0.013545,-0.022340,-0.021397,3.141593
7890.0,0.007592,0.015788,0.021632,0.021462,5.759715,0.000043,-0.013384,-0.022345,-0.022327,3.141593
7895.0,0.007682,-0.003389,0.022540,0.023038,5.759715,0.000000,-0.005591,-0.022691,-0.022327,3.141593
7900.0,0.007682,0.015163,0.021754,0.023038,5.759715,0.000057,-0.005986,-0.022660,-0.022327,3.141593
7905.0,0.007703,0.006812,0.022159,0.022347,5.759715,0.000057,-0.004797,-0.022706,-0.021880,3.141593
7910.0,0.007657,0.010427,0.022011,0.022152,5.759715,0.000057,-0.011480,-0.022400,-0.022327,3.141593
7915.0,0.007671,-0.011423,0.023015,0.022152,5.759715,-0.000029,0.004350,-0.023118,-0.023740,3.141593
7920.0,0.007739,-0.008601,0.022958,0.023038,5.759715,0.000014,0.006350,-0.023193,-0.022810,3.141593
7925.0,0.007571,0.005766,0.022300,0.022347,5.759715,0.000086,-0.006363,-0.022601,-0.021361,3.141593
7930.0,0.007610,0.003009,0.022430,0.022347,5.759715,-0.000086,0.000486,-0.022963,-0.022810,3.141593
7935.0,0.007710,-0.000175,0.022627,0.022347,5.759715,-0.000100,0.005002,-0.023182,-0.022810,3.141593
7940.0,0.007635,0.006144,0.022357,0.023038,5.759715,-0.000029,-0.001296,-0.022908,-0.023740,3.141593
7945.0,0.007603,0.018390,0.021799,0.023038,5.759715,0.000000,0.006027,-0.023214,-0.023740,3.141593
7950.0,0.007657,-0.012870,0.023189,0.023038,5.759715,-0.000072,0.005657,-0.023212,-0.023257,3.141593
7955.0,0.007664,-0.001406,0.022711,0.023232,5.759715,0.000086,-0.009549,-0.022492,-0.022810,3.141593
7960.0,0.007578,-0.010890,0.023111,0.022347,5.759715,0.000014,0.008761,-0.023301,-0.022291,3.141593
7965.0,0.007707,0.013309,0.022117,0.023038,5.759715,-0.000100,0.006861,-0.023263,-0.023740,3.141593
7970.0,0.007617,0.019865,0.021814,0.021267,5.759715,-0.000014,-0.006100,-0.022690,-0.022810,3.141593
7975.0,0.007625,0.017621,0.021942,0.022152,5.759715,0.000029,0.007989,-0.023295,-0.022810,3.141593
7980.0,0.007596,0.014806,0.022076,0.022347,5.759715,-0.000043,0.006555,-0.023247,-0.023740,3.141593
7985.0,0.007589,0.007678,0.022396,0.021462,5.759715,-0.000057,0.005585,-0.023206,-0.023740,3.141593
7990.0,0.007725,0.012220,0.022277,0.023038,5.759715,-0.000057,0.009348,-0.023387,-0.022810,3.141593
7995.0,0.007524,0.001511,0.022702,0.021462,5.759715,0.000029,-0.007552,-0.022614,-0.022327,3.141593
8000.0,0.007628,-0.003557,0.022986,0.023232,5.759715,0.000014,-0.001829,-0.022868,-0.022327,3.141593
8005.0,0.007589,0.013810,0.022214,0.023038,5.759715,0.000014,-0.011581,-0.022445,-0.022327,3.141593
8010.0,0.007657,0.000921,0.022813,0.023038,5.759715,0.000014,0.011763,-0.023469,-0.022810,3.141593
8015.0,0.007675,-0.010692,0.023363,0.021462,5.759715,-0.000057,-0.000383,-0.022966,-0.023740,3.141593
8020.0,0.007757,0.009929,0.022543,0.023038,5.759715,-0.000029,-0.004549,-0.022783,-0.022810,3.141593
8025.0,0.007621,0.010765,0.022507,0.022152,5.759715,0.000057,-0.005365,-0.022718,-0.023740,3.141593
8030.0,0.007632,-0.004745,0.023208,0.023232,5.759715,-0.000057,0.011297,-0.023462,-0.023257,3.141593
8035.0,0.007446,0.016816,0.022194,0.021462,5.759715,-0.000014,0.015536,-0.023652,-0.023740,3.141593
8040.0,0.007664,0.009350,0.022596,0.023728,5.759715,-0.000029,-0.010285,-0.022526,-0.022327,3.141593
8045.0,0.007710,-0.001790,0.023125,0.023038,5.759715,-0.000014,0.008423,-0.023355,-0.023257,3.141593
8050.0,0.007614,0.011383,0.022547,0.023038,5.759715,0.000014,-0.009467,-0.022560,-0.022810,3.141593
8055.0,0.007653,-0.003122,0.023205,0.023038,5.759715,0.000029,-0.011757,-0.022454,-0.020466,3.141593
8060.0,0.007682,0.012009,0.022571,0.023038,5.759715,-0.000029,-0.007553,-0.022657,-0.023740,3.141593
8065.0,0.007632,0.002654,0.022987,0.023038,5.759715,0.000014,0.007024,-0.023278,-0.023740,3.141593
8070.0,0.007714,-0.013629,0.023761,0.022347,5.759715,-0.000057,-0.004565,-0.022791,-0.022327,3.141593
8075.0,0.007625,0.026322,0.022020,0.023038,5.759715,0.000000,-0.000514,-0.022961,-0.021880,3.141593
8080.0,0.007653,-0.013520,0.023778,0.024614,5.759715,-0.000029,0.007546,-0.023343,-0.023740,3.141593
8085.0,0.007596,0.007693,0.022831,0.023038,5.759715,0.000057,-0.004403,-0.022795,-0.022810,3.141593
8090.0,0.007600,0.001047,0.023134,0.023038,5.759715,0.000114,-0.002438,-0.022838,-0.022810,3.141593
8095.0,0.007718,-0.003496,0.023399,0.024118,5.759715,-0.000014,-0.017391,-0.022197,-0.020913,3.141593
8100.0,0.007682,-0.010773,0.023745,0.023038,5.759715,0.000000,-0.006509,-0.022688,-0.022810,3.141593
8105.0,0.007610,0.011140,0.022789,0.022347,5.759715,-0.000057,0.003763,-0.023171,-0.023740,3.141593
8110.0,0.007621,0.005178,0.023081,0.022347,5.759715,0.000043,0.011815,-0.023491,-0.024671,3.141593
8115.0,0.007639,0.002633,0.023233,0.022347,5.759715,-0.000014,0.005440,-0.023210,-0.023257,3.141593
8120.0,0.007632,0.004899,0.023154,0.023038,5.759715,-0.000057,-0.004593,-0.022788,-0.023740,3.141593
8125.0,0.007589,0.017688,0.022589,0.022347,5.759715,0.000057,-0.011995,-0.022418,-0.020466,3.141593
8130.0,-0.011029,0.124710,0.016183,0.016540,5.759331,-0.000043,0.004723,-0.023209,-0.023257,3.141593
8135.0,-0.015135,0.022702,0.020081,0.019001,5.759331,0.000157,-0.017357,-0.022170,-0.021880,3.141593
8140.0,-0.015568,0.018456,0.020027,0.019001,5.759331,0.000000,0.003730,-0.023105,-0.022327,3.141593
8145.0,-0.015500,0.023011,0.019679,0.019690,5.759331,0.000057,0.007966,-0.023262,-0.020466,3.141593
8150.0,-0.015389,0.005152,0.020352,0.020576,5.759331,-0.000129,-0.006648,-0.022713,-0.023740,3.141593
8155.0,-0.015213,-0.009414,0.020943,0.021462,5.759331,-0.000057,-0.002542,-0.022894,-0.022327,3.141593
8160.0,-0.015389,0.003930,0.020199,0.020576,5.759331,-0.000086,-0.002908,-0.022918,-0.022327,3.141593
8165.0,-0.015231,-0.019500,0.021171,0.022348,5.759331,-0.000086,0.011623,-0.023584,-0.022327,3.141593
8170.0,-0.015106,-0.007456,0.020606,0.021462,5.759331,0.000057,0.001738,-0.023137,-0.023257,3.141593
8175.0,-0.015235,-0.007555,0.020515,0.019887,5.759331,0.000057,0.006963,-0.023344,-0.022810,3.141593
8180.0,-0.015246,0.009202,0.019707,0.020576,5.759331,0.000057,0.006664,-0.023308,-0.022327,3.141593
8185.0,-0.015171,-0.003591,0.020213,0.022151,5.759331,0.000086,-0.025951,-0.021852,-0.022327,3.141593
8190.0,-0.015163,-0.024752,0.021083,0.020576,5.759331,0.000100,0.001863,-0.023035,-0.023257,3.141593
8195.0,-0.015213,-0.017302,0.020693,0.019887,5.759331,0.000143,-0.004229,-0.022707,-0.023740,3.141593
8200.0,-0.015289,0.003015,0.019706,0.019001,5.759331,-0.000086,0.023748,-0.023997,-0.024671,3.141593
8205.0,-0.015228,-0.007518,0.020112,0.020576,5.759331,-0.000043,-0.006406,-0.022678,-0.022327,3.141593
8210.0,-0.015078,-0.013652,0.020389,0.020576,5.759331,-0.000114,-0.010434,-0.022551,-0.023740,3.141593
8215.0,-0.015149,-0.016536,0.020460,0.020773,5.759331,-0.000057,0.012153,-0.023536,-0.023257,3.141593
8220.0,-0.015171,0.008562,0.019313,0.019001,5.759331,-0.000029,0.002153,-0.023098,-0.023740,3.141593
8225.0,-0.015160,0.000820,0.019612,0.019887,5.759331,0.000014,-0.016521,-0.022269,-0.021397,3.141593
8230.0,-0.015103,-0.002932,0.019705,0.020576,5.759331,0.000043,0.011841,-0.023517,-0.024187,3.141593
8235.0,-0.015178,-0.005117,0.019694,0.019001,5.759331,0.000086,-0.005518,-0.022705,-0.021880,3.141593
8240.0,-0.015013,-0.006655,0.019717,0.020576,5.759331,-0.000143,-0.003867,-0.022873,-0.023740,3.141593
8245.0,-0.015178,-0.001904,0.019375,0.020576,5.759331,0.000114,-0.011330,-0.022467,-0.022810,3.141593
8250.0,-0.015167,-0.010633,0.019677,0.019690,5.759331,0.000043,0.007666,-0.023298,-0.022810,3.141593
8255.0,-0.015095,0.004086,0.018952,0.019690,5.759331,0.000014,0.001353,-0.023017,-0.022810,3.141593
8260.0,-0.015146,-0.013706,0.019645,0.019001,5.759331,-0.000057,0.015284,-0.023660,-0.023257,3.141593
8265.0,-0.015078,-0.014204,0.019598,0.019690,5.759331,-0.000014,0.004400,-0.023188,-0.022810,3.141593
8270.0,-0.015124,-0.013307,0.019461,0.019001,5.759331,-0.000029,0.008393,-0.023371,-0.023740,3.141593
8275.0,-0.015078,-0.013619,0.019399,0.019001,5.759331,0.000014,-0.007706,-0.022643,-0.023257,3.141593
8280.0,-0.015060,-0.016820,0.019460,0.019001,5.759331,-0.000014,-0.007871,-0.022636,-0.020913,3.141593
8285.0,-0.015095,-0.017963,0.019418,0.019001,5.759331,-0.000057,0.009588,-0.023440,-0.022810,3.141593
8290.0,-0.015138,-0.004405,0.018717,0.019690,5.759331,0.000029,-0.009433,-0.022584,-0.022810,3.141593
8295.0,-0.015110,-0.020626,0.019356,0.019001,5.759331,0.000029,-0.001946,-0.022900,-0.023257,3.141593
8300.0,-0.015085,-0.008680,0.018744,0.019001,5.759331,-0.000014,0.004914,-0.023211,-0.023740,3.141593
8305.0,-0.015106,-0.007873,0.018618,0.018804,5.759331,-0.000014,0.010834,-0.023472,-0.024187,3.141593
8310.0,-0.015045,-0.027420,0.019417,0.019887,5.759331,0.000014,0.004467,-0.023171,-0.023740,3.141593
8315.0,-0.015060,-0.007865,0.018458,0.018115,5.759331,0.000014,0.006780,-0.023256,-0.023740,3.141593
8320.0,0.005114,-0.103035,0.025591,0.025499,5.759715,0.000000,-0.004885,-0.022725,-0.023740,3.141593
8325.0,0.007592,-0.004692,0.021608,0.022347,5.759715,0.000014,0.013669,-0.023534,-0.022810,3.141593
8330.0,0.007882,-0.022550,0.022541,0.021462,5.759715,-0.000072,-0.000296,-0.022941,-0.023740,3.141593
8335.0,0.007814,0.010754,0.021170,0.022152,5.759715,0.000072,0.001997,-0.023002,-0.023257,3.141593
8340.0,0.007782,0.007713,0.021347,0.022152,5.759715,-0.000014,-0.001797,-0.022847,-0.023740,3.141593
8345.0,0.007682,-0.004537,0.021907,0.021462,5.759715,-0.000029,0.015225,-0.023606,-0.023740,3.141593
8350.0,0.000919,0.199810,0.012450,0.010731,5.759331,0.000000,0.001079,-0.022969,-0.022327,3.141593
8355.0,-0.013661,0.049575,0.016443,0.016540,5.759331,-0.000014,-0.007345,-0.022620,-0.023740,3.141593
8360.0,-0.015024,0.000328,0.018242,0.019001,5.759331,0.000000,-0.005001,-0.022705,-0.023257,3.141593
8365.0,-0.015228,-0.010145,0.018571,0.017426,5.759331,0.000029,-0.017695,-0.022130,-0.021880,3.141593
8370.0,-0.008333,-0.203032,0.028637,0.029731,5.759715,-0.000014,-0.008951,-0.022530,-0.022327,3.141593
8375.0,0.005980,-0.038079,0.023027,0.022152,5.759715,-0.000029,0.004996,-0.023160,-0.022327,3.141593
8380.0,0.007621,-0.020327,0.022485,0.022347,5.759715,-0.000043,-0.015248,-0.022306,-0.021880,3.141593
8385.0,0.007786,0.003781,0.021515,0.023038,5.759715,0.000043,-0.016790,-0.022211,-0.022810,3.141593
8390.0,0.007643,-0.005208,0.021904,0.020576,5.759715,-0.000014,0.022102,-0.023931,-0.023740,3.141593
8395.0,0.007857,-0.016253,0.022528,0.023923,5.759715,-0.000029,0.006987,-0.023260,-0.023740,3.141593
8400.0,0.007689,-0.007731,0.022148,0.022152,5.759715,0.000014,-0.017441,-0.022179,-0.021880,3.141593
8405.0,0.007614,0.019987,0.020927,0.020576,5.759715,-0.000057,0.009214,-0.023385,-0.022810,3.141593
8410.0,0.007639,-0.001149,0.021894,0.022347,5.759715,0.000014,-0.005644,-0.022701,-0.023740,3.141593
8415.0,-0.004667,0.208542,0.011492,0.012306,5.759331,-0.000014,0.019578,-0.023810,-0.023740,3.141593
8420.0,-0.014291,0.032439,0.017083,0.018115,5.759331,0.000000,-0.009274,-0.022518,-0.022810,3.141593
8425.0,-0.015081,0.003444,0.018108,0.018115,5.759331,-0.000014,0.005675,-0.023184,-0.022810,3.141593
8430.0,-0.015149,-0.000981,0.018202,0.019001,5.759331,-0.000014,0.000093,-0.022927,-0.023740,3.141593
8435.0,-0.015135,-0.003265,0.018218,0.019001,5.759331,-0.000057,0.000163,-0.022944,-0.022810,3.141593
8440.0,-0.008365,-0.198976,0.028378,0.028846,5.759715,-0.000014,0.008715,-0.023307,-0.023740,3.141593
8445.0,0.005980,-0.045059,0.023300,0.023038,5.760098,-0.000129,0.021588,-0.023922,-0.024671,3.141593
8450.0,0.027956,-0.103143,0.028017,0.027961,5.760098,-0.000057,-0.004955,-0.022750,-0.023293,3.141593
8455.0,0.030702,-0.020542,0.024937,0.025500,5.760098,-0.000014,0.007544,-0.023287,-0.023740,3.141593
8460.0,0.030863,0.002464,0.024179,0.023923,5.760098,0.000114,-0.011787,-0.022373,-0.022810,3.141593
8465.0,0.030785,-0.005687,0.024754,0.023923,5.760098,-0.000014,0.005662,-0.023167,-0.022327,3.141593
8470.0,0.014670,0.178771,0.015397,0.015654,5.759715,-0.000057,0.001555,-0.023018,-0.022810,3.141593
8475.0,-0.007939,0.210080,0.011140,0.011617,5.759331,0.000014,-0.004149,-0.022734,-0.023740,3.141593
8480.0,-0.014788,0.022952,0.017839,0.018115,5.759331,-0.000043,0.020160,-0.023820,-0.023740,3.141593
8485.0,-0.015371,-0.003633,0.018794,0.019001,5.759331,0.000000,0.002733,-0.023048,-0.023740,3.141593
8490.0,-0.015296,0.016693,0.017812,0.018115,5.759331,-0.000100,0.014850,-0.023626,-0.024671,3.141593
8495.0,-0.015249,-0.004653,0.018680,0.019690,5.759331,0.000114,-0.015616,-0.022214,-0.022810,3.141593
8500.0,-0.015353,-0.003982,0.018530,0.018115,5.759331,-0.000057,0.023190,-0.023956,-0.023740,3.141593
8505.0,-0.003022,-0.169798,0.028231,0.027270,5.759715,-0.000143,0.009252,-0.023395,-0.023257,3.141593
8510.0,0.006630,-0.033047,0.023163,0.023038,5.759715,0.000029,-0.003134,-0.022815,-0.022810,3.141593
8515.0,0.007528,-0.000042,0.021812,0.022347,5.759715,0.000029,0.002749,-0.023067,-0.023740,3.141593
8520.0,0.007800,-0.009026,0.022308,0.023038,5.759715,0.000043,0.012300,-0.023467,-0.023257,3.141593
8525.0,0.007728,-0.006769,0.022244,0.022347,5.759715,0.000000,-0.009164,-0.022520,-0.022810,3.141593
8530.0,0.007660,0.005154,0.021742,0.021462,5.759715,-0.000129,0.009897,-0.023420,-0.023740,3.141593
8535.0,0.007653,0.003823,0.021832,0.021462,5.759715,0.000014,-0.006535,-0.022661,-0.021880,3.141593
8540.0,0.007710,-0.004759,0.022269,0.022152,5.759715,-0.000043,0.005939,-0.023220,-0.023257,3.141593
8545.0,0.007560,0.013289,0.021441,0.023038,5.759715,0.000014,-0.010182,-0.022493,-0.022810,3.141593
8550.0,-0.008394,0.177224,0.012308,0.012306,5.759331,0.000000,0.011639,-0.023454,-0.022327,3.141593
8555.0,-0.014627,0.014080,0.018085,0.018115,5.759331,-0.000014,-0.001851,-0.022891,-0.022810,3.141593
8560.0,-0.015292,-0.000819,0.018505,0.018115,5.759331,0.000029,0.004184,-0.023147,-0.021880,3.141593
8565.0,-0.015299,0.007745,0.018030,0.018115,5.759331,-0.000014,0.016332,-0.023692,-0.023740,3.141593
8570.0,-0.015153,-0.022013,0.019303,0.019001,5.759331,-0.000029,0.013265,-0.023567,-0.022810,3.141593
8575.0,-0.015153,-0.005810,0.018492,0.018115,5.759331,-0.000057,-0.001367,-0.022952,-0.023740,3.141593
8580.0,0.003383,-0.117569,0.026389,0.025499,5.759715,-0.000129,0.006624,-0.023341,-0.023740,3.141593
8585.0,0.007253,0.011186,0.021125,0.021461,5.760098,0.000014,0.000633,-0.023044,-0.021880,3.141593
8590.0,0.028170,-0.104939,0.028316,0.029538,5.760098,0.000114,-0.008235,-0.022607,-0.021880,3.141593
8595.0,0.030595,-0.020281,0.025052,0.024615,5.760098,0.000043,-0.000700,-0.022944,-0.022327,3.141593
8600.0,0.030885,-0.000678,0.024483,0.024615,5.760098,-0.000057,0.032244,-0.024437,-0.024671,3.141593
8605.0,0.011669,0.389869,0.005891,0.006498,5.759331,0.000072,0.001128,-0.023017,-0.023257,3.141593
8610.0,-0.012835,0.087809,0.015491,0.014767,5.758947,0.000057,-0.005460,-0.022710,-0.022810,3.141593
8615.0,-0.035123,0.052916,0.011843,0.013192,5.758947,-0.000114,0.027586,-0.024231,-0.025118,3.141593
8620.0,-0.037680,-0.025502,0.014541,0.014079,5.758947,-0.000014,-0.000285,-0.022995,-0.022810,3.141593
8625.0,-0.037723,-0.035435,0.014764,0.014767,5.758947,0.000057,0.011384,-0.023499,-0.023257,3.141593
8630.0,-0.007185,-0.303087,0.033442,0.032193,5.759715,0.000014,-0.003954,-0.022823,-0.021880,3.141593
8635.0,0.018293,-0.226137,0.032914,0.033577,5.760098,0.000000,-0.006905,-0.022702,-0.022810,3.141593
8640.0,0.029490,-0.040818,0.026013,0.026384,5.760098,-0.000014,0.005719,-0.023263,-0.023257,3.141593
8645.0,0.030545,-0.008572,0.024860,0.024615,5.760098,0.000014,-0.012016,-0.022477,-0.022810,3.141593
8650.0,0.030777,-0.018675,0.025555,0.026384,5.760098,0.000129,-0.000628,-0.022919,-0.021397,3.141593
8655.0,0.030588,0.013261,0.024253,0.024614,5.759715,-0.000057,0.007299,-0.023314,-0.023740,3.141593
8660.0,-0.001974,0.289582,0.009048,0.010042,5.759331,0.000086,-0.005368,-0.022700,-0.022810,3.141593
8665.0,-0.014284,0.058544,0.016474,0.015654,5.759331,0.000000,-0.009896,-0.022509,-0.021844,3.141593
8670.0,-0.015439,0.032116,0.017290,0.016540,5.759331,-0.000029,-0.002036,-0.022870,-0.021844,3.141593
8675.0,-0.015346,0.017402,0.017873,0.018115,5.759331,-0.000100,0.000784,-0.023043,-0.022810,3.141593
8680.0,-0.015346,-0.013549,0.019156,0.019001,5.759331,0.000014,-0.018993,-0.022150,-0.022810,3.141593
8685.0,-0.015342,0.007577,0.018122,0.018312,5.759331,0.000057,-0.002529,-0.022850,-0.022327,3.141593
8690.0,-0.015278,0.010933,0.017894,0.018115,5.759331,-0.000014,0.004369,-0.023169,-0.024671,3.141593
8695.0,-0.015289,-0.002843,0.018411,0.018115,5.759331,0.000029,-0.000830,-0.022912,-0.022810,3.141593
8700.0,0.003387,-0.116633,0.026590,0.027960,5.759715,0.000014,0.002962,-0.023062,-0.023740,3.141593
8705.0,0.007213,-0.009101,0.022226,0.022347,5.759715,0.000000,0.037132,-0.024561,-0.024671,3.141593
8710.0,0.007628,-0.004951,0.022118,0.021462,5.759715,-0.000114,0.026262,-0.024137,-0.024671,3.141593
8715.0,0.007607,0.006644,0.021621,0.021462,5.759715,-0.000043,0.013573,-0.023584,-0.023740,3.141593
8720.0,0.007689,0.013839,0.021349,0.020576,5.759715,0.000057,-0.012030,-0.022430,-0.020466,3.141593
8725.0,0.007617,0.006878,0.021670,0.022347,5.759715,-0.000057,-0.010754,-0.022539,-0.023740,3.141593
8730.0,0.007621,0.022589,0.020985,0.020576,5.759715,0.000057,0.005362,-0.023200,-0.022327,3.141593
8735.0,0.007592,0.007051,0.021672,0.021462,5.759715,-0.000029,0.009104,-0.023398,-0.021844,3.141593
8740.0,0.000798,0.203543,0.012507,0.011617,5.759331,-0.000100,-0.001485,-0.022990,-0.023740,3.141593
8745.0,-0.013697,0.046742,0.016804,0.017229,5.759331,0.000086,-0.012908,-0.022433,-0.022327,3.141593
8750.0,-0.015185,-0.001316,0.018516,0.018115,5.759331,-0.000014,-0.000227,-0.023011,-0.023740,3.141593
8755.0,-0.015253,-0.012133,0.018892,0.019887,5.759331,0.000014,0.005687,-0.023255,-0.023740,3.141593
8760.0,-0.015138,-0.020783,0.019215,0.019001,5.759331,0.000057,-0.008304,-0.022610,-0.022327,3.141593
8765.0,-0.015199,0.001384,0.018122,0.018115,5.759331,0.000014,0.005664,-0.023237,-0.023740,3.141593
8770.0,-0.015074,-0.013597,0.018731,0.019001,5.759331,0.000014,0.006634,-0.023274,-0.022327,3.141593
8775.0,0.003233,-0.113069,0.026084,0.026384,5.759715,0.000100,-0.015628,-0.022263,-0.021397,3.141593
8780.0,0.027727,-0.093405,0.027627,0.027961,5.760098,0.000000,0.007674,-0.023310,-0.022327,3.141593
8785.0,0.030617,-0.022413,0.025041,0.025500,5.760098,-0.000086,0.009988,-0.023457,-0.023740,3.141593
8790.0,0.030885,-0.028967,0.025609,0.024807,5.760098,-0.000029,0.006636,-0.023303,-0.023740,3.141593
8795.0,0.018507,0.196782,0.014828,0.015654,5.759715,0.000057,-0.010237,-0.022534,-0.020949,3.141593
8800.0,-0.022205,0.372169,0.000566,0.002461,5.758947,-0.000057,-0.010503,-0.022580,-0.021880,3.141593
8805.0,-0.036485,-0.005841,0.013982,0.013192,5.758947,-0.000014,0.006236,-0.023320,-0.022810,3.141593
8810.0,-0.037601,-0.016264,0.013985,0.013880,5.758947,-0.000057,0.014409,-0.023706,-0.024671,3.141593
8815.0,-0.037841,-0.024148,0.014065,0.014079,5.758947,0.000086,0.014373,-0.023649,-0.023740,3.141593
8820.0,-0.025653,-0.205458,0.024695,0.023038,5.759715,0.000057,0.001675,-0.023063,-0.022810,3.141593
8825.0,0.003862,-0.081963,0.025331,0.025499,5.759715,-0.000114,0.006549,-0.023326,-0.023740,3.141593
8830.0,0.025746,-0.120473,0.029005,0.028153,5.760098,0.000086,-0.001871,-0.022899,-0.021880,3.141593
8835.0,0.030069,0.009037,0.023840,0.024615,5.760098,0.000043,-0.009090,-0.022578,-0.021397,3.141593
8840.0,0.030606,-0.007972,0.024798,0.023923,5.760098,0.000014,-0.009008,-0.022581,-0.021844,3.141593
8845.0,0.030642,0.005789,0.024382,0.023038,5.760098,0.000029,0.007068,-0.023275,-0.024671,3.141593
8850.0,0.018461,0.224042,0.013913,0.014767,5.759331,-0.000043,0.001565,-0.023046,-0.022810,3.141593
8855.0,-0.011891,0.128847,0.013658,0.013192,5.759331,-0.000014,-0.006133,-0.022695,-0.023740,3.141593
8860.0,-0.015053,0.021091,0.017654,0.018115,5.759331,-0.000014,0.002977,-0.023094,-0.022327,3.141593
8865.0,-0.015374,0.008161,0.018058,0.017426,5.759331,-0.000014,-0.006704,-0.022685,-0.023293,3.141593
8870.0,-0.015332,-0.000672,0.018365,0.018115,5.759331,0.000029,-0.012991,-0.022377,-0.021397,3.141593
8875.0,-0.015421,0.012589,0.017656,0.017426,5.759331,-0.000057,0.015641,-0.023676,-0.023740,3.141593
8880.0,-0.015135,-0.018203,0.019006,0.019001,5.759331,0.000057,0.001316,-0.023009,-0.022810,3.141593
8885.0,-0.015185,-0.005851,0.018355,0.019001,5.759331,-0.000014,0.008032,-0.023332,-0.022327,3.141593
8890.0,-0.015321,0.001315,0.017911,0.018115,5.759715,-0.000043,0.004325,-0.023190,-0.023740,3.141593
8895.0,0.004832,-0.072545,0.024684,0.024614,5.759715,0.000057,-0.001825,-0.022872,-0.022810,3.141593
8900.0,0.007360,-0.016982,0.022490,0.022347,5.759715,-0.000029,0.009179,-0.023366,-0.023257,3.141593
8905.0,0.007603,0.014271,0.021138,0.020576,5.759715,-0.000057,0.007544,-0.023312,-0.023257,3.141593
8910.0,0.007603,-0.009183,0.022184,0.022347,5.759715,-0.000072,0.025728,-0.024148,-0.024671,3.141593
8915.0,0.007685,-0.000938,0.021865,0.021462,5.759715,0.000043,0.000697,-0.023015,-0.022810,3.141593
8920.0,0.007657,0.016360,0.021129,0.021462,5.759331,0.000057,0.013827,-0.023591,-0.022327,3.141593
8925.0,-0.012674,0.073392,0.015455,0.016343,5.759331,0.000014,-0.020820,-0.022086,-0.021880,3.141593
8930.0,-0.015063,-0.004119,0.018278,0.018115,5.759331,0.000014,0.016453,-0.023726,-0.023740,3.141593
8935.0,-0.015146,-0.006449,0.018276,0.019001,5.759331,0.000014,0.016420,-0.023718,-0.023257,3.141593
8940.0,-0.015281,-0.002452,0.017973,0.018115,5.759331,0.000043,0.006750,-0.023292,-0.022810,3.141593
8945.0,-0.015042,-0.002424,0.017939,0.018115,5.759331,0.000072,-0.015760,-0.022274,-0.021397,3.141593
8950.0,-0.015171,0.000135,0.017707,0.018115,5.759331,0.000072,0.008010,-0.023318,-0.023740,3.141593
8955.0,-0.015196,-0.019871,0.018503,0.017424,5.759715,-0.000072,0.010032,-0.023429,-0.023740,3.141593
8960.0,0.005039,-0.076581,0.024545,0.025499,5.759715,-0.000057,-0.003048,-0.022875,-0.023740,3.141593
8965.0,0.026025,-0.138052,0.029196,0.028153,5.760098,0.000029,-0.000886,-0.022937,-0.022810,3.141593
8970.0,0.030438,0.002340,0.023705,0.023923,5.760098,-0.000014,-0.009904,-0.022548,-0.021880,3.141593
8975.0,0.030799,-0.016888,0.024819,0.024615,5.760098,0.000029,-0.002275,-0.022864,-0.023740,3.141593
8980.0,0.030767,0.005278,0.024059,0.023923,5.760098,-0.000029,-0.006965,-0.022666,-0.022810,3.141593
8985.0,0.018572,0.182646,0.015433,0.015654,5.759715,-0.000057,0.001233,-0.023043,-0.022327,3.141593
8990.0,-0.003705,0.253062,0.009820,0.010731,5.759331,0.000000,-0.002130,-0.022895,-0.022810,3.141593
8995.0,-0.030234,0.177472,0.007080,0.008071,5.758947,0.000057,0.014223,-0.023594,-0.023257,3.141593
9000.0,-0.037118,-0.031320,0.014619,0.014079,5.758947,-0.000057,0.006026,-0.023271,-0.022327,3.141593
9005.0,-0.037662,-0.029931,0.014226,0.014767,5.758947,0.000029,-0.004658,-0.022791,-0.022327,3.141593
9010.0,-0.037769,-0.023002,0.013678,0.013192,5.758947,0.000000,0.000515,-0.023029,-0.021880,3.141593
9015.0,-0.025574,-0.215593,0.024816,0.024612,5.759331,-0.000043,0.010212,-0.023487,-0.022810,3.141593
9020.0,0.002067,-0.117502,0.026605,0.026384,5.759715,-0.000029,0.003757,-0.023222,-0.022810,3.141593
9025.0,0.022935,-0.174309,0.030920,0.031307,5.760098,0.000043,-0.009416,-0.022629,-0.023740,3.141593
9030.0,0.030001,-0.026974,0.025302,0.025500,5.760098,0.000043,-0.009643,-0.022597,-0.022810,3.141593
9035.0,0.030531,0.002199,0.024202,0.024615,5.760098,0.000014,0.006118,-0.023282,-0.023740,3.141593
9040.0,0.030617,0.000821,0.024420,0.023923,5.760098,0.000000,-0.000524,-0.022978,-0.023257,3.141593
9045.0,-0.000236,0.331352,0.006830,0.008270,5.759331,-0.000014,-0.011945,-0.022493,-0.021397,3.141593
9050.0,-0.014137,0.051750,0.016063,0.015654,5.759331,0.000014,-0.007405,-0.022695,-0.022327,3.141593
9055.0,-0.015221,0.004244,0.017840,0.017426,5.759331,-0.000014,0.005819,-0.023283,-0.023740,3.141593
9060.0,-0.015442,0.001977,0.017791,0.017426,5.759331,-0.000043,-0.003245,-0.022890,-0.023740,3.141593
9065.0,-0.015328,-0.017603,0.018596,0.017426,5.759331,0.000000,0.002405,-0.023130,-0.022327,3.141593
9070.0,-0.015306,0.006419,0.017437,0.017426,5.759331,-0.000057,-0.008516,-0.022671,-0.021880,3.141593
9075.0,-0.015228,-0.000522,0.017675,0.018115,5.759331,-0.000014,-0.006822,-0.022757,-0.022327,3.141593
9080.0,0.000805,-0.156134,0.027903,0.027960,5.759715,0.000057,-0.018084,-0.022243,-0.021397,3.141593
9085.0,0.006899,-0.003404,0.021733,0.020771,5.759715,0.000086,-0.003789,-0.022855,-0.022810,3.141593
9090.0,0.007503,0.006282,0.021377,0.021267,5.759715,0.000014,-0.018376,-0.022211,-0.022327,3.141593
9095.0,0.007521,0.015065,0.020972,0.021267,5.759715,0.000057,-0.009534,-0.022580,-0.022810,3.141593
9100.0,0.007607,0.008537,0.021279,0.021462,5.759715,0.000057,0.002909,-0.023096,-0.021880,3.141593
9105.0,0.007632,0.003195,0.021529,0.022152,5.759715,-0.000014,0.010367,-0.023455,-0.023257,3.141593
9110.0,0.007507,-0.002674,0.021736,0.021462,5.759715,0.000057,-0.001732,-0.022883,-0.022810,3.141593
9115.0,0.007668,-0.004510,0.021866,0.020576,5.759715,-0.000086,-0.001650,-0.022931,-0.021844,3.141593
9120.0,0.007778,0.000376,0.021734,0.021462,5.759715,-0.000029,0.008895,-0.023412,-0.023257,3.141593
9125.0,0.007625,0.000766,0.021708,0.022152,5.759715,0.000000,0.006976,-0.023320,-0.022810,3.141593
9130.0,-0.004588,0.205575,0.011246,0.012503,5.759331,-0.000014,0.004195,-0.023204,-0.022774,3.141593
9135.0,-0.014341,0.041026,0.016292,0.016540,5.759331,0.000029,-0.012494,-0.022449,-0.023740,3.141593
9140.0,-0.015146,-0.011744,0.018372,0.018804,5.759331,-0.000014,-0.010069,-0.022546,-0.021880,3.141593
9145.0,-0.015149,-0.023165,0.018793,0.017426,5.759331,0.000000,0.010576,-0.023457,-0.023740,3.141593
9150.0,-0.015246,0.012443,0.017094,0.016540,5.759331,0.000057,-0.019122,-0.022118,-0.021880,3.141593
9155.0,-0.015088,-0.013833,0.018214,0.018115,5.759715,-0.000043,0.018706,-0.023812,-0.023740,3.141593
9160.0,0.004925,-0.059139,0.023734,0.023731,5.760098,-0.000072,0.000558,-0.023037,-0.022810,3.141593
9165.0,0.027863,-0.096528,0.027627,0.027961,5.760098,0.000057,0.007338,-0.023301,-0.022327,3.141593
9170.0,0.030506,-0.024818,0.024935,0.023923,5.760098,0.000129,-0.002319,-0.022825,-0.022810,3.141593
9175.0,0.030810,-0.006783,0.024420,0.023923,5.760098,0.000000,0.022171,-0.023933,-0.023257,3.141593
9180.0,0.014677,0.182434,0.014849,0.015654,5.759715,-0.000014,-0.002897,-0.022848,-0.022327,3.141593
9185.0,-0.014781,0.394811,0.000743,0.000000,5.758947,0.000143,-0.004184,-0.022721,-0.022810,3.141593
9190.0,-0.035709,0.040202,0.011627,0.010731,5.758947,0.000000,0.008189,-0.023294,-0.021397,3.141593
9195.0,-0.037515,-0.021884,0.013779,0.014079,5.758947,-0.000029,-0.001517,-0.022901,-0.022810,3.141593
9200.0,-0.037669,-0.041371,0.014402,0.014767,5.758947,0.000029,0.028366,-0.024215,-0.024671,3.141593
9205.0,-0.037701,-0.032415,0.013783,0.014078,5.759331,-0.000043,-0.002329,-0.022887,-0.023740,3.141593
9210.0,0.000644,-0.195715,0.029639,0.028846,5.759715,0.000014,-0.001344,-0.022909,-0.022810,3.141593
9215.0,0.022756,-0.159038,0.030173,0.029538,5.760098,0.000129,-0.005582,-0.022671,-0.022327,3.141593
9220.0,0.029805,-0.007370,0.024307,0.023923,5.760098,-0.000029,0.004012,-0.023122,-0.023257,3.141593
9225.0,0.030627,-0.007298,0.024571,0.023923,5.760098,-0.000057,-0.002864,-0.022832,-0.022810,3.141593
9230.0,0.030642,0.023005,0.023407,0.023923,5.760098,-0.000014,-0.011812,-0.022429,-0.022810,3.141593
9235.0,0.018378,0.224597,0.013624,0.014768,5.759715,0.000000,0.012967,-0.023509,-0.023740,3.141593
9240.0,-0.017062,0.367518,0.001305,0.001774,5.758947,-0.000086,0.003001,-0.023102,-0.023740,3.141593
9245.0,-0.035952,0.026666,0.012032,0.012306,5.758947,0.000000,0.002078,-0.023037,-0.023257,3.141593
9250.0,-0.037572,-0.031362,0.014041,0.013192,5.758947,0.000014,0.004265,-0.023118,-0.022810,3.141593
9255.0,-0.037701,-0.023049,0.013431,0.014767,5.758947,-0.000100,-0.003991,-0.022786,-0.022810,3.141593
9260.0,-0.025588,-0.224438,0.024939,0.023037,5.759331,-0.000129,0.012088,-0.023532,-0.023257,3.141593
9265.0,-0.009248,-0.215492,0.028134,0.028846,5.759715,0.000014,-0.000851,-0.022945,-0.022810,3.141593
9270.0,0.017717,-0.204598,0.031770,0.030423,5.760098,-0.000014,-0.001987,-0.022895,-0.022327,3.141593
9275.0,0.029225,-0.024725,0.025062,0.024807,5.760098,0.000086,-0.012112,-0.022428,-0.022327,3.141593
9280.0,0.030488,0.013977,0.023641,0.023923,5.760098,-0.000029,-0.006482,-0.022710,-0.022810,3.141593
9285.0,0.030584,0.007701,0.024056,0.024615,5.760098,-0.000086,-0.002326,-0.022917,-0.022810,3.141593
9290.0,0.018332,0.208771,0.014285,0.015654,5.759331,-0.000086,-0.011346,-0.022545,-0.021397,3.141593
9295.0,-0.011959,0.133794,0.012621,0.013192,5.759331,0.000014,-0.009734,-0.022599,-0.023740,3.141593
9300.0,-0.015078,0.003948,0.017610,0.016540,5.759331,0.000072,0.007586,-0.023317,-0.022810,3.141593
9305.0,-0.015332,0.022479,0.016631,0.015654,5.759331,-0.000014,-0.000887,-0.022958,-0.022327,3.141593
9310.0,-0.015174,-0.002647,0.017697,0.018115,5.759331,-0.000072,-0.022883,-0.022023,-0.022327,3.141593
9315.0,-0.015289,-0.003750,0.017626,0.017426,5.759331,0.000014,0.003904,-0.023183,-0.023257,3.141593
9320.0,-0.015239,-0.000365,0.017396,0.017229,5.759331,-0.000029,0.001005,-0.023063,-0.023740,3.141593
9325.0,-0.015156,-0.022279,0.018304,0.018115,5.759331,0.000029,-0.008304,-0.022631,-0.023740,3.141593
9330.0,0.003151,-0.085779,0.024966,0.025499,5.759715,0.000057,0.003427,-0.023111,-0.023740,3.141593
9335.0,0.007027,-0.001665,0.021570,0.021462,5.759715,-0.000029,-0.012767,-0.022420,-0.021844,3.141593
9340.0,0.007471,0.006627,0.021224,0.020576,5.759715,0.000014,0.007421,-0.023311,-0.022327,3.141593
9345.0,0.007510,0.018677,0.020680,0.020576,5.759715,0.000014,0.001406,-0.023033,-0.022327,3.141593
9350.0,0.007571,0.024691,0.020417,0.019000,5.759715,-0.000014,-0.000227,-0.022974,-0.021880,3.141593
9355.0,0.007657,-0.000260,0.021566,0.020576,5.759715,0.000029,-0.009570,-0.022551,-0.022327,3.141593
9360.0,0.007571,0.023899,0.020501,0.021267,5.759715,0.000086,-0.008290,-0.022583,-0.022810,3.141593
9365.0,0.007603,0.009918,0.021110,0.021462,5.759715,-0.000072,0.006216,-0.023263,-0.022810,3.141593
9370.0,0.007589,0.008213,0.021179,0.021462,5.759331,0.000014,-0.018954,-0.022137,-0.022810,3.141593
9375.0,-0.012732,0.086098,0.014262,0.013192,5.759331,-0.000072,0.025953,-0.024143,-0.024671,3.141593
9380.0,-0.014899,0.004339,0.017331,0.018115,5.759331,0.000014,-0.007020,-0.022672,-0.022810,3.141593
9385.0,-0.015106,-0.009365,0.017806,0.017426,5.759331,0.000000,-0.015913,-0.022284,-0.022810,3.141593
9390.0,-0.015142,-0.002412,0.017401,0.017426,5.759331,0.000029,0.001565,-0.023027,-0.023257,3.141593
9395.0,-0.015128,-0.001581,0.017281,0.017229,5.759331,-0.000057,-0.007245,-0.022668,-0.022810,3.141593
9400.0,-0.015128,-0.010019,0.017572,0.017426,5.759331,-0.000057,-0.002974,-0.022864,-0.022810,3.141593
9405.0,-0.015031,-0.024499,0.018156,0.018115,5.759715,0.000000,0.008775,-0.023374,-0.022810,3.141593
9410.0,0.004907,-0.068693,0.024049,0.023923,5.760098,0.000129,-0.006577,-0.022649,-0.021880,3.141593
9415.0,0.027734,-0.102100,0.027705,0.027961,5.760098,-0.000186,0.003523,-0.023193,-0.023740,3.141593
9420.0,0.030538,0.003653,0.023549,0.023923,5.760098,-0.000029,-0.011767,-0.022504,-0.022810,3.141593
9425.0,0.030724,-0.005346,0.024165,0.023038,5.760098,-0.000043,-0.001830,-0.022953,-0.023740,3.141593
9430.0,0.030792,-0.003313,0.024310,0.023923,5.760098,0.000086,-0.009943,-0.022546,-0.022810,3.141593
9435.0,0.014566,0.177342,0.015044,0.015654,5.759715,-0.000114,-0.008015,-0.022689,-0.023740,3.141593
9440.0,-0.017341,0.353858,0.001593,0.000887,5.758947,-0.000029,0.010391,-0.023488,-0.023740,3.141593
9445.0,-0.035877,0.018268,0.012171,0.012993,5.758947,-0.000014,-0.003474,-0.022881,-0.021880,3.141593
9450.0,-0.037590,-0.018330,0.013204,0.013880,5.758947,0.000100,-0.006016,-0.022728,-0.022810,3.141593
9455.0,-0.037762,-0.035406,0.013712,0.014079,5.758947,0.000172,0.001187,-0.022973,-0.022327,3.141593
9460.0,-0.021765,-0.199464,0.024459,0.023728,5.759715,-0.000057,-0.014880,-0.022327,-0.020913,3.141593
9465.0,0.011019,-0.252409,0.033155,0.033076,5.760098,0.000114,-0.006322,-0.022665,-0.021880,3.141593
9470.0,0.028385,-0.026639,0.024897,0.024615,5.760098,-0.000114,0.007660,-0.023343,-0.023257,3.141593
9475.0,0.030338,-0.004301,0.024235,0.024615,5.760098,-0.000029,0.002642,-0.023128,-0.022327,3.141593
9480.0,0.030463,0.007429,0.023819,0.023038,5.760098,0.000014,-0.000366,-0.022989,-0.022810,3.141593
9485.0,0.023786,0.189885,0.015413,0.014768,5.759715,-0.000100,0.003421,-0.023193,-0.023740,3.141593
9490.0,-0.009588,0.200503,0.010053,0.012109,5.759331,0.000057,-0.007295,-0.022685,-0.022810,3.141593
9495.0,-0.014795,-0.001215,0.017775,0.018804,5.759331,0.000086,0.008317,-0.023355,-0.023257,3.141593
9500.0,-0.015221,-0.021958,0.018511,0.018804,5.759331,0.000086,-0.010909,-0.022479,-0.021880,3.141593
9505.0,-0.015281,0.001373,0.017364,0.017229,5.759331,0.000057,0.000149,-0.022956,-0.022810,3.141593
9510.0,-0.015264,0.000479,0.017316,0.017426,5.759331,0.000000,0.010160,-0.023402,-0.022810,3.141593
9515.0,-0.015088,-0.014850,0.017953,0.017426,5.759331,-0.000014,0.003951,-0.023135,-0.023740,3.141593
9520.0,-0.015181,0.002117,0.017086,0.017229,5.759331,-0.000072,0.012093,-0.023516,-0.023740,3.141593
9525.0,0.000733,-0.153026,0.027539,0.028155,5.759715,-0.000057,0.011031,-0.023477,-0.024671,3.141593
9530.0,0.006799,-0.004905,0.021676,0.021462,5.759715,-0.000057,0.010485,-0.023458,-0.023740,3.141593
9535.0,0.007442,0.012264,0.020951,0.021462,5.759715,0.000043,-0.011782,-0.022445,-0.022810,3.141593
9540.0,0.007628,-0.003032,0.021650,0.021462,5.759715,-0.000086,0.002735,-0.023120,-0.023740,3.141593
9545.0,0.007550,0.002473,0.021382,0.020576,5.759715,-0.000014,0.008645,-0.023371,-0.022810,3.141593
9550.0,0.007499,0.024031,0.020420,0.020576,5.759715,-0.000057,0.021569,-0.023965,-0.023740,3.141593
9555.0,0.007625,-0.001749,0.021573,0.020576,5.759715,-0.000100,-0.016075,-0.022350,-0.021880,3.141593
9560.0,0.007621,0.016152,0.020807,0.021462,5.759715,0.000114,0.004931,-0.023210,-0.023257,3.141593
9565.0,0.007575,0.007311,0.021173,0.021462,5.759715,0.000086,-0.006611,-0.022673,-0.022810,3.141593
9570.0,-0.008318,0.172517,0.011317,0.011420,5.759331,-0.000086,0.007135,-0.023328,-0.022810,3.141593
9575.0,-0.026661,0.179932,0.006751,0.007383,5.758947,0.000014,0.010035,-0.023450,-0.023257,3.141593
9580.0,-0.036668,-0.028932,0.013599,0.012505,5.758947,0.000057,-0.004657,-0.022781,-0.022810,3.141593
9585.0,-0.037562,-0.043307,0.013832,0.013192,5.758947,-0.000029,0.001877,-0.023087,-0.022810,3.141593
9590.0,-0.025417,-0.218117,0.024173,0.023038,5.759715,-0.000029,0.005028,-0.023239,-0.023740,3.141593
9595.0,0.010740,-0.270058,0.033566,0.032884,5.760098,0.000029,-0.004429,-0.022806,-0.022810,3.141593
9600.0,0.028532,-0.060659,0.026148,0.026384,5.760098,0.000014,-0.005353,-0.022761,-0.023740,3.141593
9605.0,0.030416,-0.008733,0.024183,0.024615,5.760098,0.000000,-0.004904,-0.022770,-0.023740,3.141593
9610.0,0.030617,0.002140,0.023883,0.023038,5.760098,0.000057,0.006379,-0.023230,-0.022810,3.141593
9615.0,0.018482,0.195795,0.014525,0.015654,5.759715,-0.000029,-0.009476,-0.022554,-0.022810,3.141593
9620.0,-0.007564,0.209998,0.009804,0.009845,5.759331,-0.000029,0.004563,-0.023176,-0.022810,3.141593
9625.0,-0.014516,-0.000377,0.017525,0.017229,5.759331,0.000057,-0.001755,-0.022867,-0.024223,3.141593
9630.0,-0.015174,-0.001329,0.017328,0.017229,5.759331,0.000100,-0.002413,-0.022786,-0.021844,3.141593
9635.0,-0.015303,-0.001385,0.017208,0.016540,5.759331,-0.000086,-0.001839,-0.022873,-0.023740,3.141593
9640.0,-0.015239,-0.006860,0.017378,0.016540,5.759331,-0.000029,-0.001709,-0.022875,-0.023740,3.141593
9645.0,-0.015242,-0.001454,0.017046,0.016540,5.759331,0.000043,0.002118,-0.023008,-0.022810,3.141593
9650.0,-0.015138,-0.011848,0.017446,0.016540,5.759331,-0.000014,0.002853,-0.023059,-0.022327,3.141593
9655.0,-0.015224,0.008087,0.016449,0.016540,5.759331,-0.000057,0.007881,-0.023311,-0.022810,3.141593
9660.0,-0.002979,-0.183482,0.027677,0.026190,5.759715,-0.000086,0.004299,-0.023184,-0.021397,3.141593
9665.0,0.006416,-0.007762,0.021651,0.021462,5.759715,0.000014,0.004569,-0.023198,-0.022810,3.141593
9670.0,0.007328,0.006567,0.021044,0.021462,5.759715,0.000143,-0.006382,-0.022640,-0.021880,3.141593
9675.0,0.007567,-0.007970,0.021694,0.023038,5.759715,-0.000043,-0.005858,-0.022699,-0.022810,3.141593
9680.0,0.007539,0.026100,0.020152,0.019886,5.759715,0.000014,-0.015025,-0.022284,-0.022810,3.141593
9685.0,0.007621,-0.000916,0.021371,0.021462,5.759715,-0.000057,-0.001497,-0.022906,-0.023257,3.141593
9690.0,0.007564,0.014753,0.020657,0.020576,5.759715,-0.000086,0.037520,-0.024675,-0.026084,3.141593
9695.0,0.007639,0.002865,0.021204,0.021462,5.759715,-0.000129,0.014458,-0.023696,-0.024671,3.141593
9700.0,-0.004703,0.209791,0.010055,0.011617,5.759331,0.000014,-0.006310,-0.022750,-0.022327,3.141593
9705.0,-0.014237,0.008542,0.016791,0.016540,5.759331,0.000057,-0.007422,-0.022672,-0.022810,3.141593
9710.0,-0.015070,-0.003561,0.017055,0.016540,5.759331,-0.000014,0.004145,-0.023200,-0.024671,3.141593
9715.0,-0.015171,-0.017493,0.017566,0.017426,5.759331,-0.000057,0.009622,-0.023447,-0.023257,3.141593
9720.0,-0.015060,-0.027385,0.017948,0.018115,5.759331,0.000114,-0.006160,-0.022696,-0.022327,3.141593
9725.0,-0.015110,-0.023718,0.017687,0.016540,5.759331,0.000043,0.003979,-0.023137,-0.022810,3.141593
9730.0,-0.015088,-0.013190,0.017140,0.016540,5.759331,-0.000014,0.012578,-0.023528,-0.023740,3.141593
9735.0,-0.015167,0.003737,0.016281,0.015654,5.759715,0.000029,-0.002805,-0.022832,-0.022810,3.141593
9740.0,0.004978,-0.052478,0.023155,0.022347,5.759715,-0.000043,0.017651,-0.023767,-0.023740,3.141593
9745.0,0.026103,-0.139303,0.028975,0.029538,5.760098,-0.000086,-0.002425,-0.022914,-0.023257,3.141593
9750.0,0.030259,-0.010390,0.023883,0.023923,5.760098,0.000086,-0.012794,-0.022411,-0.022810,3.141593
9755.0,0.030659,-0.010814,0.024127,0.023923,5.760098,0.000057,-0.009311,-0.022544,-0.021880,3.141593
9760.0,0.018471,0.198169,0.014081,0.014767,5.759331,-0.000057,-0.004918,-0.022783,-0.023740,3.141593
9765.0,-0.011748,0.111964,0.012833,0.012503,5.759331,0.000014,0.010963,-0.023462,-0.023257,3.141593
9770.0,-0.027062,0.173365,0.006539,0.007583,5.758947,0.000014,0.000837,-0.023020,-0.022774,3.141593
9775.0,-0.036668,-0.008306,0.012268,0.013192,5.758947,0.000014,0.008062,-0.023335,-0.023257,3.141593
9780.0,-0.037658,-0.043344,0.013393,0.012505,5.758947,-0.000072,0.013180,-0.023591,-0.023740,3.141593
9785.0,-0.025324,-0.223362,0.024013,0.023038,5.759715,0.000014,0.004893,-0.023208,-0.021880,3.141593
9790.0,0.019845,-0.236472,0.033032,0.032884,5.760098,-0.000086,-0.001355,-0.022983,-0.023740,3.141593
9795.0,0.029519,-0.019704,0.024546,0.025500,5.760098,0.000072,-0.001363,-0.022929,-0.022810,3.141593
9800.0,0.030406,0.011535,0.023348,0.023038,5.760098,0.000086,0.001038,-0.023014,-0.022810,3.141593
9805.0,0.030459,0.023717,0.022911,0.023038,5.760098,0.000057,-0.009947,-0.022515,-0.021880,3.141593
9810.0,0.030656,-0.012465,0.024685,0.025500,5.760098,-0.000057,-0.001998,-0.022892,-0.022810,3.141593
9815.0,0.005007,0.323715,0.007322,0.006695,5.759331,-0.000014,-0.011104,-0.022487,-0.023740,3.141593
9820.0,-0.025606,0.242890,0.003925,0.004922,5.758947,0.000114,0.004289,-0.023090,-0.022327,3.141593
9825.0,-0.036703,-0.010365,0.012501,0.013192,5.758947,0.000029,-0.006925,-0.022613,-0.022810,3.141593
9830.0,-0.037583,-0.050666,0.013887,0.013192,5.758947,-0.000072,0.010281,-0.023407,-0.023257,3.141593
9835.0,-0.021740,-0.173592,0.022767,0.023038,5.759715,0.000057,-0.001922,-0.022834,-0.022810,3.141593
9840.0,0.020210,-0.232923,0.033106,0.032884,5.760098,-0.000014,0.000566,-0.022963,-0.022327,3.141593
9845.0,0.029572,-0.022278,0.024862,0.025500,5.760098,-0.000086,0.020754,-0.023900,-0.023257,3.141593
9850.0,0.030398,0.011968,0.023522,0.023923,5.760098,-0.000043,-0.004803,-0.022772,-0.022810,3.141593
9855.0,0.030409,0.024992,0.023014,0.023731,5.760098,-0.000014,0.022899,-0.023999,-0.025601,3.141593
9860.0,0.018253,0.209436,0.013951,0.015654,5.759331,-0.000014,-0.007020,-0.022671,-0.022327,3.141593
9865.0,-0.011802,0.102228,0.013382,0.013192,5.759331,0.000029,0.001092,-0.023010,-0.023740,3.141593
9870.0,-0.014956,0.006143,0.016864,0.016540,5.759331,0.000029,0.004157,-0.023128,-0.023740,3.141593
9875.0,-0.015085,-0.013892,0.017642,0.018115,5.759331,-0.000100,0.010764,-0.023462,-0.023740,3.141593
9880.0,-0.015249,0.000071,0.016889,0.018115,5.759331,0.000129,-0.015569,-0.022219,-0.021397,3.141593
9885.0,-0.015188,-0.023441,0.017861,0.018115,5.759331,-0.000029,-0.004135,-0.022759,-0.022810,3.141593
9890.0,-0.015146,-0.015827,0.017444,0.016540,5.759331,-0.000057,-0.004570,-0.022751,-0.022327,3.141593
9895.0,0.003312,-0.091933,0.024972,0.023038,5.759715,0.000014,0.004098,-0.023121,-0.023257,3.141593
9900.0,0.025560,-0.114293,0.028221,0.028846,5.760098,-0.000100,-0.005506,-0.022743,-0.021880,3.141593
9905.0,0.030087,0.006924,0.023453,0.023038,5.760098,-0.000057,-0.004837,-0.022801,-0.022810,3.141593
9910.0,0.030581,-0.002413,0.024070,0.023923,5.760098,0.000000,-0.007585,-0.022664,-0.022327,3.141593
9915.0,0.018404,0.204072,0.014100,0.015459,5.759715,0.000029,-0.009984,-0.022553,-0.021397,3.141593
9920.0,-0.007521,0.222664,0.009139,0.009845,5.759331,0.000057,0.002920,-0.023121,-0.022327,3.141593
9925.0,-0.014523,0.006155,0.017120,0.017229,5.759331,0.000000,0.002455,-0.023103,-0.022327,3.141593
9930.0,-0.015192,-0.007685,0.017495,0.017426,5.759331,0.000072,-0.013144,-0.022394,-0.022810,3.141593
9935.0,-0.015314,0.000072,0.017027,0.016540,5.759331,0.000014,0.004341,-0.023151,-0.022810,3.141593
9940.0,-0.015178,-0.002229,0.017071,0.016540,5.759331,0.000014,-0.010290,-0.022505,-0.021397,3.141593
9945.0,-0.015063,-0.009809,0.017350,0.018804,5.759331,0.000014,-0.010019,-0.022516,-0.022810,3.141593
9950.0,-0.015310,0.017261,0.015994,0.016343,5.759331,0.000057,-0.000716,-0.022904,-0.022327,3.141593
9955.0,0.003276,-0.091576,0.025009,0.024614,5.759715,0.000014,0.017319,-0.023707,-0.024671,3.141593
9960.0,0.006992,0.019988,0.020460,0.019000,5.759715,0.000043,-0.001131,-0.022870,-0.022327,3.141593
9965.0,0.007460,0.006490,0.021081,0.021462,5.759715,-0.000100,-0.003052,-0.022844,-0.023740,3.141593
9970.0,0.007532,0.004836,0.021135,0.020576,5.759715,-0.000014,0.007819,-0.023322,-0.023740,3.141593
9975.0,0.007521,0.012436,0.020782,0.020576,5.759715,-0.000014,-0.000705,-0.022947,-0.022327,3.141593
9980.0,0.007557,0.019283,0.020476,0.021462,5.759715,0.000043,-0.001980,-0.022877,-0.023257,3.141593
9985.0,0.007442,0.016184,0.020542,0.020576,5.759715,0.000043,0.000201,-0.022960,-0.022810,3.141593
9990.0,0.007600,-0.012691,0.021850,0.020771,5.759715,0.000000,0.010468,-0.023409,-0.023740,3.141593
9995.0,-0.008390,0.173717,0.010836,0.012306,5.759331,-0.000100,0.016372,-0.023709,-0.023257,3.141593
10000.0,-0.014552,0.009925,0.016660,0.016540,5.759331,0.000014,0.005857,-0.023238,-0.023740,3.141593
10005.0,-0.014949,-0.001787,0.017010,0.016540,5.759331,-0.000086,0.025046,-0.024118,-0.024671,3.141593
10010.0,-0.015060,-0.012565,0.017382,0.016540,5.759331,0.000072,0.009778,-0.023391,-0.022810,3.141593
10015.0,-0.015138,-0.003498,0.016874,0.016540,5.759331,-0.000014,0.007201,-0.023307,-0.023740,3.141593
10020.0,-0.015035,-0.008796,0.017050,0.017426,5.759331,0.000057,0.001418,-0.023018,-0.022327,3.141593
10025.0,-0.015103,-0.001638,0.016631,0.016540,5.759331,0.000057,-0.013779,-0.022345,-0.022810,3.141593
10030.0,0.003337,-0.104135,0.025333,0.025499,5.759715,0.000000,-0.012410,-0.022402,-0.022810,3.141593
10035.0,0.007077,0.006892,0.020792,0.021462,5.759715,-0.000014,0.004354,-0.023134,-0.023257,3.141593
10040.0,0.007503,0.018576,0.020297,0.020576,5.759715,0.000057,-0.000084,-0.022909,-0.022810,3.141593
10045.0,0.007603,0.008432,0.020752,0.020576,5.759715,-0.000014,0.010082,-0.023371,-0.023740,3.141593
10050.0,0.007668,-0.002441,0.021270,0.020576,5.759715,-0.000014,-0.002243,-0.022828,-0.022327,3.141593
10055.0,0.007524,0.025134,0.020020,0.019691,5.759715,-0.000043,0.012465,-0.023500,-0.023257,3.141593
10060.0,0.007564,0.018215,0.020327,0.019691,5.759715,0.000000,0.004516,-0.023150,-0.022810,3.141593
10065.0,0.007643,-0.003305,0.021308,0.021462,5.759715,-0.000014,-0.011334,-0.022458,-0.022810,3.141593
10070.0,0.007589,0.017251,0.020407,0.020576,5.759715,-0.000014,0.010494,-0.023431,-0.023740,3.141593
10075.0,0.007646,0.004597,0.020988,0.021462,5.759715,0.000143,-0.016218,-0.022191,-0.021397,3.141593
10080.0,0.007660,0.004935,0.020992,0.020576,5.759715,-0.000043,-0.006748,-0.022653,-0.022327,3.141593
10085.0,0.007635,0.006187,0.020962,0.020576,5.759715,0.000014,-0.007612,-0.022612,-0.023257,3.141593
10090.0,-0.012574,0.065747,0.014595,0.014078,5.759331,-0.000014,0.001197,-0.023015,-0.022810,3.141593
10095.0,-0.014881,-0.003483,0.017074,0.017229,5.759331,0.000057,0.009962,-0.023372,-0.022810,3.141593
10100.0,-0.015078,-0.026193,0.017955,0.018115,5.759331,-0.000014,-0.001113,-0.022883,-0.021880,3.141593
10105.0,-0.015092,0.001648,0.016625,0.015654,5.759331,-0.000014,0.006934,-0.023242,-0.022810,3.141593
10110.0,-0.014960,-0.012051,0.017186,0.018115,5.759331,-0.000014,0.015558,-0.023632,-0.022327,3.141593
10115.0,-0.008190,-0.216281,0.027730,0.027270,5.759715,-0.000014,-0.009275,-0.022552,-0.021880,3.141593
10120.0,0.022044,-0.203058,0.031380,0.029730,5.760098,0.000014,-0.003131,-0.022820,-0.022327,3.141593
10125.0,0.030009,-0.024111,0.024512,0.025500,5.760098,0.000086,-0.001879,-0.022854,-0.022327,3.141593
10130.0,0.030556,-0.003470,0.023801,0.023038,5.760098,0.000043,0.008719,-0.023322,-0.023740,3.141593
10135.0,0.030717,0.005805,0.023610,0.023038,5.759715,0.000014,-0.003961,-0.022755,-0.022810,3.141593
10140.0,-0.005783,0.263815,0.007542,0.008270,5.759331,-0.000086,0.011707,-0.023478,-0.023257,3.141593
10145.0,-0.021214,0.197044,0.006948,0.006496,5.758947,0.000014,-0.012312,-0.022407,-0.021880,3.141593
10150.0,-0.036099,0.006468,0.011889,0.010731,5.758947,0.000014,0.004377,-0.023128,-0.023257,3.141593
10155.0,-0.037515,-0.030870,0.013027,0.013192,5.758947,-0.000043,0.012692,-0.023512,-0.023740,3.141593
10160.0,-0.037715,-0.035350,0.012971,0.013192,5.759331,-0.000057,0.011394,-0.023468,-0.023740,3.141593
10165.0,-0.001652,-0.246249,0.030418,0.029730,5.760098,-0.000072,0.001020,-0.023027,-0.023740,3.141593
10170.0,0.026833,-0.073860,0.026664,0.026384,5.760098,0.000129,0.006995,-0.023200,-0.023257,3.141593
10175.0,0.030026,0.005205,0.023554,0.023038,5.760098,0.000014,0.019629,-0.023773,-0.023257,3.141593
10180.0,0.030502,0.019420,0.023107,0.022154,5.760098,-0.000086,0.003438,-0.023101,-0.022810,3.141593
10185.0,0.030541,-0.002812,0.024225,0.024615,5.760098,-0.000114,0.006101,-0.023260,-0.023740,3.141593
10190.0,0.030377,0.027156,0.022941,0.023038,5.759715,0.000014,-0.011634,-0.022444,-0.022327,3.141593
10195.0,-0.008347,0.216597,0.009136,0.010534,5.759331,0.000086,-0.010961,-0.022444,-0.022810,3.141593
10200.0,-0.014799,0.013751,0.016624,0.015654,5.759331,-0.000086,0.017489,-0.023748,-0.023257,3.141593
10205.0,-0.015113,0.005113,0.016851,0.017229,5.759331,-0.000014,-0.002562,-0.022867,-0.022810,3.141593
10210.0,-0.015213,-0.000170,0.016972,0.018115,5.759331,0.000043,-0.010309,-0.022495,-0.022810,3.141593
10215.0,-0.015153,-0.026747,0.018083,0.018804,5.759331,-0.000043,-0.004731,-0.022767,-0.020949,3.141593
10220.0,-0.015146,-0.015642,0.017500,0.018115,5.759331,-0.000029,0.002464,-0.023106,-0.023257,3.141593
10225.0,-0.015185,-0.010113,0.017155,0.018115,5.759715,0.000014,-0.008896,-0.022595,-0.023740,3.141593
10230.0,0.004882,-0.054477,0.023654,0.023923,5.759715,0.000057,-0.000680,-0.022930,-0.022810,3.141593
10235.0,0.007185,0.001007,0.021395,0.021462,5.759715,0.000043,-0.005300,-0.022707,-0.021880,3.141593
10240.0,0.007403,0.018338,0.020588,0.020576,5.759715,-0.000029,0.014396,-0.023609,-0.023740,3.141593
10245.0,0.007356,0.029501,0.020006,0.019000,5.759715,0.000086,-0.021143,-0.021993,-0.021397,3.141593
10250.0,0.007546,0.002735,0.021200,0.020576,5.759715,0.000000,-0.002570,-0.022816,-0.022810,3.141593
10255.0,0.007392,0.023883,0.020188,0.019691,5.759715,-0.000100,-0.005170,-0.022746,-0.022810,3.141593
10260.0,0.007553,-0.011380,0.021755,0.020576,5.759715,-0.000043,0.015230,-0.023640,-0.023740,3.141593
10265.0,0.007596,0.006053,0.021019,0.021462,5.759715,-0.000086,0.040866,-0.024810,-0.025118,3.141593
10270.0,0.007460,0.014481,0.020581,0.021462,5.759715,-0.000043,0.004803,-0.023224,-0.022810,3.141593
10275.0,0.007603,0.009451,0.020825,0.020576,5.759715,-0.000014,-0.009859,-0.022588,-0.023257,3.141593
10280.0,-0.008315,0.162728,0.011349,0.012306,5.759331,-0.000057,0.023171,-0.024064,-0.024671,3.141593
10285.0,-0.014520,0.016990,0.016359,0.015654,5.759331,0.000043,-0.004378,-0.022824,-0.023257,3.141593
10290.0,-0.015092,-0.011927,0.017432,0.017229,5.759331,0.000029,0.009515,-0.023425,-0.024187,3.141593
10295.0,-0.015031,-0.020956,0.017764,0.018312,5.759331,0.000043,0.001518,-0.023058,-0.023740,3.141593
10300.0,-0.015024,-0.019465,0.017615,0.017426,5.759331,-0.000086,0.037010,-0.024664,-0.024187,3.141593
10305.0,-0.015160,-0.015139,0.017303,0.016540,5.759331,-0.000014,-0.007391,-0.022707,-0.022810,3.141593
10310.0,0.000865,-0.162289,0.027431,0.027960,5.759715,0.000000,0.003195,-0.023166,-0.023740,3.141593
10315.0,0.023003,-0.186975,0.030737,0.030423,5.760098,0.000057,-0.018789,-0.022159,-0.022327,3.141593
10320.0,0.030034,-0.015650,0.024085,0.023038,5.760098,0.000072,-0.001246,-0.022905,-0.023740,3.141593
10325.0,0.030838,-0.003393,0.023895,0.025500,5.760098,-0.000014,0.002008,-0.023050,-0.022810,3.141593
10330.0,0.030699,0.000802,0.023853,0.023923,5.760098,-0.000014,0.001981,-0.023052,-0.023740,3.141593
10335.0,-0.000311,0.319885,0.006410,0.007581,5.759331,0.000114,-0.007940,-0.022555,-0.021880,3.141593
10340.0,-0.013894,0.028922,0.016229,0.015654,5.758947,-0.000043,-0.006419,-0.022659,-0.023740,3.141593
10345.0,-0.035115,0.051003,0.010285,0.010731,5.758947,-0.000014,-0.005868,-0.022682,-0.022327,3.141593
10350.0,-0.037436,-0.038583,0.013546,0.013192,5.758947,0.000000,-0.006411,-0.022664,-0.022327,3.141593
10355.0,-0.037626,-0.033568,0.013071,0.013192,5.758947,-0.000043,-0.000234,-0.022951,-0.022810,3.141593
10360.0,-0.025492,-0.205917,0.023295,0.023038,5.759715,0.000000,-0.000443,-0.022926,-0.023257,3.141593
10365.0,0.010704,-0.268639,0.033652,0.033769,5.760098,0.000029,0.002284,-0.023016,-0.022327,3.141593
10370.0,0.028542,-0.042744,0.025520,0.025500,5.760098,0.000057,-0.004892,-0.022695,-0.022327,3.141593
10375.0,0.030252,0.013869,0.023291,0.023038,5.760098,0.000043,-0.001261,-0.022849,-0.022810,3.141593
10380.0,0.030413,0.013989,0.023395,0.022346,5.760098,-0.000100,-0.004440,-0.022771,-0.021880,3.141593
10385.0,0.023721,0.194676,0.015057,0.014768,5.759715,0.000057,-0.021590,-0.021984,-0.020949,3.141593
10390.0,0.002178,0.253048,0.009816,0.010534,5.759331,-0.000057,0.020806,-0.023899,-0.023740,3.141593
10395.0,-0.025846,0.245875,0.003723,0.004922,5.758947,-0.000086,0.004863,-0.023243,-0.023740,3.141593
10400.0,-0.036728,-0.009718,0.012450,0.012306,5.758947,0.000029,0.000620,-0.023029,-0.023257,3.141593
10405.0,-0.037708,-0.037708,0.013264,0.011618,5.758947,0.000072,0.010950,-0.023441,-0.022327,3.141593
10410.0,-0.030867,-0.217802,0.022626,0.023234,5.759331,-0.000057,-0.008196,-0.022638,-0.022327,3.141593
10415.0,-0.000833,-0.194604,0.028297,0.027270,5.759715,-0.000086,0.008209,-0.023400,-0.023740,3.141593
10420.0,0.018793,-0.186035,0.030789,0.030423,5.760098,0.000057,-0.015347,-0.022307,-0.021880,3.141593
10425.0,0.029225,-0.008247,0.024014,0.023923,5.760098,-0.000043,0.011185,-0.023511,-0.023257,3.141593
10430.0,0.030466,-0.008476,0.024285,0.024615,5.760098,-0.000014,-0.009166,-0.022617,-0.023740,3.141593
10435.0,0.030499,-0.004251,0.024205,0.023923,5.760098,0.000057,0.000191,-0.022976,-0.022810,3.141593
10440.0,0.030488,0.018041,0.023326,0.022347,5.759715,-0.000014,-0.001444,-0.022921,-0.023257,3.141593
10445.0,-0.002035,0.288781,0.007300,0.008270,5.759331,-0.000086,0.019247,-0.023854,-0.024671,3.141593
10450.0,-0.014173,0.051801,0.015034,0.015654,5.759331,-0.000100,0.006382,-0.023309,-0.022810,3.141593
10455.0,-0.015160,-0.009612,0.017455,0.016540,5.759331,0.000057,0.002160,-0.023090,-0.022810,3.141593
10460.0,-0.015289,0.003853,0.016733,0.016540,5.759331,0.000100,0.009746,-0.023397,-0.022327,3.141593
10465.0,-0.015253,-0.002079,0.016914,0.016540,5.759331,0.000000,0.002572,-0.023086,-0.022810,3.141593
10470.0,-0.015042,-0.004987,0.017006,0.018115,5.759331,0.000057,0.005807,-0.023200,-0.023257,3.141593
10475.0,-0.015167,-0.002356,0.016769,0.016540,5.759331,-0.000029,0.005487,-0.023209,-0.023740,3.141593
10480.0,-0.015296,0.005737,0.016287,0.016343,5.759331,0.000086,0.000807,-0.022959,-0.023740,3.141593
10485.0,-0.008233,-0.200574,0.026993,0.027270,5.759715,-0.000057,0.004571,-0.023145,-0.023257,3.141593
10490.0,0.005847,-0.034233,0.022776,0.022152,5.759715,-0.000057,-0.004780,-0.022747,-0.022810,3.141593
10495.0,0.007145,0.016495,0.020560,0.020576,5.759715,-0.000043,-0.000211,-0.022961,-0.023740,3.141593
10500.0,0.007417,0.012607,0.020703,0.020576,5.759715,0.000000,-0.007458,-0.022622,-0.022810,3.141593
10505.0,0.007424,0.005265,0.020953,0.021462,5.759715,0.000014,-0.007884,-0.022600,-0.022810,3.141593
10510.0,0.007564,0.005152,0.020960,0.020576,5.759715,-0.000014,-0.000377,-0.022937,-0.023257,3.141593
10515.0,0.007453,0.015115,0.020464,0.020576,5.759715,0.000000,0.014972,-0.023613,-0.023740,3.141593
10520.0,0.007596,0.013295,0.020562,0.020576,5.759715,0.000014,0.002302,-0.023030,-0.021844,3.141593
10525.0,0.007553,0.020667,0.020221,0.019887,5.759331,-0.000086,-0.008131,-0.022614,-0.023740,3.141593
10530.0,-0.012506,0.064784,0.014445,0.014078,5.759331,0.000086,-0.012776,-0.022349,-0.022327,3.141593
10535.0,-0.014852,-0.013808,0.017336,0.016540,5.759331,0.000014,0.005312,-0.023156,-0.022810,3.141593
10540.0,-0.015099,-0.006507,0.016870,0.016540,5.759331,-0.000014,-0.000851,-0.022886,-0.023740,3.141593
10545.0,-0.015017,-0.012934,0.017093,0.015654,5.759331,-0.000072,0.013610,-0.023549,-0.022810,3.141593
10550.0,-0.014949,-0.023225,0.017487,0.017229,5.759331,-0.000014,0.012584,-0.023491,-0.023740,3.141593
10555.0,-0.015085,-0.038162,0.018035,0.018115,5.759331,-0.000057,-0.005577,-0.022705,-0.023257,3.141593
10560.0,-0.008136,-0.201507,0.026802,0.027960,5.759715,-0.000057,-0.001139,-0.022903,-0.023740,3.141593
10565.0,0.005922,-0.029285,0.022246,0.021461,5.760098,-0.000086,0.011145,-0.023469,-0.023740,3.141593
10570.0,0.027713,-0.088851,0.026914,0.027077,5.760098,0.000043,-0.005238,-0.022712,-0.023740,3.141593
10575.0,0.030456,-0.006105,0.023736,0.023731,5.760098,-0.000086,0.023497,-0.024016,-0.024671,3.141593
10580.0,0.030645,-0.001148,0.023708,0.023923,5.760098,0.000014,0.004514,-0.023161,-0.023740,3.141593
10585.0,0.007796,0.355420,0.006216,0.006695,5.759331,0.000014,0.002752,-0.023078,-0.023740,3.141593
10590.0,-0.025356,0.255095,0.003146,0.003348,5.758947,0.000057,0.009708,-0.023370,-0.023257,3.141593
10595.0,-0.036550,-0.016140,0.012508,0.012505,5.758947,0.000000,-0.014379,-0.022320,-0.020913,3.141593
10600.0,-0.037565,-0.046781,0.013437,0.013192,5.758947,0.000014,-0.009519,-0.022532,-0.020949,3.141593
10605.0,-0.037555,-0.045037,0.013156,0.013192,5.758947,0.000072,-0.001607,-0.022853,-0.022810,3.141593
10610.0,-0.019287,-0.130358,0.020928,0.019691,5.759715,-0.000057,0.011857,-0.023485,-0.023740,3.141593
10615.0,0.004427,-0.060743,0.023169,0.023038,5.760098,0.000029,0.004203,-0.023125,-0.022810,3.141593
10620.0,0.027301,-0.080978,0.026859,0.026384,5.760098,-0.000029,-0.006335,-0.022677,-0.022327,3.141593
10625.0,0.030073,0.024672,0.022538,0.023731,5.760098,0.000014,-0.016918,-0.022201,-0.022810,3.141593
10630.0,0.030502,-0.013182,0.024347,0.023923,5.760098,0.000014,0.014851,-0.023586,-0.022327,3.141593
10635.0,0.030524,0.016193,0.023178,0.023038,5.760098,-0.000114,0.007384,-0.023321,-0.023740,3.141593
10640.0,0.023721,0.213648,0.014071,0.014078,5.759715,-0.000014,0.008598,-0.023367,-0.024671,3.141593
10645.0,-0.016394,0.367921,0.000192,0.001574,5.758947,-0.000072,0.012441,-0.023555,-0.021880,3.141593
10650.0,-0.035784,0.023634,0.010965,0.010731,5.758947,-0.000029,0.000481,-0.023056,-0.022327,3.141593
10655.0,-0.037555,-0.024606,0.012507,0.012306,5.758947,0.000129,-0.011934,-0.022454,-0.022810,3.141593
10660.0,-0.030867,-0.224958,0.022736,0.022348,5.759331,-0.000057,0.007506,-0.023348,-0.023740,3.141593
10665.0,0.006108,-0.383645,0.038085,0.037307,5.760098,0.000029,0.018321,-0.023807,-0.024671,3.141593
10670.0,0.027863,-0.041211,0.025361,0.026192,5.760098,0.000057,0.016469,-0.023706,-0.023740,3.141593
10675.0,0.030155,0.005163,0.023601,0.023038,5.760098,-0.000029,-0.000782,-0.022963,-0.023740,3.141593
10680.0,0.030323,0.013264,0.023322,0.023038,5.760098,0.000000,-0.001299,-0.022924,-0.023257,3.141593
10685.0,0.030506,0.008400,0.023668,0.023923,5.760098,-0.000014,0.003837,-0.023146,-0.022810,3.141593
10690.0,0.018225,0.210205,0.013820,0.014768,5.759715,-0.000014,-0.005310,-0.022740,-0.023257,3.141593
10695.0,0.008383,0.065152,0.019146,0.019000,5.759715,-0.000029,0.029420,-0.024278,-0.024671,3.141593
10700.0,-0.008533,0.181414,0.010467,0.011617,5.759331,-0.000100,0.001759,-0.023093,-0.023740,3.141593
10705.0,-0.014738,0.010861,0.016577,0.015654,5.759331,0.000043,0.006493,-0.023267,-0.023257,3.141593
10710.0,-0.015289,-0.001848,0.016926,0.016540,5.759331,-0.000043,0.003245,-0.023151,-0.023740,3.141593
10715.0,-0.015196,-0.018450,0.017598,0.017229,5.759331,0.000143,-0.001031,-0.022882,-0.021880,3.141593
10720.0,-0.015128,-0.013370,0.017302,0.016540,5.759331,-0.000057,0.012692,-0.023541,-0.023740,3.141593
10725.0,-0.015160,-0.000834,0.016650,0.017918,5.759331,-0.000014,0.008491,-0.023363,-0.022810,3.141593
10730.0,0.003254,-0.099466,0.025169,0.023923,5.759715,0.000043,0.009719,-0.023389,-0.023257,3.141593
10735.0,0.006992,0.003937,0.021161,0.020576,5.759715,0.000000,0.002542,-0.023074,-0.022327,3.141593
10740.0,0.007292,0.021429,0.020325,0.020576,5.759715,0.000043,0.016973,-0.023712,-0.024187,3.141593
10745.0,0.007449,0.009056,0.020837,0.020576,5.759715,0.000057,-0.018285,-0.022134,-0.022810,3.141593
10750.0,0.007578,0.011634,0.020728,0.019886,5.759715,-0.000014,0.001697,-0.023005,-0.022327,3.141593
10755.0,0.007550,0.019190,0.020394,0.020576,5.759715,-0.000043,-0.007034,-0.022637,-0.022327,3.141593
10760.0,0.007464,0.026604,0.020010,0.019000,5.759715,-0.000043,0.013596,-0.023569,-0.022327,3.141593
10765.0,0.007639,-0.004966,0.021452,0.020576,5.759715,-0.000057,0.000695,-0.023020,-0.023740,3.141593
10770.0,0.007671,0.019829,0.020378,0.020576,5.759715,0.000014,-0.007717,-0.022628,-0.021880,3.141593
10775.0,0.007657,-0.014065,0.021893,0.021462,5.759715,0.000014,0.001327,-0.023044,-0.023257,3.141593
10780.0,0.007603,0.003518,0.021118,0.021267,5.759715,0.000043,0.001159,-0.023016,-0.022327,3.141593
10785.0,-0.004617,0.185364,0.011127,0.012306,5.759331,0.000000,-0.001621,-0.022912,-0.022810,3.141593
10790.0,-0.014144,0.014778,0.016501,0.016540,5.759331,0.000000,-0.011861,-0.022467,-0.022810,3.141593
10795.0,-0.014938,-0.019923,0.017785,0.018804,5.759331,-0.000014,0.001225,-0.023047,-0.023740,3.141593
10800.0,-0.015110,0.007714,0.016426,0.016540,5.759331,0.000114,-0.008398,-0.022550,-0.022810,3.141593
10805.0,-0.015028,-0.015346,0.017388,0.017229,5.759331,-0.000043,0.009654,-0.023378,-0.021880,3.141593
10810.0,-0.015131,-0.023371,0.017638,0.018115,5.759331,-0.000014,-0.010877,-0.022490,-0.022810,3.141593
10815.0,-0.002897,-0.195093,0.027980,0.026190,5.759715,-0.000043,0.010607,-0.023451,-0.023740,3.141593
10820.0,0.025188,-0.152803,0.029473,0.028846,5.760098,-0.000014,0.009663,-0.023399,-0.023257,3.141593
10825.0,0.030327,-0.028193,0.024730,0.024615,5.760098,0.000086,0.004357,-0.023134,-0.022327,3.141593
10830.0,0.030692,-0.005713,0.023966,0.023923,5.760098,-0.000129,0.007388,-0.023346,-0.023740,3.141593
10835.0,0.030710,0.007017,0.023596,0.023731,5.760098,0.000029,-0.010880,-0.022510,-0.022327,3.141593
10840.0,0.014627,0.189764,0.014282,0.014767,5.759331,0.000000,0.009140,-0.023401,-0.023257,3.141593
10845.0,-0.012195,0.097169,0.013616,0.013192,5.759331,-0.000057,0.006215,-0.023295,-0.023740,3.141593
10850.0,-0.027112,0.172345,0.006797,0.008270,5.758947,0.000043,-0.002013,-0.022899,-0.022327,3.141593
10855.0,-0.036703,-0.008907,0.012507,0.011618,5.758947,0.000029,0.003576,-0.023153,-0.023740,3.141593
10860.0,-0.037504,-0.052413,0.014059,0.014079,5.758947,0.000057,-0.009638,-0.022541,-0.022810,3.141593
10865.0,-0.037687,-0.027001,0.012677,0.013192,5.758947,0.000014,-0.007404,-0.022635,-0.022810,3.141593
10870.0,-0.003319,-0.273755,0.031312,0.031307,5.759715,0.000057,-0.003805,-0.022758,-0.022810,3.141593
10875.0,0.022452,-0.173814,0.030656,0.031307,5.760098,-0.000057,0.005287,-0.023193,-0.022327,3.141593
10880.0,0.029601,-0.018452,0.024556,0.024807,5.760098,0.000014,0.020262,-0.023853,-0.022810,3.141593
10885.0,0.030459,0.000165,0.023932,0.024615,5.760098,-0.000057,0.002994,-0.023112,-0.023740,3.141593
10890.0,0.030699,-0.007427,0.024457,0.024807,5.760098,-0.000057,-0.008069,-0.022641,-0.022810,3.141593
10895.0,0.030438,0.014922,0.023520,0.023038,5.760098,-0.000086,0.008297,-0.023403,-0.024187,3.141593
10900.0,-0.000365,0.335463,0.005700,0.006695,5.759331,0.000057,-0.010514,-0.022540,-0.022810,3.141593
10905.0,-0.026243,0.220168,0.004899,0.005809,5.758947,0.000143,-0.006767,-0.022647,-0.020466,3.141593
10910.0,-0.036836,-0.002878,0.012242,0.011618,5.758947,-0.000057,-0.011072,-0.022527,-0.021880,3.141593
10915.0,-0.037601,-0.022857,0.012751,0.013192,5.758947,-0.000029,0.005607,-0.023278,-0.022810,3.141593
10920.0,-0.037783,-0.034047,0.012995,0.013192,5.758947,0.000014,-0.005692,-0.022770,-0.022810,3.141593
10925.0,-0.007056,-0.303030,0.031778,0.032193,5.759715,0.000172,-0.018313,-0.022138,-0.022810,3.141593
10930.0,0.021962,-0.161978,0.030167,0.028152,5.760481,-0.000057,-0.000075,-0.022982,-0.022810,3.141593
10935.0,0.049986,-0.082670,0.029433,0.029540,5.760481,-0.000014,0.004549,-0.023192,-0.022810,3.141593
10940.0,0.053179,0.032959,0.024904,0.024806,5.760481,-0.000014,0.004056,-0.023162,-0.023257,3.141593
10945.0,0.041381,0.196605,0.016996,0.018115,5.759715,-0.000029,0.003371,-0.023139,-0.023257,3.141593
10950.0,-0.001241,0.358829,0.004611,0.005809,5.759331,-0.000157,0.027947,-0.024282,-0.024671,3.141593
10955.0,-0.014069,0.027308,0.016403,0.017032,5.759331,0.000000,-0.006485,-0.022740,-0.023740,3.141593
10960.0,-0.015196,-0.010944,0.017760,0.016540,5.759331,-0.000057,-0.005813,-0.022763,-0.020466,3.141593
10965.0,-0.015374,0.013259,0.016546,0.016540,5.759331,0.000029,-0.002705,-0.022895,-0.022810,3.141593
10970.0,-0.015292,0.009147,0.016656,0.016540,5.759331,0.000029,-0.002306,-0.022896,-0.023257,3.141593
10975.0,-0.015199,-0.013355,0.017591,0.018804,5.759331,-0.000014,0.005231,-0.023228,-0.022810,3.141593
10980.0,0.003068,-0.081452,0.024711,0.023923,5.759715,-0.000014,0.006774,-0.023290,-0.022327,3.141593
10985.0,0.013658,-0.164178,0.029318,0.029730,5.760098,0.000057,-0.015084,-0.022299,-0.022810,3.141593
10990.0,0.028800,-0.059601,0.026257,0.024807,5.760098,-0.000014,0.023532,-0.024019,-0.024187,3.141593
10995.0,0.030541,-0.002372,0.024110,0.023923,5.760098,0.000000,0.001226,-0.023029,-0.022327,3.141593
11000.0,0.018461,0.186841,0.014936,0.016344,5.759715,-0.000057,0.000115,-0.022998,-0.023740,3.141593
11005.0,-0.010164,0.171791,0.010963,0.010731,5.759331,0.000043,-0.005410,-0.022720,-0.022810,3.141593
11010.0,-0.014874,0.018935,0.016621,0.016540,5.759331,-0.000014,0.017287,-0.023738,-0.023257,3.141593
11015.0,-0.015103,-0.000909,0.017366,0.018115,5.759331,-0.000014,-0.013921,-0.022366,-0.021880,3.141593
11020.0,-0.015289,-0.018607,0.018019,0.018115,5.759331,-0.000014,0.005265,-0.023231,-0.023257,3.141593
11025.0,-0.015228,-0.020283,0.018019,0.016540,5.759331,-0.000014,0.003891,-0.023173,-0.022327,3.141593
11030.0,-0.015203,-0.004568,0.017234,0.017426,5.759331,0.000057,-0.002841,-0.022843,-0.022810,3.141593
11035.0,-0.015053,-0.000530,0.017004,0.018115,5.759331,0.000072,-0.008312,-0.022580,-0.022810,3.141593
11040.0,-0.003065,-0.191549,0.028145,0.027270,5.759715,-0.000100,0.007164,-0.023306,-0.023740,3.141593
11045.0,0.006430,0.002174,0.021254,0.023038,5.759715,0.000014,-0.017237,-0.022206,-0.022810,3.141593
11050.0,0.007392,0.012496,0.020838,0.020576,5.759715,0.000057,0.001948,-0.023012,-0.022327,3.141593
11055.0,0.007542,0.002231,0.021291,0.020576,5.759715,-0.000172,0.027050,-0.024213,-0.022774,3.141593
11060.0,0.007567,0.010208,0.020942,0.020576,5.759715,0.000029,-0.003402,-0.022859,-0.022810,3.141593
11065.0,0.007607,0.001732,0.021332,0.021462,5.759715,0.000057,-0.010189,-0.022530,-0.022810,3.141593
11070.0,0.007457,0.012337,0.020798,0.020576,5.759715,0.000086,-0.000554,-0.022923,-0.022327,3.141593
11075.0,0.007646,0.008303,0.021023,0.021462,5.759715,0.000057,-0.004180,-0.022747,-0.022810,3.141593
11080.0,0.007575,0.015390,0.020692,0.020771,5.759715,-0.000072,0.003925,-0.023143,-0.023257,3.141593
11085.0,0.007589,0.009134,0.020978,0.020576,5.759715,-0.000014,0.011821,-0.023479,-0.023257,3.141593
11090.0,0.007664,-0.013562,0.022012,0.022347,5.759715,0.000043,0.003891,-0.023117,-0.023740,3.141593
11095.0,0.000676,0.199648,0.011996,0.010731,5.759331,0.000014,0.007457,-0.023260,-0.022327,3.141593
11100.0,-0.013672,0.043807,0.015631,0.015654,5.759331,0.000000,-0.008944,-0.022551,-0.022327,3.141593
11105.0,-0.014942,-0.000599,0.017240,0.018115,5.759331,-0.000043,-0.001867,-0.022880,-0.021880,3.141593
11110.0,-0.015060,-0.011671,0.017620,0.018115,5.759331,0.000014,0.004569,-0.023162,-0.022774,3.141593
11115.0,-0.015013,-0.032859,0.018490,0.019001,5.759331,-0.000057,0.017357,-0.023753,-0.023257,3.141593
11120.0,-0.015067,-0.032557,0.018380,0.018115,5.759331,-0.000029,-0.010352,-0.022546,-0.023740,3.141593
11125.0,0.003347,-0.111535,0.025713,0.025500,5.760098,-0.000014,-0.003728,-0.022826,-0.023740,3.141593
11130.0,0.027634,-0.121738,0.028512,0.028846,5.760098,0.000014,0.011713,-0.023486,-0.023740,3.141593
11135.0,0.030416,-0.002358,0.023716,0.023923,5.760098,0.000014,0.004531,-0.023163,-0.022327,3.141593
11140.0,0.030774,-0.008010,0.024211,0.024615,5.760098,0.000000,-0.012710,-0.022413,-0.022810,3.141593
11145.0,0.012031,0.135679,0.016332,0.016539,5.759715,0.000000,-0.004866,-0.022753,-0.022327,3.141593
11150.0,-0.008125,0.185533,0.010834,0.011617,5.759331,0.000014,-0.006460,-0.022682,-0.022810,3.141593
11155.0,-0.014520,0.016333,0.016847,0.017426,5.759331,-0.000014,0.000004,-0.022970,-0.023740,3.141593
11160.0,-0.015124,-0.013615,0.017957,0.018115,5.759331,0.000029,0.009152,-0.023351,-0.022327,3.141593
11165.0,-0.015074,-0.024625,0.018374,0.018115,5.759331,-0.000100,0.011656,-0.023517,-0.023257,3.141593
11170.0,-0.015242,-0.004273,0.017338,0.017229,5.759331,0.000086,0.009302,-0.023375,-0.024187,3.141593
11175.0,-0.015142,0.005654,0.016831,0.017426,5.759331,-0.000014,-0.010768,-0.022491,-0.021880,3.141593
11180.0,-0.015224,0.000235,0.016962,0.015654,5.759331,-0.000014,-0.000348,-0.022967,-0.022810,3.141593
11185.0,-0.002943,-0.189076,0.028101,0.027270,5.759715,0.000086,-0.006312,-0.022662,-0.021397,3.141593
11190.0,0.013322,-0.201863,0.030743,0.030615,5.760098,-0.000057,-0.001683,-0.022915,-0.022810,3.141593
11195.0,0.028896,-0.053070,0.025817,0.024615,5.760098,0.000057,-0.002366,-0.022846,-0.022810,3.141593
11200.0,0.030570,-0.009116,0.024259,0.024807,5.760098,-0.000014,0.006200,-0.023227,-0.023740,3.141593
11205.0,0.030595,-0.005360,0.024239,0.023923,5.760098,-0.000014,-0.009703,-0.022525,-0.022810,3.141593
11210.0,0.011952,0.153828,0.015664,0.016343,5.759331,0.000043,0.004638,-0.023147,-0.023740,3.141593
11215.0,-0.024537,0.275704,0.003130,0.004922,5.758947,0.000000,-0.009276,-0.022533,-0.020913,3.141593
11220.0,-0.036553,-0.003678,0.012664,0.012505,5.758947,-0.000057,0.021242,-0.023936,-0.024187,3.141593
11225.0,-0.037533,-0.039449,0.013830,0.014767,5.758947,-0.000014,-0.004937,-0.022781,-0.022327,3.141593
11230.0,-0.037751,-0.032776,0.013269,0.013192,5.758947,0.000043,0.000196,-0.022991,-0.023740,3.141593
11235.0,-0.007024,-0.317618,0.032764,0.032883,5.759715,0.000014,-0.007656,-0.022638,-0.023257,3.141593
11240.0,0.024662,-0.128439,0.028964,0.028846,5.760098,0.000029,0.007100,-0.023278,-0.023740,3.141593
11245.0,0.029962,-0.001667,0.024006,0.023923,5.760098,0.000043,0.000294,-0.022961,-0.022810,3.141593
11250.0,0.030495,0.007723,0.023767,0.023923,5.760098,-0.000043,0.000551,-0.022989,-0.023740,3.141593
11255.0,0.030502,0.005531,0.023975,0.023923,5.760098,-0.000014,-0.006590,-0.022660,-0.021880,3.141593
11260.0,0.007560,0.379413,0.005628,0.004922,5.759331,0.000072,0.001642,-0.023004,-0.020466,3.141593
11265.0,-0.013247,0.081510,0.014258,0.014964,5.759331,-0.000086,0.012134,-0.023533,-0.023740,3.141593
11270.0,-0.033535,0.091129,0.009099,0.008270,5.758947,0.000000,0.001957,-0.023064,-0.022327,3.141593
11275.0,-0.037336,-0.027129,0.013303,0.013192,5.758947,0.000014,-0.008783,-0.022598,-0.023740,3.141593
11280.0,-0.037665,-0.026326,0.012982,0.013192,5.758947,-0.000029,-0.002653,-0.022885,-0.023257,3.141593
11285.0,-0.019244,-0.121611,0.021231,0.019691,5.759715,0.000057,0.010304,-0.023438,-0.022327,3.141593
11290.0,0.016615,-0.234645,0.032874,0.032192,5.760098,0.000086,0.009703,-0.023397,-0.023740,3.141593
11295.0,0.029075,-0.019984,0.024688,0.025500,5.760098,-0.000029,0.003730,-0.023153,-0.023740,3.141593
11300.0,0.030409,0.007295,0.023732,0.024615,5.760098,-0.000072,0.008225,-0.023369,-0.023740,3.141593
11305.0,0.023636,0.209932,0.014364,0.013192,5.759715,0.000086,-0.012664,-0.022394,-0.021880,3.141593
11310.0,-0.003147,0.269173,0.008011,0.008270,5.759331,0.000014,0.002574,-0.023081,-0.022327,3.141593
11315.0,-0.030273,0.182882,0.005609,0.005809,5.758947,-0.000043,0.000977,-0.023035,-0.022327,3.141593
11320.0,-0.037000,-0.022301,0.013029,0.013192,5.758947,0.000057,-0.006858,-0.022659,-0.022327,3.141593
11325.0,-0.037637,-0.039153,0.013426,0.013192,5.758947,0.000000,0.000492,-0.022998,-0.023293,3.141593
11330.0,-0.014827,-0.385866,0.033853,0.033769,5.759715,0.000029,-0.006062,-0.022694,-0.023257,3.141593
11335.0,0.021039,-0.188420,0.031223,0.030423,5.760098,-0.000057,0.023697,-0.024039,-0.024671,3.141593
11340.0,0.029533,-0.001267,0.023885,0.023923,5.760098,0.000029,-0.007458,-0.022641,-0.022810,3.141593
11345.0,0.030466,0.011705,0.023524,0.023038,5.760098,0.000057,-0.010094,-0.022492,-0.022810,3.141593
11350.0,0.030423,0.031840,0.022713,0.023230,5.760098,-0.000043,-0.001496,-0.022900,-0.023740,3.141593
11355.0,0.018325,0.208939,0.014013,0.015654,5.759331,-0.000029,0.022602,-0.023961,-0.023740,3.141593
11360.0,-0.018711,0.308678,0.002706,0.001574,5.758947,-0.000014,0.014030,-0.023591,-0.023740,3.141593
11365.0,-0.035974,0.007444,0.012042,0.011618,5.758947,-0.000057,-0.009597,-0.022562,-0.021880,3.141593
11370.0,-0.037626,-0.025903,0.012943,0.013192,5.758947,0.000014,-0.005685,-0.022727,-0.022327,3.141593
11375.0,-0.037708,-0.033177,0.013036,0.012306,5.759331,-0.000057,-0.001558,-0.022939,-0.023740,3.141593
11380.0,0.001373,-0.462311,0.040870,0.038884,5.760098,0.000057,-0.009089,-0.022571,-0.022327,3.141593
11385.0,0.043581,-0.234863,0.035480,0.035347,5.760481,0.000029,-0.001356,-0.022904,-0.023740,3.141593
11390.0,0.052689,-0.028394,0.027563,0.027962,5.760481,-0.000014,0.007871,-0.023314,-0.023740,3.141593
11395.0,0.053462,-0.013273,0.027233,0.027078,5.760481,0.000014,-0.004135,-0.022760,-0.020466,3.141593
11400.0,0.030670,0.373752,0.008507,0.008960,5.759715,-0.000029,0.000287,-0.022983,-0.022810,3.141593
11405.0,-0.009120,0.210182,0.009623,0.010044,5.758947,-0.000086,0.004899,-0.023218,-0.023740,3.141593
11410.0,-0.034997,0.069267,0.009881,0.009157,5.758947,0.000057,-0.003273,-0.022814,-0.022327,3.141593
11415.0,-0.037594,0.000143,0.012161,0.011618,5.758947,0.000000,-0.004113,-0.022793,-0.021844,3.141593
11420.0,-0.037841,-0.017328,0.012669,0.013192,5.758947,0.000014,0.003044,-0.023105,-0.023257,3.141593
11425.0,-0.025581,-0.211015,0.023870,0.023038,5.759715,-0.000114,0.015062,-0.023681,-0.024671,3.141593
11430.0,0.016072,-0.254638,0.034056,0.032884,5.760098,0.000057,-0.000396,-0.022945,-0.022810,3.141593
11435.0,0.028832,0.000152,0.024062,0.023038,5.760098,-0.000043,0.008368,-0.023352,-0.024671,3.141593
11440.0,0.030230,0.010974,0.023791,0.024615,5.760098,0.000114,-0.016038,-0.022193,-0.022327,3.141593
11445.0,0.030330,0.013682,0.023723,0.023923,5.760098,-0.000086,0.008933,-0.023345,-0.022810,3.141593
11450.0,0.030431,0.014409,0.023776,0.024614,5.759715,-0.000014,-0.016813,-0.022212,-0.021880,3.141593
11455.0,-0.002103,0.287230,0.007709,0.008959,5.759331,0.000000,-0.007709,-0.022602,-0.021880,3.141593
11460.0,-0.026411,0.221175,0.005062,0.005809,5.758947,0.000029,0.007407,-0.023262,-0.022810,3.141593
11465.0,-0.036821,-0.012147,0.012902,0.013192,5.758947,-0.000086,0.020816,-0.023901,-0.022810,3.141593
11470.0,-0.037676,-0.037014,0.013604,0.013192,5.758947,0.000014,0.007917,-0.023335,-0.023257,3.141593
11475.0,-0.037762,-0.039823,0.013498,0.012503,5.759331,-0.000057,0.001479,-0.023092,-0.023740,3.141593
11480.0,0.004982,-0.412763,0.039669,0.037999,5.760098,0.000043,-0.000218,-0.022988,-0.024671,3.141593
11485.0,0.027752,-0.050490,0.025989,0.026384,5.760098,0.000057,-0.003758,-0.022791,-0.023740,3.141593
11490.0,0.030127,0.013212,0.023475,0.023038,5.760098,-0.000014,-0.008602,-0.022579,-0.021397,3.141593
11495.0,0.030477,0.019421,0.023353,0.023038,5.760098,-0.000114,-0.001782,-0.022956,-0.022810,3.141593
11500.0,0.030574,0.013412,0.023762,0.023728,5.759715,-0.000057,0.005533,-0.023291,-0.023740,3.141593
11505.0,0.010060,0.100887,0.018037,0.017426,5.759331,0.000100,-0.002311,-0.022887,-0.022327,3.141593
11510.0,-0.012624,0.101041,0.013501,0.014078,5.759331,0.000086,-0.015626,-0.022280,-0.021397,3.141593
11515.0,-0.015124,0.001593,0.017277,0.017229,5.759331,-0.000043,0.007178,-0.023324,-0.022774,3.141593
11520.0,-0.015235,0.007775,0.016884,0.017426,5.759331,0.000086,-0.007604,-0.022636,-0.022327,3.141593
11525.0,-0.015264,-0.009031,0.017535,0.017918,5.759331,0.000000,-0.013883,-0.022376,-0.022810,3.141593
11530.0,-0.015306,0.007265,0.016707,0.016540,5.759331,-0.000057,0.016393,-0.023731,-0.023740,3.141593
11535.0,-0.015106,-0.013740,0.017604,0.017426,5.759331,-0.000029,0.006458,-0.023295,-0.023740,3.141593
11540.0,-0.008347,-0.202378,0.027448,0.028846,5.759715,-0.000086,-0.005716,-0.022795,-0.023740,3.141593
11545.0,0.005801,-0.022184,0.022362,0.022347,5.759715,0.000114,-0.000025,-0.022989,-0.021880,3.141593
11550.0,0.019523,-0.198948,0.031268,0.030615,5.760098,0.000029,0.007508,-0.023333,-0.023257,3.141593
11555.0,0.029497,-0.013813,0.024213,0.023923,5.760098,-0.000086,0.005829,-0.023299,-0.023740,3.141593
11560.0,0.030545,0.012851,0.023314,0.023923,5.760098,0.000014,0.008998,-0.023427,-0.023257,3.141593
11565.0,0.005111,0.329709,0.007251,0.007384,5.759331,-0.000029,-0.004764,-0.022847,-0.021880,3.141593
11570.0,-0.025531,0.234336,0.004557,0.004922,5.758947,0.000057,0.006402,-0.023315,-0.024187,3.141593
11575.0,-0.036650,-0.005790,0.012547,0.012306,5.758947,0.000114,-0.021533,-0.022045,-0.021397,3.141593
11580.0,-0.037626,-0.027944,0.013104,0.013192,5.758947,0.000114,-0.010914,-0.022487,-0.022810,3.141593
11585.0,-0.025377,-0.231731,0.024758,0.023923,5.759331,0.000000,0.007016,-0.023293,-0.023257,3.141593
11590.0,0.009234,-0.326690,0.036176,0.036230,5.760098,0.000100,0.004327,-0.023129,-0.022810,3.141593
11595.0,0.028381,-0.062189,0.026446,0.026384,5.760098,-0.000057,0.000601,-0.022999,-0.022774,3.141593
11600.0,0.030409,0.012763,0.023486,0.023038,5.760098,-0.000157,-0.004426,-0.022844,-0.022810,3.141593
11605.0,0.030352,0.032114,0.022684,0.021461,5.760098,0.000000,0.005087,-0.023243,-0.023740,3.141593
11610.0,0.014462,0.174090,0.015152,0.015654,5.759715,-0.000114,0.014928,-0.023726,-0.023740,3.141593
11615.0,-0.010500,0.140740,0.012109,0.011618,5.758947,-0.000057,-0.008257,-0.022710,-0.022327,3.141593
11620.0,-0.034851,0.056427,0.010200,0.009844,5.758947,0.000086,-0.003420,-0.022880,-0.021844,3.141593
11625.0,-0.037490,-0.032426,0.013354,0.013192,5.758947,0.000114,-0.001511,-0.022928,-0.021397,3.141593
11630.0,-0.037658,-0.048069,0.013805,0.014767,5.758947,0.000043,-0.002291,-0.022868,-0.022810,3.141593
11635.0,-0.021858,-0.182569,0.023185,0.022152,5.759715,-0.000014,-0.001991,-0.022899,-0.022810,3.141593
11640.0,0.016490,-0.261651,0.034083,0.032884,5.760098,0.000057,-0.006891,-0.022656,-0.022327,3.141593
11645.0,0.028929,-0.013237,0.024370,0.023923,5.760098,0.000072,0.006644,-0.023221,-0.022327,3.141593
11650.0,0.030327,0.024417,0.022947,0.023038,5.760098,0.000014,-0.004562,-0.022739,-0.022810,3.141593
11655.0,0.030520,0.010158,0.023707,0.024615,5.760098,-0.000086,-0.004263,-0.022787,-0.023740,3.141593
11660.0,0.018225,0.215234,0.013719,0.014768,5.759715,-0.000086,0.007680,-0.023332,-0.023740,3.141593
11665.0,-0.010200,0.145957,0.011840,0.011617,5.759331,-0.000014,-0.002693,-0.022872,-0.023257,3.141593
11670.0,-0.030699,0.171629,0.005946,0.006696,5.758947,0.000057,0.014577,-0.023604,-0.023740,3.141593
11675.0,-0.037133,-0.029596,0.013252,0.013880,5.758947,0.000043,-0.004719,-0.022737,-0.022327,3.141593
11680.0,-0.037762,-0.019316,0.012437,0.012306,5.758947,-0.000029,-0.013399,-0.022380,-0.022810,3.141593
11685.0,-0.014935,-0.388841,0.033882,0.034654,5.759715,0.000014,-0.003714,-0.022783,-0.021880,3.141593
11690.0,0.021257,-0.194187,0.031547,0.030231,5.760098,-0.000072,-0.006413,-0.022699,-0.023740,3.141593
11695.0,0.029465,-0.010746,0.024319,0.024615,5.760098,0.000072,0.002536,-0.023050,-0.022810,3.141593
11700.0,0.030420,0.005874,0.023777,0.023923,5.760098,-0.000014,-0.011360,-0.022444,-0.022810,3.141593
11705.0,0.030473,0.006178,0.023863,0.023038,5.760098,0.000014,-0.001244,-0.022880,-0.022810,3.141593
11710.0,0.030456,0.017740,0.023454,0.023038,5.760098,0.000014,-0.000174,-0.022924,-0.022810,3.141593
11715.0,0.007485,0.391730,0.005041,0.004922,5.759331,-0.000014,-0.000388,-0.022931,-0.020913,3.141593
11720.0,-0.031772,0.158225,0.006451,0.005809,5.758947,0.000072,-0.013263,-0.022325,-0.022810,3.141593
11725.0,-0.037168,-0.039022,0.013817,0.013192,5.758947,-0.000057,0.012219,-0.023478,-0.023740,3.141593
11730.0,-0.037590,-0.038926,0.013511,0.013192,5.758947,-0.000057,-0.005010,-0.022741,-0.022810,3.141593
11735.0,-0.037733,-0.030984,0.012913,0.013192,5.759331,-0.000057,0.006413,-0.023256,-0.023740,3.141593
11740.0,-0.001810,-0.233626,0.029956,0.029730,5.760098,-0.000029,0.006096,-0.023234,-0.022327,3.141593
11745.0,0.026693,-0.082916,0.027291,0.027961,5.760098,-0.000057,0.009318,-0.023400,-0.023740,3.141593
11750.0,0.029937,0.015265,0.023306,0.023923,5.760098,-0.000043,0.021631,-0.023947,-0.024671,3.141593
11755.0,0.030305,0.018004,0.023261,0.023038,5.760098,0.000014,-0.004967,-0.022763,-0.021880,3.141593
11760.0,0.030420,0.012054,0.023623,0.023038,5.760098,-0.000014,-0.002187,-0.022901,-0.022327,3.141593
11765.0,0.007607,0.367062,0.006084,0.006498,5.759331,0.000014,-0.008277,-0.022639,-0.023740,3.141593
11770.0,-0.013368,0.089117,0.013657,0.013192,5.758947,0.000143,0.004181,-0.023120,-0.022810,3.141593
11775.0,-0.035083,0.040277,0.010760,0.010731,5.758947,-0.000114,0.000933,-0.023053,-0.023740,3.141593
11780.0,-0.037462,-0.036627,0.013442,0.013192,5.758947,-0.000057,-0.011516,-0.022508,-0.023740,3.141593
11785.0,-0.030820,-0.225424,0.023147,0.023923,5.759331,0.000057,0.009595,-0.023403,-0.023257,3.141593
11790.0,-0.000740,-0.200438,0.028752,0.028153,5.760098,-0.000072,-0.001653,-0.022952,-0.023740,3.141593
11795.0,0.026847,-0.079327,0.027045,0.027961,5.760098,0.000057,0.007495,-0.023299,-0.023257,3.141593
11800.0,0.030066,0.023573,0.022892,0.023230,5.760098,0.000014,0.000885,-0.023006,-0.022810,3.141593
11805.0,0.030420,0.026206,0.022892,0.023038,5.760098,0.000014,-0.013588,-0.022367,-0.021880,3.141593
11810.0,0.030538,0.016084,0.023466,0.023230,5.760098,0.000086,-0.003501,-0.022776,-0.022810,3.141593
11815.0,0.007617,0.374492,0.005799,0.005612,5.759331,0.000029,-0.015159,-0.022263,-0.021880,3.141593
11820.0,-0.031693,0.180541,0.005437,0.004922,5.758947,-0.000014,0.001131,-0.022994,-0.021844,3.141593
11825.0,-0.037200,-0.044152,0.013999,0.014079,5.758947,-0.000100,0.011403,-0.023498,-0.022810,3.141593
11830.0,-0.037687,-0.035236,0.013279,0.013192,5.758947,0.000014,0.001314,-0.023035,-0.022810,3.141593
11835.0,-0.025477,-0.227533,0.024411,0.023038,5.759715,0.000014,-0.001758,-0.022904,-0.022810,3.141593
11840.0,0.016118,-0.271461,0.034560,0.032884,5.760098,0.000000,0.005154,-0.023206,-0.023740,3.141593
11845.0,0.028957,-0.013753,0.024488,0.024615,5.760098,0.000014,-0.014557,-0.022314,-0.022327,3.141593
11850.0,0.030320,0.009273,0.023678,0.024615,5.760098,0.000029,-0.004674,-0.022730,-0.023740,3.141593
11855.0,0.030316,0.017004,0.023370,0.023038,5.760098,0.000000,0.008118,-0.023287,-0.023257,3.141593
11860.0,0.030431,0.021610,0.023268,0.023038,5.759715,0.000057,-0.011026,-0.022419,-0.022810,3.141593
11865.0,-0.005965,0.254107,0.008078,0.009156,5.759331,0.000029,0.009358,-0.023317,-0.023704,3.141593
11870.0,-0.026758,0.204128,0.005505,0.005809,5.758947,-0.000014,-0.001898,-0.022825,-0.022327,3.141593
11875.0,-0.036846,-0.005491,0.012363,0.011618,5.758947,-0.000057,0.029485,-0.024244,-0.024671,3.141593
11880.0,-0.037569,-0.044667,0.013738,0.013880,5.758947,-0.000086,-0.002967,-0.022844,-0.021397,3.141593
11885.0,-0.025470,-0.201238,0.023251,0.021462,5.759715,-0.000072,0.014165,-0.023634,-0.023257,3.141593
11890.0,0.003866,-0.080925,0.024495,0.024615,5.760098,0.000014,-0.011928,-0.022470,-0.023740,3.141593
11895.0,0.027194,-0.068978,0.026597,0.025500,5.760098,0.000014,0.007679,-0.023297,-0.022774,3.141593
11900.0,0.030123,0.004455,0.023753,0.022346,5.760098,-0.000114,0.002215,-0.023120,-0.023257,3.141593
11905.0,0.030413,0.021638,0.023126,0.022346,5.760098,0.000029,-0.002077,-0.022903,-0.022810,3.141593
11910.0,0.030506,0.004334,0.024017,0.023923,5.760098,0.000057,-0.002623,-0.022861,-0.022327,3.141593
11915.0,0.004953,0.337212,0.006869,0.006695,5.759331,0.000129,-0.014102,-0.022307,-0.022327,3.141593
11920.0,-0.025638,0.238561,0.004270,0.005809,5.758947,0.000043,0.005784,-0.023191,-0.023740,3.141593
11925.0,-0.036693,-0.006961,0.012510,0.012306,5.758947,-0.000100,-0.003946,-0.022810,-0.022810,3.141593
11930.0,-0.037612,-0.034818,0.013336,0.013192,5.758947,-0.000029,-0.007369,-0.022655,-0.023740,3.141593
11935.0,-0.030903,-0.224514,0.023093,0.022348,5.759331,0.000129,-0.008939,-0.022506,-0.021397,3.141593
11940.0,0.008533,-0.336461,0.036684,0.036923,5.760098,-0.000014,0.017911,-0.023721,-0.023740,3.141593
11945.0,0.028074,-0.035586,0.025283,0.024615,5.760098,-0.000086,0.007111,-0.023286,-0.023740,3.141593
11950.0,0.030205,0.015959,0.023307,0.023038,5.760098,-0.000072,0.000961,-0.023037,-0.023257,3.141593
11955.0,0.030316,0.018619,0.023252,0.023038,5.760098,-0.000014,-0.010325,-0.022538,-0.022810,3.141593
11960.0,0.030488,-0.006478,0.024486,0.024807,5.760098,-0.000014,-0.005064,-0.022771,-0.023740,3.141593
11965.0,0.018268,0.217669,0.013677,0.015654,5.759715,0.000072,-0.009861,-0.022514,-0.022810,3.141593
11970.0,-0.010228,0.161173,0.011338,0.010731,5.759331,0.000014,0.005610,-0.023205,-0.023740,3.141593
11975.0,-0.014874,0.010339,0.016921,0.016540,5.759331,0.000014,-0.009454,-0.022539,-0.021397,3.141593
11980.0,-0.015274,0.010739,0.016720,0.017229,5.759331,0.000057,-0.007108,-0.022616,-0.022810,3.141593
11985.0,-0.015246,0.003456,0.016959,0.017229,5.759331,-0.000014,0.016709,-0.023687,-0.023740,3.141593
11990.0,-0.015185,0.003913,0.016861,0.017918,5.759331,-0.000086,0.029175,-0.024274,-0.024671,3.141593
11995.0,-0.015185,-0.003873,0.017119,0.017426,5.759331,0.000014,-0.002380,-0.022853,-0.022810,3.141593
12000.0,-0.003015,-0.171328,0.027254,0.026190,5.759715,0.000014,0.005052,-0.023174,-0.023257,3.141593
12005.0,0.013297,-0.212150,0.031323,0.032192,5.760098,0.000000,0.013934,-0.023568,-0.023257,3.141593
12010.0,0.028768,-0.047629,0.025630,0.024615,5.760098,0.000000,0.004801,-0.023174,-0.023740,3.141593
12015.0,0.030481,0.001420,0.023812,0.023923,5.760098,-0.000014,0.011953,-0.023494,-0.023740,3.141593
12020.0,0.023746,0.201295,0.014625,0.013883,5.759715,0.000086,0.008904,-0.023315,-0.023257,3.141593
12025.0,-0.003076,0.273505,0.008009,0.009156,5.759331,0.000057,-0.015010,-0.022238,-0.022810,3.141593
12030.0,-0.014144,0.021168,0.016673,0.016343,5.759331,0.000029,0.006924,-0.023194,-0.022810,3.141593
12035.0,-0.015171,-0.002883,0.017425,0.017229,5.759331,0.000029,0.002408,-0.023001,-0.022327,3.141593
12040.0,-0.015239,-0.010584,0.017661,0.017229,5.759331,-0.000043,-0.012360,-0.022379,-0.021880,3.141593
12045.0,-0.015192,0.003741,0.016944,0.016540,5.759331,0.000029,-0.002270,-0.022807,-0.023740,3.141593
12050.0,-0.015103,0.000274,0.017034,0.018115,5.759331,0.000043,0.004359,-0.023073,-0.022810,3.141593
12055.0,-0.015192,-0.006846,0.017241,0.017229,5.759331,-0.000086,0.013930,-0.023547,-0.023257,3.141593
12060.0,-0.015017,-0.030492,0.018248,0.018115,5.759331,-0.000057,0.004263,-0.023136,-0.022810,3.141593
12065.0,0.003290,-0.109524,0.025873,0.025499,5.759715,0.000014,-0.004834,-0.022723,-0.022810,3.141593
12070.0,0.006931,0.007192,0.021013,0.020576,5.759715,0.000029,-0.004683,-0.022726,-0.022327,3.141593
12075.0,0.007385,0.007796,0.020974,0.019886,5.759715,-0.000014,0.003075,-0.023079,-0.022810,3.141593
12080.0,0.007478,0.028593,0.020045,0.020576,5.759715,0.000043,-0.017510,-0.022140,-0.022327,3.141593
12085.0,0.007532,0.013894,0.020670,0.021462,5.759715,-0.000057,0.012623,-0.023504,-0.023740,3.141593
12090.0,0.007678,0.000291,0.021307,0.021462,5.759715,-0.000043,-0.004374,-0.022762,-0.021880,3.141593
12095.0,0.007532,-0.003682,0.021440,0.021656,5.759715,0.000014,-0.007127,-0.022634,-0.020949,3.141593
12100.0,0.007650,0.012658,0.020760,0.021462,5.759715,0.000014,-0.018844,-0.022127,-0.021880,3.141593
12105.0,0.007657,-0.008699,0.021715,0.021462,5.759715,0.000014,0.002897,-0.023074,-0.022810,3.141593
12110.0,0.007721,-0.000296,0.021390,0.022840,5.759331,-0.000057,0.005575,-0.023225,-0.023740,3.141593
12115.0,-0.012642,0.078636,0.014205,0.014078,5.759331,-0.000072,0.009216,-0.023408,-0.023740,3.141593
12120.0,-0.014892,-0.020933,0.018050,0.017229,5.759331,-0.000029,0.011532,-0.023520,-0.023257,3.141593
12125.0,-0.015067,-0.008154,0.017356,0.017229,5.759331,0.000100,-0.004876,-0.022753,-0.022810,3.141593
12130.0,-0.015045,-0.028907,0.018202,0.017426,5.759331,0.000043,-0.004476,-0.022763,-0.022810,3.141593
12135.0,-0.015171,-0.006269,0.017077,0.016540,5.759331,-0.000014,0.009507,-0.023388,-0.024187,3.141593
12140.0,-0.015153,-0.014312,0.017354,0.016540,5.759331,0.000057,0.001969,-0.023030,-0.022810,3.141593
12145.0,0.003244,-0.097549,0.025031,0.025499,5.759715,0.000014,-0.011634,-0.022430,-0.022810,3.141593
12150.0,0.007170,-0.009227,0.021511,0.021462,5.759715,-0.000100,0.002368,-0.023080,-0.022327,3.141593
12155.0,0.007582,0.007808,0.020809,0.021462,5.759715,0.000057,-0.000926,-0.022916,-0.022810,3.141593
12160.0,0.007614,0.010567,0.020694,0.020576,5.759715,0.000000,0.011064,-0.023460,-0.023257,3.141593
12165.0,0.007535,0.005514,0.020900,0.020576,5.759715,0.000014,0.003035,-0.023090,-0.023740,3.141593
12170.0,0.007675,-0.007005,0.021501,0.020576,5.759715,0.000014,-0.011180,-0.022458,-0.022810,3.141593
12175.0,0.007567,0.006110,0.020906,0.020576,5.759715,0.000000,0.011865,-0.023472,-0.023740,3.141593
12180.0,-0.004596,0.189558,0.010904,0.011617,5.759331,0.000000,-0.009048,-0.022538,-0.022327,3.141593
12185.0,-0.014098,0.022691,0.016119,0.017032,5.759331,-0.000029,-0.003119,-0.022812,-0.022810,3.141593
12190.0,-0.014949,-0.032490,0.018301,0.017426,5.759331,-0.000086,0.007398,-0.023300,-0.023740,3.141593
12195.0,-0.015067,-0.004472,0.016943,0.016540,5.759331,-0.000114,-0.000715,-0.022990,-0.023740,3.141593
12200.0,-0.015149,0.011596,0.016121,0.014964,5.759331,-0.000014,0.009251,-0.023412,-0.023740,3.141593
12205.0,-0.015067,-0.021000,0.017507,0.017426,5.759331,0.000114,-0.021943,-0.021989,-0.021880,3.141593
12210.0,-0.015042,-0.021971,0.017474,0.017032,5.759331,0.000057,0.011930,-0.023462,-0.022810,3.141593
12215.0,-0.015028,-0.012561,0.016975,0.016540,5.759331,0.000014,-0.004274,-0.022764,-0.022810,3.141593
12220.0,-0.002818,-0.204592,0.028220,0.027270,5.759715,-0.000029,-0.006881,-0.022669,-0.022810,3.141593
12225.0,0.022613,-0.193957,0.031015,0.032192,5.760098,-0.000014,-0.001720,-0.022898,-0.022810,3.141593
12230.0,0.029937,-0.014834,0.024014,0.025500,5.760098,-0.000014,0.002499,-0.023089,-0.023740,3.141593
12235.0,0.030727,-0.007160,0.023967,0.023923,5.760098,-0.000072,0.017712,-0.023805,-0.024671,3.141593
12240.0,0.023861,0.189895,0.014918,0.014768,5.759715,0.000057,0.000510,-0.023006,-0.021397,3.141593
12245.0,0.002224,0.274027,0.008709,0.008270,5.759331,0.000086,0.000252,-0.022974,-0.022810,3.141593
12250.0,-0.013483,0.041725,0.015447,0.015654,5.759331,-0.000057,0.006298,-0.023276,-0.022810,3.141593
12255.0,-0.033567,0.090251,0.008602,0.009844,5.758947,0.000057,-0.011033,-0.022478,-0.022810,3.141593
12260.0,-0.037204,-0.041998,0.013470,0.013192,5.758947,0.000029,-0.009145,-0.022546,-0.021397,3.141593
12265.0,-0.037608,-0.036842,0.012943,0.013192,5.758947,0.000029,-0.002566,-0.022837,-0.022327,3.141593
12270.0,-0.025460,-0.234032,0.024278,0.023923,5.759331,-0.000043,0.012276,-0.023515,-0.023740,3.141593
12275.0,0.009248,-0.330706,0.036191,0.037115,5.760098,-0.000157,0.028608,-0.024301,-0.024187,3.141593
12280.0,0.028142,-0.044470,0.025381,0.026384,5.760098,-0.000029,-0.001128,-0.022979,-0.023740,3.141593
12285.0,0.030202,-0.001838,0.023768,0.023038,5.760098,0.000057,0.005580,-0.023242,-0.021397,3.141593
12290.0,0.030513,0.011030,0.023368,0.023038,5.760098,-0.000043,-0.011381,-0.022553,-0.022810,3.141593
12295.0,0.030380,0.030725,0.022550,0.022154,5.760098,0.000143,0.004079,-0.023161,-0.023257,3.141593
12300.0,0.011748,0.144350,0.015922,0.015654,5.759715,0.000072,-0.007162,-0.022645,-0.022810,3.141593
12305.0,-0.010829,0.136702,0.011784,0.012503,5.759331,-0.000086,0.007208,-0.023315,-0.023740,3.141593
12310.0,-0.014856,-0.009700,0.017310,0.017918,5.759331,-0.000014,-0.001823,-0.022908,-0.023740,3.141593
12315.0,-0.015199,0.001794,0.016630,0.016540,5.759331,-0.000057,0.012780,-0.023561,-0.023257,3.141593
12320.0,-0.015239,-0.004464,0.016809,0.016540,5.759331,0.000014,0.002340,-0.023093,-0.022327,3.141593
12325.0,-0.015099,-0.006919,0.016864,0.017426,5.759331,-0.000057,0.006001,-0.023287,-0.023740,3.141593
12330.0,-0.015160,-0.005169,0.016683,0.018115,5.759331,0.000029,-0.020393,-0.022104,-0.023257,3.141593
12335.0,-0.008140,-0.212162,0.027410,0.026384,5.759715,0.000014,-0.004282,-0.022795,-0.023257,3.141593
12340.0,0.005865,-0.011285,0.021636,0.021267,5.759715,-0.000072,0.017274,-0.023769,-0.024671,3.141593
12345.0,0.007131,0.028224,0.019989,0.019691,5.759715,-0.000057,0.009548,-0.023421,-0.022327,3.141593
12350.0,0.007410,0.020236,0.020320,0.020576,5.759715,0.000014,-0.002985,-0.022875,-0.022774,3.141593
12355.0,0.007424,0.007323,0.020829,0.019886,5.759715,0.000043,-0.004694,-0.022792,-0.022327,3.141593
12360.0,0.007535,0.023738,0.020110,0.020576,5.759715,0.000100,-0.017417,-0.022194,-0.022363,3.141593
12365.0,0.007478,0.013899,0.020491,0.020576,5.759715,0.000043,0.001370,-0.023012,-0.022810,3.141593
12370.0,0.007553,0.014842,0.020443,0.020576,5.759715,-0.000014,0.018474,-0.023777,-0.020913,3.141593
12375.0,0.007567,0.020510,0.020191,0.019691,5.759715,-0.000086,0.012626,-0.023578,-0.022810,3.141593
12380.0,0.007578,0.002268,0.020997,0.020576,5.759715,-0.000043,-0.016464,-0.022308,-0.021880,3.141593
12385.0,0.007625,0.008224,0.020757,0.019886,5.759715,0.000086,-0.000370,-0.022965,-0.023257,3.141593
12390.0,-0.008286,0.155156,0.011387,0.011617,5.759331,-0.000100,0.014943,-0.023690,-0.023740,3.141593
12395.0,-0.014548,-0.007977,0.017159,0.016343,5.759331,-0.000072,0.010138,-0.023490,-0.023740,3.141593
12400.0,-0.015006,-0.022948,0.017640,0.016540,5.759331,0.000086,0.002660,-0.023113,-0.022810,3.141593
12405.0,-0.015035,-0.018132,0.017337,0.016540,5.759331,-0.000014,0.009831,-0.023451,-0.023257,3.141593
12410.0,-0.015103,0.003422,0.016276,0.015654,5.759331,0.000100,-0.011092,-0.022487,-0.022810,3.141593
12415.0,-0.014995,-0.035675,0.017961,0.018115,5.759331,-0.000072,0.006278,-0.023285,-0.022327,3.141593
12420.0,0.003362,-0.104008,0.025123,0.026384,5.759715,0.000014,-0.004312,-0.022812,-0.022810,3.141593
12425.0,0.019290,-0.187291,0.030285,0.029538,5.760098,0.000114,-0.007513,-0.022615,-0.022810,3.141593
12430.0,0.029612,-0.025797,0.024368,0.023923,5.760098,0.000057,0.007717,-0.023272,-0.022327,3.141593
12435.0,0.030566,-0.001691,0.023582,0.023038,5.760098,-0.000029,0.010381,-0.023415,-0.022810,3.141593
12440.0,0.030727,0.001757,0.023659,0.023038,5.760098,0.000000,-0.002035,-0.022859,-0.021880,3.141593
12445.0,0.014555,0.183501,0.014361,0.014078,5.759331,-0.000043,0.006876,-0.023266,-0.022810,3.141593
12450.0,-0.012027,0.103722,0.013096,0.013192,5.758947,-0.000086,0.018841,-0.023838,-0.024671,3.141593
12455.0,-0.034879,0.035641,0.010806,0.010731,5.758947,0.000014,-0.010068,-0.022525,-0.023740,3.141593
12460.0,-0.037369,-0.031722,0.013040,0.013192,5.758947,-0.000029,-0.008651,-0.022596,-0.022327,3.141593
12465.0,-0.037633,-0.041200,0.013193,0.013192,5.758947,0.000129,0.003181,-0.023059,-0.022327,3.141593
12470.0,-0.012463,-0.312926,0.030833,0.030616,5.759715,0.000057,-0.003802,-0.022739,-0.022810,3.141593
12475.0,0.021511,-0.190572,0.031244,0.030423,5.760098,0.000014,0.001968,-0.022993,-0.022810,3.141593
12480.0,0.029690,-0.027006,0.024966,0.026384,5.760098,-0.000086,0.004613,-0.023147,-0.023740,3.141593
12485.0,0.030348,0.017113,0.023150,0.023038,5.760098,-0.000086,0.026389,-0.024136,-0.023740,3.141593
12490.0,0.030541,0.010122,0.023601,0.023923,5.760098,0.000000,0.000683,-0.023003,-0.022810,3.141593
12495.0,0.030359,0.025960,0.022937,0.022346,5.760098,0.000029,0.024479,-0.024041,-0.023740,3.141593
12500.0,0.005043,0.325194,0.007216,0.007384,5.759331,-0.000086,-0.006177,-0.022722,-0.022327,3.141593
12505.0,15.672537,9.787720,0.304055,0.169399,5.758564,0.000014,-0.016068,-0.022268,-0.021844,3.141593
12510.0,15.227899,16.292189,0.002078,0.006968,5.749743,-0.000014,-0.010326,-0.022535,-0.022810,3.141593
12515.0,14.715085,15.361036,0.012595,0.013100,5.741690,-0.000215,0.012018,-0.023608,-0.023257,3.141593
12520.0,14.240066,14.796025,0.012661,0.012204,5.733637,-0.000072,-0.014848,-0.022429,-0.022810,3.141593
12525.0,13.784233,14.332754,0.009931,0.010731,5.726350,0.000043,0.024992,-0.024160,-0.023740,3.141593
12530.0,13.357290,13.661869,0.020492,0.021881,5.719064,0.000014,-0.010523,-0.022592,-0.023257,3.141593
12535.0,12.945450,13.217595,0.022006,0.022328,5.712161,0.000014,-0.004948,-0.022822,-0.023257,3.141593
12540.0,12.527304,13.029195,0.008354,0.008875,5.704875,0.000057,0.001925,-0.023099,-0.022810,3.141593
12545.0,12.093945,12.631009,-0.001820,-0.002214,5.697972,0.000029,0.008830,-0.023405,-0.023740,3.141593
12550.0,11.701351,12.095625,0.001028,0.001509,5.691453,-0.000114,-0.020964,-0.022147,-0.021880,3.141593
12555.0,11.325599,11.580033,0.004628,0.003975,5.685317,-0.000014,0.002194,-0.023161,-0.023740,3.141593
12560.0,10.973278,11.065662,0.011401,0.010967,5.679564,0.000086,0.000958,-0.023064,-0.022810,3.141593
12565.0,10.611491,10.819380,0.002059,0.002460,5.673428,0.000057,0.001301,-0.023070,-0.024223,3.141593
12570.0,10.268476,10.469582,-0.000411,-0.000881,5.668059,-0.000086,-0.006001,-0.022767,-0.023740,3.141593
12575.0,9.939959,9.979011,0.004749,0.004921,5.662690,0.000072,-0.002932,-0.022840,-0.022810,3.141593
12580.0,9.641022,9.648078,0.007734,0.008112,5.657321,0.000057,-0.007140,-0.022638,-0.022810,3.141593
12585.0,9.338261,9.377705,0.005425,0.005741,5.652719,-0.000086,0.009577,-0.023411,-0.022810,3.141593
12590.0,9.049080,9.151779,0.002540,0.003317,5.647734,-0.000086,-0.000678,-0.022974,-0.023740,3.141593
12595.0,8.761321,8.763687,0.005536,0.006446,5.643132,-0.000072,0.018171,-0.023826,-0.024671,3.141593
12600.0,8.496212,8.549770,0.004340,0.003234,5.638530,-0.000014,0.001761,-0.023089,-0.023257,3.141593
12605.0,8.219218,8.336532,-0.001115,-0.000783,5.633544,-0.000057,-0.001416,-0.022961,-0.023740,3.141593
12610.0,7.944413,8.058526,-0.004781,-0.004053,5.629326,-0.000072,0.011683,-0.023544,-0.023740,3.141593
12615.0,7.691842,7.772075,-0.004517,-0.004056,5.625108,-0.000086,0.012294,-0.023603,-0.023740,3.141593
12620.0,7.453823,7.392795,0.001752,0.002335,5.621273,0.000100,-0.011450,-0.022488,-0.022810,3.141593
12625.0,7.232427,6.995397,0.011277,0.011582,5.617438,0.000014,0.004974,-0.023214,-0.023740,3.141593
12630.0,7.005905,6.860239,0.006676,0.006678,5.613986,0.000014,0.004297,-0.023178,-0.022810,3.141593
12635.0,6.791975,6.836026,-0.001241,-0.001576,5.610151,-0.000014,0.010671,-0.023464,-0.023740,3.141593
12640.0,6.566105,6.693819,-0.007873,-0.007378,5.606700,0.000014,-0.003398,-0.022830,-0.023257,3.141593
12645.0,6.365958,6.263464,0.002934,0.003776,5.603249,-0.000072,0.004031,-0.023179,-0.022327,3.141593
12650.0,6.171434,6.173357,-0.001260,-0.000903,5.600181,0.000014,-0.008083,-0.022647,-0.022810,3.141593
12655.0,5.971920,6.152690,-0.010787,-0.009712,5.596729,0.000057,0.014883,-0.023636,-0.023740,3.141593
12660.0,5.780107,5.809967,-0.005370,-0.006089,5.593661,0.000014,-0.001096,-0.022940,-0.022327,3.141593
12665.0,5.597473,5.648114,-0.006983,-0.007329,5.590593,0.000014,0.006800,-0.023283,-0.024671,3.141593
12670.0,5.415627,5.504453,-0.010268,-0.010362,5.587142,0.000072,-0.001717,-0.022852,-0.022810,3.141593
12675.0,5.242853,5.155305,-0.003387,-0.003335,5.584457,-0.000014,0.002281,-0.023037,-0.023740,3.141593
12680.0,5.082450,5.002274,-0.003376,-0.003140,5.582156,0.000014,0.005707,-0.023179,-0.023740,3.141593
12685.0,4.924754,4.916714,-0.006651,-0.006098,5.579472,-0.000043,0.029687,-0.024256,-0.024187,3.141593
12690.0,4.780336,4.677870,-0.000972,-0.001056,5.576787,-0.000043,-0.016246,-0.022249,-0.020949,3.141593
12695.0,4.608489,4.730510,-0.015383,-0.013932,5.574103,-0.000043,-0.006392,-0.022716,-0.020949,3.141593
12700.0,4.478513,4.279990,0.001214,0.001002,5.571802,-0.000100,0.008511,-0.023426,-0.022810,3.141593
12705.0,4.343065,4.223374,-0.001731,-0.002790,5.569884,0.000000,0.001683,-0.023118,-0.022810,3.141593
12710.0,4.208318,4.164799,-0.005187,-0.005105,5.567584,0.000100,-0.006020,-0.022727,-0.022810,3.141593
12715.0,4.090526,3.964934,0.000759,0.000466,5.565282,0.000000,0.009602,-0.023431,-0.023740,3.141593
12720.0,3.956391,3.930910,-0.005114,-0.004675,5.563365,0.000057,-0.005571,-0.022736,-0.022327,3.141593
12725.0,3.840290,3.775000,-0.002179,-0.001860,5.561448,-0.000014,0.008093,-0.023366,-0.023257,3.141593
12730.0,3.726372,3.690102,-0.002570,-0.002357,5.559530,-0.000014,0.006543,-0.023298,-0.023740,3.141593
12735.0,3.612682,3.609534,-0.003752,-0.003717,5.557612,-0.000043,0.011382,-0.023519,-0.023740,3.141593
12740.0,3.499017,3.519078,-0.005137,-0.004642,5.555695,0.000014,-0.008000,-0.022661,-0.022810,3.141593
12745.0,3.397576,3.249384,0.003590,0.002382,5.554161,0.000057,-0.008154,-0.022628,-0.022327,3.141593
12750.0,3.300244,3.145933,0.005291,0.006096,5.552627,-0.000014,0.000236,-0.023009,-0.023740,3.141593
12755.0,3.201692,3.253628,-0.003232,-0.003322,5.550710,-0.000057,0.005520,-0.023259,-0.022810,3.141593
12760.0,3.101753,3.026847,0.002224,0.000925,5.549176,0.000157,-0.008573,-0.022568,-0.020466,3.141593
12765.0,2.997862,3.114227,-0.007752,-0.007025,5.547642,-0.000072,-0.004244,-0.022832,-0.023740,3.141593
12770.0,2.921323,2.836136,0.004216,0.003689,5.546491,-0.000057,0.007812,-0.023366,-0.023740,3.141593
12775.0,2.834573,2.895840,-0.001638,-0.001498,5.544574,-0.000114,-0.006253,-0.022785,-0.022810,3.141593
12780.0,2.725650,2.923706,-0.011653,-0.011536,5.542656,0.000100,0.002215,-0.023080,-0.023740,3.141593
12785.0,2.637963,2.539402,0.000920,0.001511,5.541506,0.000043,-0.004201,-0.022798,-0.023257,3.141593
12790.0,2.565308,2.387189,0.006104,0.006695,5.540355,-0.000014,0.005208,-0.023216,-0.023257,3.141593
12795.0,2.486025,2.493774,-0.002160,-0.002743,5.538821,-0.000057,-0.002418,-0.022897,-0.022810,3.141593
12800.0,2.400066,2.483163,-0.007191,-0.007003,5.537671,-0.000014,-0.010307,-0.022541,-0.023740,3.141593
12805.0,2.320729,2.318919,-0.004341,-0.003644,5.536137,0.000000,-0.007920,-0.022629,-0.021880,3.141593
12810.0,2.249823,2.180904,-0.001186,0.000000,5.534986,-0.000014,-0.031026,-0.021610,-0.021880,3.141593
12815.0,2.186730,2.140173,-0.000980,-0.000908,5.534219,0.000072,-0.018831,-0.022103,-0.022846,3.141593
12820.0,2.120644,2.154629,-0.004268,-0.004261,5.533069,-0.000100,0.012658,-0.023536,-0.023740,3.141593
12825.0,2.052594,2.100475,-0.005330,-0.004900,5.531919,0.000000,-0.003160,-0.022825,-0.022327,3.141593
12830.0,1.995070,1.903630,0.001975,0.001807,5.530768,-0.000029,0.010013,-0.023436,-0.023740,3.141593
12835.0,1.942992,1.764848,0.007601,0.008261,5.530001,-0.000057,0.024128,-0.024076,-0.025154,3.141593
12840.0,1.882038,1.854890,0.000714,0.000492,5.528851,-0.000014,-0.006915,-0.022688,-0.022810,3.141593
12845.0,1.822422,1.874008,-0.003054,-0.003771,5.528083,0.000043,-0.014915,-0.022322,-0.022810,3.141593
12850.0,1.775143,1.803799,-0.000352,-0.000236,5.527317,0.000114,0.005609,-0.023184,-0.023740,3.141593
12855.0,1.721642,1.693428,0.002436,0.002687,5.526166,-0.000014,-0.004193,-0.022768,-0.022810,3.141593
12860.0,1.657856,1.731682,-0.004053,-0.003352,5.525015,-0.000014,0.004503,-0.023166,-0.023257,3.141593
12865.0,1.606046,1.542089,0.001968,0.002679,5.524632,-0.000086,-0.002463,-0.022896,-0.022810,3.141593
12870.0,1.567072,1.547769,0.001961,0.000891,5.523865,-0.000100,0.014442,-0.023682,-0.024671,3.141593
12875.0,1.516954,1.523556,0.000509,0.000890,5.523098,0.000000,-0.008999,-0.022612,-0.022327,3.141593
12880.0,1.476213,1.481540,0.001706,0.001093,5.522331,0.000014,-0.002518,-0.022891,-0.022327,3.141593
12885.0,1.440693,1.329314,0.008771,0.008470,5.521564,-0.000014,0.006328,-0.023275,-0.023740,3.141593
12890.0,1.389560,1.529045,-0.003615,-0.004038,5.520413,-0.000029,0.012242,-0.023545,-0.023740,3.141593
12895.0,1.333798,1.357206,-0.000827,-0.000190,5.520030,-0.000014,0.011530,-0.023515,-0.024671,3.141593
12900.0,1.299684,1.096411,0.010559,0.009847,5.519647,-0.000014,0.013060,-0.023581,-0.022327,3.141593
12905.0,1.270584,1.291635,0.002635,0.001580,5.518879,-0.000014,-0.007068,-0.022719,-0.022810,3.141593
12910.0,1.229113,1.363363,-0.002799,-0.003164,5.518113,-0.000014,-0.001980,-0.022945,-0.022810,3.141593
12915.0,1.184124,1.325153,-0.004382,-0.004751,5.517345,-0.000014,-0.013514,-0.022442,-0.021880,3.141593
12920.0,1.138759,1.291586,-0.006514,-0.007385,5.516579,0.000029,-0.011404,-0.022545,-0.022810,3.141593
12925.0,1.116167,0.918774,0.011396,0.010723,5.516195,0.000014,0.003430,-0.023191,-0.023740,3.141593
12930.0,1.081617,1.108200,0.001420,0.001750,5.515811,-0.000086,0.029176,-0.024361,-0.024187,3.141593
12935.0,1.044112,1.137962,-0.002319,-0.003335,5.515045,-0.000086,-0.011458,-0.022604,-0.022810,3.141593
12940.0,1.008915,0.982700,0.002489,0.002617,5.514661,0.000114,0.002954,-0.023162,-0.023257,3.141593
12945.0,0.975512,1.080700,-0.003759,-0.004771,5.513894,0.000057,0.002914,-0.023156,-0.023740,3.141593
12950.0,0.944502,0.961809,0.000006,0.000000,5.513511,0.000000,0.009115,-0.023439,-0.023257,3.141593
12955.0,0.920913,0.933214,0.001279,0.002315,5.513127,-0.000029,0.004659,-0.023260,-0.022327,3.141593
12960.0,0.897996,0.919307,0.001914,0.002460,5.512743,-0.000014,-0.002423,-0.022967,-0.022810,3.141593
12965.0,0.875183,0.894689,0.002918,0.003327,5.512360,0.000086,-0.003601,-0.022870,-0.021844,3.141593
12970.0,0.848758,0.845624,0.004047,0.004054,5.511593,0.000029,-0.005630,-0.022797,-0.022327,3.141593
12975.0,0.814730,0.910230,-0.001788,-0.002326,5.511209,0.000072,0.007229,-0.023354,-0.023740,3.141593
12980.0,0.779014,0.753677,0.001639,0.001596,5.510826,0.000057,-0.014844,-0.022372,-0.021397,3.141593
12985.0,0.766647,0.786667,0.001802,0.000862,5.510443,0.000014,-0.014912,-0.022377,-0.021397,3.141593
12990.0,0.735798,0.773803,-0.000316,0.000000,5.510059,0.000057,0.008079,-0.023377,-0.024671,3.141593
12995.0,0.709741,0.670996,0.002490,0.001721,5.509676,-0.000057,0.024303,-0.024122,-0.024671,3.141593
13000.0,0.686638,0.648058,0.002271,0.003196,5.509292,0.000014,-0.006849,-0.022728,-0.022810,3.141593
13005.0,0.682386,0.530418,0.010456,0.009709,5.509292,0.000014,0.007948,-0.023374,-0.023257,3.141593
13010.0,0.656379,0.827855,-0.004842,-0.006280,5.508525,0.000114,-0.003090,-0.022835,-0.022327,3.141593
13015.0,0.638337,0.548406,0.007199,0.007255,5.508142,-0.000086,-0.010239,-0.022570,-0.022327,3.141593
13020.0,0.616461,0.544987,0.005966,0.006398,5.508142,-0.000014,0.010198,-0.023468,-0.022810,3.141593
13025.0,0.607002,0.674183,0.001577,0.000856,5.507758,-0.000014,0.000802,-0.023063,-0.023257,3.141593
13030.0,0.573964,0.609988,0.000313,0.000637,5.507375,0.000129,-0.009597,-0.022535,-0.022810,3.141593
13035.0,0.552810,0.585519,-0.000157,0.000000,5.506991,0.000043,-0.002403,-0.022841,-0.022327,3.141593
13040.0,0.546205,0.444950,0.007741,0.007258,5.506991,0.000029,0.000778,-0.022978,-0.022327,3.141593
13045.0,0.529550,0.567522,0.001599,0.001706,5.506608,-0.000057,-0.005424,-0.022738,-0.023740,3.141593
13050.0,0.507360,0.566729,-0.000422,0.000000,5.506224,-0.000029,-0.002269,-0.022864,-0.024223,3.141593
13055.0,0.493881,0.585383,-0.001434,-0.000851,5.505841,0.000000,0.003950,-0.023119,-0.023740,3.141593
13060.0,0.479003,0.414822,0.005556,0.004808,5.505841,-0.000086,0.021285,-0.023915,-0.023740,3.141593
13065.0,0.470628,0.564258,-0.000266,-0.000753,5.505457,-0.000014,-0.017302,-0.022209,-0.022810,3.141593
13070.0,0.456254,0.403822,0.006258,0.005659,5.505457,0.000000,0.000697,-0.022988,-0.022810,3.141593
13075.0,0.436302,0.446340,0.002401,0.002452,5.505074,-0.000014,-0.005647,-0.022718,-0.022810,3.141593
13080.0,0.432193,0.343482,0.008527,0.008111,5.505074,-0.000086,0.001223,-0.023051,-0.023740,3.141593
13085.0,0.413200,0.435075,0.002558,0.003208,5.504690,-0.000072,-0.002259,-0.022912,-0.021880,3.141593
13090.0,0.397232,0.517343,-0.002390,-0.001604,5.504307,-0.000057,0.006998,-0.023338,-0.023740,3.141593
13095.0,0.375270,0.489953,-0.003923,-0.003209,5.503923,-0.000014,0.003285,-0.023167,-0.023257,3.141593
13100.0,0.364934,0.293988,0.004573,0.004055,5.503923,0.000014,0.009209,-0.023424,-0.021844,3.141593
13105.0,0.363854,0.283531,0.006879,0.006505,5.503923,0.000029,-0.000984,-0.022975,-0.022810,3.141593
13110.0,0.363697,0.283919,0.008905,0.008869,5.503923,0.000043,0.006123,-0.023270,-0.022774,3.141593
13115.0,0.347582,0.444122,0.000166,0.000845,5.503540,-0.000014,0.005471,-0.023253,-0.023740,3.141593
13120.0,0.329193,0.471691,-0.003281,-0.003211,5.503156,0.000086,0.015985,-0.023675,-0.022327,3.141593
13125.0,0.319287,0.265638,0.005496,0.004898,5.503156,0.000029,-0.011032,-0.022478,-0.021844,3.141593
13130.0,0.318371,0.248609,0.007869,0.008029,5.502773,0.000029,0.004166,-0.023153,-0.023740,3.141593
13135.0,0.298086,0.291158,0.003127,0.003975,5.502773,0.000072,-0.006942,-0.022628,-0.022810,3.141593
13140.0,0.283624,0.407300,-0.003637,-0.003212,5.502389,-0.000029,-0.003566,-0.022797,-0.022810,3.141593
13145.0,0.273925,0.226112,0.003822,0.004054,5.502389,0.000057,-0.000221,-0.022920,-0.022327,3.141593
13150.0,0.273002,0.202015,0.006252,0.005737,5.502389,0.000072,-0.001686,-0.022828,-0.021880,3.141593
13155.0,0.272834,0.216183,0.007144,0.007266,5.502389,-0.000157,0.008744,-0.023393,-0.022810,3.141593
13160.0,0.272577,0.224632,0.008259,0.008031,5.502389,-0.000014,0.003288,-0.023150,-0.023257,3.141593
13165.0,0.254027,0.313909,0.001585,0.002447,5.502006,0.000114,-0.002991,-0.022826,-0.022327,3.141593
13170.0,0.231936,0.288122,-0.000880,-0.000072,5.501622,0.000000,-0.002423,-0.022878,-0.023740,3.141593
13175.0,0.227813,0.171415,0.004696,0.004053,5.501622,0.000057,0.008605,-0.023332,-0.023740,3.141593
13180.0,0.227419,0.163509,0.006263,0.006499,5.501622,-0.000014,-0.006978,-0.022665,-0.022810,3.141593
13185.0,0.227330,0.163428,0.007546,0.008035,5.501622,-0.000086,0.027198,-0.024215,-0.025154,3.141593
13190.0,0.227280,0.172209,0.008440,0.008106,5.501622,0.000014,0.001827,-0.023077,-0.022810,3.141593
13195.0,0.211111,0.337453,-0.001318,-0.000069,5.501239,0.000114,-0.014519,-0.022282,-0.021880,3.141593
13200.0,0.192965,0.351099,-0.004865,-0.004052,5.500855,0.000014,0.011818,-0.023454,-0.023740,3.141593
13205.0,0.183120,0.150065,0.002930,0.002445,5.500855,-0.000029,0.014815,-0.023601,-0.022327,3.141593
13210.0,0.182165,0.125655,0.004849,0.004756,5.500855,-0.000043,-0.004770,-0.022767,-0.022810,3.141593
13215.0,0.181943,0.136248,0.005369,0.004889,5.500855,-0.000014,0.006247,-0.023262,-0.023257,3.141593
13220.0,0.181872,0.147884,0.005874,0.006430,5.500855,0.000057,0.001076,-0.022995,-0.022810,3.141593
13225.0,0.181804,0.140814,0.007208,0.007267,5.500472,-0.000114,0.014068,-0.023623,-0.023257,3.141593
13230.0,0.161662,0.193567,0.001262,0.001672,5.500472,-0.000014,0.015357,-0.023686,-0.023740,3.141593
13235.0,0.152560,0.309086,-0.005030,-0.005659,5.500088,-0.000043,-0.006303,-0.022750,-0.022327,3.141593
13240.0,0.138223,0.129500,0.000544,0.000897,5.500088,-0.000057,-0.004612,-0.022838,-0.020949,3.141593
13245.0,0.136718,0.106315,0.002025,0.001608,5.500088,-0.000014,-0.000562,-0.023034,-0.022810,3.141593
13250.0,0.136549,0.094144,0.003316,0.002443,5.500088,0.000086,-0.021334,-0.022085,-0.021397,3.141593
13255.0,0.136553,0.098754,0.003895,0.004113,5.500088,0.000014,-0.004150,-0.022857,-0.023257,3.141593
13260.0,0.136342,0.105923,0.004306,0.004824,5.500088,0.000043,-0.005738,-0.022763,-0.022810,3.141593
13265.0,0.136360,0.098236,0.005430,0.004824,5.500088,-0.000057,-0.002668,-0.022926,-0.022810,3.141593
13270.0,0.136310,0.120241,0.005214,0.005598,5.500088,0.000129,-0.017950,-0.022184,-0.021397,3.141593
13275.0,0.136338,0.117790,0.006105,0.006494,5.500088,-0.000057,-0.005788,-0.022772,-0.022810,3.141593
13280.0,0.120313,0.256446,-0.002954,-0.002442,5.499705,0.000114,-0.004471,-0.022769,-0.022327,3.141593
13285.0,0.114309,0.093737,0.003598,0.003991,5.499705,0.000072,-0.002492,-0.022855,-0.022327,3.141593
13290.0,0.095315,0.179167,-0.003906,-0.004050,5.499321,0.000057,-0.007629,-0.022612,-0.023740,3.141593
13295.0,0.091553,0.052564,0.001419,0.001609,5.499321,0.000086,-0.007582,-0.022564,-0.022327,3.141593
13300.0,0.091242,0.067391,0.001218,0.001609,5.499321,0.000043,0.007276,-0.023210,-0.023740,3.141593
13305.0,0.091166,0.061525,0.001989,0.002385,5.499321,-0.000157,0.023436,-0.024007,-0.023257,3.141593
13310.0,0.091166,0.054198,0.002841,0.003274,5.499321,-0.000086,0.003457,-0.023150,-0.023740,3.141593
13315.0,0.091023,0.064601,0.002867,0.002441,5.499321,0.000000,-0.004686,-0.022768,-0.023740,3.141593
13320.0,0.090913,0.080869,0.002635,0.002441,5.499321,-0.000014,-0.001841,-0.022878,-0.022810,3.141593
13325.0,0.090934,0.076087,0.003371,0.003217,5.499321,0.000000,-0.015965,-0.022253,-0.022810,3.141593
13330.0,0.090970,0.081149,0.003673,0.003274,5.499321,0.000014,0.003209,-0.023076,-0.023257,3.141593
13335.0,0.090837,0.089546,0.003786,0.004050,5.499321,-0.000029,-0.001407,-0.022880,-0.022810,3.141593
13340.0,0.090877,0.072670,0.005061,0.004826,5.499321,-0.000057,0.005560,-0.023215,-0.023257,3.141593
13345.0,0.090888,0.074845,0.005484,0.005659,5.499321,-0.000014,-0.001620,-0.022887,-0.022810,3.141593
13350.0,0.074766,0.219694,-0.004135,-0.003218,5.498938,0.000014,-0.002832,-0.022835,-0.022810,3.141593
13355.0,0.068851,0.064626,0.001838,0.001609,5.498938,-0.000014,0.001173,-0.023046,-0.023293,3.141593
13360.0,0.068321,0.045875,0.002948,0.003218,5.498938,0.000086,-0.005592,-0.022704,-0.022810,3.141593
13365.0,0.068271,0.046874,0.003287,0.003218,5.498938,0.000014,-0.010868,-0.022475,-0.021844,3.141593
13370.0,0.068246,0.049172,0.003569,0.003995,5.498938,-0.000043,0.010941,-0.023462,-0.022810,3.141593
13375.0,0.068253,0.040644,0.004342,0.005658,5.498938,0.000014,0.000963,-0.023021,-0.022810,3.141593
13380.0,0.068121,0.070141,0.003382,0.003218,5.498938,0.000000,0.001099,-0.023024,-0.023740,3.141593
13385.0,0.068164,0.061637,0.004159,0.004050,5.498938,0.000072,0.004364,-0.023137,-0.022774,3.141593
13390.0,0.068103,0.064967,0.004383,0.004827,5.498938,-0.000086,0.004508,-0.023191,-0.023740,3.141593
13395.0,0.068128,0.052945,0.005310,0.005604,5.498938,0.000072,-0.002523,-0.022837,-0.022327,3.141593
13400.0,0.068089,0.066304,0.005091,0.005658,5.498938,0.000000,-0.009239,-0.022549,-0.022327,3.141593
13405.0,0.068121,0.056494,0.005922,0.005658,5.498938,0.000014,0.005940,-0.023216,-0.023257,3.141593
13410.0,0.068085,0.068577,0.005760,0.005658,5.498938,0.000000,-0.001053,-0.022910,-0.022327,3.141593
13415.0,0.049657,0.152043,-0.001795,-0.000830,5.498554,-0.000072,-0.002381,-0.022880,-0.022810,3.141593
13420.0,0.045905,0.042435,0.002508,0.001661,5.498554,-0.000014,-0.013572,-0.022381,-0.022810,3.141593
13425.0,0.045615,0.033469,0.003108,0.003218,5.498554,-0.000014,0.007323,-0.023304,-0.023257,3.141593
13430.0,0.045547,0.029115,0.003549,0.003218,5.498554,0.000057,-0.001424,-0.022900,-0.022327,3.141593
13435.0,0.045501,0.034955,0.003540,0.003270,5.498554,-0.000014,-0.001316,-0.022918,-0.023740,3.141593
13440.0,0.045580,0.043096,0.003458,0.003997,5.498554,0.000057,0.001096,-0.022986,-0.022327,3.141593
13445.0,0.045455,0.028906,0.004321,0.004101,5.498554,-0.000072,-0.000094,-0.022980,-0.022810,3.141593
13450.0,0.045465,0.039874,0.004094,0.004049,5.498554,0.000057,0.003005,-0.023066,-0.023740,3.141593
13455.0,0.045444,0.045752,0.004086,0.003997,5.498554,0.000057,-0.013589,-0.022310,-0.021397,3.141593
13460.0,0.045401,0.045725,0.004335,0.004101,5.498554,-0.000157,0.014414,-0.023632,-0.023740,3.141593
13465.0,0.045594,0.037590,0.005004,0.005606,5.498554,0.000014,-0.005454,-0.022744,-0.022327,3.141593
13470.0,0.045354,0.041988,0.005008,0.004828,5.498554,-0.000029,-0.016143,-0.022293,-0.022810,3.141593
13475.0,0.045412,0.042434,0.005259,0.005658,5.498554,-0.000057,0.002411,-0.023134,-0.023740,3.141593
13480.0,0.045429,0.022424,0.006413,0.006489,5.498554,0.000014,-0.000999,-0.022965,-0.022810,3.141593
13485.0,0.045397,0.041884,0.005795,0.005658,5.498554,0.000100,-0.014616,-0.022319,-0.022810,3.141593
13490.0,0.045365,0.051897,0.005598,0.005658,5.498554,0.000086,-0.009701,-0.022508,-0.022810,3.141593
13495.0,0.033084,0.252107,-0.005859,-0.005608,5.498171,-0.000086,-0.001237,-0.022928,-0.023257,3.141593
13500.0,0.023761,0.038364,0.001701,0.001609,5.498171,-0.000114,-0.004726,-0.022812,-0.022810,3.141593
13505.0,0.023028,0.000686,0.003352,0.003219,5.498171,0.000072,-0.006723,-0.022675,-0.022810,3.141593
13510.0,0.022988,0.002914,0.003381,0.003999,5.498171,0.000043,0.000864,-0.023007,-0.023740,3.141593
13515.0,0.022892,0.007465,0.003290,0.003219,5.498171,0.000000,0.003978,-0.023146,-0.022327,3.141593
13520.0,0.022867,0.018786,0.002914,0.003219,5.498171,0.000057,-0.011931,-0.022433,-0.021880,3.141593
13525.0,0.022820,0.008585,0.003489,0.003268,5.498171,-0.000014,0.001878,-0.023058,-0.023740,3.141593
13530.0,0.022774,0.016775,0.003245,0.003219,5.498171,-0.000057,0.000505,-0.023019,-0.022810,3.141593
13535.0,0.022820,0.018994,0.003288,0.003219,5.498171,0.000029,-0.000759,-0.022937,-0.023257,3.141593
13540.0,0.022767,0.012056,0.003715,0.004048,5.498171,-0.000072,0.004881,-0.023219,-0.022810,3.141593
13545.0,0.022810,0.012323,0.003843,0.004048,5.498171,-0.000029,0.000253,-0.023025,-0.023740,3.141593
13550.0,0.022810,0.005186,0.004292,0.004828,5.498171,0.000029,0.007828,-0.023332,-0.023257,3.141593
13555.0,0.022835,0.003035,0.004525,0.004828,5.498171,0.000000,-0.015002,-0.022320,-0.021880,3.141593
13560.0,0.022788,0.019722,0.003901,0.004048,5.498171,0.000129,-0.019393,-0.022069,-0.020949,3.141593
13565.0,0.022695,0.023669,0.003832,0.004048,5.498171,-0.000057,0.010539,-0.023442,-0.023740,3.141593
13570.0,0.022802,0.023123,0.004012,0.004048,5.498171,-0.000014,0.009569,-0.023395,-0.023257,3.141593
13575.0,0.022727,0.026707,0.003964,0.004048,5.498171,0.000014,-0.007730,-0.022637,-0.022810,3.141593
13580.0,0.022706,0.019684,0.004401,0.004048,5.498171,0.000057,-0.004756,-0.022735,-0.022327,3.141593
13585.0,0.022706,0.015281,0.004725,0.005608,5.498171,-0.000014,0.001991,-0.023051,-0.022810,3.141593
13590.0,0.022688,0.024408,0.004441,0.004828,5.498171,0.000029,-0.004748,-0.022738,-0.022810,3.141593
13595.0,0.022670,0.009761,0.005216,0.004828,5.498171,0.000000,-0.012567,-0.022400,-0.021397,3.141593
13600.0,0.022706,0.028479,0.004520,0.004097,5.498171,-0.000072,0.021960,-0.023966,-0.024671,3.141593
13605.0,0.022745,0.026297,0.004755,0.004828,5.498171,-0.000057,0.002990,-0.023126,-0.023740,3.141593
13610.0,0.022663,0.024524,0.004943,0.004878,5.498171,-0.000057,0.013828,-0.023627,-0.024671,3.141593
13615.0,0.022684,0.023501,0.005121,0.005657,5.497787,0.000043,0.005487,-0.023229,-0.023740,3.141593
13620.0,0.002686,0.063626,-0.001136,-0.001610,5.497787,0.000014,-0.001650,-0.022906,-0.023740,3.141593
13625.0,0.000533,-0.009586,0.001653,0.001610,5.497787,0.000114,-0.004355,-0.022732,-0.022810,3.141593
13630.0,0.000272,-0.010581,0.001647,0.001656,5.497787,-0.000072,0.005994,-0.023227,-0.023740,3.141593
13635.0,0.000097,0.010408,0.000676,0.000781,5.497787,0.000000,0.006194,-0.023225,-0.023740,3.141593
13640.0,0.000179,-0.006248,0.001442,0.001656,5.497787,-0.000114,0.004816,-0.023197,-0.023740,3.141593
13645.0,0.000147,-0.005304,0.001396,0.001610,5.497787,0.000057,-0.010923,-0.022457,-0.022810,3.141593
13650.0,0.000222,-0.013215,0.001771,0.001610,5.497787,-0.000086,0.003353,-0.023126,-0.021880,3.141593
13655.0,0.000168,-0.002619,0.001293,0.000828,5.497787,-0.000014,-0.001497,-0.022918,-0.023740,3.141593
13660.0,0.000204,-0.001811,0.001270,0.000047,5.497787,0.000000,-0.001372,-0.022915,-0.023740,3.141593
13665.0,0.000229,-0.003571,0.001362,0.002391,5.497787,0.000029,0.006983,-0.023268,-0.023257,3.141593
13670.0,0.000157,-0.008615,0.001574,0.001610,5.497787,-0.000029,-0.005909,-0.022734,-0.022810,3.141593
13675.0,0.000100,-0.001721,0.001256,0.001563,5.497787,-0.000014,-0.008495,-0.022619,-0.022810,3.141593
13680.0,0.000118,-0.005608,0.001436,0.002344,5.497787,0.000100,-0.007498,-0.022614,-0.023740,3.141593
13685.0,0.000039,-0.000539,0.001193,0.000875,5.497787,0.000029,0.006349,-0.023215,-0.023740,3.141593
13690.0,0.000036,0.007393,0.000839,0.000828,5.497787,-0.000057,0.007804,-0.023303,-0.023740,3.141593
13695.0,0.000125,-0.007317,0.001519,0.001610,5.497787,0.000029,0.001803,-0.023014,-0.022327,3.141593
13700.0,0.000075,-0.008935,0.001581,0.001610,5.497787,-0.000014,-0.004335,-0.022753,-0.022810,3.141593
13705.0,0.000079,0.003232,0.001041,0.000781,5.497787,0.000057,-0.015898,-0.022212,-0.022810,3.141593
13710.0,0.000089,0.004593,0.000986,0.000047,5.497787,0.000014,0.011197,-0.023409,-0.022810,3.141593
13715.0,0.000057,0.004380,0.000988,0.000828,5.497787,-0.000057,0.009867,-0.023392,-0.023740,3.141593
13720.0,0.000050,-0.008270,0.001551,0.000828,5.497787,-0.000072,0.007193,-0.023302,-0.023740,3.141593
13725.0,0.000139,-0.001713,0.001282,0.001610,5.497787,0.000014,-0.001260,-0.022910,-0.023257,3.141593
13730.0,0.000068,0.002373,0.001084,0.001563,5.497787,0.000014,-0.001290,-0.022902,-0.022810,3.141593
13735.0,0.000054,0.004011,0.001009,0.001610,5.497787,0.000086,-0.006645,-0.022631,-0.023257,3.141593
13740.0,0.000032,0.004806,0.000969,0.000781,5.497787,0.000114,0.000326,-0.022902,-0.021397,3.141593
13745.0,0.000046,-0.005948,0.001452,0.001656,5.497787,-0.000014,0.000628,-0.022960,-0.022327,3.141593
13750.0,0.000093,-0.003015,0.001333,0.001610,5.497787,-0.000014,0.008462,-0.023320,-0.022810,3.141593
13755.0,0.000057,-0.000546,0.001214,0.001563,5.497787,-0.000086,0.004852,-0.023196,-0.022810,3.141593
13760.0,0.000072,-0.011736,0.001716,0.001610,5.497787,-0.000014,-0.000438,-0.022967,-0.023740,3.141593
13765.0,0.000068,-0.006633,0.001489,0.000828,5.497787,-0.000157,0.002211,-0.023138,-0.022327,3.141593
13770.0,0.000125,0.002750,0.001087,0.001610,5.497787,-0.000086,0.013954,-0.023681,-0.024187,3.141593
13775.0,0.000018,-0.006860,0.001490,0.001656,5.497787,-0.000157,0.010955,-0.023588,-0.024671,3.141593
13780.0,0.000072,-0.001263,0.001254,0.001610,5.497787,0.000072,-0.004686,-0.022842,-0.022810,3.141593
13785.0,0.000139,-0.004979,0.001439,0.001610,5.497787,0.000057,0.006571,-0.023322,-0.022774,3.141593
13790.0,0.000050,0.002463,0.001086,0.000828,5.497787,0.000114,-0.002296,-0.022898,-0.022810,3.141593
13795.0,0.000021,-0.004002,0.001367,0.001610,5.497787,0.000000,0.007796,-0.023382,-0.023257,3.141593
13800.0,0.000072,-0.011022,0.001691,0.001610,5.497787,0.000014,0.004421,-0.023231,-0.024671,3.141593
13805.0,0.000050,0.011432,0.000685,0.000781,5.497787,0.000129,0.008581,-0.023343,-0.023740,3.141593
13810.0,0.000111,-0.004369,0.001405,0.000828,5.497787,0.000014,-0.011226,-0.022475,-0.022810,3.141593
13815.0,0.000018,0.006784,0.000887,0.000828,5.497787,0.000000,-0.009538,-0.022541,-0.022810,3.141593
13820.0,0.000032,-0.009997,0.001638,0.001610,5.497787,-0.000014,-0.007867,-0.022607,-0.022810,3.141593
13825.0,0.000086,-0.000622,0.001234,0.001610,5.497787,0.000029,0.002425,-0.023038,-0.022810,3.141593
13830.0,0.000057,-0.002757,0.001322,0.001610,5.497787,-0.000014,-0.002413,-0.022824,-0.022810,3.141593
13835.0,0.000086,-0.007448,0.001539,0.001610,5.497787,-0.000014,-0.002105,-0.022842,-0.022810,3.141593
13840.0,-0.000014,-0.000650,0.001211,0.000828,5.497787,-0.000086,0.001984,-0.023066,-0.023740,3.141593
13845.0,0.000050,0.009104,0.000793,0.000875,5.497787,0.000000,-0.015737,-0.022273,-0.022810,3.141593
13850.0,0.000111,-0.004242,0.001403,0.001610,5.497787,0.000043,-0.021686,-0.021980,-0.022327,3.141593
13855.0,0.000029,0.005786,0.000938,0.000781,5.497787,0.000043,0.012742,-0.023481,-0.023740,3.141593
13860.0,0.000007,0.002851,0.001062,0.000781,5.497787,-0.000057,0.007313,-0.023262,-0.023257,3.141593
13865.0,0.000007,-0.000882,0.001228,0.000828,5.497787,0.000114,-0.003144,-0.022741,-0.022363,3.141593
13870.0,0.000050,-0.002633,0.001316,0.001610,5.497787,-0.000072,0.008295,-0.023288,-0.023257,3.141593
13875.0,-0.000007,0.015118,0.000508,0.000047,5.497787,-0.000215,0.011273,-0.023495,-0.023257,3.141593
13880.0,0.000029,0.011179,0.000695,0.000828,5.497787,-0.000014,-0.018685,-0.022158,-0.022810,3.141593
13885.0,0.000100,-0.004483,0.001411,0.001610,5.497787,0.000057,-0.009573,-0.022518,-0.022327,3.141593
13890.0,0.000032,0.002683,0.001077,0.001563,5.497787,-0.000057,0.003829,-0.023143,-0.022810,3.141593
13895.0,0.000086,-0.003035,0.001344,0.001610,5.497787,-0.000029,-0.008058,-0.022624,-0.022327,3.141593
13900.0,-0.000007,-0.009334,0.001603,0.001610,5.497787,0.000057,-0.011424,-0.022462,-0.020913,3.141593
13905.0,0.000043,0.012348,0.000650,0.000781,5.497787,-0.000014,0.005884,-0.023257,-0.023740,3.141593
13910.0,0.000036,0.005681,0.000947,0.000828,5.497787,0.000043,-0.003663,-0.022816,-0.022810,3.141593
13915.0,0.000064,0.001730,0.001131,0.000828,5.497787,-0.000014,0.012159,-0.023518,-0.023740,3.141593
13920.0,0.000014,-0.007266,0.001519,0.001610,5.497787,-0.000043,0.016396,-0.023719,-0.023257,3.141593
13925.0,0.000000,-0.003737,0.001358,0.000828,5.497787,-0.000129,-0.006500,-0.022761,-0.022810,3.141593
13930.0,0.000061,0.002914,0.001077,0.000828,5.497787,-0.000014,-0.006505,-0.022750,-0.022810,3.141593
13935.0,0.000165,0.002347,0.001131,0.001563,5.497787,0.000157,-0.010799,-0.022474,-0.022810,3.141593
13940.0,0.000054,0.000535,0.001186,0.000047,5.497787,-0.000057,0.003948,-0.023169,-0.023740,3.141593
13945.0,0.000039,0.012196,0.000665,0.000781,5.497787,-0.000043,-0.009341,-0.022605,-0.021880,3.141593
13950.0,0.000097,-0.003484,0.001378,0.001610,5.497787,0.000029,0.001290,-0.023066,-0.022327,3.141593
13955.0,0.000032,-0.006745,0.001509,0.001610,5.497787,0.000086,-0.014392,-0.022346,-0.022810,3.141593
13960.0,-0.000093,0.009479,0.000755,0.000828,5.497787,0.000043,-0.013268,-0.022385,-0.022810,3.141593
13965.0,0.000061,0.002181,0.001115,0.001563,5.497787,-0.000057,0.008943,-0.023389,-0.021397,3.141593
13970.0,0.000057,-0.004770,0.001425,0.000828,5.497787,0.000000,-0.020692,-0.022096,-0.021880,3.141593
13975.0,0.000093,-0.007483,0.001556,0.001610,5.497787,-0.000043,-0.010060,-0.022586,-0.022327,3.141593
13980.0,0.000086,-0.009710,0.001656,0.002391,5.497787,0.000057,0.002701,-0.023117,-0.023740,3.141593
13985.0,0.000014,0.008978,0.000804,0.000781,5.497787,-0.000014,-0.005171,-0.022782,-0.023740,3.141593
13990.0,0.000061,0.004122,0.001033,0.000828,5.497787,0.000114,-0.008698,-0.022565,-0.022810,3.141593
13995.0,0.000000,-0.002837,0.001330,0.001610,5.497787,0.000057,-0.003765,-0.022776,-0.022810,3.141593
14000.0,0.000032,0.001268,0.001151,0.001610,5.497787,-0.000086,0.002881,-0.023127,-0.022810,3.141593
14005.0,0.000068,0.008422,0.000840,0.000828,5.497787,-0.000086,-0.008330,-0.022654,-0.021880,3.141593
14010.0,0.000075,0.003899,0.001045,0.000828,5.497787,0.000014,-0.011770,-0.022484,-0.022810,3.141593
14015.0,0.000014,-0.003042,0.001340,0.000781,5.497787,-0.000014,-0.004590,-0.022800,-0.022810,3.141593
14020.0,0.000064,-0.010980,0.001706,0.001610,5.497787,0.000043,-0.012242,-0.022438,-0.023740,3.141593
14025.0,0.000039,-0.004176,0.001397,0.001656,5.497787,-0.000086,0.003651,-0.023167,-0.023740,3.141593
14030.0,0.000018,0.001393,0.001143,0.000828,5.497787,-0.000072,0.023121,-0.024039,-0.024187,3.141593
14035.0,-0.000025,0.003711,0.001029,0.000828,5.497787,0.000014,-0.004394,-0.022820,-0.022810,3.141593
14040.0,0.000057,-0.002980,0.001348,0.001563,5.497787,-0.000014,0.030434,-0.024376,-0.024671,3.141593
14045.0,0.000100,0.004708,0.001018,0.000828,5.497787,-0.000086,0.000121,-0.023087,-0.024223,3.141593
14050.0,-0.000032,-0.004024,0.001375,0.000828,5.497787,0.000072,0.004729,-0.023244,-0.023257,3.141593
14055.0,0.000025,0.001064,0.001162,0.000828,5.497787,0.000100,-0.006343,-0.022706,-0.022810,3.141593
14060.0,-0.000050,0.016241,0.000466,0.000781,5.497787,0.000014,-0.013386,-0.022407,-0.021880,3.141593
14065.0,0.000039,-0.009095,0.001616,0.001610,5.497787,-0.000043,-0.001028,-0.022970,-0.023257,3.141593
14070.0,0.000050,-0.007162,0.001534,0.001656,5.497787,-0.000057,0.002388,-0.023140,-0.023740,3.141593
14075.0,0.000050,0.008590,0.000832,0.000828,5.497787,0.000029,0.008779,-0.023401,-0.022810,3.141593
14080.0,0.000036,0.000968,0.001169,0.000828,5.497787,0.000057,-0.005632,-0.022747,-0.021397,3.141593
14085.0,0.000068,0.007323,0.000894,0.000828,5.497787,-0.000043,-0.002294,-0.022939,-0.023740,3.141593
14090.0,0.000086,0.002564,0.001112,0.000828,5.497787,0.000014,0.004994,-0.023235,-0.022810,3.141593
14095.0,0.000107,-0.000150,0.001240,0.001563,5.497787,0.000014,-0.003853,-0.022843,-0.024223,3.141593
14100.0,0.000050,0.006836,0.000916,0.000828,5.497787,0.000100,-0.006723,-0.022659,-0.023740,3.141593
14105.0,0.000014,0.000999,0.001168,0.001610,5.497787,0.000014,0.005885,-0.023217,-0.023740,3.141593
14110.0,0.000004,0.005123,0.000979,0.001610,5.497787,0.000000,0.009039,-0.023360,-0.023740,3.141593
14115.0,0.000018,0.009547,0.000785,0.001610,5.497787,-0.000043,-0.004083,-0.022792,-0.022810,3.141593
14120.0,0.000111,-0.009661,0.001664,0.002391,5.497787,-0.000086,-0.005599,-0.022752,-0.022327,3.141593
14125.0,-0.000025,0.007699,0.000857,0.000781,5.497787,-0.000029,0.012177,-0.023554,-0.023740,3.141593
14130.0,0.000029,-0.001764,0.001292,0.001563,5.497787,0.000086,-0.000850,-0.022937,-0.022810,3.141593
14135.0,0.000072,-0.011978,0.001757,0.001610,5.497787,-0.000014,-0.006690,-0.022686,-0.023257,3.141593
14140.0,0.000054,-0.005236,0.001454,0.001610,5.497787,0.000014,0.003558,-0.023115,-0.023257,3.141593
14145.0,-0.000011,0.010819,0.000720,0.000781,5.497787,0.000014,-0.001452,-0.022881,-0.022327,3.141593
14150.0,0.000068,0.001668,0.001148,0.001563,5.497787,-0.000014,0.005607,-0.023219,-0.023740,3.141593
14155.0,0.000086,-0.003165,0.001371,0.002391,5.497787,0.000000,0.015911,-0.023665,-0.023257,3.141593
14160.0,0.000025,0.010308,0.000754,0.000828,5.497787,0.000000,-0.008441,-0.022601,-0.022810,3.141593
14165.0,0.000025,0.001907,0.001129,0.001610,5.497787,-0.000043,-0.000978,-0.022935,-0.022810,3.141593
14170.0,0.000014,0.001155,0.001157,0.000828,5.497787,0.000057,-0.008479,-0.022580,-0.022327,3.141593
14175.0,0.000018,0.000431,0.001188,0.000828,5.497787,0.000043,-0.006228,-0.022670,-0.023293,3.141593
14180.0,0.000029,0.002539,0.001098,0.000781,5.497787,0.000014,0.005564,-0.023186,-0.023740,3.141593
14185.0,-0.000007,0.001889,0.001116,0.000781,5.497787,-0.000100,-0.003584,-0.022830,-0.023740,3.141593
14190.0,0.000079,0.004334,0.001028,0.000781,5.497787,-0.000086,0.001570,-0.023064,-0.023740,3.141593
14195.0,0.000039,-0.006290,0.001493,0.001610,5.497787,0.000014,0.000802,-0.023014,-0.022327,3.141593
14200.0,0.000029,-0.005958,0.001476,0.001610,5.497787,0.000072,-0.005927,-0.022692,-0.022810,3.141593
14205.0,0.000004,0.005287,0.000965,0.001563,5.497787,0.000014,0.004047,-0.023135,-0.023740,3.141593
14210.0,0.000104,-0.007912,0.001579,0.001610,5.497787,-0.000072,-0.003334,-0.022832,-0.023740,3.141593
14215.0,0.000046,-0.005715,0.001468,0.000828,5.497787,-0.000014,0.003106,-0.023109,-0.021844,3.141593
14220.0,0.000064,0.007915,0.000865,0.000781,5.497787,-0.000029,0.007683,-0.023330,-0.023740,3.141593
14225.0,0.000061,-0.003076,0.001354,0.000828,5.497787,-0.000029,-0.001538,-0.022930,-0.023257,3.141593
14230.0,0.000032,0.000631,0.001185,0.000828,5.497787,0.000014,-0.001921,-0.022891,-0.023257,3.141593
14235.0,-0.000004,0.001567,0.001135,0.000828,5.497787,0.000072,-0.014233,-0.022315,-0.021880,3.141593
14240.0,0.000107,-0.007956,0.001586,0.001610,5.497787,0.000129,0.005346,-0.023137,-0.021397,3.141593
14245.0,0.000036,-0.005201,0.001449,0.001610,5.497787,-0.000100,0.035626,-0.024549,-0.024187,3.141593
14250.0,0.000054,0.009156,0.000812,0.000781,5.497787,-0.000072,-0.002009,-0.022919,-0.022810,3.141593
14255.0,0.000004,0.010039,0.000762,0.000875,5.497787,-0.000200,0.002116,-0.023177,-0.023257,3.141593
14260.0,-0.000007,0.009239,0.000793,0.000781,5.497787,0.000000,-0.000476,-0.023037,-0.023257,3.141593
14265.0,0.000068,-0.002658,0.001342,0.001610,5.497787,0.000114,-0.026167,-0.021851,-0.021397,3.141593
14270.0,0.000014,0.009200,0.000800,0.000781,5.497787,-0.000014,-0.002120,-0.022951,-0.022327,3.141593
14275.0,0.000107,-0.000722,0.001265,0.001610,5.497787,0.000057,-0.007724,-0.022692,-0.022327,3.141593
14280.0,0.000093,0.004666,0.001024,0.001610,5.497787,0.000072,-0.008712,-0.022622,-0.022810,3.141593
14285.0,0.000104,-0.005204,0.001467,0.001610,5.497787,0.000057,0.006375,-0.023279,-0.023257,3.141593
14290.0,0.000100,0.000239,0.001225,0.001610,5.497787,-0.000043,-0.002417,-0.022915,-0.022810,3.141593
14295.0,0.000043,0.006113,0.000951,0.000781,5.497787,-0.000086,0.003228,-0.023209,-0.023740,3.141593
14300.0,0.000039,-0.000930,0.001266,0.001563,5.497787,0.000072,0.000003,-0.023020,-0.022810,3.141593
14305.0,0.000093,-0.007934,0.001593,0.000828,5.497787,0.000057,0.025919,-0.024133,-0.024187,3.141593
14310.0,0.000043,0.000129,0.001224,0.000828,5.497787,-0.000086,0.007228,-0.023358,-0.023740,3.141593
14315.0,-0.000021,0.003920,0.001039,0.000828,5.497787,0.000043,0.003132,-0.023155,-0.023740,3.141593
14320.0,-0.000043,0.003303,0.001059,0.000828,5.497787,-0.000014,-0.012493,-0.022470,-0.022327,3.141593
14325.0,0.000025,-0.006180,0.001496,0.001610,5.497787,0.000072,0.002034,-0.023079,-0.022327,3.141593
14330.0,0.000086,-0.002834,0.001362,0.000828,5.497787,0.000014,-0.006554,-0.022711,-0.023257,3.141593
14335.0,0.000093,0.004557,0.001036,0.001610,5.497787,0.000014,0.010338,-0.023442,-0.024671,3.141593
14340.0,0.000054,0.007912,0.000878,0.000828,5.497787,0.000057,-0.000976,-0.022910,-0.021397,3.141593
14345.0,0.000050,-0.000852,0.001269,0.001610,5.497787,-0.000086,-0.005767,-0.022764,-0.022810,3.141593
14350.0,0.000075,0.003241,0.001094,0.000828,5.497787,0.000100,-0.005587,-0.022723,-0.024223,3.141593
14355.0,0.000072,0.008900,0.000842,0.000781,5.497787,0.000057,0.002282,-0.023032,-0.023740,3.141593
14360.0,0.000021,0.000134,0.001222,0.001563,5.497787,0.000057,0.001609,-0.022977,-0.022810,3.141593
14365.0,-0.000011,0.014371,0.000579,0.000781,5.497787,-0.000057,0.004716,-0.023152,-0.023740,3.141593
14370.0,0.000043,-0.009880,0.001672,0.001610,5.497787,-0.000114,0.003567,-0.023140,-0.023740,3.141593
14375.0,0.000057,0.005729,0.000980,0.000828,5.497787,-0.000057,0.002081,-0.023071,-0.023740,3.141593
14380.0,0.000057,-0.002579,0.001352,0.000828,5.497787,-0.000057,0.008744,-0.023367,-0.023257,3.141593
14385.0,-0.000014,0.009790,0.000781,0.000047,5.497787,0.000014,-0.007184,-0.022648,-0.022810,3.141593
14390.0,0.000093,0.003326,0.001097,0.000828,5.497787,0.000014,0.000397,-0.022974,-0.022327,3.141593
14395.0,0.000111,-0.000203,0.001260,0.001563,5.497787,-0.000057,0.018354,-0.023812,-0.024671,3.141593
14400.0,0.000097,0.006888,0.000942,0.000828,5.497787,0.000072,-0.011303,-0.022457,-0.022810,3.141593
14405.0,-0.000014,-0.001473,0.001287,0.000828,5.497787,-0.000057,0.010217,-0.023434,-0.023740,3.141593
14410.0,-0.000011,-0.014513,0.001866,0.001656,5.497787,-0.000014,0.013814,-0.023596,-0.024671,3.141593
14415.0,0.000057,0.002695,0.001115,0.001610,5.497787,-0.000029,0.011564,-0.023505,-0.023740,3.141593
14420.0,0.000046,0.004394,0.001037,0.000828,5.497787,-0.000014,-0.007124,-0.022684,-0.022810,3.141593
14425.0,0.000025,-0.005192,0.001458,0.002344,5.497787,0.000043,0.005240,-0.023217,-0.021844,3.141593
14430.0,0.000050,-0.003404,0.001385,0.001610,5.497787,0.000029,-0.012504,-0.022438,-0.022810,3.141593
14435.0,0.000000,-0.005009,0.001444,0.001656,5.497787,-0.000029,0.009185,-0.023399,-0.023257,3.141593
14440.0,0.000018,-0.006406,0.001508,0.001656,5.497787,0.000014,-0.000961,-0.022943,-0.022810,3.141593
14445.0,0.000032,-0.007585,0.001565,0.002391,5.497787,-0.000043,-0.005181,-0.022776,-0.023740,3.141593
14450.0,0.000064,0.004656,0.001027,0.000828,5.497787,0.000014,-0.005198,-0.022748,-0.023293,3.141593
14455.0,0.000079,-0.004356,0.001434,0.001610,5.497787,0.000072,-0.013317,-0.022360,-0.022327,3.141593
14460.0,0.000011,-0.004459,0.001421,0.000828,5.497787,-0.000043,0.016340,-0.023700,-0.024671,3.141593
14465.0,0.000054,-0.001442,0.001298,0.000828,5.497787,0.000014,-0.003880,-0.022813,-0.023740,3.141593
14470.0,0.000082,-0.008718,0.001630,0.002391,5.497787,-0.000014,0.005473,-0.023221,-0.023740,3.141593
14475.0,0.000007,0.002038,0.001132,0.000828,5.497787,-0.000072,-0.004072,-0.022814,-0.022810,3.141593
14480.0,0.000072,0.005432,0.000997,0.000828,5.497787,0.000072,0.003326,-0.023096,-0.023257,3.141593
14485.0,0.000057,-0.002600,0.001354,0.001610,5.497787,0.000029,0.004801,-0.023162,-0.023740,3.141593
14490.0,0.000082,-0.012615,0.001807,0.002391,5.497787,-0.000014,0.005212,-0.023180,-0.022810,3.141593
14495.0,0.000007,0.001036,0.001183,0.000828,5.497787,0.000029,-0.002753,-0.022820,-0.022810,3.141593
14500.0,0.000072,0.005887,0.000983,0.001610,5.497787,-0.000029,-0.003655,-0.022799,-0.023740,3.141593
14505.0,0.000107,-0.015598,0.001951,0.002391,5.497787,0.000072,0.000640,-0.022939,-0.022810,3.141593
14510.0,0.000057,0.001368,0.001183,0.001610,5.497787,-0.000014,-0.004081,-0.022741,-0.023740,3.141593
14515.0,0.000061,0.001878,0.001160,0.000047,5.497787,-0.000086,0.003679,-0.023112,-0.023740,3.141593
14520.0,0.000118,-0.001986,0.001348,0.000828,5.497787,0.000043,-0.002846,-0.022788,-0.021844,3.141593
14525.0,-0.000032,-0.000711,0.001254,0.000828,5.497787,-0.000114,0.016582,-0.023709,-0.023740,3.141593
14530.0,0.000000,0.000673,0.001199,0.000828,5.497787,0.000014,0.013080,-0.023538,-0.024187,3.141593
14535.0,0.000075,0.005860,0.000987,0.000828,5.497787,0.000000,0.018190,-0.023775,-0.023704,3.141593
14540.0,0.000046,-0.000833,0.001278,0.000828,5.497787,-0.000072,0.003205,-0.023161,-0.022810,3.141593
14545.0,0.000050,0.005746,0.000988,0.001563,5.497787,-0.000057,-0.005413,-0.022805,-0.022810,3.141593
14550.0,0.000007,-0.005798,0.001491,0.001610,5.497787,0.000072,-0.002977,-0.022878,-0.022810,3.141593
14555.0,0.000075,-0.015046,0.001919,0.002391,5.497787,0.000072,0.002582,-0.023105,-0.022327,3.141593
14560.0,0.000111,-0.008937,0.001657,0.001610,5.497787,0.000043,0.000254,-0.023001,-0.023740,3.141593
14565.0,0.000025,0.010036,0.000792,0.000781,5.497787,0.000043,0.001868,-0.023045,-0.022810,3.141593
14570.0,0.000072,0.002771,0.001128,0.001563,5.497787,-0.000014,0.000114,-0.022976,-0.022810,3.141593
14575.0,0.000018,0.005321,0.001000,0.000828,5.497787,0.000043,-0.009840,-0.022524,-0.022327,3.141593
14580.0,0.000111,-0.012110,0.001801,0.002391,5.497787,0.000014,0.003553,-0.023123,-0.023740,3.141593
14585.0,0.000061,-0.006789,0.001554,0.000828,5.497787,0.000057,0.004250,-0.023132,-0.023740,3.141593
14590.0,0.000029,-0.001679,0.001318,0.001610,5.497787,0.000057,0.007101,-0.023248,-0.023293,3.141593
14595.0,0.000061,0.004161,0.001066,0.000828,5.497787,-0.000100,-0.001851,-0.022901,-0.021880,3.141593
14600.0,0.000018,-0.004710,0.001451,0.001610,5.497787,0.000029,0.001359,-0.023032,-0.023740,3.141593
14605.0,0.000075,0.006636,0.000961,0.001563,5.497787,-0.000100,0.020036,-0.023906,-0.023740,3.141593
14610.0,0.000064,-0.002000,0.001343,0.001610,5.497787,0.000114,-0.026834,-0.021777,-0.021397,3.141593
14615.0,0.000039,0.003652,0.001083,0.001610,5.497787,0.000229,-0.019305,-0.022039,-0.021880,3.141593
14620.0,0.000018,0.007170,0.000920,0.000828,5.497787,0.000014,-0.003846,-0.022741,-0.020466,3.141593
14625.0,0.000032,-0.001540,0.001311,0.000828,5.497787,-0.000043,0.002914,-0.023076,-0.023740,3.141593
14630.0,0.000043,0.004389,0.001050,0.000828,5.497787,0.000014,-0.002811,-0.022819,-0.022327,3.141593
14635.0,0.000061,-0.004411,0.001448,0.000828,5.497787,0.000072,0.000065,-0.022926,-0.022810,3.141593
14640.0,0.000086,-0.007537,0.001595,0.002391,5.497787,-0.000043,0.017962,-0.023742,-0.024671,3.141593
14645.0,0.000068,-0.001266,0.001312,0.001610,5.497787,-0.000014,0.005196,-0.023172,-0.022810,3.141593
14650.0,-0.000018,0.003469,0.001080,0.000828,5.497787,-0.000014,0.013462,-0.023543,-0.023257,3.141593
14655.0,0.000054,-0.017671,0.002038,0.002391,5.497787,-0.000057,-0.002070,-0.022880,-0.022810,3.141593
14660.0,0.000075,-0.000953,0.001299,0.001610,5.497787,0.000057,0.006776,-0.023244,-0.023740,3.141593
14665.0,0.000064,0.004865,0.001037,0.001563,5.497787,-0.000014,0.002133,-0.023043,-0.022327,3.141593
14670.0,-0.000007,-0.005870,0.001497,0.001563,5.497787,-0.000057,-0.007856,-0.022636,-0.022810,3.141593
14675.0,0.000021,-0.005486,0.001485,0.001610,5.497787,0.000014,0.004684,-0.023179,-0.021397,3.141593
14680.0,0.000011,-0.005156,0.001468,0.000828,5.497787,-0.000014,0.008213,-0.023367,-0.023740,3.141593
14685.0,0.000097,-0.000788,0.001296,0.001610,5.497787,-0.000086,0.013819,-0.023637,-0.023257,3.141593
14690.0,0.000097,-0.007185,0.001582,0.001610,5.497787,0.000043,-0.006315,-0.022735,-0.022327,3.141593
14695.0,0.000050,-0.000312,0.001267,0.000781,5.497787,0.000043,-0.015859,-0.022311,-0.021397,3.141593
14700.0,-0.000036,-0.001898,0.001314,0.000828,5.497787,-0.000057,0.000389,-0.023076,-0.023257,3.141593
14705.0,0.000007,0.001071,0.001191,0.000828,5.497787,-0.000043,-0.006160,-0.022802,-0.023740,3.141593
14710.0,-0.000007,0.001986,0.001146,0.000781,5.497787,0.000072,-0.007153,-0.022709,-0.022810,3.141593
14715.0,0.000097,-0.005486,0.001505,0.000828,5.497787,0.000000,-0.010956,-0.022558,-0.022810,3.141593
14720.0,0.000111,-0.009069,0.001672,0.000875,5.497787,-0.000029,-0.007261,-0.022732,-0.022810,3.141593
14725.0,0.000039,0.013206,0.000664,0.000781,5.497787,0.000057,0.007329,-0.023342,-0.023740,3.141593
14730.0,0.000000,0.002550,0.001128,0.000781,5.497787,0.000057,0.001987,-0.023086,-0.024671,3.141593
14735.0,0.000050,0.008016,0.000896,0.001610,5.497787,0.000029,-0.001131,-0.022927,-0.023257,3.141593
14740.0,-0.000021,0.007886,0.000883,0.000828,5.497787,0.000029,-0.012018,-0.022428,-0.022810,3.141593
14745.0,0.000122,0.001905,0.001183,0.000875,5.497787,-0.000114,0.004745,-0.023209,-0.022810,3.141593
14750.0,0.000132,0.001690,0.001199,0.001610,5.497787,0.000086,-0.009539,-0.022524,-0.021397,3.141593
14755.0,0.000014,0.006891,0.000939,0.000781,5.497787,-0.000114,0.013032,-0.023582,-0.023740,3.141593
14760.0,0.000057,-0.001009,0.001301,0.001610,5.497787,-0.000029,0.003558,-0.023152,-0.023740,3.141593
14765.0,0.000046,-0.009551,0.001680,0.002391,5.497787,0.000043,0.004748,-0.023181,-0.023257,3.141593
14770.0,0.000054,-0.004717,0.001467,0.001610,5.497787,-0.000086,-0.003356,-0.022852,-0.023740,3.141593
14775.0,-0.000004,-0.003125,0.001381,0.000828,5.497787,-0.000086,0.000057,-0.023033,-0.022810,3.141593
14780.0,0.000093,-0.009577,0.001694,0.002391,5.497787,-0.000014,0.047084,-0.025121,-0.025118,3.141593
14785.0,-0.000032,0.004143,0.001051,0.000781,5.497787,0.000029,-0.010366,-0.022579,-0.022810,3.141593
14790.0,0.000004,0.004249,0.001054,0.000828,5.497787,-0.000014,0.017712,-0.023831,-0.022810,3.141593
14795.0,0.000072,0.007916,0.000907,0.000828,5.497787,0.000100,-0.016314,-0.022306,-0.022810,3.141593
14800.0,0.000054,-0.000588,0.001282,0.001563,5.497787,-0.000014,0.012990,-0.023619,-0.023740,3.141593
14805.0,0.000011,0.000249,0.001235,0.000781,5.497787,-0.000057,0.009051,-0.023471,-0.023740,3.141593
14810.0,0.000075,0.003587,0.001102,0.000828,5.497787,-0.000014,-0.005482,-0.022841,-0.022327,3.141593
14815.0,0.000050,0.006516,0.000965,0.001563,5.497787,0.000014,-0.019263,-0.022228,-0.021880,3.141593
14820.0,0.000072,-0.003794,0.001429,0.001610,5.497787,0.000014,0.008207,-0.023428,-0.022810,3.141593
14825.0,0.000068,-0.001419,0.001322,0.001610,5.497787,0.000029,0.013323,-0.023640,-0.023740,3.141593
14830.0,0.000050,0.001718,0.001180,0.001610,5.497787,0.000029,-0.005129,-0.022824,-0.023293,3.141593
14835.0,0.000007,0.003358,0.001095,0.000828,5.497787,0.000043,-0.004516,-0.022828,-0.021397,3.141593
14840.0,0.000057,0.002603,0.001139,0.001610,5.497787,0.000029,0.001426,-0.023100,-0.023740,3.141593
14845.0,0.000050,0.004613,0.001047,0.001563,5.497787,-0.000014,-0.005850,-0.022774,-0.023740,3.141593
14850.0,-0.000025,0.013560,0.000629,0.000000,5.497787,0.000086,-0.000931,-0.022931,-0.022810,3.141593
14855.0,0.000054,0.001539,0.001184,0.001610,5.497787,0.000014,-0.005202,-0.022751,-0.022810,3.141593
14860.0,0.000068,0.002390,0.001150,0.001610,5.497787,-0.000029,-0.011513,-0.022484,-0.022810,3.141593
14865.0,0.000061,0.003322,0.001106,0.001563,5.497787,0.000014,-0.001195,-0.022919,-0.022810,3.141593
14870.0,-0.000007,0.000416,0.001218,0.000828,5.497787,0.000072,-0.003673,-0.022780,-0.023257,3.141593
14875.0,0.000154,-0.006187,0.001554,0.000828,5.497787,0.000029,0.003633,-0.023100,-0.022810,3.141593
14880.0,0.000039,0.011994,0.000718,0.000781,5.497787,-0.000043,-0.000141,-0.022955,-0.023740,3.141593
14885.0,-0.000007,-0.000089,0.001247,0.000781,5.497787,0.000014,0.007668,-0.023270,-0.023257,3.141593
14890.0,0.000082,-0.010042,0.001713,0.001610,5.497787,-0.000043,0.011105,-0.023450,-0.024223,3.141593
14895.0,0.000161,-0.001090,0.001337,0.001610,5.497787,0.000029,-0.037236,-0.021287,-0.020466,3.141593
14900.0,0.000014,0.005918,0.000992,0.000828,5.497787,0.000014,0.013425,-0.023527,-0.022810,3.141593
14905.0,0.000021,0.009500,0.000833,0.000781,5.497787,0.000000,0.003771,-0.023097,-0.023257,3.141593
14910.0,0.000018,-0.000258,0.001267,0.001610,5.497787,0.000043,0.002677,-0.023029,-0.023257,3.141593
14915.0,0.000050,0.001687,0.001188,0.001610,5.497787,-0.000014,-0.005873,-0.022661,-0.022810,3.141593
14920.0,0.000057,0.003165,0.001124,0.000828,5.497787,-0.000057,0.010632,-0.023426,-0.023740,3.141593
14925.0,0.000068,-0.002819,0.001394,0.000828,5.497787,-0.000029,0.003503,-0.023124,-0.022810,3.141593
14930.0,0.000014,0.003271,0.001111,0.000828,5.497787,0.000057,-0.017749,-0.022159,-0.021880,3.141593
14935.0,0.000061,-0.003990,0.001447,0.001563,5.497787,-0.000029,-0.000596,-0.022944,-0.023740,3.141593
14940.0,0.000029,-0.000088,0.001266,0.000828,5.497787,-0.000057,0.008810,-0.023366,-0.023740,3.141593
14945.0,0.000054,0.005760,0.001013,0.001563,5.497787,0.000029,0.004200,-0.023132,-0.022810,3.141593
14950.0,0.000075,-0.002858,0.001402,0.001610,5.497787,-0.000029,-0.001749,-0.022886,-0.022810,3.141593
14955.0,-0.000021,-0.001212,0.001303,0.000828,5.497787,0.000014,-0.015427,-0.022272,-0.022327,3.141593
14960.0,0.000007,0.001354,0.001194,0.000828,5.497787,0.000014,-0.012826,-0.022383,-0.022810,3.141593
14965.0,0.000061,-0.009174,0.001676,0.001610,5.497787,-0.000057,0.011947,-0.023492,-0.023740,3.141593
14970.0,0.000043,0.007394,0.000934,0.000828,5.497787,0.000043,0.007207,-0.023260,-0.022810,3.141593
14975.0,0.000011,-0.003729,0.001422,0.001610,5.497787,0.000014,0.000874,-0.022986,-0.022327,3.141593
14980.0,-0.000011,0.008667,0.000863,0.000781,5.497787,-0.000086,-0.007797,-0.022647,-0.022810,3.141593
14985.0,0.000025,0.007027,0.000943,0.000047,5.497787,0.000000,-0.002107,-0.022883,-0.022810,3.141593
14990.0,0.000111,-0.013948,0.001900,0.001656,5.497787,0.000000,-0.003054,-0.022843,-0.023740,3.141593
14995.0,0.000014,0.003017,0.001123,0.000781,5.497787,0.000057,0.014848,-0.023604,-0.023257,3.141593
15000.0,-0.000029,0.003658,0.001083,0.000828,5.497787,0.000014,-0.007415,-0.022627,-0.022810,3.141593
15005.0,0.000082,-0.005777,0.001530,0.001610,5.497787,0.000000,-0.006178,-0.022676,-0.022810,3.141593
15010.0,0.000093,-0.002950,0.001409,0.001656,5.497787,0.000043,-0.004932,-0.022713,-0.022327,3.141593
15015.0,0.000021,0.000051,0.001260,0.000828,5.497787,0.000000,0.003543,-0.023107,-0.023740,3.141593
15020.0,0.000082,-0.006622,0.001572,0.001610,5.497787,0.000057,-0.000826,-0.022880,-0.022327,3.141593
15025.0,0.000025,-0.004820,0.001477,0.000828,5.497787,0.000014,0.009553,-0.023344,-0.023740,3.141593
15030.0,0.000014,-0.001956,0.001345,0.001610,5.497787,-0.000029,-0.004193,-0.022751,-0.022327,3.141593
15035.0,-0.000014,0.010640,0.000778,0.000781,5.497787,-0.000057,0.000790,-0.023002,-0.022810,3.141593
15040.0,0.000079,0.000250,0.001264,0.001610,5.497787,0.000057,-0.014611,-0.022298,-0.021397,3.141593
15045.0,0.000021,0.013365,0.000665,0.000828,5.497787,-0.000043,0.006380,-0.023252,-0.023257,3.141593
15050.0,0.000032,0.000636,0.001234,0.001610,5.497787,0.000057,-0.008332,-0.022566,-0.021397,3.141593
15055.0,0.000046,-0.001162,0.001315,0.001610,5.497787,-0.000172,-0.000314,-0.023021,-0.024223,3.141593
15060.0,0.000072,-0.000494,0.001291,0.000828,5.497787,-0.000043,0.001699,-0.023090,-0.022810,3.141593
15065.0,0.000018,0.001843,0.001173,0.000828,5.497787,0.000029,-0.003210,-0.022861,-0.022327,3.141593
15070.0,0.000100,-0.006137,0.001550,0.001610,5.497787,0.000086,0.003913,-0.023148,-0.023257,3.141593
15075.0,0.000061,-0.002147,0.001365,0.000828,5.497787,0.000057,-0.009657,-0.022534,-0.022810,3.141593
15080.0,0.000050,0.001661,0.001194,0.000781,5.497787,-0.000057,0.007218,-0.023296,-0.022810,3.141593
15085.0,0.000061,-0.007281,0.001596,0.000828,5.497787,-0.000072,0.002954,-0.023128,-0.023740,3.141593
15090.0,0.000075,-0.000184,0.001285,0.001610,5.497787,-0.000072,0.029201,-0.024303,-0.024671,3.141593
15095.0,-0.000029,0.013490,0.000649,0.000781,5.497787,-0.000043,0.003019,-0.023152,-0.022810,3.141593
15100.0,0.000046,0.003314,0.001119,0.001610,5.497787,-0.000100,-0.018618,-0.022231,-0.022327,3.141593
15105.0,0.000036,0.004115,0.001081,0.001610,5.497787,0.000014,-0.008988,-0.022632,-0.023740,3.141593
15110.0,0.000068,-0.005641,0.001526,0.000781,5.497787,0.000086,-0.007450,-0.022653,-0.022327,3.141593
15115.0,0.000057,0.000382,0.001257,0.000828,5.497787,0.000029,-0.008420,-0.022618,-0.022810,3.141593
15120.0,0.000025,0.002621,0.001147,0.001563,5.497787,0.000000,-0.001030,-0.022947,-0.022327,3.141593
15125.0,0.000004,0.002396,0.001152,0.000828,5.497787,0.000014,0.005499,-0.023232,-0.022327,3.141593
15130.0,-0.000018,0.001997,0.001164,0.000828,5.497787,-0.000057,0.008875,-0.023413,-0.022327,3.141593
15135.0,-0.000007,0.000681,0.001224,0.000781,5.497787,-0.000129,0.007360,-0.023401,-0.023257,3.141593
15140.0,0.000093,0.003414,0.001128,0.001610,5.497787,0.000100,-0.019152,-0.022166,-0.021880,3.141593
15145.0,0.000050,0.004683,0.001060,0.000828,5.497787,0.000057,-0.002999,-0.022856,-0.022810,3.141593
15150.0,0.000111,-0.002895,0.001415,0.001610,5.497787,-0.000029,-0.005612,-0.022754,-0.023740,3.141593
15155.0,-0.000007,-0.002777,0.001382,0.001610,5.497787,-0.000043,0.009201,-0.023401,-0.023257,3.141593
15160.0,0.000000,-0.005833,0.001516,0.000828,5.497787,0.000000,-0.003806,-0.022835,-0.022810,3.141593
15165.0,0.000057,-0.004245,0.001461,0.002391,5.497787,0.000043,-0.006314,-0.022716,-0.022810,3.141593
15170.0,0.000014,0.005902,0.000997,0.000828,5.497787,0.000029,-0.005856,-0.022726,-0.022810,3.141593
15175.0,0.000025,0.005367,0.001023,0.001563,5.497787,-0.000114,0.012963,-0.023607,-0.023740,3.141593
15180.0,0.000061,0.005559,0.001024,0.001610,5.497787,0.000100,-0.012208,-0.022444,-0.022327,3.141593
15185.0,0.000064,-0.008047,0.001631,0.001610,5.497787,0.000029,0.003168,-0.023124,-0.022810,3.141593
15190.0,0.000043,0.004234,0.001081,0.001563,5.497787,0.000057,0.003234,-0.023117,-0.022327,3.141593
15195.0,0.000118,-0.007086,0.001603,0.001610,5.497787,0.000057,-0.004320,-0.022783,-0.021880,3.141593
15200.0,0.000039,-0.004979,0.001491,0.001610,5.497787,0.000029,0.001218,-0.023039,-0.023740,3.141593
15205.0,0.000093,-0.003735,0.001448,0.001610,5.497787,-0.000172,0.006569,-0.023335,-0.024223,3.141593
15210.0,0.000011,-0.004452,0.001459,0.000828,5.497787,-0.000057,0.007354,-0.023363,-0.023740,3.141593
15215.0,0.000029,0.010081,0.000815,0.000000,5.497787,0.000057,0.005793,-0.023254,-0.022810,3.141593
15220.0,0.000029,0.000087,0.001261,0.001610,5.497787,0.000014,-0.018730,-0.022175,-0.022810,3.141593
15225.0,0.000050,-0.001652,0.001342,0.001610,5.497787,-0.000029,0.001095,-0.023064,-0.022810,3.141593
15230.0,0.000043,0.000612,0.001241,0.000047,5.497787,-0.000086,0.003350,-0.023200,-0.021880,3.141593
15235.0,0.000075,-0.007501,0.001612,0.001610,5.497787,-0.000043,0.011779,-0.023585,-0.023740,3.141593
15240.0,0.000025,-0.005369,0.001508,0.001610,5.497787,0.000086,0.002085,-0.023114,-0.023293,3.141593
15245.0,0.000021,-0.005793,0.001525,0.000828,5.497787,0.000072,0.003074,-0.023137,-0.023293,3.141593
15250.0,0.000100,-0.000431,0.001307,0.001610,5.497787,-0.000072,0.007868,-0.023386,-0.023740,3.141593
15255.0,0.000039,0.000087,0.001271,0.001610,5.497787,-0.000014,-0.011426,-0.022536,-0.023293,3.141593
15260.0,0.000025,0.001702,0.001195,0.001610,5.497787,-0.000043,0.001607,-0.023117,-0.022327,3.141593
15265.0,-0.000046,0.009498,0.000829,0.000828,5.497787,0.000029,-0.002128,-0.022943,-0.022810,3.141593
15270.0,0.000046,-0.006226,0.001551,0.001610,5.497787,0.000100,0.005513,-0.023252,-0.023740,3.141593
15275.0,0.000014,0.004163,0.001080,0.000828,5.497787,0.000043,0.003865,-0.023165,-0.023257,3.141593
15280.0,0.000057,0.002870,0.001149,0.001610,5.497787,0.000029,-0.016305,-0.022263,-0.021880,3.141593
15285.0,0.000075,-0.009576,0.001709,0.000828,5.497787,0.000043,0.002140,-0.023058,-0.023740,3.141593
15290.0,0.000032,-0.010363,0.001735,0.002438,5.497787,0.000086,0.000982,-0.022976,-0.020466,3.141593
15295.0,0.000000,0.012875,0.000691,0.000828,5.497787,-0.000057,-0.014437,-0.022353,-0.022810,3.141593
15300.0,0.000018,0.008277,0.000900,0.001610,5.497787,-0.000014,-0.005083,-0.022753,-0.023740,3.141593
15305.0,0.000100,-0.008119,0.001651,0.001610,5.497787,-0.000057,0.019754,-0.023866,-0.025154,3.141593
15310.0,0.000000,0.001716,0.001190,0.000781,5.497787,-0.000057,0.012902,-0.023564,-0.024671,3.141593
15315.0,0.000072,-0.000813,0.001319,0.001610,5.497787,0.000057,-0.005102,-0.022724,-0.023740,3.141593
15320.0,0.000068,-0.003040,0.001418,0.001610,5.497787,-0.000057,-0.002260,-0.022881,-0.022327,3.141593
15325.0,0.000068,0.006593,0.000989,0.000828,5.497787,0.000057,-0.008497,-0.022588,-0.022327,3.141593
15330.0,0.000039,0.004759,0.001064,0.000781,5.497787,0.000086,-0.000680,-0.022887,-0.022327,3.141593
15335.0,0.000075,0.004393,0.001090,0.001610,5.497787,0.000014,-0.008589,-0.022536,-0.022810,3.141593
15340.0,0.000068,0.003721,0.001119,0.001563,5.497787,-0.000014,-0.002485,-0.022812,-0.022810,3.141593
15345.0,0.000054,-0.012315,0.001830,0.002391,5.497787,-0.000043,0.022480,-0.023936,-0.023740,3.141593
15350.0,0.000068,-0.003178,0.001426,0.001610,5.497787,-0.000100,0.012879,-0.023560,-0.023257,3.141593
15355.0,0.000068,-0.003370,0.001435,0.000828,5.497787,-0.000143,-0.003107,-0.022927,-0.022810,3.141593
15360.0,0.000043,0.010037,0.000832,0.000047,5.497787,0.000057,-0.014107,-0.022396,-0.022810,3.141593
15365.0,0.000050,0.000270,0.001270,0.001610,5.497787,0.000157,-0.001195,-0.022899,-0.022810,3.141593
15370.0,0.000050,-0.002092,0.001374,0.000828,5.497787,0.000000,-0.003455,-0.022820,-0.022810,3.141593
15375.0,0.000025,-0.001740,0.001353,0.001610,5.497787,0.000057,-0.008011,-0.022595,-0.022327,3.141593
15380.0,0.000075,-0.003993,0.001465,0.001610,5.497787,0.000072,0.005582,-0.023175,-0.023257,3.141593
15385.0,0.000021,0.007080,0.000958,0.000828,5.497787,-0.000057,-0.000109,-0.022975,-0.021844,3.141593
15390.0,0.000082,0.007563,0.000951,0.000781,5.497787,-0.000029,-0.001854,-0.022916,-0.022810,3.141593
15395.0,0.000029,-0.006581,0.001569,0.000828,5.497787,0.000014,-0.001144,-0.022936,-0.023257,3.141593
15400.0,0.000029,-0.011090,0.001770,0.001610,5.497787,-0.000072,0.005743,-0.023266,-0.023257,3.141593
15405.0,0.000000,0.010803,0.000787,0.000781,5.497787,0.000014,-0.009197,-0.022584,-0.022810,3.141593
15410.0,0.000114,-0.002905,0.001427,0.001610,5.497787,0.000043,0.007444,-0.023301,-0.023740,3.141593
15415.0,0.000054,0.008941,0.000885,0.000828,5.497787,-0.000043,0.001349,-0.023053,-0.022327,3.141593
15420.0,0.000093,-0.003079,0.001433,0.001610,5.497787,-0.000057,-0.010380,-0.022565,-0.022810,3.141593
15425.0,0.000014,0.007591,0.000939,0.000828,5.497787,-0.000014,0.008693,-0.023407,-0.023740,3.141593
15430.0,0.000050,-0.004635,0.001494,0.000828,5.497787,0.000043,-0.005700,-0.022743,-0.022327,3.141593
15435.0,0.000050,-0.003874,0.001461,0.000828,5.497787,-0.000043,-0.002193,-0.022935,-0.022810,3.141593
15440.0,0.000107,0.011765,0.000779,0.000828,5.497787,-0.000057,0.009085,-0.023443,-0.023257,3.141593
15445.0,0.000007,-0.000037,0.001282,0.000828,5.497787,-0.000029,-0.002548,-0.022934,-0.023740,3.141593
15450.0,0.000082,-0.010132,0.001751,0.002391,5.497787,0.000014,0.002427,-0.023136,-0.021844,3.141593
15455.0,-0.000007,0.003491,0.001122,0.001610,5.497787,0.000072,-0.008608,-0.022636,-0.021880,3.141593
15460.0,0.000043,-0.012604,0.001849,0.002438,5.497787,0.000014,0.004097,-0.023209,-0.023740,3.141593
15465.0,0.000082,0.002398,0.001190,0.001610,5.497787,-0.000043,0.039108,-0.024776,-0.022810,3.141593
15470.0,0.000061,0.003498,0.001136,0.001610,5.497787,-0.000072,0.003370,-0.023259,-0.023740,3.141593
15475.0,0.000057,0.003304,0.001142,0.000828,5.497787,0.000043,-0.010203,-0.022625,-0.022327,3.141593
15480.0,0.000032,0.003112,0.001144,0.000781,5.497787,-0.000014,0.006050,-0.023359,-0.022810,3.141593
15485.0,0.000079,0.005503,0.001048,0.000828,5.497787,-0.000072,-0.014928,-0.022479,-0.022327,3.141593
15490.0,0.000043,-0.004784,0.001499,0.000828,5.497787,0.000014,-0.008238,-0.022754,-0.021880,3.141593
15495.0,0.000007,0.009370,0.000860,0.001610,5.497787,-0.000057,-0.006928,-0.022859,-0.023740,3.141593
15500.0,0.000036,0.006402,0.000997,0.000828,5.497787,0.000114,-0.010700,-0.022616,-0.022327,3.141593
15505.0,0.000082,0.007981,0.000939,0.001610,5.497787,0.000057,-0.003154,-0.022923,-0.023740,3.141593
15510.0,0.000079,-0.005007,0.001517,0.001610,5.497787,-0.000014,0.018577,-0.023883,-0.023257,3.141593
15515.0,0.000025,-0.005521,0.001526,0.002391,5.497787,0.000029,0.006793,-0.023351,-0.023257,3.141593
15520.0,0.000075,-0.005838,0.001553,0.001610,5.497787,-0.000072,0.023778,-0.024140,-0.024671,3.141593
15525.0,0.000072,0.007783,0.000946,0.000828,5.497787,0.000057,-0.015528,-0.022359,-0.022810,3.141593
15530.0,0.000079,-0.003343,0.001445,0.001610,5.497787,0.000014,0.008279,-0.023401,-0.022810,3.141593
15535.0,0.000043,0.011434,0.000778,0.001563,5.497787,0.000043,-0.008165,-0.022664,-0.023740,3.141593
15540.0,0.000086,-0.016117,0.002015,0.001610,5.497787,-0.000043,0.016196,-0.023747,-0.023257,3.141593
15545.0,0.000018,0.013207,0.000692,0.000781,5.497787,-0.000014,0.004864,-0.023260,-0.023257,3.141593
15550.0,0.000086,0.000187,0.001287,0.001610,5.497787,0.000057,-0.001787,-0.022932,-0.022810,3.141593
15555.0,0.000046,0.001950,0.001199,0.001610,5.497787,0.000029,0.000358,-0.023025,-0.023740,3.141593
15560.0,0.000122,-0.006915,0.001613,0.002391,5.497787,-0.000057,0.008502,-0.023396,-0.024187,3.141593
15565.0,0.000032,-0.006708,0.001583,0.001610,5.497787,-0.000114,-0.007785,-0.022696,-0.022810,3.141593
15570.0,0.000032,-0.006329,0.001564,0.000828,5.497787,-0.000043,0.003545,-0.023193,-0.023740,3.141593
15575.0,0.000029,-0.004358,0.001476,0.001610,5.497787,-0.000014,-0.013516,-0.022428,-0.022327,3.141593
15580.0,0.000032,-0.003681,0.001446,0.001610,5.497787,0.000029,-0.014148,-0.022383,-0.021880,3.141593
15585.0,-0.000018,0.005486,0.001025,0.000781,5.497787,0.000043,-0.004120,-0.022807,-0.022327,3.141593
15590.0,0.000154,-0.004485,0.001512,0.001610,5.497787,-0.000057,0.010281,-0.023477,-0.023740,3.141593
15595.0,0.000007,-0.002602,0.001394,0.001610,5.497787,0.000029,-0.004480,-0.022795,-0.022810,3.141593
15600.0,0.000072,-0.003123,0.001432,0.000828,5.497787,-0.000086,0.017065,-0.023786,-0.024671,3.141593
15605.0,0.000093,0.001613,0.001228,0.001610,5.497787,0.000086,-0.018686,-0.022157,-0.021880,3.141593
15610.0,0.000000,0.012187,0.000734,0.000047,5.497787,0.000072,0.006252,-0.023249,-0.023257,3.141593
15615.0,0.000093,0.003448,0.001147,0.001610,5.497787,-0.000057,-0.006907,-0.022696,-0.022810,3.141593
15620.0,0.000032,-0.009559,0.001711,0.001610,5.497787,0.000029,-0.000030,-0.022986,-0.023257,3.141593
15625.0,0.000057,-0.007824,0.001641,0.001610,5.497787,-0.000029,0.002630,-0.023109,-0.021844,3.141593
15630.0,-0.000025,0.003865,0.001098,0.000828,5.497787,0.000029,0.002416,-0.023092,-0.021397,3.141593
15635.0,0.000089,-0.006542,0.001591,0.001610,5.497787,-0.000043,-0.010571,-0.022571,-0.022810,3.141593
15640.0,-0.000014,0.006935,0.000965,0.000828,5.497787,0.000057,-0.010031,-0.022560,-0.022327,3.141593
15645.0,0.000018,-0.008043,0.001640,0.002391,5.497787,0.000057,-0.008907,-0.022596,-0.022810,3.141593
15650.0,0.000050,0.002812,0.001164,0.000828,5.497787,-0.000072,0.003003,-0.023169,-0.023740,3.141593
15655.0,-0.000004,0.000906,0.001236,0.000828,5.497787,0.000014,-0.012942,-0.022449,-0.022810,3.141593
15660.0,0.000061,0.000101,0.001288,0.000828,5.497787,-0.000043,0.007732,-0.023378,-0.022810,3.141593
15665.0,0.000025,0.000240,0.001273,0.000828,5.497787,0.000057,-0.010268,-0.022568,-0.022327,3.141593
15670.0,0.000025,-0.001495,0.001351,0.000828,5.497787,0.000029,0.013208,-0.023609,-0.023740,3.141593
15675.0,0.000036,-0.002545,0.001399,0.001610,5.497787,0.000043,-0.015678,-0.022320,-0.021880,3.141593
15680.0,0.000021,0.019308,0.000421,0.000000,5.497787,0.000014,-0.006372,-0.022722,-0.022810,3.141593
15685.0,0.000050,-0.010311,0.001748,0.001610,5.497787,-0.000057,0.005543,-0.023282,-0.022810,3.141593
15690.0,0.000086,-0.010156,0.001751,0.001610,5.497787,0.000057,-0.016935,-0.022253,-0.022810,3.141593
15695.0,0.000079,-0.008605,0.001682,0.001610,5.497787,0.000014,0.009532,-0.023405,-0.023740,3.141593
15700.0,-0.000007,0.002740,0.001155,0.000781,5.497787,0.000043,-0.018029,-0.022165,-0.022327,3.141593
15705.0,0.000086,0.003650,0.001138,0.000828,5.497787,-0.000086,0.014570,-0.023636,-0.023740,3.141593
15710.0,0.000025,0.004432,0.001088,0.000828,5.497787,0.000000,0.005873,-0.023244,-0.024671,3.141593
15715.0,0.000068,-0.006242,0.001575,0.002391,5.497787,0.000029,0.010907,-0.023440,-0.023740,3.141593
15720.0,0.000025,-0.007507,0.001622,0.001610,5.497787,-0.000086,0.002410,-0.023111,-0.022810,3.141593
15725.0,0.000036,0.001739,0.001212,0.000828,5.497787,0.000043,-0.004117,-0.022787,-0.021397,3.141593
15730.0,0.000021,0.013246,0.000695,0.000047,5.497787,-0.000014,-0.002522,-0.022868,-0.022810,3.141593
15735.0,0.000043,-0.001662,0.001364,0.001610,5.497787,-0.000057,-0.002662,-0.022876,-0.021844,3.141593
15740.0,0.000068,-0.003433,0.001450,0.001610,5.497787,-0.000100,0.007159,-0.023349,-0.023740,3.141593
15745.0,0.000118,-0.003205,0.001453,0.001610,5.497787,-0.000072,0.008631,-0.023437,-0.023740,3.141593
15750.0,0.000011,-0.004643,0.001492,0.000828,5.497787,0.000114,-0.005858,-0.022732,-0.022810,3.141593
15755.0,0.000039,0.006883,0.000986,0.000828,5.497787,0.000057,0.003583,-0.023141,-0.023740,3.141593
15760.0,0.000043,0.006762,0.000993,0.000828,5.497787,-0.000014,-0.009818,-0.022556,-0.019983,3.141593
15765.0,0.000046,-0.006502,0.001585,0.001610,5.497787,-0.000057,-0.001593,-0.022970,-0.022810,3.141593
15770.0,0.000043,0.004875,0.001078,0.001610,5.497787,0.000029,-0.011781,-0.022503,-0.023740,3.141593
15775.0,0.000089,0.003965,0.001128,0.001610,5.497787,0.000114,0.009850,-0.023394,-0.022810,3.141593
15780.0,-0.000014,0.000942,0.001238,0.000828,5.497787,0.000043,-0.002441,-0.022853,-0.022810,3.141593
15785.0,0.000075,0.000862,0.001265,0.001563,5.497787,0.000000,-0.001187,-0.022919,-0.023257,3.141593
15790.0,0.000043,0.000924,0.001255,0.000828,5.497787,0.000014,0.001561,-0.023025,-0.022810,3.141593
15795.0,-0.000007,0.011398,0.000776,0.000781,5.497787,-0.000014,-0.006973,-0.022664,-0.022810,3.141593
15800.0,0.000068,-0.002073,0.001396,0.000828,5.497787,0.000072,-0.010706,-0.022463,-0.022810,3.141593
15805.0,0.000021,0.009934,0.000850,0.001563,5.497787,-0.000014,0.008980,-0.023342,-0.022774,3.141593
15810.0,0.000075,-0.006293,0.001585,0.002391,5.497787,-0.000029,-0.012976,-0.022387,-0.023740,3.141593
15815.0,0.000043,-0.011422,0.001804,0.001610,5.497787,-0.000014,-0.012533,-0.022409,-0.022810,3.141593
15820.0,0.000029,-0.001191,0.001347,0.001610,5.497787,0.000014,0.012970,-0.023529,-0.023740,3.141593
15825.0,0.000018,-0.004718,0.001500,0.001610,5.497787,-0.000029,-0.001835,-0.022889,-0.022810,3.141593
15830.0,0.000079,-0.005953,0.001571,0.002391,5.497787,-0.000043,-0.002312,-0.022882,-0.022327,3.141593
15835.0,0.000050,0.003287,0.001152,0.001563,5.497787,-0.000014,0.003176,-0.023129,-0.024223,3.141593
15840.0,-0.000007,-0.001014,0.001329,0.002391,5.497787,-0.000014,0.003214,-0.023125,-0.022327,3.141593
15845.0,0.000018,0.006672,0.000993,0.000781,5.497787,-0.000014,0.011335,-0.023486,-0.023740,3.141593
15850.0,0.000097,0.004933,0.001091,0.000828,5.497787,0.000057,-0.001968,-0.022862,-0.021880,3.141593
15855.0,0.000057,0.004239,0.001113,0.001610,5.497787,-0.000014,-0.010163,-0.022516,-0.022810,3.141593
15860.0,0.000125,-0.008796,0.001712,0.001610,5.497787,0.000014,-0.008959,-0.022544,-0.020949,3.141593
15865.0,0.000004,0.002128,0.001197,0.000875,5.497787,-0.000072,0.007703,-0.023341,-0.022774,3.141593
15870.0,0.000025,-0.011959,0.001831,0.001610,5.497787,0.000072,-0.001413,-0.022908,-0.022327,3.141593
15875.0,0.000068,0.001065,0.001261,0.001610,5.497787,0.000000,-0.001862,-0.022899,-0.023740,3.141593
15880.0,0.000054,-0.002138,0.001400,0.001610,5.497787,-0.000086,0.008638,-0.023403,-0.023257,3.141593
15885.0,0.000075,-0.003468,0.001465,0.001656,5.497787,0.000072,-0.017000,-0.022240,-0.022327,3.141593
15890.0,0.000043,-0.004416,0.001500,0.001610,5.497787,-0.000014,0.005840,-0.023257,-0.023740,3.141593
15895.0,0.000100,-0.005204,0.001550,0.000828,5.497787,0.000014,0.012246,-0.023526,-0.023257,3.141593
15900.0,0.000032,-0.004772,0.001516,0.001656,5.497787,-0.000029,0.002763,-0.023127,-0.021844,3.141593
15905.0,0.000018,-0.006089,0.001570,0.000828,5.497787,0.000043,-0.006894,-0.022686,-0.022810,3.141593
15910.0,0.000018,0.005159,0.001069,0.001563,5.497787,0.000057,0.002895,-0.023091,-0.022327,3.141593
15915.0,0.000064,0.000684,0.001279,0.001610,5.497787,-0.000057,0.015401,-0.023686,-0.022327,3.141593
15920.0,0.000050,-0.002112,0.001400,0.001610,5.497787,0.000014,0.005323,-0.023232,-0.022810,3.141593
15925.0,0.000025,-0.004509,0.001500,0.001656,5.497787,0.000029,-0.011049,-0.022499,-0.022327,3.141593
15930.0,0.000050,-0.008994,0.001705,0.001610,5.497787,0.000100,-0.013299,-0.022335,-0.022327,3.141593
15935.0,0.000036,-0.010714,0.001779,0.002391,5.497787,0.000129,-0.005442,-0.022642,-0.022327,3.141593
15940.0,0.000089,0.000347,0.001300,0.001610,5.497787,-0.000043,0.013141,-0.023506,-0.023257,3.141593
15945.0,0.000093,0.000764,0.001284,0.001610,5.497787,-0.000072,0.012183,-0.023491,-0.023257,3.141593
15950.0,0.000168,-0.006613,0.001634,0.001610,5.497787,0.000057,-0.009809,-0.022490,-0.022327,3.141593
15955.0,0.000029,-0.003221,0.001449,0.001563,5.497787,-0.000057,-0.000361,-0.022933,-0.023740,3.141593
15960.0,0.000011,0.007602,0.000961,0.001563,5.497787,-0.000086,-0.004255,-0.022783,-0.022327,3.141593
15965.0,0.000018,0.003656,0.001137,0.000828,5.497787,-0.000043,0.007118,-0.023298,-0.023740,3.141593
15970.0,0.000136,-0.005650,0.001583,0.001656,5.497787,0.000057,0.001080,-0.022993,-0.023740,3.141593
15975.0,0.000018,-0.003219,0.001446,0.001610,5.497787,0.000014,0.003060,-0.023080,-0.020913,3.141593
15980.0,0.000086,-0.001449,0.001383,0.001610,5.497787,-0.000057,0.000269,-0.022988,-0.022327,3.141593
15985.0,0.000050,-0.011854,0.001837,0.001610,5.497787,0.000029,-0.008448,-0.022584,-0.023740,3.141593
15990.0,0.000093,0.004441,0.001122,0.000828,5.497787,-0.000014,0.008111,-0.023309,-0.022774,3.141593
15995.0,0.000068,-0.002210,0.001414,0.000828,5.497787,-0.000057,-0.004058,-0.022810,-0.022327,3.141593
16000.0,-0.000025,-0.000669,0.001323,0.000828,5.497787,0.000129,-0.010700,-0.022454,-0.022810,3.141593
16005.0,0.000004,0.001496,0.001232,0.000828,5.497787,-0.000043,0.006765,-0.023250,-0.022774,3.141593
16010.0,0.000007,-0.009710,0.001734,0.001610,5.497787,-0.000057,0.001648,-0.023059,-0.022327,3.141593
16015.0,0.000025,0.005517,0.001060,0.000828,5.497787,0.000029,-0.000662,-0.022934,-0.022327,3.141593
16020.0,0.000039,-0.006186,0.001586,0.001610,5.497787,-0.000057,-0.004175,-0.022804,-0.022810,3.141593
16025.0,0.000021,-0.006137,0.001579,0.002391,5.497787,-0.000043,0.013782,-0.023608,-0.023257,3.141593
16030.0,0.000025,0.005120,0.001076,0.000828,5.497787,-0.000100,-0.009690,-0.022613,-0.022327,3.141593
16035.0,0.000029,0.004753,0.001093,0.001610,5.497787,0.000043,0.013764,-0.023619,-0.024187,3.141593
16040.0,0.000011,-0.000466,0.001320,0.001610,5.497787,0.000157,-0.020452,-0.022035,-0.021397,3.141593
16045.0,0.000068,0.011005,0.000822,0.000781,5.497787,0.000014,-0.012509,-0.022412,-0.022810,3.141593
16050.0,0.000011,0.008529,0.000919,0.000828,5.497787,0.000014,-0.004137,-0.022770,-0.023740,3.141593
16055.0,0.000057,-0.004612,0.001517,0.000828,5.497787,-0.000057,-0.006950,-0.022678,-0.022327,3.141593
16060.0,0.000039,-0.005814,0.001566,0.001610,5.497787,-0.000014,0.013048,-0.023560,-0.023740,3.141593
16065.0,0.000054,0.007300,0.000986,0.000781,5.497787,0.000057,-0.004250,-0.022775,-0.022810,3.141593
16070.0,0.000043,0.006800,0.001007,0.001610,5.497787,0.000014,0.002501,-0.023082,-0.022810,3.141593
16075.0,0.000064,-0.006103,0.001588,0.001610,5.497787,0.000057,-0.010197,-0.022489,-0.021397,3.141593
16080.0,0.000000,0.004001,0.001123,0.000828,5.497787,0.000014,-0.009579,-0.022519,-0.022810,3.141593
16085.0,0.000036,0.003755,0.001144,0.001563,5.497787,0.000014,0.021548,-0.023891,-0.022774,3.141593
16090.0,0.000061,0.001482,0.001252,0.001656,5.497787,-0.000057,-0.005791,-0.022725,-0.021880,3.141593
16095.0,-0.000007,0.020876,0.000369,0.000781,5.497787,-0.000072,0.003251,-0.023148,-0.023740,3.141593
16100.0,0.000025,0.001309,0.001249,0.001610,5.497787,0.000129,-0.011564,-0.022430,-0.021844,3.141593
16105.0,0.000007,0.007034,0.000988,0.000828,5.497787,-0.000072,0.000385,-0.023015,-0.023740,3.141593
16110.0,0.000000,0.011927,0.000767,-0.000781,5.497787,0.000157,0.003254,-0.023066,-0.022810,3.141593
16115.0,0.000061,-0.003013,0.001449,0.001610,5.497787,-0.000086,0.003765,-0.023143,-0.023257,3.141593
16120.0,0.000079,-0.006599,0.001615,0.002391,5.497787,0.000057,-0.002896,-0.022804,-0.022327,3.141593
16125.0,0.000061,-0.010254,0.001773,0.001656,5.497787,-0.000014,0.003432,-0.023111,-0.023740,3.141593
16130.0,0.000097,-0.011785,0.001851,0.002391,5.497787,0.000057,-0.016854,-0.022177,-0.021880,3.141593
16135.0,0.000079,-0.000691,0.001353,0.001610,5.497787,0.000000,0.000516,-0.022949,-0.022810,3.141593
16140.0,0.000007,-0.005752,0.001561,0.001610,5.497787,0.000000,0.008544,-0.023308,-0.024187,3.141593
16145.0,0.000129,-0.007598,0.001674,0.001610,5.497787,-0.000043,0.017479,-0.023712,-0.024223,3.141593
16150.0,0.000082,-0.006690,0.001625,0.001610,5.497787,0.000029,-0.003810,-0.022745,-0.022810,3.141593
16155.0,-0.000007,0.016776,0.000557,0.000828,5.497787,-0.000057,0.003453,-0.023092,-0.023257,3.141593
16160.0,-0.000043,0.009154,0.000887,0.000781,5.497787,-0.000057,0.002223,-0.023047,-0.023740,3.141593
16165.0,0.000043,0.003222,0.001171,0.001610,5.497787,0.000014,0.004405,-0.023108,-0.023740,3.141593
16170.0,0.000086,-0.000574,0.001350,0.001610,5.497787,-0.000057,-0.003111,-0.022792,-0.023257,3.141593
16175.0,0.000064,-0.004998,0.001544,0.000828,5.497787,0.000057,-0.006434,-0.022598,-0.022810,3.141593
16180.0,0.000050,-0.006849,0.001625,0.001610,5.497787,-0.000014,-0.005133,-0.022678,-0.022327,3.141593
16185.0,0.000086,0.004662,0.001123,0.000828,5.497787,-0.000086,-0.002465,-0.022843,-0.022810,3.141593
16190.0,0.000097,-0.006540,0.001627,0.002391,5.497787,0.000000,0.001663,-0.023010,-0.022810,3.141593
16195.0,0.000050,-0.020895,0.002256,0.002391,5.497787,0.000014,0.009454,-0.023337,-0.023740,3.141593
16200.0,0.000043,0.003348,0.001174,0.001610,5.497787,0.000072,-0.001997,-0.022791,-0.021844,3.141593
16205.0,0.000061,0.001755,0.001250,0.001610,5.497787,-0.000029,-0.010545,-0.022449,-0.022810,3.141593
16210.0,0.000046,-0.001899,0.001409,0.001610,5.497787,-0.000057,0.002185,-0.023031,-0.023740,3.141593
16215.0,0.000021,0.008190,0.000953,0.000781,5.497787,-0.000029,0.000882,-0.022964,-0.023257,3.141593
16220.0,0.000032,0.004138,0.001136,0.001563,5.497787,-0.000043,-0.003026,-0.022811,-0.022327,3.141593
16225.0,0.000057,-0.001139,0.001377,0.001610,5.497787,-0.000029,-0.015611,-0.022263,-0.021880,3.141593
16230.0,0.000082,0.008503,0.000954,0.000828,5.497787,0.000000,0.011147,-0.023440,-0.023257,3.141593
16235.0,0.000018,0.004105,0.001136,0.001610,5.497787,-0.000029,-0.006684,-0.022661,-0.022327,3.141593
16240.0,0.000036,-0.003297,0.001469,0.001610,5.497787,-0.000014,-0.018787,-0.022131,-0.022810,3.141593
16245.0,0.000082,0.004765,0.001120,0.001610,5.497787,-0.000014,0.001701,-0.023028,-0.021880,3.141593
16250.0,0.000075,-0.010094,0.001780,0.000828,5.497787,-0.000057,0.003105,-0.023115,-0.021844,3.141593
16255.0,0.000025,0.002062,0.001227,0.000781,5.497787,0.000100,-0.001192,-0.022882,-0.022327,3.141593
16260.0,0.000061,-0.000076,0.001332,0.001610,5.497787,0.000057,0.006447,-0.023212,-0.023257,3.141593
16265.0,0.000068,-0.003992,0.001509,0.001610,5.497787,0.000000,0.013717,-0.023540,-0.022810,3.141593
16270.0,0.000032,0.005449,0.001080,0.000828,5.497787,0.000029,0.003752,-0.023091,-0.022327,3.141593
16275.0,0.000068,0.004213,0.001145,0.001610,5.497787,0.000086,-0.012905,-0.022341,-0.022810,3.141593
16280.0,0.000061,-0.010904,0.001817,0.001610,5.497787,-0.000014,0.003200,-0.023063,-0.023257,3.141593
16285.0,0.000032,-0.000549,0.001350,0.001563,5.497787,0.000014,-0.012499,-0.022359,-0.021880,3.141593
16290.0,0.000029,-0.005048,0.001549,0.001610,5.497787,-0.000157,0.011700,-0.023493,-0.023257,3.141593
16295.0,0.000054,0.005530,0.001085,0.001610,5.497787,-0.000114,0.007281,-0.023337,-0.023740,3.141593
16300.0,-0.000043,0.010859,0.000823,0.000828,5.497787,0.000000,0.006781,-0.023297,-0.022810,3.141593
16305.0,0.000050,-0.006442,0.001615,0.000828,5.497787,0.000114,-0.012834,-0.022393,-0.022810,3.141593
16310.0,0.000104,-0.006093,0.001615,0.002391,5.497787,0.000072,-0.010562,-0.022468,-0.022327,3.141593
16315.0,0.000068,-0.007924,0.001690,0.002391,5.497787,0.000057,0.006588,-0.023203,-0.023740,3.141593
16320.0,0.000000,0.012439,0.000766,0.000781,5.497787,-0.000043,-0.001399,-0.022879,-0.023740,3.141593
16325.0,0.000018,0.005922,0.001061,0.000828,5.497787,-0.000057,0.010667,-0.023423,-0.023740,3.141593
16330.0,0.000100,-0.009919,0.001788,0.001610,5.497787,-0.000014,-0.000510,-0.022927,-0.022810,3.141593
16335.0,0.000018,0.001076,0.001279,0.000828,5.497787,0.000057,-0.001995,-0.022838,-0.022327,3.141593
16340.0,0.000032,-0.001902,0.001416,0.001610,5.497787,0.000043,-0.008960,-0.022519,-0.022327,3.141593
16345.0,0.000079,-0.004836,0.001558,0.001610,5.497787,-0.000086,0.001634,-0.023040,-0.022810,3.141593
16350.0,0.000046,0.004167,0.001150,0.000828,5.497787,-0.000100,0.002175,-0.023094,-0.023257,3.141593
16355.0,0.000072,0.004237,0.001155,0.001610,5.497787,0.000014,0.004849,-0.023193,-0.022810,3.141593
16360.0,0.000046,-0.012298,0.001885,0.001610,5.497787,0.000057,-0.012012,-0.022422,-0.022810,3.141593
16365.0,0.000018,0.010252,0.000874,0.000828,5.497787,0.000000,0.001090,-0.023004,-0.023740,3.141593
16370.0,0.000075,-0.003844,0.001517,0.001610,5.497787,0.000014,-0.000485,-0.022927,-0.022810,3.141593
16375.0,0.000032,-0.007217,0.001657,0.000828,5.497787,0.000100,-0.006698,-0.022611,-0.022810,3.141593
16380.0,0.000111,0.007021,0.001043,0.001610,5.497787,-0.000100,0.006854,-0.023266,-0.023257,3.141593
16385.0,0.000032,0.004276,0.001146,0.000828,5.497787,0.000000,-0.006031,-0.022688,-0.022810,3.141593
16390.0,0.000075,0.006921,0.001040,0.000781,5.497787,-0.000014,0.007551,-0.023283,-0.023257,3.141593
16395.0,-0.000043,0.004330,0.001126,0.000828,5.497787,0.000057,-0.016505,-0.022195,-0.022810,3.141593
16400.0,0.000043,0.001885,0.001257,0.000828,5.497787,-0.000014,0.013035,-0.023517,-0.023293,3.141593
16405.0,0.000007,-0.000126,0.001338,0.000828,5.497787,-0.000072,0.000844,-0.023011,-0.023740,3.141593
16410.0,0.000104,0.000353,0.001340,0.001610,5.497787,-0.000014,-0.002747,-0.022850,-0.023257,3.141593
16415.0,-0.000011,-0.004275,0.001518,0.001610,5.497787,-0.000100,0.015377,-0.023688,-0.023257,3.141593
16420.0,-0.000043,0.002776,0.001194,0.000828,5.497787,0.000072,-0.003598,-0.022812,-0.022810,3.141593
16425.0,0.000000,0.008098,0.000965,0.000828,5.497787,0.000029,-0.004742,-0.022764,-0.023257,3.141593
16430.0,0.000061,0.003677,0.001176,0.000828,5.497787,-0.000057,0.007787,-0.023332,-0.023740,3.141593
16435.0,0.000014,-0.000581,0.001353,0.000828,5.497787,0.000043,0.006589,-0.023254,-0.023293,3.141593
16440.0,0.000072,-0.008282,0.001710,0.001563,5.497787,-0.000014,0.012701,-0.023536,-0.023257,3.141593
16445.0,0.000004,0.010926,0.000836,0.000000,5.497787,-0.000014,0.001901,-0.023073,-0.021880,3.141593
16450.0,0.000043,0.003918,0.001158,0.000828,5.497787,-0.000014,0.002913,-0.023139,-0.023257,3.141593
16455.0,0.000075,0.000412,0.001324,0.001610,5.497787,0.000100,-0.025717,-0.021818,-0.021397,3.141593
16460.0,0.000018,0.005829,0.001069,0.000828,5.497787,0.000043,-0.006467,-0.022651,-0.021397,3.141593
16465.0,0.000018,-0.000700,0.001360,0.000000,5.497787,-0.000029,-0.016269,-0.022245,-0.022363,3.141593
16470.0,0.000046,0.007886,0.000985,0.000828,5.497787,0.000029,-0.008577,-0.022561,-0.022327,3.141593
16475.0,0.000125,0.006334,0.001076,0.000828,5.497787,-0.000057,-0.003131,-0.022838,-0.021880,3.141593
16480.0,0.000046,0.005472,0.001096,0.001563,5.497787,0.000014,0.007571,-0.023304,-0.022327,3.141593
16485.0,0.000021,-0.001688,0.001408,0.001610,5.497787,0.000057,-0.011072,-0.022484,-0.022327,3.141593
16490.0,0.000039,-0.010005,0.001782,0.001610,5.497787,-0.000014,0.000944,-0.023040,-0.022810,3.141593
16495.0,0.000111,0.004617,0.001151,0.000875,5.497787,0.000043,-0.016392,-0.022259,-0.022327,3.141593
16500.0,0.000032,0.002736,0.001217,0.000828,5.497787,0.000057,-0.000556,-0.022940,-0.022810,3.141593
16505.0,0.000007,-0.001044,0.001381,0.000875,5.497787,-0.000029,-0.011017,-0.022505,-0.022810,3.141593
16510.0,0.000111,-0.010972,0.001850,0.002391,5.497787,0.000043,-0.011021,-0.022477,-0.022327,3.141593
16515.0,0.000086,0.002483,0.001246,0.001610,5.497787,0.000014,-0.018405,-0.022148,-0.022327,3.141593
16520.0,0.000025,-0.013892,0.001961,0.001656,5.497787,0.000014,-0.009924,-0.022520,-0.023740,3.141593
16525.0,0.000075,0.000619,0.001328,0.000781,5.497787,0.000043,-0.013462,-0.022334,-0.022327,3.141593
16530.0,0.000014,0.001410,0.001278,0.000828,5.497787,0.000072,-0.001707,-0.022836,-0.022810,3.141593
16535.0,-0.000021,0.011852,0.000803,0.000781,5.497787,-0.000014,0.000883,-0.022973,-0.023740,3.141593
16540.0,0.000011,0.006841,0.001033,0.000828,5.497787,-0.000014,0.005043,-0.023150,-0.023740,3.141593
16545.0,0.000057,0.004722,0.001139,0.001563,5.497787,0.000057,0.009852,-0.023334,-0.023740,3.141593
16550.0,0.000018,0.001184,0.001285,0.000828,5.497787,-0.000043,0.014275,-0.023551,-0.023257,3.141593
16555.0,0.000043,0.011294,0.000840,0.000781,5.497787,-0.000043,-0.007583,-0.022597,-0.023257,3.141593
16560.0,0.000021,0.006804,0.001036,0.000828,5.497787,-0.000014,-0.005738,-0.022682,-0.022810,3.141593
16565.0,0.000054,0.004907,0.001129,0.001563,5.497787,-0.000014,-0.005185,-0.022718,-0.022327,3.141593
16570.0,0.000057,0.002002,0.001259,0.001610,5.497787,-0.000014,0.001275,-0.023013,-0.023740,3.141593
16575.0,0.000043,-0.000596,0.001372,0.001610,5.497787,-0.000086,0.000225,-0.022987,-0.022810,3.141593
16580.0,0.000136,-0.012728,0.001938,0.002438,5.497787,0.000072,-0.000190,-0.022930,-0.022327,3.141593
16585.0,0.000057,-0.000227,0.001363,0.001610,5.497787,-0.000057,-0.002384,-0.022877,-0.021880,3.141593
16590.0,0.000054,-0.002485,0.001463,0.001610,5.497787,0.000057,-0.011622,-0.022439,-0.020949,3.141593
16595.0,0.000039,-0.018276,0.002164,0.002391,5.497787,-0.000029,0.008140,-0.023340,-0.023257,3.141593
16600.0,0.000068,-0.018207,0.002168,0.001610,5.497787,0.000014,-0.007431,-0.022635,-0.022810,3.141593
16605.0,0.000064,0.008900,0.000960,0.000828,5.497787,-0.000014,-0.007397,-0.022637,-0.022810,3.141593
16610.0,0.000014,-0.006918,0.001654,0.001610,5.497787,0.000014,0.000611,-0.022979,-0.022810,3.141593
16615.0,-0.000018,0.001386,0.001276,0.000828,5.497787,-0.000014,0.006129,-0.023247,-0.022327,3.141593
16620.0,0.000025,-0.001433,0.001410,0.000828,5.497787,0.000014,0.004344,-0.023161,-0.023257,3.141593
16625.0,0.000050,-0.002133,0.001447,0.001610,5.497787,-0.000057,-0.001019,-0.022964,-0.022810,3.141593
16630.0,0.000086,-0.005091,0.001588,0.001610,5.497787,-0.000043,0.004774,-0.023253,-0.023740,3.141593
16635.0,-0.000036,0.003287,0.001186,0.000828,5.497787,0.000043,0.002676,-0.023132,-0.022327,3.141593
16640.0,0.000000,-0.000913,0.001380,0.000828,5.497787,0.000057,-0.007529,-0.022678,-0.022327,3.141593
16645.0,0.000025,0.008068,0.000986,0.001563,5.497787,0.000000,-0.011176,-0.022532,-0.022327,3.141593
16650.0,0.000032,-0.013198,0.001934,0.002391,5.497787,0.000043,-0.005329,-0.022775,-0.022327,3.141593
16655.0,0.000039,0.006566,0.001054,0.001610,5.497787,-0.000014,0.001005,-0.023065,-0.023740,3.141593
16660.0,0.000068,-0.000656,0.001383,0.001610,5.497787,-0.000072,0.005106,-0.023272,-0.023740,3.141593
16665.0,0.000089,-0.005324,0.001595,0.001610,5.497787,0.000014,-0.003628,-0.022855,-0.022327,3.141593
16670.0,-0.000007,0.000999,0.001290,0.000875,5.497787,0.000114,-0.001987,-0.022884,-0.022810,3.141593
16675.0,0.000118,-0.012973,0.001946,0.002391,5.497787,-0.000029,0.022026,-0.023974,-0.024671,3.141593
16680.0,0.000125,0.001644,0.001300,0.000828,5.497787,-0.000057,0.013265,-0.023605,-0.023740,3.141593
16685.0,0.000018,0.001034,0.001303,0.001610,5.497787,-0.000014,0.002306,-0.023126,-0.020466,3.141593
16690.0,0.000046,-0.002806,0.001480,0.001610,5.497787,0.000029,0.012734,-0.023596,-0.023257,3.141593
16695.0,0.000025,0.005367,0.001110,0.001610,5.497787,0.000043,-0.010721,-0.022554,-0.021880,3.141593
16700.0,0.000068,0.000039,0.001358,0.001610,5.497787,0.000086,-0.009011,-0.022599,-0.022810,3.141593
16705.0,0.000036,-0.002870,0.001480,0.002391,5.497787,-0.000014,0.000641,-0.023036,-0.023257,3.141593
16710.0,0.000107,0.007124,0.001051,0.000781,5.497787,0.000014,0.003479,-0.023138,-0.022810,3.141593
16715.0,-0.000025,0.002888,0.001209,0.000875,5.497787,0.000072,-0.009208,-0.022548,-0.021844,3.141593
16720.0,0.000132,0.002717,0.001256,0.000828,5.497787,-0.000086,-0.001485,-0.022935,-0.023257,3.141593
16725.0,0.000004,0.002071,0.001256,0.000828,5.497787,-0.000014,-0.008686,-0.022605,-0.022327,3.141593
16730.0,0.000197,-0.004754,0.001610,0.001610,5.497787,-0.000029,-0.001617,-0.022925,-0.023740,3.141593
16735.0,0.000011,-0.002074,0.001447,0.001610,5.497787,-0.000014,0.005852,-0.023255,-0.022810,3.141593
16740.0,0.000046,0.010609,0.000889,0.001563,5.497787,0.000000,0.004778,-0.023201,-0.023740,3.141593
16745.0,0.000011,0.009190,0.000942,0.000828,5.497787,0.000014,-0.009062,-0.022570,-0.022810,3.141593
16750.0,0.000014,0.007450,0.001020,0.001610,5.497787,-0.000029,0.007085,-0.023296,-0.023740,3.141593
16755.0,0.000021,0.005433,0.001110,0.000828,5.497787,0.000057,0.000360,-0.022976,-0.022363,3.141593
16760.0,0.000007,0.002755,0.001226,0.000828,5.497787,0.000000,-0.005303,-0.022727,-0.022810,3.141593
16765.0,0.000043,0.000813,0.001322,0.001610,5.497787,-0.000043,0.002092,-0.023068,-0.023740,3.141593
16770.0,-0.000014,0.007552,0.001007,0.000781,5.497787,-0.000014,0.019023,-0.023808,-0.025154,3.141593
16775.0,0.000086,-0.007596,0.001706,0.001610,5.497787,0.000014,-0.001411,-0.022895,-0.022327,3.141593
16780.0,0.000068,-0.008384,0.001737,0.001610,5.497787,-0.000100,0.033060,-0.024478,-0.024187,3.141593
16785.0,-0.000025,0.012822,0.000769,0.000828,5.497787,-0.000014,-0.008664,-0.022631,-0.022810,3.141593
16790.0,0.000025,-0.005287,0.001587,0.001610,5.497787,-0.000043,-0.011472,-0.022519,-0.022810,3.141593
16795.0,0.000054,-0.010071,0.001809,0.001610,5.497787,0.000086,-0.001273,-0.022908,-0.022327,3.141593
16800.0,0.000097,0.001615,0.001300,0.001610,5.497787,0.000029,-0.001051,-0.022931,-0.022327,3.141593
16805.0,-0.000011,0.007948,0.000991,0.001610,5.497787,0.000014,-0.001346,-0.022920,-0.022810,3.141593
16810.0,0.000086,0.001361,0.001308,0.001610,5.497787,0.000029,0.006575,-0.023269,-0.023740,3.141593
16815.0,0.000075,-0.001719,0.001442,0.001610,5.497787,-0.000014,-0.007506,-0.022641,-0.022327,3.141593
16820.0,0.000018,0.005941,0.001087,0.000828,5.497787,-0.000114,-0.003492,-0.022874,-0.023257,3.141593
16825.0,0.000068,0.003728,0.001197,0.001563,5.497787,-0.000043,0.000482,-0.023039,-0.022810,3.141593
16830.0,0.000039,-0.000778,0.001392,0.000875,5.497787,0.000043,-0.003320,-0.022863,-0.022810,3.141593
16835.0,0.000007,-0.005801,0.001609,0.001610,5.497787,0.000043,0.011987,-0.023519,-0.023257,3.141593
16840.0,0.000064,0.002245,0.001262,0.001563,5.497787,-0.000100,0.023549,-0.024084,-0.024671,3.141593
16845.0,0.000018,-0.005312,0.001588,0.001610,5.497787,0.000014,-0.017354,-0.022253,-0.022810,3.141593
16850.0,0.000100,-0.007876,0.001723,0.002391,5.497787,0.000014,0.006369,-0.023279,-0.022810,3.141593
16855.0,0.000068,0.000416,0.001344,0.001610,5.497787,0.000000,0.006771,-0.023294,-0.022327,3.141593
16860.0,0.000064,-0.004177,0.001548,0.001610,5.497787,0.000014,0.003343,-0.023153,-0.023740,3.141593
16865.0,0.000086,-0.007589,0.001706,0.001610,5.497787,-0.000014,-0.004307,-0.022821,-0.022810,3.141593
16870.0,0.000082,0.004136,0.001184,0.000828,5.497787,0.000029,0.001481,-0.023067,-0.023257,3.141593
16875.0,0.000000,0.000983,0.001304,0.001610,5.497787,-0.000057,-0.001575,-0.022963,-0.020949,3.141593
16880.0,0.000000,0.005292,0.001110,0.000828,5.497787,0.000086,-0.013567,-0.022406,-0.022810,3.141593
16885.0,0.000011,-0.002760,0.001472,0.000828,5.497787,-0.000014,-0.004618,-0.022801,-0.022810,3.141593
16890.0,0.000068,0.006239,0.001085,0.000828,5.497787,0.000029,0.001327,-0.023052,-0.023740,3.141593
16895.0,-0.000007,0.000377,0.001328,0.001563,5.497787,-0.000057,0.008750,-0.023395,-0.023257,3.141593
16900.0,0.000025,-0.010414,0.001817,0.002391,5.497787,0.000057,-0.001220,-0.022930,-0.022327,3.141593
16905.0,0.000021,0.006395,0.001067,0.001563,5.497787,-0.000014,0.005265,-0.023237,-0.023257,3.141593
16910.0,0.000064,0.000294,0.001349,0.001610,5.497787,0.000057,-0.007840,-0.022629,-0.021397,3.141593
16915.0,0.000054,0.007746,0.001015,0.000828,5.497787,0.000014,0.007504,-0.023314,-0.023740,3.141593
16920.0,0.000043,0.002578,0.001242,0.000828,5.497787,0.000114,-0.011996,-0.022413,-0.022810,3.141593
16925.0,0.000072,0.011066,0.000873,0.000781,5.497787,0.000100,-0.005559,-0.022672,-0.022810,3.141593
16930.0,0.000014,0.001623,0.001279,0.001610,5.497787,0.000014,-0.000307,-0.022912,-0.021844,3.141593
16935.0,0.000043,-0.005782,0.001617,0.001610,5.497787,-0.000014,-0.007095,-0.022633,-0.022810,3.141593
16940.0,0.000007,-0.000919,0.001391,0.000828,5.497787,-0.000029,-0.005080,-0.022731,-0.022327,3.141593
16945.0,0.000021,0.000218,0.001342,0.000828,5.497787,-0.000043,0.008714,-0.023360,-0.023740,3.141593
16950.0,0.000032,0.004949,0.001132,0.001563,5.497787,0.000000,-0.007783,-0.022625,-0.022327,3.141593
16955.0,0.000122,-0.013600,0.001981,0.003173,5.497787,0.000057,-0.007638,-0.022625,-0.022810,3.141593
16960.0,0.000046,0.002671,0.001238,0.001563,5.497787,-0.000100,0.006683,-0.023299,-0.022774,3.141593
16965.0,0.000097,-0.004812,0.001584,0.001610,5.497787,-0.000057,-0.005810,-0.022751,-0.022810,3.141593
16970.0,0.000118,-0.007639,0.001719,0.002391,5.497787,-0.000029,-0.010277,-0.022564,-0.022810,3.141593
16975.0,0.000068,0.003279,0.001222,0.000828,5.497787,0.000057,-0.002573,-0.022870,-0.022810,3.141593
16980.0,0.000064,0.000136,0.001361,0.001610,5.497787,-0.000014,0.004147,-0.023179,-0.023257,3.141593
16985.0,0.000054,0.006819,0.001059,0.000828,5.497787,-0.000057,-0.000058,-0.023017,-0.022810,3.141593
16990.0,-0.000014,0.000063,0.001344,0.000781,5.497787,-0.000014,0.018587,-0.023841,-0.024671,3.141593
16995.0,0.000057,-0.004382,0.001559,0.000828,5.497787,0.000014,0.002310,-0.023107,-0.023740,3.141593
17000.0,0.000032,0.001840,0.001273,0.001610,5.497787,0.000014,0.009728,-0.023422,-0.023740,3.141593
17005.0,0.000097,-0.001014,0.001415,0.001610,5.497787,-0.000072,0.013190,-0.023618,-0.025154,3.141593
17010.0,0.000061,0.006980,0.001050,0.000781,5.497787,-0.000029,-0.010145,-0.022567,-0.021880,3.141593
17015.0,0.000061,0.004396,0.001166,0.001610,5.497787,-0.000014,0.000570,-0.023049,-0.023740,3.141593
17020.0,0.000068,0.002429,0.001257,0.001610,5.497787,0.000057,-0.008154,-0.022641,-0.022327,3.141593
17025.0,0.000064,-0.000438,0.001383,0.001610,5.497787,-0.000014,0.021222,-0.023953,-0.024671,3.141593
17030.0,0.000011,0.005428,0.001109,0.000093,5.497787,-0.000057,0.017414,-0.023810,-0.023740,3.141593
17035.0,0.000100,0.004347,0.001181,0.000781,5.497787,0.000057,-0.001446,-0.022957,-0.023740,3.141593
17040.0,0.000014,-0.010476,0.001823,0.002438,5.497787,-0.000014,-0.016755,-0.022285,-0.022810,3.141593
17045.0,0.000018,-0.002971,0.001490,0.000781,5.497787,0.000014,0.013369,-0.023601,-0.023740,3.141593
17050.0,0.000061,0.006465,0.001081,0.001563,5.497787,0.000029,-0.008089,-0.022640,-0.022810,3.141593
17055.0,0.000132,-0.006678,0.001686,0.001610,5.497787,0.000014,-0.006763,-0.022690,-0.022327,3.141593
17060.0,0.000050,-0.006717,0.001670,0.000828,5.497787,-0.000057,-0.000891,-0.022969,-0.022810,3.141593
17065.0,0.000093,0.007197,0.001063,0.000828,5.497787,0.000029,0.003923,-0.023169,-0.022327,3.141593
17070.0,0.000036,0.008342,0.000999,0.000828,5.497787,0.000029,-0.004584,-0.022786,-0.022810,3.141593
17075.0,0.000025,0.008064,0.001009,0.001563,5.497787,-0.000014,0.009818,-0.023430,-0.023257,3.141593
17080.0,-0.000029,-0.012345,0.001903,0.001610,5.497787,0.000057,-0.004710,-0.022766,-0.022810,3.141593
17085.0,0.000093,0.000540,0.001359,0.001610,5.497787,0.000072,-0.007540,-0.022608,-0.021880,3.141593
17090.0,0.000018,-0.001547,0.001435,0.001563,5.497787,0.000114,0.013665,-0.023513,-0.023740,3.141593
17095.0,0.000046,-0.019150,0.002225,0.002391,5.497787,-0.000029,0.008647,-0.023331,-0.023740,3.141593
17100.0,0.000118,0.005730,0.001134,0.000828,5.497787,-0.000057,0.012479,-0.023508,-0.023740,3.141593
17105.0,0.000061,0.005566,0.001129,0.000828,5.497787,0.000029,-0.014727,-0.022281,-0.021880,3.141593
17110.0,-0.000011,0.003509,0.001204,0.000828,5.497787,0.000014,0.011369,-0.023434,-0.022810,3.141593
17115.0,0.000000,-0.002145,0.001457,0.000828,5.497787,-0.000086,-0.004610,-0.022774,-0.022810,3.141593
17120.0,0.000057,-0.003520,0.001533,0.002344,5.497787,0.000086,0.003832,-0.023100,-0.023257,3.141593
17125.0,0.000021,0.005890,0.001105,0.001610,5.497787,0.000000,-0.000923,-0.022904,-0.023740,3.141593
17130.0,0.000014,-0.000842,0.001400,0.001610,5.497787,0.000014,-0.011869,-0.022402,-0.021397,3.141593
17135.0,-0.000004,0.002517,0.001244,0.001610,5.497787,-0.000043,-0.012848,-0.022393,-0.019053,3.141593
17140.0,0.000032,0.005935,0.001099,0.000828,5.497787,0.000043,-0.001620,-0.022895,-0.023257,3.141593
17145.0,-0.000018,-0.005691,0.001603,0.001610,5.497787,-0.000029,0.008747,-0.023359,-0.022327,3.141593
17150.0,0.000018,-0.003302,0.001504,0.000828,5.497787,0.000086,-0.014810,-0.022297,-0.021880,3.141593
17155.0,0.000082,0.003251,0.001230,0.001610,5.497787,-0.000014,-0.006252,-0.022691,-0.021880,3.141593
17160.0,0.000097,-0.016478,0.002114,0.001656,5.497787,-0.000057,-0.002241,-0.022898,-0.023257,3.141593
17165.0,0.000050,0.005276,0.001135,0.001610,5.497787,0.000043,0.004569,-0.023176,-0.023740,3.141593
17170.0,0.000075,-0.000990,0.001421,0.001610,5.497787,0.000057,0.008206,-0.023313,-0.023740,3.141593
17175.0,0.000014,0.002408,0.001255,0.001610,5.497787,-0.000072,-0.007111,-0.022669,-0.022810,3.141593
17180.0,0.000032,0.003230,0.001219,0.000047,5.497787,0.000014,0.016094,-0.023664,-0.024223,3.141593
17185.0,0.000089,-0.001637,0.001451,0.000875,5.497787,-0.000057,-0.001262,-0.022924,-0.023740,3.141593
17190.0,-0.000036,0.001239,0.001292,0.001610,5.497787,0.000043,0.007802,-0.023290,-0.023257,3.141593
17195.0,0.000036,0.002897,0.001236,0.000828,5.497787,-0.000057,-0.009437,-0.022569,-0.022810,3.141593
17200.0,0.000050,-0.004606,0.001575,0.001610,5.497787,0.000057,0.006228,-0.023222,-0.022327,3.141593
17205.0,0.000043,-0.000005,0.001369,0.001610,5.497787,-0.000014,-0.010952,-0.022489,-0.022810,3.141593
17210.0,0.000104,-0.007928,0.001737,0.001610,5.497787,-0.000043,0.010424,-0.023445,-0.023740,3.141593
17215.0,0.000032,-0.001695,0.001444,0.001610,5.497787,0.000029,-0.011934,-0.022428,-0.022810,3.141593
17220.0,0.000025,-0.000180,0.001375,0.001610,5.497787,-0.000072,-0.007371,-0.022670,-0.022810,3.141593
17225.0,0.000075,0.005088,0.001152,0.001656,5.497787,-0.000057,0.016809,-0.023744,-0.024671,3.141593
17230.0,0.000075,-0.000834,0.001416,0.001610,5.497787,-0.000114,0.011715,-0.023548,-0.023257,3.141593
17235.0,0.000039,-0.010546,0.001842,0.001656,5.497787,0.000086,-0.014208,-0.022351,-0.022810,3.141593
17240.0,0.000046,-0.003180,0.001515,0.000828,5.497787,0.000072,-0.011104,-0.022456,-0.022810,3.141593
17245.0,0.000064,-0.011165,0.001875,0.001610,5.497787,0.000014,-0.001204,-0.022890,-0.022810,3.141593
17250.0,0.000061,-0.003509,0.001534,0.000828,5.497787,0.000000,0.005923,-0.023213,-0.022810,3.141593
17255.0,0.000057,0.004496,0.001178,0.001610,5.497787,0.000014,-0.002733,-0.022826,-0.022810,3.141593
17260.0,0.000111,0.002312,0.001289,0.001610,5.497787,-0.000057,-0.005796,-0.022720,-0.022810,3.141593
17265.0,0.000089,0.004365,0.001194,0.001563,5.497787,-0.000057,0.011010,-0.023487,-0.023257,3.141593
17270.0,0.000089,-0.012244,0.001935,0.001610,5.497787,0.000014,-0.002000,-0.022912,-0.022810,3.141593
17275.0,0.000075,0.015312,0.000706,0.000828,5.497787,-0.000014,0.000394,-0.023034,-0.023740,3.141593
17280.0,-0.000043,0.012042,0.000822,0.000828,5.497787,0.000129,-0.004892,-0.022730,-0.022810,3.141593
17285.0,0.000036,0.005700,0.001121,0.000828,5.497787,-0.000072,0.009363,-0.023410,-0.023740,3.141593
17290.0,0.000043,-0.000056,0.001380,0.001563,5.497787,0.000014,0.013910,-0.023600,-0.023293,3.141593
17295.0,0.000011,-0.007190,0.001690,0.001610,5.497787,0.000043,-0.002808,-0.022848,-0.022810,3.141593
17300.0,0.000050,0.000587,0.001351,0.001610,5.497787,-0.000086,0.001156,-0.023064,-0.023740,3.141593
17305.0,0.000007,-0.007695,0.001710,0.001610,5.497787,-0.000043,0.005545,-0.023252,-0.022810,3.141593
17310.0,0.000046,-0.000907,0.001418,0.000828,5.497787,0.000057,-0.006295,-0.022712,-0.022810,3.141593
17315.0,0.000068,-0.004132,0.001567,0.002344,5.497787,-0.000072,0.009814,-0.023469,-0.024223,3.141593
17320.0,-0.000011,0.011243,0.000862,0.000828,5.497787,0.000114,-0.005977,-0.022708,-0.022327,3.141593
17325.0,0.000032,0.003778,0.001206,0.001610,5.497787,-0.000014,0.020803,-0.023932,-0.023740,3.141593
17330.0,0.000050,-0.003254,0.001525,0.001610,5.497787,-0.000029,-0.000333,-0.023018,-0.022810,3.141593
17335.0,0.000039,0.000400,0.001359,0.001610,5.497787,0.000014,-0.010500,-0.022553,-0.022327,3.141593
17340.0,0.000018,0.003864,0.001199,0.001610,5.497787,0.000029,-0.006459,-0.022726,-0.022810,3.141593
17345.0,0.000032,-0.003873,0.001547,0.001610,5.497787,0.000086,0.001529,-0.023045,-0.022291,3.141593
17350.0,0.000000,-0.001028,0.001412,0.000828,5.497787,0.000029,-0.004501,-0.022779,-0.022810,3.141593
17355.0,0.000061,0.004908,0.001161,0.000828,5.497787,-0.000086,-0.000525,-0.022994,-0.023740,3.141593
17360.0,0.000000,0.008795,0.000973,0.000828,5.497787,0.000014,-0.002225,-0.022897,-0.023740,3.141593
17365.0,0.000072,0.001121,0.001333,0.001610,5.497787,0.000029,-0.007589,-0.022636,-0.023257,3.141593
17370.0,0.000054,0.007343,0.001053,0.000781,5.497787,0.000043,0.003504,-0.023101,-0.023740,3.141593
17375.0,0.000032,-0.000586,0.001402,0.001610,5.497787,-0.000057,0.004186,-0.023154,-0.023740,3.141593
17380.0,0.000032,0.003484,0.001220,0.001610,5.497787,0.000014,-0.003603,-0.022796,-0.022810,3.141593
17385.0,0.000061,-0.003913,0.001556,0.001610,5.497787,-0.000014,-0.011436,-0.022456,-0.022810,3.141593
17390.0,0.000007,0.010809,0.000886,0.000781,5.497787,-0.000043,-0.003399,-0.022816,-0.022810,3.141593
17395.0,0.000057,0.002359,0.001274,0.001610,5.497787,-0.000057,-0.006326,-0.022701,-0.021880,3.141593
17400.0,0.000118,-0.003857,0.001567,0.001610,5.497787,-0.000014,-0.010472,-0.022514,-0.022810,3.141593
17405.0,-0.000007,0.001095,0.001316,0.001610,5.497787,0.000014,0.012498,-0.023508,-0.023740,3.141593
17410.0,0.000061,-0.007377,0.001709,0.002391,5.497787,0.000100,0.000183,-0.022928,-0.023257,3.141593
17415.0,0.000043,-0.006620,0.001670,0.001610,5.497787,0.000043,0.013985,-0.023528,-0.023740,3.141593
17420.0,0.000097,-0.000734,0.001422,0.001656,5.497787,-0.000072,-0.017252,-0.022196,-0.022810,3.141593
17425.0,0.000032,0.003707,0.001209,0.001610,5.497787,0.000000,0.006251,-0.023217,-0.022810,3.141593
17430.0,0.000068,-0.006169,0.001656,0.001610,5.497787,-0.000014,0.005469,-0.023183,-0.022810,3.141593
17435.0,0.000018,-0.001534,0.001438,0.000828,5.497787,-0.000157,0.014898,-0.023668,-0.024671,3.141593
17440.0,0.000118,-0.007217,0.001716,0.001610,5.497787,0.000057,-0.011775,-0.022449,-0.022810,3.141593
17445.0,0.000000,0.010745,0.000888,0.001563,5.497787,0.000000,-0.003508,-0.022810,-0.022810,3.141593
17450.0,0.000125,-0.008485,0.001775,0.001610,5.497787,0.000014,-0.005799,-0.022706,-0.022327,3.141593
17455.0,0.000000,0.008439,0.000990,0.000047,5.497787,-0.000014,-0.002035,-0.022897,-0.023740,3.141593
17460.0,0.000118,0.004024,0.001217,0.001563,5.497787,-0.000014,-0.003614,-0.022829,-0.023740,3.141593
17465.0,0.000054,-0.003258,0.001527,0.001610,5.497787,-0.000043,-0.000544,-0.022984,-0.022810,3.141593
17470.0,0.000039,0.003085,0.001241,0.001610,5.497787,-0.000014,-0.014607,-0.022370,-0.022810,3.141593
17475.0,0.000039,0.007940,0.001023,0.000828,5.497787,0.000072,-0.007477,-0.022649,-0.022810,3.141593
17480.0,0.000068,0.003553,0.001226,0.001610,5.497787,0.000057,-0.015007,-0.022306,-0.022810,3.141593
17485.0,0.000093,-0.001031,0.001436,0.001610,5.497787,0.000029,-0.004701,-0.022742,-0.022327,3.141593
17490.0,0.000029,0.004986,0.001152,0.001563,5.497787,0.000000,0.009172,-0.023369,-0.023740,3.141593
17495.0,-0.000007,0.007197,0.001043,0.001563,5.497787,-0.000029,0.000347,-0.022988,-0.023257,3.141593
17500.0,0.000111,-0.000777,0.001426,0.001610,5.497787,0.000043,-0.008488,-0.022583,-0.022810,3.141593
17505.0,0.000125,-0.004710,0.001607,0.000828,5.497787,-0.000029,0.006571,-0.023262,-0.023740,3.141593
17510.0,0.000061,-0.007057,0.001699,0.001610,5.497787,0.000014,-0.017028,-0.022211,-0.021397,3.141593
17515.0,0.000050,0.001348,0.001321,0.001610,5.497787,-0.000014,0.000531,-0.023016,-0.022810,3.141593
17520.0,0.000075,0.010737,0.000908,0.001610,5.497787,0.000014,-0.009428,-0.022568,-0.021397,3.141593
17525.0,-0.000011,-0.000748,0.001397,0.001610,5.497787,-0.000057,0.015414,-0.023708,-0.024187,3.141593
17530.0,0.000050,-0.021538,0.002339,0.002391,5.497787,0.000114,-0.006111,-0.022693,-0.022327,3.141593
17535.0,0.000046,-0.002054,0.001469,0.001610,5.497787,0.000029,-0.013345,-0.022386,-0.022327,3.141593
17540.0,0.000043,-0.010069,0.001825,0.001610,5.497787,0.000043,-0.011961,-0.022431,-0.022327,3.141593
17545.0,0.000075,-0.014359,0.002025,0.002391,5.497787,-0.000057,0.002756,-0.023110,-0.023740,3.141593
17550.0,0.000054,0.006239,0.001102,0.001610,5.497787,-0.000014,-0.007751,-0.022652,-0.022810,3.141593
17555.0,0.000147,-0.007216,0.001727,0.001610,5.497787,-0.000014,0.011994,-0.023530,-0.023257,3.141593
17560.0,0.000064,0.005048,0.001163,0.001610,5.497787,0.000014,0.011906,-0.023517,-0.023740,3.141593
17565.0,0.000068,0.003605,0.001229,0.001563,5.497787,-0.000014,0.026401,-0.024168,-0.023740,3.141593
17570.0,0.000000,0.012077,0.000835,0.000828,5.497787,0.000029,0.001396,-0.023062,-0.022327,3.141593
17575.0,0.000011,0.005713,0.001119,0.001610,5.497787,0.000043,-0.015285,-0.022317,-0.022810,3.141593
17580.0,0.000068,-0.010930,0.001876,0.001610,5.497787,0.000000,-0.001106,-0.022948,-0.022810,3.141593
17585.0,0.000011,0.010090,0.000926,0.000000,5.497787,-0.000014,0.003971,-0.023174,-0.022810,3.141593
17590.0,0.000025,-0.007488,0.001714,0.001610,5.497787,0.000114,-0.009843,-0.022510,-0.022327,3.141593
17595.0,0.000086,0.004112,0.001212,0.001610,5.497787,-0.000057,0.004480,-0.023190,-0.022810,3.141593
17600.0,0.000029,-0.001773,0.001461,0.001610,5.497787,0.000029,0.002862,-0.023098,-0.022810,3.141593
17605.0,-0.000043,0.002166,0.001267,0.000828,5.497787,-0.000014,0.008983,-0.023383,-0.023257,3.141593
17610.0,0.000004,0.005203,0.001142,0.001610,5.497787,-0.000100,-0.004306,-0.022839,-0.023740,3.141593
17615.0,0.000000,-0.007395,0.001700,0.001610,5.497787,-0.000029,0.005338,-0.023262,-0.022810,3.141593
17620.0,0.000025,-0.003145,0.001516,0.000828,5.497787,0.000114,-0.009764,-0.022546,-0.023740,3.141593
17625.0,0.000107,0.005240,0.001163,0.000828,5.497787,0.000043,0.009748,-0.023395,-0.023740,3.141593
17630.0,-0.000007,0.010403,0.000905,0.000828,5.497787,-0.000100,0.016388,-0.023730,-0.023257,3.141593
17635.0,0.000072,-0.008013,0.001745,0.001610,5.497787,-0.000014,-0.002396,-0.022902,-0.022810,3.141593
17640.0,0.000021,-0.001547,0.001446,0.000828,5.497787,0.000014,-0.005558,-0.022762,-0.022810,3.141593
17645.0,0.000050,0.005932,0.001121,0.000828,5.497787,-0.000129,0.018769,-0.023890,-0.024671,3.141593
17650.0,0.000029,-0.012339,0.001930,0.001610,5.497787,0.000014,-0.007498,-0.022691,-0.022810,3.141593
17655.0,0.000039,0.007014,0.001070,0.001563,5.497787,0.000000,0.012283,-0.023571,-0.023740,3.141593
17660.0,-0.000004,0.010457,0.000904,0.000047,5.497787,-0.000043,-0.006248,-0.022767,-0.022327,3.141593
17665.0,0.000050,0.004145,0.001199,0.001563,5.497787,0.000000,0.003928,-0.023220,-0.022810,3.141593
17670.0,0.000093,-0.001344,0.001456,0.001610,5.497787,0.000086,0.003120,-0.023152,-0.022810,3.141593
17675.0,0.000032,-0.008446,0.001759,0.001610,5.497787,-0.000029,0.008525,-0.023419,-0.023257,3.141593
17680.0,0.000161,-0.009476,0.001838,0.000828,5.497787,0.000057,-0.001571,-0.022949,-0.023257,3.141593
17685.0,-0.000004,-0.003015,0.001511,0.000828,5.497787,0.000014,-0.008520,-0.022638,-0.022810,3.141593
17690.0,0.000104,-0.018036,0.002208,0.002391,5.497787,0.000043,0.000314,-0.023004,-0.022810,3.141593
17695.0,0.000072,0.006366,0.001115,0.001610,5.497787,0.000072,-0.004676,-0.022755,-0.022327,3.141593
17700.0,0.000029,0.002915,0.001259,0.001610,5.497787,-0.000043,-0.003890,-0.022817,-0.023257,3.141593
17705.0,0.000043,-0.001625,0.001466,0.001610,5.497787,-0.000014,0.002523,-0.023099,-0.022810,3.141593
17710.0,-0.000014,-0.007140,0.001697,0.001610,5.497787,0.000043,-0.008252,-0.022588,-0.022810,3.141593
17715.0,0.000000,-0.000746,0.001414,0.001610,5.497787,-0.000086,0.000234,-0.022996,-0.022327,3.141593
17720.0,0.000032,0.005605,0.001138,0.001610,5.497787,-0.000100,-0.003773,-0.022852,-0.021397,3.141593
17725.0,0.000018,0.007338,0.001055,0.000828,5.497787,-0.000100,0.024483,-0.024151,-0.024671,3.141593
17730.0,0.000064,-0.013033,0.001976,0.002391,5.497787,0.000014,0.011498,-0.023559,-0.024223,3.141593
17735.0,0.000075,0.007058,0.001084,0.000828,5.497787,0.000086,-0.010678,-0.022530,-0.021880,3.141593
17740.0,-0.000004,-0.001226,0.001434,0.002391,5.497787,-0.000043,-0.005682,-0.022782,-0.023740,3.141593
17745.0,0.000014,-0.011529,0.001897,0.001610,5.497787,0.000086,0.001653,-0.023062,-0.023740,3.141593
17750.0,0.000068,-0.005374,0.001635,0.000828,5.497787,-0.000029,0.017321,-0.023776,-0.023257,3.141593
17755.0,0.000075,0.003559,0.001240,0.001610,5.497787,0.000014,-0.001493,-0.022947,-0.022810,3.141593
17760.0,0.000050,-0.003923,0.001569,0.001610,5.497787,-0.000043,0.010960,-0.023519,-0.022810,3.141593
17765.0,0.000057,0.002235,0.001296,0.001610,5.497787,-0.000014,0.020402,-0.023945,-0.023257,3.141593
17770.0,0.000054,-0.007435,0.001726,0.001610,5.497787,0.000000,0.000900,-0.023085,-0.022327,3.141593
17775.0,0.000061,-0.000485,0.001419,0.000828,5.497787,0.000100,0.000809,-0.023042,-0.022327,3.141593
17780.0,0.000032,0.003441,0.001237,0.001610,5.497787,0.000029,0.003280,-0.023143,-0.021880,3.141593
17785.0,0.000075,0.008480,0.001023,0.000828,5.497787,-0.000014,-0.007385,-0.022691,-0.023257,3.141593
17790.0,-0.000046,0.008691,0.000983,0.000828,5.497787,0.000043,0.001408,-0.023045,-0.023740,3.141593
17795.0,-0.000004,-0.003782,0.001547,0.001610,5.497787,-0.000057,0.002342,-0.023106,-0.022810,3.141593
17800.0,0.000050,-0.001913,0.001476,0.001656,5.497787,-0.000014,0.006105,-0.023278,-0.024223,3.141593
17805.0,0.000061,-0.011976,0.001927,0.001610,5.497787,0.000114,-0.013385,-0.022359,-0.023257,3.141593
17810.0,0.000061,0.005789,0.001136,0.000828,5.497787,0.000057,0.017115,-0.023683,-0.023740,3.141593
17815.0,0.000039,-0.002003,0.001480,0.001563,5.497787,-0.000086,-0.005211,-0.022742,-0.024223,3.141593
17820.0,0.000061,0.000724,0.001365,0.001610,5.497787,0.000057,-0.003079,-0.022803,-0.022810,3.141593
17825.0,0.000057,-0.008513,0.001776,0.001610,5.497787,-0.000057,-0.002385,-0.022871,-0.022810,3.141593
17830.0,0.000018,0.007791,0.001041,0.001516,5.497787,-0.000014,-0.001359,-0.022902,-0.023257,3.141593
17835.0,0.000043,-0.004033,0.001573,0.001610,5.497787,0.000014,0.004234,-0.023123,-0.024223,3.141593
17840.0,0.000097,0.001694,0.001333,0.001610,5.497787,-0.000057,0.015957,-0.023652,-0.023740,3.141593
17845.0,0.000032,0.005382,0.001154,0.001610,5.497787,-0.000057,0.008878,-0.023350,-0.023740,3.141593
17850.0,0.000057,-0.006262,0.001679,0.001610,5.497787,-0.000014,0.001986,-0.023039,-0.023257,3.141593
17855.0,-0.000004,0.009254,0.000972,0.000828,5.497787,0.000014,0.003472,-0.023103,-0.021844,3.141593
17860.0,0.000079,0.000361,0.001389,0.001610,5.497787,-0.000072,-0.015689,-0.022305,-0.022810,3.141593
17865.0,0.000054,0.006333,0.001119,0.001610,5.497787,-0.000114,0.009312,-0.023444,-0.023740,3.141593
17870.0,0.000072,-0.001752,0.001484,0.000828,5.497787,0.000014,-0.001322,-0.022951,-0.022327,3.141593
17875.0,0.000107,0.006345,0.001134,0.001610,5.497787,0.000057,0.003578,-0.023163,-0.022327,3.141593
17880.0,0.000036,-0.001615,0.001473,0.000828,5.497787,-0.000029,0.000070,-0.023032,-0.023740,3.141593
17885.0,-0.000025,0.001817,0.001304,0.001610,5.497787,-0.000057,0.005602,-0.023282,-0.022810,3.141593
17890.0,0.000000,0.015704,0.000689,0.000828,5.497787,0.000014,0.001313,-0.023089,-0.023740,3.141593
17895.0,0.000014,0.003386,0.001241,0.001563,5.497787,0.000086,0.010489,-0.023450,-0.022810,3.141593
17900.0,0.000032,0.005092,0.001171,0.000828,5.497787,0.000014,0.009855,-0.023441,-0.023740,3.141593
17905.0,0.000143,0.000059,0.001426,0.001610,5.497787,0.000014,-0.013882,-0.022396,-0.021880,3.141593
17910.0,-0.000004,0.005074,0.001168,0.000828,5.497787,-0.000057,0.007069,-0.023350,-0.023740,3.141593
17915.0,0.000107,-0.000219,0.001432,0.001610,5.497787,-0.000029,-0.003420,-0.022884,-0.022810,3.141593
17920.0,0.000014,0.005661,0.001148,0.001610,5.497787,-0.000014,-0.000034,-0.023043,-0.022327,3.141593
17925.0,-0.000004,0.008775,0.001004,0.000781,5.497787,0.000114,-0.022572,-0.022001,-0.021880,3.141593
17930.0,0.000050,-0.000271,0.001421,0.001563,5.497787,-0.000086,-0.001781,-0.022975,-0.022810,3.141593
17935.0,0.000000,0.000974,0.001353,0.000828,5.497787,-0.000014,-0.006443,-0.022764,-0.022810,3.141593
17940.0,0.000057,0.007280,0.001085,0.001610,5.497787,0.000072,-0.006239,-0.022736,-0.023740,3.141593
17945.0,0.000021,-0.004108,0.001583,0.001610,5.497787,0.000014,-0.003865,-0.022834,-0.022327,3.141593
17950.0,0.000075,-0.013111,0.001999,0.001610,5.497787,0.000086,-0.008099,-0.022610,-0.022810,3.141593
17955.0,0.000007,0.003071,0.001263,0.000781,5.497787,-0.000086,-0.000510,-0.022997,-0.022810,3.141593
17960.0,0.000029,0.005862,0.001144,0.000828,5.497787,-0.000014,0.019574,-0.023876,-0.024187,3.141593
17965.0,-0.000007,0.007815,0.001047,0.001610,5.497787,0.000086,-0.001680,-0.022913,-0.022810,3.141593
17970.0,0.000082,-0.003405,0.001566,0.001610,5.497787,-0.000014,0.021346,-0.023955,-0.024223,3.141593
17975.0,0.000054,-0.001053,0.001455,0.001610,5.497787,-0.000072,0.004569,-0.023237,-0.023740,3.141593
17980.0,0.000050,0.001311,0.001350,0.001610,5.497787,-0.000057,0.009384,-0.023451,-0.023740,3.141593
17985.0,-0.000025,-0.000724,0.001420,0.000781,5.497787,0.000029,0.009530,-0.023429,-0.023257,3.141593
17990.0,0.000111,0.001471,0.001356,0.001610,5.497787,0.000014,0.010866,-0.023489,-0.024223,3.141593
17995.0,0.000036,0.003248,0.001258,0.001610,5.497787,0.000014,-0.004774,-0.022792,-0.022810,3.141593
18000.0,0.000064,0.003287,0.001262,0.001610,5.497787,0.000057,0.002897,-0.023126,-0.023740,3.141593
18005.0,0.000039,0.005705,0.001148,0.001610,5.497787,-0.000029,0.019387,-0.023867,-0.024671,3.141593
18010.0,0.000107,-0.004439,0.001616,0.001610,5.497787,0.000043,-0.001556,-0.022911,-0.023257,3.141593
18015.0,0.000064,-0.000712,0.001439,0.001610,5.497787,-0.000057,-0.004396,-0.022827,-0.021844,3.141593
18020.0,0.000050,0.001568,0.001336,0.001610,5.497787,-0.000014,-0.000128,-0.023018,-0.023257,3.141593
18025.0,0.000029,0.002192,0.001303,0.001610,5.497787,-0.000029,0.012612,-0.023592,-0.024187,3.141593
18030.0,0.000043,0.003181,0.001262,0.000781,5.497787,0.000086,-0.009426,-0.022576,-0.022810,3.141593
18035.0,0.000039,0.005641,0.001152,0.000828,5.497787,-0.000014,-0.004801,-0.022812,-0.023257,3.141593
18040.0,0.000025,0.008240,0.001032,0.000828,5.497787,-0.000014,0.009618,-0.023446,-0.023740,3.141593
18045.0,0.000068,-0.000606,0.001437,0.001563,5.497787,0.000014,-0.021730,-0.022053,-0.021397,3.141593
18050.0,-0.000011,-0.000719,0.001421,0.000047,5.497787,0.000057,0.003711,-0.023154,-0.023257,3.141593
18055.0,0.000075,0.004020,0.001233,0.001563,5.497787,-0.000043,0.004789,-0.023218,-0.023257,3.141593
18060.0,0.000093,0.007524,0.001082,0.000047,5.497787,-0.000086,0.016385,-0.023769,-0.023257,3.141593
18065.0,0.000036,0.001401,0.001342,0.001656,5.497787,0.000014,-0.017330,-0.022273,-0.020913,3.141593
18070.0,0.000004,0.004309,0.001204,0.001563,5.497787,0.000086,-0.020816,-0.022109,-0.022327,3.141593
18075.0,0.000018,0.005020,0.001175,0.000781,5.497787,0.000072,-0.001634,-0.022931,-0.023740,3.141593
18080.0,0.000075,-0.006236,0.001691,0.001563,5.497787,-0.000029,0.007835,-0.023363,-0.022810,3.141593
18085.0,0.000007,0.008318,0.001025,0.000828,5.497787,-0.000014,-0.009162,-0.022626,-0.022810,3.141593
18090.0,0.000068,-0.001748,0.001489,0.000828,5.497787,-0.000043,0.003460,-0.023198,-0.022774,3.141593
18095.0,0.000075,0.000712,0.001382,0.001610,5.497787,0.000000,-0.014326,-0.022414,-0.022810,3.141593
18100.0,0.000054,0.003447,0.001255,0.000828,5.497787,0.000043,-0.005155,-0.022786,-0.022327,3.141593
18105.0,0.000050,-0.004929,0.001630,0.001610,5.497787,-0.000114,0.004648,-0.023287,-0.023740,3.141593
18110.0,0.000021,0.009920,0.000961,0.000828,5.497787,-0.000029,-0.006353,-0.022786,-0.023293,3.141593
18115.0,0.000064,-0.000409,0.001431,0.001610,5.497787,-0.000072,0.004204,-0.023272,-0.023257,3.141593
18120.0,0.000054,0.003629,0.001250,0.001610,5.497787,-0.000043,-0.000318,-0.023082,-0.023740,3.141593
18125.0,0.000111,-0.003751,0.001594,0.002391,5.497787,0.000057,-0.000675,-0.023029,-0.022810,3.141593
18130.0,0.000025,-0.001890,0.001489,0.001610,5.497787,0.000014,-0.004402,-0.022885,-0.022327,3.141593
18135.0,-0.000018,-0.000841,0.001432,0.000828,5.497787,0.000100,-0.002078,-0.022944,-0.023740,3.141593
18140.0,0.000054,-0.011122,0.001907,0.002391,5.497787,-0.000114,0.004840,-0.023304,-0.022810,3.141593
18145.0,0.000082,-0.007667,0.001760,0.001610,5.497787,0.000014,-0.010422,-0.022598,-0.022327,3.141593
18150.0,0.000018,0.008060,0.001045,0.000828,5.497787,0.000043,-0.007736,-0.022695,-0.022810,3.141593
18155.0,0.000118,-0.011345,0.001936,0.001610,5.497787,0.000057,0.004062,-0.023190,-0.023740,3.141593
18160.0,0.000061,-0.002912,0.001549,0.002391,5.497787,-0.000057,-0.000352,-0.023012,-0.022810,3.141593
18165.0,-0.000043,-0.003063,0.001530,0.001610,5.497787,-0.000014,-0.007833,-0.022678,-0.023257,3.141593
18170.0,-0.000007,-0.002887,0.001529,0.000828,5.497787,-0.000057,0.012299,-0.023604,-0.023740,3.141593
18175.0,0.000050,-0.002440,0.001521,0.001610,5.497787,-0.000143,0.013917,-0.023727,-0.022327,3.141593
18180.0,0.000089,0.001270,0.001365,0.000828,5.497787,0.000043,-0.000199,-0.023080,-0.022810,3.141593
18185.0,0.000114,-0.004567,0.001635,0.002391,5.497787,0.000029,-0.000522,-0.023053,-0.023740,3.141593
18190.0,0.000043,-0.003416,0.001567,0.001610,5.497787,0.000057,0.001377,-0.023104,-0.022327,3.141593
18195.0,0.000000,-0.001608,0.001476,0.000828,5.497787,-0.000072,0.015640,-0.023765,-0.023257,3.141593
18200.0,-0.000007,-0.002813,0.001528,0.000828,5.497787,0.000072,-0.008127,-0.022682,-0.022810,3.141593
18205.0,0.000093,0.001392,0.001365,0.001610,5.497787,0.000043,-0.013440,-0.022442,-0.021397,3.141593
18210.0,0.000043,0.004841,0.001200,0.001610,5.497787,-0.000057,-0.001277,-0.023018,-0.022810,3.141593
18215.0,0.000014,0.006532,0.001119,0.000828,5.497787,-0.000014,-0.011609,-0.022559,-0.022810,3.141593
18220.0,0.000025,-0.004433,0.001609,0.000828,5.497787,0.000100,-0.018027,-0.022227,-0.022810,3.141593
18225.0,0.000097,0.002462,0.001321,0.001563,5.497787,0.000057,-0.003448,-0.022840,-0.023257,3.141593
18230.0,0.000050,0.005178,0.001189,0.001610,5.497787,0.000029,0.002440,-0.023093,-0.023740,3.141593
18235.0,0.000086,-0.002324,0.001534,0.001610,5.497787,0.000014,0.000776,-0.023011,-0.023740,3.141593
18240.0,0.000054,-0.010337,0.001884,0.001610,5.497787,-0.000014,0.006783,-0.023278,-0.022810,3.141593
18245.0,0.000036,0.006757,0.001119,0.000828,5.497787,-0.000086,0.001724,-0.023083,-0.023740,3.141593
18250.0,0.000000,-0.000941,0.001452,0.000000,5.497787,0.000043,-0.001717,-0.022895,-0.022810,3.141593
18255.0,0.000093,-0.005868,0.001696,0.001610,5.497787,-0.000114,-0.000276,-0.023010,-0.023740,3.141593
18260.0,0.000054,0.000193,0.001418,0.001610,5.497787,-0.000043,0.015892,-0.023714,-0.023257,3.141593
18265.0,0.000032,0.006014,0.001153,0.000828,5.497787,-0.000072,0.005937,-0.023304,-0.023740,3.141593
18270.0,-0.000014,0.008395,0.001035,0.001563,5.497787,0.000086,0.000087,-0.022997,-0.023257,3.141593
18275.0,0.000100,0.000961,0.001395,0.001610,5.497787,0.000086,0.007290,-0.023287,-0.022810,3.141593
18280.0,0.000050,-0.004963,0.001650,0.001610,5.497787,0.000014,0.004213,-0.023161,-0.022810,3.141593
18285.0,0.000000,-0.000493,0.001438,0.001656,5.497787,0.000029,-0.014154,-0.022343,-0.022810,3.141593
18290.0,0.000007,0.000316,0.001402,0.000828,5.497787,-0.000029,0.002976,-0.023114,-0.023257,3.141593
18295.0,0.000046,0.004799,0.001213,0.000828,5.497787,-0.000057,-0.001798,-0.022917,-0.023740,3.141593
18300.0,0.000011,0.007016,0.001106,0.001610,5.497787,-0.000057,0.008512,-0.023373,-0.022810,3.141593
18305.0,0.000075,-0.002187,0.001532,0.001610,5.497787,-0.000057,0.007236,-0.023337,-0.023740,3.141593
18310.0,0.000061,0.003717,0.001268,0.001563,5.497787,0.000014,0.009509,-0.023414,-0.023257,3.141593
18315.0,0.000061,0.006756,0.001133,0.000093,5.497787,0.000000,0.003695,-0.023161,-0.023740,3.141593
18320.0,0.000007,-0.000968,0.001466,0.000828,5.497787,0.000072,-0.004763,-0.022739,-0.022327,3.141593
18325.0,0.000079,-0.006437,0.001728,0.002391,5.497787,-0.000029,0.005388,-0.023219,-0.023740,3.141593
18330.0,0.000036,0.008294,0.001062,0.000828,5.497787,-0.000114,0.007470,-0.023342,-0.023740,3.141593
18335.0,0.000000,-0.001403,0.001484,0.000828,5.497787,-0.000029,0.007229,-0.023327,-0.023740,3.141593
18340.0,0.000054,-0.010253,0.001891,0.001610,5.497787,0.000057,0.010836,-0.023449,-0.022810,3.141593
18345.0,0.000043,0.005795,0.001174,0.001610,5.497787,-0.000215,0.013899,-0.023690,-0.023257,3.141593
18350.0,0.000050,-0.005736,0.001690,0.001610,5.497787,0.000029,-0.006941,-0.022739,-0.022810,3.141593
18355.0,0.000025,-0.002659,0.001547,0.000828,5.497787,0.000057,0.002905,-0.023146,-0.022327,3.141593
18360.0,0.000061,0.000283,0.001426,0.001610,5.497787,0.000057,-0.017688,-0.022225,-0.021880,3.141593
18365.0,-0.000032,0.012491,0.000859,0.000781,5.497787,0.000057,-0.007759,-0.022649,-0.022810,3.141593
18370.0,0.000050,-0.001084,0.001481,0.001610,5.497787,-0.000043,0.016255,-0.023736,-0.023740,3.141593
18375.0,-0.000007,-0.001815,0.001499,0.000828,5.497787,-0.000129,0.004224,-0.023251,-0.023257,3.141593
18380.0,0.000093,0.001798,0.001362,0.001563,5.497787,0.000072,-0.018516,-0.022197,-0.021880,3.141593
18385.0,0.000039,-0.009653,0.001859,0.000828,5.497787,0.000072,0.000141,-0.022989,-0.022810,3.141593
18390.0,0.000086,0.009561,0.001018,0.001563,5.497787,-0.000157,0.012609,-0.023618,-0.023257,3.141593
18395.0,0.000057,-0.000017,0.001438,0.001610,5.497787,-0.000014,0.014218,-0.023684,-0.024671,3.141593
18400.0,0.000043,0.001549,0.001366,0.001610,5.497787,0.000100,-0.005240,-0.022764,-0.022327,3.141593
18405.0,0.000046,0.004986,0.001215,0.001610,5.497787,0.000100,-0.007017,-0.022655,-0.023740,3.141593
18410.0,0.000118,-0.011586,0.001975,0.002391,5.497787,0.000029,0.008528,-0.023324,-0.023740,3.141593
18415.0,-0.000004,0.004699,0.001219,0.001610,5.497787,-0.000043,0.012043,-0.023504,-0.023740,3.141593
18420.0,0.000043,0.004133,0.001253,0.001610,5.497787,-0.000143,-0.000299,-0.023025,-0.023740,3.141593
18425.0,0.000097,-0.003602,0.001612,0.000828,5.497787,-0.000014,0.012992,-0.023588,-0.023257,3.141593
18430.0,-0.000018,0.012260,0.000878,0.000828,5.497787,0.000014,-0.004596,-0.022809,-0.023257,3.141593
18435.0,0.000039,0.002649,0.001319,0.001610,5.497787,-0.000043,0.022763,-0.024047,-0.023740,3.141593
18440.0,0.000029,0.004583,0.001230,0.000781,5.497787,-0.000014,-0.004205,-0.022863,-0.023257,3.141593
18445.0,0.000039,-0.004985,0.001661,0.000828,5.497787,0.000072,-0.003975,-0.022834,-0.022810,3.141593
18450.0,0.000018,-0.002957,0.001566,0.000828,5.497787,0.000014,0.004012,-0.023184,-0.023740,3.141593
18455.0,0.000068,-0.011159,0.001944,0.002391,5.497787,-0.000014,-0.003201,-0.022867,-0.023257,3.141593
18460.0,0.000075,0.004763,0.001237,0.001563,5.497787,0.000057,0.005373,-0.023217,-0.023257,3.141593
18465.0,0.000072,-0.006144,0.001722,0.002391,5.497787,0.000014,-0.020311,-0.022071,-0.021397,3.141593
18470.0,0.000050,-0.003701,0.001608,0.001656,5.497787,0.000000,-0.003680,-0.022811,-0.023257,3.141593
18475.0,0.000007,0.009992,0.000986,0.000828,5.497787,0.000014,0.007624,-0.023300,-0.025154,3.141593
18480.0,0.000061,-0.001757,0.001522,0.001610,5.497787,-0.000014,0.005230,-0.023191,-0.023257,3.141593
18485.0,-0.000025,0.009307,0.001007,0.001610,5.497787,-0.000057,0.005276,-0.023221,-0.023740,3.141593
18490.0,0.000043,-0.008123,0.001798,0.001610,5.497787,0.000057,0.002440,-0.023048,-0.022810,3.141593
18495.0,0.000046,0.004315,0.001246,0.001610,5.497787,-0.000043,0.004688,-0.023184,-0.022327,3.141593
18500.0,0.000025,0.001254,0.001377,0.001610,5.497787,-0.000043,-0.004301,-0.022802,-0.022327,3.141593
18505.0,15.708082,0.001111,0.711750,0.682296,5.497787,-0.000029,0.015826,-0.023710,-0.023740,3.141593
18510.0,15.383077,15.798371,0.023689,0.025787,5.490501,-0.000057,0.012697,-0.023597,-0.023740,3.141593
18515.0,14.849610,15.977370,-0.019041,-0.015370,5.481297,-0.000043,-0.001134,-0.023006,-0.021844,3.141593
18520.0,14.339433,14.930392,-0.004846,-0.004056,5.473627,0.000114,-0.011912,-0.022489,-0.022810,3.141593
18525.0,13.889715,14.381073,-0.001764,-0.002462,5.465957,0.000072,-0.002729,-0.022883,-0.024223,3.141593
18530.0,13.448606,13.834006,0.000621,0.000888,5.459054,0.000000,0.008975,-0.023386,-0.023257,3.141593
18535.0,13.047309,13.197190,0.013647,0.014320,5.452151,-0.000014,0.009183,-0.023408,-0.022810,3.141593
18540.0,12.631670,13.114171,-0.003535,-0.003643,5.445249,-0.000086,-0.005381,-0.022819,-0.023740,3.141593
18545.0,12.230244,12.520792,0.002894,0.003674,5.438729,0.000100,0.003723,-0.023155,-0.022810,3.141593
18550.0,11.873507,11.850979,0.020686,0.020152,5.432977,0.000014,-0.004334,-0.022816,-0.021844,3.141593
18555.0,11.531249,11.573698,0.022299,0.021462,5.427224,-0.000029,-0.000122,-0.023029,-0.023740,3.141593
18560.0,11.174369,11.434855,0.012458,0.012583,5.421088,0.000072,0.000303,-0.023015,-0.022810,3.141593
18565.0,10.843352,10.879397,0.025027,0.025124,5.415720,-0.000014,0.001380,-0.023082,-0.023740,3.141593
18570.0,10.520650,10.557616,0.027227,0.025108,5.410734,0.000057,-0.007225,-0.022682,-0.022327,3.141593
18575.0,10.220568,10.177735,0.035360,0.034570,5.405748,-0.000014,0.021245,-0.023967,-0.024187,3.141593
18580.0,9.930081,10.047064,0.032906,0.032348,5.400763,-0.000014,-0.001526,-0.022959,-0.021844,3.141593
18585.0,9.641912,9.612937,0.042818,0.042712,5.395778,0.000014,0.002160,-0.023132,-0.022810,3.141593
18590.0,9.355545,9.480116,0.038089,0.037775,5.391176,0.000043,0.001419,-0.023089,-0.022810,3.141593
18595.0,9.073269,9.175410,0.040317,0.040815,5.386574,0.000072,0.000646,-0.023040,-0.023740,3.141593
18600.0,8.811979,8.717173,0.052575,0.052134,5.382355,0.000014,0.011062,-0.023491,-0.022327,3.141593
18605.0,8.548747,8.679282,0.044210,0.045822,5.377753,-0.000014,-0.005465,-0.022780,-0.021397,3.141593
18610.0,8.273324,8.456856,0.039752,0.038893,5.373151,0.000072,-0.006102,-0.022726,-0.022810,3.141593
18615.0,8.016537,8.061888,0.045677,0.045194,5.368933,0.000014,-0.011399,-0.022493,-0.022327,3.141593
18620.0,7.766222,7.830846,0.044337,0.045737,5.364715,0.000043,-0.001864,-0.022894,-0.022327,3.141593
18625.0,7.527963,7.739313,0.038131,0.038348,5.360879,0.000057,-0.005397,-0.022719,-0.022327,3.141593
18630.0,7.313046,7.133419,0.058799,0.059240,5.357428,-0.000014,0.005349,-0.023203,-0.023740,3.141593
18635.0,7.116859,7.011709,0.060983,0.061499,5.353977,-0.000043,-0.000351,-0.022958,-0.022810,3.141593
18640.0,6.899529,7.091358,0.048246,0.050039,5.350142,-0.000086,-0.008231,-0.022637,-0.021880,3.141593
18645.0,6.689225,6.775103,0.053486,0.053257,5.347074,0.000043,0.013025,-0.023555,-0.022327,3.141593
18650.0,6.486046,6.639681,0.051140,0.051583,5.343239,0.000014,-0.002481,-0.022878,-0.022327,3.141593
18655.0,6.286887,6.247164,0.059969,0.058020,5.340171,0.000000,-0.009674,-0.022556,-0.022810,3.141593
18660.0,6.108838,6.070429,0.062907,0.062883,5.337486,-0.000057,-0.003388,-0.022846,-0.023740,3.141593
18665.0,5.928945,5.975888,0.060755,0.059698,5.334035,-0.000029,0.012372,-0.023532,-0.023257,3.141593
18670.0,5.731040,5.934132,0.051086,0.051708,5.330584,0.000014,-0.003949,-0.022819,-0.022327,3.141593
18675.0,5.542212,5.647088,0.053288,0.052544,5.327899,0.000086,-0.002460,-0.022859,-0.022327,3.141593
18680.0,5.361532,5.497518,0.050190,0.051021,5.324831,-0.000043,0.005679,-0.023249,-0.023740,3.141593
18685.0,5.196004,5.216263,0.055387,0.054441,5.322146,-0.000057,-0.004092,-0.022830,-0.023740,3.141593
18690.0,5.033433,5.130312,0.051642,0.052249,5.319078,-0.000043,0.025007,-0.024115,-0.024671,3.141593
18695.0,4.869715,4.903617,0.052942,0.052406,5.316394,-0.000014,-0.007110,-0.022700,-0.022810,3.141593
18700.0,4.706744,4.687917,0.052999,0.051700,5.314093,-0.000043,0.020850,-0.023947,-0.023740,3.141593
18705.0,4.558103,4.663461,0.046920,0.046077,5.311409,0.000000,-0.007505,-0.022711,-0.022810,3.141593
18710.0,4.418603,4.477705,0.049259,0.048734,5.309108,0.000072,-0.000797,-0.022979,-0.022327,3.141593
18715.0,4.272823,4.315982,0.048293,0.048275,5.306807,0.000086,0.000593,-0.023019,-0.023257,3.141593
18720.0,4.139128,4.233812,0.045732,0.046720,5.304506,-0.000014,0.009489,-0.023427,-0.023257,3.141593
18725.0,4.008497,4.127469,0.044181,0.044265,5.302205,0.000086,-0.004523,-0.022774,-0.022327,3.141593
18730.0,3.873453,3.750628,0.052884,0.052133,5.300287,-0.000086,0.002012,-0.023115,-0.021880,3.141593
18735.0,3.763990,3.708805,0.051801,0.052132,5.298370,-0.000086,0.008202,-0.023430,-0.024671,3.141593
18740.0,3.650640,3.623691,0.051119,0.051497,5.296453,0.000114,-0.004820,-0.022775,-0.022327,3.141593
18745.0,3.536986,3.542773,0.049530,0.050256,5.294535,0.000029,-0.018326,-0.022185,-0.021880,3.141593
18750.0,3.423321,3.454033,0.047638,0.047820,5.292617,0.000072,-0.000251,-0.022948,-0.023740,3.141593
18755.0,3.316641,3.139816,0.056728,0.057579,5.291083,0.000000,0.003146,-0.023104,-0.022810,3.141593
18760.0,3.217274,3.247766,0.048112,0.048135,5.289166,-0.000057,0.005121,-0.023204,-0.023257,3.141593
18765.0,3.130245,2.929242,0.060711,0.060668,5.287632,0.000014,-0.011603,-0.022460,-0.022810,3.141593
18770.0,3.025385,3.002367,0.051296,0.052150,5.286098,-0.000157,0.003040,-0.023190,-0.022810,3.141593
18775.0,2.922084,3.030654,0.043652,0.044558,5.284181,-0.000086,0.000760,-0.023115,-0.023740,3.141593
18780.0,2.828279,2.856836,0.046597,0.047328,5.283030,0.000072,-0.002060,-0.022940,-0.023257,3.141593
18785.0,2.754393,2.707494,0.052474,0.052499,5.281496,0.000000,-0.010861,-0.022558,-0.022810,3.141593
18790.0,2.661753,2.655939,0.049258,0.049554,5.280345,0.000000,0.003713,-0.023195,-0.023740,3.141593
18795.0,2.585506,2.514000,0.053324,0.054186,5.278811,-0.000029,-0.006860,-0.022734,-0.023257,3.141593
18800.0,2.501643,2.517055,0.048728,0.049018,5.277661,-0.000014,0.006776,-0.023326,-0.023740,3.141593
18805.0,2.416985,2.524989,0.043279,0.043852,5.275743,0.000072,0.000686,-0.023018,-0.022327,3.141593
18810.0,2.339888,2.310735,0.048945,0.048494,5.274977,-0.000086,-0.001290,-0.022973,-0.022327,3.141593
18815.0,2.276130,2.319489,0.047329,0.047053,5.273826,-0.000057,-0.006862,-0.022743,-0.021880,3.141593
18820.0,2.210834,2.323889,0.045195,0.044263,5.272676,0.000143,-0.014258,-0.022349,-0.022327,3.141593
18825.0,2.140446,2.219671,0.046346,0.045129,5.271525,0.000014,-0.005449,-0.022751,-0.023257,3.141593
18830.0,2.062984,2.118270,0.045347,0.047482,5.269991,0.000014,-0.019838,-0.022112,-0.023293,3.141593
18835.0,1.992095,2.000873,0.046111,0.047928,5.268841,-0.000043,0.011684,-0.023508,-0.023740,3.141593
18840.0,1.940274,1.227639,0.051484,0.050244,5.268074,-0.000072,0.016344,-0.023743,-0.024223,3.141593
18845.0,1.900227,1.302662,0.050248,0.049787,5.267307,0.000057,-0.006845,-0.022685,-0.022810,3.141593
18850.0,1.854351,1.334313,0.049890,0.050248,5.266540,-0.000043,0.023267,-0.024040,-0.025118,3.141593
18855.0,1.804161,1.360164,0.048903,0.049317,5.265773,0.000000,0.008559,-0.023374,-0.023740,3.141593
18860.0,1.757348,1.341972,0.049736,0.050246,5.265006,0.000100,0.003988,-0.023131,-0.022327,3.141593
18865.0,1.715169,1.362598,0.049081,0.049789,5.264622,-0.000014,0.005176,-0.023209,-0.023740,3.141593
18870.0,1.674929,1.381954,0.048367,0.046998,5.263855,0.000086,0.001921,-0.023015,-0.021397,3.141593
18875.0,1.634030,1.467771,0.044595,0.044207,5.263088,-0.000086,0.015083,-0.023665,-0.023740,3.141593
18880.0,1.588554,1.477872,0.043445,0.042832,5.262321,0.000043,-0.016584,-0.022238,-0.021880,3.141593
18885.0,1.549473,1.272408,0.052038,0.052134,5.261554,0.000072,0.000280,-0.022962,-0.022810,3.141593
18890.0,1.495249,1.455433,0.042080,0.041904,5.260787,0.000100,0.005767,-0.023167,-0.022810,3.141593
18895.0,1.457670,1.237657,0.050942,0.050770,5.260020,-0.000014,-0.005901,-0.022670,-0.022327,3.141593
18900.0,1.413260,1.260267,0.048592,0.048487,5.259254,-0.000014,-0.003408,-0.022789,-0.024223,3.141593
18905.0,1.383569,1.071035,0.056647,0.055923,5.258870,0.000057,-0.017869,-0.022101,-0.022810,3.141593
18910.0,1.337564,1.399919,0.040641,0.040549,5.258103,-0.000057,0.004108,-0.023093,-0.023740,3.141593
18915.0,1.291280,1.357774,0.040558,0.040135,5.257336,-0.000072,0.013424,-0.023531,-0.021844,3.141593
18920.0,1.252377,1.149980,0.048214,0.048906,5.256952,-0.000043,-0.005816,-0.022712,-0.023257,3.141593
18925.0,1.228094,1.073336,0.051458,0.051278,5.256186,0.000114,-0.006802,-0.022591,-0.021844,3.141593
18930.0,1.188905,1.156069,0.046376,0.047565,5.255802,0.000000,-0.001434,-0.022848,-0.021880,3.141593
18935.0,1.150882,1.181321,0.043771,0.042925,5.255035,-0.000057,0.004945,-0.023173,-0.022327,3.141593
18940.0,1.119375,1.074398,0.047492,0.048091,5.254268,-0.000114,0.007275,-0.023329,-0.023257,3.141593
18945.0,1.075408,1.100164,0.044155,0.044383,5.253884,-0.000029,0.002801,-0.023121,-0.023740,3.141593
18950.0,1.046376,0.975037,0.048662,0.048090,5.253501,0.000143,-0.007410,-0.022594,-0.021397,3.141593
18955.0,1.020412,0.890181,0.051617,0.051406,5.252734,-0.000014,0.001128,-0.023008,-0.022810,3.141593
18960.0,0.979822,1.005923,0.044458,0.044381,5.251967,0.000029,0.008289,-0.023318,-0.022327,3.141593
18965.0,0.950511,0.809695,0.051778,0.051024,5.251584,0.000029,0.007252,-0.023273,-0.022810,3.141593
18970.0,0.920534,0.973666,0.043354,0.042527,5.251200,0.000057,0.001091,-0.022983,-0.022327,3.141593
18975.0,0.880623,1.090304,0.035976,0.035126,5.250433,-0.000057,-0.008076,-0.022624,-0.022810,3.141593
18980.0,0.846033,0.928291,0.041074,0.041227,5.250050,0.000014,-0.011001,-0.022485,-0.022327,3.141593
18985.0,0.827529,0.857972,0.043617,0.042520,5.249666,-0.000114,-0.000441,-0.023003,-0.023740,3.141593
18990.0,0.805485,0.853683,0.043000,0.041784,5.249282,0.000014,-0.003291,-0.022848,-0.022810,3.141593
18995.0,0.782905,0.844726,0.042538,0.041786,5.248899,0.000072,-0.010947,-0.022476,-0.022810,3.141593
19000.0,0.760167,0.822159,0.042610,0.040502,5.248516,-0.000014,0.003814,-0.023145,-0.023257,3.141593
19005.0,0.728259,0.789692,0.042225,0.042712,5.248132,0.000000,0.003938,-0.023138,-0.023257,3.141593
19010.0,0.708318,0.740730,0.043631,0.043635,5.247748,-0.000072,0.001015,-0.023038,-0.023740,3.141593
19015.0,0.679350,0.691359,0.044061,0.043280,5.247365,0.000086,-0.004097,-0.022754,-0.022810,3.141593
19020.0,0.674751,0.515200,0.052341,0.051581,5.246982,0.000000,-0.003737,-0.022787,-0.021880,3.141593
19025.0,0.654395,0.577698,0.048808,0.047892,5.246598,-0.000057,0.008698,-0.023361,-0.023257,3.141593
19030.0,0.619555,0.750780,0.039086,0.039947,5.246214,-0.000057,0.003908,-0.023170,-0.023257,3.141593
19035.0,0.588527,0.633612,0.042117,0.042364,5.245831,-0.000086,-0.001228,-0.022962,-0.022810,3.141593
19040.0,0.583627,0.473026,0.049444,0.049041,5.245831,0.000014,-0.011401,-0.022489,-0.021880,3.141593
19045.0,0.565059,0.539352,0.045775,0.046048,5.245064,-0.000086,-0.013537,-0.022449,-0.022810,3.141593
19050.0,0.540733,0.507487,0.045696,0.045126,5.244680,0.000086,-0.001409,-0.022932,-0.022810,3.141593
19055.0,0.517795,0.509811,0.044194,0.043286,5.244297,-0.000014,0.010527,-0.023482,-0.023740,3.141593
19060.0,0.494835,0.493679,0.043370,0.042366,5.244297,0.000100,-0.004230,-0.022780,-0.022327,3.141593
19065.0,0.476525,0.546105,0.040081,0.040528,5.243914,-0.000086,0.006930,-0.023335,-0.023740,3.141593
19070.0,0.470002,0.384885,0.047057,0.046628,5.243914,0.000029,-0.020461,-0.022108,-0.021880,3.141593
19075.0,0.457556,0.528449,0.040378,0.041447,5.243530,0.000086,0.001230,-0.023038,-0.023740,3.141593
19080.0,0.448015,0.352813,0.047826,0.047216,5.243146,-0.000014,0.001629,-0.023071,-0.022774,3.141593
19085.0,0.420163,0.604185,0.034985,0.035020,5.242763,-0.000057,0.006094,-0.023281,-0.023740,3.141593
19090.0,0.403054,0.381231,0.043609,0.043545,5.242763,-0.000014,0.011368,-0.023505,-0.023257,3.141593
19095.0,0.385566,0.481011,0.038191,0.038692,5.242380,0.000057,-0.020580,-0.022072,-0.021397,3.141593
19100.0,0.363128,0.482190,0.036513,0.036858,5.241996,-0.000029,0.000072,-0.023008,-0.023740,3.141593
19105.0,0.356283,0.308585,0.043808,0.042955,5.241996,-0.000014,-0.001593,-0.022929,-0.022327,3.141593
19110.0,0.355933,0.266912,0.046055,0.046624,5.241996,-0.000029,-0.004608,-0.022813,-0.022327,3.141593
19115.0,0.356147,0.249128,0.047394,0.047218,5.241996,0.000014,0.000471,-0.023033,-0.023740,3.141593
19120.0,0.337636,0.374727,0.040769,0.041442,5.241612,-0.000014,0.000787,-0.023045,-0.021880,3.141593
19125.0,0.321629,0.446319,0.036725,0.037775,5.241229,0.000000,-0.003691,-0.022861,-0.021397,3.141593
19130.0,0.311601,0.266367,0.044072,0.043871,5.241229,-0.000014,-0.017687,-0.022268,-0.022810,3.141593
19135.0,0.298483,0.439268,0.035776,0.035942,5.240846,0.000029,0.006906,-0.023320,-0.023740,3.141593
19140.0,0.288734,0.253938,0.043318,0.043554,5.240846,0.000057,-0.007080,-0.022684,-0.022810,3.141593
19145.0,0.275745,0.420684,0.035273,0.036545,5.240462,0.000000,0.010628,-0.023462,-0.023740,3.141593
19150.0,0.265896,0.239679,0.042541,0.042037,5.240462,-0.000014,0.002084,-0.023086,-0.022327,3.141593
19155.0,0.265174,0.201782,0.044503,0.044470,5.240462,0.000086,-0.011757,-0.022439,-0.022327,3.141593
19160.0,0.253108,0.392146,0.035542,0.036858,5.240078,0.000057,-0.001039,-0.022906,-0.022327,3.141593
19165.0,0.243258,0.219591,0.042436,0.042641,5.240078,0.000014,0.000480,-0.022983,-0.022810,3.141593
19170.0,0.242543,0.172738,0.044781,0.043556,5.240078,-0.000072,0.006202,-0.023266,-0.023740,3.141593
19175.0,0.223861,0.314748,0.037187,0.036548,5.239695,0.000100,-0.004782,-0.022714,-0.022810,3.141593
19180.0,0.207760,0.367930,0.033693,0.034113,5.239312,0.000014,0.007474,-0.023264,-0.022327,3.141593
19185.0,0.197697,0.206954,0.039942,0.040205,5.239312,-0.000014,-0.004606,-0.022737,-0.022327,3.141593
19190.0,0.196903,0.161552,0.042075,0.042641,5.239312,-0.000043,0.001697,-0.023030,-0.023257,3.141593
19195.0,0.196896,0.140165,0.043249,0.042641,5.239312,-0.000014,0.002926,-0.023080,-0.023740,3.141593
19200.0,0.196989,0.135030,0.043779,0.043249,5.239312,-0.000043,-0.004192,-0.022771,-0.023257,3.141593
19205.0,0.197160,0.143762,0.043785,0.043555,5.239312,0.000057,-0.004440,-0.022737,-0.022810,3.141593
19210.0,0.178678,0.267290,0.037054,0.037464,5.238928,-0.000043,-0.004156,-0.022776,-0.022810,3.141593
19215.0,0.167649,0.339302,0.033105,0.031985,5.238544,-0.000029,0.008824,-0.023360,-0.024671,3.141593
19220.0,0.152864,0.184131,0.038639,0.037464,5.238544,0.000072,0.005332,-0.023152,-0.022327,3.141593
19225.0,0.151384,0.127671,0.041083,0.040815,5.238544,-0.000043,-0.002416,-0.022840,-0.023740,3.141593
19230.0,0.151327,0.125542,0.041316,0.039902,5.238544,-0.000057,-0.002407,-0.022847,-0.021880,3.141593
19235.0,0.151598,0.102708,0.042607,0.043554,5.238544,-0.000100,-0.008431,-0.022627,-0.022810,3.141593
19240.0,0.151634,0.096544,0.043129,0.042641,5.238544,-0.000057,0.007277,-0.023332,-0.022810,3.141593
19245.0,0.139546,0.294177,0.033713,0.035639,5.238161,-0.000043,0.006375,-0.023316,-0.023740,3.141593
19250.0,0.129619,0.129437,0.040079,0.040816,5.238161,0.000057,-0.002356,-0.022887,-0.023740,3.141593
19255.0,0.128767,0.101892,0.041333,0.040816,5.238161,0.000000,-0.007872,-0.022631,-0.022810,3.141593
19260.0,0.128767,0.102692,0.041471,0.039604,5.238161,0.000000,0.005736,-0.023222,-0.022810,3.141593
19265.0,0.128946,0.092520,0.042187,0.042641,5.238161,0.000057,-0.016619,-0.022202,-0.021880,3.141593
19270.0,0.129082,0.066323,0.043635,0.043554,5.238161,-0.000014,-0.017114,-0.022196,-0.021880,3.141593
19275.0,0.116873,0.291810,0.032957,0.034112,5.237778,0.000014,0.004563,-0.023149,-0.023740,3.141593
19280.0,0.106966,0.121288,0.039583,0.039903,5.237778,-0.000072,0.004037,-0.023150,-0.023740,3.141593
19285.0,0.106022,0.092626,0.040833,0.040816,5.237778,-0.000057,0.002102,-0.023066,-0.022327,3.141593
19290.0,0.089886,0.269171,0.031728,0.031993,5.237394,-0.000057,0.006606,-0.023275,-0.023740,3.141593
19295.0,0.083585,0.115641,0.037830,0.038375,5.237394,-0.000014,0.003208,-0.023116,-0.023257,3.141593
19300.0,0.083063,0.067229,0.039892,0.039904,5.237394,0.000029,-0.012940,-0.022390,-0.021880,3.141593
19305.0,0.083120,0.072102,0.039714,0.039904,5.237394,-0.000057,0.005661,-0.023239,-0.022327,3.141593
19310.0,0.083277,0.068728,0.039962,0.038375,5.237394,0.000014,-0.008494,-0.022621,-0.022327,3.141593
19315.0,0.083356,0.068215,0.040123,0.040815,5.237394,0.000072,-0.003008,-0.022843,-0.023740,3.141593
19320.0,0.083385,0.065810,0.040370,0.040815,5.237394,0.000014,0.014397,-0.023597,-0.023740,3.141593
19325.0,0.083520,0.034997,0.041923,0.043550,5.237394,-0.000072,0.001756,-0.023080,-0.023257,3.141593
19330.0,0.083420,0.069651,0.040515,0.040521,5.237394,0.000100,-0.013737,-0.022340,-0.021880,3.141593
19335.0,0.083535,0.049315,0.041617,0.041727,5.237394,-0.000057,0.005163,-0.023220,-0.022327,3.141593
19340.0,0.071418,0.246625,0.032135,0.032907,5.237010,-0.000014,0.021505,-0.023956,-0.024187,3.141593
19345.0,0.061419,0.104311,0.037401,0.037170,5.237010,0.000000,0.002384,-0.023114,-0.023740,3.141593
19350.0,0.060389,0.055552,0.039410,0.038993,5.237010,0.000000,-0.001241,-0.022948,-0.023740,3.141593
19355.0,0.060532,0.060684,0.039256,0.039904,5.236627,0.000014,0.013281,-0.023571,-0.023740,3.141593
19360.0,0.040154,0.126452,0.034461,0.034730,5.236627,-0.000014,-0.011724,-0.022478,-0.022327,3.141593
19365.0,0.037665,0.080914,0.036083,0.035640,5.236627,0.000000,-0.008175,-0.022638,-0.022327,3.141593
19370.0,0.037572,0.043922,0.037624,0.037172,5.236627,0.000100,-0.014725,-0.022303,-0.022810,3.141593
19375.0,0.037665,0.047239,0.037453,0.037461,5.236627,0.000029,-0.011305,-0.022442,-0.022810,3.141593
19380.0,0.037658,0.046875,0.037431,0.036551,5.236627,-0.000200,0.020180,-0.023928,-0.023740,3.141593
19385.0,0.037715,0.035324,0.037937,0.036551,5.236627,0.000000,-0.002506,-0.022904,-0.022327,3.141593
19390.0,0.038009,0.023512,0.038581,0.038993,5.236627,-0.000029,-0.010084,-0.022591,-0.022810,3.141593
19395.0,0.037937,0.035233,0.038112,0.038993,5.236627,0.000072,0.002464,-0.023111,-0.022327,3.141593
19400.0,0.037887,0.024610,0.038609,0.038082,5.236627,-0.000029,-0.003255,-0.022887,-0.022810,3.141593
19405.0,0.037916,0.018810,0.038934,0.038993,5.236627,0.000114,-0.004326,-0.022787,-0.022810,3.141593
19410.0,0.037959,0.015642,0.039147,0.038993,5.236627,-0.000057,0.008566,-0.023387,-0.022774,3.141593
19415.0,0.038023,0.030497,0.038598,0.037793,5.236627,0.000014,-0.003669,-0.022843,-0.023740,3.141593
19420.0,0.038009,0.026267,0.038878,0.038993,5.236627,0.000157,-0.006259,-0.022651,-0.022327,3.141593
19425.0,0.037980,0.023611,0.039069,0.038993,5.236627,0.000072,-0.007804,-0.022569,-0.022810,3.141593
19430.0,0.025735,0.239894,0.028583,0.029844,5.236244,-0.000086,0.014797,-0.023619,-0.023740,3.141593
19435.0,0.015864,0.063756,0.035247,0.034730,5.236244,0.000014,0.014218,-0.023578,-0.024671,3.141593
19440.0,0.014999,0.026907,0.036700,0.036550,5.236244,-0.000029,0.001179,-0.023012,-0.023740,3.141593
19445.0,0.014913,0.035355,0.036240,0.036550,5.236244,-0.000086,-0.001902,-0.022905,-0.022810,3.141593
19450.0,0.015028,0.021397,0.036820,0.037460,5.236244,0.000014,-0.010915,-0.022482,-0.022810,3.141593
19455.0,0.015042,0.008670,0.037340,0.038083,5.236244,-0.000086,0.007120,-0.023328,-0.022810,3.141593
19460.0,0.015163,0.020929,0.036807,0.037460,5.236244,0.000043,-0.018496,-0.022169,-0.021880,3.141593
19465.0,0.015121,0.011879,0.037186,0.036263,5.236244,0.000014,0.010750,-0.023459,-0.023740,3.141593
19470.0,0.015192,0.021649,0.036792,0.036261,5.236627,0.000086,-0.008913,-0.022546,-0.023740,3.141593
19475.0,0.035477,-0.083135,0.043330,0.043257,5.236627,-0.000057,0.004750,-0.023189,-0.022810,3.141593
19480.0,0.038052,-0.004228,0.040315,0.040814,5.236627,-0.000014,-0.004372,-0.022780,-0.022810,3.141593
19485.0,0.031450,0.204834,0.030798,0.029556,5.236244,0.000057,-0.003321,-0.022798,-0.021880,3.141593
19490.0,0.016823,0.057434,0.035925,0.035639,5.235860,-0.000014,0.011778,-0.023482,-0.022327,3.141593
19495.0,-0.005164,0.115366,0.031260,0.031376,5.235860,0.000014,0.001125,-0.023024,-0.022810,3.141593
19500.0,-0.007861,0.029032,0.034559,0.034729,5.235860,0.000014,0.007853,-0.023316,-0.023257,3.141593
19505.0,-0.008047,0.011503,0.035101,0.034729,5.235860,-0.000043,-0.009589,-0.022564,-0.021397,3.141593
19510.0,-0.007975,0.036230,0.033854,0.033820,5.235860,0.000057,-0.006245,-0.022701,-0.023740,3.141593
19515.0,-0.007925,0.020116,0.034422,0.033820,5.235860,0.000043,0.004233,-0.023138,-0.023740,3.141593
19520.0,0.010829,-0.121243,0.042260,0.042346,5.236244,0.000000,0.007890,-0.023296,-0.021397,3.141593
19525.0,0.027301,-0.226445,0.048479,0.047520,5.236627,-0.000172,0.007225,-0.023360,-0.023740,3.141593
19530.0,0.037580,-0.052877,0.042176,0.042346,5.236627,0.000014,-0.003683,-0.022846,-0.023740,3.141593
19535.0,0.038474,-0.010229,0.040686,0.040814,5.236627,-0.000043,-0.015586,-0.022341,-0.022810,3.141593
19540.0,0.038445,0.001560,0.040419,0.039904,5.236627,0.000072,-0.000159,-0.022973,-0.021397,3.141593
19545.0,0.022523,0.168016,0.031974,0.031999,5.236244,0.000029,-0.003222,-0.022862,-0.022810,3.141593
19550.0,0.015872,0.033351,0.037273,0.037173,5.235860,0.000029,0.004651,-0.023190,-0.021880,3.141593
19555.0,-0.005193,0.115937,0.031628,0.031376,5.235860,-0.000114,-0.002187,-0.022954,-0.021880,3.141593
19560.0,-0.007825,0.037360,0.034612,0.034729,5.235860,-0.000014,-0.010782,-0.022567,-0.022327,3.141593
19565.0,-0.008032,0.028105,0.034793,0.035354,5.235860,0.000100,0.001487,-0.023068,-0.021880,3.141593
19570.0,-0.007932,0.003627,0.035720,0.035354,5.235860,0.000014,-0.009616,-0.022586,-0.021397,3.141593
19575.0,-0.007846,0.004912,0.035557,0.035354,5.235860,0.000100,-0.011112,-0.022483,-0.022810,3.141593
19580.0,-0.007861,0.011752,0.035130,0.035640,5.236244,-0.000029,0.003288,-0.023138,-0.022327,3.141593
19585.0,0.012631,-0.092497,0.041575,0.042634,5.236244,0.000057,0.001772,-0.023054,-0.022810,3.141593
19590.0,0.015192,-0.016928,0.038613,0.038993,5.236244,0.000072,-0.004828,-0.022738,-0.022327,3.141593
19595.0,0.015478,-0.015015,0.038687,0.038993,5.236244,-0.000014,-0.014875,-0.022333,-0.022810,3.141593
19600.0,0.015514,-0.025148,0.039270,0.040191,5.236244,0.000029,-0.004511,-0.022759,-0.022810,3.141593
19605.0,0.015435,-0.016021,0.038960,0.038706,5.236244,-0.000029,-0.005327,-0.022740,-0.023257,3.141593
19610.0,0.015378,0.002469,0.038225,0.038083,5.236244,0.000014,-0.013124,-0.022387,-0.022327,3.141593
19615.0,0.015292,0.026174,0.037228,0.037460,5.236244,-0.000043,0.001846,-0.023069,-0.023740,3.141593
19620.0,0.015385,-0.005155,0.038715,0.038993,5.236244,0.000014,0.002191,-0.023059,-0.022810,3.141593
19625.0,0.003154,0.191075,0.029129,0.030181,5.235860,-0.000072,0.005265,-0.023233,-0.023740,3.141593
19630.0,-0.006866,0.042924,0.034519,0.033820,5.235860,-0.000057,0.001027,-0.023056,-0.023740,3.141593
19635.0,-0.007789,0.017276,0.035419,0.035924,5.235860,-0.000057,0.012135,-0.023559,-0.024671,3.141593
19640.0,-0.007961,0.018081,0.035184,0.035639,5.235860,0.000157,0.000585,-0.022961,-0.023740,3.141593
19645.0,-0.007768,0.012614,0.035351,0.035354,5.235860,-0.000029,-0.002253,-0.022861,-0.022810,3.141593
19650.0,-0.007725,-0.002090,0.035918,0.036549,5.235860,-0.000143,-0.006934,-0.022713,-0.023257,3.141593
19655.0,-0.007718,0.001717,0.035674,0.035639,5.235860,0.000014,-0.002230,-0.022887,-0.022810,3.141593
19660.0,0.008326,-0.155559,0.043943,0.043257,5.236244,-0.000057,0.000760,-0.023057,-0.022810,3.141593
19665.0,0.014884,-0.031639,0.039292,0.038993,5.236244,0.000014,0.012177,-0.023549,-0.022810,3.141593
19670.0,0.015600,-0.013962,0.038784,0.039903,5.236244,0.000057,-0.010471,-0.022531,-0.021880,3.141593
19675.0,0.015485,-0.013028,0.038846,0.038993,5.236244,0.000014,-0.010238,-0.022540,-0.022810,3.141593
19680.0,0.015464,-0.011212,0.038882,0.038993,5.236244,0.000057,-0.000756,-0.022925,-0.022774,3.141593
19685.0,0.015464,-0.022779,0.039512,0.039902,5.235860,-0.000029,0.005987,-0.023249,-0.023740,3.141593
19690.0,-0.004992,0.101969,0.032173,0.031376,5.235860,0.000029,-0.009854,-0.022537,-0.020913,3.141593
19695.0,-0.023611,0.201000,0.026008,0.027112,5.235476,-0.000086,0.014385,-0.023666,-0.023740,3.141593
19700.0,-0.030363,0.040138,0.032086,0.032002,5.235476,0.000129,-0.017196,-0.022215,-0.022810,3.141593
19705.0,-0.031028,0.016697,0.032690,0.032002,5.235476,0.000000,0.015534,-0.023679,-0.024671,3.141593
19710.0,-0.024033,-0.176500,0.041492,0.042631,5.235860,-0.000043,0.015976,-0.023735,-0.024671,3.141593
19715.0,0.006809,-0.238004,0.046971,0.045077,5.236244,0.000014,-0.017115,-0.022261,-0.020466,3.141593
19720.0,0.014927,-0.032053,0.038943,0.038706,5.236244,0.000057,-0.010269,-0.022549,-0.022327,3.141593
19725.0,0.015664,-0.022555,0.038823,0.038993,5.236244,-0.000086,-0.007421,-0.022730,-0.023740,3.141593
19730.0,0.015650,-0.005377,0.038257,0.038993,5.236244,0.000014,-0.000113,-0.023010,-0.023257,3.141593
19735.0,0.015464,-0.012057,0.038648,0.038083,5.236244,-0.000014,-0.009615,-0.022595,-0.023257,3.141593
19740.0,0.015442,-0.007970,0.038585,0.038083,5.236244,0.000000,-0.010409,-0.022552,-0.021880,3.141593
19745.0,0.015414,-0.002724,0.038463,0.038083,5.236244,0.000014,-0.022465,-0.022026,-0.022327,3.141593
19750.0,-0.005007,0.089820,0.032555,0.032285,5.235860,0.000057,0.001104,-0.023037,-0.022810,3.141593
19755.0,-0.007560,0.014531,0.035512,0.034729,5.235860,-0.000043,0.014451,-0.023653,-0.023257,3.141593
19760.0,-0.007775,0.012229,0.035487,0.036549,5.235860,-0.000057,-0.019303,-0.022220,-0.022327,3.141593
19765.0,-0.007725,-0.006233,0.036220,0.036264,5.235860,-0.000014,0.012848,-0.023634,-0.023740,3.141593
19770.0,-0.007725,0.018589,0.035043,0.035639,5.235860,0.000057,-0.004477,-0.022835,-0.022327,3.141593
19775.0,-0.007718,0.001463,0.035724,0.035354,5.235860,0.000057,-0.004803,-0.022808,-0.022327,3.141593
19780.0,-0.007596,-0.006027,0.036039,0.036549,5.235860,-0.000043,-0.006786,-0.022743,-0.021880,3.141593
19785.0,-0.007732,0.001821,0.035595,0.035639,5.235860,0.000014,-0.004332,-0.022849,-0.023257,3.141593
19790.0,-0.007689,0.002594,0.035502,0.035639,5.235860,0.000114,-0.007826,-0.022631,-0.022327,3.141593
19795.0,-0.007610,0.012196,0.035051,0.035354,5.235860,-0.000014,-0.007116,-0.022688,-0.022327,3.141593
19800.0,0.008426,-0.182891,0.045014,0.043879,5.236244,0.000014,0.006740,-0.023303,-0.023740,3.141593
19805.0,0.014985,-0.018623,0.038618,0.038083,5.236244,0.000014,0.015799,-0.023698,-0.024187,3.141593
19810.0,0.015521,-0.004050,0.038205,0.038993,5.236244,0.000086,-0.011649,-0.022454,-0.021844,3.141593
19815.0,0.015543,-0.020165,0.039063,0.038993,5.236244,-0.000029,-0.010390,-0.022540,-0.022810,3.141593
19820.0,0.008554,0.190263,0.029346,0.028647,5.235860,0.000000,-0.008445,-0.022612,-0.020913,3.141593
19825.0,-0.006044,0.064453,0.033459,0.033195,5.235860,-0.000043,-0.011105,-0.022524,-0.021880,3.141593
19830.0,-0.019984,0.251451,0.023868,0.023476,5.235476,0.000029,-0.005059,-0.022783,-0.022327,3.141593
19835.0,-0.029926,0.054459,0.031269,0.031093,5.235476,0.000114,0.004885,-0.023184,-0.024671,3.141593
19840.0,-0.030806,0.011664,0.032796,0.032002,5.235476,0.000057,-0.000669,-0.022909,-0.022810,3.141593
19845.0,-0.024040,-0.186731,0.041804,0.042346,5.235860,-0.000014,0.002797,-0.023075,-0.022810,3.141593
19850.0,0.003033,-0.256699,0.047305,0.046323,5.236244,-0.000072,-0.016564,-0.022268,-0.020466,3.141593
19855.0,0.014484,-0.053773,0.039693,0.039903,5.236244,-0.000014,-0.013153,-0.022430,-0.021844,3.141593
19860.0,0.015621,-0.029502,0.038963,0.038993,5.236244,-0.000029,-0.001193,-0.022976,-0.022810,3.141593
19865.0,0.015585,0.003435,0.037685,0.038083,5.236244,0.000057,-0.010524,-0.022543,-0.022327,3.141593
19870.0,0.015614,-0.019798,0.038884,0.038993,5.236244,-0.000014,0.003543,-0.023181,-0.023740,3.141593
19875.0,0.015543,-0.014645,0.038800,0.039903,5.236244,-0.000057,-0.006343,-0.022764,-0.023740,3.141593
19880.0,0.015357,-0.004958,0.038435,0.038083,5.236244,-0.000086,0.003599,-0.023228,-0.023740,3.141593
19885.0,0.003204,0.198108,0.028590,0.028647,5.235860,0.000014,0.001873,-0.023118,-0.022810,3.141593
19890.0,-0.006759,0.049633,0.034060,0.033820,5.235860,-0.000014,-0.002396,-0.022945,-0.022810,3.141593
19895.0,-0.007753,0.017732,0.035244,0.035639,5.235860,0.000029,0.018189,-0.023837,-0.024187,3.141593
19900.0,-0.007682,-0.008649,0.036335,0.036549,5.235860,-0.000029,0.006359,-0.023338,-0.022810,3.141593
19905.0,-0.007803,0.015914,0.035125,0.035639,5.235860,0.000086,-0.004616,-0.022827,-0.023740,3.141593
19910.0,-0.007689,-0.004971,0.035991,0.035639,5.235860,0.000014,-0.003208,-0.022888,-0.022327,3.141593
19915.0,-0.007753,0.018143,0.034883,0.035069,5.235860,0.000014,-0.004705,-0.022823,-0.023740,3.141593
19920.0,-0.007775,-0.003964,0.035763,0.034729,5.235860,-0.000072,-0.005712,-0.022798,-0.023740,3.141593
19925.0,-0.007553,0.006572,0.035322,0.035639,5.235860,0.000014,0.003889,-0.023189,-0.021397,3.141593
19930.0,0.004556,-0.192857,0.045058,0.043257,5.236244,0.000014,-0.012320,-0.022475,-0.021880,3.141593
19935.0,0.014498,-0.031866,0.039102,0.038993,5.236244,0.000043,0.003655,-0.023166,-0.023740,3.141593
19940.0,0.015457,-0.005890,0.038211,0.038083,5.236244,-0.000100,-0.004429,-0.022849,-0.023740,3.141593
19945.0,0.015528,-0.020984,0.039033,0.038706,5.236244,-0.000057,0.008286,-0.023410,-0.023740,3.141593
19950.0,0.015564,-0.004278,0.038458,0.038993,5.236244,0.000000,-0.009403,-0.022622,-0.022327,3.141593
19955.0,0.003176,0.201473,0.028443,0.029842,5.235860,-0.000029,-0.005313,-0.022815,-0.023740,3.141593
19960.0,-0.019011,0.225332,0.025265,0.027112,5.235476,-0.000014,0.015090,-0.023713,-0.023740,3.141593
19965.0,-0.029812,0.057735,0.031289,0.031375,5.235476,0.000014,0.005284,-0.023273,-0.022810,3.141593
19970.0,-0.030906,0.026647,0.032217,0.032628,5.235476,0.000014,-0.012306,-0.022501,-0.021880,3.141593
19975.0,-0.030928,0.007594,0.032763,0.032002,5.235476,0.000086,-0.004694,-0.022799,-0.022810,3.141593
19980.0,-0.014699,-0.158360,0.041298,0.040526,5.236244,0.000072,0.006847,-0.023284,-0.023740,3.141593
19985.0,0.012274,-0.104411,0.041539,0.041436,5.236244,0.000014,-0.012028,-0.022447,-0.021880,3.141593
19990.0,0.015478,-0.023648,0.038543,0.038993,5.236244,-0.000057,-0.004624,-0.022792,-0.022810,3.141593
19995.0,0.015657,-0.008600,0.038097,0.038083,5.236244,-0.000029,-0.005301,-0.022765,-0.022810,3.141593
20000.0,0.015714,-0.016208,0.038651,0.038993,5.236244,-0.000057,0.007112,-0.023327,-0.023740,3.141593
20005.0,0.015557,-0.017301,0.038834,0.038993,5.236244,-0.000129,-0.007661,-0.022735,-0.023257,3.141593
20010.0,0.015485,0.001203,0.038143,0.038083,5.235860,0.000072,-0.011653,-0.022512,-0.022810,3.141593
20015.0,-0.005014,0.076018,0.033005,0.033820,5.235860,0.000043,-0.004732,-0.022808,-0.022327,3.141593
20020.0,-0.023561,0.184339,0.026459,0.027112,5.235476,-0.000014,-0.016934,-0.022299,-0.021880,3.141593
20025.0,-0.030370,0.047671,0.031458,0.031375,5.235476,0.000000,0.000791,-0.023083,-0.023257,3.141593
20030.0,-0.030935,0.020002,0.032311,0.032002,5.235476,-0.000029,-0.011689,-0.022549,-0.022810,3.141593
20035.0,-0.030913,-0.000405,0.032936,0.032910,5.235860,0.000100,0.003738,-0.023176,-0.022810,3.141593
20040.0,0.001874,-0.268410,0.047509,0.046610,5.236244,0.000043,-0.010745,-0.022528,-0.021397,3.141593
20045.0,0.014448,-0.065817,0.040054,0.040813,5.236244,0.000043,0.003526,-0.023158,-0.023257,3.141593
20050.0,0.015550,-0.022987,0.038475,0.038083,5.236244,-0.000043,0.003704,-0.023177,-0.023257,3.141593
20055.0,0.015671,-0.005494,0.037933,0.038083,5.236244,-0.000014,-0.009079,-0.022625,-0.022327,3.141593
20060.0,0.015607,-0.006743,0.038161,0.038370,5.236244,-0.000057,-0.007053,-0.022751,-0.022327,3.141593
20065.0,0.015543,0.002491,0.037896,0.037173,5.236244,0.000029,0.002775,-0.023171,-0.023740,3.141593
20070.0,-0.000494,0.171970,0.029178,0.029557,5.235860,0.000129,-0.009923,-0.022557,-0.022810,3.141593
20075.0,-0.007181,0.030373,0.034627,0.034729,5.235860,0.000014,0.003399,-0.023136,-0.022810,3.141593
20080.0,-0.007710,0.014373,0.035177,0.035639,5.235860,0.000000,0.002573,-0.023109,-0.022327,3.141593
20085.0,-0.007811,0.006566,0.035389,0.035639,5.235860,-0.000014,0.001394,-0.023068,-0.022810,3.141593
20090.0,-0.007753,0.007430,0.035269,0.035354,5.235860,0.000086,-0.006492,-0.022692,-0.022327,3.141593
20095.0,-0.007689,-0.003516,0.035685,0.035354,5.235860,-0.000100,0.023396,-0.024064,-0.024671,3.141593
20100.0,-0.007725,0.011798,0.034936,0.035639,5.235860,-0.000043,-0.002602,-0.022921,-0.023740,3.141593
20105.0,-0.007718,0.005834,0.035113,0.035639,5.235860,0.000029,0.005864,-0.023260,-0.023740,3.141593
20110.0,-0.007596,-0.000660,0.035379,0.034729,5.235860,-0.000086,0.004453,-0.023229,-0.023740,3.141593
20115.0,-0.007553,-0.005833,0.035603,0.035639,5.235860,0.000000,0.003422,-0.023159,-0.022810,3.141593
20120.0,-0.007682,0.010834,0.034794,0.035639,5.235860,-0.000086,-0.003212,-0.022913,-0.023740,3.141593
20125.0,-0.007646,-0.000911,0.035262,0.035639,5.235860,-0.000072,0.006778,-0.023362,-0.022774,3.141593
20130.0,-0.007668,0.008646,0.034787,0.033820,5.235860,-0.000100,-0.010745,-0.022634,-0.022810,3.141593
20135.0,-0.007524,-0.011413,0.035688,0.035354,5.235860,0.000000,0.004887,-0.023307,-0.023740,3.141593
20140.0,0.011122,-0.128210,0.042536,0.040239,5.236244,0.000086,0.003122,-0.023184,-0.022810,3.141593
20145.0,0.015206,-0.017647,0.038277,0.038083,5.236244,-0.000014,0.014817,-0.023723,-0.024671,3.141593
20150.0,0.015578,-0.000099,0.037725,0.039280,5.236244,-0.000014,0.010934,-0.023550,-0.024187,3.141593
20155.0,0.015550,-0.001311,0.037921,0.038083,5.236244,0.000014,-0.015538,-0.022371,-0.022810,3.141593
20160.0,-0.003147,0.117939,0.031090,0.031376,5.235860,0.000043,0.007736,-0.023376,-0.023740,3.141593
20165.0,-0.026035,0.158684,0.027049,0.026547,5.235476,0.000086,-0.011011,-0.022508,-0.022810,3.141593
20170.0,-0.030541,0.043601,0.031352,0.031375,5.235476,-0.000014,-0.008660,-0.022621,-0.023740,3.141593
20175.0,-0.030863,0.021569,0.032007,0.032284,5.235476,-0.000014,0.010025,-0.023435,-0.023740,3.141593
20180.0,-0.030785,-0.003306,0.032866,0.032910,5.235860,-0.000086,-0.005885,-0.022761,-0.022327,3.141593
20185.0,0.001881,-0.275424,0.047606,0.046610,5.236244,-0.000043,-0.010081,-0.022586,-0.021880,3.141593
20190.0,0.014420,-0.069935,0.040005,0.039903,5.236244,-0.000057,-0.000797,-0.023021,-0.022327,3.141593
20195.0,0.015557,-0.022798,0.038248,0.038083,5.236244,0.000129,-0.017429,-0.022235,-0.021880,3.141593
20200.0,0.015728,-0.020562,0.038396,0.038993,5.236244,0.000057,-0.007887,-0.022649,-0.022810,3.141593
20205.0,0.015507,-0.002359,0.037702,0.037173,5.236244,0.000014,0.008376,-0.023369,-0.023257,3.141593
20210.0,0.015557,-0.005495,0.038011,0.038370,5.236244,0.000129,-0.007866,-0.022583,-0.022810,3.141593
20215.0,0.003204,0.186782,0.028609,0.029842,5.235860,-0.000086,0.010333,-0.023435,-0.022810,3.141593
20220.0,-0.006723,0.037088,0.034128,0.034105,5.235860,-0.000086,-0.009482,-0.022598,-0.021880,3.141593
20225.0,-0.007646,0.001064,0.035540,0.035639,5.235860,0.000000,-0.012019,-0.022473,-0.021880,3.141593
20230.0,-0.007825,0.021222,0.034505,0.034729,5.235860,0.000014,0.001734,-0.023071,-0.023257,3.141593
20235.0,-0.007632,-0.007567,0.035750,0.034445,5.235860,-0.000057,0.007611,-0.023352,-0.023740,3.141593
20240.0,-0.007761,0.005120,0.035103,0.034729,5.235860,0.000072,0.000502,-0.022997,-0.022327,3.141593
20245.0,-0.007710,0.012306,0.034717,0.033820,5.235860,-0.000014,-0.008583,-0.022624,-0.022327,3.141593
20250.0,-0.007703,-0.007659,0.035546,0.035639,5.235860,-0.000043,-0.003990,-0.022846,-0.023740,3.141593
20255.0,-0.007567,-0.008891,0.035598,0.035639,5.235860,0.000072,-0.025300,-0.021860,-0.021880,3.141593
20260.0,-0.007639,0.003762,0.034980,0.034729,5.235860,0.000014,0.006557,-0.023263,-0.023740,3.141593
20265.0,-0.007553,-0.004269,0.035330,0.035639,5.235860,0.000086,-0.003710,-0.022764,-0.022810,3.141593
20270.0,-0.007668,0.006488,0.034790,0.035014,5.235860,-0.000057,-0.000026,-0.022953,-0.022810,3.141593
20275.0,-0.007675,-0.011960,0.035543,0.035924,5.235860,-0.000029,0.005814,-0.023230,-0.023740,3.141593
20280.0,-0.007617,-0.009886,0.035413,0.034445,5.235860,0.000057,-0.007473,-0.022618,-0.022327,3.141593
20285.0,-0.007546,-0.004457,0.035178,0.035354,5.235860,-0.000057,-0.000024,-0.022988,-0.023740,3.141593
20290.0,-0.007603,-0.005193,0.035168,0.034729,5.235860,-0.000086,-0.003316,-0.022871,-0.022327,3.141593
20295.0,-0.007567,-0.007553,0.035263,0.035639,5.235860,0.000043,-0.014506,-0.022352,-0.022810,3.141593
20300.0,-0.007653,0.006814,0.034561,0.033820,5.235860,0.000000,0.001161,-0.023040,-0.023740,3.141593
20305.0,-0.007582,0.012959,0.034295,0.034729,5.235860,0.000057,-0.013094,-0.022382,-0.021880,3.141593
20310.0,-0.007610,0.001762,0.034743,0.035354,5.235860,-0.000014,0.003362,-0.023116,-0.023740,3.141593
20315.0,-0.007603,-0.009362,0.035195,0.034729,5.235860,-0.000072,0.031457,-0.024377,-0.025601,3.141593
20320.0,-0.007503,-0.013541,0.035396,0.035639,5.235860,-0.000072,-0.003882,-0.022841,-0.022327,3.141593
20325.0,-0.007675,0.000157,0.034716,0.033820,5.235860,-0.000057,-0.006544,-0.022762,-0.022327,3.141593
20330.0,-0.007589,0.002095,0.034631,0.035639,5.235860,0.000057,-0.018842,-0.022190,-0.021880,3.141593
20335.0,-0.007589,-0.012930,0.035257,0.034443,5.236244,0.000043,-0.004538,-0.022810,-0.023740,3.141593
20340.0,0.012839,-0.101952,0.041118,0.041724,5.236244,-0.000029,0.014861,-0.023688,-0.024671,3.141593
20345.0,0.015421,-0.018479,0.037893,0.038083,5.236244,0.000000,0.004347,-0.023215,-0.023257,3.141593
20350.0,0.015635,-0.010009,0.037726,0.038083,5.236244,-0.000014,0.009060,-0.023423,-0.023740,3.141593
20355.0,0.015535,-0.001208,0.037470,0.037173,5.236244,0.000043,-0.015444,-0.022324,-0.021880,3.141593
20360.0,0.008619,0.185374,0.028838,0.029217,5.235860,-0.000014,-0.002691,-0.022894,-0.023257,3.141593
20365.0,-0.006151,0.066720,0.032560,0.032001,5.235860,-0.000029,0.002738,-0.023139,-0.023740,3.141593
20370.0,-0.007589,0.018141,0.034473,0.034729,5.235860,0.000014,0.001851,-0.023076,-0.023740,3.141593
20375.0,-0.007854,0.000993,0.035068,0.033820,5.235860,0.000014,0.004521,-0.023179,-0.023257,3.141593
20380.0,-0.007668,0.010009,0.034646,0.034160,5.235860,-0.000029,0.003623,-0.023150,-0.023740,3.141593
20385.0,-0.007753,0.008406,0.034628,0.034729,5.235860,0.000072,-0.016439,-0.022227,-0.022810,3.141593
20390.0,-0.007689,-0.004620,0.035155,0.035639,5.235860,-0.000086,0.037719,-0.024659,-0.025601,3.141593
20395.0,-0.007610,-0.011128,0.035414,0.035639,5.235860,-0.000057,0.006004,-0.023261,-0.023740,3.141593
20400.0,-0.007753,0.007452,0.034486,0.034729,5.235860,-0.000043,0.003842,-0.023169,-0.023740,3.141593
20405.0,-0.007610,-0.006615,0.035087,0.034729,5.235860,-0.000057,0.006952,-0.023325,-0.023740,3.141593
20410.0,0.008411,-0.171861,0.043746,0.043257,5.236244,0.000029,-0.001860,-0.022906,-0.022810,3.141593
20415.0,0.014949,-0.041470,0.038829,0.037173,5.236244,0.000057,-0.017468,-0.022200,-0.021880,3.141593
20420.0,0.015557,-0.001914,0.037346,0.038370,5.236244,-0.000014,-0.003154,-0.022850,-0.022810,3.141593
20425.0,0.015385,0.000468,0.037316,0.037460,5.236244,-0.000057,0.000380,-0.023020,-0.023257,3.141593
20430.0,0.015485,-0.002196,0.037588,0.037173,5.236244,0.000014,-0.008129,-0.022622,-0.022810,3.141593
20435.0,0.015543,0.002703,0.037537,0.037173,5.236244,0.000086,-0.007261,-0.022626,-0.022327,3.141593
20440.0,0.003133,0.195753,0.028076,0.029842,5.235860,0.000014,0.007467,-0.023288,-0.023740,3.141593
20445.0,-0.006809,0.039111,0.033873,0.033820,5.235860,-0.000057,-0.005144,-0.022774,-0.022810,3.141593
20450.0,-0.007761,0.012034,0.034846,0.034729,5.235860,0.000014,-0.008185,-0.022627,-0.022327,3.141593
20455.0,-0.007911,0.015107,0.034548,0.034729,5.235860,0.000029,-0.002077,-0.022885,-0.022810,3.141593
20460.0,-0.007761,-0.000246,0.035148,0.034729,5.235860,-0.000157,0.007494,-0.023379,-0.023740,3.141593
20465.0,-0.007675,-0.010344,0.035555,0.035354,5.235860,0.000043,-0.011886,-0.022479,-0.022327,3.141593
20470.0,-0.000801,-0.204751,0.044612,0.045987,5.236244,0.000086,-0.004921,-0.022770,-0.022327,3.141593
20475.0,0.013847,-0.057295,0.039625,0.039903,5.236244,0.000057,-0.003361,-0.022833,-0.023740,3.141593
20480.0,0.015364,-0.016495,0.038130,0.038083,5.236244,0.000029,-0.006838,-0.022657,-0.022810,3.141593
20485.0,0.015478,-0.022114,0.038532,0.038083,5.236244,-0.000014,-0.014288,-0.022343,-0.022810,3.141593
20490.0,0.015492,-0.008258,0.038067,0.038083,5.236244,0.000057,0.002664,-0.023067,-0.022810,3.141593
20495.0,0.015328,0.002324,0.037661,0.037173,5.236244,-0.000057,0.017723,-0.023765,-0.024187,3.141593
20500.0,-0.000730,0.179045,0.028540,0.028932,5.235860,-0.000043,-0.013618,-0.022388,-0.021844,3.141593
20505.0,-0.019455,0.235422,0.024252,0.024103,5.235476,-0.000086,0.017628,-0.023809,-0.023257,3.141593
20510.0,-0.030034,0.059524,0.030600,0.030466,5.235476,-0.000043,0.016565,-0.023786,-0.024671,3.141593
20515.0,-0.030935,0.023663,0.031764,0.032002,5.235476,-0.000086,-0.009213,-0.022689,-0.023740,3.141593
20520.0,-0.024018,-0.189728,0.041449,0.042916,5.235860,0.000157,-0.008670,-0.022615,-0.022810,3.141593
20525.0,0.002954,-0.253518,0.046631,0.045700,5.236244,-0.000086,0.009799,-0.023492,-0.023740,3.141593
20530.0,0.014513,-0.060081,0.039466,0.039903,5.236244,-0.000043,-0.012573,-0.022510,-0.022810,3.141593
20535.0,0.015628,-0.011357,0.037648,0.038083,5.236244,0.000072,0.000117,-0.023031,-0.022327,3.141593
20540.0,0.015478,-0.010374,0.037721,0.037173,5.236244,-0.000014,0.012419,-0.023597,-0.023740,3.141593
20545.0,0.015564,-0.001612,0.037520,0.038083,5.236244,0.000072,-0.004620,-0.022819,-0.023740,3.141593
20550.0,0.015571,-0.001735,0.037696,0.038083,5.236244,-0.000014,0.017998,-0.023823,-0.024671,3.141593
20555.0,0.015528,-0.006247,0.038028,0.038083,5.236244,-0.000114,0.026971,-0.024274,-0.025118,3.141593
20560.0,-0.000701,0.178225,0.028540,0.028932,5.235860,0.000100,-0.012858,-0.022455,-0.022810,3.141593
20565.0,-0.007181,0.026071,0.034486,0.033820,5.235860,0.000086,0.012932,-0.023570,-0.023740,3.141593
20570.0,-0.007746,0.012511,0.034924,0.034729,5.235860,0.000029,-0.009259,-0.022595,-0.022810,3.141593
20575.0,-0.007904,0.018996,0.034470,0.034729,5.235860,0.000057,0.001516,-0.023041,-0.023257,3.141593
20580.0,-0.007796,0.006434,0.034934,0.034729,5.235860,0.000014,0.005266,-0.023206,-0.022774,3.141593
20585.0,-0.007675,-0.002191,0.035278,0.034729,5.235860,0.000014,0.001170,-0.023018,-0.022810,3.141593
20590.0,-0.007782,0.003252,0.034924,0.034729,5.235860,0.000114,-0.008211,-0.022550,-0.022810,3.141593
20595.0,-0.007639,-0.013963,0.035654,0.036264,5.235860,-0.000072,-0.010733,-0.022481,-0.022810,3.141593
20600.0,-0.007596,-0.008880,0.035397,0.035639,5.235860,0.000000,-0.000642,-0.022919,-0.023740,3.141593
20605.0,-0.007718,-0.002188,0.035007,0.034729,5.235860,0.000014,0.004768,-0.023147,-0.022810,3.141593
20610.0,-0.007682,-0.000743,0.034889,0.034729,5.235860,-0.000029,-0.008647,-0.022574,-0.022327,3.141593
20615.0,-0.007603,-0.005727,0.035090,0.034729,5.235860,0.000086,-0.011962,-0.022389,-0.022810,3.141593
20620.0,-0.007617,0.012406,0.034258,0.034729,5.235860,-0.000057,0.008418,-0.023315,-0.023740,3.141593
20625.0,-0.007553,-0.004717,0.034994,0.035354,5.235860,-0.000014,0.003787,-0.023109,-0.022810,3.141593
20630.0,-0.007553,-0.011349,0.035277,0.035639,5.235860,0.000029,0.007330,-0.023252,-0.023740,3.141593
20635.0,-0.007660,0.003002,0.034575,0.034729,5.235860,0.000029,-0.007911,-0.022560,-0.020949,3.141593
20640.0,-0.007560,-0.008811,0.035098,0.034729,5.235860,-0.000057,-0.001060,-0.022913,-0.022774,3.141593
20645.0,-0.007589,0.013229,0.034105,0.034729,5.235860,0.000014,-0.005686,-0.022690,-0.022810,3.141593
20650.0,-0.007567,-0.010124,0.035112,0.034445,5.235860,-0.000057,0.004010,-0.023140,-0.023740,3.141593
20655.0,-0.007567,-0.011784,0.035179,0.034729,5.235860,-0.000086,0.000539,-0.023022,-0.023740,3.141593
20660.0,-0.007575,0.002817,0.034525,0.033820,5.235860,-0.000072,-0.004436,-0.022825,-0.022810,3.141593
20665.0,-0.007632,-0.002612,0.034723,0.034729,5.235860,0.000000,-0.009153,-0.022613,-0.021880,3.141593
20670.0,-0.007639,-0.000033,0.034569,0.034729,5.235860,0.000086,-0.012050,-0.022463,-0.022810,3.141593
20675.0,-0.007567,-0.004414,0.034749,0.034729,5.235860,0.000014,0.003818,-0.023169,-0.023740,3.141593
20680.0,-0.007503,-0.012321,0.035113,0.035639,5.235860,0.000029,-0.002507,-0.022872,-0.022810,3.141593
20685.0,-0.007503,-0.023096,0.035579,0.035639,5.235860,0.000014,-0.010307,-0.022529,-0.021880,3.141593
20690.0,-0.007553,0.002052,0.034439,0.034445,5.235860,0.000000,0.014049,-0.023601,-0.023740,3.141593
20695.0,-0.000694,-0.204982,0.044089,0.044167,5.236244,-0.000014,0.005302,-0.023217,-0.023257,3.141593
20700.0,0.013990,-0.070982,0.039748,0.039903,5.236244,-0.000057,0.008628,-0.023404,-0.023740,3.141593
20705.0,0.015550,-0.018685,0.037807,0.038083,5.236244,0.000057,0.015944,-0.023692,-0.024187,3.141593
20710.0,0.015528,-0.009905,0.037563,0.037173,5.236244,-0.000043,0.008217,-0.023376,-0.022810,3.141593
20715.0,-0.000622,0.169743,0.028338,0.029842,5.235860,-0.000057,-0.001457,-0.022959,-0.023740,3.141593
20720.0,-0.023203,0.202024,0.024721,0.024385,5.235476,0.000014,-0.009906,-0.022561,-0.020913,3.141593
20725.0,-0.030320,0.032422,0.031165,0.031375,5.235476,-0.000014,0.001281,-0.023071,-0.023257,3.141593
20730.0,-0.030828,0.018306,0.031460,0.032002,5.235476,-0.000014,-0.002115,-0.022928,-0.022327,3.141593
20735.0,-0.030842,0.015774,0.031301,0.032284,5.235476,-0.000014,0.009092,-0.023431,-0.023740,3.141593
20740.0,-0.005214,-0.318592,0.048091,0.048143,5.236244,0.000043,-0.004932,-0.022778,-0.022810,3.141593
20745.0,0.025821,-0.274473,0.049180,0.048431,5.236627,0.000014,0.009345,-0.023412,-0.023257,3.141593
20750.0,0.037701,-0.068486,0.041712,0.041435,5.236627,-0.000014,0.009975,-0.023447,-0.023740,3.141593
20755.0,0.038667,-0.014752,0.039830,0.039904,5.236627,-0.000014,-0.006444,-0.022725,-0.021844,3.141593
20760.0,0.038803,-0.023674,0.040632,0.040526,5.236244,0.000072,-0.000286,-0.022982,-0.021880,3.141593
20765.0,-0.004649,0.463200,0.015590,0.016142,5.235476,-0.000043,0.006290,-0.023294,-0.023740,3.141593
20770.0,-0.028567,0.101256,0.028866,0.028931,5.235476,0.000129,-0.019614,-0.022075,-0.022810,3.141593
20775.0,-0.030777,0.026240,0.031633,0.031375,5.235476,-0.000072,-0.000971,-0.022938,-0.022810,3.141593
20780.0,-0.030971,0.023448,0.031419,0.032002,5.235476,-0.000014,0.011605,-0.023494,-0.023740,3.141593
20785.0,-0.030978,0.011891,0.031610,0.031375,5.235476,-0.000057,0.003183,-0.023140,-0.023740,3.141593
20790.0,0.000036,-0.319628,0.048716,0.047520,5.236244,-0.000043,-0.005331,-0.022772,-0.023740,3.141593
20795.0,0.014262,-0.067661,0.039251,0.039903,5.236244,-0.000057,0.013939,-0.023645,-0.024671,3.141593
20800.0,0.015564,-0.034246,0.038111,0.038993,5.236244,-0.000029,-0.003479,-0.022873,-0.023740,3.141593
20805.0,0.015664,-0.027743,0.038025,0.038370,5.236244,0.000014,-0.012362,-0.022471,-0.022810,3.141593
20810.0,0.015571,-0.010694,0.037423,0.037173,5.236244,-0.000029,0.002100,-0.023115,-0.023740,3.141593
20815.0,0.015528,-0.003928,0.037277,0.037173,5.236244,0.000057,-0.005686,-0.022743,-0.022810,3.141593
20820.0,0.015528,-0.011373,0.037751,0.038083,5.235860,-0.000029,-0.006408,-0.022733,-0.023740,3.141593
20825.0,-0.005114,0.105785,0.030678,0.030466,5.235860,0.000043,-0.004630,-0.022784,-0.022810,3.141593
20830.0,-0.007482,0.004973,0.034813,0.035639,5.235860,0.000057,-0.010309,-0.022518,-0.022810,3.141593
20835.0,-0.007739,0.006123,0.034630,0.034729,5.235860,0.000114,-0.011341,-0.022427,-0.022327,3.141593
20840.0,-0.007896,0.015465,0.034062,0.034105,5.235860,-0.000043,0.007735,-0.023305,-0.022810,3.141593
20845.0,-0.007761,0.006773,0.034372,0.034729,5.235860,0.000014,0.015741,-0.023659,-0.023257,3.141593
20850.0,-0.007575,-0.014309,0.035304,0.035639,5.235860,-0.000100,0.013690,-0.023623,-0.023740,3.141593
20855.0,-0.007775,-0.000218,0.034561,0.033820,5.235860,0.000043,-0.009602,-0.022560,-0.022810,3.141593
20860.0,-0.007696,-0.000292,0.034527,0.034445,5.235860,0.000014,-0.014478,-0.022331,-0.022810,3.141593
20865.0,-0.007775,0.011960,0.033902,0.033820,5.235860,-0.000014,0.009220,-0.023384,-0.023740,3.141593
20870.0,-0.007575,0.001008,0.034387,0.034729,5.235860,0.000014,0.010603,-0.023442,-0.023257,3.141593
20875.0,-0.007668,-0.010007,0.034801,0.033820,5.235860,0.000014,-0.002104,-0.022866,-0.022327,3.141593
20880.0,-0.007668,0.005707,0.034069,0.033820,5.235860,0.000072,-0.006180,-0.022653,-0.022327,3.141593
20885.0,-0.007653,0.001312,0.034226,0.034105,5.235860,-0.000057,-0.002716,-0.022834,-0.022810,3.141593
20890.0,-0.007553,-0.003560,0.034447,0.034729,5.235860,-0.000057,-0.003754,-0.022803,-0.022810,3.141593
20895.0,-0.007567,-0.007467,0.034592,0.034729,5.235860,-0.000029,0.016948,-0.023731,-0.024671,3.141593
20900.0,-0.007603,-0.015014,0.034887,0.033820,5.235860,0.000057,-0.009385,-0.022529,-0.021397,3.141593
20905.0,-0.007553,0.005181,0.033991,0.033820,5.235860,-0.000086,0.017611,-0.023778,-0.023704,3.141593
20910.0,-0.007610,0.007330,0.033859,0.033535,5.235860,-0.000057,0.004559,-0.023226,-0.023740,3.141593
20915.0,-0.007653,-0.001786,0.034211,0.033820,5.235860,0.000014,0.002294,-0.023107,-0.023257,3.141593
20920.0,-0.007553,0.003983,0.033959,0.034729,5.235860,0.000057,0.003270,-0.023129,-0.022810,3.141593
20925.0,-0.007524,-0.000827,0.034173,0.034729,5.235860,-0.000086,0.002802,-0.023181,-0.022810,3.141593
20930.0,-0.007474,-0.006017,0.034416,0.034729,5.235860,0.000014,0.014801,-0.023683,-0.023257,3.141593
20935.0,-0.007517,-0.004190,0.034319,0.034729,5.235860,0.000043,-0.003083,-0.022883,-0.022810,3.141593
20940.0,-0.007553,-0.001842,0.034186,0.034729,5.235860,-0.000014,0.000398,-0.023059,-0.022774,3.141593
20945.0,-0.007553,-0.008746,0.034466,0.033820,5.235860,-0.000057,0.008067,-0.023430,-0.023740,3.141593
20950.0,-0.007668,-0.003927,0.034200,0.033820,5.235860,0.000100,-0.003677,-0.022864,-0.022327,3.141593
20955.0,-0.007675,-0.002190,0.034076,0.033820,5.235860,-0.000086,-0.005170,-0.022872,-0.022810,3.141593
20960.0,-0.007696,0.009052,0.033526,0.033820,5.235860,0.000029,0.000120,-0.023095,-0.023740,3.141593
20965.0,-0.007503,-0.015935,0.034648,0.034729,5.235860,-0.000086,-0.000490,-0.023103,-0.021880,3.141593
20970.0,-0.007503,-0.004775,0.034152,0.034729,5.235860,-0.000029,-0.004978,-0.022908,-0.022810,3.141593
20975.0,-0.007567,0.008038,0.033557,0.033820,5.235860,0.000114,-0.004164,-0.022895,-0.022810,3.141593
20980.0,-0.007660,0.002184,0.033750,0.033535,5.235860,0.000100,0.000261,-0.023064,-0.022810,3.141593
20985.0,-0.007517,-0.017987,0.034653,0.034105,5.235860,0.000057,-0.010129,-0.022598,-0.021880,3.141593
20990.0,-0.007575,0.002272,0.033720,0.033820,5.235860,0.000043,0.003106,-0.023173,-0.023257,3.141593
20995.0,-0.007567,-0.009626,0.034229,0.033820,5.235860,-0.000014,0.016196,-0.023760,-0.024187,3.141593
21000.0,-0.007610,0.006536,0.033469,0.032910,5.235860,0.000014,-0.009635,-0.022609,-0.023740,3.141593
21005.0,-0.007639,0.005129,0.033498,0.033820,5.235860,0.000043,0.007356,-0.023333,-0.023257,3.141593
21010.0,-0.007617,-0.006899,0.033996,0.033820,5.235860,0.000014,0.005610,-0.023271,-0.023740,3.141593
21015.0,-0.007539,-0.011022,0.034195,0.034729,5.235860,-0.000029,0.003661,-0.023200,-0.023257,3.141593
21020.0,-0.007496,-0.013042,0.034284,0.033820,5.235860,0.000029,-0.003907,-0.022840,-0.022327,3.141593
21025.0,-0.007567,0.009111,0.033291,0.033820,5.235860,-0.000014,0.007262,-0.023359,-0.023257,3.141593
21030.0,-0.007546,-0.019913,0.034554,0.033820,5.235860,0.000057,-0.015755,-0.022319,-0.021880,3.141593
21035.0,-0.007610,-0.006250,0.033921,0.033820,5.235860,0.000014,0.006538,-0.023314,-0.022810,3.141593
21040.0,-0.007617,0.000595,0.033579,0.032910,5.235860,0.000014,0.006068,-0.023295,-0.023740,3.141593
21045.0,-0.007653,0.003725,0.033393,0.033195,5.235860,0.000114,-0.012785,-0.022407,-0.020949,3.141593
21050.0,-0.007596,-0.012626,0.034092,0.033820,5.235860,0.000057,-0.002801,-0.022850,-0.022327,3.141593
21055.0,-0.007603,0.003760,0.033341,0.034105,5.235860,-0.000043,0.005932,-0.023263,-0.023257,3.141593
21060.0,-0.007596,-0.005374,0.033703,0.034105,5.235860,0.000057,-0.007381,-0.022641,-0.022810,3.141593
21065.0,-0.007467,-0.012617,0.034048,0.033820,5.235860,-0.000100,0.007811,-0.023358,-0.023740,3.141593
21070.0,-0.007553,0.000743,0.033444,0.033820,5.235860,0.000029,0.000989,-0.023019,-0.022327,3.141593
21075.0,-0.007603,0.001711,0.033361,0.034105,5.235860,0.000057,-0.004519,-0.022759,-0.022810,3.141593
21080.0,0.004656,-0.210017,0.043692,0.043257,5.236244,-0.000100,0.001976,-0.023097,-0.023740,3.141593
21085.0,0.014606,-0.053791,0.037973,0.038083,5.236244,0.000029,-0.013020,-0.022404,-0.022810,3.141593
21090.0,0.015543,0.000959,0.035845,0.036550,5.236244,-0.000057,0.016716,-0.023741,-0.024671,3.141593
21095.0,0.015664,-0.013470,0.036682,0.037460,5.236244,-0.000129,0.005316,-0.023272,-0.022327,3.141593
21100.0,0.015492,-0.001146,0.036245,0.036550,5.236244,-0.000072,0.010405,-0.023527,-0.023740,3.141593
21105.0,0.015457,-0.004636,0.036512,0.036550,5.236244,0.000086,0.000630,-0.023042,-0.022327,3.141593
21110.0,-0.003319,0.127670,0.029047,0.029557,5.235860,0.000014,-0.004403,-0.022844,-0.023740,3.141593
21115.0,-0.007381,0.020426,0.033258,0.032910,5.235860,-0.000014,-0.005533,-0.022784,-0.022327,3.141593
21120.0,-0.007796,-0.002740,0.034133,0.034729,5.235860,-0.000086,-0.013781,-0.022461,-0.023740,3.141593
21125.0,-0.007818,-0.001495,0.033954,0.033820,5.235860,0.000086,-0.001190,-0.022966,-0.023740,3.141593
21130.0,-0.007789,0.013922,0.033180,0.032001,5.235860,0.000000,0.000068,-0.023025,-0.023740,3.141593
21135.0,-0.007653,0.000217,0.033767,0.034105,5.235860,0.000114,-0.012694,-0.022407,-0.022810,3.141593
21140.0,0.017853,-0.325589,0.050304,0.051163,5.236627,-0.000014,-0.010061,-0.022535,-0.021880,3.141593
21145.0,0.036650,-0.101934,0.042604,0.042346,5.236627,0.000000,0.003841,-0.023152,-0.022327,3.141593
21150.0,0.038567,-0.015608,0.039360,0.038993,5.236627,-0.000014,-0.014023,-0.022378,-0.022810,3.141593
21155.0,0.031786,0.189858,0.030112,0.029269,5.236244,-0.000029,0.008034,-0.023346,-0.023257,3.141593
21160.0,0.004828,0.262625,0.024599,0.025578,5.235860,0.000043,0.007636,-0.023310,-0.023257,3.141593
21165.0,-0.025556,0.197946,0.024355,0.023476,5.235476,-0.000043,-0.007955,-0.022647,-0.022810,3.141593
21170.0,-0.030713,0.052659,0.029844,0.029275,5.235476,0.000000,-0.010652,-0.022521,-0.022327,3.141593
21175.0,-0.030999,0.024045,0.030744,0.030749,5.235476,-0.000014,-0.019757,-0.022120,-0.021880,3.141593
21180.0,-0.024219,-0.167051,0.039356,0.039902,5.235860,0.000014,-0.005290,-0.022749,-0.021880,3.141593
21185.0,0.006702,-0.242624,0.045457,0.044788,5.236627,-0.000014,0.012055,-0.023544,-0.024671,3.141593
21190.0,0.035212,-0.124801,0.043205,0.042346,5.236627,-0.000057,0.009743,-0.023451,-0.023740,3.141593
21195.0,0.038474,-0.026801,0.039607,0.039904,5.236627,0.000029,0.001207,-0.023044,-0.023740,3.141593
21200.0,0.038688,-0.023492,0.039837,0.039904,5.236627,-0.000143,0.020999,-0.023964,-0.023740,3.141593
21205.0,0.031800,0.179186,0.030690,0.029556,5.236244,0.000000,-0.022544,-0.022024,-0.021397,3.141593
21210.0,-0.001645,0.188340,0.027280,0.028022,5.235860,0.000014,0.018471,-0.023833,-0.024671,3.141593
21215.0,-0.026085,0.166411,0.025766,0.025921,5.235476,-0.000057,0.000482,-0.023050,-0.022327,3.141593
21220.0,-0.030634,0.022176,0.031319,0.031375,5.235476,0.000043,-0.004888,-0.022799,-0.022810,3.141593
21225.0,-0.031099,0.024940,0.030770,0.030466,5.235476,0.000057,-0.021276,-0.022057,-0.021880,3.141593
21230.0,-0.005386,-0.302315,0.047190,0.047807,5.236244,-0.000014,-0.006048,-0.022727,-0.022810,3.141593
21235.0,0.029533,-0.262390,0.048807,0.048431,5.236627,0.000014,0.002225,-0.023074,-0.022327,3.141593
21240.0,0.037916,-0.046194,0.040500,0.040525,5.236627,0.000000,0.000617,-0.023012,-0.022327,3.141593
21245.0,0.038702,-0.024756,0.040013,0.039904,5.236627,-0.000057,0.010815,-0.023498,-0.024671,3.141593
21250.0,0.038588,-0.002534,0.039335,0.039903,5.236244,-0.000014,-0.016712,-0.022287,-0.022810,3.141593
21255.0,0.002031,0.280029,0.023764,0.023476,5.235476,-0.000014,0.010597,-0.023487,-0.023257,3.141593
21260.0,-0.027537,0.156250,0.026159,0.026203,5.235476,-0.000186,0.008380,-0.023461,-0.023740,3.141593
21265.0,-0.030878,0.045477,0.030298,0.030466,5.235476,0.000014,-0.001101,-0.023013,-0.022810,3.141593
21270.0,-0.030942,0.009124,0.031582,0.031093,5.235476,0.000114,-0.019464,-0.022156,-0.022810,3.141593
21275.0,-0.007925,-0.358166,0.049485,0.049340,5.236244,0.000014,0.010129,-0.023473,-0.023740,3.141593
21280.0,0.025442,-0.278013,0.049165,0.048431,5.236627,0.000086,-0.003983,-0.022811,-0.021397,3.141593
21285.0,0.037572,-0.070151,0.041604,0.041435,5.236627,0.000114,-0.009005,-0.022552,-0.021880,3.141593
21290.0,0.038660,-0.030347,0.040335,0.040814,5.236627,-0.000043,-0.000757,-0.022953,-0.022810,3.141593
21295.0,0.038645,-0.008091,0.039681,0.039904,5.236627,0.000072,0.005708,-0.023212,-0.022327,3.141593
21300.0,0.007653,0.318900,0.022805,0.023474,5.235860,-0.000143,0.007697,-0.023375,-0.023740,3.141593
21305.0,-0.022595,0.245198,0.023048,0.023759,5.235476,-0.000014,0.002725,-0.023143,-0.022327,3.141593
21310.0,-0.030420,0.049188,0.030496,0.030466,5.235476,0.000029,-0.017638,-0.022248,-0.022810,3.141593
21315.0,-0.031035,0.033419,0.030767,0.030466,5.235476,0.000057,0.004662,-0.023210,-0.023740,3.141593
21320.0,-0.030999,0.020785,0.031008,0.030466,5.235476,0.000014,-0.001753,-0.022926,-0.022810,3.141593
21325.0,-0.012281,-0.122601,0.038761,0.038993,5.236244,0.000029,0.004646,-0.023202,-0.023740,3.141593
21330.0,0.012503,-0.110615,0.040629,0.040526,5.236244,0.000014,-0.001554,-0.022918,-0.023740,3.141593
21335.0,0.015371,-0.021190,0.037176,0.037460,5.236244,-0.000072,0.020806,-0.023938,-0.024187,3.141593
21340.0,0.015600,-0.029579,0.037750,0.037173,5.236244,0.000000,-0.020170,-0.022124,-0.022810,3.141593
21345.0,0.015528,0.006749,0.036300,0.035640,5.236244,0.000000,0.001565,-0.023080,-0.024671,3.141593
21350.0,0.015521,-0.020275,0.037644,0.037173,5.236244,0.000014,0.017770,-0.023783,-0.023257,3.141593
21355.0,0.015442,0.003140,0.036723,0.037460,5.236244,-0.000014,0.007403,-0.023337,-0.023257,3.141593
21360.0,0.015442,-0.006646,0.037256,0.037173,5.236244,0.000057,-0.015568,-0.022299,-0.020949,3.141593
21365.0,0.003254,0.196634,0.027409,0.028022,5.235860,-0.000029,-0.002320,-0.022910,-0.023257,3.141593
21370.0,-0.006881,0.058610,0.032343,0.032285,5.235860,-0.000029,0.003272,-0.023164,-0.021844,3.141593
21375.0,-0.007782,0.018410,0.033896,0.033820,5.235860,0.000000,-0.009140,-0.022626,-0.022327,3.141593
21380.0,-0.007761,0.009630,0.034190,0.034729,5.235860,0.000014,-0.005859,-0.022779,-0.022810,3.141593
21385.0,-0.007918,-0.000580,0.034465,0.033820,5.235860,0.000086,-0.005293,-0.022764,-0.023740,3.141593
21390.0,-0.007746,0.009982,0.033943,0.034729,5.235860,-0.000014,-0.001713,-0.022919,-0.023740,3.141593
21395.0,-0.007646,0.005660,0.034083,0.032910,5.235860,0.000000,0.000287,-0.022995,-0.021397,3.141593
21400.0,-0.007675,-0.007210,0.034612,0.033820,5.235860,-0.000014,-0.009989,-0.022559,-0.021844,3.141593
21405.0,0.008333,-0.178299,0.043505,0.042346,5.236244,-0.000014,0.005292,-0.023228,-0.023740,3.141593
21410.0,0.014906,-0.035686,0.038056,0.038083,5.236244,-0.000157,-0.003693,-0.022916,-0.022327,3.141593
21415.0,0.015414,-0.015191,0.037335,0.036550,5.236244,0.000000,-0.011434,-0.022559,-0.023740,3.141593
21420.0,0.015464,-0.003665,0.036960,0.037173,5.236244,-0.000014,0.006994,-0.023379,-0.023740,3.141593
21425.0,0.015514,-0.011563,0.037459,0.037173,5.236244,0.000029,-0.005085,-0.022834,-0.022327,3.141593
21430.0,0.015464,0.003325,0.036923,0.037458,5.235860,-0.000029,-0.011309,-0.022581,-0.022810,3.141593
21435.0,-0.005021,0.099686,0.030815,0.030466,5.235860,0.000072,-0.012069,-0.022494,-0.022810,3.141593
21440.0,-0.007675,0.038830,0.033075,0.033195,5.235860,0.000029,-0.002928,-0.022885,-0.022810,3.141593
21445.0,-0.007746,0.007979,0.034331,0.034445,5.235860,0.000014,-0.004779,-0.022806,-0.022810,3.141593
21450.0,-0.007768,-0.003368,0.034733,0.035014,5.235860,0.000029,0.002327,-0.023105,-0.023740,3.141593
21455.0,-0.007789,0.005625,0.034233,0.033820,5.235860,0.000014,-0.004839,-0.022786,-0.021397,3.141593
21460.0,-0.007675,0.006897,0.034132,0.034729,5.235860,0.000072,-0.013277,-0.022401,-0.021844,3.141593
21465.0,-0.007675,0.001145,0.034317,0.033820,5.235860,0.000072,-0.001477,-0.022898,-0.022810,3.141593
21470.0,-0.007682,0.006701,0.034014,0.034729,5.235860,0.000014,-0.004440,-0.022767,-0.022327,3.141593
21475.0,-0.007653,-0.010416,0.034716,0.035639,5.235860,0.000029,-0.000860,-0.022918,-0.023740,3.141593
21480.0,-0.007710,-0.001024,0.034218,0.033820,5.235860,0.000014,0.025224,-0.024070,-0.024671,3.141593
21485.0,-0.007567,0.000286,0.034165,0.034729,5.235860,-0.000072,-0.003818,-0.022820,-0.022810,3.141593
21490.0,-0.007575,0.003587,0.033994,0.033820,5.236244,-0.000014,-0.004519,-0.022787,-0.022810,3.141593
21495.0,0.012767,-0.088125,0.039929,0.039616,5.236244,-0.000029,0.000821,-0.023042,-0.022810,3.141593
21500.0,0.015378,-0.015389,0.037177,0.036263,5.236244,-0.000014,-0.000920,-0.022973,-0.023257,3.141593
21505.0,0.015507,0.006755,0.036380,0.036550,5.236244,-0.000057,0.005221,-0.023264,-0.023740,3.141593
21510.0,0.015543,-0.002763,0.036956,0.037460,5.236244,0.000014,0.003091,-0.023155,-0.023740,3.141593
21515.0,0.015457,0.007969,0.036587,0.036264,5.235860,0.000057,-0.002043,-0.022900,-0.022810,3.141593
21520.0,-0.005043,0.096444,0.030824,0.030466,5.235860,0.000014,-0.007841,-0.022639,-0.023740,3.141593
21525.0,-0.007503,0.009695,0.034315,0.034729,5.235860,-0.000014,-0.000378,-0.022976,-0.022327,3.141593
21530.0,-0.007732,0.013061,0.034051,0.034445,5.235860,-0.000043,-0.002762,-0.022889,-0.022810,3.141593
21535.0,-0.007753,0.018239,0.033719,0.033820,5.235860,0.000014,-0.012628,-0.022442,-0.022810,3.141593
21540.0,-0.007768,0.006496,0.034147,0.033250,5.235860,-0.000014,0.010282,-0.023450,-0.023740,3.141593
21545.0,-0.007646,-0.001372,0.034472,0.034729,5.235860,-0.000014,-0.012481,-0.022446,-0.021880,3.141593
21550.0,-0.007739,0.000155,0.034307,0.033820,5.235860,-0.000014,0.015167,-0.023670,-0.023257,3.141593
21555.0,-0.007739,0.006221,0.033968,0.034105,5.235860,-0.000043,0.018233,-0.023832,-0.023740,3.141593
21560.0,-0.000823,-0.185097,0.042884,0.044167,5.236244,-0.000014,0.006362,-0.023314,-0.022810,3.141593
21565.0,0.013905,-0.077759,0.039702,0.039903,5.236244,-0.000014,-0.006011,-0.022771,-0.021880,3.141593
21570.0,0.015450,-0.014789,0.037261,0.037173,5.236244,0.000014,-0.002465,-0.022927,-0.022810,3.141593
21575.0,0.015564,-0.010639,0.037258,0.037460,5.236244,0.000129,-0.018278,-0.022184,-0.022810,3.141593
21580.0,0.015507,0.003626,0.036752,0.037460,5.236244,-0.000014,0.005829,-0.023267,-0.023740,3.141593
21585.0,0.015428,0.012801,0.036442,0.035353,5.236244,0.000014,-0.010548,-0.022538,-0.021397,3.141593
21590.0,-0.003190,0.130072,0.029706,0.030751,5.235860,-0.000057,0.005984,-0.023319,-0.023257,3.141593
21595.0,-0.007474,0.031155,0.033485,0.033820,5.235860,0.000114,-0.016532,-0.022269,-0.021880,3.141593
21600.0,-0.007796,0.002406,0.034597,0.033820,5.235860,0.000014,-0.001822,-0.022938,-0.023740,3.141593
21605.0,-0.007753,0.010628,0.034145,0.033820,5.235860,0.000129,-0.012322,-0.022417,-0.022810,3.141593
21610.0,-0.007739,0.004824,0.034326,0.033820,5.235860,-0.000114,0.005517,-0.023255,-0.023740,3.141593
21615.0,-0.007718,-0.002274,0.034570,0.034729,5.235860,-0.000043,-0.011159,-0.022508,-0.022810,3.141593
21620.0,-0.007610,-0.007131,0.034760,0.035639,5.235860,-0.000029,0.003977,-0.023179,-0.021844,3.141593
21625.0,-0.007703,0.002314,0.034244,0.034729,5.235860,-0.000014,0.000543,-0.023038,-0.023740,3.141593
21630.0,0.011101,-0.122259,0.041429,0.039616,5.236244,0.000014,0.009144,-0.023406,-0.023740,3.141593
21635.0,0.015156,-0.012706,0.037184,0.037173,5.236244,0.000000,-0.014676,-0.022362,-0.021397,3.141593
21640.0,0.015528,-0.018142,0.037622,0.038370,5.236244,-0.000057,0.002728,-0.023160,-0.023740,3.141593
21645.0,0.015564,-0.003770,0.037148,0.037460,5.236244,0.000029,0.002245,-0.023113,-0.022327,3.141593
21650.0,0.015514,-0.006116,0.037384,0.037173,5.236244,-0.000014,-0.008226,-0.022665,-0.023740,3.141593
21655.0,0.008519,0.189568,0.028301,0.027738,5.235860,0.000086,-0.004458,-0.022780,-0.022810,3.141593
21660.0,-0.006180,0.081285,0.031567,0.031376,5.235860,0.000043,0.006310,-0.023251,-0.023740,3.141593
21665.0,-0.007675,0.019654,0.034014,0.034729,5.235860,-0.000072,-0.000864,-0.022965,-0.022810,3.141593
21670.0,-0.007768,0.015337,0.034098,0.034729,5.235860,-0.000086,-0.011472,-0.022516,-0.022810,3.141593
21675.0,-0.007703,0.007408,0.034374,0.034729,5.235860,-0.000029,-0.006276,-0.022744,-0.022810,3.141593
21680.0,-0.007739,0.012047,0.034075,0.034729,5.235860,-0.000129,0.018494,-0.023887,-0.023740,3.141593
21685.0,-0.007689,0.001099,0.034498,0.033820,5.235860,-0.000029,0.004073,-0.023253,-0.022810,3.141593
21690.0,-0.007739,0.014572,0.033825,0.032910,5.235860,-0.000043,-0.001527,-0.023020,-0.023740,3.141593
21695.0,-0.007675,0.007702,0.034083,0.034729,5.235860,0.000114,-0.009398,-0.022616,-0.022327,3.141593
21700.0,-0.007653,0.008002,0.034011,0.034729,5.235860,0.000072,-0.015119,-0.022349,-0.022810,3.141593
21705.0,-0.007682,0.008362,0.033932,0.033820,5.235860,-0.000014,-0.005781,-0.022761,-0.021844,3.141593
21710.0,-0.000780,-0.204456,0.043820,0.044790,5.236244,-0.000114,0.003584,-0.023234,-0.021880,3.141593
21715.0,0.013862,-0.067186,0.039302,0.039903,5.236244,-0.000057,0.015546,-0.023788,-0.023257,3.141593
21720.0,0.015450,-0.007514,0.037003,0.036886,5.236244,0.000072,-0.020192,-0.022178,-0.022810,3.141593
21725.0,0.015564,-0.009538,0.037271,0.037173,5.236244,0.000072,-0.009275,-0.022617,-0.022810,3.141593
21730.0,0.015514,0.001545,0.036916,0.037460,5.236244,0.000000,0.005919,-0.023290,-0.023740,3.141593
21735.0,-0.003347,0.142742,0.029023,0.029557,5.235860,-0.000014,-0.010068,-0.022584,-0.021880,3.141593
21740.0,-0.007467,0.022888,0.033760,0.032910,5.235860,0.000014,-0.003549,-0.022856,-0.023257,3.141593
21745.0,-0.007675,0.006704,0.034383,0.034729,5.235860,0.000029,-0.001130,-0.022941,-0.022810,3.141593
21750.0,-0.007725,-0.008055,0.034938,0.034729,5.235860,-0.000186,0.007176,-0.023401,-0.023740,3.141593
21755.0,-0.007739,-0.000338,0.034517,0.033820,5.235860,-0.000014,-0.001512,-0.023011,-0.023740,3.141593
21760.0,-0.007718,0.003143,0.034306,0.034729,5.235860,0.000072,0.004327,-0.023240,-0.023740,3.141593
21765.0,-0.007675,-0.001226,0.034439,0.034729,5.235860,0.000014,-0.011983,-0.022529,-0.022327,3.141593
21770.0,-0.007668,0.010493,0.033869,0.033820,5.235860,0.000086,-0.010885,-0.022545,-0.021880,3.141593
21775.0,-0.007675,-0.002164,0.034378,0.034107,5.236244,0.000072,-0.015869,-0.022310,-0.021397,3.141593
21780.0,0.012732,-0.100748,0.040600,0.040526,5.236244,0.000129,0.005931,-0.023230,-0.023257,3.141593
21785.0,0.015328,-0.013327,0.037176,0.037173,5.236244,-0.000029,0.010162,-0.023452,-0.023740,3.141593
21790.0,0.015614,-0.016013,0.037508,0.037460,5.236244,0.000114,-0.014775,-0.022296,-0.022810,3.141593
21795.0,0.015514,-0.002576,0.037044,0.037173,5.236244,-0.000057,0.014614,-0.023627,-0.023257,3.141593
21800.0,0.015428,-0.008035,0.037397,0.037460,5.236244,-0.000157,0.012954,-0.023620,-0.023704,3.141593
21805.0,0.015450,-0.003978,0.037343,0.037173,5.236244,0.000043,-0.016821,-0.022258,-0.021880,3.141593
21810.0,-0.003247,0.132608,0.029720,0.029557,5.235860,0.000072,-0.011159,-0.022474,-0.021844,3.141593
21815.0,-0.007410,0.020282,0.034136,0.033820,5.235860,0.000000,-0.005649,-0.022726,-0.023257,3.141593
21820.0,-0.007854,0.017533,0.034082,0.034105,5.235860,-0.000086,-0.004593,-0.022813,-0.022327,3.141593
21825.0,-0.007839,0.007776,0.034397,0.034729,5.235860,-0.000029,0.003355,-0.023160,-0.023257,3.141593
21830.0,-0.007725,-0.013885,0.035280,0.035354,5.235860,0.000000,-0.010269,-0.022557,-0.022810,3.141593
21835.0,-0.007718,0.007692,0.034249,0.034729,5.235860,0.000014,0.000485,-0.023024,-0.022810,3.141593
21840.0,-0.007610,0.001681,0.034479,0.034729,5.235860,-0.000014,0.008239,-0.023381,-0.022327,3.141593
21845.0,-0.007639,-0.003531,0.034647,0.034729,5.235860,-0.000043,-0.003193,-0.022906,-0.023740,3.141593
21850.0,-0.007675,0.010929,0.033947,0.034729,5.235860,0.000072,-0.016562,-0.022276,-0.022810,3.141593
21855.0,0.008440,-0.166213,0.043148,0.042346,5.236244,0.000014,-0.006193,-0.022736,-0.022810,3.141593
21860.0,0.014877,-0.037447,0.038277,0.038083,5.236244,0.000014,0.017761,-0.023795,-0.023740,3.141593
21865.0,0.015585,-0.017408,0.037667,0.038370,5.236244,-0.000014,0.003971,-0.023185,-0.023740,3.141593
21870.0,0.015428,-0.001202,0.037035,0.037173,5.236244,-0.000014,0.012218,-0.023550,-0.024671,3.141593
21875.0,0.015628,-0.032621,0.038617,0.038993,5.236244,-0.000014,0.002617,-0.023140,-0.022327,3.141593
21880.0,0.003154,0.215933,0.026693,0.028932,5.235860,-0.000029,0.000632,-0.023070,-0.023257,3.141593
21885.0,-0.006788,0.044864,0.033129,0.033195,5.235860,-0.000014,-0.000882,-0.023002,-0.022810,3.141593
21890.0,-0.007782,0.027114,0.033678,0.033820,5.235860,0.000043,0.000862,-0.023041,-0.023740,3.141593
21895.0,-0.007782,-0.004640,0.034978,0.035639,5.235860,0.000014,-0.008832,-0.022594,-0.021880,3.141593
21900.0,-0.007675,0.003253,0.034579,0.034729,5.235860,0.000072,-0.012587,-0.022398,-0.022327,3.141593
21905.0,-0.007768,0.012656,0.034056,0.034729,5.235860,-0.000057,0.004590,-0.023195,-0.022810,3.141593
21910.0,-0.007675,0.000462,0.034532,0.034729,5.235860,-0.000043,0.003419,-0.023158,-0.023257,3.141593
21915.0,-0.007689,0.002751,0.034360,0.034729,5.235860,0.000014,-0.002618,-0.022870,-0.022810,3.141593
21920.0,-0.007603,-0.022823,0.035459,0.035354,5.235860,0.000000,-0.001867,-0.022908,-0.023740,3.141593
21925.0,-0.007617,0.000593,0.034394,0.033820,5.235860,0.000043,-0.006458,-0.022685,-0.021397,3.141593
21930.0,0.008383,-0.183748,0.043873,0.043257,5.236244,-0.000014,-0.013009,-0.022407,-0.022810,3.141593
21935.0,0.014956,-0.033154,0.038078,0.038083,5.236244,0.000043,-0.009054,-0.022548,-0.021880,3.141593
21940.0,0.015557,-0.018202,0.037655,0.037173,5.236244,-0.000114,0.004679,-0.023220,-0.023740,3.141593
21945.0,0.015442,0.009285,0.036565,0.036263,5.236244,0.000029,0.003401,-0.023126,-0.023257,3.141593
21950.0,0.015435,-0.005206,0.037323,0.037460,5.236244,0.000000,-0.016725,-0.022234,-0.022810,3.141593
21955.0,-0.000694,0.176683,0.027970,0.027738,5.235860,0.000029,-0.005205,-0.022714,-0.022810,3.141593
21960.0,-0.007145,0.045053,0.033027,0.032910,5.235860,0.000014,0.011876,-0.023471,-0.024671,3.141593
21965.0,-0.014613,0.200286,0.025475,0.025294,5.235476,-0.000029,-0.002046,-0.022867,-0.021844,3.141593
21970.0,-0.029347,0.065137,0.029731,0.029557,5.235476,0.000014,-0.002801,-0.022834,-0.023740,3.141593
21975.0,-0.030770,0.010671,0.031711,0.030810,5.235476,-0.000057,0.021999,-0.023943,-0.023740,3.141593
21980.0,-0.023983,-0.194204,0.041024,0.041436,5.235860,-0.000029,-0.010652,-0.022510,-0.021397,3.141593
21985.0,0.002918,-0.242680,0.045521,0.045077,5.236244,0.000057,0.004289,-0.023150,-0.023257,3.141593
21990.0,0.026708,-0.270312,0.049113,0.048431,5.236627,-0.000072,0.003403,-0.023144,-0.023740,3.141593
21995.0,0.037730,-0.053446,0.041073,0.040525,5.236627,0.000000,-0.012476,-0.022431,-0.023740,3.141593
22000.0,0.038760,-0.028942,0.040523,0.040814,5.236627,0.000114,-0.009206,-0.022520,-0.022327,3.141593
22005.0,0.022545,0.170625,0.030605,0.031376,5.235860,-0.000014,0.010226,-0.023398,-0.022810,3.141593
22010.0,-0.004442,0.127147,0.029980,0.029842,5.235860,-0.000014,0.005269,-0.023172,-0.023740,3.141593
22015.0,-0.023611,0.185375,0.025547,0.026203,5.235476,0.000057,0.003899,-0.023071,-0.022327,3.141593
22020.0,-0.030377,0.038174,0.031011,0.032284,5.235476,0.000014,-0.001127,-0.022866,-0.022810,3.141593
22025.0,-0.030928,0.018587,0.031493,0.031375,5.235476,-0.000014,-0.006091,-0.022659,-0.022810,3.141593
22030.0,-0.030892,0.021741,0.031075,0.031375,5.235476,-0.000086,0.015167,-0.023634,-0.023740,3.141593
22035.0,-0.014691,-0.174954,0.040951,0.040812,5.235860,0.000000,0.014787,-0.023605,-0.024671,3.141593
22040.0,0.010557,-0.154791,0.042444,0.041436,5.236244,-0.000043,-0.007965,-0.022615,-0.022810,3.141593
22045.0,0.015292,-0.024031,0.037396,0.038083,5.236244,0.000072,-0.005830,-0.022659,-0.022810,3.141593
22050.0,0.015700,-0.019524,0.037470,0.037173,5.236244,-0.000114,0.016588,-0.023707,-0.024671,3.141593
22055.0,0.015564,-0.005817,0.037001,0.037460,5.236244,-0.000057,-0.010129,-0.022533,-0.022810,3.141593
22060.0,0.015600,-0.017504,0.037684,0.037173,5.236244,-0.000014,-0.011937,-0.022444,-0.021397,3.141593
22065.0,0.015485,0.010407,0.036582,0.037173,5.236244,0.000043,0.004237,-0.023129,-0.023740,3.141593
22070.0,-0.000572,0.159423,0.028711,0.029842,5.235860,0.000029,-0.015963,-0.022220,-0.021880,3.141593
22075.0,-0.007296,0.050130,0.032687,0.032910,5.235860,-0.000014,-0.000209,-0.022920,-0.022810,3.141593
22080.0,-0.007718,0.018952,0.033915,0.032910,5.235860,0.000043,0.000371,-0.022925,-0.023740,3.141593
22085.0,-0.007739,0.004711,0.034457,0.034729,5.235860,-0.000100,0.017053,-0.023698,-0.023257,3.141593
22090.0,-0.007739,0.004906,0.034353,0.033820,5.235860,-0.000043,-0.001223,-0.022901,-0.023740,3.141593
22095.0,-0.007703,0.006019,0.034241,0.034729,5.235860,0.000014,0.000052,-0.022934,-0.022327,3.141593
22100.0,-0.007703,0.012308,0.033879,0.033820,5.235860,0.000014,-0.001653,-0.022870,-0.022327,3.141593
22105.0,-0.007589,-0.000445,0.034426,0.034729,5.235860,0.000014,-0.002417,-0.022832,-0.022810,3.141593
22110.0,-0.007675,0.007076,0.034030,0.033820,5.235860,0.000014,-0.002353,-0.022828,-0.022810,3.141593
22115.0,-0.007703,0.001759,0.034202,0.033820,5.235860,-0.000014,0.013260,-0.023524,-0.021844,3.141593
22120.0,-0.000715,-0.197700,0.043541,0.044167,5.236244,-0.000029,-0.008628,-0.022597,-0.022810,3.141593
22125.0,0.013855,-0.066958,0.039284,0.039903,5.236244,0.000057,-0.017372,-0.022184,-0.021397,3.141593
22130.0,0.015478,-0.025059,0.037788,0.038083,5.236244,-0.000014,0.018597,-0.023797,-0.024671,3.141593
22135.0,0.015528,-0.008314,0.037208,0.035976,5.236244,-0.000043,-0.006182,-0.022707,-0.023740,3.141593
22140.0,0.015550,-0.003771,0.037179,0.037460,5.236244,-0.000029,0.011266,-0.023493,-0.024671,3.141593
22145.0,0.003176,0.184319,0.027948,0.028647,5.235860,-0.000014,0.001258,-0.023050,-0.022810,3.141593
22150.0,-0.006759,0.055821,0.032529,0.032001,5.235860,0.000014,-0.008144,-0.022624,-0.020019,3.141593
22155.0,-0.014555,0.213920,0.024823,0.024668,5.235476,0.000014,-0.007075,-0.022694,-0.022810,3.141593
22160.0,-0.029204,0.074460,0.029315,0.029840,5.235476,-0.000057,0.013097,-0.023599,-0.023740,3.141593
22165.0,-0.030799,0.026640,0.030951,0.031375,5.235476,0.000086,-0.010018,-0.022530,-0.022810,3.141593
22170.0,-0.030899,-0.004322,0.032017,0.032284,5.235476,0.000014,-0.001095,-0.022916,-0.023257,3.141593
22175.0,0.000050,-0.313384,0.048130,0.047520,5.236244,0.000014,-0.008641,-0.022577,-0.021397,3.141593
22180.0,0.033052,-0.203183,0.046671,0.045699,5.236627,-0.000014,0.011820,-0.023500,-0.022327,3.141593
22185.0,0.038388,-0.050409,0.040923,0.041725,5.236627,-0.000014,0.005697,-0.023254,-0.022291,3.141593
22190.0,0.038760,-0.033556,0.040600,0.039904,5.236627,0.000000,0.001529,-0.023072,-0.023257,3.141593
22195.0,0.038702,-0.019758,0.040349,0.039616,5.236244,0.000100,-0.006228,-0.022686,-0.022810,3.141593
22200.0,0.005944,0.286234,0.024183,0.025578,5.235860,-0.000086,-0.001554,-0.022947,-0.023740,3.141593
22205.0,-0.025277,0.168727,0.026246,0.027395,5.235476,-0.000014,-0.003532,-0.022849,-0.022327,3.141593
22210.0,-0.030556,0.040547,0.031000,0.030466,5.235476,0.000129,-0.009674,-0.022522,-0.022810,3.141593
22215.0,-0.031064,0.029381,0.031082,0.031093,5.235476,0.000014,0.000881,-0.022991,-0.022810,3.141593
22220.0,-0.024161,-0.174525,0.040286,0.040812,5.235860,-0.000043,0.005874,-0.023239,-0.022810,3.141593
22225.0,0.009391,-0.188894,0.043998,0.043879,5.236244,-0.000086,0.009034,-0.023410,-0.023257,3.141593
22230.0,0.015056,-0.017794,0.037209,0.038083,5.236244,0.000014,0.005569,-0.023240,-0.023740,3.141593
22235.0,0.015600,-0.015031,0.037330,0.037173,5.236244,-0.000057,-0.004426,-0.022812,-0.022327,3.141593
22240.0,0.015593,0.002065,0.036749,0.037173,5.236244,-0.000072,0.012440,-0.023583,-0.024671,3.141593
22245.0,0.015514,-0.004861,0.037181,0.037460,5.236244,-0.000072,0.022013,-0.024013,-0.024187,3.141593
22250.0,0.015392,-0.014920,0.037708,0.037173,5.236244,0.000086,-0.012205,-0.022462,-0.021880,3.141593
22255.0,0.015492,0.011028,0.036721,0.037173,5.236244,-0.000043,0.022393,-0.024020,-0.024187,3.141593
22260.0,-0.000708,0.175231,0.028118,0.028932,5.235860,-0.000100,0.005452,-0.023319,-0.023740,3.141593
22265.0,-0.007181,0.036002,0.033479,0.032001,5.235860,0.000014,0.005874,-0.023313,-0.024187,3.141593
22270.0,-0.007746,0.008788,0.034525,0.033820,5.235860,0.000043,0.002877,-0.023160,-0.023740,3.141593
22275.0,-0.007768,-0.002514,0.034924,0.035639,5.235860,0.000057,-0.020320,-0.022115,-0.022810,3.141593
22280.0,-0.007703,0.011998,0.034205,0.033820,5.235860,-0.000014,0.003416,-0.023163,-0.023740,3.141593
22285.0,-0.007732,0.013200,0.034076,0.034729,5.235860,-0.000014,0.015781,-0.023714,-0.022810,3.141593
22290.0,-0.007789,0.005057,0.034314,0.034729,5.235860,0.000014,-0.020187,-0.022136,-0.022810,3.141593
22295.0,-0.007603,-0.010723,0.034985,0.034729,5.235860,0.000014,-0.005977,-0.022753,-0.023740,3.141593
22300.0,-0.007718,0.015421,0.033748,0.032910,5.235860,0.000029,-0.003404,-0.022838,-0.021397,3.141593
22305.0,-0.007675,0.006150,0.034109,0.034105,5.235860,-0.000157,0.031678,-0.024486,-0.024671,3.141593
22310.0,-0.007653,0.007024,0.034026,0.033820,5.235860,0.000000,-0.013909,-0.022452,-0.022327,3.141593
22315.0,-0.007539,0.007806,0.033994,0.034729,5.235860,-0.000014,0.009729,-0.023505,-0.022327,3.141593
22320.0,-0.007696,0.009355,0.033833,0.033820,5.236244,0.000114,-0.009368,-0.022616,-0.022327,3.141593
22325.0,0.012803,-0.098128,0.040495,0.039903,5.236244,0.000014,-0.012273,-0.022506,-0.022810,3.141593
22330.0,0.015407,-0.023080,0.037648,0.038083,5.236244,0.000086,-0.022480,-0.022027,-0.022810,3.141593
22335.0,0.015543,-0.013089,0.037378,0.036263,5.236244,0.000014,0.003469,-0.023158,-0.023740,3.141593
22340.0,0.015521,0.000317,0.036946,0.037173,5.236244,-0.000057,0.002685,-0.023139,-0.023740,3.141593
22345.0,0.003254,0.181615,0.028060,0.028932,5.235860,0.000072,-0.018261,-0.022166,-0.022810,3.141593
22350.0,-0.013497,0.235886,0.024091,0.022850,5.235476,0.000057,0.009561,-0.023364,-0.023740,3.141593
22355.0,-0.029182,0.076424,0.029342,0.029557,5.235476,-0.000143,0.016675,-0.023740,-0.023740,3.141593
22360.0,-0.030820,0.016989,0.031488,0.031375,5.235476,0.000057,-0.010187,-0.022529,-0.022327,3.141593
22365.0,-0.024011,-0.190425,0.040888,0.041436,5.235860,-0.000014,0.005097,-0.023219,-0.022810,3.141593
22370.0,0.006723,-0.227942,0.045280,0.044790,5.236244,0.000057,-0.011831,-0.022454,-0.021880,3.141593
22375.0,0.014920,-0.047466,0.038372,0.038993,5.236244,0.000014,-0.012049,-0.022453,-0.023740,3.141593
22380.0,0.015686,-0.031347,0.037966,0.038993,5.236244,-0.000072,-0.005034,-0.022782,-0.022810,3.141593
22385.0,0.015564,-0.002066,0.036816,0.037460,5.236244,0.000014,-0.013446,-0.022389,-0.022327,3.141593
22390.0,0.015514,-0.001395,0.036920,0.037173,5.236244,0.000057,0.001143,-0.023026,-0.023740,3.141593
22395.0,0.015421,-0.006854,0.037260,0.037173,5.236244,0.000072,0.007073,-0.023252,-0.023257,3.141593
22400.0,0.015399,0.006843,0.036758,0.037173,5.236244,-0.000043,0.002091,-0.023057,-0.023257,3.141593
22405.0,-0.003283,0.132049,0.029618,0.029557,5.235860,0.000014,0.004952,-0.023168,-0.023740,3.141593
22410.0,-0.007417,0.020488,0.034009,0.033820,5.235860,-0.000057,0.014762,-0.023619,-0.023740,3.141593
22415.0,-0.007746,0.006645,0.034493,0.033820,5.235860,-0.000086,0.011501,-0.023513,-0.024671,3.141593
22420.0,-0.007761,0.009409,0.034280,0.033820,5.235860,0.000043,-0.003015,-0.022831,-0.022810,3.141593
22425.0,-0.007882,0.008713,0.034162,0.033820,5.235860,0.000014,-0.001402,-0.022899,-0.022810,3.141593
22430.0,-0.007746,0.011531,0.033980,0.033820,5.235860,-0.000072,0.012272,-0.023531,-0.023257,3.141593
22435.0,-0.007689,-0.002719,0.034562,0.034729,5.235860,-0.000014,0.010637,-0.023462,-0.023740,3.141593
22440.0,-0.007582,0.002016,0.034350,0.035639,5.235860,0.000014,0.004314,-0.023161,-0.023740,3.141593
22445.0,-0.007725,0.014038,0.033730,0.032910,5.235860,0.000014,-0.001634,-0.022886,-0.022327,3.141593
22450.0,-0.007596,-0.016308,0.035065,0.034729,5.235860,0.000000,0.011141,-0.023469,-0.023257,3.141593
22455.0,-0.007596,-0.009121,0.034724,0.034729,5.235860,-0.000057,-0.008153,-0.022648,-0.021880,3.141593
22460.0,-0.007675,0.010388,0.033797,0.033820,5.235860,0.000014,0.002483,-0.023117,-0.023257,3.141593
22465.0,-0.007610,-0.004958,0.034447,0.034729,5.235860,0.000057,-0.005995,-0.022735,-0.022327,3.141593
22470.0,-0.007718,-0.002888,0.034272,0.033820,5.235860,0.000086,-0.004114,-0.022794,-0.022810,3.141593
22475.0,-0.007482,-0.016624,0.034929,0.035014,5.235860,0.000000,-0.002530,-0.022866,-0.023740,3.141593
22480.0,-0.007739,0.010466,0.033628,0.032910,5.235860,0.000029,-0.006613,-0.022663,-0.022810,3.141593
22485.0,-0.007646,-0.008325,0.034430,0.033535,5.235860,-0.000100,0.000521,-0.023017,-0.021880,3.141593
22490.0,-0.007603,0.013243,0.033466,0.032910,5.235860,-0.000072,0.000436,-0.023041,-0.023740,3.141593
22495.0,-0.007646,0.009204,0.033596,0.033820,5.235860,0.000086,-0.000476,-0.022955,-0.022327,3.141593
22500.0,-0.007603,0.006620,0.033689,0.033820,5.235860,0.000000,-0.009285,-0.022589,-0.023740,3.141593
22505.0,-0.007467,-0.005840,0.034260,0.034729,5.235860,-0.000014,-0.003151,-0.022861,-0.022810,3.141593
22510.0,-0.007503,0.002562,0.033884,0.034729,5.235860,0.000086,-0.017833,-0.022168,-0.020913,3.141593
22515.0,-0.007532,-0.003996,0.034154,0.034105,5.235860,-0.000043,-0.004377,-0.022807,-0.023740,3.141593
22520.0,-0.007617,-0.000009,0.033938,0.033820,5.235860,0.000000,0.002418,-0.023094,-0.022810,3.141593
22525.0,0.004520,-0.202050,0.043786,0.042059,5.236244,-0.000014,0.007666,-0.023343,-0.024671,3.141593
22530.0,0.014606,-0.048983,0.038238,0.037173,5.236244,0.000029,0.008861,-0.023375,-0.023740,3.141593
22535.0,0.015600,-0.021622,0.037362,0.037173,5.236244,-0.000014,-0.006081,-0.022729,-0.023740,3.141593
22540.0,0.015564,-0.002230,0.036663,0.036550,5.236244,0.000057,-0.002120,-0.022859,-0.022327,3.141593
22545.0,-0.003161,0.141234,0.028759,0.029557,5.235860,-0.000072,-0.003718,-0.022840,-0.022327,3.141593
22550.0,-0.026100,0.153808,0.025933,0.025294,5.235476,-0.000057,-0.000989,-0.022984,-0.022810,3.141593
22555.0,-0.030577,0.028215,0.030699,0.030466,5.235476,0.000057,-0.002412,-0.022884,-0.022810,3.141593
22560.0,-0.030913,0.026574,0.030444,0.030466,5.235476,-0.000029,0.011171,-0.023505,-0.023740,3.141593
22565.0,-0.030777,0.008737,0.031009,0.031376,5.235860,0.000086,-0.002416,-0.022864,-0.022327,3.141593
22570.0,0.008333,-0.209171,0.044043,0.042677,5.236627,-0.000114,-0.007254,-0.022722,-0.022810,3.141593
22575.0,0.035412,-0.126207,0.043226,0.044167,5.236627,0.000100,-0.009139,-0.022590,-0.022327,3.141593
22580.0,0.038581,-0.028880,0.039678,0.039904,5.236627,-0.000057,0.003590,-0.023198,-0.023740,3.141593
22585.0,0.038867,-0.021347,0.039791,0.039903,5.236244,0.000014,0.004467,-0.023213,-0.023740,3.141593
22590.0,0.006051,0.278411,0.023936,0.025294,5.235860,0.000014,-0.003228,-0.022866,-0.022810,3.141593
22595.0,-0.013375,0.246289,0.023454,0.022850,5.235476,0.000057,0.006325,-0.023261,-0.022774,3.141593
22600.0,-0.029368,0.082719,0.028778,0.029557,5.235476,-0.000043,-0.009333,-0.022596,-0.022810,3.141593
22605.0,-0.030799,0.021209,0.031033,0.031093,5.235476,0.000014,-0.016587,-0.022260,-0.021880,3.141593
22610.0,-0.030863,-0.003665,0.031844,0.031093,5.235476,-0.000100,0.025259,-0.024155,-0.024671,3.141593
22615.0,0.000079,-0.305129,0.047629,0.046610,5.236244,-0.000043,-0.009268,-0.022634,-0.023257,3.141593
22620.0,0.014184,-0.055681,0.038217,0.038083,5.236244,0.000057,-0.002183,-0.022909,-0.022810,3.141593
22625.0,0.015514,-0.006693,0.036392,0.036550,5.236244,0.000072,-0.007753,-0.022644,-0.023257,3.141593
22630.0,0.015621,-0.010815,0.036770,0.036263,5.236244,-0.000014,0.002355,-0.023095,-0.022810,3.141593
22635.0,0.015492,-0.006024,0.036688,0.036550,5.236244,0.000086,-0.011343,-0.022457,-0.022810,3.141593
22640.0,0.015500,-0.009446,0.036985,0.035976,5.236244,-0.000057,0.021019,-0.023914,-0.024187,3.141593
22645.0,0.015478,0.004119,0.036512,0.036264,5.235860,0.000072,-0.013455,-0.022355,-0.023740,3.141593
22650.0,-0.005000,0.093481,0.030733,0.030466,5.235860,0.000000,-0.000404,-0.022925,-0.023257,3.141593
22655.0,-0.007653,0.010454,0.033981,0.033820,5.235860,-0.000086,0.000267,-0.022989,-0.023740,3.141593
22660.0,-0.007775,0.005676,0.034077,0.033820,5.235860,-0.000086,0.007337,-0.023321,-0.023740,3.141593
22665.0,-0.007803,0.025317,0.033105,0.034105,5.235860,0.000000,-0.001223,-0.022926,-0.023740,3.141593
22670.0,-0.007825,0.010756,0.033618,0.032910,5.235860,-0.000014,-0.001126,-0.022935,-0.022810,3.141593
22675.0,-0.007703,0.001598,0.033982,0.034105,5.235860,-0.000014,0.012042,-0.023519,-0.023740,3.141593
22680.0,-0.007689,0.008808,0.033611,0.032910,5.235860,-0.000057,0.008710,-0.023403,-0.022810,3.141593
22685.0,0.004535,-0.197812,0.043680,0.041436,5.236244,0.000000,-0.003826,-0.022854,-0.023740,3.141593
22690.0,0.014563,-0.040553,0.037926,0.038993,5.236244,0.000000,0.010191,-0.023465,-0.024671,3.141593
22695.0,0.015621,-0.023793,0.037498,0.038370,5.236244,-0.000014,0.001082,-0.023060,-0.023740,3.141593
22700.0,0.015600,-0.011317,0.037107,0.037173,5.236244,0.000000,0.016466,-0.023729,-0.024671,3.141593
22705.0,0.015514,-0.002525,0.036842,0.037173,5.236244,0.000000,0.000540,-0.023018,-0.022810,3.141593
22710.0,-0.000715,0.173852,0.027699,0.028022,5.235860,-0.000043,-0.001947,-0.022932,-0.022810,3.141593
22715.0,-0.007217,0.032518,0.033154,0.032001,5.235860,0.000086,-0.000852,-0.022936,-0.022327,3.141593
22720.0,-0.007675,0.003578,0.034307,0.033820,5.235860,0.000114,-0.006204,-0.022679,-0.021397,3.141593
22725.0,-0.007868,0.022567,0.033315,0.032910,5.235860,-0.000057,-0.009570,-0.022587,-0.021880,3.141593
22730.0,-0.007696,-0.004520,0.034466,0.034729,5.235860,-0.000100,-0.001324,-0.022988,-0.023257,3.141593
22735.0,-0.007753,0.000306,0.034155,0.034105,5.235860,-0.000072,0.000634,-0.023083,-0.023257,3.141593
22740.0,-0.007746,0.002206,0.033986,0.033820,5.235860,0.000043,-0.018080,-0.022223,-0.023740,3.141593
22745.0,-0.007689,0.000553,0.034007,0.033820,5.235860,0.000100,-0.013188,-0.022378,-0.022810,3.141593
22750.0,-0.007675,0.004551,0.033783,0.033820,5.235860,-0.000029,-0.002943,-0.022848,-0.023740,3.141593
22755.0,-0.007596,-0.009186,0.034369,0.033820,5.235860,0.000000,-0.000267,-0.022947,-0.023257,3.141593
22760.0,-0.007732,0.010447,0.033419,0.033820,5.235860,-0.000014,-0.014676,-0.022313,-0.021880,3.141593
22765.0,-0.007567,-0.004875,0.034086,0.033820,5.235860,0.000014,-0.000313,-0.022941,-0.023740,3.141593
22770.0,-0.007567,-0.009265,0.034261,0.033820,5.235860,-0.000057,-0.001397,-0.022919,-0.024223,3.141593
22775.0,-0.007639,-0.008664,0.034192,0.034729,5.235860,-0.000014,0.000867,-0.022990,-0.022810,3.141593
22780.0,-0.007575,-0.001373,0.033857,0.033820,5.235860,0.000014,0.007807,-0.023297,-0.022327,3.141593
22785.0,-0.007567,-0.005992,0.034041,0.033820,5.235860,0.000029,-0.015345,-0.022273,-0.022810,3.141593
22790.0,-0.007617,0.010526,0.033274,0.033820,5.235860,0.000014,-0.005746,-0.022691,-0.020466,3.141593
22795.0,-0.007589,-0.008000,0.034067,0.033820,5.235860,-0.000114,-0.013354,-0.022435,-0.022810,3.141593
22800.0,-0.007575,-0.001115,0.033755,0.033820,5.235860,0.000014,0.006538,-0.023286,-0.023740,3.141593
22805.0,-0.007725,0.009363,0.033205,0.032910,5.235860,0.000029,-0.008233,-0.022620,-0.022810,3.141593
22810.0,-0.007653,-0.003740,0.033758,0.033195,5.235860,0.000129,-0.012290,-0.022385,-0.022810,3.141593
22815.0,-0.007496,-0.013751,0.034236,0.034729,5.235860,-0.000072,0.004570,-0.023172,-0.023257,3.141593
22820.0,-0.007539,-0.006701,0.033903,0.034105,5.235860,-0.000014,0.010925,-0.023457,-0.024671,3.141593
22825.0,-0.007582,0.008465,0.033191,0.032910,5.235860,-0.000172,0.013487,-0.023636,-0.022810,3.141593
22830.0,-0.007589,0.008731,0.033160,0.034105,5.235860,0.000000,0.012227,-0.023568,-0.023257,3.141593
22835.0,-0.007432,-0.015213,0.034259,0.033820,5.235860,0.000014,0.000624,-0.023053,-0.023740,3.141593
22840.0,-0.007575,0.004575,0.033353,0.032910,5.235860,0.000086,0.001479,-0.023057,-0.022327,3.141593
22845.0,-0.007646,0.000299,0.033489,0.032910,5.236244,0.000029,-0.006399,-0.022710,-0.022327,3.141593
22850.0,0.012774,-0.094517,0.039573,0.038706,5.236244,0.000057,-0.006712,-0.022680,-0.022810,3.141593
22855.0,0.015378,-0.017333,0.036629,0.035640,5.236244,-0.000029,-0.007493,-0.022670,-0.023740,3.141593
22860.0,0.015614,-0.006195,0.036355,0.036550,5.236244,-0.000057,0.010661,-0.023494,-0.024187,3.141593
22865.0,0.015457,-0.003276,0.036329,0.036263,5.236244,-0.000014,0.001357,-0.023078,-0.023740,3.141593
22870.0,0.008605,0.190437,0.027378,0.026828,5.235860,0.000043,0.001622,-0.023061,-0.023257,3.141593
22875.0,-0.006065,0.054459,0.031902,0.032625,5.235860,0.000043,-0.005111,-0.022759,-0.022810,3.141593
22880.0,-0.007603,0.001058,0.033999,0.033820,5.235860,-0.000029,-0.005538,-0.022756,-0.023740,3.141593
22885.0,-0.007796,0.007585,0.033584,0.032625,5.235860,0.000057,0.005537,-0.023200,-0.021397,3.141593
22890.0,-0.007803,0.005204,0.033594,0.032910,5.235860,-0.000086,-0.004926,-0.022796,-0.021397,3.141593
22895.0,-0.007782,0.004208,0.033561,0.032910,5.235860,0.000014,-0.002166,-0.022917,-0.022810,3.141593
22900.0,-0.007646,-0.007911,0.034074,0.033820,5.235860,0.000000,-0.004388,-0.022824,-0.022327,3.141593
22905.0,0.008419,-0.173343,0.042742,0.042346,5.236244,0.000086,0.011647,-0.023501,-0.022810,3.141593
22910.0,0.015049,-0.037585,0.037631,0.036886,5.236244,-0.000057,-0.007475,-0.022705,-0.022810,3.141593
22915.0,0.015464,0.012271,0.035625,0.034730,5.236244,-0.000057,-0.004259,-0.022848,-0.023740,3.141593
22920.0,0.015571,0.004260,0.036156,0.035640,5.236244,0.000057,-0.005022,-0.022779,-0.023740,3.141593
22925.0,0.015428,0.017240,0.035683,0.035640,5.236244,-0.000072,0.001908,-0.023116,-0.023740,3.141593
22930.0,-0.000694,0.184830,0.026956,0.028021,5.235476,0.000043,-0.005828,-0.022734,-0.022327,3.141593
22935.0,-0.027659,0.129567,0.026636,0.027112,5.235476,0.000100,-0.016560,-0.022216,-0.022810,3.141593
22940.0,-0.030756,0.028029,0.030455,0.031093,5.235476,-0.000014,0.018874,-0.023785,-0.022774,3.141593
22945.0,-0.030885,0.018490,0.030568,0.031375,5.235476,-0.000100,-0.000293,-0.022993,-0.023257,3.141593
22950.0,-0.007911,-0.357796,0.048849,0.048430,5.236244,-0.000086,-0.005192,-0.022804,-0.022810,3.141593
22955.0,0.020163,-0.288026,0.048549,0.049342,5.236627,0.000129,0.001858,-0.023057,-0.022810,3.141593
22960.0,0.036929,-0.086826,0.041658,0.042346,5.236627,-0.000057,-0.007023,-0.022710,-0.021880,3.141593
22965.0,0.038652,-0.021865,0.039355,0.039904,5.236627,0.000014,0.005950,-0.023270,-0.023740,3.141593
22970.0,0.038753,-0.025089,0.039873,0.039616,5.236244,0.000114,-0.013844,-0.022345,-0.022810,3.141593
22975.0,0.002089,0.267370,0.023905,0.024669,5.235860,-0.000029,-0.002707,-0.022855,-0.022810,3.141593
22980.0,-0.013819,0.223987,0.024235,0.023476,5.235476,0.000029,-0.000996,-0.022914,-0.021397,3.141593
22985.0,-0.029311,0.075982,0.028943,0.028931,5.235476,-0.000114,-0.007137,-0.022723,-0.023740,3.141593
22990.0,-0.030942,0.034287,0.030262,0.030466,5.235476,0.000100,0.002525,-0.023073,-0.022327,3.141593
22995.0,-0.030949,0.008281,0.031100,0.031376,5.235860,-0.000029,-0.003623,-0.022821,-0.022774,3.141593
23000.0,0.001738,-0.275078,0.046282,0.045699,5.236627,0.000057,-0.010515,-0.022492,-0.022810,3.141593
23005.0,0.034711,-0.157102,0.044452,0.044788,5.236627,-0.000186,0.015805,-0.023739,-0.023257,3.141593
23010.0,0.038466,-0.029305,0.039599,0.039904,5.236627,-0.000014,-0.007223,-0.022718,-0.022327,3.141593
23015.0,0.038674,-0.013295,0.039266,0.039904,5.236627,0.000072,0.004889,-0.023228,-0.023740,3.141593
23020.0,0.031843,0.170538,0.030984,0.030754,5.236244,0.000129,-0.005042,-0.022726,-0.022810,3.141593
23025.0,0.004764,0.254172,0.024940,0.026203,5.235476,0.000072,-0.008239,-0.022571,-0.022327,3.141593
23030.0,-0.027101,0.149451,0.026333,0.027112,5.235476,-0.000057,0.005980,-0.023244,-0.023740,3.141593
23035.0,-0.030756,0.036552,0.030565,0.031375,5.235476,-0.000043,0.004321,-0.023175,-0.022327,3.141593
23040.0,-0.031028,0.019580,0.030924,0.031093,5.235476,-0.000086,-0.001244,-0.022966,-0.023740,3.141593
23045.0,0.000029,-0.312186,0.048026,0.046610,5.236244,0.000014,0.005848,-0.023255,-0.022810,3.141593
23050.0,0.030112,-0.234282,0.047563,0.047520,5.236627,-0.000014,0.010116,-0.023460,-0.021397,3.141593
23055.0,0.038095,-0.057824,0.040999,0.041725,5.236627,-0.000114,0.014366,-0.023725,-0.023740,3.141593
23060.0,0.038681,-0.017256,0.039630,0.040193,5.236627,-0.000043,0.005535,-0.023335,-0.023257,3.141593
23065.0,0.031843,0.185092,0.030517,0.029556,5.236244,0.000000,0.000672,-0.023100,-0.023740,3.141593
23070.0,-0.013890,0.384048,0.017696,0.019496,5.235476,0.000029,-0.008413,-0.022669,-0.022810,3.141593
23075.0,-0.029540,0.066873,0.029747,0.030466,5.235476,0.000057,0.005032,-0.023239,-0.023740,3.141593
23080.0,-0.030963,0.024735,0.031086,0.030466,5.235476,0.000014,-0.009941,-0.022577,-0.023257,3.141593
23085.0,-0.031049,0.022286,0.030857,0.030466,5.235476,0.000057,-0.011204,-0.022506,-0.022327,3.141593
23090.0,-0.024126,-0.178158,0.039914,0.040527,5.235860,0.000057,0.004949,-0.023206,-0.021880,3.141593
23095.0,0.006645,-0.232948,0.045038,0.043878,5.236627,0.000014,-0.009074,-0.022596,-0.023740,3.141593
23100.0,0.035291,-0.129759,0.043493,0.043257,5.236627,0.000014,0.006835,-0.023292,-0.023740,3.141593
23105.0,0.038538,-0.046983,0.040583,0.040814,5.236627,0.000086,0.004125,-0.023128,-0.022327,3.141593
23110.0,0.038888,-0.035630,0.040549,0.040814,5.236627,-0.000057,-0.001546,-0.022909,-0.023740,3.141593
23115.0,0.026450,0.179440,0.030347,0.031376,5.235860,-0.000057,0.007341,-0.023307,-0.023740,3.141593
23120.0,-0.020099,0.311367,0.020238,0.021314,5.235476,0.000000,-0.014534,-0.022323,-0.020913,3.141593
23125.0,-0.030162,0.060191,0.029913,0.028648,5.235476,-0.000072,0.016101,-0.023708,-0.023740,3.141593
23130.0,-0.030956,0.030456,0.030813,0.031375,5.235476,0.000014,0.000171,-0.022988,-0.022327,3.141593
23135.0,-0.031028,0.019907,0.030933,0.030466,5.235476,0.000086,0.003165,-0.023081,-0.022327,3.141593
23140.0,-0.014856,-0.160610,0.040059,0.039903,5.236244,0.000014,-0.006041,-0.022666,-0.022327,3.141593
23145.0,0.012202,-0.116416,0.040703,0.039614,5.236627,-0.000072,0.001864,-0.023048,-0.023740,3.141593
23150.0,0.035763,-0.111931,0.042991,0.043257,5.236627,-0.000057,0.002717,-0.023083,-0.023740,3.141593
23155.0,0.038588,-0.031586,0.040151,0.040814,5.236627,-0.000057,0.017628,-0.023750,-0.023257,3.141593
23160.0,0.038717,-0.017861,0.039921,0.039904,5.236627,0.000014,0.000819,-0.022997,-0.022810,3.141593
23165.0,0.007668,0.323787,0.022402,0.023759,5.235476,-0.000014,-0.007747,-0.022630,-0.023293,3.141593
23170.0,-0.026937,0.151642,0.026456,0.027112,5.235476,-0.000057,-0.002161,-0.022889,-0.022810,3.141593
23175.0,-0.030692,0.035815,0.030832,0.030466,5.235476,-0.000086,0.000390,-0.023027,-0.023257,3.141593
23180.0,-0.030999,0.022037,0.031075,0.031375,5.235476,-0.000043,-0.004588,-0.022808,-0.021844,3.141593
23185.0,-0.031028,0.016965,0.030958,0.030466,5.235476,-0.000014,0.003849,-0.023190,-0.022810,3.141593
23190.0,-0.024033,-0.175579,0.039727,0.040527,5.235860,0.000014,-0.008446,-0.022641,-0.021397,3.141593
23195.0,0.016222,-0.391987,0.052858,0.052405,5.236627,0.000000,-0.015258,-0.022351,-0.022810,3.141593
23200.0,0.036664,-0.096156,0.042216,0.042346,5.236627,0.000057,0.005347,-0.023236,-0.022327,3.141593
23205.0,0.038695,-0.034692,0.040132,0.040814,5.236627,0.000000,0.014567,-0.023668,-0.022810,3.141593
23210.0,0.038788,-0.025500,0.040119,0.039614,5.236627,0.000000,-0.007312,-0.022714,-0.020913,3.141593
23215.0,0.015786,0.356594,0.021659,0.022850,5.235860,-0.000014,-0.002832,-0.022945,-0.022810,3.141593
23220.0,-0.017788,0.285859,0.021551,0.022850,5.235476,0.000114,-0.013224,-0.022430,-0.022810,3.141593
23225.0,-0.029776,0.072501,0.029418,0.029557,5.235476,0.000129,-0.002462,-0.022859,-0.022327,3.141593
23230.0,-0.030892,0.032396,0.030749,0.031375,5.235476,0.000014,-0.002858,-0.022858,-0.022327,3.141593
23235.0,-0.030906,0.019924,0.030994,0.031091,5.235860,0.000014,-0.012852,-0.022416,-0.021397,3.141593
23240.0,-0.003626,-0.282964,0.046547,0.046610,5.236244,0.000014,0.006305,-0.023268,-0.023257,3.141593
23245.0,0.025928,-0.288561,0.049663,0.049342,5.236627,-0.000100,0.000376,-0.023052,-0.023740,3.141593
23250.0,0.037608,-0.047300,0.040574,0.040525,5.236627,0.000072,-0.001641,-0.022912,-0.022810,3.141593
23255.0,0.038652,-0.021676,0.039920,0.040814,5.236627,0.000000,-0.010910,-0.022517,-0.021880,3.141593
23260.0,0.038681,-0.012820,0.039873,0.039903,5.236244,0.000014,0.000318,-0.023018,-0.022810,3.141593
23265.0,0.001974,0.280754,0.023806,0.023759,5.235860,0.000100,-0.020805,-0.022041,-0.021844,3.141593
23270.0,-0.023117,0.211447,0.024373,0.025577,5.235476,0.000157,-0.005832,-0.022639,-0.021880,3.141593
23275.0,-0.030334,0.043209,0.030713,0.030466,5.235476,-0.000029,0.011662,-0.023459,-0.023740,3.141593
23280.0,-0.031035,0.025567,0.031076,0.031375,5.235476,-0.000014,-0.003390,-0.022804,-0.023740,3.141593
23285.0,-0.018818,-0.177128,0.040700,0.039902,5.235860,-0.000057,0.006134,-0.023232,-0.022810,3.141593
23290.0,0.003583,-0.237733,0.045361,0.044790,5.236244,-0.000014,-0.020266,-0.022078,-0.022810,3.141593
23295.0,0.014527,-0.053601,0.038529,0.038993,5.236244,-0.000014,0.010617,-0.023437,-0.023257,3.141593
23300.0,0.015521,-0.007057,0.036759,0.036550,5.236244,0.000014,-0.005623,-0.022717,-0.022810,3.141593
23305.0,0.015521,-0.000597,0.036625,0.036550,5.236244,0.000014,0.001224,-0.023018,-0.022810,3.141593
23310.0,0.015492,0.003935,0.036564,0.036550,5.236244,0.000057,0.003246,-0.023083,-0.023740,3.141593
23315.0,0.015621,-0.018796,0.037761,0.038083,5.236244,-0.000072,0.012335,-0.023519,-0.023257,3.141593
23320.0,0.015442,-0.003733,0.037179,0.037460,5.235860,-0.000057,0.001058,-0.023040,-0.023740,3.141593
23325.0,-0.005050,0.098118,0.030822,0.029557,5.235476,-0.000143,0.002429,-0.023148,-0.022810,3.141593
23330.0,-0.028002,0.122908,0.027411,0.027112,5.235476,0.000114,-0.017357,-0.022218,-0.021397,3.141593
23335.0,-0.030792,0.033917,0.030703,0.030466,5.235476,-0.000014,0.011218,-0.023509,-0.023740,3.141593
23340.0,-0.030942,0.004469,0.031689,0.032002,5.235476,0.000043,-0.004055,-0.022809,-0.023740,3.141593
23345.0,-0.023968,-0.191765,0.040635,0.041721,5.235860,0.000000,0.005732,-0.023236,-0.023740,3.141593
23350.0,-0.002532,-0.246987,0.044890,0.045077,5.236244,-0.000029,0.011286,-0.023496,-0.023257,3.141593
23355.0,0.013969,-0.095632,0.040039,0.040526,5.236244,-0.000057,0.007168,-0.023336,-0.023257,3.141593
23360.0,0.015535,-0.028372,0.037448,0.037460,5.236244,0.000057,0.000451,-0.022991,-0.023740,3.141593
23365.0,0.015614,-0.004910,0.036605,0.037460,5.236244,-0.000014,0.008723,-0.023376,-0.023257,3.141593
23370.0,0.015643,-0.019751,0.037445,0.037173,5.236244,-0.000014,0.006252,-0.023276,-0.023740,3.141593
23375.0,0.015457,0.002034,0.036592,0.036550,5.236244,-0.000014,0.006324,-0.023274,-0.022810,3.141593
23380.0,0.015457,0.003009,0.036675,0.037458,5.235860,0.000057,-0.017432,-0.022209,-0.021880,3.141593
23385.0,-0.004971,0.083152,0.031302,0.031376,5.235860,0.000014,0.006002,-0.023248,-0.023740,3.141593
23390.0,-0.007589,0.013812,0.033969,0.033820,5.235860,-0.000029,-0.009704,-0.022566,-0.022810,3.141593
23395.0,-0.007718,-0.001229,0.034547,0.034729,5.235860,0.000086,0.006816,-0.023259,-0.022327,3.141593
23400.0,-0.007739,0.009728,0.033965,0.034729,5.235860,-0.000014,-0.009332,-0.022581,-0.023740,3.141593
23405.0,-0.007803,0.015124,0.033612,0.034105,5.235860,0.000072,-0.009909,-0.022499,-0.022327,3.141593
23410.0,-0.007710,-0.006044,0.034477,0.034729,5.235860,-0.000043,0.000774,-0.022991,-0.023740,3.141593
23415.0,-0.007710,-0.002416,0.034241,0.033820,5.235860,0.000043,0.004966,-0.023146,-0.022327,3.141593
23420.0,-0.007503,-0.020117,0.035052,0.035354,5.235860,-0.000086,-0.002683,-0.022856,-0.023740,3.141593
23425.0,-0.007732,-0.006947,0.034362,0.033820,5.235860,-0.000014,-0.002156,-0.022861,-0.021844,3.141593
23430.0,-0.007675,0.004833,0.033797,0.033195,5.235860,0.000043,-0.009857,-0.022512,-0.022810,3.141593
23435.0,-0.007582,-0.000725,0.034022,0.033820,5.235860,-0.000057,-0.000691,-0.022940,-0.022810,3.141593
23440.0,-0.007660,0.011004,0.033450,0.033820,5.235860,-0.000014,-0.003682,-0.022808,-0.023740,3.141593
23445.0,-0.007617,-0.009109,0.034299,0.033820,5.235860,0.000029,-0.003838,-0.022784,-0.022327,3.141593
23450.0,-0.007567,-0.004410,0.034082,0.034105,5.235860,-0.000114,0.012265,-0.023568,-0.023740,3.141593
23455.0,-0.007567,0.002308,0.033767,0.034729,5.235860,0.000029,-0.006233,-0.022725,-0.022810,3.141593
23460.0,-0.007689,-0.016918,0.034529,0.033820,5.235860,0.000000,0.000115,-0.023008,-0.023257,3.141593
23465.0,-0.007617,-0.001348,0.033830,0.033820,5.235860,-0.000057,-0.002029,-0.022929,-0.023740,3.141593
23470.0,-0.007489,0.002905,0.033680,0.032910,5.235860,-0.000029,-0.005768,-0.022765,-0.023740,3.141593
23475.0,-0.007596,-0.001805,0.033851,0.033820,5.235860,0.000029,0.002458,-0.023093,-0.022810,3.141593
23480.0,-0.007553,-0.010346,0.034216,0.034105,5.235860,-0.000057,-0.000119,-0.023008,-0.023257,3.141593
23485.0,-0.007589,-0.003022,0.033866,0.033820,5.235860,-0.000029,-0.002909,-0.022882,-0.021397,3.141593
23490.0,-0.007589,-0.004055,0.033888,0.033820,5.235860,-0.000129,0.000983,-0.023128,-0.023740,3.141593
23495.0,-0.007617,0.000519,0.033652,0.033820,5.235860,-0.000014,-0.023417,-0.022045,-0.021880,3.141593
23500.0,-0.007639,-0.000787,0.033663,0.032910,5.235860,0.000057,0.002234,-0.023145,-0.023257,3.141593
23505.0,-0.007625,0.000254,0.033588,0.034105,5.235860,0.000014,0.001276,-0.023088,-0.023257,3.141593
23510.0,-0.007625,-0.010150,0.034009,0.033535,5.235860,0.000029,0.014279,-0.023653,-0.024187,3.141593
23515.0,-0.007560,-0.007967,0.033919,0.034105,5.235860,-0.000114,0.000110,-0.023086,-0.022327,3.141593
23520.0,-0.007553,-0.005866,0.033808,0.033820,5.235860,-0.000043,-0.003431,-0.022942,-0.022810,3.141593
23525.0,-0.007539,0.000292,0.033523,0.033820,5.235860,0.000100,0.000657,-0.023069,-0.022327,3.141593
23530.0,-0.007603,0.008054,0.033151,0.033820,5.235860,0.000000,0.012104,-0.023598,-0.023257,3.141593
23535.0,-0.007575,-0.012885,0.034058,0.033820,5.235860,0.000100,0.002677,-0.023143,-0.022327,3.141593
23540.0,-0.007489,0.006826,0.033210,0.032001,5.235860,-0.000014,0.021187,-0.023997,-0.023740,3.141593
23545.0,-0.007610,-0.015058,0.034140,0.034105,5.235860,-0.000086,-0.000475,-0.023073,-0.023740,3.141593
23550.0,-0.007660,-0.001974,0.033507,0.033820,5.235860,0.000043,0.003354,-0.023209,-0.023740,3.141593
23555.0,-0.007610,-0.019157,0.034234,0.034729,5.235860,-0.000029,-0.000031,-0.023074,-0.023740,3.141593
23560.0,-0.007560,-0.010799,0.033859,0.034105,5.235860,0.000029,-0.010388,-0.022594,-0.022810,3.141593
23565.0,-0.007603,0.002279,0.033243,0.033197,5.236244,0.000014,-0.012046,-0.022515,-0.021880,3.141593
23570.0,0.012803,-0.090628,0.039247,0.038993,5.236244,0.000057,-0.014114,-0.022400,-0.022810,3.141593
23575.0,0.015385,-0.016405,0.036427,0.036550,5.236244,-0.000014,0.006988,-0.023349,-0.023257,3.141593
23580.0,0.015543,-0.011583,0.036393,0.035065,5.236244,0.000057,-0.001235,-0.022960,-0.023740,3.141593
23585.0,0.015543,-0.004341,0.036253,0.035640,5.236244,0.000057,0.002811,-0.023111,-0.022810,3.141593
23590.0,0.015478,0.002677,0.036070,0.035353,5.236244,0.000072,0.007455,-0.023292,-0.023257,3.141593
23595.0,0.015450,0.009338,0.035892,0.035640,5.236244,-0.000100,-0.011039,-0.022548,-0.022810,3.141593
23600.0,0.015450,-0.007801,0.036766,0.036263,5.236244,0.000057,-0.008967,-0.022586,-0.022327,3.141593
23605.0,0.015392,0.004506,0.036322,0.036549,5.235860,0.000057,-0.013025,-0.022390,-0.022810,3.141593
23610.0,-0.012031,0.283984,0.021545,0.020749,5.235476,-0.000100,0.008955,-0.023413,-0.022810,3.141593
23615.0,-0.029118,0.086910,0.028288,0.028021,5.235476,-0.000086,0.001485,-0.023121,-0.023740,3.141593
23620.0,-0.030892,0.026709,0.030414,0.029275,5.235476,0.000057,-0.006164,-0.022737,-0.023257,3.141593
23625.0,-0.018725,-0.176459,0.040103,0.039902,5.235860,0.000029,-0.006745,-0.022718,-0.022810,3.141593
23630.0,0.007231,-0.212325,0.043976,0.043257,5.236244,0.000014,-0.006187,-0.022738,-0.021397,3.141593
23635.0,0.014820,-0.042249,0.037417,0.037173,5.236244,-0.000014,-0.003461,-0.022884,-0.022810,3.141593
23640.0,0.015564,-0.016316,0.036547,0.035640,5.236244,0.000086,-0.011557,-0.022495,-0.022327,3.141593
23645.0,0.015578,-0.003332,0.036155,0.035640,5.236244,0.000043,-0.001285,-0.022942,-0.022810,3.141593
23650.0,0.015578,-0.016240,0.036888,0.036263,5.236244,-0.000043,-0.001164,-0.022962,-0.023740,3.141593
23655.0,0.015399,0.016508,0.035542,0.035640,5.236244,-0.000114,0.018854,-0.023874,-0.024671,3.141593
23660.0,0.015478,-0.012043,0.036939,0.036550,5.236244,-0.000200,0.024548,-0.024193,-0.024671,3.141593
23665.0,0.015328,0.006805,0.036168,0.035353,5.236244,0.000014,-0.013688,-0.022471,-0.022810,3.141593
23670.0,-0.003326,0.132004,0.029029,0.029842,5.235860,0.000029,0.007166,-0.023372,-0.023257,3.141593
23675.0,-0.007467,0.023759,0.033239,0.032910,5.235860,-0.000029,-0.003626,-0.022905,-0.022810,3.141593
23680.0,-0.007761,0.009992,0.033706,0.033820,5.235860,-0.000029,-0.001463,-0.023014,-0.023257,3.141593
23685.0,-0.007803,0.010662,0.033556,0.033820,5.235860,0.000057,-0.004047,-0.022877,-0.021397,3.141593
23690.0,-0.007811,0.010820,0.033433,0.032625,5.235860,0.000057,0.003216,-0.023179,-0.023740,3.141593
23695.0,-0.007746,0.012319,0.033301,0.033820,5.235860,0.000057,-0.018395,-0.022203,-0.020019,3.141593
23700.0,-0.007639,-0.006919,0.034104,0.033820,5.236244,-0.000086,-0.011828,-0.022562,-0.023740,3.141593
23705.0,0.012796,-0.086653,0.039532,0.038419,5.236244,0.000000,-0.013982,-0.022436,-0.021880,3.141593
23710.0,0.015306,-0.007407,0.036462,0.036550,5.236244,0.000029,-0.007714,-0.022701,-0.023740,3.141593
23715.0,0.015578,-0.022097,0.037306,0.038370,5.236244,0.000014,0.017537,-0.023797,-0.024671,3.141593
23720.0,0.015464,0.004664,0.036226,0.036263,5.236244,0.000000,0.003289,-0.023157,-0.023740,3.141593
23725.0,0.015428,-0.002765,0.036661,0.036550,5.236244,-0.000086,0.010186,-0.023486,-0.023257,3.141593
23730.0,0.015321,0.002974,0.036457,0.036550,5.236244,-0.000072,-0.001876,-0.022974,-0.022810,3.141593
23735.0,0.015399,0.004375,0.036500,0.037460,5.236244,0.000086,-0.010249,-0.022552,-0.022810,3.141593
23740.0,-0.003419,0.136230,0.028991,0.028932,5.235860,-0.000029,0.004681,-0.023236,-0.023740,3.141593
23745.0,-0.007410,0.027318,0.033279,0.032910,5.235860,-0.000014,-0.011460,-0.022521,-0.022810,3.141593
23750.0,-0.007868,0.014384,0.033661,0.032625,5.235860,0.000014,-0.004758,-0.022805,-0.022810,3.141593
23755.0,-0.007782,0.015136,0.033555,0.033820,5.235860,-0.000029,-0.000059,-0.023030,-0.023740,3.141593
23760.0,-0.007811,0.007896,0.033755,0.033535,5.235860,0.000043,-0.005476,-0.022759,-0.022327,3.141593
23765.0,-0.007710,0.002349,0.033940,0.033820,5.235860,0.000014,0.008071,-0.023372,-0.022327,3.141593
23770.0,-0.007725,0.010430,0.033508,0.034105,5.235860,-0.000057,-0.007121,-0.022755,-0.023293,3.141593
23775.0,-0.000930,-0.182889,0.042456,0.042346,5.236244,0.000114,-0.014100,-0.022383,-0.021880,3.141593
23780.0,0.013855,-0.067753,0.038935,0.039903,5.236244,0.000029,0.010189,-0.023458,-0.023257,3.141593
23785.0,0.015471,-0.021574,0.037222,0.037173,5.236244,0.000086,-0.003215,-0.022841,-0.022327,3.141593
23790.0,0.015478,-0.000687,0.036429,0.037460,5.236244,0.000057,-0.007442,-0.022638,-0.021880,3.141593
23795.0,0.015428,0.005945,0.036233,0.034730,5.236244,0.000086,-0.017127,-0.022178,-0.022810,3.141593
23800.0,0.015435,-0.001763,0.036710,0.036263,5.236244,0.000072,0.005750,-0.023173,-0.023257,3.141593
23805.0,0.015442,0.001499,0.036694,0.036263,5.236244,-0.000100,0.000724,-0.023017,-0.022810,3.141593
23810.0,0.015392,-0.004900,0.037080,0.037173,5.236244,-0.000043,-0.001515,-0.022930,-0.022327,3.141593
23815.0,0.015292,-0.003836,0.037081,0.037173,5.236244,-0.000029,-0.009978,-0.022561,-0.023740,3.141593
23820.0,-0.000730,0.177826,0.027724,0.028932,5.235860,0.000129,0.003665,-0.023094,-0.023740,3.141593
23825.0,-0.007238,0.030945,0.033396,0.032910,5.235860,0.000057,0.003798,-0.023092,-0.021880,3.141593
23830.0,-0.007796,0.013387,0.033989,0.033820,5.235860,-0.000114,0.012312,-0.023533,-0.023740,3.141593
23835.0,-0.007803,0.016774,0.033730,0.035299,5.235860,0.000029,-0.010415,-0.022507,-0.021880,3.141593
23840.0,-0.007775,-0.003490,0.034505,0.034729,5.235860,-0.000014,0.005139,-0.023213,-0.022774,3.141593
23845.0,-0.007675,-0.009524,0.034721,0.035639,5.235860,0.000043,-0.010735,-0.022502,-0.022810,3.141593
23850.0,-0.007739,0.000965,0.034159,0.033820,5.235860,-0.000057,-0.002359,-0.022896,-0.023740,3.141593
23855.0,-0.007689,-0.000811,0.034193,0.035014,5.235860,0.000014,0.005805,-0.023232,-0.023257,3.141593
23860.0,-0.007746,0.004310,0.033864,0.033820,5.235860,0.000000,-0.016125,-0.022258,-0.020949,3.141593
23865.0,0.004585,-0.194347,0.043607,0.042346,5.236244,-0.000057,0.001514,-0.023074,-0.023257,3.141593
23870.0,0.014555,-0.034195,0.037708,0.037173,5.236244,0.000000,-0.001023,-0.022950,-0.022810,3.141593
23875.0,0.015521,0.004913,0.036269,0.037460,5.236244,-0.000157,0.022135,-0.024043,-0.024187,3.141593
23880.0,0.015628,-0.020944,0.037596,0.038083,5.236244,0.000086,-0.004497,-0.022795,-0.022810,3.141593
23885.0,0.003211,0.198576,0.026979,0.028022,5.235860,-0.000043,0.007578,-0.023362,-0.023257,3.141593
23890.0,-0.018904,0.245786,0.022813,0.023759,5.235476,0.000043,-0.019313,-0.022156,-0.021880,3.141593
23895.0,-0.029855,0.059182,0.029648,0.028366,5.235476,0.000014,0.002976,-0.023126,-0.022810,3.141593
23900.0,-0.030742,0.003194,0.031771,0.031375,5.235476,0.000057,-0.011916,-0.022447,-0.021880,3.141593
23905.0,-0.030842,0.014727,0.030987,0.030184,5.235476,-0.000100,-0.001179,-0.022977,-0.023257,3.141593
23910.0,0.005665,-0.264363,0.046427,0.045700,5.236244,0.000029,0.008510,-0.023397,-0.024187,3.141593
23915.0,0.014877,-0.051766,0.038224,0.038993,5.236244,-0.000014,0.006332,-0.023306,-0.023740,3.141593
23920.0,0.015514,-0.005132,0.036400,0.036550,5.236244,0.000000,-0.011841,-0.022496,-0.021880,3.141593
23925.0,0.015635,-0.011906,0.036913,0.037460,5.236244,0.000057,0.000700,-0.023034,-0.023740,3.141593
23930.0,0.015593,-0.014355,0.037181,0.038083,5.236244,0.000043,-0.014197,-0.022364,-0.022327,3.141593
23935.0,0.015399,0.013350,0.036030,0.035353,5.236244,0.000043,0.002365,-0.023075,-0.022810,3.141593
23940.0,0.015442,-0.005690,0.037004,0.036263,5.236244,-0.000057,0.003607,-0.023148,-0.024671,3.141593
23945.0,-0.000672,0.194759,0.026849,0.028021,5.235476,0.000014,-0.004578,-0.022767,-0.023740,3.141593
23950.0,-0.027637,0.120093,0.027383,0.026486,5.235476,0.000086,0.000476,-0.022950,-0.023257,3.141593
23955.0,-0.030627,0.027514,0.030879,0.030466,5.235476,-0.000043,-0.002156,-0.022855,-0.021880,3.141593
23960.0,-0.031013,0.012648,0.031167,0.031375,5.235476,-0.000014,-0.004612,-0.022757,-0.023257,3.141593
23965.0,-0.024033,-0.193390,0.040526,0.039617,5.235860,-0.000014,0.004943,-0.023170,-0.022810,3.141593
23970.0,0.006788,-0.235408,0.045166,0.044790,5.236244,-0.000057,0.001799,-0.023062,-0.022810,3.141593
23975.0,0.030885,-0.222234,0.047014,0.046610,5.236627,-0.000057,0.005563,-0.023253,-0.023257,3.141593
23980.0,0.038216,-0.059133,0.040998,0.040525,5.236627,-0.000100,0.009154,-0.023436,-0.023740,3.141593
23985.0,0.038688,-0.014570,0.039461,0.039904,5.236627,-0.000086,0.003788,-0.023210,-0.023740,3.141593
23990.0,0.026507,0.181571,0.030154,0.032001,5.235860,-0.000014,-0.002565,-0.022918,-0.022810,3.141593
23995.0,-0.016308,0.332129,0.019596,0.020405,5.235476,0.000057,-0.006865,-0.022710,-0.022810,3.141593
24000.0,-0.029762,0.062868,0.029764,0.029557,5.235476,-0.000057,0.026937,-0.024235,-0.025118,3.141593
24005.0,-0.030870,0.036895,0.030474,0.030466,5.235476,0.000057,-0.007303,-0.022699,-0.023740,3.141593
24010.0,-0.030985,0.028283,0.030523,0.030466,5.235476,0.000057,0.003386,-0.023137,-0.023257,3.141593
24015.0,-0.014870,-0.156253,0.039803,0.039903,5.236244,0.000000,-0.002232,-0.022885,-0.023740,3.141593
24020.0,0.012195,-0.120315,0.040815,0.039616,5.236244,-0.000014,0.013916,-0.023599,-0.023740,3.141593
24025.0,0.015428,-0.012460,0.036622,0.036550,5.236244,0.000014,-0.017745,-0.022197,-0.021880,3.141593
24030.0,0.015585,-0.002458,0.036379,0.036550,5.236244,0.000014,-0.010327,-0.022530,-0.021880,3.141593
24035.0,0.015607,-0.009625,0.036871,0.037173,5.236244,-0.000114,0.022553,-0.024036,-0.024187,3.141593
24040.0,0.015457,-0.008793,0.036936,0.037173,5.236244,-0.000129,-0.000764,-0.023048,-0.023257,3.141593
24045.0,0.015428,-0.003546,0.036814,0.036550,5.236244,-0.000029,-0.000459,-0.023053,-0.022810,3.141593
24050.0,0.015478,0.001014,0.036752,0.036886,5.236244,0.000057,0.011038,-0.023538,-0.023740,3.141593
24055.0,-0.000722,0.189405,0.027086,0.027738,5.235860,-0.000057,-0.000670,-0.023046,-0.022810,3.141593
24060.0,-0.007181,0.026664,0.033497,0.035014,5.235860,0.000043,-0.012501,-0.022496,-0.022327,3.141593
24065.0,-0.007839,0.010089,0.034009,0.033535,5.235860,0.000072,-0.021300,-0.022078,-0.022810,3.141593
24070.0,-0.007732,0.000648,0.034361,0.034729,5.235860,0.000057,-0.002731,-0.022861,-0.022810,3.141593
24075.0,-0.007718,-0.000442,0.034329,0.034729,5.235860,-0.000143,0.003169,-0.023184,-0.023740,3.141593
24080.0,-0.007689,0.007062,0.033928,0.035014,5.235860,0.000000,0.007427,-0.023346,-0.023740,3.141593
24085.0,-0.007668,0.002922,0.034045,0.033820,5.235860,-0.000114,0.011234,-0.023556,-0.024223,3.141593
24090.0,-0.007739,-0.000617,0.034126,0.034105,5.235860,0.000000,-0.014397,-0.022394,-0.021880,3.141593
24095.0,-0.007646,0.018567,0.033242,0.034105,5.235860,-0.000057,-0.003124,-0.022909,-0.022810,3.141593
24100.0,-0.007653,0.002794,0.033876,0.034729,5.235860,0.000072,-0.006400,-0.022733,-0.022810,3.141593
24105.0,-0.007560,-0.002729,0.034112,0.034729,5.235860,0.000057,-0.006519,-0.022715,-0.023740,3.141593
24110.0,-0.007675,-0.004355,0.034118,0.033820,5.235860,0.000143,-0.007152,-0.022619,-0.020466,3.141593
24115.0,-0.007603,-0.004329,0.034101,0.034729,5.235860,-0.000114,-0.001090,-0.022969,-0.023740,3.141593
24120.0,-0.007639,-0.007931,0.034199,0.034105,5.235860,0.000014,-0.016114,-0.022265,-0.022810,3.141593
24125.0,-0.007582,-0.005553,0.034087,0.033820,5.235860,-0.000057,0.015505,-0.023680,-0.023740,3.141593
24130.0,-0.007503,0.002758,0.033738,0.032910,5.235860,-0.000057,0.005817,-0.023260,-0.022810,3.141593
24135.0,-0.007603,0.002395,0.033713,0.034105,5.235860,0.000014,-0.010354,-0.022530,-0.022810,3.141593
24140.0,-0.007682,-0.001392,0.033816,0.033820,5.235860,0.000086,-0.013864,-0.022328,-0.022810,3.141593
24145.0,-0.007553,0.008699,0.033376,0.033535,5.235860,-0.000157,0.015881,-0.023707,-0.023740,3.141593
24150.0,-0.007617,-0.011243,0.034207,0.034729,5.235860,0.000029,-0.000471,-0.022949,-0.022810,3.141593
24155.0,-0.007575,-0.000809,0.033719,0.034729,5.235860,-0.000029,-0.015310,-0.022304,-0.022810,3.141593
24160.0,-0.007610,-0.004774,0.033848,0.033820,5.235860,-0.000114,0.005328,-0.023247,-0.023740,3.141593
24165.0,-0.007567,-0.005142,0.033852,0.034105,5.235860,-0.000086,-0.002691,-0.022922,-0.023740,3.141593
24170.0,-0.007496,-0.021949,0.034602,0.033820,5.235860,0.000114,-0.009265,-0.022561,-0.022810,3.141593
24175.0,-0.007596,0.000042,0.033600,0.033820,5.235860,0.000072,-0.013013,-0.022371,-0.021397,3.141593
24180.0,-0.000844,-0.190431,0.042450,0.043879,5.236244,0.000100,-0.002317,-0.022824,-0.022810,3.141593
24185.0,0.013833,-0.067328,0.038548,0.038993,5.236244,0.000100,-0.012947,-0.022335,-0.021397,3.141593
24190.0,0.015600,-0.021677,0.036949,0.036550,5.236244,-0.000043,0.011566,-0.023461,-0.022327,3.141593
24195.0,0.015585,-0.018219,0.036972,0.038083,5.236244,0.000000,0.002479,-0.023069,-0.023740,3.141593
24200.0,0.015471,-0.001514,0.036341,0.036263,5.236244,-0.000014,0.010380,-0.023428,-0.024671,3.141593
24205.0,0.015492,-0.002194,0.036509,0.037458,5.235860,-0.000029,0.010976,-0.023462,-0.023740,3.141593
24210.0,-0.017180,0.282717,0.021082,0.022850,5.235476,0.000072,-0.008868,-0.022548,-0.022810,3.141593
24215.0,-0.029712,0.052617,0.029649,0.028931,5.235476,0.000014,-0.013042,-0.022360,-0.021880,3.141593
24220.0,-0.030842,0.031757,0.030165,0.030184,5.235476,-0.000057,0.001692,-0.023040,-0.022810,3.141593
24225.0,-0.030828,0.010784,0.030827,0.031376,5.235860,-0.000057,-0.010521,-0.022531,-0.023740,3.141593
24230.0,0.005658,-0.254478,0.045634,0.043588,5.236627,0.000057,0.008700,-0.023332,-0.023740,3.141593
24235.0,0.035126,-0.143981,0.043819,0.044167,5.236627,0.000014,0.011356,-0.023452,-0.023740,3.141593
24240.0,0.038631,-0.054191,0.040670,0.040525,5.236627,-0.000086,0.002864,-0.023116,-0.023257,3.141593
24245.0,0.038738,-0.008002,0.039021,0.038993,5.236627,-0.000057,0.005017,-0.023245,-0.022810,3.141593
24250.0,0.013161,0.317464,0.022760,0.022565,5.235860,0.000014,0.001132,-0.023067,-0.023740,3.141593
24255.0,-0.005722,0.073365,0.031613,0.031091,5.235860,0.000043,-0.006174,-0.022725,-0.022810,3.141593
24260.0,-0.007696,0.028902,0.033236,0.033820,5.235860,0.000014,0.001374,-0.023057,-0.023740,3.141593
24265.0,-0.007882,0.017895,0.033556,0.033820,5.235860,0.000014,0.001328,-0.023046,-0.023740,3.141593
24270.0,-0.007875,0.012111,0.033673,0.033820,5.235860,-0.000057,0.008388,-0.023378,-0.023257,3.141593
24275.0,-0.007761,-0.000109,0.034128,0.033820,5.235860,0.000057,0.000625,-0.023007,-0.022810,3.141593
24280.0,-0.007803,0.005248,0.033785,0.035014,5.235860,0.000043,-0.013817,-0.022357,-0.022327,3.141593
24285.0,-0.007753,-0.004081,0.034109,0.033820,5.235860,0.000057,-0.010078,-0.022492,-0.022810,3.141593
24290.0,-0.007639,0.001559,0.033831,0.034105,5.235860,-0.000014,0.007239,-0.023271,-0.023257,3.141593
24295.0,-0.007646,-0.002760,0.033970,0.033820,5.235860,-0.000114,0.005432,-0.023238,-0.023257,3.141593
24300.0,-0.007668,0.003129,0.033657,0.033820,5.235860,0.000157,-0.014877,-0.022258,-0.021397,3.141593
24305.0,0.008368,-0.182098,0.043177,0.042346,5.236244,0.000000,-0.009639,-0.022504,-0.022810,3.141593
24310.0,0.014935,-0.031188,0.037350,0.037173,5.236244,-0.000072,0.013680,-0.023563,-0.023740,3.141593
24315.0,0.015485,0.003652,0.036032,0.036550,5.236244,0.000000,-0.002381,-0.022841,-0.022810,3.141593
24320.0,0.015500,-0.006954,0.036652,0.036550,5.236244,-0.000129,0.024761,-0.024095,-0.024187,3.141593
24325.0,-0.004942,0.084420,0.030814,0.031661,5.235860,-0.000086,-0.005343,-0.022793,-0.022810,3.141593
24330.0,-0.007589,0.024112,0.033082,0.033195,5.235860,-0.000014,0.003611,-0.023183,-0.023740,3.141593
24335.0,-0.007703,0.006309,0.033781,0.033820,5.235860,-0.000029,0.005758,-0.023292,-0.023740,3.141593
24340.0,-0.007811,0.014719,0.033290,0.032910,5.235860,-0.000057,0.000175,-0.023055,-0.023740,3.141593
24345.0,-0.007689,-0.010926,0.034383,0.033820,5.235860,0.000014,0.002689,-0.023146,-0.023257,3.141593
24350.0,-0.007653,0.012501,0.033321,0.033820,5.235860,0.000014,0.000672,-0.023048,-0.022810,3.141593
24355.0,-0.007718,0.012076,0.033263,0.033195,5.235860,-0.000043,0.010498,-0.023507,-0.023257,3.141593
24360.0,-0.007675,-0.009416,0.034158,0.034729,5.235860,0.000014,-0.017417,-0.022263,-0.022810,3.141593
24365.0,0.011058,-0.136455,0.041441,0.040813,5.236244,-0.000014,-0.005838,-0.022774,-0.022327,3.141593
24370.0,0.015228,-0.025179,0.037148,0.037460,5.236244,0.000072,0.005507,-0.023255,-0.022327,3.141593
24375.0,0.015507,-0.024359,0.037291,0.037173,5.236244,0.000000,-0.005114,-0.022802,-0.021880,3.141593
24380.0,0.015478,-0.007376,0.036666,0.036550,5.236244,0.000114,-0.013701,-0.022379,-0.021880,3.141593
24385.0,0.015571,-0.008683,0.036895,0.037173,5.236244,-0.000172,0.032046,-0.024498,-0.023257,3.141593
24390.0,0.015349,0.022178,0.035589,0.035640,5.236244,-0.000014,-0.015673,-0.022373,-0.022810,3.141593
24395.0,0.003204,0.198889,0.026894,0.028932,5.235860,0.000043,0.004030,-0.023213,-0.023257,3.141593
24400.0,-0.006788,0.046937,0.032489,0.033195,5.235860,0.000057,0.010389,-0.023469,-0.024671,3.141593
24405.0,-0.007789,0.017368,0.033538,0.033820,5.235860,0.000043,-0.002592,-0.022872,-0.022327,3.141593
24410.0,-0.007739,-0.003472,0.034375,0.033820,5.235860,-0.000029,0.007931,-0.023372,-0.023257,3.141593
24415.0,-0.007682,0.003405,0.034024,0.033820,5.235860,0.000014,0.004527,-0.023220,-0.022810,3.141593
24420.0,-0.007775,-0.004180,0.034258,0.034729,5.235860,-0.000072,0.003639,-0.023230,-0.023740,3.141593
24425.0,-0.007682,-0.004728,0.034223,0.033820,5.235860,0.000014,-0.002888,-0.022927,-0.023740,3.141593
24430.0,-0.007753,0.009188,0.033517,0.033195,5.235860,0.000014,0.010401,-0.023499,-0.023257,3.141593
24435.0,-0.007725,0.010264,0.033402,0.032910,5.235860,-0.000143,0.003457,-0.023244,-0.022327,3.141593
24440.0,-0.007696,0.003213,0.033658,0.033820,5.235860,0.000114,-0.002343,-0.022924,-0.023257,3.141593
24445.0,-0.007625,0.000643,0.033736,0.033820,5.235860,0.000086,-0.002270,-0.022903,-0.023257,3.141593
24450.0,-0.007689,-0.004920,0.033929,0.033820,5.235860,0.000100,-0.021238,-0.022027,-0.022810,3.141593
24455.0,0.011151,-0.134717,0.041375,0.041436,5.236244,-0.000057,0.008976,-0.023393,-0.023740,3.141593
24460.0,0.015192,-0.045731,0.038028,0.037173,5.236244,0.000072,-0.013559,-0.022355,-0.021880,3.141593
24465.0,0.015514,-0.016308,0.036932,0.036263,5.236244,0.000043,-0.010401,-0.022484,-0.021397,3.141593
24470.0,0.015450,0.009872,0.035907,0.035640,5.236244,-0.000043,0.003551,-0.023135,-0.023257,3.141593
24475.0,0.003176,0.186483,0.027202,0.028022,5.235860,-0.000014,0.002479,-0.023087,-0.022774,3.141593
24480.0,-0.006666,0.040869,0.032582,0.033195,5.235860,-0.000086,0.008167,-0.023371,-0.023257,3.141593
24485.0,-0.026314,0.126175,0.026905,0.027112,5.235476,0.000014,0.004480,-0.023195,-0.023257,3.141593
24490.0,-0.030456,0.022177,0.030795,0.030466,5.235476,0.000057,-0.001769,-0.022886,-0.022327,3.141593
24495.0,-0.030928,0.040202,0.029647,0.030466,5.235476,-0.000086,-0.016153,-0.022315,-0.021880,3.141593
24500.0,-0.018690,-0.184986,0.040299,0.038993,5.236244,0.000086,-0.003073,-0.022844,-0.022810,3.141593
24505.0,0.011866,-0.138520,0.041215,0.042634,5.236244,0.000000,0.004544,-0.023186,-0.023740,3.141593
24510.0,-78.153549,-46.028305,-1.418916,-1.164170,5.247365,-0.000043,0.002702,-0.023121,-0.023257,3.141593
24515.0,-75.938957,-78.236572,0.075900,0.069130,5.288015,0.006838,-0.189914,-0.014085,-0.014439,3.141209
24520.0,-73.529396,-74.845718,0.044451,0.041511,5.325598,0.021458,-0.073084,-0.017678,-0.018160,3.141209
24525.0,-71.351524,-72.154022,0.004478,0.007242,5.362030,0.023060,-0.012929,-0.019909,-0.020019,3.141593
24530.0,-69.168861,-70.474136,0.023008,0.023114,5.398846,-0.044231,0.604663,-0.053083,-0.051650,3.142743
24535.0,-67.003448,-68.516747,0.037641,0.035689,5.435277,-0.086174,0.240789,-0.041820,-0.041871,3.143127
24540.0,-64.868004,-66.240921,0.043556,0.044133,5.470942,-0.085373,-0.137416,-0.026088,-0.024190,3.142360
24545.0,-62.855572,-63.456818,0.010800,0.012000,5.503156,0.000257,-0.606322,0.001900,0.000930,3.140826
24550.0,-60.956139,-61.258915,-0.010352,-0.010062,5.534603,0.060067,-0.237188,-0.002641,-0.002790,3.140442
24555.0,-59.105690,-59.531357,-0.010979,-0.010700,5.565282,0.067792,0.002229,-0.011170,-0.010720,3.140442
24560.0,-57.310020,-57.710445,-0.017780,-0.019208,5.595579,0.068250,0.048561,-0.012738,-0.012091,3.140442
24565.0,-55.543926,-55.949772,-0.018417,-0.018677,5.624724,0.056190,0.211324,-0.022332,-0.020465,3.141209
24570.0,-53.813549,-54.443104,-0.005910,-0.005576,5.653486,-0.003934,0.375688,-0.040239,-0.038625,3.141976
24575.0,-52.126266,-52.580151,-0.009283,-0.010065,5.681481,-0.020843,0.033175,-0.026808,-0.027461,3.141976
24580.0,-50.499817,-50.956123,-0.006365,-0.006079,5.708710,-0.022645,-0.005936,-0.025329,-0.025120,3.142360
24585.0,-48.916721,-49.351437,-0.003260,-0.001843,5.734787,-0.043273,0.086178,-0.031473,-0.032112,3.142360
24590.0,-47.367970,-47.993481,0.011948,0.012308,5.760865,-0.045934,0.019043,-0.029109,-0.029321,3.142360
24595.0,-45.864456,-46.282112,0.009891,0.008875,5.785408,-0.039139,-0.195797,-0.019381,-0.019088,3.141976
24600.0,-44.387062,-45.075359,0.032836,0.030973,5.810719,0.006523,-0.396253,-0.006437,-0.007442,3.141209
24605.0,-42.935192,-43.233654,0.030125,0.029841,5.834113,0.021930,-0.076316,-0.018073,-0.016744,3.141209
24610.0,-41.589531,-41.534134,0.017643,0.019089,5.856355,0.023375,-0.031569,-0.019583,-0.019090,3.141209
24615.0,-40.269104,-40.438271,0.033912,0.034042,5.877831,0.023389,-0.021951,-0.019854,-0.020020,3.141209
24620.0,-39.032394,-38.842976,0.016284,0.014965,5.898156,0.023332,-0.017229,-0.019922,-0.020020,3.141209
24625.0,-37.845882,-37.725544,0.015497,0.016213,5.917715,0.023203,-0.010735,-0.020088,-0.019090,3.141209
24630.0,-36.724743,-36.345589,-0.005163,-0.004855,5.936122,0.023289,0.000148,-0.020402,-0.020465,3.141209
24635.0,-35.633541,-35.228699,-0.014555,-0.014524,5.954146,0.023017,-0.010865,-0.019829,-0.020020,3.141209
24640.0,-34.596966,-34.141376,-0.028901,-0.027272,5.971020,0.007067,0.169967,-0.029146,-0.028391,3.141976
24645.0,-33.615223,-32.992966,-0.052590,-0.052084,5.987127,-0.032015,0.309164,-0.038919,-0.037694,3.142360
24650.0,-32.637104,-32.296261,-0.051363,-0.051396,6.003617,-0.045176,0.061202,-0.029754,-0.030251,3.142360
24655.0,-31.675652,-31.471773,-0.054054,-0.054488,6.019724,-0.046377,0.054710,-0.030048,-0.028842,3.142360
24660.0,-30.688133,-30.958530,-0.031430,-0.032923,6.036598,-0.020885,-0.299315,-0.012642,-0.014439,3.141209
24665.0,-29.725750,-29.974268,-0.029903,-0.030847,6.052705,0.018468,-0.159800,-0.014950,-0.015369,3.141209
24670.0,-28.765711,-29.093914,-0.018794,-0.019541,6.068812,0.029783,-0.233050,-0.008992,-0.008371,3.140826
24675.0,-27.847416,-28.118877,-0.016019,-0.016139,6.084151,0.044374,-0.047775,-0.013691,-0.013952,3.140826
24680.0,-26.936462,-27.322947,-0.001717,-0.002379,6.099108,0.045648,0.011972,-0.015800,-0.015370,3.140826
24685.0,-26.072258,-26.211470,-0.007002,-0.007384,6.113297,0.027137,0.109901,-0.024140,-0.023740,3.141593
24690.0,-25.240129,-25.268396,-0.007202,-0.006709,6.126719,0.003133,0.072548,-0.025540,-0.025601,3.141593
24695.0,-24.458296,-24.440664,-0.009072,-0.009444,6.139758,0.000415,0.004099,-0.022738,-0.022810,3.141593
24700.0,-23.694105,-23.689709,-0.007106,-0.008350,6.152797,0.000029,-0.003031,-0.022454,-0.021880,3.141593
24705.0,-22.938595,-22.967144,-0.001484,-0.002791,6.165069,-0.000014,0.004164,-0.022778,-0.023740,3.141593
24710.0,-22.223068,-22.182077,-0.003513,-0.003706,6.176957,0.000029,0.006952,-0.022872,-0.022810,3.141593
24715.0,-21.513437,-21.507664,0.002138,0.002430,6.188846,-0.000057,-0.001529,-0.022524,-0.022810,3.141593
24720.0,-20.828611,-20.908457,0.009481,0.010064,6.200350,-0.000014,-0.004617,-0.022383,-0.022810,3.141593
24725.0,-20.158953,-20.174440,0.011268,0.011430,6.211088,0.000014,-0.011414,-0.022064,-0.022327,3.141593
24730.0,-19.529623,-19.429226,0.007118,0.005656,6.221826,0.000014,0.004030,-0.022748,-0.021397,3.141593
24735.0,-18.918186,-18.875456,0.011000,0.011313,6.231797,-0.000143,0.010400,-0.023106,-0.022810,3.141593
24740.0,-18.313147,-18.294628,0.015707,0.015297,6.241768,-0.000043,-0.001476,-0.022598,-0.022810,3.141593
24745.0,-17.739382,-17.688932,0.015580,0.015292,6.251355,0.000029,-0.006373,-0.022359,-0.021397,3.141593
24750.0,-17.177509,-17.056013,0.014804,0.014620,6.260559,-0.000029,0.001596,-0.022739,-0.022810,3.141593
24755.0,-16.635752,-16.579672,0.019588,0.018115,6.269380,0.000043,0.005849,-0.022901,-0.022810,3.141593
24760.0,-16.133554,-15.806996,0.005228,0.005809,6.277817,-0.000057,0.000065,-0.022676,-0.022810,3.141593
24765.0,-15.639759,-15.555808,0.015016,0.013706,0.002684,-0.000014,0.000021,-0.022673,-0.022810,3.141593
24770.0,-15.165569,-15.143378,0.015956,0.017384,0.010354,-0.000029,0.008832,-0.023068,-0.022810,3.141593
24775.0,-14.703237,-14.737707,0.017175,0.015898,0.018408,0.000029,0.011018,-0.023150,-0.023740,3.141593
24780.0,-14.245262,-14.228234,0.015452,0.016301,0.025694,0.000086,-0.014845,-0.021979,-0.022327,3.141593
24785.0,-13.801565,-13.783823,0.015947,0.015816,0.033364,-0.000086,-0.010942,-0.022194,-0.022810,3.141593
24790.0,-13.368151,-13.359315,0.017520,0.017750,0.040650,0.000086,0.010647,-0.023092,-0.022327,3.141593
24795.0,-12.932357,-12.988700,0.024523,0.024406,0.047553,0.000014,0.000366,-0.022652,-0.022810,3.141593
24800.0,-12.529388,-12.391341,0.016395,0.016136,0.054456,-0.000014,0.004239,-0.022833,-0.022810,3.141593
24805.0,-12.141368,-12.055977,0.018797,0.016769,0.060976,-0.000086,0.007030,-0.022980,-0.023740,3.141593
24810.0,-11.760117,-11.767004,0.023937,0.025281,0.067112,0.000114,0.014730,-0.023253,-0.023740,3.141593
24815.0,-11.401279,-11.231199,0.015127,0.014761,0.072481,-0.000014,0.007638,-0.022961,-0.022327,3.141593
24820.0,-11.074245,-10.804710,0.005958,0.006682,0.077850,-0.000072,-0.005724,-0.022402,-0.022810,3.141593
24825.0,-10.754923,-10.567435,0.005317,0.005647,0.083602,0.000043,0.014902,-0.023281,-0.022810,3.141593
24830.0,-10.436386,-10.332651,0.006439,0.006511,0.088971,0.000014,-0.017999,-0.021830,-0.021880,3.141593
24835.0,-10.102160,-10.246821,0.019599,0.018587,0.094340,-0.000057,0.000750,-0.022682,-0.022327,3.141593
24840.0,-9.804709,-9.592163,0.000930,0.000785,0.099325,0.000000,0.011565,-0.023155,-0.021844,3.141593
24845.0,-9.517299,-9.460821,0.004951,0.006451,0.104311,-0.000014,0.011283,-0.023168,-0.022810,3.141593
24850.0,-9.217235,-9.242018,0.009624,0.008874,0.109296,-0.000143,0.008227,-0.023093,-0.022774,3.141593
24855.0,-8.921227,-8.984888,0.013372,0.012213,0.114282,-0.000029,-0.004141,-0.022548,-0.022810,3.141593
24860.0,-8.638147,-8.564354,0.008584,0.008110,0.118500,0.000157,-0.015116,-0.021985,-0.022810,3.141593
24865.0,-8.388330,-8.318223,0.005523,0.005655,0.122718,0.000057,0.008451,-0.023013,-0.023257,3.141593
24870.0,-8.131989,-8.050627,0.004451,0.004053,0.126937,0.000014,-0.010672,-0.022184,-0.022810,3.141593
24875.0,-7.883786,-7.893888,0.007901,0.008095,0.130772,-0.000057,0.022397,-0.023667,-0.024671,3.141593
24880.0,-7.649942,-7.556456,0.001445,0.001576,0.134990,0.000072,-0.003437,-0.022485,-0.022810,3.141593
24885.0,-7.433514,-7.480413,0.003960,0.004243,0.138442,0.000086,-0.010790,-0.022137,-0.022327,3.141593
24890.0,-7.215578,-7.201553,-0.000957,-0.001557,0.142277,0.000029,-0.001746,-0.022533,-0.022327,3.141593
24895.0,-7.012305,-6.724718,-0.016769,-0.016775,0.145345,-0.000100,0.014988,-0.023332,-0.023740,3.141593
24900.0,-6.817727,-6.694358,-0.013559,-0.012788,0.148796,0.000000,-0.007025,-0.022351,-0.023257,3.141593
24905.0,-6.620230,-6.656835,-0.008890,-0.008528,0.152248,0.000072,-0.000435,-0.022610,-0.023257,3.141593
24910.0,-6.428581,-6.344269,-0.016652,-0.015816,0.155316,-0.000014,0.005999,-0.022904,-0.022327,3.141593
24915.0,-6.231091,-6.312153,-0.009510,-0.010022,0.158384,0.000000,-0.021759,-0.021686,-0.021397,3.141593
24920.0,-6.041943,-6.035947,-0.014006,-0.013126,0.161451,0.000086,0.017526,-0.023382,-0.023740,3.141593
24925.0,-5.864917,-5.951118,-0.011713,-0.011275,0.164519,-0.000057,0.001548,-0.022710,-0.022810,3.141593
24930.0,-5.679721,-5.800891,-0.009433,-0.009409,0.167587,-0.000029,0.004537,-0.022843,-0.022810,3.141593
24935.0,-5.522969,-5.344544,-0.026236,-0.025694,0.170272,0.000014,-0.022180,-0.021655,-0.021397,3.141593
24940.0,-5.357681,-5.437791,-0.015733,-0.015374,0.173340,-0.000014,-0.003309,-0.022492,-0.022810,3.141593
24945.0,-5.193370,-5.209832,-0.018778,-0.016742,0.175641,0.000100,-0.011096,-0.022092,-0.021397,3.141593
24950.0,-5.044909,-4.964746,-0.025306,-0.025122,0.177942,-0.000186,0.021003,-0.023602,-0.023740,3.141593
24955.0,-4.896266,-4.928481,-0.021638,-0.020471,0.180626,-0.000014,-0.001890,-0.022576,-0.022810,3.141593
24960.0,-4.765164,-4.605908,-0.033882,-0.033043,0.182544,-0.000100,0.001262,-0.022776,-0.022810,3.141593
24965.0,-4.617333,-4.707626,-0.022663,-0.023246,0.185228,0.000043,-0.020209,-0.021784,-0.021880,3.141593
24970.0,-4.473220,-4.448399,-0.027514,-0.027962,0.187529,0.000072,0.002086,-0.022729,-0.022810,3.141593
24975.0,-4.347864,-4.423768,-0.025418,-0.024654,0.189830,-0.000014,-0.001687,-0.022577,-0.022327,3.141593
24980.0,-4.219457,-4.159459,-0.032555,-0.031662,0.191748,0.000086,-0.021236,-0.021689,-0.020949,3.141593
24985.0,-4.085898,-4.127251,-0.027459,-0.028480,0.194049,0.000014,0.014693,-0.023283,-0.023257,3.141593
24990.0,-3.956129,-4.106886,-0.021958,-0.023480,0.196350,-0.000014,0.011028,-0.023130,-0.023740,3.141593
24995.0,-3.839526,-3.642924,-0.038446,-0.039380,0.197884,-0.000114,0.013772,-0.023292,-0.023740,3.141593
25000.0,-3.739211,-3.690953,-0.035242,-0.035689,0.199801,0.000086,-0.021673,-0.021681,-0.021880,3.141593
25005.0,-3.624346,-3.608729,-0.033903,-0.033844,0.201718,0.000014,-0.000641,-0.022608,-0.022327,3.141593
25010.0,-3.513220,-3.562265,-0.031189,-0.032001,0.203636,-0.000043,-0.007628,-0.022330,-0.022327,3.141593
25015.0,-3.418170,-3.388314,-0.037193,-0.036543,0.205170,-0.000029,0.001326,-0.022727,-0.022327,3.141593
25020.0,-3.323094,-3.273955,-0.039993,-0.039900,0.206704,0.000057,-0.012004,-0.022120,-0.022810,3.141593
25025.0,-3.223897,-3.139298,-0.042205,-0.043255,0.208238,-0.000143,0.019368,-0.023566,-0.023740,3.141593
25030.0,-3.125240,-3.225929,-0.034141,-0.034105,0.210155,-0.000029,0.001121,-0.022755,-0.020466,3.141593
25035.0,-3.027956,-3.033288,-0.038248,-0.038438,0.211689,-0.000072,0.000333,-0.022778,-0.022327,3.141593
25040.0,-2.940246,-2.994770,-0.037145,-0.037170,0.213223,0.000000,0.003538,-0.022910,-0.022327,3.141593
25045.0,-2.853965,-2.692124,-0.047597,-0.048260,0.214374,-0.000014,-0.007895,-0.022405,-0.022810,3.141593
25050.0,-2.773451,-2.738261,-0.043375,-0.042463,0.215908,0.000057,-0.001477,-0.022657,-0.022810,3.141593
25055.0,-2.687327,-2.750787,-0.038900,-0.039114,0.217442,0.000043,-0.000000,-0.022710,-0.022810,3.141593
25060.0,-2.593165,-2.637273,-0.037693,-0.036890,0.218592,0.000014,-0.000610,-0.022690,-0.022810,3.141593
25065.0,-2.522203,-2.511815,-0.041824,-0.040900,0.220126,-0.000057,0.005508,-0.022983,-0.023740,3.141593
25070.0,-2.446745,-2.391528,-0.044278,-0.046271,0.221277,0.000057,-0.009406,-0.022291,-0.023740,3.141593
25075.0,-2.370768,-2.522367,-0.035013,-0.035543,0.222427,0.000143,-0.000797,-0.022602,-0.023740,3.141593
25080.0,-2.295379,-2.341925,-0.039301,-0.038689,0.223578,-0.000072,0.015606,-0.023351,-0.023257,3.141593
25085.0,-2.237103,-2.115411,-0.049129,-0.048924,0.224728,0.000000,0.004961,-0.022872,-0.022327,3.141593
25090.0,-2.181767,-2.192407,-0.045788,-0.045888,0.225495,-0.000029,0.007081,-0.022987,-0.023740,3.141593
25095.0,-2.123258,-2.048011,-0.051247,-0.050999,0.226646,-0.000072,-0.006567,-0.022411,-0.023257,3.141593
25100.0,-2.040471,-2.158311,-0.039480,-0.040443,0.227796,0.000100,0.009614,-0.023060,-0.022327,3.141593
25105.0,-1.983577,-1.498379,-0.041973,-0.043436,0.228947,0.000057,-0.014318,-0.022005,-0.021397,3.141593
25110.0,-1.944410,-1.372512,-0.049299,-0.048907,0.229330,0.000014,0.014205,-0.023272,-0.024671,3.141593
25115.0,-1.889948,-1.633340,-0.037936,-0.037636,0.230481,0.000029,0.016284,-0.023343,-0.023293,3.141593
25120.0,-1.845000,-1.315511,-0.052216,-0.051683,0.231248,0.000029,-0.011787,-0.022083,-0.021880,3.141593
25125.0,-1.802077,-1.391146,-0.049281,-0.049935,0.232015,-0.000057,0.002460,-0.022740,-0.020949,3.141593
25130.0,-1.749606,-1.584548,-0.040094,-0.039947,0.232782,-0.000086,0.009145,-0.023083,-0.024671,3.141593
25135.0,-1.713245,-1.373909,-0.049731,-0.049512,0.233549,-0.000100,0.010751,-0.023177,-0.021844,3.141593
25140.0,-1.668761,-1.409174,-0.047718,-0.048054,0.234316,0.000100,-0.009779,-0.022230,-0.021397,3.141593
25145.0,-1.623105,-1.402749,-0.047234,-0.047926,0.235083,0.000000,-0.013169,-0.022103,-0.021397,3.141593
25150.0,-1.573403,-1.366759,-0.047408,-0.047190,0.235466,0.000029,-0.002061,-0.022585,-0.022327,3.141593
25155.0,-1.536449,-1.351382,-0.047716,-0.046330,0.236233,0.000057,0.002594,-0.022783,-0.022327,3.141593
25160.0,-1.502970,-1.254316,-0.051860,-0.052102,0.236617,0.000043,-0.007081,-0.022346,-0.022810,3.141593
25165.0,-1.455706,-1.510164,-0.039215,-0.038324,0.237767,0.000029,0.003520,-0.022825,-0.022810,3.141593
25170.0,-1.405618,-1.448766,-0.039926,-0.038959,0.238534,0.000014,0.008304,-0.023031,-0.022810,3.141593
25175.0,-1.370099,-1.235181,-0.048459,-0.048671,0.238918,0.000014,-0.001007,-0.022609,-0.022327,3.141593
25180.0,-1.333106,-1.289376,-0.045168,-0.044614,0.239685,-0.000057,0.009801,-0.023106,-0.023740,3.141593
25185.0,-1.290828,-1.348325,-0.041050,-0.040555,0.240451,-0.000029,0.002561,-0.022801,-0.022327,3.141593
25190.0,-1.252300,-1.147317,-0.048454,-0.049246,0.241218,0.000086,0.016643,-0.023381,-0.022810,3.141593
25195.0,-1.216910,-1.179265,-0.045895,-0.045364,0.241602,0.000014,0.005820,-0.022917,-0.022327,3.141593
25200.0,-1.180871,-1.049407,-0.050238,-0.050179,0.242369,-0.000029,0.001781,-0.022754,-0.022810,3.141593
25205.0,-1.142954,-1.120400,-0.045625,-0.045358,0.242752,0.000014,-0.010582,-0.022199,-0.022810,3.141593
25210.0,-1.123797,-1.031362,-0.049668,-0.048569,0.243136,-0.000043,0.022036,-0.023668,-0.023257,3.141593
25215.0,-1.092512,-1.012874,-0.049529,-0.049262,0.243519,-0.000014,-0.006652,-0.022406,-0.020949,3.141593
25220.0,-1.059415,-1.098179,-0.044654,-0.043738,0.244286,0.000057,-0.017085,-0.021915,-0.020466,3.141593
25225.0,-1.024479,-0.977617,-0.048468,-0.048492,0.245053,0.000043,-0.005956,-0.022420,-0.021397,3.141593
25230.0,-0.983853,-1.041978,-0.043539,-0.044380,0.245437,-0.000014,-0.019935,-0.021826,-0.021880,3.141593
25235.0,-0.964348,-0.942805,-0.047606,-0.046822,0.245820,-0.000014,0.006312,-0.022982,-0.023740,3.141593
25240.0,-0.930440,-0.871136,-0.049148,-0.048431,0.246587,-0.000057,0.009888,-0.023143,-0.022774,3.141593
25245.0,-0.904800,-0.772099,-0.052554,-0.051650,0.246587,0.000057,-0.015699,-0.021975,-0.022810,3.141593
25250.0,-0.883561,-0.773709,-0.052004,-0.052431,0.247354,-0.000072,0.012479,-0.023242,-0.023740,3.141593
25255.0,-0.843244,-0.894068,-0.044425,-0.044427,0.247738,-0.000029,-0.010472,-0.022250,-0.021397,3.141593
25260.0,-0.815608,-0.769299,-0.048546,-0.048470,0.248121,-0.000114,0.000461,-0.022795,-0.022774,3.141593
25265.0,-0.795152,-0.781425,-0.047389,-0.046814,0.248888,0.000100,-0.004069,-0.022531,-0.022327,3.141593
25270.0,-0.768338,-0.690381,-0.050056,-0.049209,0.249272,-0.000014,-0.007361,-0.022401,-0.022327,3.141593
25275.0,-0.745306,-0.655022,-0.050639,-0.049997,0.249655,-0.000014,-0.004506,-0.022528,-0.021880,3.141593
25280.0,-0.722491,-0.637428,-0.050409,-0.049997,0.249655,-0.000014,-0.004105,-0.022562,-0.021397,3.141593
25285.0,-0.704121,-0.696550,-0.047295,-0.047565,0.250039,0.000057,-0.002807,-0.022610,-0.022810,3.141593
25290.0,-0.679119,-0.646742,-0.048229,-0.048384,0.250806,0.000086,-0.011466,-0.022194,-0.022810,3.141593
25295.0,-0.654418,-0.605366,-0.048725,-0.048384,0.250806,-0.000072,0.001144,-0.022782,-0.023740,3.141593
25300.0,-0.633203,-0.609044,-0.047588,-0.047565,0.251189,-0.000029,0.012232,-0.023270,-0.023740,3.141593
25305.0,-0.613298,-0.642301,-0.045295,-0.045137,0.251573,0.000043,0.003149,-0.022845,-0.023740,3.141593
25310.0,-0.583851,-0.833615,-0.035155,-0.035483,0.252340,-0.000114,0.021021,-0.023678,-0.023740,3.141593
25315.0,-0.562411,-0.521263,-0.047483,-0.046735,0.252723,-0.000057,-0.003249,-0.022629,-0.022327,3.141593
25320.0,-0.540229,-0.513306,-0.046483,-0.046760,0.252723,0.000072,-0.008790,-0.022353,-0.022810,3.141593
25325.0,-0.537942,-0.414764,-0.051322,-0.050783,0.252723,0.000086,-0.006832,-0.022399,-0.021397,3.141593
25330.0,-0.525870,-0.582941,-0.043774,-0.044331,0.253490,-0.000072,0.003662,-0.022913,-0.023740,3.141593
25335.0,-0.495942,-0.482913,-0.046125,-0.045936,0.253490,-0.000014,-0.000644,-0.022711,-0.022810,3.141593
25340.0,-0.492741,-0.367648,-0.051609,-0.051574,0.253874,0.000057,-0.003925,-0.022536,-0.022327,3.141593
25345.0,-0.472292,-0.446267,-0.047018,-0.046742,0.254257,0.000086,-0.011244,-0.022187,-0.021397,3.141593
25350.0,-0.449533,-0.433951,-0.046081,-0.045935,0.254257,0.000043,-0.019452,-0.021834,-0.021880,3.141593
25355.0,-0.431040,-0.517646,-0.041343,-0.041098,0.254641,0.000000,-0.011723,-0.022174,-0.021397,3.141593
25360.0,-0.424617,-0.350224,-0.048606,-0.048351,0.254641,-0.000072,-0.017359,-0.021972,-0.020913,3.141593
25365.0,-0.404030,-0.387566,-0.045689,-0.045934,0.255024,0.000029,-0.007274,-0.022402,-0.023740,3.141593
25370.0,-0.382909,-0.439634,-0.041953,-0.041904,0.255408,0.000043,0.011105,-0.023182,-0.022810,3.141593
25375.0,-0.378919,-0.300690,-0.048133,-0.048350,0.255408,0.000086,-0.009900,-0.022225,-0.022810,3.141593
25380.0,-0.371976,-0.462874,-0.041003,-0.039482,0.255791,-0.000014,0.006585,-0.022975,-0.022327,3.141593
25385.0,-0.345342,-0.509585,-0.037046,-0.036256,0.256175,-0.000043,0.002990,-0.022846,-0.022327,3.141593
25390.0,-0.334064,-0.316813,-0.044782,-0.045135,0.256175,0.000000,-0.006488,-0.022418,-0.022810,3.141593
25395.0,-0.333225,-0.252171,-0.047966,-0.047547,0.256175,0.000000,0.000710,-0.022722,-0.022327,3.141593
25400.0,-0.326548,-0.441239,-0.039642,-0.038677,0.256558,0.000000,0.006843,-0.022993,-0.023257,3.141593
25405.0,-0.312064,-0.289813,-0.045350,-0.045948,0.256558,-0.000057,-0.001796,-0.022628,-0.022810,3.141593
25410.0,-0.310814,-0.226411,-0.048501,-0.047534,0.256558,0.000043,-0.002897,-0.022549,-0.023293,3.141593
25415.0,-0.310800,-0.219325,-0.049367,-0.049158,0.256942,-0.000014,0.010133,-0.023147,-0.022327,3.141593
25420.0,-0.290610,-0.301114,-0.044467,-0.045137,0.256942,-0.000043,0.004361,-0.022928,-0.022810,3.141593
25425.0,-0.275962,-0.414554,-0.038643,-0.039489,0.257325,-0.000057,-0.002812,-0.022632,-0.022810,3.141593
25430.0,-0.265882,-0.250753,-0.045154,-0.044305,0.257325,0.000057,0.001854,-0.022802,-0.022810,3.141593
25435.0,-0.265263,-0.192672,-0.048071,-0.048360,0.257709,-0.000086,0.012485,-0.023311,-0.023740,3.141593
25440.0,-0.244875,-0.269794,-0.043162,-0.043526,0.257709,0.000000,-0.002388,-0.022647,-0.022327,3.141593
25445.0,-0.242529,-0.203201,-0.046175,-0.045933,0.257709,0.000014,-0.018822,-0.021928,-0.021397,3.141593
25450.0,-0.226511,-0.331627,-0.039512,-0.040303,0.258092,0.000029,-0.001699,-0.022680,-0.022327,3.141593
25455.0,-0.220038,-0.196231,-0.045042,-0.045159,0.258092,-0.000029,0.006651,-0.023073,-0.022327,3.141593
25460.0,-0.219621,-0.155081,-0.047104,-0.046771,0.258092,0.000057,-0.002777,-0.022613,-0.023740,3.141593
25465.0,-0.219718,-0.156654,-0.047394,-0.046747,0.258476,0.000086,-0.003190,-0.022566,-0.021880,3.141593
25470.0,-0.199444,-0.243973,-0.042002,-0.041889,0.258476,0.000000,0.007243,-0.023057,-0.023740,3.141593
25475.0,-0.190201,-0.354344,-0.036604,-0.037136,0.258859,0.000072,-0.016063,-0.021994,-0.022327,3.141593
25480.0,-0.175443,-0.211420,-0.041591,-0.041094,0.258859,0.000000,0.006144,-0.022978,-0.022327,3.141593
25485.0,-0.174143,-0.152681,-0.044224,-0.044344,0.258859,0.000014,-0.003566,-0.022542,-0.022810,3.141593
25490.0,-0.174099,-0.142493,-0.044870,-0.044344,0.258859,0.000086,-0.001915,-0.022575,-0.021397,3.141593
25495.0,-0.174233,-0.128355,-0.045780,-0.045955,0.258859,0.000043,-0.009546,-0.022245,-0.021397,3.141593
25500.0,-0.174338,-0.113444,-0.046752,-0.045955,0.258859,0.000043,0.018499,-0.023488,-0.022810,3.141593
25505.0,-0.174442,-0.117039,-0.046963,-0.046746,0.258859,-0.000072,0.006563,-0.023004,-0.023257,3.141593
25510.0,-0.155915,-0.242543,-0.040129,-0.041153,0.259243,-0.000086,0.010550,-0.023235,-0.022327,3.141593
25515.0,-0.139552,-0.323393,-0.035297,-0.036290,0.259626,0.000100,-0.028579,-0.021473,-0.020466,3.141593
25520.0,-0.129345,-0.153472,-0.041791,-0.041090,0.259626,0.000057,-0.002325,-0.022631,-0.022810,3.141593
25525.0,-0.128512,-0.120718,-0.043218,-0.043554,0.259626,0.000072,-0.012422,-0.022169,-0.022810,3.141593
25530.0,-0.128506,-0.102549,-0.044109,-0.043554,0.259626,-0.000029,0.001346,-0.022792,-0.021880,3.141593
25535.0,-0.128710,-0.096180,-0.044594,-0.044344,0.259626,-0.000086,0.005588,-0.023033,-0.023257,3.141593
25540.0,-0.128814,-0.090653,-0.045060,-0.045165,0.259626,0.000100,0.002408,-0.022832,-0.022810,3.141593
25545.0,-0.128877,-0.087886,-0.045427,-0.045133,0.259626,-0.000100,0.004781,-0.022992,-0.022810,3.141593
25550.0,-0.128945,-0.086394,-0.045766,-0.045954,0.259626,0.000057,-0.015681,-0.022052,-0.022810,3.141593
25555.0,-0.128996,-0.075255,-0.046543,-0.046776,0.259626,-0.000014,-0.010511,-0.022278,-0.021397,3.141593
25560.0,-0.129052,-0.084768,-0.046435,-0.046776,0.260010,0.000029,0.008254,-0.023096,-0.023257,3.141593
25565.0,-0.108753,-0.164097,-0.041340,-0.041086,0.260010,-0.000014,0.004346,-0.022929,-0.023740,3.141593
25570.0,-0.106230,-0.093315,-0.044347,-0.044343,0.260010,0.000014,0.001784,-0.022797,-0.023257,3.141593
25575.0,-0.105978,-0.086742,-0.044736,-0.045165,0.260010,0.000000,-0.007219,-0.022389,-0.021844,3.141593
25580.0,-0.106083,-0.071486,-0.045603,-0.045988,0.260010,-0.000229,-0.004443,-0.022618,-0.021880,3.141593
25585.0,-0.106130,-0.076484,-0.045580,-0.045953,0.260010,0.000029,-0.008802,-0.022393,-0.021880,3.141593
25590.0,-0.106208,-0.064356,-0.046348,-0.045953,0.260010,0.000114,-0.006696,-0.022450,-0.021397,3.141593
25595.0,-0.093988,-0.263959,-0.036756,-0.038762,0.260393,-0.000014,0.017889,-0.023569,-0.024671,3.141593
25600.0,-0.084085,-0.100951,-0.042988,-0.042731,0.260393,0.000072,-0.006061,-0.022469,-0.022327,3.141593
25605.0,-0.083216,-0.074575,-0.044132,-0.043555,0.260393,0.000086,0.008286,-0.023088,-0.023257,3.141593
25610.0,-0.083288,-0.059003,-0.044948,-0.045166,0.260393,0.000057,-0.006336,-0.022425,-0.022810,3.141593
25615.0,-0.083295,-0.066604,-0.044721,-0.045166,0.260393,-0.000057,0.007520,-0.023063,-0.023740,3.141593
25620.0,-0.083313,-0.060345,-0.045126,-0.045166,0.260393,0.000043,-0.009222,-0.022296,-0.021397,3.141593
25625.0,-0.083418,-0.056972,-0.045452,-0.045990,0.260393,0.000043,-0.003444,-0.022548,-0.022810,3.141593
25630.0,-0.083469,-0.048141,-0.046042,-0.045952,0.260393,0.000057,0.007601,-0.023015,-0.022810,3.141593
25635.0,-0.076634,-0.244265,-0.037058,-0.036290,0.260777,0.000029,0.000365,-0.022700,-0.022810,3.141593
25640.0,-0.061948,-0.126068,-0.040869,-0.040335,0.260777,0.000043,-0.006040,-0.022402,-0.022810,3.141593
25645.0,-0.060461,-0.063280,-0.043481,-0.043516,0.260777,-0.000057,0.022425,-0.023705,-0.024671,3.141593
25650.0,-0.060464,-0.043171,-0.044413,-0.044381,0.260777,-0.000014,-0.007034,-0.022383,-0.021880,3.141593
25655.0,-0.060450,-0.053450,-0.044000,-0.044381,0.260777,-0.000086,0.011303,-0.023237,-0.023740,3.141593
25660.0,-0.060548,-0.056333,-0.043963,-0.043516,0.260777,0.000057,-0.013654,-0.022095,-0.021844,3.141593
25665.0,-0.060573,-0.039317,-0.044809,-0.044381,0.260777,0.000029,0.009239,-0.023106,-0.023740,3.141593
25670.0,-0.060714,-0.034861,-0.045166,-0.045166,0.260777,-0.000014,-0.006080,-0.022435,-0.021397,3.141593
25675.0,-0.060675,-0.041798,-0.044981,-0.045991,0.260777,-0.000014,-0.009453,-0.022299,-0.021880,3.141593
25680.0,-0.060634,-0.040525,-0.045146,-0.044301,0.260777,-0.000057,-0.007536,-0.022414,-0.023740,3.141593
25685.0,-0.060772,-0.026449,-0.045955,-0.046035,0.261160,-0.000014,-0.008771,-0.022344,-0.021880,3.141593
25690.0,-0.040317,-0.127717,-0.039689,-0.039552,0.261160,0.000014,-0.004836,-0.022511,-0.022810,3.141593
25695.0,-0.037816,-0.051348,-0.042744,-0.042772,0.261160,0.000000,0.001225,-0.022772,-0.023740,3.141593
25700.0,-0.037624,-0.046237,-0.042913,-0.043556,0.261160,0.000014,0.001739,-0.022776,-0.022810,3.141593
25705.0,-0.037674,-0.019327,-0.044093,-0.044382,0.261160,-0.000114,-0.000299,-0.022764,-0.022810,3.141593
25710.0,-0.037755,-0.033100,-0.043514,-0.043556,0.261160,0.000129,-0.008268,-0.022328,-0.022810,3.141593
25715.0,-0.037753,-0.032675,-0.043556,-0.043556,0.261160,0.000029,-0.005834,-0.022427,-0.021844,3.141593
25720.0,-0.037839,-0.022565,-0.044066,-0.043556,0.261160,0.000057,0.002891,-0.022797,-0.022810,3.141593
25725.0,-0.037878,-0.026005,-0.043977,-0.044382,0.261160,-0.000186,0.021658,-0.023709,-0.023257,3.141593
25730.0,-0.019235,-0.162561,-0.036318,-0.036288,0.261544,0.000057,0.008357,-0.023084,-0.022327,3.141593
25735.0,-0.015049,-0.051446,-0.040638,-0.040335,0.261544,-0.000157,0.006815,-0.023104,-0.023740,3.141593
25740.0,-0.014791,-0.028445,-0.041518,-0.041163,0.261544,0.000114,-0.018717,-0.021892,-0.021880,3.141593
25745.0,-0.014763,-0.028354,-0.041412,-0.041163,0.261544,0.000029,-0.003761,-0.022548,-0.022810,3.141593
25750.0,-0.014911,-0.019421,-0.041779,-0.041945,0.261544,-0.000072,0.024002,-0.023802,-0.025154,3.141593
25755.0,-0.014904,-0.013831,-0.041966,-0.041118,0.261544,0.000057,-0.013500,-0.022090,-0.021880,3.141593
25760.0,-0.015051,-0.019083,-0.041760,-0.041990,0.261544,-0.000029,-0.000670,-0.022678,-0.021844,3.141593
25765.0,-0.014967,-0.002614,-0.042446,-0.042773,0.261544,-0.000086,0.000846,-0.022778,-0.022810,3.141593
25770.0,-0.015049,-0.020064,-0.041692,-0.041945,0.261544,-0.000014,0.002292,-0.022839,-0.022327,3.141593
25775.0,-0.015117,-0.008044,-0.042253,-0.041945,0.261544,-0.000029,0.017944,-0.023547,-0.023740,3.141593
25780.0,-0.015092,-0.018192,-0.041823,-0.041118,0.261544,0.000043,-0.009548,-0.022315,-0.023257,3.141593
25785.0,-0.015110,-0.008808,-0.042265,-0.041945,0.261544,0.000186,-0.013440,-0.022061,-0.021880,3.141593
25790.0,-0.015072,-0.009432,-0.042254,-0.041945,0.261544,-0.000014,-0.018477,-0.021865,-0.021880,3.141593
25795.0,-0.015036,-0.014899,-0.042009,-0.041163,0.261544,0.000086,-0.002012,-0.022557,-0.022810,3.141593
25800.0,-0.015129,-0.002773,-0.042590,-0.042727,0.261544,0.000057,-0.004732,-0.022415,-0.022810,3.141593
25805.0,-0.015101,-0.013568,-0.042135,-0.041945,0.261544,-0.000029,0.006990,-0.022942,-0.022327,3.141593
25810.0,-0.015108,-0.017874,-0.041969,-0.041945,0.261544,0.000000,-0.015935,-0.021935,-0.023257,3.141593
25815.0,-0.015106,-0.018427,-0.041969,-0.041118,0.261544,-0.000029,0.003581,-0.022791,-0.022810,3.141593
25820.0,-0.015194,-0.003891,-0.042677,-0.042773,0.261544,-0.000100,0.023110,-0.023697,-0.024187,3.141593
25825.0,-0.015162,0.001021,-0.042929,-0.043600,0.261544,-0.000043,-0.009020,-0.022278,-0.022810,3.141593
25830.0,-0.015190,-0.001469,-0.042862,-0.042727,0.261544,0.000014,0.013450,-0.023256,-0.022327,3.141593
25835.0,-0.015147,-0.014576,-0.042317,-0.041945,0.261544,0.000029,-0.009742,-0.022221,-0.022327,3.141593
25840.0,-0.015151,-0.011716,-0.042486,-0.042773,0.261544,0.000072,-0.006413,-0.022334,-0.022810,3.141593
25845.0,-0.015158,-0.003025,-0.042905,-0.042773,0.261544,0.000086,0.000338,-0.022597,-0.021397,3.141593
25850.0,-0.015176,-0.006678,-0.042805,-0.041945,0.261544,-0.000014,-0.021452,-0.021672,-0.019536,3.141593
25855.0,-0.015178,-0.007343,-0.042824,-0.042773,0.261544,-0.000072,0.010497,-0.023137,-0.022810,3.141593
25860.0,-0.015210,-0.003889,-0.043040,-0.043555,0.261544,0.000014,-0.014280,-0.022022,-0.022327,3.141593
25865.0,-0.015185,-0.009085,-0.042846,-0.043600,0.261544,-0.000014,0.001802,-0.022731,-0.022810,3.141593
25870.0,-0.015101,-0.008230,-0.042885,-0.042773,0.261544,-0.000029,0.014914,-0.023316,-0.024671,3.141593
25875.0,-0.015181,-0.016640,-0.042575,-0.042727,0.261544,0.000014,0.003144,-0.022765,-0.021844,3.141593
25880.0,-0.015138,-0.009593,-0.042915,-0.042727,0.261544,-0.000014,-0.006642,-0.022356,-0.022327,3.141593
25885.0,-0.015197,-0.000413,-0.043392,-0.043555,0.261544,-0.000014,0.000039,-0.022653,-0.022810,3.141593
25890.0,-0.015176,-0.001079,-0.043403,-0.044382,0.261544,0.000029,-0.001302,-0.022578,-0.022810,3.141593
25895.0,-0.015163,-0.008881,-0.043086,-0.043555,0.261544,-0.000014,0.005441,-0.022886,-0.022327,3.141593
25900.0,-0.015194,-0.000148,-0.043525,-0.043555,0.261544,0.000100,-0.021699,-0.021633,-0.021880,3.141593
25905.0,-0.015160,-0.002090,-0.043477,-0.042773,0.261544,-0.000014,0.003914,-0.022782,-0.022327,3.141593
25910.0,-0.015258,-0.003738,-0.043497,-0.043555,0.261544,-0.000057,-0.006779,-0.022344,-0.022810,3.141593
25915.0,-0.015169,-0.015846,-0.042999,-0.043555,0.261544,-0.000014,0.015707,-0.023328,-0.022327,3.141593
25920.0,-0.015135,-0.005738,-0.043460,-0.043555,0.261544,-0.000057,-0.021134,-0.021750,-0.022810,3.141593
25925.0,-0.015101,-0.015726,-0.043036,-0.042727,0.261544,-0.000129,0.010510,-0.023191,-0.023740,3.141593
25930.0,-0.015219,-0.013904,-0.043201,-0.043600,0.261544,-0.000014,-0.011892,-0.022189,-0.022810,3.141593
25935.0,-0.015135,-0.005817,-0.043572,-0.043555,0.261544,0.000114,-0.012416,-0.022108,-0.021397,3.141593
25940.0,-0.015253,0.001855,-0.044003,-0.043600,0.261544,-0.000029,-0.007226,-0.022369,-0.022810,3.141593
25945.0,-0.015138,-0.013204,-0.043361,-0.043600,0.261544,-0.000114,0.010790,-0.023200,-0.022327,3.141593
25950.0,-0.015151,-0.009574,-0.043558,-0.043555,0.261544,0.000057,-0.011637,-0.022184,-0.022810,3.141593
25955.0,-0.015169,-0.015010,-0.043364,-0.043555,0.261544,0.000072,0.005804,-0.022916,-0.023740,3.141593
25960.0,-0.015249,0.008711,-0.044486,-0.044382,0.261544,0.000043,0.001048,-0.022691,-0.022810,3.141593
25965.0,-0.015129,-0.016790,-0.043373,-0.042727,0.261544,-0.000086,0.012989,-0.023267,-0.022810,3.141593
25970.0,-0.015192,-0.013322,-0.043593,-0.043555,0.261544,0.000086,-0.010696,-0.022169,-0.021397,3.141593
25975.0,0.003549,-0.149445,-0.035889,-0.036287,0.261927,-0.000029,-0.004858,-0.022459,-0.023293,3.141593
25980.0,0.007617,-0.029904,-0.040582,-0.040335,0.261927,0.000143,0.006555,-0.022889,-0.022327,3.141593
25985.0,0.007945,-0.021904,-0.040757,-0.041163,0.261927,-0.000014,0.014567,-0.023286,-0.022327,3.141593
25990.0,0.007961,-0.014936,-0.040919,-0.041163,0.261927,-0.000014,0.003058,-0.022800,-0.022327,3.141593
25995.0,0.007920,-0.016082,-0.040740,-0.041163,0.261927,-0.000043,0.007007,-0.022992,-0.023740,3.141593
26000.0,0.007787,-0.002747,-0.041253,-0.040335,0.261927,0.000086,0.001094,-0.022673,-0.022327,3.141593
26005.0,0.007775,-0.006393,-0.041031,-0.041163,0.261927,-0.000100,-0.006448,-0.022386,-0.022810,3.141593
26010.0,0.007820,-0.005469,-0.040983,-0.040335,0.261927,-0.000043,0.028316,-0.023922,-0.023257,3.141593
26015.0,0.007710,-0.007213,-0.040873,-0.040335,0.261927,0.000086,-0.002893,-0.022509,-0.021397,3.141593
26020.0,0.007671,0.001835,-0.041248,-0.041163,0.261927,-0.000014,0.004342,-0.022851,-0.023740,3.141593
26025.0,0.007712,-0.002008,-0.041027,-0.041163,0.261927,-0.000014,0.000805,-0.022703,-0.021397,3.141593
26030.0,0.007727,0.008315,-0.041429,-0.041992,0.261927,-0.000057,0.031993,-0.024117,-0.022774,3.141593
26035.0,0.007778,-0.005602,-0.040734,-0.040287,0.261927,-0.000043,0.008544,-0.023104,-0.022327,3.141593
26040.0,0.007651,0.004307,-0.041168,-0.041163,0.261927,0.000057,-0.013022,-0.022129,-0.022327,3.141593
26045.0,0.007689,-0.000779,-0.040901,-0.040335,0.261927,0.000014,-0.008555,-0.022318,-0.022810,3.141593
26050.0,0.007585,0.002150,-0.041043,-0.041116,0.261927,-0.000029,-0.004889,-0.022489,-0.022327,3.141593
26055.0,0.007623,0.015257,-0.041605,-0.040335,0.261927,0.000129,-0.006860,-0.022344,-0.022810,3.141593
26060.0,0.007694,-0.000302,-0.040888,-0.040382,0.261927,-0.000057,0.015395,-0.023358,-0.022810,3.141593
26065.0,0.007591,0.007573,-0.041252,-0.041163,0.261927,0.000114,-0.016685,-0.021882,-0.020913,3.141593
26070.0,0.007668,0.001768,-0.040952,-0.040382,0.261927,-0.000129,0.014959,-0.023368,-0.022327,3.141593
26075.0,0.007685,-0.005139,-0.040616,-0.041163,0.261927,-0.000057,-0.012509,-0.022180,-0.022327,3.141593
26080.0,0.007710,0.002718,-0.040912,-0.041163,0.261927,0.000100,-0.000261,-0.022667,-0.022810,3.141593
26085.0,0.007630,0.009655,-0.041202,-0.041163,0.261927,0.000129,-0.020723,-0.021720,-0.021397,3.141593
26090.0,0.007650,0.012199,-0.041288,-0.041163,0.261927,0.000043,-0.018861,-0.021802,-0.021880,3.141593
26095.0,0.007676,0.001879,-0.040791,-0.041163,0.261927,-0.000143,0.012954,-0.023280,-0.022810,3.141593
26100.0,0.007662,0.006580,-0.040962,-0.041211,0.261927,-0.000057,0.019045,-0.023555,-0.022327,3.141593
26105.0,0.007685,0.006884,-0.040934,-0.040335,0.261927,0.000014,-0.001609,-0.022629,-0.022810,3.141593
26110.0,0.007634,-0.007251,-0.040303,-0.041116,0.261927,0.000100,-0.009455,-0.022238,-0.022810,3.141593
26115.0,0.007666,0.005140,-0.040802,-0.041163,0.261927,0.000000,-0.001118,-0.022619,-0.021397,3.141593
26120.0,0.007634,0.002502,-0.040664,-0.040335,0.261927,-0.000014,-0.005617,-0.022433,-0.021844,3.141593
26125.0,0.007605,0.007354,-0.040884,-0.040382,0.261927,-0.000014,0.010167,-0.023152,-0.023740,3.141593
26130.0,0.007634,0.009407,-0.040959,-0.041163,0.261927,-0.000086,-0.003660,-0.022570,-0.023740,3.141593
26135.0,0.007643,0.012047,-0.041049,-0.041163,0.261927,0.000086,0.009709,-0.023103,-0.022810,3.141593
26140.0,0.007653,0.000822,-0.040523,-0.040335,0.261927,-0.000100,0.017334,-0.023504,-0.023740,3.141593
26145.0,0.007684,-0.000160,-0.040448,-0.040335,0.261927,-0.000057,-0.002605,-0.022649,-0.022327,3.141593
26150.0,0.007710,-0.001603,-0.040344,-0.040335,0.261927,-0.000057,0.000723,-0.022810,-0.022327,3.141593
26155.0,0.007592,0.006796,-0.040729,-0.040335,0.261927,0.000086,-0.007485,-0.022404,-0.022810,3.141593
26160.0,0.007655,-0.001645,-0.040334,-0.039506,0.261927,-0.000086,-0.000637,-0.022750,-0.022810,3.141593
26165.0,0.007684,0.001875,-0.040460,-0.039506,0.261927,-0.000057,0.001069,-0.022836,-0.022810,3.141593
26170.0,0.007673,0.005099,-0.040578,-0.040335,0.261927,0.000114,-0.013912,-0.022115,-0.020949,3.141593
26175.0,0.007641,-0.007890,-0.039993,-0.040335,0.261927,0.000072,-0.010152,-0.022271,-0.022327,3.141593
26180.0,0.007621,0.003176,-0.040460,-0.040335,0.261927,0.000014,-0.000941,-0.022687,-0.022810,3.141593
26185.0,0.007580,-0.001866,-0.040243,-0.041163,0.261927,0.000057,0.010304,-0.023160,-0.022810,3.141593
26190.0,0.007766,-0.004234,-0.040045,-0.039506,0.261927,0.000000,0.005716,-0.022971,-0.022327,3.141593
26195.0,0.007591,0.001853,-0.040337,-0.040335,0.261927,0.000157,0.004103,-0.022846,-0.022327,3.141593
26200.0,0.007623,0.006497,-0.040523,-0.040335,0.261927,-0.000029,-0.014225,-0.022080,-0.022810,3.141593
26205.0,0.007596,0.007648,-0.040574,-0.040335,0.261927,0.000043,-0.014011,-0.022051,-0.022810,3.141593
26210.0,0.007684,0.006309,-0.040473,-0.039554,0.261927,0.000057,0.002886,-0.022771,-0.022327,3.141593
26215.0,0.007732,0.006842,-0.040440,-0.040382,0.261927,-0.000014,0.001632,-0.022733,-0.022327,3.141593
26220.0,0.007630,0.005596,-0.040383,-0.040382,0.261927,0.000000,-0.000888,-0.022622,-0.022810,3.141593
26225.0,0.007651,0.002117,-0.040204,-0.040335,0.261927,0.000057,-0.007843,-0.022280,-0.022810,3.141593
26230.0,0.007598,0.009566,-0.040529,-0.040335,0.261927,0.000029,0.011327,-0.023111,-0.023257,3.141593
26235.0,0.007643,0.000276,-0.040096,-0.040382,0.261927,-0.000072,-0.002767,-0.022516,-0.022810,3.141593
26240.0,0.007651,0.001203,-0.040110,-0.040382,0.261927,-0.000186,-0.017345,-0.021940,-0.022810,3.141593
26245.0,0.007660,0.002720,-0.040143,-0.040335,0.261927,0.000057,0.002462,-0.022754,-0.022810,3.141593
26250.0,0.007676,0.003866,-0.040153,-0.040382,0.261927,0.000014,0.000981,-0.022692,-0.022810,3.141593
26255.0,0.007651,0.016018,-0.040666,-0.040335,0.261927,0.000000,0.013968,-0.023265,-0.022327,3.141593
26260.0,0.007600,-0.002745,-0.039845,-0.039554,0.261927,-0.000014,-0.014762,-0.022016,-0.022810,3.141593
26265.0,0.007680,0.005609,-0.040175,-0.039506,0.261927,-0.000086,0.010539,-0.023158,-0.022327,3.141593
26270.0,0.007641,-0.002899,-0.039792,-0.040382,0.261927,-0.000157,-0.001143,-0.022690,-0.023740,3.141593
26275.0,0.007587,0.012086,-0.040447,-0.040335,0.261927,-0.000014,-0.002564,-0.022609,-0.022327,3.141593
26280.0,0.007653,0.000387,-0.039897,-0.040382,0.261927,0.000072,0.006158,-0.022967,-0.023740,3.141593
26285.0,0.007698,0.002516,-0.039934,-0.040335,0.261927,0.000000,0.002180,-0.022794,-0.022327,3.141593
26290.0,0.007632,0.017463,-0.040577,-0.040382,0.261927,0.000100,-0.032235,-0.021238,-0.021880,3.141593
26295.0,0.007682,0.001007,-0.039816,-0.039554,0.261927,0.000014,0.019484,-0.023522,-0.023257,3.141593
26300.0,0.007637,-0.003187,-0.039625,-0.039554,0.261927,-0.000014,-0.008336,-0.022309,-0.022810,3.141593
26305.0,0.007592,0.015834,-0.040467,-0.040335,0.261927,-0.000057,0.016980,-0.023442,-0.023257,3.141593
26310.0,0.007705,0.006741,-0.040016,-0.040382,0.261927,0.000072,-0.017354,-0.021892,-0.022810,3.141593
26315.0,0.007575,0.008407,-0.040101,-0.040382,0.261927,-0.000057,0.024096,-0.023756,-0.023257,3.141593
26320.0,0.007702,0.009459,-0.040083,-0.040335,0.261927,-0.000129,-0.001756,-0.022668,-0.023740,3.141593
26325.0,0.007603,0.010700,-0.040133,-0.039506,0.261927,-0.000057,0.027108,-0.023935,-0.023704,3.141593
26330.0,0.007680,0.006638,-0.039924,-0.039554,0.261927,0.000072,-0.008786,-0.022309,-0.022810,3.141593
26335.0,0.007651,0.001253,-0.039676,-0.039554,0.261927,0.000029,-0.011287,-0.022192,-0.022810,3.141593
26340.0,0.007693,0.008622,-0.039968,-0.040335,0.261927,-0.000043,0.016127,-0.023418,-0.022810,3.141593
26345.0,0.007698,0.002472,-0.039651,-0.039506,0.261927,-0.000072,0.004938,-0.022969,-0.023740,3.141593
26350.0,0.007544,0.017114,-0.040330,-0.041163,0.261927,0.000143,0.003835,-0.022843,-0.020913,3.141593
26355.0,0.007659,0.005611,-0.039772,-0.039506,0.261927,-0.000114,0.008086,-0.023131,-0.022327,3.141593
26360.0,0.007562,0.003004,-0.039677,-0.040382,0.261927,-0.000057,0.000887,-0.022834,-0.023257,3.141593
26365.0,0.007651,0.011959,-0.040024,-0.039554,0.261927,0.000086,0.001595,-0.022818,-0.022327,3.141593
26370.0,0.007650,0.007788,-0.039820,-0.039506,0.261927,0.000014,0.001811,-0.022833,-0.022327,3.141593
26375.0,0.007687,0.001113,-0.039486,-0.039554,0.261927,0.000100,0.004352,-0.022913,-0.022810,3.141593
26380.0,0.007651,0.005844,-0.039675,-0.039554,0.261927,0.000114,-0.021111,-0.021759,-0.021880,3.141593
26385.0,0.007603,0.008332,-0.039785,-0.039554,0.261927,0.000129,-0.011676,-0.022129,-0.021880,3.141593
26390.0,0.007664,-0.006236,-0.039106,-0.039554,0.261927,0.000000,0.002313,-0.022768,-0.023257,3.141593
26395.0,0.007678,0.010130,-0.039783,-0.039554,0.261927,-0.000143,-0.005820,-0.022486,-0.023740,3.141593
26400.0,0.007687,0.011479,-0.039800,-0.039554,0.261927,0.000014,-0.008210,-0.022337,-0.022810,3.141593
26405.0,0.007519,0.005175,-0.039568,-0.040382,0.261927,0.000014,-0.017922,-0.021904,-0.021397,3.141593
26410.0,0.007614,0.009346,-0.039717,-0.038678,0.261927,0.000072,0.002353,-0.022792,-0.022810,3.141593
26415.0,0.007725,-0.000301,-0.039243,-0.038725,0.261927,0.000029,0.000703,-0.022721,-0.023740,3.141593
26420.0,0.007680,0.005263,-0.039461,-0.039554,0.261927,0.000043,0.000464,-0.022704,-0.021880,3.141593
26425.0,0.007623,0.006734,-0.039520,-0.039506,0.261927,-0.000043,0.002411,-0.022831,-0.022810,3.141593
26430.0,0.007662,-0.006247,-0.038911,-0.038725,0.261927,-0.000014,-0.001497,-0.022658,-0.022327,3.141593
26435.0,0.007693,0.007927,-0.039499,-0.038725,0.261927,0.000014,0.003354,-0.022860,-0.021844,3.141593
26440.0,0.007685,0.005678,-0.039375,-0.037897,0.261927,-0.000072,0.006133,-0.023010,-0.023740,3.141593
26445.0,0.007558,0.010181,-0.039603,-0.038725,0.261927,0.000014,-0.020767,-0.021805,-0.020913,3.141593
26450.0,0.007728,-0.012683,-0.038531,-0.038725,0.261927,0.000043,0.006478,-0.022992,-0.022810,3.141593
26455.0,0.007614,0.005924,-0.039352,-0.039459,0.261927,0.000014,0.010475,-0.023179,-0.023740,3.141593
26460.0,0.007576,0.020161,-0.039982,-0.039554,0.261927,0.000086,-0.005577,-0.022434,-0.021397,3.141593
26465.0,0.007657,0.005021,-0.039281,-0.038725,0.261927,-0.000086,0.010700,-0.023223,-0.022810,3.141593
26470.0,0.007659,0.002056,-0.039124,-0.038678,0.261927,0.000143,-0.016161,-0.021972,-0.020913,3.141593
26475.0,0.007651,0.010176,-0.039462,-0.038725,0.261927,0.000029,0.004881,-0.022919,-0.022327,3.141593
26480.0,0.007648,0.002381,-0.039106,-0.038678,0.261927,-0.000057,0.008928,-0.023123,-0.022810,3.141593
26485.0,0.007643,0.007987,-0.039328,-0.039554,0.261927,0.000014,-0.011027,-0.022229,-0.023740,3.141593
26490.0,0.007651,0.011817,-0.039466,-0.039554,0.261927,0.000114,-0.008260,-0.022286,-0.022810,3.141593
26495.0,0.007723,0.002779,-0.039008,-0.038678,0.261927,-0.000029,-0.007191,-0.022359,-0.021880,3.141593
26500.0,0.007671,-0.007512,-0.038538,-0.037897,0.261927,-0.000072,-0.006655,-0.022421,-0.021397,3.141593
26505.0,0.007680,0.006608,-0.039132,-0.038773,0.261927,0.000157,-0.022387,-0.021656,-0.021880,3.141593
26510.0,0.007576,0.012969,-0.039435,-0.039554,0.261927,-0.000114,0.014046,-0.023337,-0.023257,3.141593
26515.0,0.007655,-0.006573,-0.038532,-0.038725,0.261927,-0.000014,0.010352,-0.023170,-0.022810,3.141593
26520.0,0.007619,0.012980,-0.039382,-0.039554,0.261927,0.000086,-0.005516,-0.022432,-0.022810,3.141593
26525.0,0.007702,-0.005696,-0.038502,-0.038773,0.261927,0.000057,-0.000245,-0.022666,-0.022810,3.141593
26530.0,0.007634,0.012210,-0.039278,-0.038725,0.261927,-0.000086,-0.013537,-0.022139,-0.021880,3.141593
26535.0,0.007662,0.011368,-0.039220,-0.039554,0.261927,-0.000057,0.001146,-0.022799,-0.023740,3.141593
26540.0,0.007693,0.000968,-0.038714,-0.038678,0.261927,0.000172,-0.013518,-0.022064,-0.020913,3.141593
26545.0,0.000765,0.203100,-0.048158,-0.049257,0.261544,-0.000029,-0.005223,-0.022461,-0.023740,3.141593
26550.0,-0.013872,0.072431,-0.043950,-0.044382,0.261544,0.000014,-0.011430,-0.022149,-0.021397,3.141593
26555.0,-0.015398,0.017793,-0.041885,-0.041900,0.261544,-0.000057,0.013088,-0.023280,-0.023257,3.141593
26560.0,-0.015428,0.011426,-0.041758,-0.041118,0.261544,0.000014,-0.005371,-0.022448,-0.020949,3.141593
26565.0,-0.015450,0.001556,-0.041485,-0.041945,0.261544,0.000014,0.009744,-0.023140,-0.022327,3.141593
26570.0,-0.015410,0.003573,-0.041700,-0.041945,0.261544,0.000000,0.011487,-0.023230,-0.021397,3.141593
26575.0,0.003455,-0.131629,-0.034060,-0.034725,0.261927,0.000000,0.001582,-0.022818,-0.024223,3.141593
26580.0,0.007460,-0.016566,-0.038627,-0.037897,0.261927,-0.000072,-0.002540,-0.022637,-0.023740,3.141593
26585.0,0.007854,-0.003869,-0.039041,-0.038678,0.261927,0.000014,0.001238,-0.022771,-0.022810,3.141593
26590.0,0.007854,-0.007089,-0.038800,-0.038773,0.261927,0.000057,-0.015850,-0.021985,-0.021880,3.141593
26595.0,0.007766,0.001250,-0.039109,-0.038725,0.261927,0.000014,-0.002999,-0.022548,-0.022327,3.141593
26600.0,-0.004435,0.198672,-0.048765,-0.047647,0.261544,-0.000014,0.001190,-0.022740,-0.023740,3.141593
26605.0,-0.014411,0.051681,-0.043427,-0.043555,0.261544,-0.000057,0.006554,-0.022982,-0.022810,3.141593
26610.0,-0.015419,0.009650,-0.041853,-0.041990,0.261544,0.000043,-0.002905,-0.022535,-0.022327,3.141593
26615.0,-0.015380,0.004580,-0.041747,-0.041900,0.261544,-0.000014,0.002297,-0.022778,-0.022327,3.141593
26620.0,-0.015353,0.014394,-0.042288,-0.041945,0.261544,-0.000014,-0.001233,-0.022633,-0.022327,3.141593
26625.0,-0.015383,-0.005670,-0.041531,-0.041990,0.261544,0.000100,-0.010136,-0.022201,-0.021880,3.141593
26630.0,-0.015226,-0.010353,-0.041370,-0.041945,0.261544,0.000057,-0.010719,-0.022174,-0.022810,3.141593
26635.0,-0.015303,0.002353,-0.042027,-0.041945,0.261544,-0.000072,-0.004219,-0.022490,-0.021880,3.141593
26640.0,-0.008388,-0.201346,-0.032578,-0.033068,0.261927,-0.000014,-0.009894,-0.022243,-0.022810,3.141593
26645.0,0.006296,-0.067669,-0.036939,-0.037116,0.261927,0.000072,-0.015916,-0.021932,-0.020949,3.141593
26650.0,0.007812,-0.023267,-0.038594,-0.038725,0.261927,0.000072,-0.007641,-0.022280,-0.021880,3.141593
26655.0,0.007895,-0.014053,-0.038867,-0.037897,0.261927,-0.000215,0.007341,-0.023058,-0.022810,3.141593
26660.0,0.007914,-0.015068,-0.038711,-0.038725,0.261927,0.000086,-0.013810,-0.022064,-0.021397,3.141593
26665.0,0.007898,-0.010288,-0.038813,-0.038725,0.261927,-0.000086,-0.004510,-0.022524,-0.023740,3.141593
26670.0,0.007744,0.007063,-0.039540,-0.039554,0.261927,0.000000,0.006669,-0.022990,-0.022810,3.141593
26675.0,-0.008358,0.172870,-0.048223,-0.047557,0.261544,-0.000129,0.028273,-0.024001,-0.023740,3.141593
26680.0,-0.014809,0.033356,-0.042877,-0.042727,0.261544,0.000014,-0.003163,-0.022594,-0.021880,3.141593
26685.0,-0.015357,0.008549,-0.041980,-0.041945,0.261544,0.000043,0.000091,-0.022718,-0.023293,3.141593
26690.0,-0.015444,0.010310,-0.042218,-0.041945,0.261544,0.000086,-0.008913,-0.022286,-0.021880,3.141593
26695.0,-0.015432,0.007812,-0.042244,-0.042818,0.261544,-0.000029,-0.013128,-0.022126,-0.020949,3.141593
26700.0,-0.015287,-0.003988,-0.041780,-0.041990,0.261544,0.000014,-0.002418,-0.022589,-0.022810,3.141593
26705.0,-0.015278,0.000591,-0.042064,-0.041945,0.261544,-0.000072,0.015226,-0.023395,-0.024671,3.141593
26710.0,-0.015332,0.003953,-0.042326,-0.041897,0.261927,0.000157,-0.023318,-0.021617,-0.021880,3.141593
26715.0,0.005141,-0.105194,-0.035631,-0.035506,0.261927,-0.000157,0.011111,-0.023218,-0.023257,3.141593
26720.0,0.007684,-0.013740,-0.039268,-0.038725,0.261927,-0.000014,-0.019571,-0.021851,-0.022810,3.141593
26725.0,0.007900,-0.008137,-0.039371,-0.039554,0.261927,0.000057,0.002125,-0.022771,-0.021844,3.141593
26730.0,0.007870,-0.007598,-0.039283,-0.038725,0.261927,0.000014,-0.001708,-0.022612,-0.021397,3.141593
26735.0,0.007786,-0.008095,-0.039199,-0.039506,0.261927,-0.000100,0.012782,-0.023310,-0.023740,3.141593
26740.0,0.007893,-0.002618,-0.039311,-0.039554,0.261927,0.000000,0.006597,-0.023015,-0.022810,3.141593
26745.0,0.007691,0.002163,-0.039502,-0.039554,0.261927,0.000072,-0.019939,-0.021819,-0.022327,3.141593
26750.0,0.007762,0.004773,-0.039540,-0.039554,0.261927,-0.000014,0.006595,-0.023014,-0.023740,3.141593
26755.0,0.000894,0.199955,-0.048622,-0.048429,0.261544,0.000143,-0.013886,-0.022030,-0.021397,3.141593
26760.0,-0.013776,0.048400,-0.043476,-0.042773,0.261544,-0.000057,0.034109,-0.024213,-0.024671,3.141593
26765.0,-0.015312,0.025561,-0.042794,-0.042773,0.261544,-0.000157,0.001474,-0.022839,-0.023740,3.141593
26770.0,-0.015439,0.002495,-0.041938,-0.041900,0.261544,-0.000072,0.005147,-0.023012,-0.023740,3.141593
26775.0,-0.015430,0.001318,-0.042026,-0.042773,0.261544,-0.000029,0.009687,-0.023215,-0.022810,3.141593
26780.0,0.000733,-0.174573,-0.032928,-0.033896,0.261927,0.000057,0.000782,-0.022797,-0.022327,3.141593
26785.0,0.007144,-0.020428,-0.038997,-0.038725,0.261927,0.000114,-0.003391,-0.022580,-0.023740,3.141593
26790.0,0.007828,-0.007255,-0.039392,-0.038725,0.261927,-0.000072,0.009067,-0.023158,-0.023740,3.141593
26795.0,0.007927,-0.014605,-0.038924,-0.039554,0.261927,0.000029,0.020074,-0.023616,-0.023740,3.141593
26800.0,0.007794,-0.006869,-0.039196,-0.038725,0.261927,0.000000,-0.008721,-0.022359,-0.022327,3.141593
26805.0,0.007698,0.010256,-0.039927,-0.040335,0.261927,0.000029,-0.005460,-0.022486,-0.022327,3.141593
26810.0,0.007725,0.001141,-0.039459,-0.039506,0.261927,0.000057,0.000810,-0.022740,-0.022810,3.141593
26815.0,0.007800,0.007525,-0.039656,-0.040382,0.261927,-0.000014,0.007290,-0.023024,-0.023257,3.141593
26820.0,0.007616,0.012302,-0.039864,-0.040335,0.261927,0.000014,0.020052,-0.023587,-0.023257,3.141593
26825.0,-0.004511,0.190882,-0.048688,-0.047602,0.261544,-0.000072,-0.001634,-0.022665,-0.021844,3.141593
26830.0,-0.014418,0.038654,-0.043112,-0.043555,0.261544,0.000000,0.007860,-0.023076,-0.023257,3.141593
26835.0,-0.015417,0.021905,-0.042645,-0.041945,0.261544,0.000072,-0.017109,-0.021947,-0.021880,3.141593
26840.0,-0.015435,-0.001998,-0.041736,-0.041118,0.261544,0.000086,-0.001261,-0.022613,-0.022810,3.141593
26845.0,-0.015360,-0.002665,-0.041828,-0.041945,0.261544,-0.000057,0.006368,-0.022971,-0.022327,3.141593
26850.0,-0.008544,-0.181807,-0.033528,-0.033068,0.261927,0.000000,-0.001238,-0.022652,-0.021880,3.141593
26855.0,0.018314,-0.257796,-0.027703,-0.029019,0.262311,-0.000014,-0.020031,-0.021820,-0.021880,3.141593
26860.0,0.029944,-0.063969,-0.034746,-0.033897,0.262311,0.000172,-0.002095,-0.022529,-0.021397,3.141593
26865.0,0.030910,-0.013961,-0.036549,-0.035456,0.262311,-0.000114,-0.004938,-0.022489,-0.021880,3.141593
26870.0,0.024102,0.180719,-0.045393,-0.045992,0.261927,0.000114,0.006056,-0.022929,-0.023740,3.141593
26875.0,-0.006655,0.224107,-0.050057,-0.049257,0.261544,-0.000057,0.007299,-0.023011,-0.023740,3.141593
26880.0,-0.014806,0.040766,-0.043004,-0.042727,0.261544,0.000014,-0.001227,-0.022610,-0.023257,3.141593
26885.0,-0.015475,0.005113,-0.041693,-0.041945,0.261544,-0.000100,0.011706,-0.023222,-0.022327,3.141593
26890.0,-0.015537,0.020481,-0.042559,-0.042773,0.261544,-0.000057,-0.003839,-0.022560,-0.022810,3.141593
26895.0,-0.015410,0.007115,-0.042088,-0.041990,0.261544,0.000086,-0.005160,-0.022455,-0.022810,3.141593
26900.0,-0.015407,0.003587,-0.042071,-0.041945,0.261544,-0.000014,0.011584,-0.023191,-0.024223,3.141593
26905.0,0.000715,-0.176790,-0.032806,-0.033068,0.261927,0.000029,-0.003278,-0.022515,-0.022327,3.141593
26910.0,0.007190,-0.023378,-0.038820,-0.038725,0.261927,-0.000172,0.018570,-0.023571,-0.023257,3.141593
26915.0,0.007834,-0.022739,-0.038666,-0.038725,0.261927,-0.000043,-0.007793,-0.022412,-0.022327,3.141593
26920.0,0.007825,-0.009581,-0.039153,-0.039554,0.261927,0.000000,0.006124,-0.023026,-0.022810,3.141593
26925.0,0.007837,-0.004534,-0.039270,-0.039554,0.261927,0.000057,0.000991,-0.022778,-0.021844,3.141593
26930.0,0.007748,-0.000405,-0.039397,-0.039554,0.261927,0.000057,-0.018370,-0.021912,-0.022810,3.141593
26935.0,0.007769,-0.009421,-0.038930,-0.038725,0.261927,0.000014,0.000903,-0.022766,-0.022327,3.141593
26940.0,0.007771,-0.003593,-0.039117,-0.039554,0.261927,0.000100,-0.016716,-0.021959,-0.021880,3.141593
26945.0,0.007694,0.016043,-0.039943,-0.040335,0.261927,-0.000014,-0.003230,-0.022569,-0.022327,3.141593
26950.0,0.007696,-0.006364,-0.038913,-0.039554,0.261927,-0.000014,0.000805,-0.022752,-0.023740,3.141593
26955.0,0.007668,-0.005412,-0.038937,-0.038725,0.261927,-0.000057,0.006510,-0.023008,-0.022810,3.141593
26960.0,0.007662,-0.007058,-0.038840,-0.038773,0.261927,0.000057,-0.012847,-0.022125,-0.022327,3.141593
26965.0,0.007666,0.004677,-0.039323,-0.039554,0.261927,-0.000043,0.006936,-0.023024,-0.022810,3.141593
26970.0,0.007671,0.002868,-0.039203,-0.039554,0.261927,-0.000100,0.012390,-0.023314,-0.023740,3.141593
26975.0,0.007644,0.000095,-0.039058,-0.039554,0.261927,-0.000072,-0.007846,-0.022451,-0.022810,3.141593
26980.0,0.007582,0.019362,-0.039907,-0.039554,0.261927,0.000086,0.024451,-0.023825,-0.022810,3.141593
26985.0,0.007644,-0.003930,-0.038848,-0.038725,0.261927,-0.000057,-0.007497,-0.022459,-0.023740,3.141593
26990.0,0.007676,0.012337,-0.039535,-0.040382,0.261927,0.000143,-0.018000,-0.021916,-0.020913,3.141593
26995.0,0.007626,0.014895,-0.039628,-0.039554,0.261927,0.000072,0.009341,-0.023131,-0.022327,3.141593
27000.0,0.007664,0.001565,-0.039003,-0.039554,0.261927,-0.000086,0.010026,-0.023214,-0.023740,3.141593
27005.0,0.007617,0.015186,-0.039590,-0.039554,0.261927,0.000143,-0.014185,-0.022069,-0.022810,3.141593
27010.0,0.007725,0.000224,-0.038868,-0.038725,0.261927,-0.000072,0.000734,-0.022762,-0.023740,3.141593
27015.0,0.007637,-0.003659,-0.038691,-0.038773,0.261927,0.000014,0.013424,-0.023296,-0.023257,3.141593
27020.0,0.007621,0.002375,-0.038942,-0.038725,0.261927,-0.000086,-0.008653,-0.022370,-0.022810,3.141593
27025.0,0.007709,-0.004891,-0.038575,-0.038725,0.261927,0.000043,0.002822,-0.022847,-0.022810,3.141593
27030.0,0.007617,0.013328,-0.039374,-0.039554,0.261927,0.000057,0.003512,-0.022849,-0.022327,3.141593
27035.0,0.007702,0.002876,-0.038857,-0.038725,0.261927,0.000000,0.001433,-0.022775,-0.022810,3.141593
27040.0,0.007605,0.016222,-0.039457,-0.038725,0.261927,-0.000043,0.014315,-0.023357,-0.023740,3.141593
27045.0,0.007682,0.000986,-0.038745,-0.037897,0.261927,0.000014,-0.010932,-0.022228,-0.021880,3.141593
27050.0,0.007660,-0.001935,-0.038597,-0.038725,0.261927,0.000029,-0.005736,-0.022442,-0.022810,3.141593
27055.0,0.007619,0.019840,-0.039550,-0.040382,0.261927,0.000043,0.002394,-0.022785,-0.022327,3.141593
27060.0,0.007643,-0.014684,-0.037993,-0.037897,0.261927,0.000057,-0.006674,-0.022375,-0.022327,3.141593
27065.0,0.007668,0.005701,-0.038859,-0.038725,0.261927,0.000014,0.012824,-0.023268,-0.022327,3.141593
27070.0,0.007698,-0.000912,-0.038529,-0.038725,0.261927,-0.000072,-0.003809,-0.022585,-0.023740,3.141593
27075.0,0.007639,0.001217,-0.038614,-0.038725,0.261927,0.000057,-0.017659,-0.021911,-0.022810,3.141593
27080.0,0.007668,0.002252,-0.038624,-0.038773,0.261927,-0.000086,0.018498,-0.023539,-0.023257,3.141593
27085.0,0.007673,0.002795,-0.038615,-0.038773,0.261927,-0.000100,0.033485,-0.024237,-0.024187,3.141593
27090.0,0.007578,0.011808,-0.039021,-0.038725,0.261927,-0.000057,-0.008115,-0.022422,-0.022327,3.141593
27095.0,-0.004601,0.206833,-0.048616,-0.047647,0.261544,0.000072,-0.012748,-0.022177,-0.024223,3.141593
27100.0,-0.014564,0.067800,-0.043677,-0.043555,0.261544,0.000114,-0.019069,-0.021846,-0.021880,3.141593
27105.0,-0.015330,0.013120,-0.041486,-0.041163,0.261544,0.000029,0.012924,-0.023259,-0.022810,3.141593
27110.0,-0.015475,0.005100,-0.041316,-0.041118,0.261544,0.000029,-0.002559,-0.022562,-0.022327,3.141593
27115.0,-0.015419,0.005000,-0.041452,-0.041163,0.261544,-0.000114,-0.000237,-0.022722,-0.022327,3.141593
27120.0,-0.015412,0.016121,-0.042077,-0.042773,0.261544,0.000100,-0.018928,-0.021841,-0.021880,3.141593
27125.0,0.000726,-0.172288,-0.032442,-0.032287,0.261927,0.000014,-0.010451,-0.022213,-0.021880,3.141593
27130.0,0.007208,-0.018976,-0.038446,-0.038725,0.261927,-0.000057,0.004456,-0.022923,-0.022327,3.141593
27135.0,0.007884,-0.013947,-0.038467,-0.037897,0.261927,-0.000014,-0.002295,-0.022634,-0.022810,3.141593
27140.0,0.007848,-0.011064,-0.038505,-0.038725,0.261927,0.000043,-0.012656,-0.022157,-0.021880,3.141593
27145.0,0.007807,-0.003163,-0.038769,-0.038725,0.261927,0.000114,-0.011114,-0.022173,-0.020949,3.141593
27150.0,0.007816,-0.008411,-0.038451,-0.038725,0.261544,-0.000129,0.020537,-0.023657,-0.022327,3.141593
27155.0,-0.012683,0.089928,-0.044683,-0.044382,0.261544,0.000014,0.003591,-0.022911,-0.023740,3.141593
27160.0,-0.015183,0.014881,-0.041775,-0.041118,0.261544,0.000029,0.002291,-0.022835,-0.022327,3.141593
27165.0,-0.015401,-0.001608,-0.041221,-0.041945,0.261544,-0.000014,-0.000221,-0.022725,-0.022327,3.141593
27170.0,-0.015330,0.008965,-0.041776,-0.041945,0.261544,0.000014,0.009424,-0.023147,-0.022327,3.141593
27175.0,-0.015371,0.004312,-0.041690,-0.042773,0.261544,-0.000029,-0.012664,-0.022198,-0.022810,3.141593
27180.0,-0.015323,0.014151,-0.042215,-0.041945,0.261544,0.000072,0.000441,-0.022739,-0.022327,3.141593
27185.0,-0.008515,-0.195741,-0.032552,-0.032287,0.261927,-0.000086,0.002652,-0.022884,-0.020466,3.141593
27190.0,0.006237,-0.070913,-0.036534,-0.036287,0.261927,-0.000057,-0.011654,-0.022294,-0.022327,3.141593
27195.0,0.007787,-0.008033,-0.039017,-0.038725,0.261927,0.000057,0.003987,-0.022951,-0.022810,3.141593
27200.0,0.007846,-0.009862,-0.038830,-0.038725,0.261927,0.000200,-0.017598,-0.021915,-0.020913,3.141593
27205.0,0.007880,-0.004869,-0.038941,-0.038725,0.261927,-0.000072,0.008314,-0.023132,-0.022327,3.141593
27210.0,0.007773,-0.000738,-0.039066,-0.039554,0.261927,0.000057,-0.015428,-0.022075,-0.021844,3.141593
27215.0,0.007895,-0.014313,-0.038326,-0.037849,0.261927,0.000057,0.004452,-0.022937,-0.022774,3.141593
27220.0,0.007807,-0.001652,-0.038815,-0.038773,0.261927,0.000072,0.011515,-0.023229,-0.022774,3.141593
27225.0,0.007752,-0.004352,-0.038646,-0.038725,0.261927,0.000000,-0.004202,-0.022545,-0.022810,3.141593
27230.0,0.007693,0.005652,-0.039054,-0.038725,0.261927,0.000157,-0.016110,-0.021938,-0.021397,3.141593
27235.0,0.007659,-0.000909,-0.038747,-0.038725,0.261927,-0.000014,-0.006124,-0.022414,-0.022810,3.141593
27240.0,0.007651,0.015197,-0.039434,-0.039554,0.261927,-0.000086,0.005418,-0.022970,-0.021880,3.141593
27245.0,0.007659,0.005656,-0.038979,-0.038725,0.261927,0.000057,-0.010863,-0.022208,-0.021397,3.141593
27250.0,-0.011045,0.135499,-0.046410,-0.045165,0.261544,0.000072,-0.010103,-0.022228,-0.022810,3.141593
27255.0,-0.015020,0.015489,-0.041679,-0.041163,0.261544,-0.000014,0.015748,-0.023378,-0.022327,3.141593
27260.0,-0.015466,0.009652,-0.041646,-0.041945,0.261544,0.000014,0.007496,-0.023006,-0.024671,3.141593
27265.0,-0.015412,0.008298,-0.041720,-0.041990,0.261544,-0.000014,0.003819,-0.022837,-0.023257,3.141593
27270.0,0.003360,-0.132631,-0.033875,-0.033896,0.261927,0.000057,0.016925,-0.023374,-0.023740,3.141593
27275.0,0.007376,-0.014258,-0.038618,-0.037897,0.261927,-0.000086,0.002542,-0.022784,-0.022327,3.141593
27280.0,0.007887,-0.009366,-0.038653,-0.037897,0.261927,-0.000057,0.007124,-0.023009,-0.023740,3.141593
27285.0,0.007827,-0.006355,-0.038709,-0.038725,0.261927,-0.000072,-0.001221,-0.022648,-0.023740,3.141593
27290.0,0.007787,-0.002737,-0.038797,-0.038725,0.261927,-0.000057,-0.002727,-0.022579,-0.022810,3.141593
27295.0,0.007757,-0.001709,-0.038783,-0.038725,0.261927,0.000057,0.004244,-0.022852,-0.022810,3.141593
27300.0,0.007718,0.001548,-0.038882,-0.038725,0.261927,-0.000072,-0.014929,-0.022062,-0.022810,3.141593
27305.0,-0.010917,0.133267,-0.046342,-0.045992,0.261544,0.000129,-0.003899,-0.022465,-0.021397,3.141593
27310.0,-0.015078,0.029890,-0.042372,-0.041945,0.261544,-0.000057,-0.003603,-0.022528,-0.021397,3.141593
27315.0,-0.015491,0.008362,-0.041651,-0.041990,0.261544,-0.000114,-0.004435,-0.022543,-0.021880,3.141593
27320.0,-0.015337,0.008727,-0.041755,-0.041118,0.261544,0.000072,0.007468,-0.023018,-0.023257,3.141593
27325.0,-0.015383,-0.005687,-0.041265,-0.041163,0.261544,-0.000086,0.012268,-0.023269,-0.022810,3.141593
27330.0,-0.015324,-0.005879,-0.041358,-0.041163,0.261544,0.000029,-0.018526,-0.021902,-0.021397,3.141593
27335.0,-0.015328,-0.007697,-0.041389,-0.041163,0.261544,0.000014,-0.004824,-0.022495,-0.021397,3.141593
27340.0,0.003337,-0.125754,-0.034572,-0.035506,0.261927,-0.000143,-0.007187,-0.022461,-0.022327,3.141593
27345.0,0.007575,-0.029785,-0.038215,-0.037944,0.261927,0.000072,-0.014289,-0.022100,-0.021880,3.141593
27350.0,0.007955,-0.015570,-0.038649,-0.038725,0.261927,0.000043,0.005982,-0.022988,-0.022327,3.141593
27355.0,0.007875,-0.005229,-0.039004,-0.038773,0.261927,-0.000014,-0.001023,-0.022703,-0.020949,3.141593
27360.0,0.007766,0.005586,-0.039414,-0.039554,0.261927,0.000014,0.002787,-0.022858,-0.022327,3.141593
27365.0,0.007812,0.001704,-0.039163,-0.038725,0.261927,0.000057,-0.001256,-0.022669,-0.022810,3.141593
27370.0,0.007782,0.001079,-0.039067,-0.038725,0.261927,-0.000029,0.011362,-0.023242,-0.024223,3.141593
27375.0,0.007780,-0.011998,-0.038418,-0.038773,0.261927,0.000043,0.002655,-0.022821,-0.022327,3.141593
27380.0,-0.004592,0.226990,-0.049971,-0.049257,0.261544,0.000100,-0.004208,-0.022487,-0.022327,3.141593
27385.0,-0.014393,0.041902,-0.042915,-0.041900,0.261544,-0.000014,0.011108,-0.023190,-0.022810,3.141593
27390.0,-0.015335,0.004196,-0.041508,-0.041990,0.261544,0.000014,-0.014186,-0.022075,-0.021397,3.141593
27395.0,-0.015496,0.013816,-0.042113,-0.041945,0.261544,-0.000057,-0.002991,-0.022598,-0.023740,3.141593
27400.0,-0.015367,-0.006801,-0.041317,-0.041990,0.261544,0.000014,0.004003,-0.022874,-0.023257,3.141593
27405.0,-0.015342,0.001666,-0.041789,-0.041990,0.261544,0.000029,-0.002450,-0.022573,-0.022810,3.141593
27410.0,-0.003115,-0.190715,-0.032389,-0.033068,0.261927,0.000014,-0.008198,-0.022310,-0.021397,3.141593
27415.0,0.006807,-0.053726,-0.037349,-0.037944,0.261927,0.000014,0.004257,-0.022881,-0.022810,3.141593
27420.0,0.007828,-0.020126,-0.038587,-0.038725,0.261927,-0.000014,0.011139,-0.023192,-0.023740,3.141593
27425.0,0.007852,-0.019814,-0.038491,-0.037897,0.261927,0.000000,-0.012847,-0.022126,-0.021880,3.141593
27430.0,0.007854,-0.003590,-0.039109,-0.038725,0.261927,0.000000,0.001128,-0.022749,-0.023740,3.141593
27435.0,0.007793,0.000492,-0.039220,-0.039506,0.261927,0.000043,-0.019639,-0.021798,-0.021880,3.141593
27440.0,0.007854,-0.004699,-0.038879,-0.038725,0.261927,-0.000014,-0.019136,-0.021830,-0.020466,3.141593
27445.0,0.007739,-0.010143,-0.038598,-0.039554,0.261927,-0.000114,0.005844,-0.022982,-0.023257,3.141593
27450.0,0.007791,-0.000468,-0.038932,-0.038725,0.261544,0.000057,-0.004853,-0.022479,-0.022810,3.141593
27455.0,-0.012685,0.099550,-0.045244,-0.045210,0.261544,0.000114,0.005986,-0.022916,-0.022810,3.141593
27460.0,-0.015247,0.009789,-0.041715,-0.041945,0.261544,-0.000014,-0.016088,-0.021961,-0.022810,3.141593
27465.0,-0.015446,0.021128,-0.042393,-0.041945,0.261544,0.000057,-0.013064,-0.022055,-0.021397,3.141593
27470.0,-0.015475,-0.004067,-0.041449,-0.041163,0.261544,0.000000,-0.004487,-0.022450,-0.022327,3.141593
27475.0,-0.015330,-0.003178,-0.041580,-0.041945,0.261544,-0.000114,0.008245,-0.023066,-0.023740,3.141593
27480.0,-0.015312,0.001065,-0.041858,-0.041945,0.261544,-0.000043,-0.001910,-0.022611,-0.022327,3.141593
27485.0,0.003446,-0.131154,-0.034364,-0.034677,0.261927,-0.000086,0.014754,-0.023382,-0.023740,3.141593
27490.0,0.007578,-0.023912,-0.038519,-0.038773,0.261927,0.000043,0.013370,-0.023283,-0.022810,3.141593
27495.0,0.007857,-0.004884,-0.039213,-0.038725,0.261927,0.000029,-0.012514,-0.022147,-0.022327,3.141593
27500.0,0.007854,-0.005075,-0.039109,-0.039554,0.261927,0.000014,0.008939,-0.023087,-0.023740,3.141593
27505.0,0.007837,-0.014391,-0.038602,-0.038725,0.261927,0.000072,-0.009984,-0.022199,-0.022810,3.141593
27510.0,0.007744,0.004259,-0.039375,-0.038773,0.261927,-0.000014,0.008740,-0.023028,-0.023740,3.141593
27515.0,0.007735,0.004762,-0.039345,-0.037897,0.261927,-0.000114,-0.002969,-0.022559,-0.022810,3.141593
27520.0,0.007721,0.005648,-0.039337,-0.038725,0.261544,-0.000014,-0.008304,-0.022308,-0.021397,3.141593
27525.0,-0.012723,0.094533,-0.045168,-0.045165,0.261544,-0.000057,0.008699,-0.023089,-0.023740,3.141593
27530.0,-0.015265,0.024507,-0.042516,-0.042818,0.261544,0.000086,-0.000064,-0.022653,-0.022327,3.141593
27535.0,-0.015464,0.011974,-0.042144,-0.041118,0.261544,0.000114,-0.028380,-0.021369,-0.021880,3.141593
27540.0,-0.015414,0.007644,-0.042087,-0.041945,0.261544,-0.000014,0.012261,-0.023177,-0.022810,3.141593
27545.0,-0.015271,-0.008693,-0.041441,-0.041163,0.261544,-0.000029,0.002229,-0.022756,-0.022327,3.141593
27550.0,0.000705,-0.174406,-0.032837,-0.033896,0.261927,0.000057,-0.003396,-0.022478,-0.022810,3.141593
27555.0,0.007228,-0.021833,-0.038793,-0.037897,0.261927,0.000043,0.009312,-0.023018,-0.023257,3.141593
27560.0,0.007843,-0.020374,-0.038673,-0.039506,0.261927,-0.000172,0.007811,-0.023030,-0.024223,3.141593
27565.0,0.007870,-0.015825,-0.038749,-0.037897,0.261927,-0.000057,0.012675,-0.023232,-0.022327,3.141593
27570.0,0.007757,0.000536,-0.039420,-0.038725,0.261927,-0.000014,0.007886,-0.023024,-0.020949,3.141593
27575.0,0.007832,-0.010122,-0.038861,-0.038725,0.261927,-0.000014,-0.007698,-0.022362,-0.022810,3.141593
27580.0,0.007793,-0.002850,-0.039116,-0.038725,0.261927,0.000114,-0.014740,-0.021996,-0.022810,3.141593
27585.0,0.007757,0.003575,-0.039344,-0.038725,0.261927,-0.000057,-0.008035,-0.022326,-0.023740,3.141593
27590.0,0.007759,-0.002528,-0.039010,-0.039506,0.261927,0.000086,0.003192,-0.022759,-0.021880,3.141593
27595.0,0.007718,0.001978,-0.039166,-0.038725,0.261927,-0.000072,-0.000351,-0.022655,-0.022810,3.141593
27600.0,0.007743,0.007316,-0.039352,-0.039554,0.261927,0.000014,-0.002617,-0.022529,-0.022327,3.141593
27605.0,0.000735,0.213225,-0.048974,-0.049212,0.261544,-0.000086,0.016100,-0.023396,-0.022327,3.141593
27610.0,-0.013804,0.057509,-0.043641,-0.043555,0.261544,-0.000029,0.001245,-0.022747,-0.022810,3.141593
27615.0,-0.015330,0.008122,-0.041779,-0.041945,0.261544,0.000014,-0.010775,-0.022213,-0.021397,3.141593
27620.0,-0.015432,0.009238,-0.041987,-0.041945,0.261544,-0.000057,-0.007688,-0.022369,-0.021397,3.141593
27625.0,-0.015349,0.005893,-0.041959,-0.041163,0.261927,0.000157,-0.016759,-0.021898,-0.022810,3.141593
27630.0,0.005048,-0.087863,-0.036013,-0.037163,0.261927,0.000000,0.017734,-0.023424,-0.022810,3.141593
27635.0,0.007537,-0.007501,-0.039216,-0.038725,0.261927,-0.000014,0.008250,-0.023018,-0.022810,3.141593
27640.0,0.007896,-0.014034,-0.038770,-0.038725,0.261927,-0.000129,0.016076,-0.023424,-0.023740,3.141593
27645.0,0.007820,-0.012256,-0.038770,-0.038678,0.261927,0.000072,-0.010670,-0.022198,-0.022810,3.141593
27650.0,0.007775,-0.010830,-0.038767,-0.038725,0.261927,-0.000114,0.008972,-0.023110,-0.021397,3.141593
27655.0,0.007761,0.002884,-0.039310,-0.039554,0.261927,-0.000057,-0.002584,-0.022627,-0.022810,3.141593
27660.0,0.007811,-0.007740,-0.038755,-0.038725,0.261927,-0.000014,0.003896,-0.022919,-0.022327,3.141593
27665.0,0.007757,-0.001966,-0.038954,-0.038725,0.261927,0.000200,-0.005445,-0.022426,-0.021397,3.141593
27670.0,0.007716,-0.000192,-0.038997,-0.038725,0.261927,-0.000086,0.005080,-0.022957,-0.022810,3.141593
27675.0,0.007746,0.001950,-0.039034,-0.038773,0.261927,0.000143,-0.004325,-0.022469,-0.022327,3.141593
27680.0,0.007651,0.001892,-0.039017,-0.039554,0.261927,-0.000100,0.000150,-0.022727,-0.022810,3.141593
27685.0,0.007651,0.002726,-0.039020,-0.038725,0.261927,-0.000100,0.000058,-0.022743,-0.023740,3.141593
27690.0,0.007687,-0.002030,-0.038778,-0.038773,0.261927,0.000000,-0.004498,-0.022512,-0.023740,3.141593
27695.0,0.007675,-0.006565,-0.038547,-0.038725,0.261927,0.000114,-0.009478,-0.022222,-0.022810,3.141593
27700.0,0.007609,0.014589,-0.039475,-0.039554,0.261927,-0.000057,-0.011828,-0.022162,-0.022327,3.141593
27705.0,0.007662,0.006402,-0.039077,-0.039554,0.261927,-0.000029,0.005031,-0.022919,-0.022810,3.141593
27710.0,0.007698,-0.002629,-0.038636,-0.038725,0.261927,0.000014,-0.013822,-0.022074,-0.022810,3.141593
27715.0,0.007605,0.013061,-0.039329,-0.039554,0.261927,0.000057,-0.006527,-0.022362,-0.022810,3.141593
27720.0,0.007609,-0.001170,-0.038684,-0.038725,0.261927,-0.000014,0.008871,-0.023052,-0.022810,3.141593
27725.0,0.007609,0.007322,-0.039052,-0.038725,0.261927,0.000057,-0.016261,-0.021929,-0.022327,3.141593
27730.0,0.007707,0.001775,-0.038764,-0.037944,0.261927,-0.000072,-0.002738,-0.022555,-0.023740,3.141593
27735.0,0.007650,0.009680,-0.039091,-0.038725,0.261927,0.000072,-0.002527,-0.022514,-0.021397,3.141593
27740.0,0.007669,0.002527,-0.038745,-0.038725,0.261927,0.000000,-0.002554,-0.022520,-0.022327,3.141593
27745.0,0.007630,0.006696,-0.038916,-0.038725,0.261927,-0.000029,0.002949,-0.022778,-0.023740,3.141593
27750.0,0.007705,0.009145,-0.038978,-0.039554,0.261927,-0.000014,-0.003526,-0.022470,-0.021397,3.141593
27755.0,0.007712,0.001090,-0.038571,-0.038725,0.261927,-0.000057,-0.008564,-0.022281,-0.022810,3.141593
27760.0,0.007666,0.004875,-0.038713,-0.038725,0.261927,-0.000086,-0.003504,-0.022553,-0.022327,3.141593
27765.0,0.007635,0.004904,-0.038701,-0.038725,0.261927,0.000014,-0.010797,-0.022223,-0.022810,3.141593
27770.0,0.007591,0.013210,-0.039067,-0.038678,0.261927,0.000014,0.017049,-0.023441,-0.022327,3.141593
27775.0,0.007596,0.019527,-0.039343,-0.039506,0.261927,-0.000057,-0.000207,-0.022727,-0.022810,3.141593
27780.0,0.007691,-0.001599,-0.038357,-0.038725,0.261927,0.000014,0.000753,-0.022758,-0.021397,3.141593
27785.0,0.007578,0.017067,-0.039184,-0.038725,0.261927,0.000129,-0.033342,-0.021214,-0.021880,3.141593
27790.0,0.007592,0.001083,-0.038480,-0.038725,0.261927,0.000129,-0.021487,-0.021689,-0.022810,3.141593
27795.0,0.007719,0.013884,-0.038983,-0.038773,0.261927,0.000100,-0.008034,-0.022244,-0.022810,3.141593
27800.0,0.007609,0.022812,-0.039390,-0.039554,0.261927,-0.000100,0.007049,-0.022971,-0.022327,3.141593
27805.0,0.007600,0.002660,-0.038493,-0.038725,0.261927,-0.000129,0.007719,-0.023051,-0.023257,3.141593
27810.0,0.007693,0.010785,-0.038797,-0.037897,0.261927,0.000057,-0.010620,-0.022194,-0.022810,3.141593
27815.0,0.007605,-0.001436,-0.038273,-0.038773,0.261927,0.000014,-0.002802,-0.022532,-0.022810,3.141593
27820.0,0.007707,0.012973,-0.038852,-0.038773,0.261927,0.000029,0.005407,-0.022877,-0.022810,3.141593
27825.0,0.007714,0.002267,-0.038339,-0.037897,0.261927,-0.000086,0.009443,-0.023102,-0.023740,3.141593
27830.0,0.007600,0.000652,-0.038285,-0.038725,0.261927,-0.000114,0.011336,-0.023254,-0.023740,3.141593
27835.0,0.007655,-0.002075,-0.038127,-0.037944,0.261927,-0.000072,0.008460,-0.023141,-0.022810,3.141593
27840.0,0.007621,0.004604,-0.038419,-0.037897,0.261927,0.000072,0.004979,-0.022928,-0.022810,3.141593
27845.0,0.007714,-0.002247,-0.038069,-0.037944,0.261927,0.000014,0.002198,-0.022812,-0.022810,3.141593
27850.0,0.007698,-0.006947,-0.037816,-0.037116,0.261927,0.000243,-0.014136,-0.021974,-0.021397,3.141593
27855.0,0.007609,0.007710,-0.038477,-0.038725,0.261927,-0.000029,0.011033,-0.023140,-0.023740,3.141593
27860.0,0.007693,0.010512,-0.038546,-0.038725,0.261927,0.000057,-0.010827,-0.022140,-0.022810,3.141593
27865.0,0.007607,0.024596,-0.039166,-0.039554,0.261927,-0.000100,0.013526,-0.023255,-0.023740,3.141593
27870.0,0.007625,0.010577,-0.038525,-0.037944,0.261927,-0.000114,0.008888,-0.023076,-0.022327,3.141593
27875.0,0.007643,0.020631,-0.038942,-0.038725,0.261927,0.000014,-0.011131,-0.022176,-0.022810,3.141593
27880.0,0.007634,0.001157,-0.038065,-0.037944,0.261927,-0.000043,0.026152,-0.023828,-0.024671,3.141593
27885.0,0.007558,0.015936,-0.038735,-0.039554,0.261927,-0.000029,-0.007900,-0.022329,-0.021880,3.141593
27890.0,0.007705,0.008571,-0.038334,-0.037944,0.261927,0.000114,-0.016624,-0.021888,-0.022810,3.141593
27895.0,0.007746,-0.000397,-0.037892,-0.037897,0.261927,-0.000057,0.014928,-0.023312,-0.023257,3.141593
27900.0,0.007625,0.001067,-0.037955,-0.037897,0.261927,0.000014,-0.001187,-0.022577,-0.022810,3.141593
27905.0,0.007616,-0.000537,-0.037872,-0.038725,0.261927,-0.000072,0.011138,-0.023146,-0.021844,3.141593
27910.0,0.007705,0.000137,-0.037838,-0.037944,0.261927,-0.000043,0.003707,-0.022840,-0.022327,3.141593
27915.0,0.007607,-0.004257,-0.037650,-0.037116,0.261927,0.000057,-0.001771,-0.022577,-0.023740,3.141593
27920.0,0.007680,0.002463,-0.037908,-0.038773,0.261927,0.000014,0.020196,-0.023546,-0.023257,3.141593
27925.0,0.007684,-0.002804,-0.037641,-0.037068,0.261927,0.000057,-0.011251,-0.022131,-0.022810,3.141593
27930.0,0.007571,0.009888,-0.038236,-0.037897,0.261927,-0.000072,0.017266,-0.023422,-0.022810,3.141593
27935.0,0.007664,0.007309,-0.038091,-0.037944,0.261927,-0.000086,-0.006511,-0.022413,-0.023740,3.141593
27940.0,0.007641,0.019709,-0.038619,-0.038725,0.261927,0.000014,0.004584,-0.022873,-0.022327,3.141593
27945.0,0.007716,0.005485,-0.037934,-0.037944,0.261927,0.000129,-0.002852,-0.022491,-0.021397,3.141593
27950.0,0.007650,0.003911,-0.037850,-0.037897,0.261927,-0.000114,-0.002575,-0.022583,-0.022810,3.141593
27955.0,0.007573,0.010681,-0.038159,-0.037944,0.261927,0.000129,-0.010987,-0.022131,-0.021844,3.141593
27960.0,0.007709,0.001838,-0.037716,-0.037944,0.261927,0.000014,0.004575,-0.022830,-0.022810,3.141593
27965.0,0.007634,0.006555,-0.037910,-0.037944,0.261927,-0.000072,0.001251,-0.022714,-0.023740,3.141593
27970.0,0.007702,-0.002861,-0.037446,-0.037163,0.261927,-0.000014,-0.002079,-0.022553,-0.022810,3.141593
27975.0,0.007596,-0.001723,-0.037504,-0.037897,0.261927,0.000057,0.002583,-0.022748,-0.023257,3.141593
27980.0,0.007698,-0.001132,-0.037471,-0.037116,0.261927,-0.000072,0.005265,-0.022911,-0.024223,3.141593
27985.0,0.007557,0.007505,-0.037885,-0.037897,0.261927,0.000114,0.005730,-0.022865,-0.022327,3.141593
27990.0,0.007685,0.013879,-0.038119,-0.037944,0.261927,0.000014,-0.017899,-0.021840,-0.021880,3.141593
27995.0,0.007668,0.005655,-0.037735,-0.037944,0.261927,-0.000057,0.008128,-0.023020,-0.023740,3.141593
28000.0,0.007671,0.009817,-0.037890,-0.037944,0.261927,0.000014,0.013386,-0.023237,-0.021844,3.141593
28005.0,0.007646,0.013108,-0.038016,-0.037944,0.261927,0.000043,-0.012391,-0.022095,-0.022810,3.141593
28010.0,0.007626,0.013023,-0.038000,-0.037897,0.261927,-0.000114,0.005426,-0.022935,-0.022810,3.141593
28015.0,0.007702,0.000389,-0.037398,-0.037944,0.261927,-0.000057,-0.003173,-0.022564,-0.022774,3.141593
28020.0,0.007659,0.000366,-0.037370,-0.037944,0.261927,0.000043,0.007823,-0.023019,-0.023740,3.141593
28025.0,0.007630,0.012989,-0.037899,-0.037068,0.261927,0.000057,0.008358,-0.023020,-0.023740,3.141593
28030.0,0.007580,0.005217,-0.037567,-0.037944,0.261927,-0.000100,0.011629,-0.023214,-0.022810,3.141593
28035.0,0.007689,-0.001463,-0.037211,-0.037116,0.261927,-0.000014,0.010288,-0.023162,-0.021397,3.141593
28040.0,0.007644,0.001777,-0.037345,-0.036239,0.261927,-0.000043,-0.002410,-0.022646,-0.022327,3.141593
28045.0,0.007587,0.013776,-0.037888,-0.037944,0.261927,0.000072,-0.009928,-0.022282,-0.021880,3.141593
28050.0,-0.011070,0.138745,-0.045103,-0.045165,0.261544,-0.000014,0.013883,-0.023352,-0.022327,3.141593
28055.0,-0.015181,0.027892,-0.040827,-0.041163,0.261544,0.000114,0.000844,-0.022733,-0.021397,3.141593
28060.0,-0.015491,0.017184,-0.040557,-0.040290,0.261544,0.000014,-0.005114,-0.022493,-0.022327,3.141593
28065.0,-0.015373,-0.001466,-0.039848,-0.040380,0.261544,0.000000,0.011757,-0.023242,-0.022810,3.141593
28070.0,-0.015399,0.006878,-0.040348,-0.040335,0.261544,0.000000,0.005238,-0.022957,-0.023740,3.141593
28075.0,-0.003161,-0.189642,-0.030787,-0.032287,0.261927,0.000086,0.004623,-0.022883,-0.024223,3.141593
28080.0,0.006854,-0.038185,-0.036356,-0.036287,0.261927,0.000014,0.020363,-0.023579,-0.023740,3.141593
28085.0,0.007752,-0.009438,-0.037438,-0.037116,0.261927,-0.000114,0.006905,-0.023028,-0.023257,3.141593
28090.0,0.007818,-0.017779,-0.036977,-0.037116,0.261927,0.000072,0.012366,-0.023212,-0.022810,3.141593
28095.0,0.007920,-0.004620,-0.037425,-0.037992,0.261927,0.000014,-0.014415,-0.022039,-0.021397,3.141593
28100.0,-0.008261,0.176604,-0.046757,-0.045992,0.261544,-0.000100,0.007854,-0.023076,-0.022327,3.141593
28105.0,-0.014831,0.035410,-0.041361,-0.041118,0.261544,-0.000057,-0.019084,-0.021908,-0.022810,3.141593
28110.0,-0.015364,0.007790,-0.040341,-0.040335,0.261544,0.000014,-0.008834,-0.022329,-0.022810,3.141593
28115.0,-0.015417,0.007749,-0.040486,-0.040335,0.261544,0.000114,0.015146,-0.023322,-0.022810,3.141593
28120.0,-0.015398,0.004384,-0.040467,-0.040335,0.261544,0.000014,-0.017766,-0.021887,-0.022810,3.141593
28125.0,-0.015274,-0.010343,-0.039892,-0.040380,0.261544,0.000100,-0.007766,-0.022266,-0.022810,3.141593
28130.0,-0.015210,0.006067,-0.040666,-0.040335,0.261544,-0.000014,-0.005198,-0.022395,-0.021397,3.141593
28135.0,-0.015274,-0.016628,-0.039765,-0.040335,0.261927,-0.000086,0.003216,-0.022823,-0.022810,3.141593
28140.0,0.005161,-0.097394,-0.034313,-0.034725,0.261927,-0.000029,0.005121,-0.022912,-0.022327,3.141593
28145.0,0.007655,-0.019072,-0.037393,-0.037116,0.261927,-0.000043,-0.017278,-0.021947,-0.020949,3.141593
28150.0,0.007859,-0.003251,-0.037967,-0.038773,0.261927,0.000086,0.000647,-0.022702,-0.022327,3.141593
28155.0,0.007800,-0.005348,-0.037786,-0.037116,0.261927,-0.000072,0.010017,-0.023164,-0.023740,3.141593
28160.0,0.007902,-0.004313,-0.037698,-0.037116,0.261927,0.000057,-0.005307,-0.022426,-0.022810,3.141593
28165.0,0.007809,-0.002271,-0.037725,-0.037116,0.261927,0.000157,-0.016353,-0.021866,-0.020949,3.141593
28170.0,-0.010888,0.127596,-0.045105,-0.045165,0.261544,-0.000057,0.013882,-0.023258,-0.024671,3.141593
28175.0,-0.015038,0.011121,-0.040539,-0.041163,0.261544,0.000014,0.007208,-0.022941,-0.023257,3.141593
28180.0,-0.015417,0.009637,-0.040655,-0.040335,0.261544,-0.000100,0.003330,-0.022820,-0.022810,3.141593
28185.0,-0.015362,-0.002501,-0.040241,-0.040335,0.261544,-0.000043,-0.003039,-0.022543,-0.023257,3.141593
28190.0,-0.015371,-0.001074,-0.040422,-0.040335,0.261544,-0.000086,-0.003237,-0.022564,-0.023740,3.141593
28195.0,-0.015385,0.000164,-0.040599,-0.041163,0.261544,0.000014,0.000014,-0.022677,-0.022327,3.141593
28200.0,-0.008495,-0.190569,-0.031758,-0.030630,0.261927,-0.000043,0.011487,-0.023201,-0.023740,3.141593
28205.0,0.006239,-0.073323,-0.035425,-0.035506,0.261927,-0.000057,0.005583,-0.022957,-0.023740,3.141593
28210.0,0.007816,-0.018419,-0.037542,-0.037068,0.261927,0.000072,0.004863,-0.022877,-0.022327,3.141593
28215.0,0.007870,0.000521,-0.038265,-0.038773,0.261927,0.000014,-0.005612,-0.022427,-0.023740,3.141593
28220.0,0.007796,-0.014936,-0.037502,-0.037897,0.261927,0.000014,0.010503,-0.023118,-0.022327,3.141593
28225.0,0.007886,-0.013859,-0.037423,-0.037944,0.261927,0.000000,-0.000680,-0.022641,-0.022810,3.141593
28230.0,0.007748,0.001202,-0.038035,-0.037944,0.261927,0.000072,-0.008639,-0.022251,-0.022810,3.141593
28235.0,-0.010961,0.128684,-0.045325,-0.045992,0.261544,0.000000,-0.014440,-0.021989,-0.021880,3.141593
28240.0,-0.014997,0.014544,-0.040821,-0.040335,0.261544,-0.000072,0.012053,-0.023195,-0.023257,3.141593
28245.0,-0.015387,0.009960,-0.040809,-0.041163,0.261544,-0.000086,-0.001612,-0.022620,-0.022327,3.141593
28250.0,-0.015487,0.007965,-0.040895,-0.041163,0.261544,-0.000014,-0.008601,-0.022318,-0.021880,3.141593
28255.0,-0.015337,0.007075,-0.040939,-0.041163,0.261544,0.000129,-0.026414,-0.021484,-0.020949,3.141593
28260.0,-0.015323,0.008537,-0.041098,-0.040335,0.261544,0.000057,0.011676,-0.023158,-0.023740,3.141593
28265.0,-0.008422,-0.207193,-0.031142,-0.030677,0.261927,-0.000029,0.011323,-0.023157,-0.022810,3.141593
28270.0,0.006164,-0.064403,-0.035968,-0.035506,0.261927,0.000086,-0.010529,-0.022140,-0.021397,3.141593
28275.0,0.007777,-0.011390,-0.038014,-0.037897,0.261927,0.000029,-0.003721,-0.022458,-0.023740,3.141593
28280.0,0.007930,-0.017596,-0.037591,-0.036287,0.261927,-0.000143,0.009981,-0.023112,-0.023740,3.141593
28285.0,0.007832,-0.009137,-0.037888,-0.037897,0.261927,-0.000086,0.002666,-0.022796,-0.022327,3.141593
28290.0,0.007859,-0.009522,-0.037765,-0.037944,0.261927,0.000057,-0.018149,-0.021855,-0.019536,3.141593
28295.0,0.007850,-0.007215,-0.037768,-0.037897,0.261927,0.000043,-0.015800,-0.021967,-0.022810,3.141593
28300.0,0.000862,0.197996,-0.047313,-0.046774,0.261544,0.000014,-0.008905,-0.022255,-0.020913,3.141593
28305.0,-0.013778,0.068487,-0.043143,-0.043600,0.261544,-0.000086,0.018882,-0.023551,-0.026084,3.141593
28310.0,-0.015310,0.018901,-0.041260,-0.041118,0.261544,0.000086,-0.002433,-0.022524,-0.023740,3.141593
28315.0,-0.015451,0.018034,-0.041393,-0.041990,0.261544,-0.000057,0.005691,-0.022908,-0.022327,3.141593
28320.0,-0.015373,0.003359,-0.040847,-0.041118,0.261544,-0.000086,-0.002103,-0.022592,-0.022327,3.141593
28325.0,-0.015272,0.005786,-0.041024,-0.040335,0.261544,-0.000072,-0.004201,-0.022525,-0.022810,3.141593
28330.0,-0.015310,-0.008065,-0.040526,-0.040335,0.261544,0.000157,-0.014339,-0.022000,-0.021397,3.141593
28335.0,-0.015280,0.005183,-0.041199,-0.041163,0.261544,-0.000086,0.010681,-0.023166,-0.022327,3.141593
28340.0,-0.015249,-0.004373,-0.040848,-0.041116,0.261927,0.000014,0.018777,-0.023511,-0.023740,3.141593
28345.0,0.005229,-0.095186,-0.034927,-0.034725,0.261927,0.000029,-0.015488,-0.021990,-0.022810,3.141593
28350.0,0.007709,-0.028137,-0.037495,-0.037116,0.261927,0.000086,-0.014840,-0.021976,-0.021844,3.141593
28355.0,0.007875,-0.007956,-0.038255,-0.037944,0.261927,-0.000029,-0.010111,-0.022215,-0.021397,3.141593
28360.0,0.007870,-0.008890,-0.038113,-0.037944,0.261927,0.000014,-0.022845,-0.021648,-0.021844,3.141593
28365.0,0.007862,-0.017803,-0.037615,-0.037944,0.261927,-0.000014,0.010807,-0.023144,-0.023740,3.141593
28370.0,0.007743,0.000238,-0.038355,-0.038725,0.261927,0.000100,-0.010256,-0.022153,-0.022327,3.141593
28375.0,-0.004492,0.205438,-0.048365,-0.047647,0.261544,-0.000043,0.005419,-0.022876,-0.022810,3.141593
28380.0,-0.014364,0.042187,-0.042269,-0.042727,0.261544,0.000043,-0.004553,-0.022418,-0.022810,3.141593
28385.0,-0.015401,0.027085,-0.041874,-0.041945,0.261544,-0.000014,0.003612,-0.022784,-0.023740,3.141593
28390.0,-0.015423,0.002694,-0.040944,-0.041163,0.261544,0.000157,0.010141,-0.022991,-0.023257,3.141593
28395.0,-0.015403,0.005830,-0.041201,-0.041118,0.261544,-0.000086,0.012054,-0.023144,-0.023740,3.141593
28400.0,-0.015312,-0.004081,-0.040853,-0.040335,0.261544,-0.000043,0.002521,-0.022735,-0.022327,3.141593
28405.0,-0.015308,-0.000635,-0.041102,-0.041163,0.261544,-0.000029,-0.015577,-0.021949,-0.021880,3.141593
28410.0,-0.003079,-0.210946,-0.030895,-0.032239,0.261927,-0.000143,0.012048,-0.023236,-0.022774,3.141593
28415.0,0.006934,-0.045139,-0.037066,-0.037116,0.261927,0.000114,-0.023951,-0.021593,-0.020466,3.141593
28420.0,0.007837,-0.013363,-0.038246,-0.037944,0.261927,-0.000029,0.009444,-0.023100,-0.022327,3.141593
28425.0,0.007918,-0.014504,-0.038068,-0.037944,0.261927,-0.000014,0.002672,-0.022816,-0.022810,3.141593
28430.0,0.007913,-0.011700,-0.038076,-0.037897,0.261927,0.000143,0.010520,-0.023096,-0.022327,3.141593
28435.0,0.007841,0.010282,-0.038963,-0.039554,0.261927,0.000057,0.003168,-0.022778,-0.022810,3.141593
28440.0,0.007741,-0.008641,-0.038066,-0.037068,0.261927,-0.000029,-0.005769,-0.022394,-0.021880,3.141593
28445.0,0.007694,0.006917,-0.038726,-0.038725,0.261927,-0.000043,0.010182,-0.023130,-0.022327,3.141593
28450.0,-0.010936,0.126496,-0.045653,-0.045165,0.261544,0.000057,-0.001314,-0.022600,-0.022327,3.141593
28455.0,-0.015097,0.023634,-0.041713,-0.041945,0.261544,0.000029,-0.003132,-0.022515,-0.022810,3.141593
28460.0,-0.015482,0.017710,-0.041664,-0.041118,0.261544,0.000057,-0.001123,-0.022571,-0.022810,3.141593
28465.0,-0.015321,-0.007476,-0.040642,-0.040335,0.261544,0.000014,0.006451,-0.022911,-0.023257,3.141593
28470.0,-0.015385,0.007771,-0.041451,-0.041945,0.261544,-0.000086,0.002459,-0.022779,-0.023257,3.141593
28475.0,-0.008436,-0.191417,-0.032204,-0.033068,0.261927,-0.000029,0.006575,-0.022953,-0.023257,3.141593
28480.0,0.006185,-0.058270,-0.036593,-0.036335,0.261927,-0.000086,0.017769,-0.023471,-0.024671,3.141593
28485.0,0.019972,-0.217552,-0.028274,-0.029898,0.262311,0.000014,0.008303,-0.023025,-0.023740,3.141593
28490.0,0.030017,-0.054873,-0.034129,-0.033847,0.262311,0.000057,0.023154,-0.023658,-0.023257,3.141593
28495.0,0.030926,-0.009456,-0.035743,-0.035506,0.262311,-0.000057,0.001263,-0.022745,-0.022810,3.141593
28500.0,0.024077,0.179812,-0.044357,-0.045163,0.261927,0.000086,-0.017307,-0.021882,-0.022810,3.141593
28505.0,-0.006664,0.246389,-0.050030,-0.050039,0.261544,-0.000043,0.004888,-0.022888,-0.022327,3.141593
28510.0,-0.014800,0.031981,-0.041603,-0.041118,0.261544,-0.000043,-0.002554,-0.022582,-0.022327,3.141593
28515.0,-0.015541,0.018282,-0.041287,-0.041990,0.261544,0.000057,-0.013666,-0.022064,-0.021397,3.141593
28520.0,-0.015512,0.015245,-0.041319,-0.041163,0.261544,0.000086,-0.005703,-0.022383,-0.022810,3.141593
28525.0,-0.015521,0.003773,-0.040992,-0.041118,0.261544,0.000114,0.006083,-0.022862,-0.022327,3.141593
28530.0,-0.015405,0.005390,-0.041182,-0.041163,0.261544,-0.000029,0.028749,-0.023901,-0.023257,3.141593
28535.0,-0.015439,0.019933,-0.041976,-0.041990,0.261544,-0.000057,-0.007080,-0.022354,-0.022327,3.141593
28540.0,-0.008449,-0.196358,-0.031982,-0.033115,0.261927,0.000057,-0.008535,-0.022251,-0.022327,3.141593
28545.0,0.006251,-0.072622,-0.035913,-0.035506,0.261927,-0.000114,0.024428,-0.023768,-0.023740,3.141593
28550.0,0.007755,-0.013795,-0.038239,-0.037897,0.261927,0.000043,-0.010759,-0.022184,-0.022810,3.141593
28555.0,0.007902,-0.007303,-0.038390,-0.037897,0.261927,0.000029,0.012548,-0.023195,-0.022327,3.141593
28560.0,0.007821,0.003430,-0.038801,-0.037897,0.261927,-0.000100,0.005538,-0.022938,-0.021844,3.141593
28565.0,0.007880,-0.010175,-0.038090,-0.037897,0.261927,-0.000014,-0.012790,-0.022146,-0.021880,3.141593
28570.0,0.007768,-0.008004,-0.038137,-0.038725,0.261927,0.000100,0.007062,-0.022979,-0.022327,3.141593
28575.0,0.007755,-0.008034,-0.038072,-0.037068,0.261927,-0.000157,-0.001213,-0.022699,-0.023740,3.141593
28580.0,-0.010961,0.119145,-0.045372,-0.044337,0.261544,-0.000057,-0.002774,-0.022615,-0.022327,3.141593
28585.0,-0.015087,0.023674,-0.041753,-0.041990,0.261544,0.000157,-0.022137,-0.021685,-0.022810,3.141593
28590.0,-0.015367,0.002507,-0.040985,-0.041118,0.261544,0.000014,0.007095,-0.022996,-0.022327,3.141593
28595.0,-0.015444,0.013392,-0.041622,-0.041990,0.261544,-0.000014,0.000576,-0.022730,-0.023740,3.141593
28600.0,-0.015306,0.010776,-0.041585,-0.040335,0.261544,0.000014,-0.016604,-0.021949,-0.022810,3.141593
28605.0,-0.015383,0.006163,-0.041528,-0.041945,0.261544,-0.000086,-0.002593,-0.022621,-0.022810,3.141593
28610.0,-0.003108,-0.196900,-0.031645,-0.032287,0.261927,0.000215,-0.008490,-0.022248,-0.022810,3.141593
28615.0,0.006929,-0.058218,-0.036636,-0.036335,0.261927,-0.000072,0.013887,-0.023302,-0.022774,3.141593
28620.0,0.007870,-0.008757,-0.038592,-0.038773,0.261927,-0.000029,-0.005760,-0.022431,-0.022810,3.141593
28625.0,0.007846,-0.004814,-0.038661,-0.038725,0.261927,-0.000086,0.011822,-0.023231,-0.023740,3.141593
28630.0,0.007771,0.000337,-0.038819,-0.038725,0.261927,-0.000014,-0.000623,-0.022672,-0.022327,3.141593
28635.0,0.007786,-0.008514,-0.038349,-0.038725,0.261927,0.000014,0.002705,-0.022806,-0.023740,3.141593
28640.0,0.007702,-0.004036,-0.038500,-0.038725,0.261927,0.000014,0.009952,-0.023106,-0.022810,3.141593
28645.0,0.007687,-0.000654,-0.038608,-0.038725,0.261927,0.000057,0.010602,-0.023107,-0.022327,3.141593
28650.0,0.007791,0.003272,-0.038691,-0.038725,0.261927,-0.000057,-0.008267,-0.022315,-0.022810,3.141593
28655.0,0.007793,-0.013919,-0.037858,-0.037897,0.261927,0.000100,0.007652,-0.022958,-0.021880,3.141593
28660.0,-0.010943,0.136366,-0.046158,-0.046037,0.261544,-0.000129,-0.000119,-0.022704,-0.022327,3.141593
28665.0,-0.015149,0.033333,-0.042240,-0.042773,0.261544,0.000000,-0.006154,-0.022424,-0.023257,3.141593
28670.0,-0.015448,0.017741,-0.041738,-0.041163,0.261544,0.000114,0.008355,-0.023015,-0.022327,3.141593
28675.0,-0.015414,0.005171,-0.041325,-0.041163,0.261544,0.000029,-0.024321,-0.021592,-0.021880,3.141593
28680.0,0.000774,-0.182203,-0.031727,-0.032287,0.261927,-0.000100,0.009255,-0.023116,-0.023257,3.141593
28685.0,0.007262,-0.034286,-0.037478,-0.037116,0.261927,-0.000086,0.010002,-0.023166,-0.023257,3.141593
28690.0,0.007796,-0.000141,-0.038830,-0.038725,0.261927,0.000086,-0.008270,-0.022309,-0.022810,3.141593
28695.0,0.007866,-0.006877,-0.038424,-0.037944,0.261927,-0.000114,0.001612,-0.022807,-0.023740,3.141593
28700.0,0.007827,-0.011911,-0.038123,-0.038773,0.261927,0.000014,0.004408,-0.022898,-0.023740,3.141593
28705.0,0.007761,-0.002027,-0.038493,-0.038725,0.261927,-0.000014,0.022743,-0.023715,-0.024671,3.141593
28710.0,0.007682,0.007715,-0.038886,-0.038725,0.261927,0.000000,0.013083,-0.023278,-0.021844,3.141593
28715.0,0.007764,-0.011641,-0.037960,-0.037944,0.261927,-0.000029,0.006301,-0.023000,-0.022327,3.141593
28720.0,0.007666,0.008394,-0.038834,-0.038725,0.261544,0.000029,0.016185,-0.023425,-0.023740,3.141593
28725.0,-0.012624,0.077672,-0.043752,-0.043555,0.261544,0.000072,-0.008414,-0.022312,-0.022327,3.141593
28730.0,-0.015305,0.027926,-0.042021,-0.041945,0.261544,-0.000029,0.002997,-0.022847,-0.022327,3.141593
28735.0,-0.015419,0.009590,-0.041373,-0.040335,0.261544,0.000043,-0.009238,-0.022295,-0.022810,3.141593
28740.0,-0.015417,0.010787,-0.041583,-0.041945,0.261544,-0.000057,0.018705,-0.023552,-0.023740,3.141593
28745.0,-0.015424,0.008748,-0.041635,-0.041163,0.261544,0.000114,-0.021125,-0.021737,-0.021880,3.141593
28750.0,0.003244,-0.123951,-0.034206,-0.034725,0.261927,-0.000114,0.006137,-0.022994,-0.023257,3.141593
28755.0,0.007507,-0.018171,-0.038307,-0.038773,0.261927,0.000014,0.001446,-0.022765,-0.022327,3.141593
28760.0,0.007886,-0.020185,-0.038042,-0.037897,0.261927,0.000043,-0.003067,-0.022557,-0.022327,3.141593
28765.0,0.007846,-0.014047,-0.038212,-0.038725,0.261927,0.000086,0.018180,-0.023476,-0.023740,3.141593
28770.0,0.007848,-0.003044,-0.038586,-0.037897,0.261927,0.000014,-0.004904,-0.022456,-0.022327,3.141593
28775.0,0.007846,-0.007415,-0.038312,-0.037116,0.261927,0.000014,-0.013342,-0.022076,-0.021880,3.141593
28780.0,0.007787,-0.010240,-0.038133,-0.037897,0.261927,0.000014,0.000788,-0.022694,-0.023740,3.141593
28785.0,0.007691,-0.001026,-0.038516,-0.038725,0.261927,0.000014,0.002428,-0.022751,-0.022810,3.141593
28790.0,-0.010963,0.138358,-0.046326,-0.045165,0.261544,0.000072,0.013496,-0.023208,-0.022327,3.141593
28795.0,-0.015112,0.023656,-0.041877,-0.041118,0.261544,0.000014,-0.008883,-0.022235,-0.022810,3.141593
28800.0,-0.015403,-0.004929,-0.040804,-0.041163,0.261544,-0.000057,-0.000968,-0.022600,-0.020949,3.141593
28805.0,-0.015412,0.013625,-0.041755,-0.041945,0.261544,-0.000157,0.011813,-0.023245,-0.023257,3.141593
28810.0,-0.015382,0.006412,-0.041555,-0.041163,0.261544,-0.000029,-0.002962,-0.022579,-0.022810,3.141593
28815.0,-0.015308,-0.015388,-0.040691,-0.039508,0.261544,0.000072,0.002436,-0.022784,-0.023740,3.141593
28820.0,-0.003081,-0.197400,-0.031743,-0.032287,0.261927,0.000100,-0.009489,-0.022219,-0.021880,3.141593
28825.0,0.006902,-0.047346,-0.037246,-0.037116,0.261927,0.000100,0.000396,-0.022638,-0.022327,3.141593
28830.0,0.007907,-0.011516,-0.038566,-0.038725,0.261927,-0.000114,0.020815,-0.023612,-0.023740,3.141593
28835.0,0.007955,-0.007745,-0.038589,-0.038725,0.261927,0.000086,-0.010914,-0.022158,-0.021397,3.141593
28840.0,0.007896,-0.012112,-0.038288,-0.037944,0.261927,-0.000086,0.008646,-0.023072,-0.022327,3.141593
28845.0,0.007778,-0.006087,-0.038505,-0.038725,0.261927,0.000057,-0.016799,-0.021918,-0.021880,3.141593
28850.0,0.007705,-0.000332,-0.038716,-0.037897,0.261927,-0.000014,0.002264,-0.022782,-0.021844,3.141593
28855.0,0.007685,0.000850,-0.038740,-0.038725,0.261544,-0.000029,-0.002761,-0.022576,-0.022327,3.141593
28860.0,-0.012680,0.091180,-0.044609,-0.044382,0.261544,0.000000,-0.000062,-0.022695,-0.022327,3.141593
28865.0,-0.015265,0.022687,-0.042028,-0.041945,0.261544,0.000114,-0.007232,-0.022325,-0.021880,3.141593
28870.0,-0.015433,0.014193,-0.041824,-0.041990,0.261544,-0.000086,0.033170,-0.024168,-0.023257,3.141593
28875.0,-0.015412,0.012930,-0.041898,-0.041945,0.261544,-0.000057,-0.022391,-0.021737,-0.020466,3.141593
28880.0,-0.015373,0.000457,-0.041461,-0.041945,0.261544,-0.000014,-0.001693,-0.022664,-0.022810,3.141593
28885.0,-0.015371,0.012727,-0.042115,-0.042818,0.261544,0.000114,0.012339,-0.023224,-0.023740,3.141593
28890.0,-0.003004,-0.209962,-0.031311,-0.032287,0.261927,0.000043,-0.001887,-0.022581,-0.021844,3.141593
28895.0,0.006868,-0.048782,-0.037322,-0.037068,0.261927,-0.000086,-0.008148,-0.022351,-0.023257,3.141593
28900.0,0.007841,-0.021201,-0.038310,-0.038725,0.261927,0.000100,-0.001284,-0.022591,-0.021844,3.141593
28905.0,0.007896,-0.010787,-0.038639,-0.037849,0.261927,0.000029,-0.010135,-0.022218,-0.022810,3.141593
28910.0,0.007925,-0.010794,-0.038522,-0.038773,0.261927,-0.000043,0.010460,-0.023144,-0.022810,3.141593
28915.0,0.007859,-0.006994,-0.038593,-0.038773,0.261927,0.000014,-0.017681,-0.021897,-0.021880,3.141593
28920.0,0.007714,0.009287,-0.039274,-0.039554,0.261927,0.000086,-0.005117,-0.022427,-0.023257,3.141593
28925.0,0.007743,-0.001972,-0.038714,-0.038725,0.261927,0.000014,-0.011632,-0.022136,-0.020019,3.141593
28930.0,0.007693,-0.000265,-0.038755,-0.038725,0.261927,0.000000,0.014206,-0.023296,-0.023740,3.141593
28935.0,-0.008361,0.175880,-0.047899,-0.047602,0.261544,-0.000057,0.006050,-0.022954,-0.022810,3.141593
28940.0,-0.014822,0.022722,-0.041951,-0.041945,0.261544,-0.000057,-0.007006,-0.022395,-0.023740,3.141593
28945.0,-0.015412,0.008725,-0.041554,-0.041163,0.261544,0.000014,-0.000309,-0.022651,-0.022327,3.141593
28950.0,-0.015398,0.006668,-0.041604,-0.041073,0.261544,-0.000157,0.013746,-0.023341,-0.023257,3.141593
28955.0,-0.015460,0.003091,-0.041605,-0.041944,0.261927,-0.000029,-0.003778,-0.022566,-0.022327,3.141593
28960.0,0.005071,-0.078111,-0.036172,-0.036382,0.261927,0.000114,-0.015144,-0.022016,-0.022810,3.141593
28965.0,0.007594,-0.012433,-0.038717,-0.038725,0.261927,-0.000057,0.014392,-0.023343,-0.023257,3.141593
28970.0,0.007843,-0.003607,-0.038965,-0.038678,0.261927,0.000086,0.002143,-0.022776,-0.022327,3.141593
28975.0,0.007891,-0.015131,-0.038343,-0.038773,0.261927,-0.000043,0.004903,-0.022938,-0.021880,3.141593
28980.0,0.007787,0.002655,-0.039055,-0.039554,0.261927,0.000043,0.002187,-0.022787,-0.022327,3.141593
28985.0,0.007812,-0.005447,-0.038606,-0.038725,0.261927,0.000100,-0.013562,-0.022061,-0.020949,3.141593
28990.0,0.007743,0.001903,-0.038879,-0.038725,0.261927,0.000043,-0.006775,-0.022365,-0.022327,3.141593
28995.0,0.007668,0.004394,-0.038968,-0.038725,0.261927,-0.000086,0.003904,-0.022887,-0.024223,3.141593
29000.0,0.007750,-0.005805,-0.038453,-0.038773,0.261927,0.000014,0.015093,-0.023361,-0.023740,3.141593
29005.0,0.007761,-0.000656,-0.038612,-0.038725,0.261927,-0.000086,0.002642,-0.022842,-0.023740,3.141593
29010.0,0.007600,0.000214,-0.038662,-0.039601,0.261927,0.000100,-0.002122,-0.022555,-0.022810,3.141593
29015.0,-0.004594,0.227200,-0.049656,-0.048384,0.261544,-0.000114,0.034305,-0.024223,-0.024671,3.141593
29020.0,-0.014498,0.042090,-0.042659,-0.042727,0.261544,0.000014,-0.007740,-0.022351,-0.021844,3.141593
29025.0,-0.015376,0.005876,-0.041309,-0.041990,0.261544,0.000014,-0.010560,-0.022230,-0.022327,3.141593
29030.0,-0.015464,0.014445,-0.041854,-0.041118,0.261544,-0.000086,0.009638,-0.023155,-0.023257,3.141593
29035.0,-0.015505,0.003963,-0.041574,-0.041944,0.261927,0.000000,0.007404,-0.023040,-0.023740,3.141593
29040.0,0.005010,-0.086030,-0.035776,-0.036335,0.261927,0.000086,0.008297,-0.023043,-0.022327,3.141593
29045.0,0.026304,-0.154126,-0.030672,-0.030678,0.262311,0.000029,-0.007047,-0.022374,-0.022810,3.141593
29050.0,0.030690,-0.026718,-0.035487,-0.035506,0.262311,0.000057,-0.004181,-0.022474,-0.023740,3.141593
29055.0,0.030937,-0.009387,-0.035944,-0.035506,0.262311,-0.000029,0.000403,-0.022674,-0.021880,3.141593
29060.0,0.030940,-0.022837,-0.035083,-0.034677,0.261927,0.000057,0.008881,-0.023028,-0.022810,3.141593
29065.0,-0.005676,0.268934,-0.051121,-0.050867,0.261544,0.000029,-0.012001,-0.022105,-0.022810,3.141593
29070.0,-0.014745,0.040232,-0.042176,-0.041945,0.261544,-0.000100,0.010501,-0.023142,-0.023740,3.141593
29075.0,-0.015482,0.012418,-0.041221,-0.041163,0.261544,0.000043,-0.011668,-0.022123,-0.021397,3.141593
29080.0,-0.015600,0.016042,-0.041605,-0.041900,0.261544,-0.000014,0.026494,-0.023822,-0.023740,3.141593
29085.0,-0.015483,-0.000047,-0.041042,-0.041163,0.261544,-0.000086,0.008267,-0.023058,-0.022810,3.141593
29090.0,-0.015489,0.008948,-0.041600,-0.041945,0.261544,0.000000,-0.002495,-0.022572,-0.022810,3.141593
29095.0,-0.015351,-0.005101,-0.041070,-0.041163,0.261544,-0.000100,0.000103,-0.022724,-0.023740,3.141593
29100.0,-0.015426,0.004521,-0.041644,-0.041944,0.261927,0.000029,0.022230,-0.023657,-0.022327,3.141593
29105.0,0.005143,-0.098132,-0.035223,-0.035506,0.261927,0.000043,-0.020263,-0.021790,-0.021880,3.141593
29110.0,0.007689,-0.011257,-0.038656,-0.037897,0.261927,-0.000043,-0.016102,-0.021994,-0.020466,3.141593
29115.0,0.007850,-0.008727,-0.038634,-0.038725,0.261927,-0.000057,-0.002348,-0.022641,-0.022810,3.141593
29120.0,0.007913,-0.014782,-0.038237,-0.038773,0.261927,-0.000014,0.007456,-0.023065,-0.023740,3.141593
29125.0,0.007773,-0.004385,-0.038632,-0.038725,0.261927,-0.000014,0.003294,-0.022877,-0.022327,3.141593
29130.0,0.007773,0.006480,-0.039043,-0.038773,0.261927,-0.000086,-0.005184,-0.022543,-0.023740,3.141593
29135.0,0.007694,-0.000315,-0.038714,-0.038725,0.261927,-0.000114,0.009864,-0.023225,-0.023740,3.141593
29140.0,0.007687,-0.007831,-0.038339,-0.038725,0.261927,0.000086,0.012172,-0.023275,-0.023257,3.141593
29145.0,0.007744,0.012766,-0.039176,-0.038725,0.261927,0.000057,0.004234,-0.022910,-0.022810,3.141593
29150.0,-0.004596,0.203861,-0.048628,-0.047602,0.261544,-0.000086,0.005925,-0.023025,-0.024223,3.141593
29155.0,-0.014437,0.037852,-0.042440,-0.042773,0.261544,0.000072,-0.002675,-0.022579,-0.022810,3.141593
29160.0,-0.015398,0.021260,-0.041972,-0.041945,0.261544,-0.000114,0.006875,-0.023058,-0.023740,3.141593
29165.0,-0.015450,0.010065,-0.041639,-0.041990,0.261544,-0.000057,-0.001542,-0.022698,-0.023740,3.141593
29170.0,-0.008553,-0.192342,-0.032300,-0.032287,0.261927,0.000029,0.001438,-0.022808,-0.022327,3.141593
29175.0,0.006106,-0.065771,-0.036426,-0.036287,0.261927,0.000014,0.002706,-0.022869,-0.022810,3.141593
29180.0,0.007689,-0.016505,-0.038339,-0.038773,0.261927,0.000143,0.016024,-0.023404,-0.021844,3.141593
29185.0,0.007823,-0.001358,-0.038886,-0.038725,0.261927,-0.000014,-0.004503,-0.022550,-0.021844,3.141593
29190.0,0.007830,-0.010933,-0.038374,-0.037944,0.261927,0.000057,-0.009037,-0.022336,-0.022810,3.141593
29195.0,0.007871,-0.001812,-0.038671,-0.037944,0.261927,0.000072,-0.008053,-0.022351,-0.022810,3.141593
29200.0,0.007757,0.006030,-0.038976,-0.037897,0.261927,0.000000,0.001064,-0.022750,-0.022810,3.141593
29205.0,0.007728,-0.001983,-0.038583,-0.038678,0.261927,-0.000014,-0.000381,-0.022689,-0.021880,3.141593
29210.0,0.007748,0.005679,-0.038860,-0.038773,0.261927,0.000029,-0.005036,-0.022487,-0.020949,3.141593
29215.0,0.007714,-0.002450,-0.038459,-0.038725,0.261927,0.000000,-0.000533,-0.022697,-0.022327,3.141593
29220.0,-0.008318,0.181147,-0.047914,-0.046774,0.261544,-0.000114,0.009738,-0.023192,-0.023293,3.141593
29225.0,-0.014958,0.029047,-0.042094,-0.042773,0.261544,-0.000086,-0.004515,-0.022571,-0.021880,3.141593
29230.0,-0.015396,0.003043,-0.041138,-0.040335,0.261544,-0.000057,0.000794,-0.022822,-0.022327,3.141593
29235.0,-0.015471,0.014863,-0.041837,-0.041073,0.261544,0.000286,-0.020215,-0.021762,-0.021880,3.141593
29240.0,-0.015367,-0.001701,-0.041228,-0.040290,0.261544,0.000029,-0.001688,-0.022608,-0.022810,3.141593
29245.0,-0.015308,-0.003500,-0.041253,-0.041163,0.261544,0.000072,-0.006693,-0.022355,-0.021880,3.141593
29250.0,-0.008479,-0.194712,-0.032398,-0.032287,0.261927,-0.000072,0.014859,-0.023360,-0.023740,3.141593
29255.0,0.006207,-0.066096,-0.036572,-0.036239,0.261927,-0.000014,-0.000713,-0.022662,-0.023740,3.141593
29260.0,0.007821,-0.025257,-0.038064,-0.037944,0.261927,0.000014,0.008529,-0.023053,-0.022810,3.141593
29265.0,0.007961,-0.017761,-0.038237,-0.038725,0.261927,0.000100,-0.020095,-0.021758,-0.021880,3.141593
29270.0,0.007782,0.008725,-0.039339,-0.038725,0.261927,-0.000072,0.003025,-0.022830,-0.023257,3.141593
29275.0,0.007784,-0.010273,-0.038437,-0.038678,0.261927,0.000014,-0.019797,-0.021799,-0.021880,3.141593
29280.0,0.007791,0.001344,-0.038865,-0.038725,0.261927,0.000100,-0.008111,-0.022272,-0.022810,3.141593
29285.0,0.007725,-0.000984,-0.038718,-0.038725,0.261927,-0.000114,0.008558,-0.023068,-0.022810,3.141593
29290.0,0.007673,-0.005212,-0.038499,-0.037943,0.261544,-0.000043,0.005411,-0.022931,-0.022810,3.141593
29295.0,-0.012764,0.099034,-0.045031,-0.045210,0.261544,0.000000,-0.004155,-0.022505,-0.023740,3.141593
29300.0,-0.015219,0.022206,-0.042045,-0.041945,0.261544,-0.000029,0.033921,-0.024193,-0.024671,3.141593
29305.0,-0.015412,0.019383,-0.042092,-0.042773,0.261544,-0.000086,0.001471,-0.022779,-0.022327,3.141593
29310.0,-0.015387,0.014492,-0.041993,-0.041945,0.261544,-0.000114,0.007462,-0.023086,-0.023740,3.141593
29315.0,-0.008503,-0.184947,-0.032778,-0.031411,0.261927,0.000086,0.012702,-0.023262,-0.023740,3.141593
29320.0,0.006180,-0.065521,-0.036577,-0.036287,0.261927,-0.000086,-0.012144,-0.022245,-0.022810,3.141593
29325.0,0.007812,-0.022032,-0.038197,-0.037897,0.261927,0.000043,-0.010679,-0.022278,-0.023293,3.141593
29330.0,0.007887,-0.011509,-0.038540,-0.037897,0.261927,0.000057,-0.003984,-0.022539,-0.022327,3.141593
29335.0,0.007768,0.000525,-0.039018,-0.038725,0.261927,0.000014,-0.000030,-0.022724,-0.022327,3.141593
29340.0,0.007868,-0.012392,-0.038333,-0.037944,0.261927,-0.000014,0.002649,-0.022862,-0.023740,3.141593
29345.0,0.007739,0.000694,-0.038872,-0.039554,0.261927,-0.000014,-0.001497,-0.022683,-0.021844,3.141593
29350.0,0.007673,0.000478,-0.038825,-0.038725,0.261927,0.000014,-0.008461,-0.022384,-0.020949,3.141593
29355.0,0.007693,0.009892,-0.039199,-0.039601,0.261927,0.000014,-0.017293,-0.022007,-0.022810,3.141593
29360.0,0.007714,-0.004961,-0.038485,-0.038725,0.261927,-0.000029,-0.007566,-0.022441,-0.023740,3.141593
29365.0,0.007768,-0.003543,-0.038471,-0.038725,0.261927,0.000057,-0.001314,-0.022671,-0.022810,3.141593
29370.0,0.007752,-0.002150,-0.038471,-0.037944,0.261927,0.000014,-0.003213,-0.022584,-0.021880,3.141593
29375.0,0.007616,0.006858,-0.038880,-0.038725,0.261927,-0.000086,0.006244,-0.023039,-0.022327,3.141593
29380.0,0.007657,0.000486,-0.038569,-0.038725,0.261927,-0.000014,-0.011024,-0.022294,-0.022810,3.141593
29385.0,0.007612,0.005287,-0.038775,-0.038725,0.261927,0.000000,0.006632,-0.023068,-0.022810,3.141593
29390.0,0.007716,-0.005087,-0.038259,-0.038725,0.261927,-0.000014,0.000970,-0.022829,-0.023740,3.141593
29395.0,0.007732,0.001714,-0.038506,-0.037944,0.261927,0.000014,0.004902,-0.022986,-0.022810,3.141593
29400.0,0.007596,0.001911,-0.038535,-0.038725,0.261927,0.000086,0.009940,-0.023178,-0.023257,3.141593
29405.0,0.007718,0.001379,-0.038453,-0.037944,0.261927,-0.000014,0.007547,-0.023103,-0.023257,3.141593
29410.0,0.007653,-0.013622,-0.037781,-0.037068,0.261927,0.000000,-0.003741,-0.022603,-0.022810,3.141593
29415.0,0.007680,-0.002993,-0.038219,-0.038773,0.261927,-0.000072,-0.007548,-0.022457,-0.023740,3.141593
29420.0,0.007610,0.004324,-0.038538,-0.038725,0.261927,0.000014,-0.003635,-0.022601,-0.021880,3.141593
29425.0,0.007598,0.010234,-0.038787,-0.038725,0.261927,-0.000057,0.015858,-0.023479,-0.023740,3.141593
29430.0,0.007714,0.000819,-0.038316,-0.037068,0.261927,0.000043,0.005688,-0.023003,-0.024223,3.141593
29435.0,0.007714,-0.007863,-0.037893,-0.037944,0.261927,-0.000014,0.012927,-0.023327,-0.022327,3.141593
29440.0,0.007592,0.006490,-0.038537,-0.038725,0.261927,-0.000014,0.007448,-0.023100,-0.023257,3.141593
29445.0,0.007698,0.007159,-0.038510,-0.038773,0.261927,-0.000157,0.012845,-0.023416,-0.022327,3.141593
29450.0,0.007634,0.007364,-0.038502,-0.038725,0.261927,-0.000057,-0.002166,-0.022772,-0.022810,3.141593
29455.0,0.007609,0.016321,-0.038887,-0.038725,0.261927,0.000186,-0.021313,-0.021836,-0.022810,3.141593
29460.0,0.007673,0.010504,-0.038600,-0.037897,0.261927,0.000014,0.001912,-0.022861,-0.022810,3.141593
29465.0,0.007562,0.000423,-0.038189,-0.038773,0.261927,0.000086,0.006803,-0.023056,-0.023257,3.141593
29470.0,0.007664,0.003491,-0.038267,-0.038725,0.261927,0.000043,-0.006212,-0.022461,-0.022810,3.141593
29475.0,0.007669,0.004822,-0.038292,-0.037944,0.261927,0.000114,-0.009412,-0.022264,-0.021880,3.141593
29480.0,0.007591,0.005870,-0.038346,-0.038773,0.261927,-0.000043,0.009339,-0.023120,-0.023740,3.141593
29485.0,0.007646,0.003425,-0.038201,-0.038773,0.261927,-0.000100,0.001303,-0.022792,-0.023740,3.141593
29490.0,0.007664,0.012822,-0.038588,-0.038773,0.261927,0.000114,0.005665,-0.022904,-0.022327,3.141593
29495.0,0.007657,0.008416,-0.038364,-0.037897,0.261927,-0.000057,0.006154,-0.022983,-0.022327,3.141593
29500.0,0.007675,0.000141,-0.037975,-0.037944,0.261927,-0.000014,-0.012418,-0.022168,-0.022810,3.141593
29505.0,0.007651,0.003504,-0.038107,-0.037944,0.261927,0.000014,-0.001255,-0.022631,-0.022327,3.141593
29510.0,0.007662,0.004048,-0.038107,-0.037944,0.261927,-0.000043,-0.009329,-0.022305,-0.020502,3.141593
29515.0,0.007659,-0.008953,-0.037510,-0.037944,0.261927,-0.000086,0.010578,-0.023251,-0.024187,3.141593
29520.0,0.007671,0.017639,-0.038645,-0.038773,0.261927,-0.000057,0.012518,-0.023347,-0.022810,3.141593
29525.0,0.007562,0.013445,-0.038480,-0.037944,0.261927,0.000114,-0.013122,-0.022170,-0.020913,3.141593
29530.0,0.007659,0.004355,-0.038044,-0.037944,0.261927,-0.000186,0.033670,-0.024333,-0.024671,3.141593
29535.0,0.007689,-0.004061,-0.037637,-0.037897,0.261927,0.000043,0.002504,-0.022924,-0.023740,3.141593
29540.0,0.007558,0.013454,-0.038427,-0.038725,0.261927,0.000057,0.009307,-0.023193,-0.024671,3.141593
29545.0,0.007587,-0.000416,-0.037802,-0.037897,0.261927,0.000100,-0.010759,-0.022263,-0.020913,3.141593
29550.0,0.007705,-0.001668,-0.037687,-0.037068,0.261927,-0.000014,-0.009451,-0.022339,-0.022810,3.141593
29555.0,0.007675,0.008398,-0.038113,-0.037897,0.261927,0.000043,0.007853,-0.023067,-0.022327,3.141593
29560.0,0.007619,0.004201,-0.037924,-0.037897,0.261927,-0.000100,0.003403,-0.022931,-0.023740,3.141593
29565.0,0.007689,-0.001765,-0.037616,-0.037944,0.261927,0.000014,-0.004388,-0.022546,-0.023740,3.141593
29570.0,0.007728,0.007576,-0.037971,-0.037116,0.261927,0.000129,0.001712,-0.022748,-0.023257,3.141593
29575.0,0.007587,0.009069,-0.038069,-0.037116,0.261927,0.000072,-0.006487,-0.022370,-0.022810,3.141593
29580.0,0.000844,0.185423,-0.046336,-0.046820,0.261544,-0.000086,0.008900,-0.023111,-0.022327,3.141593
29585.0,-0.013803,0.073038,-0.042920,-0.042773,0.261544,0.000043,-0.005234,-0.022462,-0.022810,3.141593
29590.0,-0.015380,0.023643,-0.041093,-0.040335,0.261544,-0.000057,0.003498,-0.022872,-0.023257,3.141593
29595.0,-0.015494,0.006878,-0.040541,-0.041163,0.261544,0.000143,-0.022794,-0.021643,-0.021880,3.141593
29600.0,-0.015435,0.014308,-0.040999,-0.041118,0.261544,-0.000172,0.006921,-0.023050,-0.023740,3.141593
29605.0,-0.015358,-0.002588,-0.040356,-0.041118,0.261544,-0.000086,0.003995,-0.022923,-0.021880,3.141593
29610.0,0.003449,-0.130651,-0.033040,-0.034773,0.261927,0.000014,-0.017868,-0.021959,-0.022810,3.141593
29615.0,0.007530,-0.020959,-0.037317,-0.037068,0.261927,-0.000014,-0.002597,-0.022624,-0.022327,3.141593
29620.0,0.007809,-0.013749,-0.037516,-0.037944,0.261927,0.000057,-0.025735,-0.021570,-0.021397,3.141593
29625.0,0.007846,-0.010290,-0.037563,-0.037897,0.261927,0.000014,0.003986,-0.022886,-0.023257,3.141593
29630.0,0.007752,0.007496,-0.038291,-0.037068,0.261927,-0.000043,0.013046,-0.023286,-0.023740,3.141593
29635.0,0.007714,0.007069,-0.038242,-0.037944,0.261927,-0.000029,-0.003697,-0.022550,-0.022327,3.141593
29640.0,-0.008365,0.157353,-0.046245,-0.045165,0.261544,-0.000057,-0.000090,-0.022729,-0.022810,3.141593
29645.0,-0.014850,0.029361,-0.041417,-0.041118,0.261544,0.000029,0.006649,-0.022999,-0.022327,3.141593
29650.0,-0.015364,0.015086,-0.040980,-0.041163,0.261544,0.000072,-0.001399,-0.022626,-0.022327,3.141593
29655.0,-0.015405,0.003642,-0.040609,-0.040335,0.261544,-0.000014,-0.008907,-0.022309,-0.023740,3.141593
29660.0,-0.015253,-0.006994,-0.040207,-0.039553,0.261544,-0.000014,0.016292,-0.023405,-0.023740,3.141593
29665.0,-0.015373,0.005494,-0.040907,-0.041118,0.261544,0.000114,-0.001671,-0.022550,-0.022327,3.141593
29670.0,-0.003067,-0.205435,-0.030657,-0.030677,0.261927,-0.000057,-0.005899,-0.022402,-0.023740,3.141593
29675.0,0.006879,-0.046864,-0.036550,-0.037163,0.261927,-0.000072,0.012240,-0.023208,-0.023257,3.141593
29680.0,0.007830,-0.004904,-0.038173,-0.037116,0.261927,-0.000100,-0.007269,-0.022392,-0.024223,3.141593
29685.0,0.007871,-0.012491,-0.037727,-0.037944,0.261927,-0.000057,0.001802,-0.022771,-0.023740,3.141593
29690.0,0.007913,-0.011793,-0.037630,-0.037944,0.261927,0.000057,0.004967,-0.022873,-0.022327,3.141593
29695.0,0.007761,-0.008969,-0.037699,-0.037944,0.261927,0.000086,-0.007450,-0.022308,-0.022810,3.141593
29700.0,0.000892,0.194653,-0.047146,-0.047557,0.261544,0.000014,0.005103,-0.022856,-0.022327,3.141593
29705.0,-0.013760,0.066218,-0.043008,-0.043555,0.261544,-0.000072,0.012189,-0.023214,-0.022327,3.141593
29710.0,-0.015337,0.015189,-0.041081,-0.041118,0.261544,0.000043,-0.010760,-0.022177,-0.020466,3.141593
29715.0,-0.015453,0.013849,-0.041183,-0.041163,0.261544,-0.000072,0.002511,-0.022812,-0.023740,3.141593
29720.0,-0.015292,-0.002343,-0.040548,-0.040335,0.261544,0.000043,0.013026,-0.023234,-0.021397,3.141593
29725.0,-0.015335,-0.004882,-0.040556,-0.040290,0.261544,-0.000014,-0.013942,-0.022082,-0.022810,3.141593
29730.0,-0.015298,-0.006092,-0.040592,-0.041163,0.261544,-0.000029,0.010355,-0.023157,-0.023740,3.141593
29735.0,-0.015262,-0.003226,-0.040783,-0.041163,0.261544,-0.000114,-0.001618,-0.022666,-0.021880,3.141593
29740.0,0.003421,-0.127545,-0.033661,-0.033896,0.261927,-0.000014,0.002277,-0.022817,-0.023740,3.141593
29745.0,0.007641,-0.028687,-0.037428,-0.037944,0.261927,-0.000029,-0.000374,-0.022699,-0.021880,3.141593
29750.0,0.007905,-0.010291,-0.038077,-0.037897,0.261927,-0.000143,0.005562,-0.023024,-0.023740,3.141593
29755.0,0.007809,-0.001297,-0.038401,-0.037897,0.261927,0.000057,0.009333,-0.023136,-0.022327,3.141593
29760.0,0.007811,-0.003649,-0.038215,-0.037992,0.261927,-0.000086,-0.004354,-0.022577,-0.023740,3.141593
29765.0,0.007836,-0.017885,-0.037495,-0.037068,0.261927,0.000014,0.014629,-0.023389,-0.022810,3.141593
29770.0,0.007769,-0.004253,-0.038041,-0.037897,0.261927,0.000014,-0.006455,-0.022463,-0.022327,3.141593
29775.0,0.007702,-0.004694,-0.037985,-0.038725,0.261927,0.000029,0.004858,-0.022953,-0.022327,3.141593
29780.0,-0.004415,0.199966,-0.047927,-0.045992,0.261544,0.000000,-0.010280,-0.022306,-0.022810,3.141593
29785.0,-0.014405,0.045994,-0.042279,-0.041945,0.261544,-0.000014,-0.015644,-0.022070,-0.022810,3.141593
29790.0,-0.015385,0.012256,-0.041061,-0.041163,0.261544,0.000114,0.004354,-0.022908,-0.022327,3.141593
29795.0,-0.015448,0.011217,-0.041170,-0.041163,0.261544,-0.000072,0.012672,-0.023336,-0.022327,3.141593
29800.0,-0.015458,0.007799,-0.041172,-0.041118,0.261544,-0.000014,-0.003252,-0.022631,-0.022810,3.141593
29805.0,-0.015333,-0.009866,-0.040480,-0.040335,0.261544,0.000086,0.000610,-0.022761,-0.022327,3.141593
29810.0,-0.003117,-0.202966,-0.031056,-0.033068,0.261927,-0.000014,-0.011220,-0.022260,-0.022810,3.141593
29815.0,0.006856,-0.046115,-0.036856,-0.036287,0.261927,0.000143,0.013453,-0.023285,-0.022810,3.141593
29820.0,0.007898,-0.023476,-0.037601,-0.037116,0.261927,0.000043,-0.008359,-0.022331,-0.021397,3.141593
29825.0,0.007875,-0.018826,-0.037704,-0.037116,0.261927,-0.000057,0.018953,-0.023571,-0.023257,3.141593
29830.0,0.007825,-0.000079,-0.038449,-0.038725,0.261927,0.000000,-0.024446,-0.021667,-0.022810,3.141593
29835.0,0.007752,0.006569,-0.038679,-0.038725,0.261927,0.000114,-0.014471,-0.022048,-0.021397,3.141593
29840.0,0.007854,-0.010372,-0.037825,-0.037944,0.261927,-0.000043,-0.007024,-0.022412,-0.023257,3.141593
29845.0,0.007748,-0.013029,-0.037654,-0.037944,0.261927,0.000043,0.017033,-0.023440,-0.023257,3.141593
29850.0,0.007744,-0.002602,-0.038053,-0.037944,0.261927,-0.000086,0.007210,-0.023051,-0.023740,3.141593
29855.0,0.007771,-0.006235,-0.037829,-0.037944,0.261927,-0.000057,-0.010432,-0.022272,-0.022810,3.141593
29860.0,-0.008263,0.168658,-0.046885,-0.046820,0.261544,0.000072,-0.010427,-0.022226,-0.022327,3.141593
29865.0,-0.014822,0.026670,-0.041448,-0.041118,0.261544,0.000029,-0.007118,-0.022366,-0.021397,3.141593
29870.0,-0.015482,0.006119,-0.040801,-0.041163,0.261544,-0.000072,-0.003768,-0.022560,-0.023740,3.141593
29875.0,-0.015489,0.009900,-0.041132,-0.041163,0.261544,0.000029,0.012036,-0.023224,-0.023257,3.141593
29880.0,-0.015387,0.000607,-0.040837,-0.041163,0.261544,0.000014,0.006509,-0.022973,-0.022810,3.141593
29885.0,0.000640,-0.175194,-0.031808,-0.032287,0.261927,0.000057,-0.016226,-0.021960,-0.020466,3.141593
29890.0,0.007271,-0.044261,-0.036796,-0.037116,0.261927,-0.000086,0.013660,-0.023323,-0.023740,3.141593
29895.0,0.007820,-0.010308,-0.038124,-0.037944,0.261927,-0.000043,0.011911,-0.023241,-0.023740,3.141593
29900.0,0.007832,-0.017412,-0.037718,-0.037897,0.261927,0.000014,-0.003477,-0.022541,-0.020466,3.141593
29905.0,0.007778,-0.008378,-0.038043,-0.038725,0.261927,-0.000043,0.009992,-0.023157,-0.023740,3.141593
29910.0,0.007682,-0.003724,-0.038220,-0.038773,0.261927,0.000086,-0.011263,-0.022169,-0.021397,3.141593
29915.0,0.007778,0.003902,-0.038459,-0.038725,0.261927,-0.000014,0.012492,-0.023238,-0.023257,3.141593
29920.0,0.007773,-0.014124,-0.037594,-0.037116,0.261927,0.000000,-0.001679,-0.022603,-0.022810,3.141593
29925.0,-0.008345,0.172993,-0.047224,-0.046774,0.261544,-0.000014,0.005905,-0.022947,-0.022327,3.141593
29930.0,-0.014884,0.037234,-0.042081,-0.041945,0.261544,-0.000057,-0.011483,-0.022192,-0.022810,3.141593
29935.0,-0.015466,0.013925,-0.041284,-0.041990,0.261544,-0.000029,-0.007329,-0.022382,-0.020949,3.141593
29940.0,-0.015444,0.004145,-0.040998,-0.040335,0.261544,-0.000157,0.027343,-0.023991,-0.025601,3.141593
29945.0,-0.015439,0.003640,-0.041127,-0.041163,0.261544,0.000014,0.007159,-0.023054,-0.022810,3.141593
29950.0,-0.015296,0.003694,-0.041207,-0.041118,0.261544,0.000057,-0.002273,-0.022608,-0.022327,3.141593
29955.0,0.000724,-0.169818,-0.032246,-0.032287,0.261927,-0.000086,0.007795,-0.023094,-0.023740,3.141593
29960.0,0.007283,-0.038526,-0.037244,-0.037116,0.261927,0.000043,-0.010243,-0.022265,-0.021880,3.141593
29965.0,0.007936,-0.026181,-0.037566,-0.037944,0.261927,-0.000014,0.009691,-0.023155,-0.023740,3.141593
29970.0,0.007889,-0.000096,-0.038602,-0.038725,0.261927,-0.000057,0.020195,-0.023640,-0.023257,3.141593
29975.0,0.007875,-0.009420,-0.038078,-0.037944,0.261927,0.000014,-0.001191,-0.022695,-0.022810,3.141593
29980.0,0.007766,0.005256,-0.038679,-0.038773,0.261927,0.000100,-0.009509,-0.022284,-0.022327,3.141593
29985.0,0.007823,-0.002333,-0.038250,-0.037897,0.261927,0.000072,-0.007396,-0.022354,-0.021880,3.141593
29990.0,0.007725,-0.000513,-0.038299,-0.037897,0.261927,0.000043,-0.000714,-0.022646,-0.022327,3.141593
29995.0,-0.004540,0.200932,-0.048172,-0.047647,0.261544,0.000086,-0.012097,-0.022103,-0.021397,3.141593
30000.0,-0.014461,0.045929,-0.042478,-0.042727,0.261544,0.000057,0.008606,-0.023000,-0.022327,3.141593
30005.0,-0.015407,0.023041,-0.041729,-0.041118,0.261544,-0.000143,0.005090,-0.022926,-0.023257,3.141593
30010.0,-0.015433,0.008139,-0.041226,-0.041163,0.261544,-0.000014,0.011505,-0.023185,-0.021844,3.141593
30015.0,-0.015387,0.017015,-0.041747,-0.041990,0.261544,-0.000086,-0.002326,-0.022626,-0.023740,3.141593
30020.0,-0.015405,-0.003566,-0.040982,-0.041163,0.261544,0.000086,-0.000681,-0.022636,-0.022810,3.141593
30025.0,0.003455,-0.134583,-0.033528,-0.033944,0.261927,0.000129,-0.004143,-0.022435,-0.022810,3.141593
30030.0,0.007487,-0.016687,-0.038203,-0.038773,0.261927,-0.000086,0.013796,-0.023280,-0.023257,3.141593
30035.0,0.007887,-0.008504,-0.038387,-0.037897,0.261927,-0.000086,0.002426,-0.022807,-0.022327,3.141593
30040.0,0.007877,-0.002301,-0.038551,-0.038773,0.261927,-0.000043,0.004151,-0.022893,-0.023257,3.141593
30045.0,0.007845,-0.007832,-0.038207,-0.038725,0.261927,0.000057,0.017948,-0.023473,-0.025154,3.141593
30050.0,0.007832,0.004338,-0.038646,-0.038725,0.261927,-0.000014,0.013655,-0.023269,-0.022327,3.141593
30055.0,0.007709,0.001999,-0.038506,-0.038725,0.261927,0.000057,0.003234,-0.022806,-0.023257,3.141593
30060.0,0.007705,0.010091,-0.038811,-0.037944,0.261927,0.000014,0.004617,-0.022861,-0.023740,3.141593
30065.0,0.000812,0.189288,-0.047230,-0.047602,0.261544,-0.000072,-0.002703,-0.022557,-0.021880,3.141593
30070.0,-0.013753,0.055160,-0.042813,-0.042773,0.261544,-0.000086,0.012348,-0.023259,-0.023257,3.141593
30075.0,-0.015421,0.023850,-0.041793,-0.041945,0.261544,0.000072,-0.012307,-0.022122,-0.022810,3.141593
30080.0,-0.015414,0.013676,-0.041488,-0.041990,0.261544,0.000014,0.019394,-0.023510,-0.022810,3.141593
30085.0,-0.015446,0.014474,-0.041677,-0.041990,0.261544,0.000086,-0.012096,-0.022093,-0.022810,3.141593
30090.0,-0.015299,0.003260,-0.041252,-0.040335,0.261544,-0.000014,0.006478,-0.022911,-0.023257,3.141593
30095.0,-0.015360,0.003876,-0.041412,-0.041116,0.261927,-0.000057,0.005545,-0.022894,-0.022327,3.141593
30100.0,0.005168,-0.108191,-0.034591,-0.035506,0.261927,-0.000014,-0.007389,-0.022337,-0.023257,3.141593
30105.0,0.007684,-0.016915,-0.038219,-0.037897,0.261927,0.000072,-0.003891,-0.022436,-0.022810,3.141593
30110.0,0.007921,-0.024839,-0.037717,-0.037944,0.261927,-0.000172,0.044139,-0.024651,-0.024671,3.141593
30115.0,0.007871,-0.011318,-0.038207,-0.038725,0.261927,0.000029,-0.014203,-0.022037,-0.022810,3.141593
30120.0,0.007841,0.006012,-0.038870,-0.038725,0.261927,-0.000014,0.006052,-0.022939,-0.022327,3.141593
30125.0,0.007746,0.007687,-0.038897,-0.038773,0.261927,0.000086,-0.013251,-0.022057,-0.021880,3.141593
30130.0,0.007786,-0.005781,-0.038234,-0.037897,0.261927,0.000057,-0.014182,-0.022011,-0.021880,3.141593
30135.0,0.007734,0.012275,-0.038971,-0.038725,0.261927,-0.000057,-0.009231,-0.022257,-0.022810,3.141593
30140.0,0.007727,-0.000095,-0.038381,-0.037898,0.261544,-0.000014,-0.000314,-0.022661,-0.021397,3.141593
30145.0,-0.012726,0.100638,-0.044745,-0.045165,0.261544,0.000029,-0.001554,-0.022586,-0.022810,3.141593
30150.0,-0.015323,0.025864,-0.041912,-0.041990,0.261544,-0.000057,0.010826,-0.023147,-0.023257,3.141593
30155.0,-0.015442,0.011788,-0.041454,-0.041163,0.261544,0.000029,0.006766,-0.022952,-0.024671,3.141593
30160.0,-0.015387,0.005076,-0.041282,-0.041163,0.261544,0.000000,-0.006618,-0.022342,-0.022810,3.141593
30165.0,0.000819,-0.187621,-0.031430,-0.031458,0.261927,0.000014,0.002127,-0.022708,-0.022810,3.141593
30170.0,0.007256,-0.033222,-0.037476,-0.037115,0.262311,-0.000086,0.023233,-0.023672,-0.023257,3.141593
30175.0,0.028226,-0.107128,-0.032107,-0.031458,0.262311,-0.000029,0.017430,-0.023428,-0.022774,3.141593
30180.0,0.030733,-0.026828,-0.035109,-0.035506,0.262311,-0.000086,-0.005547,-0.022453,-0.022327,3.141593
30185.0,0.030949,-0.015363,-0.035303,-0.034676,0.262311,0.000086,-0.009803,-0.022222,-0.022810,3.141593
30190.0,0.018581,0.199190,-0.045589,-0.046040,0.261927,-0.000057,0.019414,-0.023538,-0.023740,3.141593
30195.0,-0.009960,0.175789,-0.047203,-0.047602,0.261544,0.000057,-0.012570,-0.022088,-0.022327,3.141593
30200.0,-0.015203,0.036980,-0.041857,-0.041945,0.261544,0.000014,-0.021083,-0.021715,-0.022810,3.141593
30205.0,-0.015557,0.015708,-0.041158,-0.041945,0.261544,-0.000057,0.016325,-0.023377,-0.022810,3.141593
30210.0,-0.015510,0.011603,-0.041139,-0.041163,0.261544,0.000029,-0.003065,-0.022518,-0.022810,3.141593
30215.0,-0.015528,0.014996,-0.041471,-0.041163,0.261544,-0.000014,-0.013132,-0.022083,-0.022810,3.141593
30220.0,-0.015398,0.002933,-0.041057,-0.041118,0.261544,0.000100,0.005191,-0.022832,-0.022327,3.141593
30225.0,-0.015421,0.015749,-0.041769,-0.042818,0.261544,-0.000029,-0.018067,-0.021843,-0.022810,3.141593
30230.0,-0.015312,0.005750,-0.041399,-0.041990,0.261544,0.000057,-0.016287,-0.021883,-0.021844,3.141593
30235.0,0.003431,-0.128948,-0.033803,-0.033896,0.261927,-0.000014,-0.014574,-0.021969,-0.021880,3.141593
30240.0,0.007571,-0.029098,-0.037647,-0.037116,0.261927,-0.000057,0.006115,-0.022905,-0.021844,3.141593
30245.0,0.007852,-0.012720,-0.038229,-0.038725,0.261927,0.000014,0.002238,-0.022735,-0.023740,3.141593
30250.0,0.007882,-0.011790,-0.038144,-0.037897,0.261927,-0.000057,0.007097,-0.022969,-0.023740,3.141593
30255.0,0.007816,-0.012018,-0.038060,-0.037944,0.261927,0.000057,-0.007832,-0.022267,-0.022810,3.141593
30260.0,0.007694,-0.000855,-0.038526,-0.038725,0.261927,-0.000086,0.021007,-0.023571,-0.022774,3.141593
30265.0,0.007773,-0.002449,-0.038378,-0.038725,0.261927,-0.000215,0.036936,-0.024384,-0.024187,3.141593
30270.0,0.007732,0.010971,-0.038912,-0.038725,0.261927,0.000114,-0.000885,-0.022642,-0.021397,3.141593
30275.0,0.007718,-0.004085,-0.038202,-0.038773,0.261927,0.000000,-0.002743,-0.022599,-0.021844,3.141593
30280.0,-0.008379,0.184507,-0.047901,-0.046774,0.261544,0.000086,0.016096,-0.023393,-0.022810,3.141593
30285.0,-0.014902,0.037217,-0.042262,-0.042773,0.261544,-0.000057,0.008374,-0.023097,-0.022327,3.141593
30290.0,-0.015439,0.017189,-0.041589,-0.041945,0.261544,0.000072,-0.013929,-0.022083,-0.021397,3.141593
30295.0,-0.015439,0.012511,-0.041522,-0.041990,0.261544,-0.000014,0.010510,-0.023185,-0.023740,3.141593
30300.0,-0.015382,-0.006973,-0.040774,-0.041163,0.261927,-0.000072,0.016613,-0.023484,-0.023257,3.141593
30305.0,0.005051,-0.089082,-0.035319,-0.035458,0.261927,0.000029,0.000243,-0.022745,-0.022327,3.141593
30310.0,0.026334,-0.152476,-0.030420,-0.029898,0.262311,-0.000043,-0.008260,-0.022390,-0.022327,3.141593
30315.0,0.030606,-0.031336,-0.035031,-0.034676,0.262311,-0.000029,-0.003637,-0.022605,-0.021880,3.141593
30320.0,0.030988,-0.026475,-0.034901,-0.034626,0.262311,-0.000057,0.004401,-0.022996,-0.023740,3.141593
30325.0,0.018733,0.188272,-0.045123,-0.043554,0.261927,0.000215,-0.020601,-0.021775,-0.021397,3.141593
30330.0,0.001842,0.239138,-0.048872,-0.050039,0.261544,-0.000114,0.002281,-0.022869,-0.022810,3.141593
30335.0,-0.013806,0.064212,-0.042836,-0.042727,0.261544,0.000057,-0.014220,-0.022102,-0.021880,3.141593
30340.0,-0.015401,0.026776,-0.041544,-0.041163,0.261544,0.000086,0.005889,-0.022960,-0.022327,3.141593
30345.0,-0.015584,0.019166,-0.041438,-0.041118,0.261544,0.000057,-0.004731,-0.022481,-0.022810,3.141593
30350.0,-0.015521,0.006985,-0.041068,-0.041990,0.261544,0.000114,-0.010548,-0.022169,-0.021397,3.141593
30355.0,-0.015419,0.005514,-0.041130,-0.041163,0.261544,0.000043,-0.012635,-0.022097,-0.022810,3.141593
30360.0,-0.015405,0.006840,-0.041320,-0.041208,0.261544,-0.000129,-0.003494,-0.022567,-0.023740,3.141593
30365.0,0.000697,-0.172779,-0.032093,-0.032287,0.261927,-0.000057,-0.000948,-0.022665,-0.021844,3.141593
30370.0,0.007228,-0.034137,-0.037442,-0.036239,0.261927,0.000100,0.002667,-0.022784,-0.022327,3.141593
30375.0,0.007879,-0.017655,-0.037977,-0.037116,0.261927,-0.000086,-0.011125,-0.022236,-0.022810,3.141593
30380.0,0.007871,-0.014007,-0.038038,-0.038725,0.261927,0.000000,-0.003216,-0.022574,-0.022810,3.141593
30385.0,0.007879,-0.004297,-0.038350,-0.037944,0.261927,0.000072,-0.005868,-0.022422,-0.021397,3.141593
30390.0,0.007777,0.003583,-0.038644,-0.038773,0.261927,0.000043,0.014163,-0.023306,-0.023257,3.141593
30395.0,0.007802,-0.015192,-0.037735,-0.037116,0.261927,0.000043,-0.003320,-0.022532,-0.022810,3.141593
30400.0,0.007719,-0.007922,-0.038024,-0.038773,0.261927,-0.000014,0.002132,-0.022775,-0.023740,3.141593
30405.0,0.007752,0.000867,-0.038343,-0.037944,0.261927,0.000114,-0.016191,-0.021887,-0.022810,3.141593
30410.0,0.007744,0.008654,-0.038639,-0.037853,0.261544,-0.000057,0.029815,-0.023959,-0.022810,3.141593
30415.0,-0.012735,0.091222,-0.044206,-0.044382,0.261544,-0.000057,0.005630,-0.022943,-0.024223,3.141593
30420.0,-0.015260,0.024879,-0.041712,-0.041990,0.261544,0.000014,0.010702,-0.023144,-0.022327,3.141593
30425.0,-0.015546,0.016601,-0.041570,-0.041118,0.261544,0.000014,-0.003104,-0.022550,-0.022810,3.141593
30430.0,-0.015401,0.001174,-0.041008,-0.041163,0.261544,0.000086,0.003061,-0.022792,-0.023740,3.141593
30435.0,-0.015332,0.001265,-0.041110,-0.041163,0.261544,0.000114,-0.006960,-0.022295,-0.022810,3.141593
30440.0,0.000812,-0.184035,-0.031589,-0.032287,0.261927,-0.000100,0.001064,-0.022704,-0.022810,3.141593
30445.0,0.007238,-0.023265,-0.037913,-0.037944,0.261927,-0.000014,0.005956,-0.022911,-0.023257,3.141593
30450.0,0.007818,-0.017037,-0.038016,-0.038773,0.261927,-0.000014,-0.008818,-0.022244,-0.020949,3.141593
30455.0,0.007832,0.004421,-0.038855,-0.039554,0.261927,-0.000014,-0.013004,-0.022077,-0.022810,3.141593
30460.0,0.007786,0.001394,-0.038646,-0.037944,0.261927,0.000014,-0.006252,-0.022363,-0.020430,3.141593
30465.0,0.007727,0.007703,-0.038879,-0.039554,0.261927,-0.000014,-0.021419,-0.021736,-0.022810,3.141593
30470.0,0.007812,-0.007264,-0.038113,-0.038725,0.261927,0.000029,0.000906,-0.022686,-0.022327,3.141593
30475.0,0.007739,0.003356,-0.038533,-0.037897,0.261927,0.000043,-0.006925,-0.022325,-0.022810,3.141593
30480.0,0.007784,-0.012115,-0.037780,-0.037116,0.261927,-0.000029,-0.008254,-0.022287,-0.022810,3.141593
30485.0,-0.004522,0.184839,-0.047463,-0.045947,0.261544,-0.000086,0.004341,-0.022860,-0.023257,3.141593
30490.0,-0.014395,0.052582,-0.042756,-0.042727,0.261544,0.000014,0.001342,-0.022713,-0.022327,3.141593
30495.0,-0.015364,0.016275,-0.041409,-0.041163,0.261544,0.000029,-0.006589,-0.022350,-0.022327,3.141593
30500.0,-0.015485,0.010173,-0.041323,-0.041163,0.261544,-0.000057,0.005438,-0.022908,-0.023740,3.141593
30505.0,-0.015528,0.010772,-0.041529,-0.041118,0.261544,0.000000,-0.004129,-0.022474,-0.022810,3.141593
